window,feature,strategy_score,pe_buy_floor,pe_buy_low,pe_buy_mid,pe_buy_high,pe_sell_warn,pe_sell_heavy,pe_sell_extreme,fed_buy_threshold,pb_veto_threshold,pb_confirm_threshold,drawdown_standard,drawdown_tight
8,PB_FED,0.007274,0.1,0.15,0.35,0.7,0.7,0.75,0.85,-0.5,0.0,0.0,0.1,0.03
8,PB_FED,0.00706,0.1,0.15,0.3,0.7,0.75,0.8,0.9,0.0,0.0,0.0,0.08,0.03
8,PB_FED,0.006983,0.1,0.15,0.35,0.7,0.7,0.75,0.9,-0.5,0.0,0.0,0.12,0.04
8,PB_FED,0.006727,0.15,0.2,0.3,0.7,0.7,0.75,0.85,0.0,0.0,0.0,0.1,0.04
8,PB_FED,0.00652,0.05,0.15,0.3,0.7,0.7,0.85,0.9,-0.5,0.0,0.0,0.1,0.03
8,PB_FED,0.006437,0.1,0.15,0.35,0.7,0.75,0.85,0.9,-0.5,0.0,0.0,0.08,0.03
8,PB_FED,0.006437,0.1,0.2,0.3,0.7,0.65,0.75,0.9,-0.5,0.0,0.0,0.06,0.04
8,PB_only,0.006397,0.1,0.15,0.3,0.7,0.65,0.75,0.85,0.0,0.0,0.0,0.06,0.03
8,PB_FED,0.006344,0.1,0.15,0.35,0.7,0.75,0.8,0.85,0.0,0.0,0.0,0.06,0.04
8,PB_only,0.006327,0.1,0.15,0.3,0.7,0.7,0.75,0.95,0.0,0.0,0.0,0.12,0.03
8,PB_FED,0.006296,0.1,0.15,0.35,0.7,0.7,0.75,0.85,-0.5,0.0,0.0,0.12,0.05
8,PB_FED,0.006205,0.1,0.15,0.45,0.7,0.7,0.75,0.9,-0.5,0.0,0.0,0.06,0.03
8,PB_FED,0.006115,0.15,0.2,0.3,0.7,0.65,0.75,0.95,0.0,0.0,0.0,0.08,0.03
8,PB_only,0.006109,0.1,0.15,0.3,0.7,0.7,0.8,0.9,0.0,0.0,0.0,0.1,0.03
8,PB_FED,0.006105,0.15,0.2,0.3,0.7,0.7,0.85,0.9,-0.5,0.0,0.0,0.06,0.03
8,PB_FED,0.006029,0.1,0.2,0.35,0.7,0.65,0.75,0.9,0.0,0.0,0.0,0.06,0.03
8,PB_only,0.005998,0.05,0.15,0.3,0.7,0.7,0.75,0.9,0.0,0.0,0.0,0.08,0.04
8,PB_FED,0.005984,0.15,0.2,0.35,0.7,0.65,0.75,0.9,-0.5,0.0,0.0,0.08,0.03
8,PB_FED,0.005863,0.05,0.2,0.3,0.7,0.65,0.75,0.85,-0.5,0.0,0.0,0.1,0.04
8,PB_FED,0.005787,0.1,0.15,0.3,0.7,0.75,0.85,0.95,-0.5,0.0,0.0,0.06,0.04
8,PB_FED,0.005755,0.05,0.15,0.4,0.7,0.7,0.8,0.85,-0.5,0.0,0.0,0.06,0.04
8,PB_only,0.005738,0.1,0.15,0.3,0.7,0.7,0.75,0.85,0.0,0.0,0.0,0.06,0.05
8,PB_FED,0.005729,0.05,0.15,0.35,0.7,0.7,0.75,0.95,0.0,0.0,0.0,0.1,0.04
8,PB_FED,0.005558,0.1,0.15,0.4,0.7,0.7,0.8,0.95,0.0,0.0,0.0,0.06,0.03
8,PB_FED,0.005502,0.1,0.15,0.35,0.7,0.75,0.85,0.95,0.0,0.0,0.0,0.12,0.03
8,PB_only,0.00548,0.05,0.2,0.3,0.7,0.7,0.75,0.85,0.0,0.0,0.0,0.08,0.03
8,PB_FED,0.005455,0.1,0.15,0.45,0.7,0.7,0.75,0.9,-0.5,0.0,0.0,0.08,0.05
8,PB_FED,0.005426,0.15,0.25,0.3,0.7,0.65,0.8,0.85,-0.5,0.0,0.0,0.12,0.04
8,PB_FED,0.00542,0.15,0.25,0.3,0.7,0.75,0.8,0.85,0.0,0.0,0.0,0.08,0.04
8,PB_only,0.005402,0.05,0.15,0.3,0.7,0.65,0.8,0.9,0.0,0.0,0.0,0.12,0.03
8,PB_FED,0.005389,0.15,0.2,0.35,0.7,0.75,0.85,0.9,-0.5,0.0,0.0,0.12,0.03
8,PB_only,0.005318,0.05,0.15,0.3,0.7,0.7,0.8,0.9,0.0,0.0,0.0,0.12,0.04
8,PB_FED,0.005314,0.15,0.2,0.3,0.7,0.65,0.75,0.95,0.0,0.0,0.0,0.12,0.04
8,PB_FED,0.005313,0.1,0.15,0.4,0.7,0.7,0.8,0.9,0.0,0.0,0.0,0.08,0.04
8,PB_only,0.005295,0.1,0.15,0.4,0.7,0.7,0.8,0.85,0.0,0.0,0.0,0.1,0.04
8,PB_only,0.005293,0.1,0.15,0.35,0.7,0.7,0.85,0.9,0.0,0.0,0.0,0.1,0.03
8,PB_FED,0.005273,0.15,0.2,0.45,0.7,0.7,0.75,0.9,-0.5,0.0,0.0,0.08,0.03
8,PB_only,0.005241,0.15,0.2,0.3,0.7,0.65,0.75,0.85,0.0,0.0,0.0,0.08,0.04
8,PB_only,0.005234,0.05,0.15,0.4,0.7,0.7,0.75,0.85,0.0,0.0,0.0,0.06,0.03
8,PB_FED,0.005117,0.1,0.2,0.45,0.7,0.7,0.75,0.9,0.0,0.0,0.0,0.1,0.03
8,PB_only,0.005113,0.1,0.2,0.3,0.7,0.7,0.8,0.85,0.0,0.0,0.0,0.1,0.03
8,PB_only,0.005111,0.1,0.15,0.3,0.7,0.75,0.85,0.95,0.0,0.0,0.0,0.1,0.03
8,PB_only,0.005099,0.1,0.25,0.3,0.7,0.7,0.75,0.85,0.0,0.0,0.0,0.08,0.03
8,PB_FED,0.005071,0.15,0.2,0.3,0.7,0.7,0.8,0.95,0.0,0.0,0.0,0.08,0.04
8,PB_FED,0.005037,0.1,0.2,0.3,0.65,0.7,0.75,0.9,0.0,0.0,0.0,0.08,0.04
8,PB_FED,0.005003,0.05,0.2,0.3,0.7,0.75,0.8,0.9,0.0,0.0,0.0,0.1,0.04
8,PB_FED,0.004949,0.05,0.2,0.35,0.7,0.65,0.75,0.9,0.0,0.0,0.0,0.1,0.04
8,PB_only,0.004935,0.1,0.15,0.4,0.7,0.65,0.75,0.85,0.0,0.0,0.0,0.06,0.04
8,PB_only,0.004878,0.15,0.2,0.3,0.7,0.7,0.75,0.85,0.0,0.0,0.0,0.12,0.05
8,PB_only,0.004867,0.1,0.15,0.4,0.7,0.7,0.85,0.9,0.0,0.0,0.0,0.08,0.03
8,PB_only,0.004867,0.1,0.15,0.4,0.7,0.7,0.85,0.9,0.0,0.0,0.0,0.1,0.03
8,PB_only,0.00486,0.1,0.25,0.3,0.7,0.7,0.75,0.85,0.0,0.0,0.0,0.06,0.04
8,PB_only,0.004852,0.1,0.15,0.35,0.7,0.65,0.85,0.9,0.0,0.0,0.0,0.06,0.03
8,PB_only,0.004851,0.05,0.2,0.3,0.7,0.65,0.75,0.85,0.0,0.0,0.0,0.08,0.04
8,PB_only,0.004797,0.15,0.25,0.3,0.7,0.65,0.75,0.85,0.0,0.0,0.0,0.12,0.03
8,PB_FED,0.004797,0.05,0.2,0.3,0.7,0.65,0.8,0.9,0.0,0.0,0.0,0.06,0.04
8,PB_only,0.004759,0.15,0.25,0.3,0.7,0.7,0.75,0.95,0.0,0.0,0.0,0.1,0.03
8,PB_FED,0.004729,0.1,0.2,0.4,0.7,0.65,0.8,0.85,0.0,0.0,0.0,0.12,0.04
8,PB_FED,0.004711,0.05,0.25,0.3,0.7,0.7,0.8,0.9,-0.5,0.0,0.0,0.06,0.03
8,PB_only,0.0047,0.1,0.15,0.3,0.7,0.65,0.85,0.9,0.0,0.0,0.0,0.06,0.04
8,PB_FED,0.004665,0.15,0.2,0.4,0.7,0.7,0.75,0.85,0.0,0.0,0.0,0.06,0.05
8,PB_FED,0.004642,0.05,0.25,0.3,0.7,0.7,0.75,0.9,-0.5,0.0,0.0,0.08,0.05
8,PB_only,0.004634,0.05,0.2,0.35,0.7,0.75,0.8,0.85,0.0,0.0,0.0,0.12,0.03
8,PB_only,0.004601,0.1,0.25,0.3,0.7,0.7,0.75,0.9,0.0,0.0,0.0,0.1,0.04
8,PB_FED,0.0046,0.1,0.25,0.35,0.7,0.75,0.85,0.9,-0.5,0.0,0.0,0.12,0.03
8,PB_FED,0.004584,0.05,0.25,0.3,0.7,0.7,0.75,0.95,-0.5,0.0,0.0,0.06,0.05
8,PB_only,0.004577,0.15,0.2,0.3,0.7,0.75,0.8,0.95,0.0,0.0,0.0,0.08,0.03
8,PB_FED,0.004566,0.1,0.25,0.35,0.7,0.7,0.75,0.95,0.0,0.0,0.0,0.1,0.05
8,PB_FED,0.004552,0.1,0.15,0.3,0.65,0.7,0.8,0.85,-0.5,0.0,0.0,0.12,0.05
8,PB_only,0.004524,0.05,0.15,0.4,0.7,0.7,0.8,0.85,0.0,0.0,0.0,0.08,0.03
8,PB_FED,0.004523,0.1,0.15,0.3,0.65,0.75,0.8,0.9,0.0,0.0,0.0,0.08,0.05
8,PB_only,0.004517,0.15,0.25,0.35,0.7,0.7,0.75,0.9,0.0,0.0,0.0,0.1,0.03
8,PB_only,0.004513,0.15,0.2,0.35,0.7,0.75,0.85,0.9,0.0,0.0,0.0,0.06,0.03
8,PB_only,0.00449,0.15,0.25,0.3,0.7,0.7,0.85,0.9,0.0,0.0,0.0,0.1,0.03
8,PB_only,0.004421,0.1,0.15,0.4,0.7,0.65,0.85,0.9,0.0,0.0,0.0,0.12,0.03
8,PB_FED,0.004407,0.05,0.2,0.45,0.7,0.7,0.75,0.9,-0.5,0.0,0.0,0.08,0.03
8,PB_FED,0.004392,0.05,0.2,0.35,0.7,0.65,0.75,0.95,-0.5,0.0,0.0,0.12,0.05
8,PB_FED,0.004386,0.1,0.15,0.3,0.65,0.65,0.8,0.95,-0.5,0.0,0.0,0.1,0.03
8,PB_only,0.004375,0.1,0.2,0.35,0.7,0.75,0.85,0.9,0.0,0.0,0.0,0.08,0.03
8,PB_FED,0.004338,0.1,0.15,0.35,0.65,0.65,0.8,0.85,-0.5,0.0,0.0,0.08,0.03
8,PB_only,0.004326,0.1,0.15,0.45,0.7,0.75,0.8,0.9,0.0,0.0,0.0,0.12,0.03
8,PB_only,0.004312,0.15,0.25,0.35,0.7,0.7,0.8,0.85,0.0,0.0,0.0,0.1,0.04
8,PB_FED,0.004311,0.15,0.2,0.3,0.65,0.65,0.8,0.85,-0.5,0.0,0.0,0.12,0.04
8,PB_only,0.004295,0.05,0.15,0.35,0.7,0.65,0.75,0.9,0.0,0.0,0.0,0.1,0.05
8,PB_FED,0.004292,0.15,0.25,0.4,0.7,0.75,0.8,0.85,0.0,0.0,0.0,0.08,0.04
8,PB_only,0.004291,0.05,0.2,0.3,0.7,0.65,0.85,0.9,0.0,0.0,0.0,0.06,0.03
8,PB_only,0.004291,0.05,0.15,0.45,0.7,0.7,0.8,0.85,0.0,0.0,0.0,0.08,0.04
8,PB_FED,0.004275,0.05,0.15,0.35,0.7,0.7,0.85,0.95,-0.5,0.0,0.0,0.06,0.04
8,PB_FED,0.004214,0.1,0.2,0.45,0.7,0.7,0.8,0.9,0.0,0.0,0.0,0.06,0.03
8,PB_only,0.004213,0.15,0.25,0.4,0.7,0.7,0.75,0.85,0.0,0.0,0.0,0.1,0.03
8,PB_only,0.004204,0.1,0.15,0.45,0.7,0.65,0.8,0.85,0.0,0.0,0.0,0.1,0.04
8,PB_FED,0.004202,0.1,0.2,0.45,0.7,0.65,0.75,0.9,-0.5,0.0,0.0,0.06,0.05
8,PB_only,0.004171,0.15,0.2,0.4,0.7,0.7,0.8,0.85,0.0,0.0,0.0,0.12,0.03
8,PB_only,0.004144,0.1,0.25,0.35,0.7,0.7,0.8,0.85,0.0,0.0,0.0,0.1,0.04
8,PB_FED,0.004133,0.1,0.2,0.3,0.65,0.75,0.85,0.9,0.0,0.0,0.0,0.06,0.03
8,PB_only,0.004117,0.05,0.15,0.45,0.7,0.7,0.75,0.9,0.0,0.0,0.0,0.06,0.04
8,PB_only,0.004058,0.1,0.25,0.3,0.7,0.7,0.75,0.85,0.0,0.0,0.0,0.1,0.05
8,PB_FED,0.004058,0.15,0.25,0.45,0.7,0.7,0.75,0.85,0.0,0.0,0.0,0.12,0.04
8,PB_only,0.004048,0.05,0.15,0.35,0.7,0.65,0.75,0.95,0.0,0.0,0.0,0.12,0.05
8,PB_FED,0.004039,0.05,0.2,0.45,0.7,0.7,0.8,0.85,-0.5,0.0,0.0,0.06,0.04
8,PB_FED,0.004036,0.15,0.3,0.35,0.7,0.7,0.75,0.95,0.0,0.0,0.0,0.12,0.03
8,PB_only,0.00403,0.05,0.2,0.35,0.7,0.7,0.8,0.85,0.0,0.0,0.0,0.1,0.03
8,PB_only,0.004022,0.1,0.2,0.35,0.7,0.65,0.8,0.9,0.0,0.0,0.0,0.06,0.03
8,PB_only,0.004022,0.1,0.2,0.35,0.7,0.65,0.8,0.9,0.0,0.0,0.0,0.1,0.03
8,PB_only,0.004014,0.1,0.2,0.4,0.7,0.65,0.75,0.85,0.0,0.0,0.0,0.12,0.04
8,PB_only,0.003994,0.05,0.2,0.4,0.7,0.7,0.8,0.85,0.0,0.0,0.0,0.1,0.04
8,PB_only,0.003982,0.05,0.25,0.3,0.7,0.75,0.85,0.9,0.0,0.0,0.0,0.12,0.03
8,PB_only,0.003976,0.1,0.25,0.4,0.7,0.7,0.75,0.9,0.0,0.0,0.0,0.08,0.03
8,PB_FED,0.003971,0.1,0.25,0.35,0.7,0.65,0.75,0.85,-0.5,0.0,0.0,0.06,0.05
8,PB_FED,0.003941,0.05,0.15,0.3,0.6,0.7,0.75,0.85,0.0,0.0,0.0,0.08,0.04
8,PB_FED,0.003941,0.05,0.15,0.3,0.65,0.65,0.8,0.85,0.0,0.0,0.0,0.08,0.05
8,PB_only,0.003936,0.15,0.25,0.4,0.7,0.7,0.8,0.85,0.0,0.0,0.0,0.12,0.04
8,PB_only,0.003931,0.15,0.2,0.4,0.7,0.65,0.75,0.9,0.0,0.0,0.0,0.1,0.04
8,PB_only,0.00392,0.1,0.2,0.35,0.7,0.65,0.85,0.9,0.0,0.0,0.0,0.12,0.03
8,PB_only,0.003913,0.05,0.15,0.3,0.7,0.75,0.85,0.95,0.0,0.0,0.0,0.06,0.04
8,PB_FED,0.00391,0.05,0.2,0.3,0.65,0.75,0.8,0.85,-0.5,0.0,0.0,0.12,0.03
8,PB_FED,0.003907,0.1,0.15,0.45,0.7,0.65,0.85,0.9,-0.5,0.0,0.0,0.12,0.05
8,PB_only,0.0039,0.1,0.15,0.35,0.7,0.75,0.8,0.85,0.0,0.0,0.0,0.08,0.05
8,PB_only,0.003897,0.05,0.2,0.3,0.7,0.65,0.75,0.85,0.0,0.0,0.0,0.08,0.05
8,PB_only,0.003894,0.1,0.25,0.3,0.7,0.7,0.75,0.95,0.0,0.0,0.0,0.06,0.04
8,PB_only,0.003871,0.1,0.15,0.35,0.7,0.7,0.8,0.95,0.0,0.0,0.0,0.12,0.05
8,PB_FED,0.003837,0.05,0.15,0.35,0.7,0.65,0.8,0.95,-0.5,0.0,0.0,0.12,0.04
8,PB_only,0.003814,0.05,0.25,0.35,0.7,0.7,0.75,0.85,0.0,0.0,0.0,0.06,0.04
8,PB_FED,0.003813,0.05,0.2,0.3,0.7,0.75,0.85,0.95,0.0,0.0,0.0,0.08,0.04
8,PB_only,0.003808,0.1,0.15,0.3,0.65,0.65,0.8,0.85,0.0,0.0,0.0,0.12,0.04
8,PB_FED,0.003807,0.1,0.15,0.3,0.6,0.7,0.8,0.85,0.0,0.0,0.0,0.06,0.04
8,PB_FED,0.003806,0.1,0.25,0.3,0.7,0.75,0.85,0.95,-0.5,0.0,0.0,0.1,0.05
8,PB_FED,0.003703,0.2,0.25,0.3,0.65,0.7,0.75,0.95,0.0,0.0,0.0,0.08,0.03
8,PB_only,0.003687,0.15,0.2,0.4,0.7,0.7,0.75,0.95,0.0,0.0,0.0,0.12,0.05
8,PB_FED,0.003674,0.1,0.25,0.35,0.7,0.65,0.75,0.85,0.0,0.0,0.0,0.06,0.05
8,PB_only,0.003665,0.1,0.25,0.35,0.7,0.65,0.8,0.85,0.0,0.0,0.0,0.1,0.04
8,PB_FED,0.003661,0.1,0.3,0.35,0.7,0.75,0.8,0.85,-0.5,0.0,0.0,0.06,0.04
8,PB_FED,0.003656,0.1,0.15,0.3,0.65,0.75,0.85,0.95,0.0,0.0,0.0,0.1,0.04
8,PB_FED,0.003649,0.1,0.2,0.3,0.65,0.65,0.8,0.95,0.0,0.0,0.0,0.06,0.03
8,PB_only,0.003638,0.05,0.2,0.35,0.7,0.65,0.8,0.9,0.0,0.0,0.0,0.12,0.03
8,PB_only,0.003632,0.05,0.15,0.4,0.7,0.7,0.85,0.9,0.0,0.0,0.0,0.12,0.04
8,PB_only,0.003629,0.1,0.2,0.45,0.7,0.65,0.75,0.9,0.0,0.0,0.0,0.1,0.03
8,PB_FED,0.003615,0.2,0.25,0.4,0.7,0.75,0.8,0.9,-0.5,0.0,0.0,0.12,0.03
8,PB_only,0.003606,0.1,0.25,0.4,0.7,0.65,0.75,0.85,0.0,0.0,0.0,0.1,0.03
8,PB_only,0.003603,0.15,0.2,0.35,0.7,0.7,0.85,0.95,0.0,0.0,0.0,0.12,0.03
8,PB_only,0.003554,0.1,0.15,0.4,0.7,0.75,0.85,0.9,0.0,0.0,0.0,0.06,0.05
8,PB_FED,0.003543,0.15,0.25,0.35,0.7,0.65,0.8,0.95,-0.5,0.0,0.0,0.08,0.03
8,PB_FED,0.003528,0.1,0.2,0.3,0.65,0.75,0.8,0.9,0.0,0.0,0.0,0.12,0.05
8,PB_only,0.003518,0.1,0.2,0.35,0.7,0.75,0.85,0.9,0.0,0.0,0.0,0.1,0.04
8,PB_only,0.003513,0.05,0.15,0.4,0.7,0.7,0.8,0.9,0.0,0.0,0.0,0.08,0.05
8,PB_only,0.003503,0.1,0.15,0.4,0.7,0.75,0.8,0.95,0.0,0.0,0.0,0.1,0.04
8,PB_FED,0.003499,0.1,0.25,0.3,0.65,0.65,0.8,0.85,-0.5,0.0,0.0,0.08,0.04
8,PB_only,0.003495,0.05,0.15,0.45,0.7,0.65,0.8,0.9,0.0,0.0,0.0,0.12,0.03
8,PB_FED,0.00349,0.15,0.25,0.35,0.7,0.65,0.85,0.9,-0.5,0.0,0.0,0.08,0.04
8,PB_only,0.003472,0.1,0.2,0.35,0.7,0.7,0.85,0.95,0.0,0.0,0.0,0.08,0.03
8,PB_only,0.003468,0.1,0.15,0.35,0.7,0.75,0.85,0.95,0.0,0.0,0.0,0.06,0.05
8,PB_only,0.003459,0.1,0.25,0.3,0.7,0.65,0.75,0.85,0.0,0.0,0.0,0.08,0.05
8,PB_only,0.003444,0.15,0.25,0.4,0.7,0.65,0.8,0.85,0.0,0.0,0.0,0.1,0.04
8,PB_FED,0.003428,0.05,0.15,0.3,0.65,0.65,0.85,0.95,0.0,0.0,0.0,0.06,0.03
8,PB_FED,0.003401,0.2,0.25,0.4,0.7,0.65,0.75,0.95,0.0,0.0,0.0,0.06,0.03
8,PB_only,0.00339,0.1,0.2,0.35,0.7,0.75,0.8,0.9,0.0,0.0,0.0,0.1,0.05
8,PB_FED,0.003364,0.1,0.25,0.45,0.7,0.7,0.8,0.9,0.0,0.0,0.0,0.12,0.03
8,PB_FED,0.003349,0.05,0.2,0.3,0.65,0.65,0.8,0.85,-0.5,0.0,0.0,0.1,0.03
8,PB_only,0.003348,0.15,0.2,0.3,0.7,0.65,0.85,0.9,0.0,0.0,0.0,0.12,0.05
8,PB_only,0.003336,0.05,0.2,0.3,0.7,0.75,0.8,0.85,0.0,0.0,0.0,0.1,0.05
8,PB_FED,0.003334,0.15,0.2,0.4,0.7,0.75,0.85,0.95,0.0,0.0,0.0,0.06,0.05
8,PB_only,0.003315,0.05,0.15,0.3,0.65,0.65,0.8,0.85,0.0,0.0,0.0,0.08,0.03
8,PB_FED,0.003283,0.15,0.25,0.3,0.65,0.7,0.8,0.95,0.0,0.0,0.0,0.12,0.03
8,PB_only,0.00328,0.15,0.2,0.4,0.7,0.75,0.85,0.9,0.0,0.0,0.0,0.08,0.04
8,PB_FED,0.003267,0.1,0.2,0.35,0.7,0.65,0.85,0.95,0.0,0.0,0.0,0.08,0.05
8,PB_FED,0.003263,0.15,0.25,0.4,0.65,0.65,0.75,0.85,0.0,0.0,0.0,0.08,0.03
8,PB_FED,0.003259,0.1,0.2,0.3,0.65,0.75,0.85,0.95,-0.5,0.0,0.0,0.06,0.03
8,PB_FED,0.003255,0.1,0.15,0.35,0.65,0.7,0.8,0.95,-0.5,0.0,0.0,0.08,0.04
8,PB_FED,0.003254,0.1,0.25,0.3,0.65,0.65,0.75,0.9,-0.5,0.0,0.0,0.12,0.05
8,PB_only,0.003242,0.2,0.25,0.3,0.7,0.7,0.75,0.95,0.0,0.0,0.0,0.08,0.04
8,PB_FED,0.00324,0.1,0.25,0.45,0.7,0.65,0.75,0.9,0.0,0.0,0.0,0.1,0.05
8,PB_FED,0.003233,0.15,0.3,0.4,0.7,0.7,0.75,0.9,0.0,0.0,0.0,0.1,0.04
8,PB_only,0.003226,0.05,0.2,0.45,0.7,0.7,0.75,0.9,0.0,0.0,0.0,0.1,0.04
8,PB_FED,0.003202,0.15,0.3,0.45,0.7,0.7,0.75,0.95,-0.5,0.0,0.0,0.06,0.03
8,PB_FED,0.003194,0.1,0.25,0.3,0.65,0.65,0.85,0.9,0.0,0.0,0.0,0.06,0.03
8,PB_FED,0.00318,0.05,0.2,0.35,0.7,0.7,0.85,0.95,-0.5,0.0,0.0,0.12,0.05
8,PB_only,0.003179,0.05,0.15,0.4,0.7,0.65,0.85,0.9,0.0,0.0,0.0,0.1,0.04
8,PB_FED,0.003175,0.1,0.2,0.4,0.7,0.65,0.8,0.95,-0.5,0.0,0.0,0.1,0.04
8,PB_only,0.003172,0.15,0.2,0.45,0.7,0.7,0.8,0.85,0.0,0.0,0.0,0.08,0.05
8,PB_FED,0.003156,0.1,0.25,0.4,0.7,0.7,0.8,0.85,0.0,0.0,0.0,0.08,0.05
8,PB_only,0.003154,0.15,0.2,0.3,0.7,0.65,0.85,0.95,0.0,0.0,0.0,0.06,0.03
8,PB_FED,0.003143,0.15,0.2,0.4,0.7,0.65,0.8,0.95,-0.5,0.0,0.0,0.1,0.04
8,PB_FED,0.003132,0.15,0.3,0.45,0.7,0.7,0.75,0.85,-0.5,0.0,0.0,0.12,0.03
8,PB_only,0.003127,0.15,0.2,0.35,0.7,0.75,0.8,0.85,0.0,0.0,0.0,0.1,0.05
8,PB_FED,0.003117,0.2,0.3,0.35,0.7,0.75,0.8,0.85,-0.5,0.0,0.0,0.08,0.03
8,PB_FED,0.003116,0.15,0.25,0.35,0.7,0.65,0.85,0.9,0.0,0.0,0.0,0.12,0.04
8,PB_only,0.003113,0.15,0.2,0.45,0.7,0.65,0.85,0.9,0.0,0.0,0.0,0.06,0.03
8,PB_only,0.003109,0.05,0.15,0.35,0.7,0.75,0.85,0.95,0.0,0.0,0.0,0.12,0.05
8,PB_only,0.003096,0.05,0.2,0.4,0.7,0.65,0.85,0.9,0.0,0.0,0.0,0.06,0.03
8,PB_only,0.003096,0.05,0.2,0.4,0.7,0.65,0.85,0.9,0.0,0.0,0.0,0.12,0.03
8,PB_FED,0.003088,0.15,0.2,0.3,0.65,0.75,0.8,0.9,-0.5,0.0,0.0,0.12,0.05
8,PB_only,0.003075,0.15,0.2,0.4,0.7,0.65,0.8,0.85,0.0,0.0,0.0,0.06,0.05
8,PB_FED,0.003072,0.15,0.25,0.3,0.65,0.7,0.75,0.95,-0.5,0.0,0.0,0.1,0.04
8,PB_only,0.003054,0.05,0.2,0.35,0.7,0.7,0.85,0.95,0.0,0.0,0.0,0.1,0.03
8,PB_only,0.003028,0.2,0.25,0.4,0.7,0.65,0.75,0.85,0.0,0.0,0.0,0.12,0.03
8,PB_FED,0.003023,0.05,0.15,0.35,0.6,0.65,0.75,0.9,0.0,0.0,0.0,0.06,0.04
8,PB_FED,0.003017,0.05,0.25,0.4,0.7,0.75,0.8,0.95,0.0,0.0,0.0,0.1,0.03
8,PB_only,0.002998,0.1,0.15,0.3,0.65,0.7,0.75,0.95,0.0,0.0,0.0,0.12,0.05
8,PB_FED,0.002993,0.15,0.25,0.4,0.65,0.7,0.75,0.9,0.0,0.0,0.0,0.06,0.04
8,PB_only,0.002983,0.05,0.15,0.35,0.65,0.7,0.75,0.85,0.0,0.0,0.0,0.1,0.04
8,PB_only,0.00298,0.05,0.2,0.35,0.7,0.65,0.8,0.85,0.0,0.0,0.0,0.06,0.05
8,PB_FED,0.002972,0.05,0.15,0.35,0.6,0.7,0.75,0.9,0.0,0.0,0.0,0.06,0.04
8,PB_only,0.002966,0.1,0.2,0.45,0.7,0.7,0.75,0.95,0.0,0.0,0.0,0.08,0.04
8,PB_only,0.002966,0.2,0.25,0.4,0.7,0.65,0.75,0.9,0.0,0.0,0.0,0.08,0.03
8,PB_FED,0.002958,0.05,0.15,0.4,0.65,0.65,0.75,0.95,0.0,0.0,0.0,0.08,0.04
8,PB_FED,0.002956,0.05,0.15,0.3,0.6,0.7,0.75,0.85,0.0,0.0,0.0,0.1,0.05
8,PB_only,0.002954,0.05,0.25,0.4,0.7,0.7,0.8,0.9,0.0,0.0,0.0,0.1,0.03
8,PB_FED,0.002949,0.1,0.15,0.4,0.65,0.7,0.8,0.95,0.0,0.0,0.0,0.1,0.05
8,PB_FED,0.002918,0.15,0.2,0.3,0.65,0.75,0.85,0.9,0.0,0.0,0.0,0.06,0.05
8,PB_FED,0.002878,0.15,0.25,0.35,0.65,0.75,0.8,0.85,-0.5,0.0,0.0,0.06,0.03
8,PB_FED,0.002877,0.15,0.25,0.3,0.7,0.65,0.85,0.95,-0.5,0.0,0.0,0.1,0.04
8,PB_FED,0.002875,0.15,0.25,0.35,0.7,0.75,0.8,0.85,0.0,0.0,0.0,0.12,0.05
8,PB_only,0.002869,0.05,0.2,0.3,0.7,0.75,0.85,0.95,0.0,0.0,0.0,0.1,0.05
8,PB_only,0.002857,0.15,0.3,0.35,0.7,0.7,0.75,0.9,0.0,0.0,0.0,0.12,0.04
6,PB_only,0.002849,0.1,0.15,0.3,0.7,0.65,0.75,0.85,0.0,0.0,0.0,0.06,0.03
8,PB_FED,0.002849,0.1,0.2,0.3,0.6,0.65,0.8,0.9,0.0,0.0,0.0,0.1,0.03
8,PB_FED,0.002846,0.15,0.25,0.4,0.7,0.65,0.8,0.95,-0.5,0.0,0.0,0.1,0.05
8,PB_only,0.002844,0.15,0.25,0.3,0.7,0.65,0.8,0.95,0.0,0.0,0.0,0.1,0.03
8,PB_FED,0.002844,0.1,0.25,0.4,0.65,0.7,0.75,0.9,0.0,0.0,0.0,0.06,0.04
8,PB_FED,0.002842,0.15,0.25,0.4,0.7,0.75,0.85,0.95,-0.5,0.0,0.0,0.08,0.04
8,PB_FED,0.002832,0.05,0.25,0.4,0.7,0.75,0.85,0.95,-0.5,0.0,0.0,0.06,0.03
8,PB_only,0.002827,0.1,0.15,0.4,0.65,0.65,0.75,0.85,0.0,0.0,0.0,0.06,0.04
8,PB_only,0.002823,0.1,0.3,0.35,0.7,0.7,0.8,0.85,0.0,0.0,0.0,0.1,0.04
8,PB_FED,0.002818,0.1,0.25,0.35,0.65,0.65,0.8,0.9,0.0,0.0,0.0,0.08,0.03
8,PB_only,0.002793,0.05,0.2,0.3,0.65,0.65,0.75,0.85,0.0,0.0,0.0,0.12,0.04
8,PB_FED,0.002792,0.1,0.25,0.3,0.65,0.65,0.75,0.85,-0.5,0.0,0.0,0.08,0.05
8,PB_only,0.002778,0.05,0.2,0.3,0.7,0.65,0.8,0.95,0.0,0.0,0.0,0.1,0.05
8,PB_FED,0.002777,0.2,0.25,0.45,0.7,0.7,0.8,0.95,-0.5,0.0,0.0,0.12,0.03
8,PB_only,0.002775,0.1,0.15,0.3,0.65,0.7,0.8,0.95,0.0,0.0,0.0,0.12,0.03
8,PB_only,0.002744,0.1,0.25,0.35,0.7,0.65,0.75,0.95,0.0,0.0,0.0,0.08,0.05
8,PB_FED,0.002734,0.1,0.25,0.35,0.7,0.75,0.8,0.85,0.0,0.0,0.0,0.12,0.05
8,PB_FED,0.002723,0.2,0.25,0.4,0.65,0.65,0.75,0.9,0.0,0.0,0.0,0.1,0.03
8,PB_only,0.002719,0.05,0.2,0.4,0.7,0.65,0.8,0.9,0.0,0.0,0.0,0.1,0.04
8,PB_FED,0.002709,0.1,0.2,0.3,0.65,0.65,0.85,0.9,-0.5,0.0,0.0,0.1,0.05
8,PB_only,0.002704,0.05,0.2,0.4,0.7,0.65,0.75,0.85,0.0,0.0,0.0,0.08,0.05
8,PB_only,0.002699,0.15,0.2,0.35,0.7,0.75,0.85,0.95,0.0,0.0,0.0,0.08,0.05
8,PB_FED,0.002691,0.2,0.25,0.35,0.65,0.65,0.75,0.9,0.0,0.0,0.0,0.12,0.04
8,PB_FED,0.002688,0.05,0.25,0.45,0.7,0.7,0.75,0.9,0.0,0.0,0.0,0.06,0.05
8,PE_FED,0.002671,0.1,0.15,0.3,0.7,0.65,0.75,0.95,0.0,0.0,0.0,0.1,0.03
8,PB_only,0.002655,0.2,0.3,0.35,0.7,0.7,0.75,0.85,0.0,0.0,0.0,0.06,0.03
8,PB_only,0.002655,0.2,0.3,0.35,0.7,0.7,0.75,0.85,0.0,0.0,0.0,0.12,0.03
8,PB_only,0.002633,0.15,0.2,0.3,0.65,0.65,0.8,0.9,0.0,0.0,0.0,0.12,0.03
8,PB_FED,0.002622,0.15,0.3,0.45,0.7,0.65,0.75,0.85,-0.5,0.0,0.0,0.12,0.04
8,PB_FED,0.002616,0.15,0.2,0.45,0.7,0.65,0.85,0.9,0.0,0.0,0.0,0.12,0.05
8,PB_only,0.002596,0.1,0.25,0.3,0.65,0.65,0.75,0.85,0.0,0.0,0.0,0.08,0.03
8,PB_only,0.002573,0.1,0.2,0.4,0.7,0.75,0.8,0.95,0.0,0.0,0.0,0.08,0.05
8,PB_FED,0.002566,0.1,0.15,0.4,0.65,0.65,0.85,0.9,-0.5,0.0,0.0,0.12,0.05
8,PB_only,0.002554,0.05,0.2,0.45,0.7,0.7,0.8,0.85,0.0,0.0,0.0,0.08,0.05
8,PB_FED,0.002548,0.1,0.25,0.4,0.7,0.7,0.85,0.9,0.0,0.0,0.0,0.1,0.05
8,PB_only,0.002521,0.1,0.25,0.3,0.7,0.75,0.85,0.95,0.0,0.0,0.0,0.08,0.05
8,PB_only,0.00251,0.05,0.2,0.3,0.65,0.7,0.75,0.9,0.0,0.0,0.0,0.06,0.04
8,PB_FED,0.002506,0.1,0.3,0.35,0.7,0.7,0.8,0.85,0.0,0.0,0.0,0.08,0.03
8,PB_FED,0.002487,0.1,0.15,0.45,0.7,0.65,0.85,0.95,0.0,0.0,0.0,0.06,0.04
8,PB_only,0.002485,0.1,0.15,0.45,0.7,0.75,0.85,0.95,0.0,0.0,0.0,0.08,0.04
8,PB_FED,0.002463,0.05,0.2,0.45,0.7,0.65,0.85,0.9,-0.5,0.0,0.0,0.06,0.04
8,PB_only,0.002461,0.1,0.25,0.45,0.7,0.7,0.75,0.85,0.0,0.0,0.0,0.12,0.05
8,PB_FED,0.00246,0.05,0.2,0.4,0.7,0.7,0.85,0.95,0.0,0.0,0.0,0.1,0.05
8,PB_FED,0.002457,0.15,0.3,0.35,0.7,0.7,0.85,0.9,-0.5,0.0,0.0,0.08,0.04
8,PB_only,0.002427,0.2,0.3,0.35,0.7,0.7,0.75,0.85,0.0,0.0,0.0,0.06,0.04
8,PB_only,0.002417,0.05,0.15,0.45,0.7,0.65,0.8,0.9,0.0,0.0,0.0,0.08,0.05
8,PB_FED,0.002416,0.1,0.2,0.4,0.65,0.65,0.8,0.95,0.0,0.0,0.0,0.1,0.03
8,PB_only,0.002412,0.15,0.25,0.45,0.7,0.7,0.8,0.95,0.0,0.0,0.0,0.1,0.03
8,PB_only,0.002394,0.1,0.25,0.45,0.7,0.65,0.8,0.9,0.0,0.0,0.0,0.1,0.03
8,PB_FED,0.002385,0.2,0.25,0.35,0.65,0.75,0.8,0.85,0.0,0.0,0.0,0.12,0.03
8,PB_FED,0.002383,0.1,0.15,0.35,0.6,0.75,0.8,0.9,0.0,0.0,0.0,0.06,0.04
8,PB_FED,0.002382,0.1,0.25,0.4,0.7,0.65,0.85,0.95,-0.5,0.0,0.0,0.12,0.05
8,PB_only,0.002346,0.2,0.25,0.3,0.7,0.65,0.85,0.9,0.0,0.0,0.0,0.06,0.04
8,PB_FED,0.002322,0.05,0.15,0.3,0.6,0.75,0.8,0.85,-0.5,0.0,0.0,0.06,0.04
8,PB_only,0.002317,0.1,0.15,0.45,0.7,0.65,0.8,0.95,0.0,0.0,0.0,0.08,0.05
8,PB_FED,0.002313,0.1,0.2,0.4,0.65,0.65,0.8,0.9,0.0,0.0,0.0,0.06,0.05
8,PB_FED,0.002312,0.1,0.2,0.45,0.65,0.65,0.75,0.9,-0.5,0.0,0.0,0.1,0.05
8,PB_only,0.002309,0.2,0.3,0.4,0.7,0.7,0.75,0.85,0.0,0.0,0.0,0.08,0.03
8,PB_FED,0.002309,0.2,0.3,0.35,0.7,0.7,0.8,0.9,-0.5,0.0,0.0,0.12,0.04
8,PB_FED,0.002306,0.1,0.15,0.3,0.6,0.7,0.8,0.9,-0.5,0.0,0.0,0.1,0.04
8,PB_FED,0.002301,0.1,0.15,0.4,0.65,0.65,0.8,0.95,-0.5,0.0,0.0,0.1,0.04
8,PB_FED,0.002296,0.2,0.25,0.4,0.7,0.65,0.85,0.9,-0.5,0.0,0.0,0.1,0.04
8,PB_FED,0.002281,0.05,0.2,0.45,0.7,0.7,0.85,0.9,0.0,0.0,0.0,0.12,0.04
8,PB_only,0.002278,0.1,0.15,0.4,0.65,0.65,0.8,0.85,0.0,0.0,0.0,0.08,0.03
8,PB_only,0.002277,0.2,0.25,0.35,0.7,0.75,0.85,0.9,0.0,0.0,0.0,0.1,0.04
8,PB_only,0.002276,0.05,0.2,0.45,0.7,0.65,0.75,0.9,0.0,0.0,0.0,0.08,0.05
8,PB_only,0.002265,0.05,0.25,0.3,0.65,0.7,0.75,0.85,0.0,0.0,0.0,0.12,0.03
8,PB_only,0.00226,0.1,0.15,0.3,0.65,0.65,0.8,0.95,0.0,0.0,0.0,0.08,0.03
8,PB_only,0.002244,0.1,0.2,0.35,0.65,0.7,0.75,0.85,0.0,0.0,0.0,0.06,0.04
8,PB_FED,0.002213,0.05,0.2,0.35,0.65,0.65,0.75,0.85,-0.5,0.0,0.0,0.12,0.05
8,PB_only,0.002203,0.1,0.15,0.35,0.65,0.75,0.8,0.9,0.0,0.0,0.0,0.08,0.04
6,PB_only,0.002193,0.1,0.15,0.3,0.7,0.65,0.75,0.85,0.0,0.0,0.0,0.06,0.04
8,PB_only,0.002191,0.05,0.2,0.4,0.7,0.7,0.8,0.95,0.0,0.0,0.0,0.08,0.04
8,PB_FED,0.002191,0.2,0.25,0.35,0.65,0.7,0.75,0.9,0.0,0.0,0.0,0.06,0.05
8,PB_FED,0.00219,0.05,0.2,0.4,0.65,0.75,0.8,0.9,-0.5,0.0,0.0,0.12,0.03
8,PB_FED,0.002183,0.2,0.25,0.45,0.7,0.7,0.85,0.95,0.0,0.0,0.0,0.1,0.03
8,PB_FED,0.002183,0.2,0.25,0.45,0.7,0.75,0.85,0.95,0.0,0.0,0.0,0.1,0.03
8,PB_FED,0.002167,0.15,0.25,0.35,0.6,0.7,0.75,0.9,0.0,0.0,0.0,0.06,0.03
6,PB_only,0.002155,0.1,0.15,0.35,0.7,0.7,0.75,0.85,0.0,0.0,0.0,0.08,0.03
8,PB_only,0.002145,0.15,0.2,0.35,0.7,0.65,0.85,0.95,0.0,0.0,0.0,0.06,0.05
8,PB_only,0.002135,0.15,0.25,0.4,0.7,0.7,0.8,0.95,0.0,0.0,0.0,0.08,0.04
6,PB_only,0.002126,0.05,0.15,0.3,0.7,0.65,0.75,0.9,0.0,0.0,0.0,0.08,0.04
8,PB_only,0.002126,0.05,0.15,0.3,0.65,0.7,0.8,0.9,0.0,0.0,0.0,0.1,0.05
8,PB_only,0.002117,0.1,0.3,0.4,0.7,0.75,0.8,0.9,0.0,0.0,0.0,0.1,0.03
8,PB_FED,0.002107,0.15,0.3,0.4,0.7,0.75,0.85,0.9,-0.5,0.0,0.0,0.08,0.04
8,PB_FED,0.002096,0.1,0.2,0.4,0.6,0.7,0.75,0.9,0.0,0.0,0.0,0.08,0.04
8,PB_only,0.002082,0.1,0.15,0.4,0.65,0.75,0.85,0.9,0.0,0.0,0.0,0.12,0.03
8,PB_FED,0.00207,0.15,0.2,0.3,0.55,0.65,0.75,0.85,0.0,0.0,0.0,0.1,0.03
6,PB_only,0.00206,0.1,0.15,0.3,0.7,0.7,0.75,0.95,0.0,0.0,0.0,0.06,0.05
8,PB_only,0.002049,0.15,0.25,0.45,0.7,0.65,0.75,0.85,0.0,0.0,0.0,0.12,0.05
8,PB_FED,0.002049,0.1,0.15,0.45,0.65,0.65,0.8,0.95,-0.5,0.0,0.0,0.1,0.05
8,PB_only,0.00204,0.1,0.3,0.4,0.7,0.65,0.75,0.85,0.0,0.0,0.0,0.08,0.04
8,PB_only,0.002038,0.05,0.25,0.4,0.7,0.65,0.8,0.9,0.0,0.0,0.0,0.1,0.04
8,PB_only,0.002036,0.2,0.3,0.35,0.7,0.7,0.8,0.9,0.0,0.0,0.0,0.06,0.03
8,PB_only,0.002036,0.2,0.3,0.35,0.7,0.75,0.8,0.9,0.0,0.0,0.0,0.06,0.03
8,PB_only,0.002031,0.15,0.2,0.3,0.65,0.75,0.8,0.9,0.0,0.0,0.0,0.1,0.04
8,PB_only,0.002026,0.15,0.25,0.35,0.7,0.65,0.85,0.9,0.0,0.0,0.0,0.12,0.05
8,PB_FED,0.002022,0.15,0.2,0.45,0.65,0.65,0.85,0.9,-0.5,0.0,0.0,0.06,0.03
8,PB_only,0.002018,0.1,0.15,0.35,0.65,0.7,0.8,0.85,0.0,0.0,0.0,0.06,0.05
8,PB_only,0.001999,0.05,0.25,0.3,0.65,0.65,0.75,0.85,0.0,0.0,0.0,0.12,0.04
8,PB_FED,0.001999,0.15,0.3,0.4,0.7,0.7,0.8,0.95,-0.5,0.0,0.0,0.06,0.04
6,PB_only,0.001984,0.05,0.15,0.35,0.7,0.65,0.75,0.85,0.0,0.0,0.0,0.12,0.03
8,PB_FED,0.00198,0.2,0.3,0.35,0.7,0.75,0.85,0.95,-0.5,0.0,0.0,0.06,0.03
8,PB_only,0.001976,0.05,0.3,0.35,0.7,0.7,0.8,0.9,0.0,0.0,0.0,0.12,0.03
8,PB_only,0.00197,0.1,0.25,0.3,0.7,0.65,0.85,0.95,0.0,0.0,0.0,0.08,0.05
8,PB_only,0.00197,0.05,0.25,0.35,0.7,0.7,0.85,0.9,0.0,0.0,0.0,0.1,0.05
8,PB_only,0.00197,0.05,0.2,0.4,0.7,0.65,0.75,0.95,0.0,0.0,0.0,0.06,0.04
6,PB_only,0.001958,0.1,0.15,0.4,0.7,0.7,0.75,0.9,0.0,0.0,0.0,0.08,0.03
8,PB_FED,0.001949,0.1,0.25,0.3,0.6,0.7,0.75,0.9,0.0,0.0,0.0,0.12,0.05
8,PB_only,0.001942,0.05,0.3,0.35,0.7,0.7,0.8,0.85,0.0,0.0,0.0,0.12,0.03
8,PB_only,0.001931,0.05,0.15,0.4,0.65,0.7,0.8,0.85,0.0,0.0,0.0,0.06,0.03
8,PB_FED,0.001929,0.15,0.3,0.35,0.7,0.75,0.85,0.9,0.0,0.0,0.0,0.12,0.04
8,PB_FED,0.001925,0.1,0.15,0.35,0.6,0.65,0.8,0.9,0.0,0.0,0.0,0.06,0.05
8,PB_only,0.00192,0.2,0.25,0.4,0.7,0.75,0.85,0.9,0.0,0.0,0.0,0.08,0.04
8,PB_only,0.001887,0.05,0.3,0.35,0.7,0.7,0.85,0.9,0.0,0.0,0.0,0.08,0.03
8,PB_only,0.001873,0.1,0.25,0.45,0.7,0.75,0.85,0.95,0.0,0.0,0.0,0.08,0.03
8,PB_only,0.00187,0.05,0.2,0.3,0.65,0.7,0.75,0.85,0.0,0.0,0.0,0.12,0.05
8,PB_only,0.001868,0.1,0.15,0.3,0.65,0.75,0.8,0.95,0.0,0.0,0.0,0.06,0.05
8,PB_only,0.001859,0.15,0.2,0.3,0.65,0.7,0.8,0.85,0.0,0.0,0.0,0.08,0.05
8,PB_FED,0.001853,0.05,0.15,0.3,0.6,0.75,0.85,0.9,0.0,0.0,0.0,0.06,0.04
8,PB_FED,0.001847,0.05,0.15,0.3,0.6,0.65,0.85,0.9,-0.5,0.0,0.0,0.1,0.03
8,PB_FED,0.001845,0.05,0.15,0.4,0.65,0.75,0.85,0.9,0.0,0.0,0.0,0.06,0.05
6,PB_only,0.001843,0.15,0.2,0.3,0.7,0.65,0.75,0.9,0.0,0.0,0.0,0.12,0.03
8,PB_only,0.001835,0.05,0.2,0.3,0.7,0.65,0.85,0.95,0.0,0.0,0.0,0.1,0.04
8,PB_FED,0.001826,0.05,0.15,0.45,0.6,0.7,0.75,0.85,0.0,0.0,0.0,0.1,0.03
8,PB_FED,0.001825,0.05,0.2,0.4,0.65,0.7,0.8,0.95,-0.5,0.0,0.0,0.1,0.03
8,PB_FED,0.001814,0.2,0.25,0.35,0.65,0.75,0.8,0.95,0.0,0.0,0.0,0.06,0.03
8,PB_only,0.00181,0.05,0.15,0.4,0.65,0.65,0.85,0.9,0.0,0.0,0.0,0.06,0.03
8,PB_only,0.001808,0.1,0.15,0.4,0.65,0.7,0.75,0.95,0.0,0.0,0.0,0.06,0.05
8,PB_only,0.001794,0.2,0.3,0.45,0.7,0.7,0.75,0.9,0.0,0.0,0.0,0.1,0.03
8,PB_FED,0.001793,0.1,0.2,0.45,0.6,0.7,0.75,0.95,0.0,0.0,0.0,0.08,0.03
8,PB_FED,0.001785,0.1,0.25,0.3,0.6,0.7,0.8,0.9,0.0,0.0,0.0,0.08,0.03
6,PB_only,0.001783,0.1,0.15,0.35,0.7,0.75,0.8,0.85,0.0,0.0,0.0,0.06,0.03
8,PB_only,0.001774,0.05,0.15,0.35,0.65,0.7,0.8,0.85,0.0,0.0,0.0,0.12,0.05
8,PB_FED,0.001769,0.2,0.3,0.4,0.7,0.75,0.85,0.9,0.0,0.0,0.0,0.06,0.03
8,PB_only,0.001764,0.1,0.25,0.3,0.65,0.75,0.8,0.9,0.0,0.0,0.0,0.08,0.03
8,PB_FED,0.001763,0.05,0.25,0.3,0.65,0.65,0.75,0.95,-0.5,0.0,0.0,0.06,0.04
6,PB_only,0.00175,0.1,0.15,0.3,0.7,0.7,0.85,0.9,0.0,0.0,0.0,0.08,0.04
8,PB_only,0.001739,0.15,0.2,0.4,0.65,0.7,0.75,0.9,0.0,0.0,0.0,0.1,0.04
8,PB_only,0.001734,0.05,0.2,0.35,0.65,0.65,0.8,0.85,0.0,0.0,0.0,0.06,0.04
8,PB_only,0.001721,0.2,0.25,0.35,0.7,0.7,0.8,0.95,0.0,0.0,0.0,0.06,0.05
8,PB_only,0.001721,0.15,0.3,0.35,0.7,0.65,0.75,0.95,0.0,0.0,0.0,0.1,0.03
8,PB_FED,0.001716,0.15,0.25,0.35,0.65,0.75,0.8,0.95,0.0,0.0,0.0,0.12,0.04
8,PB_only,0.001715,0.2,0.25,0.45,0.7,0.7,0.8,0.95,0.0,0.0,0.0,0.08,0.03
8,PB_only,0.001715,0.05,0.25,0.3,0.65,0.7,0.75,0.9,0.0,0.0,0.0,0.12,0.04
8,PB_only,0.001715,0.2,0.25,0.45,0.7,0.7,0.8,0.95,0.0,0.0,0.0,0.06,0.03
8,PB_FED,0.001713,0.05,0.3,0.4,0.7,0.7,0.75,0.85,-0.5,0.0,0.0,0.06,0.05
8,PB_only,0.001698,0.15,0.2,0.35,0.65,0.65,0.85,0.9,0.0,0.0,0.0,0.06,0.03
8,PB_FED,0.001688,0.05,0.25,0.4,0.65,0.75,0.8,0.85,-0.5,0.0,0.0,0.12,0.03
6,PB_only,0.001677,0.1,0.2,0.3,0.7,0.75,0.85,0.9,0.0,0.0,0.0,0.12,0.03
6,PB_only,0.001677,0.1,0.2,0.3,0.7,0.7,0.85,0.9,0.0,0.0,0.0,0.08,0.03
8,PB_FED,0.001665,0.05,0.2,0.3,0.65,0.75,0.85,0.95,-0.5,0.0,0.0,0.12,0.04
8,PB_only,0.001656,0.1,0.2,0.4,0.65,0.65,0.75,0.9,0.0,0.0,0.0,0.12,0.04
8,PB_only,0.001647,0.2,0.3,0.4,0.7,0.7,0.8,0.85,0.0,0.0,0.0,0.06,0.03
8,PB_only,0.001645,0.05,0.15,0.3,0.65,0.7,0.8,0.95,0.0,0.0,0.0,0.06,0.05
8,PB_only,0.001645,0.15,0.2,0.45,0.7,0.65,0.8,0.95,0.0,0.0,0.0,0.06,0.05
8,PB_only,0.001645,0.05,0.15,0.3,0.65,0.7,0.8,0.95,0.0,0.0,0.0,0.12,0.05
8,PB_only,0.001645,0.15,0.2,0.45,0.7,0.65,0.8,0.95,0.0,0.0,0.0,0.12,0.05
8,PB_FED,0.001644,0.2,0.3,0.4,0.7,0.7,0.8,0.9,0.0,0.0,0.0,0.1,0.04
8,PB_only,0.001642,0.15,0.25,0.45,0.7,0.7,0.85,0.9,0.0,0.0,0.0,0.06,0.05
8,PB_only,0.001638,0.05,0.15,0.4,0.65,0.65,0.75,0.95,0.0,0.0,0.0,0.1,0.03
8,PB_only,0.001637,0.05,0.15,0.3,0.65,0.7,0.85,0.9,0.0,0.0,0.0,0.06,0.05
8,PB_FED,0.001634,0.2,0.3,0.45,0.7,0.7,0.85,0.9,-0.5,0.0,0.0,0.08,0.03
6,PB_only,0.001631,0.1,0.15,0.35,0.7,0.7,0.75,0.9,0.0,0.0,0.0,0.08,0.05
8,PB_only,0.00162,0.15,0.25,0.3,0.65,0.75,0.85,0.9,0.0,0.0,0.0,0.06,0.03
6,PB_FED,0.001609,0.05,0.15,0.3,0.7,0.65,0.85,0.9,-0.5,0.0,0.0,0.1,0.03
8,PB_only,0.001599,0.05,0.2,0.45,0.7,0.75,0.8,0.95,0.0,0.0,0.0,0.1,0.04
8,PB_only,0.00157,0.2,0.3,0.35,0.7,0.7,0.8,0.9,0.0,0.0,0.0,0.06,0.04
8,PB_only,0.00156,0.15,0.25,0.3,0.65,0.65,0.75,0.9,0.0,0.0,0.0,0.1,0.05
8,PE_FED,0.001551,0.05,0.15,0.3,0.65,0.75,0.8,0.95,0.0,0.0,0.0,0.1,0.04
8,PB_FED,0.001548,0.05,0.25,0.4,0.7,0.75,0.85,0.95,0.0,0.0,0.0,0.1,0.05
8,PB_FED,0.001543,0.2,0.3,0.35,0.7,0.7,0.8,0.9,0.0,0.0,0.0,0.1,0.05
8,PB_only,0.001541,0.1,0.3,0.4,0.7,0.65,0.85,0.9,0.0,0.0,0.0,0.1,0.03
6,PB_only,0.001537,0.05,0.15,0.3,0.7,0.75,0.85,0.9,0.0,0.0,0.0,0.06,0.04
8,PB_only,0.00153,0.1,0.2,0.45,0.65,0.65,0.75,0.9,0.0,0.0,0.0,0.06,0.03
8,PB_only,0.001525,0.1,0.25,0.4,0.7,0.7,0.85,0.95,0.0,0.0,0.0,0.12,0.05
8,PB_FED,0.001523,0.15,0.3,0.4,0.65,0.65,0.75,0.9,0.0,0.0,0.0,0.1,0.04
8,PB_FED,0.001513,0.05,0.15,0.3,0.6,0.7,0.85,0.9,0.0,0.0,0.0,0.08,0.05
8,PB_only,0.001506,0.1,0.15,0.4,0.65,0.65,0.8,0.85,0.0,0.0,0.0,0.12,0.05
8,PB_only,0.001506,0.15,0.3,0.45,0.7,0.7,0.75,0.9,0.0,0.0,0.0,0.1,0.05
8,PB_only,0.001506,0.2,0.3,0.35,0.7,0.7,0.75,0.95,0.0,0.0,0.0,0.1,0.04
8,PB_FED,0.001506,0.1,0.15,0.35,0.6,0.65,0.85,0.9,0.0,0.0,0.0,0.06,0.04
8,PB_FED,0.0015,0.15,0.2,0.45,0.6,0.7,0.75,0.9,0.0,0.0,0.0,0.12,0.04
8,PB_only,0.001492,0.05,0.3,0.35,0.7,0.7,0.8,0.85,0.0,0.0,0.0,0.12,0.05
8,PE_FED,0.001491,0.1,0.15,0.3,0.65,0.75,0.8,0.95,0.0,0.0,0.0,0.06,0.05
8,PB_FED,0.001488,0.15,0.25,0.4,0.65,0.75,0.8,0.9,0.0,0.0,0.0,0.08,0.05
8,PB_only,0.001487,0.15,0.25,0.35,0.65,0.65,0.75,0.9,0.0,0.0,0.0,0.06,0.04
8,PB_only,0.001485,0.1,0.2,0.45,0.65,0.7,0.75,0.9,0.0,0.0,0.0,0.06,0.03
8,PB_only,0.001482,0.15,0.2,0.4,0.65,0.7,0.8,0.9,0.0,0.0,0.0,0.08,0.03
8,PB_FED,0.00148,0.15,0.2,0.45,0.65,0.75,0.8,0.95,0.0,0.0,0.0,0.06,0.05
8,PB_FED,0.001477,0.05,0.2,0.45,0.65,0.7,0.75,0.95,-0.5,0.0,0.0,0.06,0.04
8,PB_FED,0.001455,0.2,0.3,0.4,0.7,0.65,0.75,0.85,-0.5,0.0,0.0,0.12,0.05
8,PB_FED,0.001448,0.05,0.25,0.45,0.65,0.65,0.75,0.9,0.0,0.0,0.0,0.1,0.04
8,PB_only,0.001441,0.15,0.25,0.35,0.65,0.7,0.75,0.9,0.0,0.0,0.0,0.12,0.04
8,PB_only,0.001436,0.1,0.25,0.45,0.7,0.7,0.85,0.9,0.0,0.0,0.0,0.08,0.05
8,PB_only,0.001435,0.05,0.25,0.4,0.7,0.65,0.8,0.9,0.0,0.0,0.0,0.08,0.05
8,PE_FED,0.00143,0.05,0.2,0.35,0.7,0.75,0.8,0.95,-0.5,0.0,0.0,0.1,0.03
8,PB_only,0.001427,0.15,0.2,0.3,0.65,0.65,0.8,0.9,0.0,0.0,0.0,0.1,0.05
8,PB_only,0.001418,0.1,0.15,0.45,0.65,0.75,0.85,0.9,0.0,0.0,0.0,0.12,0.03
6,PB_only,0.001405,0.05,0.2,0.3,0.7,0.75,0.8,0.85,0.0,0.0,0.0,0.08,0.03
8,PB_only,0.001404,0.1,0.25,0.45,0.7,0.65,0.85,0.9,0.0,0.0,0.0,0.08,0.04
6,PB_only,0.001399,0.05,0.15,0.35,0.7,0.7,0.8,0.85,0.0,0.0,0.0,0.08,0.04
8,PB_FED,0.001396,0.05,0.15,0.3,0.55,0.65,0.75,0.9,-0.5,0.0,0.0,0.06,0.03
8,PB_only,0.001394,0.15,0.2,0.3,0.65,0.65,0.75,0.95,0.0,0.0,0.0,0.1,0.04
6,PB_only,0.001388,0.15,0.25,0.3,0.7,0.7,0.75,0.85,0.0,0.0,0.0,0.08,0.03
8,PB_only,0.00138,0.15,0.2,0.45,0.65,0.7,0.75,0.85,0.0,0.0,0.0,0.12,0.04
8,PB_FED,0.001375,0.1,0.25,0.45,0.65,0.7,0.75,0.95,-0.5,0.0,0.0,0.1,0.05
8,PB_only,0.001368,0.1,0.15,0.3,0.6,0.7,0.75,0.9,0.0,0.0,0.0,0.12,0.03
8,PB_FED,0.001365,0.05,0.15,0.45,0.65,0.75,0.85,0.9,0.0,0.0,0.0,0.1,0.04
6,PB_FED,0.001356,0.05,0.15,0.35,0.7,0.65,0.75,0.85,-0.5,0.0,0.0,0.06,0.03
8,PB_only,0.001342,0.05,0.2,0.45,0.7,0.65,0.8,0.95,0.0,0.0,0.0,0.1,0.03
8,PB_only,0.001335,0.05,0.3,0.35,0.7,0.75,0.8,0.95,0.0,0.0,0.0,0.1,0.03
8,PB_only,0.00133,0.1,0.2,0.3,0.65,0.65,0.75,0.95,0.0,0.0,0.0,0.12,0.04
6,PB_only,0.001284,0.15,0.2,0.35,0.7,0.7,0.75,0.85,0.0,0.0,0.0,0.1,0.04
8,PB_FED,0.001279,0.1,0.25,0.3,0.6,0.7,0.85,0.9,0.0,0.0,0.0,0.08,0.03
8,PB_FED,0.001271,0.05,0.3,0.45,0.7,0.75,0.85,0.9,-0.5,0.0,0.0,0.08,0.03
8,PB_FED,0.001271,0.05,0.3,0.45,0.7,0.7,0.85,0.9,-0.5,0.0,0.0,0.1,0.03
6,PB_only,0.001267,0.1,0.15,0.35,0.7,0.65,0.8,0.9,0.0,0.0,0.0,0.06,0.03
6,PB_FED,0.001264,0.15,0.2,0.3,0.7,0.75,0.8,0.85,-0.5,0.0,0.0,0.08,0.03
8,PB_only,0.001264,0.05,0.25,0.3,0.65,0.65,0.85,0.9,0.0,0.0,0.0,0.08,0.03
8,PB_only,0.001242,0.15,0.2,0.4,0.65,0.7,0.85,0.9,0.0,0.0,0.0,0.08,0.03
8,PB_only,0.001242,0.15,0.2,0.4,0.65,0.7,0.85,0.9,0.0,0.0,0.0,0.12,0.03
8,PB_only,0.001241,0.2,0.3,0.45,0.7,0.7,0.8,0.9,0.0,0.0,0.0,0.12,0.03
8,PB_only,0.001231,0.15,0.3,0.45,0.7,0.75,0.8,0.95,0.0,0.0,0.0,0.08,0.03
8,PB_FED,0.001221,0.2,0.3,0.4,0.7,0.75,0.8,0.95,-0.5,0.0,0.0,0.06,0.05
8,PB_only,0.001218,0.05,0.25,0.3,0.65,0.7,0.85,0.9,0.0,0.0,0.0,0.12,0.03
8,PB_FED,0.001215,0.2,0.25,0.45,0.7,0.65,0.85,0.95,0.0,0.0,0.0,0.06,0.03
8,PB_FED,0.001215,0.05,0.15,0.45,0.6,0.7,0.75,0.95,0.0,0.0,0.0,0.08,0.05
8,PE_FED,0.001213,0.05,0.15,0.3,0.65,0.7,0.75,0.95,-0.5,0.0,0.0,0.1,0.03
6,PB_only,0.001203,0.05,0.15,0.35,0.7,0.65,0.8,0.85,0.0,0.0,0.0,0.06,0.03
8,PB_only,0.001198,0.05,0.2,0.45,0.7,0.75,0.85,0.95,0.0,0.0,0.0,0.06,0.04
6,PB_only,0.001183,0.1,0.2,0.3,0.7,0.7,0.75,0.85,0.0,0.0,0.0,0.1,0.05
8,PB_only,0.00118,0.1,0.15,0.45,0.65,0.65,0.75,0.85,0.0,0.0,0.0,0.06,0.05
6,PB_only,0.001178,0.1,0.15,0.35,0.7,0.65,0.8,0.85,0.0,0.0,0.0,0.12,0.04
8,PB_only,0.001173,0.15,0.25,0.45,0.7,0.7,0.85,0.95,0.0,0.0,0.0,0.12,0.05
8,PB_only,0.001166,0.05,0.2,0.45,0.65,0.7,0.75,0.85,0.0,0.0,0.0,0.06,0.03
8,PE_FED,0.001155,0.1,0.15,0.35,0.65,0.7,0.8,0.95,0.0,0.0,0.0,0.12,0.05
8,PB_only,0.001154,0.1,0.25,0.45,0.7,0.65,0.8,0.95,0.0,0.0,0.0,0.06,0.03
8,PB_only,0.001149,0.1,0.3,0.4,0.7,0.7,0.85,0.95,0.0,0.0,0.0,0.08,0.03
8,PB_FED,0.001127,0.1,0.25,0.45,0.65,0.75,0.8,0.95,-0.5,0.0,0.0,0.1,0.03
8,PB_FED,0.001119,0.05,0.15,0.3,0.5,0.7,0.75,0.95,0.0,0.0,0.0,0.1,0.03
8,PB_only,0.001102,0.15,0.2,0.4,0.65,0.65,0.75,0.95,0.0,0.0,0.0,0.12,0.03
8,PB_FED,0.001102,0.1,0.25,0.3,0.55,0.7,0.75,0.95,0.0,0.0,0.0,0.08,0.03
8,PB_FED,0.001096,0.1,0.25,0.35,0.65,0.65,0.85,0.95,-0.5,0.0,0.0,0.08,0.03
8,PB_only,0.001093,0.15,0.2,0.35,0.65,0.65,0.8,0.85,0.0,0.0,0.0,0.08,0.05
6,PB_only,0.001083,0.05,0.15,0.4,0.7,0.7,0.85,0.9,0.0,0.0,0.0,0.1,0.03
8,PB_only,0.001081,0.1,0.15,0.35,0.65,0.75,0.8,0.85,0.0,0.0,0.0,0.08,0.05
8,PB_only,0.001078,0.05,0.25,0.4,0.7,0.7,0.85,0.95,0.0,0.0,0.0,0.08,0.05
8,PB_only,0.001073,0.2,0.3,0.35,0.7,0.65,0.8,0.9,0.0,0.0,0.0,0.12,0.04
8,PB_FED,0.001073,0.1,0.3,0.35,0.65,0.7,0.8,0.9,-0.5,0.0,0.0,0.1,0.03
8,PB_only,0.001063,0.15,0.25,0.4,0.65,0.65,0.8,0.85,0.0,0.0,0.0,0.06,0.04
8,PB_only,0.00103,0.05,0.25,0.35,0.65,0.65,0.75,0.9,0.0,0.0,0.0,0.08,0.04
8,PB_FED,0.001029,0.1,0.25,0.45,0.65,0.7,0.8,0.9,-0.5,0.0,0.0,0.08,0.04
8,PB_FED,0.001027,0.15,0.2,0.3,0.6,0.7,0.75,0.85,-0.5,0.0,0.0,0.1,0.05
8,PB_only,0.001026,0.05,0.3,0.45,0.7,0.7,0.8,0.85,0.0,0.0,0.0,0.1,0.03
6,PB_FED,0.001021,0.15,0.2,0.35,0.7,0.7,0.75,0.85,-0.5,0.0,0.0,0.1,0.03
8,PB_only,0.00102,0.05,0.25,0.4,0.65,0.7,0.75,0.9,0.0,0.0,0.0,0.1,0.03
6,PB_only,0.00101,0.05,0.2,0.35,0.7,0.7,0.75,0.95,0.0,0.0,0.0,0.06,0.03
6,PB_only,0.00101,0.05,0.2,0.35,0.7,0.7,0.75,0.95,0.0,0.0,0.0,0.12,0.03
8,PB_only,0.001008,0.05,0.25,0.3,0.65,0.65,0.75,0.85,0.0,0.0,0.0,0.1,0.05
8,PB_only,0.000998,0.05,0.25,0.35,0.65,0.65,0.8,0.85,0.0,0.0,0.0,0.06,0.04
8,PB_FED,0.000987,0.1,0.3,0.4,0.7,0.65,0.85,0.9,0.0,0.0,0.0,0.1,0.04
8,PB_FED,0.000981,0.05,0.2,0.4,0.6,0.7,0.75,0.9,0.0,0.0,0.0,0.06,0.05
8,PB_only,0.000978,0.05,0.25,0.45,0.7,0.7,0.85,0.9,0.0,0.0,0.0,0.1,0.05
8,PB_only,0.000976,0.2,0.25,0.4,0.7,0.7,0.85,0.95,0.0,0.0,0.0,0.12,0.05
8,PB_only,0.000968,0.05,0.25,0.45,0.7,0.65,0.85,0.9,0.0,0.0,0.0,0.06,0.04
8,PB_only,0.000952,0.05,0.25,0.45,0.7,0.7,0.8,0.95,0.0,0.0,0.0,0.06,0.04
8,PB_FED,0.000948,0.05,0.15,0.3,0.5,0.7,0.75,0.85,0.0,0.0,0.0,0.06,0.03
8,PB_only,0.00094,0.15,0.2,0.4,0.65,0.75,0.8,0.9,0.0,0.0,0.0,0.1,0.04
8,PB_only,0.000938,0.15,0.3,0.4,0.7,0.75,0.85,0.9,0.0,0.0,0.0,0.08,0.05
8,PB_FED,0.000935,0.1,0.25,0.4,0.65,0.75,0.8,0.95,-0.5,0.0,0.0,0.1,0.04
8,PB_only,0.00093,0.15,0.3,0.45,0.7,0.75,0.85,0.9,0.0,0.0,0.0,0.06,0.04
6,PB_only,0.000915,0.1,0.2,0.35,0.7,0.7,0.8,0.9,0.0,0.0,0.0,0.12,0.03
8,PB_only,0.000913,0.15,0.2,0.3,0.65,0.65,0.8,0.95,0.0,0.0,0.0,0.08,0.05
8,PB_only,0.000913,0.15,0.2,0.3,0.65,0.75,0.8,0.95,0.0,0.0,0.0,0.12,0.05
8,PB_only,0.000912,0.05,0.15,0.3,0.6,0.65,0.75,0.85,0.0,0.0,0.0,0.12,0.04
8,PB_FED,0.000911,0.05,0.15,0.45,0.6,0.65,0.8,0.85,0.0,0.0,0.0,0.06,0.04
8,PE_FED,0.000904,0.15,0.2,0.4,0.7,0.7,0.75,0.95,-0.5,0.0,0.0,0.06,0.05
8,PB_only,0.0009,0.15,0.3,0.4,0.7,0.75,0.8,0.85,0.0,0.0,0.0,0.08,0.05
8,PE_FED,0.000897,0.15,0.2,0.3,0.65,0.7,0.75,0.95,0.0,0.0,0.0,0.06,0.03
8,PB_FED,0.000894,0.2,0.25,0.4,0.65,0.65,0.8,0.95,0.0,0.0,0.0,0.06,0.03
8,PB_FED,0.00089,0.05,0.3,0.4,0.7,0.75,0.85,0.95,0.0,0.0,0.0,0.12,0.03
8,PB_only,0.000889,0.2,0.25,0.45,0.7,0.75,0.8,0.95,0.0,0.0,0.0,0.08,0.05
6,PB_only,0.000879,0.15,0.2,0.4,0.7,0.7,0.75,0.85,0.0,0.0,0.0,0.06,0.04
6,PB_only,0.000878,0.15,0.25,0.3,0.7,0.7,0.8,0.85,0.0,0.0,0.0,0.12,0.04
6,PB_only,0.000876,0.1,0.2,0.35,0.7,0.7,0.8,0.85,0.0,0.0,0.0,0.08,0.04
8,PB_FED,0.000872,0.15,0.2,0.45,0.65,0.75,0.85,0.95,0.0,0.0,0.0,0.12,0.04
8,PB_only,0.000871,0.2,0.3,0.35,0.7,0.65,0.8,0.85,0.0,0.0,0.0,0.08,0.05
8,PB_only,0.000863,0.1,0.2,0.3,0.65,0.65,0.85,0.9,0.0,0.0,0.0,0.08,0.05
8,PB_only,0.000853,0.15,0.25,0.4,0.65,0.65,0.8,0.9,0.0,0.0,0.0,0.12,0.03
8,PB_only,0.000852,0.1,0.2,0.4,0.65,0.65,0.8,0.9,0.0,0.0,0.0,0.1,0.04
8,PB_FED,0.000846,0.1,0.2,0.4,0.55,0.7,0.75,0.9,0.0,0.0,0.0,0.1,0.03
8,PB_only,0.000845,0.2,0.3,0.45,0.7,0.7,0.75,0.85,0.0,0.0,0.0,0.06,0.05
8,PB_only,0.000844,0.1,0.2,0.3,0.65,0.75,0.8,0.95,0.0,0.0,0.0,0.1,0.05
6,PB_only,0.000826,0.15,0.25,0.35,0.7,0.65,0.75,0.85,0.0,0.0,0.0,0.08,0.03
8,PE_FED,0.00082,0.05,0.2,0.3,0.7,0.65,0.8,0.95,0.0,0.0,0.0,0.06,0.04
8,PB_only,0.000819,0.05,0.15,0.35,0.65,0.75,0.8,0.85,0.0,0.0,0.0,0.06,0.05
8,PB_FED,0.000803,0.1,0.2,0.3,0.6,0.7,0.85,0.95,0.0,0.0,0.0,0.06,0.04
8,PB_only,0.000802,0.2,0.25,0.4,0.65,0.7,0.75,0.85,0.0,0.0,0.0,0.06,0.03
8,PB_only,0.000802,0.15,0.3,0.45,0.7,0.7,0.8,0.9,0.0,0.0,0.0,0.12,0.05
8,PB_only,0.0008,0.05,0.15,0.35,0.65,0.7,0.85,0.9,0.0,0.0,0.0,0.1,0.05
8,PB_only,0.000787,0.15,0.3,0.4,0.7,0.65,0.8,0.9,0.0,0.0,0.0,0.06,0.05
6,PB_FED,0.000783,0.1,0.15,0.4,0.7,0.7,0.75,0.95,-0.5,0.0,0.0,0.06,0.04
8,PB_FED,0.000773,0.05,0.25,0.35,0.65,0.65,0.85,0.9,0.0,0.0,0.0,0.06,0.04
8,PB_only,0.00077,0.05,0.15,0.45,0.65,0.75,0.8,0.9,0.0,0.0,0.0,0.12,0.04
6,PB_only,0.000769,0.15,0.2,0.35,0.7,0.65,0.75,0.85,0.0,0.0,0.0,0.12,0.04
8,PB_only,0.000767,0.1,0.25,0.45,0.7,0.65,0.85,0.95,0.0,0.0,0.0,0.06,0.03
8,PB_only,0.000761,0.2,0.25,0.4,0.65,0.7,0.75,0.9,0.0,0.0,0.0,0.12,0.03
6,PB_only,0.000753,0.05,0.2,0.35,0.7,0.75,0.85,0.9,0.0,0.0,0.0,0.1,0.03
6,PB_only,0.000753,0.1,0.15,0.3,0.65,0.65,0.75,0.9,0.0,0.0,0.0,0.08,0.04
6,PB_only,0.000753,0.05,0.2,0.35,0.7,0.75,0.85,0.9,0.0,0.0,0.0,0.12,0.03
8,PB_only,0.000749,0.05,0.2,0.35,0.65,0.7,0.8,0.85,0.0,0.0,0.0,0.1,0.05
8,PB_only,0.000749,0.05,0.2,0.35,0.65,0.7,0.8,0.85,0.0,0.0,0.0,0.08,0.05
6,PB_only,0.000748,0.1,0.15,0.3,0.7,0.75,0.8,0.85,0.0,0.0,0.0,0.12,0.05
6,PB_only,0.000739,0.1,0.15,0.4,0.7,0.65,0.8,0.85,0.0,0.0,0.0,0.06,0.04
8,PE_FED,0.000739,0.1,0.2,0.35,0.7,0.65,0.8,0.95,-0.5,0.0,0.0,0.08,0.04
8,PE_FED,0.000732,0.05,0.15,0.4,0.65,0.75,0.8,0.95,-0.5,0.0,0.0,0.06,0.03
8,PB_FED,0.000732,0.1,0.2,0.35,0.6,0.7,0.8,0.95,0.0,0.0,0.0,0.08,0.04
8,PB_only,0.00073,0.2,0.25,0.3,0.65,0.65,0.75,0.9,0.0,0.0,0.0,0.08,0.05
6,PB_only,0.000726,0.15,0.2,0.35,0.7,0.65,0.8,0.85,0.0,0.0,0.0,0.08,0.03
8,PB_only,0.000718,0.15,0.25,0.45,0.65,0.7,0.75,0.85,0.0,0.0,0.0,0.1,0.04
8,PB_only,0.000718,0.15,0.25,0.35,0.65,0.65,0.75,0.85,0.0,0.0,0.0,0.1,0.05
6,PB_only,0.000717,0.1,0.2,0.3,0.7,0.65,0.8,0.9,0.0,0.0,0.0,0.08,0.04
8,PB_only,0.000713,0.2,0.3,0.4,0.7,0.7,0.85,0.95,0.0,0.0,0.0,0.1,0.03
8,PB_only,0.000712,0.1,0.2,0.45,0.65,0.65,0.8,0.85,0.0,0.0,0.0,0.12,0.03
8,PB_FED,0.000706,0.1,0.15,0.45,0.6,0.7,0.8,0.85,-0.5,0.0,0.0,0.08,0.04
8,PB_FED,0.000703,0.15,0.2,0.35,0.6,0.7,0.8,0.85,-0.5,0.0,0.0,0.1,0.04
8,PB_only,0.000702,0.05,0.25,0.45,0.7,0.65,0.75,0.95,0.0,0.0,0.0,0.06,0.04
6,PB_only,0.000699,0.15,0.2,0.35,0.7,0.7,0.75,0.95,0.0,0.0,0.0,0.08,0.04
8,PB_FED,0.000691,0.1,0.25,0.4,0.65,0.65,0.85,0.95,-0.5,0.0,0.0,0.08,0.03
8,PB_only,0.000689,0.1,0.3,0.4,0.7,0.7,0.8,0.95,0.0,0.0,0.0,0.08,0.04
8,PB_only,0.000682,0.2,0.25,0.3,0.65,0.7,0.75,0.9,0.0,0.0,0.0,0.1,0.05
8,PB_only,0.000669,0.2,0.25,0.35,0.65,0.65,0.8,0.85,0.0,0.0,0.0,0.1,0.04
8,PB_only,0.000665,0.1,0.3,0.4,0.7,0.75,0.8,0.85,0.0,0.0,0.0,0.1,0.05
8,PE_FED,0.000659,0.1,0.15,0.45,0.65,0.75,0.8,0.95,0.0,0.0,0.0,0.1,0.03
6,PB_only,0.000658,0.15,0.25,0.35,0.7,0.65,0.85,0.9,0.0,0.0,0.0,0.1,0.03
8,PB_FED,0.000656,0.05,0.2,0.45,0.6,0.7,0.75,0.9,0.0,0.0,0.0,0.1,0.04
8,PB_only,0.000649,0.1,0.3,0.35,0.7,0.7,0.85,0.95,0.0,0.0,0.0,0.12,0.04
6,PB_only,0.000647,0.1,0.2,0.35,0.7,0.7,0.75,0.95,0.0,0.0,0.0,0.06,0.05
8,PB_only,0.000643,0.15,0.3,0.4,0.7,0.65,0.8,0.95,0.0,0.0,0.0,0.08,0.03
6,PB_only,0.000639,0.1,0.2,0.3,0.7,0.75,0.8,0.9,0.0,0.0,0.0,0.1,0.05
8,PE_FED,0.000628,0.15,0.2,0.35,0.7,0.75,0.85,0.95,-0.5,0.0,0.0,0.1,0.04
8,PB_only,0.000626,0.15,0.2,0.35,0.65,0.7,0.85,0.95,0.0,0.0,0.0,0.08,0.03
8,PB_only,0.000623,0.05,0.2,0.3,0.65,0.75,0.8,0.95,0.0,0.0,0.0,0.1,0.04
8,PB_only,0.000603,0.1,0.2,0.4,0.65,0.7,0.8,0.95,0.0,0.0,0.0,0.06,0.03
8,PB_only,0.000573,0.2,0.3,0.35,0.7,0.65,0.85,0.9,0.0,0.0,0.0,0.1,0.04
6,PB_only,0.000572,0.05,0.25,0.3,0.7,0.7,0.8,0.9,0.0,0.0,0.0,0.08,0.03
6,PB_only,0.000561,0.1,0.25,0.3,0.7,0.7,0.75,0.95,0.0,0.0,0.0,0.06,0.05
8,PB_FED,0.000555,0.1,0.2,0.3,0.6,0.7,0.8,0.9,-0.5,0.0,0.0,0.08,0.05
8,PB_only,0.000553,0.1,0.15,0.35,0.65,0.75,0.85,0.95,0.0,0.0,0.0,0.06,0.05
8,PB_only,0.000548,0.05,0.25,0.4,0.65,0.7,0.75,0.9,0.0,0.0,0.0,0.12,0.04
8,PB_only,0.000546,0.05,0.2,0.3,0.65,0.75,0.85,0.9,0.0,0.0,0.0,0.06,0.05
8,PB_FED,0.000545,0.15,0.3,0.45,0.7,0.75,0.85,0.95,0.0,0.0,0.0,0.12,0.04
8,PB_only,0.000541,0.1,0.15,0.3,0.6,0.7,0.8,0.85,0.0,0.0,0.0,0.1,0.04
8,PB_only,0.000534,0.05,0.2,0.4,0.65,0.7,0.75,0.95,0.0,0.0,0.0,0.08,0.04
8,PB_FED,0.000534,0.05,0.15,0.3,0.5,0.7,0.75,0.85,0.0,0.0,0.0,0.06,0.04
8,PB_only,0.00053,0.1,0.2,0.45,0.7,0.65,0.85,0.95,0.0,0.0,0.0,0.12,0.04
6,PB_only,0.000516,0.15,0.2,0.45,0.7,0.65,0.75,0.85,0.0,0.0,0.0,0.06,0.03
6,PB_only,0.0005,0.1,0.15,0.4,0.7,0.7,0.85,0.95,0.0,0.0,0.0,0.06,0.03
6,PB_only,0.000497,0.1,0.2,0.4,0.7,0.75,0.8,0.9,0.0,0.0,0.0,0.12,0.03
6,PB_FED,0.000496,0.1,0.2,0.35,0.7,0.75,0.8,0.85,-0.5,0.0,0.0,0.06,0.04
6,PB_only,0.000492,0.05,0.2,0.3,0.7,0.7,0.85,0.95,0.0,0.0,0.0,0.1,0.03
8,PB_FED,0.000473,0.05,0.15,0.45,0.6,0.7,0.75,0.9,-0.5,0.0,0.0,0.12,0.04
8,PB_FED,0.00046,0.15,0.25,0.3,0.6,0.65,0.75,0.95,-0.5,0.0,0.0,0.08,0.05
8,PB_only,0.000458,0.05,0.25,0.45,0.65,0.65,0.75,0.9,0.0,0.0,0.0,0.12,0.03
8,PB_FED,0.000452,0.1,0.25,0.35,0.6,0.7,0.85,0.9,0.0,0.0,0.0,0.1,0.03
8,PB_FED,0.000452,0.15,0.2,0.3,0.55,0.7,0.85,0.9,0.0,0.0,0.0,0.12,0.03
8,PB_FED,0.000446,0.15,0.3,0.45,0.65,0.7,0.75,0.9,0.0,0.0,0.0,0.12,0.05
8,PB_only,0.000439,0.15,0.2,0.3,0.65,0.65,0.8,0.95,0.0,0.0,0.0,0.08,0.04
8,PB_FED,0.000438,0.05,0.3,0.45,0.7,0.75,0.8,0.95,-0.5,0.0,0.0,0.12,0.04
8,PB_only,0.000436,0.15,0.3,0.45,0.7,0.75,0.8,0.95,0.0,0.0,0.0,0.06,0.04
8,PB_only,0.000433,0.05,0.15,0.3,0.6,0.75,0.8,0.85,0.0,0.0,0.0,0.08,0.04
8,PB_FED,0.000426,0.15,0.3,0.35,0.65,0.75,0.85,0.95,0.0,0.0,0.0,0.12,0.03
8,PB_FED,0.000423,0.1,0.2,0.45,0.6,0.7,0.75,0.85,-0.5,0.0,0.0,0.1,0.03
8,PB_FED,0.000417,0.1,0.2,0.4,0.6,0.7,0.85,0.95,0.0,0.0,0.0,0.08,0.03
8,PB_only,0.000405,0.15,0.25,0.35,0.65,0.65,0.8,0.85,0.0,0.0,0.0,0.06,0.05
6,PB_FED,0.000398,0.05,0.15,0.35,0.7,0.7,0.8,0.95,-0.5,0.0,0.0,0.1,0.03
8,PB_FED,0.000398,0.15,0.2,0.4,0.6,0.65,0.75,0.95,-0.5,0.0,0.0,0.1,0.03
8,PB_only,0.00039,0.15,0.2,0.45,0.65,0.65,0.75,0.95,0.0,0.0,0.0,0.06,0.05
6,PB_FED,0.000389,0.05,0.15,0.35,0.7,0.65,0.75,0.9,-0.5,0.0,0.0,0.1,0.05
6,PB_only,0.000384,0.05,0.15,0.4,0.7,0.75,0.85,0.9,0.0,0.0,0.0,0.1,0.04
8,PB_FED,0.000381,0.1,0.2,0.35,0.55,0.65,0.75,0.95,0.0,0.0,0.0,0.08,0.05
8,PB_only,0.000378,0.05,0.15,0.4,0.65,0.7,0.8,0.95,0.0,0.0,0.0,0.1,0.05
8,PB_FED,0.000362,0.2,0.25,0.3,0.55,0.7,0.75,0.9,0.0,0.0,0.0,0.12,0.03
6,PB_only,0.000356,0.15,0.25,0.35,0.7,0.7,0.8,0.9,0.0,0.0,0.0,0.1,0.03
8,PB_only,0.000356,0.05,0.2,0.45,0.65,0.75,0.8,0.9,0.0,0.0,0.0,0.06,0.03
8,PB_only,0.000348,0.2,0.25,0.35,0.65,0.7,0.8,0.85,0.0,0.0,0.0,0.06,0.03
8,PB_only,0.000342,0.05,0.15,0.4,0.65,0.75,0.8,0.85,0.0,0.0,0.0,0.06,0.05
8,PB_FED,0.000341,0.1,0.3,0.4,0.65,0.65,0.85,0.9,0.0,0.0,0.0,0.1,0.03
6,PB_only,0.000338,0.1,0.25,0.4,0.7,0.65,0.75,0.85,0.0,0.0,0.0,0.12,0.03
6,PB_only,0.000332,0.1,0.2,0.35,0.7,0.75,0.8,0.95,0.0,0.0,0.0,0.06,0.03
8,PB_FED,0.000326,0.15,0.3,0.35,0.65,0.65,0.75,0.95,-0.5,0.0,0.0,0.06,0.04
8,PB_only,0.000324,0.15,0.2,0.3,0.6,0.65,0.75,0.9,0.0,0.0,0.0,0.06,0.03
6,PB_only,0.000306,0.05,0.2,0.3,0.7,0.7,0.85,0.9,0.0,0.0,0.0,0.1,0.05
8,PB_FED,0.000306,0.1,0.25,0.45,0.65,0.7,0.85,0.9,-0.5,0.0,0.0,0.12,0.04
6,PB_only,0.0003,0.05,0.15,0.45,0.7,0.75,0.8,0.9,0.0,0.0,0.0,0.1,0.03
8,PB_only,0.000294,0.15,0.2,0.35,0.65,0.75,0.8,0.95,0.0,0.0,0.0,0.06,0.04
6,PB_only,0.000289,0.05,0.2,0.35,0.7,0.7,0.75,0.85,0.0,0.0,0.0,0.06,0.05
8,PB_only,0.000288,0.1,0.2,0.3,0.65,0.7,0.85,0.95,0.0,0.0,0.0,0.12,0.05
8,PB_only,0.000287,0.05,0.3,0.35,0.7,0.65,0.8,0.95,0.0,0.0,0.0,0.1,0.03
6,PB_only,0.000286,0.1,0.2,0.45,0.7,0.7,0.75,0.9,0.0,0.0,0.0,0.08,0.04
6,PB_only,0.00028,0.1,0.2,0.45,0.7,0.7,0.75,0.95,0.0,0.0,0.0,0.12,0.03
8,PB_only,0.000278,0.15,0.2,0.3,0.6,0.7,0.75,0.9,0.0,0.0,0.0,0.06,0.03
6,PB_only,0.000277,0.05,0.25,0.35,0.7,0.7,0.75,0.85,0.0,0.0,0.0,0.06,0.04
8,PB_only,0.000272,0.05,0.15,0.35,0.65,0.65,0.85,0.95,0.0,0.0,0.0,0.08,0.05
8,PB_FED,0.000262,0.05,0.25,0.35,0.6,0.75,0.8,0.9,0.0,0.0,0.0,0.06,0.03
8,PE_FED,0.000257,0.1,0.2,0.35,0.7,0.75,0.85,0.95,-0.5,0.0,0.0,0.06,0.05
8,PB_FED,0.000252,0.05,0.15,0.35,0.6,0.65,0.8,0.9,-0.5,0.0,0.0,0.1,0.05
8,PB_FED,0.000251,0.1,0.3,0.45,0.65,0.65,0.75,0.95,0.0,0.0,0.0,0.08,0.05
8,PB_FED,0.00025,0.1,0.15,0.35,0.55,0.65,0.8,0.95,0.0,0.0,0.0,0.12,0.03
6,PB_only,0.00024,0.1,0.25,0.4,0.7,0.7,0.75,0.9,0.0,0.0,0.0,0.1,0.04
8,PB_only,0.000231,0.05,0.2,0.4,0.65,0.75,0.8,0.95,0.0,0.0,0.0,0.06,0.03
6,PB_only,0.00023,0.1,0.25,0.35,0.7,0.7,0.8,0.85,0.0,0.0,0.0,0.08,0.04
6,PB_only,0.00023,0.1,0.25,0.35,0.7,0.7,0.8,0.85,0.0,0.0,0.0,0.1,0.04
8,PB_FED,0.00023,0.15,0.25,0.3,0.55,0.7,0.75,0.95,0.0,0.0,0.0,0.08,0.05
6,PB_only,0.000221,0.2,0.25,0.35,0.7,0.65,0.75,0.85,0.0,0.0,0.0,0.1,0.03
8,PB_FED,0.000211,0.15,0.25,0.45,0.65,0.65,0.85,0.9,0.0,0.0,0.0,0.12,0.05
8,PB_FED,0.000206,0.15,0.2,0.35,0.6,0.65,0.8,0.9,-0.5,0.0,0.0,0.1,0.04
8,PB_only,0.000201,0.05,0.25,0.35,0.65,0.65,0.75,0.95,0.0,0.0,0.0,0.1,0.05
8,PB_FED,0.000198,0.2,0.25,0.45,0.65,0.65,0.8,0.9,0.0,0.0,0.0,0.06,0.05
6,PB_only,0.000187,0.05,0.25,0.3,0.7,0.75,0.8,0.9,0.0,0.0,0.0,0.1,0.04
8,PB_FED,0.000187,0.15,0.3,0.35,0.65,0.65,0.8,0.95,-0.5,0.0,0.0,0.12,0.03
8,PB_FED,0.000187,0.05,0.25,0.45,0.65,0.7,0.8,0.9,-0.5,0.0,0.0,0.06,0.04
6,PB_FED,0.000182,0.15,0.2,0.4,0.7,0.75,0.8,0.9,-0.5,0.0,0.0,0.12,0.03
6,PB_only,0.000161,0.1,0.2,0.35,0.7,0.7,0.85,0.95,0.0,0.0,0.0,0.12,0.03
8,PB_FED,0.00016,0.05,0.2,0.35,0.6,0.7,0.8,0.85,0.0,0.0,0.0,0.08,0.05
8,PB_only,0.000157,0.05,0.25,0.45,0.65,0.7,0.75,0.85,0.0,0.0,0.0,0.12,0.04
6,PB_only,0.000155,0.15,0.2,0.4,0.7,0.65,0.8,0.9,0.0,0.0,0.0,0.12,0.03
8,PB_FED,0.000136,0.05,0.2,0.3,0.6,0.7,0.85,0.95,0.0,0.0,0.0,0.12,0.05
6,PB_FED,0.000133,0.1,0.15,0.3,0.7,0.65,0.75,0.9,0.0,0.0,0.0,0.08,0.05
8,PB_only,0.000132,0.05,0.3,0.4,0.7,0.7,0.8,0.95,0.0,0.0,0.0,0.1,0.05
8,PB_FED,0.000132,0.05,0.15,0.35,0.5,0.7,0.75,0.9,0.0,0.0,0.0,0.12,0.03
6,PB_only,0.000124,0.1,0.15,0.35,0.7,0.75,0.85,0.95,0.0,0.0,0.0,0.08,0.05
8,PB_FED,0.000123,0.15,0.3,0.4,0.7,0.65,0.85,0.95,0.0,0.0,0.0,0.08,0.04
8,PB_only,0.000122,0.2,0.3,0.4,0.7,0.65,0.8,0.9,0.0,0.0,0.0,0.06,0.05
6,PB_only,0.000109,0.15,0.25,0.4,0.7,0.7,0.85,0.9,0.0,0.0,0.0,0.12,0.03
6,PB_FED,9.2e-05,0.1,0.15,0.35,0.7,0.65,0.8,0.9,-0.5,0.0,0.0,0.08,0.05
8,PB_only,7.3e-05,0.05,0.3,0.45,0.7,0.75,0.85,0.95,0.0,0.0,0.0,0.08,0.03
6,PB_only,6.1e-05,0.15,0.25,0.35,0.7,0.7,0.75,0.95,0.0,0.0,0.0,0.06,0.04
8,PB_only,5.4e-05,0.15,0.25,0.35,0.65,0.65,0.85,0.9,0.0,0.0,0.0,0.12,0.04
8,PE_FED,5.1e-05,0.15,0.2,0.4,0.65,0.7,0.75,0.95,0.0,0.0,0.0,0.1,0.04
8,PB_only,4.3e-05,0.1,0.3,0.45,0.7,0.65,0.8,0.9,0.0,0.0,0.0,0.12,0.05
8,PB_only,2e-05,0.2,0.25,0.45,0.65,0.65,0.75,0.85,0.0,0.0,0.0,0.06,0.04
8,PB_only,2e-05,0.2,0.25,0.45,0.65,0.65,0.75,0.85,0.0,0.0,0.0,0.12,0.04
8,PB_only,1.7e-05,0.05,0.25,0.4,0.7,0.65,0.85,0.95,0.0,0.0,0.0,0.12,0.04
8,PB_only,1.3e-05,0.15,0.25,0.4,0.65,0.65,0.8,0.85,0.0,0.0,0.0,0.08,0.05
8,PE_FED,1e-05,0.1,0.15,0.4,0.6,0.65,0.75,0.95,0.0,0.0,0.0,0.06,0.05
8,PB_FED,8e-06,0.05,0.2,0.35,0.55,0.65,0.75,0.95,0.0,0.0,0.0,0.12,0.03
8,PB_FED,5e-06,0.15,0.25,0.3,0.6,0.7,0.8,0.9,-0.5,0.0,0.0,0.1,0.04
6,PB_only,1e-06,0.1,0.15,0.35,0.65,0.7,0.75,0.9,0.0,0.0,0.0,0.1,0.04
8,PB_FED,-1e-06,0.2,0.25,0.45,0.65,0.75,0.8,0.95,0.0,0.0,0.0,0.06,0.04
8,PB_FED,-3e-06,0.05,0.3,0.4,0.65,0.7,0.75,0.9,0.0,0.0,0.0,0.06,0.05
8,PB_FED,-4e-06,0.1,0.2,0.4,0.55,0.7,0.75,0.95,0.0,0.0,0.0,0.1,0.04
6,PB_only,-9e-06,0.1,0.25,0.45,0.7,0.7,0.75,0.9,0.0,0.0,0.0,0.06,0.03
8,PB_only,-1e-05,0.1,0.2,0.45,0.65,0.7,0.8,0.95,0.0,0.0,0.0,0.06,0.03
6,PB_only,-2.8e-05,0.15,0.25,0.4,0.7,0.7,0.8,0.9,0.0,0.0,0.0,0.1,0.03
6,PB_only,-3.2e-05,0.15,0.25,0.35,0.7,0.7,0.8,0.9,0.0,0.0,0.0,0.1,0.04
6,PB_only,-3.6e-05,0.1,0.15,0.4,0.7,0.7,0.8,0.95,0.0,0.0,0.0,0.12,0.04
8,PE_FED,-4.1e-05,0.1,0.15,0.45,0.7,0.65,0.85,0.95,0.0,0.0,0.0,0.08,0.04
6,PB_only,-5.2e-05,0.05,0.2,0.3,0.7,0.65,0.75,0.95,0.0,0.0,0.0,0.08,0.04
6,PB_FED,-5.6e-05,0.05,0.2,0.3,0.7,0.7,0.85,0.95,-0.5,0.0,0.0,0.08,0.03
8,PB_only,-6.4e-05,0.1,0.2,0.45,0.65,0.65,0.8,0.85,0.0,0.0,0.0,0.06,0.05
6,PB_only,-6.7e-05,0.1,0.2,0.4,0.7,0.75,0.85,0.9,0.0,0.0,0.0,0.06,0.04
6,PB_only,-8.4e-05,0.05,0.15,0.35,0.7,0.65,0.8,0.95,0.0,0.0,0.0,0.06,0.03
8,PB_only,-9.8e-05,0.1,0.2,0.3,0.6,0.65,0.75,0.85,0.0,0.0,0.0,0.08,0.04
8,PB_only,-0.000103,0.15,0.2,0.3,0.6,0.7,0.75,0.85,0.0,0.0,0.0,0.12,0.04
8,PB_only,-0.000105,0.05,0.25,0.4,0.65,0.7,0.75,0.85,0.0,0.0,0.0,0.08,0.05
8,PE_only,-0.000108,0.05,0.15,0.3,0.7,0.7,0.75,0.95,0.0,0.0,0.0,0.08,0.04
6,PB_FED,-0.000113,0.15,0.2,0.3,0.65,0.65,0.75,0.9,-0.5,0.0,0.0,0.08,0.04
8,PB_only,-0.000117,0.1,0.3,0.35,0.65,0.7,0.8,0.85,0.0,0.0,0.0,0.06,0.04
6,PB_only,-0.000119,0.1,0.15,0.4,0.7,0.65,0.8,0.85,0.0,0.0,0.0,0.06,0.05
6,PB_only,-0.000125,0.1,0.15,0.3,0.7,0.65,0.85,0.95,0.0,0.0,0.0,0.08,0.04
8,PB_only,-0.000127,0.05,0.15,0.4,0.65,0.75,0.85,0.95,0.0,0.0,0.0,0.08,0.04
8,PB_FED,-0.00013,0.05,0.25,0.35,0.6,0.7,0.75,0.85,0.0,0.0,0.0,0.1,0.05
8,PB_only,-0.000132,0.2,0.25,0.35,0.65,0.75,0.8,0.9,0.0,0.0,0.0,0.08,0.04
6,PB_only,-0.000134,0.05,0.15,0.35,0.7,0.7,0.85,0.95,0.0,0.0,0.0,0.06,0.05
8,PB_only,-0.000136,0.05,0.2,0.4,0.65,0.65,0.85,0.9,0.0,0.0,0.0,0.1,0.04
8,PB_only,-0.000147,0.15,0.2,0.4,0.65,0.75,0.8,0.95,0.0,0.0,0.0,0.1,0.05
8,PB_FED,-0.000147,0.1,0.3,0.35,0.65,0.65,0.85,0.9,0.0,0.0,0.0,0.08,0.04
6,PB_FED,-0.00016,0.1,0.15,0.45,0.7,0.7,0.8,0.95,-0.5,0.0,0.0,0.12,0.03
8,PB_FED,-0.00016,0.05,0.15,0.3,0.7,0.7,0.75,0.95,0.5,0.0,0.0,0.1,0.03
8,PB_only,-0.000166,0.05,0.15,0.4,0.6,0.65,0.75,0.85,0.0,0.0,0.0,0.08,0.03
8,PB_only,-0.000174,0.2,0.3,0.4,0.7,0.7,0.85,0.95,0.0,0.0,0.0,0.08,0.05
8,PB_only,-0.000175,0.05,0.2,0.45,0.65,0.7,0.8,0.9,0.0,0.0,0.0,0.08,0.04
8,PB_only,-0.000177,0.1,0.25,0.45,0.65,0.75,0.85,0.9,0.0,0.0,0.0,0.06,0.03
8,PB_FED,-0.000179,0.1,0.2,0.4,0.6,0.75,0.8,0.9,-0.5,0.0,0.0,0.08,0.04
8,PB_only,-0.000185,0.05,0.2,0.4,0.65,0.75,0.8,0.9,0.0,0.0,0.0,0.12,0.05
8,PB_FED,-0.000193,0.05,0.15,0.4,0.6,0.65,0.8,0.95,-0.5,0.0,0.0,0.12,0.03
8,PE_FED,-0.000225,0.1,0.2,0.4,0.65,0.7,0.75,0.95,0.0,0.0,0.0,0.06,0.05
8,PB_FED,-0.000226,0.05,0.25,0.45,0.65,0.65,0.8,0.85,-0.5,0.0,0.0,0.1,0.05
6,PB_FED,-0.000231,0.05,0.15,0.3,0.65,0.7,0.75,0.9,-0.5,0.0,0.0,0.08,0.05
6,PB_FED,-0.000232,0.15,0.25,0.3,0.7,0.7,0.8,0.9,-0.5,0.0,0.0,0.1,0.03
8,PB_FED,-0.000235,0.1,0.2,0.3,0.5,0.7,0.75,0.85,0.0,0.0,0.0,0.08,0.04
8,PB_only,-0.000236,0.15,0.3,0.4,0.65,0.7,0.75,0.9,0.0,0.0,0.0,0.1,0.04
6,PB_FED,-0.000245,0.05,0.2,0.3,0.7,0.75,0.8,0.95,-0.5,0.0,0.0,0.1,0.04
8,PB_FED,-0.000245,0.15,0.2,0.45,0.55,0.65,0.75,0.9,0.0,0.0,0.0,0.12,0.04
8,PB_only,-0.000249,0.2,0.25,0.3,0.65,0.7,0.85,0.95,0.0,0.0,0.0,0.12,0.03
6,PB_only,-0.000253,0.05,0.15,0.35,0.7,0.65,0.85,0.95,0.0,0.0,0.0,0.1,0.03
8,PE_FED,-0.000257,0.1,0.2,0.35,0.7,0.7,0.85,0.95,0.0,0.0,0.0,0.12,0.04
8,PB_FED,-0.000261,0.2,0.25,0.35,0.65,0.7,0.85,0.95,-0.5,0.0,0.0,0.12,0.05
6,PB_FED,-0.000264,0.1,0.15,0.45,0.7,0.7,0.8,0.9,-0.5,0.0,0.0,0.1,0.04
6,PB_only,-0.000267,0.1,0.2,0.4,0.7,0.7,0.8,0.85,0.0,0.0,0.0,0.1,0.05
8,PB_only,-0.000286,0.15,0.2,0.45,0.65,0.7,0.8,0.9,0.0,0.0,0.0,0.06,0.05
8,PB_FED,-0.000291,0.1,0.3,0.4,0.65,0.7,0.8,0.9,-0.5,0.0,0.0,0.1,0.05
8,PB_only,-0.000292,0.15,0.25,0.45,0.65,0.7,0.8,0.9,0.0,0.0,0.0,0.06,0.04
8,PE_FED,-0.000293,0.1,0.2,0.35,0.7,0.7,0.85,0.95,0.0,0.0,0.0,0.1,0.03
8,PB_only,-0.000304,0.2,0.25,0.4,0.65,0.7,0.75,0.9,0.0,0.0,0.0,0.08,0.05
6,PB_only,-0.000305,0.2,0.25,0.35,0.7,0.75,0.8,0.85,0.0,0.0,0.0,0.08,0.04
6,PB_only,-0.000313,0.2,0.25,0.3,0.7,0.75,0.85,0.9,0.0,0.0,0.0,0.06,0.04
8,PB_only,-0.000332,0.1,0.15,0.4,0.6,0.65,0.75,0.85,0.0,0.0,0.0,0.06,0.04
6,PB_only,-0.000336,0.1,0.25,0.45,0.7,0.7,0.75,0.9,0.0,0.0,0.0,0.1,0.04
8,PE_FED,-0.000339,0.1,0.2,0.35,0.7,0.65,0.85,0.95,-0.5,0.0,0.0,0.1,0.05
8,PB_only,-0.000339,0.1,0.2,0.4,0.65,0.7,0.85,0.9,0.0,0.0,0.0,0.06,0.05
8,PE_FED,-0.000351,0.05,0.15,0.45,0.65,0.65,0.8,0.95,-0.5,0.0,0.0,0.06,0.04
8,PB_only,-0.000353,0.15,0.2,0.45,0.65,0.75,0.85,0.95,0.0,0.0,0.0,0.06,0.03
6,PB_only,-0.000365,0.05,0.15,0.4,0.7,0.65,0.75,0.95,0.0,0.0,0.0,0.08,0.04
8,PB_FED,-0.000365,0.05,0.15,0.4,0.55,0.7,0.75,0.95,-0.5,0.0,0.0,0.06,0.03
8,PB_FED,-0.00037,0.1,0.3,0.4,0.65,0.7,0.8,0.95,0.0,0.0,0.0,0.12,0.04
8,PB_only,-0.000372,0.05,0.15,0.45,0.65,0.7,0.85,0.9,0.0,0.0,0.0,0.06,0.05
6,PB_only,-0.00039,0.1,0.15,0.3,0.65,0.75,0.8,0.95,0.0,0.0,0.0,0.12,0.03
8,PB_only,-0.000392,0.05,0.3,0.45,0.7,0.7,0.8,0.95,0.0,0.0,0.0,0.12,0.05
8,PB_only,-0.000396,0.1,0.2,0.45,0.65,0.65,0.75,0.95,0.0,0.0,0.0,0.12,0.04
8,PB_only,-0.000407,0.1,0.25,0.3,0.65,0.7,0.85,0.95,0.0,0.0,0.0,0.12,0.04
6,PB_only,-0.00041,0.05,0.2,0.4,0.7,0.7,0.8,0.95,0.0,0.0,0.0,0.12,0.03
6,PB_only,-0.000411,0.05,0.25,0.3,0.7,0.75,0.85,0.9,0.0,0.0,0.0,0.1,0.05
6,PB_only,-0.000411,0.15,0.25,0.3,0.7,0.75,0.8,0.95,0.0,0.0,0.0,0.12,0.04
6,PB_only,-0.000418,0.15,0.2,0.35,0.7,0.65,0.75,0.95,0.0,0.0,0.0,0.06,0.04
8,PB_FED,-0.000418,0.1,0.15,0.45,0.55,0.75,0.8,0.85,0.0,0.0,0.0,0.12,0.04
8,PB_only,-0.00042,0.1,0.2,0.35,0.65,0.65,0.85,0.95,0.0,0.0,0.0,0.06,0.05
6,PB_FED,-0.000421,0.05,0.15,0.35,0.7,0.65,0.75,0.9,0.0,0.0,0.0,0.06,0.03
8,PB_only,-0.000427,0.05,0.25,0.35,0.65,0.65,0.8,0.9,0.0,0.0,0.0,0.06,0.05
8,PB_only,-0.000433,0.05,0.25,0.4,0.65,0.7,0.8,0.85,0.0,0.0,0.0,0.1,0.05
6,PB_only,-0.000436,0.05,0.2,0.45,0.7,0.75,0.8,0.9,0.0,0.0,0.0,0.06,0.03
6,PB_only,-0.000436,0.05,0.2,0.45,0.7,0.7,0.8,0.9,0.0,0.0,0.0,0.1,0.03
8,PB_FED,-0.000441,0.1,0.3,0.4,0.65,0.75,0.8,0.95,0.0,0.0,0.0,0.12,0.05
8,PB_only,-0.000444,0.15,0.3,0.4,0.65,0.65,0.8,0.9,0.0,0.0,0.0,0.12,0.03
8,PB_only,-0.000444,0.15,0.3,0.4,0.65,0.65,0.8,0.9,0.0,0.0,0.0,0.08,0.03
6,PB_only,-0.000447,0.05,0.25,0.35,0.7,0.7,0.8,0.85,0.0,0.0,0.0,0.08,0.03
6,PB_FED,-0.000454,0.15,0.2,0.4,0.7,0.65,0.75,0.85,0.0,0.0,0.0,0.06,0.03
6,PB_only,-0.000457,0.15,0.3,0.35,0.7,0.7,0.75,0.85,0.0,0.0,0.0,0.06,0.03
8,PB_FED,-0.00046,0.15,0.3,0.45,0.6,0.7,0.75,0.9,0.0,0.0,0.0,0.1,0.03
6,PB_only,-0.000464,0.1,0.15,0.35,0.65,0.7,0.75,0.9,0.0,0.0,0.0,0.06,0.05
8,PB_FED,-0.000466,0.1,0.3,0.4,0.6,0.65,0.75,0.9,0.0,0.0,0.0,0.1,0.04
8,PB_FED,-0.00047,0.05,0.2,0.35,0.6,0.65,0.85,0.9,0.0,0.0,0.0,0.12,0.05
6,PB_FED,-0.00049,0.1,0.2,0.45,0.7,0.75,0.8,0.85,-0.5,0.0,0.0,0.12,0.03
8,PB_only,-0.000522,0.1,0.15,0.4,0.6,0.7,0.75,0.9,0.0,0.0,0.0,0.06,0.04
6,PB_only,-0.000523,0.05,0.25,0.4,0.7,0.7,0.75,0.9,0.0,0.0,0.0,0.08,0.05
8,PB_only,-0.000524,0.1,0.25,0.3,0.6,0.65,0.75,0.85,0.0,0.0,0.0,0.12,0.03
8,PB_FED,-0.000527,0.05,0.25,0.35,0.55,0.65,0.75,0.85,0.0,0.0,0.0,0.08,0.03
8,PB_only,-0.000529,0.15,0.2,0.3,0.6,0.75,0.8,0.85,0.0,0.0,0.0,0.06,0.04
8,PB_FED,-0.000535,0.15,0.3,0.4,0.6,0.65,0.75,0.95,0.0,0.0,0.0,0.08,0.03
8,PB_FED,-0.000541,0.15,0.25,0.35,0.55,0.65,0.75,0.95,0.0,0.0,0.0,0.1,0.05
6,PB_only,-0.000542,0.05,0.15,0.4,0.7,0.65,0.8,0.95,0.0,0.0,0.0,0.06,0.03
8,PB_FED,-0.000544,0.2,0.25,0.4,0.65,0.7,0.85,0.95,-0.5,0.0,0.0,0.06,0.04
8,PB_only,-0.000549,0.05,0.25,0.35,0.65,0.75,0.85,0.95,0.0,0.0,0.0,0.08,0.03
6,PB_only,-0.000553,0.05,0.2,0.3,0.65,0.65,0.8,0.85,0.0,0.0,0.0,0.12,0.03
8,PB_FED,-0.000568,0.15,0.25,0.3,0.6,0.7,0.85,0.95,-0.5,0.0,0.0,0.08,0.03
6,PB_only,-0.000572,0.1,0.15,0.3,0.65,0.75,0.85,0.9,0.0,0.0,0.0,0.1,0.04
8,PB_only,-0.000574,0.15,0.2,0.3,0.6,0.65,0.8,0.9,0.0,0.0,0.0,0.1,0.03
8,PB_only,-0.000586,0.05,0.15,0.4,0.6,0.7,0.75,0.85,0.0,0.0,0.0,0.1,0.04
8,PB_only,-0.000586,0.05,0.15,0.4,0.6,0.7,0.75,0.85,0.0,0.0,0.0,0.12,0.04
6,PB_only,-0.000589,0.05,0.15,0.4,0.65,0.7,0.75,0.85,0.0,0.0,0.0,0.12,0.03
8,PB_only,-0.000592,0.05,0.25,0.45,0.65,0.65,0.75,0.9,0.0,0.0,0.0,0.06,0.05
6,PB_FED,-0.000594,0.1,0.2,0.3,0.65,0.7,0.75,0.9,0.0,0.0,0.0,0.1,0.03
8,PB_FED,-0.000604,0.1,0.15,0.4,0.5,0.65,0.75,0.85,0.0,0.0,0.0,0.06,0.04
8,PB_FED,-0.000608,0.15,0.2,0.4,0.55,0.65,0.75,0.95,0.0,0.0,0.0,0.1,0.04
6,PB_FED,-0.000612,0.15,0.2,0.3,0.65,0.75,0.8,0.9,-0.5,0.0,0.0,0.1,0.03
8,PB_FED,-0.000615,0.05,0.15,0.3,0.5,0.7,0.8,0.85,0.0,0.0,0.0,0.12,0.03
6,PB_only,-0.000625,0.1,0.2,0.4,0.65,0.65,0.75,0.85,0.0,0.0,0.0,0.1,0.03
8,PE_FED,-0.000643,0.05,0.25,0.35,0.7,0.65,0.8,0.95,0.0,0.0,0.0,0.06,0.04
8,PB_only,-0.000651,0.1,0.15,0.45,0.6,0.65,0.75,0.85,0.0,0.0,0.0,0.08,0.03
6,PB_only,-0.000656,0.15,0.25,0.45,0.7,0.7,0.75,0.9,0.0,0.0,0.0,0.12,0.05
6,PB_only,-0.000658,0.15,0.25,0.3,0.7,0.75,0.8,0.85,0.0,0.0,0.0,0.12,0.05
8,PB_only,-0.000671,0.05,0.15,0.3,0.55,0.65,0.75,0.9,0.0,0.0,0.0,0.1,0.03
8,PB_FED,-0.000672,0.15,0.3,0.4,0.65,0.65,0.85,0.9,0.0,0.0,0.0,0.06,0.05
8,PB_only,-0.000682,0.05,0.2,0.35,0.65,0.7,0.85,0.95,0.0,0.0,0.0,0.06,0.04
8,PE_FED,-0.000689,0.15,0.25,0.45,0.7,0.65,0.75,0.95,0.0,0.0,0.0,0.12,0.03
8,PB_only,-0.000691,0.1,0.15,0.35,0.6,0.65,0.85,0.9,0.0,0.0,0.0,0.06,0.03
8,PB_FED,-0.000694,0.05,0.2,0.3,0.55,0.7,0.85,0.95,0.0,0.0,0.0,0.1,0.03
8,PB_only,-0.000696,0.05,0.15,0.4,0.6,0.65,0.75,0.9,0.0,0.0,0.0,0.1,0.04
6,PB_only,-0.000697,0.15,0.2,0.3,0.7,0.65,0.8,0.95,0.0,0.0,0.0,0.1,0.04
8,PB_only,-0.000698,0.15,0.3,0.4,0.65,0.65,0.85,0.9,0.0,0.0,0.0,0.12,0.03
6,PB_only,-0.000708,0.1,0.15,0.45,0.7,0.65,0.8,0.9,0.0,0.0,0.0,0.06,0.05
6,PB_only,-0.000715,0.1,0.15,0.35,0.65,0.65,0.75,0.95,0.0,0.0,0.0,0.1,0.05
6,PB_only,-0.000718,0.05,0.15,0.3,0.65,0.65,0.75,0.95,0.0,0.0,0.0,0.1,0.04
6,PB_only,-0.000719,0.15,0.2,0.35,0.7,0.65,0.85,0.95,0.0,0.0,0.0,0.08,0.03
8,PB_FED,-0.000724,0.1,0.15,0.35,0.5,0.75,0.8,0.9,0.0,0.0,0.0,0.1,0.03
8,PE_only,-0.000725,0.05,0.15,0.4,0.7,0.7,0.75,0.95,0.0,0.0,0.0,0.12,0.05
8,PB_only,-0.000732,0.2,0.25,0.4,0.65,0.7,0.8,0.95,0.0,0.0,0.0,0.08,0.03
8,PB_only,-0.000732,0.2,0.25,0.4,0.65,0.7,0.8,0.95,0.0,0.0,0.0,0.1,0.03
8,PE_FED,-0.000736,0.1,0.2,0.35,0.65,0.75,0.8,0.95,-0.5,0.0,0.0,0.06,0.04
8,PB_only,-0.000741,0.05,0.2,0.3,0.6,0.7,0.8,0.85,0.0,0.0,0.0,0.1,0.04
8,PB_only,-0.000743,0.15,0.3,0.4,0.65,0.7,0.85,0.9,0.0,0.0,0.0,0.12,0.03
6,PB_only,-0.000748,0.15,0.2,0.3,0.65,0.7,0.8,0.85,0.0,0.0,0.0,0.1,0.04
6,PB_only,-0.000748,0.15,0.2,0.3,0.65,0.75,0.8,0.85,0.0,0.0,0.0,0.1,0.04
8,PB_FED,-0.00075,0.15,0.3,0.45,0.65,0.7,0.8,0.95,0.0,0.0,0.0,0.08,0.04
6,PB_only,-0.00076,0.1,0.3,0.35,0.7,0.7,0.75,0.85,0.0,0.0,0.0,0.08,0.04
8,PB_only,-0.00076,0.15,0.2,0.45,0.65,0.75,0.8,0.85,0.0,0.0,0.0,0.06,0.05
8,PB_only,-0.000762,0.2,0.3,0.4,0.7,0.65,0.85,0.95,0.0,0.0,0.0,0.1,0.05
8,PB_only,-0.000762,0.05,0.3,0.45,0.7,0.75,0.85,0.95,0.0,0.0,0.0,0.06,0.04
8,PE_FED,-0.000765,0.1,0.2,0.45,0.65,0.7,0.75,0.95,0.0,0.0,0.0,0.08,0.04
8,PE_FED,-0.000766,0.05,0.15,0.45,0.6,0.7,0.75,0.95,0.0,0.0,0.0,0.06,0.04
8,PB_FED,-0.000775,0.2,0.25,0.45,0.6,0.75,0.8,0.9,0.0,0.0,0.0,0.06,0.03
6,PB_FED,-0.000778,0.05,0.2,0.45,0.7,0.7,0.75,0.85,-0.5,0.0,0.0,0.06,0.04
6,PB_only,-0.000779,0.15,0.3,0.4,0.7,0.65,0.75,0.85,0.0,0.0,0.0,0.12,0.03
8,PB_only,-0.000779,0.2,0.25,0.35,0.65,0.75,0.85,0.9,0.0,0.0,0.0,0.1,0.04
6,PB_only,-0.000795,0.05,0.25,0.35,0.7,0.7,0.8,0.85,0.0,0.0,0.0,0.08,0.05
8,PB_FED,-0.000798,0.1,0.25,0.35,0.6,0.65,0.85,0.9,0.0,0.0,0.0,0.12,0.05
6,PB_only,-0.000801,0.15,0.2,0.45,0.7,0.65,0.8,0.9,0.0,0.0,0.0,0.12,0.04
6,PB_FED,-0.000802,0.1,0.2,0.3,0.7,0.7,0.8,0.9,0.0,0.0,0.0,0.06,0.04
8,PE_FED,-0.000806,0.1,0.2,0.35,0.6,0.65,0.8,0.95,0.0,0.0,0.0,0.08,0.03
8,PB_only,-0.000813,0.05,0.2,0.3,0.6,0.65,0.8,0.9,0.0,0.0,0.0,0.08,0.03
6,PB_only,-0.000819,0.15,0.25,0.35,0.65,0.65,0.75,0.85,0.0,0.0,0.0,0.06,0.03
6,PB_FED,-0.000819,0.05,0.15,0.4,0.7,0.75,0.8,0.95,-0.5,0.0,0.0,0.06,0.05
6,PB_only,-0.00083,0.05,0.25,0.35,0.7,0.65,0.75,0.95,0.0,0.0,0.0,0.1,0.05
8,PB_only,-0.000833,0.2,0.3,0.4,0.7,0.65,0.8,0.95,0.0,0.0,0.0,0.1,0.04
6,PB_only,-0.000834,0.05,0.25,0.3,0.7,0.65,0.85,0.9,0.0,0.0,0.0,0.08,0.05
6,PB_only,-0.000837,0.15,0.25,0.3,0.65,0.65,0.75,0.9,0.0,0.0,0.0,0.12,0.04
6,PB_only,-0.000839,0.1,0.2,0.45,0.7,0.7,0.85,0.95,0.0,0.0,0.0,0.12,0.03
8,PE_FED,-0.000839,0.1,0.25,0.3,0.65,0.65,0.75,0.95,0.0,0.0,0.0,0.1,0.05
8,PE_only,-0.00084,0.1,0.15,0.4,0.7,0.65,0.8,0.95,0.0,0.0,0.0,0.08,0.03
6,PB_only,-0.000846,0.05,0.15,0.3,0.65,0.75,0.8,0.9,0.0,0.0,0.0,0.12,0.05
8,PE_FED,-0.000846,0.1,0.15,0.45,0.65,0.65,0.85,0.95,0.0,0.0,0.0,0.06,0.03
8,PB_FED,-0.000865,0.05,0.3,0.45,0.65,0.7,0.75,0.95,-0.5,0.0,0.0,0.08,0.04
8,PB_only,-0.000869,0.2,0.25,0.35,0.65,0.65,0.8,0.95,0.0,0.0,0.0,0.06,0.03
8,PB_only,-0.000869,0.2,0.25,0.35,0.65,0.65,0.8,0.95,0.0,0.0,0.0,0.1,0.03
6,PB_FED,-0.000876,0.05,0.15,0.45,0.7,0.65,0.8,0.9,-0.5,0.0,0.0,0.1,0.03
8,PE_FED,-0.000878,0.1,0.2,0.35,0.65,0.65,0.75,0.95,-0.5,0.0,0.0,0.1,0.05
6,PB_only,-0.000881,0.1,0.15,0.45,0.7,0.75,0.85,0.95,0.0,0.0,0.0,0.06,0.04
8,PB_only,-0.000894,0.2,0.3,0.45,0.65,0.65,0.75,0.9,0.0,0.0,0.0,0.1,0.03
8,PB_FED,-0.000894,0.05,0.2,0.35,0.55,0.65,0.8,0.85,0.0,0.0,0.0,0.12,0.03
8,PB_only,-0.000895,0.05,0.3,0.45,0.65,0.65,0.75,0.85,0.0,0.0,0.0,0.12,0.03
6,PB_only,-0.000896,0.05,0.15,0.35,0.65,0.65,0.75,0.95,0.0,0.0,0.0,0.12,0.05
8,PB_FED,-0.000906,0.2,0.3,0.35,0.65,0.75,0.8,0.95,-0.5,0.0,0.0,0.1,0.04
8,PB_FED,-0.000909,0.05,0.15,0.3,0.55,0.7,0.8,0.85,-0.5,0.0,0.0,0.08,0.05
6,PB_only,-0.000916,0.15,0.2,0.35,0.65,0.7,0.75,0.85,0.0,0.0,0.0,0.06,0.04
8,PB_only,-0.000919,0.1,0.25,0.3,0.6,0.65,0.75,0.85,0.0,0.0,0.0,0.08,0.04
6,PB_only,-0.00092,0.1,0.15,0.45,0.7,0.7,0.85,0.95,0.0,0.0,0.0,0.08,0.05
8,PB_only,-0.00092,0.05,0.25,0.35,0.65,0.75,0.8,0.95,0.0,0.0,0.0,0.06,0.05
8,PE_FED,-0.000923,0.05,0.25,0.4,0.7,0.75,0.8,0.95,0.0,0.0,0.0,0.1,0.05
8,PB_FED,-0.000923,0.15,0.2,0.3,0.7,0.7,0.75,0.95,0.5,0.0,0.0,0.06,0.03
6,PB_only,-0.000925,0.1,0.15,0.35,0.65,0.65,0.75,0.85,0.0,0.0,0.0,0.1,0.05
8,PB_only,-0.000926,0.15,0.2,0.35,0.6,0.75,0.8,0.85,0.0,0.0,0.0,0.08,0.03
6,PB_only,-0.000928,0.05,0.15,0.3,0.65,0.7,0.85,0.95,0.0,0.0,0.0,0.12,0.03
6,PB_only,-0.000929,0.2,0.25,0.4,0.7,0.7,0.75,0.95,0.0,0.0,0.0,0.12,0.04
6,PB_FED,-0.000941,0.1,0.2,0.35,0.7,0.75,0.85,0.95,-0.5,0.0,0.0,0.06,0.04
6,PB_FED,-0.000948,0.05,0.2,0.3,0.65,0.65,0.75,0.95,-0.5,0.0,0.0,0.12,0.03
8,PB_only,-0.000948,0.15,0.25,0.45,0.65,0.7,0.8,0.9,0.0,0.0,0.0,0.08,0.05
6,PB_only,-0.000952,0.1,0.15,0.45,0.7,0.75,0.8,0.85,0.0,0.0,0.0,0.06,0.05
6,PB_only,-0.000954,0.15,0.2,0.4,0.7,0.75,0.85,0.95,0.0,0.0,0.0,0.1,0.05
8,PB_FED,-0.000954,0.15,0.2,0.3,0.55,0.7,0.85,0.9,0.0,0.0,0.0,0.12,0.05
6,PB_only,-0.000957,0.2,0.3,0.35,0.7,0.65,0.75,0.85,0.0,0.0,0.0,0.12,0.03
8,PE_FED,-0.000959,0.1,0.15,0.45,0.65,0.7,0.85,0.95,0.0,0.0,0.0,0.08,0.05
8,PB_FED,-0.000974,0.2,0.3,0.35,0.65,0.75,0.8,0.95,-0.5,0.0,0.0,0.1,0.05
8,PB_only,-0.000981,0.05,0.25,0.35,0.65,0.75,0.85,0.9,0.0,0.0,0.0,0.12,0.05
6,PB_only,-0.000992,0.05,0.3,0.35,0.7,0.7,0.75,0.85,0.0,0.0,0.0,0.06,0.03
8,PB_only,-0.001009,0.05,0.3,0.35,0.65,0.7,0.85,0.9,0.0,0.0,0.0,0.1,0.03
6,PB_only,-0.001016,0.05,0.15,0.45,0.7,0.65,0.8,0.85,0.0,0.0,0.0,0.08,0.05
6,PB_FED,-0.001024,0.1,0.15,0.35,0.65,0.75,0.8,0.9,-0.5,0.0,0.0,0.08,0.04
6,PB_FED,-0.001024,0.1,0.15,0.45,0.65,0.7,0.75,0.9,-0.5,0.0,0.0,0.1,0.03
8,PB_only,-0.001024,0.05,0.15,0.4,0.6,0.7,0.8,0.85,0.0,0.0,0.0,0.06,0.04
6,PB_only,-0.001025,0.2,0.3,0.35,0.7,0.7,0.75,0.85,0.0,0.0,0.0,0.08,0.03
8,PE_only,-0.00103,0.05,0.15,0.35,0.7,0.65,0.75,0.95,0.0,0.0,0.0,0.06,0.05
6,PB_only,-0.001041,0.2,0.25,0.45,0.7,0.75,0.8,0.85,0.0,0.0,0.0,0.1,0.03
8,PB_only,-0.001046,0.05,0.15,0.35,0.6,0.65,0.75,0.85,0.0,0.0,0.0,0.1,0.05
8,PB_only,-0.001051,0.1,0.2,0.35,0.6,0.65,0.75,0.9,0.0,0.0,0.0,0.1,0.04
8,PB_FED,-0.001057,0.1,0.25,0.4,0.55,0.7,0.75,0.95,0.0,0.0,0.0,0.12,0.05
6,PB_only,-0.001061,0.05,0.25,0.4,0.7,0.7,0.8,0.95,0.0,0.0,0.0,0.12,0.03
8,PE_FED,-0.001063,0.05,0.15,0.35,0.55,0.7,0.8,0.95,0.0,0.0,0.0,0.12,0.03
8,PE_only,-0.001069,0.1,0.15,0.3,0.7,0.75,0.85,0.95,0.0,0.0,0.0,0.08,0.05
8,PB_FED,-0.001081,0.15,0.3,0.4,0.65,0.7,0.85,0.95,-0.5,0.0,0.0,0.06,0.04
8,PB_FED,-0.001081,0.05,0.25,0.3,0.55,0.65,0.75,0.85,0.0,0.0,0.0,0.1,0.05
6,PB_only,-0.001084,0.1,0.25,0.35,0.65,0.65,0.75,0.9,0.0,0.0,0.0,0.08,0.03
6,PB_only,-0.001085,0.1,0.3,0.35,0.7,0.75,0.8,0.85,0.0,0.0,0.0,0.06,0.04
6,PB_FED,-0.001094,0.1,0.2,0.3,0.65,0.7,0.75,0.85,0.0,0.0,0.0,0.08,0.03
6,PB_FED,-0.001106,0.15,0.2,0.3,0.65,0.7,0.75,0.85,-0.5,0.0,0.0,0.1,0.05
6,PB_FED,-0.001111,0.2,0.25,0.3,0.7,0.75,0.85,0.9,-0.5,0.0,0.0,0.06,0.03
6,PB_only,-0.001114,0.1,0.25,0.35,0.7,0.65,0.8,0.85,0.0,0.0,0.0,0.06,0.05
8,PB_only,-0.001116,0.1,0.15,0.4,0.6,0.7,0.75,0.9,0.0,0.0,0.0,0.08,0.05
8,PE_only,-0.001117,0.1,0.15,0.45,0.7,0.7,0.8,0.95,0.0,0.0,0.0,0.12,0.03
6,PB_FED,-0.001122,0.1,0.2,0.3,0.65,0.65,0.75,0.85,-0.5,0.0,0.0,0.12,0.05
8,PB_only,-0.001132,0.05,0.3,0.35,0.65,0.65,0.75,0.95,0.0,0.0,0.0,0.12,0.03
6,PB_only,-0.001141,0.05,0.15,0.3,0.65,0.7,0.85,0.9,0.0,0.0,0.0,0.1,0.05
8,PB_only,-0.001147,0.05,0.3,0.35,0.65,0.7,0.75,0.85,0.0,0.0,0.0,0.08,0.05
8,PB_FED,-0.00116,0.05,0.2,0.45,0.6,0.7,0.8,0.85,0.0,0.0,0.0,0.08,0.05
8,PB_FED,-0.001161,0.15,0.3,0.4,0.65,0.7,0.85,0.95,-0.5,0.0,0.0,0.1,0.05
6,PB_FED,-0.001169,0.1,0.2,0.35,0.7,0.7,0.8,0.9,0.0,0.0,0.0,0.06,0.03
6,PB_only,-0.001174,0.05,0.2,0.3,0.65,0.65,0.8,0.9,0.0,0.0,0.0,0.1,0.04
8,PB_only,-0.001181,0.15,0.25,0.35,0.6,0.65,0.75,0.85,0.0,0.0,0.0,0.12,0.03
8,PE_FED,-0.001187,0.1,0.25,0.35,0.65,0.7,0.8,0.95,0.0,0.0,0.0,0.08,0.04
8,PB_FED,-0.001187,0.15,0.2,0.3,0.5,0.7,0.8,0.85,0.0,0.0,0.0,0.08,0.04
8,PB_only,-0.001189,0.15,0.2,0.45,0.65,0.65,0.8,0.95,0.0,0.0,0.0,0.06,0.04
8,PB_FED,-0.001195,0.05,0.15,0.4,0.5,0.65,0.75,0.95,0.0,0.0,0.0,0.06,0.03
6,PB_only,-0.001196,0.05,0.15,0.4,0.65,0.7,0.85,0.9,0.0,0.0,0.0,0.1,0.03
6,PB_only,-0.001196,0.05,0.15,0.4,0.65,0.75,0.85,0.9,0.0,0.0,0.0,0.1,0.03
6,PB_only,-0.001197,0.15,0.25,0.35,0.7,0.7,0.85,0.95,0.0,0.0,0.0,0.06,0.05
6,PB_only,-0.001199,0.1,0.3,0.4,0.7,0.65,0.75,0.9,0.0,0.0,0.0,0.1,0.03
6,PB_FED,-0.001199,0.1,0.15,0.45,0.7,0.7,0.85,0.9,-0.5,0.0,0.0,0.12,0.05
8,PB_only,-0.001201,0.1,0.3,0.4,0.65,0.7,0.75,0.95,0.0,0.0,0.0,0.08,0.05
8,PB_FED,-0.00121,0.1,0.2,0.3,0.55,0.65,0.85,0.95,0.0,0.0,0.0,0.1,0.05
8,PE_only,-0.001212,0.05,0.15,0.45,0.7,0.7,0.8,0.95,0.0,0.0,0.0,0.12,0.04
6,PB_only,-0.001213,0.05,0.2,0.3,0.65,0.7,0.8,0.9,0.0,0.0,0.0,0.12,0.04
6,PB_FED,-0.001214,0.15,0.25,0.3,0.7,0.7,0.8,0.95,-0.5,0.0,0.0,0.08,0.04
8,PB_only,-0.001219,0.1,0.15,0.3,0.55,0.65,0.75,0.9,0.0,0.0,0.0,0.06,0.04
8,PE_FED,-0.001221,0.1,0.15,0.3,0.55,0.65,0.8,0.95,0.0,0.0,0.0,0.08,0.05
8,PB_only,-0.001221,0.2,0.3,0.45,0.7,0.65,0.85,0.95,0.0,0.0,0.0,0.1,0.05
8,PE_FED,-0.001227,0.15,0.25,0.35,0.7,0.7,0.85,0.95,0.0,0.0,0.0,0.06,0.04
8,PB_only,-0.00123,0.2,0.25,0.4,0.65,0.75,0.85,0.95,0.0,0.0,0.0,0.06,0.03
8,PB_only,-0.001232,0.1,0.2,0.3,0.6,0.65,0.8,0.9,0.0,0.0,0.0,0.08,0.04
8,PE_only,-0.001237,0.15,0.2,0.3,0.7,0.7,0.75,0.95,0.0,0.0,0.0,0.12,0.04
8,PB_only,-0.00124,0.15,0.2,0.3,0.6,0.7,0.8,0.9,0.0,0.0,0.0,0.06,0.04
8,PB_only,-0.001249,0.2,0.3,0.35,0.65,0.7,0.75,0.85,0.0,0.0,0.0,0.12,0.05
8,PB_only,-0.001252,0.05,0.3,0.35,0.65,0.65,0.8,0.9,0.0,0.0,0.0,0.1,0.04
8,PB_only,-0.001256,0.05,0.2,0.4,0.6,0.65,0.75,0.85,0.0,0.0,0.0,0.08,0.03
6,PB_only,-0.00126,0.15,0.2,0.35,0.65,0.7,0.75,0.9,0.0,0.0,0.0,0.1,0.05
8,PE_FED,-0.001261,0.2,0.25,0.3,0.7,0.75,0.85,0.95,-0.5,0.0,0.0,0.1,0.04
6,PB_only,-0.001267,0.1,0.25,0.3,0.65,0.65,0.8,0.9,0.0,0.0,0.0,0.08,0.03
8,PE_FED,-0.00127,0.15,0.2,0.4,0.65,0.7,0.85,0.95,0.0,0.0,0.0,0.1,0.04
8,PB_FED,-0.001275,0.15,0.3,0.35,0.65,0.65,0.85,0.95,-0.5,0.0,0.0,0.1,0.04
6,PB_only,-0.00128,0.1,0.25,0.3,0.65,0.75,0.8,0.85,0.0,0.0,0.0,0.08,0.03
6,PB_FED,-0.001293,0.1,0.2,0.45,0.7,0.7,0.8,0.85,-0.5,0.0,0.0,0.1,0.05
8,PB_only,-0.001297,0.05,0.2,0.3,0.6,0.65,0.75,0.95,0.0,0.0,0.0,0.1,0.05
6,PB_only,-0.001298,0.2,0.25,0.35,0.7,0.65,0.85,0.9,0.0,0.0,0.0,0.1,0.04
8,PB_only,-0.001304,0.2,0.25,0.35,0.65,0.7,0.85,0.9,0.0,0.0,0.0,0.1,0.05
8,PB_FED,-0.001312,0.1,0.25,0.4,0.6,0.75,0.85,0.9,0.0,0.0,0.0,0.08,0.05
6,PB_FED,-0.001313,0.15,0.2,0.35,0.65,0.65,0.75,0.95,-0.5,0.0,0.0,0.06,0.05
8,PB_only,-0.001314,0.15,0.3,0.35,0.65,0.75,0.85,0.9,0.0,0.0,0.0,0.08,0.04
8,PB_only,-0.001314,0.1,0.2,0.4,0.65,0.65,0.85,0.95,0.0,0.0,0.0,0.08,0.04
8,PB_FED,-0.001315,0.15,0.25,0.45,0.55,0.65,0.75,0.85,0.0,0.0,0.0,0.12,0.04
6,PB_only,-0.001321,0.05,0.3,0.35,0.7,0.7,0.85,0.9,0.0,0.0,0.0,0.08,0.03
6,PB_FED,-0.001321,0.1,0.15,0.45,0.7,0.65,0.8,0.95,-0.5,0.0,0.0,0.06,0.05
8,PE_FED,-0.001321,0.05,0.15,0.4,0.7,0.65,0.75,0.9,-0.5,0.0,0.0,0.08,0.03
6,PB_only,-0.001326,0.15,0.25,0.45,0.7,0.75,0.85,0.95,0.0,0.0,0.0,0.08,0.03
8,PB_FED,-0.001327,0.1,0.25,0.3,0.55,0.75,0.8,0.95,0.0,0.0,0.0,0.06,0.04
8,PB_only,-0.001328,0.15,0.3,0.45,0.65,0.7,0.75,0.9,0.0,0.0,0.0,0.06,0.05
8,PB_FED,-0.001328,0.1,0.2,0.45,0.6,0.7,0.85,0.95,0.0,0.0,0.0,0.12,0.05
8,PE_FED,-0.001337,0.15,0.25,0.3,0.6,0.7,0.75,0.95,0.0,0.0,0.0,0.06,0.03
8,PB_only,-0.001347,0.05,0.25,0.4,0.65,0.75,0.8,0.95,0.0,0.0,0.0,0.06,0.05
6,PB_only,-0.00136,0.1,0.15,0.4,0.65,0.7,0.8,0.85,0.0,0.0,0.0,0.1,0.03
8,PB_only,-0.001375,0.05,0.25,0.4,0.65,0.65,0.85,0.9,0.0,0.0,0.0,0.06,0.05
6,PB_FED,-0.001383,0.05,0.2,0.3,0.7,0.7,0.85,0.9,0.0,0.0,0.0,0.12,0.03
8,PB_only,-0.001389,0.1,0.25,0.3,0.6,0.75,0.8,0.85,0.0,0.0,0.0,0.06,0.04
8,PE_FED,-0.001396,0.1,0.2,0.4,0.65,0.75,0.85,0.95,0.0,0.0,0.0,0.08,0.04
8,PB_only,-0.001397,0.05,0.25,0.35,0.65,0.65,0.8,0.95,0.0,0.0,0.0,0.08,0.04
6,PB_only,-0.001399,0.2,0.25,0.4,0.7,0.75,0.85,0.95,0.0,0.0,0.0,0.08,0.03
8,PE_FED,-0.001402,0.1,0.15,0.35,0.65,0.7,0.75,0.9,0.0,0.0,0.0,0.1,0.03
6,PB_only,-0.001405,0.05,0.2,0.45,0.7,0.65,0.75,0.85,0.0,0.0,0.0,0.08,0.05
8,PB_only,-0.001405,0.1,0.15,0.3,0.6,0.65,0.85,0.9,0.0,0.0,0.0,0.1,0.05
6,PB_only,-0.001409,0.05,0.25,0.35,0.7,0.65,0.75,0.95,0.0,0.0,0.0,0.12,0.04
8,PE_FED,-0.001425,0.1,0.3,0.35,0.7,0.7,0.8,0.95,-0.5,0.0,0.0,0.08,0.05
8,PB_FED,-0.001426,0.05,0.2,0.4,0.6,0.65,0.8,0.9,-0.5,0.0,0.0,0.12,0.05
6,PB_FED,-0.001438,0.15,0.2,0.3,0.65,0.7,0.8,0.9,-0.5,0.0,0.0,0.1,0.05
8,PB_FED,-0.001442,0.2,0.3,0.45,0.65,0.75,0.8,0.95,0.0,0.0,0.0,0.06,0.05
6,PB_only,-0.00145,0.2,0.25,0.35,0.65,0.65,0.75,0.85,0.0,0.0,0.0,0.12,0.03
8,PE_only,-0.001455,0.05,0.15,0.3,0.7,0.65,0.85,0.95,0.0,0.0,0.0,0.12,0.05
8,PE_FED,-0.001467,0.05,0.2,0.45,0.7,0.75,0.85,0.95,0.0,0.0,0.0,0.1,0.03
6,PB_only,-0.001472,0.15,0.2,0.45,0.7,0.7,0.85,0.95,0.0,0.0,0.0,0.1,0.04
8,PB_FED,-0.001478,0.1,0.2,0.3,0.5,0.7,0.85,0.9,0.0,0.0,0.0,0.08,0.03
8,PE_FED,-0.001479,0.2,0.25,0.45,0.7,0.7,0.8,0.95,0.0,0.0,0.0,0.1,0.03
6,PB_FED,-0.001482,0.1,0.15,0.45,0.7,0.75,0.8,0.85,-0.5,0.0,0.0,0.08,0.05
8,PB_FED,-0.001491,0.05,0.15,0.45,0.55,0.65,0.75,0.9,-0.5,0.0,0.0,0.1,0.04
6,PB_FED,-0.001497,0.1,0.15,0.35,0.7,0.65,0.75,0.85,0.0,0.0,0.0,0.08,0.05
6,PB_only,-0.001499,0.15,0.2,0.45,0.7,0.65,0.8,0.95,0.0,0.0,0.0,0.1,0.03
8,PB_only,-0.001501,0.05,0.15,0.35,0.6,0.7,0.8,0.85,0.0,0.0,0.0,0.06,0.05
8,PE_FED,-0.001502,0.2,0.25,0.4,0.7,0.7,0.8,0.95,0.0,0.0,0.0,0.12,0.05
6,PB_FED,-0.001521,0.1,0.15,0.3,0.6,0.65,0.75,0.9,-0.5,0.0,0.0,0.12,0.03
8,PE_only,-0.001524,0.1,0.15,0.4,0.7,0.75,0.85,0.95,0.0,0.0,0.0,0.1,0.03
6,PB_only,-0.001527,0.2,0.25,0.3,0.65,0.65,0.75,0.9,0.0,0.0,0.0,0.1,0.04
8,PB_FED,-0.001531,0.2,0.25,0.3,0.6,0.75,0.85,0.95,-0.5,0.0,0.0,0.08,0.03
6,PB_only,-0.001534,0.1,0.15,0.4,0.65,0.7,0.8,0.95,0.0,0.0,0.0,0.06,0.03
8,PB_FED,-0.001535,0.1,0.25,0.4,0.6,0.65,0.85,0.95,0.0,0.0,0.0,0.1,0.05
8,PB_only,-0.001543,0.15,0.3,0.45,0.65,0.75,0.8,0.9,0.0,0.0,0.0,0.12,0.04
8,PB_only,-0.001543,0.05,0.15,0.3,0.6,0.65,0.85,0.9,0.0,0.0,0.0,0.08,0.05
8,PB_only,-0.001544,0.2,0.25,0.4,0.65,0.7,0.8,0.95,0.0,0.0,0.0,0.08,0.04
8,PB_FED,-0.001546,0.15,0.25,0.3,0.5,0.7,0.75,0.95,0.0,0.0,0.0,0.1,0.04
8,PB_only,-0.00155,0.05,0.25,0.35,0.6,0.65,0.75,0.85,0.0,0.0,0.0,0.08,0.03
6,PB_only,-0.001552,0.15,0.3,0.4,0.7,0.7,0.75,0.95,0.0,0.0,0.0,0.08,0.05
6,PB_only,-0.001553,0.1,0.2,0.3,0.65,0.75,0.8,0.9,0.0,0.0,0.0,0.1,0.05
8,PB_only,-0.001553,0.1,0.2,0.4,0.6,0.7,0.75,0.9,0.0,0.0,0.0,0.08,0.04
6,PB_only,-0.001558,0.1,0.25,0.4,0.65,0.7,0.75,0.9,0.0,0.0,0.0,0.08,0.03
6,PB_only,-0.001559,0.2,0.25,0.35,0.7,0.7,0.8,0.95,0.0,0.0,0.0,0.06,0.04
8,PB_only,-0.001566,0.05,0.15,0.4,0.6,0.65,0.75,0.85,0.0,0.0,0.0,0.12,0.05
8,PB_FED,-0.001569,0.15,0.2,0.3,0.7,0.7,0.75,0.85,0.5,0.0,0.0,0.1,0.03
6,PB_only,-0.001574,0.1,0.3,0.45,0.7,0.65,0.85,0.9,0.0,0.0,0.0,0.08,0.03
8,PB_FED,-0.001578,0.1,0.15,0.3,0.6,0.65,0.75,0.9,0.5,0.0,0.0,0.08,0.03
6,PB_only,-0.001587,0.2,0.25,0.35,0.7,0.7,0.8,0.95,0.0,0.0,0.0,0.12,0.05
6,PB_FED,-0.001591,0.15,0.2,0.4,0.65,0.65,0.75,0.95,-0.5,0.0,0.0,0.06,0.03
6,PB_FED,-0.001597,0.05,0.25,0.35,0.7,0.75,0.8,0.85,-0.5,0.0,0.0,0.08,0.03
8,PB_only,-0.001597,0.05,0.25,0.35,0.6,0.7,0.75,0.9,0.0,0.0,0.0,0.1,0.03
8,PB_only,-0.001601,0.05,0.2,0.35,0.6,0.7,0.8,0.85,0.0,0.0,0.0,0.06,0.04
6,PB_only,-0.001608,0.2,0.25,0.4,0.7,0.75,0.85,0.9,0.0,0.0,0.0,0.06,0.05
6,PB_only,-0.001617,0.1,0.15,0.45,0.65,0.7,0.85,0.9,0.0,0.0,0.0,0.06,0.03
6,PB_only,-0.001617,0.15,0.25,0.3,0.65,0.7,0.75,0.95,0.0,0.0,0.0,0.08,0.05
8,PE_FED,-0.001626,0.05,0.25,0.35,0.7,0.7,0.85,0.95,0.0,0.0,0.0,0.1,0.04
8,PB_FED,-0.001626,0.15,0.2,0.45,0.55,0.7,0.8,0.9,0.0,0.0,0.0,0.06,0.04
8,PE_FED,-0.001627,0.2,0.25,0.35,0.7,0.75,0.85,0.95,-0.5,0.0,0.0,0.1,0.05
6,PB_only,-0.001628,0.1,0.25,0.3,0.65,0.7,0.75,0.95,0.0,0.0,0.0,0.06,0.05
6,PB_only,-0.001638,0.15,0.2,0.4,0.65,0.65,0.75,0.9,0.0,0.0,0.0,0.1,0.05
8,PB_FED,-0.001657,0.05,0.2,0.4,0.6,0.75,0.8,0.95,-0.5,0.0,0.0,0.1,0.04
8,PE_only,-0.001661,0.1,0.2,0.4,0.7,0.7,0.75,0.95,0.0,0.0,0.0,0.12,0.03
8,PB_only,-0.001663,0.05,0.25,0.3,0.6,0.65,0.8,0.9,0.0,0.0,0.0,0.12,0.03
8,PB_only,-0.001663,0.05,0.25,0.3,0.6,0.65,0.8,0.9,0.0,0.0,0.0,0.08,0.03
8,PB_FED,-0.001664,0.15,0.3,0.45,0.6,0.65,0.8,0.85,0.0,0.0,0.0,0.1,0.04
6,PB_FED,-0.00167,0.05,0.25,0.35,0.7,0.75,0.8,0.85,-0.5,0.0,0.0,0.06,0.04
6,PB_only,-0.001671,0.05,0.15,0.35,0.65,0.7,0.85,0.95,0.0,0.0,0.0,0.08,0.03
8,PB_only,-0.001673,0.2,0.3,0.4,0.65,0.65,0.75,0.85,0.0,0.0,0.0,0.12,0.05
8,PE_FED,-0.001676,0.1,0.25,0.3,0.65,0.7,0.75,0.95,-0.5,0.0,0.0,0.12,0.04
6,PB_only,-0.001678,0.1,0.2,0.4,0.65,0.7,0.8,0.9,0.0,0.0,0.0,0.1,0.03
6,PB_only,-0.001691,0.2,0.25,0.3,0.65,0.7,0.75,0.85,0.0,0.0,0.0,0.06,0.04
8,PB_FED,-0.001691,0.05,0.3,0.4,0.65,0.65,0.85,0.95,-0.5,0.0,0.0,0.08,0.03
6,PB_only,-0.001692,0.1,0.25,0.4,0.7,0.75,0.8,0.85,0.0,0.0,0.0,0.06,0.05
6,PB_only,-0.001707,0.05,0.2,0.3,0.65,0.65,0.8,0.9,0.0,0.0,0.0,0.12,0.05
6,PB_only,-0.00171,0.05,0.25,0.3,0.65,0.75,0.8,0.85,0.0,0.0,0.0,0.12,0.04
8,PB_FED,-0.001717,0.05,0.25,0.4,0.6,0.7,0.85,0.9,0.0,0.0,0.0,0.08,0.04
6,PB_only,-0.001719,0.05,0.3,0.35,0.7,0.7,0.75,0.95,0.0,0.0,0.0,0.06,0.05
6,PB_FED,-0.001723,0.15,0.25,0.45,0.7,0.7,0.75,0.95,-0.5,0.0,0.0,0.08,0.04
6,PB_only,-0.001725,0.05,0.3,0.4,0.7,0.75,0.85,0.9,0.0,0.0,0.0,0.08,0.03
8,PB_only,-0.001725,0.2,0.3,0.4,0.65,0.7,0.8,0.9,0.0,0.0,0.0,0.12,0.04
8,PB_only,-0.001729,0.2,0.25,0.35,0.65,0.75,0.85,0.95,0.0,0.0,0.0,0.12,0.04
6,PB_only,-0.00173,0.1,0.3,0.45,0.7,0.65,0.75,0.9,0.0,0.0,0.0,0.08,0.03
8,PB_FED,-0.001735,0.2,0.3,0.45,0.65,0.65,0.85,0.95,0.0,0.0,0.0,0.08,0.03
6,PB_only,-0.001736,0.15,0.25,0.3,0.65,0.7,0.8,0.9,0.0,0.0,0.0,0.1,0.04
6,PB_only,-0.001736,0.15,0.25,0.3,0.65,0.75,0.8,0.9,0.0,0.0,0.0,0.06,0.04
8,PE_FED,-0.001738,0.05,0.15,0.35,0.7,0.75,0.8,0.9,-0.5,0.0,0.0,0.12,0.05
8,PB_only,-0.001744,0.15,0.3,0.4,0.65,0.65,0.8,0.95,0.0,0.0,0.0,0.06,0.03
6,PB_only,-0.00175,0.05,0.2,0.45,0.65,0.65,0.75,0.9,0.0,0.0,0.0,0.1,0.03
8,PE_FED,-0.001751,0.1,0.25,0.35,0.6,0.65,0.75,0.95,0.0,0.0,0.0,0.12,0.03
6,PB_only,-0.001756,0.2,0.25,0.3,0.65,0.65,0.8,0.85,0.0,0.0,0.0,0.08,0.03
8,PB_only,-0.001759,0.05,0.15,0.3,0.55,0.7,0.8,0.85,0.0,0.0,0.0,0.06,0.04
6,PB_FED,-0.001761,0.15,0.2,0.3,0.6,0.7,0.75,0.9,0.0,0.0,0.0,0.12,0.03
8,PB_FED,-0.001761,0.1,0.15,0.45,0.5,0.65,0.75,0.9,0.0,0.0,0.0,0.06,0.05
8,PE_only,-0.001766,0.1,0.2,0.35,0.7,0.7,0.8,0.95,0.0,0.0,0.0,0.12,0.05
8,PE_only,-0.001768,0.15,0.2,0.3,0.7,0.65,0.75,0.95,0.0,0.0,0.0,0.12,0.04
6,PB_only,-0.001774,0.2,0.25,0.35,0.7,0.75,0.85,0.95,0.0,0.0,0.0,0.06,0.04
8,PB_only,-0.001779,0.05,0.2,0.4,0.6,0.65,0.75,0.9,0.0,0.0,0.0,0.08,0.04
6,PB_only,-0.001786,0.05,0.15,0.4,0.65,0.7,0.8,0.95,0.0,0.0,0.0,0.08,0.03
6,PB_FED,-0.001787,0.05,0.2,0.35,0.65,0.65,0.75,0.9,0.0,0.0,0.0,0.08,0.03
6,PB_FED,-0.001788,0.2,0.25,0.4,0.7,0.75,0.8,0.85,-0.5,0.0,0.0,0.06,0.03
6,PB_only,-0.001792,0.1,0.3,0.4,0.7,0.75,0.8,0.9,0.0,0.0,0.0,0.08,0.04
8,PB_FED,-0.001797,0.05,0.2,0.35,0.55,0.7,0.8,0.85,0.0,0.0,0.0,0.1,0.05
8,PB_FED,-0.0018,0.1,0.15,0.3,0.5,0.7,0.85,0.9,0.0,0.0,0.0,0.08,0.05
8,PB_FED,-0.0018,0.05,0.25,0.4,0.55,0.7,0.75,0.9,0.0,0.0,0.0,0.08,0.05
8,PB_FED,-0.001803,0.15,0.25,0.45,0.6,0.65,0.75,0.85,-0.5,0.0,0.0,0.12,0.05
8,PB_FED,-0.00181,0.15,0.2,0.45,0.6,0.75,0.85,0.9,-0.5,0.0,0.0,0.08,0.04
6,PB_only,-0.001812,0.2,0.25,0.35,0.7,0.75,0.85,0.95,0.0,0.0,0.0,0.06,0.05
8,PB_FED,-0.001815,0.2,0.25,0.45,0.6,0.75,0.8,0.9,0.0,0.0,0.0,0.1,0.05
6,PB_FED,-0.00182,0.1,0.15,0.45,0.65,0.7,0.8,0.9,-0.5,0.0,0.0,0.12,0.03
8,PB_FED,-0.00182,0.15,0.2,0.4,0.6,0.7,0.85,0.95,-0.5,0.0,0.0,0.08,0.05
6,PB_FED,-0.001821,0.1,0.3,0.35,0.7,0.7,0.75,0.95,-0.5,0.0,0.0,0.06,0.03
8,PB_only,-0.001823,0.1,0.15,0.4,0.6,0.7,0.8,0.85,0.0,0.0,0.0,0.08,0.05
6,PB_FED,-0.001829,0.05,0.2,0.35,0.65,0.7,0.75,0.95,0.0,0.0,0.0,0.08,0.03
6,PB_only,-0.001836,0.2,0.3,0.35,0.7,0.75,0.8,0.9,0.0,0.0,0.0,0.12,0.04
6,PB_FED,-0.001842,0.1,0.15,0.35,0.7,0.7,0.8,0.85,0.0,0.0,0.0,0.06,0.05
8,PB_only,-0.001844,0.1,0.3,0.4,0.65,0.65,0.8,0.9,0.0,0.0,0.0,0.12,0.05
8,PE_only,-0.001846,0.1,0.2,0.35,0.7,0.7,0.75,0.95,0.0,0.0,0.0,0.08,0.05
8,PE_only,-0.00185,0.05,0.2,0.3,0.7,0.65,0.8,0.95,0.0,0.0,0.0,0.08,0.05
8,PE_FED,-0.001852,0.1,0.15,0.45,0.7,0.75,0.8,0.9,-0.5,0.0,0.0,0.1,0.04
6,PB_only,-0.001857,0.05,0.3,0.35,0.7,0.7,0.8,0.85,0.0,0.0,0.0,0.06,0.03
8,PB_FED,-0.001859,0.2,0.25,0.35,0.55,0.75,0.8,0.85,0.0,0.0,0.0,0.08,0.04
8,PE_only,-0.00186,0.1,0.2,0.4,0.7,0.7,0.75,0.95,0.0,0.0,0.0,0.1,0.04
8,PB_only,-0.00186,0.1,0.15,0.3,0.55,0.7,0.8,0.85,0.0,0.0,0.0,0.08,0.03
6,PB_FED,-0.001865,0.2,0.25,0.4,0.7,0.7,0.8,0.85,-0.5,0.0,0.0,0.08,0.04
6,PB_only,-0.001869,0.1,0.2,0.4,0.65,0.75,0.8,0.85,0.0,0.0,0.0,0.12,0.04
8,PB_only,-0.001876,0.15,0.25,0.3,0.6,0.65,0.75,0.95,0.0,0.0,0.0,0.06,0.05
6,PB_only,-0.001885,0.05,0.25,0.4,0.7,0.65,0.85,0.9,0.0,0.0,0.0,0.1,0.05
6,PB_FED,-0.001888,0.05,0.15,0.45,0.65,0.7,0.75,0.9,-0.5,0.0,0.0,0.12,0.04
8,PB_FED,-0.001892,0.1,0.2,0.4,0.55,0.65,0.8,0.85,-0.5,0.0,0.0,0.08,0.04
6,PB_FED,-0.001898,0.05,0.25,0.3,0.7,0.7,0.8,0.95,-0.5,0.0,0.0,0.1,0.05
6,PB_only,-0.001899,0.2,0.3,0.35,0.7,0.65,0.8,0.9,0.0,0.0,0.0,0.06,0.03
6,PB_only,-0.001907,0.2,0.25,0.45,0.7,0.7,0.85,0.95,0.0,0.0,0.0,0.06,0.03
6,PB_only,-0.001907,0.1,0.25,0.4,0.65,0.65,0.75,0.9,0.0,0.0,0.0,0.06,0.04
6,PB_FED,-0.001907,0.1,0.25,0.45,0.7,0.7,0.75,0.95,-0.5,0.0,0.0,0.08,0.05
8,PB_only,-0.001907,0.1,0.2,0.3,0.6,0.65,0.8,0.9,0.0,0.0,0.0,0.08,0.05
6,PB_FED,-0.001914,0.1,0.15,0.45,0.65,0.75,0.8,0.85,-0.5,0.0,0.0,0.08,0.03
8,PB_FED,-0.001919,0.1,0.15,0.45,0.55,0.65,0.75,0.85,-0.5,0.0,0.0,0.1,0.05
8,PB_only,-0.001927,0.05,0.15,0.4,0.6,0.7,0.8,0.95,0.0,0.0,0.0,0.1,0.03
8,PB_only,-0.00193,0.05,0.2,0.45,0.6,0.65,0.75,0.85,0.0,0.0,0.0,0.12,0.03
8,PB_only,-0.001934,0.05,0.15,0.45,0.6,0.65,0.8,0.85,0.0,0.0,0.0,0.06,0.03
8,PB_FED,-0.001941,0.05,0.2,0.45,0.6,0.75,0.85,0.95,0.0,0.0,0.0,0.12,0.04
6,PB_FED,-0.001948,0.1,0.2,0.3,0.6,0.65,0.75,0.85,-0.5,0.0,0.0,0.1,0.03
6,PB_FED,-0.001949,0.1,0.2,0.3,0.65,0.65,0.75,0.95,0.0,0.0,0.0,0.12,0.04
6,PB_FED,-0.00195,0.15,0.25,0.35,0.7,0.65,0.8,0.9,-0.5,0.0,0.0,0.12,0.05
8,PE_only,-0.00195,0.05,0.15,0.45,0.7,0.65,0.75,0.95,0.0,0.0,0.0,0.1,0.05
8,PB_FED,-0.00196,0.1,0.15,0.3,0.6,0.65,0.75,0.85,0.5,0.0,0.0,0.06,0.03
8,PB_only,-0.001974,0.05,0.25,0.35,0.65,0.65,0.85,0.95,0.0,0.0,0.0,0.08,0.04
6,PB_FED,-0.001979,0.1,0.2,0.45,0.65,0.7,0.75,0.85,-0.5,0.0,0.0,0.08,0.03
8,PE_only,-0.00198,0.1,0.2,0.3,0.7,0.65,0.8,0.95,0.0,0.0,0.0,0.08,0.05
6,PB_only,-0.001982,0.05,0.2,0.45,0.65,0.65,0.85,0.9,0.0,0.0,0.0,0.12,0.03
6,PB_only,-0.001982,0.05,0.2,0.45,0.65,0.65,0.85,0.9,0.0,0.0,0.0,0.06,0.03
6,PB_only,-0.001984,0.1,0.2,0.3,0.65,0.75,0.8,0.95,0.0,0.0,0.0,0.06,0.04
6,PB_FED,-0.001984,0.1,0.15,0.4,0.7,0.65,0.75,0.85,0.0,0.0,0.0,0.1,0.05
8,PE_FED,-0.001984,0.05,0.2,0.45,0.6,0.65,0.8,0.95,0.0,0.0,0.0,0.1,0.03
8,PB_only,-0.001985,0.15,0.2,0.35,0.6,0.75,0.8,0.9,0.0,0.0,0.0,0.1,0.04
8,PB_only,-0.001987,0.05,0.25,0.3,0.6,0.65,0.75,0.95,0.0,0.0,0.0,0.12,0.03
6,PB_only,-0.00199,0.05,0.2,0.45,0.7,0.75,0.8,0.85,0.0,0.0,0.0,0.12,0.05
6,PB_FED,-0.001991,0.2,0.25,0.4,0.7,0.7,0.8,0.95,-0.5,0.0,0.0,0.12,0.03
6,PB_only,-0.001992,0.15,0.2,0.3,0.65,0.75,0.8,0.95,0.0,0.0,0.0,0.08,0.04
6,PB_only,-0.002,0.1,0.25,0.45,0.7,0.75,0.8,0.95,0.0,0.0,0.0,0.1,0.05
6,PB_only,-0.002019,0.1,0.15,0.3,0.65,0.65,0.85,0.95,0.0,0.0,0.0,0.08,0.04
8,PB_FED,-0.002021,0.15,0.2,0.3,0.7,0.65,0.75,0.95,0.5,0.0,0.0,0.08,0.05
6,PB_only,-0.002022,0.05,0.3,0.35,0.7,0.75,0.85,0.9,0.0,0.0,0.0,0.1,0.04
8,PB_FED,-0.002023,0.15,0.2,0.45,0.55,0.65,0.75,0.85,-0.5,0.0,0.0,0.1,0.04
6,PB_only,-0.00203,0.15,0.2,0.3,0.65,0.65,0.8,0.95,0.0,0.0,0.0,0.12,0.05
8,PB_only,-0.002032,0.05,0.25,0.4,0.6,0.65,0.75,0.9,0.0,0.0,0.0,0.06,0.03
8,PE_FED,-0.002037,0.15,0.25,0.45,0.7,0.7,0.85,0.95,0.0,0.0,0.0,0.08,0.04
8,PB_only,-0.002039,0.05,0.15,0.3,0.6,0.7,0.85,0.95,0.0,0.0,0.0,0.12,0.04
8,PB_only,-0.002039,0.05,0.25,0.35,0.6,0.75,0.8,0.85,0.0,0.0,0.0,0.08,0.03
6,PB_only,-0.00204,0.2,0.25,0.35,0.65,0.7,0.75,0.85,0.0,0.0,0.0,0.12,0.03
8,PE_FED,-0.00204,0.05,0.25,0.3,0.6,0.7,0.75,0.95,0.0,0.0,0.0,0.1,0.04
8,PE_FED,-0.002041,0.2,0.3,0.4,0.7,0.75,0.8,0.95,-0.5,0.0,0.0,0.1,0.04
8,PE_FED,-0.002041,0.05,0.15,0.3,0.65,0.7,0.8,0.9,0.0,0.0,0.0,0.1,0.03
8,PB_FED,-0.002045,0.05,0.15,0.35,0.7,0.7,0.75,0.95,0.5,0.0,0.0,0.08,0.04
8,PE_FED,-0.002048,0.15,0.25,0.4,0.6,0.65,0.8,0.95,0.0,0.0,0.0,0.12,0.03
6,PB_only,-0.00205,0.15,0.25,0.4,0.7,0.65,0.85,0.95,0.0,0.0,0.0,0.06,0.05
6,PB_only,-0.00205,0.2,0.25,0.3,0.65,0.7,0.75,0.9,0.0,0.0,0.0,0.1,0.05
6,PB_FED,-0.002057,0.2,0.25,0.3,0.7,0.7,0.85,0.9,-0.5,0.0,0.0,0.08,0.05
8,PE_FED,-0.002058,0.2,0.25,0.4,0.65,0.7,0.75,0.95,0.0,0.0,0.0,0.06,0.04
8,PB_only,-0.002059,0.05,0.25,0.3,0.6,0.7,0.85,0.9,0.0,0.0,0.0,0.1,0.03
8,PB_only,-0.002066,0.05,0.2,0.4,0.6,0.65,0.8,0.85,0.0,0.0,0.0,0.12,0.04
8,PB_only,-0.002067,0.15,0.25,0.35,0.6,0.65,0.8,0.9,0.0,0.0,0.0,0.12,0.03
8,PE_FED,-0.002069,0.1,0.2,0.3,0.55,0.75,0.8,0.95,0.0,0.0,0.0,0.06,0.03
8,PE_FED,-0.002069,0.1,0.2,0.3,0.55,0.65,0.8,0.95,0.0,0.0,0.0,0.1,0.03
8,PB_FED,-0.002074,0.1,0.25,0.3,0.55,0.65,0.75,0.95,-0.5,0.0,0.0,0.12,0.04
8,PE_only,-0.00208,0.05,0.2,0.3,0.7,0.7,0.85,0.95,0.0,0.0,0.0,0.12,0.03
8,PB_only,-0.00208,0.05,0.15,0.45,0.6,0.7,0.75,0.9,0.0,0.0,0.0,0.08,0.05
6,PB_only,-0.002089,0.1,0.25,0.4,0.65,0.7,0.75,0.85,0.0,0.0,0.0,0.06,0.04
8,PE_only,-0.002091,0.15,0.2,0.35,0.7,0.75,0.85,0.95,0.0,0.0,0.0,0.06,0.04
8,PB_only,-0.002093,0.2,0.3,0.35,0.65,0.75,0.85,0.95,0.0,0.0,0.0,0.1,0.03
8,PB_FED,-0.002094,0.1,0.15,0.3,0.5,0.7,0.85,0.95,0.0,0.0,0.0,0.08,0.05
8,PB_only,-0.002095,0.1,0.25,0.35,0.6,0.65,0.8,0.85,0.0,0.0,0.0,0.12,0.04
6,PB_only,-0.002105,0.15,0.25,0.45,0.7,0.7,0.85,0.95,0.0,0.0,0.0,0.06,0.05
8,PB_only,-0.002107,0.1,0.15,0.35,0.55,0.65,0.75,0.9,0.0,0.0,0.0,0.06,0.04
6,PB_FED,-0.002109,0.05,0.15,0.3,0.7,0.75,0.85,0.95,0.0,0.0,0.0,0.12,0.05
6,PB_only,-0.002129,0.2,0.25,0.35,0.65,0.7,0.75,0.9,0.0,0.0,0.0,0.08,0.04
8,PE_FED,-0.002133,0.05,0.15,0.4,0.65,0.65,0.75,0.9,-0.5,0.0,0.0,0.1,0.04
8,PB_FED,-0.002133,0.05,0.25,0.45,0.6,0.7,0.8,0.85,0.0,0.0,0.0,0.12,0.05
8,PB_FED,-0.002133,0.1,0.15,0.4,0.55,0.65,0.85,0.9,-0.5,0.0,0.0,0.1,0.04
6,PB_only,-0.002134,0.1,0.25,0.3,0.65,0.65,0.85,0.9,0.0,0.0,0.0,0.06,0.04
8,PB_only,-0.002143,0.05,0.15,0.4,0.6,0.65,0.75,0.95,0.0,0.0,0.0,0.06,0.04
6,PB_only,-0.002144,0.1,0.15,0.4,0.65,0.75,0.85,0.9,0.0,0.0,0.0,0.1,0.05
8,PB_FED,-0.002147,0.2,0.3,0.4,0.6,0.65,0.75,0.85,0.0,0.0,0.0,0.08,0.05
8,PB_only,-0.002151,0.15,0.3,0.45,0.65,0.65,0.8,0.9,0.0,0.0,0.0,0.1,0.05
8,PB_only,-0.002156,0.15,0.25,0.4,0.6,0.7,0.75,0.95,0.0,0.0,0.0,0.06,0.03
8,PB_only,-0.00216,0.2,0.25,0.4,0.65,0.75,0.85,0.95,0.0,0.0,0.0,0.12,0.05
8,PB_FED,-0.00216,0.05,0.25,0.3,0.55,0.65,0.8,0.9,-0.5,0.0,0.0,0.08,0.03
8,PB_only,-0.002162,0.1,0.15,0.4,0.6,0.7,0.8,0.9,0.0,0.0,0.0,0.08,0.05
8,PB_FED,-0.002176,0.15,0.3,0.4,0.6,0.65,0.8,0.85,0.0,0.0,0.0,0.08,0.05
8,PB_only,-0.002177,0.05,0.15,0.4,0.55,0.65,0.75,0.9,0.0,0.0,0.0,0.1,0.03
8,PB_only,-0.002181,0.2,0.3,0.45,0.65,0.7,0.75,0.95,0.0,0.0,0.0,0.12,0.05
8,PB_only,-0.002181,0.2,0.3,0.45,0.65,0.65,0.75,0.95,0.0,0.0,0.0,0.08,0.05
8,PB_FED,-0.002182,0.05,0.25,0.3,0.55,0.65,0.8,0.85,-0.5,0.0,0.0,0.12,0.04
6,PB_only,-0.002195,0.1,0.25,0.4,0.65,0.65,0.8,0.85,0.0,0.0,0.0,0.12,0.03
8,PB_FED,-0.002197,0.15,0.25,0.35,0.6,0.7,0.85,0.95,-0.5,0.0,0.0,0.08,0.04
6,PB_only,-0.002198,0.15,0.25,0.35,0.65,0.7,0.75,0.95,0.0,0.0,0.0,0.1,0.05
6,PB_only,-0.002202,0.05,0.2,0.4,0.65,0.7,0.75,0.95,0.0,0.0,0.0,0.06,0.04
8,PB_FED,-0.002205,0.1,0.15,0.45,0.7,0.7,0.75,0.9,0.5,0.0,0.0,0.08,0.03
6,PB_only,-0.002209,0.05,0.25,0.35,0.65,0.65,0.75,0.9,0.0,0.0,0.0,0.12,0.05
6,PB_only,-0.002209,0.1,0.2,0.35,0.65,0.7,0.8,0.9,0.0,0.0,0.0,0.1,0.05
8,PB_only,-0.00221,0.1,0.15,0.45,0.6,0.75,0.8,0.9,0.0,0.0,0.0,0.12,0.04
6,PB_only,-0.002211,0.05,0.15,0.45,0.65,0.65,0.8,0.9,0.0,0.0,0.0,0.08,0.04
6,PB_only,-0.002211,0.15,0.2,0.45,0.65,0.75,0.8,0.9,0.0,0.0,0.0,0.12,0.03
8,PE_only,-0.002212,0.05,0.2,0.35,0.7,0.7,0.85,0.95,0.0,0.0,0.0,0.08,0.04
8,PE_FED,-0.002212,0.05,0.15,0.3,0.6,0.65,0.75,0.9,0.0,0.0,0.0,0.1,0.03
8,PE_FED,-0.002227,0.1,0.3,0.4,0.7,0.65,0.75,0.95,-0.5,0.0,0.0,0.08,0.05
8,PB_only,-0.002228,0.1,0.25,0.4,0.6,0.75,0.8,0.85,0.0,0.0,0.0,0.12,0.03
6,PB_FED,-0.00223,0.05,0.15,0.4,0.65,0.75,0.85,0.9,-0.5,0.0,0.0,0.1,0.03
8,PE_only,-0.002234,0.15,0.25,0.3,0.7,0.75,0.8,0.95,0.0,0.0,0.0,0.12,0.04
8,PB_only,-0.002234,0.15,0.2,0.4,0.6,0.7,0.75,0.85,0.0,0.0,0.0,0.06,0.05
8,PE_FED,-0.002243,0.2,0.25,0.35,0.65,0.7,0.8,0.95,0.0,0.0,0.0,0.08,0.05
8,PB_FED,-0.002248,0.05,0.25,0.45,0.55,0.7,0.75,0.85,0.0,0.0,0.0,0.12,0.04
8,PB_FED,-0.002254,0.05,0.2,0.3,0.7,0.65,0.75,0.95,0.5,0.0,0.0,0.1,0.03
8,PE_only,-0.002257,0.05,0.25,0.3,0.7,0.7,0.75,0.95,0.0,0.0,0.0,0.12,0.03
8,PB_only,-0.002258,0.05,0.15,0.45,0.6,0.65,0.75,0.95,0.0,0.0,0.0,0.08,0.05
6,PB_only,-0.00226,0.1,0.2,0.35,0.65,0.7,0.85,0.95,0.0,0.0,0.0,0.12,0.03
8,PB_only,-0.00226,0.1,0.25,0.4,0.6,0.65,0.75,0.9,0.0,0.0,0.0,0.08,0.04
6,PB_only,-0.002262,0.05,0.3,0.4,0.7,0.7,0.8,0.85,0.0,0.0,0.0,0.1,0.03
6,PB_only,-0.00227,0.2,0.3,0.45,0.7,0.75,0.8,0.9,0.0,0.0,0.0,0.08,0.03
8,PB_FED,-0.002272,0.1,0.2,0.45,0.5,0.65,0.75,0.9,0.0,0.0,0.0,0.1,0.04
8,PE_only,-0.002275,0.05,0.2,0.4,0.7,0.65,0.75,0.95,0.0,0.0,0.0,0.1,0.04
8,PB_FED,-0.002281,0.2,0.25,0.45,0.6,0.7,0.85,0.9,0.0,0.0,0.0,0.1,0.04
6,PB_only,-0.002286,0.05,0.15,0.45,0.65,0.65,0.75,0.85,0.0,0.0,0.0,0.12,0.05
8,PB_only,-0.002293,0.05,0.3,0.4,0.65,0.65,0.75,0.95,0.0,0.0,0.0,0.06,0.04
8,PE_FED,-0.002297,0.15,0.25,0.35,0.6,0.65,0.8,0.95,0.0,0.0,0.0,0.12,0.04
8,PE_FED,-0.002297,0.1,0.15,0.45,0.7,0.65,0.75,0.9,0.0,0.0,0.0,0.08,0.05
8,PB_FED,-0.002297,0.2,0.3,0.45,0.65,0.65,0.8,0.95,-0.5,0.0,0.0,0.1,0.04
6,PB_only,-0.0023,0.2,0.25,0.35,0.7,0.65,0.85,0.95,0.0,0.0,0.0,0.06,0.05
6,PB_only,-0.0023,0.1,0.25,0.3,0.65,0.75,0.8,0.9,0.0,0.0,0.0,0.08,0.05
6,PB_only,-0.002304,0.15,0.3,0.45,0.7,0.65,0.8,0.85,0.0,0.0,0.0,0.1,0.04
8,PB_only,-0.002305,0.15,0.2,0.3,0.6,0.7,0.8,0.95,0.0,0.0,0.0,0.06,0.04
8,PB_only,-0.002319,0.15,0.3,0.35,0.65,0.7,0.85,0.95,0.0,0.0,0.0,0.06,0.05
8,PB_only,-0.002323,0.05,0.25,0.3,0.6,0.7,0.8,0.9,0.0,0.0,0.0,0.1,0.04
6,PB_only,-0.002324,0.15,0.3,0.35,0.7,0.65,0.75,0.95,0.0,0.0,0.0,0.12,0.04
8,PB_only,-0.002327,0.2,0.3,0.4,0.65,0.65,0.75,0.95,0.0,0.0,0.0,0.12,0.04
6,PB_only,-0.002351,0.1,0.25,0.3,0.65,0.65,0.8,0.85,0.0,0.0,0.0,0.1,0.05
8,PB_only,-0.002351,0.05,0.25,0.35,0.6,0.65,0.8,0.85,0.0,0.0,0.0,0.1,0.04
8,PE_only,-0.002359,0.15,0.2,0.4,0.7,0.7,0.85,0.95,0.0,0.0,0.0,0.06,0.03
8,PB_only,-0.002366,0.15,0.2,0.3,0.6,0.7,0.8,0.95,0.0,0.0,0.0,0.08,0.05
8,PB_only,-0.002366,0.15,0.2,0.3,0.6,0.65,0.8,0.95,0.0,0.0,0.0,0.06,0.05
6,PB_FED,-0.002367,0.05,0.2,0.3,0.65,0.7,0.8,0.85,0.0,0.0,0.0,0.08,0.04
6,PB_only,-0.002368,0.1,0.3,0.45,0.7,0.65,0.8,0.9,0.0,0.0,0.0,0.06,0.03
8,PB_FED,-0.002369,0.1,0.25,0.45,0.55,0.65,0.75,0.95,0.0,0.0,0.0,0.06,0.04
6,PB_only,-0.002374,0.2,0.3,0.4,0.7,0.65,0.8,0.85,0.0,0.0,0.0,0.1,0.04
6,PB_only,-0.002377,0.1,0.25,0.45,0.65,0.65,0.85,0.9,0.0,0.0,0.0,0.1,0.03
8,PB_only,-0.002378,0.05,0.2,0.4,0.6,0.65,0.75,0.9,0.0,0.0,0.0,0.12,0.05
6,PB_only,-0.002381,0.2,0.25,0.3,0.65,0.65,0.8,0.9,0.0,0.0,0.0,0.1,0.04
8,PE_only,-0.002383,0.05,0.2,0.4,0.7,0.75,0.85,0.95,0.0,0.0,0.0,0.08,0.04
8,PE_only,-0.002388,0.05,0.25,0.3,0.7,0.75,0.8,0.95,0.0,0.0,0.0,0.06,0.04
8,PE_PB_FED,-0.002391,0.1,0.15,0.3,0.65,0.7,0.75,0.95,0.0,0.65,0.7,0.1,0.05
8,PB_FED,-0.002393,0.05,0.2,0.45,0.55,0.65,0.8,0.9,0.0,0.0,0.0,0.12,0.04
8,PB_only,-0.002395,0.2,0.25,0.3,0.6,0.7,0.8,0.85,0.0,0.0,0.0,0.06,0.03
8,PE_FED,-0.002396,0.1,0.25,0.45,0.65,0.75,0.8,0.95,-0.5,0.0,0.0,0.1,0.03
8,PE_FED,-0.002396,0.1,0.25,0.45,0.65,0.75,0.8,0.95,-0.5,0.0,0.0,0.08,0.03
8,PE_FED,-0.002396,0.1,0.25,0.45,0.65,0.7,0.8,0.95,-0.5,0.0,0.0,0.08,0.03
8,PB_only,-0.002396,0.1,0.2,0.4,0.6,0.65,0.75,0.85,0.0,0.0,0.0,0.1,0.05
6,PB_only,-0.0024,0.15,0.2,0.3,0.65,0.75,0.85,0.95,0.0,0.0,0.0,0.1,0.04
8,PB_FED,-0.0024,0.05,0.2,0.35,0.7,0.65,0.75,0.9,0.5,0.0,0.0,0.12,0.03
8,PE_only,-0.002403,0.05,0.2,0.45,0.7,0.7,0.75,0.95,0.0,0.0,0.0,0.08,0.04
6,PB_only,-0.002404,0.15,0.3,0.35,0.7,0.7,0.85,0.95,0.0,0.0,0.0,0.12,0.04
8,PE_FED,-0.002405,0.05,0.2,0.35,0.7,0.7,0.8,0.9,-0.5,0.0,0.0,0.08,0.03
8,PE_FED,-0.002405,0.15,0.2,0.35,0.6,0.65,0.85,0.95,0.0,0.0,0.0,0.1,0.04
6,PB_only,-0.002408,0.05,0.2,0.35,0.65,0.65,0.8,0.9,0.0,0.0,0.0,0.08,0.05
6,PB_FED,-0.002408,0.2,0.3,0.4,0.7,0.65,0.75,0.85,-0.5,0.0,0.0,0.08,0.03
8,PB_FED,-0.002426,0.1,0.2,0.45,0.55,0.7,0.75,0.95,-0.5,0.0,0.0,0.1,0.04
8,PB_only,-0.002428,0.15,0.25,0.35,0.6,0.65,0.85,0.9,0.0,0.0,0.0,0.12,0.03
8,PB_FED,-0.002428,0.05,0.25,0.35,0.55,0.7,0.75,0.9,-0.5,0.0,0.0,0.06,0.04
8,PB_only,-0.002429,0.15,0.2,0.45,0.6,0.7,0.8,0.9,0.0,0.0,0.0,0.06,0.03
8,PB_only,-0.002433,0.05,0.3,0.4,0.65,0.75,0.85,0.95,0.0,0.0,0.0,0.1,0.03
6,PB_FED,-0.002438,0.15,0.2,0.3,0.65,0.7,0.8,0.95,0.0,0.0,0.0,0.1,0.05
6,PB_only,-0.00244,0.15,0.25,0.4,0.65,0.65,0.8,0.85,0.0,0.0,0.0,0.12,0.04
8,PB_only,-0.00244,0.15,0.2,0.3,0.55,0.75,0.8,0.85,0.0,0.0,0.0,0.06,0.03
8,PB_FED,-0.00244,0.2,0.25,0.4,0.55,0.7,0.8,0.95,0.0,0.0,0.0,0.12,0.03
8,PB_only,-0.002443,0.1,0.3,0.35,0.65,0.75,0.85,0.95,0.0,0.0,0.0,0.08,0.04
8,PB_FED,-0.002443,0.2,0.25,0.3,0.55,0.65,0.85,0.9,0.0,0.0,0.0,0.1,0.04
6,PB_only,-0.002446,0.05,0.25,0.45,0.65,0.65,0.75,0.9,0.0,0.0,0.0,0.1,0.03
6,PB_FED,-0.002448,0.1,0.15,0.35,0.65,0.75,0.85,0.95,-0.5,0.0,0.0,0.1,0.04
6,PB_only,-0.002449,0.2,0.25,0.45,0.7,0.75,0.8,0.95,0.0,0.0,0.0,0.06,0.05
8,PB_FED,-0.002451,0.05,0.15,0.35,0.5,0.65,0.75,0.95,-0.5,0.0,0.0,0.1,0.03
8,PE_only,-0.002459,0.15,0.25,0.4,0.7,0.7,0.75,0.95,0.0,0.0,0.0,0.08,0.03
8,PB_only,-0.00248,0.05,0.3,0.45,0.65,0.7,0.8,0.95,0.0,0.0,0.0,0.06,0.03
6,PB_only,-0.002487,0.15,0.25,0.4,0.7,0.65,0.85,0.95,0.0,0.0,0.0,0.12,0.04
8,PE_only,-0.002488,0.1,0.2,0.45,0.7,0.7,0.75,0.95,0.0,0.0,0.0,0.08,0.04
6,PB_FED,-0.002489,0.1,0.25,0.4,0.65,0.65,0.75,0.9,-0.5,0.0,0.0,0.06,0.03
8,PE_FED,-0.002491,0.1,0.25,0.4,0.6,0.65,0.75,0.95,0.0,0.0,0.0,0.12,0.05
8,PB_only,-0.002491,0.2,0.3,0.35,0.65,0.75,0.8,0.85,0.0,0.0,0.0,0.08,0.05
8,PE_FED,-0.002496,0.05,0.25,0.35,0.6,0.65,0.75,0.95,0.0,0.0,0.0,0.06,0.05
8,PB_only,-0.002498,0.05,0.15,0.4,0.6,0.75,0.85,0.9,0.0,0.0,0.0,0.06,0.04
8,PB_only,-0.002499,0.05,0.15,0.35,0.6,0.7,0.85,0.9,0.0,0.0,0.0,0.12,0.05
8,PB_only,-0.002507,0.05,0.2,0.45,0.6,0.7,0.75,0.9,0.0,0.0,0.0,0.06,0.04
8,PB_FED,-0.002507,0.15,0.3,0.35,0.6,0.75,0.85,0.95,0.0,0.0,0.0,0.12,0.04
8,PB_FED,-0.002516,0.05,0.3,0.45,0.6,0.75,0.8,0.85,0.0,0.0,0.0,0.06,0.03
8,PB_only,-0.002517,0.1,0.15,0.4,0.6,0.7,0.8,0.95,0.0,0.0,0.0,0.12,0.04
6,PB_only,-0.002519,0.1,0.15,0.45,0.65,0.7,0.8,0.9,0.0,0.0,0.0,0.12,0.05
8,PE_only,-0.002522,0.05,0.15,0.45,0.7,0.65,0.85,0.95,0.0,0.0,0.0,0.08,0.04
8,PB_only,-0.002522,0.1,0.2,0.45,0.6,0.65,0.8,0.9,0.0,0.0,0.0,0.12,0.03
8,PB_FED,-0.002525,0.2,0.25,0.3,0.6,0.7,0.85,0.95,-0.5,0.0,0.0,0.1,0.05
8,PB_FED,-0.00254,0.1,0.25,0.3,0.55,0.65,0.8,0.95,-0.5,0.0,0.0,0.1,0.03
6,PB_only,-0.002543,0.05,0.2,0.3,0.65,0.75,0.8,0.85,0.0,0.0,0.0,0.12,0.05
8,PE_FED,-0.00256,0.05,0.2,0.4,0.6,0.7,0.8,0.95,-0.5,0.0,0.0,0.12,0.03
8,PB_only,-0.002563,0.05,0.3,0.35,0.65,0.65,0.85,0.95,0.0,0.0,0.0,0.08,0.03
6,PB_only,-0.002568,0.1,0.2,0.45,0.65,0.7,0.75,0.95,0.0,0.0,0.0,0.1,0.04
8,PB_only,-0.002568,0.05,0.15,0.35,0.6,0.65,0.85,0.95,0.0,0.0,0.0,0.12,0.03
6,PB_only,-0.002569,0.05,0.2,0.45,0.65,0.65,0.8,0.9,0.0,0.0,0.0,0.06,0.03
8,PB_only,-0.002569,0.1,0.15,0.35,0.6,0.65,0.8,0.95,0.0,0.0,0.0,0.08,0.04
6,PB_only,-0.002573,0.2,0.25,0.35,0.65,0.65,0.75,0.9,0.0,0.0,0.0,0.06,0.05
6,PB_only,-0.002575,0.1,0.3,0.35,0.7,0.75,0.85,0.95,0.0,0.0,0.0,0.12,0.05
8,PB_FED,-0.002576,0.1,0.25,0.35,0.55,0.65,0.85,0.95,0.0,0.0,0.0,0.1,0.03
6,PB_FED,-0.002582,0.05,0.2,0.35,0.7,0.65,0.8,0.9,0.0,0.0,0.0,0.1,0.05
8,PB_only,-0.002584,0.1,0.15,0.3,0.5,0.7,0.75,0.9,0.0,0.0,0.0,0.12,0.03
8,PB_FED,-0.002584,0.15,0.3,0.4,0.6,0.7,0.75,0.85,-0.5,0.0,0.0,0.06,0.05
8,PB_only,-0.002596,0.05,0.2,0.3,0.6,0.7,0.8,0.95,0.0,0.0,0.0,0.12,0.05
6,PB_only,-0.002608,0.05,0.25,0.3,0.65,0.7,0.85,0.95,0.0,0.0,0.0,0.08,0.03
6,PB_FED,-0.002608,0.1,0.15,0.45,0.65,0.7,0.75,0.85,0.0,0.0,0.0,0.06,0.03
8,PB_only,-0.002614,0.15,0.3,0.45,0.65,0.7,0.8,0.95,0.0,0.0,0.0,0.08,0.05
8,PB_FED,-0.002615,0.05,0.15,0.35,0.5,0.65,0.75,0.9,-0.5,0.0,0.0,0.1,0.05
6,PB_only,-0.002625,0.05,0.15,0.45,0.65,0.65,0.85,0.9,0.0,0.0,0.0,0.12,0.04
8,PB_only,-0.002625,0.1,0.15,0.3,0.55,0.7,0.8,0.95,0.0,0.0,0.0,0.12,0.03
6,PB_only,-0.002641,0.2,0.25,0.45,0.7,0.75,0.85,0.95,0.0,0.0,0.0,0.08,0.04
8,PE_only,-0.002641,0.05,0.15,0.45,0.7,0.65,0.85,0.95,0.0,0.0,0.0,0.1,0.03
6,PB_only,-0.002646,0.1,0.15,0.3,0.6,0.7,0.75,0.9,0.0,0.0,0.0,0.06,0.03
6,PB_only,-0.002648,0.1,0.2,0.4,0.65,0.7,0.8,0.9,0.0,0.0,0.0,0.06,0.05
6,PB_only,-0.002649,0.05,0.3,0.45,0.7,0.7,0.75,0.95,0.0,0.0,0.0,0.12,0.04
6,PB_FED,-0.002655,0.05,0.25,0.35,0.7,0.65,0.8,0.95,-0.5,0.0,0.0,0.1,0.03
6,PB_only,-0.002656,0.1,0.25,0.4,0.65,0.65,0.75,0.95,0.0,0.0,0.0,0.12,0.05
6,PB_FED,-0.00266,0.1,0.25,0.4,0.7,0.65,0.85,0.9,-0.5,0.0,0.0,0.12,0.04
8,PE_FED,-0.002661,0.1,0.25,0.35,0.7,0.7,0.75,0.9,-0.5,0.0,0.0,0.08,0.04
6,PB_only,-0.002662,0.1,0.2,0.35,0.65,0.65,0.8,0.95,0.0,0.0,0.0,0.1,0.05
8,PE_FED,-0.002662,0.1,0.15,0.3,0.65,0.7,0.8,0.9,0.0,0.0,0.0,0.06,0.05
6,PB_only,-0.002664,0.15,0.2,0.45,0.65,0.7,0.75,0.85,0.0,0.0,0.0,0.1,0.05
8,PE_FED,-0.002671,0.1,0.2,0.3,0.6,0.65,0.8,0.95,-0.5,0.0,0.0,0.12,0.05
6,PB_only,-0.002674,0.05,0.25,0.4,0.65,0.7,0.8,0.9,0.0,0.0,0.0,0.08,0.03
6,PB_only,-0.002679,0.2,0.25,0.45,0.7,0.7,0.85,0.95,0.0,0.0,0.0,0.08,0.05
6,PB_only,-0.002679,0.2,0.25,0.45,0.7,0.7,0.85,0.95,0.0,0.0,0.0,0.12,0.05
6,PB_only,-0.00268,0.15,0.3,0.4,0.7,0.65,0.75,0.95,0.0,0.0,0.0,0.12,0.04
8,PE_only,-0.002682,0.1,0.15,0.45,0.7,0.65,0.85,0.95,0.0,0.0,0.0,0.1,0.04
6,PB_FED,-0.002683,0.1,0.25,0.45,0.7,0.75,0.8,0.9,-0.5,0.0,0.0,0.12,0.05
8,PE_FED,-0.002687,0.1,0.15,0.45,0.7,0.7,0.8,0.9,-0.5,0.0,0.0,0.1,0.05
6,PB_FED,-0.002695,0.15,0.2,0.35,0.65,0.75,0.85,0.9,0.0,0.0,0.0,0.12,0.03
8,PE_only,-0.002697,0.05,0.25,0.35,0.7,0.7,0.75,0.95,0.0,0.0,0.0,0.06,0.04
6,PB_FED,-0.002698,0.1,0.25,0.3,0.7,0.75,0.8,0.85,0.0,0.0,0.0,0.06,0.03
6,PB_only,-0.00271,0.15,0.25,0.3,0.65,0.7,0.8,0.95,0.0,0.0,0.0,0.08,0.04
6,PB_only,-0.002712,0.05,0.2,0.35,0.65,0.65,0.85,0.9,0.0,0.0,0.0,0.08,0.05
8,PB_only,-0.002716,0.15,0.25,0.3,0.6,0.7,0.8,0.9,0.0,0.0,0.0,0.1,0.05
8,PE_FED,-0.002719,0.05,0.15,0.4,0.6,0.7,0.85,0.95,-0.5,0.0,0.0,0.1,0.03
8,PB_only,-0.002726,0.15,0.25,0.35,0.6,0.75,0.8,0.9,0.0,0.0,0.0,0.1,0.04
8,PB_FED,-0.002732,0.05,0.3,0.35,0.6,0.65,0.8,0.85,0.0,0.0,0.0,0.06,0.05
6,PB_only,-0.002734,0.2,0.25,0.35,0.7,0.65,0.85,0.95,0.0,0.0,0.0,0.1,0.04
8,PB_only,-0.002742,0.05,0.25,0.35,0.6,0.7,0.75,0.9,0.0,0.0,0.0,0.12,0.05
6,PB_FED,-0.002743,0.15,0.25,0.45,0.7,0.75,0.85,0.9,-0.5,0.0,0.0,0.12,0.04
8,PB_only,-0.002746,0.1,0.15,0.45,0.55,0.65,0.75,0.9,0.0,0.0,0.0,0.1,0.03
6,PB_only,-0.002748,0.15,0.25,0.3,0.65,0.7,0.8,0.95,0.0,0.0,0.0,0.12,0.05
6,PB_only,-0.002748,0.15,0.25,0.4,0.65,0.7,0.75,0.85,0.0,0.0,0.0,0.12,0.05
8,PB_FED,-0.002748,0.05,0.2,0.3,0.5,0.7,0.8,0.95,0.0,0.0,0.0,0.1,0.05
8,PB_only,-0.00275,0.1,0.25,0.45,0.6,0.65,0.75,0.85,0.0,0.0,0.0,0.1,0.04
6,PB_only,-0.002753,0.05,0.2,0.35,0.65,0.7,0.85,0.9,0.0,0.0,0.0,0.12,0.05
6,PB_FED,-0.002754,0.1,0.3,0.35,0.7,0.75,0.8,0.95,-0.5,0.0,0.0,0.12,0.03
8,PE_only,-0.002757,0.1,0.2,0.3,0.7,0.65,0.85,0.95,0.0,0.0,0.0,0.1,0.03
6,PB_FED,-0.002759,0.05,0.25,0.3,0.65,0.75,0.8,0.9,-0.5,0.0,0.0,0.12,0.03
6,PB_only,-0.00276,0.1,0.25,0.45,0.65,0.65,0.8,0.85,0.0,0.0,0.0,0.08,0.03
6,PB_only,-0.002763,0.1,0.25,0.4,0.65,0.65,0.8,0.9,0.0,0.0,0.0,0.1,0.04
6,PB_FED,-0.002767,0.05,0.2,0.3,0.65,0.7,0.8,0.9,0.0,0.0,0.0,0.06,0.05
8,PB_only,-0.002769,0.05,0.2,0.3,0.6,0.7,0.85,0.9,0.0,0.0,0.0,0.1,0.05
6,PB_FED,-0.002774,0.15,0.2,0.3,0.6,0.65,0.8,0.9,0.0,0.0,0.0,0.12,0.03
8,PB_only,-0.002775,0.05,0.3,0.4,0.65,0.75,0.8,0.95,0.0,0.0,0.0,0.06,0.05
8,PB_only,-0.002775,0.05,0.3,0.4,0.65,0.65,0.8,0.95,0.0,0.0,0.0,0.1,0.05
6,PB_only,-0.002779,0.05,0.25,0.45,0.65,0.7,0.75,0.85,0.0,0.0,0.0,0.12,0.03
8,PB_only,-0.002781,0.1,0.15,0.4,0.6,0.7,0.85,0.9,0.0,0.0,0.0,0.06,0.05
8,PB_only,-0.002786,0.05,0.15,0.35,0.55,0.7,0.8,0.9,0.0,0.0,0.0,0.12,0.03
8,PB_FED,-0.002788,0.05,0.15,0.45,0.5,0.7,0.8,0.9,0.0,0.0,0.0,0.06,0.03
6,PB_only,-0.002789,0.1,0.25,0.35,0.65,0.7,0.85,0.9,0.0,0.0,0.0,0.06,0.04
8,PB_FED,-0.00279,0.15,0.25,0.3,0.5,0.7,0.75,0.85,-0.5,0.0,0.0,0.12,0.03
8,PB_FED,-0.002793,0.1,0.25,0.35,0.5,0.65,0.8,0.9,0.0,0.0,0.0,0.06,0.03
8,PB_only,-0.002796,0.15,0.25,0.4,0.6,0.7,0.75,0.9,0.0,0.0,0.0,0.08,0.05
6,PB_FED,-0.002802,0.05,0.15,0.35,0.6,0.65,0.75,0.9,-0.5,0.0,0.0,0.1,0.03
8,PB_only,-0.002808,0.1,0.15,0.4,0.6,0.65,0.85,0.95,0.0,0.0,0.0,0.08,0.03
6,PB_FED,-0.00281,0.1,0.25,0.35,0.65,0.7,0.75,0.9,-0.5,0.0,0.0,0.12,0.05
6,PB_only,-0.002811,0.05,0.25,0.4,0.65,0.65,0.8,0.85,0.0,0.0,0.0,0.08,0.04
6,PB_FED,-0.002812,0.15,0.2,0.4,0.65,0.75,0.8,0.95,-0.5,0.0,0.0,0.08,0.05
6,PB_only,-0.002813,0.15,0.25,0.45,0.65,0.65,0.8,0.9,0.0,0.0,0.0,0.12,0.03
6,PB_FED,-0.002815,0.1,0.15,0.45,0.65,0.65,0.75,0.95,0.0,0.0,0.0,0.1,0.05
8,PB_only,-0.00282,0.2,0.3,0.45,0.65,0.65,0.8,0.9,0.0,0.0,0.0,0.06,0.05
8,PB_only,-0.002823,0.2,0.25,0.4,0.6,0.65,0.75,0.85,0.0,0.0,0.0,0.12,0.04
8,PB_FED,-0.002826,0.1,0.2,0.35,0.55,0.65,0.8,0.95,-0.5,0.0,0.0,0.12,0.05
8,PB_only,-0.002833,0.1,0.15,0.45,0.6,0.65,0.8,0.9,0.0,0.0,0.0,0.08,0.05
6,PB_only,-0.002838,0.2,0.25,0.3,0.65,0.7,0.85,0.9,0.0,0.0,0.0,0.12,0.04
8,PB_FED,-0.002838,0.2,0.3,0.4,0.55,0.65,0.75,0.9,0.0,0.0,0.0,0.1,0.04
8,PB_FED,-0.002842,0.1,0.25,0.35,0.5,0.7,0.8,0.9,0.0,0.0,0.0,0.06,0.03
8,PE_FED,-0.002854,0.05,0.15,0.35,0.55,0.7,0.85,0.95,0.0,0.0,0.0,0.08,0.04
8,PB_only,-0.00286,0.2,0.3,0.4,0.65,0.65,0.85,0.9,0.0,0.0,0.0,0.08,0.05
8,PB_only,-0.002862,0.2,0.3,0.45,0.65,0.75,0.85,0.9,0.0,0.0,0.0,0.1,0.04
6,PB_FED,-0.00287,0.2,0.25,0.4,0.7,0.65,0.8,0.95,-0.5,0.0,0.0,0.08,0.03
6,PB_only,-0.002873,0.2,0.3,0.35,0.7,0.65,0.8,0.85,0.0,0.0,0.0,0.12,0.05
6,PB_FED,-0.002876,0.05,0.3,0.4,0.7,0.65,0.75,0.85,-0.5,0.0,0.0,0.12,0.03
6,PB_only,-0.002884,0.05,0.25,0.35,0.65,0.7,0.8,0.95,0.0,0.0,0.0,0.06,0.03
8,PB_only,-0.002884,0.05,0.15,0.4,0.55,0.75,0.8,0.85,0.0,0.0,0.0,0.12,0.03
6,PB_FED,-0.002886,0.1,0.15,0.45,0.65,0.7,0.8,0.95,-0.5,0.0,0.0,0.08,0.05
8,PB_FED,-0.002889,0.15,0.25,0.45,0.6,0.65,0.85,0.95,-0.5,0.0,0.0,0.1,0.03
6,PB_only,-0.002892,0.2,0.3,0.35,0.7,0.65,0.75,0.95,0.0,0.0,0.0,0.1,0.04
8,PB_only,-0.002896,0.1,0.2,0.3,0.55,0.7,0.8,0.9,0.0,0.0,0.0,0.08,0.03
8,PB_only,-0.002896,0.1,0.3,0.45,0.65,0.75,0.8,0.85,0.0,0.0,0.0,0.08,0.05
6,PB_FED,-0.002902,0.15,0.25,0.3,0.7,0.7,0.85,0.95,0.0,0.0,0.0,0.06,0.03
8,PB_only,-0.002905,0.15,0.25,0.4,0.6,0.75,0.85,0.9,0.0,0.0,0.0,0.06,0.03
6,PB_only,-0.002906,0.1,0.2,0.4,0.65,0.65,0.85,0.9,0.0,0.0,0.0,0.06,0.05
8,PE_only,-0.002906,0.05,0.15,0.3,0.7,0.65,0.75,0.9,0.0,0.0,0.0,0.08,0.04
8,PE_PB_FED,-0.002906,0.1,0.15,0.45,0.65,0.7,0.75,0.95,0.0,0.65,0.8,0.1,0.03
8,PB_only,-0.002906,0.2,0.3,0.4,0.65,0.7,0.85,0.9,0.0,0.0,0.0,0.08,0.05
8,PB_FED,-0.002906,0.2,0.25,0.35,0.6,0.75,0.85,0.9,-0.5,0.0,0.0,0.08,0.05
8,PB_FED,-0.002907,0.1,0.2,0.3,0.5,0.65,0.85,0.9,0.0,0.0,0.0,0.08,0.05
6,PB_only,-0.002918,0.05,0.15,0.4,0.65,0.7,0.85,0.95,0.0,0.0,0.0,0.12,0.04
6,PB_only,-0.002921,0.05,0.2,0.4,0.65,0.7,0.8,0.85,0.0,0.0,0.0,0.06,0.05
8,PE_only,-0.002923,0.1,0.25,0.4,0.7,0.7,0.75,0.95,0.0,0.0,0.0,0.12,0.04
6,PB_only,-0.002931,0.05,0.25,0.4,0.65,0.7,0.75,0.95,0.0,0.0,0.0,0.08,0.04
8,PB_FED,-0.002933,0.1,0.3,0.45,0.6,0.75,0.8,0.95,0.0,0.0,0.0,0.1,0.04
8,PE_FED,-0.002934,0.05,0.15,0.35,0.7,0.75,0.85,0.9,-0.5,0.0,0.0,0.1,0.05
6,PB_only,-0.002946,0.1,0.2,0.4,0.65,0.75,0.85,0.9,0.0,0.0,0.0,0.12,0.05
8,PE_FED,-0.002946,0.1,0.15,0.3,0.6,0.7,0.8,0.9,0.0,0.0,0.0,0.12,0.04
6,PB_only,-0.002948,0.05,0.25,0.4,0.65,0.7,0.75,0.95,0.0,0.0,0.0,0.08,0.05
8,PE_FED,-0.002949,0.1,0.15,0.45,0.7,0.7,0.85,0.9,-0.5,0.0,0.0,0.12,0.04
8,PE_FED,-0.002957,0.15,0.2,0.35,0.55,0.75,0.8,0.95,0.0,0.0,0.0,0.08,0.05
6,PB_only,-0.002958,0.1,0.25,0.35,0.65,0.75,0.85,0.95,0.0,0.0,0.0,0.1,0.03
6,PB_only,-0.002959,0.1,0.25,0.45,0.65,0.75,0.8,0.9,0.0,0.0,0.0,0.1,0.03
8,PB_only,-0.002963,0.15,0.25,0.4,0.6,0.7,0.75,0.95,0.0,0.0,0.0,0.12,0.05
6,PB_only,-0.002964,0.1,0.15,0.45,0.65,0.75,0.8,0.95,0.0,0.0,0.0,0.08,0.05
8,PB_FED,-0.002967,0.2,0.3,0.4,0.6,0.7,0.8,0.85,-0.5,0.0,0.0,0.08,0.04
8,PE_only,-0.002968,0.05,0.2,0.35,0.7,0.65,0.85,0.95,0.0,0.0,0.0,0.06,0.05
8,PB_only,-0.002973,0.05,0.3,0.4,0.65,0.65,0.85,0.95,0.0,0.0,0.0,0.1,0.03
8,PB_only,-0.002979,0.1,0.2,0.45,0.6,0.7,0.75,0.95,0.0,0.0,0.0,0.1,0.05
8,PE_only,-0.002983,0.1,0.15,0.45,0.65,0.7,0.8,0.95,0.0,0.0,0.0,0.1,0.03
8,PB_only,-0.002989,0.05,0.25,0.4,0.6,0.7,0.8,0.9,0.0,0.0,0.0,0.12,0.03
8,PB_only,-0.00299,0.05,0.15,0.4,0.6,0.75,0.8,0.85,0.0,0.0,0.0,0.12,0.05
8,PB_only,-0.002991,0.1,0.2,0.3,0.6,0.7,0.85,0.95,0.0,0.0,0.0,0.1,0.04
6,PB_FED,-0.002992,0.15,0.25,0.4,0.7,0.65,0.75,0.95,0.0,0.0,0.0,0.12,0.03
8,PB_FED,-0.002994,0.2,0.25,0.3,0.55,0.75,0.85,0.95,0.0,0.0,0.0,0.12,0.04
6,PB_FED,-0.002999,0.2,0.25,0.4,0.7,0.75,0.85,0.9,-0.5,0.0,0.0,0.12,0.05
6,PB_only,-0.003002,0.05,0.2,0.4,0.65,0.7,0.85,0.95,0.0,0.0,0.0,0.1,0.03
6,PB_only,-0.003017,0.1,0.2,0.35,0.65,0.75,0.8,0.85,0.0,0.0,0.0,0.06,0.05
8,PB_only,-0.003026,0.1,0.15,0.35,0.55,0.75,0.85,0.9,0.0,0.0,0.0,0.12,0.03
8,PB_only,-0.003036,0.05,0.2,0.35,0.6,0.65,0.85,0.9,0.0,0.0,0.0,0.06,0.04
8,PE_FED,-0.003037,0.05,0.25,0.35,0.7,0.7,0.75,0.9,0.0,0.0,0.0,0.08,0.04
8,PE_only,-0.00304,0.05,0.2,0.45,0.7,0.75,0.85,0.95,0.0,0.0,0.0,0.12,0.04
8,PB_FED,-0.00304,0.05,0.2,0.3,0.55,0.75,0.85,0.9,-0.5,0.0,0.0,0.1,0.05
8,PB_FED,-0.003042,0.05,0.15,0.35,0.6,0.65,0.75,0.9,0.5,0.0,0.0,0.12,0.03
8,PE_FED,-0.003045,0.05,0.15,0.35,0.7,0.7,0.75,0.85,-0.5,0.0,0.0,0.12,0.04
6,PB_FED,-0.003049,0.1,0.2,0.3,0.6,0.65,0.75,0.9,-0.5,0.0,0.0,0.08,0.05
6,PB_only,-0.003059,0.05,0.3,0.35,0.65,0.65,0.85,0.9,0.0,0.0,0.0,0.1,0.03
8,PB_FED,-0.00307,0.15,0.3,0.35,0.55,0.7,0.8,0.9,0.0,0.0,0.0,0.1,0.04
8,PE_only,-0.003072,0.1,0.25,0.35,0.7,0.65,0.75,0.95,0.0,0.0,0.0,0.12,0.03
6,PB_only,-0.003075,0.05,0.2,0.3,0.65,0.65,0.85,0.95,0.0,0.0,0.0,0.06,0.04
8,PE_only,-0.003075,0.05,0.2,0.35,0.65,0.7,0.8,0.95,0.0,0.0,0.0,0.06,0.03
8,PB_FED,-0.00308,0.05,0.2,0.3,0.5,0.75,0.85,0.9,0.0,0.0,0.0,0.12,0.04
6,PB_only,-0.003083,0.05,0.15,0.45,0.65,0.7,0.85,0.9,0.0,0.0,0.0,0.08,0.05
8,PE_only,-0.003083,0.15,0.25,0.35,0.7,0.65,0.8,0.95,0.0,0.0,0.0,0.1,0.05
8,PE_only,-0.003084,0.15,0.2,0.3,0.65,0.7,0.75,0.95,0.0,0.0,0.0,0.1,0.04
8,PB_FED,-0.003088,0.15,0.3,0.45,0.6,0.7,0.85,0.9,0.0,0.0,0.0,0.06,0.04
8,PE_only,-0.003092,0.1,0.2,0.35,0.7,0.65,0.85,0.95,0.0,0.0,0.0,0.06,0.05
8,PE_FED,-0.003095,0.05,0.2,0.4,0.6,0.75,0.85,0.95,0.0,0.0,0.0,0.06,0.05
8,PB_FED,-0.003099,0.15,0.2,0.35,0.7,0.7,0.75,0.9,0.5,0.0,0.0,0.08,0.05
6,PB_only,-0.003102,0.2,0.3,0.4,0.7,0.75,0.8,0.95,0.0,0.0,0.0,0.06,0.05
8,PB_FED,-0.003103,0.05,0.15,0.3,0.65,0.7,0.8,0.85,0.5,0.0,0.0,0.08,0.04
6,PB_FED,-0.003105,0.1,0.25,0.45,0.65,0.65,0.75,0.9,-0.5,0.0,0.0,0.06,0.03
8,PE_only,-0.003107,0.05,0.25,0.3,0.7,0.75,0.85,0.95,0.0,0.0,0.0,0.08,0.04
8,PB_FED,-0.003117,0.1,0.2,0.3,0.5,0.7,0.85,0.95,0.0,0.0,0.0,0.06,0.04
8,PE_FED,-0.003121,0.05,0.2,0.3,0.7,0.65,0.8,0.9,-0.5,0.0,0.0,0.06,0.05
8,PB_only,-0.003123,0.1,0.2,0.4,0.55,0.7,0.75,0.9,0.0,0.0,0.0,0.06,0.03
8,PB_FED,-0.003123,0.05,0.2,0.45,0.6,0.7,0.85,0.95,-0.5,0.0,0.0,0.12,0.04
6,PB_FED,-0.003125,0.05,0.2,0.4,0.65,0.7,0.8,0.9,-0.5,0.0,0.0,0.12,0.05
8,PE_FED,-0.003125,0.05,0.3,0.35,0.65,0.7,0.8,0.95,0.0,0.0,0.0,0.08,0.05
8,PB_only,-0.003128,0.2,0.25,0.3,0.6,0.7,0.8,0.95,0.0,0.0,0.0,0.06,0.03
8,PB_only,-0.003132,0.05,0.2,0.45,0.6,0.65,0.75,0.95,0.0,0.0,0.0,0.1,0.03
6,PB_only,-0.003135,0.1,0.2,0.45,0.65,0.65,0.75,0.95,0.0,0.0,0.0,0.12,0.04
8,PB_FED,-0.003137,0.15,0.2,0.4,0.55,0.7,0.8,0.9,-0.5,0.0,0.0,0.1,0.05
8,PE_only,-0.003139,0.2,0.25,0.35,0.7,0.7,0.75,0.95,0.0,0.0,0.0,0.08,0.03
8,PE_only,-0.003139,0.2,0.25,0.35,0.7,0.7,0.75,0.95,0.0,0.0,0.0,0.1,0.03
6,PB_only,-0.003143,0.15,0.25,0.4,0.65,0.65,0.75,0.95,0.0,0.0,0.0,0.1,0.04
8,PE_only,-0.003143,0.05,0.2,0.4,0.7,0.65,0.85,0.95,0.0,0.0,0.0,0.1,0.05
6,PB_only,-0.003145,0.05,0.25,0.35,0.65,0.65,0.8,0.9,0.0,0.0,0.0,0.06,0.05
6,PB_only,-0.003148,0.15,0.3,0.35,0.7,0.65,0.8,0.95,0.0,0.0,0.0,0.1,0.04
6,PB_only,-0.003149,0.1,0.3,0.45,0.65,0.65,0.75,0.85,0.0,0.0,0.0,0.12,0.03
6,PB_only,-0.003149,0.1,0.2,0.45,0.65,0.7,0.85,0.9,0.0,0.0,0.0,0.06,0.04
6,PB_only,-0.00315,0.1,0.25,0.45,0.65,0.75,0.8,0.85,0.0,0.0,0.0,0.1,0.04
8,PB_FED,-0.00315,0.15,0.3,0.4,0.6,0.7,0.8,0.85,-0.5,0.0,0.0,0.12,0.05
8,PB_only,-0.003155,0.1,0.2,0.35,0.6,0.7,0.8,0.95,0.0,0.0,0.0,0.12,0.05
8,PB_only,-0.003157,0.1,0.3,0.4,0.6,0.65,0.75,0.9,0.0,0.0,0.0,0.12,0.03
6,PB_only,-0.003167,0.15,0.25,0.45,0.65,0.65,0.75,0.95,0.0,0.0,0.0,0.1,0.05
6,PB_FED,-0.003169,0.1,0.25,0.35,0.7,0.7,0.8,0.9,0.0,0.0,0.0,0.12,0.03
8,PB_only,-0.003169,0.15,0.3,0.35,0.6,0.7,0.75,0.9,0.0,0.0,0.0,0.1,0.04
8,PB_only,-0.00317,0.15,0.2,0.35,0.55,0.7,0.75,0.95,0.0,0.0,0.0,0.12,0.03
8,PB_FED,-0.003181,0.15,0.25,0.45,0.5,0.7,0.75,0.9,0.0,0.0,0.0,0.1,0.04
8,PE_only,-0.003186,0.15,0.2,0.4,0.65,0.75,0.8,0.95,0.0,0.0,0.0,0.06,0.03
8,PE_FED,-0.003186,0.1,0.15,0.35,0.55,0.65,0.75,0.95,-0.5,0.0,0.0,0.06,0.03
6,PB_only,-0.003188,0.05,0.15,0.45,0.65,0.7,0.8,0.95,0.0,0.0,0.0,0.06,0.04
8,PB_only,-0.003191,0.15,0.3,0.45,0.65,0.75,0.85,0.95,0.0,0.0,0.0,0.1,0.05
8,PB_only,-0.003191,0.15,0.3,0.45,0.65,0.7,0.85,0.95,0.0,0.0,0.0,0.12,0.05
8,PB_only,-0.003196,0.1,0.3,0.35,0.6,0.7,0.75,0.85,0.0,0.0,0.0,0.1,0.04
8,PB_only,-0.003199,0.1,0.2,0.35,0.55,0.65,0.75,0.9,0.0,0.0,0.0,0.06,0.04
8,PB_FED,-0.003201,0.1,0.3,0.35,0.55,0.65,0.85,0.9,0.0,0.0,0.0,0.1,0.03
6,PB_only,-0.003203,0.05,0.3,0.45,0.7,0.65,0.8,0.9,0.0,0.0,0.0,0.06,0.04
8,PB_only,-0.003205,0.05,0.15,0.3,0.55,0.75,0.8,0.9,0.0,0.0,0.0,0.1,0.05
8,PB_only,-0.003207,0.1,0.2,0.3,0.55,0.7,0.75,0.95,0.0,0.0,0.0,0.06,0.04
8,PB_FED,-0.00321,0.05,0.25,0.4,0.55,0.75,0.85,0.95,0.0,0.0,0.0,0.08,0.03
8,PB_only,-0.003212,0.1,0.2,0.4,0.6,0.65,0.8,0.95,0.0,0.0,0.0,0.08,0.03
8,PB_only,-0.003215,0.1,0.15,0.3,0.5,0.65,0.75,0.9,0.0,0.0,0.0,0.1,0.04
6,PB_only,-0.003216,0.2,0.25,0.35,0.65,0.75,0.8,0.95,0.0,0.0,0.0,0.08,0.03
8,PB_only,-0.00322,0.05,0.2,0.4,0.6,0.65,0.75,0.95,0.0,0.0,0.0,0.06,0.04
8,PE_only,-0.003221,0.15,0.2,0.4,0.65,0.7,0.75,0.95,0.0,0.0,0.0,0.1,0.03
8,PB_FED,-0.003222,0.2,0.25,0.45,0.6,0.75,0.85,0.95,-0.5,0.0,0.0,0.08,0.03
6,PB_FED,-0.003224,0.1,0.2,0.4,0.65,0.7,0.8,0.85,0.0,0.0,0.0,0.1,0.04
8,PB_FED,-0.003224,0.1,0.25,0.35,0.5,0.7,0.8,0.95,0.0,0.0,0.0,0.1,0.03
8,PB_FED,-0.003231,0.15,0.3,0.45,0.6,0.7,0.8,0.9,-0.5,0.0,0.0,0.06,0.04
8,PE_only,-0.003235,0.05,0.25,0.35,0.7,0.65,0.75,0.95,0.0,0.0,0.0,0.06,0.04
8,PB_only,-0.003238,0.15,0.25,0.3,0.55,0.7,0.75,0.9,0.0,0.0,0.0,0.12,0.04
8,PB_only,-0.003243,0.1,0.25,0.45,0.6,0.65,0.8,0.9,0.0,0.0,0.0,0.1,0.03
8,PB_only,-0.003244,0.1,0.2,0.35,0.55,0.7,0.75,0.9,0.0,0.0,0.0,0.12,0.04
8,PB_FED,-0.003244,0.15,0.3,0.4,0.55,0.65,0.75,0.9,-0.5,0.0,0.0,0.08,0.03
8,PE_FED,-0.003245,0.05,0.15,0.35,0.7,0.75,0.8,0.85,-0.5,0.0,0.0,0.1,0.05
6,PB_FED,-0.003247,0.05,0.15,0.3,0.65,0.75,0.85,0.95,0.0,0.0,0.0,0.06,0.04
8,PE_FED,-0.003251,0.1,0.2,0.3,0.6,0.7,0.75,0.9,0.0,0.0,0.0,0.12,0.04
8,PE_only,-0.003255,0.05,0.2,0.3,0.65,0.65,0.75,0.95,0.0,0.0,0.0,0.1,0.05
8,PB_only,-0.003256,0.15,0.2,0.35,0.6,0.75,0.8,0.85,0.0,0.0,0.0,0.06,0.05
6,PB_FED,-0.003259,0.05,0.15,0.35,0.6,0.7,0.75,0.85,-0.5,0.0,0.0,0.06,0.03
8,PB_FED,-0.003259,0.15,0.2,0.45,0.55,0.75,0.8,0.9,-0.5,0.0,0.0,0.12,0.04
8,PB_FED,-0.003263,0.2,0.3,0.45,0.6,0.7,0.8,0.9,0.0,0.0,0.0,0.12,0.05
6,PB_only,-0.003271,0.05,0.2,0.45,0.65,0.7,0.8,0.95,0.0,0.0,0.0,0.12,0.03
6,PB_FED,-0.003275,0.2,0.25,0.35,0.7,0.65,0.85,0.95,-0.5,0.0,0.0,0.06,0.05
8,PB_FED,-0.003276,0.15,0.25,0.4,0.5,0.7,0.8,0.9,0.0,0.0,0.0,0.1,0.03
6,PB_FED,-0.003277,0.2,0.25,0.35,0.7,0.7,0.8,0.95,0.0,0.0,0.0,0.08,0.03
8,PE_FED,-0.003281,0.05,0.15,0.35,0.7,0.65,0.75,0.85,-0.5,0.0,0.0,0.1,0.04
8,PB_only,-0.003284,0.05,0.15,0.4,0.6,0.65,0.8,0.95,0.0,0.0,0.0,0.1,0.04
6,PB_only,-0.003286,0.2,0.3,0.35,0.7,0.65,0.8,0.95,0.0,0.0,0.0,0.08,0.05
8,PB_only,-0.003288,0.1,0.25,0.45,0.6,0.75,0.8,0.9,0.0,0.0,0.0,0.12,0.03
6,PB_FED,-0.003289,0.1,0.25,0.3,0.65,0.75,0.8,0.95,-0.5,0.0,0.0,0.12,0.04
6,PB_FED,-0.003289,0.1,0.25,0.3,0.65,0.75,0.8,0.95,-0.5,0.0,0.0,0.1,0.04
8,PB_only,-0.003291,0.05,0.15,0.45,0.6,0.7,0.85,0.95,0.0,0.0,0.0,0.06,0.03
8,PE_FED,-0.003292,0.1,0.15,0.35,0.7,0.75,0.8,0.85,-0.5,0.0,0.0,0.1,0.05
8,PE_FED,-0.003292,0.1,0.15,0.35,0.7,0.75,0.8,0.85,-0.5,0.0,0.0,0.08,0.05
8,PB_only,-0.003292,0.15,0.2,0.35,0.6,0.75,0.85,0.9,0.0,0.0,0.0,0.1,0.05
6,PB_only,-0.003296,0.05,0.25,0.3,0.65,0.75,0.8,0.85,0.0,0.0,0.0,0.08,0.05
8,PE_FED,-0.003296,0.1,0.15,0.4,0.6,0.65,0.75,0.9,0.0,0.0,0.0,0.1,0.05
6,PB_FED,-0.003308,0.2,0.25,0.4,0.7,0.75,0.85,0.95,-0.5,0.0,0.0,0.1,0.05
8,PB_only,-0.003316,0.1,0.2,0.4,0.6,0.75,0.85,0.95,0.0,0.0,0.0,0.06,0.03
8,PE_only,-0.00333,0.15,0.2,0.35,0.65,0.7,0.75,0.95,0.0,0.0,0.0,0.08,0.04
8,PB_FED,-0.003331,0.05,0.2,0.45,0.5,0.7,0.75,0.95,0.0,0.0,0.0,0.08,0.05
8,PB_only,-0.003332,0.1,0.2,0.35,0.6,0.75,0.8,0.85,0.0,0.0,0.0,0.06,0.05
6,PB_FED,-0.003343,0.2,0.25,0.45,0.7,0.65,0.75,0.9,0.0,0.0,0.0,0.1,0.03
8,PB_FED,-0.003346,0.05,0.15,0.45,0.55,0.7,0.8,0.85,-0.5,0.0,0.0,0.06,0.05
8,PE_PB_FED,-0.003351,0.05,0.15,0.4,0.7,0.7,0.8,0.95,-0.5,0.65,0.8,0.12,0.04
8,PE_only,-0.003356,0.05,0.15,0.4,0.65,0.75,0.85,0.95,0.0,0.0,0.0,0.12,0.03
6,PB_FED,-0.003361,0.2,0.25,0.4,0.7,0.65,0.85,0.9,-0.5,0.0,0.0,0.1,0.05
8,PE_only,-0.003361,0.1,0.15,0.35,0.65,0.75,0.85,0.95,0.0,0.0,0.0,0.1,0.03
8,PB_FED,-0.003363,0.2,0.3,0.4,0.6,0.65,0.85,0.9,-0.5,0.0,0.0,0.06,0.03
8,PB_FED,-0.003363,0.2,0.3,0.45,0.6,0.75,0.8,0.95,0.0,0.0,0.0,0.08,0.04
8,PB_FED,-0.003372,0.2,0.25,0.3,0.65,0.7,0.75,0.95,0.5,0.0,0.0,0.1,0.03
8,PE_only,-0.003375,0.15,0.2,0.35,0.65,0.75,0.8,0.95,0.0,0.0,0.0,0.1,0.04
6,PB_only,-0.003382,0.1,0.25,0.4,0.65,0.75,0.85,0.95,0.0,0.0,0.0,0.08,0.03
6,PB_only,-0.003382,0.1,0.25,0.4,0.65,0.7,0.85,0.95,0.0,0.0,0.0,0.08,0.03
6,PB_FED,-0.003385,0.05,0.2,0.45,0.7,0.65,0.8,0.9,0.0,0.0,0.0,0.08,0.04
8,PB_only,-0.003395,0.05,0.3,0.45,0.65,0.65,0.85,0.9,0.0,0.0,0.0,0.06,0.05
8,PB_only,-0.003395,0.05,0.3,0.45,0.65,0.65,0.85,0.9,0.0,0.0,0.0,0.08,0.05
6,PB_FED,-0.003398,0.1,0.15,0.45,0.65,0.65,0.8,0.9,0.0,0.0,0.0,0.06,0.04
6,PB_only,-0.003399,0.1,0.25,0.45,0.65,0.7,0.8,0.9,0.0,0.0,0.0,0.1,0.04
6,PB_only,-0.0034,0.2,0.25,0.4,0.65,0.7,0.75,0.85,0.0,0.0,0.0,0.06,0.05
6,PB_only,-0.0034,0.2,0.25,0.4,0.65,0.7,0.75,0.85,0.0,0.0,0.0,0.1,0.05
6,PB_FED,-0.0034,0.2,0.25,0.3,0.65,0.7,0.8,0.85,-0.5,0.0,0.0,0.08,0.03
6,PB_FED,-0.003404,0.05,0.25,0.3,0.65,0.7,0.8,0.85,-0.5,0.0,0.0,0.1,0.03
8,PE_FED,-0.003411,0.2,0.3,0.35,0.65,0.75,0.8,0.95,0.0,0.0,0.0,0.08,0.04
8,PB_FED,-0.003419,0.15,0.2,0.4,0.5,0.65,0.8,0.9,0.0,0.0,0.0,0.12,0.05
8,PB_FED,-0.00342,0.1,0.15,0.4,0.7,0.7,0.8,0.85,0.5,0.0,0.0,0.1,0.04
6,PB_FED,-0.003424,0.1,0.3,0.45,0.7,0.65,0.75,0.9,-0.5,0.0,0.0,0.08,0.04
8,PB_FED,-0.003424,0.2,0.3,0.4,0.6,0.7,0.75,0.85,-0.5,0.0,0.0,0.1,0.05
6,PB_only,-0.003427,0.05,0.25,0.3,0.65,0.7,0.85,0.95,0.0,0.0,0.0,0.1,0.05
8,PE_FED,-0.003427,0.05,0.15,0.3,0.55,0.65,0.8,0.95,-0.5,0.0,0.0,0.12,0.05
6,PB_only,-0.003431,0.2,0.25,0.3,0.65,0.7,0.8,0.95,0.0,0.0,0.0,0.08,0.05
6,PB_only,-0.003431,0.1,0.3,0.45,0.65,0.65,0.75,0.9,0.0,0.0,0.0,0.1,0.03
8,PE_FED,-0.003433,0.15,0.25,0.35,0.6,0.7,0.8,0.95,-0.5,0.0,0.0,0.06,0.03
8,PE_FED,-0.003434,0.05,0.15,0.35,0.7,0.75,0.8,0.85,-0.5,0.0,0.0,0.08,0.04
6,PB_only,-0.003437,0.1,0.3,0.45,0.7,0.65,0.8,0.95,0.0,0.0,0.0,0.08,0.03
8,PB_FED,-0.003437,0.05,0.25,0.4,0.55,0.65,0.8,0.85,0.0,0.0,0.0,0.1,0.05
8,PE_only,-0.003446,0.1,0.15,0.45,0.65,0.65,0.8,0.95,0.0,0.0,0.0,0.1,0.05
8,PE_only,-0.003446,0.1,0.15,0.45,0.65,0.7,0.8,0.95,0.0,0.0,0.0,0.12,0.05
8,PB_only,-0.003447,0.15,0.3,0.35,0.6,0.7,0.8,0.85,0.0,0.0,0.0,0.08,0.04
8,PB_FED,-0.003449,0.15,0.2,0.35,0.55,0.75,0.85,0.9,-0.5,0.0,0.0,0.06,0.05
8,PB_only,-0.003454,0.15,0.25,0.45,0.6,0.65,0.85,0.9,0.0,0.0,0.0,0.06,0.03
8,PE_FED,-0.00346,0.05,0.25,0.45,0.65,0.65,0.85,0.95,0.0,0.0,0.0,0.12,0.03
6,PB_only,-0.003461,0.1,0.3,0.4,0.65,0.7,0.75,0.85,0.0,0.0,0.0,0.1,0.04
8,PB_only,-0.003466,0.15,0.25,0.4,0.6,0.7,0.8,0.85,0.0,0.0,0.0,0.1,0.05
6,PB_only,-0.003468,0.05,0.2,0.4,0.65,0.65,0.85,0.95,0.0,0.0,0.0,0.12,0.03
6,PB_FED,-0.003468,0.1,0.2,0.4,0.65,0.65,0.8,0.95,0.0,0.0,0.0,0.08,0.03
8,PB_FED,-0.00347,0.05,0.15,0.45,0.55,0.65,0.85,0.95,0.0,0.0,0.0,0.08,0.04
6,PB_FED,-0.003475,0.1,0.2,0.3,0.65,0.65,0.85,0.95,0.0,0.0,0.0,0.08,0.05
6,PB_FED,-0.003476,0.05,0.25,0.35,0.65,0.75,0.8,0.9,-0.5,0.0,0.0,0.1,0.03
8,PB_FED,-0.003481,0.1,0.25,0.3,0.5,0.7,0.8,0.85,0.0,0.0,0.0,0.06,0.05
8,PB_only,-0.003484,0.05,0.2,0.35,0.55,0.75,0.8,0.85,0.0,0.0,0.0,0.06,0.03
6,PB_only,-0.003491,0.15,0.2,0.45,0.65,0.7,0.85,0.9,0.0,0.0,0.0,0.06,0.05
6,PB_only,-0.003493,0.2,0.3,0.35,0.7,0.65,0.85,0.95,0.0,0.0,0.0,0.1,0.05
6,PB_only,-0.003498,0.05,0.15,0.35,0.6,0.65,0.75,0.9,0.0,0.0,0.0,0.08,0.03
8,PB_only,-0.003498,0.05,0.15,0.45,0.6,0.75,0.8,0.95,0.0,0.0,0.0,0.1,0.04
6,PB_FED,-0.0035,0.2,0.3,0.4,0.7,0.75,0.8,0.9,-0.5,0.0,0.0,0.12,0.04
8,PB_FED,-0.003504,0.05,0.3,0.4,0.6,0.65,0.75,0.85,-0.5,0.0,0.0,0.06,0.05
8,PB_FED,-0.003518,0.15,0.2,0.35,0.5,0.7,0.85,0.9,0.0,0.0,0.0,0.08,0.04
8,PB_only,-0.003519,0.1,0.15,0.35,0.5,0.7,0.75,0.9,0.0,0.0,0.0,0.08,0.03
6,PB_only,-0.003521,0.2,0.3,0.45,0.65,0.65,0.75,0.85,0.0,0.0,0.0,0.1,0.03
8,PB_only,-0.003535,0.1,0.2,0.4,0.55,0.65,0.75,0.85,0.0,0.0,0.0,0.06,0.04
8,PE_PB_FED,-0.003537,0.1,0.15,0.45,0.6,0.7,0.75,0.95,0.0,0.65,0.8,0.08,0.03
6,PB_only,-0.003538,0.05,0.15,0.35,0.6,0.7,0.75,0.9,0.0,0.0,0.0,0.06,0.03
8,PB_only,-0.003541,0.05,0.25,0.4,0.6,0.65,0.8,0.9,0.0,0.0,0.0,0.12,0.04
6,PB_only,-0.003545,0.2,0.3,0.35,0.65,0.65,0.8,0.85,0.0,0.0,0.0,0.1,0.03
8,PB_only,-0.003553,0.1,0.25,0.35,0.6,0.65,0.85,0.9,0.0,0.0,0.0,0.06,0.04
8,PB_only,-0.003555,0.15,0.25,0.45,0.6,0.7,0.75,0.95,0.0,0.0,0.0,0.08,0.05
6,PB_FED,-0.003556,0.1,0.2,0.3,0.65,0.75,0.8,0.85,0.0,0.0,0.0,0.08,0.05
6,PB_FED,-0.003556,0.1,0.15,0.45,0.7,0.7,0.85,0.95,0.0,0.0,0.0,0.06,0.04
8,PB_only,-0.003556,0.1,0.15,0.35,0.55,0.65,0.75,0.95,0.0,0.0,0.0,0.06,0.04
8,PB_only,-0.003556,0.1,0.15,0.35,0.55,0.65,0.75,0.95,0.0,0.0,0.0,0.12,0.04
8,PE_only,-0.003558,0.1,0.25,0.35,0.7,0.75,0.85,0.95,0.0,0.0,0.0,0.06,0.05
8,PE_only,-0.003558,0.1,0.25,0.4,0.7,0.75,0.85,0.95,0.0,0.0,0.0,0.08,0.04
6,PB_FED,-0.003563,0.05,0.15,0.3,0.6,0.7,0.8,0.85,-0.5,0.0,0.0,0.06,0.03
6,PB_FED,-0.003566,0.15,0.2,0.4,0.65,0.65,0.8,0.95,0.0,0.0,0.0,0.1,0.05
8,PE_FED,-0.003567,0.15,0.25,0.35,0.6,0.65,0.85,0.95,0.0,0.0,0.0,0.1,0.04
8,PB_FED,-0.003567,0.1,0.25,0.3,0.7,0.65,0.8,0.9,0.5,0.0,0.0,0.06,0.03
8,PB_FED,-0.003567,0.05,0.25,0.3,0.55,0.75,0.8,0.95,-0.5,0.0,0.0,0.06,0.04
8,PE_only,-0.003572,0.05,0.2,0.35,0.65,0.7,0.8,0.95,0.0,0.0,0.0,0.08,0.05
6,PB_only,-0.003584,0.2,0.25,0.35,0.65,0.75,0.85,0.95,0.0,0.0,0.0,0.12,0.03
8,PE_FED,-0.003585,0.1,0.15,0.4,0.7,0.65,0.75,0.85,0.0,0.0,0.0,0.08,0.05
8,PE_FED,-0.00359,0.1,0.15,0.4,0.6,0.75,0.8,0.9,0.0,0.0,0.0,0.06,0.03
8,PB_only,-0.003597,0.15,0.3,0.35,0.6,0.65,0.8,0.85,0.0,0.0,0.0,0.12,0.03
6,PB_FED,-0.003602,0.05,0.15,0.3,0.55,0.7,0.75,0.85,0.0,0.0,0.0,0.12,0.03
6,PB_FED,-0.003611,0.15,0.3,0.45,0.7,0.7,0.75,0.85,-0.5,0.0,0.0,0.06,0.05
6,PB_FED,-0.003612,0.1,0.25,0.4,0.65,0.75,0.8,0.85,-0.5,0.0,0.0,0.12,0.04
8,PB_FED,-0.00362,0.05,0.15,0.4,0.7,0.75,0.8,0.9,0.5,0.0,0.0,0.12,0.03
6,PB_FED,-0.003623,0.05,0.2,0.3,0.6,0.65,0.75,0.95,-0.5,0.0,0.0,0.08,0.05
6,PB_only,-0.003628,0.05,0.3,0.4,0.65,0.7,0.75,0.85,0.0,0.0,0.0,0.06,0.03
8,PB_only,-0.003632,0.05,0.3,0.4,0.6,0.7,0.75,0.85,0.0,0.0,0.0,0.1,0.03
6,PB_only,-0.003637,0.05,0.25,0.4,0.65,0.7,0.8,0.85,0.0,0.0,0.0,0.1,0.05
6,PB_only,-0.003638,0.2,0.3,0.45,0.7,0.65,0.8,0.9,0.0,0.0,0.0,0.12,0.05
6,PB_only,-0.003639,0.05,0.25,0.35,0.65,0.65,0.8,0.95,0.0,0.0,0.0,0.12,0.05
8,PB_only,-0.003641,0.15,0.2,0.45,0.55,0.65,0.75,0.85,0.0,0.0,0.0,0.08,0.03
8,PE_FED,-0.003646,0.05,0.2,0.3,0.6,0.65,0.75,0.9,0.0,0.0,0.0,0.1,0.03
6,PB_only,-0.003657,0.05,0.3,0.35,0.65,0.65,0.8,0.9,0.0,0.0,0.0,0.12,0.03
6,PB_only,-0.003662,0.05,0.15,0.45,0.65,0.75,0.85,0.95,0.0,0.0,0.0,0.12,0.05
8,PE_only,-0.003673,0.1,0.25,0.4,0.7,0.75,0.85,0.95,0.0,0.0,0.0,0.08,0.03
8,PB_FED,-0.003674,0.1,0.2,0.4,0.65,0.7,0.75,0.95,0.5,0.0,0.0,0.12,0.05
8,PE_only,-0.003675,0.2,0.25,0.35,0.7,0.65,0.75,0.95,0.0,0.0,0.0,0.08,0.03
6,PB_only,-0.003681,0.05,0.3,0.35,0.65,0.75,0.8,0.85,0.0,0.0,0.0,0.12,0.03
6,PB_only,-0.003692,0.2,0.3,0.4,0.65,0.7,0.75,0.85,0.0,0.0,0.0,0.12,0.03
6,PB_FED,-0.003695,0.15,0.25,0.4,0.65,0.65,0.75,0.9,0.0,0.0,0.0,0.06,0.04
8,PE_only,-0.003696,0.05,0.15,0.4,0.7,0.7,0.75,0.9,0.0,0.0,0.0,0.06,0.05
8,PE_only,-0.003702,0.1,0.2,0.4,0.65,0.7,0.75,0.95,0.0,0.0,0.0,0.08,0.04
6,PB_FED,-0.003703,0.05,0.2,0.3,0.6,0.7,0.8,0.9,-0.5,0.0,0.0,0.06,0.03
8,PB_FED,-0.003703,0.15,0.2,0.45,0.5,0.75,0.85,0.9,0.0,0.0,0.0,0.06,0.03
6,PB_only,-0.003708,0.2,0.3,0.35,0.7,0.65,0.8,0.95,0.0,0.0,0.0,0.06,0.04
6,PB_only,-0.003712,0.2,0.3,0.45,0.7,0.65,0.75,0.95,0.0,0.0,0.0,0.12,0.04
6,PB_FED,-0.003712,0.05,0.25,0.45,0.7,0.65,0.8,0.9,-0.5,0.0,0.0,0.08,0.05
6,PB_only,-0.003715,0.1,0.3,0.4,0.65,0.75,0.8,0.85,0.0,0.0,0.0,0.1,0.03
6,PB_FED,-0.003716,0.2,0.3,0.35,0.7,0.65,0.75,0.85,0.0,0.0,0.0,0.06,0.03
8,PB_FED,-0.003716,0.2,0.25,0.45,0.5,0.65,0.75,0.85,0.0,0.0,0.0,0.1,0.03
8,PE_only,-0.003721,0.05,0.15,0.35,0.6,0.65,0.75,0.95,0.0,0.0,0.0,0.06,0.03
8,PE_only,-0.003721,0.05,0.15,0.3,0.7,0.65,0.75,0.9,0.0,0.0,0.0,0.08,0.05
6,PB_FED,-0.003725,0.1,0.2,0.35,0.65,0.75,0.85,0.9,0.0,0.0,0.0,0.1,0.04
6,PB_FED,-0.003727,0.15,0.2,0.45,0.65,0.65,0.75,0.85,0.0,0.0,0.0,0.06,0.05
6,PB_only,-0.003738,0.1,0.3,0.4,0.65,0.65,0.75,0.9,0.0,0.0,0.0,0.12,0.05
6,PB_only,-0.003739,0.15,0.25,0.35,0.65,0.75,0.85,0.95,0.0,0.0,0.0,0.06,0.05
8,PB_FED,-0.003741,0.15,0.25,0.3,0.65,0.65,0.75,0.85,0.5,0.0,0.0,0.08,0.04
8,PB_only,-0.003748,0.1,0.25,0.3,0.55,0.75,0.8,0.85,0.0,0.0,0.0,0.06,0.04
8,PE_only,-0.003751,0.1,0.2,0.4,0.65,0.65,0.8,0.95,0.0,0.0,0.0,0.08,0.04
6,PB_only,-0.003761,0.2,0.3,0.4,0.65,0.7,0.75,0.9,0.0,0.0,0.0,0.12,0.04
8,PB_only,-0.003766,0.15,0.3,0.35,0.6,0.65,0.75,0.95,0.0,0.0,0.0,0.1,0.03
8,PE_only,-0.003768,0.15,0.3,0.4,0.7,0.75,0.8,0.95,0.0,0.0,0.0,0.12,0.04
8,PE_FED,-0.00377,0.05,0.15,0.4,0.65,0.65,0.8,0.9,-0.5,0.0,0.0,0.06,0.05
8,PB_FED,-0.003776,0.1,0.25,0.3,0.6,0.7,0.75,0.9,0.5,0.0,0.0,0.06,0.03
8,PE_FED,-0.003779,0.15,0.2,0.35,0.6,0.65,0.85,0.95,-0.5,0.0,0.0,0.08,0.04
6,PB_only,-0.003783,0.05,0.3,0.35,0.65,0.75,0.85,0.9,0.0,0.0,0.0,0.12,0.03
8,PB_only,-0.003783,0.15,0.25,0.3,0.55,0.65,0.8,0.85,0.0,0.0,0.0,0.1,0.03
8,PE_FED,-0.003789,0.15,0.3,0.4,0.65,0.65,0.85,0.95,0.0,0.0,0.0,0.06,0.04
8,PB_only,-0.003789,0.15,0.2,0.3,0.55,0.75,0.8,0.95,0.0,0.0,0.0,0.12,0.03
6,PB_FED,-0.00379,0.1,0.2,0.35,0.6,0.75,0.8,0.9,0.0,0.0,0.0,0.08,0.03
6,PB_FED,-0.003791,0.05,0.2,0.4,0.7,0.65,0.8,0.95,0.0,0.0,0.0,0.06,0.04
8,PE_only,-0.003793,0.05,0.25,0.3,0.7,0.65,0.85,0.95,0.0,0.0,0.0,0.1,0.03
6,PB_FED,-0.003799,0.1,0.15,0.4,0.6,0.75,0.8,0.9,0.0,0.0,0.0,0.1,0.03
8,PB_only,-0.00381,0.15,0.2,0.45,0.6,0.7,0.85,0.9,0.0,0.0,0.0,0.08,0.04
6,PB_FED,-0.003814,0.1,0.25,0.35,0.7,0.65,0.8,0.85,0.0,0.0,0.0,0.06,0.04
6,PB_FED,-0.003819,0.15,0.25,0.35,0.65,0.7,0.85,0.95,-0.5,0.0,0.0,0.1,0.03
6,PB_FED,-0.003822,0.05,0.25,0.3,0.65,0.75,0.8,0.95,-0.5,0.0,0.0,0.06,0.04
8,PB_only,-0.003828,0.15,0.25,0.35,0.6,0.75,0.8,0.95,0.0,0.0,0.0,0.06,0.05
8,PE_only,-0.003831,0.2,0.25,0.3,0.7,0.75,0.85,0.95,0.0,0.0,0.0,0.12,0.04
8,PB_only,-0.003835,0.1,0.2,0.35,0.55,0.65,0.75,0.95,0.0,0.0,0.0,0.12,0.03
8,PB_only,-0.003848,0.15,0.25,0.4,0.6,0.65,0.8,0.95,0.0,0.0,0.0,0.12,0.03
6,PB_only,-0.00385,0.1,0.2,0.35,0.6,0.65,0.75,0.85,0.0,0.0,0.0,0.12,0.03
8,PE_FED,-0.003853,0.1,0.15,0.45,0.55,0.7,0.85,0.95,0.0,0.0,0.0,0.06,0.04
8,PB_only,-0.003856,0.2,0.3,0.45,0.65,0.65,0.85,0.95,0.0,0.0,0.0,0.12,0.05
8,PB_only,-0.003859,0.1,0.25,0.35,0.55,0.65,0.75,0.85,0.0,0.0,0.0,0.08,0.04
6,PB_FED,-0.003864,0.05,0.15,0.45,0.65,0.65,0.85,0.95,-0.5,0.0,0.0,0.1,0.03
8,PB_only,-0.003872,0.05,0.2,0.35,0.6,0.65,0.8,0.95,0.0,0.0,0.0,0.06,0.04
8,PB_only,-0.003879,0.15,0.25,0.4,0.6,0.65,0.85,0.9,0.0,0.0,0.0,0.08,0.04
8,PB_FED,-0.003879,0.1,0.2,0.3,0.5,0.7,0.8,0.9,-0.5,0.0,0.0,0.1,0.05
8,PB_FED,-0.003884,0.2,0.3,0.4,0.55,0.7,0.8,0.85,0.0,0.0,0.0,0.08,0.04
6,PB_only,-0.003885,0.15,0.25,0.45,0.65,0.65,0.8,0.85,0.0,0.0,0.0,0.08,0.05
8,PB_FED,-0.003887,0.1,0.15,0.35,0.65,0.65,0.8,0.9,0.5,0.0,0.0,0.12,0.04
6,PB_FED,-0.003889,0.05,0.2,0.3,0.65,0.7,0.85,0.95,0.0,0.0,0.0,0.08,0.05
8,PB_only,-0.003893,0.1,0.3,0.35,0.6,0.65,0.75,0.9,0.0,0.0,0.0,0.08,0.05
8,PB_FED,-0.003895,0.15,0.25,0.35,0.55,0.7,0.8,0.95,-0.5,0.0,0.0,0.1,0.05
6,PB_FED,-0.003896,0.15,0.25,0.35,0.65,0.65,0.8,0.95,-0.5,0.0,0.0,0.12,0.05
8,PE_FED,-0.003913,0.15,0.3,0.35,0.6,0.7,0.8,0.95,0.0,0.0,0.0,0.1,0.05
6,PB_FED,-0.003914,0.15,0.3,0.35,0.7,0.7,0.85,0.95,-0.5,0.0,0.0,0.12,0.05
8,PB_only,-0.003931,0.1,0.15,0.3,0.5,0.7,0.75,0.9,0.0,0.0,0.0,0.12,0.05
6,PB_only,-0.003935,0.1,0.2,0.4,0.65,0.65,0.85,0.95,0.0,0.0,0.0,0.1,0.04
8,PE_only,-0.003936,0.15,0.2,0.3,0.7,0.7,0.75,0.9,0.0,0.0,0.0,0.12,0.03
8,PB_only,-0.003937,0.15,0.25,0.45,0.6,0.7,0.8,0.95,0.0,0.0,0.0,0.1,0.03
8,PE_PB_FED,-0.003951,0.1,0.2,0.35,0.7,0.65,0.8,0.95,0.0,0.65,0.8,0.08,0.05
8,PE_only,-0.003953,0.2,0.25,0.35,0.7,0.65,0.8,0.95,0.0,0.0,0.0,0.12,0.05
8,PB_FED,-0.003953,0.15,0.25,0.45,0.5,0.65,0.8,0.9,0.0,0.0,0.0,0.12,0.03
8,PE_only,-0.003958,0.2,0.25,0.45,0.7,0.75,0.8,0.95,0.0,0.0,0.0,0.12,0.04
6,PB_only,-0.003963,0.05,0.3,0.35,0.65,0.7,0.75,0.95,0.0,0.0,0.0,0.08,0.04
6,PB_only,-0.003972,0.05,0.2,0.45,0.65,0.75,0.8,0.95,0.0,0.0,0.0,0.06,0.04
8,PE_only,-0.003976,0.05,0.3,0.4,0.7,0.7,0.75,0.95,0.0,0.0,0.0,0.08,0.03
8,PE_only,-0.003977,0.05,0.15,0.4,0.6,0.65,0.8,0.95,0.0,0.0,0.0,0.08,0.03
8,PE_FED,-0.003978,0.1,0.15,0.35,0.65,0.65,0.75,0.85,0.0,0.0,0.0,0.08,0.05
8,PB_FED,-0.003985,0.05,0.2,0.4,0.55,0.7,0.8,0.95,-0.5,0.0,0.0,0.1,0.05
6,PB_only,-0.003987,0.15,0.3,0.45,0.7,0.65,0.8,0.95,0.0,0.0,0.0,0.08,0.04
8,PB_only,-0.003988,0.1,0.15,0.4,0.55,0.75,0.8,0.95,0.0,0.0,0.0,0.12,0.03
8,PE_FED,-0.00399,0.15,0.25,0.4,0.55,0.7,0.75,0.95,0.0,0.0,0.0,0.1,0.05
8,PE_PB_FED,-0.003996,0.1,0.15,0.4,0.65,0.75,0.8,0.95,-0.5,0.65,0.7,0.06,0.03
6,PB_only,-0.003999,0.2,0.3,0.35,0.65,0.75,0.8,0.85,0.0,0.0,0.0,0.06,0.04
8,PB_only,-0.004,0.05,0.25,0.45,0.6,0.7,0.75,0.95,0.0,0.0,0.0,0.12,0.04
6,PB_only,-0.00401,0.15,0.2,0.45,0.65,0.7,0.85,0.95,0.0,0.0,0.0,0.06,0.04
6,PB_FED,-0.004014,0.1,0.25,0.3,0.6,0.7,0.75,0.9,-0.5,0.0,0.0,0.12,0.03
8,PB_only,-0.004016,0.05,0.2,0.35,0.6,0.7,0.85,0.95,0.0,0.0,0.0,0.1,0.04
6,PB_only,-0.004025,0.05,0.25,0.3,0.6,0.65,0.75,0.85,0.0,0.0,0.0,0.1,0.03
8,PE_FED,-0.004025,0.1,0.15,0.4,0.55,0.7,0.8,0.95,-0.5,0.0,0.0,0.08,0.04
8,PE_only,-0.004026,0.05,0.3,0.35,0.7,0.7,0.75,0.95,0.0,0.0,0.0,0.06,0.04
8,PE_only,-0.004031,0.2,0.25,0.35,0.7,0.7,0.85,0.95,0.0,0.0,0.0,0.06,0.04
8,PB_FED,-0.004036,0.15,0.25,0.45,0.55,0.75,0.85,0.95,0.0,0.0,0.0,0.1,0.04
8,PE_FED,-0.004038,0.15,0.25,0.35,0.6,0.75,0.8,0.95,-0.5,0.0,0.0,0.08,0.05
8,PB_only,-0.004039,0.05,0.25,0.45,0.6,0.65,0.75,0.95,0.0,0.0,0.0,0.1,0.05
8,PE_FED,-0.004042,0.15,0.25,0.3,0.65,0.65,0.75,0.9,-0.5,0.0,0.0,0.06,0.04
8,PB_FED,-0.004043,0.15,0.25,0.35,0.7,0.7,0.75,0.9,0.5,0.0,0.0,0.06,0.05
8,PB_only,-0.004049,0.05,0.2,0.35,0.55,0.65,0.75,0.95,0.0,0.0,0.0,0.06,0.03
8,PB_only,-0.004052,0.1,0.15,0.35,0.5,0.65,0.75,0.85,0.0,0.0,0.0,0.06,0.04
8,PB_only,-0.004054,0.1,0.3,0.4,0.6,0.75,0.8,0.85,0.0,0.0,0.0,0.12,0.04
8,PB_only,-0.004055,0.15,0.25,0.3,0.55,0.7,0.75,0.85,0.0,0.0,0.0,0.08,0.05
8,PE_FED,-0.004059,0.1,0.25,0.35,0.6,0.65,0.8,0.95,-0.5,0.0,0.0,0.12,0.04
8,PB_FED,-0.00406,0.1,0.3,0.45,0.55,0.7,0.8,0.85,0.0,0.0,0.0,0.06,0.04
8,PE_FED,-0.004062,0.15,0.2,0.4,0.7,0.7,0.85,0.9,0.0,0.0,0.0,0.06,0.04
6,PB_only,-0.004066,0.05,0.3,0.4,0.7,0.65,0.8,0.95,0.0,0.0,0.0,0.06,0.04
6,PB_FED,-0.004067,0.2,0.3,0.35,0.7,0.75,0.85,0.9,-0.5,0.0,0.0,0.12,0.05
8,PB_only,-0.004069,0.05,0.2,0.3,0.55,0.7,0.8,0.85,0.0,0.0,0.0,0.1,0.05
8,PE_PB_FED,-0.00407,0.15,0.25,0.35,0.7,0.7,0.75,0.95,0.0,0.65,0.7,0.08,0.03
6,PB_only,-0.004072,0.15,0.2,0.3,0.6,0.7,0.75,0.85,0.0,0.0,0.0,0.1,0.04
8,PE_only,-0.004072,0.15,0.2,0.3,0.7,0.65,0.75,0.9,0.0,0.0,0.0,0.12,0.04
8,PE_only,-0.004073,0.15,0.2,0.3,0.65,0.75,0.85,0.95,0.0,0.0,0.0,0.12,0.03
8,PE_FED,-0.004075,0.15,0.25,0.4,0.6,0.7,0.8,0.95,-0.5,0.0,0.0,0.12,0.04
8,PB_only,-0.004076,0.15,0.2,0.35,0.55,0.7,0.85,0.9,0.0,0.0,0.0,0.08,0.03
8,PB_only,-0.004084,0.1,0.2,0.35,0.55,0.65,0.85,0.9,0.0,0.0,0.0,0.12,0.03
6,PB_only,-0.004086,0.05,0.3,0.4,0.65,0.65,0.8,0.9,0.0,0.0,0.0,0.08,0.03
8,PB_only,-0.004088,0.05,0.3,0.4,0.6,0.75,0.8,0.85,0.0,0.0,0.0,0.12,0.03
8,PB_FED,-0.004089,0.15,0.25,0.45,0.55,0.75,0.85,0.9,-0.5,0.0,0.0,0.1,0.03
8,PE_only,-0.00409,0.2,0.25,0.4,0.7,0.65,0.8,0.95,0.0,0.0,0.0,0.06,0.05
6,PB_only,-0.004093,0.2,0.3,0.45,0.7,0.65,0.8,0.95,0.0,0.0,0.0,0.1,0.05
6,PB_only,-0.004095,0.15,0.3,0.45,0.65,0.7,0.8,0.9,0.0,0.0,0.0,0.1,0.03
8,PB_only,-0.004099,0.05,0.25,0.3,0.55,0.7,0.75,0.9,0.0,0.0,0.0,0.12,0.05
8,PB_FED,-0.004099,0.05,0.3,0.45,0.6,0.65,0.85,0.9,-0.5,0.0,0.0,0.12,0.03
8,PB_only,-0.0041,0.1,0.3,0.35,0.6,0.65,0.75,0.95,0.0,0.0,0.0,0.1,0.05
6,PB_only,-0.004105,0.05,0.2,0.3,0.6,0.65,0.75,0.85,0.0,0.0,0.0,0.12,0.04
8,PE_only,-0.004108,0.1,0.25,0.35,0.7,0.65,0.85,0.95,0.0,0.0,0.0,0.1,0.03
8,PE_only,-0.004108,0.15,0.25,0.4,0.7,0.65,0.85,0.95,0.0,0.0,0.0,0.06,0.05
8,PE_only,-0.004115,0.1,0.3,0.35,0.7,0.65,0.8,0.95,0.0,0.0,0.0,0.1,0.03
8,PB_FED,-0.004117,0.1,0.25,0.35,0.5,0.75,0.8,0.95,0.0,0.0,0.0,0.1,0.04
8,PB_only,-0.004127,0.05,0.15,0.3,0.5,0.65,0.75,0.95,0.0,0.0,0.0,0.12,0.05
8,PE_FED,-0.004129,0.15,0.25,0.3,0.7,0.7,0.8,0.9,0.0,0.0,0.0,0.1,0.05
8,PE_FED,-0.004131,0.1,0.2,0.3,0.6,0.7,0.75,0.9,0.0,0.0,0.0,0.12,0.05
6,PB_FED,-0.004134,0.1,0.15,0.35,0.6,0.75,0.8,0.9,0.0,0.0,0.0,0.08,0.05
8,PB_only,-0.004136,0.15,0.2,0.4,0.55,0.75,0.8,0.9,0.0,0.0,0.0,0.08,0.03
8,PB_FED,-0.004136,0.1,0.25,0.3,0.7,0.65,0.85,0.9,0.5,0.0,0.0,0.08,0.03
6,PB_only,-0.004138,0.1,0.2,0.45,0.65,0.65,0.85,0.95,0.0,0.0,0.0,0.06,0.05
8,PB_FED,-0.004144,0.2,0.3,0.45,0.55,0.75,0.8,0.85,0.0,0.0,0.0,0.1,0.03
8,PB_FED,-0.004148,0.05,0.15,0.3,0.7,0.75,0.85,0.95,0.5,0.0,0.0,0.12,0.05
8,PB_FED,-0.004151,0.05,0.2,0.45,0.5,0.75,0.8,0.85,0.0,0.0,0.0,0.12,0.04
6,PB_only,-0.004157,0.15,0.25,0.35,0.65,0.65,0.85,0.95,0.0,0.0,0.0,0.06,0.04
6,PB_FED,-0.004162,0.1,0.3,0.4,0.7,0.75,0.85,0.9,-0.5,0.0,0.0,0.06,0.05
8,PB_only,-0.004163,0.2,0.3,0.35,0.6,0.65,0.8,0.85,0.0,0.0,0.0,0.12,0.04
6,PB_FED,-0.004165,0.05,0.2,0.4,0.65,0.7,0.85,0.95,-0.5,0.0,0.0,0.12,0.05
8,PE_FED,-0.004168,0.05,0.15,0.4,0.7,0.65,0.85,0.9,0.0,0.0,0.0,0.06,0.03
8,PE_only,-0.00417,0.1,0.2,0.4,0.7,0.7,0.75,0.9,0.0,0.0,0.0,0.06,0.04
6,PB_FED,-0.004171,0.05,0.25,0.45,0.7,0.7,0.85,0.95,-0.5,0.0,0.0,0.1,0.05
8,PB_only,-0.004171,0.05,0.3,0.45,0.6,0.65,0.75,0.9,0.0,0.0,0.0,0.08,0.03
6,PB_only,-0.004172,0.05,0.3,0.35,0.65,0.7,0.8,0.85,0.0,0.0,0.0,0.12,0.03
8,PB_only,-0.004172,0.1,0.2,0.4,0.55,0.65,0.8,0.9,0.0,0.0,0.0,0.1,0.03
8,PB_only,-0.004175,0.05,0.15,0.45,0.6,0.7,0.85,0.95,0.0,0.0,0.0,0.08,0.04
6,PB_only,-0.004178,0.1,0.3,0.35,0.65,0.7,0.85,0.9,0.0,0.0,0.0,0.1,0.04
8,PB_FED,-0.004179,0.05,0.25,0.45,0.55,0.7,0.75,0.95,-0.5,0.0,0.0,0.12,0.05
8,PB_only,-0.004186,0.1,0.15,0.35,0.5,0.7,0.75,0.9,0.0,0.0,0.0,0.08,0.04
8,PB_FED,-0.004205,0.05,0.25,0.3,0.65,0.7,0.75,0.85,0.5,0.0,0.0,0.06,0.04
6,PB_FED,-0.004213,0.15,0.3,0.4,0.7,0.75,0.85,0.95,-0.5,0.0,0.0,0.12,0.04
8,PB_only,-0.004217,0.1,0.2,0.4,0.55,0.7,0.8,0.9,0.0,0.0,0.0,0.08,0.03
8,PB_only,-0.004217,0.1,0.2,0.4,0.55,0.7,0.8,0.9,0.0,0.0,0.0,0.12,0.03
6,PB_FED,-0.004223,0.15,0.25,0.4,0.65,0.75,0.85,0.95,-0.5,0.0,0.0,0.08,0.03
8,PE_only,-0.004227,0.05,0.15,0.45,0.7,0.7,0.8,0.9,0.0,0.0,0.0,0.12,0.04
8,PB_FED,-0.004234,0.1,0.25,0.4,0.5,0.65,0.8,0.95,0.0,0.0,0.0,0.08,0.03
8,PB_FED,-0.004235,0.1,0.15,0.4,0.5,0.75,0.8,0.95,-0.5,0.0,0.0,0.06,0.04
8,PB_FED,-0.004237,0.15,0.3,0.4,0.55,0.7,0.75,0.95,-0.5,0.0,0.0,0.1,0.04
6,PB_FED,-0.00424,0.05,0.25,0.35,0.7,0.7,0.85,0.9,0.0,0.0,0.0,0.06,0.03
8,PE_only,-0.004242,0.2,0.25,0.4,0.7,0.65,0.75,0.95,0.0,0.0,0.0,0.12,0.05
8,PB_only,-0.004244,0.1,0.15,0.45,0.55,0.65,0.85,0.9,0.0,0.0,0.0,0.08,0.03
8,PB_only,-0.004248,0.15,0.25,0.4,0.55,0.7,0.75,0.85,0.0,0.0,0.0,0.06,0.04
8,PB_FED,-0.004251,0.2,0.3,0.4,0.55,0.7,0.85,0.9,0.0,0.0,0.0,0.1,0.03
8,PB_FED,-0.004252,0.1,0.25,0.3,0.5,0.7,0.8,0.95,-0.5,0.0,0.0,0.06,0.03
6,PB_only,-0.004253,0.1,0.3,0.35,0.65,0.65,0.8,0.9,0.0,0.0,0.0,0.08,0.05
8,PB_only,-0.004253,0.15,0.2,0.45,0.55,0.7,0.75,0.95,0.0,0.0,0.0,0.08,0.03
8,PB_FED,-0.004255,0.1,0.2,0.35,0.6,0.65,0.75,0.9,0.5,0.0,0.0,0.08,0.04
8,PB_FED,-0.004255,0.15,0.2,0.45,0.7,0.7,0.75,0.9,0.5,0.0,0.0,0.1,0.05
8,PB_only,-0.004257,0.15,0.2,0.4,0.55,0.7,0.8,0.85,0.0,0.0,0.0,0.06,0.03
8,PB_only,-0.004258,0.1,0.2,0.45,0.6,0.75,0.8,0.95,0.0,0.0,0.0,0.1,0.05
8,PB_only,-0.00426,0.1,0.3,0.45,0.6,0.75,0.8,0.85,0.0,0.0,0.0,0.1,0.03
8,PE_FED,-0.004268,0.05,0.15,0.4,0.65,0.65,0.85,0.9,-0.5,0.0,0.0,0.12,0.04
8,PB_FED,-0.00427,0.1,0.2,0.3,0.5,0.65,0.85,0.9,-0.5,0.0,0.0,0.08,0.04
8,PE_only,-0.004273,0.1,0.2,0.3,0.65,0.75,0.85,0.95,0.0,0.0,0.0,0.12,0.03
8,PB_FED,-0.004282,0.2,0.25,0.35,0.5,0.7,0.8,0.9,0.0,0.0,0.0,0.1,0.04
6,PB_FED,-0.004288,0.1,0.2,0.4,0.65,0.65,0.85,0.95,0.0,0.0,0.0,0.12,0.03
6,PB_only,-0.004292,0.1,0.3,0.35,0.65,0.75,0.8,0.9,0.0,0.0,0.0,0.08,0.05
8,PE_FED,-0.004298,0.1,0.2,0.4,0.65,0.7,0.75,0.9,-0.5,0.0,0.0,0.06,0.05
6,PB_only,-0.004301,0.1,0.25,0.3,0.6,0.65,0.75,0.9,0.0,0.0,0.0,0.08,0.03
8,PB_only,-0.004301,0.1,0.2,0.3,0.55,0.7,0.8,0.9,0.0,0.0,0.0,0.08,0.05
8,PB_only,-0.004301,0.05,0.25,0.3,0.55,0.65,0.75,0.85,0.0,0.0,0.0,0.12,0.05
8,PE_FED,-0.004303,0.1,0.2,0.35,0.65,0.7,0.8,0.9,0.0,0.0,0.0,0.1,0.05
8,PE_FED,-0.004304,0.1,0.2,0.4,0.7,0.7,0.75,0.85,-0.5,0.0,0.0,0.06,0.05
8,PB_FED,-0.004304,0.1,0.3,0.4,0.55,0.7,0.75,0.9,-0.5,0.0,0.0,0.08,0.05
8,PE_only,-0.00431,0.05,0.25,0.3,0.65,0.7,0.75,0.95,0.0,0.0,0.0,0.12,0.04
6,PB_only,-0.004315,0.05,0.3,0.4,0.65,0.7,0.8,0.85,0.0,0.0,0.0,0.08,0.04
6,PB_only,-0.004315,0.05,0.3,0.4,0.65,0.7,0.8,0.85,0.0,0.0,0.0,0.12,0.04
8,PE_FED,-0.004317,0.2,0.3,0.4,0.65,0.75,0.8,0.95,-0.5,0.0,0.0,0.06,0.05
6,PB_FED,-0.004318,0.1,0.2,0.35,0.6,0.75,0.8,0.85,0.0,0.0,0.0,0.1,0.04
8,PB_only,-0.004318,0.05,0.3,0.35,0.6,0.65,0.75,0.95,0.0,0.0,0.0,0.1,0.03
8,PE_PB_FED,-0.004319,0.1,0.25,0.35,0.7,0.7,0.8,0.95,0.0,0.65,0.8,0.12,0.03
8,PB_only,-0.004321,0.05,0.25,0.4,0.6,0.65,0.85,0.9,0.0,0.0,0.0,0.12,0.04
6,PB_only,-0.004323,0.2,0.25,0.45,0.65,0.75,0.85,0.9,0.0,0.0,0.0,0.12,0.04
6,PB_FED,-0.004324,0.1,0.25,0.4,0.65,0.75,0.85,0.95,-0.5,0.0,0.0,0.06,0.03
8,PB_only,-0.004325,0.1,0.3,0.4,0.6,0.65,0.75,0.95,0.0,0.0,0.0,0.12,0.03
6,PB_FED,-0.00433,0.05,0.15,0.4,0.6,0.75,0.8,0.9,-0.5,0.0,0.0,0.08,0.03
8,PB_FED,-0.004332,0.1,0.15,0.35,0.7,0.7,0.85,0.9,0.5,0.0,0.0,0.12,0.04
8,PB_only,-0.004333,0.1,0.15,0.3,0.5,0.75,0.85,0.9,0.0,0.0,0.0,0.1,0.03
8,PB_only,-0.004336,0.05,0.15,0.35,0.55,0.75,0.85,0.95,0.0,0.0,0.0,0.06,0.03
6,PB_only,-0.004347,0.1,0.3,0.45,0.65,0.75,0.85,0.9,0.0,0.0,0.0,0.1,0.03
8,PB_FED,-0.004351,0.15,0.3,0.35,0.55,0.7,0.8,0.85,-0.5,0.0,0.0,0.08,0.03
6,PB_FED,-0.004364,0.15,0.2,0.45,0.6,0.65,0.75,0.9,0.0,0.0,0.0,0.06,0.05
8,PE_only,-0.004367,0.05,0.25,0.3,0.65,0.7,0.8,0.95,0.0,0.0,0.0,0.06,0.04
8,PB_only,-0.00437,0.1,0.15,0.35,0.55,0.7,0.8,0.95,0.0,0.0,0.0,0.06,0.04
8,PE_only,-0.004371,0.1,0.15,0.45,0.65,0.7,0.85,0.95,0.0,0.0,0.0,0.12,0.05
8,PB_only,-0.004373,0.1,0.25,0.35,0.6,0.65,0.8,0.95,0.0,0.0,0.0,0.1,0.04
6,PB_only,-0.004377,0.2,0.25,0.35,0.65,0.65,0.8,0.95,0.0,0.0,0.0,0.1,0.04
8,PE_only,-0.004379,0.05,0.2,0.45,0.65,0.7,0.75,0.95,0.0,0.0,0.0,0.06,0.05
8,PE_only,-0.004379,0.05,0.2,0.45,0.65,0.65,0.75,0.95,0.0,0.0,0.0,0.12,0.05
6,PB_only,-0.00438,0.05,0.3,0.4,0.65,0.7,0.75,0.95,0.0,0.0,0.0,0.1,0.04
8,PB_FED,-0.004383,0.05,0.25,0.4,0.5,0.75,0.8,0.95,0.0,0.0,0.0,0.1,0.03
8,PE_only,-0.00439,0.1,0.25,0.35,0.65,0.7,0.75,0.95,0.0,0.0,0.0,0.12,0.03
6,PB_only,-0.004394,0.05,0.25,0.45,0.65,0.65,0.8,0.95,0.0,0.0,0.0,0.08,0.03
8,PE_only,-0.004394,0.15,0.2,0.35,0.7,0.7,0.8,0.9,0.0,0.0,0.0,0.12,0.04
8,PB_FED,-0.004395,0.05,0.15,0.35,0.5,0.75,0.8,0.95,-0.5,0.0,0.0,0.1,0.05
6,PB_only,-0.004397,0.05,0.3,0.4,0.65,0.65,0.75,0.95,0.0,0.0,0.0,0.1,0.05
8,PE_only,-0.004397,0.15,0.2,0.3,0.7,0.7,0.75,0.9,0.0,0.0,0.0,0.06,0.05
8,PB_FED,-0.004398,0.05,0.3,0.4,0.6,0.7,0.85,0.9,-0.5,0.0,0.0,0.06,0.04
8,PE_only,-0.004399,0.05,0.2,0.35,0.65,0.7,0.85,0.95,0.0,0.0,0.0,0.08,0.03
8,PB_FED,-0.004405,0.15,0.3,0.4,0.55,0.65,0.8,0.9,-0.5,0.0,0.0,0.12,0.03
8,PE_only,-0.004407,0.1,0.15,0.3,0.65,0.7,0.75,0.9,0.0,0.0,0.0,0.1,0.04
6,PB_only,-0.004408,0.05,0.15,0.35,0.6,0.65,0.75,0.9,0.0,0.0,0.0,0.08,0.05
8,PE_only,-0.00441,0.1,0.15,0.35,0.6,0.7,0.8,0.95,0.0,0.0,0.0,0.1,0.04
8,PB_FED,-0.00441,0.1,0.15,0.4,0.65,0.65,0.8,0.9,0.5,0.0,0.0,0.1,0.04
6,PB_FED,-0.004413,0.05,0.15,0.35,0.6,0.7,0.85,0.9,-0.5,0.0,0.0,0.12,0.03
6,PB_FED,-0.004418,0.05,0.2,0.45,0.6,0.65,0.75,0.9,0.0,0.0,0.0,0.08,0.03
8,PB_only,-0.004418,0.15,0.25,0.4,0.6,0.65,0.85,0.9,0.0,0.0,0.0,0.08,0.05
6,PB_FED,-0.004421,0.1,0.25,0.3,0.65,0.65,0.8,0.9,0.0,0.0,0.0,0.06,0.05
6,PB_FED,-0.004422,0.15,0.2,0.45,0.6,0.65,0.75,0.95,0.0,0.0,0.0,0.12,0.05
8,PE_FED,-0.004426,0.1,0.2,0.35,0.6,0.65,0.75,0.9,0.0,0.0,0.0,0.08,0.05
8,PB_FED,-0.004429,0.05,0.15,0.35,0.65,0.65,0.8,0.9,0.5,0.0,0.0,0.06,0.04
8,PE_only,-0.004436,0.05,0.25,0.4,0.65,0.65,0.8,0.95,0.0,0.0,0.0,0.1,0.03
6,PB_only,-0.004442,0.15,0.3,0.4,0.65,0.75,0.85,0.9,0.0,0.0,0.0,0.06,0.04
8,PB_only,-0.004443,0.1,0.15,0.35,0.55,0.75,0.8,0.95,0.0,0.0,0.0,0.06,0.05
8,PB_only,-0.004446,0.15,0.2,0.4,0.55,0.65,0.75,0.95,0.0,0.0,0.0,0.1,0.05
6,PB_only,-0.004447,0.05,0.2,0.45,0.65,0.65,0.85,0.95,0.0,0.0,0.0,0.1,0.05
6,PB_only,-0.004447,0.2,0.25,0.45,0.65,0.7,0.8,0.85,0.0,0.0,0.0,0.12,0.05
6,PB_FED,-0.004447,0.05,0.2,0.4,0.6,0.7,0.75,0.9,-0.5,0.0,0.0,0.1,0.04
6,PB_FED,-0.004455,0.05,0.25,0.3,0.65,0.75,0.8,0.85,0.0,0.0,0.0,0.06,0.03
8,PE_only,-0.004455,0.05,0.15,0.35,0.65,0.7,0.75,0.9,0.0,0.0,0.0,0.08,0.04
8,PB_only,-0.004456,0.15,0.25,0.35,0.55,0.7,0.8,0.9,0.0,0.0,0.0,0.08,0.03
8,PE_only,-0.004459,0.05,0.25,0.3,0.65,0.65,0.75,0.95,0.0,0.0,0.0,0.12,0.05
8,PE_only,-0.004459,0.15,0.2,0.35,0.65,0.7,0.85,0.95,0.0,0.0,0.0,0.12,0.05
6,PB_only,-0.00446,0.05,0.15,0.4,0.6,0.65,0.75,0.9,0.0,0.0,0.0,0.08,0.04
8,PB_only,-0.004465,0.15,0.25,0.4,0.6,0.75,0.85,0.9,0.0,0.0,0.0,0.06,0.05
8,PB_FED,-0.004468,0.15,0.3,0.35,0.55,0.75,0.85,0.9,0.0,0.0,0.0,0.06,0.05
8,PE_PB_FED,-0.004471,0.15,0.2,0.45,0.65,0.65,0.8,0.95,0.0,0.65,0.8,0.08,0.03
8,PB_FED,-0.004474,0.1,0.15,0.45,0.5,0.75,0.8,0.85,0.0,0.0,0.0,0.12,0.05
8,PE_FED,-0.004475,0.1,0.2,0.45,0.6,0.65,0.75,0.9,0.0,0.0,0.0,0.12,0.04
8,PB_only,-0.004475,0.1,0.15,0.4,0.55,0.65,0.8,0.9,0.0,0.0,0.0,0.06,0.05
8,PE_PB_FED,-0.004493,0.05,0.15,0.4,0.65,0.7,0.85,0.95,0.0,0.65,0.8,0.1,0.04
6,PB_only,-0.004495,0.15,0.3,0.35,0.65,0.75,0.85,0.9,0.0,0.0,0.0,0.08,0.05
8,PB_FED,-0.004495,0.1,0.3,0.45,0.5,0.7,0.75,0.95,0.0,0.0,0.0,0.12,0.03
8,PE_PB_FED,-0.004501,0.05,0.2,0.35,0.7,0.7,0.75,0.95,0.0,0.6,0.8,0.12,0.03
8,PE_only,-0.004502,0.1,0.2,0.45,0.65,0.7,0.75,0.95,0.0,0.0,0.0,0.08,0.05
8,PB_only,-0.004503,0.15,0.25,0.35,0.6,0.65,0.85,0.95,0.0,0.0,0.0,0.08,0.05
8,PE_FED,-0.004508,0.15,0.25,0.3,0.6,0.65,0.75,0.9,0.0,0.0,0.0,0.12,0.03
6,PB_only,-0.004517,0.05,0.25,0.4,0.65,0.75,0.85,0.95,0.0,0.0,0.0,0.1,0.05
6,PB_only,-0.004517,0.05,0.25,0.4,0.65,0.7,0.85,0.95,0.0,0.0,0.0,0.1,0.05
6,PB_FED,-0.004518,0.05,0.15,0.4,0.6,0.7,0.8,0.95,0.0,0.0,0.0,0.1,0.03
6,PB_FED,-0.004518,0.2,0.25,0.4,0.65,0.65,0.8,0.95,-0.5,0.0,0.0,0.06,0.03
6,PB_FED,-0.004519,0.2,0.25,0.3,0.65,0.7,0.8,0.9,0.0,0.0,0.0,0.12,0.05
6,PB_only,-0.00452,0.1,0.15,0.35,0.6,0.7,0.75,0.95,0.0,0.0,0.0,0.06,0.05
8,PB_only,-0.004522,0.1,0.15,0.4,0.55,0.75,0.8,0.9,0.0,0.0,0.0,0.08,0.05
8,PB_only,-0.004523,0.15,0.3,0.4,0.6,0.7,0.8,0.9,0.0,0.0,0.0,0.08,0.04
6,PB_only,-0.00453,0.05,0.3,0.35,0.65,0.65,0.75,0.95,0.0,0.0,0.0,0.1,0.04
8,PB_FED,-0.004531,0.15,0.25,0.4,0.5,0.7,0.75,0.85,-0.5,0.0,0.0,0.06,0.04
8,PE_FED,-0.004538,0.05,0.15,0.45,0.6,0.75,0.8,0.9,0.0,0.0,0.0,0.12,0.03
8,PE_FED,-0.00454,0.1,0.25,0.3,0.65,0.65,0.75,0.9,-0.5,0.0,0.0,0.06,0.03
8,PB_FED,-0.004548,0.05,0.15,0.45,0.65,0.7,0.75,0.9,0.5,0.0,0.0,0.08,0.05
8,PE_FED,-0.004552,0.15,0.2,0.3,0.7,0.75,0.85,0.9,0.0,0.0,0.0,0.08,0.05
8,PE_FED,-0.004554,0.05,0.15,0.4,0.6,0.65,0.8,0.9,0.0,0.0,0.0,0.12,0.05
8,PB_FED,-0.004554,0.15,0.3,0.45,0.6,0.75,0.8,0.85,-0.5,0.0,0.0,0.1,0.05
6,PB_only,-0.004559,0.2,0.3,0.4,0.65,0.65,0.8,0.9,0.0,0.0,0.0,0.1,0.04
8,PB_FED,-0.004559,0.15,0.25,0.45,0.5,0.7,0.75,0.9,-0.5,0.0,0.0,0.12,0.03
8,PB_FED,-0.00456,0.2,0.3,0.45,0.55,0.75,0.8,0.95,0.0,0.0,0.0,0.1,0.03
8,PB_only,-0.004567,0.2,0.25,0.3,0.55,0.65,0.8,0.85,0.0,0.0,0.0,0.08,0.04
8,PB_only,-0.004579,0.05,0.2,0.4,0.6,0.65,0.85,0.95,0.0,0.0,0.0,0.06,0.05
6,PB_only,-0.00458,0.05,0.15,0.4,0.6,0.7,0.75,0.85,0.0,0.0,0.0,0.06,0.04
8,PE_only,-0.00458,0.15,0.3,0.4,0.7,0.65,0.75,0.95,0.0,0.0,0.0,0.08,0.05
6,PB_FED,-0.004583,0.2,0.25,0.35,0.65,0.7,0.8,0.95,0.0,0.0,0.0,0.12,0.03
8,PB_only,-0.004583,0.05,0.15,0.35,0.55,0.7,0.8,0.95,0.0,0.0,0.0,0.1,0.05
8,PB_FED,-0.004587,0.05,0.25,0.35,0.55,0.7,0.85,0.9,-0.5,0.0,0.0,0.06,0.04
6,PB_FED,-0.004588,0.05,0.25,0.35,0.7,0.65,0.8,0.95,0.0,0.0,0.0,0.1,0.03
8,PE_only,-0.004589,0.05,0.2,0.4,0.65,0.7,0.85,0.95,0.0,0.0,0.0,0.08,0.03
8,PB_only,-0.004594,0.1,0.25,0.35,0.6,0.65,0.85,0.95,0.0,0.0,0.0,0.06,0.05
6,PB_only,-0.004595,0.2,0.25,0.3,0.6,0.65,0.75,0.85,0.0,0.0,0.0,0.06,0.03
8,PE_FED,-0.004596,0.1,0.2,0.45,0.7,0.65,0.85,0.9,-0.5,0.0,0.0,0.1,0.04
8,PB_only,-0.004596,0.15,0.2,0.35,0.55,0.65,0.75,0.95,0.0,0.0,0.0,0.1,0.04
8,PE_only,-0.004597,0.1,0.2,0.3,0.7,0.7,0.75,0.9,0.0,0.0,0.0,0.1,0.05
8,PB_only,-0.004598,0.05,0.25,0.3,0.6,0.65,0.85,0.95,0.0,0.0,0.0,0.1,0.04
8,PE_FED,-0.004606,0.1,0.3,0.45,0.65,0.7,0.85,0.95,0.0,0.0,0.0,0.1,0.04
8,PE_only,-0.004609,0.05,0.3,0.35,0.7,0.65,0.8,0.95,0.0,0.0,0.0,0.1,0.05
6,PB_FED,-0.004611,0.1,0.15,0.4,0.6,0.65,0.8,0.9,0.0,0.0,0.0,0.08,0.05
6,PB_FED,-0.004611,0.2,0.25,0.45,0.65,0.7,0.8,0.95,-0.5,0.0,0.0,0.1,0.03
6,PB_FED,-0.004611,0.1,0.15,0.4,0.6,0.65,0.8,0.9,0.0,0.0,0.0,0.1,0.05
8,PB_only,-0.004611,0.2,0.25,0.3,0.55,0.7,0.8,0.85,0.0,0.0,0.0,0.06,0.04
8,PB_only,-0.004614,0.2,0.25,0.4,0.6,0.65,0.8,0.9,0.0,0.0,0.0,0.12,0.05
8,PB_FED,-0.004614,0.05,0.15,0.4,0.5,0.65,0.85,0.95,0.0,0.0,0.0,0.12,0.04
8,PB_FED,-0.004618,0.15,0.3,0.4,0.55,0.65,0.8,0.95,0.0,0.0,0.0,0.1,0.04
8,PE_PB_FED,-0.004621,0.05,0.25,0.3,0.65,0.7,0.75,0.95,0.0,0.65,0.8,0.08,0.03
8,PB_FED,-0.004621,0.15,0.2,0.3,0.7,0.65,0.85,0.9,0.5,0.0,0.0,0.08,0.04
8,PB_only,-0.004624,0.15,0.2,0.35,0.5,0.7,0.75,0.9,0.0,0.0,0.0,0.1,0.03
8,PE_only,-0.004625,0.15,0.2,0.4,0.65,0.75,0.85,0.95,0.0,0.0,0.0,0.1,0.05
8,PE_only,-0.004625,0.15,0.2,0.4,0.65,0.7,0.85,0.95,0.0,0.0,0.0,0.08,0.05
8,PE_FED,-0.004629,0.05,0.15,0.4,0.65,0.65,0.75,0.85,0.0,0.0,0.0,0.12,0.03
8,PB_only,-0.004632,0.2,0.25,0.3,0.55,0.75,0.8,0.9,0.0,0.0,0.0,0.06,0.03
8,PE_PB_FED,-0.004633,0.05,0.2,0.45,0.7,0.7,0.75,0.95,0.0,0.65,0.8,0.08,0.05
8,PE_FED,-0.00464,0.15,0.2,0.4,0.5,0.65,0.75,0.95,0.0,0.0,0.0,0.12,0.03
8,PE_FED,-0.004645,0.05,0.3,0.35,0.65,0.65,0.85,0.95,-0.5,0.0,0.0,0.08,0.05
8,PE_FED,-0.004646,0.1,0.25,0.4,0.65,0.65,0.75,0.9,-0.5,0.0,0.0,0.1,0.04
8,PB_only,-0.004651,0.2,0.3,0.35,0.6,0.75,0.85,0.9,0.0,0.0,0.0,0.12,0.03
8,PE_only,-0.004657,0.15,0.3,0.4,0.7,0.7,0.85,0.95,0.0,0.0,0.0,0.1,0.05
8,PB_FED,-0.004663,0.15,0.3,0.45,0.6,0.75,0.85,0.95,-0.5,0.0,0.0,0.12,0.04
8,PE_FED,-0.004666,0.05,0.2,0.3,0.7,0.65,0.8,0.85,-0.5,0.0,0.0,0.08,0.04
6,PB_FED,-0.004668,0.1,0.25,0.3,0.65,0.7,0.8,0.95,0.0,0.0,0.0,0.12,0.04
8,PB_only,-0.004668,0.1,0.15,0.4,0.55,0.75,0.85,0.95,0.0,0.0,0.0,0.08,0.03
6,PB_FED,-0.00467,0.05,0.25,0.3,0.6,0.7,0.75,0.95,-0.5,0.0,0.0,0.1,0.03
8,PB_FED,-0.00467,0.1,0.2,0.35,0.65,0.65,0.85,0.9,0.5,0.0,0.0,0.08,0.03
8,PB_only,-0.004674,0.05,0.25,0.4,0.6,0.7,0.8,0.95,0.0,0.0,0.0,0.12,0.05
6,PB_only,-0.004675,0.15,0.2,0.4,0.6,0.65,0.75,0.9,0.0,0.0,0.0,0.1,0.03
8,PB_FED,-0.00468,0.1,0.25,0.45,0.55,0.7,0.8,0.9,-0.5,0.0,0.0,0.06,0.05
8,PB_FED,-0.004685,0.1,0.25,0.45,0.5,0.7,0.75,0.95,-0.5,0.0,0.0,0.08,0.03
8,PE_only,-0.004686,0.2,0.25,0.45,0.7,0.75,0.85,0.95,0.0,0.0,0.0,0.06,0.04
8,PB_FED,-0.004687,0.1,0.3,0.4,0.5,0.65,0.75,0.95,0.0,0.0,0.0,0.12,0.05
8,PB_only,-0.004689,0.05,0.15,0.4,0.5,0.65,0.75,0.85,0.0,0.0,0.0,0.06,0.04
8,PE_FED,-0.004691,0.05,0.15,0.35,0.65,0.7,0.85,0.9,0.0,0.0,0.0,0.06,0.05
8,PE_only,-0.004692,0.2,0.25,0.35,0.7,0.65,0.85,0.95,0.0,0.0,0.0,0.08,0.04
8,PB_FED,-0.004693,0.05,0.2,0.4,0.55,0.7,0.85,0.95,-0.5,0.0,0.0,0.12,0.04
8,PB_only,-0.004696,0.1,0.15,0.35,0.55,0.65,0.85,0.95,0.0,0.0,0.0,0.1,0.03
8,PB_only,-0.004696,0.1,0.15,0.35,0.55,0.65,0.85,0.95,0.0,0.0,0.0,0.06,0.03
8,PE_FED,-0.004697,0.05,0.25,0.4,0.65,0.65,0.75,0.9,-0.5,0.0,0.0,0.12,0.04
6,PB_only,-0.004699,0.05,0.15,0.3,0.55,0.65,0.8,0.85,0.0,0.0,0.0,0.08,0.03
8,PB_FED,-0.004702,0.1,0.2,0.4,0.6,0.65,0.75,0.95,0.5,0.0,0.0,0.06,0.03
8,PB_FED,-0.004705,0.1,0.25,0.3,0.7,0.7,0.8,0.95,0.5,0.0,0.0,0.08,0.04
8,PB_only,-0.004716,0.1,0.2,0.35,0.5,0.7,0.75,0.85,0.0,0.0,0.0,0.12,0.03
6,PB_only,-0.004721,0.2,0.25,0.45,0.65,0.65,0.85,0.9,0.0,0.0,0.0,0.1,0.05
6,PB_FED,-0.004727,0.2,0.3,0.35,0.7,0.65,0.85,0.95,-0.5,0.0,0.0,0.06,0.05
6,PB_only,-0.004735,0.2,0.3,0.45,0.7,0.65,0.85,0.95,0.0,0.0,0.0,0.08,0.04
8,PE_only,-0.004736,0.05,0.25,0.45,0.7,0.65,0.85,0.95,0.0,0.0,0.0,0.1,0.04
8,PE_FED,-0.004739,0.2,0.25,0.4,0.7,0.65,0.8,0.9,0.0,0.0,0.0,0.1,0.04
8,PB_FED,-0.004743,0.1,0.15,0.4,0.5,0.65,0.85,0.95,-0.5,0.0,0.0,0.1,0.03
6,PB_only,-0.004744,0.2,0.3,0.45,0.65,0.75,0.85,0.9,0.0,0.0,0.0,0.06,0.03
6,PB_FED,-0.004744,0.05,0.25,0.4,0.65,0.65,0.75,0.9,0.0,0.0,0.0,0.08,0.04
8,PB_FED,-0.004745,0.2,0.25,0.45,0.5,0.65,0.8,0.9,0.0,0.0,0.0,0.1,0.03
6,PB_only,-0.004746,0.05,0.3,0.35,0.65,0.75,0.85,0.95,0.0,0.0,0.0,0.1,0.03
8,PB_FED,-0.004751,0.05,0.25,0.45,0.55,0.65,0.75,0.85,-0.5,0.0,0.0,0.08,0.05
6,PB_FED,-0.004754,0.15,0.3,0.4,0.65,0.7,0.8,0.9,-0.5,0.0,0.0,0.06,0.03
8,PB_FED,-0.004754,0.1,0.25,0.45,0.7,0.65,0.75,0.95,0.5,0.0,0.0,0.08,0.05
8,PB_only,-0.004759,0.05,0.2,0.35,0.5,0.65,0.75,0.9,0.0,0.0,0.0,0.08,0.03
8,PE_only,-0.00476,0.2,0.25,0.45,0.7,0.75,0.85,0.95,0.0,0.0,0.0,0.08,0.03
8,PE_FED,-0.00476,0.15,0.2,0.45,0.7,0.7,0.85,0.9,-0.5,0.0,0.0,0.1,0.05
6,PB_FED,-0.004764,0.05,0.25,0.35,0.65,0.7,0.85,0.9,-0.5,0.0,0.0,0.12,0.04
6,PB_FED,-0.004764,0.05,0.2,0.45,0.65,0.75,0.85,0.95,-0.5,0.0,0.0,0.1,0.04
6,PB_FED,-0.004764,0.15,0.3,0.45,0.7,0.7,0.85,0.95,-0.5,0.0,0.0,0.12,0.05
8,PE_only,-0.004766,0.05,0.2,0.3,0.6,0.65,0.8,0.95,0.0,0.0,0.0,0.06,0.03
8,PB_FED,-0.004766,0.15,0.2,0.4,0.65,0.7,0.8,0.9,0.5,0.0,0.0,0.1,0.03
8,PE_only,-0.004768,0.05,0.15,0.45,0.6,0.7,0.8,0.95,0.0,0.0,0.0,0.06,0.03
8,PE_FED,-0.004768,0.1,0.15,0.4,0.65,0.65,0.75,0.85,-0.5,0.0,0.0,0.12,0.04
8,PB_only,-0.004778,0.05,0.25,0.35,0.55,0.7,0.8,0.9,0.0,0.0,0.0,0.12,0.03
6,PB_only,-0.004779,0.2,0.25,0.4,0.65,0.65,0.85,0.95,0.0,0.0,0.0,0.06,0.05
6,PB_only,-0.00478,0.05,0.3,0.45,0.65,0.7,0.85,0.9,0.0,0.0,0.0,0.12,0.03
8,PE_FED,-0.004782,0.1,0.25,0.35,0.65,0.7,0.75,0.9,-0.5,0.0,0.0,0.08,0.03
8,PB_only,-0.004782,0.15,0.2,0.35,0.55,0.65,0.8,0.85,0.0,0.0,0.0,0.06,0.05
8,PB_FED,-0.004785,0.05,0.15,0.35,0.6,0.7,0.8,0.9,0.5,0.0,0.0,0.08,0.03
8,PB_only,-0.004788,0.05,0.15,0.35,0.55,0.75,0.8,0.85,0.0,0.0,0.0,0.12,0.05
6,PB_only,-0.004791,0.1,0.3,0.4,0.65,0.65,0.8,0.95,0.0,0.0,0.0,0.06,0.03
8,PB_only,-0.004791,0.15,0.2,0.4,0.55,0.7,0.8,0.9,0.0,0.0,0.0,0.1,0.04
6,PB_only,-0.004796,0.1,0.15,0.3,0.6,0.75,0.8,0.9,0.0,0.0,0.0,0.12,0.05
8,PB_only,-0.004796,0.15,0.3,0.45,0.6,0.65,0.85,0.9,0.0,0.0,0.0,0.06,0.03
6,PB_only,-0.004798,0.1,0.3,0.35,0.65,0.65,0.85,0.95,0.0,0.0,0.0,0.12,0.03
6,PB_only,-0.004798,0.1,0.2,0.3,0.6,0.65,0.8,0.85,0.0,0.0,0.0,0.1,0.04
8,PE_only,-0.0048,0.05,0.15,0.35,0.65,0.7,0.75,0.9,0.0,0.0,0.0,0.12,0.03
8,PE_only,-0.00481,0.05,0.3,0.45,0.7,0.7,0.8,0.95,0.0,0.0,0.0,0.08,0.05
6,PB_FED,-0.004814,0.05,0.25,0.3,0.65,0.7,0.85,0.9,0.0,0.0,0.0,0.1,0.03
8,PE_only,-0.004818,0.05,0.3,0.35,0.7,0.75,0.85,0.95,0.0,0.0,0.0,0.12,0.03
6,PB_FED,-0.00482,0.1,0.2,0.45,0.6,0.65,0.75,0.85,-0.5,0.0,0.0,0.12,0.04
8,PB_FED,-0.004831,0.15,0.2,0.3,0.5,0.65,0.8,0.95,-0.5,0.0,0.0,0.06,0.04
8,PE_only,-0.004832,0.1,0.2,0.4,0.65,0.65,0.85,0.95,0.0,0.0,0.0,0.12,0.05
6,PB_FED,-0.004834,0.2,0.25,0.45,0.65,0.65,0.75,0.95,-0.5,0.0,0.0,0.12,0.04
8,PB_only,-0.004834,0.05,0.15,0.3,0.5,0.75,0.8,0.95,0.0,0.0,0.0,0.08,0.03
8,PE_PB_FED,-0.004836,0.1,0.15,0.3,0.65,0.65,0.75,0.9,0.0,0.65,0.75,0.1,0.03
8,PE_FED,-0.004838,0.05,0.25,0.45,0.7,0.65,0.75,0.9,0.0,0.0,0.0,0.12,0.05
8,PB_only,-0.004839,0.05,0.2,0.35,0.55,0.65,0.75,0.95,0.0,0.0,0.0,0.08,0.04
8,PB_only,-0.00484,0.05,0.15,0.35,0.55,0.7,0.85,0.9,0.0,0.0,0.0,0.12,0.05
8,PE_FED,-0.004843,0.15,0.3,0.45,0.7,0.65,0.75,0.9,0.0,0.0,0.0,0.1,0.04
6,PB_only,-0.004847,0.1,0.15,0.4,0.6,0.65,0.75,0.95,0.0,0.0,0.0,0.06,0.03
8,PB_only,-0.00485,0.05,0.2,0.35,0.5,0.7,0.75,0.85,0.0,0.0,0.0,0.12,0.03
8,PB_only,-0.004853,0.1,0.2,0.35,0.55,0.65,0.8,0.85,0.0,0.0,0.0,0.06,0.05
8,PE_PB_FED,-0.004856,0.1,0.2,0.35,0.7,0.65,0.85,0.95,0.0,0.65,0.7,0.06,0.03
8,PE_only,-0.004864,0.05,0.2,0.4,0.7,0.7,0.75,0.9,0.0,0.0,0.0,0.08,0.05
8,PB_only,-0.004869,0.05,0.3,0.4,0.6,0.7,0.75,0.95,0.0,0.0,0.0,0.08,0.04
8,PB_FED,-0.004874,0.05,0.15,0.45,0.5,0.7,0.85,0.9,0.0,0.0,0.0,0.08,0.05
8,PB_FED,-0.004877,0.1,0.15,0.4,0.7,0.7,0.85,0.95,0.5,0.0,0.0,0.1,0.04
8,PB_only,-0.004878,0.1,0.2,0.4,0.55,0.75,0.8,0.9,0.0,0.0,0.0,0.08,0.04
6,PB_FED,-0.00488,0.05,0.2,0.35,0.6,0.65,0.8,0.9,-0.5,0.0,0.0,0.06,0.04
8,PE_only,-0.004882,0.1,0.25,0.4,0.65,0.7,0.8,0.95,0.0,0.0,0.0,0.08,0.04
8,PB_FED,-0.004882,0.2,0.25,0.45,0.55,0.75,0.8,0.85,0.0,0.0,0.0,0.1,0.05
6,PB_only,-0.004883,0.05,0.15,0.45,0.6,0.7,0.75,0.9,0.0,0.0,0.0,0.08,0.03
6,PB_only,-0.004885,0.2,0.25,0.45,0.65,0.7,0.8,0.95,0.0,0.0,0.0,0.08,0.05
8,PB_only,-0.004888,0.1,0.25,0.35,0.55,0.7,0.75,0.85,0.0,0.0,0.0,0.12,0.05
8,PB_only,-0.004889,0.05,0.25,0.35,0.6,0.75,0.85,0.95,0.0,0.0,0.0,0.12,0.05
8,PB_only,-0.004892,0.2,0.25,0.35,0.6,0.7,0.85,0.9,0.0,0.0,0.0,0.08,0.05
6,PB_FED,-0.004894,0.1,0.15,0.4,0.6,0.65,0.8,0.95,0.0,0.0,0.0,0.12,0.05
8,PE_only,-0.004894,0.05,0.2,0.4,0.7,0.7,0.8,0.9,0.0,0.0,0.0,0.06,0.03
6,PB_FED,-0.004897,0.05,0.2,0.3,0.6,0.65,0.85,0.9,0.0,0.0,0.0,0.06,0.04
8,PE_FED,-0.004897,0.1,0.2,0.3,0.7,0.65,0.8,0.85,-0.5,0.0,0.0,0.08,0.03
8,PB_FED,-0.004897,0.05,0.25,0.45,0.55,0.75,0.85,0.95,0.0,0.0,0.0,0.12,0.04
6,PB_FED,-0.004906,0.05,0.15,0.3,0.6,0.75,0.8,0.85,0.0,0.0,0.0,0.06,0.05
8,PB_only,-0.004907,0.05,0.3,0.4,0.6,0.7,0.75,0.95,0.0,0.0,0.0,0.08,0.05
8,PE_FED,-0.004909,0.05,0.2,0.4,0.7,0.65,0.85,0.9,-0.5,0.0,0.0,0.1,0.03
8,PB_FED,-0.00491,0.1,0.15,0.35,0.6,0.7,0.8,0.85,0.5,0.0,0.0,0.12,0.03
8,PE_FED,-0.004924,0.15,0.2,0.3,0.5,0.75,0.8,0.95,0.0,0.0,0.0,0.06,0.04
8,PE_FED,-0.004931,0.15,0.25,0.3,0.7,0.7,0.75,0.85,-0.5,0.0,0.0,0.08,0.04
8,PE_FED,-0.004932,0.1,0.15,0.45,0.65,0.7,0.75,0.85,0.0,0.0,0.0,0.06,0.05
6,PB_FED,-0.004933,0.1,0.15,0.45,0.55,0.65,0.75,0.85,0.0,0.0,0.0,0.06,0.03
8,PE_FED,-0.004933,0.05,0.15,0.4,0.65,0.7,0.85,0.9,0.0,0.0,0.0,0.08,0.05
6,PB_FED,-0.00494,0.05,0.15,0.45,0.6,0.7,0.75,0.95,-0.5,0.0,0.0,0.1,0.05
8,PB_only,-0.004941,0.1,0.2,0.45,0.6,0.7,0.85,0.95,0.0,0.0,0.0,0.1,0.05
8,PB_only,-0.004951,0.1,0.15,0.35,0.5,0.65,0.8,0.85,0.0,0.0,0.0,0.06,0.03
8,PB_FED,-0.004951,0.05,0.3,0.4,0.6,0.75,0.85,0.95,-0.5,0.0,0.0,0.08,0.04
8,PB_only,-0.004957,0.1,0.25,0.4,0.6,0.7,0.85,0.95,0.0,0.0,0.0,0.12,0.04
8,PB_only,-0.004959,0.1,0.25,0.4,0.55,0.65,0.8,0.9,0.0,0.0,0.0,0.12,0.03
8,PE_only,-0.00496,0.1,0.2,0.3,0.6,0.7,0.8,0.95,0.0,0.0,0.0,0.08,0.03
8,PB_only,-0.004968,0.05,0.15,0.45,0.55,0.7,0.8,0.95,0.0,0.0,0.0,0.12,0.03
8,PE_only,-0.004969,0.05,0.3,0.4,0.7,0.75,0.85,0.95,0.0,0.0,0.0,0.12,0.03
8,PB_only,-0.004974,0.1,0.3,0.35,0.6,0.7,0.8,0.9,0.0,0.0,0.0,0.1,0.05
6,PB_FED,-0.004976,0.1,0.15,0.35,0.6,0.65,0.85,0.9,-0.5,0.0,0.0,0.06,0.05
8,PE_only,-0.004981,0.1,0.15,0.45,0.6,0.7,0.8,0.95,0.0,0.0,0.0,0.08,0.03
8,PB_FED,-0.004986,0.1,0.2,0.3,0.55,0.65,0.75,0.9,0.5,0.0,0.0,0.12,0.04
6,PB_FED,-0.004989,0.2,0.25,0.3,0.6,0.7,0.75,0.95,0.0,0.0,0.0,0.08,0.04
6,PB_only,-0.004992,0.1,0.15,0.35,0.6,0.75,0.8,0.9,0.0,0.0,0.0,0.06,0.04
8,PE_PB_FED,-0.004992,0.15,0.2,0.35,0.7,0.65,0.8,0.95,-0.5,0.65,0.7,0.1,0.05
6,PB_only,-0.004994,0.15,0.2,0.35,0.6,0.65,0.8,0.85,0.0,0.0,0.0,0.12,0.03
8,PE_only,-0.004996,0.1,0.2,0.4,0.7,0.7,0.8,0.9,0.0,0.0,0.0,0.06,0.03
8,PB_only,-0.004999,0.2,0.25,0.4,0.6,0.7,0.8,0.95,0.0,0.0,0.0,0.06,0.04
8,PB_only,-0.005009,0.1,0.25,0.4,0.55,0.7,0.8,0.85,0.0,0.0,0.0,0.06,0.04
8,PE_only,-0.005022,0.2,0.25,0.35,0.65,0.65,0.8,0.95,0.0,0.0,0.0,0.1,0.03
8,PE_only,-0.005022,0.2,0.25,0.35,0.65,0.65,0.8,0.95,0.0,0.0,0.0,0.12,0.03
8,PE_PB_FED,-0.005022,0.05,0.15,0.45,0.65,0.7,0.85,0.95,0.0,0.65,0.7,0.1,0.03
8,PB_only,-0.005025,0.15,0.3,0.45,0.6,0.65,0.8,0.9,0.0,0.0,0.0,0.1,0.04
6,PB_only,-0.005027,0.2,0.3,0.4,0.65,0.75,0.85,0.9,0.0,0.0,0.0,0.08,0.04
8,PB_only,-0.005028,0.15,0.2,0.4,0.55,0.65,0.75,0.95,0.0,0.0,0.0,0.12,0.04
8,PB_only,-0.00503,0.1,0.25,0.4,0.6,0.7,0.85,0.95,0.0,0.0,0.0,0.08,0.05
8,PE_only,-0.005031,0.1,0.25,0.4,0.65,0.65,0.8,0.95,0.0,0.0,0.0,0.1,0.05
8,PB_only,-0.005035,0.05,0.15,0.4,0.55,0.75,0.8,0.95,0.0,0.0,0.0,0.08,0.04
8,PB_FED,-0.005036,0.15,0.25,0.35,0.5,0.7,0.85,0.95,0.0,0.0,0.0,0.08,0.04
8,PB_only,-0.005038,0.2,0.25,0.3,0.55,0.75,0.85,0.9,0.0,0.0,0.0,0.12,0.03
8,PE_FED,-0.005041,0.15,0.3,0.4,0.6,0.65,0.75,0.95,-0.5,0.0,0.0,0.08,0.03
8,PB_FED,-0.005043,0.1,0.25,0.4,0.6,0.65,0.75,0.9,0.5,0.0,0.0,0.06,0.03
8,PE_PB_FED,-0.005048,0.15,0.25,0.4,0.7,0.7,0.8,0.95,0.0,0.65,0.75,0.08,0.04
8,PE_PB_FED,-0.005052,0.1,0.15,0.4,0.6,0.65,0.8,0.95,-0.5,0.65,0.75,0.1,0.03
8,PE_only,-0.005054,0.15,0.2,0.35,0.6,0.75,0.8,0.95,0.0,0.0,0.0,0.08,0.03
6,PB_only,-0.005057,0.15,0.3,0.35,0.65,0.75,0.85,0.95,0.0,0.0,0.0,0.1,0.05
6,PB_FED,-0.005057,0.15,0.25,0.3,0.6,0.65,0.75,0.95,0.0,0.0,0.0,0.1,0.04
8,PB_only,-0.00506,0.2,0.25,0.4,0.6,0.75,0.8,0.95,0.0,0.0,0.0,0.12,0.05
8,PB_only,-0.005062,0.1,0.3,0.45,0.6,0.75,0.85,0.9,0.0,0.0,0.0,0.06,0.03
8,PB_only,-0.005062,0.1,0.3,0.45,0.6,0.7,0.85,0.9,0.0,0.0,0.0,0.12,0.03
8,PB_only,-0.005063,0.15,0.2,0.3,0.5,0.75,0.8,0.9,0.0,0.0,0.0,0.1,0.03
6,PB_only,-0.005066,0.2,0.25,0.3,0.6,0.7,0.75,0.9,0.0,0.0,0.0,0.08,0.03
8,PB_FED,-0.005068,0.1,0.15,0.45,0.5,0.75,0.8,0.95,-0.5,0.0,0.0,0.06,0.04
8,PE_only,-0.00507,0.05,0.15,0.3,0.6,0.7,0.85,0.95,0.0,0.0,0.0,0.1,0.05
8,PB_only,-0.00507,0.2,0.3,0.4,0.6,0.7,0.75,0.95,0.0,0.0,0.0,0.06,0.05
8,PB_FED,-0.005071,0.05,0.2,0.45,0.65,0.65,0.75,0.9,0.5,0.0,0.0,0.06,0.04
8,PE_PB_FED,-0.005077,0.15,0.2,0.35,0.6,0.75,0.8,0.95,0.0,0.65,0.7,0.06,0.04
8,PB_FED,-0.005086,0.15,0.25,0.35,0.5,0.65,0.75,0.95,-0.5,0.0,0.0,0.06,0.04
8,PB_only,-0.005088,0.15,0.25,0.45,0.55,0.75,0.8,0.85,0.0,0.0,0.0,0.12,0.03
6,PB_FED,-0.005094,0.15,0.2,0.4,0.6,0.75,0.85,0.9,-0.5,0.0,0.0,0.1,0.03
6,PB_FED,-0.005104,0.1,0.25,0.4,0.65,0.7,0.85,0.95,-0.5,0.0,0.0,0.06,0.04
8,PB_FED,-0.005108,0.05,0.15,0.45,0.7,0.65,0.8,0.85,0.5,0.0,0.0,0.08,0.03
8,PE_FED,-0.005114,0.1,0.25,0.4,0.7,0.65,0.85,0.9,-0.5,0.0,0.0,0.12,0.04
6,PB_FED,-0.005117,0.05,0.15,0.45,0.6,0.65,0.8,0.85,0.0,0.0,0.0,0.12,0.03
8,PE_FED,-0.005117,0.05,0.15,0.35,0.6,0.75,0.85,0.9,0.0,0.0,0.0,0.06,0.04
8,PB_only,-0.005122,0.1,0.25,0.3,0.55,0.65,0.8,0.9,0.0,0.0,0.0,0.12,0.05
8,PE_FED,-0.005124,0.15,0.25,0.35,0.65,0.65,0.75,0.9,-0.5,0.0,0.0,0.06,0.05
6,PB_FED,-0.005126,0.15,0.2,0.3,0.55,0.7,0.75,0.95,-0.5,0.0,0.0,0.1,0.05
6,PB_FED,-0.005127,0.1,0.3,0.45,0.65,0.7,0.75,0.85,-0.5,0.0,0.0,0.06,0.03
8,PB_only,-0.00513,0.05,0.3,0.45,0.6,0.7,0.8,0.9,0.0,0.0,0.0,0.12,0.03
8,PB_FED,-0.005135,0.1,0.15,0.45,0.65,0.75,0.85,0.9,0.5,0.0,0.0,0.06,0.03
6,PB_only,-0.005136,0.2,0.3,0.45,0.65,0.7,0.75,0.85,0.0,0.0,0.0,0.08,0.05
6,PB_FED,-0.005136,0.15,0.25,0.4,0.65,0.75,0.8,0.9,0.0,0.0,0.0,0.06,0.05
6,PB_only,-0.005138,0.1,0.3,0.35,0.65,0.65,0.8,0.95,0.0,0.0,0.0,0.1,0.04
8,PB_only,-0.005138,0.15,0.2,0.45,0.55,0.65,0.85,0.9,0.0,0.0,0.0,0.1,0.03
6,PB_only,-0.005143,0.15,0.2,0.3,0.6,0.7,0.8,0.9,0.0,0.0,0.0,0.12,0.04
6,PB_FED,-0.005146,0.2,0.3,0.45,0.7,0.7,0.85,0.95,-0.5,0.0,0.0,0.06,0.04
6,PB_only,-0.005155,0.1,0.15,0.45,0.6,0.65,0.75,0.85,0.0,0.0,0.0,0.08,0.04
8,PE_only,-0.005155,0.1,0.15,0.3,0.6,0.7,0.85,0.95,0.0,0.0,0.0,0.06,0.03
8,PB_FED,-0.005157,0.15,0.25,0.35,0.7,0.7,0.8,0.85,0.5,0.0,0.0,0.1,0.03
8,PE_FED,-0.005165,0.2,0.25,0.45,0.65,0.65,0.75,0.9,0.0,0.0,0.0,0.08,0.04
8,PB_only,-0.005166,0.1,0.2,0.4,0.5,0.7,0.75,0.9,0.0,0.0,0.0,0.1,0.03
6,PB_FED,-0.005168,0.15,0.25,0.45,0.7,0.75,0.85,0.9,0.0,0.0,0.0,0.08,0.05
8,PB_FED,-0.005172,0.05,0.2,0.4,0.65,0.65,0.75,0.95,0.5,0.0,0.0,0.06,0.04
6,PB_FED,-0.005176,0.1,0.2,0.3,0.6,0.75,0.85,0.95,-0.5,0.0,0.0,0.06,0.04
8,PE_only,-0.005178,0.1,0.15,0.3,0.65,0.65,0.8,0.9,0.0,0.0,0.0,0.08,0.04
8,PE_only,-0.005181,0.05,0.15,0.45,0.6,0.7,0.75,0.95,0.0,0.0,0.0,0.12,0.05
8,PE_only,-0.005185,0.1,0.15,0.3,0.6,0.65,0.85,0.95,0.0,0.0,0.0,0.12,0.04
8,PB_FED,-0.005188,0.1,0.3,0.35,0.5,0.65,0.75,0.85,0.0,0.0,0.0,0.06,0.05
8,PB_only,-0.00519,0.1,0.2,0.3,0.5,0.7,0.8,0.85,0.0,0.0,0.0,0.1,0.04
8,PE_PB_FED,-0.005191,0.15,0.2,0.3,0.6,0.65,0.75,0.95,0.0,0.6,0.75,0.12,0.03
6,PB_only,-0.005193,0.1,0.3,0.4,0.65,0.65,0.85,0.95,0.0,0.0,0.0,0.06,0.03
6,PB_FED,-0.005197,0.2,0.3,0.45,0.7,0.7,0.85,0.95,-0.5,0.0,0.0,0.1,0.05
8,PB_only,-0.005198,0.2,0.25,0.45,0.55,0.65,0.75,0.9,0.0,0.0,0.0,0.08,0.03
8,PE_only,-0.005199,0.1,0.2,0.35,0.6,0.65,0.75,0.95,0.0,0.0,0.0,0.06,0.03
6,PB_only,-0.00521,0.1,0.15,0.4,0.6,0.7,0.8,0.85,0.0,0.0,0.0,0.1,0.04
8,PB_only,-0.005211,0.15,0.25,0.4,0.55,0.7,0.75,0.95,0.0,0.0,0.0,0.06,0.05
8,PB_only,-0.005214,0.2,0.25,0.45,0.6,0.7,0.8,0.9,0.0,0.0,0.0,0.06,0.05
6,PB_only,-0.005218,0.1,0.15,0.3,0.55,0.65,0.8,0.85,0.0,0.0,0.0,0.1,0.04
8,PB_FED,-0.005218,0.05,0.3,0.45,0.55,0.75,0.8,0.9,0.0,0.0,0.0,0.06,0.04
6,PB_only,-0.005221,0.05,0.15,0.3,0.55,0.65,0.8,0.85,0.0,0.0,0.0,0.12,0.04
6,PB_only,-0.005225,0.2,0.25,0.45,0.65,0.75,0.8,0.85,0.0,0.0,0.0,0.12,0.05
8,PE_only,-0.005225,0.05,0.15,0.35,0.6,0.65,0.85,0.95,0.0,0.0,0.0,0.06,0.03
8,PE_PB_FED,-0.00523,0.1,0.15,0.3,0.7,0.75,0.8,0.9,0.0,0.65,0.75,0.08,0.04
6,PB_only,-0.005231,0.05,0.15,0.3,0.6,0.75,0.8,0.95,0.0,0.0,0.0,0.1,0.04
8,PE_only,-0.005232,0.15,0.2,0.3,0.6,0.7,0.8,0.95,0.0,0.0,0.0,0.1,0.04
8,PE_only,-0.005238,0.15,0.25,0.45,0.65,0.75,0.8,0.95,0.0,0.0,0.0,0.12,0.04
8,PE_only,-0.005239,0.1,0.2,0.35,0.6,0.75,0.8,0.95,0.0,0.0,0.0,0.12,0.03
8,PE_FED,-0.005243,0.05,0.2,0.4,0.5,0.65,0.8,0.95,0.0,0.0,0.0,0.1,0.03
6,PB_FED,-0.005247,0.1,0.2,0.3,0.6,0.7,0.85,0.95,-0.5,0.0,0.0,0.1,0.05
8,PB_FED,-0.005247,0.1,0.15,0.35,0.7,0.65,0.85,0.95,0.5,0.0,0.0,0.06,0.04
8,PE_only,-0.005248,0.05,0.15,0.35,0.7,0.7,0.85,0.9,0.0,0.0,0.0,0.06,0.03
8,PE_FED,-0.005248,0.1,0.25,0.35,0.65,0.7,0.8,0.9,-0.5,0.0,0.0,0.12,0.04
8,PB_only,-0.005252,0.05,0.15,0.35,0.55,0.7,0.85,0.95,0.0,0.0,0.0,0.1,0.04
8,PE_only,-0.005255,0.15,0.25,0.3,0.7,0.7,0.8,0.9,0.0,0.0,0.0,0.12,0.04
8,PB_only,-0.005256,0.15,0.3,0.45,0.6,0.7,0.8,0.95,0.0,0.0,0.0,0.12,0.03
8,PB_only,-0.005256,0.15,0.3,0.45,0.6,0.75,0.8,0.95,0.0,0.0,0.0,0.08,0.03
8,PE_FED,-0.005258,0.05,0.2,0.3,0.5,0.65,0.8,0.95,0.0,0.0,0.0,0.12,0.05
8,PB_only,-0.005258,0.15,0.2,0.35,0.5,0.7,0.75,0.95,0.0,0.0,0.0,0.06,0.03
8,PB_only,-0.005263,0.2,0.3,0.4,0.6,0.7,0.8,0.9,0.0,0.0,0.0,0.1,0.04
6,PB_only,-0.005267,0.2,0.25,0.45,0.65,0.75,0.85,0.95,0.0,0.0,0.0,0.1,0.04
6,PB_FED,-0.00527,0.05,0.2,0.3,0.55,0.75,0.8,0.85,0.0,0.0,0.0,0.08,0.03
8,PE_only,-0.00527,0.15,0.2,0.45,0.65,0.75,0.85,0.95,0.0,0.0,0.0,0.06,0.05
8,PE_FED,-0.005286,0.2,0.25,0.35,0.65,0.65,0.75,0.9,0.0,0.0,0.0,0.08,0.05
8,PB_only,-0.005293,0.1,0.3,0.45,0.6,0.75,0.8,0.9,0.0,0.0,0.0,0.08,0.04
8,PB_only,-0.005296,0.1,0.2,0.4,0.55,0.7,0.8,0.85,0.0,0.0,0.0,0.12,0.05
8,PE_only,-0.005304,0.05,0.15,0.45,0.6,0.7,0.8,0.95,0.0,0.0,0.0,0.1,0.05
8,PE_FED,-0.005304,0.05,0.2,0.4,0.5,0.7,0.75,0.95,0.0,0.0,0.0,0.08,0.04
8,PB_FED,-0.005306,0.05,0.25,0.3,0.6,0.7,0.75,0.85,0.5,0.0,0.0,0.1,0.04
6,PB_only,-0.005309,0.05,0.2,0.3,0.6,0.65,0.75,0.95,0.0,0.0,0.0,0.06,0.04
8,PE_FED,-0.005309,0.05,0.3,0.35,0.7,0.7,0.75,0.9,0.0,0.0,0.0,0.08,0.05
8,PB_only,-0.00531,0.05,0.2,0.35,0.55,0.75,0.8,0.9,0.0,0.0,0.0,0.06,0.05
8,PE_FED,-0.005312,0.15,0.2,0.45,0.7,0.65,0.75,0.85,0.0,0.0,0.0,0.06,0.05
8,PB_only,-0.005316,0.2,0.25,0.35,0.55,0.75,0.8,0.85,0.0,0.0,0.0,0.08,0.04
8,PB_only,-0.005317,0.1,0.25,0.3,0.55,0.75,0.85,0.95,0.0,0.0,0.0,0.12,0.03
8,PB_FED,-0.00532,0.2,0.3,0.45,0.55,0.7,0.75,0.85,-0.5,0.0,0.0,0.06,0.04
6,PB_only,-0.005321,0.15,0.2,0.35,0.6,0.7,0.8,0.9,0.0,0.0,0.0,0.1,0.03
8,PE_only,-0.005321,0.1,0.15,0.4,0.7,0.65,0.85,0.9,0.0,0.0,0.0,0.06,0.04
6,PB_only,-0.005327,0.05,0.15,0.4,0.6,0.65,0.8,0.85,0.0,0.0,0.0,0.1,0.04
8,PB_FED,-0.005329,0.1,0.25,0.4,0.5,0.7,0.8,0.85,-0.5,0.0,0.0,0.08,0.04
8,PE_only,-0.005338,0.1,0.15,0.3,0.65,0.75,0.8,0.9,0.0,0.0,0.0,0.12,0.03
8,PE_only,-0.00534,0.1,0.15,0.3,0.6,0.65,0.85,0.95,0.0,0.0,0.0,0.12,0.05
8,PE_PB_FED,-0.00534,0.15,0.25,0.4,0.65,0.65,0.75,0.95,0.0,0.65,0.75,0.12,0.04
8,PE_PB_FED,-0.00534,0.1,0.2,0.35,0.7,0.75,0.8,0.95,0.0,0.6,0.7,0.1,0.04
8,PB_only,-0.00534,0.2,0.25,0.35,0.6,0.75,0.85,0.95,0.0,0.0,0.0,0.06,0.05
6,PB_only,-0.005349,0.1,0.2,0.35,0.6,0.65,0.75,0.95,0.0,0.0,0.0,0.08,0.05
8,PB_FED,-0.005349,0.05,0.3,0.35,0.5,0.75,0.8,0.85,0.0,0.0,0.0,0.12,0.03
6,PB_FED,-0.00535,0.1,0.25,0.3,0.6,0.7,0.8,0.85,-0.5,0.0,0.0,0.06,0.04
6,PB_FED,-0.005355,0.05,0.25,0.35,0.7,0.65,0.8,0.95,0.0,0.0,0.0,0.1,0.04
8,PB_only,-0.005358,0.05,0.25,0.3,0.5,0.7,0.75,0.85,0.0,0.0,0.0,0.06,0.04
6,PB_FED,-0.005359,0.05,0.2,0.3,0.55,0.65,0.85,0.9,-0.5,0.0,0.0,0.06,0.03
8,PB_FED,-0.005359,0.15,0.3,0.45,0.55,0.65,0.8,0.85,-0.5,0.0,0.0,0.12,0.03
8,PB_only,-0.005362,0.05,0.2,0.4,0.5,0.7,0.75,0.9,0.0,0.0,0.0,0.1,0.03
8,PE_only,-0.005363,0.05,0.2,0.3,0.7,0.75,0.85,0.9,0.0,0.0,0.0,0.1,0.04
8,PE_FED,-0.005366,0.2,0.3,0.35,0.7,0.7,0.75,0.9,-0.5,0.0,0.0,0.08,0.05
8,PE_only,-0.005368,0.05,0.2,0.35,0.6,0.7,0.75,0.95,0.0,0.0,0.0,0.06,0.04
8,PB_FED,-0.005369,0.15,0.2,0.45,0.5,0.75,0.85,0.95,0.0,0.0,0.0,0.08,0.05
6,PB_only,-0.005371,0.05,0.15,0.45,0.6,0.7,0.75,0.85,0.0,0.0,0.0,0.1,0.04
6,PB_only,-0.005379,0.15,0.25,0.3,0.6,0.75,0.8,0.85,0.0,0.0,0.0,0.06,0.03
8,PE_only,-0.005385,0.15,0.2,0.3,0.6,0.65,0.8,0.95,0.0,0.0,0.0,0.08,0.05
8,PE_only,-0.005389,0.05,0.15,0.35,0.65,0.75,0.8,0.9,0.0,0.0,0.0,0.08,0.03
8,PE_FED,-0.005389,0.15,0.2,0.4,0.65,0.7,0.85,0.9,-0.5,0.0,0.0,0.1,0.04
8,PB_only,-0.005392,0.1,0.2,0.3,0.55,0.7,0.85,0.95,0.0,0.0,0.0,0.08,0.04
8,PE_FED,-0.005395,0.1,0.2,0.4,0.7,0.65,0.8,0.85,0.0,0.0,0.0,0.12,0.04
8,PE_only,-0.005396,0.1,0.2,0.45,0.7,0.75,0.8,0.9,0.0,0.0,0.0,0.12,0.04
6,PB_FED,-0.005397,0.1,0.2,0.4,0.6,0.7,0.8,0.95,0.0,0.0,0.0,0.12,0.05
8,PE_only,-0.005397,0.1,0.2,0.3,0.6,0.65,0.8,0.95,0.0,0.0,0.0,0.08,0.04
8,PB_FED,-0.005403,0.1,0.15,0.4,0.6,0.65,0.8,0.85,0.5,0.0,0.0,0.06,0.03
8,PE_only,-0.005404,0.05,0.25,0.45,0.65,0.7,0.8,0.95,0.0,0.0,0.0,0.08,0.04
6,PB_FED,-0.005406,0.05,0.25,0.35,0.65,0.75,0.8,0.85,0.0,0.0,0.0,0.12,0.04
6,PB_FED,-0.005417,0.15,0.2,0.4,0.55,0.7,0.75,0.9,-0.5,0.0,0.0,0.1,0.03
8,PE_only,-0.005417,0.05,0.3,0.35,0.7,0.65,0.85,0.95,0.0,0.0,0.0,0.08,0.03
8,PB_only,-0.005419,0.1,0.25,0.4,0.55,0.7,0.85,0.9,0.0,0.0,0.0,0.1,0.03
8,PE_PB_FED,-0.00542,0.05,0.15,0.4,0.65,0.7,0.75,0.9,0.0,0.65,0.7,0.06,0.03
8,PB_only,-0.00542,0.1,0.3,0.4,0.55,0.7,0.75,0.9,0.0,0.0,0.0,0.1,0.03
6,PB_only,-0.005422,0.2,0.3,0.4,0.65,0.65,0.85,0.9,0.0,0.0,0.0,0.12,0.05
8,PB_FED,-0.005424,0.05,0.15,0.45,0.7,0.75,0.8,0.95,0.5,0.0,0.0,0.12,0.04
8,PE_FED,-0.005427,0.1,0.25,0.4,0.7,0.65,0.85,0.9,0.0,0.0,0.0,0.08,0.04
8,PE_only,-0.005429,0.1,0.25,0.3,0.65,0.75,0.85,0.95,0.0,0.0,0.0,0.1,0.04
8,PE_FED,-0.005429,0.05,0.2,0.45,0.65,0.65,0.8,0.9,0.0,0.0,0.0,0.1,0.05
8,PB_only,-0.005429,0.05,0.15,0.4,0.5,0.65,0.8,0.9,0.0,0.0,0.0,0.08,0.03
8,PB_only,-0.005431,0.05,0.25,0.3,0.5,0.65,0.75,0.9,0.0,0.0,0.0,0.08,0.04
6,PB_FED,-0.005433,0.05,0.2,0.3,0.55,0.65,0.75,0.95,-0.5,0.0,0.0,0.08,0.05
8,PB_only,-0.005433,0.15,0.2,0.45,0.55,0.7,0.8,0.9,0.0,0.0,0.0,0.12,0.04
6,PB_FED,-0.005438,0.15,0.3,0.45,0.7,0.75,0.8,0.85,0.0,0.0,0.0,0.06,0.03
8,PB_only,-0.005438,0.15,0.25,0.45,0.6,0.7,0.85,0.95,0.0,0.0,0.0,0.08,0.04
8,PB_only,-0.005438,0.15,0.25,0.35,0.5,0.7,0.75,0.9,0.0,0.0,0.0,0.06,0.03
8,PE_FED,-0.00544,0.05,0.25,0.35,0.65,0.65,0.8,0.9,-0.5,0.0,0.0,0.06,0.03
8,PE_PB_FED,-0.00544,0.05,0.15,0.45,0.6,0.65,0.75,0.95,0.0,0.6,0.7,0.06,0.04
8,PB_only,-0.005445,0.05,0.15,0.4,0.5,0.65,0.75,0.9,0.0,0.0,0.0,0.08,0.05
8,PE_only,-0.005448,0.1,0.25,0.3,0.65,0.65,0.85,0.95,0.0,0.0,0.0,0.08,0.03
8,PE_only,-0.005448,0.1,0.25,0.3,0.65,0.65,0.85,0.95,0.0,0.0,0.0,0.1,0.03
8,PB_only,-0.00545,0.1,0.25,0.35,0.5,0.65,0.75,0.9,0.0,0.0,0.0,0.06,0.03
6,PB_FED,-0.005451,0.15,0.25,0.3,0.6,0.7,0.75,0.85,-0.5,0.0,0.0,0.06,0.05
8,PE_only,-0.005452,0.05,0.15,0.45,0.7,0.65,0.8,0.9,0.0,0.0,0.0,0.06,0.05
8,PE_FED,-0.005452,0.1,0.15,0.35,0.5,0.75,0.85,0.95,0.0,0.0,0.0,0.1,0.05
8,PE_only,-0.005454,0.1,0.15,0.35,0.65,0.75,0.8,0.9,0.0,0.0,0.0,0.06,0.04
8,PB_FED,-0.005456,0.05,0.2,0.3,0.6,0.65,0.8,0.85,0.5,0.0,0.0,0.06,0.03
8,PB_only,-0.00546,0.15,0.25,0.45,0.55,0.65,0.8,0.85,0.0,0.0,0.0,0.12,0.04
8,PB_only,-0.005461,0.2,0.3,0.4,0.6,0.7,0.8,0.95,0.0,0.0,0.0,0.08,0.03
8,PE_FED,-0.005462,0.15,0.2,0.35,0.65,0.75,0.85,0.9,0.0,0.0,0.0,0.08,0.03
8,PE_FED,-0.005462,0.05,0.2,0.45,0.55,0.75,0.85,0.95,0.0,0.0,0.0,0.08,0.04
8,PE_only,-0.005469,0.05,0.15,0.3,0.55,0.7,0.75,0.95,0.0,0.0,0.0,0.12,0.03
6,PB_only,-0.005472,0.05,0.2,0.35,0.6,0.75,0.8,0.85,0.0,0.0,0.0,0.08,0.03
8,PB_FED,-0.005473,0.1,0.25,0.4,0.7,0.75,0.85,0.9,0.5,0.0,0.0,0.1,0.03
8,PB_FED,-0.005474,0.1,0.2,0.45,0.5,0.75,0.85,0.9,-0.5,0.0,0.0,0.1,0.03
6,PB_FED,-0.005477,0.1,0.15,0.3,0.5,0.65,0.75,0.9,-0.5,0.0,0.0,0.12,0.03
8,PE_FED,-0.005483,0.1,0.2,0.35,0.6,0.65,0.75,0.9,-0.5,0.0,0.0,0.06,0.03
8,PE_only,-0.005486,0.1,0.25,0.3,0.7,0.75,0.8,0.9,0.0,0.0,0.0,0.1,0.04
8,PE_PB_FED,-0.005489,0.05,0.15,0.4,0.65,0.65,0.85,0.95,-0.5,0.65,0.8,0.08,0.03
8,PE_PB_FED,-0.005492,0.05,0.15,0.4,0.7,0.7,0.85,0.95,0.0,0.6,0.7,0.08,0.05
8,PB_only,-0.005493,0.1,0.25,0.4,0.6,0.65,0.85,0.95,0.0,0.0,0.0,0.06,0.04
6,PB_only,-0.005494,0.1,0.2,0.4,0.6,0.65,0.8,0.85,0.0,0.0,0.0,0.12,0.03
8,PE_only,-0.005495,0.15,0.2,0.35,0.6,0.7,0.8,0.95,0.0,0.0,0.0,0.1,0.04
8,PE_PB_FED,-0.005495,0.05,0.2,0.45,0.6,0.75,0.8,0.95,0.0,0.65,0.75,0.06,0.03
8,PB_FED,-0.005495,0.2,0.25,0.3,0.5,0.75,0.8,0.95,-0.5,0.0,0.0,0.1,0.03
8,PE_FED,-0.005497,0.05,0.2,0.35,0.7,0.7,0.8,0.85,0.0,0.0,0.0,0.08,0.04
8,PB_FED,-0.005499,0.15,0.2,0.35,0.7,0.75,0.85,0.95,0.5,0.0,0.0,0.08,0.04
8,PB_FED,-0.005499,0.1,0.2,0.45,0.5,0.75,0.8,0.9,-0.5,0.0,0.0,0.08,0.04
8,PB_FED,-0.005499,0.15,0.3,0.45,0.55,0.75,0.8,0.95,-0.5,0.0,0.0,0.06,0.03
8,PE_only,-0.0055,0.2,0.25,0.4,0.65,0.65,0.75,0.95,0.0,0.0,0.0,0.12,0.04
8,PB_only,-0.005507,0.05,0.3,0.45,0.6,0.65,0.75,0.95,0.0,0.0,0.0,0.1,0.05
8,PB_only,-0.005507,0.1,0.3,0.4,0.6,0.7,0.85,0.95,0.0,0.0,0.0,0.12,0.03
6,PB_only,-0.005508,0.15,0.3,0.45,0.65,0.75,0.8,0.95,0.0,0.0,0.0,0.1,0.05
6,PB_FED,-0.005511,0.1,0.3,0.4,0.65,0.7,0.85,0.9,-0.5,0.0,0.0,0.06,0.03
8,PE_only,-0.005515,0.05,0.2,0.35,0.6,0.7,0.75,0.95,0.0,0.0,0.0,0.08,0.05
8,PE_only,-0.005517,0.1,0.15,0.35,0.65,0.65,0.75,0.9,0.0,0.0,0.0,0.1,0.05
6,PB_only,-0.005518,0.2,0.3,0.45,0.65,0.75,0.85,0.9,0.0,0.0,0.0,0.06,0.04
6,PB_only,-0.005519,0.05,0.3,0.35,0.65,0.65,0.8,0.95,0.0,0.0,0.0,0.06,0.04
6,PB_only,-0.005521,0.05,0.3,0.4,0.65,0.65,0.8,0.95,0.0,0.0,0.0,0.1,0.05
8,PB_FED,-0.005524,0.1,0.25,0.4,0.65,0.65,0.75,0.95,0.5,0.0,0.0,0.12,0.04
8,PE_PB_FED,-0.005525,0.05,0.15,0.3,0.55,0.65,0.8,0.95,0.0,0.6,0.8,0.08,0.04
6,PB_FED,-0.005534,0.05,0.3,0.45,0.7,0.65,0.85,0.9,-0.5,0.0,0.0,0.12,0.04
8,PE_only,-0.005547,0.1,0.2,0.35,0.6,0.7,0.75,0.95,0.0,0.0,0.0,0.06,0.04
8,PE_only,-0.005549,0.1,0.2,0.3,0.6,0.75,0.8,0.95,0.0,0.0,0.0,0.08,0.05
8,PE_only,-0.00555,0.05,0.25,0.45,0.65,0.65,0.8,0.95,0.0,0.0,0.0,0.12,0.05
6,PB_only,-0.005552,0.1,0.2,0.35,0.6,0.7,0.8,0.85,0.0,0.0,0.0,0.06,0.04
6,PB_FED,-0.005553,0.05,0.3,0.35,0.65,0.75,0.8,0.85,-0.5,0.0,0.0,0.1,0.04
8,PB_only,-0.005554,0.05,0.15,0.45,0.55,0.65,0.85,0.9,0.0,0.0,0.0,0.1,0.04
8,PB_FED,-0.005554,0.1,0.25,0.45,0.7,0.75,0.8,0.95,0.5,0.0,0.0,0.12,0.03
6,PB_FED,-0.005558,0.05,0.3,0.35,0.7,0.65,0.85,0.95,-0.5,0.0,0.0,0.1,0.04
6,PB_FED,-0.005563,0.15,0.3,0.45,0.65,0.75,0.8,0.95,-0.5,0.0,0.0,0.1,0.03
8,PB_only,-0.005565,0.1,0.2,0.45,0.55,0.7,0.8,0.9,0.0,0.0,0.0,0.1,0.04
8,PE_only,-0.005568,0.15,0.3,0.4,0.65,0.75,0.8,0.95,0.0,0.0,0.0,0.08,0.03
8,PB_only,-0.005572,0.05,0.25,0.4,0.55,0.65,0.75,0.95,0.0,0.0,0.0,0.12,0.05
8,PB_FED,-0.005572,0.05,0.2,0.4,0.7,0.75,0.8,0.95,0.5,0.0,0.0,0.06,0.04
8,PB_FED,-0.005575,0.1,0.15,0.45,0.6,0.65,0.8,0.9,0.5,0.0,0.0,0.12,0.03
8,PE_FED,-0.005576,0.1,0.2,0.35,0.65,0.7,0.75,0.85,0.0,0.0,0.0,0.1,0.03
8,PE_FED,-0.005578,0.1,0.25,0.4,0.55,0.65,0.85,0.95,0.0,0.0,0.0,0.06,0.03
8,PB_FED,-0.005578,0.05,0.25,0.4,0.5,0.65,0.8,0.85,0.0,0.0,0.0,0.06,0.05
6,PB_only,-0.005579,0.2,0.25,0.3,0.6,0.7,0.75,0.85,0.0,0.0,0.0,0.12,0.04
8,PB_only,-0.005579,0.2,0.3,0.35,0.55,0.65,0.75,0.9,0.0,0.0,0.0,0.06,0.03
6,PB_only,-0.00558,0.05,0.15,0.45,0.6,0.65,0.8,0.85,0.0,0.0,0.0,0.06,0.03
8,PB_FED,-0.005586,0.05,0.2,0.35,0.5,0.75,0.8,0.95,-0.5,0.0,0.0,0.06,0.04
8,PB_FED,-0.005591,0.15,0.3,0.4,0.55,0.7,0.8,0.9,-0.5,0.0,0.0,0.1,0.05
6,PB_FED,-0.005597,0.1,0.25,0.3,0.65,0.65,0.85,0.95,0.0,0.0,0.0,0.1,0.05
8,PE_FED,-0.005599,0.15,0.3,0.45,0.7,0.65,0.8,0.9,-0.5,0.0,0.0,0.12,0.03
8,PB_only,-0.0056,0.1,0.2,0.4,0.55,0.75,0.8,0.9,0.0,0.0,0.0,0.06,0.05
8,PB_only,-0.0056,0.05,0.15,0.45,0.55,0.7,0.85,0.9,0.0,0.0,0.0,0.08,0.04
8,PE_only,-0.005601,0.05,0.25,0.35,0.65,0.7,0.85,0.95,0.0,0.0,0.0,0.12,0.03
8,PE_FED,-0.005603,0.1,0.15,0.4,0.6,0.7,0.75,0.85,0.0,0.0,0.0,0.12,0.03
8,PB_FED,-0.005603,0.15,0.3,0.4,0.5,0.75,0.8,0.9,0.0,0.0,0.0,0.08,0.04
8,PE_only,-0.005606,0.15,0.25,0.4,0.65,0.7,0.85,0.95,0.0,0.0,0.0,0.1,0.04
6,PB_FED,-0.005607,0.2,0.25,0.35,0.6,0.65,0.75,0.9,-0.5,0.0,0.0,0.08,0.04
8,PE_only,-0.005609,0.1,0.2,0.45,0.7,0.75,0.8,0.9,0.0,0.0,0.0,0.06,0.03
8,PB_FED,-0.005611,0.15,0.25,0.4,0.5,0.75,0.85,0.95,0.0,0.0,0.0,0.08,0.05
8,PB_only,-0.005612,0.2,0.25,0.35,0.55,0.7,0.75,0.95,0.0,0.0,0.0,0.1,0.04
8,PE_only,-0.005613,0.1,0.2,0.4,0.7,0.75,0.8,0.9,0.0,0.0,0.0,0.06,0.05
8,PE_only,-0.005613,0.1,0.2,0.4,0.7,0.75,0.8,0.9,0.0,0.0,0.0,0.08,0.05
8,PE_only,-0.005614,0.1,0.15,0.35,0.65,0.65,0.8,0.9,0.0,0.0,0.0,0.08,0.03
8,PE_only,-0.005614,0.1,0.15,0.35,0.65,0.7,0.8,0.9,0.0,0.0,0.0,0.08,0.03
8,PE_FED,-0.005617,0.1,0.25,0.35,0.7,0.65,0.75,0.85,0.0,0.0,0.0,0.08,0.04
6,PB_only,-0.005618,0.1,0.2,0.4,0.6,0.65,0.75,0.9,0.0,0.0,0.0,0.06,0.05
8,PB_only,-0.005625,0.05,0.2,0.3,0.55,0.75,0.85,0.95,0.0,0.0,0.0,0.06,0.05
8,PB_only,-0.005626,0.2,0.3,0.35,0.6,0.65,0.85,0.9,0.0,0.0,0.0,0.08,0.04
8,PB_FED,-0.005631,0.1,0.2,0.4,0.65,0.7,0.8,0.95,0.5,0.0,0.0,0.1,0.04
8,PE_PB_FED,-0.005636,0.05,0.25,0.3,0.6,0.7,0.8,0.95,0.0,0.65,0.75,0.08,0.03
8,PB_FED,-0.005645,0.2,0.3,0.35,0.5,0.75,0.8,0.95,0.0,0.0,0.0,0.12,0.03
8,PE_only,-0.005649,0.05,0.15,0.3,0.55,0.75,0.8,0.95,0.0,0.0,0.0,0.06,0.03
6,PB_only,-0.005652,0.15,0.2,0.4,0.6,0.65,0.75,0.95,0.0,0.0,0.0,0.12,0.03
8,PB_only,-0.005653,0.05,0.25,0.4,0.55,0.65,0.85,0.9,0.0,0.0,0.0,0.12,0.03
6,PB_only,-0.005656,0.05,0.2,0.4,0.6,0.65,0.8,0.85,0.0,0.0,0.0,0.06,0.03
6,PB_only,-0.00566,0.2,0.3,0.4,0.65,0.65,0.85,0.95,0.0,0.0,0.0,0.1,0.03
8,PB_FED,-0.005663,0.2,0.3,0.35,0.5,0.7,0.8,0.85,0.0,0.0,0.0,0.1,0.04
8,PB_only,-0.005665,0.1,0.25,0.45,0.6,0.7,0.85,0.95,0.0,0.0,0.0,0.1,0.05
6,PB_FED,-0.005668,0.1,0.3,0.4,0.7,0.7,0.8,0.85,0.0,0.0,0.0,0.12,0.04
6,PB_only,-0.005669,0.05,0.15,0.35,0.6,0.75,0.8,0.9,0.0,0.0,0.0,0.1,0.05
8,PB_only,-0.005679,0.1,0.15,0.4,0.55,0.7,0.85,0.95,0.0,0.0,0.0,0.1,0.05
8,PE_FED,-0.00568,0.15,0.25,0.45,0.7,0.7,0.85,0.9,-0.5,0.0,0.0,0.1,0.03
8,PB_only,-0.005681,0.2,0.25,0.45,0.55,0.7,0.75,0.85,0.0,0.0,0.0,0.06,0.04
8,PB_only,-0.005681,0.2,0.25,0.45,0.55,0.7,0.75,0.85,0.0,0.0,0.0,0.1,0.04
8,PE_FED,-0.005687,0.1,0.3,0.4,0.55,0.7,0.75,0.95,0.0,0.0,0.0,0.06,0.05
6,PB_FED,-0.005689,0.15,0.2,0.3,0.55,0.7,0.8,0.85,-0.5,0.0,0.0,0.12,0.04
8,PB_FED,-0.005691,0.15,0.25,0.4,0.5,0.7,0.8,0.95,-0.5,0.0,0.0,0.12,0.03
8,PE_FED,-0.005692,0.1,0.25,0.4,0.55,0.7,0.85,0.95,0.0,0.0,0.0,0.06,0.04
8,PE_only,-0.005693,0.1,0.25,0.3,0.7,0.7,0.8,0.9,0.0,0.0,0.0,0.08,0.03
6,PB_FED,-0.005696,0.2,0.3,0.4,0.7,0.65,0.8,0.85,0.0,0.0,0.0,0.1,0.04
8,PE_only,-0.005698,0.1,0.25,0.3,0.7,0.7,0.75,0.9,0.0,0.0,0.0,0.08,0.05
8,PB_only,-0.0057,0.1,0.15,0.35,0.5,0.7,0.8,0.95,0.0,0.0,0.0,0.12,0.03
6,PB_only,-0.005701,0.1,0.2,0.45,0.6,0.7,0.75,0.85,0.0,0.0,0.0,0.12,0.03
6,PB_only,-0.005701,0.1,0.2,0.45,0.6,0.7,0.75,0.85,0.0,0.0,0.0,0.1,0.03
6,PB_FED,-0.005711,0.05,0.25,0.35,0.6,0.7,0.75,0.9,0.0,0.0,0.0,0.06,0.04
8,PE_only,-0.005711,0.2,0.25,0.35,0.7,0.7,0.75,0.9,0.0,0.0,0.0,0.08,0.04
8,PE_only,-0.005711,0.2,0.25,0.35,0.7,0.7,0.75,0.9,0.0,0.0,0.0,0.1,0.04
8,PB_FED,-0.005716,0.05,0.2,0.35,0.65,0.7,0.8,0.95,0.5,0.0,0.0,0.12,0.04
6,PB_only,-0.005718,0.1,0.25,0.45,0.6,0.65,0.75,0.85,0.0,0.0,0.0,0.1,0.03
6,PB_FED,-0.005718,0.15,0.2,0.45,0.55,0.65,0.75,0.85,-0.5,0.0,0.0,0.12,0.03
8,PE_only,-0.005735,0.05,0.15,0.45,0.65,0.65,0.75,0.9,0.0,0.0,0.0,0.12,0.03
8,PB_FED,-0.005747,0.05,0.25,0.3,0.5,0.7,0.85,0.95,-0.5,0.0,0.0,0.12,0.03
8,PB_FED,-0.005749,0.05,0.15,0.45,0.5,0.75,0.85,0.95,-0.5,0.0,0.0,0.1,0.03
6,PB_FED,-0.005757,0.1,0.2,0.3,0.5,0.65,0.75,0.9,0.0,0.0,0.0,0.08,0.04
8,PB_only,-0.005758,0.15,0.3,0.45,0.6,0.65,0.8,0.95,0.0,0.0,0.0,0.1,0.03
8,PE_FED,-0.005762,0.1,0.3,0.45,0.7,0.75,0.8,0.9,0.0,0.0,0.0,0.08,0.04
8,PB_only,-0.005762,0.05,0.3,0.35,0.55,0.7,0.75,0.85,0.0,0.0,0.0,0.06,0.04
6,PB_only,-0.005775,0.05,0.3,0.45,0.65,0.65,0.8,0.95,0.0,0.0,0.0,0.1,0.03
8,PE_FED,-0.005775,0.05,0.15,0.45,0.55,0.7,0.75,0.9,0.0,0.0,0.0,0.06,0.05
8,PE_FED,-0.005779,0.1,0.15,0.3,0.6,0.65,0.8,0.85,0.0,0.0,0.0,0.1,0.05
8,PB_FED,-0.005784,0.05,0.2,0.4,0.7,0.7,0.8,0.9,0.5,0.0,0.0,0.1,0.05
6,PB_only,-0.005787,0.1,0.2,0.4,0.6,0.75,0.8,0.85,0.0,0.0,0.0,0.06,0.03
8,PE_PB_FED,-0.005788,0.15,0.25,0.4,0.7,0.65,0.75,0.95,0.0,0.6,0.8,0.08,0.03
6,PB_FED,-0.005791,0.1,0.3,0.35,0.7,0.75,0.8,0.95,0.0,0.0,0.0,0.06,0.04
6,PB_only,-0.005793,0.05,0.25,0.3,0.6,0.75,0.8,0.85,0.0,0.0,0.0,0.1,0.04
6,PB_FED,-0.005794,0.2,0.3,0.35,0.7,0.7,0.8,0.85,0.0,0.0,0.0,0.1,0.05
6,PB_FED,-0.005799,0.1,0.3,0.4,0.7,0.7,0.85,0.9,0.0,0.0,0.0,0.08,0.03
8,PB_FED,-0.005805,0.15,0.2,0.4,0.6,0.65,0.75,0.95,0.5,0.0,0.0,0.1,0.04
8,PB_FED,-0.005806,0.1,0.3,0.45,0.5,0.65,0.8,0.9,0.0,0.0,0.0,0.12,0.03
6,PB_FED,-0.005807,0.1,0.2,0.45,0.6,0.65,0.8,0.9,0.0,0.0,0.0,0.08,0.05
6,PE_only,-0.005809,0.1,0.15,0.4,0.7,0.7,0.8,0.95,0.0,0.0,0.0,0.06,0.03
8,PB_only,-0.005813,0.2,0.25,0.45,0.6,0.65,0.85,0.9,0.0,0.0,0.0,0.08,0.05
8,PB_only,-0.005816,0.2,0.25,0.45,0.55,0.7,0.75,0.95,0.0,0.0,0.0,0.08,0.03
6,PB_FED,-0.00582,0.15,0.3,0.4,0.65,0.75,0.8,0.95,-0.5,0.0,0.0,0.1,0.05
6,PB_FED,-0.005821,0.1,0.3,0.45,0.7,0.65,0.75,0.9,0.0,0.0,0.0,0.12,0.05
8,PE_only,-0.005824,0.15,0.25,0.4,0.7,0.7,0.75,0.9,0.0,0.0,0.0,0.06,0.05
8,PE_only,-0.005824,0.15,0.25,0.4,0.7,0.7,0.75,0.9,0.0,0.0,0.0,0.12,0.05
8,PE_only,-0.005829,0.05,0.15,0.3,0.55,0.65,0.75,0.95,0.0,0.0,0.0,0.1,0.04
8,PE_only,-0.00583,0.1,0.15,0.3,0.7,0.75,0.8,0.85,0.0,0.0,0.0,0.06,0.03
8,PB_only,-0.005831,0.1,0.15,0.4,0.5,0.75,0.85,0.9,0.0,0.0,0.0,0.12,0.03
6,PB_FED,-0.005833,0.1,0.3,0.35,0.7,0.65,0.8,0.9,0.0,0.0,0.0,0.1,0.05
8,PE_only,-0.005837,0.05,0.2,0.4,0.6,0.65,0.8,0.95,0.0,0.0,0.0,0.1,0.05
8,PE_FED,-0.00584,0.1,0.3,0.35,0.55,0.7,0.8,0.95,0.0,0.0,0.0,0.08,0.05
8,PB_FED,-0.00584,0.2,0.25,0.4,0.5,0.65,0.85,0.9,0.0,0.0,0.0,0.06,0.04
8,PB_only,-0.005841,0.1,0.25,0.3,0.55,0.65,0.85,0.95,0.0,0.0,0.0,0.1,0.03
8,PE_only,-0.005847,0.2,0.25,0.4,0.7,0.7,0.75,0.9,0.0,0.0,0.0,0.12,0.04
8,PE_FED,-0.005848,0.1,0.3,0.35,0.7,0.7,0.8,0.9,0.0,0.0,0.0,0.1,0.05
8,PB_FED,-0.005848,0.05,0.15,0.45,0.65,0.65,0.8,0.95,0.5,0.0,0.0,0.06,0.03
6,PB_FED,-0.005853,0.1,0.25,0.4,0.65,0.65,0.8,0.95,0.0,0.0,0.0,0.12,0.05
8,PE_only,-0.005856,0.1,0.2,0.4,0.6,0.65,0.8,0.95,0.0,0.0,0.0,0.08,0.04
6,PB_only,-0.005857,0.15,0.25,0.3,0.6,0.7,0.8,0.85,0.0,0.0,0.0,0.1,0.03
6,PB_FED,-0.00586,0.05,0.25,0.4,0.7,0.75,0.85,0.95,0.0,0.0,0.0,0.08,0.04
8,PB_FED,-0.005863,0.05,0.25,0.35,0.6,0.65,0.75,0.95,0.5,0.0,0.0,0.06,0.05
8,PE_only,-0.005866,0.2,0.3,0.35,0.7,0.65,0.85,0.95,0.0,0.0,0.0,0.12,0.04
8,PE_only,-0.005866,0.2,0.3,0.35,0.7,0.65,0.85,0.95,0.0,0.0,0.0,0.1,0.04
8,PE_only,-0.005867,0.05,0.3,0.4,0.65,0.7,0.8,0.95,0.0,0.0,0.0,0.06,0.03
8,PE_only,-0.005884,0.15,0.2,0.45,0.7,0.65,0.75,0.9,0.0,0.0,0.0,0.06,0.05
8,PB_only,-0.005885,0.1,0.2,0.3,0.5,0.65,0.75,0.95,0.0,0.0,0.0,0.06,0.04
6,PB_only,-0.005887,0.15,0.2,0.35,0.6,0.65,0.75,0.95,0.0,0.0,0.0,0.08,0.04
8,PB_FED,-0.005889,0.1,0.2,0.45,0.6,0.65,0.75,0.85,0.5,0.0,0.0,0.08,0.04
8,PB_only,-0.005893,0.1,0.25,0.4,0.55,0.65,0.75,0.95,0.0,0.0,0.0,0.06,0.04
8,PE_only,-0.005894,0.1,0.15,0.4,0.7,0.75,0.8,0.85,0.0,0.0,0.0,0.08,0.05
6,PB_FED,-0.005898,0.1,0.25,0.4,0.6,0.65,0.8,0.85,-0.5,0.0,0.0,0.1,0.03
8,PB_only,-0.005904,0.15,0.2,0.3,0.5,0.65,0.75,0.95,0.0,0.0,0.0,0.1,0.04
8,PB_only,-0.005904,0.1,0.25,0.3,0.5,0.65,0.8,0.9,0.0,0.0,0.0,0.06,0.03
8,PE_only,-0.00591,0.1,0.25,0.35,0.7,0.7,0.8,0.9,0.0,0.0,0.0,0.08,0.03
6,PE_only,-0.005912,0.1,0.15,0.35,0.7,0.7,0.8,0.95,0.0,0.0,0.0,0.06,0.05
8,PB_FED,-0.005914,0.15,0.25,0.35,0.5,0.65,0.8,0.9,-0.5,0.0,0.0,0.12,0.05
8,PB_only,-0.005915,0.1,0.2,0.35,0.5,0.7,0.8,0.9,0.0,0.0,0.0,0.08,0.03
8,PB_FED,-0.005915,0.1,0.15,0.45,0.5,0.75,0.8,0.85,-0.5,0.0,0.0,0.08,0.05
6,PB_only,-0.005918,0.2,0.3,0.45,0.65,0.65,0.85,0.9,0.0,0.0,0.0,0.1,0.05
8,PE_FED,-0.005918,0.05,0.2,0.45,0.55,0.7,0.75,0.95,-0.5,0.0,0.0,0.06,0.04
6,PE_only,-0.005924,0.1,0.15,0.35,0.7,0.7,0.75,0.95,0.0,0.0,0.0,0.06,0.04
6,PB_FED,-0.005924,0.05,0.3,0.35,0.7,0.75,0.8,0.9,0.0,0.0,0.0,0.1,0.04
8,PB_only,-0.005924,0.1,0.2,0.4,0.55,0.7,0.8,0.95,0.0,0.0,0.0,0.12,0.04
8,PB_FED,-0.005924,0.05,0.3,0.35,0.55,0.65,0.8,0.9,-0.5,0.0,0.0,0.08,0.05
8,PB_only,-0.005928,0.1,0.3,0.45,0.6,0.65,0.8,0.9,0.0,0.0,0.0,0.06,0.05
8,PE_FED,-0.00593,0.1,0.2,0.45,0.55,0.7,0.75,0.95,-0.5,0.0,0.0,0.12,0.04
8,PB_only,-0.005931,0.15,0.25,0.45,0.55,0.7,0.85,0.9,0.0,0.0,0.0,0.1,0.03
6,PB_FED,-0.005933,0.2,0.25,0.45,0.6,0.7,0.75,0.95,0.0,0.0,0.0,0.1,0.03
6,PB_only,-0.005944,0.05,0.2,0.3,0.55,0.65,0.75,0.85,0.0,0.0,0.0,0.08,0.03
8,PB_only,-0.005946,0.15,0.25,0.3,0.5,0.65,0.75,0.95,0.0,0.0,0.0,0.06,0.03
6,PB_only,-0.005948,0.15,0.25,0.4,0.6,0.7,0.75,0.85,0.0,0.0,0.0,0.06,0.04
6,PB_FED,-0.005954,0.15,0.25,0.35,0.6,0.65,0.8,0.85,-0.5,0.0,0.0,0.08,0.04
6,PB_FED,-0.005964,0.15,0.25,0.45,0.65,0.75,0.8,0.95,0.0,0.0,0.0,0.12,0.05
6,PB_FED,-0.005965,0.15,0.3,0.35,0.7,0.65,0.8,0.95,0.0,0.0,0.0,0.08,0.04
8,PB_FED,-0.005966,0.15,0.3,0.35,0.55,0.7,0.85,0.9,-0.5,0.0,0.0,0.08,0.05
6,PB_FED,-0.005969,0.1,0.2,0.35,0.55,0.7,0.8,0.85,0.0,0.0,0.0,0.12,0.04
6,PB_FED,-0.005971,0.2,0.25,0.3,0.6,0.7,0.8,0.85,-0.5,0.0,0.0,0.06,0.04
8,PE_FED,-0.005973,0.15,0.2,0.3,0.6,0.7,0.75,0.85,0.0,0.0,0.0,0.12,0.04
8,PB_FED,-0.005974,0.05,0.25,0.3,0.6,0.7,0.8,0.95,0.5,0.0,0.0,0.06,0.03
6,PB_FED,-0.005975,0.1,0.2,0.35,0.55,0.7,0.8,0.9,-0.5,0.0,0.0,0.06,0.03
6,PB_only,-0.005976,0.2,0.25,0.3,0.6,0.65,0.75,0.9,0.0,0.0,0.0,0.12,0.05
8,PE_FED,-0.005978,0.15,0.2,0.45,0.55,0.7,0.75,0.9,0.0,0.0,0.0,0.06,0.04
8,PE_only,-0.00598,0.05,0.2,0.45,0.6,0.75,0.8,0.95,0.0,0.0,0.0,0.06,0.03
6,PB_FED,-0.005981,0.1,0.25,0.3,0.6,0.65,0.8,0.9,0.0,0.0,0.0,0.1,0.05
8,PB_only,-0.00599,0.1,0.3,0.4,0.6,0.65,0.85,0.9,0.0,0.0,0.0,0.1,0.05
6,PB_only,-0.005993,0.1,0.15,0.4,0.6,0.65,0.8,0.9,0.0,0.0,0.0,0.06,0.05
8,PB_only,-0.005998,0.05,0.2,0.4,0.5,0.7,0.75,0.9,0.0,0.0,0.0,0.06,0.04
6,PB_FED,-0.006003,0.2,0.3,0.45,0.7,0.75,0.85,0.9,0.0,0.0,0.0,0.1,0.03
6,PB_FED,-0.006006,0.2,0.25,0.45,0.65,0.7,0.85,0.9,0.0,0.0,0.0,0.08,0.03
8,PE_only,-0.00601,0.15,0.3,0.4,0.65,0.7,0.75,0.95,0.0,0.0,0.0,0.12,0.05
8,PE_only,-0.006011,0.2,0.3,0.35,0.7,0.65,0.85,0.95,0.0,0.0,0.0,0.12,0.05
8,PE_only,-0.006011,0.15,0.25,0.3,0.7,0.65,0.75,0.9,0.0,0.0,0.0,0.08,0.05
8,PE_FED,-0.006011,0.1,0.2,0.35,0.55,0.7,0.75,0.9,0.0,0.0,0.0,0.1,0.05
6,PB_only,-0.006017,0.1,0.15,0.45,0.6,0.65,0.75,0.85,0.0,0.0,0.0,0.1,0.05
8,PB_only,-0.006017,0.05,0.2,0.4,0.55,0.75,0.85,0.95,0.0,0.0,0.0,0.06,0.03
8,PB_only,-0.006018,0.05,0.25,0.45,0.6,0.65,0.85,0.95,0.0,0.0,0.0,0.1,0.05
8,PB_FED,-0.006018,0.1,0.25,0.4,0.7,0.75,0.8,0.95,0.5,0.0,0.0,0.1,0.05
8,PB_FED,-0.006023,0.15,0.2,0.45,0.65,0.7,0.75,0.85,0.5,0.0,0.0,0.12,0.05
8,PE_PB_FED,-0.006026,0.05,0.15,0.4,0.7,0.65,0.75,0.9,-0.5,0.65,0.75,0.06,0.03
8,PB_only,-0.006027,0.1,0.2,0.35,0.5,0.65,0.8,0.85,0.0,0.0,0.0,0.12,0.04
8,PB_FED,-0.006027,0.2,0.25,0.4,0.5,0.75,0.8,0.85,-0.5,0.0,0.0,0.1,0.03
6,PB_FED,-0.00603,0.15,0.2,0.45,0.55,0.65,0.75,0.9,-0.5,0.0,0.0,0.06,0.03
8,PB_only,-0.006031,0.05,0.2,0.35,0.55,0.65,0.85,0.95,0.0,0.0,0.0,0.08,0.03
6,PB_only,-0.006038,0.05,0.2,0.4,0.6,0.7,0.8,0.9,0.0,0.0,0.0,0.08,0.03
8,PB_FED,-0.006038,0.1,0.2,0.35,0.65,0.7,0.85,0.95,0.5,0.0,0.0,0.12,0.04
8,PB_FED,-0.006041,0.05,0.2,0.45,0.7,0.7,0.8,0.85,0.5,0.0,0.0,0.1,0.03
8,PB_only,-0.006045,0.1,0.3,0.35,0.55,0.65,0.8,0.85,0.0,0.0,0.0,0.12,0.04
6,PB_only,-0.006048,0.15,0.25,0.45,0.6,0.65,0.75,0.9,0.0,0.0,0.0,0.06,0.03
6,PB_FED,-0.006049,0.1,0.15,0.3,0.55,0.65,0.8,0.95,-0.5,0.0,0.0,0.12,0.04
8,PE_only,-0.006057,0.05,0.15,0.45,0.7,0.7,0.75,0.85,0.0,0.0,0.0,0.1,0.05
8,PB_only,-0.00606,0.15,0.25,0.3,0.5,0.75,0.8,0.85,0.0,0.0,0.0,0.08,0.04
6,PB_FED,-0.006064,0.15,0.25,0.45,0.6,0.65,0.75,0.95,0.0,0.0,0.0,0.1,0.03
8,PB_FED,-0.006066,0.05,0.25,0.45,0.65,0.65,0.75,0.9,0.5,0.0,0.0,0.08,0.04
8,PB_only,-0.006072,0.1,0.15,0.3,0.5,0.65,0.85,0.9,0.0,0.0,0.0,0.12,0.05
8,PE_only,-0.006073,0.15,0.25,0.35,0.7,0.65,0.8,0.9,0.0,0.0,0.0,0.08,0.03
8,PE_only,-0.006073,0.15,0.3,0.4,0.65,0.75,0.8,0.95,0.0,0.0,0.0,0.1,0.05
8,PE_FED,-0.006076,0.1,0.25,0.45,0.6,0.65,0.85,0.95,-0.5,0.0,0.0,0.12,0.04
8,PB_only,-0.006077,0.05,0.25,0.45,0.55,0.7,0.8,0.85,0.0,0.0,0.0,0.1,0.03
6,PB_FED,-0.006081,0.05,0.15,0.35,0.55,0.65,0.8,0.9,0.0,0.0,0.0,0.12,0.05
6,PB_only,-0.006084,0.2,0.25,0.35,0.6,0.7,0.75,0.95,0.0,0.0,0.0,0.1,0.03
8,PE_only,-0.006092,0.05,0.15,0.3,0.6,0.65,0.75,0.9,0.0,0.0,0.0,0.06,0.04
8,PE_FED,-0.006093,0.05,0.2,0.4,0.65,0.75,0.85,0.9,0.0,0.0,0.0,0.12,0.03
6,PB_only,-0.006094,0.2,0.25,0.3,0.6,0.65,0.8,0.9,0.0,0.0,0.0,0.08,0.03
6,PB_FED,-0.006103,0.1,0.2,0.45,0.6,0.7,0.85,0.95,0.0,0.0,0.0,0.08,0.03
6,PB_FED,-0.006107,0.05,0.25,0.4,0.65,0.7,0.85,0.9,0.0,0.0,0.0,0.12,0.03
8,PB_only,-0.006109,0.1,0.25,0.3,0.5,0.65,0.8,0.85,0.0,0.0,0.0,0.08,0.03
8,PB_only,-0.00611,0.2,0.3,0.45,0.6,0.7,0.8,0.85,0.0,0.0,0.0,0.06,0.05
8,PB_only,-0.006111,0.05,0.2,0.3,0.5,0.7,0.8,0.95,0.0,0.0,0.0,0.08,0.03
6,PB_FED,-0.006122,0.15,0.2,0.3,0.5,0.7,0.75,0.85,0.0,0.0,0.0,0.12,0.04
8,PB_FED,-0.006122,0.05,0.3,0.35,0.55,0.75,0.8,0.95,-0.5,0.0,0.0,0.06,0.04
8,PB_FED,-0.006124,0.1,0.25,0.35,0.65,0.7,0.8,0.95,0.5,0.0,0.0,0.06,0.04
8,PE_only,-0.006125,0.15,0.3,0.45,0.65,0.75,0.8,0.95,0.0,0.0,0.0,0.1,0.03
6,PB_FED,-0.006129,0.15,0.3,0.45,0.7,0.7,0.8,0.95,0.0,0.0,0.0,0.12,0.04
8,PB_FED,-0.006131,0.15,0.25,0.4,0.7,0.7,0.8,0.95,0.5,0.0,0.0,0.1,0.05
8,PB_FED,-0.006133,0.15,0.25,0.45,0.7,0.7,0.8,0.85,0.5,0.0,0.0,0.12,0.04
8,PE_FED,-0.006138,0.15,0.3,0.45,0.6,0.65,0.75,0.95,-0.5,0.0,0.0,0.08,0.05
8,PB_FED,-0.00614,0.1,0.15,0.3,0.5,0.75,0.8,0.85,0.5,0.0,0.0,0.1,0.03
8,PE_FED,-0.006142,0.05,0.2,0.3,0.55,0.75,0.85,0.95,-0.5,0.0,0.0,0.12,0.04
8,PE_PB_FED,-0.00615,0.05,0.15,0.35,0.65,0.7,0.8,0.9,0.0,0.65,0.75,0.08,0.03
6,PB_only,-0.006153,0.05,0.15,0.35,0.55,0.75,0.8,0.85,0.0,0.0,0.0,0.08,0.04
8,PE_FED,-0.006154,0.05,0.25,0.45,0.6,0.7,0.85,0.95,-0.5,0.0,0.0,0.08,0.04
6,PB_only,-0.006155,0.1,0.2,0.3,0.55,0.65,0.8,0.85,0.0,0.0,0.0,0.12,0.04
6,PB_only,-0.006155,0.1,0.2,0.3,0.55,0.65,0.8,0.85,0.0,0.0,0.0,0.06,0.04
8,PB_FED,-0.006155,0.2,0.25,0.45,0.65,0.65,0.75,0.9,0.5,0.0,0.0,0.12,0.04
8,PB_FED,-0.006157,0.15,0.3,0.45,0.5,0.65,0.75,0.85,0.0,0.0,0.0,0.08,0.05
8,PB_only,-0.00616,0.05,0.25,0.3,0.5,0.7,0.75,0.9,0.0,0.0,0.0,0.06,0.05
8,PB_only,-0.00616,0.05,0.25,0.35,0.55,0.75,0.8,0.9,0.0,0.0,0.0,0.12,0.05
8,PB_FED,-0.006162,0.1,0.25,0.45,0.55,0.65,0.85,0.95,-0.5,0.0,0.0,0.1,0.04
8,PE_FED,-0.006167,0.05,0.25,0.35,0.7,0.7,0.8,0.85,-0.5,0.0,0.0,0.08,0.03
8,PB_only,-0.006173,0.1,0.3,0.35,0.55,0.65,0.8,0.85,0.0,0.0,0.0,0.06,0.03
8,PB_FED,-0.006174,0.2,0.25,0.4,0.5,0.75,0.8,0.9,-0.5,0.0,0.0,0.06,0.03
6,PB_FED,-0.006177,0.15,0.25,0.4,0.6,0.7,0.8,0.95,0.0,0.0,0.0,0.12,0.03
8,PB_only,-0.006177,0.2,0.25,0.4,0.55,0.7,0.85,0.9,0.0,0.0,0.0,0.1,0.03
6,PB_FED,-0.006184,0.2,0.25,0.3,0.6,0.75,0.85,0.9,-0.5,0.0,0.0,0.12,0.03
8,PE_PB_FED,-0.006184,0.05,0.15,0.35,0.65,0.65,0.75,0.95,-0.5,0.6,0.7,0.1,0.05
8,PE_only,-0.006185,0.15,0.3,0.4,0.7,0.7,0.75,0.9,0.0,0.0,0.0,0.12,0.04
6,PB_FED,-0.006191,0.1,0.3,0.45,0.65,0.7,0.75,0.9,0.0,0.0,0.0,0.06,0.03
8,PB_only,-0.006194,0.1,0.2,0.35,0.55,0.7,0.85,0.95,0.0,0.0,0.0,0.08,0.04
6,PB_only,-0.006196,0.2,0.25,0.3,0.6,0.65,0.75,0.95,0.0,0.0,0.0,0.1,0.05
8,PB_FED,-0.006197,0.2,0.25,0.4,0.7,0.7,0.8,0.85,0.5,0.0,0.0,0.08,0.04
8,PB_only,-0.006199,0.1,0.15,0.35,0.5,0.65,0.8,0.95,0.0,0.0,0.0,0.08,0.03
8,PB_only,-0.006201,0.2,0.25,0.4,0.6,0.65,0.85,0.95,0.0,0.0,0.0,0.06,0.04
8,PE_only,-0.006206,0.05,0.2,0.4,0.65,0.65,0.75,0.9,0.0,0.0,0.0,0.1,0.03
8,PB_FED,-0.006209,0.1,0.2,0.3,0.6,0.65,0.8,0.85,0.5,0.0,0.0,0.1,0.05
8,PE_only,-0.006211,0.15,0.2,0.45,0.6,0.7,0.75,0.95,0.0,0.0,0.0,0.1,0.04
6,PE_only,-0.006212,0.05,0.15,0.3,0.7,0.7,0.85,0.95,0.0,0.0,0.0,0.1,0.04
6,PB_FED,-0.006212,0.1,0.25,0.4,0.65,0.7,0.8,0.85,0.0,0.0,0.0,0.12,0.05
6,PB_FED,-0.006218,0.05,0.25,0.4,0.7,0.65,0.85,0.95,0.0,0.0,0.0,0.06,0.05
8,PB_FED,-0.006226,0.15,0.25,0.45,0.5,0.7,0.85,0.95,0.0,0.0,0.0,0.06,0.04
8,PE_only,-0.006227,0.15,0.25,0.35,0.6,0.65,0.8,0.95,0.0,0.0,0.0,0.1,0.03
6,PB_only,-0.006232,0.1,0.15,0.45,0.6,0.75,0.8,0.9,0.0,0.0,0.0,0.1,0.04
6,PB_FED,-0.006232,0.1,0.25,0.45,0.65,0.65,0.8,0.9,0.0,0.0,0.0,0.1,0.05
8,PB_only,-0.006235,0.05,0.15,0.3,0.5,0.65,0.8,0.95,0.0,0.0,0.0,0.08,0.04
6,PB_FED,-0.006237,0.15,0.3,0.35,0.65,0.65,0.8,0.95,0.0,0.0,0.0,0.1,0.03
6,PB_FED,-0.006244,0.15,0.25,0.4,0.65,0.75,0.85,0.95,0.0,0.0,0.0,0.08,0.05
8,PE_FED,-0.006251,0.05,0.25,0.3,0.55,0.7,0.75,0.9,0.0,0.0,0.0,0.08,0.04
8,PE_only,-0.006252,0.05,0.2,0.3,0.6,0.75,0.85,0.95,0.0,0.0,0.0,0.1,0.03
6,PB_only,-0.006257,0.15,0.2,0.4,0.6,0.7,0.8,0.9,0.0,0.0,0.0,0.08,0.04
8,PE_only,-0.006257,0.15,0.2,0.3,0.6,0.65,0.85,0.95,0.0,0.0,0.0,0.12,0.03
8,PE_only,-0.006257,0.15,0.2,0.3,0.6,0.75,0.85,0.95,0.0,0.0,0.0,0.12,0.03
8,PE_FED,-0.006259,0.05,0.25,0.35,0.5,0.75,0.8,0.95,0.0,0.0,0.0,0.06,0.03
8,PB_only,-0.00626,0.15,0.25,0.3,0.5,0.7,0.75,0.85,0.0,0.0,0.0,0.08,0.05
8,PB_only,-0.006261,0.05,0.25,0.45,0.55,0.7,0.75,0.85,0.0,0.0,0.0,0.08,0.05
8,PB_FED,-0.006261,0.05,0.3,0.35,0.5,0.65,0.75,0.9,-0.5,0.0,0.0,0.08,0.04
6,PB_FED,-0.006266,0.05,0.2,0.45,0.55,0.65,0.75,0.85,-0.5,0.0,0.0,0.1,0.03
8,PE_only,-0.006267,0.2,0.3,0.35,0.65,0.65,0.75,0.95,0.0,0.0,0.0,0.08,0.03
8,PE_FED,-0.006269,0.1,0.25,0.35,0.7,0.65,0.8,0.85,-0.5,0.0,0.0,0.08,0.03
8,PE_PB_FED,-0.006269,0.05,0.15,0.35,0.65,0.65,0.8,0.9,0.0,0.65,0.8,0.08,0.04
8,PB_FED,-0.006269,0.05,0.3,0.35,0.5,0.65,0.8,0.95,0.0,0.0,0.0,0.06,0.03
8,PE_FED,-0.00627,0.15,0.3,0.35,0.7,0.75,0.85,0.9,0.0,0.0,0.0,0.08,0.04
8,PE_PB_FED,-0.006272,0.1,0.25,0.35,0.7,0.65,0.8,0.95,-0.5,0.65,0.75,0.06,0.04
8,PE_FED,-0.006276,0.2,0.25,0.3,0.6,0.65,0.75,0.9,0.0,0.0,0.0,0.12,0.05
8,PE_PB_FED,-0.006284,0.1,0.25,0.3,0.7,0.7,0.8,0.95,0.0,0.6,0.8,0.12,0.04
8,PE_FED,-0.006286,0.2,0.3,0.35,0.7,0.7,0.85,0.9,-0.5,0.0,0.0,0.08,0.04
8,PB_only,-0.006288,0.15,0.25,0.4,0.55,0.75,0.8,0.9,0.0,0.0,0.0,0.12,0.05
8,PE_only,-0.006289,0.15,0.2,0.3,0.65,0.7,0.75,0.9,0.0,0.0,0.0,0.12,0.05
8,PB_only,-0.00629,0.1,0.2,0.45,0.55,0.7,0.8,0.9,0.0,0.0,0.0,0.12,0.05
6,PB_FED,-0.006291,0.15,0.25,0.3,0.6,0.65,0.8,0.95,0.0,0.0,0.0,0.1,0.04
8,PB_only,-0.006291,0.15,0.2,0.45,0.5,0.65,0.75,0.85,0.0,0.0,0.0,0.06,0.04
8,PB_only,-0.006295,0.15,0.3,0.4,0.55,0.65,0.8,0.85,0.0,0.0,0.0,0.06,0.04
8,PE_only,-0.006305,0.05,0.25,0.35,0.6,0.7,0.8,0.95,0.0,0.0,0.0,0.1,0.03
8,PE_only,-0.006306,0.15,0.25,0.35,0.7,0.7,0.8,0.9,0.0,0.0,0.0,0.1,0.05
8,PE_FED,-0.006307,0.05,0.15,0.45,0.6,0.65,0.75,0.85,0.0,0.0,0.0,0.06,0.05
8,PB_only,-0.006308,0.1,0.2,0.35,0.5,0.65,0.75,0.85,0.0,0.0,0.0,0.1,0.05
8,PE_PB_FED,-0.00631,0.15,0.25,0.35,0.6,0.65,0.8,0.95,0.0,0.65,0.8,0.12,0.04
8,PB_FED,-0.006311,0.05,0.25,0.35,0.7,0.65,0.8,0.9,0.5,0.0,0.0,0.06,0.05
8,PE_FED,-0.006317,0.05,0.25,0.4,0.6,0.75,0.8,0.9,0.0,0.0,0.0,0.06,0.03
8,PE_FED,-0.006318,0.15,0.25,0.3,0.65,0.75,0.85,0.9,0.0,0.0,0.0,0.06,0.03
8,PE_only,-0.00632,0.05,0.2,0.3,0.6,0.65,0.85,0.95,0.0,0.0,0.0,0.06,0.04
8,PE_only,-0.006325,0.05,0.15,0.45,0.65,0.65,0.8,0.9,0.0,0.0,0.0,0.06,0.03
8,PE_FED,-0.006326,0.15,0.25,0.4,0.55,0.7,0.75,0.95,-0.5,0.0,0.0,0.12,0.04
8,PE_FED,-0.006326,0.15,0.25,0.4,0.55,0.65,0.75,0.95,-0.5,0.0,0.0,0.06,0.04
6,PB_only,-0.006327,0.15,0.25,0.35,0.6,0.65,0.75,0.85,0.0,0.0,0.0,0.12,0.05
8,PE_FED,-0.006327,0.05,0.25,0.45,0.7,0.65,0.85,0.9,0.0,0.0,0.0,0.12,0.04
8,PB_FED,-0.006327,0.1,0.25,0.35,0.65,0.7,0.8,0.9,0.5,0.0,0.0,0.12,0.05
8,PB_FED,-0.006332,0.2,0.25,0.45,0.7,0.75,0.8,0.9,0.5,0.0,0.0,0.12,0.03
8,PE_only,-0.006334,0.1,0.25,0.3,0.7,0.75,0.8,0.9,0.0,0.0,0.0,0.1,0.05
8,PE_FED,-0.006335,0.15,0.2,0.45,0.6,0.75,0.8,0.9,0.0,0.0,0.0,0.06,0.05
6,PB_FED,-0.006338,0.05,0.15,0.35,0.5,0.65,0.75,0.9,0.0,0.0,0.0,0.12,0.04
8,PB_only,-0.006339,0.05,0.25,0.35,0.5,0.7,0.75,0.9,0.0,0.0,0.0,0.06,0.04
8,PB_only,-0.006339,0.05,0.25,0.35,0.55,0.7,0.85,0.95,0.0,0.0,0.0,0.06,0.03
8,PB_only,-0.00634,0.1,0.25,0.3,0.55,0.65,0.85,0.95,0.0,0.0,0.0,0.08,0.05
8,PE_only,-0.006341,0.05,0.25,0.3,0.6,0.65,0.75,0.95,0.0,0.0,0.0,0.06,0.04
8,PE_only,-0.006344,0.1,0.3,0.4,0.65,0.65,0.8,0.95,0.0,0.0,0.0,0.1,0.05
8,PB_only,-0.006346,0.05,0.15,0.45,0.5,0.65,0.8,0.85,0.0,0.0,0.0,0.1,0.04
8,PE_only,-0.006351,0.2,0.25,0.45,0.7,0.7,0.75,0.9,0.0,0.0,0.0,0.08,0.04
8,PE_only,-0.006352,0.1,0.15,0.45,0.65,0.7,0.8,0.9,0.0,0.0,0.0,0.06,0.04
6,PE_only,-0.006353,0.15,0.2,0.3,0.7,0.7,0.75,0.95,0.0,0.0,0.0,0.08,0.03
8,PE_only,-0.006353,0.05,0.3,0.35,0.7,0.7,0.75,0.9,0.0,0.0,0.0,0.12,0.04
6,PB_FED,-0.006357,0.1,0.3,0.35,0.7,0.75,0.85,0.9,0.0,0.0,0.0,0.1,0.05
8,PE_only,-0.006361,0.05,0.25,0.45,0.7,0.75,0.8,0.9,0.0,0.0,0.0,0.08,0.04
8,PE_only,-0.006361,0.05,0.25,0.45,0.7,0.7,0.8,0.9,0.0,0.0,0.0,0.1,0.04
8,PE_only,-0.006361,0.05,0.25,0.45,0.7,0.7,0.8,0.9,0.0,0.0,0.0,0.06,0.04
8,PE_only,-0.006368,0.1,0.15,0.45,0.7,0.7,0.85,0.9,0.0,0.0,0.0,0.06,0.05
8,PB_only,-0.006369,0.1,0.2,0.3,0.5,0.65,0.8,0.85,0.0,0.0,0.0,0.06,0.05
8,PE_only,-0.00637,0.1,0.15,0.3,0.6,0.65,0.75,0.9,0.0,0.0,0.0,0.12,0.04
8,PE_FED,-0.00637,0.15,0.2,0.4,0.65,0.7,0.8,0.85,0.0,0.0,0.0,0.06,0.03
6,PB_only,-0.006372,0.15,0.2,0.35,0.6,0.75,0.8,0.9,0.0,0.0,0.0,0.1,0.05
6,PB_FED,-0.006373,0.15,0.25,0.45,0.6,0.65,0.8,0.85,-0.5,0.0,0.0,0.08,0.03
8,PE_only,-0.006376,0.2,0.25,0.35,0.65,0.7,0.85,0.95,0.0,0.0,0.0,0.06,0.04
8,PE_only,-0.00638,0.15,0.2,0.4,0.7,0.7,0.75,0.85,0.0,0.0,0.0,0.1,0.05
8,PB_FED,-0.006383,0.1,0.15,0.45,0.65,0.7,0.85,0.95,0.5,0.0,0.0,0.12,0.04
6,PB_only,-0.006386,0.05,0.2,0.3,0.55,0.7,0.75,0.9,0.0,0.0,0.0,0.12,0.03
8,PE_PB_FED,-0.006388,0.05,0.15,0.35,0.7,0.65,0.75,0.95,0.0,0.5,0.75,0.06,0.04
8,PE_FED,-0.006392,0.05,0.2,0.45,0.65,0.7,0.75,0.85,0.0,0.0,0.0,0.12,0.05
8,PE_only,-0.006396,0.15,0.25,0.4,0.6,0.75,0.8,0.95,0.0,0.0,0.0,0.08,0.03
8,PE_only,-0.006396,0.15,0.25,0.4,0.6,0.65,0.8,0.95,0.0,0.0,0.0,0.08,0.03
8,PE_PB_FED,-0.006396,0.1,0.15,0.35,0.55,0.7,0.85,0.95,0.0,0.65,0.8,0.08,0.05
8,PE_FED,-0.006397,0.05,0.2,0.45,0.6,0.65,0.75,0.9,-0.5,0.0,0.0,0.12,0.03
8,PE_FED,-0.006399,0.1,0.25,0.45,0.6,0.65,0.75,0.9,0.0,0.0,0.0,0.1,0.05
8,PB_only,-0.0064,0.05,0.3,0.35,0.55,0.7,0.8,0.85,0.0,0.0,0.0,0.06,0.04
8,PE_only,-0.006404,0.05,0.2,0.45,0.6,0.75,0.8,0.95,0.0,0.0,0.0,0.1,0.04
8,PE_only,-0.006404,0.2,0.3,0.4,0.65,0.7,0.75,0.95,0.0,0.0,0.0,0.1,0.03
8,PE_FED,-0.006409,0.1,0.25,0.3,0.5,0.65,0.8,0.95,0.0,0.0,0.0,0.1,0.05
8,PB_only,-0.006421,0.15,0.2,0.45,0.5,0.7,0.75,0.9,0.0,0.0,0.0,0.1,0.04
8,PB_only,-0.006421,0.15,0.2,0.45,0.5,0.7,0.75,0.9,0.0,0.0,0.0,0.08,0.04
8,PB_FED,-0.006422,0.15,0.25,0.4,0.5,0.7,0.8,0.9,-0.5,0.0,0.0,0.06,0.05
8,PE_only,-0.006424,0.1,0.2,0.3,0.7,0.75,0.85,0.9,0.0,0.0,0.0,0.08,0.05
6,PE_only,-0.006426,0.1,0.15,0.35,0.7,0.65,0.75,0.95,0.0,0.0,0.0,0.1,0.05
6,PB_FED,-0.006426,0.05,0.25,0.45,0.65,0.75,0.85,0.95,-0.5,0.0,0.0,0.1,0.05
8,PB_only,-0.006426,0.1,0.2,0.35,0.5,0.7,0.85,0.9,0.0,0.0,0.0,0.06,0.03
8,PB_only,-0.006433,0.2,0.25,0.35,0.55,0.65,0.8,0.85,0.0,0.0,0.0,0.08,0.05
8,PB_FED,-0.006435,0.15,0.25,0.35,0.7,0.7,0.85,0.95,0.5,0.0,0.0,0.08,0.04
8,PB_only,-0.006437,0.1,0.2,0.4,0.5,0.75,0.8,0.9,0.0,0.0,0.0,0.08,0.03
8,PB_only,-0.006443,0.15,0.25,0.3,0.5,0.75,0.85,0.9,0.0,0.0,0.0,0.1,0.03
6,PB_only,-0.006444,0.1,0.25,0.3,0.6,0.65,0.8,0.9,0.0,0.0,0.0,0.1,0.05
8,PE_FED,-0.006446,0.05,0.2,0.35,0.65,0.65,0.8,0.85,-0.5,0.0,0.0,0.08,0.04
6,PE_only,-0.006448,0.1,0.15,0.3,0.7,0.75,0.85,0.95,0.0,0.0,0.0,0.08,0.03
6,PB_FED,-0.006452,0.15,0.2,0.35,0.55,0.7,0.8,0.85,-0.5,0.0,0.0,0.06,0.04
8,PB_FED,-0.006453,0.15,0.2,0.35,0.55,0.7,0.75,0.85,0.5,0.0,0.0,0.12,0.04
6,PB_FED,-0.006454,0.05,0.25,0.4,0.6,0.7,0.75,0.85,0.0,0.0,0.0,0.08,0.03
8,PE_FED,-0.006455,0.05,0.3,0.45,0.55,0.75,0.8,0.95,0.0,0.0,0.0,0.08,0.03
8,PB_only,-0.006456,0.05,0.3,0.4,0.6,0.75,0.85,0.9,0.0,0.0,0.0,0.08,0.05
8,PB_only,-0.006459,0.1,0.25,0.3,0.5,0.7,0.85,0.9,0.0,0.0,0.0,0.08,0.03
8,PB_only,-0.006459,0.1,0.25,0.3,0.5,0.75,0.85,0.9,0.0,0.0,0.0,0.08,0.03
8,PE_FED,-0.006461,0.05,0.15,0.3,0.55,0.7,0.75,0.85,0.0,0.0,0.0,0.12,0.04
8,PE_only,-0.006464,0.05,0.2,0.35,0.65,0.7,0.8,0.9,0.0,0.0,0.0,0.1,0.04
8,PB_only,-0.006468,0.2,0.3,0.45,0.6,0.75,0.8,0.9,0.0,0.0,0.0,0.12,0.05
8,PB_only,-0.006469,0.1,0.15,0.35,0.5,0.75,0.85,0.9,0.0,0.0,0.0,0.12,0.04
8,PE_only,-0.006471,0.05,0.2,0.3,0.6,0.75,0.85,0.95,0.0,0.0,0.0,0.12,0.05
8,PE_PB_FED,-0.006472,0.1,0.25,0.35,0.65,0.65,0.8,0.95,0.0,0.6,0.75,0.06,0.03
6,PB_only,-0.006473,0.05,0.25,0.35,0.6,0.65,0.8,0.85,0.0,0.0,0.0,0.1,0.04
8,PE_only,-0.006476,0.05,0.25,0.3,0.6,0.75,0.8,0.95,0.0,0.0,0.0,0.06,0.04
8,PB_FED,-0.006477,0.05,0.3,0.4,0.5,0.7,0.8,0.85,0.0,0.0,0.0,0.1,0.03
8,PB_FED,-0.006481,0.2,0.25,0.3,0.65,0.65,0.8,0.95,0.5,0.0,0.0,0.08,0.05
8,PE_only,-0.006483,0.15,0.3,0.45,0.65,0.65,0.8,0.95,0.0,0.0,0.0,0.1,0.04
6,PB_only,-0.006485,0.05,0.15,0.35,0.6,0.75,0.8,0.85,0.0,0.0,0.0,0.06,0.05
6,PB_only,-0.006486,0.15,0.25,0.3,0.6,0.75,0.8,0.9,0.0,0.0,0.0,0.1,0.05
8,PE_only,-0.006488,0.15,0.2,0.3,0.6,0.75,0.85,0.95,0.0,0.0,0.0,0.06,0.05
8,PE_only,-0.006488,0.15,0.2,0.3,0.6,0.7,0.85,0.95,0.0,0.0,0.0,0.1,0.05
8,PB_only,-0.006499,0.2,0.25,0.45,0.55,0.7,0.75,0.9,0.0,0.0,0.0,0.06,0.05
8,PB_only,-0.0065,0.05,0.25,0.35,0.55,0.75,0.8,0.95,0.0,0.0,0.0,0.06,0.04
6,PB_only,-0.006502,0.15,0.25,0.4,0.6,0.7,0.75,0.95,0.0,0.0,0.0,0.08,0.04
8,PE_only,-0.006502,0.2,0.3,0.45,0.7,0.65,0.85,0.95,0.0,0.0,0.0,0.06,0.04
8,PB_FED,-0.006502,0.1,0.3,0.45,0.5,0.7,0.8,0.9,0.0,0.0,0.0,0.1,0.04
8,PE_only,-0.006507,0.2,0.25,0.4,0.65,0.7,0.85,0.95,0.0,0.0,0.0,0.12,0.03
6,PB_FED,-0.006508,0.1,0.25,0.35,0.6,0.75,0.8,0.85,0.0,0.0,0.0,0.12,0.04
6,PB_only,-0.006511,0.05,0.25,0.35,0.6,0.75,0.8,0.85,0.0,0.0,0.0,0.08,0.04
8,PB_FED,-0.006511,0.15,0.2,0.3,0.6,0.7,0.85,0.9,0.5,0.0,0.0,0.06,0.04
6,PB_only,-0.006514,0.1,0.2,0.3,0.55,0.7,0.8,0.9,0.0,0.0,0.0,0.12,0.04
8,PE_only,-0.006521,0.15,0.2,0.35,0.65,0.7,0.75,0.9,0.0,0.0,0.0,0.1,0.05
6,PB_FED,-0.006527,0.1,0.15,0.3,0.5,0.75,0.8,0.9,0.0,0.0,0.0,0.06,0.04
8,PE_only,-0.006528,0.15,0.2,0.35,0.7,0.65,0.75,0.85,0.0,0.0,0.0,0.06,0.04
8,PE_only,-0.006528,0.15,0.2,0.35,0.6,0.7,0.85,0.95,0.0,0.0,0.0,0.08,0.03
8,PE_only,-0.006528,0.1,0.15,0.4,0.55,0.75,0.8,0.95,0.0,0.0,0.0,0.1,0.03
8,PE_PB_FED,-0.006529,0.1,0.15,0.3,0.7,0.75,0.8,0.9,0.0,0.6,0.7,0.12,0.03
8,PB_FED,-0.006532,0.1,0.2,0.4,0.65,0.75,0.85,0.9,0.5,0.0,0.0,0.08,0.04
8,PE_PB_FED,-0.006533,0.05,0.15,0.3,0.55,0.7,0.75,0.95,-0.5,0.65,0.7,0.12,0.05
8,PB_only,-0.006534,0.1,0.3,0.4,0.55,0.7,0.8,0.85,0.0,0.0,0.0,0.1,0.04
8,PE_only,-0.006535,0.05,0.2,0.35,0.65,0.65,0.75,0.9,0.0,0.0,0.0,0.1,0.05
8,PB_FED,-0.006541,0.05,0.25,0.35,0.65,0.7,0.85,0.95,0.5,0.0,0.0,0.06,0.03
6,PB_only,-0.006552,0.05,0.15,0.3,0.55,0.7,0.8,0.95,0.0,0.0,0.0,0.12,0.04
8,PE_FED,-0.006554,0.1,0.2,0.4,0.6,0.65,0.85,0.9,0.0,0.0,0.0,0.1,0.04
8,PB_only,-0.006558,0.15,0.2,0.45,0.55,0.75,0.8,0.95,0.0,0.0,0.0,0.06,0.05
6,PB_FED,-0.006565,0.1,0.15,0.35,0.55,0.7,0.8,0.85,-0.5,0.0,0.0,0.08,0.05
8,PE_only,-0.006566,0.15,0.2,0.4,0.7,0.7,0.85,0.9,0.0,0.0,0.0,0.1,0.05
8,PE_FED,-0.006566,0.1,0.3,0.45,0.65,0.65,0.75,0.9,-0.5,0.0,0.0,0.1,0.04
8,PE_FED,-0.006567,0.05,0.25,0.35,0.55,0.7,0.75,0.9,0.0,0.0,0.0,0.12,0.04
8,PE_only,-0.006568,0.1,0.15,0.3,0.55,0.65,0.8,0.95,0.0,0.0,0.0,0.06,0.05
8,PE_only,-0.006573,0.2,0.3,0.35,0.65,0.65,0.75,0.95,0.0,0.0,0.0,0.08,0.04
8,PB_FED,-0.006573,0.2,0.25,0.45,0.5,0.65,0.75,0.95,-0.5,0.0,0.0,0.12,0.05
6,PB_FED,-0.006574,0.2,0.25,0.35,0.6,0.65,0.8,0.9,-0.5,0.0,0.0,0.08,0.04
8,PB_only,-0.006574,0.05,0.2,0.3,0.5,0.65,0.8,0.9,0.0,0.0,0.0,0.12,0.05
8,PB_only,-0.00658,0.15,0.2,0.4,0.5,0.7,0.75,0.95,0.0,0.0,0.0,0.12,0.05
6,PB_FED,-0.006581,0.05,0.15,0.4,0.5,0.7,0.75,0.9,0.0,0.0,0.0,0.08,0.03
8,PB_FED,-0.006581,0.2,0.25,0.45,0.5,0.75,0.85,0.9,0.0,0.0,0.0,0.06,0.04
8,PB_only,-0.006585,0.15,0.2,0.4,0.55,0.7,0.85,0.95,0.0,0.0,0.0,0.1,0.04
8,PB_FED,-0.006587,0.1,0.25,0.4,0.65,0.75,0.8,0.95,0.5,0.0,0.0,0.1,0.04
6,PB_only,-0.006588,0.2,0.25,0.3,0.6,0.65,0.8,0.9,0.0,0.0,0.0,0.06,0.04
8,PE_only,-0.00659,0.15,0.2,0.4,0.65,0.7,0.8,0.9,0.0,0.0,0.0,0.12,0.04
6,PB_only,-0.006591,0.05,0.2,0.35,0.55,0.65,0.85,0.9,0.0,0.0,0.0,0.06,0.03
8,PE_only,-0.006595,0.1,0.15,0.3,0.6,0.7,0.75,0.9,0.0,0.0,0.0,0.12,0.03
8,PE_only,-0.006595,0.1,0.15,0.3,0.6,0.65,0.75,0.9,0.0,0.0,0.0,0.06,0.03
8,PB_only,-0.006599,0.1,0.25,0.35,0.55,0.65,0.85,0.95,0.0,0.0,0.0,0.06,0.03
8,PE_only,-0.006602,0.05,0.2,0.35,0.65,0.65,0.8,0.9,0.0,0.0,0.0,0.06,0.03
8,PB_only,-0.006602,0.2,0.3,0.45,0.6,0.75,0.85,0.95,0.0,0.0,0.0,0.06,0.03
6,PB_only,-0.006606,0.05,0.25,0.4,0.6,0.65,0.75,0.9,0.0,0.0,0.0,0.08,0.05
8,PB_only,-0.006606,0.2,0.3,0.4,0.6,0.75,0.85,0.9,0.0,0.0,0.0,0.12,0.05
8,PB_only,-0.006607,0.1,0.15,0.4,0.5,0.7,0.8,0.85,0.0,0.0,0.0,0.1,0.05
8,PE_only,-0.006608,0.1,0.25,0.4,0.6,0.7,0.8,0.95,0.0,0.0,0.0,0.08,0.03
8,PB_FED,-0.006608,0.1,0.25,0.4,0.7,0.7,0.8,0.85,0.5,0.0,0.0,0.06,0.05
6,PB_FED,-0.006609,0.05,0.2,0.4,0.55,0.65,0.75,0.95,-0.5,0.0,0.0,0.12,0.03
6,PE_only,-0.00661,0.05,0.15,0.4,0.7,0.75,0.85,0.95,0.0,0.0,0.0,0.1,0.04
6,PB_only,-0.006611,0.1,0.15,0.45,0.6,0.65,0.85,0.9,0.0,0.0,0.0,0.12,0.03
8,PB_FED,-0.006616,0.15,0.2,0.45,0.55,0.65,0.75,0.9,0.5,0.0,0.0,0.06,0.03
8,PE_FED,-0.006622,0.2,0.3,0.4,0.6,0.7,0.8,0.95,-0.5,0.0,0.0,0.1,0.05
6,PB_FED,-0.006623,0.2,0.3,0.45,0.65,0.7,0.75,0.9,0.0,0.0,0.0,0.08,0.05
6,PB_only,-0.00663,0.05,0.2,0.45,0.6,0.65,0.75,0.95,0.0,0.0,0.0,0.12,0.03
8,PE_only,-0.006631,0.1,0.25,0.3,0.6,0.65,0.75,0.95,0.0,0.0,0.0,0.06,0.05
8,PE_PB,-0.006631,0.05,0.15,0.35,0.65,0.75,0.8,0.95,0.0,0.65,0.0,0.06,0.03
8,PE_FED,-0.006636,0.05,0.3,0.4,0.65,0.7,0.8,0.9,0.0,0.0,0.0,0.08,0.03
6,PB_FED,-0.006637,0.1,0.2,0.35,0.55,0.7,0.85,0.9,-0.5,0.0,0.0,0.08,0.03
6,PB_only,-0.006641,0.05,0.25,0.3,0.6,0.7,0.8,0.85,0.0,0.0,0.0,0.08,0.05
8,PE_FED,-0.006647,0.15,0.3,0.35,0.65,0.65,0.8,0.9,0.0,0.0,0.0,0.08,0.05
8,PB_only,-0.006647,0.2,0.25,0.4,0.55,0.65,0.75,0.95,0.0,0.0,0.0,0.06,0.04
8,PB_only,-0.006652,0.2,0.3,0.35,0.6,0.75,0.85,0.95,0.0,0.0,0.0,0.1,0.05
8,PB_FED,-0.006653,0.15,0.25,0.3,0.6,0.7,0.8,0.95,0.5,0.0,0.0,0.12,0.04
8,PB_only,-0.006662,0.1,0.3,0.4,0.55,0.7,0.8,0.85,0.0,0.0,0.0,0.1,0.03
8,PE_only,-0.006664,0.05,0.25,0.3,0.65,0.65,0.75,0.9,0.0,0.0,0.0,0.1,0.04
6,PB_only,-0.006669,0.15,0.3,0.35,0.6,0.7,0.75,0.85,0.0,0.0,0.0,0.08,0.03
6,PE_only,-0.006672,0.05,0.2,0.35,0.7,0.75,0.8,0.95,0.0,0.0,0.0,0.06,0.03
8,PB_FED,-0.006672,0.05,0.15,0.45,0.5,0.75,0.85,0.95,-0.5,0.0,0.0,0.1,0.04
6,PB_FED,-0.006677,0.2,0.3,0.4,0.7,0.7,0.85,0.95,0.0,0.0,0.0,0.1,0.04
8,PE_FED,-0.006678,0.15,0.3,0.45,0.7,0.65,0.85,0.9,-0.5,0.0,0.0,0.06,0.04
6,PB_FED,-0.006681,0.1,0.2,0.4,0.55,0.75,0.8,0.85,-0.5,0.0,0.0,0.12,0.03
8,PB_only,-0.006681,0.1,0.2,0.45,0.55,0.65,0.8,0.95,0.0,0.0,0.0,0.12,0.05
8,PB_only,-0.006682,0.05,0.15,0.35,0.5,0.75,0.8,0.95,0.0,0.0,0.0,0.1,0.04
8,PB_FED,-0.006683,0.2,0.25,0.4,0.6,0.65,0.75,0.95,0.5,0.0,0.0,0.1,0.05
8,PB_FED,-0.006687,0.05,0.25,0.4,0.7,0.75,0.8,0.95,0.5,0.0,0.0,0.12,0.05
8,PB_FED,-0.006687,0.05,0.25,0.4,0.7,0.75,0.8,0.95,0.5,0.0,0.0,0.1,0.05
6,PE_only,-0.006688,0.05,0.2,0.3,0.7,0.7,0.75,0.95,0.0,0.0,0.0,0.1,0.04
8,PB_only,-0.006692,0.15,0.25,0.35,0.55,0.65,0.8,0.95,0.0,0.0,0.0,0.1,0.04
6,PB_FED,-0.006694,0.05,0.2,0.4,0.55,0.75,0.8,0.95,0.0,0.0,0.0,0.1,0.03
6,PB_FED,-0.006695,0.1,0.25,0.3,0.55,0.65,0.8,0.85,-0.5,0.0,0.0,0.12,0.03
8,PE_FED,-0.006696,0.2,0.25,0.3,0.55,0.65,0.8,0.95,-0.5,0.0,0.0,0.06,0.03
8,PE_PB,-0.006699,0.1,0.15,0.3,0.65,0.75,0.8,0.95,0.0,0.65,0.0,0.08,0.03
8,PB_only,-0.0067,0.1,0.2,0.3,0.5,0.65,0.85,0.9,0.0,0.0,0.0,0.08,0.04
8,PB_FED,-0.006704,0.05,0.15,0.45,0.6,0.65,0.8,0.85,0.5,0.0,0.0,0.06,0.04
8,PB_FED,-0.006708,0.1,0.3,0.4,0.5,0.65,0.8,0.9,-0.5,0.0,0.0,0.06,0.03
6,PB_FED,-0.006711,0.2,0.3,0.4,0.7,0.65,0.85,0.95,0.0,0.0,0.0,0.12,0.03
6,PB_FED,-0.006711,0.2,0.3,0.4,0.7,0.65,0.85,0.95,0.0,0.0,0.0,0.1,0.03
8,PE_only,-0.006711,0.15,0.2,0.4,0.6,0.7,0.85,0.95,0.0,0.0,0.0,0.12,0.03
8,PE_only,-0.006712,0.1,0.2,0.35,0.6,0.65,0.85,0.95,0.0,0.0,0.0,0.06,0.03
8,PE_PB_FED,-0.006715,0.1,0.15,0.3,0.65,0.7,0.75,0.95,0.0,0.5,0.8,0.12,0.04
8,PE_FED,-0.006717,0.1,0.2,0.4,0.65,0.65,0.8,0.85,-0.5,0.0,0.0,0.06,0.05
8,PE_PB_FED,-0.006718,0.15,0.2,0.35,0.6,0.65,0.75,0.95,-0.5,0.65,0.8,0.12,0.04
6,PB_only,-0.006719,0.15,0.2,0.35,0.55,0.65,0.75,0.85,0.0,0.0,0.0,0.06,0.03
6,PB_FED,-0.006721,0.1,0.25,0.45,0.6,0.65,0.8,0.9,-0.5,0.0,0.0,0.06,0.03
8,PE_only,-0.006721,0.15,0.2,0.4,0.7,0.7,0.8,0.85,0.0,0.0,0.0,0.06,0.05
6,PE_only,-0.006723,0.05,0.15,0.4,0.7,0.75,0.85,0.95,0.0,0.0,0.0,0.12,0.05
8,PE_FED,-0.006728,0.2,0.3,0.35,0.65,0.75,0.8,0.9,0.0,0.0,0.0,0.06,0.04
8,PE_only,-0.006733,0.1,0.25,0.35,0.6,0.65,0.75,0.95,0.0,0.0,0.0,0.08,0.04
8,PE_FED,-0.006735,0.15,0.25,0.4,0.55,0.75,0.8,0.95,-0.5,0.0,0.0,0.06,0.05
8,PE_FED,-0.006736,0.15,0.2,0.45,0.65,0.65,0.8,0.85,0.0,0.0,0.0,0.1,0.04
8,PB_FED,-0.006737,0.1,0.3,0.45,0.7,0.7,0.75,0.9,0.5,0.0,0.0,0.12,0.05
6,PE_only,-0.006738,0.1,0.2,0.3,0.7,0.65,0.8,0.95,0.0,0.0,0.0,0.12,0.03
6,PB_FED,-0.006738,0.2,0.3,0.35,0.65,0.7,0.85,0.95,-0.5,0.0,0.0,0.06,0.05
8,PB_only,-0.006738,0.05,0.2,0.45,0.55,0.7,0.85,0.95,0.0,0.0,0.0,0.06,0.03
6,PB_only,-0.006743,0.1,0.2,0.35,0.55,0.75,0.8,0.9,0.0,0.0,0.0,0.12,0.03
8,PB_FED,-0.006743,0.15,0.3,0.35,0.5,0.7,0.85,0.95,0.0,0.0,0.0,0.08,0.04
8,PE_only,-0.006744,0.1,0.15,0.35,0.55,0.75,0.8,0.95,0.0,0.0,0.0,0.1,0.04
8,PB_only,-0.006744,0.1,0.2,0.3,0.5,0.7,0.85,0.9,0.0,0.0,0.0,0.1,0.04
8,PE_only,-0.006745,0.15,0.3,0.4,0.7,0.65,0.75,0.9,0.0,0.0,0.0,0.06,0.04
6,PB_only,-0.006752,0.1,0.2,0.35,0.6,0.65,0.8,0.95,0.0,0.0,0.0,0.12,0.05
6,PB_FED,-0.006755,0.05,0.2,0.45,0.55,0.7,0.75,0.85,0.0,0.0,0.0,0.1,0.04
8,PE_only,-0.006755,0.05,0.2,0.4,0.6,0.75,0.85,0.95,0.0,0.0,0.0,0.12,0.03
8,PB_only,-0.006758,0.05,0.25,0.35,0.55,0.75,0.8,0.85,0.0,0.0,0.0,0.08,0.05
6,PB_only,-0.006769,0.05,0.2,0.45,0.6,0.75,0.8,0.9,0.0,0.0,0.0,0.1,0.03
6,PB_FED,-0.006769,0.1,0.25,0.4,0.55,0.65,0.75,0.85,0.0,0.0,0.0,0.12,0.03
6,PB_FED,-0.006769,0.15,0.3,0.4,0.65,0.7,0.8,0.9,0.0,0.0,0.0,0.1,0.05
8,PB_FED,-0.006769,0.05,0.25,0.3,0.65,0.7,0.85,0.9,0.5,0.0,0.0,0.1,0.04
6,PB_only,-0.006783,0.05,0.2,0.3,0.55,0.75,0.8,0.95,0.0,0.0,0.0,0.1,0.03
8,PB_FED,-0.006783,0.05,0.15,0.45,0.5,0.7,0.85,0.95,-0.5,0.0,0.0,0.12,0.05
8,PE_only,-0.006787,0.1,0.15,0.35,0.65,0.7,0.85,0.9,0.0,0.0,0.0,0.06,0.04
8,PB_only,-0.006788,0.15,0.2,0.45,0.55,0.75,0.8,0.85,0.0,0.0,0.0,0.1,0.05
6,PB_only,-0.006789,0.1,0.2,0.45,0.6,0.65,0.75,0.85,0.0,0.0,0.0,0.12,0.05
8,PE_PB_FED,-0.006795,0.05,0.15,0.3,0.7,0.7,0.8,0.95,-0.5,0.55,0.8,0.06,0.05
6,PB_only,-0.0068,0.1,0.15,0.45,0.6,0.7,0.8,0.85,0.0,0.0,0.0,0.06,0.05
6,PB_FED,-0.006801,0.1,0.3,0.45,0.7,0.75,0.8,0.95,0.0,0.0,0.0,0.06,0.05
8,PE_PB,-0.006803,0.15,0.2,0.3,0.7,0.75,0.8,0.95,0.0,0.65,0.0,0.08,0.03
6,PB_only,-0.006809,0.2,0.25,0.3,0.6,0.7,0.8,0.95,0.0,0.0,0.0,0.12,0.03
8,PE_FED,-0.00681,0.1,0.25,0.4,0.5,0.7,0.8,0.95,0.0,0.0,0.0,0.12,0.04
8,PE_only,-0.006812,0.15,0.25,0.35,0.65,0.65,0.75,0.9,0.0,0.0,0.0,0.12,0.04
8,PE_only,-0.006823,0.15,0.25,0.35,0.6,0.65,0.8,0.95,0.0,0.0,0.0,0.1,0.05
8,PB_only,-0.006823,0.05,0.25,0.3,0.5,0.7,0.8,0.9,0.0,0.0,0.0,0.1,0.04
6,PB_FED,-0.006827,0.2,0.3,0.45,0.65,0.7,0.8,0.9,0.0,0.0,0.0,0.06,0.03
8,PB_only,-0.006833,0.2,0.25,0.3,0.5,0.65,0.8,0.9,0.0,0.0,0.0,0.1,0.03
8,PE_only,-0.006835,0.05,0.15,0.4,0.55,0.75,0.8,0.95,0.0,0.0,0.0,0.08,0.05
8,PE_only,-0.006841,0.15,0.3,0.35,0.7,0.7,0.8,0.9,0.0,0.0,0.0,0.06,0.03
8,PE_PB,-0.006842,0.1,0.15,0.4,0.7,0.65,0.75,0.95,0.0,0.65,0.0,0.12,0.05
6,PB_FED,-0.006845,0.2,0.3,0.4,0.65,0.75,0.8,0.85,0.0,0.0,0.0,0.08,0.04
8,PE_only,-0.006845,0.2,0.3,0.35,0.7,0.7,0.75,0.9,0.0,0.0,0.0,0.1,0.04
8,PE_only,-0.006861,0.05,0.15,0.4,0.6,0.7,0.75,0.9,0.0,0.0,0.0,0.12,0.03
8,PB_only,-0.006861,0.2,0.25,0.35,0.5,0.65,0.75,0.85,0.0,0.0,0.0,0.08,0.04
8,PB_FED,-0.006863,0.05,0.25,0.35,0.65,0.65,0.8,0.95,0.5,0.0,0.0,0.12,0.05
8,PB_only,-0.006864,0.15,0.25,0.45,0.55,0.65,0.8,0.9,0.0,0.0,0.0,0.08,0.05
6,PB_FED,-0.006865,0.05,0.2,0.3,0.55,0.75,0.8,0.95,-0.5,0.0,0.0,0.08,0.05
8,PB_only,-0.006866,0.1,0.15,0.45,0.55,0.65,0.85,0.95,0.0,0.0,0.0,0.08,0.04
8,PB_only,-0.006872,0.1,0.25,0.35,0.5,0.65,0.8,0.85,0.0,0.0,0.0,0.12,0.04
8,PE_FED,-0.006876,0.15,0.2,0.45,0.65,0.65,0.8,0.85,0.0,0.0,0.0,0.08,0.03
8,PB_FED,-0.006884,0.2,0.25,0.3,0.5,0.65,0.85,0.95,-0.5,0.0,0.0,0.06,0.03
8,PB_only,-0.006893,0.2,0.25,0.35,0.55,0.7,0.85,0.95,0.0,0.0,0.0,0.1,0.03
8,PB_only,-0.006893,0.2,0.25,0.35,0.55,0.75,0.85,0.95,0.0,0.0,0.0,0.06,0.03
8,PB_FED,-0.006893,0.05,0.2,0.3,0.5,0.65,0.75,0.85,0.5,0.0,0.0,0.08,0.04
8,PB_only,-0.006894,0.2,0.25,0.3,0.5,0.65,0.75,0.95,0.0,0.0,0.0,0.1,0.03
8,PE_only,-0.006895,0.05,0.25,0.35,0.7,0.65,0.8,0.9,0.0,0.0,0.0,0.1,0.05
6,PE_only,-0.006896,0.05,0.15,0.3,0.65,0.7,0.8,0.95,0.0,0.0,0.0,0.12,0.03
8,PE_only,-0.006896,0.1,0.15,0.35,0.55,0.65,0.8,0.95,0.0,0.0,0.0,0.12,0.05
8,PB_only,-0.006896,0.05,0.3,0.4,0.6,0.7,0.85,0.95,0.0,0.0,0.0,0.08,0.05
8,PE_only,-0.006897,0.1,0.15,0.45,0.7,0.65,0.8,0.85,0.0,0.0,0.0,0.12,0.04
8,PB_FED,-0.0069,0.05,0.2,0.4,0.6,0.75,0.8,0.85,0.5,0.0,0.0,0.08,0.04
8,PB_FED,-0.006904,0.15,0.2,0.4,0.65,0.7,0.85,0.9,0.5,0.0,0.0,0.08,0.05
8,PE_only,-0.006906,0.05,0.25,0.35,0.65,0.7,0.75,0.9,0.0,0.0,0.0,0.12,0.04
6,PB_FED,-0.006907,0.2,0.3,0.35,0.65,0.75,0.8,0.95,0.0,0.0,0.0,0.08,0.04
6,PB_only,-0.006908,0.05,0.25,0.45,0.6,0.65,0.75,0.85,0.0,0.0,0.0,0.06,0.04
8,PE_PB_FED,-0.006913,0.05,0.2,0.45,0.65,0.7,0.8,0.95,0.0,0.6,0.7,0.06,0.04
8,PB_only,-0.00692,0.05,0.15,0.4,0.5,0.7,0.8,0.9,0.0,0.0,0.0,0.08,0.05
8,PE_FED,-0.006923,0.05,0.25,0.45,0.7,0.65,0.8,0.85,-0.5,0.0,0.0,0.08,0.05
8,PE_PB,-0.006924,0.05,0.2,0.35,0.7,0.7,0.75,0.95,0.0,0.65,0.0,0.1,0.03
8,PB_only,-0.006925,0.05,0.3,0.35,0.6,0.65,0.85,0.95,0.0,0.0,0.0,0.06,0.04
8,PE_FED,-0.006926,0.1,0.15,0.35,0.6,0.7,0.85,0.9,-0.5,0.0,0.0,0.12,0.03
6,PB_only,-0.006928,0.1,0.25,0.35,0.6,0.65,0.85,0.9,0.0,0.0,0.0,0.1,0.03
8,PE_only,-0.00693,0.15,0.2,0.4,0.6,0.7,0.85,0.95,0.0,0.0,0.0,0.08,0.05
8,PB_only,-0.006931,0.05,0.2,0.4,0.5,0.7,0.75,0.85,0.0,0.0,0.0,0.08,0.05
8,PB_only,-0.006934,0.15,0.25,0.35,0.5,0.7,0.75,0.95,0.0,0.0,0.0,0.06,0.05
8,PB_only,-0.006935,0.1,0.25,0.4,0.5,0.75,0.8,0.85,0.0,0.0,0.0,0.08,0.03
8,PE_only,-0.006937,0.2,0.25,0.45,0.7,0.75,0.8,0.9,0.0,0.0,0.0,0.08,0.04
8,PB_only,-0.006942,0.15,0.25,0.4,0.55,0.65,0.85,0.9,0.0,0.0,0.0,0.12,0.05
6,PB_only,-0.006945,0.05,0.25,0.45,0.6,0.7,0.75,0.85,0.0,0.0,0.0,0.06,0.04
8,PE_only,-0.006946,0.15,0.25,0.45,0.6,0.7,0.75,0.95,0.0,0.0,0.0,0.08,0.03
6,PB_only,-0.006947,0.05,0.15,0.3,0.55,0.75,0.85,0.9,0.0,0.0,0.0,0.12,0.05
8,PE_FED,-0.006952,0.1,0.25,0.45,0.7,0.65,0.85,0.9,0.0,0.0,0.0,0.1,0.05
8,PE_FED,-0.006954,0.05,0.3,0.45,0.65,0.7,0.75,0.9,0.0,0.0,0.0,0.12,0.05
8,PE_FED,-0.006956,0.1,0.25,0.4,0.65,0.7,0.85,0.9,0.0,0.0,0.0,0.06,0.03
8,PE_FED,-0.006957,0.15,0.2,0.45,0.65,0.7,0.85,0.9,-0.5,0.0,0.0,0.08,0.05
6,PB_only,-0.006958,0.1,0.15,0.4,0.55,0.7,0.8,0.9,0.0,0.0,0.0,0.12,0.04
6,PB_only,-0.006959,0.05,0.25,0.3,0.55,0.75,0.8,0.9,0.0,0.0,0.0,0.12,0.03
8,PE_PB_FED,-0.006969,0.15,0.3,0.35,0.7,0.7,0.75,0.95,0.0,0.6,0.75,0.08,0.03
8,PB_only,-0.006971,0.05,0.3,0.4,0.55,0.65,0.75,0.95,0.0,0.0,0.0,0.08,0.03
8,PE_only,-0.006972,0.15,0.2,0.45,0.7,0.7,0.75,0.85,0.0,0.0,0.0,0.12,0.04
8,PE_only,-0.006977,0.15,0.3,0.4,0.7,0.75,0.8,0.9,0.0,0.0,0.0,0.06,0.03
6,PB_only,-0.006979,0.15,0.25,0.45,0.6,0.65,0.75,0.9,0.0,0.0,0.0,0.08,0.05
6,PB_only,-0.006979,0.15,0.25,0.45,0.6,0.65,0.75,0.9,0.0,0.0,0.0,0.1,0.05
6,PB_only,-0.006979,0.15,0.2,0.35,0.55,0.75,0.8,0.85,0.0,0.0,0.0,0.08,0.04
8,PE_only,-0.006982,0.1,0.2,0.45,0.65,0.65,0.75,0.9,0.0,0.0,0.0,0.1,0.03
8,PB_only,-0.006985,0.05,0.25,0.4,0.55,0.7,0.8,0.95,0.0,0.0,0.0,0.1,0.04
8,PB_only,-0.006985,0.05,0.25,0.4,0.55,0.7,0.8,0.95,0.0,0.0,0.0,0.12,0.04
6,PB_only,-0.006993,0.1,0.2,0.45,0.6,0.75,0.8,0.9,0.0,0.0,0.0,0.08,0.04
8,PB_only,-0.006995,0.15,0.3,0.4,0.55,0.7,0.8,0.9,0.0,0.0,0.0,0.06,0.04
6,PB_FED,-0.006998,0.05,0.2,0.4,0.6,0.7,0.85,0.95,-0.5,0.0,0.0,0.08,0.05
8,PE_only,-0.006999,0.1,0.3,0.45,0.7,0.7,0.75,0.9,0.0,0.0,0.0,0.06,0.04
8,PE_only,-0.007,0.15,0.25,0.45,0.6,0.75,0.8,0.95,0.0,0.0,0.0,0.08,0.03
6,PB_FED,-0.007001,0.1,0.2,0.3,0.55,0.75,0.85,0.9,-0.5,0.0,0.0,0.1,0.05
8,PB_FED,-0.007002,0.1,0.25,0.4,0.7,0.75,0.85,0.9,0.5,0.0,0.0,0.06,0.05
6,PE_only,-0.007004,0.15,0.2,0.35,0.7,0.65,0.8,0.95,0.0,0.0,0.0,0.08,0.04
8,PB_FED,-0.007004,0.05,0.3,0.45,0.7,0.7,0.75,0.95,0.5,0.0,0.0,0.12,0.04
6,PB_only,-0.007005,0.05,0.25,0.4,0.6,0.7,0.75,0.85,0.0,0.0,0.0,0.12,0.05
8,PE_FED,-0.007007,0.1,0.15,0.4,0.55,0.7,0.85,0.9,0.0,0.0,0.0,0.12,0.04
8,PB_only,-0.007007,0.1,0.15,0.45,0.5,0.7,0.8,0.95,0.0,0.0,0.0,0.08,0.03
6,PB_FED,-0.007008,0.15,0.3,0.35,0.65,0.75,0.85,0.9,0.0,0.0,0.0,0.1,0.04
6,PB_FED,-0.007011,0.15,0.3,0.35,0.6,0.7,0.75,0.85,-0.5,0.0,0.0,0.12,0.04
8,PB_only,-0.007012,0.15,0.2,0.45,0.5,0.65,0.75,0.95,0.0,0.0,0.0,0.1,0.03
6,PB_only,-0.007015,0.05,0.25,0.4,0.6,0.7,0.8,0.85,0.0,0.0,0.0,0.08,0.04
6,PB_only,-0.007016,0.1,0.15,0.3,0.6,0.65,0.85,0.95,0.0,0.0,0.0,0.1,0.05
6,PB_only,-0.007019,0.1,0.2,0.3,0.6,0.65,0.85,0.9,0.0,0.0,0.0,0.1,0.04
8,PB_FED,-0.007019,0.2,0.25,0.45,0.5,0.7,0.85,0.95,0.0,0.0,0.0,0.12,0.04
8,PE_only,-0.007022,0.05,0.2,0.35,0.7,0.75,0.8,0.85,0.0,0.0,0.0,0.12,0.03
8,PE_FED,-0.007027,0.2,0.3,0.45,0.6,0.75,0.8,0.95,-0.5,0.0,0.0,0.08,0.04
8,PE_FED,-0.007027,0.2,0.3,0.45,0.6,0.75,0.8,0.95,-0.5,0.0,0.0,0.1,0.04
6,PB_only,-0.007029,0.1,0.25,0.4,0.6,0.75,0.8,0.9,0.0,0.0,0.0,0.12,0.04
6,PB_FED,-0.007031,0.1,0.25,0.35,0.6,0.65,0.85,0.9,-0.5,0.0,0.0,0.12,0.04
8,PE_PB_FED,-0.007034,0.1,0.2,0.3,0.7,0.65,0.8,0.95,-0.5,0.6,0.75,0.06,0.04
8,PE_only,-0.007038,0.1,0.25,0.4,0.6,0.65,0.8,0.95,0.0,0.0,0.0,0.1,0.04
8,PB_FED,-0.007039,0.05,0.25,0.3,0.5,0.7,0.75,0.9,0.5,0.0,0.0,0.08,0.03
8,PB_FED,-0.007042,0.1,0.3,0.4,0.5,0.75,0.8,0.85,-0.5,0.0,0.0,0.06,0.04
6,PB_only,-0.007045,0.05,0.15,0.3,0.6,0.7,0.85,0.95,0.0,0.0,0.0,0.12,0.04
8,PB_FED,-0.007049,0.15,0.2,0.4,0.55,0.65,0.75,0.9,0.5,0.0,0.0,0.12,0.05
6,PB_only,-0.007053,0.15,0.25,0.4,0.6,0.65,0.75,0.95,0.0,0.0,0.0,0.08,0.04
6,PB_FED,-0.007063,0.15,0.25,0.35,0.6,0.65,0.85,0.95,0.0,0.0,0.0,0.1,0.03
8,PE_PB_FED,-0.007067,0.1,0.3,0.4,0.7,0.7,0.75,0.95,-0.5,0.65,0.75,0.06,0.03
8,PE_only,-0.00707,0.15,0.3,0.45,0.7,0.7,0.75,0.9,0.0,0.0,0.0,0.08,0.03
6,PE_only,-0.007071,0.15,0.2,0.3,0.7,0.75,0.85,0.95,0.0,0.0,0.0,0.12,0.04
8,PE_only,-0.007072,0.05,0.2,0.3,0.55,0.75,0.8,0.95,0.0,0.0,0.0,0.12,0.03
8,PE_only,-0.007072,0.05,0.2,0.3,0.55,0.75,0.8,0.95,0.0,0.0,0.0,0.06,0.03
8,PE_FED,-0.007072,0.1,0.3,0.4,0.7,0.75,0.8,0.85,-0.5,0.0,0.0,0.12,0.05
6,PE_only,-0.007076,0.05,0.15,0.3,0.65,0.7,0.75,0.95,0.0,0.0,0.0,0.1,0.04
6,PB_FED,-0.007076,0.05,0.2,0.3,0.55,0.7,0.85,0.95,0.0,0.0,0.0,0.12,0.05
8,PE_only,-0.007076,0.05,0.15,0.45,0.55,0.65,0.8,0.95,0.0,0.0,0.0,0.06,0.03
8,PB_only,-0.007078,0.1,0.3,0.45,0.55,0.65,0.8,0.9,0.0,0.0,0.0,0.1,0.03
6,PE_only,-0.007079,0.15,0.2,0.4,0.7,0.65,0.75,0.95,0.0,0.0,0.0,0.06,0.03
6,PB_only,-0.007079,0.05,0.2,0.4,0.6,0.7,0.8,0.85,0.0,0.0,0.0,0.08,0.05
8,PE_only,-0.00708,0.05,0.3,0.35,0.65,0.7,0.85,0.95,0.0,0.0,0.0,0.12,0.03
8,PE_FED,-0.007084,0.2,0.3,0.45,0.7,0.65,0.8,0.9,-0.5,0.0,0.0,0.1,0.05
6,PB_only,-0.007088,0.05,0.15,0.4,0.55,0.75,0.85,0.9,0.0,0.0,0.0,0.1,0.03
6,PB_only,-0.007088,0.05,0.15,0.4,0.55,0.7,0.85,0.9,0.0,0.0,0.0,0.06,0.03
6,PB_only,-0.007088,0.05,0.15,0.4,0.55,0.75,0.85,0.9,0.0,0.0,0.0,0.08,0.03
6,PB_FED,-0.007089,0.1,0.3,0.45,0.7,0.7,0.85,0.9,0.0,0.0,0.0,0.1,0.04
6,PB_only,-0.00709,0.05,0.2,0.35,0.55,0.75,0.8,0.85,0.0,0.0,0.0,0.08,0.04
6,PB_only,-0.007091,0.15,0.25,0.45,0.6,0.65,0.8,0.9,0.0,0.0,0.0,0.12,0.03
6,PB_only,-0.007094,0.1,0.2,0.3,0.55,0.7,0.8,0.9,0.0,0.0,0.0,0.06,0.05
8,PB_only,-0.007098,0.05,0.15,0.45,0.55,0.65,0.85,0.95,0.0,0.0,0.0,0.06,0.04
6,PE_only,-0.007103,0.1,0.2,0.4,0.7,0.7,0.75,0.95,0.0,0.0,0.0,0.08,0.05
6,PB_FED,-0.007105,0.1,0.2,0.45,0.55,0.7,0.8,0.9,0.0,0.0,0.0,0.06,0.04
6,PB_FED,-0.007106,0.05,0.15,0.45,0.55,0.65,0.75,0.85,0.0,0.0,0.0,0.1,0.05
8,PE_PB,-0.007106,0.1,0.2,0.3,0.7,0.65,0.8,0.95,0.0,0.65,0.0,0.1,0.03
8,PB_only,-0.007106,0.1,0.15,0.4,0.5,0.75,0.8,0.95,0.0,0.0,0.0,0.06,0.04
6,PB_FED,-0.007113,0.05,0.3,0.35,0.6,0.65,0.75,0.9,-0.5,0.0,0.0,0.12,0.03
6,PE_only,-0.007118,0.1,0.15,0.4,0.7,0.65,0.85,0.95,0.0,0.0,0.0,0.08,0.04
6,PB_FED,-0.007124,0.15,0.3,0.45,0.65,0.65,0.85,0.95,-0.5,0.0,0.0,0.12,0.05
8,PB_only,-0.007124,0.2,0.25,0.3,0.55,0.75,0.85,0.95,0.0,0.0,0.0,0.12,0.04
8,PB_FED,-0.007125,0.2,0.25,0.3,0.55,0.7,0.75,0.95,0.5,0.0,0.0,0.1,0.04
8,PB_FED,-0.007127,0.1,0.2,0.35,0.5,0.7,0.75,0.95,0.5,0.0,0.0,0.06,0.05
6,PB_only,-0.007129,0.15,0.25,0.45,0.6,0.7,0.8,0.9,0.0,0.0,0.0,0.1,0.03
8,PB_FED,-0.007129,0.2,0.25,0.45,0.5,0.75,0.8,0.85,-0.5,0.0,0.0,0.08,0.04
8,PE_FED,-0.007144,0.05,0.25,0.3,0.6,0.7,0.75,0.9,-0.5,0.0,0.0,0.1,0.05
8,PE_only,-0.007145,0.05,0.3,0.35,0.7,0.7,0.75,0.9,0.0,0.0,0.0,0.08,0.05
8,PE_PB_FED,-0.007149,0.1,0.15,0.35,0.5,0.7,0.8,0.95,0.0,0.6,0.7,0.12,0.03
6,PB_only,-0.00715,0.15,0.2,0.3,0.55,0.7,0.8,0.9,0.0,0.0,0.0,0.1,0.05
6,PB_only,-0.007151,0.15,0.25,0.45,0.6,0.7,0.75,0.95,0.0,0.0,0.0,0.08,0.04
6,PB_FED,-0.007152,0.1,0.25,0.45,0.6,0.65,0.8,0.85,-0.5,0.0,0.0,0.08,0.04
8,PE_PB_FED,-0.007153,0.05,0.15,0.4,0.5,0.65,0.8,0.95,0.0,0.65,0.75,0.12,0.05
8,PB_only,-0.007154,0.1,0.2,0.45,0.5,0.7,0.8,0.9,0.0,0.0,0.0,0.1,0.03
8,PB_only,-0.007159,0.05,0.2,0.4,0.5,0.75,0.85,0.9,0.0,0.0,0.0,0.1,0.03
6,PE_only,-0.007164,0.1,0.2,0.35,0.7,0.65,0.8,0.95,0.0,0.0,0.0,0.12,0.04
6,PB_only,-0.007165,0.1,0.25,0.3,0.55,0.7,0.75,0.9,0.0,0.0,0.0,0.12,0.03
8,PE_FED,-0.007169,0.1,0.25,0.45,0.65,0.7,0.75,0.85,0.0,0.0,0.0,0.06,0.04
8,PE_only,-0.007171,0.1,0.25,0.4,0.65,0.65,0.75,0.9,0.0,0.0,0.0,0.08,0.04
8,PE_FED,-0.007172,0.05,0.2,0.35,0.6,0.7,0.85,0.9,0.0,0.0,0.0,0.12,0.03
8,PE_only,-0.007173,0.05,0.25,0.45,0.7,0.75,0.8,0.9,0.0,0.0,0.0,0.06,0.05
8,PE_FED,-0.007176,0.2,0.25,0.45,0.7,0.65,0.85,0.9,-0.5,0.0,0.0,0.08,0.03
8,PB_FED,-0.007177,0.1,0.25,0.45,0.5,0.75,0.8,0.95,-0.5,0.0,0.0,0.06,0.04
6,PB_only,-0.007179,0.05,0.2,0.35,0.55,0.65,0.75,0.9,0.0,0.0,0.0,0.1,0.03
8,PE_only,-0.007179,0.1,0.3,0.4,0.65,0.75,0.85,0.95,0.0,0.0,0.0,0.12,0.04
8,PE_only,-0.007179,0.1,0.3,0.4,0.65,0.75,0.85,0.95,0.0,0.0,0.0,0.1,0.04
8,PB_FED,-0.007181,0.15,0.3,0.4,0.5,0.7,0.85,0.95,0.0,0.0,0.0,0.06,0.04
8,PB_FED,-0.007181,0.05,0.3,0.35,0.5,0.75,0.85,0.9,0.0,0.0,0.0,0.06,0.04
6,PB_FED,-0.007182,0.1,0.2,0.35,0.5,0.7,0.75,0.9,-0.5,0.0,0.0,0.12,0.03
6,PB_FED,-0.007185,0.05,0.25,0.3,0.6,0.75,0.85,0.9,0.0,0.0,0.0,0.12,0.04
8,PB_FED,-0.007189,0.05,0.15,0.3,0.55,0.7,0.8,0.85,0.5,0.0,0.0,0.12,0.05
6,PE_only,-0.007195,0.1,0.15,0.35,0.65,0.65,0.8,0.95,0.0,0.0,0.0,0.12,0.03
6,PB_only,-0.007195,0.2,0.25,0.45,0.6,0.65,0.75,0.85,0.0,0.0,0.0,0.12,0.04
6,PB_only,-0.007198,0.05,0.2,0.45,0.6,0.65,0.8,0.9,0.0,0.0,0.0,0.12,0.04
8,PB_only,-0.007199,0.05,0.15,0.4,0.5,0.7,0.85,0.95,0.0,0.0,0.0,0.08,0.03
8,PB_only,-0.0072,0.05,0.15,0.45,0.5,0.75,0.8,0.95,0.0,0.0,0.0,0.12,0.03
8,PB_only,-0.0072,0.05,0.15,0.45,0.5,0.75,0.8,0.95,0.0,0.0,0.0,0.08,0.03
8,PE_FED,-0.007202,0.15,0.3,0.35,0.7,0.7,0.85,0.9,0.0,0.0,0.0,0.06,0.05
8,PE_only,-0.007203,0.05,0.2,0.4,0.7,0.65,0.85,0.9,0.0,0.0,0.0,0.08,0.05
8,PB_only,-0.007203,0.2,0.25,0.45,0.55,0.75,0.8,0.95,0.0,0.0,0.0,0.1,0.03
6,PE_only,-0.007205,0.15,0.2,0.35,0.7,0.65,0.75,0.95,0.0,0.0,0.0,0.12,0.05
6,PB_FED,-0.007209,0.15,0.25,0.3,0.6,0.65,0.85,0.95,0.0,0.0,0.0,0.08,0.04
8,PE_PB_FED,-0.007216,0.1,0.25,0.45,0.65,0.75,0.8,0.95,0.0,0.6,0.75,0.12,0.03
6,PB_FED,-0.007217,0.2,0.3,0.45,0.65,0.65,0.85,0.95,-0.5,0.0,0.0,0.08,0.03
6,PE_only,-0.007218,0.05,0.15,0.35,0.65,0.65,0.75,0.95,0.0,0.0,0.0,0.1,0.03
6,PB_FED,-0.007219,0.05,0.25,0.35,0.6,0.65,0.8,0.9,0.0,0.0,0.0,0.1,0.05
8,PE_only,-0.007219,0.2,0.3,0.45,0.65,0.7,0.75,0.95,0.0,0.0,0.0,0.1,0.04
8,PE_PB_FED,-0.007224,0.05,0.25,0.45,0.7,0.65,0.75,0.95,0.0,0.6,0.75,0.12,0.04
6,PB_FED,-0.007225,0.05,0.25,0.45,0.6,0.7,0.75,0.95,-0.5,0.0,0.0,0.06,0.04
6,PB_only,-0.007227,0.05,0.15,0.3,0.5,0.7,0.75,0.9,0.0,0.0,0.0,0.06,0.04
8,PE_PB_FED,-0.007231,0.1,0.15,0.3,0.65,0.7,0.85,0.95,0.0,0.55,0.8,0.1,0.04
8,PB_FED,-0.007233,0.1,0.25,0.35,0.55,0.65,0.75,0.85,0.5,0.0,0.0,0.06,0.04
6,PB_only,-0.007235,0.05,0.15,0.35,0.55,0.65,0.75,0.9,0.0,0.0,0.0,0.1,0.05
6,PB_FED,-0.007236,0.1,0.3,0.35,0.6,0.7,0.75,0.9,-0.5,0.0,0.0,0.06,0.05
6,PE_only,-0.007237,0.1,0.25,0.3,0.7,0.7,0.8,0.95,0.0,0.0,0.0,0.1,0.03
8,PB_only,-0.007241,0.1,0.2,0.35,0.5,0.65,0.8,0.85,0.0,0.0,0.0,0.06,0.05
8,PE_only,-0.007243,0.1,0.2,0.45,0.7,0.7,0.75,0.85,0.0,0.0,0.0,0.06,0.04
8,PE_FED,-0.007246,0.1,0.2,0.3,0.55,0.7,0.75,0.9,-0.5,0.0,0.0,0.1,0.04
6,PB_only,-0.007247,0.15,0.2,0.35,0.55,0.65,0.8,0.9,0.0,0.0,0.0,0.08,0.04
8,PB_FED,-0.007251,0.1,0.2,0.45,0.55,0.65,0.75,0.9,0.5,0.0,0.0,0.1,0.04
6,PB_only,-0.007252,0.05,0.25,0.4,0.6,0.7,0.8,0.85,0.0,0.0,0.0,0.06,0.03
6,PB_FED,-0.007255,0.2,0.25,0.35,0.55,0.7,0.75,0.95,0.0,0.0,0.0,0.12,0.05
6,PE_only,-0.007258,0.1,0.15,0.35,0.65,0.65,0.75,0.95,0.0,0.0,0.0,0.1,0.03
6,PB_only,-0.007259,0.1,0.15,0.3,0.5,0.7,0.75,0.95,0.0,0.0,0.0,0.12,0.03
8,PE_PB_FED,-0.007259,0.15,0.25,0.4,0.7,0.65,0.8,0.95,0.0,0.55,0.7,0.12,0.03
6,PB_FED,-0.00726,0.1,0.15,0.4,0.55,0.7,0.85,0.9,0.0,0.0,0.0,0.06,0.05
8,PE_FED,-0.007263,0.15,0.2,0.3,0.5,0.65,0.75,0.9,0.0,0.0,0.0,0.1,0.03
6,PE_only,-0.007264,0.1,0.15,0.45,0.7,0.75,0.85,0.95,0.0,0.0,0.0,0.1,0.04
8,PE_PB_FED,-0.007266,0.1,0.15,0.4,0.65,0.7,0.85,0.95,0.0,0.55,0.7,0.08,0.03
8,PE_only,-0.007268,0.1,0.15,0.3,0.6,0.7,0.8,0.9,0.0,0.0,0.0,0.06,0.03
6,PB_only,-0.00727,0.15,0.2,0.4,0.55,0.7,0.8,0.9,0.0,0.0,0.0,0.1,0.03
8,PE_FED,-0.007275,0.05,0.15,0.3,0.5,0.75,0.85,0.95,-0.5,0.0,0.0,0.12,0.04
6,PB_FED,-0.007276,0.1,0.25,0.3,0.55,0.7,0.75,0.85,0.0,0.0,0.0,0.12,0.05
6,PB_FED,-0.007276,0.15,0.2,0.3,0.5,0.65,0.75,0.85,-0.5,0.0,0.0,0.1,0.04
8,PE_FED,-0.007278,0.1,0.2,0.45,0.6,0.7,0.75,0.85,0.0,0.0,0.0,0.06,0.04
8,PE_only,-0.007279,0.05,0.2,0.3,0.55,0.7,0.75,0.95,0.0,0.0,0.0,0.08,0.04
8,PB_only,-0.007281,0.1,0.25,0.4,0.5,0.65,0.75,0.9,0.0,0.0,0.0,0.1,0.05
8,PB_only,-0.007281,0.1,0.25,0.35,0.5,0.7,0.85,0.9,0.0,0.0,0.0,0.06,0.03
8,PE_only,-0.007283,0.05,0.15,0.3,0.65,0.65,0.8,0.85,0.0,0.0,0.0,0.06,0.03
6,PB_FED,-0.007286,0.2,0.3,0.4,0.65,0.75,0.8,0.95,0.0,0.0,0.0,0.06,0.04
6,PB_only,-0.00729,0.1,0.25,0.35,0.55,0.65,0.85,0.9,0.0,0.0,0.0,0.12,0.03
8,PB_FED,-0.00729,0.1,0.25,0.4,0.6,0.7,0.8,0.85,0.5,0.0,0.0,0.08,0.04
6,PE_only,-0.007291,0.05,0.15,0.45,0.7,0.7,0.85,0.95,0.0,0.0,0.0,0.12,0.04
8,PE_PB_FED,-0.007293,0.1,0.15,0.3,0.7,0.65,0.75,0.9,0.0,0.55,0.7,0.12,0.04
6,PB_FED,-0.007296,0.1,0.25,0.4,0.6,0.7,0.8,0.85,0.0,0.0,0.0,0.12,0.03
8,PE_only,-0.007297,0.15,0.25,0.3,0.7,0.75,0.85,0.9,0.0,0.0,0.0,0.1,0.05
8,PE_only,-0.007298,0.1,0.15,0.3,0.65,0.65,0.8,0.85,0.0,0.0,0.0,0.08,0.04
8,PB_only,-0.007299,0.15,0.25,0.45,0.55,0.75,0.8,0.95,0.0,0.0,0.0,0.1,0.05
6,PB_FED,-0.007307,0.05,0.25,0.45,0.6,0.7,0.75,0.9,0.0,0.0,0.0,0.12,0.05
8,PE_only,-0.007307,0.05,0.15,0.35,0.6,0.7,0.8,0.9,0.0,0.0,0.0,0.12,0.03
8,PE_PB_FED,-0.007309,0.15,0.2,0.45,0.6,0.75,0.8,0.95,0.0,0.6,0.8,0.12,0.04
8,PE_only,-0.00731,0.1,0.25,0.35,0.65,0.65,0.75,0.9,0.0,0.0,0.0,0.06,0.03
8,PE_PB_FED,-0.007316,0.1,0.15,0.3,0.65,0.65,0.85,0.95,-0.5,0.6,0.8,0.12,0.03
8,PB_only,-0.007316,0.15,0.25,0.4,0.5,0.75,0.8,0.85,0.0,0.0,0.0,0.12,0.04
8,PB_FED,-0.007316,0.2,0.3,0.4,0.5,0.65,0.8,0.85,0.0,0.0,0.0,0.08,0.05
6,PB_FED,-0.00732,0.1,0.15,0.45,0.55,0.65,0.8,0.95,-0.5,0.0,0.0,0.08,0.03
8,PE_FED,-0.00732,0.15,0.2,0.45,0.55,0.65,0.85,0.95,-0.5,0.0,0.0,0.06,0.04
8,PE_PB_FED,-0.007329,0.05,0.15,0.45,0.7,0.7,0.8,0.9,0.0,0.65,0.7,0.12,0.05
8,PB_only,-0.007331,0.05,0.25,0.35,0.55,0.75,0.85,0.95,0.0,0.0,0.0,0.06,0.05
8,PB_only,-0.007331,0.05,0.25,0.35,0.55,0.7,0.85,0.95,0.0,0.0,0.0,0.12,0.05
6,PB_FED,-0.007332,0.05,0.25,0.4,0.6,0.65,0.8,0.9,0.0,0.0,0.0,0.08,0.04
8,PE_FED,-0.007336,0.15,0.3,0.4,0.6,0.65,0.8,0.9,0.0,0.0,0.0,0.06,0.04
8,PE_FED,-0.007337,0.05,0.15,0.4,0.55,0.7,0.8,0.9,-0.5,0.0,0.0,0.1,0.03
6,PB_only,-0.007341,0.1,0.15,0.45,0.6,0.75,0.85,0.9,0.0,0.0,0.0,0.12,0.03
6,PB_only,-0.007349,0.05,0.25,0.3,0.55,0.7,0.8,0.85,0.0,0.0,0.0,0.08,0.03
8,PE_only,-0.00735,0.1,0.3,0.4,0.7,0.65,0.75,0.9,0.0,0.0,0.0,0.12,0.03
8,PE_FED,-0.007353,0.05,0.25,0.3,0.65,0.7,0.75,0.85,-0.5,0.0,0.0,0.08,0.03
8,PB_only,-0.007355,0.15,0.2,0.3,0.5,0.75,0.85,0.9,0.0,0.0,0.0,0.1,0.05
6,PB_FED,-0.007357,0.15,0.25,0.3,0.55,0.75,0.8,0.95,-0.5,0.0,0.0,0.08,0.03
8,PE_FED,-0.007363,0.15,0.2,0.35,0.6,0.75,0.8,0.85,0.0,0.0,0.0,0.08,0.03
6,PB_only,-0.007364,0.1,0.15,0.3,0.55,0.75,0.85,0.95,0.0,0.0,0.0,0.12,0.05
6,PB_only,-0.007364,0.1,0.15,0.3,0.55,0.65,0.85,0.95,0.0,0.0,0.0,0.08,0.05
6,PB_only,-0.007365,0.1,0.15,0.35,0.55,0.7,0.8,0.95,0.0,0.0,0.0,0.08,0.05
8,PB_only,-0.007365,0.05,0.3,0.4,0.6,0.65,0.85,0.95,0.0,0.0,0.0,0.12,0.04
6,PB_only,-0.007369,0.05,0.2,0.35,0.55,0.65,0.8,0.9,0.0,0.0,0.0,0.06,0.04
6,PB_FED,-0.007369,0.2,0.3,0.45,0.65,0.75,0.8,0.85,0.0,0.0,0.0,0.12,0.04
8,PE_FED,-0.007371,0.05,0.3,0.4,0.7,0.65,0.75,0.85,-0.5,0.0,0.0,0.12,0.05
6,PB_only,-0.007375,0.1,0.3,0.4,0.6,0.7,0.75,0.9,0.0,0.0,0.0,0.06,0.04
8,PE_FED,-0.007379,0.2,0.25,0.3,0.55,0.7,0.8,0.95,-0.5,0.0,0.0,0.12,0.05
6,PB_only,-0.007383,0.1,0.15,0.4,0.6,0.75,0.85,0.95,0.0,0.0,0.0,0.1,0.03
8,PE_FED,-0.007384,0.05,0.25,0.3,0.55,0.65,0.8,0.9,0.0,0.0,0.0,0.08,0.03
6,PB_only,-0.007392,0.15,0.2,0.35,0.55,0.7,0.75,0.85,0.0,0.0,0.0,0.08,0.03
8,PB_only,-0.007397,0.1,0.2,0.35,0.5,0.75,0.8,0.9,0.0,0.0,0.0,0.12,0.05
6,PB_FED,-0.007398,0.15,0.2,0.35,0.5,0.65,0.8,0.85,0.0,0.0,0.0,0.12,0.03
8,PE_only,-0.0074,0.1,0.2,0.35,0.55,0.7,0.75,0.95,0.0,0.0,0.0,0.08,0.03
6,PB_only,-0.007401,0.05,0.15,0.3,0.55,0.75,0.85,0.95,0.0,0.0,0.0,0.08,0.05
6,PE_only,-0.007402,0.15,0.25,0.35,0.7,0.7,0.75,0.95,0.0,0.0,0.0,0.12,0.03
8,PE_PB_FED,-0.007406,0.2,0.25,0.45,0.65,0.75,0.8,0.95,0.0,0.65,0.75,0.08,0.04
8,PE_FED,-0.007414,0.05,0.2,0.45,0.55,0.7,0.85,0.95,-0.5,0.0,0.0,0.08,0.03
8,PB_FED,-0.007417,0.1,0.2,0.4,0.55,0.7,0.8,0.95,0.5,0.0,0.0,0.08,0.03
6,PB_FED,-0.007421,0.15,0.2,0.3,0.55,0.75,0.85,0.95,-0.5,0.0,0.0,0.08,0.05
8,PE_only,-0.007428,0.05,0.3,0.35,0.7,0.65,0.8,0.9,0.0,0.0,0.0,0.06,0.04
8,PE_PB_FED,-0.007429,0.1,0.15,0.3,0.55,0.65,0.8,0.95,0.0,0.5,0.7,0.08,0.03
6,PB_only,-0.00743,0.15,0.3,0.35,0.6,0.65,0.8,0.9,0.0,0.0,0.0,0.08,0.03
6,PB_only,-0.00743,0.1,0.15,0.3,0.5,0.7,0.75,0.85,0.0,0.0,0.0,0.06,0.04
8,PB_FED,-0.00743,0.1,0.25,0.45,0.65,0.65,0.8,0.95,0.5,0.0,0.0,0.06,0.05
6,PB_FED,-0.007432,0.1,0.15,0.45,0.55,0.7,0.8,0.9,-0.5,0.0,0.0,0.06,0.05
8,PE_only,-0.007432,0.05,0.3,0.45,0.7,0.7,0.75,0.9,0.0,0.0,0.0,0.08,0.03
8,PB_only,-0.007432,0.15,0.25,0.3,0.5,0.7,0.8,0.9,0.0,0.0,0.0,0.06,0.05
6,PB_FED,-0.007433,0.15,0.2,0.4,0.55,0.75,0.8,0.9,-0.5,0.0,0.0,0.1,0.05
8,PE_FED,-0.007435,0.05,0.15,0.3,0.5,0.65,0.85,0.95,-0.5,0.0,0.0,0.06,0.05
8,PE_PB_FED,-0.007438,0.05,0.25,0.4,0.6,0.75,0.8,0.95,0.0,0.6,0.7,0.12,0.03
6,PB_only,-0.007445,0.05,0.25,0.4,0.6,0.75,0.8,0.95,0.0,0.0,0.0,0.12,0.03
6,PB_only,-0.00745,0.05,0.15,0.35,0.55,0.7,0.8,0.95,0.0,0.0,0.0,0.06,0.05
8,PE_only,-0.007451,0.15,0.25,0.3,0.7,0.75,0.8,0.85,0.0,0.0,0.0,0.06,0.05
6,PB_only,-0.007452,0.15,0.2,0.3,0.55,0.7,0.85,0.9,0.0,0.0,0.0,0.12,0.04
8,PE_PB_FED,-0.007455,0.05,0.25,0.3,0.55,0.65,0.8,0.95,0.0,0.65,0.7,0.08,0.04
6,PB_only,-0.007457,0.15,0.2,0.4,0.55,0.65,0.8,0.85,0.0,0.0,0.0,0.1,0.04
6,PB_only,-0.007462,0.1,0.2,0.3,0.55,0.7,0.75,0.95,0.0,0.0,0.0,0.1,0.04
8,PE_PB,-0.007466,0.1,0.2,0.4,0.7,0.65,0.8,0.95,0.0,0.65,0.0,0.06,0.03
8,PE_only,-0.00747,0.15,0.25,0.3,0.7,0.75,0.8,0.85,0.0,0.0,0.0,0.08,0.04
8,PE_FED,-0.00747,0.05,0.25,0.3,0.55,0.75,0.85,0.95,-0.5,0.0,0.0,0.08,0.03
6,PB_only,-0.007472,0.05,0.15,0.4,0.55,0.65,0.75,0.85,0.0,0.0,0.0,0.08,0.04
6,PB_only,-0.007472,0.05,0.25,0.45,0.6,0.65,0.8,0.9,0.0,0.0,0.0,0.08,0.03
8,PE_FED,-0.007476,0.2,0.25,0.35,0.55,0.7,0.8,0.95,-0.5,0.0,0.0,0.1,0.04
8,PE_only,-0.00748,0.05,0.2,0.45,0.6,0.75,0.85,0.95,0.0,0.0,0.0,0.1,0.03
6,PB_only,-0.007487,0.1,0.15,0.4,0.55,0.65,0.8,0.9,0.0,0.0,0.0,0.08,0.05
8,PE_only,-0.007491,0.2,0.25,0.35,0.6,0.65,0.75,0.95,0.0,0.0,0.0,0.08,0.04
8,PE_only,-0.007491,0.2,0.25,0.35,0.6,0.7,0.75,0.95,0.0,0.0,0.0,0.08,0.04
8,PE_PB,-0.007493,0.05,0.2,0.3,0.7,0.7,0.8,0.95,0.0,0.65,0.0,0.06,0.05
8,PB_FED,-0.007493,0.05,0.15,0.35,0.55,0.75,0.8,0.95,0.5,0.0,0.0,0.12,0.05
8,PB_FED,-0.007497,0.05,0.3,0.4,0.65,0.7,0.75,0.85,0.5,0.0,0.0,0.12,0.04
8,PB_only,-0.007498,0.05,0.3,0.45,0.6,0.7,0.85,0.95,0.0,0.0,0.0,0.08,0.05
8,PE_FED,-0.007501,0.1,0.15,0.3,0.55,0.7,0.8,0.85,0.0,0.0,0.0,0.12,0.05
8,PB_FED,-0.007502,0.2,0.3,0.35,0.5,0.65,0.8,0.85,-0.5,0.0,0.0,0.1,0.04
8,PB_only,-0.007504,0.1,0.3,0.45,0.55,0.65,0.85,0.9,0.0,0.0,0.0,0.06,0.03
6,PB_FED,-0.007505,0.05,0.2,0.3,0.5,0.65,0.75,0.85,0.0,0.0,0.0,0.1,0.05
8,PE_PB_FED,-0.007506,0.15,0.25,0.35,0.7,0.7,0.75,0.95,-0.5,0.6,0.75,0.1,0.03
6,PE_only,-0.007511,0.1,0.2,0.4,0.7,0.65,0.75,0.95,0.0,0.0,0.0,0.12,0.05
6,PB_FED,-0.007511,0.15,0.25,0.4,0.6,0.65,0.85,0.95,0.0,0.0,0.0,0.08,0.03
8,PE_only,-0.007511,0.05,0.15,0.45,0.55,0.75,0.8,0.95,0.0,0.0,0.0,0.1,0.04
8,PE_only,-0.007511,0.05,0.15,0.45,0.55,0.7,0.8,0.95,0.0,0.0,0.0,0.06,0.04
8,PE_FED,-0.007511,0.1,0.15,0.35,0.6,0.7,0.8,0.85,-0.5,0.0,0.0,0.12,0.03
8,PE_FED,-0.007511,0.1,0.15,0.35,0.6,0.75,0.8,0.85,-0.5,0.0,0.0,0.06,0.03
8,PE_FED,-0.007512,0.15,0.2,0.35,0.6,0.65,0.85,0.9,-0.5,0.0,0.0,0.12,0.04
8,PE_FED,-0.007515,0.15,0.25,0.45,0.5,0.7,0.8,0.95,0.0,0.0,0.0,0.06,0.05
6,PB_only,-0.007524,0.1,0.25,0.3,0.55,0.7,0.8,0.95,0.0,0.0,0.0,0.06,0.03
8,PE_only,-0.007524,0.05,0.15,0.4,0.65,0.65,0.8,0.85,0.0,0.0,0.0,0.12,0.04
8,PE_FED,-0.007525,0.05,0.2,0.4,0.6,0.65,0.85,0.9,0.0,0.0,0.0,0.12,0.03
8,PE_only,-0.007526,0.05,0.15,0.4,0.6,0.7,0.8,0.9,0.0,0.0,0.0,0.12,0.03
8,PE_PB_FED,-0.007528,0.1,0.25,0.3,0.6,0.65,0.8,0.95,-0.5,0.65,0.7,0.1,0.03
6,PE_only,-0.007531,0.1,0.25,0.3,0.7,0.7,0.75,0.95,0.0,0.0,0.0,0.1,0.04
6,PB_only,-0.007536,0.1,0.3,0.45,0.6,0.65,0.75,0.9,0.0,0.0,0.0,0.06,0.03
8,PB_FED,-0.007538,0.1,0.25,0.45,0.5,0.7,0.85,0.9,-0.5,0.0,0.0,0.1,0.04
8,PE_PB_FED,-0.00754,0.05,0.2,0.35,0.55,0.7,0.75,0.95,0.0,0.55,0.8,0.1,0.03
8,PE_FED,-0.007541,0.2,0.25,0.4,0.65,0.7,0.85,0.9,-0.5,0.0,0.0,0.06,0.04
8,PE_FED,-0.007544,0.05,0.25,0.4,0.65,0.75,0.85,0.9,-0.5,0.0,0.0,0.06,0.03
8,PE_FED,-0.007548,0.05,0.3,0.4,0.7,0.7,0.75,0.85,0.0,0.0,0.0,0.1,0.04
6,PE_only,-0.007551,0.1,0.15,0.4,0.65,0.65,0.8,0.95,0.0,0.0,0.0,0.12,0.04
8,PB_only,-0.007551,0.05,0.15,0.35,0.5,0.7,0.85,0.95,0.0,0.0,0.0,0.08,0.04
8,PE_only,-0.007553,0.2,0.3,0.4,0.7,0.75,0.8,0.9,0.0,0.0,0.0,0.12,0.04
8,PB_FED,-0.007553,0.2,0.3,0.45,0.5,0.7,0.8,0.95,0.0,0.0,0.0,0.12,0.04
8,PE_only,-0.007554,0.05,0.25,0.3,0.65,0.65,0.8,0.9,0.0,0.0,0.0,0.12,0.03
8,PE_only,-0.007556,0.2,0.25,0.3,0.6,0.7,0.8,0.95,0.0,0.0,0.0,0.06,0.05
6,PE_only,-0.007557,0.05,0.2,0.4,0.7,0.65,0.75,0.95,0.0,0.0,0.0,0.12,0.05
6,PB_only,-0.007558,0.1,0.2,0.35,0.55,0.7,0.75,0.9,0.0,0.0,0.0,0.1,0.04
6,PB_only,-0.007561,0.05,0.15,0.4,0.6,0.65,0.85,0.9,0.0,0.0,0.0,0.08,0.04
6,PB_FED,-0.007561,0.05,0.15,0.3,0.5,0.65,0.75,0.85,-0.5,0.0,0.0,0.12,0.05
8,PE_only,-0.007563,0.1,0.2,0.45,0.7,0.75,0.8,0.85,0.0,0.0,0.0,0.06,0.05
8,PE_only,-0.007565,0.15,0.3,0.35,0.6,0.65,0.75,0.95,0.0,0.0,0.0,0.1,0.03
8,PB_FED,-0.007565,0.2,0.3,0.35,0.65,0.7,0.8,0.9,0.5,0.0,0.0,0.08,0.03
8,PB_FED,-0.007565,0.2,0.3,0.35,0.65,0.75,0.8,0.9,0.5,0.0,0.0,0.06,0.03
6,PB_FED,-0.007568,0.15,0.25,0.35,0.55,0.75,0.8,0.9,0.0,0.0,0.0,0.1,0.04
8,PE_only,-0.007569,0.1,0.2,0.45,0.65,0.75,0.8,0.9,0.0,0.0,0.0,0.12,0.03
6,PB_only,-0.007573,0.05,0.15,0.45,0.55,0.65,0.8,0.85,0.0,0.0,0.0,0.08,0.04
8,PE_PB,-0.007573,0.05,0.15,0.35,0.7,0.65,0.85,0.95,0.0,0.65,0.0,0.06,0.05
6,PB_only,-0.007581,0.05,0.15,0.3,0.5,0.65,0.8,0.85,0.0,0.0,0.0,0.06,0.03
6,PB_only,-0.007581,0.05,0.2,0.3,0.55,0.75,0.8,0.95,0.0,0.0,0.0,0.08,0.05
8,PB_only,-0.007587,0.1,0.15,0.4,0.5,0.7,0.85,0.9,0.0,0.0,0.0,0.08,0.05
6,PB_only,-0.007588,0.05,0.2,0.3,0.6,0.65,0.85,0.9,0.0,0.0,0.0,0.06,0.05
6,PB_FED,-0.007591,0.15,0.2,0.45,0.55,0.7,0.75,0.85,-0.5,0.0,0.0,0.08,0.05
8,PB_FED,-0.007595,0.15,0.2,0.45,0.5,0.7,0.75,0.95,0.5,0.0,0.0,0.1,0.03
6,PB_only,-0.007596,0.1,0.15,0.45,0.6,0.75,0.8,0.85,0.0,0.0,0.0,0.08,0.05
8,PB_only,-0.007596,0.05,0.3,0.45,0.55,0.65,0.75,0.95,0.0,0.0,0.0,0.08,0.03
8,PB_only,-0.007597,0.2,0.25,0.35,0.5,0.65,0.75,0.95,0.0,0.0,0.0,0.06,0.03
6,PE_only,-0.0076,0.05,0.25,0.3,0.7,0.7,0.75,0.95,0.0,0.0,0.0,0.1,0.04
6,PE_only,-0.007603,0.05,0.25,0.3,0.7,0.75,0.8,0.95,0.0,0.0,0.0,0.1,0.05
8,PB_FED,-0.007608,0.05,0.3,0.35,0.5,0.75,0.85,0.95,0.0,0.0,0.0,0.12,0.04
8,PE_FED,-0.007614,0.05,0.25,0.45,0.55,0.75,0.8,0.95,-0.5,0.0,0.0,0.08,0.05
8,PE_FED,-0.007614,0.05,0.25,0.45,0.55,0.65,0.8,0.95,-0.5,0.0,0.0,0.06,0.05
8,PE_FED,-0.007617,0.05,0.25,0.45,0.55,0.65,0.75,0.9,0.0,0.0,0.0,0.1,0.03
6,PB_only,-0.007618,0.05,0.25,0.35,0.55,0.65,0.75,0.85,0.0,0.0,0.0,0.1,0.03
8,PE_FED,-0.007619,0.15,0.2,0.45,0.5,0.65,0.85,0.95,0.0,0.0,0.0,0.06,0.03
8,PE_only,-0.00762,0.15,0.3,0.45,0.65,0.75,0.85,0.95,0.0,0.0,0.0,0.12,0.05
8,PB_FED,-0.007621,0.05,0.15,0.35,0.55,0.7,0.8,0.9,0.5,0.0,0.0,0.12,0.05
8,PE_FED,-0.007622,0.05,0.2,0.3,0.5,0.65,0.8,0.95,-0.5,0.0,0.0,0.12,0.05
8,PE_FED,-0.007624,0.1,0.15,0.4,0.5,0.75,0.8,0.9,0.0,0.0,0.0,0.08,0.04
6,PB_FED,-0.007632,0.05,0.25,0.3,0.55,0.65,0.8,0.9,0.0,0.0,0.0,0.06,0.04
8,PB_only,-0.007633,0.1,0.3,0.4,0.5,0.7,0.75,0.85,0.0,0.0,0.0,0.1,0.03
8,PB_only,-0.007638,0.15,0.25,0.35,0.5,0.75,0.8,0.95,0.0,0.0,0.0,0.1,0.03
8,PB_only,-0.007638,0.15,0.25,0.35,0.5,0.75,0.8,0.95,0.0,0.0,0.0,0.12,0.03
8,PB_only,-0.007643,0.05,0.15,0.35,0.5,0.7,0.85,0.95,0.0,0.0,0.0,0.08,0.05
8,PB_FED,-0.007643,0.2,0.25,0.4,0.6,0.75,0.8,0.95,0.5,0.0,0.0,0.12,0.03
8,PB_only,-0.007644,0.2,0.25,0.35,0.5,0.65,0.75,0.9,0.0,0.0,0.0,0.1,0.05
8,PE_only,-0.007647,0.15,0.25,0.35,0.7,0.75,0.8,0.85,0.0,0.0,0.0,0.08,0.05
6,PE_only,-0.007651,0.1,0.15,0.4,0.65,0.65,0.75,0.95,0.0,0.0,0.0,0.1,0.05
8,PB_FED,-0.007653,0.1,0.3,0.35,0.5,0.75,0.85,0.95,-0.5,0.0,0.0,0.1,0.03
6,PB_only,-0.007656,0.05,0.2,0.35,0.55,0.7,0.75,0.95,0.0,0.0,0.0,0.06,0.03
8,PB_only,-0.007656,0.1,0.25,0.3,0.5,0.75,0.85,0.9,0.0,0.0,0.0,0.08,0.04
6,PB_only,-0.007663,0.1,0.25,0.4,0.6,0.65,0.8,0.85,0.0,0.0,0.0,0.08,0.05
8,PE_only,-0.007665,0.1,0.2,0.45,0.6,0.75,0.85,0.95,0.0,0.0,0.0,0.12,0.04
8,PE_only,-0.007669,0.1,0.25,0.3,0.65,0.75,0.8,0.9,0.0,0.0,0.0,0.1,0.03
8,PE_only,-0.007671,0.15,0.2,0.3,0.6,0.65,0.75,0.9,0.0,0.0,0.0,0.08,0.03
6,PB_FED,-0.007677,0.1,0.2,0.45,0.55,0.7,0.8,0.95,0.0,0.0,0.0,0.08,0.04
6,PB_only,-0.007678,0.15,0.3,0.45,0.6,0.7,0.75,0.85,0.0,0.0,0.0,0.12,0.03
6,PB_only,-0.007681,0.05,0.25,0.35,0.6,0.7,0.8,0.95,0.0,0.0,0.0,0.06,0.04
6,PB_only,-0.007683,0.05,0.3,0.4,0.6,0.65,0.75,0.9,0.0,0.0,0.0,0.1,0.04
6,PB_FED,-0.007687,0.1,0.15,0.35,0.5,0.65,0.8,0.95,0.0,0.0,0.0,0.06,0.03
6,PE_only,-0.007688,0.1,0.2,0.4,0.7,0.7,0.85,0.95,0.0,0.0,0.0,0.08,0.05
8,PE_FED,-0.007689,0.15,0.3,0.35,0.7,0.7,0.8,0.85,0.0,0.0,0.0,0.12,0.03
6,PB_FED,-0.00769,0.05,0.15,0.3,0.5,0.75,0.8,0.85,-0.5,0.0,0.0,0.06,0.04
8,PB_only,-0.00769,0.2,0.25,0.35,0.5,0.7,0.75,0.9,0.0,0.0,0.0,0.06,0.05
8,PE_only,-0.007693,0.1,0.25,0.3,0.7,0.7,0.8,0.85,0.0,0.0,0.0,0.1,0.05
6,PB_only,-0.007696,0.15,0.2,0.3,0.5,0.65,0.75,0.9,0.0,0.0,0.0,0.1,0.03
6,PB_only,-0.007698,0.1,0.15,0.3,0.5,0.65,0.8,0.85,0.0,0.0,0.0,0.1,0.03
8,PB_FED,-0.007699,0.05,0.25,0.35,0.6,0.75,0.85,0.95,0.5,0.0,0.0,0.06,0.03
8,PE_PB,-0.007703,0.15,0.2,0.35,0.7,0.7,0.75,0.95,0.0,0.65,0.0,0.12,0.05
8,PB_FED,-0.007704,0.2,0.3,0.35,0.6,0.7,0.75,0.95,0.5,0.0,0.0,0.12,0.04
8,PB_FED,-0.007704,0.15,0.2,0.45,0.55,0.65,0.75,0.85,0.5,0.0,0.0,0.1,0.04
6,PB_FED,-0.007707,0.15,0.2,0.4,0.55,0.75,0.8,0.95,-0.5,0.0,0.0,0.08,0.05
6,PE_only,-0.007708,0.1,0.2,0.45,0.7,0.65,0.8,0.95,0.0,0.0,0.0,0.12,0.03
8,PE_only,-0.007709,0.05,0.2,0.3,0.55,0.65,0.8,0.95,0.0,0.0,0.0,0.1,0.05
6,PB_FED,-0.007711,0.05,0.15,0.4,0.55,0.65,0.85,0.9,-0.5,0.0,0.0,0.08,0.04
8,PE_FED,-0.007711,0.1,0.3,0.4,0.65,0.75,0.85,0.9,0.0,0.0,0.0,0.12,0.04
6,PB_only,-0.007712,0.05,0.25,0.45,0.6,0.75,0.8,0.85,0.0,0.0,0.0,0.06,0.04
6,PB_only,-0.007712,0.05,0.25,0.45,0.6,0.7,0.8,0.85,0.0,0.0,0.0,0.1,0.04
8,PE_only,-0.007713,0.1,0.3,0.4,0.7,0.65,0.8,0.9,0.0,0.0,0.0,0.1,0.03
6,PB_only,-0.007714,0.15,0.25,0.35,0.55,0.65,0.8,0.85,0.0,0.0,0.0,0.12,0.04
6,PB_FED,-0.007714,0.15,0.2,0.4,0.55,0.75,0.85,0.95,0.0,0.0,0.0,0.08,0.04
8,PE_FED,-0.007714,0.05,0.3,0.35,0.6,0.7,0.8,0.9,0.0,0.0,0.0,0.06,0.03
6,PB_only,-0.00772,0.1,0.2,0.35,0.6,0.65,0.85,0.9,0.0,0.0,0.0,0.06,0.04
6,PB_only,-0.00772,0.15,0.3,0.35,0.6,0.7,0.75,0.85,0.0,0.0,0.0,0.06,0.05
6,PB_only,-0.00773,0.1,0.15,0.35,0.55,0.7,0.85,0.9,0.0,0.0,0.0,0.1,0.05
8,PB_FED,-0.007738,0.1,0.15,0.4,0.5,0.7,0.8,0.9,0.5,0.0,0.0,0.12,0.03
8,PB_FED,-0.007745,0.1,0.25,0.4,0.65,0.65,0.85,0.9,0.5,0.0,0.0,0.12,0.05
8,PB_FED,-0.007749,0.05,0.2,0.3,0.55,0.65,0.8,0.9,0.5,0.0,0.0,0.12,0.05
6,PB_only,-0.007754,0.05,0.25,0.3,0.55,0.7,0.75,0.9,0.0,0.0,0.0,0.1,0.04
8,PE_PB_FED,-0.007754,0.1,0.25,0.3,0.6,0.7,0.85,0.95,0.0,0.65,0.75,0.1,0.04
8,PE_only,-0.007756,0.2,0.3,0.4,0.65,0.65,0.85,0.95,0.0,0.0,0.0,0.12,0.03
8,PB_only,-0.00776,0.1,0.25,0.45,0.55,0.7,0.85,0.9,0.0,0.0,0.0,0.12,0.05
8,PE_FED,-0.007762,0.05,0.25,0.4,0.65,0.7,0.85,0.9,-0.5,0.0,0.0,0.06,0.05
8,PB_only,-0.007764,0.15,0.2,0.3,0.5,0.7,0.85,0.95,0.0,0.0,0.0,0.06,0.04
6,PB_FED,-0.007765,0.1,0.3,0.45,0.7,0.75,0.8,0.85,0.0,0.0,0.0,0.08,0.05
6,PB_FED,-0.007765,0.1,0.3,0.45,0.7,0.75,0.8,0.85,0.0,0.0,0.0,0.1,0.05
6,PB_FED,-0.007768,0.05,0.25,0.4,0.55,0.7,0.75,0.9,0.0,0.0,0.0,0.08,0.04
6,PB_FED,-0.007771,0.1,0.15,0.35,0.5,0.7,0.85,0.9,0.0,0.0,0.0,0.08,0.03
8,PE_only,-0.007772,0.1,0.25,0.35,0.65,0.7,0.8,0.9,0.0,0.0,0.0,0.06,0.04
8,PE_only,-0.007772,0.1,0.25,0.35,0.65,0.75,0.8,0.9,0.0,0.0,0.0,0.1,0.04
8,PE_PB_FED,-0.007772,0.15,0.2,0.3,0.7,0.65,0.75,0.95,-0.5,0.55,0.8,0.06,0.03
6,PB_only,-0.007773,0.1,0.15,0.4,0.55,0.65,0.75,0.95,0.0,0.0,0.0,0.08,0.03
6,PB_only,-0.007774,0.1,0.3,0.35,0.6,0.65,0.8,0.85,0.0,0.0,0.0,0.08,0.04
8,PE_only,-0.007775,0.05,0.15,0.4,0.65,0.7,0.8,0.85,0.0,0.0,0.0,0.06,0.05
6,PB_FED,-0.007776,0.05,0.25,0.45,0.6,0.65,0.8,0.9,-0.5,0.0,0.0,0.08,0.04
8,PB_only,-0.007776,0.2,0.25,0.35,0.5,0.7,0.75,0.95,0.0,0.0,0.0,0.12,0.04
8,PE_FED,-0.007777,0.15,0.2,0.45,0.5,0.7,0.85,0.95,0.0,0.0,0.0,0.06,0.04
8,PE_only,-0.007778,0.2,0.25,0.35,0.6,0.75,0.8,0.95,0.0,0.0,0.0,0.1,0.05
8,PE_FED,-0.007778,0.15,0.3,0.45,0.7,0.65,0.75,0.85,0.0,0.0,0.0,0.08,0.03
8,PE_only,-0.007787,0.1,0.3,0.45,0.65,0.7,0.85,0.95,0.0,0.0,0.0,0.12,0.03
8,PE_only,-0.007787,0.1,0.3,0.45,0.65,0.65,0.85,0.95,0.0,0.0,0.0,0.06,0.03
8,PB_FED,-0.007792,0.15,0.25,0.45,0.7,0.7,0.85,0.9,0.5,0.0,0.0,0.1,0.05
8,PE_only,-0.007796,0.05,0.25,0.35,0.65,0.7,0.8,0.9,0.0,0.0,0.0,0.12,0.03
8,PE_FED,-0.007796,0.15,0.2,0.3,0.55,0.7,0.85,0.9,0.0,0.0,0.0,0.06,0.04
8,PB_FED,-0.0078,0.2,0.3,0.35,0.6,0.65,0.75,0.95,0.5,0.0,0.0,0.08,0.05
8,PE_only,-0.007802,0.1,0.2,0.4,0.55,0.75,0.8,0.95,0.0,0.0,0.0,0.12,0.03
6,PB_only,-0.007805,0.2,0.25,0.35,0.6,0.7,0.8,0.85,0.0,0.0,0.0,0.1,0.05
8,PB_only,-0.007805,0.2,0.3,0.45,0.55,0.7,0.75,0.9,0.0,0.0,0.0,0.1,0.05
8,PB_FED,-0.007805,0.1,0.2,0.35,0.55,0.75,0.85,0.95,0.5,0.0,0.0,0.12,0.03
8,PB_FED,-0.007811,0.1,0.15,0.35,0.55,0.65,0.85,0.9,0.5,0.0,0.0,0.08,0.04
6,PB_only,-0.007812,0.05,0.15,0.3,0.55,0.65,0.85,0.95,0.0,0.0,0.0,0.12,0.04
6,PB_only,-0.007812,0.2,0.25,0.35,0.6,0.65,0.8,0.95,0.0,0.0,0.0,0.08,0.03
6,PB_only,-0.007816,0.05,0.15,0.45,0.55,0.7,0.8,0.85,0.0,0.0,0.0,0.12,0.03
8,PE_FED,-0.007819,0.1,0.15,0.35,0.5,0.7,0.85,0.95,-0.5,0.0,0.0,0.06,0.04
8,PE_FED,-0.007819,0.1,0.25,0.45,0.65,0.7,0.85,0.9,0.0,0.0,0.0,0.08,0.05
8,PB_only,-0.007823,0.2,0.3,0.35,0.55,0.65,0.8,0.85,0.0,0.0,0.0,0.12,0.05
8,PE_FED,-0.007824,0.1,0.3,0.35,0.5,0.7,0.75,0.95,0.0,0.0,0.0,0.06,0.04
8,PE_PB_FED,-0.007824,0.15,0.3,0.45,0.7,0.75,0.8,0.95,0.0,0.6,0.7,0.1,0.03
8,PE_PB,-0.007825,0.15,0.2,0.3,0.65,0.65,0.75,0.95,0.0,0.65,0.0,0.12,0.03
8,PE_FED,-0.007826,0.1,0.15,0.3,0.7,0.75,0.8,0.95,0.5,0.0,0.0,0.06,0.04
8,PB_only,-0.007833,0.2,0.25,0.4,0.55,0.65,0.85,0.95,0.0,0.0,0.0,0.1,0.03
6,PE_only,-0.007837,0.15,0.2,0.3,0.65,0.75,0.8,0.95,0.0,0.0,0.0,0.12,0.03
8,PE_only,-0.007837,0.1,0.15,0.45,0.6,0.7,0.75,0.9,0.0,0.0,0.0,0.1,0.03
8,PE_FED,-0.007837,0.1,0.3,0.45,0.7,0.65,0.75,0.85,0.0,0.0,0.0,0.1,0.05
6,PB_only,-0.007839,0.1,0.15,0.4,0.55,0.75,0.85,0.9,0.0,0.0,0.0,0.1,0.04
8,PE_PB,-0.007841,0.1,0.15,0.4,0.65,0.65,0.8,0.95,0.0,0.65,0.0,0.06,0.05
6,PE_only,-0.007844,0.1,0.25,0.4,0.7,0.7,0.75,0.95,0.0,0.0,0.0,0.1,0.04
6,PB_FED,-0.007844,0.15,0.25,0.3,0.55,0.65,0.8,0.9,-0.5,0.0,0.0,0.12,0.05
8,PB_only,-0.007849,0.15,0.25,0.3,0.5,0.65,0.8,0.95,0.0,0.0,0.0,0.1,0.05
6,PB_only,-0.00785,0.1,0.2,0.35,0.55,0.7,0.8,0.9,0.0,0.0,0.0,0.08,0.05
6,PB_only,-0.007861,0.15,0.2,0.3,0.6,0.75,0.85,0.95,0.0,0.0,0.0,0.12,0.04
8,PE_FED,-0.007861,0.05,0.3,0.35,0.7,0.65,0.85,0.9,0.0,0.0,0.0,0.06,0.03
8,PB_only,-0.007864,0.1,0.25,0.3,0.5,0.75,0.8,0.95,0.0,0.0,0.0,0.1,0.05
8,PE_PB_FED,-0.007866,0.2,0.3,0.4,0.65,0.7,0.75,0.95,0.0,0.65,0.75,0.1,0.04
8,PE_FED,-0.007867,0.2,0.3,0.45,0.7,0.7,0.85,0.9,0.0,0.0,0.0,0.1,0.04
8,PE_only,-0.007869,0.05,0.2,0.45,0.7,0.65,0.75,0.85,0.0,0.0,0.0,0.06,0.03
6,PB_FED,-0.007871,0.15,0.2,0.35,0.5,0.7,0.8,0.9,0.0,0.0,0.0,0.1,0.04
8,PE_PB_FED,-0.007872,0.1,0.15,0.4,0.55,0.65,0.85,0.95,0.0,0.6,0.75,0.12,0.05
8,PE_PB_FED,-0.007875,0.05,0.2,0.4,0.65,0.75,0.8,0.9,0.0,0.65,0.7,0.12,0.03
6,PB_FED,-0.007879,0.05,0.25,0.45,0.6,0.7,0.8,0.95,0.0,0.0,0.0,0.12,0.03
8,PE_FED,-0.007879,0.2,0.25,0.35,0.65,0.65,0.75,0.85,-0.5,0.0,0.0,0.1,0.05
8,PB_FED,-0.007881,0.05,0.25,0.35,0.65,0.65,0.85,0.9,0.5,0.0,0.0,0.12,0.05
8,PE_only,-0.007882,0.05,0.3,0.35,0.6,0.7,0.8,0.95,0.0,0.0,0.0,0.06,0.03
6,PB_only,-0.007883,0.1,0.2,0.3,0.6,0.75,0.85,0.95,0.0,0.0,0.0,0.1,0.05
8,PB_only,-0.007886,0.15,0.3,0.4,0.55,0.75,0.85,0.95,0.0,0.0,0.0,0.12,0.03
6,PB_only,-0.007888,0.2,0.25,0.3,0.55,0.65,0.75,0.9,0.0,0.0,0.0,0.08,0.03
6,PB_FED,-0.007888,0.1,0.15,0.35,0.5,0.7,0.8,0.9,0.0,0.0,0.0,0.08,0.05
6,PB_FED,-0.007891,0.2,0.25,0.35,0.6,0.75,0.85,0.95,0.0,0.0,0.0,0.12,0.04
8,PE_only,-0.007891,0.1,0.25,0.3,0.6,0.75,0.85,0.95,0.0,0.0,0.0,0.06,0.05
8,PE_FED,-0.007892,0.05,0.2,0.4,0.55,0.65,0.75,0.9,-0.5,0.0,0.0,0.06,0.03
8,PB_FED,-0.007893,0.2,0.3,0.35,0.5,0.75,0.8,0.9,-0.5,0.0,0.0,0.1,0.04
8,PE_only,-0.007895,0.05,0.15,0.45,0.65,0.7,0.75,0.85,0.0,0.0,0.0,0.06,0.04
6,PB_only,-0.007904,0.1,0.15,0.4,0.55,0.75,0.8,0.95,0.0,0.0,0.0,0.1,0.05
6,PB_only,-0.007909,0.05,0.3,0.35,0.6,0.75,0.8,0.9,0.0,0.0,0.0,0.1,0.03
8,PE_FED,-0.00791,0.2,0.25,0.35,0.65,0.75,0.85,0.9,0.0,0.0,0.0,0.12,0.05
8,PE_PB_FED,-0.007915,0.1,0.15,0.45,0.55,0.7,0.75,0.95,-0.5,0.65,0.8,0.1,0.05
6,PB_only,-0.007922,0.05,0.15,0.35,0.5,0.7,0.75,0.85,0.0,0.0,0.0,0.12,0.03
8,PE_only,-0.007924,0.05,0.2,0.35,0.6,0.7,0.75,0.9,0.0,0.0,0.0,0.06,0.03
6,PB_FED,-0.007926,0.05,0.3,0.4,0.6,0.65,0.75,0.9,-0.5,0.0,0.0,0.12,0.04
8,PE_only,-0.007931,0.1,0.25,0.35,0.7,0.7,0.8,0.85,0.0,0.0,0.0,0.12,0.04
6,PE_FED,-0.007932,0.05,0.2,0.3,0.7,0.7,0.85,0.95,-0.5,0.0,0.0,0.12,0.04
8,PB_FED,-0.007932,0.05,0.25,0.4,0.5,0.7,0.85,0.9,-0.5,0.0,0.0,0.08,0.05
6,PB_only,-0.007935,0.05,0.15,0.45,0.55,0.7,0.8,0.9,0.0,0.0,0.0,0.06,0.04
8,PE_FED,-0.007941,0.05,0.2,0.3,0.6,0.75,0.85,0.9,-0.5,0.0,0.0,0.08,0.03
6,PB_only,-0.007943,0.05,0.15,0.45,0.55,0.7,0.85,0.9,0.0,0.0,0.0,0.12,0.03
8,PE_PB_FED,-0.007944,0.05,0.25,0.3,0.55,0.65,0.8,0.95,0.0,0.6,0.75,0.12,0.03
8,PB_only,-0.007944,0.05,0.3,0.4,0.55,0.7,0.8,0.85,0.0,0.0,0.0,0.1,0.05
6,PB_FED,-0.007946,0.05,0.2,0.45,0.55,0.7,0.85,0.9,0.0,0.0,0.0,0.1,0.03
8,PB_FED,-0.007949,0.1,0.3,0.35,0.6,0.75,0.8,0.95,0.5,0.0,0.0,0.08,0.03
8,PE_only,-0.00795,0.05,0.3,0.45,0.7,0.65,0.75,0.9,0.0,0.0,0.0,0.06,0.03
8,PE_FED,-0.007952,0.1,0.15,0.3,0.6,0.7,0.8,0.95,0.5,0.0,0.0,0.06,0.03
8,PB_only,-0.00796,0.1,0.3,0.45,0.55,0.7,0.8,0.95,0.0,0.0,0.0,0.06,0.03
6,PB_only,-0.007964,0.2,0.3,0.45,0.6,0.65,0.75,0.9,0.0,0.0,0.0,0.1,0.03
8,PB_only,-0.007965,0.15,0.25,0.35,0.5,0.7,0.8,0.85,0.0,0.0,0.0,0.1,0.05
8,PE_only,-0.00797,0.1,0.2,0.45,0.7,0.65,0.75,0.85,0.0,0.0,0.0,0.1,0.03
8,PE_only,-0.00797,0.05,0.25,0.3,0.7,0.65,0.85,0.9,0.0,0.0,0.0,0.06,0.05
6,PB_only,-0.007971,0.15,0.25,0.3,0.55,0.75,0.8,0.9,0.0,0.0,0.0,0.06,0.05
8,PB_only,-0.007974,0.2,0.3,0.45,0.55,0.7,0.75,0.85,0.0,0.0,0.0,0.12,0.05
8,PB_only,-0.007974,0.15,0.3,0.45,0.55,0.7,0.8,0.85,0.0,0.0,0.0,0.08,0.05
8,PE_only,-0.007979,0.05,0.2,0.4,0.65,0.7,0.85,0.9,0.0,0.0,0.0,0.08,0.04
6,PE_only,-0.00798,0.05,0.15,0.3,0.65,0.75,0.85,0.95,0.0,0.0,0.0,0.1,0.04
8,PE_only,-0.007982,0.05,0.25,0.45,0.65,0.7,0.75,0.9,0.0,0.0,0.0,0.06,0.03
8,PE_only,-0.007987,0.1,0.15,0.35,0.55,0.7,0.85,0.95,0.0,0.0,0.0,0.12,0.04
8,PB_only,-0.007989,0.1,0.3,0.4,0.55,0.65,0.85,0.9,0.0,0.0,0.0,0.08,0.04
6,PB_only,-0.00799,0.15,0.25,0.3,0.55,0.65,0.8,0.95,0.0,0.0,0.0,0.1,0.03
8,PE_only,-0.007997,0.1,0.25,0.35,0.6,0.7,0.85,0.95,0.0,0.0,0.0,0.06,0.04
6,PB_only,-0.007999,0.1,0.3,0.4,0.6,0.7,0.8,0.9,0.0,0.0,0.0,0.08,0.03
6,PE_only,-0.008,0.05,0.2,0.3,0.65,0.7,0.75,0.95,0.0,0.0,0.0,0.08,0.03
6,PB_only,-0.008002,0.2,0.3,0.45,0.6,0.7,0.75,0.9,0.0,0.0,0.0,0.12,0.03
6,PE_only,-0.008003,0.2,0.25,0.3,0.7,0.75,0.8,0.95,0.0,0.0,0.0,0.08,0.04
8,PB_FED,-0.008008,0.15,0.3,0.35,0.65,0.75,0.8,0.95,0.5,0.0,0.0,0.12,0.05
8,PE_only,-0.00801,0.1,0.25,0.3,0.7,0.65,0.85,0.9,0.0,0.0,0.0,0.06,0.03
6,PB_FED,-0.008011,0.1,0.15,0.4,0.5,0.75,0.8,0.9,0.0,0.0,0.0,0.06,0.04
8,PE_FED,-0.008017,0.1,0.3,0.4,0.5,0.75,0.8,0.95,0.0,0.0,0.0,0.08,0.03
8,PE_FED,-0.008017,0.05,0.25,0.4,0.55,0.7,0.85,0.95,-0.5,0.0,0.0,0.1,0.03
8,PB_only,-0.008018,0.15,0.3,0.45,0.55,0.65,0.8,0.85,0.0,0.0,0.0,0.06,0.05
8,PE_FED,-0.008021,0.2,0.3,0.4,0.7,0.75,0.85,0.9,0.0,0.0,0.0,0.06,0.03
8,PE_FED,-0.008021,0.15,0.3,0.4,0.5,0.7,0.75,0.95,0.0,0.0,0.0,0.12,0.05
6,PE_only,-0.008024,0.1,0.15,0.3,0.65,0.75,0.85,0.95,0.0,0.0,0.0,0.1,0.04
6,PE_only,-0.008028,0.15,0.25,0.3,0.7,0.75,0.85,0.95,0.0,0.0,0.0,0.08,0.05
8,PE_FED,-0.008028,0.1,0.15,0.45,0.6,0.65,0.85,0.9,-0.5,0.0,0.0,0.12,0.03
8,PB_only,-0.008029,0.15,0.3,0.35,0.55,0.75,0.85,0.9,0.0,0.0,0.0,0.1,0.05
6,PB_FED,-0.008031,0.2,0.25,0.4,0.55,0.65,0.8,0.9,0.0,0.0,0.0,0.1,0.03
8,PE_PB,-0.008033,0.1,0.15,0.4,0.7,0.65,0.85,0.95,0.0,0.65,0.0,0.12,0.05
6,PE_only,-0.008034,0.05,0.25,0.4,0.7,0.7,0.75,0.95,0.0,0.0,0.0,0.12,0.05
8,PB_only,-0.008034,0.05,0.25,0.4,0.5,0.75,0.85,0.9,0.0,0.0,0.0,0.06,0.03
6,PB_FED,-0.008035,0.1,0.3,0.35,0.65,0.65,0.85,0.95,0.0,0.0,0.0,0.08,0.05
6,PE_only,-0.008038,0.1,0.15,0.45,0.65,0.65,0.8,0.95,0.0,0.0,0.0,0.1,0.03
8,PE_FED,-0.008038,0.2,0.25,0.4,0.65,0.65,0.75,0.85,-0.5,0.0,0.0,0.12,0.05
8,PE_only,-0.00804,0.2,0.3,0.45,0.7,0.75,0.8,0.9,0.0,0.0,0.0,0.06,0.04
6,PB_only,-0.008045,0.05,0.15,0.4,0.6,0.65,0.85,0.95,0.0,0.0,0.0,0.12,0.03
8,PE_PB_FED,-0.008045,0.1,0.3,0.45,0.6,0.65,0.8,0.95,0.0,0.65,0.7,0.1,0.03
6,PB_only,-0.008048,0.2,0.3,0.4,0.6,0.65,0.8,0.85,0.0,0.0,0.0,0.12,0.03
6,PB_only,-0.008048,0.1,0.2,0.45,0.55,0.75,0.8,0.9,0.0,0.0,0.0,0.06,0.03
8,PE_FED,-0.008048,0.2,0.3,0.4,0.7,0.75,0.8,0.85,-0.5,0.0,0.0,0.12,0.03
8,PE_FED,-0.00805,0.15,0.2,0.35,0.6,0.75,0.85,0.9,-0.5,0.0,0.0,0.12,0.03
8,PB_only,-0.008051,0.05,0.2,0.4,0.5,0.65,0.8,0.9,0.0,0.0,0.0,0.08,0.05
8,PB_FED,-0.008056,0.15,0.3,0.35,0.7,0.7,0.85,0.9,0.5,0.0,0.0,0.06,0.04
8,PB_only,-0.008057,0.05,0.15,0.45,0.5,0.7,0.8,0.95,0.0,0.0,0.0,0.08,0.04
8,PB_FED,-0.008062,0.15,0.25,0.35,0.55,0.65,0.8,0.9,0.5,0.0,0.0,0.12,0.03
6,PE_only,-0.008064,0.15,0.2,0.35,0.65,0.75,0.8,0.95,0.0,0.0,0.0,0.12,0.03
6,PB_only,-0.008065,0.1,0.2,0.35,0.55,0.65,0.75,0.95,0.0,0.0,0.0,0.06,0.03
8,PE_FED,-0.008065,0.1,0.25,0.45,0.65,0.7,0.85,0.9,-0.5,0.0,0.0,0.08,0.03
8,PB_only,-0.008066,0.1,0.2,0.45,0.5,0.7,0.8,0.95,0.0,0.0,0.0,0.06,0.03
8,PE_PB_FED,-0.008071,0.1,0.25,0.3,0.7,0.7,0.75,0.95,0.0,0.5,0.7,0.12,0.03
6,PB_FED,-0.008072,0.2,0.25,0.4,0.55,0.75,0.8,0.9,0.0,0.0,0.0,0.12,0.03
8,PE_PB_FED,-0.008075,0.05,0.2,0.35,0.55,0.65,0.8,0.95,-0.5,0.65,0.75,0.08,0.03
6,PB_FED,-0.008081,0.1,0.3,0.45,0.6,0.65,0.85,0.9,-0.5,0.0,0.0,0.08,0.03
6,PB_only,-0.008083,0.15,0.2,0.3,0.55,0.65,0.75,0.95,0.0,0.0,0.0,0.12,0.04
8,PE_only,-0.008085,0.15,0.25,0.4,0.7,0.65,0.8,0.85,0.0,0.0,0.0,0.1,0.04
8,PB_only,-0.008088,0.2,0.25,0.35,0.5,0.65,0.85,0.9,0.0,0.0,0.0,0.06,0.03
6,PB_only,-0.008092,0.1,0.15,0.35,0.55,0.7,0.85,0.95,0.0,0.0,0.0,0.06,0.04
8,PB_only,-0.008096,0.15,0.25,0.4,0.5,0.7,0.8,0.95,0.0,0.0,0.0,0.06,0.03
6,PE_only,-0.008097,0.15,0.2,0.45,0.7,0.75,0.85,0.95,0.0,0.0,0.0,0.06,0.05
8,PE_only,-0.008102,0.1,0.25,0.4,0.6,0.65,0.85,0.95,0.0,0.0,0.0,0.1,0.03
8,PE_PB_FED,-0.008105,0.1,0.2,0.45,0.6,0.65,0.75,0.9,0.0,0.65,0.8,0.12,0.04
6,PB_FED,-0.008106,0.05,0.25,0.3,0.55,0.75,0.8,0.9,0.0,0.0,0.0,0.1,0.05
8,PE_PB_FED,-0.008107,0.1,0.15,0.4,0.7,0.75,0.85,0.9,0.0,0.65,0.7,0.06,0.05
6,PB_only,-0.008108,0.1,0.15,0.35,0.5,0.7,0.75,0.95,0.0,0.0,0.0,0.1,0.03
8,PE_only,-0.008109,0.15,0.2,0.4,0.6,0.7,0.75,0.9,0.0,0.0,0.0,0.1,0.03
8,PB_only,-0.00811,0.1,0.25,0.45,0.5,0.75,0.8,0.85,0.0,0.0,0.0,0.08,0.04
6,PB_only,-0.008113,0.2,0.25,0.35,0.6,0.75,0.8,0.95,0.0,0.0,0.0,0.06,0.04
8,PE_only,-0.008113,0.2,0.25,0.4,0.65,0.65,0.75,0.9,0.0,0.0,0.0,0.12,0.03
6,PE_only,-0.008115,0.2,0.25,0.3,0.7,0.7,0.8,0.95,0.0,0.0,0.0,0.08,0.05
6,PB_only,-0.008115,0.05,0.2,0.45,0.6,0.75,0.8,0.95,0.0,0.0,0.0,0.08,0.04
6,PB_FED,-0.008118,0.1,0.25,0.45,0.55,0.65,0.75,0.95,0.0,0.0,0.0,0.08,0.03
8,PE_only,-0.00812,0.15,0.3,0.45,0.7,0.75,0.8,0.9,0.0,0.0,0.0,0.08,0.05
8,PE_PB_FED,-0.008121,0.1,0.15,0.3,0.5,0.65,0.75,0.95,-0.5,0.65,0.8,0.06,0.03
8,PB_FED,-0.008122,0.05,0.25,0.35,0.5,0.65,0.85,0.95,-0.5,0.0,0.0,0.08,0.04
8,PE_only,-0.008125,0.05,0.2,0.4,0.6,0.65,0.75,0.9,0.0,0.0,0.0,0.1,0.03
8,PE_FED,-0.008128,0.15,0.3,0.35,0.5,0.7,0.8,0.95,0.0,0.0,0.0,0.08,0.04
6,PB_only,-0.008131,0.05,0.3,0.35,0.6,0.7,0.8,0.85,0.0,0.0,0.0,0.12,0.04
8,PB_only,-0.008138,0.1,0.3,0.35,0.55,0.65,0.85,0.95,0.0,0.0,0.0,0.06,0.03
6,PB_only,-0.008141,0.05,0.25,0.35,0.6,0.75,0.8,0.85,0.0,0.0,0.0,0.06,0.05
8,PE_FED,-0.008143,0.15,0.25,0.3,0.6,0.75,0.8,0.85,0.0,0.0,0.0,0.06,0.04
6,PB_FED,-0.008145,0.15,0.25,0.3,0.5,0.65,0.75,0.85,0.0,0.0,0.0,0.12,0.04
8,PB_FED,-0.008145,0.05,0.15,0.45,0.6,0.7,0.85,0.95,0.5,0.0,0.0,0.08,0.04
8,PB_only,-0.008148,0.1,0.3,0.4,0.5,0.7,0.75,0.95,0.0,0.0,0.0,0.06,0.03
6,PB_only,-0.008154,0.1,0.15,0.35,0.55,0.65,0.85,0.95,0.0,0.0,0.0,0.06,0.05
8,PE_only,-0.008155,0.15,0.25,0.45,0.7,0.7,0.85,0.9,0.0,0.0,0.0,0.12,0.05
6,PB_only,-0.008158,0.2,0.25,0.35,0.6,0.65,0.8,0.95,0.0,0.0,0.0,0.12,0.05
6,PB_only,-0.008161,0.1,0.2,0.35,0.55,0.7,0.85,0.95,0.0,0.0,0.0,0.12,0.03
6,PE_FED,-0.008166,0.1,0.15,0.3,0.65,0.7,0.75,0.95,-0.5,0.0,0.0,0.12,0.05
8,PE_only,-0.008168,0.1,0.3,0.35,0.6,0.7,0.75,0.95,0.0,0.0,0.0,0.06,0.04
8,PE_only,-0.008168,0.05,0.25,0.4,0.7,0.65,0.75,0.85,0.0,0.0,0.0,0.06,0.05
8,PE_FED,-0.008174,0.15,0.25,0.45,0.55,0.65,0.8,0.9,0.0,0.0,0.0,0.1,0.03
8,PE_FED,-0.008176,0.05,0.3,0.35,0.65,0.65,0.85,0.9,-0.5,0.0,0.0,0.08,0.04
8,PE_FED,-0.008178,0.1,0.2,0.35,0.55,0.7,0.85,0.9,0.0,0.0,0.0,0.12,0.04
6,PB_only,-0.008179,0.1,0.2,0.35,0.55,0.7,0.8,0.95,0.0,0.0,0.0,0.08,0.04
6,PB_only,-0.00818,0.1,0.2,0.3,0.5,0.7,0.75,0.95,0.0,0.0,0.0,0.08,0.03
6,PB_only,-0.008182,0.15,0.2,0.4,0.6,0.7,0.85,0.95,0.0,0.0,0.0,0.1,0.03
8,PE_PB,-0.008187,0.05,0.15,0.35,0.7,0.7,0.75,0.9,0.0,0.65,0.0,0.06,0.04
6,PB_only,-0.00819,0.15,0.25,0.45,0.6,0.7,0.8,0.85,0.0,0.0,0.0,0.06,0.05
6,PB_only,-0.008194,0.1,0.3,0.35,0.6,0.75,0.8,0.95,0.0,0.0,0.0,0.08,0.03
6,PB_FED,-0.008198,0.05,0.15,0.4,0.5,0.7,0.75,0.85,-0.5,0.0,0.0,0.1,0.04
6,PB_only,-0.008199,0.1,0.2,0.4,0.6,0.7,0.85,0.95,0.0,0.0,0.0,0.1,0.03
6,PB_only,-0.008204,0.2,0.25,0.35,0.55,0.65,0.8,0.9,0.0,0.0,0.0,0.06,0.03
8,PB_only,-0.008204,0.1,0.3,0.45,0.55,0.7,0.8,0.85,0.0,0.0,0.0,0.12,0.05
8,PE_FED,-0.008206,0.1,0.3,0.45,0.65,0.65,0.8,0.9,-0.5,0.0,0.0,0.12,0.05
8,PB_FED,-0.008208,0.1,0.2,0.35,0.55,0.65,0.8,0.9,0.5,0.0,0.0,0.12,0.05
6,PB_only,-0.008209,0.05,0.2,0.35,0.55,0.65,0.75,0.95,0.0,0.0,0.0,0.12,0.03
8,PB_only,-0.00821,0.05,0.15,0.4,0.5,0.65,0.85,0.95,0.0,0.0,0.0,0.06,0.05
8,PE_PB_FED,-0.008214,0.05,0.15,0.35,0.5,0.7,0.75,0.95,-0.5,0.65,0.75,0.12,0.03
8,PB_only,-0.008215,0.2,0.3,0.4,0.5,0.65,0.75,0.85,0.0,0.0,0.0,0.06,0.03
8,PB_only,-0.008221,0.2,0.25,0.4,0.5,0.65,0.8,0.85,0.0,0.0,0.0,0.1,0.03
8,PE_FED,-0.008222,0.1,0.15,0.45,0.55,0.7,0.8,0.9,-0.5,0.0,0.0,0.1,0.03
8,PE_FED,-0.008222,0.1,0.15,0.45,0.55,0.65,0.8,0.9,-0.5,0.0,0.0,0.1,0.03
8,PB_only,-0.008222,0.15,0.25,0.3,0.5,0.65,0.85,0.95,0.0,0.0,0.0,0.06,0.03
8,PE_FED,-0.008225,0.1,0.15,0.45,0.55,0.75,0.8,0.9,-0.5,0.0,0.0,0.12,0.04
8,PE_only,-0.008228,0.2,0.25,0.3,0.7,0.65,0.75,0.85,0.0,0.0,0.0,0.08,0.04
8,PE_PB_FED,-0.008228,0.15,0.25,0.3,0.6,0.7,0.75,0.9,0.0,0.65,0.7,0.12,0.04
8,PE_only,-0.008229,0.1,0.25,0.3,0.7,0.65,0.8,0.85,0.0,0.0,0.0,0.1,0.05
6,PE_FED,-0.008232,0.1,0.2,0.45,0.7,0.75,0.8,0.95,-0.5,0.0,0.0,0.12,0.05
6,PE_only,-0.008234,0.05,0.2,0.3,0.65,0.65,0.8,0.95,0.0,0.0,0.0,0.06,0.04
6,PE_only,-0.008234,0.05,0.2,0.3,0.65,0.65,0.8,0.95,0.0,0.0,0.0,0.08,0.04
8,PE_only,-0.008234,0.05,0.25,0.45,0.7,0.7,0.85,0.9,0.0,0.0,0.0,0.06,0.03
8,PB_only,-0.008234,0.15,0.2,0.4,0.5,0.65,0.8,0.95,0.0,0.0,0.0,0.06,0.05
6,PB_only,-0.008235,0.1,0.2,0.45,0.55,0.65,0.8,0.85,0.0,0.0,0.0,0.12,0.04
6,PB_only,-0.008237,0.15,0.2,0.35,0.55,0.7,0.75,0.95,0.0,0.0,0.0,0.06,0.04
8,PE_only,-0.008239,0.1,0.25,0.45,0.7,0.7,0.75,0.85,0.0,0.0,0.0,0.08,0.05
8,PE_FED,-0.008243,0.1,0.15,0.45,0.6,0.65,0.85,0.9,-0.5,0.0,0.0,0.12,0.05
8,PE_only,-0.008244,0.2,0.25,0.3,0.65,0.7,0.8,0.9,0.0,0.0,0.0,0.1,0.04
8,PE_FED,-0.008247,0.2,0.25,0.35,0.6,0.65,0.8,0.9,-0.5,0.0,0.0,0.12,0.04
6,PB_only,-0.008249,0.15,0.25,0.4,0.55,0.7,0.8,0.85,0.0,0.0,0.0,0.06,0.04
8,PE_PB,-0.008253,0.05,0.15,0.45,0.7,0.65,0.85,0.95,0.0,0.65,0.0,0.1,0.04
6,PB_only,-0.008255,0.05,0.25,0.35,0.55,0.75,0.85,0.9,0.0,0.0,0.0,0.06,0.03
8,PE_FED,-0.008259,0.05,0.2,0.3,0.5,0.65,0.75,0.9,0.0,0.0,0.0,0.1,0.05
8,PE_only,-0.008268,0.1,0.25,0.45,0.7,0.7,0.85,0.9,0.0,0.0,0.0,0.06,0.03
8,PB_only,-0.008271,0.05,0.3,0.4,0.55,0.75,0.8,0.9,0.0,0.0,0.0,0.06,0.05
8,PE_only,-0.008275,0.1,0.2,0.4,0.55,0.7,0.8,0.95,0.0,0.0,0.0,0.1,0.04
8,PE_only,-0.008283,0.05,0.25,0.3,0.65,0.75,0.8,0.9,0.0,0.0,0.0,0.06,0.05
8,PE_FED,-0.008283,0.1,0.15,0.45,0.6,0.75,0.85,0.9,-0.5,0.0,0.0,0.06,0.05
6,PE_FED,-0.008287,0.05,0.15,0.3,0.65,0.65,0.8,0.95,-0.5,0.0,0.0,0.08,0.05
8,PE_only,-0.008287,0.05,0.2,0.3,0.6,0.7,0.8,0.9,0.0,0.0,0.0,0.12,0.04
8,PE_FED,-0.008287,0.2,0.25,0.3,0.6,0.7,0.75,0.85,0.0,0.0,0.0,0.12,0.05
8,PB_only,-0.008291,0.1,0.2,0.4,0.5,0.7,0.8,0.95,0.0,0.0,0.0,0.08,0.05
6,PB_only,-0.008294,0.15,0.25,0.3,0.55,0.75,0.85,0.95,0.0,0.0,0.0,0.1,0.03
6,PB_only,-0.008295,0.15,0.25,0.4,0.6,0.65,0.8,0.95,0.0,0.0,0.0,0.1,0.04
8,PE_PB,-0.008296,0.1,0.15,0.45,0.65,0.65,0.75,0.95,0.0,0.65,0.0,0.06,0.05
8,PB_only,-0.008297,0.2,0.3,0.45,0.55,0.7,0.8,0.9,0.0,0.0,0.0,0.1,0.04
8,PB_FED,-0.0083,0.15,0.3,0.4,0.65,0.75,0.8,0.95,0.5,0.0,0.0,0.06,0.04
8,PE_PB_FED,-0.008303,0.05,0.3,0.35,0.7,0.65,0.85,0.95,0.0,0.65,0.7,0.12,0.05
6,PB_only,-0.008305,0.05,0.2,0.35,0.55,0.7,0.85,0.9,0.0,0.0,0.0,0.06,0.04
6,PB_only,-0.008305,0.05,0.15,0.3,0.5,0.7,0.8,0.85,0.0,0.0,0.0,0.06,0.04
8,PB_FED,-0.008306,0.1,0.15,0.4,0.5,0.65,0.75,0.85,0.5,0.0,0.0,0.08,0.05
6,PB_FED,-0.008308,0.1,0.15,0.3,0.5,0.65,0.85,0.95,0.0,0.0,0.0,0.1,0.05
6,PB_FED,-0.008308,0.1,0.15,0.3,0.5,0.65,0.85,0.95,0.0,0.0,0.0,0.12,0.05
8,PE_only,-0.008312,0.05,0.3,0.45,0.7,0.65,0.8,0.9,0.0,0.0,0.0,0.08,0.03
8,PB_FED,-0.008313,0.05,0.25,0.35,0.55,0.65,0.75,0.95,0.5,0.0,0.0,0.08,0.04
8,PB_FED,-0.008313,0.05,0.3,0.35,0.5,0.75,0.8,0.9,-0.5,0.0,0.0,0.1,0.05
8,PE_only,-0.008314,0.1,0.3,0.35,0.6,0.65,0.75,0.95,0.0,0.0,0.0,0.06,0.05
6,PB_FED,-0.008315,0.1,0.25,0.35,0.55,0.75,0.85,0.9,0.0,0.0,0.0,0.08,0.03
6,PE_only,-0.008317,0.15,0.3,0.4,0.7,0.7,0.8,0.95,0.0,0.0,0.0,0.1,0.03
6,PB_only,-0.008318,0.15,0.25,0.3,0.55,0.7,0.8,0.95,0.0,0.0,0.0,0.06,0.04
6,PB_only,-0.008319,0.05,0.2,0.35,0.55,0.7,0.8,0.95,0.0,0.0,0.0,0.06,0.04
8,PB_only,-0.00832,0.05,0.2,0.4,0.5,0.75,0.85,0.9,0.0,0.0,0.0,0.12,0.04
6,PE_only,-0.008326,0.05,0.15,0.45,0.65,0.65,0.75,0.95,0.0,0.0,0.0,0.12,0.05
6,PE_only,-0.008326,0.05,0.15,0.35,0.7,0.7,0.75,0.9,0.0,0.0,0.0,0.1,0.03
8,PE_PB,-0.008327,0.15,0.25,0.4,0.7,0.75,0.8,0.95,0.0,0.65,0.0,0.08,0.03
6,PB_only,-0.008328,0.05,0.2,0.35,0.55,0.75,0.85,0.95,0.0,0.0,0.0,0.12,0.03
6,PB_only,-0.008328,0.05,0.2,0.35,0.55,0.7,0.85,0.95,0.0,0.0,0.0,0.1,0.03
6,PB_FED,-0.008331,0.15,0.25,0.45,0.6,0.65,0.85,0.9,0.0,0.0,0.0,0.08,0.05
8,PB_only,-0.008336,0.05,0.25,0.45,0.5,0.7,0.8,0.85,0.0,0.0,0.0,0.08,0.04
8,PE_only,-0.008337,0.2,0.25,0.3,0.65,0.65,0.8,0.9,0.0,0.0,0.0,0.12,0.03
8,PE_only,-0.008337,0.05,0.15,0.4,0.6,0.7,0.8,0.9,0.0,0.0,0.0,0.12,0.05
6,PE_only,-0.008344,0.05,0.2,0.3,0.65,0.65,0.8,0.95,0.0,0.0,0.0,0.08,0.05
6,PB_only,-0.008349,0.05,0.15,0.4,0.6,0.75,0.85,0.95,0.0,0.0,0.0,0.08,0.04
8,PE_FED,-0.008349,0.05,0.3,0.4,0.55,0.65,0.75,0.95,-0.5,0.0,0.0,0.1,0.05
8,PE_only,-0.00835,0.2,0.25,0.3,0.65,0.65,0.75,0.9,0.0,0.0,0.0,0.08,0.05
8,PE_only,-0.008351,0.15,0.25,0.45,0.7,0.7,0.8,0.85,0.0,0.0,0.0,0.1,0.04
6,PB_only,-0.008353,0.1,0.2,0.3,0.5,0.7,0.75,0.85,0.0,0.0,0.0,0.08,0.04
8,PB_only,-0.008357,0.15,0.25,0.35,0.5,0.65,0.85,0.9,0.0,0.0,0.0,0.1,0.04
8,PE_PB_FED,-0.008358,0.1,0.2,0.45,0.65,0.7,0.8,0.95,0.0,0.55,0.75,0.08,0.05
8,PE_only,-0.008361,0.1,0.25,0.3,0.55,0.7,0.75,0.95,0.0,0.0,0.0,0.1,0.03
8,PE_FED,-0.008361,0.05,0.25,0.45,0.65,0.7,0.8,0.85,0.0,0.0,0.0,0.08,0.05
6,PE_only,-0.008364,0.05,0.15,0.35,0.65,0.7,0.85,0.95,0.0,0.0,0.0,0.06,0.05
6,PB_FED,-0.008372,0.15,0.25,0.45,0.6,0.75,0.85,0.9,0.0,0.0,0.0,0.12,0.05
8,PB_FED,-0.008374,0.1,0.2,0.45,0.5,0.7,0.75,0.95,0.5,0.0,0.0,0.06,0.04
8,PE_PB,-0.008375,0.15,0.2,0.45,0.7,0.7,0.75,0.95,0.0,0.65,0.0,0.06,0.05
8,PE_FED,-0.008377,0.1,0.25,0.4,0.5,0.65,0.85,0.95,0.0,0.0,0.0,0.1,0.04
6,PB_FED,-0.008378,0.05,0.25,0.3,0.55,0.75,0.8,0.9,-0.5,0.0,0.0,0.1,0.05
6,PB_FED,-0.008383,0.05,0.2,0.35,0.5,0.65,0.8,0.9,0.0,0.0,0.0,0.1,0.04
6,PE_only,-0.008385,0.15,0.3,0.35,0.7,0.7,0.8,0.95,0.0,0.0,0.0,0.06,0.04
6,PB_only,-0.008387,0.05,0.25,0.3,0.55,0.7,0.85,0.9,0.0,0.0,0.0,0.1,0.04
6,PB_FED,-0.008391,0.05,0.15,0.3,0.5,0.75,0.8,0.95,-0.5,0.0,0.0,0.1,0.04
8,PE_only,-0.008393,0.05,0.15,0.45,0.65,0.65,0.85,0.9,0.0,0.0,0.0,0.08,0.05
6,PE_only,-0.008394,0.2,0.25,0.4,0.7,0.75,0.8,0.95,0.0,0.0,0.0,0.1,0.05
8,PB_only,-0.008397,0.05,0.25,0.3,0.5,0.65,0.85,0.95,0.0,0.0,0.0,0.12,0.03
6,PB_only,-0.008401,0.2,0.25,0.3,0.55,0.7,0.75,0.9,0.0,0.0,0.0,0.1,0.04
8,PE_only,-0.008406,0.1,0.15,0.35,0.6,0.7,0.8,0.9,0.0,0.0,0.0,0.06,0.05
6,PE_only,-0.008407,0.05,0.15,0.3,0.7,0.7,0.75,0.9,0.0,0.0,0.0,0.06,0.05
6,PB_only,-0.008418,0.05,0.25,0.35,0.55,0.75,0.8,0.95,0.0,0.0,0.0,0.1,0.03
6,PB_only,-0.008418,0.05,0.25,0.35,0.55,0.75,0.8,0.95,0.0,0.0,0.0,0.08,0.03
8,PB_only,-0.008418,0.05,0.3,0.4,0.5,0.65,0.75,0.85,0.0,0.0,0.0,0.12,0.04
6,PE_only,-0.008421,0.15,0.2,0.35,0.65,0.75,0.8,0.95,0.0,0.0,0.0,0.08,0.05
8,PB_only,-0.008421,0.05,0.25,0.45,0.55,0.7,0.85,0.95,0.0,0.0,0.0,0.12,0.04
8,PE_only,-0.008424,0.15,0.25,0.35,0.65,0.65,0.8,0.9,0.0,0.0,0.0,0.12,0.05
8,PE_only,-0.008425,0.05,0.2,0.4,0.65,0.65,0.75,0.85,0.0,0.0,0.0,0.08,0.05
8,PE_only,-0.008427,0.05,0.15,0.3,0.55,0.65,0.75,0.9,0.0,0.0,0.0,0.12,0.03
8,PE_only,-0.008428,0.1,0.25,0.4,0.7,0.65,0.85,0.9,0.0,0.0,0.0,0.06,0.05
8,PE_FED,-0.00843,0.2,0.25,0.4,0.65,0.75,0.8,0.85,0.0,0.0,0.0,0.06,0.03
8,PE_only,-0.008432,0.2,0.25,0.3,0.6,0.75,0.85,0.95,0.0,0.0,0.0,0.12,0.03
8,PE_FED,-0.008432,0.1,0.3,0.45,0.65,0.65,0.75,0.85,0.0,0.0,0.0,0.12,0.04
6,PB_FED,-0.008434,0.1,0.15,0.3,0.5,0.65,0.85,0.9,-0.5,0.0,0.0,0.06,0.04
8,PE_PB,-0.008434,0.05,0.15,0.4,0.6,0.65,0.8,0.95,0.0,0.65,0.0,0.1,0.04
8,PB_only,-0.008437,0.15,0.25,0.4,0.5,0.7,0.8,0.85,0.0,0.0,0.0,0.06,0.05
6,PE_only,-0.008447,0.1,0.2,0.35,0.65,0.75,0.8,0.95,0.0,0.0,0.0,0.08,0.04
6,PB_FED,-0.008448,0.15,0.25,0.35,0.5,0.7,0.75,0.9,0.0,0.0,0.0,0.06,0.04
8,PE_only,-0.00845,0.15,0.25,0.35,0.55,0.65,0.75,0.95,0.0,0.0,0.0,0.1,0.03
6,PB_FED,-0.008453,0.15,0.2,0.35,0.5,0.65,0.85,0.9,-0.5,0.0,0.0,0.1,0.03
8,PE_FED,-0.008456,0.1,0.3,0.35,0.65,0.75,0.85,0.9,0.0,0.0,0.0,0.12,0.05
6,PE_FED,-0.008458,0.1,0.2,0.3,0.7,0.7,0.8,0.95,0.0,0.0,0.0,0.1,0.04
8,PB_only,-0.008462,0.2,0.3,0.4,0.55,0.65,0.8,0.95,0.0,0.0,0.0,0.1,0.03
8,PB_only,-0.008465,0.1,0.3,0.45,0.55,0.65,0.8,0.9,0.0,0.0,0.0,0.08,0.05
6,PE_only,-0.00847,0.1,0.15,0.4,0.7,0.65,0.75,0.9,0.0,0.0,0.0,0.06,0.04
8,PE_only,-0.00847,0.1,0.3,0.4,0.6,0.65,0.75,0.95,0.0,0.0,0.0,0.12,0.05
6,PB_FED,-0.008473,0.1,0.15,0.3,0.5,0.75,0.85,0.9,-0.5,0.0,0.0,0.12,0.04
8,PE_only,-0.008475,0.05,0.3,0.4,0.6,0.65,0.75,0.95,0.0,0.0,0.0,0.1,0.05
8,PE_only,-0.008475,0.05,0.3,0.4,0.6,0.65,0.75,0.95,0.0,0.0,0.0,0.08,0.05
8,PE_FED,-0.008479,0.2,0.25,0.35,0.6,0.75,0.85,0.9,0.0,0.0,0.0,0.12,0.04
6,PE_only,-0.008483,0.1,0.25,0.35,0.7,0.7,0.85,0.95,0.0,0.0,0.0,0.1,0.03
8,PE_only,-0.008484,0.1,0.2,0.3,0.6,0.75,0.8,0.9,0.0,0.0,0.0,0.08,0.04
8,PE_only,-0.008485,0.2,0.25,0.45,0.6,0.75,0.8,0.95,0.0,0.0,0.0,0.1,0.05
8,PE_only,-0.008485,0.2,0.25,0.45,0.6,0.65,0.8,0.95,0.0,0.0,0.0,0.1,0.05
8,PE_only,-0.008487,0.05,0.25,0.35,0.55,0.7,0.75,0.95,0.0,0.0,0.0,0.06,0.03
6,PE_only,-0.008492,0.05,0.25,0.45,0.7,0.75,0.8,0.95,0.0,0.0,0.0,0.12,0.05
8,PE_only,-0.008494,0.15,0.2,0.3,0.65,0.75,0.8,0.85,0.0,0.0,0.0,0.06,0.04
8,PE_only,-0.008497,0.2,0.25,0.35,0.7,0.75,0.8,0.85,0.0,0.0,0.0,0.08,0.04
8,PE_PB_FED,-0.008497,0.15,0.2,0.3,0.7,0.75,0.8,0.9,-0.5,0.65,0.75,0.06,0.05
8,PE_FED,-0.008505,0.15,0.25,0.35,0.6,0.7,0.8,0.85,0.0,0.0,0.0,0.06,0.03
6,PB_only,-0.008507,0.05,0.25,0.45,0.6,0.65,0.8,0.9,0.0,0.0,0.0,0.06,0.05
8,PE_FED,-0.008512,0.1,0.25,0.45,0.65,0.75,0.8,0.85,-0.5,0.0,0.0,0.08,0.05
6,PB_only,-0.008523,0.15,0.3,0.35,0.6,0.7,0.8,0.9,0.0,0.0,0.0,0.1,0.05
6,PE_only,-0.008528,0.1,0.2,0.4,0.65,0.65,0.75,0.95,0.0,0.0,0.0,0.12,0.04
8,PE_PB,-0.008528,0.05,0.15,0.3,0.7,0.75,0.8,0.9,0.0,0.65,0.0,0.1,0.03
8,PB_only,-0.008533,0.1,0.3,0.35,0.5,0.75,0.8,0.85,0.0,0.0,0.0,0.1,0.04
6,PB_FED,-0.008536,0.2,0.3,0.45,0.6,0.7,0.75,0.9,-0.5,0.0,0.0,0.08,0.05
8,PB_FED,-0.008537,0.15,0.2,0.45,0.5,0.7,0.75,0.95,0.5,0.0,0.0,0.08,0.04
6,PB_only,-0.008539,0.1,0.15,0.3,0.5,0.65,0.75,0.95,0.0,0.0,0.0,0.1,0.04
8,PE_PB_FED,-0.008542,0.1,0.15,0.35,0.7,0.75,0.85,0.9,0.0,0.6,0.8,0.1,0.04
8,PB_only,-0.008548,0.05,0.15,0.45,0.5,0.75,0.85,0.9,0.0,0.0,0.0,0.08,0.05
6,PE_FED,-0.008549,0.05,0.15,0.35,0.7,0.7,0.75,0.95,0.0,0.0,0.0,0.12,0.03
6,PB_only,-0.008553,0.05,0.2,0.35,0.5,0.7,0.75,0.9,0.0,0.0,0.0,0.08,0.03
8,PE_only,-0.008554,0.05,0.2,0.35,0.65,0.65,0.8,0.85,0.0,0.0,0.0,0.08,0.04
8,PB_FED,-0.008559,0.1,0.2,0.35,0.55,0.65,0.85,0.95,0.5,0.0,0.0,0.1,0.03
6,PB_only,-0.008565,0.15,0.2,0.35,0.6,0.75,0.85,0.95,0.0,0.0,0.0,0.08,0.05
6,PB_only,-0.008565,0.1,0.2,0.35,0.6,0.65,0.85,0.95,0.0,0.0,0.0,0.1,0.05
8,PE_FED,-0.008567,0.1,0.3,0.45,0.7,0.65,0.8,0.85,0.0,0.0,0.0,0.12,0.03
8,PE_only,-0.008568,0.05,0.2,0.35,0.6,0.65,0.8,0.9,0.0,0.0,0.0,0.12,0.04
8,PE_FED,-0.008572,0.15,0.25,0.4,0.6,0.75,0.85,0.9,0.0,0.0,0.0,0.08,0.05
8,PE_only,-0.008574,0.2,0.3,0.4,0.6,0.65,0.75,0.95,0.0,0.0,0.0,0.12,0.03
8,PE_only,-0.008576,0.05,0.25,0.45,0.7,0.7,0.8,0.85,0.0,0.0,0.0,0.1,0.04
6,PE_only,-0.00858,0.2,0.25,0.45,0.7,0.7,0.8,0.95,0.0,0.0,0.0,0.1,0.03
6,PB_only,-0.00858,0.1,0.2,0.4,0.55,0.65,0.75,0.9,0.0,0.0,0.0,0.1,0.05
8,PE_only,-0.008581,0.15,0.2,0.35,0.6,0.75,0.8,0.9,0.0,0.0,0.0,0.12,0.04
6,PB_FED,-0.008583,0.15,0.3,0.35,0.6,0.65,0.8,0.85,-0.5,0.0,0.0,0.08,0.05
6,PE_FED,-0.008584,0.2,0.25,0.3,0.7,0.7,0.75,0.95,-0.5,0.0,0.0,0.1,0.03
8,PB_FED,-0.008587,0.1,0.25,0.35,0.55,0.75,0.8,0.85,0.5,0.0,0.0,0.08,0.04
8,PE_FED,-0.008589,0.2,0.3,0.45,0.6,0.7,0.75,0.9,0.0,0.0,0.0,0.1,0.05
8,PB_only,-0.00859,0.15,0.25,0.4,0.5,0.65,0.8,0.95,0.0,0.0,0.0,0.06,0.03
8,PE_PB_FED,-0.008591,0.1,0.25,0.4,0.7,0.65,0.75,0.95,0.0,0.5,0.75,0.08,0.03
8,PE_PB_FED,-0.008591,0.2,0.25,0.3,0.65,0.65,0.75,0.9,0.0,0.65,0.8,0.12,0.03
8,PE_FED,-0.008592,0.05,0.2,0.45,0.6,0.65,0.85,0.9,-0.5,0.0,0.0,0.12,0.04
8,PB_FED,-0.008596,0.1,0.25,0.45,0.6,0.65,0.8,0.95,0.5,0.0,0.0,0.08,0.05
6,PB_FED,-0.008602,0.15,0.25,0.45,0.6,0.65,0.85,0.95,-0.5,0.0,0.0,0.08,0.05
6,PB_FED,-0.008602,0.05,0.15,0.35,0.5,0.75,0.85,0.95,0.0,0.0,0.0,0.12,0.03
8,PE_PB_FED,-0.008606,0.1,0.15,0.4,0.6,0.65,0.75,0.9,0.0,0.55,0.7,0.1,0.03
8,PB_FED,-0.008606,0.2,0.3,0.4,0.65,0.65,0.85,0.9,0.5,0.0,0.0,0.1,0.03
8,PE_FED,-0.008611,0.05,0.2,0.45,0.5,0.65,0.75,0.95,-0.5,0.0,0.0,0.1,0.05
6,PB_FED,-0.008613,0.05,0.3,0.45,0.7,0.65,0.85,0.95,0.0,0.0,0.0,0.1,0.05
8,PB_FED,-0.008615,0.15,0.3,0.45,0.65,0.65,0.75,0.85,0.5,0.0,0.0,0.08,0.05
6,PB_FED,-0.008622,0.15,0.25,0.45,0.55,0.75,0.8,0.85,0.0,0.0,0.0,0.06,0.03
8,PE_only,-0.008624,0.05,0.2,0.35,0.65,0.65,0.85,0.9,0.0,0.0,0.0,0.1,0.03
8,PB_FED,-0.008624,0.2,0.25,0.4,0.65,0.7,0.85,0.9,0.5,0.0,0.0,0.12,0.05
8,PE_only,-0.008626,0.15,0.3,0.4,0.7,0.7,0.75,0.85,0.0,0.0,0.0,0.08,0.04
6,PB_only,-0.008629,0.1,0.2,0.4,0.6,0.65,0.85,0.9,0.0,0.0,0.0,0.08,0.05
8,PE_FED,-0.008638,0.2,0.25,0.4,0.6,0.65,0.85,0.9,0.0,0.0,0.0,0.1,0.04
8,PB_only,-0.008639,0.1,0.25,0.35,0.5,0.75,0.8,0.95,0.0,0.0,0.0,0.12,0.05
8,PE_only,-0.008643,0.1,0.25,0.45,0.65,0.65,0.8,0.9,0.0,0.0,0.0,0.06,0.03
8,PB_FED,-0.008645,0.05,0.25,0.4,0.5,0.65,0.85,0.95,-0.5,0.0,0.0,0.06,0.04
6,PB_only,-0.008649,0.1,0.15,0.45,0.55,0.75,0.85,0.95,0.0,0.0,0.0,0.06,0.03
6,PE_only,-0.00865,0.1,0.15,0.35,0.7,0.7,0.8,0.9,0.0,0.0,0.0,0.12,0.03
8,PB_only,-0.008651,0.1,0.25,0.3,0.5,0.75,0.85,0.95,0.0,0.0,0.0,0.08,0.04
8,PB_only,-0.008651,0.1,0.25,0.3,0.5,0.75,0.85,0.95,0.0,0.0,0.0,0.06,0.04
8,PE_only,-0.008664,0.15,0.25,0.45,0.7,0.65,0.85,0.9,0.0,0.0,0.0,0.08,0.03
8,PE_only,-0.008664,0.15,0.25,0.45,0.7,0.65,0.85,0.9,0.0,0.0,0.0,0.1,0.03
6,PB_only,-0.008668,0.1,0.2,0.4,0.6,0.7,0.85,0.9,0.0,0.0,0.0,0.06,0.05
6,PB_only,-0.00867,0.05,0.2,0.35,0.55,0.65,0.75,0.85,0.0,0.0,0.0,0.08,0.05
6,PB_only,-0.00867,0.05,0.2,0.35,0.55,0.65,0.75,0.85,0.0,0.0,0.0,0.12,0.05
8,PE_PB,-0.008671,0.05,0.15,0.3,0.7,0.75,0.8,0.9,0.0,0.65,0.0,0.12,0.04
6,PE_FED,-0.008673,0.15,0.2,0.35,0.65,0.65,0.75,0.95,-0.5,0.0,0.0,0.06,0.03
8,PB_only,-0.008683,0.1,0.2,0.4,0.5,0.65,0.85,0.95,0.0,0.0,0.0,0.06,0.03
8,PE_only,-0.008688,0.2,0.25,0.4,0.65,0.65,0.8,0.9,0.0,0.0,0.0,0.1,0.03
8,PE_FED,-0.008692,0.1,0.3,0.45,0.5,0.7,0.75,0.95,0.0,0.0,0.0,0.08,0.04
6,PB_only,-0.008694,0.1,0.2,0.4,0.55,0.7,0.85,0.9,0.0,0.0,0.0,0.1,0.04
8,PE_only,-0.008695,0.2,0.25,0.3,0.6,0.75,0.85,0.95,0.0,0.0,0.0,0.08,0.05
8,PB_only,-0.008695,0.1,0.25,0.4,0.5,0.65,0.8,0.9,0.0,0.0,0.0,0.08,0.05
6,PB_FED,-0.008696,0.05,0.2,0.3,0.5,0.7,0.8,0.85,0.0,0.0,0.0,0.12,0.05
8,PE_PB_FED,-0.008698,0.1,0.3,0.45,0.6,0.75,0.8,0.95,0.0,0.65,0.8,0.06,0.04
8,PB_FED,-0.008698,0.15,0.3,0.45,0.65,0.7,0.8,0.85,0.5,0.0,0.0,0.06,0.03
8,PE_only,-0.008702,0.15,0.2,0.35,0.65,0.65,0.8,0.85,0.0,0.0,0.0,0.08,0.03
6,PE_only,-0.008704,0.05,0.25,0.4,0.7,0.7,0.85,0.95,0.0,0.0,0.0,0.1,0.03
8,PB_FED,-0.008704,0.2,0.3,0.45,0.6,0.7,0.75,0.85,0.5,0.0,0.0,0.1,0.03
6,PB_FED,-0.008706,0.05,0.25,0.45,0.55,0.7,0.75,0.85,0.0,0.0,0.0,0.1,0.03
8,PE_only,-0.008708,0.15,0.2,0.45,0.65,0.65,0.75,0.85,0.0,0.0,0.0,0.06,0.04
8,PE_FED,-0.008709,0.1,0.3,0.45,0.65,0.65,0.75,0.85,0.0,0.0,0.0,0.12,0.03
8,PE_only,-0.00871,0.05,0.15,0.45,0.55,0.65,0.85,0.95,0.0,0.0,0.0,0.12,0.03
6,PB_only,-0.008714,0.1,0.15,0.35,0.5,0.65,0.85,0.9,0.0,0.0,0.0,0.06,0.03
8,PE_PB_FED,-0.008717,0.05,0.15,0.45,0.55,0.65,0.75,0.95,0.0,0.5,0.7,0.1,0.05
6,PE_FED,-0.00872,0.05,0.25,0.4,0.7,0.75,0.8,0.95,-0.5,0.0,0.0,0.1,0.04
8,PB_FED,-0.008721,0.15,0.2,0.45,0.6,0.75,0.85,0.95,0.5,0.0,0.0,0.1,0.05
8,PB_FED,-0.008723,0.05,0.3,0.45,0.65,0.7,0.8,0.95,0.5,0.0,0.0,0.06,0.03
6,PB_only,-0.008728,0.2,0.3,0.4,0.6,0.75,0.8,0.85,0.0,0.0,0.0,0.1,0.04
6,PB_FED,-0.008732,0.1,0.3,0.35,0.6,0.75,0.8,0.95,0.0,0.0,0.0,0.1,0.04
8,PB_FED,-0.008739,0.2,0.25,0.45,0.5,0.65,0.85,0.95,-0.5,0.0,0.0,0.1,0.03
8,PE_PB_FED,-0.008741,0.05,0.15,0.35,0.5,0.75,0.85,0.95,0.0,0.65,0.7,0.12,0.05
8,PE_PB_FED,-0.008743,0.1,0.15,0.4,0.65,0.75,0.8,0.9,0.0,0.6,0.7,0.08,0.05
8,PE_FED,-0.008745,0.05,0.25,0.35,0.6,0.75,0.85,0.9,0.0,0.0,0.0,0.06,0.05
6,PB_only,-0.008747,0.1,0.25,0.3,0.55,0.75,0.8,0.85,0.0,0.0,0.0,0.1,0.05
8,PE_only,-0.00875,0.05,0.15,0.3,0.5,0.65,0.8,0.95,0.0,0.0,0.0,0.1,0.04
8,PE_PB_FED,-0.00875,0.1,0.15,0.45,0.7,0.7,0.75,0.95,-0.5,0.5,0.75,0.1,0.03
6,PB_only,-0.008752,0.1,0.2,0.4,0.55,0.75,0.8,0.95,0.0,0.0,0.0,0.06,0.05
6,PB_FED,-0.008753,0.05,0.3,0.35,0.6,0.7,0.85,0.9,-0.5,0.0,0.0,0.08,0.03
6,PB_only,-0.00876,0.05,0.15,0.45,0.55,0.7,0.75,0.9,0.0,0.0,0.0,0.12,0.05
8,PE_only,-0.008762,0.1,0.2,0.3,0.65,0.65,0.8,0.85,0.0,0.0,0.0,0.06,0.05
8,PB_only,-0.008762,0.15,0.3,0.35,0.5,0.7,0.85,0.9,0.0,0.0,0.0,0.08,0.03
8,PE_only,-0.008765,0.1,0.25,0.3,0.55,0.65,0.75,0.95,0.0,0.0,0.0,0.1,0.04
8,PE_PB,-0.008766,0.1,0.15,0.4,0.6,0.7,0.8,0.95,0.0,0.65,0.0,0.06,0.04
6,PB_only,-0.008772,0.1,0.2,0.35,0.55,0.65,0.75,0.95,0.0,0.0,0.0,0.08,0.04
6,PB_only,-0.008774,0.05,0.15,0.4,0.55,0.75,0.85,0.95,0.0,0.0,0.0,0.1,0.04
8,PE_only,-0.008777,0.1,0.3,0.4,0.65,0.7,0.75,0.9,0.0,0.0,0.0,0.12,0.03
8,PE_only,-0.008777,0.1,0.2,0.4,0.65,0.7,0.85,0.9,0.0,0.0,0.0,0.1,0.03
6,PB_FED,-0.008778,0.1,0.3,0.35,0.6,0.65,0.85,0.9,-0.5,0.0,0.0,0.06,0.04
6,PB_FED,-0.008778,0.15,0.3,0.4,0.6,0.75,0.85,0.95,-0.5,0.0,0.0,0.12,0.03
6,PB_only,-0.008782,0.1,0.2,0.4,0.55,0.7,0.75,0.95,0.0,0.0,0.0,0.12,0.05
6,PE_only,-0.008783,0.1,0.15,0.4,0.7,0.7,0.75,0.9,0.0,0.0,0.0,0.1,0.05
8,PE_PB_FED,-0.008783,0.1,0.2,0.4,0.55,0.7,0.75,0.95,-0.5,0.65,0.75,0.1,0.05
6,PB_FED,-0.008784,0.15,0.25,0.4,0.55,0.75,0.85,0.95,0.0,0.0,0.0,0.1,0.03
6,PB_FED,-0.008787,0.05,0.25,0.4,0.6,0.7,0.85,0.9,0.0,0.0,0.0,0.1,0.05
6,PB_only,-0.008788,0.1,0.2,0.35,0.5,0.7,0.75,0.85,0.0,0.0,0.0,0.1,0.03
6,PB_FED,-0.008788,0.05,0.3,0.35,0.55,0.65,0.75,0.9,0.0,0.0,0.0,0.06,0.03
8,PE_PB_FED,-0.008788,0.1,0.2,0.35,0.7,0.65,0.75,0.95,-0.5,0.55,0.75,0.1,0.04
8,PE_only,-0.008789,0.05,0.25,0.3,0.65,0.65,0.85,0.9,0.0,0.0,0.0,0.1,0.04
8,PE_PB_FED,-0.008789,0.15,0.2,0.35,0.5,0.75,0.8,0.95,0.0,0.6,0.7,0.12,0.03
6,PB_only,-0.008791,0.05,0.25,0.35,0.55,0.65,0.8,0.9,0.0,0.0,0.0,0.06,0.05
6,PB_FED,-0.008793,0.2,0.25,0.3,0.55,0.75,0.8,0.95,-0.5,0.0,0.0,0.1,0.04
8,PE_only,-0.008795,0.05,0.3,0.4,0.7,0.65,0.85,0.9,0.0,0.0,0.0,0.06,0.04
8,PE_only,-0.008798,0.15,0.2,0.45,0.55,0.75,0.8,0.95,0.0,0.0,0.0,0.06,0.04
8,PB_only,-0.008802,0.05,0.2,0.45,0.5,0.65,0.8,0.9,0.0,0.0,0.0,0.12,0.05
8,PB_FED,-0.008803,0.05,0.3,0.45,0.7,0.65,0.8,0.95,0.5,0.0,0.0,0.06,0.03
8,PE_FED,-0.008818,0.05,0.25,0.45,0.55,0.7,0.85,0.95,-0.5,0.0,0.0,0.06,0.04
8,PB_FED,-0.008822,0.05,0.2,0.45,0.5,0.65,0.75,0.85,0.5,0.0,0.0,0.12,0.03
8,PB_only,-0.008823,0.15,0.2,0.45,0.5,0.75,0.8,0.95,0.0,0.0,0.0,0.06,0.04
6,PB_only,-0.008824,0.05,0.15,0.4,0.5,0.7,0.75,0.9,0.0,0.0,0.0,0.06,0.04
6,PB_only,-0.008825,0.2,0.3,0.35,0.6,0.65,0.85,0.9,0.0,0.0,0.0,0.1,0.03
8,PE_only,-0.008825,0.1,0.25,0.4,0.55,0.65,0.75,0.95,0.0,0.0,0.0,0.06,0.03
8,PE_only,-0.008825,0.1,0.25,0.4,0.55,0.7,0.75,0.95,0.0,0.0,0.0,0.12,0.03
6,PB_only,-0.008827,0.05,0.15,0.45,0.55,0.75,0.8,0.95,0.0,0.0,0.0,0.08,0.04
8,PE_PB_FED,-0.008827,0.1,0.25,0.4,0.65,0.7,0.8,0.95,0.0,0.55,0.7,0.12,0.04
6,PE_only,-0.008829,0.1,0.3,0.4,0.7,0.7,0.75,0.95,0.0,0.0,0.0,0.08,0.04
8,PE_only,-0.008829,0.05,0.2,0.45,0.55,0.75,0.8,0.95,0.0,0.0,0.0,0.12,0.04
6,PB_only,-0.008831,0.05,0.25,0.35,0.55,0.7,0.8,0.85,0.0,0.0,0.0,0.08,0.05
6,PB_FED,-0.008834,0.05,0.3,0.35,0.6,0.7,0.8,0.85,-0.5,0.0,0.0,0.06,0.03
8,PB_FED,-0.008837,0.05,0.3,0.45,0.6,0.7,0.75,0.95,0.5,0.0,0.0,0.12,0.04
8,PB_FED,-0.008838,0.05,0.3,0.4,0.65,0.7,0.8,0.85,0.5,0.0,0.0,0.06,0.03
8,PE_only,-0.008839,0.2,0.25,0.4,0.7,0.65,0.75,0.85,0.0,0.0,0.0,0.06,0.05
8,PE_FED,-0.008839,0.15,0.25,0.4,0.5,0.75,0.8,0.95,-0.5,0.0,0.0,0.06,0.03
8,PB_only,-0.008839,0.05,0.25,0.35,0.5,0.75,0.8,0.95,0.0,0.0,0.0,0.12,0.05
8,PE_only,-0.00884,0.15,0.25,0.4,0.55,0.75,0.8,0.95,0.0,0.0,0.0,0.08,0.03
8,PB_only,-0.008841,0.05,0.3,0.4,0.5,0.75,0.8,0.85,0.0,0.0,0.0,0.12,0.03
8,PB_FED,-0.008847,0.05,0.2,0.45,0.6,0.65,0.85,0.95,0.5,0.0,0.0,0.08,0.03
8,PE_only,-0.008852,0.15,0.2,0.4,0.65,0.75,0.85,0.9,0.0,0.0,0.0,0.08,0.05
8,PE_PB,-0.008852,0.1,0.15,0.45,0.6,0.7,0.8,0.95,0.0,0.65,0.0,0.1,0.03
6,PB_FED,-0.008856,0.05,0.25,0.45,0.55,0.65,0.75,0.95,0.0,0.0,0.0,0.1,0.05
8,PE_FED,-0.008858,0.05,0.25,0.4,0.55,0.7,0.8,0.9,0.0,0.0,0.0,0.1,0.05
8,PE_PB,-0.008862,0.1,0.2,0.3,0.7,0.75,0.85,0.95,0.0,0.65,0.0,0.12,0.05
8,PE_PB_FED,-0.008865,0.05,0.25,0.35,0.65,0.65,0.75,0.9,0.0,0.65,0.75,0.12,0.05
6,PB_only,-0.00887,0.05,0.25,0.3,0.55,0.65,0.8,0.95,0.0,0.0,0.0,0.12,0.04
6,PB_only,-0.008871,0.2,0.25,0.45,0.6,0.65,0.8,0.85,0.0,0.0,0.0,0.12,0.05
8,PB_only,-0.008872,0.15,0.3,0.4,0.55,0.65,0.85,0.95,0.0,0.0,0.0,0.12,0.05
8,PE_PB,-0.008874,0.05,0.2,0.35,0.65,0.7,0.8,0.95,0.0,0.65,0.0,0.1,0.05
8,PE_PB_FED,-0.008876,0.05,0.15,0.35,0.65,0.75,0.8,0.85,0.0,0.65,0.8,0.12,0.04
6,PB_FED,-0.008879,0.05,0.3,0.45,0.6,0.65,0.75,0.85,-0.5,0.0,0.0,0.08,0.04
8,PE_FED,-0.008881,0.05,0.15,0.3,0.5,0.65,0.75,0.85,0.0,0.0,0.0,0.08,0.03
8,PE_PB_FED,-0.008881,0.05,0.2,0.4,0.6,0.65,0.8,0.95,-0.5,0.6,0.75,0.06,0.04
6,PB_only,-0.008882,0.05,0.15,0.35,0.5,0.65,0.75,0.95,0.0,0.0,0.0,0.06,0.05
6,PB_only,-0.008884,0.15,0.3,0.35,0.6,0.65,0.8,0.95,0.0,0.0,0.0,0.1,0.05
6,PB_FED,-0.008886,0.1,0.25,0.4,0.5,0.65,0.75,0.9,0.0,0.0,0.0,0.08,0.03
8,PB_FED,-0.008888,0.05,0.25,0.45,0.5,0.75,0.85,0.95,-0.5,0.0,0.0,0.12,0.04
8,PE_only,-0.008894,0.05,0.2,0.4,0.65,0.75,0.85,0.9,0.0,0.0,0.0,0.06,0.05
8,PE_only,-0.008894,0.1,0.15,0.35,0.55,0.7,0.75,0.9,0.0,0.0,0.0,0.1,0.04
8,PE_only,-0.008896,0.05,0.25,0.3,0.55,0.65,0.8,0.95,0.0,0.0,0.0,0.12,0.04
8,PE_only,-0.008896,0.05,0.25,0.3,0.55,0.65,0.8,0.95,0.0,0.0,0.0,0.06,0.04
6,PB_only,-0.0089,0.05,0.3,0.4,0.6,0.65,0.75,0.95,0.0,0.0,0.0,0.06,0.04
6,PB_only,-0.0089,0.05,0.2,0.35,0.55,0.65,0.75,0.95,0.0,0.0,0.0,0.08,0.04
6,PB_only,-0.008902,0.15,0.2,0.3,0.5,0.65,0.8,0.9,0.0,0.0,0.0,0.12,0.03
6,PB_FED,-0.00891,0.1,0.25,0.4,0.5,0.65,0.75,0.85,0.0,0.0,0.0,0.06,0.03
8,PE_only,-0.008911,0.1,0.15,0.45,0.65,0.75,0.8,0.85,0.0,0.0,0.0,0.1,0.03
8,PE_FED,-0.008911,0.05,0.2,0.35,0.55,0.75,0.85,0.9,0.0,0.0,0.0,0.08,0.03
8,PB_only,-0.008911,0.05,0.2,0.4,0.5,0.7,0.85,0.9,0.0,0.0,0.0,0.06,0.05
6,PB_only,-0.008913,0.05,0.2,0.4,0.55,0.7,0.75,0.95,0.0,0.0,0.0,0.06,0.04
8,PE_only,-0.008914,0.2,0.25,0.4,0.7,0.65,0.8,0.85,0.0,0.0,0.0,0.06,0.04
6,PB_only,-0.008916,0.15,0.25,0.4,0.6,0.7,0.85,0.9,0.0,0.0,0.0,0.06,0.04
8,PE_FED,-0.008919,0.1,0.2,0.3,0.5,0.7,0.85,0.95,-0.5,0.0,0.0,0.06,0.03
8,PE_PB,-0.00892,0.05,0.2,0.3,0.6,0.65,0.8,0.95,0.0,0.65,0.0,0.1,0.03
6,PE_only,-0.008922,0.1,0.15,0.4,0.7,0.65,0.8,0.9,0.0,0.0,0.0,0.1,0.04
8,PE_only,-0.008924,0.2,0.3,0.35,0.65,0.65,0.75,0.9,0.0,0.0,0.0,0.1,0.04
6,PB_FED,-0.008927,0.15,0.25,0.3,0.5,0.7,0.8,0.95,0.0,0.0,0.0,0.1,0.03
6,PB_only,-0.008928,0.05,0.25,0.45,0.55,0.65,0.75,0.85,0.0,0.0,0.0,0.08,0.03
8,PE_PB_FED,-0.008929,0.05,0.25,0.4,0.6,0.65,0.75,0.95,0.0,0.55,0.75,0.12,0.04
8,PE_only,-0.008932,0.1,0.15,0.45,0.55,0.7,0.85,0.95,0.0,0.0,0.0,0.12,0.03
6,PB_only,-0.008934,0.15,0.3,0.4,0.6,0.65,0.8,0.95,0.0,0.0,0.0,0.08,0.03
8,PB_FED,-0.008934,0.05,0.3,0.45,0.5,0.65,0.85,0.9,-0.5,0.0,0.0,0.06,0.03
8,PE_only,-0.008937,0.1,0.2,0.4,0.65,0.65,0.85,0.9,0.0,0.0,0.0,0.06,0.03
6,PE_only,-0.008938,0.15,0.3,0.4,0.7,0.65,0.8,0.95,0.0,0.0,0.0,0.06,0.04
8,PE_only,-0.008939,0.15,0.2,0.35,0.65,0.75,0.8,0.85,0.0,0.0,0.0,0.08,0.03
8,PE_FED,-0.008939,0.2,0.3,0.35,0.55,0.65,0.8,0.95,-0.5,0.0,0.0,0.1,0.04
6,PE_only,-0.008941,0.15,0.3,0.35,0.7,0.65,0.8,0.95,0.0,0.0,0.0,0.12,0.05
6,PB_only,-0.008941,0.1,0.15,0.4,0.5,0.7,0.75,0.85,0.0,0.0,0.0,0.12,0.04
8,PE_only,-0.008944,0.1,0.2,0.4,0.6,0.7,0.75,0.9,0.0,0.0,0.0,0.1,0.05
6,PE_only,-0.008947,0.05,0.25,0.3,0.65,0.65,0.8,0.95,0.0,0.0,0.0,0.12,0.03
6,PB_FED,-0.008947,0.15,0.25,0.35,0.5,0.7,0.75,0.85,0.0,0.0,0.0,0.06,0.04
6,PB_only,-0.008949,0.05,0.3,0.35,0.6,0.75,0.8,0.9,0.0,0.0,0.0,0.08,0.05
8,PE_only,-0.008951,0.1,0.3,0.4,0.7,0.75,0.85,0.9,0.0,0.0,0.0,0.06,0.03
8,PE_PB_FED,-0.008951,0.15,0.25,0.4,0.65,0.65,0.85,0.95,0.0,0.6,0.75,0.08,0.05
8,PB_only,-0.008951,0.05,0.25,0.45,0.55,0.65,0.85,0.95,0.0,0.0,0.0,0.08,0.04
8,PE_PB_FED,-0.008954,0.05,0.2,0.35,0.7,0.65,0.75,0.9,0.0,0.55,0.75,0.1,0.03
8,PB_FED,-0.008955,0.2,0.25,0.45,0.6,0.7,0.75,0.85,0.5,0.0,0.0,0.12,0.05
8,PE_only,-0.008958,0.1,0.25,0.45,0.7,0.65,0.75,0.85,0.0,0.0,0.0,0.08,0.03
8,PB_only,-0.008959,0.15,0.25,0.35,0.5,0.65,0.85,0.9,0.0,0.0,0.0,0.06,0.05
8,PB_only,-0.008969,0.2,0.25,0.45,0.5,0.7,0.75,0.85,0.0,0.0,0.0,0.12,0.05
6,PE_only,-0.008971,0.05,0.25,0.3,0.65,0.65,0.75,0.95,0.0,0.0,0.0,0.08,0.03
6,PB_only,-0.008972,0.15,0.25,0.35,0.55,0.75,0.8,0.95,0.0,0.0,0.0,0.1,0.04
6,PE_only,-0.008974,0.15,0.2,0.45,0.65,0.65,0.75,0.95,0.0,0.0,0.0,0.08,0.04
6,PB_only,-0.008976,0.1,0.3,0.35,0.6,0.75,0.8,0.95,0.0,0.0,0.0,0.06,0.05
8,PE_FED,-0.008979,0.2,0.3,0.4,0.55,0.7,0.75,0.95,-0.5,0.0,0.0,0.1,0.05
6,PB_only,-0.00898,0.1,0.15,0.45,0.6,0.7,0.85,0.95,0.0,0.0,0.0,0.06,0.05
8,PE_only,-0.008981,0.05,0.25,0.35,0.6,0.65,0.75,0.9,0.0,0.0,0.0,0.1,0.04
6,PB_only,-0.008991,0.1,0.2,0.45,0.55,0.65,0.75,0.85,0.0,0.0,0.0,0.08,0.04
8,PE_only,-0.009001,0.05,0.3,0.4,0.7,0.75,0.85,0.9,0.0,0.0,0.0,0.08,0.03
6,PE_only,-0.009002,0.2,0.3,0.4,0.7,0.75,0.8,0.95,0.0,0.0,0.0,0.08,0.03
6,PB_only,-0.009003,0.05,0.25,0.35,0.55,0.65,0.75,0.9,0.0,0.0,0.0,0.12,0.05
8,PE_PB,-0.009003,0.05,0.15,0.45,0.7,0.7,0.75,0.9,0.0,0.65,0.0,0.08,0.04
8,PB_only,-0.009003,0.15,0.3,0.35,0.5,0.65,0.75,0.95,0.0,0.0,0.0,0.06,0.04
8,PE_FED,-0.009004,0.05,0.3,0.45,0.55,0.65,0.75,0.95,-0.5,0.0,0.0,0.06,0.05
6,PB_only,-0.009007,0.05,0.3,0.45,0.6,0.7,0.8,0.9,0.0,0.0,0.0,0.08,0.03
8,PE_only,-0.009009,0.05,0.2,0.35,0.65,0.7,0.8,0.85,0.0,0.0,0.0,0.06,0.03
6,PB_only,-0.00901,0.15,0.3,0.35,0.55,0.65,0.8,0.9,0.0,0.0,0.0,0.12,0.03
8,PE_only,-0.009011,0.05,0.15,0.4,0.55,0.65,0.75,0.9,0.0,0.0,0.0,0.1,0.03
6,PB_only,-0.009017,0.05,0.3,0.35,0.6,0.65,0.8,0.85,0.0,0.0,0.0,0.12,0.05
6,PB_FED,-0.009019,0.2,0.25,0.35,0.55,0.7,0.8,0.85,-0.5,0.0,0.0,0.1,0.03
6,PB_only,-0.009023,0.15,0.25,0.35,0.55,0.75,0.8,0.95,0.0,0.0,0.0,0.08,0.05
6,PB_only,-0.009024,0.1,0.2,0.35,0.55,0.75,0.85,0.95,0.0,0.0,0.0,0.1,0.05
6,PE_FED,-0.009027,0.05,0.2,0.35,0.65,0.65,0.8,0.95,-0.5,0.0,0.0,0.1,0.03
8,PE_only,-0.009027,0.05,0.25,0.35,0.65,0.65,0.85,0.9,0.0,0.0,0.0,0.08,0.04
6,PB_only,-0.009029,0.1,0.2,0.45,0.55,0.7,0.75,0.85,0.0,0.0,0.0,0.08,0.04
8,PE_only,-0.009033,0.15,0.25,0.4,0.55,0.7,0.75,0.95,0.0,0.0,0.0,0.08,0.04
8,PB_only,-0.009034,0.15,0.25,0.4,0.5,0.65,0.8,0.95,0.0,0.0,0.0,0.08,0.05
8,PE_FED,-0.00904,0.1,0.3,0.4,0.65,0.7,0.8,0.85,0.0,0.0,0.0,0.06,0.03
8,PE_only,-0.00905,0.1,0.2,0.4,0.65,0.7,0.85,0.9,0.0,0.0,0.0,0.06,0.05
8,PE_only,-0.009054,0.15,0.2,0.35,0.55,0.65,0.85,0.95,0.0,0.0,0.0,0.12,0.03
6,PB_only,-0.009064,0.1,0.25,0.3,0.5,0.65,0.75,0.9,0.0,0.0,0.0,0.1,0.04
6,PB_only,-0.009066,0.15,0.25,0.45,0.55,0.65,0.75,0.9,0.0,0.0,0.0,0.06,0.03
8,PE_only,-0.009071,0.05,0.15,0.35,0.6,0.65,0.75,0.85,0.0,0.0,0.0,0.06,0.05
8,PB_only,-0.009071,0.05,0.2,0.45,0.5,0.75,0.85,0.9,0.0,0.0,0.0,0.12,0.04
6,PB_only,-0.009072,0.1,0.25,0.3,0.5,0.7,0.75,0.95,0.0,0.0,0.0,0.1,0.03
8,PB_FED,-0.009072,0.05,0.25,0.45,0.5,0.7,0.75,0.95,0.5,0.0,0.0,0.1,0.03
6,PB_only,-0.009079,0.05,0.3,0.35,0.55,0.65,0.85,0.9,0.0,0.0,0.0,0.08,0.03
8,PE_only,-0.009082,0.05,0.25,0.4,0.55,0.65,0.75,0.95,0.0,0.0,0.0,0.12,0.04
8,PE_FED,-0.009083,0.05,0.15,0.35,0.5,0.65,0.75,0.85,0.0,0.0,0.0,0.1,0.04
8,PE_only,-0.009092,0.05,0.25,0.45,0.7,0.65,0.8,0.85,0.0,0.0,0.0,0.08,0.03
8,PE_only,-0.009093,0.15,0.25,0.4,0.6,0.65,0.75,0.9,0.0,0.0,0.0,0.08,0.04
6,PE_FED,-0.009094,0.1,0.15,0.3,0.65,0.65,0.85,0.95,-0.5,0.0,0.0,0.12,0.03
6,PB_only,-0.009094,0.15,0.2,0.4,0.55,0.65,0.85,0.9,0.0,0.0,0.0,0.1,0.05
8,PE_only,-0.009094,0.1,0.3,0.35,0.65,0.7,0.8,0.9,0.0,0.0,0.0,0.06,0.04
8,PB_only,-0.009094,0.1,0.3,0.35,0.5,0.75,0.8,0.9,0.0,0.0,0.0,0.12,0.04
8,PB_only,-0.009094,0.1,0.3,0.35,0.5,0.7,0.8,0.9,0.0,0.0,0.0,0.12,0.04
6,PE_only,-0.009095,0.15,0.25,0.3,0.65,0.65,0.8,0.95,0.0,0.0,0.0,0.08,0.05
6,PB_only,-0.009095,0.1,0.3,0.45,0.6,0.75,0.8,0.9,0.0,0.0,0.0,0.06,0.04
6,PB_only,-0.009102,0.1,0.25,0.3,0.5,0.7,0.75,0.9,0.0,0.0,0.0,0.12,0.04
6,PB_FED,-0.009104,0.05,0.15,0.35,0.5,0.75,0.8,0.9,-0.5,0.0,0.0,0.1,0.05
8,PE_only,-0.009104,0.1,0.25,0.35,0.6,0.65,0.75,0.9,0.0,0.0,0.0,0.1,0.04
6,PB_only,-0.009105,0.15,0.25,0.45,0.55,0.7,0.75,0.9,0.0,0.0,0.0,0.08,0.03
8,PB_only,-0.009107,0.1,0.2,0.35,0.5,0.65,0.85,0.95,0.0,0.0,0.0,0.06,0.04
8,PB_only,-0.009113,0.2,0.3,0.35,0.5,0.7,0.75,0.9,0.0,0.0,0.0,0.12,0.05
8,PE_only,-0.009114,0.2,0.25,0.45,0.65,0.65,0.8,0.9,0.0,0.0,0.0,0.08,0.04
8,PB_FED,-0.009115,0.2,0.25,0.45,0.55,0.7,0.75,0.95,0.5,0.0,0.0,0.1,0.05
8,PE_only,-0.009119,0.1,0.15,0.3,0.5,0.65,0.8,0.95,0.0,0.0,0.0,0.06,0.04
6,PB_FED,-0.00912,0.15,0.2,0.3,0.5,0.7,0.8,0.95,-0.5,0.0,0.0,0.06,0.05
6,PB_FED,-0.00912,0.15,0.2,0.3,0.5,0.65,0.8,0.95,-0.5,0.0,0.0,0.12,0.05
8,PE_PB,-0.009122,0.1,0.2,0.35,0.65,0.65,0.8,0.95,0.0,0.65,0.0,0.12,0.05
8,PE_PB_FED,-0.009124,0.1,0.3,0.35,0.7,0.7,0.75,0.95,-0.5,0.6,0.8,0.06,0.03
6,PE_FED,-0.009127,0.1,0.25,0.35,0.7,0.7,0.85,0.95,-0.5,0.0,0.0,0.1,0.05
6,PE_FED,-0.009127,0.2,0.25,0.4,0.7,0.65,0.8,0.95,-0.5,0.0,0.0,0.1,0.03
8,PB_FED,-0.009127,0.15,0.2,0.35,0.5,0.65,0.8,0.85,0.5,0.0,0.0,0.12,0.04
6,PE_only,-0.009128,0.2,0.3,0.4,0.7,0.7,0.75,0.95,0.0,0.0,0.0,0.12,0.03
8,PE_only,-0.009128,0.15,0.25,0.45,0.65,0.7,0.8,0.9,0.0,0.0,0.0,0.12,0.05
8,PE_only,-0.009128,0.15,0.25,0.45,0.65,0.7,0.8,0.9,0.0,0.0,0.0,0.06,0.05
6,PB_FED,-0.00913,0.1,0.25,0.35,0.5,0.7,0.75,0.95,-0.5,0.0,0.0,0.1,0.03
6,PE_only,-0.009133,0.05,0.15,0.45,0.65,0.7,0.85,0.95,0.0,0.0,0.0,0.06,0.04
6,PE_FED,-0.00914,0.15,0.2,0.4,0.65,0.75,0.8,0.95,-0.5,0.0,0.0,0.1,0.04
6,PE_FED,-0.009142,0.2,0.25,0.4,0.7,0.7,0.75,0.95,-0.5,0.0,0.0,0.1,0.05
8,PB_only,-0.009142,0.05,0.2,0.45,0.5,0.7,0.85,0.95,0.0,0.0,0.0,0.08,0.03
8,PB_only,-0.009142,0.1,0.3,0.45,0.5,0.75,0.8,0.85,0.0,0.0,0.0,0.1,0.03
8,PE_PB_FED,-0.009143,0.1,0.3,0.45,0.7,0.75,0.85,0.95,-0.5,0.65,0.7,0.08,0.03
6,PB_FED,-0.009145,0.05,0.25,0.45,0.6,0.7,0.85,0.9,-0.5,0.0,0.0,0.1,0.05
8,PE_PB_FED,-0.009147,0.1,0.25,0.45,0.6,0.7,0.8,0.95,-0.5,0.65,0.75,0.12,0.04
6,PB_only,-0.009148,0.05,0.25,0.35,0.55,0.75,0.85,0.9,0.0,0.0,0.0,0.12,0.04
8,PE_FED,-0.009148,0.2,0.3,0.35,0.65,0.7,0.75,0.85,-0.5,0.0,0.0,0.12,0.04
8,PE_only,-0.009154,0.1,0.3,0.35,0.65,0.7,0.75,0.9,0.0,0.0,0.0,0.1,0.05
6,PB_FED,-0.009157,0.15,0.3,0.4,0.6,0.7,0.85,0.9,0.0,0.0,0.0,0.08,0.04
6,PB_only,-0.009158,0.2,0.25,0.35,0.6,0.7,0.85,0.9,0.0,0.0,0.0,0.12,0.04
6,PB_only,-0.009161,0.15,0.25,0.3,0.55,0.75,0.85,0.95,0.0,0.0,0.0,0.08,0.05
6,PB_only,-0.009166,0.05,0.25,0.35,0.55,0.7,0.85,0.95,0.0,0.0,0.0,0.06,0.03
8,PE_only,-0.009167,0.2,0.25,0.4,0.7,0.65,0.8,0.85,0.0,0.0,0.0,0.06,0.05
8,PE_FED,-0.00917,0.2,0.25,0.4,0.6,0.75,0.85,0.9,0.0,0.0,0.0,0.1,0.03
8,PE_only,-0.009171,0.1,0.3,0.35,0.7,0.7,0.8,0.85,0.0,0.0,0.0,0.08,0.04
6,PB_only,-0.009174,0.05,0.2,0.35,0.55,0.7,0.85,0.95,0.0,0.0,0.0,0.12,0.05
6,PE_only,-0.009177,0.05,0.25,0.45,0.7,0.75,0.85,0.95,0.0,0.0,0.0,0.12,0.05
6,PE_only,-0.009177,0.05,0.25,0.45,0.7,0.7,0.85,0.95,0.0,0.0,0.0,0.1,0.05
6,PE_FED,-0.009178,0.15,0.2,0.4,0.65,0.7,0.75,0.95,0.0,0.0,0.0,0.08,0.03
6,PB_FED,-0.009179,0.2,0.25,0.4,0.55,0.75,0.8,0.9,-0.5,0.0,0.0,0.08,0.04
6,PB_FED,-0.009181,0.05,0.25,0.45,0.6,0.65,0.85,0.9,0.0,0.0,0.0,0.06,0.04
6,PB_FED,-0.009183,0.15,0.25,0.45,0.55,0.75,0.8,0.9,-0.5,0.0,0.0,0.1,0.04
8,PB_only,-0.009184,0.2,0.3,0.35,0.5,0.7,0.75,0.95,0.0,0.0,0.0,0.1,0.04
6,PB_only,-0.009185,0.15,0.25,0.4,0.55,0.65,0.8,0.85,0.0,0.0,0.0,0.08,0.05
8,PE_PB,-0.009185,0.1,0.2,0.3,0.6,0.75,0.8,0.95,0.0,0.65,0.0,0.1,0.03
6,PE_only,-0.009194,0.1,0.15,0.3,0.65,0.7,0.75,0.9,0.0,0.0,0.0,0.06,0.04
6,PB_only,-0.009194,0.05,0.25,0.4,0.6,0.65,0.85,0.9,0.0,0.0,0.0,0.1,0.04
8,PE_only,-0.009197,0.05,0.2,0.45,0.65,0.65,0.75,0.85,0.0,0.0,0.0,0.1,0.03
8,PE_only,-0.009198,0.05,0.3,0.35,0.7,0.7,0.8,0.85,0.0,0.0,0.0,0.06,0.04
8,PE_PB_FED,-0.009203,0.15,0.2,0.35,0.65,0.75,0.85,0.95,0.0,0.55,0.8,0.08,0.05
8,PB_only,-0.009205,0.05,0.3,0.45,0.55,0.7,0.8,0.95,0.0,0.0,0.0,0.08,0.04
6,PB_only,-0.009207,0.1,0.2,0.45,0.55,0.65,0.8,0.85,0.0,0.0,0.0,0.1,0.05
6,PE_only,-0.009209,0.2,0.3,0.35,0.7,0.75,0.8,0.95,0.0,0.0,0.0,0.08,0.05
8,PE_only,-0.009209,0.1,0.25,0.3,0.55,0.75,0.8,0.95,0.0,0.0,0.0,0.06,0.05
8,PB_only,-0.009211,0.15,0.3,0.4,0.5,0.7,0.85,0.9,0.0,0.0,0.0,0.08,0.03
8,PB_only,-0.009215,0.05,0.3,0.4,0.5,0.7,0.75,0.9,0.0,0.0,0.0,0.08,0.05
6,PB_only,-0.009216,0.05,0.15,0.45,0.5,0.65,0.75,0.9,0.0,0.0,0.0,0.1,0.03
6,PE_only,-0.009219,0.15,0.2,0.3,0.7,0.7,0.75,0.9,0.0,0.0,0.0,0.12,0.05
8,PB_only,-0.009223,0.2,0.3,0.4,0.55,0.7,0.85,0.9,0.0,0.0,0.0,0.06,0.05
6,PB_FED,-0.009225,0.05,0.2,0.45,0.55,0.7,0.85,0.95,0.0,0.0,0.0,0.06,0.05
8,PE_only,-0.009229,0.15,0.2,0.3,0.6,0.75,0.8,0.9,0.0,0.0,0.0,0.06,0.05
8,PE_PB_FED,-0.00923,0.05,0.25,0.35,0.6,0.65,0.75,0.95,-0.5,0.6,0.7,0.08,0.03
8,PB_FED,-0.00924,0.05,0.3,0.4,0.6,0.65,0.8,0.9,0.5,0.0,0.0,0.08,0.03
6,PB_FED,-0.009247,0.1,0.25,0.45,0.55,0.65,0.8,0.9,-0.5,0.0,0.0,0.08,0.04
8,PE_PB,-0.009247,0.1,0.2,0.35,0.6,0.7,0.75,0.95,0.0,0.65,0.0,0.1,0.03
8,PE_only,-0.009249,0.1,0.25,0.35,0.65,0.65,0.75,0.85,0.0,0.0,0.0,0.12,0.04
8,PE_only,-0.009249,0.1,0.25,0.35,0.65,0.65,0.75,0.85,0.0,0.0,0.0,0.06,0.04
8,PE_FED,-0.009249,0.1,0.2,0.35,0.5,0.65,0.85,0.95,-0.5,0.0,0.0,0.1,0.03
8,PE_only,-0.009251,0.15,0.2,0.4,0.55,0.65,0.85,0.95,0.0,0.0,0.0,0.1,0.03
6,PE_only,-0.009253,0.15,0.25,0.4,0.65,0.7,0.75,0.95,0.0,0.0,0.0,0.1,0.04
8,PE_PB,-0.009254,0.05,0.15,0.35,0.7,0.65,0.75,0.9,0.0,0.65,0.0,0.08,0.05
6,PE_FED,-0.009255,0.15,0.2,0.4,0.65,0.75,0.8,0.95,-0.5,0.0,0.0,0.08,0.05
6,PE_FED,-0.009258,0.1,0.25,0.35,0.7,0.75,0.85,0.95,-0.5,0.0,0.0,0.12,0.03
6,PE_FED,-0.009258,0.1,0.25,0.35,0.7,0.7,0.85,0.95,-0.5,0.0,0.0,0.08,0.03
6,PE_only,-0.009261,0.05,0.15,0.45,0.7,0.75,0.8,0.9,0.0,0.0,0.0,0.12,0.04
6,PE_only,-0.009261,0.05,0.15,0.45,0.7,0.75,0.8,0.9,0.0,0.0,0.0,0.08,0.04
8,PE_PB_FED,-0.009262,0.05,0.3,0.4,0.7,0.65,0.75,0.9,0.0,0.65,0.7,0.12,0.04
8,PE_only,-0.009269,0.1,0.15,0.4,0.6,0.7,0.85,0.9,0.0,0.0,0.0,0.08,0.04
6,PB_only,-0.009273,0.15,0.3,0.35,0.6,0.65,0.8,0.95,0.0,0.0,0.0,0.08,0.04
6,PE_only,-0.009278,0.05,0.15,0.45,0.65,0.75,0.85,0.95,0.0,0.0,0.0,0.1,0.03
8,PE_PB_FED,-0.009279,0.1,0.15,0.35,0.55,0.65,0.75,0.9,0.0,0.55,0.75,0.06,0.04
8,PB_only,-0.00928,0.05,0.25,0.4,0.5,0.7,0.8,0.95,0.0,0.0,0.0,0.06,0.04
6,PB_FED,-0.009289,0.1,0.3,0.35,0.6,0.7,0.85,0.9,0.0,0.0,0.0,0.08,0.04
8,PE_PB_FED,-0.009289,0.15,0.2,0.3,0.6,0.75,0.8,0.95,0.0,0.5,0.7,0.08,0.04
6,PB_only,-0.009291,0.15,0.3,0.35,0.55,0.75,0.8,0.85,0.0,0.0,0.0,0.08,0.04
6,PB_only,-0.009291,0.15,0.3,0.35,0.55,0.7,0.8,0.85,0.0,0.0,0.0,0.12,0.04
8,PE_PB,-0.009296,0.05,0.15,0.4,0.6,0.65,0.75,0.95,0.0,0.6,0.0,0.12,0.03
8,PE_FED,-0.009298,0.15,0.25,0.45,0.6,0.7,0.8,0.85,0.0,0.0,0.0,0.08,0.03
6,PE_only,-0.009303,0.2,0.25,0.45,0.7,0.65,0.75,0.95,0.0,0.0,0.0,0.08,0.04
6,PB_only,-0.009303,0.15,0.25,0.35,0.55,0.7,0.75,0.85,0.0,0.0,0.0,0.12,0.05
8,PB_FED,-0.009303,0.15,0.3,0.35,0.6,0.7,0.8,0.9,0.5,0.0,0.0,0.06,0.05
6,PB_FED,-0.009304,0.15,0.3,0.45,0.6,0.75,0.8,0.95,-0.5,0.0,0.0,0.06,0.05
8,PE_FED,-0.009305,0.15,0.25,0.35,0.6,0.7,0.85,0.9,-0.5,0.0,0.0,0.08,0.03
6,PE_only,-0.009306,0.2,0.3,0.4,0.7,0.75,0.8,0.95,0.0,0.0,0.0,0.08,0.05
8,PE_only,-0.009314,0.05,0.2,0.45,0.65,0.7,0.85,0.9,0.0,0.0,0.0,0.08,0.03
6,PB_FED,-0.00932,0.15,0.3,0.4,0.55,0.75,0.8,0.9,0.0,0.0,0.0,0.1,0.03
6,PE_FED,-0.009324,0.05,0.15,0.3,0.65,0.65,0.8,0.95,0.0,0.0,0.0,0.08,0.05
8,PE_PB_FED,-0.009328,0.05,0.2,0.4,0.65,0.75,0.8,0.9,0.0,0.6,0.7,0.06,0.03
8,PE_only,-0.00933,0.1,0.25,0.35,0.55,0.7,0.8,0.95,0.0,0.0,0.0,0.08,0.04
6,PB_only,-0.009332,0.05,0.2,0.4,0.55,0.65,0.8,0.95,0.0,0.0,0.0,0.12,0.04
6,PB_FED,-0.009335,0.05,0.25,0.3,0.5,0.7,0.8,0.9,0.0,0.0,0.0,0.08,0.03
8,PB_only,-0.009335,0.2,0.3,0.45,0.55,0.7,0.8,0.95,0.0,0.0,0.0,0.08,0.04
8,PE_only,-0.009336,0.15,0.25,0.35,0.65,0.7,0.75,0.85,0.0,0.0,0.0,0.06,0.05
8,PE_only,-0.009337,0.15,0.2,0.35,0.55,0.75,0.85,0.95,0.0,0.0,0.0,0.06,0.05
8,PE_only,-0.009337,0.15,0.2,0.35,0.55,0.7,0.85,0.95,0.0,0.0,0.0,0.12,0.05
6,PB_FED,-0.009343,0.1,0.2,0.45,0.5,0.65,0.75,0.85,0.0,0.0,0.0,0.12,0.05
8,PE_only,-0.009343,0.1,0.2,0.35,0.55,0.75,0.85,0.95,0.0,0.0,0.0,0.08,0.04
8,PE_PB_FED,-0.009346,0.1,0.15,0.3,0.7,0.65,0.8,0.9,0.0,0.5,0.75,0.12,0.03
8,PE_only,-0.009349,0.1,0.15,0.35,0.6,0.7,0.75,0.85,0.0,0.0,0.0,0.1,0.05
8,PE_FED,-0.009353,0.15,0.2,0.45,0.6,0.7,0.8,0.85,-0.5,0.0,0.0,0.06,0.04
8,PE_FED,-0.009355,0.2,0.3,0.45,0.65,0.65,0.85,0.9,-0.5,0.0,0.0,0.12,0.04
8,PB_only,-0.009358,0.15,0.3,0.45,0.55,0.75,0.85,0.95,0.0,0.0,0.0,0.08,0.04
8,PE_only,-0.009368,0.05,0.2,0.4,0.55,0.7,0.85,0.95,0.0,0.0,0.0,0.12,0.04
6,PB_only,-0.009369,0.15,0.2,0.3,0.5,0.75,0.8,0.85,0.0,0.0,0.0,0.06,0.04
8,PE_FED,-0.009369,0.1,0.25,0.3,0.6,0.65,0.85,0.9,-0.5,0.0,0.0,0.12,0.03
8,PE_only,-0.009372,0.05,0.15,0.4,0.5,0.7,0.8,0.95,0.0,0.0,0.0,0.06,0.04
6,PB_only,-0.009373,0.2,0.25,0.4,0.55,0.7,0.75,0.85,0.0,0.0,0.0,0.06,0.03
6,PB_only,-0.009373,0.2,0.25,0.45,0.55,0.7,0.8,0.9,0.0,0.0,0.0,0.06,0.03
8,PE_FED,-0.009374,0.15,0.3,0.45,0.65,0.75,0.8,0.85,0.0,0.0,0.0,0.08,0.03
8,PB_only,-0.009374,0.2,0.25,0.45,0.5,0.7,0.8,0.9,0.0,0.0,0.0,0.1,0.04
8,PB_FED,-0.009378,0.1,0.15,0.3,0.6,0.7,0.75,0.95,1.0,0.0,0.0,0.06,0.05
6,PB_only,-0.009383,0.1,0.3,0.35,0.55,0.7,0.8,0.85,0.0,0.0,0.0,0.08,0.04
6,PE_only,-0.009387,0.15,0.25,0.3,0.7,0.7,0.75,0.9,0.0,0.0,0.0,0.08,0.04
8,PE_only,-0.009388,0.2,0.25,0.45,0.6,0.7,0.85,0.95,0.0,0.0,0.0,0.12,0.03
8,PB_only,-0.009388,0.2,0.3,0.45,0.5,0.7,0.75,0.9,0.0,0.0,0.0,0.06,0.04
6,PB_FED,-0.009389,0.1,0.2,0.4,0.5,0.7,0.85,0.95,0.0,0.0,0.0,0.08,0.03
8,PB_FED,-0.009389,0.15,0.25,0.45,0.55,0.75,0.8,0.9,0.5,0.0,0.0,0.06,0.03
8,PE_PB_FED,-0.009395,0.05,0.15,0.3,0.6,0.7,0.8,0.85,0.0,0.65,0.8,0.12,0.04
8,PE_FED,-0.009396,0.05,0.15,0.45,0.7,0.65,0.8,0.95,0.5,0.0,0.0,0.1,0.04
8,PE_PB_FED,-0.009397,0.05,0.2,0.45,0.6,0.7,0.75,0.95,-0.5,0.6,0.7,0.08,0.05
8,PB_only,-0.009398,0.1,0.2,0.45,0.5,0.65,0.85,0.9,0.0,0.0,0.0,0.06,0.05
8,PB_FED,-0.009402,0.1,0.2,0.35,0.5,0.7,0.8,0.95,0.5,0.0,0.0,0.06,0.05
6,PB_only,-0.009411,0.1,0.25,0.4,0.55,0.7,0.75,0.9,0.0,0.0,0.0,0.1,0.05
6,PB_FED,-0.009415,0.15,0.3,0.4,0.55,0.7,0.75,0.85,-0.5,0.0,0.0,0.12,0.04
6,PB_only,-0.009416,0.1,0.25,0.35,0.55,0.7,0.85,0.9,0.0,0.0,0.0,0.1,0.05
8,PE_only,-0.009416,0.1,0.3,0.35,0.6,0.75,0.85,0.95,0.0,0.0,0.0,0.12,0.03
8,PE_only,-0.009416,0.15,0.3,0.35,0.7,0.65,0.8,0.85,0.0,0.0,0.0,0.12,0.05
6,PB_only,-0.009418,0.15,0.2,0.45,0.55,0.7,0.85,0.95,0.0,0.0,0.0,0.1,0.03
6,PE_only,-0.009419,0.1,0.25,0.35,0.65,0.7,0.75,0.95,0.0,0.0,0.0,0.1,0.05
8,PB_only,-0.009423,0.2,0.25,0.45,0.5,0.65,0.75,0.95,0.0,0.0,0.0,0.1,0.04
6,PB_only,-0.00943,0.1,0.25,0.3,0.5,0.65,0.8,0.85,0.0,0.0,0.0,0.08,0.03
8,PB_only,-0.00943,0.05,0.3,0.4,0.55,0.75,0.85,0.95,0.0,0.0,0.0,0.1,0.05
6,PB_FED,-0.009433,0.15,0.25,0.45,0.55,0.75,0.85,0.95,0.0,0.0,0.0,0.06,0.03
8,PE_FED,-0.009434,0.1,0.2,0.3,0.5,0.75,0.8,0.9,0.0,0.0,0.0,0.06,0.05
8,PE_PB_FED,-0.009434,0.15,0.3,0.45,0.65,0.7,0.8,0.95,0.0,0.6,0.8,0.12,0.05
6,PE_only,-0.009437,0.05,0.3,0.45,0.7,0.7,0.75,0.95,0.0,0.0,0.0,0.08,0.03
6,PE_only,-0.009438,0.1,0.25,0.4,0.65,0.7,0.75,0.95,0.0,0.0,0.0,0.08,0.04
8,PE_PB_FED,-0.009439,0.05,0.15,0.35,0.7,0.65,0.8,0.85,0.0,0.6,0.8,0.06,0.03
8,PE_only,-0.009443,0.05,0.15,0.4,0.6,0.7,0.75,0.85,0.0,0.0,0.0,0.1,0.03
8,PB_only,-0.009443,0.15,0.3,0.45,0.55,0.75,0.85,0.95,0.0,0.0,0.0,0.12,0.05
6,PB_only,-0.009446,0.15,0.25,0.4,0.55,0.7,0.85,0.95,0.0,0.0,0.0,0.08,0.03
8,PE_PB,-0.009452,0.1,0.15,0.45,0.6,0.75,0.8,0.95,0.0,0.65,0.0,0.06,0.04
8,PE_FED,-0.009452,0.1,0.15,0.35,0.55,0.7,0.85,0.9,-0.5,0.0,0.0,0.12,0.03
8,PE_PB_FED,-0.009452,0.2,0.25,0.35,0.65,0.65,0.75,0.95,0.0,0.55,0.8,0.1,0.05
6,PE_only,-0.009457,0.1,0.25,0.35,0.65,0.7,0.8,0.95,0.0,0.0,0.0,0.12,0.05
8,PE_FED,-0.009459,0.05,0.3,0.4,0.65,0.7,0.8,0.85,0.0,0.0,0.0,0.08,0.03
8,PB_only,-0.009464,0.1,0.3,0.45,0.5,0.7,0.8,0.9,0.0,0.0,0.0,0.06,0.03
6,PE_only,-0.009469,0.05,0.25,0.35,0.65,0.65,0.75,0.95,0.0,0.0,0.0,0.08,0.05
8,PB_only,-0.009471,0.05,0.15,0.45,0.5,0.65,0.85,0.95,0.0,0.0,0.0,0.1,0.04
8,PB_only,-0.009473,0.15,0.25,0.45,0.5,0.65,0.85,0.9,0.0,0.0,0.0,0.1,0.04
8,PE_PB,-0.009474,0.2,0.25,0.4,0.7,0.65,0.8,0.95,0.0,0.65,0.0,0.08,0.03
6,PE_only,-0.009477,0.05,0.15,0.45,0.7,0.65,0.75,0.9,0.0,0.0,0.0,0.08,0.03
6,PB_only,-0.009478,0.1,0.2,0.3,0.5,0.7,0.8,0.9,0.0,0.0,0.0,0.1,0.04
8,PB_only,-0.009483,0.1,0.25,0.4,0.5,0.75,0.8,0.85,0.0,0.0,0.0,0.08,0.05
8,PB_only,-0.009489,0.05,0.25,0.45,0.5,0.65,0.8,0.85,0.0,0.0,0.0,0.12,0.05
8,PB_only,-0.009489,0.05,0.25,0.45,0.5,0.65,0.8,0.85,0.0,0.0,0.0,0.06,0.05
8,PE_PB,-0.009493,0.15,0.25,0.45,0.7,0.7,0.8,0.95,0.0,0.65,0.0,0.06,0.04
8,PE_only,-0.009504,0.15,0.2,0.45,0.65,0.7,0.8,0.85,0.0,0.0,0.0,0.12,0.04
6,PB_FED,-0.009507,0.05,0.15,0.4,0.5,0.7,0.85,0.9,-0.5,0.0,0.0,0.1,0.03
6,PB_only,-0.009516,0.1,0.2,0.35,0.5,0.65,0.85,0.9,0.0,0.0,0.0,0.08,0.03
8,PB_FED,-0.009517,0.05,0.3,0.45,0.65,0.7,0.85,0.9,0.5,0.0,0.0,0.1,0.03
8,PB_only,-0.009523,0.1,0.25,0.35,0.5,0.75,0.85,0.95,0.0,0.0,0.0,0.06,0.05
8,PE_PB_FED,-0.009525,0.15,0.2,0.35,0.55,0.7,0.75,0.95,0.0,0.5,0.7,0.06,0.05
6,PE_only,-0.009526,0.2,0.25,0.3,0.65,0.65,0.8,0.95,0.0,0.0,0.0,0.1,0.03
6,PE_only,-0.009526,0.2,0.25,0.3,0.65,0.7,0.8,0.95,0.0,0.0,0.0,0.12,0.03
8,PE_only,-0.009529,0.15,0.25,0.3,0.6,0.75,0.8,0.9,0.0,0.0,0.0,0.06,0.04
6,PB_only,-0.009532,0.1,0.25,0.4,0.55,0.65,0.8,0.95,0.0,0.0,0.0,0.06,0.05
6,PB_only,-0.009533,0.1,0.25,0.3,0.55,0.65,0.85,0.95,0.0,0.0,0.0,0.12,0.04
8,PE_only,-0.009541,0.1,0.15,0.4,0.6,0.65,0.75,0.85,0.0,0.0,0.0,0.12,0.05
6,PE_only,-0.009543,0.1,0.25,0.4,0.65,0.65,0.75,0.95,0.0,0.0,0.0,0.08,0.05
8,PE_only,-0.009543,0.1,0.2,0.4,0.55,0.75,0.85,0.95,0.0,0.0,0.0,0.08,0.04
8,PE_PB,-0.009549,0.1,0.15,0.45,0.7,0.65,0.75,0.95,0.0,0.6,0.0,0.1,0.04
8,PB_FED,-0.009549,0.2,0.25,0.45,0.55,0.7,0.75,0.85,0.5,0.0,0.0,0.06,0.04
8,PE_only,-0.00955,0.15,0.2,0.45,0.65,0.65,0.8,0.85,0.0,0.0,0.0,0.08,0.05
8,PE_PB_FED,-0.009551,0.1,0.15,0.3,0.55,0.65,0.75,0.85,0.0,0.65,0.7,0.1,0.05
8,PB_FED,-0.009561,0.05,0.25,0.3,0.55,0.75,0.8,0.85,0.5,0.0,0.0,0.1,0.05
8,PE_PB_FED,-0.009563,0.1,0.2,0.4,0.7,0.75,0.85,0.9,0.0,0.65,0.7,0.1,0.05
8,PE_PB_FED,-0.009564,0.05,0.2,0.35,0.7,0.7,0.75,0.85,-0.5,0.65,0.7,0.06,0.04
6,PE_FED,-0.009565,0.05,0.15,0.3,0.7,0.65,0.85,0.95,0.0,0.0,0.0,0.1,0.03
6,PE_only,-0.009567,0.15,0.3,0.45,0.7,0.65,0.8,0.95,0.0,0.0,0.0,0.08,0.05
8,PE_only,-0.009572,0.05,0.15,0.4,0.6,0.75,0.85,0.9,0.0,0.0,0.0,0.1,0.03
8,PB_FED,-0.009579,0.05,0.2,0.45,0.5,0.7,0.75,0.85,0.5,0.0,0.0,0.1,0.04
8,PE_only,-0.009581,0.05,0.25,0.3,0.6,0.65,0.8,0.9,0.0,0.0,0.0,0.06,0.03
6,PB_only,-0.009585,0.05,0.25,0.45,0.55,0.75,0.85,0.9,0.0,0.0,0.0,0.1,0.03
8,PE_only,-0.009588,0.2,0.25,0.4,0.55,0.65,0.75,0.95,0.0,0.0,0.0,0.08,0.03
6,PE_only,-0.00959,0.1,0.2,0.4,0.65,0.75,0.85,0.95,0.0,0.0,0.0,0.1,0.03
6,PE_only,-0.009592,0.05,0.2,0.3,0.7,0.65,0.8,0.9,0.0,0.0,0.0,0.1,0.04
8,PE_FED,-0.009592,0.05,0.2,0.4,0.7,0.65,0.8,0.95,0.5,0.0,0.0,0.06,0.03
8,PE_only,-0.009593,0.1,0.15,0.35,0.6,0.7,0.85,0.9,0.0,0.0,0.0,0.12,0.03
8,PB_FED,-0.009593,0.1,0.2,0.4,0.55,0.65,0.85,0.95,0.5,0.0,0.0,0.1,0.05
6,PB_FED,-0.009597,0.2,0.25,0.35,0.5,0.65,0.75,0.9,-0.5,0.0,0.0,0.06,0.03
8,PE_only,-0.009597,0.15,0.2,0.3,0.5,0.7,0.75,0.95,0.0,0.0,0.0,0.08,0.03
8,PE_only,-0.009599,0.2,0.25,0.3,0.65,0.75,0.85,0.9,0.0,0.0,0.0,0.1,0.04
8,PE_only,-0.009601,0.1,0.15,0.3,0.55,0.75,0.8,0.9,0.0,0.0,0.0,0.08,0.04
6,PE_only,-0.009602,0.1,0.3,0.4,0.7,0.75,0.85,0.95,0.0,0.0,0.0,0.06,0.03
6,PE_only,-0.009602,0.1,0.3,0.4,0.7,0.7,0.85,0.95,0.0,0.0,0.0,0.08,0.03
6,PB_only,-0.009604,0.2,0.25,0.45,0.6,0.75,0.8,0.85,0.0,0.0,0.0,0.12,0.05
6,PB_FED,-0.009605,0.2,0.3,0.35,0.6,0.65,0.85,0.95,0.0,0.0,0.0,0.08,0.05
8,PE_only,-0.009609,0.05,0.15,0.35,0.55,0.7,0.8,0.9,0.0,0.0,0.0,0.08,0.03
8,PE_only,-0.00961,0.2,0.3,0.35,0.7,0.75,0.8,0.85,0.0,0.0,0.0,0.12,0.05
8,PE_only,-0.00961,0.2,0.3,0.35,0.7,0.75,0.8,0.85,0.0,0.0,0.0,0.06,0.05
6,PB_only,-0.009611,0.05,0.25,0.4,0.55,0.7,0.75,0.9,0.0,0.0,0.0,0.06,0.05
6,PE_only,-0.009616,0.1,0.2,0.45,0.7,0.7,0.75,0.9,0.0,0.0,0.0,0.06,0.04
6,PE_only,-0.009617,0.15,0.25,0.45,0.65,0.65,0.8,0.95,0.0,0.0,0.0,0.08,0.03
8,PE_only,-0.00962,0.05,0.2,0.45,0.65,0.75,0.8,0.85,0.0,0.0,0.0,0.12,0.04
8,PB_only,-0.00962,0.15,0.3,0.45,0.5,0.65,0.75,0.85,0.0,0.0,0.0,0.06,0.05
6,PB_only,-0.009621,0.1,0.15,0.45,0.5,0.7,0.75,0.95,0.0,0.0,0.0,0.1,0.03
8,PE_FED,-0.009621,0.2,0.25,0.3,0.5,0.65,0.75,0.9,0.0,0.0,0.0,0.06,0.03
6,PE_only,-0.009624,0.2,0.25,0.45,0.7,0.7,0.85,0.95,0.0,0.0,0.0,0.08,0.03
6,PE_only,-0.009625,0.05,0.2,0.35,0.7,0.7,0.75,0.9,0.0,0.0,0.0,0.06,0.05
8,PE_only,-0.009626,0.05,0.15,0.35,0.55,0.7,0.8,0.9,0.0,0.0,0.0,0.08,0.04
6,PB_only,-0.009627,0.05,0.15,0.45,0.55,0.75,0.85,0.95,0.0,0.0,0.0,0.12,0.04
8,PE_only,-0.009627,0.05,0.3,0.4,0.7,0.65,0.8,0.85,0.0,0.0,0.0,0.06,0.04
6,PE_only,-0.009631,0.15,0.25,0.45,0.65,0.7,0.75,0.95,0.0,0.0,0.0,0.1,0.03
8,PB_only,-0.009634,0.1,0.3,0.45,0.5,0.7,0.75,0.95,0.0,0.0,0.0,0.08,0.05
8,PE_PB_FED,-0.009641,0.05,0.25,0.45,0.6,0.65,0.75,0.95,0.0,0.55,0.8,0.06,0.05
8,PB_only,-0.009641,0.15,0.3,0.35,0.5,0.65,0.8,0.95,0.0,0.0,0.0,0.12,0.03
6,PE_FED,-0.009644,0.05,0.15,0.4,0.65,0.65,0.75,0.95,0.0,0.0,0.0,0.08,0.05
8,PE_only,-0.009645,0.05,0.15,0.45,0.55,0.7,0.75,0.9,0.0,0.0,0.0,0.12,0.04
8,PE_FED,-0.009645,0.15,0.2,0.4,0.5,0.75,0.85,0.95,-0.5,0.0,0.0,0.1,0.05
6,PE_only,-0.009651,0.05,0.25,0.4,0.65,0.7,0.8,0.95,0.0,0.0,0.0,0.12,0.05
8,PE_FED,-0.009651,0.1,0.15,0.3,0.55,0.75,0.8,0.85,-0.5,0.0,0.0,0.08,0.05
8,PB_only,-0.009653,0.1,0.25,0.45,0.5,0.7,0.85,0.9,0.0,0.0,0.0,0.08,0.04
8,PE_FED,-0.009656,0.1,0.2,0.35,0.65,0.7,0.75,0.95,0.5,0.0,0.0,0.12,0.04
6,PB_only,-0.009663,0.15,0.25,0.45,0.55,0.65,0.75,0.85,0.0,0.0,0.0,0.08,0.04
8,PE_PB_FED,-0.009663,0.1,0.3,0.35,0.7,0.75,0.85,0.95,0.0,0.6,0.8,0.08,0.05
6,PE_only,-0.009665,0.05,0.3,0.35,0.7,0.7,0.85,0.95,0.0,0.0,0.0,0.06,0.03
6,PE_only,-0.009665,0.05,0.3,0.35,0.7,0.75,0.85,0.95,0.0,0.0,0.0,0.12,0.03
6,PB_only,-0.009668,0.2,0.3,0.45,0.6,0.7,0.8,0.95,0.0,0.0,0.0,0.08,0.03
6,PB_FED,-0.009668,0.05,0.2,0.35,0.5,0.7,0.85,0.9,0.0,0.0,0.0,0.12,0.04
8,PB_only,-0.009669,0.05,0.2,0.45,0.5,0.7,0.85,0.9,0.0,0.0,0.0,0.1,0.05
8,PE_PB_FED,-0.009674,0.1,0.15,0.4,0.7,0.75,0.8,0.85,0.0,0.6,0.75,0.06,0.03
6,PB_only,-0.009675,0.05,0.3,0.35,0.55,0.7,0.8,0.85,0.0,0.0,0.0,0.1,0.04
6,PE_FED,-0.009676,0.1,0.2,0.45,0.7,0.7,0.8,0.95,0.0,0.0,0.0,0.06,0.05
8,PE_only,-0.009678,0.05,0.3,0.4,0.7,0.65,0.85,0.9,0.0,0.0,0.0,0.08,0.03
8,PE_only,-0.009683,0.1,0.25,0.45,0.55,0.75,0.8,0.95,0.0,0.0,0.0,0.1,0.03
6,PB_only,-0.009684,0.2,0.25,0.35,0.55,0.75,0.85,0.95,0.0,0.0,0.0,0.08,0.03
8,PE_PB,-0.009685,0.1,0.15,0.35,0.65,0.7,0.8,0.95,0.0,0.6,0.0,0.08,0.04
8,PB_FED,-0.009686,0.15,0.2,0.4,0.5,0.65,0.8,0.85,0.5,0.0,0.0,0.12,0.04
8,PE_FED,-0.009687,0.15,0.2,0.35,0.5,0.65,0.8,0.9,0.0,0.0,0.0,0.12,0.05
8,PB_FED,-0.009689,0.15,0.3,0.35,0.6,0.65,0.85,0.95,0.5,0.0,0.0,0.08,0.03
6,PB_only,-0.009695,0.05,0.2,0.4,0.5,0.7,0.75,0.95,0.0,0.0,0.0,0.12,0.03
6,PE_only,-0.009696,0.15,0.25,0.3,0.7,0.7,0.75,0.9,0.0,0.0,0.0,0.06,0.03
6,PB_FED,-0.009701,0.1,0.2,0.45,0.5,0.65,0.8,0.9,-0.5,0.0,0.0,0.08,0.03
8,PB_FED,-0.009703,0.2,0.25,0.35,0.55,0.7,0.85,0.9,0.5,0.0,0.0,0.06,0.03
8,PB_only,-0.009717,0.2,0.3,0.45,0.55,0.65,0.85,0.9,0.0,0.0,0.0,0.12,0.05
6,PB_FED,-0.009719,0.1,0.3,0.4,0.6,0.75,0.85,0.95,-0.5,0.0,0.0,0.08,0.04
8,PB_FED,-0.009723,0.1,0.2,0.3,0.7,0.7,0.75,0.9,1.0,0.0,0.0,0.08,0.03
8,PE_only,-0.009724,0.1,0.25,0.3,0.6,0.65,0.75,0.9,0.0,0.0,0.0,0.12,0.05
8,PE_only,-0.009724,0.1,0.25,0.3,0.6,0.7,0.75,0.9,0.0,0.0,0.0,0.06,0.05
6,PE_only,-0.009726,0.1,0.15,0.35,0.65,0.65,0.75,0.9,0.0,0.0,0.0,0.08,0.03
8,PE_FED,-0.009726,0.05,0.2,0.4,0.5,0.65,0.85,0.95,-0.5,0.0,0.0,0.12,0.05
8,PE_only,-0.009734,0.15,0.25,0.45,0.65,0.65,0.75,0.85,0.0,0.0,0.0,0.06,0.04
6,PB_only,-0.009735,0.15,0.2,0.4,0.5,0.65,0.75,0.85,0.0,0.0,0.0,0.1,0.04
6,PB_only,-0.009741,0.05,0.2,0.4,0.55,0.65,0.85,0.95,0.0,0.0,0.0,0.08,0.05
8,PE_only,-0.009745,0.05,0.15,0.35,0.6,0.7,0.8,0.85,0.0,0.0,0.0,0.08,0.03
8,PB_FED,-0.009754,0.2,0.3,0.35,0.65,0.75,0.85,0.9,0.5,0.0,0.0,0.1,0.05
6,PB_only,-0.009755,0.05,0.3,0.4,0.6,0.65,0.8,0.95,0.0,0.0,0.0,0.08,0.05
8,PE_only,-0.009755,0.2,0.3,0.35,0.65,0.7,0.75,0.9,0.0,0.0,0.0,0.06,0.05
8,PE_only,-0.009757,0.05,0.25,0.3,0.65,0.75,0.8,0.85,0.0,0.0,0.0,0.12,0.04
8,PE_PB_FED,-0.009761,0.05,0.25,0.45,0.65,0.7,0.8,0.9,0.0,0.65,0.75,0.08,0.03
8,PE_PB_FED,-0.009762,0.05,0.15,0.45,0.5,0.75,0.8,0.95,0.0,0.55,0.7,0.1,0.04
8,PB_only,-0.009762,0.2,0.3,0.45,0.55,0.75,0.85,0.9,0.0,0.0,0.0,0.12,0.05
6,PE_only,-0.009763,0.2,0.3,0.4,0.7,0.65,0.8,0.95,0.0,0.0,0.0,0.1,0.05
6,PB_only,-0.009768,0.15,0.2,0.35,0.5,0.7,0.75,0.95,0.0,0.0,0.0,0.1,0.05
8,PE_only,-0.009769,0.2,0.3,0.4,0.7,0.7,0.8,0.85,0.0,0.0,0.0,0.1,0.04
6,PB_FED,-0.00977,0.2,0.25,0.45,0.55,0.65,0.8,0.85,-0.5,0.0,0.0,0.12,0.04
8,PE_PB,-0.009772,0.05,0.2,0.3,0.7,0.65,0.8,0.95,0.0,0.6,0.0,0.12,0.04
8,PE_only,-0.009777,0.05,0.25,0.45,0.65,0.7,0.85,0.9,0.0,0.0,0.0,0.1,0.04
6,PB_only,-0.009778,0.15,0.3,0.45,0.55,0.65,0.85,0.9,0.0,0.0,0.0,0.06,0.03
6,PB_only,-0.009781,0.1,0.3,0.4,0.6,0.65,0.8,0.95,0.0,0.0,0.0,0.12,0.04
8,PE_PB_FED,-0.009781,0.1,0.2,0.3,0.5,0.7,0.75,0.95,-0.5,0.65,0.75,0.1,0.03
8,PB_only,-0.009782,0.05,0.25,0.4,0.5,0.65,0.85,0.95,0.0,0.0,0.0,0.12,0.03
8,PE_only,-0.009783,0.15,0.3,0.45,0.7,0.7,0.8,0.85,0.0,0.0,0.0,0.08,0.03
8,PE_FED,-0.009783,0.05,0.3,0.4,0.55,0.65,0.85,0.95,-0.5,0.0,0.0,0.06,0.03
8,PE_FED,-0.009783,0.05,0.3,0.45,0.65,0.65,0.8,0.85,0.0,0.0,0.0,0.12,0.04
6,PE_only,-0.009784,0.15,0.3,0.35,0.7,0.65,0.85,0.95,0.0,0.0,0.0,0.08,0.03
8,PE_only,-0.009785,0.15,0.2,0.3,0.55,0.65,0.75,0.9,0.0,0.0,0.0,0.1,0.04
6,PE_only,-0.009786,0.2,0.3,0.45,0.7,0.75,0.8,0.95,0.0,0.0,0.0,0.1,0.05
8,PB_only,-0.009791,0.15,0.2,0.45,0.5,0.75,0.85,0.95,0.0,0.0,0.0,0.12,0.05
6,PE_FED,-0.009793,0.2,0.25,0.45,0.7,0.65,0.75,0.95,-0.5,0.0,0.0,0.06,0.03
8,PE_only,-0.009796,0.05,0.25,0.3,0.65,0.75,0.8,0.85,0.0,0.0,0.0,0.06,0.05
8,PE_only,-0.009799,0.2,0.3,0.4,0.65,0.7,0.8,0.9,0.0,0.0,0.0,0.1,0.04
8,PE_FED,-0.0098,0.05,0.3,0.45,0.6,0.7,0.75,0.9,-0.5,0.0,0.0,0.1,0.05
8,PE_only,-0.009805,0.2,0.25,0.4,0.55,0.75,0.8,0.95,0.0,0.0,0.0,0.06,0.03
8,PB_only,-0.009806,0.15,0.3,0.45,0.5,0.75,0.85,0.9,0.0,0.0,0.0,0.1,0.03
6,PE_only,-0.009807,0.1,0.25,0.45,0.65,0.65,0.8,0.95,0.0,0.0,0.0,0.12,0.03
8,PE_FED,-0.009808,0.05,0.2,0.35,0.65,0.75,0.8,0.95,0.5,0.0,0.0,0.1,0.03
8,PE_PB_FED,-0.009813,0.1,0.15,0.45,0.65,0.65,0.8,0.95,-0.5,0.5,0.75,0.08,0.03
6,PB_only,-0.009818,0.15,0.25,0.35,0.55,0.7,0.85,0.95,0.0,0.0,0.0,0.08,0.05
8,PB_FED,-0.009822,0.1,0.3,0.45,0.65,0.75,0.8,0.85,0.5,0.0,0.0,0.1,0.05
6,PB_only,-0.009823,0.15,0.3,0.35,0.55,0.7,0.75,0.95,0.0,0.0,0.0,0.08,0.03
8,PE_PB_FED,-0.009827,0.1,0.25,0.4,0.7,0.75,0.85,0.9,0.0,0.65,0.7,0.06,0.04
6,PB_only,-0.009831,0.1,0.3,0.4,0.55,0.65,0.8,0.85,0.0,0.0,0.0,0.06,0.04
8,PE_PB_FED,-0.009839,0.05,0.3,0.45,0.7,0.75,0.8,0.95,-0.5,0.6,0.8,0.1,0.03
8,PB_FED,-0.009839,0.2,0.3,0.4,0.65,0.75,0.8,0.85,0.5,0.0,0.0,0.06,0.05
8,PE_only,-0.009841,0.15,0.3,0.45,0.7,0.65,0.8,0.85,0.0,0.0,0.0,0.1,0.04
8,PB_only,-0.009845,0.05,0.3,0.45,0.5,0.7,0.8,0.9,0.0,0.0,0.0,0.06,0.03
6,PB_only,-0.009846,0.1,0.25,0.3,0.5,0.7,0.75,0.95,0.0,0.0,0.0,0.12,0.05
6,PE_only,-0.00985,0.05,0.25,0.35,0.7,0.7,0.75,0.9,0.0,0.0,0.0,0.12,0.04
8,PE_only,-0.009851,0.1,0.15,0.4,0.5,0.75,0.8,0.95,0.0,0.0,0.0,0.1,0.05
8,PE_only,-0.009856,0.15,0.25,0.45,0.6,0.65,0.75,0.9,0.0,0.0,0.0,0.08,0.03
8,PE_PB,-0.009856,0.05,0.2,0.35,0.7,0.65,0.75,0.9,0.0,0.65,0.0,0.1,0.04
6,PE_FED,-0.009858,0.15,0.25,0.3,0.65,0.7,0.75,0.95,-0.5,0.0,0.0,0.1,0.05
8,PE_only,-0.009859,0.15,0.25,0.3,0.65,0.75,0.8,0.85,0.0,0.0,0.0,0.06,0.03
8,PE_FED,-0.00986,0.1,0.15,0.3,0.5,0.65,0.85,0.9,0.0,0.0,0.0,0.1,0.05
8,PE_only,-0.009861,0.05,0.15,0.4,0.55,0.7,0.8,0.9,0.0,0.0,0.0,0.12,0.04
8,PE_PB,-0.009861,0.1,0.2,0.45,0.7,0.65,0.85,0.95,0.0,0.65,0.0,0.06,0.04
6,PE_FED,-0.009868,0.2,0.25,0.45,0.7,0.65,0.8,0.95,-0.5,0.0,0.0,0.1,0.04
6,PB_FED,-0.00987,0.15,0.2,0.4,0.5,0.7,0.8,0.85,-0.5,0.0,0.0,0.1,0.03
6,PE_FED,-0.009871,0.05,0.2,0.45,0.65,0.65,0.8,0.95,-0.5,0.0,0.0,0.1,0.03
8,PE_PB_FED,-0.009872,0.2,0.25,0.3,0.55,0.7,0.8,0.95,0.0,0.6,0.75,0.06,0.05
8,PB_FED,-0.009872,0.15,0.3,0.45,0.6,0.65,0.85,0.9,0.5,0.0,0.0,0.06,0.03
8,PB_FED,-0.009873,0.15,0.3,0.45,0.6,0.65,0.75,0.85,0.5,0.0,0.0,0.12,0.05
8,PE_FED,-0.009875,0.05,0.3,0.4,0.55,0.7,0.85,0.95,-0.5,0.0,0.0,0.06,0.04
6,PE_only,-0.009876,0.1,0.3,0.35,0.7,0.65,0.85,0.95,0.0,0.0,0.0,0.06,0.04
8,PE_only,-0.009877,0.2,0.3,0.45,0.7,0.7,0.85,0.9,0.0,0.0,0.0,0.06,0.03
8,PE_PB_FED,-0.009879,0.1,0.2,0.3,0.7,0.75,0.85,0.95,-0.5,0.55,0.8,0.12,0.04
6,PB_only,-0.009885,0.15,0.25,0.3,0.5,0.7,0.75,0.95,0.0,0.0,0.0,0.06,0.05
8,PE_PB_FED,-0.009892,0.15,0.2,0.3,0.65,0.75,0.8,0.85,0.0,0.65,0.7,0.12,0.04
8,PE_only,-0.009896,0.05,0.2,0.3,0.6,0.7,0.75,0.85,0.0,0.0,0.0,0.06,0.04
8,PB_FED,-0.009896,0.1,0.25,0.45,0.55,0.65,0.8,0.85,0.5,0.0,0.0,0.1,0.04
8,PB_FED,-0.0099,0.15,0.3,0.4,0.5,0.7,0.75,0.9,0.5,0.0,0.0,0.1,0.03
6,PB_only,-0.009901,0.1,0.25,0.45,0.55,0.75,0.8,0.9,0.0,0.0,0.0,0.06,0.05
6,PB_only,-0.009906,0.05,0.25,0.3,0.5,0.65,0.75,0.95,0.0,0.0,0.0,0.08,0.05
8,PE_only,-0.00991,0.05,0.25,0.45,0.65,0.65,0.75,0.85,0.0,0.0,0.0,0.08,0.04
8,PE_PB,-0.009911,0.05,0.2,0.35,0.7,0.65,0.75,0.95,0.0,0.6,0.0,0.12,0.04
8,PE_PB_FED,-0.009916,0.05,0.25,0.45,0.7,0.75,0.85,0.95,-0.5,0.6,0.7,0.08,0.03
8,PE_only,-0.009921,0.1,0.25,0.35,0.65,0.65,0.85,0.9,0.0,0.0,0.0,0.08,0.03
8,PE_PB_FED,-0.009922,0.05,0.15,0.35,0.55,0.65,0.75,0.85,0.0,0.65,0.7,0.1,0.05
8,PB_FED,-0.009922,0.05,0.3,0.45,0.6,0.7,0.8,0.95,0.5,0.0,0.0,0.1,0.03
6,PB_FED,-0.009927,0.1,0.2,0.35,0.5,0.75,0.8,0.85,0.0,0.0,0.0,0.06,0.05
8,PE_only,-0.009927,0.1,0.3,0.45,0.65,0.75,0.8,0.9,0.0,0.0,0.0,0.1,0.03
8,PE_only,-0.009932,0.15,0.2,0.35,0.6,0.65,0.75,0.85,0.0,0.0,0.0,0.08,0.04
8,PE_FED,-0.009934,0.05,0.15,0.45,0.55,0.75,0.85,0.9,-0.5,0.0,0.0,0.1,0.04
6,PB_FED,-0.009935,0.1,0.25,0.45,0.55,0.7,0.8,0.95,-0.5,0.0,0.0,0.12,0.04
8,PB_only,-0.009936,0.15,0.3,0.45,0.5,0.65,0.8,0.9,0.0,0.0,0.0,0.06,0.04
8,PE_PB_FED,-0.009937,0.05,0.2,0.35,0.65,0.7,0.8,0.9,-0.5,0.65,0.7,0.06,0.05
8,PE_only,-0.009939,0.05,0.15,0.4,0.6,0.65,0.8,0.85,0.0,0.0,0.0,0.1,0.05
6,PE_only,-0.009941,0.1,0.2,0.45,0.7,0.7,0.75,0.9,0.0,0.0,0.0,0.06,0.03
8,PE_FED,-0.009942,0.1,0.3,0.35,0.6,0.65,0.8,0.85,0.0,0.0,0.0,0.12,0.04
8,PE_only,-0.009944,0.1,0.3,0.35,0.65,0.65,0.8,0.9,0.0,0.0,0.0,0.06,0.05
8,PE_only,-0.009945,0.15,0.25,0.4,0.6,0.7,0.75,0.9,0.0,0.0,0.0,0.1,0.05
6,PB_FED,-0.00995,0.05,0.25,0.35,0.55,0.7,0.85,0.9,0.0,0.0,0.0,0.06,0.05
6,PB_only,-0.009955,0.15,0.2,0.4,0.5,0.65,0.8,0.85,0.0,0.0,0.0,0.06,0.03
8,PE_only,-0.009956,0.2,0.25,0.4,0.65,0.65,0.85,0.9,0.0,0.0,0.0,0.06,0.04
6,PB_only,-0.009959,0.1,0.15,0.3,0.5,0.65,0.8,0.95,0.0,0.0,0.0,0.1,0.04
6,PB_only,-0.009963,0.1,0.3,0.35,0.6,0.75,0.85,0.95,0.0,0.0,0.0,0.08,0.03
6,PB_only,-0.009965,0.05,0.3,0.4,0.55,0.7,0.8,0.9,0.0,0.0,0.0,0.06,0.03
6,PB_only,-0.009965,0.05,0.3,0.4,0.55,0.75,0.8,0.9,0.0,0.0,0.0,0.1,0.03
8,PE_PB_FED,-0.009966,0.05,0.3,0.35,0.6,0.75,0.85,0.95,0.0,0.65,0.7,0.08,0.04
6,PB_only,-0.009967,0.05,0.3,0.35,0.55,0.75,0.8,0.9,0.0,0.0,0.0,0.1,0.04
6,PE_only,-0.009972,0.15,0.25,0.45,0.65,0.75,0.8,0.95,0.0,0.0,0.0,0.08,0.05
6,PB_only,-0.009972,0.05,0.3,0.4,0.6,0.75,0.85,0.9,0.0,0.0,0.0,0.12,0.03
6,PE_FED,-0.009976,0.1,0.3,0.35,0.7,0.7,0.75,0.95,-0.5,0.0,0.0,0.1,0.05
8,PB_only,-0.009976,0.05,0.25,0.45,0.5,0.7,0.85,0.95,0.0,0.0,0.0,0.06,0.03
8,PE_only,-0.009978,0.15,0.25,0.4,0.65,0.7,0.85,0.9,0.0,0.0,0.0,0.08,0.05
6,PB_only,-0.009981,0.1,0.15,0.4,0.5,0.65,0.75,0.95,0.0,0.0,0.0,0.06,0.04
8,PB_FED,-0.009992,0.05,0.15,0.45,0.5,0.7,0.8,0.85,0.5,0.0,0.0,0.06,0.03
8,PB_only,-0.009993,0.05,0.25,0.45,0.5,0.7,0.8,0.95,0.0,0.0,0.0,0.06,0.04
8,PE_PB_FED,-0.009995,0.05,0.2,0.35,0.7,0.7,0.75,0.95,-0.5,0.5,0.75,0.1,0.05
8,PE_PB,-0.009998,0.2,0.25,0.45,0.7,0.65,0.75,0.95,0.0,0.65,0.0,0.06,0.03
8,PE_FED,-0.010004,0.05,0.15,0.3,0.5,0.75,0.8,0.95,0.5,0.0,0.0,0.06,0.03
8,PB_FED,-0.010004,0.15,0.25,0.3,0.5,0.75,0.8,0.9,0.5,0.0,0.0,0.1,0.05
6,PB_only,-0.010005,0.15,0.25,0.35,0.5,0.7,0.75,0.85,0.0,0.0,0.0,0.1,0.04
6,PB_FED,-0.010006,0.05,0.3,0.35,0.6,0.7,0.85,0.95,-0.5,0.0,0.0,0.06,0.04
8,PE_PB,-0.010006,0.05,0.15,0.45,0.6,0.65,0.75,0.95,0.0,0.6,0.0,0.08,0.03
8,PB_only,-0.010011,0.15,0.3,0.35,0.5,0.75,0.8,0.95,0.0,0.0,0.0,0.08,0.04
6,PE_only,-0.010012,0.1,0.3,0.35,0.7,0.65,0.85,0.95,0.0,0.0,0.0,0.1,0.03
8,PE_PB,-0.010012,0.05,0.2,0.45,0.7,0.65,0.8,0.95,0.0,0.6,0.0,0.06,0.03
8,PE_FED,-0.010014,0.1,0.2,0.3,0.65,0.7,0.8,0.95,0.5,0.0,0.0,0.08,0.04
6,PB_only,-0.010017,0.05,0.25,0.35,0.55,0.65,0.85,0.95,0.0,0.0,0.0,0.08,0.05
8,PE_only,-0.010018,0.2,0.25,0.3,0.65,0.7,0.75,0.85,0.0,0.0,0.0,0.1,0.05
8,PE_only,-0.010019,0.1,0.15,0.35,0.6,0.75,0.85,0.9,0.0,0.0,0.0,0.06,0.05
8,PE_FED,-0.01002,0.1,0.15,0.35,0.7,0.7,0.75,0.9,0.5,0.0,0.0,0.06,0.03
6,PB_FED,-0.010022,0.05,0.25,0.4,0.5,0.65,0.75,0.95,0.0,0.0,0.0,0.12,0.03
8,PE_only,-0.010022,0.05,0.25,0.35,0.65,0.65,0.8,0.85,0.0,0.0,0.0,0.06,0.05
8,PE_FED,-0.010024,0.2,0.25,0.35,0.5,0.65,0.75,0.95,-0.5,0.0,0.0,0.12,0.05
8,PE_PB_FED,-0.010024,0.05,0.3,0.4,0.7,0.65,0.8,0.95,0.0,0.55,0.7,0.08,0.05
8,PE_PB_FED,-0.010024,0.1,0.2,0.3,0.7,0.75,0.85,0.95,-0.5,0.55,0.8,0.12,0.05
8,PE_PB_FED,-0.010024,0.05,0.25,0.4,0.7,0.7,0.8,0.9,0.0,0.6,0.7,0.12,0.04
8,PB_FED,-0.010029,0.1,0.15,0.45,0.55,0.65,0.85,0.95,0.5,0.0,0.0,0.1,0.04
8,PB_FED,-0.010035,0.15,0.3,0.45,0.6,0.75,0.85,0.95,0.5,0.0,0.0,0.08,0.03
8,PE_only,-0.010037,0.2,0.3,0.35,0.6,0.75,0.85,0.95,0.0,0.0,0.0,0.1,0.03
8,PE_FED,-0.010038,0.05,0.15,0.4,0.55,0.7,0.85,0.9,-0.5,0.0,0.0,0.1,0.05
8,PB_FED,-0.010041,0.1,0.2,0.3,0.65,0.7,0.75,0.9,1.0,0.0,0.0,0.06,0.03
6,PE_only,-0.010042,0.05,0.15,0.35,0.65,0.75,0.8,0.9,0.0,0.0,0.0,0.08,0.04
6,PE_FED,-0.010056,0.05,0.3,0.35,0.7,0.7,0.75,0.95,-0.5,0.0,0.0,0.06,0.03
8,PE_FED,-0.010056,0.15,0.2,0.3,0.65,0.75,0.8,0.95,0.5,0.0,0.0,0.08,0.04
6,PB_only,-0.010058,0.2,0.25,0.45,0.55,0.75,0.8,0.95,0.0,0.0,0.0,0.08,0.03
6,PB_only,-0.010062,0.05,0.3,0.45,0.6,0.7,0.8,0.85,0.0,0.0,0.0,0.06,0.05
8,PE_PB,-0.010064,0.1,0.2,0.4,0.6,0.65,0.75,0.95,0.0,0.65,0.0,0.06,0.05
8,PE_FED,-0.010064,0.1,0.3,0.35,0.6,0.75,0.8,0.85,0.0,0.0,0.0,0.08,0.04
8,PE_FED,-0.010064,0.2,0.25,0.4,0.55,0.7,0.75,0.9,-0.5,0.0,0.0,0.12,0.03
8,PE_only,-0.010067,0.2,0.25,0.3,0.55,0.65,0.8,0.95,0.0,0.0,0.0,0.08,0.05
8,PE_FED,-0.010067,0.05,0.2,0.35,0.7,0.7,0.8,0.95,0.5,0.0,0.0,0.12,0.04
8,PE_FED,-0.010073,0.05,0.15,0.3,0.7,0.65,0.75,0.9,0.5,0.0,0.0,0.1,0.03
8,PE_PB_FED,-0.010073,0.2,0.3,0.4,0.7,0.65,0.85,0.95,-0.5,0.65,0.8,0.08,0.05
8,PE_FED,-0.010074,0.1,0.2,0.3,0.55,0.75,0.8,0.95,0.5,0.0,0.0,0.08,0.03
8,PE_only,-0.010075,0.15,0.25,0.35,0.65,0.7,0.8,0.85,0.0,0.0,0.0,0.1,0.03
8,PB_only,-0.010078,0.2,0.3,0.4,0.55,0.65,0.85,0.95,0.0,0.0,0.0,0.06,0.04
8,PE_only,-0.01008,0.2,0.3,0.4,0.7,0.65,0.8,0.85,0.0,0.0,0.0,0.1,0.04
8,PB_FED,-0.010082,0.1,0.3,0.4,0.6,0.65,0.85,0.95,0.5,0.0,0.0,0.12,0.03
8,PE_FED,-0.010083,0.1,0.2,0.3,0.55,0.75,0.85,0.9,-0.5,0.0,0.0,0.1,0.04
8,PE_PB_FED,-0.010083,0.05,0.15,0.3,0.7,0.7,0.75,0.85,-0.5,0.6,0.75,0.08,0.05
6,PE_FED,-0.010088,0.05,0.2,0.45,0.65,0.75,0.8,0.95,-0.5,0.0,0.0,0.12,0.04
6,PB_only,-0.01009,0.2,0.25,0.35,0.55,0.65,0.85,0.9,0.0,0.0,0.0,0.08,0.05
6,PB_only,-0.010091,0.05,0.2,0.45,0.5,0.7,0.75,0.9,0.0,0.0,0.0,0.12,0.03
6,PB_only,-0.010091,0.1,0.25,0.4,0.55,0.65,0.75,0.95,0.0,0.0,0.0,0.12,0.04
6,PB_only,-0.010091,0.05,0.25,0.4,0.55,0.65,0.75,0.85,0.0,0.0,0.0,0.08,0.05
6,PB_only,-0.010092,0.05,0.2,0.45,0.55,0.65,0.85,0.9,0.0,0.0,0.0,0.12,0.05
6,PE_FED,-0.010093,0.1,0.2,0.4,0.65,0.7,0.85,0.95,-0.5,0.0,0.0,0.08,0.04
8,PE_PB_FED,-0.010095,0.05,0.25,0.3,0.55,0.65,0.85,0.95,0.0,0.6,0.8,0.06,0.03
8,PE_FED,-0.010096,0.15,0.2,0.45,0.5,0.65,0.85,0.95,-0.5,0.0,0.0,0.06,0.03
6,PB_only,-0.010097,0.1,0.2,0.3,0.5,0.7,0.8,0.9,0.0,0.0,0.0,0.12,0.05
6,PB_only,-0.010105,0.15,0.2,0.4,0.5,0.65,0.85,0.9,0.0,0.0,0.0,0.1,0.03
6,PE_only,-0.010106,0.1,0.2,0.35,0.7,0.75,0.8,0.9,0.0,0.0,0.0,0.06,0.05
6,PE_only,-0.010106,0.1,0.2,0.35,0.7,0.7,0.8,0.9,0.0,0.0,0.0,0.08,0.05
8,PB_only,-0.010106,0.05,0.3,0.35,0.5,0.65,0.8,0.9,0.0,0.0,0.0,0.08,0.05
6,PE_only,-0.010115,0.2,0.25,0.3,0.7,0.7,0.75,0.9,0.0,0.0,0.0,0.08,0.04
6,PE_only,-0.010115,0.2,0.25,0.3,0.7,0.7,0.75,0.9,0.0,0.0,0.0,0.12,0.04
8,PE_PB_FED,-0.010116,0.15,0.2,0.3,0.5,0.7,0.85,0.95,0.0,0.65,0.7,0.08,0.05
6,PB_only,-0.010118,0.2,0.25,0.35,0.55,0.65,0.8,0.95,0.0,0.0,0.0,0.06,0.04
8,PB_FED,-0.01012,0.15,0.3,0.35,0.5,0.65,0.75,0.95,0.5,0.0,0.0,0.06,0.05
6,PB_only,-0.010121,0.05,0.3,0.35,0.55,0.75,0.8,0.95,0.0,0.0,0.0,0.08,0.03
8,PE_only,-0.010127,0.15,0.2,0.3,0.6,0.65,0.75,0.85,0.0,0.0,0.0,0.12,0.05
8,PE_only,-0.010129,0.1,0.15,0.45,0.5,0.65,0.75,0.95,0.0,0.0,0.0,0.12,0.04
8,PE_only,-0.010129,0.1,0.15,0.45,0.5,0.65,0.75,0.95,0.0,0.0,0.0,0.08,0.04
6,PE_only,-0.010131,0.05,0.25,0.3,0.7,0.75,0.8,0.9,0.0,0.0,0.0,0.06,0.04
6,PE_only,-0.010135,0.05,0.25,0.45,0.65,0.65,0.8,0.95,0.0,0.0,0.0,0.12,0.04
6,PB_FED,-0.010137,0.1,0.3,0.35,0.6,0.65,0.85,0.95,0.0,0.0,0.0,0.12,0.04
6,PB_FED,-0.010137,0.05,0.3,0.4,0.6,0.65,0.85,0.95,-0.5,0.0,0.0,0.12,0.03
6,PB_only,-0.01014,0.1,0.2,0.45,0.6,0.65,0.85,0.95,0.0,0.0,0.0,0.1,0.04
8,PE_FED,-0.01014,0.1,0.3,0.4,0.5,0.7,0.85,0.95,0.0,0.0,0.0,0.1,0.04
6,PE_only,-0.010141,0.1,0.25,0.3,0.65,0.7,0.85,0.95,0.0,0.0,0.0,0.06,0.03
8,PE_PB_FED,-0.010141,0.1,0.3,0.45,0.7,0.7,0.8,0.9,0.0,0.65,0.7,0.06,0.03
8,PB_only,-0.010143,0.1,0.3,0.35,0.5,0.7,0.8,0.95,0.0,0.0,0.0,0.06,0.04
6,PE_only,-0.010146,0.1,0.2,0.3,0.7,0.75,0.85,0.9,0.0,0.0,0.0,0.06,0.04
6,PE_FED,-0.010148,0.1,0.3,0.35,0.7,0.65,0.75,0.95,-0.5,0.0,0.0,0.12,0.03
6,PE_FED,-0.010149,0.1,0.2,0.35,0.7,0.7,0.75,0.9,-0.5,0.0,0.0,0.08,0.03
6,PB_only,-0.010149,0.15,0.25,0.3,0.5,0.7,0.75,0.85,0.0,0.0,0.0,0.06,0.05
6,PE_FED,-0.01015,0.2,0.25,0.45,0.7,0.7,0.85,0.95,-0.5,0.0,0.0,0.06,0.04
8,PE_PB,-0.01015,0.1,0.15,0.3,0.7,0.7,0.75,0.95,0.0,0.55,0.0,0.08,0.05
6,PE_only,-0.010151,0.05,0.15,0.35,0.7,0.75,0.85,0.9,0.0,0.0,0.0,0.1,0.05
6,PE_FED,-0.010151,0.05,0.15,0.3,0.6,0.65,0.75,0.95,-0.5,0.0,0.0,0.1,0.05
6,PE_only,-0.010152,0.1,0.25,0.45,0.65,0.75,0.8,0.95,0.0,0.0,0.0,0.1,0.05
8,PE_only,-0.010153,0.15,0.3,0.35,0.55,0.65,0.8,0.95,0.0,0.0,0.0,0.12,0.03
6,PB_FED,-0.010156,0.2,0.3,0.4,0.55,0.65,0.8,0.9,0.0,0.0,0.0,0.12,0.04
6,PE_only,-0.010158,0.05,0.2,0.35,0.7,0.7,0.8,0.9,0.0,0.0,0.0,0.12,0.05
8,PE_only,-0.010161,0.1,0.25,0.45,0.55,0.7,0.8,0.95,0.0,0.0,0.0,0.12,0.04
8,PE_only,-0.010161,0.1,0.25,0.45,0.55,0.75,0.8,0.95,0.0,0.0,0.0,0.12,0.04
8,PE_only,-0.010161,0.1,0.25,0.45,0.55,0.7,0.8,0.95,0.0,0.0,0.0,0.08,0.04
6,PB_only,-0.010162,0.15,0.3,0.35,0.55,0.7,0.8,0.9,0.0,0.0,0.0,0.06,0.05
8,PB_only,-0.010162,0.05,0.25,0.4,0.5,0.7,0.85,0.95,0.0,0.0,0.0,0.08,0.04
8,PE_PB_FED,-0.010165,0.05,0.15,0.35,0.7,0.7,0.75,0.85,-0.5,0.6,0.7,0.12,0.04
6,PE_only,-0.010175,0.05,0.2,0.45,0.65,0.65,0.85,0.95,0.0,0.0,0.0,0.1,0.04
8,PE_only,-0.010176,0.15,0.25,0.3,0.55,0.75,0.85,0.95,0.0,0.0,0.0,0.06,0.04
6,PE_only,-0.010177,0.05,0.15,0.3,0.6,0.65,0.75,0.95,0.0,0.0,0.0,0.12,0.03
6,PE_only,-0.010179,0.15,0.2,0.35,0.7,0.75,0.85,0.9,0.0,0.0,0.0,0.12,0.04
8,PE_FED,-0.010185,0.1,0.25,0.45,0.5,0.7,0.8,0.95,-0.5,0.0,0.0,0.08,0.04
8,PB_FED,-0.010185,0.1,0.2,0.4,0.55,0.65,0.85,0.95,0.5,0.0,0.0,0.08,0.04
6,PE_only,-0.010193,0.1,0.15,0.35,0.65,0.75,0.8,0.9,0.0,0.0,0.0,0.08,0.03
8,PE_only,-0.010196,0.05,0.25,0.3,0.55,0.65,0.85,0.95,0.0,0.0,0.0,0.12,0.04
8,PB_only,-0.010199,0.1,0.3,0.45,0.5,0.65,0.75,0.95,0.0,0.0,0.0,0.1,0.04
6,PE_only,-0.010202,0.05,0.15,0.4,0.65,0.7,0.8,0.9,0.0,0.0,0.0,0.1,0.04
8,PE_PB_FED,-0.010202,0.05,0.2,0.45,0.65,0.65,0.85,0.95,-0.5,0.6,0.8,0.08,0.04
6,PE_only,-0.010204,0.05,0.25,0.3,0.65,0.65,0.85,0.95,0.0,0.0,0.0,0.1,0.03
8,PE_only,-0.010209,0.1,0.25,0.3,0.55,0.75,0.85,0.95,0.0,0.0,0.0,0.1,0.03
8,PE_only,-0.010209,0.05,0.25,0.35,0.65,0.7,0.8,0.85,0.0,0.0,0.0,0.1,0.03
8,PB_only,-0.010209,0.1,0.25,0.45,0.5,0.65,0.85,0.9,0.0,0.0,0.0,0.06,0.05
6,PB_only,-0.01021,0.1,0.25,0.45,0.55,0.7,0.85,0.9,0.0,0.0,0.0,0.08,0.04
8,PE_FED,-0.010216,0.05,0.25,0.45,0.5,0.7,0.8,0.95,-0.5,0.0,0.0,0.08,0.04
6,PE_only,-0.010217,0.1,0.15,0.4,0.65,0.7,0.8,0.9,0.0,0.0,0.0,0.12,0.04
6,PE_only,-0.010219,0.1,0.2,0.45,0.65,0.7,0.85,0.95,0.0,0.0,0.0,0.08,0.03
6,PB_only,-0.01022,0.1,0.25,0.4,0.5,0.7,0.75,0.85,0.0,0.0,0.0,0.12,0.03
6,PE_only,-0.010222,0.1,0.2,0.45,0.65,0.65,0.85,0.95,0.0,0.0,0.0,0.06,0.05
8,PE_PB,-0.01023,0.05,0.15,0.45,0.6,0.7,0.8,0.95,0.0,0.6,0.0,0.08,0.03
8,PE_PB_FED,-0.010234,0.05,0.2,0.35,0.65,0.75,0.8,0.95,-0.5,0.5,0.8,0.08,0.03
6,PB_FED,-0.010235,0.2,0.25,0.45,0.5,0.65,0.75,0.95,0.0,0.0,0.0,0.1,0.03
8,PE_PB_FED,-0.010239,0.1,0.2,0.45,0.55,0.7,0.75,0.95,0.0,0.5,0.7,0.12,0.05
8,PE_PB,-0.010245,0.05,0.15,0.4,0.7,0.7,0.8,0.95,0.0,0.55,0.0,0.06,0.05
6,PB_only,-0.010247,0.1,0.2,0.45,0.55,0.75,0.85,0.95,0.0,0.0,0.0,0.06,0.04
6,PB_FED,-0.010251,0.15,0.25,0.35,0.5,0.7,0.8,0.9,-0.5,0.0,0.0,0.1,0.03
8,PE_only,-0.010251,0.15,0.2,0.4,0.55,0.7,0.75,0.9,0.0,0.0,0.0,0.08,0.04
8,PB_FED,-0.010251,0.1,0.15,0.3,0.65,0.7,0.8,0.95,1.0,0.0,0.0,0.06,0.03
6,PE_only,-0.010252,0.1,0.15,0.3,0.6,0.65,0.75,0.95,0.0,0.0,0.0,0.08,0.03
8,PB_FED,-0.010252,0.15,0.25,0.35,0.5,0.7,0.8,0.85,0.5,0.0,0.0,0.12,0.03
8,PB_only,-0.010254,0.1,0.25,0.45,0.5,0.7,0.85,0.9,0.0,0.0,0.0,0.08,0.05
8,PE_PB_FED,-0.010259,0.05,0.2,0.45,0.55,0.7,0.75,0.9,0.0,0.65,0.75,0.08,0.05
6,PE_FED,-0.01026,0.05,0.25,0.3,0.65,0.65,0.8,0.95,-0.5,0.0,0.0,0.06,0.05
6,PB_only,-0.010261,0.15,0.2,0.45,0.55,0.7,0.85,0.95,0.0,0.0,0.0,0.06,0.05
8,PE_PB,-0.010265,0.05,0.15,0.45,0.65,0.7,0.8,0.95,0.0,0.6,0.0,0.12,0.05
6,PB_only,-0.010267,0.05,0.15,0.45,0.5,0.65,0.75,0.95,0.0,0.0,0.0,0.08,0.03
6,PB_only,-0.010269,0.15,0.3,0.4,0.6,0.65,0.85,0.9,0.0,0.0,0.0,0.1,0.04
6,PE_FED,-0.010271,0.2,0.25,0.3,0.65,0.7,0.8,0.95,-0.5,0.0,0.0,0.08,0.03
6,PB_only,-0.010273,0.05,0.15,0.45,0.5,0.65,0.75,0.9,0.0,0.0,0.0,0.1,0.05
6,PE_only,-0.010274,0.1,0.15,0.45,0.65,0.7,0.75,0.9,0.0,0.0,0.0,0.08,0.04
6,PE_FED,-0.010276,0.05,0.2,0.4,0.65,0.7,0.85,0.95,-0.5,0.0,0.0,0.1,0.04
6,PB_only,-0.010283,0.1,0.3,0.35,0.55,0.7,0.8,0.85,0.0,0.0,0.0,0.1,0.05
6,PB_only,-0.010286,0.15,0.3,0.4,0.55,0.7,0.75,0.95,0.0,0.0,0.0,0.08,0.03
8,PE_only,-0.010287,0.2,0.3,0.35,0.6,0.65,0.85,0.95,0.0,0.0,0.0,0.08,0.05
8,PE_FED,-0.010293,0.15,0.2,0.3,0.5,0.7,0.75,0.85,0.0,0.0,0.0,0.1,0.03
8,PE_PB_FED,-0.010295,0.2,0.25,0.45,0.7,0.65,0.75,0.95,-0.5,0.6,0.75,0.1,0.05
8,PE_only,-0.010296,0.05,0.3,0.45,0.6,0.75,0.85,0.95,0.0,0.0,0.0,0.06,0.04
8,PE_PB_FED,-0.010297,0.1,0.25,0.35,0.65,0.7,0.8,0.95,0.0,0.5,0.75,0.12,0.05
6,PB_only,-0.010298,0.15,0.2,0.4,0.5,0.7,0.8,0.9,0.0,0.0,0.0,0.12,0.03
6,PB_FED,-0.010299,0.05,0.3,0.35,0.55,0.7,0.8,0.95,0.0,0.0,0.0,0.12,0.03
8,PE_only,-0.0103,0.1,0.25,0.4,0.65,0.75,0.8,0.85,0.0,0.0,0.0,0.08,0.05
8,PE_only,-0.010304,0.2,0.3,0.45,0.65,0.7,0.8,0.9,0.0,0.0,0.0,0.06,0.04
6,PB_only,-0.010305,0.15,0.2,0.35,0.5,0.7,0.8,0.9,0.0,0.0,0.0,0.1,0.04
8,PE_only,-0.010305,0.2,0.25,0.35,0.55,0.75,0.8,0.95,0.0,0.0,0.0,0.08,0.05
6,PB_only,-0.010306,0.15,0.3,0.4,0.6,0.75,0.85,0.9,0.0,0.0,0.0,0.12,0.04
8,PE_only,-0.010307,0.1,0.25,0.45,0.55,0.7,0.8,0.95,0.0,0.0,0.0,0.06,0.05
8,PE_PB,-0.01031,0.05,0.25,0.4,0.65,0.75,0.8,0.95,0.0,0.65,0.0,0.08,0.05
6,PE_only,-0.010311,0.05,0.2,0.3,0.7,0.65,0.8,0.9,0.0,0.0,0.0,0.06,0.05
6,PB_FED,-0.010315,0.2,0.25,0.35,0.55,0.75,0.85,0.95,-0.5,0.0,0.0,0.06,0.04
8,PE_only,-0.010317,0.1,0.25,0.35,0.65,0.7,0.8,0.85,0.0,0.0,0.0,0.1,0.03
8,PE_only,-0.01032,0.15,0.3,0.4,0.55,0.75,0.8,0.95,0.0,0.0,0.0,0.08,0.03
8,PE_PB,-0.010324,0.15,0.3,0.45,0.7,0.65,0.8,0.95,0.0,0.65,0.0,0.1,0.03
8,PB_only,-0.010325,0.1,0.2,0.45,0.5,0.65,0.85,0.95,0.0,0.0,0.0,0.08,0.04
8,PE_only,-0.010326,0.15,0.25,0.3,0.55,0.7,0.85,0.95,0.0,0.0,0.0,0.1,0.05
6,PB_FED,-0.010331,0.05,0.25,0.45,0.55,0.65,0.8,0.9,-0.5,0.0,0.0,0.08,0.05
8,PE_PB_FED,-0.010332,0.05,0.2,0.3,0.5,0.65,0.75,0.9,0.0,0.65,0.75,0.12,0.03
6,PB_only,-0.010333,0.1,0.25,0.35,0.5,0.65,0.75,0.95,0.0,0.0,0.0,0.1,0.03
6,PB_FED,-0.010336,0.1,0.3,0.4,0.55,0.65,0.8,0.9,-0.5,0.0,0.0,0.12,0.04
6,PE_only,-0.010337,0.05,0.15,0.4,0.65,0.65,0.8,0.9,0.0,0.0,0.0,0.12,0.03
6,PE_FED,-0.01034,0.15,0.25,0.4,0.7,0.65,0.8,0.95,0.0,0.0,0.0,0.1,0.03
8,PE_only,-0.01034,0.15,0.25,0.45,0.65,0.65,0.8,0.85,0.0,0.0,0.0,0.08,0.04
8,PE_FED,-0.010341,0.05,0.2,0.35,0.55,0.75,0.85,0.9,-0.5,0.0,0.0,0.1,0.04
6,PB_FED,-0.010342,0.05,0.15,0.45,0.5,0.7,0.8,0.85,-0.5,0.0,0.0,0.12,0.03
8,PB_only,-0.010342,0.05,0.3,0.45,0.5,0.65,0.85,0.9,0.0,0.0,0.0,0.06,0.03
8,PE_PB,-0.010345,0.05,0.25,0.35,0.7,0.75,0.8,0.95,0.0,0.6,0.0,0.12,0.03
6,PE_only,-0.010346,0.1,0.15,0.4,0.65,0.65,0.8,0.9,0.0,0.0,0.0,0.06,0.03
6,PB_FED,-0.010348,0.1,0.2,0.45,0.5,0.7,0.8,0.85,-0.5,0.0,0.0,0.1,0.04
8,PE_PB,-0.010348,0.1,0.2,0.3,0.7,0.65,0.8,0.9,0.0,0.65,0.0,0.06,0.03
8,PE_FED,-0.010348,0.05,0.3,0.35,0.55,0.7,0.8,0.9,0.0,0.0,0.0,0.12,0.05
6,PE_FED,-0.01035,0.1,0.15,0.4,0.7,0.65,0.8,0.9,-0.5,0.0,0.0,0.12,0.03
8,PE_PB_FED,-0.010353,0.15,0.2,0.45,0.55,0.65,0.75,0.9,0.0,0.6,0.75,0.1,0.04
8,PE_only,-0.010355,0.2,0.25,0.4,0.65,0.65,0.75,0.85,0.0,0.0,0.0,0.12,0.03
8,PE_only,-0.010355,0.1,0.2,0.35,0.6,0.7,0.75,0.85,0.0,0.0,0.0,0.1,0.04
6,PE_only,-0.010357,0.15,0.3,0.4,0.65,0.7,0.8,0.95,0.0,0.0,0.0,0.08,0.04
6,PE_only,-0.010357,0.15,0.3,0.4,0.65,0.7,0.8,0.95,0.0,0.0,0.0,0.06,0.04
8,PE_PB_FED,-0.010365,0.2,0.3,0.4,0.65,0.65,0.75,0.9,0.0,0.65,0.7,0.1,0.04
8,PB_FED,-0.010366,0.1,0.2,0.35,0.7,0.7,0.75,0.95,1.0,0.0,0.0,0.1,0.04
6,PE_only,-0.010367,0.05,0.3,0.35,0.65,0.7,0.75,0.95,0.0,0.0,0.0,0.12,0.03
8,PB_only,-0.010369,0.2,0.25,0.35,0.5,0.75,0.85,0.95,0.0,0.0,0.0,0.08,0.05
6,PB_only,-0.010372,0.1,0.25,0.3,0.5,0.7,0.8,0.9,0.0,0.0,0.0,0.08,0.04
8,PE_only,-0.010372,0.05,0.2,0.4,0.5,0.65,0.8,0.95,0.0,0.0,0.0,0.12,0.03
8,PE_PB_FED,-0.010372,0.15,0.25,0.3,0.7,0.7,0.75,0.9,-0.5,0.6,0.7,0.1,0.04
8,PE_FED,-0.010375,0.1,0.25,0.4,0.55,0.65,0.8,0.85,0.0,0.0,0.0,0.08,0.04
8,PE_FED,-0.010377,0.05,0.3,0.35,0.6,0.65,0.85,0.9,0.0,0.0,0.0,0.08,0.05
6,PE_FED,-0.010386,0.05,0.2,0.4,0.65,0.75,0.85,0.95,-0.5,0.0,0.0,0.06,0.05
6,PE_only,-0.010388,0.05,0.15,0.3,0.7,0.7,0.8,0.85,0.0,0.0,0.0,0.08,0.04
6,PE_only,-0.010389,0.1,0.25,0.4,0.65,0.65,0.85,0.95,0.0,0.0,0.0,0.1,0.04
6,PB_only,-0.01039,0.05,0.2,0.45,0.5,0.7,0.75,0.85,0.0,0.0,0.0,0.12,0.03
8,PE_PB_FED,-0.010391,0.05,0.2,0.35,0.5,0.65,0.8,0.95,-0.5,0.65,0.75,0.1,0.03
6,PB_only,-0.010393,0.1,0.2,0.4,0.5,0.75,0.8,0.85,0.0,0.0,0.0,0.12,0.03
8,PE_FED,-0.010393,0.1,0.2,0.4,0.5,0.7,0.75,0.9,-0.5,0.0,0.0,0.08,0.04
8,PE_PB_FED,-0.010395,0.15,0.25,0.4,0.65,0.75,0.8,0.95,0.0,0.5,0.7,0.08,0.05
8,PE_only,-0.010397,0.1,0.2,0.4,0.55,0.65,0.75,0.9,0.0,0.0,0.0,0.12,0.04
6,PB_only,-0.010401,0.15,0.25,0.3,0.5,0.75,0.8,0.9,0.0,0.0,0.0,0.12,0.04
6,PB_only,-0.010401,0.15,0.25,0.3,0.5,0.75,0.8,0.9,0.0,0.0,0.0,0.06,0.04
8,PE_FED,-0.010413,0.05,0.2,0.45,0.55,0.65,0.8,0.9,-0.5,0.0,0.0,0.12,0.05
8,PE_PB,-0.010414,0.15,0.2,0.4,0.65,0.65,0.8,0.95,0.0,0.6,0.0,0.08,0.03
8,PE_PB,-0.010414,0.15,0.2,0.4,0.65,0.7,0.8,0.95,0.0,0.6,0.0,0.06,0.03
8,PE_FED,-0.010414,0.1,0.15,0.45,0.5,0.7,0.75,0.95,0.5,0.0,0.0,0.1,0.03
8,PE_FED,-0.010416,0.1,0.15,0.45,0.55,0.65,0.8,0.95,0.5,0.0,0.0,0.12,0.04
6,PE_FED,-0.010417,0.1,0.2,0.35,0.6,0.7,0.75,0.95,0.0,0.0,0.0,0.1,0.04
6,PB_only,-0.010418,0.2,0.25,0.3,0.5,0.65,0.75,0.9,0.0,0.0,0.0,0.12,0.05
8,PE_PB,-0.01042,0.1,0.15,0.35,0.6,0.75,0.8,0.95,0.0,0.6,0.0,0.1,0.04
8,PE_only,-0.010421,0.05,0.15,0.45,0.5,0.7,0.8,0.95,0.0,0.0,0.0,0.06,0.05
8,PE_only,-0.010422,0.1,0.15,0.3,0.5,0.75,0.85,0.95,0.0,0.0,0.0,0.06,0.03
8,PE_PB_FED,-0.010422,0.1,0.25,0.45,0.55,0.65,0.75,0.9,0.0,0.65,0.8,0.06,0.04
6,PB_only,-0.010427,0.2,0.3,0.45,0.6,0.75,0.8,0.95,0.0,0.0,0.0,0.06,0.05
6,PB_only,-0.010428,0.05,0.25,0.45,0.55,0.65,0.85,0.9,0.0,0.0,0.0,0.1,0.04
8,PB_FED,-0.010435,0.15,0.3,0.45,0.55,0.7,0.75,0.9,0.5,0.0,0.0,0.12,0.05
8,PE_PB_FED,-0.010436,0.1,0.2,0.3,0.55,0.7,0.75,0.9,0.0,0.55,0.75,0.08,0.03
6,PB_FED,-0.010437,0.05,0.2,0.45,0.5,0.65,0.8,0.95,0.0,0.0,0.0,0.12,0.05
8,PE_FED,-0.010445,0.15,0.3,0.45,0.5,0.65,0.85,0.95,0.0,0.0,0.0,0.12,0.03
8,PE_only,-0.010447,0.15,0.2,0.3,0.5,0.75,0.8,0.95,0.0,0.0,0.0,0.06,0.04
6,PB_only,-0.010448,0.1,0.2,0.35,0.5,0.7,0.8,0.95,0.0,0.0,0.0,0.1,0.03
6,PB_only,-0.010448,0.15,0.25,0.3,0.5,0.75,0.85,0.9,0.0,0.0,0.0,0.08,0.03
6,PE_only,-0.010451,0.05,0.25,0.4,0.7,0.7,0.8,0.9,0.0,0.0,0.0,0.06,0.04
8,PE_PB_FED,-0.010451,0.05,0.3,0.45,0.7,0.7,0.8,0.95,0.0,0.55,0.75,0.1,0.05
8,PE_only,-0.010455,0.1,0.2,0.4,0.6,0.65,0.85,0.9,0.0,0.0,0.0,0.1,0.04
8,PE_PB,-0.010455,0.2,0.25,0.3,0.7,0.75,0.85,0.95,0.0,0.65,0.0,0.1,0.03
8,PE_only,-0.010456,0.05,0.25,0.3,0.6,0.75,0.8,0.9,0.0,0.0,0.0,0.08,0.05
8,PE_FED,-0.010457,0.05,0.25,0.3,0.65,0.65,0.75,0.95,0.5,0.0,0.0,0.08,0.03
6,PE_only,-0.01046,0.05,0.25,0.4,0.65,0.7,0.85,0.95,0.0,0.0,0.0,0.08,0.04
6,PB_only,-0.010463,0.1,0.3,0.45,0.6,0.75,0.8,0.85,0.0,0.0,0.0,0.08,0.05
8,PB_FED,-0.010463,0.1,0.25,0.4,0.55,0.65,0.85,0.9,0.5,0.0,0.0,0.08,0.04
6,PE_only,-0.010464,0.15,0.3,0.4,0.65,0.75,0.8,0.95,0.0,0.0,0.0,0.1,0.05
6,PE_only,-0.01047,0.1,0.2,0.4,0.7,0.75,0.85,0.9,0.0,0.0,0.0,0.08,0.04
8,PB_only,-0.010471,0.05,0.25,0.45,0.5,0.65,0.85,0.9,0.0,0.0,0.0,0.1,0.05
6,PB_only,-0.010475,0.15,0.3,0.35,0.55,0.75,0.85,0.9,0.0,0.0,0.0,0.12,0.04
8,PE_only,-0.010476,0.1,0.25,0.4,0.65,0.7,0.8,0.85,0.0,0.0,0.0,0.12,0.03
6,PE_only,-0.010479,0.05,0.2,0.3,0.65,0.7,0.75,0.9,0.0,0.0,0.0,0.1,0.03
8,PE_only,-0.01048,0.15,0.3,0.35,0.55,0.7,0.75,0.95,0.0,0.0,0.0,0.1,0.05
6,PE_only,-0.010483,0.2,0.3,0.45,0.7,0.75,0.85,0.95,0.0,0.0,0.0,0.1,0.05
8,PE_FED,-0.010485,0.2,0.25,0.4,0.5,0.65,0.8,0.95,-0.5,0.0,0.0,0.1,0.04
8,PE_only,-0.010489,0.2,0.25,0.35,0.65,0.65,0.8,0.85,0.0,0.0,0.0,0.08,0.04
8,PE_only,-0.01049,0.1,0.25,0.35,0.55,0.75,0.85,0.95,0.0,0.0,0.0,0.08,0.03
8,PB_FED,-0.010491,0.05,0.3,0.4,0.6,0.65,0.8,0.9,0.5,0.0,0.0,0.08,0.05
8,PE_only,-0.010496,0.2,0.3,0.45,0.7,0.75,0.8,0.85,0.0,0.0,0.0,0.06,0.03
6,PB_FED,-0.010499,0.05,0.25,0.4,0.55,0.7,0.85,0.9,0.0,0.0,0.0,0.08,0.05
8,PE_FED,-0.010501,0.2,0.3,0.4,0.55,0.7,0.85,0.95,-0.5,0.0,0.0,0.08,0.04
6,PE_only,-0.010509,0.1,0.3,0.4,0.65,0.7,0.75,0.95,0.0,0.0,0.0,0.08,0.04
6,PB_only,-0.01051,0.15,0.2,0.3,0.5,0.7,0.8,0.95,0.0,0.0,0.0,0.06,0.04
6,PE_FED,-0.010512,0.1,0.15,0.4,0.65,0.75,0.85,0.95,0.0,0.0,0.0,0.12,0.05
8,PB_only,-0.010512,0.2,0.25,0.45,0.5,0.7,0.8,0.95,0.0,0.0,0.0,0.12,0.05
8,PE_PB,-0.010514,0.15,0.3,0.35,0.7,0.65,0.8,0.95,0.0,0.65,0.0,0.06,0.05
6,PB_only,-0.010523,0.05,0.25,0.35,0.5,0.7,0.75,0.9,0.0,0.0,0.0,0.08,0.05
6,PB_FED,-0.010524,0.2,0.3,0.35,0.55,0.75,0.85,0.95,0.0,0.0,0.0,0.1,0.03
6,PB_only,-0.010525,0.1,0.15,0.3,0.5,0.65,0.85,0.95,0.0,0.0,0.0,0.06,0.05
6,PB_only,-0.010525,0.1,0.15,0.3,0.5,0.75,0.85,0.95,0.0,0.0,0.0,0.12,0.05
8,PE_only,-0.010525,0.15,0.25,0.45,0.6,0.65,0.75,0.9,0.0,0.0,0.0,0.08,0.05
8,PE_PB,-0.010527,0.05,0.2,0.35,0.7,0.65,0.8,0.9,0.0,0.65,0.0,0.12,0.04
6,PE_only,-0.010532,0.05,0.3,0.35,0.65,0.65,0.75,0.95,0.0,0.0,0.0,0.08,0.04
6,PE_FED,-0.010535,0.15,0.3,0.4,0.7,0.7,0.85,0.95,-0.5,0.0,0.0,0.08,0.03
6,PB_only,-0.010536,0.05,0.2,0.45,0.55,0.7,0.85,0.95,0.0,0.0,0.0,0.06,0.05
6,PB_only,-0.010536,0.05,0.2,0.45,0.55,0.75,0.85,0.95,0.0,0.0,0.0,0.12,0.05
8,PE_FED,-0.010537,0.15,0.25,0.45,0.6,0.7,0.8,0.85,-0.5,0.0,0.0,0.12,0.04
8,PE_FED,-0.010542,0.05,0.25,0.3,0.55,0.65,0.8,0.9,-0.5,0.0,0.0,0.06,0.05
6,PE_FED,-0.010543,0.15,0.2,0.35,0.65,0.7,0.85,0.95,0.0,0.0,0.0,0.12,0.04
6,PB_only,-0.010544,0.05,0.2,0.35,0.5,0.7,0.8,0.95,0.0,0.0,0.0,0.12,0.03
8,PE_FED,-0.010545,0.15,0.25,0.4,0.7,0.7,0.8,0.95,0.5,0.0,0.0,0.06,0.03
8,PE_FED,-0.01055,0.05,0.25,0.45,0.55,0.7,0.85,0.9,0.0,0.0,0.0,0.12,0.04
8,PE_only,-0.010551,0.2,0.25,0.35,0.65,0.65,0.85,0.9,0.0,0.0,0.0,0.12,0.03
8,PE_only,-0.010553,0.2,0.25,0.45,0.65,0.65,0.75,0.85,0.0,0.0,0.0,0.12,0.04
8,PE_PB_FED,-0.010553,0.1,0.25,0.35,0.55,0.7,0.75,0.95,-0.5,0.6,0.75,0.1,0.03
8,PE_only,-0.010555,0.1,0.15,0.45,0.5,0.75,0.8,0.95,0.0,0.0,0.0,0.06,0.04
6,PE_only,-0.010557,0.1,0.15,0.3,0.65,0.7,0.8,0.9,0.0,0.0,0.0,0.12,0.05
6,PE_FED,-0.010562,0.1,0.25,0.4,0.7,0.7,0.75,0.95,0.0,0.0,0.0,0.1,0.04
6,PE_FED,-0.010562,0.15,0.2,0.4,0.7,0.75,0.8,0.9,-0.5,0.0,0.0,0.08,0.03
6,PE_only,-0.010569,0.05,0.25,0.4,0.65,0.75,0.85,0.95,0.0,0.0,0.0,0.06,0.03
6,PB_only,-0.010578,0.1,0.25,0.35,0.5,0.7,0.75,0.95,0.0,0.0,0.0,0.1,0.05
8,PE_only,-0.010578,0.15,0.25,0.45,0.65,0.75,0.8,0.85,0.0,0.0,0.0,0.08,0.04
8,PE_PB,-0.010579,0.1,0.15,0.45,0.6,0.65,0.85,0.95,0.0,0.65,0.0,0.12,0.03
6,PB_only,-0.010584,0.05,0.2,0.3,0.5,0.75,0.85,0.95,0.0,0.0,0.0,0.12,0.03
8,PE_only,-0.010588,0.1,0.25,0.45,0.65,0.7,0.75,0.85,0.0,0.0,0.0,0.12,0.03
8,PE_PB_FED,-0.010592,0.2,0.25,0.35,0.7,0.7,0.8,0.95,0.0,0.5,0.7,0.08,0.05
8,PE_PB_FED,-0.010592,0.05,0.15,0.35,0.5,0.65,0.8,0.95,-0.5,0.6,0.75,0.08,0.05
6,PE_only,-0.010594,0.15,0.25,0.3,0.7,0.75,0.8,0.9,0.0,0.0,0.0,0.08,0.05
6,PB_only,-0.010596,0.15,0.25,0.35,0.5,0.75,0.8,0.85,0.0,0.0,0.0,0.1,0.03
8,PB_FED,-0.010596,0.1,0.2,0.4,0.7,0.65,0.75,0.9,1.0,0.0,0.0,0.08,0.03
6,PB_only,-0.010599,0.05,0.2,0.45,0.5,0.7,0.75,0.9,0.0,0.0,0.0,0.1,0.04
6,PB_only,-0.010603,0.15,0.3,0.4,0.55,0.65,0.8,0.95,0.0,0.0,0.0,0.06,0.03
6,PB_only,-0.010603,0.15,0.25,0.45,0.5,0.65,0.75,0.9,0.0,0.0,0.0,0.1,0.03
8,PB_FED,-0.010604,0.1,0.15,0.3,0.65,0.7,0.75,0.85,1.0,0.0,0.0,0.06,0.04
8,PE_FED,-0.010605,0.15,0.25,0.3,0.65,0.65,0.8,0.95,0.5,0.0,0.0,0.06,0.03
8,PE_only,-0.010606,0.15,0.3,0.35,0.65,0.7,0.75,0.85,0.0,0.0,0.0,0.06,0.05
8,PB_FED,-0.010606,0.15,0.2,0.35,0.5,0.75,0.85,0.9,0.5,0.0,0.0,0.08,0.04
6,PE_FED,-0.010614,0.05,0.2,0.3,0.65,0.65,0.85,0.95,0.0,0.0,0.0,0.1,0.04
6,PB_FED,-0.010615,0.05,0.2,0.45,0.5,0.75,0.8,0.85,-0.5,0.0,0.0,0.06,0.03
6,PB_FED,-0.010618,0.15,0.3,0.45,0.55,0.75,0.8,0.85,-0.5,0.0,0.0,0.12,0.03
6,PE_only,-0.010621,0.05,0.15,0.35,0.7,0.7,0.8,0.85,0.0,0.0,0.0,0.06,0.04
6,PE_only,-0.010626,0.15,0.25,0.45,0.7,0.65,0.75,0.9,0.0,0.0,0.0,0.1,0.04
8,PB_FED,-0.010629,0.1,0.3,0.4,0.5,0.7,0.75,0.9,0.5,0.0,0.0,0.12,0.04
8,PE_only,-0.010632,0.15,0.3,0.35,0.65,0.65,0.75,0.85,0.0,0.0,0.0,0.08,0.03
8,PE_only,-0.010635,0.05,0.25,0.35,0.55,0.7,0.85,0.95,0.0,0.0,0.0,0.08,0.05
8,PE_only,-0.010637,0.1,0.3,0.45,0.65,0.65,0.8,0.9,0.0,0.0,0.0,0.08,0.05
8,PE_only,-0.010637,0.1,0.3,0.45,0.65,0.7,0.8,0.9,0.0,0.0,0.0,0.08,0.05
8,PE_only,-0.010639,0.05,0.25,0.45,0.6,0.7,0.8,0.9,0.0,0.0,0.0,0.08,0.04
8,PB_FED,-0.010641,0.2,0.3,0.45,0.65,0.7,0.85,0.95,0.5,0.0,0.0,0.06,0.05
6,PE_only,-0.010642,0.05,0.25,0.3,0.7,0.65,0.8,0.9,0.0,0.0,0.0,0.06,0.03
8,PE_PB_FED,-0.010645,0.1,0.15,0.4,0.7,0.75,0.85,0.95,-0.5,0.5,0.8,0.12,0.04
8,PE_PB,-0.010651,0.05,0.15,0.3,0.7,0.75,0.8,0.85,0.0,0.65,0.0,0.06,0.04
8,PE_only,-0.010653,0.15,0.25,0.35,0.6,0.7,0.8,0.9,0.0,0.0,0.0,0.12,0.05
8,PE_only,-0.010661,0.15,0.2,0.4,0.5,0.65,0.75,0.95,0.0,0.0,0.0,0.12,0.05
8,PE_only,-0.010666,0.2,0.25,0.35,0.65,0.65,0.8,0.85,0.0,0.0,0.0,0.12,0.03
8,PB_only,-0.010667,0.1,0.3,0.4,0.5,0.7,0.8,0.95,0.0,0.0,0.0,0.12,0.05
8,PB_FED,-0.010668,0.1,0.2,0.3,0.6,0.65,0.75,0.9,1.0,0.0,0.0,0.1,0.03
8,PE_only,-0.010678,0.05,0.25,0.45,0.65,0.7,0.85,0.9,0.0,0.0,0.0,0.08,0.05
8,PE_FED,-0.010678,0.05,0.3,0.35,0.5,0.65,0.75,0.95,-0.5,0.0,0.0,0.06,0.04
6,PB_only,-0.01068,0.1,0.3,0.4,0.55,0.65,0.8,0.9,0.0,0.0,0.0,0.12,0.05
6,PB_FED,-0.01068,0.15,0.25,0.35,0.5,0.75,0.85,0.95,0.0,0.0,0.0,0.08,0.03
8,PE_FED,-0.01068,0.05,0.15,0.3,0.6,0.75,0.85,0.95,0.5,0.0,0.0,0.1,0.04
6,PB_only,-0.010692,0.1,0.2,0.4,0.5,0.65,0.75,0.85,0.0,0.0,0.0,0.08,0.05
8,PE_only,-0.010693,0.05,0.15,0.45,0.6,0.7,0.8,0.85,0.0,0.0,0.0,0.12,0.05
8,PE_only,-0.010693,0.05,0.15,0.45,0.6,0.7,0.8,0.85,0.0,0.0,0.0,0.08,0.05
6,PB_FED,-0.010697,0.15,0.3,0.4,0.55,0.7,0.8,0.9,-0.5,0.0,0.0,0.08,0.05
8,PB_FED,-0.010698,0.05,0.3,0.45,0.65,0.65,0.8,0.85,0.5,0.0,0.0,0.08,0.05
8,PE_only,-0.010705,0.1,0.15,0.45,0.5,0.75,0.8,0.95,0.0,0.0,0.0,0.1,0.05
8,PE_FED,-0.010706,0.1,0.3,0.4,0.5,0.7,0.75,0.9,0.0,0.0,0.0,0.1,0.04
8,PE_FED,-0.010706,0.05,0.2,0.35,0.55,0.75,0.8,0.95,0.5,0.0,0.0,0.06,0.03
6,PB_only,-0.010708,0.15,0.3,0.35,0.6,0.7,0.85,0.95,0.0,0.0,0.0,0.12,0.05
6,PB_only,-0.01071,0.05,0.3,0.35,0.55,0.65,0.75,0.9,0.0,0.0,0.0,0.06,0.05
6,PB_only,-0.01071,0.05,0.3,0.35,0.55,0.65,0.75,0.9,0.0,0.0,0.0,0.08,0.05
6,PE_only,-0.010711,0.05,0.2,0.35,0.65,0.65,0.75,0.9,0.0,0.0,0.0,0.1,0.03
8,PE_only,-0.010713,0.05,0.25,0.45,0.65,0.65,0.8,0.85,0.0,0.0,0.0,0.08,0.03
8,PE_only,-0.010713,0.05,0.25,0.45,0.65,0.65,0.8,0.85,0.0,0.0,0.0,0.12,0.03
6,PB_only,-0.010715,0.05,0.3,0.4,0.55,0.65,0.75,0.9,0.0,0.0,0.0,0.1,0.04
6,PB_only,-0.010715,0.15,0.3,0.4,0.6,0.65,0.85,0.9,0.0,0.0,0.0,0.1,0.05
8,PE_PB_FED,-0.010717,0.05,0.2,0.35,0.5,0.7,0.8,0.95,0.0,0.5,0.7,0.08,0.03
6,PE_PB,-0.010718,0.1,0.15,0.35,0.7,0.65,0.75,0.95,0.0,0.65,0.0,0.1,0.05
8,PE_PB_FED,-0.010729,0.05,0.15,0.35,0.65,0.7,0.75,0.95,0.5,0.6,0.75,0.08,0.05
8,PE_only,-0.010734,0.2,0.25,0.35,0.65,0.75,0.85,0.9,0.0,0.0,0.0,0.08,0.05
8,PE_only,-0.010734,0.2,0.25,0.35,0.65,0.75,0.85,0.9,0.0,0.0,0.0,0.12,0.05
6,PE_only,-0.010735,0.2,0.3,0.35,0.65,0.75,0.8,0.95,0.0,0.0,0.0,0.12,0.03
8,PE_PB_FED,-0.010741,0.15,0.25,0.35,0.7,0.65,0.75,0.9,-0.5,0.6,0.8,0.08,0.03
8,PE_only,-0.010742,0.15,0.2,0.35,0.5,0.7,0.8,0.95,0.0,0.0,0.0,0.12,0.04
6,PE_only,-0.010744,0.15,0.2,0.3,0.65,0.7,0.8,0.9,0.0,0.0,0.0,0.12,0.04
6,PB_only,-0.010746,0.1,0.3,0.35,0.6,0.7,0.85,0.95,0.0,0.0,0.0,0.06,0.04
8,PB_only,-0.01075,0.05,0.3,0.45,0.5,0.75,0.8,0.95,0.0,0.0,0.0,0.12,0.03
8,PE_only,-0.010751,0.05,0.25,0.45,0.65,0.75,0.8,0.85,0.0,0.0,0.0,0.06,0.04
8,PB_only,-0.010753,0.2,0.3,0.35,0.5,0.75,0.85,0.9,0.0,0.0,0.0,0.08,0.04
8,PE_FED,-0.010758,0.1,0.3,0.4,0.55,0.7,0.75,0.9,-0.5,0.0,0.0,0.06,0.03
6,PE_only,-0.010762,0.05,0.15,0.35,0.65,0.7,0.8,0.9,0.0,0.0,0.0,0.12,0.05
6,PE_only,-0.010768,0.05,0.15,0.4,0.7,0.7,0.8,0.85,0.0,0.0,0.0,0.12,0.04
6,PE_only,-0.010768,0.05,0.15,0.45,0.7,0.7,0.85,0.9,0.0,0.0,0.0,0.1,0.05
8,PE_PB_FED,-0.010768,0.1,0.25,0.45,0.65,0.65,0.8,0.95,0.0,0.5,0.75,0.08,0.04
8,PE_only,-0.010769,0.15,0.3,0.4,0.65,0.65,0.75,0.85,0.0,0.0,0.0,0.12,0.03
6,PB_FED,-0.010775,0.05,0.3,0.4,0.6,0.7,0.85,0.95,0.0,0.0,0.0,0.1,0.04
8,PE_PB,-0.010776,0.1,0.15,0.3,0.6,0.65,0.75,0.95,0.0,0.55,0.0,0.08,0.03
6,PB_only,-0.01078,0.05,0.3,0.45,0.6,0.65,0.8,0.95,0.0,0.0,0.0,0.12,0.04
8,PE_only,-0.010787,0.05,0.2,0.35,0.5,0.7,0.8,0.95,0.0,0.0,0.0,0.1,0.05
8,PE_only,-0.010789,0.1,0.25,0.45,0.65,0.65,0.85,0.9,0.0,0.0,0.0,0.08,0.05
8,PE_PB,-0.01079,0.05,0.25,0.45,0.7,0.75,0.85,0.95,0.0,0.65,0.0,0.08,0.05
8,PE_PB,-0.01079,0.05,0.15,0.3,0.7,0.7,0.8,0.9,0.0,0.6,0.0,0.1,0.04
8,PE_only,-0.010792,0.1,0.2,0.3,0.6,0.75,0.8,0.85,0.0,0.0,0.0,0.12,0.04
6,PE_only,-0.010794,0.2,0.25,0.35,0.7,0.7,0.8,0.9,0.0,0.0,0.0,0.08,0.04
6,PB_only,-0.010796,0.1,0.15,0.35,0.5,0.65,0.8,0.95,0.0,0.0,0.0,0.12,0.04
6,PB_only,-0.010798,0.05,0.3,0.4,0.6,0.7,0.85,0.9,0.0,0.0,0.0,0.06,0.04
6,PB_only,-0.010799,0.1,0.3,0.45,0.55,0.7,0.8,0.9,0.0,0.0,0.0,0.1,0.04
8,PE_FED,-0.010799,0.1,0.2,0.45,0.6,0.7,0.8,0.95,0.5,0.0,0.0,0.08,0.03
8,PE_FED,-0.010799,0.1,0.2,0.45,0.6,0.7,0.8,0.95,0.5,0.0,0.0,0.1,0.03
8,PB_FED,-0.010799,0.2,0.25,0.3,0.5,0.75,0.8,0.95,0.5,0.0,0.0,0.06,0.05
6,PB_only,-0.010802,0.15,0.3,0.45,0.55,0.7,0.8,0.95,0.0,0.0,0.0,0.06,0.03
6,PB_FED,-0.010805,0.2,0.3,0.4,0.55,0.65,0.8,0.85,-0.5,0.0,0.0,0.1,0.04
8,PE_only,-0.010805,0.2,0.25,0.35,0.65,0.75,0.8,0.85,0.0,0.0,0.0,0.12,0.05
8,PB_only,-0.01081,0.2,0.25,0.4,0.5,0.7,0.85,0.95,0.0,0.0,0.0,0.12,0.05
8,PB_only,-0.010819,0.2,0.3,0.35,0.5,0.7,0.8,0.95,0.0,0.0,0.0,0.06,0.04
6,PB_FED,-0.01082,0.15,0.3,0.45,0.55,0.7,0.75,0.85,-0.5,0.0,0.0,0.12,0.05
8,PE_PB_FED,-0.01082,0.05,0.25,0.35,0.55,0.7,0.8,0.95,-0.5,0.6,0.7,0.06,0.03
8,PE_only,-0.010823,0.05,0.2,0.4,0.6,0.65,0.8,0.85,0.0,0.0,0.0,0.06,0.04
8,PE_PB_FED,-0.010829,0.05,0.15,0.45,0.5,0.65,0.75,0.95,-0.5,0.6,0.8,0.08,0.04
8,PE_FED,-0.010832,0.2,0.3,0.35,0.55,0.75,0.8,0.9,0.0,0.0,0.0,0.08,0.05
8,PE_PB_FED,-0.010841,0.05,0.25,0.45,0.7,0.65,0.75,0.85,0.0,0.65,0.75,0.08,0.03
6,PE_only,-0.010843,0.2,0.3,0.4,0.65,0.75,0.8,0.95,0.0,0.0,0.0,0.06,0.03
8,PE_FED,-0.010844,0.05,0.25,0.45,0.6,0.75,0.8,0.85,-0.5,0.0,0.0,0.12,0.04
8,PE_only,-0.010851,0.15,0.2,0.3,0.6,0.7,0.85,0.9,0.0,0.0,0.0,0.08,0.05
6,PB_only,-0.010856,0.15,0.3,0.45,0.6,0.65,0.85,0.9,0.0,0.0,0.0,0.06,0.04
8,PE_PB_FED,-0.010856,0.15,0.25,0.35,0.55,0.7,0.8,0.9,0.0,0.65,0.8,0.06,0.04
6,PE_FED,-0.010859,0.1,0.2,0.45,0.65,0.65,0.85,0.95,-0.5,0.0,0.0,0.1,0.05
8,PE_FED,-0.010859,0.2,0.25,0.4,0.6,0.65,0.8,0.85,-0.5,0.0,0.0,0.08,0.03
8,PE_PB_FED,-0.010869,0.2,0.3,0.35,0.6,0.65,0.8,0.95,-0.5,0.65,0.8,0.06,0.04
8,PE_only,-0.01087,0.05,0.3,0.35,0.65,0.65,0.75,0.85,0.0,0.0,0.0,0.06,0.05
8,PE_only,-0.01087,0.05,0.3,0.35,0.65,0.7,0.75,0.85,0.0,0.0,0.0,0.08,0.05
8,PE_FED,-0.010877,0.1,0.25,0.3,0.55,0.65,0.75,0.95,0.5,0.0,0.0,0.06,0.03
8,PE_only,-0.010879,0.1,0.2,0.3,0.55,0.65,0.8,0.9,0.0,0.0,0.0,0.1,0.03
8,PE_FED,-0.010887,0.05,0.2,0.35,0.55,0.65,0.75,0.95,0.5,0.0,0.0,0.12,0.05
6,PB_only,-0.01089,0.2,0.25,0.45,0.55,0.65,0.75,0.95,0.0,0.0,0.0,0.08,0.05
6,PB_only,-0.01089,0.2,0.25,0.45,0.55,0.7,0.75,0.95,0.0,0.0,0.0,0.12,0.05
8,PE_only,-0.010891,0.2,0.25,0.4,0.65,0.75,0.8,0.85,0.0,0.0,0.0,0.06,0.04
8,PE_only,-0.010891,0.2,0.25,0.4,0.65,0.75,0.8,0.85,0.0,0.0,0.0,0.08,0.04
6,PB_only,-0.010893,0.1,0.2,0.4,0.5,0.75,0.8,0.9,0.0,0.0,0.0,0.12,0.04
8,PE_PB,-0.010894,0.05,0.2,0.4,0.65,0.65,0.75,0.9,0.0,0.65,0.0,0.1,0.03
6,PE_only,-0.010898,0.1,0.3,0.45,0.65,0.7,0.75,0.95,0.0,0.0,0.0,0.12,0.03
6,PE_only,-0.010899,0.2,0.3,0.35,0.65,0.7,0.75,0.95,0.0,0.0,0.0,0.06,0.04
6,PE_FED,-0.010902,0.1,0.25,0.35,0.7,0.7,0.75,0.9,-0.5,0.0,0.0,0.1,0.04
6,PB_only,-0.010904,0.1,0.15,0.3,0.5,0.65,0.85,0.95,0.0,0.0,0.0,0.1,0.04
6,PB_only,-0.010909,0.05,0.3,0.35,0.55,0.65,0.75,0.95,0.0,0.0,0.0,0.08,0.05
6,PE_only,-0.010911,0.1,0.15,0.35,0.7,0.75,0.8,0.85,0.0,0.0,0.0,0.08,0.03
6,PE_only,-0.010912,0.05,0.15,0.35,0.7,0.65,0.75,0.85,0.0,0.0,0.0,0.08,0.03
6,PB_only,-0.010913,0.15,0.25,0.35,0.5,0.65,0.75,0.85,0.0,0.0,0.0,0.06,0.05
8,PE_only,-0.010919,0.15,0.3,0.45,0.55,0.75,0.8,0.95,0.0,0.0,0.0,0.06,0.03
8,PE_PB_FED,-0.010923,0.05,0.15,0.3,0.5,0.75,0.8,0.9,0.0,0.65,0.7,0.08,0.05
6,PB_only,-0.010925,0.15,0.2,0.45,0.5,0.65,0.75,0.9,0.0,0.0,0.0,0.08,0.05
6,PE_only,-0.010927,0.05,0.25,0.35,0.7,0.65,0.75,0.9,0.0,0.0,0.0,0.12,0.05
6,PB_only,-0.010932,0.15,0.3,0.35,0.55,0.65,0.85,0.95,0.0,0.0,0.0,0.12,0.03
8,PB_only,-0.01094,0.2,0.3,0.45,0.5,0.75,0.8,0.95,0.0,0.0,0.0,0.12,0.03
8,PE_FED,-0.010941,0.2,0.3,0.45,0.55,0.75,0.85,0.95,-0.5,0.0,0.0,0.08,0.03
8,PE_PB,-0.010942,0.05,0.15,0.3,0.6,0.7,0.75,0.9,0.0,0.65,0.0,0.06,0.05
8,PE_FED,-0.010952,0.05,0.2,0.35,0.5,0.65,0.75,0.9,-0.5,0.0,0.0,0.08,0.05
6,PB_only,-0.010953,0.15,0.2,0.4,0.5,0.75,0.85,0.9,0.0,0.0,0.0,0.1,0.03
8,PE_PB_FED,-0.010954,0.05,0.15,0.3,0.6,0.75,0.8,0.9,-0.5,0.6,0.8,0.06,0.05
6,PE_FED,-0.010956,0.15,0.2,0.35,0.7,0.7,0.75,0.9,0.0,0.0,0.0,0.1,0.04
6,PE_only,-0.010958,0.15,0.2,0.35,0.65,0.7,0.8,0.9,0.0,0.0,0.0,0.12,0.04
8,PE_only,-0.01096,0.1,0.3,0.45,0.55,0.7,0.75,0.95,0.0,0.0,0.0,0.1,0.03
6,PE_only,-0.010964,0.05,0.2,0.3,0.7,0.75,0.85,0.9,0.0,0.0,0.0,0.06,0.05
8,PE_only,-0.010965,0.05,0.2,0.35,0.55,0.75,0.8,0.9,0.0,0.0,0.0,0.12,0.03
6,PE_only,-0.010966,0.1,0.25,0.45,0.65,0.7,0.85,0.95,0.0,0.0,0.0,0.1,0.04
6,PB_only,-0.010967,0.15,0.3,0.4,0.55,0.7,0.75,0.95,0.0,0.0,0.0,0.06,0.04
6,PB_only,-0.010968,0.1,0.3,0.35,0.5,0.7,0.75,0.9,0.0,0.0,0.0,0.12,0.03
8,PE_only,-0.010968,0.15,0.2,0.45,0.6,0.75,0.85,0.9,0.0,0.0,0.0,0.12,0.04
8,PB_only,-0.010969,0.05,0.3,0.35,0.5,0.65,0.85,0.95,0.0,0.0,0.0,0.06,0.03
6,PE_only,-0.01097,0.05,0.15,0.4,0.6,0.7,0.8,0.95,0.0,0.0,0.0,0.06,0.04
6,PE_only,-0.01097,0.05,0.15,0.4,0.6,0.65,0.8,0.95,0.0,0.0,0.0,0.12,0.04
8,PE_only,-0.010972,0.2,0.3,0.45,0.6,0.65,0.85,0.95,0.0,0.0,0.0,0.1,0.05
8,PE_PB_FED,-0.010973,0.05,0.2,0.35,0.55,0.7,0.75,0.9,-0.5,0.65,0.75,0.08,0.04
8,PB_FED,-0.010974,0.05,0.3,0.35,0.6,0.7,0.85,0.9,0.5,0.0,0.0,0.06,0.05
6,PB_FED,-0.010978,0.2,0.25,0.35,0.5,0.75,0.8,0.95,0.0,0.0,0.0,0.1,0.04
8,PB_FED,-0.010979,0.2,0.25,0.35,0.55,0.75,0.8,0.85,0.5,0.0,0.0,0.06,0.05
8,PE_only,-0.010981,0.05,0.3,0.45,0.55,0.65,0.75,0.95,0.0,0.0,0.0,0.06,0.03
8,PE_PB,-0.010981,0.1,0.2,0.35,0.7,0.7,0.8,0.95,0.0,0.55,0.0,0.1,0.03
8,PE_PB_FED,-0.010983,0.1,0.3,0.4,0.5,0.75,0.8,0.95,0.0,0.65,0.8,0.08,0.03
8,PE_PB,-0.010991,0.1,0.2,0.4,0.55,0.7,0.75,0.95,0.0,0.65,0.0,0.12,0.03
6,PB_only,-0.010997,0.2,0.25,0.3,0.5,0.7,0.8,0.85,0.0,0.0,0.0,0.08,0.04
6,PE_only,-0.010998,0.15,0.2,0.35,0.65,0.7,0.75,0.9,0.0,0.0,0.0,0.12,0.05
6,PB_only,-0.011003,0.15,0.25,0.3,0.5,0.65,0.8,0.95,0.0,0.0,0.0,0.08,0.03
6,PE_PB,-0.011004,0.05,0.15,0.4,0.65,0.7,0.8,0.95,0.0,0.65,0.0,0.1,0.03
6,PE_only,-0.011009,0.2,0.25,0.3,0.7,0.65,0.8,0.9,0.0,0.0,0.0,0.12,0.04
8,PE_only,-0.011011,0.05,0.2,0.4,0.5,0.7,0.8,0.95,0.0,0.0,0.0,0.06,0.05
8,PE_only,-0.011014,0.05,0.2,0.35,0.55,0.7,0.8,0.9,0.0,0.0,0.0,0.08,0.04
8,PE_only,-0.011014,0.1,0.2,0.3,0.6,0.75,0.85,0.9,0.0,0.0,0.0,0.1,0.05
8,PE_FED,-0.011016,0.15,0.3,0.35,0.6,0.65,0.8,0.85,-0.5,0.0,0.0,0.06,0.04
8,PE_FED,-0.011018,0.15,0.25,0.45,0.55,0.7,0.8,0.85,0.0,0.0,0.0,0.1,0.03
8,PE_only,-0.011021,0.1,0.3,0.4,0.65,0.65,0.75,0.85,0.0,0.0,0.0,0.08,0.05
6,PB_only,-0.011028,0.1,0.25,0.45,0.5,0.7,0.75,0.85,0.0,0.0,0.0,0.06,0.03
8,PE_PB,-0.011028,0.1,0.3,0.45,0.7,0.7,0.8,0.95,0.0,0.65,0.0,0.06,0.04
6,PE_FED,-0.011035,0.15,0.25,0.3,0.7,0.7,0.85,0.95,0.0,0.0,0.0,0.1,0.04
8,PE_only,-0.011037,0.15,0.3,0.4,0.65,0.65,0.8,0.85,0.0,0.0,0.0,0.12,0.04
6,PB_only,-0.011038,0.1,0.15,0.4,0.5,0.75,0.8,0.95,0.0,0.0,0.0,0.06,0.05
6,PB_FED,-0.011039,0.15,0.3,0.45,0.55,0.7,0.85,0.9,-0.5,0.0,0.0,0.1,0.03
8,PE_PB_FED,-0.011041,0.1,0.2,0.3,0.6,0.65,0.8,0.95,-0.5,0.5,0.8,0.1,0.03
6,PE_FED,-0.011043,0.15,0.25,0.35,0.7,0.7,0.75,0.9,-0.5,0.0,0.0,0.1,0.03
8,PE_PB,-0.011046,0.1,0.15,0.45,0.6,0.7,0.75,0.95,0.0,0.6,0.0,0.06,0.05
6,PB_only,-0.011048,0.05,0.25,0.35,0.5,0.65,0.8,0.85,0.0,0.0,0.0,0.12,0.04
8,PE_only,-0.011048,0.2,0.3,0.35,0.65,0.7,0.85,0.9,0.0,0.0,0.0,0.08,0.04
8,PE_only,-0.011049,0.2,0.25,0.3,0.55,0.75,0.85,0.95,0.0,0.0,0.0,0.12,0.03
8,PE_only,-0.01105,0.2,0.3,0.35,0.65,0.75,0.85,0.9,0.0,0.0,0.0,0.1,0.04
8,PE_PB,-0.01105,0.15,0.2,0.35,0.55,0.65,0.8,0.95,0.0,0.65,0.0,0.1,0.03
6,PE_FED,-0.011051,0.05,0.25,0.4,0.7,0.7,0.75,0.95,0.0,0.0,0.0,0.08,0.05
8,PE_PB_FED,-0.011053,0.05,0.15,0.45,0.7,0.65,0.8,0.9,-0.5,0.55,0.75,0.12,0.04
6,PB_only,-0.011054,0.1,0.3,0.45,0.55,0.7,0.75,0.95,0.0,0.0,0.0,0.1,0.03
6,PB_only,-0.01106,0.05,0.25,0.3,0.5,0.75,0.8,0.9,0.0,0.0,0.0,0.1,0.05
8,PE_FED,-0.011066,0.15,0.2,0.3,0.55,0.7,0.8,0.95,0.5,0.0,0.0,0.06,0.05
8,PE_FED,-0.011066,0.2,0.3,0.4,0.5,0.65,0.85,0.95,0.0,0.0,0.0,0.1,0.04
6,PE_FED,-0.01107,0.15,0.25,0.3,0.65,0.75,0.8,0.95,0.0,0.0,0.0,0.12,0.04
6,PB_FED,-0.011073,0.2,0.3,0.45,0.55,0.75,0.85,0.9,0.0,0.0,0.0,0.12,0.03
8,PE_PB_FED,-0.011076,0.1,0.15,0.45,0.55,0.7,0.8,0.95,0.5,0.65,0.8,0.08,0.03
8,PE_FED,-0.011079,0.05,0.25,0.45,0.55,0.7,0.85,0.9,0.0,0.0,0.0,0.1,0.03
6,PE_only,-0.01108,0.05,0.15,0.4,0.6,0.65,0.8,0.95,0.0,0.0,0.0,0.08,0.05
6,PB_FED,-0.01108,0.1,0.3,0.4,0.55,0.75,0.8,0.95,-0.5,0.0,0.0,0.1,0.05
8,PB_FED,-0.01108,0.1,0.3,0.35,0.5,0.65,0.8,0.9,0.5,0.0,0.0,0.06,0.03
6,PB_FED,-0.011081,0.1,0.25,0.35,0.5,0.7,0.8,0.85,-0.5,0.0,0.0,0.06,0.03
6,PB_FED,-0.011087,0.05,0.25,0.3,0.5,0.65,0.85,0.9,0.0,0.0,0.0,0.12,0.04
8,PE_FED,-0.011088,0.2,0.25,0.45,0.55,0.7,0.75,0.85,0.0,0.0,0.0,0.12,0.03
8,PE_only,-0.011092,0.1,0.2,0.45,0.55,0.65,0.75,0.9,0.0,0.0,0.0,0.06,0.04
8,PE_FED,-0.011095,0.05,0.15,0.35,0.5,0.7,0.8,0.95,0.5,0.0,0.0,0.06,0.04
8,PE_FED,-0.011096,0.15,0.3,0.45,0.5,0.75,0.8,0.95,-0.5,0.0,0.0,0.1,0.03
8,PB_FED,-0.011098,0.2,0.3,0.45,0.6,0.75,0.8,0.9,0.5,0.0,0.0,0.12,0.05
8,PE_PB_FED,-0.011105,0.05,0.2,0.45,0.6,0.7,0.8,0.95,-0.5,0.55,0.7,0.08,0.05
6,PB_only,-0.011106,0.05,0.15,0.4,0.5,0.75,0.8,0.95,0.0,0.0,0.0,0.1,0.05
8,PE_only,-0.011109,0.15,0.25,0.3,0.6,0.7,0.85,0.9,0.0,0.0,0.0,0.1,0.04
8,PE_PB_FED,-0.011113,0.15,0.25,0.35,0.65,0.75,0.8,0.95,-0.5,0.55,0.75,0.06,0.05
6,PE_FED,-0.011114,0.05,0.15,0.45,0.6,0.7,0.75,0.95,-0.5,0.0,0.0,0.12,0.03
8,PE_only,-0.011116,0.1,0.3,0.35,0.65,0.7,0.85,0.9,0.0,0.0,0.0,0.08,0.03
6,PE_FED,-0.011118,0.1,0.15,0.45,0.6,0.65,0.75,0.95,0.0,0.0,0.0,0.06,0.04
6,PE_PB,-0.011119,0.05,0.15,0.3,0.7,0.75,0.85,0.95,0.0,0.65,0.0,0.12,0.03
6,PB_only,-0.01112,0.2,0.3,0.35,0.55,0.7,0.85,0.9,0.0,0.0,0.0,0.12,0.04
8,PE_only,-0.01112,0.15,0.25,0.45,0.55,0.75,0.85,0.95,0.0,0.0,0.0,0.12,0.03
8,PE_only,-0.011122,0.2,0.25,0.45,0.65,0.7,0.75,0.85,0.0,0.0,0.0,0.12,0.03
8,PE_PB,-0.011126,0.05,0.25,0.3,0.65,0.75,0.85,0.95,0.0,0.65,0.0,0.12,0.04
8,PE_PB_FED,-0.011126,0.15,0.2,0.35,0.7,0.65,0.85,0.9,0.0,0.6,0.7,0.06,0.05
8,PE_PB_FED,-0.011128,0.1,0.2,0.4,0.55,0.7,0.75,0.95,-0.5,0.55,0.75,0.08,0.04
8,PB_FED,-0.011128,0.05,0.25,0.4,0.55,0.65,0.8,0.85,0.5,0.0,0.0,0.08,0.05
6,PB_only,-0.011131,0.1,0.2,0.35,0.5,0.65,0.8,0.85,0.0,0.0,0.0,0.06,0.05
6,PB_FED,-0.011133,0.1,0.25,0.3,0.5,0.65,0.85,0.9,-0.5,0.0,0.0,0.1,0.04
6,PE_FED,-0.011141,0.2,0.25,0.45,0.65,0.75,0.8,0.95,-0.5,0.0,0.0,0.12,0.03
8,PE_PB_FED,-0.011143,0.1,0.3,0.45,0.55,0.7,0.8,0.95,0.0,0.6,0.7,0.1,0.04
8,PB_FED,-0.011144,0.15,0.3,0.35,0.55,0.65,0.8,0.9,0.5,0.0,0.0,0.1,0.05
8,PE_FED,-0.011147,0.15,0.2,0.4,0.5,0.65,0.75,0.9,-0.5,0.0,0.0,0.06,0.05
8,PE_FED,-0.011149,0.1,0.25,0.45,0.7,0.7,0.8,0.95,0.5,0.0,0.0,0.06,0.03
8,PE_PB_FED,-0.01115,0.1,0.2,0.3,0.6,0.7,0.75,0.85,0.0,0.6,0.8,0.06,0.04
8,PE_PB_FED,-0.011151,0.05,0.2,0.3,0.6,0.75,0.8,0.9,0.0,0.55,0.8,0.1,0.04
6,PB_only,-0.011152,0.2,0.25,0.3,0.5,0.7,0.8,0.9,0.0,0.0,0.0,0.1,0.04
6,PB_FED,-0.011155,0.05,0.25,0.4,0.5,0.65,0.8,0.85,-0.5,0.0,0.0,0.12,0.03
8,PE_PB,-0.011155,0.2,0.3,0.35,0.7,0.7,0.75,0.95,0.0,0.65,0.0,0.1,0.05
8,PE_only,-0.011156,0.05,0.15,0.3,0.55,0.7,0.75,0.85,0.0,0.0,0.0,0.1,0.03
6,PE_only,-0.011157,0.05,0.25,0.45,0.65,0.75,0.85,0.95,0.0,0.0,0.0,0.1,0.05
6,PE_FED,-0.011158,0.1,0.25,0.35,0.65,0.75,0.85,0.95,-0.5,0.0,0.0,0.06,0.05
8,PE_only,-0.011165,0.15,0.2,0.45,0.6,0.7,0.75,0.85,0.0,0.0,0.0,0.12,0.05
6,PE_only,-0.011166,0.15,0.2,0.4,0.7,0.7,0.75,0.85,0.0,0.0,0.0,0.12,0.04
8,PE_PB_FED,-0.011168,0.1,0.2,0.4,0.7,0.75,0.8,0.85,0.0,0.6,0.7,0.06,0.04
8,PE_FED,-0.011169,0.15,0.3,0.45,0.5,0.65,0.75,0.95,-0.5,0.0,0.0,0.06,0.04
8,PE_FED,-0.011173,0.15,0.2,0.35,0.5,0.75,0.8,0.9,-0.5,0.0,0.0,0.06,0.03
6,PE_only,-0.011174,0.15,0.2,0.3,0.7,0.7,0.8,0.85,0.0,0.0,0.0,0.06,0.04
8,PE_only,-0.011179,0.05,0.2,0.45,0.5,0.75,0.8,0.95,0.0,0.0,0.0,0.12,0.03
8,PE_only,-0.011179,0.05,0.2,0.45,0.5,0.65,0.8,0.95,0.0,0.0,0.0,0.08,0.03
8,PE_PB,-0.011184,0.15,0.2,0.4,0.6,0.75,0.8,0.95,0.0,0.6,0.0,0.06,0.03
6,PE_only,-0.011185,0.1,0.2,0.45,0.7,0.65,0.8,0.9,0.0,0.0,0.0,0.08,0.05
8,PE_only,-0.011191,0.1,0.3,0.45,0.55,0.7,0.8,0.95,0.0,0.0,0.0,0.08,0.03
8,PE_only,-0.011193,0.1,0.15,0.3,0.55,0.7,0.75,0.85,0.0,0.0,0.0,0.1,0.04
6,PB_only,-0.011195,0.05,0.3,0.35,0.55,0.7,0.75,0.85,0.0,0.0,0.0,0.08,0.05
6,PB_FED,-0.011199,0.05,0.25,0.35,0.5,0.75,0.8,0.95,-0.5,0.0,0.0,0.1,0.03
6,PE_only,-0.011202,0.05,0.15,0.4,0.65,0.7,0.85,0.9,0.0,0.0,0.0,0.12,0.04
8,PE_FED,-0.011202,0.15,0.3,0.35,0.6,0.75,0.8,0.85,-0.5,0.0,0.0,0.1,0.04
6,PB_only,-0.011205,0.1,0.25,0.45,0.5,0.65,0.75,0.9,0.0,0.0,0.0,0.12,0.04
6,PB_only,-0.011206,0.1,0.25,0.3,0.5,0.65,0.8,0.85,0.0,0.0,0.0,0.1,0.05
8,PE_PB,-0.011208,0.1,0.15,0.45,0.55,0.65,0.8,0.95,0.0,0.65,0.0,0.06,0.04
6,PE_only,-0.011209,0.05,0.25,0.3,0.65,0.65,0.75,0.9,0.0,0.0,0.0,0.12,0.04
8,PE_only,-0.01121,0.05,0.25,0.3,0.5,0.75,0.8,0.95,0.0,0.0,0.0,0.08,0.03
6,PB_only,-0.011217,0.1,0.3,0.4,0.6,0.75,0.85,0.95,0.0,0.0,0.0,0.1,0.05
8,PE_FED,-0.01122,0.2,0.25,0.4,0.5,0.65,0.8,0.9,0.0,0.0,0.0,0.08,0.03
8,PB_FED,-0.01122,0.05,0.2,0.45,0.55,0.65,0.85,0.9,0.5,0.0,0.0,0.12,0.05
8,PE_only,-0.011221,0.2,0.3,0.4,0.55,0.75,0.8,0.95,0.0,0.0,0.0,0.1,0.03
8,PE_FED,-0.011221,0.1,0.25,0.4,0.5,0.7,0.8,0.9,0.0,0.0,0.0,0.08,0.05
8,PE_PB_FED,-0.011223,0.05,0.15,0.35,0.5,0.75,0.85,0.95,-0.5,0.65,0.8,0.06,0.05
6,PE_only,-0.011226,0.1,0.2,0.4,0.65,0.75,0.8,0.9,0.0,0.0,0.0,0.08,0.04
6,PE_FED,-0.011226,0.1,0.15,0.45,0.6,0.65,0.75,0.95,0.0,0.0,0.0,0.12,0.05
8,PE_FED,-0.01123,0.05,0.3,0.45,0.6,0.75,0.85,0.9,0.0,0.0,0.0,0.08,0.05
8,PE_only,-0.011232,0.2,0.3,0.4,0.65,0.65,0.75,0.85,0.0,0.0,0.0,0.08,0.04
8,PB_FED,-0.011233,0.1,0.3,0.45,0.5,0.7,0.75,0.95,0.5,0.0,0.0,0.12,0.05
8,PE_PB,-0.011236,0.05,0.15,0.35,0.55,0.7,0.85,0.95,0.0,0.65,0.0,0.1,0.03
6,PE_FED,-0.011237,0.15,0.25,0.35,0.7,0.7,0.8,0.9,-0.5,0.0,0.0,0.06,0.04
8,PE_PB,-0.011237,0.05,0.15,0.3,0.65,0.65,0.75,0.85,0.0,0.65,0.0,0.06,0.03
8,PE_only,-0.011238,0.1,0.15,0.3,0.55,0.65,0.75,0.85,0.0,0.0,0.0,0.1,0.03
8,PE_only,-0.01124,0.1,0.2,0.4,0.6,0.75,0.8,0.85,0.0,0.0,0.0,0.08,0.04
8,PE_only,-0.011246,0.15,0.2,0.45,0.5,0.7,0.75,0.95,0.0,0.0,0.0,0.12,0.04
8,PE_FED,-0.011248,0.05,0.15,0.35,0.5,0.75,0.8,0.95,0.5,0.0,0.0,0.12,0.05
8,PE_only,-0.011249,0.05,0.25,0.45,0.55,0.7,0.85,0.95,0.0,0.0,0.0,0.08,0.03
6,PE_only,-0.01125,0.05,0.2,0.3,0.6,0.7,0.75,0.95,0.0,0.0,0.0,0.12,0.03
6,PE_PB,-0.011253,0.05,0.15,0.45,0.7,0.7,0.8,0.95,0.0,0.65,0.0,0.08,0.04
6,PB_FED,-0.011256,0.05,0.3,0.4,0.6,0.65,0.85,0.95,0.0,0.0,0.0,0.1,0.04
6,PE_FED,-0.011258,0.1,0.2,0.4,0.6,0.7,0.75,0.95,-0.5,0.0,0.0,0.12,0.05
6,PB_only,-0.01126,0.2,0.3,0.35,0.6,0.75,0.85,0.95,0.0,0.0,0.0,0.1,0.04
8,PB_only,-0.011261,0.2,0.3,0.35,0.5,0.75,0.8,0.85,0.0,0.0,0.0,0.12,0.05
6,PE_only,-0.011264,0.15,0.25,0.4,0.7,0.65,0.8,0.9,0.0,0.0,0.0,0.1,0.05
8,PE_PB_FED,-0.011266,0.05,0.2,0.3,0.5,0.75,0.8,0.95,0.0,0.5,0.7,0.06,0.04
8,PE_only,-0.011278,0.1,0.3,0.35,0.65,0.65,0.85,0.9,0.0,0.0,0.0,0.1,0.03
6,PE_only,-0.011279,0.15,0.3,0.35,0.65,0.75,0.85,0.95,0.0,0.0,0.0,0.06,0.05
6,PB_only,-0.011283,0.1,0.2,0.35,0.5,0.65,0.8,0.95,0.0,0.0,0.0,0.1,0.05
6,PE_only,-0.011284,0.05,0.2,0.3,0.7,0.65,0.75,0.85,0.0,0.0,0.0,0.1,0.04
8,PE_PB_FED,-0.011287,0.1,0.15,0.45,0.6,0.65,0.75,0.85,-0.5,0.65,0.7,0.12,0.03
6,PE_only,-0.011289,0.05,0.2,0.35,0.7,0.7,0.75,0.85,0.0,0.0,0.0,0.1,0.05
6,PB_only,-0.011293,0.2,0.25,0.35,0.5,0.65,0.75,0.95,0.0,0.0,0.0,0.06,0.05
6,PB_only,-0.011294,0.05,0.3,0.35,0.55,0.65,0.85,0.9,0.0,0.0,0.0,0.1,0.05
6,PE_FED,-0.011299,0.15,0.2,0.3,0.55,0.65,0.75,0.95,0.0,0.0,0.0,0.08,0.03
6,PE_FED,-0.011304,0.15,0.25,0.4,0.65,0.65,0.75,0.95,0.0,0.0,0.0,0.1,0.05
6,PE_only,-0.011306,0.2,0.3,0.45,0.65,0.65,0.75,0.95,0.0,0.0,0.0,0.06,0.03
8,PE_FED,-0.011308,0.05,0.2,0.35,0.5,0.65,0.8,0.9,-0.5,0.0,0.0,0.12,0.04
6,PB_only,-0.011309,0.15,0.3,0.45,0.55,0.65,0.8,0.85,0.0,0.0,0.0,0.06,0.05
8,PE_only,-0.011309,0.05,0.25,0.35,0.55,0.7,0.75,0.9,0.0,0.0,0.0,0.12,0.04
8,PE_PB,-0.011311,0.1,0.25,0.4,0.65,0.75,0.85,0.95,0.0,0.65,0.0,0.06,0.03
6,PB_only,-0.011313,0.15,0.2,0.35,0.5,0.65,0.8,0.95,0.0,0.0,0.0,0.1,0.05
6,PE_only,-0.011316,0.15,0.25,0.3,0.7,0.75,0.85,0.9,0.0,0.0,0.0,0.08,0.03
8,PB_FED,-0.011316,0.1,0.25,0.45,0.5,0.65,0.8,0.95,0.5,0.0,0.0,0.06,0.03
6,PE_FED,-0.011319,0.15,0.3,0.4,0.7,0.7,0.75,0.95,0.0,0.0,0.0,0.1,0.03
6,PE_only,-0.011324,0.05,0.3,0.45,0.65,0.7,0.75,0.95,0.0,0.0,0.0,0.06,0.05
8,PE_FED,-0.011327,0.1,0.3,0.4,0.5,0.75,0.8,0.95,-0.5,0.0,0.0,0.1,0.05
8,PE_only,-0.01133,0.1,0.3,0.4,0.65,0.65,0.8,0.85,0.0,0.0,0.0,0.12,0.04
6,PB_only,-0.011337,0.15,0.3,0.35,0.55,0.75,0.85,0.95,0.0,0.0,0.0,0.06,0.05
8,PE_FED,-0.011337,0.1,0.3,0.45,0.5,0.7,0.75,0.9,0.0,0.0,0.0,0.06,0.04
8,PE_FED,-0.01134,0.05,0.2,0.3,0.55,0.75,0.8,0.95,0.5,0.0,0.0,0.06,0.05
6,PB_only,-0.011343,0.1,0.3,0.45,0.55,0.65,0.8,0.9,0.0,0.0,0.0,0.12,0.05
8,PE_FED,-0.011344,0.15,0.2,0.4,0.55,0.7,0.8,0.85,-0.5,0.0,0.0,0.1,0.03
6,PE_only,-0.011345,0.1,0.2,0.3,0.6,0.7,0.8,0.95,0.0,0.0,0.0,0.1,0.03
6,PE_only,-0.011345,0.1,0.2,0.3,0.6,0.7,0.8,0.95,0.0,0.0,0.0,0.06,0.03
8,PE_PB,-0.011345,0.1,0.3,0.4,0.7,0.75,0.85,0.95,0.0,0.65,0.0,0.1,0.03
6,PE_only,-0.011349,0.2,0.25,0.3,0.7,0.7,0.8,0.9,0.0,0.0,0.0,0.08,0.05
6,PB_only,-0.011368,0.05,0.2,0.35,0.5,0.65,0.85,0.9,0.0,0.0,0.0,0.12,0.04
8,PE_PB_FED,-0.011368,0.1,0.15,0.4,0.7,0.7,0.8,0.85,0.0,0.55,0.7,0.1,0.05
6,PE_only,-0.011372,0.05,0.15,0.45,0.7,0.65,0.75,0.85,0.0,0.0,0.0,0.1,0.04
6,PE_only,-0.011373,0.1,0.2,0.45,0.7,0.65,0.85,0.9,0.0,0.0,0.0,0.08,0.04
8,PE_only,-0.011374,0.1,0.2,0.45,0.5,0.65,0.8,0.95,0.0,0.0,0.0,0.12,0.03
8,PB_FED,-0.011374,0.15,0.25,0.35,0.7,0.65,0.75,0.9,1.0,0.0,0.0,0.08,0.03
6,PE_FED,-0.011376,0.15,0.2,0.45,0.65,0.65,0.85,0.95,0.0,0.0,0.0,0.06,0.04
6,PB_only,-0.011377,0.15,0.2,0.35,0.5,0.75,0.85,0.95,0.0,0.0,0.0,0.12,0.03
8,PE_FED,-0.011377,0.2,0.25,0.3,0.5,0.65,0.85,0.95,-0.5,0.0,0.0,0.08,0.03
8,PE_only,-0.011378,0.2,0.25,0.45,0.6,0.65,0.8,0.9,0.0,0.0,0.0,0.08,0.03
8,PE_FED,-0.011378,0.15,0.25,0.3,0.5,0.7,0.75,0.85,0.0,0.0,0.0,0.06,0.04
6,PE_only,-0.011381,0.15,0.3,0.4,0.65,0.75,0.85,0.95,0.0,0.0,0.0,0.12,0.03
6,PE_only,-0.011381,0.05,0.15,0.3,0.65,0.65,0.75,0.85,0.0,0.0,0.0,0.12,0.04
8,PE_PB,-0.011382,0.05,0.15,0.3,0.65,0.7,0.85,0.9,0.0,0.65,0.0,0.06,0.04
8,PE_only,-0.011389,0.1,0.3,0.35,0.6,0.7,0.75,0.9,0.0,0.0,0.0,0.1,0.05
8,PE_only,-0.01139,0.15,0.25,0.45,0.6,0.7,0.8,0.9,0.0,0.0,0.0,0.12,0.05
8,PE_only,-0.01139,0.15,0.25,0.45,0.6,0.65,0.8,0.9,0.0,0.0,0.0,0.06,0.05
6,PE_FED,-0.011393,0.05,0.2,0.4,0.6,0.7,0.75,0.95,-0.5,0.0,0.0,0.1,0.05
6,PB_FED,-0.011393,0.15,0.25,0.3,0.5,0.65,0.85,0.95,-0.5,0.0,0.0,0.08,0.03
6,PE_FED,-0.011394,0.05,0.25,0.45,0.7,0.7,0.75,0.95,0.0,0.0,0.0,0.12,0.03
6,PB_only,-0.011394,0.05,0.15,0.35,0.5,0.75,0.85,0.95,0.0,0.0,0.0,0.12,0.05
8,PE_PB_FED,-0.011397,0.15,0.3,0.35,0.6,0.7,0.75,0.9,0.0,0.6,0.8,0.12,0.04
6,PB_FED,-0.0114,0.05,0.3,0.35,0.55,0.7,0.85,0.95,-0.5,0.0,0.0,0.12,0.03
8,PE_PB,-0.011401,0.1,0.15,0.4,0.7,0.75,0.8,0.85,0.0,0.65,0.0,0.08,0.04
8,PE_PB,-0.011402,0.1,0.15,0.35,0.55,0.65,0.75,0.95,0.0,0.6,0.0,0.08,0.05
8,PB_FED,-0.011402,0.15,0.25,0.45,0.55,0.7,0.8,0.85,0.5,0.0,0.0,0.08,0.05
6,PB_only,-0.011406,0.05,0.2,0.35,0.5,0.75,0.85,0.9,0.0,0.0,0.0,0.1,0.04
6,PB_only,-0.011407,0.1,0.15,0.4,0.5,0.65,0.8,0.95,0.0,0.0,0.0,0.08,0.04
8,PE_only,-0.011407,0.1,0.3,0.35,0.6,0.75,0.8,0.9,0.0,0.0,0.0,0.1,0.03
8,PE_FED,-0.011408,0.1,0.15,0.3,0.6,0.7,0.75,0.9,0.5,0.0,0.0,0.1,0.05
8,PB_FED,-0.011409,0.1,0.25,0.45,0.5,0.65,0.8,0.85,0.5,0.0,0.0,0.06,0.03
6,PE_only,-0.011414,0.05,0.15,0.45,0.6,0.7,0.75,0.95,0.0,0.0,0.0,0.06,0.03
8,PE_PB_FED,-0.011417,0.15,0.25,0.4,0.6,0.7,0.75,0.85,0.0,0.65,0.8,0.1,0.05
6,PB_only,-0.011421,0.05,0.3,0.4,0.55,0.7,0.75,0.95,0.0,0.0,0.0,0.12,0.05
8,PE_FED,-0.011422,0.15,0.25,0.3,0.55,0.7,0.75,0.85,-0.5,0.0,0.0,0.12,0.03
8,PE_only,-0.011423,0.05,0.25,0.35,0.6,0.7,0.75,0.85,0.0,0.0,0.0,0.12,0.04
6,PE_FED,-0.01143,0.05,0.15,0.45,0.7,0.75,0.8,0.9,-0.5,0.0,0.0,0.08,0.05
8,PE_PB,-0.01143,0.15,0.2,0.45,0.7,0.75,0.85,0.95,0.0,0.6,0.0,0.1,0.03
6,PE_FED,-0.011431,0.05,0.15,0.35,0.7,0.7,0.75,0.9,0.0,0.0,0.0,0.08,0.03
6,PE_only,-0.011432,0.15,0.3,0.35,0.7,0.65,0.8,0.9,0.0,0.0,0.0,0.08,0.04
6,PE_only,-0.011433,0.1,0.15,0.45,0.6,0.65,0.75,0.95,0.0,0.0,0.0,0.08,0.03
8,PE_PB_FED,-0.011434,0.05,0.2,0.35,0.6,0.65,0.85,0.95,0.0,0.5,0.7,0.08,0.04
6,PB_FED,-0.011435,0.1,0.3,0.4,0.55,0.7,0.85,0.9,-0.5,0.0,0.0,0.1,0.04
8,PE_PB,-0.01144,0.1,0.25,0.4,0.7,0.65,0.75,0.9,0.0,0.65,0.0,0.1,0.04
6,PB_only,-0.011441,0.05,0.2,0.35,0.5,0.7,0.85,0.95,0.0,0.0,0.0,0.08,0.03
8,PB_FED,-0.011442,0.15,0.2,0.4,0.7,0.65,0.75,0.85,1.0,0.0,0.0,0.1,0.03
6,PE_only,-0.011443,0.1,0.2,0.45,0.65,0.7,0.75,0.9,0.0,0.0,0.0,0.08,0.03
8,PE_FED,-0.011444,0.1,0.3,0.35,0.6,0.75,0.8,0.85,-0.5,0.0,0.0,0.12,0.04
8,PE_PB_FED,-0.011445,0.1,0.25,0.35,0.7,0.65,0.85,0.9,0.0,0.6,0.75,0.06,0.04
8,PE_PB,-0.011455,0.1,0.3,0.35,0.7,0.65,0.85,0.95,0.0,0.65,0.0,0.08,0.03
8,PE_PB_FED,-0.011457,0.1,0.3,0.45,0.7,0.75,0.85,0.95,-0.5,0.6,0.7,0.06,0.03
6,PE_FED,-0.01146,0.05,0.25,0.45,0.7,0.65,0.8,0.95,0.0,0.0,0.0,0.06,0.03
8,PE_PB,-0.011462,0.05,0.25,0.35,0.65,0.75,0.8,0.95,0.0,0.6,0.0,0.1,0.03
8,PE_only,-0.011465,0.2,0.25,0.4,0.55,0.75,0.85,0.95,0.0,0.0,0.0,0.06,0.03
8,PE_PB_FED,-0.011465,0.15,0.2,0.4,0.7,0.75,0.85,0.95,-0.5,0.5,0.75,0.06,0.03
6,PB_only,-0.011466,0.05,0.25,0.3,0.5,0.7,0.8,0.95,0.0,0.0,0.0,0.08,0.05
8,PE_only,-0.011466,0.05,0.15,0.3,0.55,0.65,0.8,0.85,0.0,0.0,0.0,0.1,0.04
6,PB_only,-0.011469,0.1,0.2,0.4,0.5,0.65,0.8,0.9,0.0,0.0,0.0,0.1,0.05
8,PE_only,-0.011469,0.05,0.25,0.3,0.6,0.7,0.75,0.85,0.0,0.0,0.0,0.1,0.03
8,PB_FED,-0.011469,0.05,0.15,0.35,0.7,0.75,0.8,0.95,1.0,0.0,0.0,0.08,0.03
6,PE_only,-0.01147,0.1,0.2,0.3,0.7,0.65,0.75,0.85,0.0,0.0,0.0,0.12,0.05
6,PB_only,-0.01147,0.1,0.3,0.4,0.5,0.65,0.75,0.9,0.0,0.0,0.0,0.12,0.03
8,PB_FED,-0.01147,0.2,0.25,0.4,0.7,0.7,0.75,0.95,1.0,0.0,0.0,0.08,0.03
6,PB_only,-0.011473,0.15,0.2,0.4,0.5,0.65,0.8,0.95,0.0,0.0,0.0,0.08,0.03
6,PB_only,-0.011478,0.15,0.25,0.3,0.5,0.7,0.85,0.95,0.0,0.0,0.0,0.12,0.03
6,PE_only,-0.011479,0.1,0.3,0.35,0.65,0.7,0.85,0.95,0.0,0.0,0.0,0.12,0.05
6,PB_only,-0.011482,0.05,0.15,0.4,0.5,0.65,0.8,0.95,0.0,0.0,0.0,0.12,0.04
6,PE_only,-0.011484,0.1,0.15,0.3,0.65,0.7,0.85,0.9,0.0,0.0,0.0,0.08,0.03
6,PE_only,-0.011489,0.15,0.2,0.3,0.65,0.7,0.8,0.9,0.0,0.0,0.0,0.12,0.05
6,PE_only,-0.011491,0.1,0.25,0.4,0.65,0.65,0.75,0.9,0.0,0.0,0.0,0.1,0.04
6,PB_only,-0.011494,0.1,0.3,0.45,0.6,0.7,0.85,0.9,0.0,0.0,0.0,0.08,0.05
8,PE_PB,-0.011494,0.05,0.2,0.45,0.7,0.65,0.8,0.95,0.0,0.55,0.0,0.12,0.03
6,PE_only,-0.011496,0.15,0.2,0.3,0.6,0.7,0.75,0.95,0.0,0.0,0.0,0.08,0.05
6,PE_only,-0.011497,0.05,0.2,0.3,0.7,0.7,0.75,0.85,0.0,0.0,0.0,0.08,0.03
8,PE_only,-0.011498,0.15,0.3,0.4,0.65,0.7,0.8,0.85,0.0,0.0,0.0,0.08,0.03
8,PE_only,-0.011499,0.05,0.25,0.45,0.6,0.65,0.8,0.9,0.0,0.0,0.0,0.08,0.05
6,PB_only,-0.011501,0.15,0.2,0.45,0.5,0.65,0.8,0.85,0.0,0.0,0.0,0.12,0.04
8,PB_only,-0.011502,0.05,0.3,0.45,0.5,0.65,0.85,0.9,0.0,0.0,0.0,0.12,0.04
6,PB_only,-0.011508,0.1,0.3,0.4,0.5,0.7,0.75,0.9,0.0,0.0,0.0,0.06,0.03
6,PE_only,-0.011511,0.1,0.2,0.3,0.6,0.65,0.75,0.95,0.0,0.0,0.0,0.12,0.04
6,PE_FED,-0.011511,0.2,0.25,0.45,0.65,0.65,0.8,0.95,-0.5,0.0,0.0,0.08,0.05
8,PE_only,-0.011511,0.1,0.15,0.35,0.55,0.7,0.75,0.85,0.0,0.0,0.0,0.12,0.04
6,PE_FED,-0.011512,0.1,0.15,0.35,0.6,0.75,0.85,0.95,-0.5,0.0,0.0,0.08,0.03
6,PB_only,-0.011512,0.15,0.2,0.3,0.5,0.7,0.85,0.95,0.0,0.0,0.0,0.1,0.05
6,PB_only,-0.011515,0.15,0.3,0.4,0.55,0.65,0.75,0.95,0.0,0.0,0.0,0.1,0.04
8,PE_PB_FED,-0.011526,0.1,0.25,0.45,0.6,0.7,0.8,0.95,0.0,0.5,0.8,0.1,0.05
8,PE_only,-0.011528,0.05,0.15,0.45,0.55,0.65,0.8,0.9,0.0,0.0,0.0,0.08,0.05
8,PE_PB_FED,-0.01153,0.1,0.15,0.45,0.6,0.75,0.8,0.9,0.0,0.55,0.75,0.08,0.05
6,PB_only,-0.011532,0.1,0.15,0.4,0.5,0.65,0.85,0.95,0.0,0.0,0.0,0.06,0.03
8,PB_FED,-0.011534,0.05,0.2,0.4,0.65,0.65,0.75,0.95,1.0,0.0,0.0,0.08,0.03
6,PB_FED,-0.011542,0.05,0.25,0.3,0.5,0.75,0.85,0.95,0.0,0.0,0.0,0.08,0.04
6,PE_FED,-0.011543,0.1,0.15,0.35,0.6,0.65,0.85,0.95,-0.5,0.0,0.0,0.1,0.05
8,PE_FED,-0.011547,0.15,0.2,0.4,0.55,0.7,0.8,0.95,0.5,0.0,0.0,0.12,0.05
8,PE_PB_FED,-0.011548,0.1,0.2,0.3,0.55,0.75,0.8,0.9,0.0,0.6,0.8,0.06,0.05
8,PE_PB_FED,-0.01155,0.1,0.2,0.4,0.6,0.75,0.8,0.95,0.5,0.65,0.7,0.1,0.03
8,PE_only,-0.011551,0.1,0.3,0.4,0.6,0.65,0.8,0.9,0.0,0.0,0.0,0.12,0.04
6,PB_only,-0.011553,0.1,0.25,0.45,0.5,0.65,0.8,0.85,0.0,0.0,0.0,0.1,0.03
8,PE_PB_FED,-0.011554,0.1,0.15,0.35,0.65,0.7,0.75,0.85,-0.5,0.6,0.75,0.12,0.05
6,PB_only,-0.011558,0.15,0.3,0.35,0.5,0.65,0.75,0.85,0.0,0.0,0.0,0.1,0.04
8,PE_FED,-0.011559,0.05,0.2,0.4,0.55,0.7,0.8,0.85,-0.5,0.0,0.0,0.08,0.05
6,PB_only,-0.011561,0.2,0.3,0.4,0.55,0.7,0.85,0.9,0.0,0.0,0.0,0.06,0.04
8,PE_FED,-0.011563,0.1,0.2,0.35,0.5,0.65,0.8,0.85,0.0,0.0,0.0,0.06,0.03
8,PE_PB,-0.01157,0.2,0.25,0.4,0.7,0.75,0.8,0.95,0.0,0.6,0.0,0.06,0.03
6,PE_only,-0.011571,0.2,0.25,0.45,0.7,0.7,0.75,0.9,0.0,0.0,0.0,0.1,0.05
6,PB_only,-0.011571,0.1,0.15,0.45,0.5,0.7,0.8,0.9,0.0,0.0,0.0,0.1,0.05
6,PE_only,-0.011572,0.05,0.2,0.35,0.7,0.7,0.8,0.85,0.0,0.0,0.0,0.06,0.05
6,PE_only,-0.011578,0.05,0.2,0.35,0.7,0.75,0.8,0.85,0.0,0.0,0.0,0.06,0.05
8,PE_PB_FED,-0.011578,0.1,0.2,0.3,0.55,0.65,0.75,0.95,0.5,0.65,0.8,0.12,0.04
8,PE_PB_FED,-0.011583,0.05,0.25,0.4,0.6,0.65,0.85,0.95,-0.5,0.6,0.75,0.12,0.03
8,PE_only,-0.011587,0.2,0.25,0.45,0.65,0.7,0.8,0.85,0.0,0.0,0.0,0.12,0.03
8,PE_FED,-0.011589,0.15,0.25,0.4,0.6,0.7,0.75,0.95,0.5,0.0,0.0,0.1,0.04
6,PB_only,-0.011591,0.05,0.3,0.4,0.6,0.75,0.85,0.95,0.0,0.0,0.0,0.06,0.05
8,PE_only,-0.011591,0.2,0.25,0.35,0.6,0.75,0.8,0.9,0.0,0.0,0.0,0.08,0.05
8,PE_PB,-0.011593,0.05,0.2,0.35,0.7,0.65,0.75,0.95,0.0,0.55,0.0,0.1,0.05
8,PE_FED,-0.011593,0.2,0.25,0.45,0.55,0.7,0.8,0.9,-0.5,0.0,0.0,0.06,0.04
6,PB_only,-0.011595,0.2,0.3,0.4,0.55,0.65,0.8,0.95,0.0,0.0,0.0,0.08,0.05
8,PE_FED,-0.011595,0.05,0.25,0.35,0.7,0.65,0.8,0.95,0.5,0.0,0.0,0.12,0.04
8,PE_only,-0.0116,0.05,0.3,0.4,0.65,0.75,0.8,0.85,0.0,0.0,0.0,0.08,0.04
6,PE_PB,-0.011604,0.05,0.15,0.35,0.7,0.75,0.85,0.95,0.0,0.65,0.0,0.06,0.05
8,PE_FED,-0.011607,0.2,0.3,0.45,0.6,0.75,0.8,0.85,0.0,0.0,0.0,0.1,0.03
8,PE_FED,-0.011608,0.1,0.25,0.4,0.6,0.65,0.75,0.95,0.5,0.0,0.0,0.12,0.04
8,PE_PB_FED,-0.011608,0.1,0.15,0.4,0.65,0.65,0.8,0.9,-0.5,0.55,0.75,0.12,0.04
6,PE_only,-0.011609,0.2,0.25,0.45,0.65,0.75,0.85,0.95,0.0,0.0,0.0,0.1,0.03
6,PE_FED,-0.011609,0.05,0.25,0.35,0.65,0.7,0.75,0.95,0.0,0.0,0.0,0.12,0.05
6,PE_only,-0.01161,0.1,0.2,0.45,0.7,0.7,0.85,0.9,0.0,0.0,0.0,0.1,0.03
6,PB_FED,-0.011615,0.05,0.25,0.4,0.5,0.7,0.8,0.85,0.0,0.0,0.0,0.08,0.04
8,PE_FED,-0.011615,0.15,0.2,0.45,0.5,0.65,0.75,0.85,0.0,0.0,0.0,0.12,0.05
6,PE_FED,-0.011616,0.05,0.15,0.45,0.65,0.65,0.85,0.95,0.0,0.0,0.0,0.08,0.05
8,PE_only,-0.011617,0.1,0.3,0.4,0.65,0.65,0.8,0.85,0.0,0.0,0.0,0.08,0.05
8,PE_only,-0.011617,0.1,0.3,0.4,0.65,0.75,0.8,0.85,0.0,0.0,0.0,0.06,0.05
6,PE_only,-0.011618,0.1,0.2,0.3,0.6,0.7,0.75,0.95,0.0,0.0,0.0,0.06,0.05
8,PB_FED,-0.01162,0.1,0.2,0.3,0.6,0.7,0.75,0.9,1.0,0.0,0.0,0.1,0.04
8,PE_FED,-0.011621,0.1,0.15,0.4,0.65,0.7,0.75,0.9,0.5,0.0,0.0,0.06,0.05
6,PE_only,-0.011622,0.05,0.2,0.35,0.6,0.75,0.8,0.95,0.0,0.0,0.0,0.12,0.03
6,PE_only,-0.011623,0.05,0.15,0.45,0.6,0.65,0.75,0.95,0.0,0.0,0.0,0.08,0.04
8,PE_PB,-0.011623,0.15,0.25,0.3,0.7,0.65,0.8,0.9,0.0,0.65,0.0,0.1,0.04
6,PE_FED,-0.011625,0.2,0.25,0.4,0.65,0.7,0.75,0.95,0.0,0.0,0.0,0.12,0.05
8,PE_FED,-0.011626,0.05,0.3,0.4,0.55,0.7,0.75,0.9,-0.5,0.0,0.0,0.08,0.05
8,PB_FED,-0.01163,0.15,0.25,0.45,0.5,0.7,0.85,0.9,0.5,0.0,0.0,0.06,0.03
6,PE_only,-0.011634,0.15,0.2,0.4,0.6,0.75,0.8,0.95,0.0,0.0,0.0,0.1,0.03
6,PE_PB,-0.011634,0.1,0.15,0.4,0.65,0.75,0.8,0.95,0.0,0.65,0.0,0.12,0.05
8,PE_only,-0.011634,0.1,0.3,0.45,0.65,0.65,0.75,0.85,0.0,0.0,0.0,0.08,0.03
8,PE_FED,-0.011638,0.05,0.15,0.35,0.55,0.65,0.85,0.95,0.5,0.0,0.0,0.08,0.05
8,PE_PB_FED,-0.01164,0.1,0.3,0.35,0.6,0.65,0.75,0.95,-0.5,0.6,0.75,0.1,0.05
8,PE_FED,-0.011645,0.2,0.25,0.35,0.5,0.65,0.85,0.95,-0.5,0.0,0.0,0.1,0.03
6,PB_only,-0.011647,0.15,0.2,0.45,0.5,0.65,0.8,0.9,0.0,0.0,0.0,0.1,0.04
8,PB_FED,-0.011647,0.2,0.3,0.45,0.55,0.7,0.8,0.95,0.5,0.0,0.0,0.1,0.03
8,PE_PB,-0.011648,0.05,0.3,0.45,0.65,0.75,0.8,0.95,0.0,0.65,0.0,0.12,0.03
8,PE_PB_FED,-0.011649,0.1,0.3,0.35,0.55,0.7,0.75,0.95,0.0,0.5,0.8,0.12,0.03
6,PE_only,-0.011653,0.05,0.3,0.4,0.65,0.7,0.85,0.95,0.0,0.0,0.0,0.12,0.04
6,PE_FED,-0.011662,0.05,0.15,0.35,0.65,0.7,0.8,0.9,-0.5,0.0,0.0,0.12,0.03
6,PE_only,-0.011666,0.05,0.15,0.35,0.65,0.75,0.85,0.9,0.0,0.0,0.0,0.12,0.03
6,PE_only,-0.011671,0.1,0.2,0.35,0.7,0.65,0.75,0.85,0.0,0.0,0.0,0.12,0.05
8,PE_PB_FED,-0.011671,0.05,0.2,0.3,0.55,0.7,0.8,0.9,0.0,0.6,0.7,0.1,0.05
6,PB_only,-0.011673,0.15,0.25,0.4,0.5,0.7,0.8,0.9,0.0,0.0,0.0,0.12,0.04
6,PB_only,-0.011674,0.2,0.3,0.45,0.55,0.65,0.75,0.85,0.0,0.0,0.0,0.08,0.04
6,PB_FED,-0.011677,0.05,0.2,0.45,0.5,0.75,0.85,0.95,-0.5,0.0,0.0,0.1,0.03
6,PE_FED,-0.01168,0.05,0.25,0.4,0.65,0.7,0.75,0.95,0.0,0.0,0.0,0.06,0.04
8,PE_only,-0.011686,0.05,0.3,0.45,0.55,0.7,0.8,0.95,0.0,0.0,0.0,0.06,0.04
6,PE_only,-0.01169,0.05,0.2,0.45,0.7,0.7,0.85,0.9,0.0,0.0,0.0,0.12,0.03
8,PE_FED,-0.01169,0.1,0.3,0.4,0.55,0.75,0.8,0.9,-0.5,0.0,0.0,0.1,0.04
6,PB_only,-0.011692,0.05,0.25,0.4,0.5,0.65,0.8,0.85,0.0,0.0,0.0,0.12,0.04
6,PE_only,-0.011694,0.1,0.15,0.3,0.65,0.7,0.75,0.85,0.0,0.0,0.0,0.06,0.05
6,PE_only,-0.011696,0.15,0.2,0.3,0.6,0.75,0.8,0.95,0.0,0.0,0.0,0.08,0.05
8,PE_only,-0.011703,0.15,0.2,0.3,0.55,0.65,0.8,0.9,0.0,0.0,0.0,0.08,0.05
6,PB_only,-0.011706,0.15,0.25,0.35,0.5,0.65,0.8,0.9,0.0,0.0,0.0,0.06,0.05
6,PE_only,-0.01171,0.2,0.3,0.45,0.65,0.7,0.8,0.95,0.0,0.0,0.0,0.1,0.05
6,PB_only,-0.01171,0.2,0.3,0.35,0.6,0.65,0.85,0.95,0.0,0.0,0.0,0.12,0.04
8,PB_FED,-0.01171,0.05,0.2,0.4,0.65,0.65,0.75,0.9,1.0,0.0,0.0,0.1,0.03
8,PE_PB_FED,-0.011713,0.1,0.15,0.3,0.55,0.7,0.8,0.95,0.5,0.6,0.8,0.12,0.05
6,PE_FED,-0.011723,0.1,0.3,0.35,0.65,0.7,0.8,0.95,-0.5,0.0,0.0,0.1,0.05
8,PE_PB,-0.011723,0.15,0.2,0.3,0.65,0.75,0.8,0.95,0.0,0.55,0.0,0.08,0.03
6,PB_only,-0.011724,0.05,0.3,0.4,0.55,0.7,0.75,0.85,0.0,0.0,0.0,0.06,0.05
8,PE_PB_FED,-0.011724,0.2,0.25,0.4,0.7,0.7,0.75,0.9,-0.5,0.6,0.75,0.06,0.03
8,PE_only,-0.011727,0.2,0.3,0.4,0.55,0.75,0.8,0.95,0.0,0.0,0.0,0.12,0.04
6,PB_only,-0.01173,0.15,0.25,0.45,0.5,0.7,0.75,0.9,0.0,0.0,0.0,0.08,0.05
6,PE_only,-0.011732,0.15,0.2,0.45,0.7,0.7,0.75,0.85,0.0,0.0,0.0,0.1,0.04
6,PB_only,-0.011735,0.05,0.3,0.35,0.55,0.65,0.85,0.95,0.0,0.0,0.0,0.08,0.05
8,PE_FED,-0.011737,0.2,0.25,0.35,0.55,0.75,0.8,0.9,-0.5,0.0,0.0,0.08,0.05
8,PB_FED,-0.011747,0.05,0.2,0.4,0.5,0.75,0.85,0.9,0.5,0.0,0.0,0.1,0.05
8,PE_PB,-0.011755,0.05,0.2,0.4,0.65,0.75,0.8,0.9,0.0,0.65,0.0,0.12,0.04
6,PB_only,-0.011759,0.15,0.2,0.45,0.5,0.7,0.85,0.9,0.0,0.0,0.0,0.06,0.03
8,PB_FED,-0.011764,0.15,0.3,0.4,0.5,0.7,0.8,0.9,0.5,0.0,0.0,0.12,0.03
8,PE_FED,-0.011768,0.05,0.2,0.35,0.5,0.65,0.8,0.85,0.0,0.0,0.0,0.06,0.03
8,PB_FED,-0.011768,0.05,0.15,0.45,0.65,0.7,0.75,0.9,1.0,0.0,0.0,0.1,0.04
8,PE_only,-0.01177,0.15,0.2,0.45,0.55,0.7,0.75,0.9,0.0,0.0,0.0,0.06,0.05
8,PE_only,-0.011774,0.1,0.25,0.3,0.6,0.75,0.85,0.9,0.0,0.0,0.0,0.08,0.03
6,PE_only,-0.011781,0.05,0.2,0.4,0.6,0.65,0.8,0.95,0.0,0.0,0.0,0.08,0.03
6,PE_only,-0.011781,0.05,0.2,0.4,0.6,0.65,0.8,0.95,0.0,0.0,0.0,0.12,0.03
6,PE_FED,-0.011783,0.15,0.2,0.3,0.65,0.65,0.8,0.9,-0.5,0.0,0.0,0.06,0.04
8,PB_only,-0.011784,0.2,0.3,0.45,0.5,0.75,0.85,0.95,0.0,0.0,0.0,0.08,0.03
8,PE_PB,-0.011787,0.15,0.3,0.35,0.6,0.7,0.75,0.95,0.0,0.65,0.0,0.1,0.03
8,PE_FED,-0.01179,0.2,0.25,0.3,0.5,0.65,0.8,0.9,0.0,0.0,0.0,0.06,0.05
6,PE_only,-0.011792,0.1,0.25,0.3,0.65,0.75,0.8,0.9,0.0,0.0,0.0,0.08,0.04
6,PE_FED,-0.011792,0.15,0.25,0.45,0.65,0.75,0.85,0.95,-0.5,0.0,0.0,0.06,0.03
6,PB_only,-0.011793,0.2,0.25,0.35,0.5,0.65,0.8,0.9,0.0,0.0,0.0,0.06,0.04
8,PE_only,-0.011797,0.1,0.15,0.3,0.55,0.65,0.8,0.85,0.0,0.0,0.0,0.08,0.04
6,PB_only,-0.011805,0.05,0.2,0.45,0.5,0.65,0.75,0.95,0.0,0.0,0.0,0.08,0.04
8,PE_only,-0.01181,0.15,0.2,0.45,0.6,0.75,0.8,0.85,0.0,0.0,0.0,0.1,0.03
8,PE_only,-0.011815,0.15,0.3,0.45,0.65,0.65,0.85,0.9,0.0,0.0,0.0,0.12,0.05
6,PE_FED,-0.011816,0.2,0.25,0.3,0.7,0.7,0.75,0.9,-0.5,0.0,0.0,0.1,0.05
8,PB_FED,-0.011817,0.15,0.25,0.45,0.7,0.65,0.75,0.95,1.0,0.0,0.0,0.1,0.03
6,PB_only,-0.011821,0.1,0.3,0.4,0.55,0.75,0.85,0.95,0.0,0.0,0.0,0.12,0.04
6,PE_only,-0.011822,0.1,0.2,0.35,0.65,0.7,0.8,0.9,0.0,0.0,0.0,0.06,0.05
8,PE_PB_FED,-0.011825,0.2,0.25,0.3,0.55,0.75,0.8,0.9,0.0,0.65,0.75,0.06,0.04
6,PE_only,-0.011827,0.15,0.3,0.45,0.7,0.7,0.75,0.9,0.0,0.0,0.0,0.12,0.05
8,PE_PB,-0.011833,0.05,0.15,0.4,0.7,0.7,0.8,0.95,0.0,0.5,0.0,0.1,0.04
6,PB_FED,-0.011836,0.05,0.25,0.4,0.5,0.7,0.8,0.95,0.0,0.0,0.0,0.06,0.04
6,PE_FED,-0.011837,0.05,0.25,0.45,0.7,0.7,0.75,0.9,-0.5,0.0,0.0,0.1,0.04
6,PE_FED,-0.011837,0.05,0.15,0.4,0.6,0.7,0.85,0.95,-0.5,0.0,0.0,0.1,0.05
6,PB_only,-0.011837,0.1,0.3,0.4,0.5,0.7,0.75,0.85,0.0,0.0,0.0,0.08,0.03
6,PB_only,-0.011837,0.1,0.3,0.45,0.6,0.7,0.85,0.95,0.0,0.0,0.0,0.1,0.05
8,PE_PB,-0.01184,0.05,0.25,0.3,0.7,0.65,0.8,0.95,0.0,0.55,0.0,0.08,0.03
6,PE_only,-0.011842,0.05,0.2,0.35,0.7,0.65,0.8,0.85,0.0,0.0,0.0,0.12,0.04
8,PE_PB,-0.011843,0.05,0.15,0.3,0.6,0.65,0.75,0.95,0.0,0.5,0.0,0.08,0.03
8,PE_only,-0.011848,0.1,0.25,0.35,0.6,0.7,0.75,0.85,0.0,0.0,0.0,0.08,0.03
6,PE_only,-0.011849,0.05,0.2,0.35,0.65,0.7,0.8,0.9,0.0,0.0,0.0,0.12,0.05
8,PE_FED,-0.011853,0.05,0.2,0.45,0.55,0.65,0.85,0.9,-0.5,0.0,0.0,0.1,0.03
8,PE_FED,-0.011854,0.05,0.3,0.4,0.55,0.75,0.8,0.9,-0.5,0.0,0.0,0.08,0.04
6,PE_only,-0.011855,0.1,0.15,0.45,0.6,0.75,0.8,0.95,0.0,0.0,0.0,0.08,0.05
6,PE_only,-0.011855,0.1,0.15,0.45,0.6,0.75,0.8,0.95,0.0,0.0,0.0,0.12,0.05
8,PB_only,-0.011857,0.2,0.3,0.45,0.5,0.75,0.8,0.95,0.0,0.0,0.0,0.06,0.05
6,PE_only,-0.011862,0.05,0.15,0.35,0.6,0.75,0.85,0.95,0.0,0.0,0.0,0.1,0.04
8,PE_only,-0.011863,0.1,0.2,0.45,0.5,0.65,0.8,0.95,0.0,0.0,0.0,0.12,0.04
6,PE_only,-0.011866,0.15,0.25,0.45,0.65,0.65,0.75,0.9,0.0,0.0,0.0,0.06,0.04
6,PE_only,-0.011866,0.15,0.25,0.45,0.65,0.7,0.75,0.9,0.0,0.0,0.0,0.08,0.04
8,PE_only,-0.011868,0.1,0.3,0.45,0.65,0.7,0.75,0.85,0.0,0.0,0.0,0.08,0.03
8,PE_only,-0.011868,0.1,0.15,0.3,0.55,0.65,0.85,0.9,0.0,0.0,0.0,0.1,0.03
8,PE_only,-0.011873,0.2,0.3,0.4,0.55,0.65,0.8,0.95,0.0,0.0,0.0,0.06,0.05
6,PE_only,-0.011874,0.1,0.3,0.35,0.7,0.65,0.75,0.9,0.0,0.0,0.0,0.06,0.05
6,PB_only,-0.011875,0.15,0.2,0.4,0.5,0.75,0.8,0.95,0.0,0.0,0.0,0.1,0.05
6,PB_only,-0.011876,0.05,0.15,0.45,0.5,0.65,0.8,0.85,0.0,0.0,0.0,0.06,0.05
8,PE_PB_FED,-0.011876,0.2,0.3,0.35,0.6,0.65,0.8,0.95,0.0,0.55,0.7,0.06,0.04
6,PB_only,-0.011878,0.1,0.15,0.45,0.5,0.7,0.8,0.95,0.0,0.0,0.0,0.06,0.04
6,PB_only,-0.01188,0.15,0.25,0.45,0.5,0.65,0.75,0.95,0.0,0.0,0.0,0.08,0.05
8,PE_PB_FED,-0.01188,0.1,0.2,0.4,0.5,0.65,0.8,0.9,0.0,0.65,0.8,0.1,0.03
6,PE_only,-0.011886,0.05,0.15,0.45,0.65,0.7,0.85,0.9,0.0,0.0,0.0,0.08,0.04
8,PE_PB,-0.011886,0.15,0.3,0.4,0.6,0.65,0.75,0.95,0.0,0.65,0.0,0.06,0.03
6,PB_FED,-0.01189,0.15,0.25,0.35,0.5,0.65,0.8,0.95,-0.5,0.0,0.0,0.06,0.04
8,PE_PB_FED,-0.011891,0.1,0.2,0.3,0.7,0.7,0.85,0.95,-0.5,0.5,0.8,0.06,0.05
6,PE_only,-0.011899,0.15,0.25,0.35,0.7,0.7,0.75,0.85,0.0,0.0,0.0,0.1,0.05
8,PB_FED,-0.011899,0.1,0.2,0.45,0.5,0.65,0.85,0.95,0.5,0.0,0.0,0.1,0.05
8,PE_PB_FED,-0.011901,0.15,0.3,0.35,0.7,0.65,0.8,0.85,0.0,0.65,0.8,0.08,0.04
8,PE_only,-0.011903,0.1,0.25,0.35,0.5,0.65,0.75,0.95,0.0,0.0,0.0,0.06,0.05
6,PE_FED,-0.011908,0.15,0.3,0.45,0.65,0.65,0.8,0.95,-0.5,0.0,0.0,0.1,0.03
6,PE_only,-0.01191,0.05,0.15,0.45,0.7,0.65,0.8,0.85,0.0,0.0,0.0,0.08,0.03
6,PE_only,-0.011914,0.15,0.25,0.3,0.7,0.65,0.75,0.85,0.0,0.0,0.0,0.12,0.04
8,PE_only,-0.011914,0.05,0.25,0.35,0.6,0.7,0.85,0.9,0.0,0.0,0.0,0.1,0.03
8,PE_PB,-0.011915,0.1,0.3,0.4,0.65,0.7,0.8,0.95,0.0,0.65,0.0,0.1,0.05
6,PE_only,-0.011917,0.05,0.25,0.3,0.65,0.65,0.75,0.9,0.0,0.0,0.0,0.08,0.05
8,PE_PB_FED,-0.011917,0.05,0.15,0.35,0.65,0.65,0.75,0.95,0.5,0.55,0.75,0.06,0.04
6,PB_only,-0.011918,0.2,0.3,0.35,0.55,0.7,0.85,0.95,0.0,0.0,0.0,0.12,0.04
6,PB_only,-0.011919,0.2,0.3,0.4,0.55,0.7,0.75,0.85,0.0,0.0,0.0,0.06,0.05
8,PE_FED,-0.011921,0.05,0.15,0.3,0.6,0.75,0.8,0.9,0.5,0.0,0.0,0.08,0.03
8,PE_FED,-0.011921,0.05,0.15,0.3,0.6,0.75,0.8,0.9,0.5,0.0,0.0,0.12,0.03
8,PE_PB_FED,-0.011921,0.15,0.2,0.45,0.6,0.65,0.75,0.9,0.0,0.5,0.75,0.06,0.03
8,PB_only,-0.011922,0.15,0.3,0.45,0.5,0.7,0.85,0.95,0.0,0.0,0.0,0.06,0.04
6,PE_FED,-0.011924,0.15,0.25,0.4,0.7,0.65,0.75,0.9,-0.5,0.0,0.0,0.1,0.05
8,PE_PB_FED,-0.011924,0.15,0.2,0.3,0.55,0.7,0.8,0.85,0.0,0.65,0.7,0.12,0.03
6,PE_only,-0.011926,0.15,0.2,0.3,0.65,0.75,0.85,0.9,0.0,0.0,0.0,0.12,0.04
8,PB_FED,-0.011927,0.05,0.3,0.4,0.55,0.75,0.8,0.95,0.5,0.0,0.0,0.08,0.04
8,PE_FED,-0.011928,0.15,0.3,0.45,0.6,0.65,0.85,0.9,-0.5,0.0,0.0,0.12,0.05
6,PE_only,-0.011937,0.2,0.25,0.3,0.7,0.65,0.85,0.9,0.0,0.0,0.0,0.08,0.04
6,PB_only,-0.011937,0.1,0.25,0.35,0.5,0.7,0.8,0.85,0.0,0.0,0.0,0.06,0.05
6,PB_only,-0.011938,0.1,0.3,0.35,0.5,0.65,0.85,0.9,0.0,0.0,0.0,0.08,0.03
6,PB_FED,-0.011938,0.2,0.25,0.3,0.5,0.7,0.85,0.9,-0.5,0.0,0.0,0.06,0.04
8,PE_FED,-0.011941,0.1,0.25,0.45,0.7,0.75,0.8,0.95,0.5,0.0,0.0,0.12,0.04
6,PB_only,-0.011943,0.05,0.2,0.4,0.5,0.75,0.8,0.95,0.0,0.0,0.0,0.12,0.04
6,PB_only,-0.011948,0.1,0.25,0.45,0.5,0.7,0.75,0.95,0.0,0.0,0.0,0.1,0.05
8,PE_PB_FED,-0.011951,0.05,0.2,0.4,0.65,0.7,0.75,0.9,0.0,0.5,0.7,0.1,0.05
8,PE_PB_FED,-0.011953,0.05,0.25,0.45,0.55,0.75,0.8,0.95,0.0,0.5,0.8,0.12,0.04
6,PE_only,-0.011954,0.1,0.2,0.4,0.65,0.65,0.8,0.9,0.0,0.0,0.0,0.1,0.05
8,PE_PB,-0.011955,0.1,0.25,0.3,0.55,0.65,0.75,0.95,0.0,0.65,0.0,0.12,0.03
8,PE_PB,-0.011963,0.1,0.2,0.3,0.55,0.7,0.75,0.95,0.0,0.6,0.0,0.08,0.03
6,PE_only,-0.011967,0.15,0.25,0.4,0.65,0.7,0.8,0.9,0.0,0.0,0.0,0.12,0.04
6,PB_only,-0.011969,0.05,0.25,0.4,0.5,0.75,0.85,0.9,0.0,0.0,0.0,0.08,0.03
8,PE_PB,-0.011971,0.05,0.15,0.4,0.7,0.7,0.8,0.95,0.0,0.5,0.0,0.1,0.05
6,PB_only,-0.011973,0.05,0.25,0.3,0.5,0.75,0.85,0.9,0.0,0.0,0.0,0.12,0.05
8,PE_only,-0.011978,0.1,0.15,0.4,0.55,0.65,0.75,0.85,0.0,0.0,0.0,0.08,0.05
8,PE_PB,-0.011979,0.05,0.25,0.45,0.7,0.65,0.75,0.95,0.0,0.6,0.0,0.06,0.05
8,PE_PB_FED,-0.011985,0.05,0.2,0.35,0.55,0.65,0.85,0.95,0.0,0.5,0.75,0.1,0.04
6,PE_only,-0.011986,0.05,0.2,0.4,0.65,0.75,0.8,0.9,0.0,0.0,0.0,0.12,0.05
8,PB_FED,-0.011986,0.05,0.25,0.35,0.5,0.65,0.8,0.85,0.5,0.0,0.0,0.12,0.05
6,PE_only,-0.011987,0.05,0.15,0.35,0.65,0.65,0.75,0.85,0.0,0.0,0.0,0.08,0.03
8,PE_PB,-0.011987,0.05,0.15,0.45,0.7,0.7,0.8,0.85,0.0,0.65,0.0,0.1,0.05
6,PB_only,-0.011988,0.05,0.15,0.45,0.5,0.75,0.8,0.95,0.0,0.0,0.0,0.06,0.04
8,PE_only,-0.011989,0.2,0.3,0.35,0.65,0.65,0.85,0.9,0.0,0.0,0.0,0.08,0.05
6,PE_only,-0.01199,0.2,0.25,0.3,0.65,0.65,0.75,0.9,0.0,0.0,0.0,0.08,0.03
8,PE_only,-0.012001,0.05,0.15,0.3,0.55,0.7,0.85,0.9,0.0,0.0,0.0,0.06,0.05
6,PB_only,-0.012002,0.05,0.2,0.4,0.5,0.65,0.8,0.95,0.0,0.0,0.0,0.08,0.05
8,PE_PB,-0.012002,0.2,0.25,0.35,0.6,0.7,0.75,0.95,0.0,0.65,0.0,0.08,0.04
6,PE_only,-0.012006,0.05,0.2,0.45,0.65,0.65,0.8,0.9,0.0,0.0,0.0,0.06,0.03
6,PE_only,-0.012006,0.05,0.2,0.45,0.65,0.7,0.8,0.9,0.0,0.0,0.0,0.12,0.03
6,PE_only,-0.012006,0.05,0.2,0.45,0.65,0.65,0.8,0.9,0.0,0.0,0.0,0.08,0.03
8,PE_only,-0.012006,0.1,0.15,0.45,0.5,0.75,0.85,0.95,0.0,0.0,0.0,0.12,0.04
6,PE_only,-0.012007,0.15,0.25,0.4,0.7,0.7,0.75,0.85,0.0,0.0,0.0,0.1,0.05
8,PE_PB_FED,-0.012009,0.1,0.2,0.3,0.7,0.65,0.8,0.95,0.5,0.6,0.8,0.12,0.04
8,PE_only,-0.012012,0.05,0.15,0.3,0.5,0.75,0.8,0.9,0.0,0.0,0.0,0.1,0.03
8,PE_only,-0.012012,0.05,0.15,0.3,0.5,0.65,0.8,0.9,0.0,0.0,0.0,0.12,0.03
6,PE_only,-0.012013,0.15,0.25,0.3,0.7,0.7,0.8,0.85,0.0,0.0,0.0,0.1,0.04
6,PE_only,-0.012015,0.05,0.2,0.4,0.6,0.7,0.75,0.95,0.0,0.0,0.0,0.08,0.05
8,PE_PB_FED,-0.012022,0.15,0.2,0.4,0.5,0.7,0.75,0.95,-0.5,0.6,0.7,0.1,0.05
8,PB_FED,-0.012023,0.1,0.25,0.4,0.5,0.75,0.85,0.9,0.5,0.0,0.0,0.06,0.04
8,PE_FED,-0.012024,0.1,0.15,0.4,0.5,0.7,0.75,0.85,-0.5,0.0,0.0,0.12,0.03
6,PE_FED,-0.012025,0.15,0.25,0.35,0.6,0.65,0.8,0.95,-0.5,0.0,0.0,0.06,0.03
8,PE_FED,-0.012028,0.2,0.3,0.4,0.5,0.75,0.8,0.95,-0.5,0.0,0.0,0.06,0.04
6,PE_only,-0.012029,0.1,0.2,0.35,0.6,0.75,0.8,0.95,0.0,0.0,0.0,0.1,0.05
8,PB_FED,-0.01203,0.05,0.15,0.4,0.55,0.7,0.75,0.9,1.0,0.0,0.0,0.1,0.03
8,PE_only,-0.012031,0.05,0.3,0.45,0.65,0.65,0.85,0.9,0.0,0.0,0.0,0.12,0.03
8,PE_PB_FED,-0.012031,0.2,0.3,0.35,0.65,0.65,0.8,0.95,-0.5,0.6,0.8,0.06,0.05
8,PE_PB_FED,-0.012031,0.1,0.15,0.3,0.55,0.7,0.85,0.9,0.0,0.6,0.7,0.12,0.05
6,PE_FED,-0.012032,0.1,0.25,0.3,0.6,0.65,0.75,0.95,0.0,0.0,0.0,0.06,0.04
6,PE_only,-0.012033,0.05,0.15,0.4,0.6,0.65,0.85,0.95,0.0,0.0,0.0,0.12,0.04
6,PE_only,-0.012037,0.1,0.3,0.4,0.7,0.75,0.8,0.9,0.0,0.0,0.0,0.06,0.05
8,PE_PB_FED,-0.012048,0.05,0.15,0.35,0.65,0.65,0.8,0.9,-0.5,0.55,0.7,0.08,0.05
8,PE_PB_FED,-0.01205,0.1,0.2,0.35,0.6,0.7,0.75,0.85,-0.5,0.65,0.8,0.06,0.03
8,PE_PB,-0.012051,0.05,0.15,0.3,0.65,0.7,0.8,0.85,0.0,0.65,0.0,0.1,0.04
6,PB_only,-0.012061,0.05,0.15,0.4,0.5,0.75,0.85,0.95,0.0,0.0,0.0,0.06,0.05
8,PE_PB,-0.012064,0.05,0.15,0.3,0.65,0.65,0.75,0.95,0.0,0.5,0.0,0.08,0.05
6,PE_FED,-0.012065,0.1,0.3,0.45,0.7,0.7,0.75,0.95,0.0,0.0,0.0,0.08,0.03
8,PE_PB,-0.012066,0.05,0.2,0.45,0.6,0.7,0.85,0.95,0.0,0.65,0.0,0.12,0.04
8,PE_only,-0.012067,0.1,0.2,0.45,0.6,0.65,0.8,0.85,0.0,0.0,0.0,0.1,0.05
8,PE_only,-0.01207,0.1,0.25,0.3,0.5,0.75,0.8,0.95,0.0,0.0,0.0,0.08,0.05
6,PE_FED,-0.012072,0.2,0.3,0.35,0.65,0.7,0.8,0.95,-0.5,0.0,0.0,0.06,0.04
8,PB_FED,-0.012072,0.1,0.25,0.3,0.6,0.7,0.75,0.95,1.0,0.0,0.0,0.12,0.05
8,PE_PB,-0.012074,0.05,0.3,0.4,0.6,0.65,0.75,0.95,0.0,0.65,0.0,0.1,0.03
6,PB_only,-0.012075,0.05,0.2,0.45,0.5,0.75,0.8,0.95,0.0,0.0,0.0,0.06,0.03
8,PE_only,-0.012075,0.15,0.25,0.45,0.55,0.65,0.75,0.9,0.0,0.0,0.0,0.08,0.04
6,PE_only,-0.012082,0.05,0.25,0.45,0.7,0.65,0.8,0.9,0.0,0.0,0.0,0.08,0.05
6,PE_FED,-0.012083,0.15,0.25,0.45,0.65,0.75,0.8,0.95,0.0,0.0,0.0,0.12,0.04
8,PE_PB,-0.012084,0.05,0.25,0.3,0.6,0.7,0.85,0.95,0.0,0.65,0.0,0.12,0.03
8,PE_FED,-0.012086,0.2,0.25,0.3,0.55,0.65,0.75,0.85,-0.5,0.0,0.0,0.1,0.04
8,PE_PB_FED,-0.012086,0.2,0.3,0.35,0.6,0.65,0.85,0.95,-0.5,0.65,0.7,0.06,0.03
8,PE_PB_FED,-0.012089,0.15,0.25,0.4,0.7,0.65,0.8,0.85,0.0,0.6,0.7,0.08,0.03
6,PB_only,-0.01209,0.05,0.3,0.45,0.55,0.65,0.8,0.95,0.0,0.0,0.0,0.12,0.05
6,PE_only,-0.012094,0.1,0.25,0.35,0.65,0.65,0.8,0.9,0.0,0.0,0.0,0.06,0.03
8,PE_PB_FED,-0.012099,0.15,0.25,0.3,0.7,0.75,0.8,0.85,0.0,0.6,0.7,0.08,0.05
8,PB_FED,-0.012099,0.1,0.2,0.3,0.6,0.65,0.75,0.9,1.0,0.0,0.0,0.08,0.05
8,PE_only,-0.0121,0.05,0.3,0.35,0.55,0.75,0.85,0.95,0.0,0.0,0.0,0.08,0.03
8,PE_only,-0.0121,0.05,0.3,0.35,0.55,0.65,0.85,0.95,0.0,0.0,0.0,0.1,0.03
8,PE_PB_FED,-0.012108,0.15,0.3,0.45,0.5,0.7,0.8,0.95,0.0,0.65,0.8,0.12,0.04
6,PB_only,-0.01211,0.05,0.15,0.45,0.5,0.75,0.85,0.9,0.0,0.0,0.0,0.12,0.04
6,PB_only,-0.01211,0.05,0.15,0.45,0.5,0.7,0.85,0.9,0.0,0.0,0.0,0.12,0.04
6,PB_FED,-0.012111,0.2,0.3,0.35,0.5,0.75,0.8,0.9,0.0,0.0,0.0,0.1,0.04
6,PE_only,-0.012112,0.1,0.3,0.45,0.7,0.65,0.75,0.9,0.0,0.0,0.0,0.06,0.03
8,PE_PB,-0.012112,0.05,0.15,0.4,0.65,0.65,0.8,0.9,0.0,0.6,0.0,0.1,0.03
8,PE_PB,-0.012112,0.05,0.15,0.35,0.6,0.65,0.75,0.95,0.0,0.5,0.0,0.12,0.03
8,PE_only,-0.012114,0.1,0.3,0.45,0.6,0.7,0.75,0.9,0.0,0.0,0.0,0.12,0.05
6,PE_FED,-0.012115,0.1,0.25,0.35,0.6,0.75,0.8,0.95,-0.5,0.0,0.0,0.1,0.03
8,PE_FED,-0.012115,0.2,0.3,0.45,0.6,0.65,0.75,0.85,-0.5,0.0,0.0,0.06,0.03
6,PB_only,-0.012123,0.05,0.3,0.4,0.5,0.7,0.75,0.85,0.0,0.0,0.0,0.08,0.03
6,PE_only,-0.012129,0.15,0.25,0.3,0.6,0.75,0.8,0.95,0.0,0.0,0.0,0.08,0.03
8,PE_FED,-0.012134,0.1,0.2,0.4,0.5,0.7,0.75,0.95,0.5,0.0,0.0,0.1,0.05
8,PE_FED,-0.012134,0.05,0.2,0.45,0.7,0.65,0.85,0.95,0.5,0.0,0.0,0.08,0.03
8,PB_FED,-0.012136,0.05,0.25,0.45,0.5,0.7,0.8,0.85,0.5,0.0,0.0,0.06,0.03
6,PE_FED,-0.012141,0.15,0.3,0.45,0.65,0.7,0.8,0.95,-0.5,0.0,0.0,0.08,0.04
6,PE_only,-0.012142,0.1,0.2,0.45,0.7,0.65,0.85,0.9,0.0,0.0,0.0,0.08,0.05
6,PE_only,-0.012147,0.2,0.3,0.4,0.65,0.7,0.85,0.95,0.0,0.0,0.0,0.06,0.05
8,PE_only,-0.012148,0.2,0.3,0.4,0.6,0.65,0.8,0.9,0.0,0.0,0.0,0.06,0.03
8,PE_FED,-0.012149,0.05,0.25,0.45,0.5,0.7,0.8,0.9,0.0,0.0,0.0,0.1,0.05
6,PE_only,-0.012158,0.15,0.25,0.45,0.7,0.7,0.85,0.9,0.0,0.0,0.0,0.12,0.03
6,PB_only,-0.01216,0.15,0.25,0.35,0.5,0.75,0.85,0.9,0.0,0.0,0.0,0.08,0.04
8,PE_FED,-0.01216,0.05,0.25,0.4,0.6,0.65,0.75,0.95,0.5,0.0,0.0,0.12,0.05
8,PE_only,-0.012161,0.05,0.3,0.45,0.6,0.7,0.8,0.9,0.0,0.0,0.0,0.06,0.04
6,PE_only,-0.012163,0.15,0.2,0.45,0.6,0.7,0.75,0.95,0.0,0.0,0.0,0.1,0.03
6,PE_FED,-0.012165,0.15,0.2,0.4,0.6,0.75,0.85,0.95,0.0,0.0,0.0,0.08,0.04
8,PE_PB,-0.012167,0.1,0.15,0.4,0.5,0.65,0.8,0.95,0.0,0.65,0.0,0.12,0.03
8,PE_only,-0.012169,0.05,0.25,0.35,0.5,0.7,0.8,0.95,0.0,0.0,0.0,0.08,0.05
8,PE_PB,-0.012169,0.1,0.15,0.45,0.7,0.65,0.8,0.9,0.0,0.6,0.0,0.08,0.03
8,PE_PB_FED,-0.012169,0.1,0.3,0.45,0.55,0.7,0.75,0.95,-0.5,0.65,0.7,0.08,0.04
8,PE_FED,-0.012172,0.05,0.3,0.4,0.55,0.7,0.85,0.9,0.0,0.0,0.0,0.08,0.03
6,PB_only,-0.012174,0.05,0.3,0.4,0.55,0.7,0.85,0.95,0.0,0.0,0.0,0.1,0.04
8,PE_PB_FED,-0.012174,0.1,0.2,0.45,0.65,0.65,0.75,0.95,0.5,0.6,0.75,0.06,0.03
8,PE_FED,-0.012176,0.15,0.2,0.35,0.5,0.65,0.8,0.9,-0.5,0.0,0.0,0.06,0.05
8,PE_only,-0.01218,0.1,0.2,0.3,0.5,0.65,0.85,0.95,0.0,0.0,0.0,0.06,0.05
8,PE_only,-0.012181,0.1,0.2,0.35,0.5,0.75,0.85,0.95,0.0,0.0,0.0,0.08,0.03
6,PE_only,-0.012184,0.05,0.25,0.35,0.7,0.7,0.75,0.85,0.0,0.0,0.0,0.08,0.05
6,PB_only,-0.012186,0.15,0.25,0.35,0.5,0.75,0.85,0.95,0.0,0.0,0.0,0.1,0.03
6,PE_only,-0.012188,0.05,0.25,0.3,0.7,0.65,0.75,0.85,0.0,0.0,0.0,0.06,0.04
6,PE_FED,-0.012195,0.2,0.3,0.4,0.65,0.75,0.8,0.95,-0.5,0.0,0.0,0.1,0.04
6,PE_only,-0.012197,0.05,0.25,0.35,0.7,0.7,0.75,0.85,0.0,0.0,0.0,0.12,0.04
6,PB_FED,-0.012198,0.15,0.25,0.45,0.5,0.75,0.85,0.9,-0.5,0.0,0.0,0.08,0.03
6,PE_FED,-0.012199,0.1,0.25,0.3,0.6,0.65,0.8,0.95,-0.5,0.0,0.0,0.1,0.04
6,PE_only,-0.012203,0.05,0.3,0.4,0.7,0.7,0.8,0.9,0.0,0.0,0.0,0.06,0.05
8,PE_only,-0.012204,0.15,0.2,0.35,0.5,0.65,0.85,0.95,0.0,0.0,0.0,0.1,0.04
8,PE_FED,-0.012205,0.2,0.3,0.35,0.55,0.75,0.8,0.9,-0.5,0.0,0.0,0.08,0.03
8,PE_PB_FED,-0.012212,0.1,0.25,0.3,0.6,0.65,0.75,0.9,-0.5,0.6,0.8,0.12,0.03
8,PE_only,-0.012215,0.1,0.3,0.35,0.55,0.65,0.85,0.95,0.0,0.0,0.0,0.08,0.04
8,PE_PB_FED,-0.012216,0.1,0.3,0.35,0.5,0.65,0.75,0.95,0.0,0.55,0.7,0.06,0.03
8,PE_PB_FED,-0.012223,0.05,0.15,0.45,0.65,0.75,0.8,0.95,0.5,0.6,0.8,0.12,0.04
6,PE_only,-0.012225,0.05,0.3,0.45,0.65,0.7,0.85,0.95,0.0,0.0,0.0,0.06,0.04
8,PE_PB,-0.01223,0.15,0.2,0.45,0.6,0.7,0.85,0.95,0.0,0.65,0.0,0.08,0.05
8,PE_PB,-0.012238,0.1,0.15,0.35,0.7,0.7,0.75,0.9,0.0,0.55,0.0,0.1,0.03
8,PE_PB,-0.012238,0.15,0.2,0.45,0.65,0.75,0.8,0.9,0.0,0.65,0.0,0.08,0.03
8,PE_FED,-0.01224,0.15,0.2,0.4,0.6,0.75,0.85,0.95,0.5,0.0,0.0,0.12,0.03
8,PE_only,-0.012241,0.15,0.25,0.35,0.6,0.65,0.8,0.85,0.0,0.0,0.0,0.08,0.05
8,PE_PB_FED,-0.012246,0.2,0.25,0.3,0.7,0.65,0.75,0.9,0.0,0.5,0.8,0.12,0.03
8,PE_FED,-0.012251,0.1,0.3,0.4,0.55,0.75,0.8,0.85,0.0,0.0,0.0,0.12,0.05
8,PE_FED,-0.012252,0.1,0.2,0.45,0.55,0.7,0.85,0.9,-0.5,0.0,0.0,0.06,0.05
6,PB_only,-0.012257,0.2,0.3,0.45,0.6,0.7,0.85,0.95,0.0,0.0,0.0,0.1,0.05
8,PE_PB,-0.012259,0.15,0.25,0.35,0.65,0.65,0.8,0.95,0.0,0.6,0.0,0.1,0.04
8,PE_PB_FED,-0.012262,0.1,0.15,0.3,0.6,0.65,0.75,0.85,0.0,0.5,0.8,0.12,0.04
8,PE_PB_FED,-0.012263,0.05,0.2,0.45,0.6,0.65,0.75,0.85,0.0,0.6,0.75,0.08,0.04
6,PB_only,-0.012267,0.1,0.25,0.3,0.5,0.7,0.85,0.95,0.0,0.0,0.0,0.08,0.04
6,PB_FED,-0.012267,0.05,0.3,0.35,0.55,0.75,0.8,0.85,-0.5,0.0,0.0,0.06,0.05
8,PE_PB,-0.012269,0.1,0.25,0.3,0.6,0.75,0.85,0.95,0.0,0.65,0.0,0.08,0.03
8,PE_FED,-0.012272,0.2,0.25,0.35,0.65,0.7,0.75,0.95,0.5,0.0,0.0,0.12,0.04
8,PE_PB_FED,-0.012272,0.15,0.25,0.45,0.65,0.7,0.8,0.9,0.0,0.55,0.75,0.08,0.03
6,PE_only,-0.012277,0.05,0.15,0.3,0.65,0.75,0.8,0.85,0.0,0.0,0.0,0.08,0.03
6,PE_only,-0.012281,0.15,0.25,0.4,0.7,0.7,0.8,0.85,0.0,0.0,0.0,0.1,0.05
8,PE_FED,-0.012283,0.2,0.3,0.35,0.55,0.7,0.8,0.9,-0.5,0.0,0.0,0.1,0.04
6,PE_PB_FED,-0.012286,0.15,0.2,0.3,0.7,0.7,0.75,0.95,0.0,0.65,0.75,0.1,0.05
8,PE_PB_FED,-0.012296,0.05,0.3,0.4,0.65,0.65,0.85,0.95,-0.5,0.6,0.8,0.06,0.03
8,PE_PB,-0.012297,0.05,0.2,0.35,0.65,0.7,0.75,0.95,0.0,0.55,0.0,0.1,0.05
6,PB_only,-0.012298,0.15,0.25,0.4,0.5,0.75,0.8,0.9,0.0,0.0,0.0,0.12,0.05
6,PB_FED,-0.012298,0.15,0.25,0.35,0.5,0.7,0.85,0.9,-0.5,0.0,0.0,0.1,0.05
6,PB_FED,-0.012298,0.15,0.25,0.35,0.5,0.75,0.85,0.9,-0.5,0.0,0.0,0.08,0.05
8,PE_PB,-0.0123,0.1,0.25,0.45,0.7,0.75,0.8,0.9,0.0,0.65,0.0,0.06,0.03
8,PB_FED,-0.012301,0.05,0.2,0.35,0.6,0.7,0.75,0.9,1.0,0.0,0.0,0.08,0.03
8,PE_PB_FED,-0.012302,0.1,0.15,0.4,0.6,0.65,0.8,0.9,-0.5,0.55,0.75,0.08,0.04
6,PE_FED,-0.012308,0.1,0.2,0.3,0.7,0.7,0.8,0.85,-0.5,0.0,0.0,0.08,0.04
6,PB_only,-0.012312,0.1,0.2,0.45,0.5,0.65,0.8,0.95,0.0,0.0,0.0,0.12,0.03
8,PE_only,-0.012312,0.1,0.25,0.35,0.55,0.7,0.75,0.9,0.0,0.0,0.0,0.12,0.05
8,PE_PB_FED,-0.012315,0.1,0.25,0.3,0.7,0.75,0.8,0.95,0.5,0.65,0.75,0.12,0.04
8,PE_only,-0.012316,0.1,0.25,0.45,0.6,0.7,0.75,0.85,0.0,0.0,0.0,0.1,0.04
8,PE_PB,-0.012317,0.2,0.3,0.35,0.7,0.7,0.85,0.95,0.0,0.65,0.0,0.08,0.04
8,PE_PB,-0.012318,0.1,0.15,0.3,0.7,0.65,0.8,0.95,0.0,0.5,0.0,0.12,0.05
6,PE_only,-0.012319,0.1,0.25,0.35,0.7,0.65,0.75,0.85,0.0,0.0,0.0,0.06,0.04
6,PE_FED,-0.012319,0.1,0.15,0.3,0.65,0.65,0.85,0.9,-0.5,0.0,0.0,0.12,0.04
6,PB_FED,-0.012319,0.2,0.3,0.45,0.5,0.7,0.75,0.9,-0.5,0.0,0.0,0.1,0.03
8,PE_FED,-0.012319,0.15,0.2,0.45,0.65,0.75,0.85,0.95,0.5,0.0,0.0,0.06,0.03
6,PE_only,-0.01232,0.05,0.25,0.4,0.7,0.7,0.75,0.85,0.0,0.0,0.0,0.06,0.04
8,PE_only,-0.01232,0.05,0.25,0.4,0.6,0.7,0.8,0.85,0.0,0.0,0.0,0.1,0.04
6,PE_FED,-0.012322,0.15,0.25,0.35,0.65,0.65,0.85,0.95,0.0,0.0,0.0,0.12,0.04
8,PE_only,-0.012327,0.1,0.15,0.3,0.55,0.75,0.85,0.9,0.0,0.0,0.0,0.12,0.05
8,PE_PB,-0.012334,0.1,0.2,0.3,0.55,0.75,0.8,0.95,0.0,0.6,0.0,0.1,0.03
6,PB_FED,-0.012339,0.05,0.3,0.35,0.5,0.7,0.75,0.95,-0.5,0.0,0.0,0.06,0.04
6,PE_PB,-0.01234,0.05,0.15,0.35,0.65,0.7,0.85,0.95,0.0,0.65,0.0,0.1,0.03
6,PE_FED,-0.012341,0.15,0.25,0.35,0.65,0.65,0.75,0.9,-0.5,0.0,0.0,0.1,0.04
8,PE_PB_FED,-0.012341,0.1,0.3,0.35,0.55,0.65,0.75,0.95,0.0,0.5,0.75,0.06,0.04
8,PE_only,-0.012347,0.05,0.25,0.35,0.6,0.75,0.85,0.9,0.0,0.0,0.0,0.08,0.05
8,PE_PB,-0.012347,0.05,0.2,0.35,0.6,0.75,0.8,0.95,0.0,0.55,0.0,0.1,0.03
6,PE_FED,-0.012349,0.05,0.15,0.35,0.7,0.7,0.8,0.85,-0.5,0.0,0.0,0.06,0.03
8,PB_FED,-0.012349,0.05,0.15,0.4,0.6,0.7,0.75,0.9,1.0,0.0,0.0,0.12,0.05
6,PE_only,-0.012351,0.15,0.25,0.35,0.6,0.7,0.8,0.95,0.0,0.0,0.0,0.1,0.03
8,PE_only,-0.012352,0.1,0.25,0.35,0.5,0.7,0.8,0.95,0.0,0.0,0.0,0.12,0.05
8,PE_only,-0.012355,0.15,0.2,0.35,0.5,0.7,0.85,0.95,0.0,0.0,0.0,0.08,0.05
8,PE_PB,-0.012357,0.1,0.15,0.35,0.55,0.7,0.75,0.9,0.0,0.65,0.0,0.1,0.03
8,PE_PB,-0.012358,0.1,0.25,0.3,0.65,0.7,0.8,0.95,0.0,0.6,0.0,0.1,0.05
8,PE_FED,-0.012364,0.2,0.3,0.35,0.55,0.65,0.85,0.9,0.0,0.0,0.0,0.12,0.03
8,PE_only,-0.012368,0.05,0.3,0.35,0.55,0.75,0.85,0.95,0.0,0.0,0.0,0.08,0.05
6,PE_only,-0.012372,0.05,0.2,0.45,0.6,0.7,0.75,0.95,0.0,0.0,0.0,0.06,0.03
8,PE_only,-0.012377,0.1,0.15,0.3,0.5,0.75,0.8,0.9,0.0,0.0,0.0,0.08,0.03
8,PE_PB_FED,-0.01238,0.05,0.3,0.45,0.7,0.7,0.75,0.9,0.0,0.55,0.8,0.1,0.03
8,PE_FED,-0.012383,0.15,0.2,0.3,0.5,0.75,0.8,0.95,0.5,0.0,0.0,0.06,0.04
8,PE_PB,-0.012384,0.15,0.2,0.45,0.65,0.7,0.75,0.9,0.0,0.65,0.0,0.08,0.05
6,PE_FED,-0.012385,0.1,0.2,0.3,0.65,0.65,0.8,0.9,0.0,0.0,0.0,0.1,0.04
8,PE_only,-0.012385,0.05,0.25,0.45,0.6,0.65,0.75,0.85,0.0,0.0,0.0,0.06,0.05
8,PB_FED,-0.012386,0.15,0.2,0.4,0.65,0.7,0.8,0.95,1.0,0.0,0.0,0.1,0.03
8,PB_FED,-0.012386,0.1,0.15,0.3,0.5,0.65,0.75,0.9,1.0,0.0,0.0,0.1,0.04
6,PE_only,-0.012388,0.1,0.2,0.45,0.7,0.65,0.75,0.85,0.0,0.0,0.0,0.12,0.05
6,PB_FED,-0.012389,0.2,0.3,0.45,0.55,0.65,0.8,0.95,-0.5,0.0,0.0,0.08,0.04
8,PE_only,-0.012389,0.1,0.25,0.45,0.55,0.65,0.75,0.9,0.0,0.0,0.0,0.12,0.03
8,PE_FED,-0.012394,0.2,0.25,0.3,0.55,0.7,0.85,0.9,-0.5,0.0,0.0,0.08,0.04
8,PE_only,-0.012397,0.1,0.2,0.4,0.5,0.75,0.85,0.95,0.0,0.0,0.0,0.1,0.03
8,PE_PB,-0.012397,0.15,0.2,0.45,0.7,0.75,0.85,0.9,0.0,0.65,0.0,0.06,0.04
8,PE_PB,-0.012406,0.05,0.2,0.35,0.65,0.65,0.85,0.95,0.0,0.6,0.0,0.08,0.05
8,PE_FED,-0.012408,0.05,0.25,0.45,0.65,0.65,0.75,0.95,0.5,0.0,0.0,0.1,0.05
6,PB_only,-0.012409,0.15,0.3,0.45,0.55,0.75,0.85,0.95,0.0,0.0,0.0,0.08,0.05
8,PE_only,-0.012409,0.1,0.25,0.35,0.6,0.75,0.8,0.85,0.0,0.0,0.0,0.06,0.03
6,PE_PB_FED,-0.012411,0.05,0.2,0.4,0.7,0.7,0.8,0.95,-0.5,0.65,0.8,0.1,0.03
8,PE_PB,-0.012413,0.05,0.2,0.45,0.55,0.75,0.8,0.95,0.0,0.65,0.0,0.08,0.04
8,PB_FED,-0.012413,0.1,0.3,0.35,0.7,0.7,0.75,0.95,1.0,0.0,0.0,0.08,0.03
6,PE_only,-0.012414,0.1,0.25,0.35,0.6,0.65,0.75,0.95,0.0,0.0,0.0,0.1,0.03
8,PE_FED,-0.012415,0.2,0.3,0.45,0.6,0.7,0.85,0.9,-0.5,0.0,0.0,0.12,0.03
6,PE_only,-0.012418,0.2,0.25,0.3,0.7,0.7,0.75,0.85,0.0,0.0,0.0,0.08,0.04
6,PB_only,-0.012419,0.05,0.25,0.3,0.5,0.65,0.85,0.95,0.0,0.0,0.0,0.12,0.05
8,PE_only,-0.012422,0.1,0.15,0.4,0.55,0.65,0.8,0.85,0.0,0.0,0.0,0.08,0.03
6,PB_FED,-0.012423,0.1,0.3,0.45,0.55,0.75,0.85,0.9,0.0,0.0,0.0,0.12,0.05
6,PB_FED,-0.012429,0.15,0.3,0.45,0.55,0.65,0.85,0.95,-0.5,0.0,0.0,0.06,0.05
8,PE_PB,-0.01243,0.2,0.25,0.3,0.65,0.7,0.8,0.95,0.0,0.6,0.0,0.06,0.03
6,PE_FED,-0.012431,0.05,0.15,0.4,0.65,0.7,0.8,0.9,-0.5,0.0,0.0,0.06,0.05
8,PE_PB,-0.012438,0.2,0.25,0.35,0.6,0.7,0.8,0.95,0.0,0.65,0.0,0.08,0.05
6,PE_only,-0.012439,0.1,0.25,0.4,0.7,0.65,0.75,0.85,0.0,0.0,0.0,0.1,0.04
8,PE_PB,-0.012442,0.05,0.15,0.4,0.5,0.7,0.75,0.95,0.0,0.6,0.0,0.06,0.03
8,PE_PB_FED,-0.012445,0.1,0.15,0.35,0.5,0.75,0.8,0.9,0.0,0.55,0.7,0.12,0.04
8,PE_FED,-0.012446,0.1,0.15,0.35,0.5,0.65,0.8,0.85,-0.5,0.0,0.0,0.1,0.04
8,PE_only,-0.012448,0.1,0.15,0.35,0.55,0.7,0.8,0.85,0.0,0.0,0.0,0.12,0.03
6,PE_only,-0.012453,0.1,0.3,0.35,0.65,0.65,0.75,0.9,0.0,0.0,0.0,0.06,0.04
6,PB_only,-0.012453,0.2,0.25,0.4,0.5,0.7,0.85,0.9,0.0,0.0,0.0,0.1,0.03
6,PE_only,-0.012458,0.15,0.25,0.35,0.7,0.75,0.8,0.85,0.0,0.0,0.0,0.1,0.03
6,PB_only,-0.012458,0.05,0.3,0.35,0.5,0.7,0.75,0.95,0.0,0.0,0.0,0.1,0.05
6,PB_only,-0.01246,0.15,0.3,0.35,0.5,0.7,0.75,0.85,0.0,0.0,0.0,0.08,0.05
8,PE_PB,-0.01246,0.2,0.25,0.3,0.7,0.7,0.8,0.9,0.0,0.65,0.0,0.12,0.04
8,PE_PB,-0.01246,0.15,0.2,0.35,0.7,0.75,0.85,0.95,0.0,0.55,0.0,0.1,0.03
8,PE_PB,-0.01246,0.2,0.25,0.4,0.7,0.75,0.8,0.95,0.0,0.6,0.0,0.08,0.05
8,PE_FED,-0.012463,0.2,0.25,0.3,0.55,0.65,0.75,0.85,-0.5,0.0,0.0,0.08,0.05
8,PE_FED,-0.012463,0.05,0.25,0.4,0.65,0.65,0.8,0.95,0.5,0.0,0.0,0.1,0.05
6,PE_FED,-0.012465,0.15,0.2,0.45,0.55,0.7,0.75,0.95,0.0,0.0,0.0,0.08,0.03
8,PE_only,-0.012467,0.05,0.25,0.4,0.6,0.7,0.8,0.85,0.0,0.0,0.0,0.12,0.05
8,PE_PB_FED,-0.012469,0.05,0.15,0.45,0.7,0.65,0.75,0.95,0.5,0.5,0.75,0.1,0.03
6,PB_FED,-0.012472,0.1,0.3,0.45,0.5,0.7,0.75,0.85,0.0,0.0,0.0,0.1,0.04
8,PE_PB_FED,-0.012472,0.1,0.3,0.4,0.6,0.65,0.75,0.95,-0.5,0.55,0.75,0.1,0.03
6,PB_only,-0.012476,0.1,0.15,0.45,0.5,0.75,0.85,0.9,0.0,0.0,0.0,0.1,0.05
6,PB_FED,-0.012476,0.1,0.25,0.35,0.5,0.7,0.85,0.95,-0.5,0.0,0.0,0.08,0.04
6,PE_FED,-0.012477,0.05,0.15,0.3,0.6,0.65,0.75,0.9,-0.5,0.0,0.0,0.12,0.04
6,PE_only,-0.012482,0.05,0.15,0.4,0.65,0.75,0.8,0.85,0.0,0.0,0.0,0.08,0.05
6,PE_only,-0.012482,0.15,0.3,0.35,0.65,0.7,0.75,0.9,0.0,0.0,0.0,0.08,0.03
6,PE_only,-0.012482,0.1,0.25,0.35,0.6,0.7,0.8,0.95,0.0,0.0,0.0,0.1,0.03
6,PE_only,-0.012482,0.15,0.3,0.35,0.65,0.65,0.75,0.9,0.0,0.0,0.0,0.06,0.03
6,PE_FED,-0.012482,0.15,0.3,0.4,0.65,0.7,0.85,0.95,-0.5,0.0,0.0,0.06,0.04
8,PE_PB_FED,-0.012482,0.05,0.25,0.3,0.55,0.75,0.8,0.95,-0.5,0.55,0.75,0.08,0.04
8,PE_PB_FED,-0.012483,0.15,0.25,0.3,0.65,0.7,0.8,0.95,-0.5,0.5,0.75,0.06,0.05
8,PE_only,-0.012484,0.1,0.15,0.45,0.55,0.7,0.75,0.85,0.0,0.0,0.0,0.06,0.04
8,PE_only,-0.012484,0.1,0.15,0.45,0.55,0.7,0.75,0.85,0.0,0.0,0.0,0.08,0.04
8,PE_FED,-0.012484,0.05,0.2,0.3,0.5,0.65,0.75,0.85,-0.5,0.0,0.0,0.12,0.04
6,PE_FED,-0.012486,0.15,0.25,0.4,0.65,0.75,0.85,0.95,0.0,0.0,0.0,0.12,0.04
8,PE_only,-0.012487,0.1,0.25,0.4,0.55,0.65,0.75,0.9,0.0,0.0,0.0,0.1,0.05
8,PE_PB_FED,-0.01249,0.05,0.2,0.45,0.7,0.7,0.75,0.85,-0.5,0.6,0.8,0.12,0.04
6,PE_FED,-0.012492,0.15,0.25,0.4,0.6,0.7,0.75,0.95,0.0,0.0,0.0,0.1,0.05
6,PE_only,-0.012493,0.05,0.25,0.4,0.7,0.65,0.85,0.9,0.0,0.0,0.0,0.06,0.05
6,PE_only,-0.012495,0.2,0.25,0.3,0.65,0.65,0.75,0.9,0.0,0.0,0.0,0.12,0.05
6,PE_only,-0.012495,0.2,0.25,0.45,0.7,0.65,0.8,0.9,0.0,0.0,0.0,0.08,0.05
8,PE_PB_FED,-0.012496,0.1,0.2,0.35,0.7,0.65,0.8,0.85,-0.5,0.6,0.75,0.12,0.03
6,PE_only,-0.012497,0.05,0.25,0.45,0.7,0.7,0.85,0.9,0.0,0.0,0.0,0.08,0.03
8,PE_FED,-0.012498,0.05,0.3,0.45,0.55,0.65,0.8,0.9,-0.5,0.0,0.0,0.08,0.04
8,PE_PB_FED,-0.012498,0.2,0.3,0.45,0.65,0.7,0.75,0.9,-0.5,0.65,0.7,0.1,0.04
6,PB_only,-0.012499,0.15,0.2,0.4,0.5,0.75,0.8,0.85,0.0,0.0,0.0,0.1,0.05
8,PE_PB_FED,-0.012499,0.1,0.2,0.4,0.7,0.7,0.75,0.9,-0.5,0.5,0.7,0.1,0.03
6,PB_only,-0.0125,0.15,0.3,0.35,0.5,0.65,0.75,0.85,0.0,0.0,0.0,0.12,0.05
6,PB_FED,-0.0125,0.15,0.3,0.4,0.5,0.7,0.85,0.9,0.0,0.0,0.0,0.1,0.03
8,PE_PB_FED,-0.012502,0.05,0.2,0.3,0.7,0.65,0.8,0.85,0.0,0.55,0.8,0.08,0.05
6,PE_PB_FED,-0.012506,0.1,0.15,0.35,0.7,0.75,0.8,0.95,0.0,0.65,0.75,0.12,0.04
8,PE_FED,-0.012508,0.2,0.25,0.3,0.5,0.7,0.75,0.85,0.0,0.0,0.0,0.1,0.04
6,PE_only,-0.012509,0.15,0.25,0.35,0.6,0.65,0.75,0.95,0.0,0.0,0.0,0.06,0.04
6,PB_only,-0.012514,0.2,0.3,0.4,0.5,0.65,0.75,0.9,0.0,0.0,0.0,0.1,0.04
8,PE_FED,-0.012522,0.1,0.2,0.45,0.5,0.65,0.8,0.85,0.0,0.0,0.0,0.1,0.03
6,PE_FED,-0.012525,0.2,0.3,0.45,0.7,0.65,0.75,0.95,0.0,0.0,0.0,0.08,0.05
6,PB_only,-0.012526,0.1,0.25,0.45,0.5,0.75,0.8,0.9,0.0,0.0,0.0,0.06,0.04
6,PE_PB_FED,-0.012527,0.1,0.2,0.4,0.65,0.7,0.75,0.95,0.0,0.65,0.75,0.08,0.03
8,PB_FED,-0.012528,0.05,0.15,0.45,0.65,0.75,0.8,0.95,1.0,0.0,0.0,0.12,0.03
6,PE_FED,-0.012529,0.2,0.25,0.45,0.7,0.65,0.75,0.9,-0.5,0.0,0.0,0.12,0.03
8,PE_only,-0.012529,0.1,0.3,0.4,0.55,0.75,0.85,0.95,0.0,0.0,0.0,0.1,0.05
8,PE_FED,-0.012529,0.05,0.2,0.3,0.6,0.65,0.85,0.95,0.5,0.0,0.0,0.1,0.04
8,PE_FED,-0.012529,0.05,0.2,0.3,0.6,0.75,0.85,0.95,0.5,0.0,0.0,0.12,0.04
6,PE_only,-0.012531,0.1,0.2,0.45,0.7,0.75,0.8,0.85,0.0,0.0,0.0,0.06,0.03
8,PE_FED,-0.012531,0.15,0.2,0.3,0.5,0.75,0.8,0.95,0.5,0.0,0.0,0.08,0.05
6,PE_PB,-0.012532,0.1,0.25,0.4,0.7,0.65,0.8,0.95,0.0,0.65,0.0,0.06,0.03
8,PE_PB_FED,-0.012533,0.15,0.3,0.45,0.65,0.75,0.85,0.95,-0.5,0.6,0.8,0.12,0.03
8,PE_only,-0.012534,0.05,0.2,0.3,0.55,0.65,0.75,0.85,0.0,0.0,0.0,0.12,0.05
6,PB_only,-0.012539,0.05,0.3,0.45,0.55,0.65,0.85,0.95,0.0,0.0,0.0,0.06,0.03
8,PE_FED,-0.01254,0.15,0.2,0.4,0.6,0.65,0.75,0.9,0.5,0.0,0.0,0.1,0.03
8,PE_only,-0.012543,0.1,0.25,0.4,0.5,0.75,0.8,0.95,0.0,0.0,0.0,0.06,0.05
6,PE_only,-0.012545,0.1,0.15,0.45,0.65,0.7,0.85,0.9,0.0,0.0,0.0,0.12,0.03
8,PE_PB,-0.012545,0.1,0.3,0.4,0.7,0.7,0.75,0.9,0.0,0.65,0.0,0.06,0.03
6,PE_only,-0.012547,0.05,0.25,0.35,0.6,0.65,0.8,0.95,0.0,0.0,0.0,0.08,0.03
8,PE_only,-0.012547,0.05,0.3,0.4,0.55,0.7,0.85,0.95,0.0,0.0,0.0,0.1,0.05
8,PE_PB,-0.012551,0.1,0.15,0.3,0.5,0.75,0.8,0.95,0.0,0.65,0.0,0.12,0.05
8,PE_PB,-0.012551,0.1,0.15,0.3,0.5,0.75,0.8,0.95,0.0,0.65,0.0,0.06,0.05
8,PE_PB_FED,-0.012557,0.05,0.15,0.45,0.5,0.65,0.8,0.95,-0.5,0.5,0.7,0.06,0.03
8,PE_PB,-0.012563,0.1,0.25,0.35,0.7,0.75,0.85,0.95,0.0,0.6,0.0,0.06,0.04
6,PE_only,-0.012564,0.15,0.25,0.4,0.7,0.7,0.8,0.85,0.0,0.0,0.0,0.12,0.03
6,PE_FED,-0.012564,0.15,0.3,0.35,0.65,0.75,0.8,0.95,0.0,0.0,0.0,0.06,0.05
8,PE_PB_FED,-0.012564,0.1,0.15,0.3,0.5,0.65,0.8,0.85,0.0,0.65,0.7,0.08,0.03
6,PB_FED,-0.012565,0.2,0.3,0.4,0.5,0.75,0.8,0.9,0.0,0.0,0.0,0.1,0.04
8,PE_only,-0.012565,0.1,0.15,0.4,0.55,0.7,0.8,0.85,0.0,0.0,0.0,0.08,0.04
6,PE_only,-0.012567,0.05,0.25,0.3,0.7,0.75,0.8,0.85,0.0,0.0,0.0,0.08,0.03
6,PE_FED,-0.012569,0.1,0.3,0.35,0.7,0.7,0.85,0.95,0.0,0.0,0.0,0.08,0.05
8,PE_PB,-0.012571,0.1,0.2,0.3,0.55,0.7,0.75,0.95,0.0,0.6,0.0,0.1,0.04
8,PE_only,-0.012577,0.05,0.2,0.35,0.55,0.7,0.75,0.85,0.0,0.0,0.0,0.1,0.04
6,PB_FED,-0.012578,0.2,0.25,0.35,0.5,0.7,0.8,0.85,-0.5,0.0,0.0,0.12,0.05
8,PE_FED,-0.012578,0.2,0.25,0.35,0.5,0.7,0.75,0.9,-0.5,0.0,0.0,0.1,0.03
6,PB_FED,-0.012579,0.05,0.25,0.4,0.5,0.7,0.8,0.95,-0.5,0.0,0.0,0.06,0.05
8,PE_only,-0.012579,0.1,0.25,0.4,0.6,0.7,0.8,0.85,0.0,0.0,0.0,0.06,0.03
6,PB_FED,-0.012583,0.05,0.25,0.45,0.5,0.7,0.8,0.9,-0.5,0.0,0.0,0.06,0.04
6,PE_only,-0.012586,0.1,0.15,0.4,0.55,0.7,0.75,0.95,0.0,0.0,0.0,0.12,0.03
8,PE_FED,-0.012587,0.1,0.15,0.4,0.5,0.7,0.85,0.95,0.5,0.0,0.0,0.08,0.03
8,PB_FED,-0.012588,0.15,0.3,0.35,0.5,0.65,0.8,0.9,0.5,0.0,0.0,0.1,0.05
8,PB_only,-0.012589,0.05,0.3,0.45,0.5,0.75,0.85,0.95,0.0,0.0,0.0,0.06,0.05
8,PB_only,-0.012589,0.05,0.3,0.45,0.5,0.65,0.85,0.95,0.0,0.0,0.0,0.08,0.05
6,PB_only,-0.01259,0.1,0.3,0.35,0.5,0.65,0.75,0.85,0.0,0.0,0.0,0.08,0.05
6,PB_only,-0.012591,0.1,0.3,0.4,0.5,0.7,0.75,0.9,0.0,0.0,0.0,0.08,0.05
6,PB_FED,-0.012595,0.1,0.3,0.35,0.5,0.65,0.8,0.9,-0.5,0.0,0.0,0.12,0.04
8,PE_PB,-0.0126,0.05,0.2,0.4,0.7,0.65,0.8,0.9,0.0,0.6,0.0,0.12,0.03
6,PE_only,-0.012604,0.05,0.2,0.45,0.7,0.7,0.8,0.85,0.0,0.0,0.0,0.08,0.03
6,PE_only,-0.01261,0.15,0.3,0.35,0.7,0.7,0.85,0.9,0.0,0.0,0.0,0.1,0.05
8,PB_FED,-0.01261,0.1,0.2,0.4,0.65,0.75,0.8,0.95,1.0,0.0,0.0,0.12,0.03
6,PE_FED,-0.012613,0.1,0.3,0.35,0.65,0.7,0.85,0.95,-0.5,0.0,0.0,0.1,0.05
8,PE_only,-0.012617,0.15,0.3,0.45,0.55,0.75,0.85,0.95,0.0,0.0,0.0,0.1,0.03
8,PB_FED,-0.012618,0.2,0.25,0.4,0.7,0.65,0.75,0.9,1.0,0.0,0.0,0.08,0.03
8,PE_PB,-0.012623,0.05,0.2,0.4,0.65,0.65,0.8,0.95,0.0,0.55,0.0,0.06,0.04
8,PE_PB_FED,-0.012623,0.05,0.25,0.4,0.6,0.7,0.8,0.9,0.0,0.55,0.75,0.1,0.03
6,PE_only,-0.012627,0.05,0.3,0.4,0.7,0.65,0.8,0.9,0.0,0.0,0.0,0.1,0.05
8,PE_PB_FED,-0.012627,0.1,0.25,0.35,0.65,0.7,0.8,0.95,-0.5,0.5,0.7,0.08,0.04
6,PE_FED,-0.012628,0.05,0.2,0.4,0.6,0.65,0.85,0.95,0.0,0.0,0.0,0.12,0.05
6,PE_PB,-0.012629,0.1,0.2,0.35,0.65,0.65,0.8,0.95,0.0,0.65,0.0,0.06,0.04
6,PE_PB,-0.01263,0.1,0.2,0.4,0.65,0.65,0.75,0.95,0.0,0.65,0.0,0.06,0.05
6,PE_FED,-0.012632,0.1,0.15,0.45,0.6,0.7,0.85,0.95,0.0,0.0,0.0,0.1,0.03
8,PE_PB_FED,-0.012632,0.05,0.3,0.4,0.7,0.75,0.8,0.85,0.0,0.65,0.7,0.08,0.03
6,PB_only,-0.012633,0.05,0.3,0.45,0.6,0.65,0.85,0.95,0.0,0.0,0.0,0.1,0.04
6,PE_FED,-0.012636,0.1,0.25,0.4,0.65,0.75,0.85,0.95,0.0,0.0,0.0,0.12,0.05
8,PE_FED,-0.012636,0.05,0.25,0.3,0.5,0.7,0.75,0.95,0.5,0.0,0.0,0.12,0.03
6,PE_only,-0.01264,0.15,0.25,0.35,0.7,0.65,0.8,0.85,0.0,0.0,0.0,0.12,0.03
8,PE_PB,-0.01264,0.15,0.25,0.4,0.7,0.75,0.85,0.95,0.0,0.6,0.0,0.1,0.05
8,PE_only,-0.012642,0.05,0.25,0.45,0.5,0.65,0.75,0.95,0.0,0.0,0.0,0.1,0.05
6,PE_only,-0.012644,0.05,0.15,0.3,0.55,0.65,0.8,0.95,0.0,0.0,0.0,0.06,0.05
8,PE_PB,-0.012644,0.2,0.25,0.35,0.7,0.75,0.8,0.9,0.0,0.65,0.0,0.1,0.04
6,PE_only,-0.012648,0.2,0.3,0.45,0.65,0.65,0.85,0.95,0.0,0.0,0.0,0.08,0.05
8,PE_PB_FED,-0.012649,0.05,0.25,0.35,0.5,0.7,0.8,0.95,-0.5,0.65,0.75,0.1,0.04
6,PB_only,-0.012657,0.2,0.3,0.45,0.55,0.75,0.8,0.85,0.0,0.0,0.0,0.08,0.05
8,PB_FED,-0.012657,0.15,0.3,0.4,0.55,0.7,0.85,0.9,0.5,0.0,0.0,0.12,0.05
8,PE_PB_FED,-0.012658,0.2,0.25,0.3,0.7,0.7,0.8,0.95,-0.5,0.5,0.8,0.06,0.05
6,PE_only,-0.012659,0.15,0.2,0.3,0.6,0.75,0.85,0.95,0.0,0.0,0.0,0.08,0.03
6,PE_only,-0.012659,0.15,0.2,0.3,0.6,0.7,0.85,0.95,0.0,0.0,0.0,0.08,0.03
8,PE_PB,-0.012661,0.1,0.25,0.4,0.55,0.7,0.8,0.95,0.0,0.65,0.0,0.12,0.03
8,PE_PB,-0.012661,0.1,0.25,0.4,0.55,0.7,0.8,0.95,0.0,0.65,0.0,0.1,0.03
8,PE_PB_FED,-0.012661,0.05,0.25,0.3,0.5,0.65,0.75,0.9,0.0,0.65,0.7,0.08,0.05
8,PE_PB_FED,-0.012662,0.1,0.2,0.35,0.5,0.75,0.85,0.95,0.0,0.55,0.8,0.1,0.05
6,PE_only,-0.012663,0.1,0.25,0.4,0.7,0.65,0.75,0.85,0.0,0.0,0.0,0.06,0.05
8,PE_PB_FED,-0.012666,0.2,0.25,0.3,0.7,0.65,0.8,0.95,-0.5,0.5,0.75,0.06,0.04
6,PE_only,-0.012667,0.1,0.25,0.35,0.6,0.7,0.75,0.95,0.0,0.0,0.0,0.1,0.04
6,PE_only,-0.01267,0.2,0.25,0.35,0.65,0.65,0.75,0.9,0.0,0.0,0.0,0.1,0.05
8,PE_only,-0.012673,0.1,0.15,0.45,0.55,0.75,0.85,0.9,0.0,0.0,0.0,0.12,0.04
6,PE_PB,-0.012674,0.05,0.2,0.4,0.7,0.75,0.85,0.95,0.0,0.65,0.0,0.08,0.03
8,PE_FED,-0.012674,0.05,0.25,0.35,0.6,0.7,0.8,0.95,0.5,0.0,0.0,0.08,0.05
6,PE_only,-0.012675,0.05,0.15,0.4,0.65,0.7,0.8,0.85,0.0,0.0,0.0,0.08,0.03
6,PB_only,-0.012676,0.1,0.25,0.45,0.5,0.7,0.8,0.95,0.0,0.0,0.0,0.1,0.03
8,PE_PB,-0.012676,0.1,0.15,0.3,0.65,0.75,0.85,0.9,0.0,0.65,0.0,0.1,0.05
6,PE_only,-0.012677,0.1,0.15,0.45,0.65,0.65,0.85,0.9,0.0,0.0,0.0,0.06,0.03
6,PE_only,-0.01268,0.05,0.3,0.45,0.7,0.65,0.75,0.9,0.0,0.0,0.0,0.06,0.05
8,PE_PB_FED,-0.012684,0.2,0.3,0.4,0.6,0.75,0.85,0.95,-0.5,0.65,0.8,0.12,0.05
8,PE_PB,-0.012687,0.1,0.15,0.35,0.5,0.7,0.75,0.95,0.0,0.6,0.0,0.1,0.03
8,PE_PB,-0.012692,0.1,0.2,0.4,0.55,0.75,0.8,0.95,0.0,0.6,0.0,0.1,0.03
8,PE_FED,-0.012692,0.2,0.25,0.35,0.55,0.7,0.75,0.85,-0.5,0.0,0.0,0.1,0.05
8,PE_PB_FED,-0.012692,0.05,0.15,0.45,0.5,0.7,0.8,0.95,0.5,0.65,0.75,0.12,0.03
8,PE_FED,-0.012694,0.15,0.3,0.4,0.65,0.75,0.8,0.95,0.5,0.0,0.0,0.06,0.03
6,PB_only,-0.012695,0.1,0.25,0.4,0.5,0.7,0.8,0.95,0.0,0.0,0.0,0.1,0.05
6,PE_only,-0.0127,0.1,0.3,0.35,0.65,0.65,0.75,0.9,0.0,0.0,0.0,0.1,0.03
6,PE_only,-0.0127,0.05,0.15,0.4,0.55,0.7,0.8,0.95,0.0,0.0,0.0,0.08,0.03
6,PE_only,-0.012701,0.05,0.2,0.3,0.65,0.7,0.85,0.9,0.0,0.0,0.0,0.06,0.05
6,PB_only,-0.012701,0.1,0.3,0.45,0.5,0.7,0.75,0.95,0.0,0.0,0.0,0.12,0.03
8,PE_PB,-0.012705,0.05,0.2,0.45,0.7,0.7,0.75,0.85,0.0,0.65,0.0,0.06,0.03
6,PE_only,-0.012709,0.05,0.25,0.3,0.7,0.65,0.8,0.85,0.0,0.0,0.0,0.06,0.05
8,PE_PB,-0.01271,0.05,0.15,0.35,0.7,0.65,0.85,0.95,0.0,0.5,0.0,0.08,0.03
8,PE_only,-0.012712,0.1,0.2,0.3,0.5,0.65,0.75,0.9,0.0,0.0,0.0,0.1,0.03
6,PE_FED,-0.012717,0.15,0.25,0.4,0.65,0.7,0.75,0.9,-0.5,0.0,0.0,0.12,0.03
6,PE_only,-0.012723,0.05,0.3,0.35,0.7,0.65,0.85,0.9,0.0,0.0,0.0,0.1,0.04
6,PB_only,-0.012724,0.05,0.25,0.45,0.5,0.75,0.8,0.9,0.0,0.0,0.0,0.12,0.04
8,PE_PB_FED,-0.012726,0.15,0.25,0.35,0.6,0.7,0.8,0.95,0.5,0.65,0.7,0.08,0.03
6,PE_PB,-0.012727,0.15,0.2,0.3,0.7,0.65,0.85,0.95,0.0,0.65,0.0,0.1,0.04
6,PE_only,-0.012729,0.05,0.25,0.3,0.7,0.65,0.8,0.85,0.0,0.0,0.0,0.1,0.03
6,PB_only,-0.01273,0.15,0.3,0.4,0.5,0.75,0.8,0.85,0.0,0.0,0.0,0.12,0.03
8,PE_PB,-0.012733,0.1,0.15,0.3,0.55,0.7,0.85,0.95,0.0,0.6,0.0,0.1,0.03
6,PE_only,-0.012743,0.2,0.25,0.4,0.65,0.7,0.8,0.9,0.0,0.0,0.0,0.06,0.04
8,PE_PB,-0.012747,0.1,0.15,0.3,0.7,0.7,0.75,0.85,0.0,0.6,0.0,0.1,0.03
6,PB_only,-0.012756,0.1,0.2,0.4,0.5,0.7,0.85,0.95,0.0,0.0,0.0,0.1,0.04
6,PB_only,-0.012756,0.1,0.2,0.4,0.5,0.75,0.85,0.95,0.0,0.0,0.0,0.12,0.04
6,PB_only,-0.012757,0.15,0.2,0.4,0.5,0.75,0.85,0.95,0.0,0.0,0.0,0.1,0.04
8,PE_FED,-0.012757,0.05,0.25,0.3,0.5,0.65,0.8,0.85,0.0,0.0,0.0,0.1,0.03
6,PB_FED,-0.012758,0.15,0.25,0.45,0.5,0.7,0.85,0.95,0.0,0.0,0.0,0.1,0.05
6,PE_only,-0.012759,0.1,0.2,0.3,0.6,0.7,0.85,0.95,0.0,0.0,0.0,0.08,0.04
8,PE_FED,-0.012761,0.1,0.25,0.4,0.5,0.7,0.75,0.95,0.5,0.0,0.0,0.08,0.03
8,PE_PB,-0.012762,0.05,0.15,0.4,0.55,0.75,0.8,0.95,0.0,0.55,0.0,0.06,0.04
8,PE_PB_FED,-0.012763,0.1,0.2,0.4,0.5,0.75,0.8,0.95,-0.5,0.55,0.75,0.1,0.03
6,PE_only,-0.012769,0.05,0.2,0.3,0.6,0.7,0.85,0.95,0.0,0.0,0.0,0.06,0.04
8,PE_FED,-0.012769,0.2,0.3,0.4,0.55,0.65,0.8,0.85,0.0,0.0,0.0,0.08,0.03
8,PE_PB,-0.012772,0.1,0.25,0.45,0.65,0.65,0.75,0.95,0.0,0.6,0.0,0.12,0.04
8,PE_PB,-0.012773,0.05,0.15,0.4,0.55,0.75,0.85,0.95,0.0,0.6,0.0,0.12,0.03
6,PE_only,-0.012774,0.15,0.2,0.3,0.6,0.7,0.85,0.95,0.0,0.0,0.0,0.12,0.05
6,PB_only,-0.012777,0.15,0.3,0.35,0.5,0.7,0.85,0.9,0.0,0.0,0.0,0.12,0.03
8,PE_only,-0.012777,0.05,0.2,0.35,0.5,0.7,0.75,0.9,0.0,0.0,0.0,0.08,0.03
8,PE_PB_FED,-0.012781,0.1,0.25,0.45,0.65,0.65,0.85,0.9,-0.5,0.65,0.8,0.08,0.04
6,PE_PB,-0.012783,0.1,0.25,0.35,0.7,0.65,0.75,0.95,0.0,0.65,0.0,0.06,0.04
8,PE_PB_FED,-0.012783,0.05,0.15,0.3,0.65,0.7,0.85,0.95,0.5,0.6,0.7,0.06,0.04
8,PE_only,-0.012786,0.1,0.15,0.35,0.5,0.75,0.8,0.9,0.0,0.0,0.0,0.06,0.04
6,PE_only,-0.01279,0.05,0.2,0.4,0.65,0.65,0.75,0.85,0.0,0.0,0.0,0.1,0.04
6,PE_only,-0.012792,0.05,0.25,0.35,0.65,0.7,0.8,0.9,0.0,0.0,0.0,0.1,0.05
6,PE_only,-0.012792,0.05,0.25,0.35,0.65,0.75,0.8,0.9,0.0,0.0,0.0,0.06,0.05
6,PB_only,-0.012808,0.05,0.25,0.4,0.5,0.75,0.8,0.95,0.0,0.0,0.0,0.06,0.04
8,PE_only,-0.01281,0.15,0.2,0.35,0.5,0.7,0.75,0.9,0.0,0.0,0.0,0.1,0.04
8,PE_only,-0.012814,0.2,0.25,0.4,0.5,0.65,0.75,0.95,0.0,0.0,0.0,0.06,0.04
6,PE_only,-0.012816,0.15,0.25,0.45,0.7,0.7,0.8,0.85,0.0,0.0,0.0,0.1,0.04
6,PE_PB,-0.012817,0.1,0.2,0.4,0.65,0.75,0.8,0.95,0.0,0.65,0.0,0.06,0.05
8,PE_only,-0.012819,0.05,0.2,0.45,0.55,0.65,0.8,0.9,0.0,0.0,0.0,0.12,0.05
8,PE_PB,-0.01282,0.05,0.2,0.35,0.6,0.75,0.8,0.9,0.0,0.65,0.0,0.1,0.04
8,PE_PB,-0.012825,0.1,0.15,0.4,0.5,0.75,0.8,0.95,0.0,0.65,0.0,0.1,0.04
8,PE_PB_FED,-0.012826,0.05,0.3,0.35,0.55,0.7,0.75,0.9,0.0,0.6,0.8,0.06,0.03
6,PE_PB,-0.012827,0.05,0.2,0.45,0.65,0.7,0.8,0.95,0.0,0.65,0.0,0.1,0.03
8,PE_PB,-0.012827,0.2,0.25,0.3,0.7,0.7,0.85,0.95,0.0,0.6,0.0,0.1,0.03
8,PE_FED,-0.012833,0.05,0.15,0.45,0.65,0.75,0.8,0.9,0.5,0.0,0.0,0.1,0.03
8,PE_only,-0.012839,0.15,0.2,0.35,0.55,0.7,0.85,0.9,0.0,0.0,0.0,0.06,0.04
8,PE_FED,-0.01284,0.2,0.25,0.3,0.5,0.65,0.85,0.9,0.0,0.0,0.0,0.12,0.04
8,PE_FED,-0.012841,0.15,0.25,0.35,0.5,0.7,0.8,0.85,0.0,0.0,0.0,0.08,0.03
8,PE_PB_FED,-0.012841,0.05,0.15,0.35,0.55,0.7,0.75,0.9,-0.5,0.5,0.8,0.08,0.03
6,PE_FED,-0.012843,0.05,0.25,0.4,0.6,0.7,0.75,0.95,0.0,0.0,0.0,0.1,0.04
8,PE_FED,-0.012846,0.05,0.2,0.3,0.5,0.65,0.85,0.9,-0.5,0.0,0.0,0.12,0.04
8,PE_PB,-0.012847,0.1,0.15,0.35,0.7,0.75,0.8,0.9,0.0,0.55,0.0,0.08,0.03
6,PE_only,-0.01285,0.05,0.25,0.4,0.7,0.65,0.75,0.85,0.0,0.0,0.0,0.12,0.03
6,PB_only,-0.012853,0.2,0.3,0.35,0.5,0.75,0.8,0.85,0.0,0.0,0.0,0.1,0.03
6,PE_only,-0.012855,0.2,0.3,0.35,0.7,0.65,0.8,0.9,0.0,0.0,0.0,0.12,0.05
8,PB_FED,-0.012857,0.1,0.25,0.35,0.65,0.65,0.75,0.9,1.0,0.0,0.0,0.06,0.04
6,PE_PB,-0.012859,0.1,0.25,0.45,0.7,0.7,0.75,0.95,0.0,0.65,0.0,0.08,0.03
6,PE_PB_FED,-0.012862,0.05,0.2,0.3,0.65,0.7,0.8,0.95,-0.5,0.65,0.7,0.06,0.03
8,PE_FED,-0.012862,0.05,0.25,0.3,0.55,0.7,0.8,0.95,0.5,0.0,0.0,0.1,0.05
6,PE_only,-0.012863,0.1,0.2,0.4,0.65,0.7,0.85,0.9,0.0,0.0,0.0,0.08,0.03
6,PE_only,-0.012875,0.05,0.15,0.4,0.55,0.7,0.75,0.95,0.0,0.0,0.0,0.06,0.05
6,PE_only,-0.012875,0.05,0.2,0.3,0.6,0.75,0.85,0.95,0.0,0.0,0.0,0.08,0.05
6,PE_only,-0.012875,0.05,0.15,0.4,0.55,0.65,0.75,0.95,0.0,0.0,0.0,0.06,0.05
8,PE_only,-0.012875,0.2,0.25,0.4,0.6,0.7,0.85,0.9,0.0,0.0,0.0,0.12,0.03
6,PE_only,-0.012876,0.05,0.25,0.45,0.65,0.65,0.8,0.9,0.0,0.0,0.0,0.08,0.03
6,PE_only,-0.012876,0.05,0.25,0.45,0.65,0.75,0.8,0.9,0.0,0.0,0.0,0.1,0.03
8,PE_FED,-0.012877,0.05,0.2,0.3,0.7,0.75,0.8,0.9,0.5,0.0,0.0,0.12,0.04
8,PE_PB_FED,-0.012882,0.15,0.2,0.4,0.55,0.65,0.85,0.95,-0.5,0.55,0.75,0.12,0.03
8,PE_only,-0.012886,0.05,0.3,0.4,0.6,0.65,0.75,0.85,0.0,0.0,0.0,0.1,0.04
8,PE_PB_FED,-0.012887,0.1,0.3,0.35,0.65,0.65,0.8,0.85,0.0,0.65,0.75,0.08,0.03
6,PE_only,-0.012891,0.05,0.2,0.35,0.65,0.65,0.75,0.85,0.0,0.0,0.0,0.12,0.05
8,PE_PB_FED,-0.012891,0.1,0.25,0.4,0.7,0.7,0.8,0.95,0.5,0.65,0.7,0.08,0.05
6,PE_only,-0.012894,0.05,0.25,0.3,0.65,0.7,0.85,0.9,0.0,0.0,0.0,0.1,0.04
8,PE_PB_FED,-0.012895,0.15,0.25,0.4,0.55,0.7,0.75,0.95,-0.5,0.5,0.7,0.12,0.03
6,PE_only,-0.012902,0.15,0.3,0.35,0.65,0.7,0.8,0.9,0.0,0.0,0.0,0.06,0.04
8,PE_PB_FED,-0.012904,0.1,0.15,0.4,0.7,0.7,0.85,0.9,-0.5,0.55,0.7,0.08,0.05
6,PE_FED,-0.012907,0.05,0.2,0.3,0.6,0.7,0.75,0.9,0.0,0.0,0.0,0.06,0.04
8,PE_PB,-0.012909,0.1,0.25,0.45,0.65,0.7,0.75,0.95,0.0,0.6,0.0,0.08,0.05
8,PE_FED,-0.012909,0.05,0.25,0.3,0.5,0.75,0.8,0.85,0.0,0.0,0.0,0.08,0.03
8,PE_PB_FED,-0.012911,0.05,0.25,0.3,0.6,0.65,0.8,0.95,-0.5,0.5,0.8,0.08,0.04
6,PE_FED,-0.012913,0.05,0.25,0.4,0.6,0.75,0.8,0.95,-0.5,0.0,0.0,0.1,0.05
8,PE_PB_FED,-0.012918,0.1,0.25,0.3,0.6,0.7,0.85,0.9,0.0,0.6,0.75,0.1,0.04
8,PE_PB_FED,-0.012926,0.15,0.2,0.3,0.5,0.75,0.8,0.95,0.5,0.65,0.8,0.06,0.03
8,PE_PB,-0.012928,0.15,0.2,0.3,0.55,0.7,0.8,0.95,0.0,0.6,0.0,0.12,0.04
8,PE_FED,-0.012928,0.1,0.3,0.4,0.65,0.7,0.75,0.95,0.5,0.0,0.0,0.08,0.04
8,PE_PB_FED,-0.012928,0.1,0.25,0.45,0.65,0.7,0.75,0.95,-0.5,0.5,0.8,0.06,0.05
6,PE_only,-0.01293,0.1,0.15,0.35,0.6,0.65,0.75,0.9,0.0,0.0,0.0,0.08,0.04
8,PE_only,-0.012932,0.15,0.3,0.4,0.55,0.65,0.75,0.9,0.0,0.0,0.0,0.08,0.04
8,PE_only,-0.012934,0.2,0.25,0.45,0.6,0.7,0.75,0.85,0.0,0.0,0.0,0.12,0.04
8,PE_only,-0.012936,0.05,0.3,0.45,0.55,0.7,0.85,0.95,0.0,0.0,0.0,0.12,0.03
8,PE_FED,-0.012938,0.15,0.25,0.4,0.55,0.75,0.8,0.95,0.5,0.0,0.0,0.12,0.05
8,PE_PB_FED,-0.012938,0.2,0.25,0.3,0.6,0.65,0.85,0.9,0.0,0.65,0.75,0.06,0.03
8,PE_PB_FED,-0.012949,0.1,0.25,0.3,0.65,0.65,0.75,0.9,-0.5,0.55,0.8,0.06,0.03
8,PE_PB,-0.012952,0.1,0.2,0.4,0.7,0.7,0.8,0.85,0.0,0.65,0.0,0.06,0.05
6,PE_only,-0.012955,0.1,0.15,0.4,0.55,0.65,0.75,0.95,0.0,0.0,0.0,0.12,0.05
8,PE_PB_FED,-0.012955,0.1,0.2,0.4,0.55,0.65,0.8,0.95,-0.5,0.5,0.7,0.12,0.04
6,PE_FED,-0.012957,0.2,0.25,0.4,0.6,0.65,0.8,0.95,0.0,0.0,0.0,0.08,0.03
6,PE_only,-0.012961,0.2,0.3,0.35,0.65,0.65,0.75,0.9,0.0,0.0,0.0,0.06,0.04
8,PE_only,-0.012961,0.2,0.25,0.4,0.5,0.7,0.75,0.95,0.0,0.0,0.0,0.08,0.05
6,PB_FED,-0.012963,0.05,0.3,0.45,0.5,0.7,0.75,0.9,0.0,0.0,0.0,0.1,0.05
6,PB_FED,-0.012963,0.05,0.3,0.45,0.5,0.7,0.75,0.9,0.0,0.0,0.0,0.12,0.05
8,PE_PB,-0.012971,0.15,0.3,0.35,0.65,0.65,0.8,0.95,0.0,0.6,0.0,0.12,0.03
8,PE_PB_FED,-0.012976,0.05,0.15,0.45,0.6,0.7,0.85,0.95,-0.5,0.5,0.7,0.08,0.05
8,PE_PB_FED,-0.012981,0.1,0.15,0.4,0.5,0.7,0.75,0.9,-0.5,0.6,0.8,0.12,0.03
6,PE_only,-0.012982,0.2,0.3,0.45,0.7,0.75,0.8,0.9,0.0,0.0,0.0,0.1,0.05
6,PE_only,-0.012982,0.2,0.3,0.45,0.7,0.7,0.8,0.9,0.0,0.0,0.0,0.08,0.05
8,PE_PB_FED,-0.012982,0.1,0.3,0.45,0.6,0.65,0.85,0.95,0.0,0.55,0.8,0.1,0.03
6,PE_FED,-0.012986,0.1,0.2,0.4,0.65,0.7,0.8,0.9,-0.5,0.0,0.0,0.1,0.05
6,PB_FED,-0.012987,0.15,0.25,0.45,0.5,0.65,0.8,0.95,-0.5,0.0,0.0,0.06,0.04
8,PB_FED,-0.012987,0.1,0.25,0.4,0.6,0.7,0.75,0.95,1.0,0.0,0.0,0.1,0.05
8,PE_PB_FED,-0.01299,0.15,0.3,0.4,0.6,0.7,0.8,0.9,-0.5,0.65,0.75,0.1,0.03
8,PE_only,-0.012993,0.1,0.2,0.45,0.55,0.65,0.8,0.9,0.0,0.0,0.0,0.1,0.05
8,PE_only,-0.012993,0.1,0.2,0.45,0.55,0.75,0.8,0.9,0.0,0.0,0.0,0.12,0.05
8,PE_PB,-0.012995,0.1,0.15,0.35,0.55,0.65,0.85,0.95,0.0,0.6,0.0,0.06,0.03
8,PE_only,-0.012997,0.2,0.25,0.45,0.55,0.7,0.75,0.9,0.0,0.0,0.0,0.12,0.04
6,PB_FED,-0.012998,0.2,0.25,0.4,0.5,0.65,0.8,0.95,-0.5,0.0,0.0,0.06,0.04
8,PE_FED,-0.013001,0.1,0.15,0.4,0.5,0.7,0.85,0.95,0.5,0.0,0.0,0.08,0.04
6,PE_only,-0.013003,0.1,0.25,0.45,0.7,0.7,0.8,0.85,0.0,0.0,0.0,0.08,0.05
6,PB_only,-0.013004,0.15,0.25,0.35,0.5,0.75,0.85,0.95,0.0,0.0,0.0,0.1,0.04
8,PE_PB,-0.013007,0.1,0.2,0.3,0.6,0.7,0.75,0.95,0.0,0.55,0.0,0.12,0.05
6,PE_FED,-0.013008,0.05,0.15,0.45,0.6,0.7,0.85,0.95,0.0,0.0,0.0,0.1,0.05
6,PE_only,-0.013009,0.1,0.2,0.35,0.6,0.75,0.85,0.95,0.0,0.0,0.0,0.08,0.04
6,PE_FED,-0.013011,0.15,0.2,0.45,0.6,0.75,0.85,0.95,-0.5,0.0,0.0,0.08,0.04
6,PB_only,-0.013012,0.05,0.15,0.45,0.5,0.7,0.85,0.95,0.0,0.0,0.0,0.12,0.05
8,PE_only,-0.013014,0.1,0.3,0.45,0.55,0.65,0.85,0.95,0.0,0.0,0.0,0.06,0.04
6,PB_only,-0.013016,0.05,0.3,0.4,0.5,0.65,0.75,0.95,0.0,0.0,0.0,0.06,0.05
8,PE_only,-0.013016,0.1,0.3,0.35,0.6,0.75,0.85,0.9,0.0,0.0,0.0,0.1,0.04
8,PE_only,-0.013019,0.1,0.2,0.35,0.55,0.7,0.75,0.85,0.0,0.0,0.0,0.08,0.03
8,PE_only,-0.013021,0.05,0.2,0.4,0.55,0.7,0.75,0.85,0.0,0.0,0.0,0.06,0.03
8,PE_PB_FED,-0.013022,0.1,0.15,0.35,0.5,0.7,0.8,0.9,-0.5,0.65,0.7,0.06,0.04
6,PE_only,-0.013023,0.15,0.25,0.4,0.65,0.65,0.85,0.9,0.0,0.0,0.0,0.06,0.04
8,PE_only,-0.013023,0.05,0.2,0.4,0.55,0.65,0.75,0.85,0.0,0.0,0.0,0.12,0.05
6,PE_only,-0.01303,0.1,0.15,0.35,0.55,0.65,0.8,0.95,0.0,0.0,0.0,0.1,0.05
6,PB_only,-0.01303,0.05,0.3,0.45,0.5,0.65,0.75,0.9,0.0,0.0,0.0,0.08,0.04
6,PE_only,-0.013032,0.05,0.2,0.35,0.6,0.75,0.85,0.95,0.0,0.0,0.0,0.1,0.04
6,PE_FED,-0.013039,0.15,0.25,0.45,0.65,0.7,0.75,0.9,-0.5,0.0,0.0,0.1,0.04
6,PE_only,-0.013045,0.15,0.2,0.4,0.6,0.75,0.85,0.95,0.0,0.0,0.0,0.06,0.03
8,PE_only,-0.013047,0.05,0.25,0.3,0.5,0.7,0.85,0.95,0.0,0.0,0.0,0.12,0.03
8,PE_PB,-0.013047,0.1,0.2,0.35,0.5,0.7,0.75,0.95,0.0,0.65,0.0,0.1,0.03
8,PE_FED,-0.013059,0.1,0.2,0.3,0.6,0.7,0.75,0.9,0.5,0.0,0.0,0.06,0.05
8,PE_PB,-0.013061,0.05,0.3,0.4,0.6,0.7,0.8,0.95,0.0,0.65,0.0,0.12,0.05
8,PE_FED,-0.013063,0.05,0.25,0.45,0.55,0.7,0.8,0.95,0.5,0.0,0.0,0.08,0.03
6,PE_only,-0.013065,0.2,0.3,0.4,0.65,0.65,0.75,0.9,0.0,0.0,0.0,0.1,0.04
6,PE_only,-0.013066,0.2,0.3,0.35,0.7,0.65,0.85,0.9,0.0,0.0,0.0,0.08,0.04
6,PE_PB,-0.013067,0.05,0.25,0.35,0.65,0.7,0.75,0.95,0.0,0.65,0.0,0.06,0.03
6,PB_FED,-0.013068,0.15,0.3,0.45,0.5,0.75,0.8,0.85,0.0,0.0,0.0,0.08,0.04
8,PE_only,-0.013068,0.15,0.25,0.3,0.5,0.65,0.85,0.95,0.0,0.0,0.0,0.1,0.03
8,PE_PB,-0.013068,0.05,0.3,0.4,0.7,0.65,0.8,0.95,0.0,0.6,0.0,0.12,0.05
8,PE_FED,-0.013068,0.2,0.25,0.45,0.7,0.75,0.8,0.95,0.5,0.0,0.0,0.1,0.04
6,PE_PB_FED,-0.01307,0.15,0.2,0.4,0.7,0.7,0.8,0.95,0.0,0.65,0.7,0.1,0.05
6,PE_only,-0.013074,0.05,0.3,0.4,0.7,0.7,0.85,0.9,0.0,0.0,0.0,0.1,0.05
8,PE_only,-0.013074,0.05,0.15,0.45,0.55,0.7,0.8,0.85,0.0,0.0,0.0,0.06,0.04
8,PE_only,-0.013074,0.05,0.15,0.45,0.55,0.75,0.8,0.85,0.0,0.0,0.0,0.1,0.04
8,PE_only,-0.013075,0.2,0.3,0.35,0.55,0.7,0.85,0.95,0.0,0.0,0.0,0.06,0.05
6,PE_PB,-0.013076,0.15,0.25,0.45,0.7,0.7,0.75,0.95,0.0,0.65,0.0,0.1,0.04
6,PE_only,-0.013077,0.15,0.25,0.45,0.7,0.75,0.8,0.85,0.0,0.0,0.0,0.06,0.03
8,PE_only,-0.013081,0.15,0.2,0.4,0.5,0.7,0.75,0.9,0.0,0.0,0.0,0.12,0.03
8,PE_PB_FED,-0.013086,0.1,0.2,0.45,0.7,0.65,0.8,0.95,0.5,0.6,0.75,0.06,0.04
6,PB_FED,-0.013088,0.05,0.25,0.35,0.5,0.75,0.8,0.85,-0.5,0.0,0.0,0.06,0.05
6,PE_only,-0.013089,0.1,0.15,0.35,0.6,0.7,0.75,0.9,0.0,0.0,0.0,0.06,0.03
8,PE_PB_FED,-0.013089,0.2,0.3,0.45,0.7,0.7,0.85,0.9,0.0,0.65,0.75,0.08,0.03
6,PE_FED,-0.013091,0.15,0.25,0.45,0.65,0.65,0.85,0.95,0.0,0.0,0.0,0.06,0.04
8,PE_PB,-0.013093,0.15,0.2,0.45,0.65,0.7,0.75,0.95,0.0,0.55,0.0,0.06,0.04
6,PE_only,-0.013102,0.15,0.3,0.4,0.65,0.7,0.8,0.9,0.0,0.0,0.0,0.12,0.03
6,PE_only,-0.013103,0.05,0.25,0.45,0.7,0.75,0.8,0.85,0.0,0.0,0.0,0.1,0.05
8,PE_FED,-0.013104,0.2,0.25,0.45,0.65,0.7,0.75,0.95,0.5,0.0,0.0,0.06,0.05
8,PB_FED,-0.013104,0.1,0.3,0.45,0.55,0.75,0.85,0.95,0.5,0.0,0.0,0.1,0.05
6,PE_FED,-0.013112,0.1,0.25,0.45,0.7,0.65,0.8,0.9,-0.5,0.0,0.0,0.1,0.05
8,PE_PB_FED,-0.013112,0.05,0.2,0.45,0.6,0.75,0.8,0.9,0.0,0.55,0.7,0.1,0.05
8,PE_PB_FED,-0.013112,0.05,0.2,0.45,0.6,0.7,0.8,0.9,0.0,0.55,0.7,0.12,0.05
6,PE_only,-0.013114,0.1,0.3,0.45,0.65,0.65,0.75,0.9,0.0,0.0,0.0,0.08,0.04
6,PE_only,-0.013114,0.1,0.2,0.3,0.65,0.75,0.8,0.85,0.0,0.0,0.0,0.12,0.04
6,PE_only,-0.013114,0.1,0.3,0.45,0.65,0.7,0.75,0.9,0.0,0.0,0.0,0.06,0.04
8,PE_only,-0.013119,0.1,0.25,0.3,0.55,0.7,0.8,0.9,0.0,0.0,0.0,0.06,0.05
6,PB_only,-0.013121,0.2,0.3,0.4,0.5,0.7,0.75,0.9,0.0,0.0,0.0,0.12,0.05
8,PE_only,-0.013121,0.1,0.15,0.45,0.55,0.65,0.8,0.85,0.0,0.0,0.0,0.12,0.04
8,PE_only,-0.013125,0.15,0.3,0.35,0.5,0.75,0.8,0.95,0.0,0.0,0.0,0.1,0.03
8,PE_only,-0.013125,0.15,0.3,0.35,0.5,0.75,0.8,0.95,0.0,0.0,0.0,0.06,0.03
8,PE_FED,-0.013125,0.1,0.25,0.3,0.65,0.7,0.85,0.95,0.5,0.0,0.0,0.1,0.04
8,PB_FED,-0.013127,0.05,0.2,0.4,0.65,0.7,0.75,0.9,1.0,0.0,0.0,0.06,0.05
8,PE_only,-0.013133,0.1,0.15,0.45,0.55,0.7,0.85,0.9,0.0,0.0,0.0,0.06,0.03
8,PE_PB,-0.013133,0.1,0.15,0.4,0.55,0.65,0.85,0.95,0.0,0.6,0.0,0.12,0.03
6,PE_only,-0.013134,0.2,0.25,0.4,0.6,0.65,0.75,0.95,0.0,0.0,0.0,0.06,0.03
6,PE_only,-0.013135,0.05,0.2,0.3,0.65,0.75,0.8,0.85,0.0,0.0,0.0,0.1,0.04
6,PE_FED,-0.013136,0.05,0.3,0.35,0.65,0.7,0.8,0.95,0.0,0.0,0.0,0.12,0.05
6,PE_only,-0.013137,0.1,0.15,0.45,0.65,0.75,0.8,0.85,0.0,0.0,0.0,0.12,0.04
8,PE_only,-0.01314,0.1,0.2,0.4,0.5,0.7,0.75,0.9,0.0,0.0,0.0,0.06,0.04
8,PE_only,-0.013141,0.2,0.25,0.35,0.55,0.65,0.75,0.9,0.0,0.0,0.0,0.1,0.05
8,PE_PB_FED,-0.013143,0.15,0.2,0.35,0.7,0.7,0.75,0.95,0.5,0.5,0.8,0.06,0.03
6,PE_only,-0.013147,0.05,0.15,0.4,0.55,0.65,0.8,0.95,0.0,0.0,0.0,0.1,0.05
6,PE_FED,-0.013147,0.05,0.15,0.45,0.65,0.75,0.8,0.9,-0.5,0.0,0.0,0.08,0.05
6,PE_only,-0.013149,0.15,0.3,0.35,0.7,0.75,0.8,0.85,0.0,0.0,0.0,0.06,0.05
8,PB_FED,-0.013149,0.15,0.3,0.35,0.6,0.7,0.75,0.95,1.0,0.0,0.0,0.08,0.03
6,PE_only,-0.01315,0.1,0.3,0.35,0.65,0.7,0.75,0.9,0.0,0.0,0.0,0.08,0.05
6,PE_PB,-0.013152,0.15,0.25,0.4,0.65,0.65,0.8,0.95,0.0,0.65,0.0,0.1,0.03
8,PE_PB_FED,-0.013153,0.05,0.2,0.3,0.65,0.7,0.8,0.85,0.0,0.55,0.7,0.06,0.04
8,PE_PB_FED,-0.013153,0.05,0.2,0.3,0.65,0.7,0.8,0.85,0.0,0.55,0.7,0.12,0.04
6,PE_only,-0.013154,0.1,0.2,0.4,0.6,0.7,0.85,0.95,0.0,0.0,0.0,0.12,0.04
6,PE_FED,-0.013155,0.15,0.2,0.35,0.55,0.7,0.8,0.95,-0.5,0.0,0.0,0.12,0.03
6,PE_FED,-0.01316,0.15,0.25,0.45,0.6,0.75,0.8,0.95,0.0,0.0,0.0,0.12,0.03
6,PE_only,-0.013161,0.1,0.2,0.4,0.6,0.65,0.85,0.95,0.0,0.0,0.0,0.12,0.03
6,PE_only,-0.013161,0.1,0.2,0.4,0.6,0.7,0.85,0.95,0.0,0.0,0.0,0.12,0.03
6,PE_PB,-0.013162,0.1,0.25,0.4,0.65,0.65,0.75,0.95,0.0,0.65,0.0,0.1,0.03
6,PE_only,-0.013164,0.1,0.25,0.45,0.6,0.65,0.75,0.95,0.0,0.0,0.0,0.12,0.03
8,PE_FED,-0.013164,0.05,0.2,0.3,0.55,0.65,0.85,0.95,0.5,0.0,0.0,0.06,0.05
8,PE_PB,-0.013166,0.05,0.15,0.4,0.6,0.65,0.8,0.9,0.0,0.6,0.0,0.12,0.04
6,PE_FED,-0.013167,0.05,0.25,0.45,0.6,0.7,0.75,0.95,-0.5,0.0,0.0,0.08,0.04
6,PE_only,-0.01317,0.15,0.2,0.3,0.65,0.75,0.8,0.85,0.0,0.0,0.0,0.12,0.03
6,PE_PB,-0.013173,0.15,0.25,0.45,0.7,0.7,0.75,0.95,0.0,0.65,0.0,0.1,0.05
6,PE_only,-0.013175,0.2,0.3,0.35,0.65,0.65,0.75,0.9,0.0,0.0,0.0,0.12,0.03
6,PE_only,-0.013175,0.05,0.2,0.3,0.65,0.65,0.8,0.85,0.0,0.0,0.0,0.1,0.05
8,PB_FED,-0.013176,0.05,0.2,0.35,0.6,0.65,0.75,0.95,1.0,0.0,0.0,0.08,0.04
8,PE_FED,-0.013179,0.2,0.3,0.35,0.55,0.75,0.8,0.9,-0.5,0.0,0.0,0.12,0.05
6,PE_FED,-0.01318,0.15,0.25,0.3,0.7,0.65,0.75,0.85,-0.5,0.0,0.0,0.12,0.05
6,PE_only,-0.013181,0.1,0.25,0.4,0.65,0.65,0.85,0.9,0.0,0.0,0.0,0.12,0.04
8,PE_only,-0.013184,0.1,0.3,0.35,0.6,0.65,0.75,0.85,0.0,0.0,0.0,0.1,0.05
6,PE_only,-0.013185,0.05,0.2,0.4,0.6,0.7,0.85,0.95,0.0,0.0,0.0,0.1,0.04
8,PE_PB,-0.013187,0.15,0.2,0.3,0.7,0.65,0.75,0.95,0.0,0.5,0.0,0.08,0.04
8,PE_FED,-0.013188,0.15,0.25,0.35,0.7,0.65,0.75,0.9,0.5,0.0,0.0,0.1,0.04
6,PE_only,-0.013189,0.1,0.3,0.35,0.65,0.65,0.8,0.9,0.0,0.0,0.0,0.08,0.03
8,PE_PB_FED,-0.01319,0.2,0.25,0.45,0.65,0.75,0.85,0.9,0.0,0.65,0.7,0.08,0.05
6,PE_only,-0.013196,0.2,0.25,0.3,0.65,0.65,0.8,0.9,0.0,0.0,0.0,0.06,0.05
8,PE_PB,-0.013197,0.05,0.3,0.4,0.65,0.75,0.85,0.95,0.0,0.65,0.0,0.12,0.05
6,PB_only,-0.013199,0.1,0.2,0.4,0.5,0.65,0.85,0.95,0.0,0.0,0.0,0.12,0.04
8,PE_only,-0.013201,0.05,0.2,0.3,0.55,0.75,0.8,0.85,0.0,0.0,0.0,0.12,0.03
6,PE_FED,-0.013205,0.2,0.3,0.4,0.65,0.75,0.85,0.95,-0.5,0.0,0.0,0.06,0.05
8,PE_PB_FED,-0.013206,0.05,0.15,0.45,0.65,0.7,0.75,0.9,-0.5,0.5,0.7,0.08,0.05
8,PE_FED,-0.013208,0.2,0.25,0.35,0.5,0.75,0.85,0.9,0.0,0.0,0.0,0.1,0.04
8,PE_PB_FED,-0.013211,0.15,0.2,0.3,0.5,0.75,0.8,0.95,-0.5,0.55,0.8,0.06,0.05
8,PE_PB,-0.013212,0.2,0.25,0.45,0.7,0.75,0.8,0.9,0.0,0.65,0.0,0.08,0.04
8,PE_only,-0.013218,0.05,0.25,0.3,0.5,0.65,0.85,0.95,0.0,0.0,0.0,0.06,0.04
6,PB_only,-0.01322,0.15,0.2,0.45,0.5,0.7,0.85,0.9,0.0,0.0,0.0,0.12,0.05
8,PE_only,-0.01322,0.15,0.2,0.35,0.55,0.65,0.8,0.85,0.0,0.0,0.0,0.08,0.04
6,PE_FED,-0.013228,0.05,0.15,0.3,0.6,0.7,0.75,0.9,-0.5,0.0,0.0,0.12,0.05
6,PE_only,-0.013229,0.2,0.3,0.45,0.7,0.75,0.85,0.9,0.0,0.0,0.0,0.08,0.04
8,PE_only,-0.013231,0.2,0.25,0.35,0.6,0.7,0.85,0.9,0.0,0.0,0.0,0.08,0.05
8,PE_only,-0.013232,0.05,0.2,0.35,0.55,0.7,0.85,0.9,0.0,0.0,0.0,0.08,0.03
8,PB_FED,-0.013234,0.15,0.2,0.35,0.55,0.65,0.75,0.95,1.0,0.0,0.0,0.12,0.04
6,PE_only,-0.013235,0.15,0.2,0.35,0.65,0.7,0.8,0.85,0.0,0.0,0.0,0.08,0.05
8,PE_PB,-0.013238,0.05,0.2,0.4,0.7,0.7,0.8,0.95,0.0,0.5,0.0,0.06,0.04
8,PE_only,-0.013239,0.1,0.25,0.45,0.5,0.75,0.8,0.95,0.0,0.0,0.0,0.1,0.05
8,PE_only,-0.013239,0.05,0.2,0.3,0.5,0.7,0.75,0.9,0.0,0.0,0.0,0.06,0.05
6,PB_only,-0.013241,0.1,0.25,0.4,0.5,0.75,0.85,0.9,0.0,0.0,0.0,0.12,0.05
6,PB_only,-0.013241,0.1,0.25,0.4,0.5,0.7,0.85,0.9,0.0,0.0,0.0,0.12,0.05
8,PE_PB,-0.013242,0.15,0.25,0.35,0.65,0.7,0.85,0.95,0.0,0.6,0.0,0.1,0.03
8,PE_only,-0.013246,0.05,0.2,0.35,0.55,0.65,0.8,0.85,0.0,0.0,0.0,0.12,0.03
8,PE_only,-0.013246,0.2,0.25,0.4,0.6,0.7,0.8,0.85,0.0,0.0,0.0,0.1,0.03
8,PE_only,-0.013247,0.15,0.25,0.3,0.5,0.7,0.85,0.95,0.0,0.0,0.0,0.1,0.04
8,PE_only,-0.013247,0.15,0.25,0.3,0.5,0.65,0.85,0.95,0.0,0.0,0.0,0.12,0.04
6,PE_FED,-0.013252,0.1,0.15,0.35,0.55,0.7,0.85,0.95,0.0,0.0,0.0,0.12,0.03
8,PE_only,-0.013252,0.2,0.25,0.35,0.5,0.75,0.8,0.95,0.0,0.0,0.0,0.08,0.05
8,PE_PB,-0.013257,0.05,0.15,0.35,0.6,0.75,0.85,0.95,0.0,0.55,0.0,0.08,0.04
8,PE_PB_FED,-0.013257,0.05,0.3,0.35,0.7,0.65,0.85,0.9,0.0,0.6,0.7,0.06,0.04
6,PE_only,-0.013258,0.1,0.2,0.4,0.6,0.7,0.85,0.95,0.0,0.0,0.0,0.08,0.05
8,PE_PB,-0.013259,0.05,0.15,0.4,0.55,0.65,0.85,0.95,0.0,0.6,0.0,0.06,0.05
6,PE_PB,-0.01326,0.05,0.25,0.3,0.65,0.7,0.75,0.95,0.0,0.65,0.0,0.12,0.04
8,PE_PB,-0.013267,0.05,0.2,0.3,0.65,0.65,0.8,0.85,0.0,0.65,0.0,0.08,0.04
6,PE_FED,-0.013268,0.1,0.2,0.45,0.7,0.75,0.8,0.85,-0.5,0.0,0.0,0.08,0.04
8,PB_FED,-0.013268,0.2,0.3,0.4,0.5,0.65,0.8,0.85,0.5,0.0,0.0,0.12,0.03
8,PB_FED,-0.013274,0.15,0.2,0.4,0.7,0.7,0.8,0.95,1.0,0.0,0.0,0.08,0.04
8,PB_FED,-0.013278,0.15,0.3,0.45,0.5,0.65,0.85,0.9,0.5,0.0,0.0,0.06,0.03
6,PE_FED,-0.013279,0.1,0.15,0.3,0.7,0.7,0.85,0.9,0.0,0.0,0.0,0.08,0.05
8,PE_PB,-0.013281,0.1,0.2,0.4,0.65,0.65,0.75,0.85,0.0,0.65,0.0,0.08,0.03
6,PB_only,-0.013282,0.1,0.3,0.45,0.5,0.65,0.75,0.9,0.0,0.0,0.0,0.1,0.05
8,PE_only,-0.013282,0.05,0.15,0.45,0.55,0.65,0.8,0.85,0.0,0.0,0.0,0.06,0.05
8,PE_FED,-0.013284,0.05,0.3,0.45,0.7,0.75,0.8,0.95,0.5,0.0,0.0,0.12,0.03
6,PE_FED,-0.013285,0.05,0.2,0.4,0.65,0.7,0.8,0.9,0.0,0.0,0.0,0.06,0.03
8,PE_PB_FED,-0.013287,0.1,0.25,0.45,0.55,0.7,0.75,0.95,0.5,0.65,0.8,0.1,0.03
6,PE_FED,-0.013295,0.1,0.25,0.35,0.7,0.7,0.75,0.85,-0.5,0.0,0.0,0.06,0.04
6,PE_only,-0.013297,0.2,0.25,0.35,0.6,0.65,0.75,0.95,0.0,0.0,0.0,0.08,0.04
8,PE_only,-0.013298,0.15,0.3,0.4,0.5,0.65,0.8,0.95,0.0,0.0,0.0,0.12,0.03
8,PE_only,-0.013308,0.15,0.2,0.45,0.5,0.75,0.85,0.95,0.0,0.0,0.0,0.08,0.05
8,PE_only,-0.013309,0.05,0.2,0.45,0.5,0.7,0.85,0.95,0.0,0.0,0.0,0.12,0.05
8,PE_PB_FED,-0.013309,0.05,0.25,0.35,0.6,0.7,0.75,0.95,0.5,0.6,0.8,0.1,0.03
8,PB_FED,-0.013317,0.05,0.3,0.4,0.5,0.75,0.8,0.95,0.5,0.0,0.0,0.1,0.04
8,PE_only,-0.01332,0.05,0.3,0.4,0.6,0.7,0.75,0.85,0.0,0.0,0.0,0.1,0.05
8,PE_PB,-0.013322,0.15,0.25,0.4,0.55,0.75,0.8,0.95,0.0,0.65,0.0,0.1,0.05
8,PE_PB,-0.013323,0.05,0.2,0.3,0.6,0.65,0.75,0.95,0.0,0.5,0.0,0.08,0.03
6,PE_FED,-0.013324,0.1,0.3,0.35,0.7,0.65,0.75,0.9,-0.5,0.0,0.0,0.06,0.05
8,PE_only,-0.013324,0.05,0.15,0.35,0.5,0.65,0.8,0.9,0.0,0.0,0.0,0.06,0.05
6,PB_only,-0.013325,0.15,0.3,0.45,0.5,0.75,0.8,0.9,0.0,0.0,0.0,0.12,0.03
8,PE_FED,-0.013328,0.15,0.3,0.45,0.5,0.75,0.85,0.95,-0.5,0.0,0.0,0.08,0.05
6,PE_only,-0.013333,0.15,0.3,0.35,0.7,0.65,0.75,0.85,0.0,0.0,0.0,0.06,0.05
6,PE_only,-0.013336,0.1,0.3,0.45,0.7,0.75,0.85,0.9,0.0,0.0,0.0,0.06,0.03
6,PE_only,-0.013337,0.05,0.15,0.3,0.6,0.65,0.8,0.9,0.0,0.0,0.0,0.12,0.04
8,PE_PB_FED,-0.013338,0.15,0.25,0.35,0.65,0.75,0.8,0.95,0.5,0.65,0.7,0.12,0.05
8,PE_PB,-0.013341,0.15,0.25,0.45,0.6,0.65,0.75,0.95,0.0,0.6,0.0,0.06,0.04
8,PE_PB_FED,-0.013344,0.05,0.15,0.3,0.6,0.7,0.8,0.9,0.5,0.65,0.7,0.12,0.03
6,PE_only,-0.013345,0.05,0.2,0.3,0.65,0.75,0.8,0.85,0.0,0.0,0.0,0.06,0.03
6,PE_only,-0.013346,0.1,0.2,0.35,0.65,0.65,0.8,0.85,0.0,0.0,0.0,0.06,0.03
8,PE_PB_FED,-0.013348,0.2,0.25,0.45,0.65,0.65,0.8,0.95,-0.5,0.5,0.7,0.06,0.03
6,PE_only,-0.013356,0.1,0.15,0.45,0.65,0.75,0.8,0.85,0.0,0.0,0.0,0.06,0.03
8,PE_PB,-0.013358,0.1,0.25,0.3,0.7,0.7,0.75,0.85,0.0,0.65,0.0,0.1,0.05
8,PE_only,-0.013362,0.05,0.2,0.3,0.55,0.65,0.8,0.85,0.0,0.0,0.0,0.06,0.05
6,PE_only,-0.013364,0.2,0.25,0.35,0.7,0.65,0.8,0.85,0.0,0.0,0.0,0.06,0.03
8,PE_only,-0.013366,0.15,0.25,0.4,0.55,0.65,0.8,0.9,0.0,0.0,0.0,0.12,0.05
8,PE_only,-0.013367,0.2,0.25,0.4,0.55,0.65,0.8,0.9,0.0,0.0,0.0,0.12,0.03
8,PE_only,-0.013368,0.05,0.25,0.3,0.5,0.7,0.85,0.95,0.0,0.0,0.0,0.12,0.05
6,PE_only,-0.013371,0.2,0.25,0.35,0.65,0.65,0.8,0.9,0.0,0.0,0.0,0.08,0.05
8,PE_PB,-0.013374,0.05,0.2,0.35,0.5,0.65,0.75,0.95,0.0,0.65,0.0,0.06,0.04
8,PE_PB_FED,-0.01338,0.1,0.25,0.3,0.7,0.7,0.8,0.85,0.0,0.55,0.8,0.1,0.04
6,PB_only,-0.013384,0.2,0.25,0.4,0.5,0.65,0.85,0.9,0.0,0.0,0.0,0.06,0.04
6,PE_PB,-0.013385,0.2,0.25,0.35,0.7,0.7,0.75,0.95,0.0,0.65,0.0,0.08,0.04
8,PE_only,-0.013391,0.1,0.3,0.35,0.5,0.7,0.75,0.95,0.0,0.0,0.0,0.06,0.04
6,PB_only,-0.013399,0.05,0.2,0.45,0.5,0.65,0.85,0.9,0.0,0.0,0.0,0.12,0.05
6,PE_FED,-0.013402,0.1,0.3,0.45,0.65,0.65,0.8,0.95,0.0,0.0,0.0,0.08,0.05
6,PE_only,-0.013403,0.1,0.25,0.45,0.65,0.65,0.8,0.9,0.0,0.0,0.0,0.12,0.05
6,PE_only,-0.013403,0.1,0.25,0.45,0.65,0.7,0.8,0.9,0.0,0.0,0.0,0.12,0.05
6,PE_only,-0.013406,0.1,0.2,0.45,0.65,0.65,0.75,0.85,0.0,0.0,0.0,0.06,0.04
6,PE_only,-0.013407,0.15,0.25,0.45,0.6,0.7,0.8,0.95,0.0,0.0,0.0,0.12,0.04
8,PE_PB_FED,-0.013413,0.1,0.25,0.4,0.55,0.65,0.75,0.95,0.5,0.65,0.75,0.08,0.04
8,PE_only,-0.013422,0.05,0.2,0.35,0.55,0.7,0.8,0.85,0.0,0.0,0.0,0.08,0.04
6,PE_PB_FED,-0.013423,0.1,0.15,0.4,0.6,0.7,0.75,0.95,0.0,0.65,0.8,0.1,0.05
8,PE_only,-0.013425,0.15,0.2,0.4,0.55,0.7,0.85,0.9,0.0,0.0,0.0,0.12,0.03
8,PE_PB_FED,-0.013427,0.1,0.25,0.3,0.7,0.65,0.75,0.85,-0.5,0.6,0.7,0.12,0.05
6,PB_only,-0.013432,0.15,0.25,0.45,0.5,0.7,0.8,0.95,0.0,0.0,0.0,0.12,0.05
6,PE_only,-0.013435,0.15,0.3,0.35,0.7,0.65,0.8,0.85,0.0,0.0,0.0,0.06,0.04
6,PE_only,-0.013438,0.1,0.3,0.4,0.7,0.65,0.85,0.9,0.0,0.0,0.0,0.1,0.05
6,PB_FED,-0.013438,0.2,0.25,0.4,0.5,0.75,0.85,0.9,-0.5,0.0,0.0,0.12,0.05
8,PE_PB_FED,-0.013438,0.1,0.15,0.45,0.55,0.75,0.85,0.95,-0.5,0.5,0.75,0.12,0.03
8,PE_PB,-0.013441,0.05,0.15,0.35,0.55,0.7,0.75,0.95,0.0,0.5,0.0,0.06,0.04
8,PE_PB,-0.013441,0.15,0.25,0.4,0.7,0.75,0.85,0.9,0.0,0.65,0.0,0.08,0.03
6,PB_only,-0.013449,0.05,0.3,0.45,0.5,0.65,0.85,0.9,0.0,0.0,0.0,0.12,0.03
6,PE_only,-0.013453,0.15,0.25,0.4,0.65,0.65,0.75,0.85,0.0,0.0,0.0,0.08,0.04
8,PB_FED,-0.013454,0.05,0.2,0.3,0.7,0.75,0.8,0.95,1.0,0.0,0.0,0.1,0.05
8,PE_FED,-0.01346,0.05,0.3,0.35,0.55,0.7,0.75,0.95,0.5,0.0,0.0,0.08,0.03
8,PE_PB_FED,-0.013462,0.15,0.25,0.35,0.6,0.75,0.85,0.9,0.0,0.6,0.8,0.1,0.03
8,PE_PB,-0.013464,0.1,0.25,0.45,0.55,0.65,0.75,0.95,0.0,0.65,0.0,0.06,0.04
6,PE_PB,-0.013468,0.05,0.25,0.45,0.7,0.7,0.8,0.95,0.0,0.65,0.0,0.08,0.05
6,PE_only,-0.013469,0.15,0.3,0.45,0.7,0.7,0.75,0.85,0.0,0.0,0.0,0.1,0.04
8,PE_PB,-0.013469,0.05,0.3,0.35,0.7,0.65,0.75,0.9,0.0,0.65,0.0,0.1,0.05
6,PE_PB,-0.013472,0.1,0.25,0.35,0.65,0.65,0.75,0.95,0.0,0.65,0.0,0.12,0.04
8,PE_PB,-0.013473,0.05,0.25,0.45,0.7,0.75,0.8,0.95,0.0,0.55,0.0,0.08,0.05
8,PE_PB,-0.013473,0.1,0.2,0.35,0.6,0.75,0.8,0.95,0.0,0.55,0.0,0.12,0.04
6,PE_only,-0.013477,0.2,0.25,0.4,0.65,0.65,0.8,0.9,0.0,0.0,0.0,0.1,0.05
6,PE_FED,-0.013477,0.05,0.15,0.35,0.65,0.65,0.75,0.85,-0.5,0.0,0.0,0.1,0.03
8,PE_FED,-0.013479,0.05,0.2,0.3,0.65,0.7,0.8,0.9,0.5,0.0,0.0,0.1,0.04
8,PE_PB,-0.01348,0.15,0.3,0.4,0.7,0.7,0.75,0.95,0.0,0.55,0.0,0.08,0.03
6,PB_FED,-0.013481,0.2,0.3,0.45,0.5,0.75,0.8,0.85,0.0,0.0,0.0,0.1,0.04
8,PE_FED,-0.013481,0.15,0.25,0.45,0.5,0.7,0.8,0.9,-0.5,0.0,0.0,0.08,0.04
8,PE_PB_FED,-0.013483,0.15,0.25,0.3,0.6,0.65,0.75,0.95,0.5,0.6,0.7,0.1,0.04
8,PE_PB,-0.013487,0.05,0.2,0.35,0.65,0.65,0.85,0.95,0.0,0.55,0.0,0.06,0.03
8,PE_PB,-0.013487,0.05,0.25,0.45,0.65,0.7,0.8,0.9,0.0,0.65,0.0,0.1,0.03
6,PE_FED,-0.013488,0.1,0.15,0.3,0.55,0.7,0.85,0.95,-0.5,0.0,0.0,0.1,0.04
6,PE_only,-0.013489,0.05,0.15,0.45,0.55,0.65,0.75,0.95,0.0,0.0,0.0,0.06,0.04
8,PE_PB,-0.01349,0.1,0.2,0.35,0.6,0.65,0.85,0.95,0.0,0.6,0.0,0.06,0.04
8,PB_FED,-0.01349,0.2,0.25,0.35,0.55,0.7,0.75,0.95,1.0,0.0,0.0,0.08,0.03
8,PE_PB_FED,-0.013495,0.1,0.2,0.4,0.55,0.7,0.8,0.9,-0.5,0.6,0.7,0.1,0.03
6,PE_FED,-0.013496,0.2,0.3,0.45,0.7,0.7,0.85,0.95,0.0,0.0,0.0,0.12,0.05
6,PE_FED,-0.013496,0.2,0.3,0.45,0.7,0.7,0.85,0.95,0.0,0.0,0.0,0.08,0.05
8,PE_only,-0.013501,0.05,0.3,0.35,0.5,0.7,0.75,0.95,0.0,0.0,0.0,0.08,0.05
6,PB_only,-0.013505,0.05,0.3,0.4,0.5,0.65,0.75,0.95,0.0,0.0,0.0,0.06,0.04
6,PE_FED,-0.013508,0.1,0.15,0.3,0.55,0.7,0.85,0.95,-0.5,0.0,0.0,0.1,0.03
6,PE_only,-0.013512,0.1,0.25,0.45,0.7,0.65,0.8,0.85,0.0,0.0,0.0,0.08,0.03
6,PE_only,-0.013513,0.15,0.3,0.4,0.6,0.65,0.75,0.95,0.0,0.0,0.0,0.08,0.03
6,PE_only,-0.013513,0.15,0.3,0.4,0.6,0.65,0.75,0.95,0.0,0.0,0.0,0.12,0.03
8,PE_PB_FED,-0.013514,0.15,0.3,0.45,0.65,0.65,0.85,0.95,0.0,0.5,0.7,0.12,0.03
6,PE_PB,-0.013525,0.05,0.15,0.3,0.7,0.75,0.8,0.95,0.0,0.6,0.0,0.1,0.04
8,PB_FED,-0.013526,0.05,0.2,0.4,0.55,0.65,0.75,0.95,1.0,0.0,0.0,0.12,0.05
6,PE_only,-0.013527,0.05,0.3,0.45,0.65,0.65,0.75,0.9,0.0,0.0,0.0,0.06,0.03
8,PE_only,-0.013527,0.15,0.2,0.35,0.55,0.75,0.8,0.85,0.0,0.0,0.0,0.08,0.03
6,PE_FED,-0.01353,0.05,0.15,0.35,0.55,0.75,0.85,0.95,0.0,0.0,0.0,0.08,0.03
6,PE_only,-0.013537,0.1,0.25,0.3,0.65,0.7,0.75,0.85,0.0,0.0,0.0,0.12,0.04
8,PE_PB_FED,-0.013538,0.05,0.3,0.35,0.65,0.7,0.8,0.9,0.0,0.55,0.8,0.06,0.03
6,PE_only,-0.013541,0.15,0.3,0.4,0.7,0.65,0.8,0.85,0.0,0.0,0.0,0.1,0.04
6,PE_FED,-0.013542,0.15,0.25,0.45,0.7,0.65,0.75,0.9,0.0,0.0,0.0,0.06,0.04
8,PE_only,-0.013543,0.1,0.3,0.4,0.5,0.75,0.8,0.95,0.0,0.0,0.0,0.12,0.03
8,PE_PB,-0.013545,0.05,0.15,0.45,0.65,0.75,0.8,0.95,0.0,0.5,0.0,0.08,0.05
8,PE_PB,-0.013548,0.1,0.15,0.3,0.7,0.7,0.8,0.85,0.0,0.6,0.0,0.08,0.05
6,PB_only,-0.013549,0.05,0.3,0.45,0.5,0.65,0.75,0.95,0.0,0.0,0.0,0.12,0.03
6,PE_only,-0.01355,0.05,0.2,0.3,0.55,0.7,0.75,0.95,0.0,0.0,0.0,0.12,0.05
6,PE_only,-0.01355,0.05,0.2,0.3,0.55,0.7,0.75,0.95,0.0,0.0,0.0,0.1,0.05
8,PE_only,-0.01355,0.1,0.25,0.3,0.5,0.65,0.85,0.95,0.0,0.0,0.0,0.1,0.05
8,PE_only,-0.01355,0.1,0.25,0.3,0.5,0.75,0.85,0.95,0.0,0.0,0.0,0.08,0.05
8,PE_PB_FED,-0.013552,0.2,0.3,0.35,0.55,0.65,0.75,0.9,0.0,0.6,0.7,0.06,0.04
6,PE_PB,-0.013553,0.1,0.25,0.3,0.65,0.7,0.8,0.95,0.0,0.65,0.0,0.1,0.05
6,PE_FED,-0.013556,0.15,0.25,0.3,0.6,0.65,0.85,0.95,0.0,0.0,0.0,0.1,0.03
8,PE_PB_FED,-0.013557,0.15,0.2,0.3,0.55,0.7,0.8,0.95,0.5,0.6,0.7,0.12,0.05
8,PB_FED,-0.013557,0.05,0.2,0.3,0.65,0.75,0.8,0.95,1.0,0.0,0.0,0.08,0.04
6,PE_FED,-0.01356,0.1,0.25,0.35,0.65,0.7,0.75,0.9,0.0,0.0,0.0,0.06,0.04
8,PE_only,-0.013566,0.1,0.3,0.4,0.5,0.65,0.75,0.95,0.0,0.0,0.0,0.06,0.04
6,PE_PB,-0.013567,0.05,0.15,0.45,0.7,0.75,0.8,0.9,0.0,0.65,0.0,0.08,0.03
6,PB_only,-0.013581,0.1,0.25,0.45,0.5,0.7,0.85,0.95,0.0,0.0,0.0,0.06,0.03
6,PB_only,-0.013582,0.05,0.3,0.4,0.5,0.65,0.8,0.9,0.0,0.0,0.0,0.08,0.04
6,PE_only,-0.013585,0.05,0.25,0.45,0.6,0.65,0.75,0.95,0.0,0.0,0.0,0.06,0.05
6,PE_only,-0.013586,0.1,0.2,0.3,0.55,0.7,0.75,0.95,0.0,0.0,0.0,0.06,0.05
8,PE_PB,-0.013586,0.05,0.2,0.45,0.6,0.75,0.85,0.95,0.0,0.6,0.0,0.1,0.03
6,PE_only,-0.013587,0.05,0.3,0.45,0.7,0.7,0.85,0.9,0.0,0.0,0.0,0.06,0.05
8,PE_PB,-0.013589,0.05,0.15,0.4,0.55,0.65,0.75,0.95,0.0,0.5,0.0,0.1,0.04
8,PE_PB,-0.013589,0.15,0.2,0.3,0.6,0.65,0.8,0.9,0.0,0.65,0.0,0.1,0.05
8,PE_PB,-0.01359,0.1,0.15,0.3,0.6,0.65,0.85,0.95,0.0,0.55,0.0,0.08,0.05
8,PB_FED,-0.01359,0.15,0.25,0.4,0.65,0.75,0.8,0.95,1.0,0.0,0.0,0.08,0.03
8,PE_PB_FED,-0.013594,0.1,0.2,0.3,0.65,0.7,0.85,0.9,-0.5,0.6,0.75,0.08,0.05
8,PE_PB,-0.013597,0.1,0.2,0.4,0.6,0.7,0.8,0.95,0.0,0.55,0.0,0.08,0.04
8,PE_PB_FED,-0.013598,0.05,0.25,0.45,0.55,0.75,0.8,0.95,-0.5,0.55,0.7,0.1,0.05
6,PE_PB,-0.013599,0.1,0.25,0.3,0.7,0.75,0.85,0.95,0.0,0.65,0.0,0.12,0.04
6,PB_only,-0.0136,0.05,0.3,0.4,0.5,0.7,0.8,0.85,0.0,0.0,0.0,0.08,0.03
8,PE_PB,-0.0136,0.1,0.3,0.35,0.65,0.7,0.75,0.95,0.0,0.6,0.0,0.1,0.04
6,PB_only,-0.013604,0.2,0.3,0.4,0.5,0.7,0.75,0.85,0.0,0.0,0.0,0.06,0.05
8,PE_only,-0.013606,0.05,0.2,0.3,0.5,0.75,0.8,0.9,0.0,0.0,0.0,0.08,0.04
6,PE_PB,-0.013607,0.1,0.25,0.45,0.7,0.65,0.8,0.95,0.0,0.65,0.0,0.12,0.05
6,PB_only,-0.013607,0.1,0.2,0.45,0.5,0.7,0.85,0.95,0.0,0.0,0.0,0.12,0.04
6,PB_FED,-0.013607,0.15,0.25,0.45,0.5,0.75,0.85,0.95,-0.5,0.0,0.0,0.08,0.04
6,PE_only,-0.01361,0.05,0.25,0.45,0.7,0.65,0.8,0.85,0.0,0.0,0.0,0.12,0.03
8,PB_FED,-0.01361,0.15,0.2,0.45,0.6,0.7,0.8,0.95,1.0,0.0,0.0,0.06,0.03
8,PB_FED,-0.01361,0.15,0.2,0.45,0.6,0.75,0.8,0.95,1.0,0.0,0.0,0.1,0.03
8,PE_FED,-0.013618,0.2,0.3,0.4,0.5,0.65,0.85,0.95,-0.5,0.0,0.0,0.06,0.04
8,PE_PB_FED,-0.013627,0.1,0.2,0.4,0.55,0.7,0.85,0.9,0.0,0.6,0.75,0.08,0.03
6,PE_only,-0.013628,0.15,0.3,0.35,0.65,0.65,0.8,0.9,0.0,0.0,0.0,0.12,0.05
6,PE_only,-0.013629,0.15,0.2,0.45,0.65,0.75,0.85,0.9,0.0,0.0,0.0,0.1,0.05
8,PE_PB_FED,-0.01363,0.1,0.15,0.3,0.7,0.7,0.75,0.85,-0.5,0.5,0.8,0.08,0.05
6,PE_FED,-0.013639,0.15,0.25,0.4,0.65,0.7,0.75,0.9,0.0,0.0,0.0,0.12,0.04
8,PE_only,-0.013639,0.05,0.2,0.35,0.55,0.65,0.85,0.9,0.0,0.0,0.0,0.06,0.05
8,PE_PB,-0.013639,0.1,0.25,0.3,0.7,0.75,0.8,0.85,0.0,0.65,0.0,0.06,0.03
8,PE_PB_FED,-0.01364,0.2,0.25,0.3,0.65,0.65,0.8,0.95,-0.5,0.5,0.75,0.12,0.05
8,PE_PB,-0.013642,0.05,0.25,0.45,0.7,0.65,0.8,0.95,0.0,0.55,0.0,0.08,0.05
8,PE_PB_FED,-0.013642,0.05,0.2,0.4,0.6,0.65,0.85,0.9,0.0,0.55,0.7,0.08,0.04
8,PB_FED,-0.013642,0.05,0.2,0.35,0.65,0.7,0.75,0.85,1.0,0.0,0.0,0.06,0.04
8,PE_PB,-0.013644,0.05,0.25,0.4,0.7,0.75,0.85,0.95,0.0,0.55,0.0,0.1,0.03
8,PE_FED,-0.013645,0.15,0.25,0.45,0.7,0.75,0.85,0.95,0.5,0.0,0.0,0.12,0.05
6,PB_FED,-0.013646,0.2,0.3,0.35,0.5,0.65,0.85,0.9,0.0,0.0,0.0,0.06,0.05
6,PE_PB,-0.013651,0.1,0.25,0.35,0.65,0.75,0.8,0.95,0.0,0.65,0.0,0.06,0.04
8,PE_FED,-0.013655,0.05,0.25,0.35,0.5,0.65,0.8,0.9,-0.5,0.0,0.0,0.12,0.05
6,PE_FED,-0.013656,0.15,0.25,0.3,0.6,0.65,0.85,0.95,0.0,0.0,0.0,0.1,0.05
8,PE_PB_FED,-0.013663,0.05,0.2,0.4,0.7,0.7,0.75,0.85,-0.5,0.55,0.8,0.06,0.05
8,PE_PB,-0.013664,0.15,0.2,0.4,0.5,0.7,0.75,0.95,0.0,0.65,0.0,0.06,0.04
6,PE_only,-0.013667,0.1,0.15,0.35,0.6,0.65,0.75,0.9,0.0,0.0,0.0,0.12,0.05
8,PE_only,-0.013669,0.15,0.2,0.45,0.55,0.7,0.75,0.85,0.0,0.0,0.0,0.12,0.03
8,PE_PB_FED,-0.01367,0.2,0.25,0.3,0.6,0.75,0.85,0.95,0.0,0.5,0.7,0.12,0.04
6,PE_PB,-0.013674,0.05,0.25,0.3,0.7,0.7,0.85,0.95,0.0,0.65,0.0,0.12,0.05
6,PB_only,-0.01368,0.2,0.25,0.45,0.5,0.65,0.8,0.95,0.0,0.0,0.0,0.1,0.03
8,PE_PB_FED,-0.013681,0.2,0.25,0.3,0.55,0.75,0.85,0.95,0.0,0.5,0.75,0.1,0.03
8,PE_FED,-0.013682,0.05,0.25,0.35,0.5,0.7,0.8,0.95,0.5,0.0,0.0,0.06,0.03
6,PE_only,-0.013684,0.05,0.2,0.35,0.55,0.7,0.8,0.95,0.0,0.0,0.0,0.12,0.03
6,PE_FED,-0.013684,0.05,0.15,0.3,0.6,0.65,0.8,0.9,0.0,0.0,0.0,0.1,0.04
6,PB_only,-0.013686,0.15,0.3,0.35,0.5,0.65,0.8,0.95,0.0,0.0,0.0,0.12,0.05
6,PE_only,-0.013688,0.15,0.25,0.45,0.65,0.75,0.85,0.9,0.0,0.0,0.0,0.1,0.04
6,PE_FED,-0.013688,0.1,0.25,0.4,0.7,0.65,0.75,0.85,-0.5,0.0,0.0,0.06,0.05
8,PB_FED,-0.013689,0.2,0.25,0.35,0.6,0.65,0.75,0.95,1.0,0.0,0.0,0.1,0.05
6,PE_FED,-0.01369,0.1,0.15,0.35,0.6,0.75,0.8,0.9,0.0,0.0,0.0,0.12,0.04
6,PE_only,-0.013692,0.1,0.25,0.3,0.6,0.75,0.85,0.95,0.0,0.0,0.0,0.08,0.03
6,PE_only,-0.013697,0.1,0.25,0.3,0.6,0.7,0.85,0.95,0.0,0.0,0.0,0.08,0.04
6,PE_only,-0.013697,0.1,0.25,0.3,0.6,0.7,0.85,0.95,0.0,0.0,0.0,0.1,0.04
6,PE_FED,-0.013699,0.1,0.2,0.45,0.55,0.7,0.75,0.95,-0.5,0.0,0.0,0.1,0.03
6,PE_FED,-0.013699,0.05,0.3,0.45,0.7,0.7,0.8,0.9,-0.5,0.0,0.0,0.1,0.04
6,PB_only,-0.013699,0.2,0.3,0.4,0.5,0.65,0.8,0.85,0.0,0.0,0.0,0.12,0.04
6,PE_PB,-0.0137,0.05,0.2,0.4,0.7,0.65,0.75,0.9,0.0,0.65,0.0,0.12,0.03
8,PE_PB_FED,-0.013702,0.15,0.25,0.45,0.6,0.65,0.75,0.95,0.5,0.65,0.7,0.1,0.05
8,PE_only,-0.013709,0.15,0.2,0.35,0.55,0.65,0.8,0.85,0.0,0.0,0.0,0.1,0.05
8,PE_only,-0.01371,0.1,0.2,0.35,0.55,0.75,0.8,0.85,0.0,0.0,0.0,0.06,0.03
8,PB_FED,-0.013711,0.2,0.25,0.4,0.5,0.65,0.85,0.95,0.5,0.0,0.0,0.06,0.04
6,PB_only,-0.013722,0.2,0.25,0.35,0.5,0.75,0.85,0.95,0.0,0.0,0.0,0.08,0.04
8,PE_only,-0.013723,0.05,0.3,0.4,0.6,0.65,0.8,0.85,0.0,0.0,0.0,0.06,0.03
6,PE_PB,-0.013724,0.15,0.2,0.3,0.7,0.7,0.8,0.9,0.0,0.65,0.0,0.06,0.03
6,PE_PB,-0.013725,0.1,0.15,0.3,0.7,0.7,0.75,0.95,0.0,0.55,0.0,0.08,0.03
8,PE_only,-0.013725,0.05,0.2,0.45,0.55,0.7,0.75,0.85,0.0,0.0,0.0,0.06,0.05
8,PE_only,-0.013731,0.05,0.25,0.4,0.5,0.7,0.85,0.95,0.0,0.0,0.0,0.06,0.04
6,PB_only,-0.013735,0.2,0.3,0.4,0.5,0.65,0.75,0.95,0.0,0.0,0.0,0.1,0.04
6,PE_only,-0.013736,0.1,0.25,0.35,0.65,0.7,0.75,0.85,0.0,0.0,0.0,0.08,0.04
8,PE_PB,-0.013737,0.05,0.15,0.3,0.55,0.7,0.8,0.95,0.0,0.5,0.0,0.08,0.04
8,PE_PB_FED,-0.013737,0.1,0.25,0.45,0.65,0.65,0.8,0.85,-0.5,0.65,0.7,0.1,0.05
8,PB_FED,-0.013738,0.15,0.2,0.4,0.5,0.7,0.75,0.95,1.0,0.0,0.0,0.1,0.04
6,PE_FED,-0.013742,0.15,0.3,0.35,0.65,0.7,0.75,0.9,-0.5,0.0,0.0,0.12,0.04
6,PE_FED,-0.013742,0.1,0.2,0.4,0.7,0.65,0.75,0.85,0.0,0.0,0.0,0.08,0.05
6,PE_FED,-0.013743,0.1,0.15,0.4,0.6,0.75,0.8,0.9,-0.5,0.0,0.0,0.06,0.03
6,PE_only,-0.013748,0.05,0.25,0.3,0.6,0.65,0.85,0.95,0.0,0.0,0.0,0.12,0.04
8,PE_PB_FED,-0.013748,0.05,0.15,0.3,0.5,0.65,0.75,0.9,0.5,0.65,0.75,0.1,0.03
8,PE_PB,-0.01375,0.05,0.3,0.4,0.65,0.65,0.75,0.9,0.0,0.65,0.0,0.12,0.03
8,PE_FED,-0.01375,0.1,0.3,0.45,0.7,0.65,0.8,0.95,0.5,0.0,0.0,0.06,0.05
8,PE_PB_FED,-0.013752,0.1,0.3,0.35,0.65,0.65,0.85,0.95,0.0,0.5,0.75,0.08,0.05
6,PE_PB,-0.013754,0.05,0.2,0.3,0.7,0.7,0.8,0.9,0.0,0.65,0.0,0.12,0.03
6,PE_FED,-0.013754,0.05,0.25,0.3,0.7,0.7,0.8,0.9,0.0,0.0,0.0,0.06,0.03
8,PE_FED,-0.013754,0.05,0.2,0.45,0.6,0.7,0.85,0.95,0.5,0.0,0.0,0.12,0.04
6,PE_only,-0.013755,0.15,0.2,0.4,0.55,0.75,0.8,0.95,0.0,0.0,0.0,0.06,0.03
8,PE_PB_FED,-0.013756,0.1,0.25,0.35,0.5,0.7,0.75,0.9,0.0,0.55,0.75,0.06,0.03
8,PE_PB_FED,-0.013756,0.15,0.25,0.3,0.7,0.65,0.8,0.95,0.5,0.55,0.75,0.12,0.03
6,PE_only,-0.013757,0.05,0.2,0.45,0.65,0.65,0.75,0.85,0.0,0.0,0.0,0.12,0.03
8,PE_PB,-0.013758,0.1,0.2,0.45,0.7,0.65,0.85,0.9,0.0,0.65,0.0,0.06,0.05
6,PB_only,-0.01376,0.05,0.25,0.4,0.5,0.75,0.85,0.95,0.0,0.0,0.0,0.1,0.04
8,PB_FED,-0.013762,0.2,0.3,0.45,0.55,0.65,0.85,0.9,0.5,0.0,0.0,0.12,0.04
8,PE_PB,-0.013763,0.1,0.2,0.3,0.6,0.7,0.75,0.95,0.0,0.5,0.0,0.1,0.03
8,PB_FED,-0.013768,0.1,0.15,0.35,0.6,0.65,0.75,0.85,1.0,0.0,0.0,0.1,0.05
8,PE_FED,-0.013771,0.1,0.2,0.35,0.55,0.7,0.75,0.9,0.5,0.0,0.0,0.1,0.05
8,PB_FED,-0.013771,0.1,0.3,0.4,0.7,0.65,0.75,0.9,1.0,0.0,0.0,0.08,0.03
8,PB_FED,-0.013771,0.1,0.3,0.4,0.7,0.65,0.75,0.9,1.0,0.0,0.0,0.1,0.03
8,PE_only,-0.013772,0.2,0.3,0.35,0.55,0.65,0.75,0.9,0.0,0.0,0.0,0.06,0.03
6,PE_only,-0.013773,0.05,0.15,0.4,0.6,0.7,0.75,0.9,0.0,0.0,0.0,0.08,0.05
8,PE_FED,-0.013775,0.1,0.15,0.3,0.7,0.65,0.85,0.9,0.5,0.0,0.0,0.08,0.03
8,PE_only,-0.013776,0.15,0.3,0.35,0.5,0.65,0.8,0.95,0.0,0.0,0.0,0.08,0.05
8,PE_PB_FED,-0.013776,0.1,0.25,0.35,0.65,0.7,0.85,0.95,-0.5,0.5,0.75,0.12,0.03
8,PE_only,-0.013777,0.15,0.25,0.35,0.55,0.65,0.75,0.85,0.0,0.0,0.0,0.06,0.03
8,PE_FED,-0.013777,0.05,0.2,0.35,0.65,0.7,0.8,0.9,0.5,0.0,0.0,0.1,0.04
6,PB_only,-0.013781,0.05,0.2,0.45,0.5,0.7,0.85,0.95,0.0,0.0,0.0,0.08,0.04
8,PE_PB,-0.013783,0.05,0.25,0.4,0.7,0.7,0.8,0.85,0.0,0.65,0.0,0.1,0.03
8,PE_PB_FED,-0.013783,0.1,0.2,0.4,0.55,0.65,0.75,0.85,-0.5,0.65,0.7,0.08,0.03
8,PE_only,-0.013787,0.2,0.3,0.45,0.55,0.7,0.85,0.95,0.0,0.0,0.0,0.12,0.05
8,PE_only,-0.013795,0.1,0.2,0.35,0.5,0.7,0.75,0.9,0.0,0.0,0.0,0.1,0.05
8,PE_only,-0.013795,0.1,0.2,0.45,0.55,0.65,0.85,0.9,0.0,0.0,0.0,0.12,0.04
6,PE_only,-0.013797,0.1,0.2,0.3,0.55,0.65,0.8,0.95,0.0,0.0,0.0,0.1,0.04
8,PE_PB_FED,-0.013797,0.1,0.25,0.4,0.7,0.7,0.85,0.9,0.0,0.55,0.75,0.08,0.05
6,PE_FED,-0.013798,0.1,0.3,0.4,0.7,0.7,0.85,0.9,-0.5,0.0,0.0,0.08,0.04
8,PE_PB_FED,-0.013798,0.05,0.2,0.3,0.5,0.7,0.75,0.9,-0.5,0.65,0.75,0.08,0.05
6,PE_only,-0.0138,0.1,0.3,0.45,0.65,0.7,0.75,0.9,0.0,0.0,0.0,0.1,0.05
8,PE_FED,-0.013802,0.05,0.15,0.45,0.5,0.7,0.8,0.85,-0.5,0.0,0.0,0.08,0.05
8,PE_PB_FED,-0.013802,0.05,0.2,0.4,0.65,0.65,0.8,0.9,-0.5,0.55,0.75,0.1,0.05
8,PE_PB,-0.013805,0.1,0.2,0.45,0.6,0.75,0.8,0.9,0.0,0.65,0.0,0.06,0.04
6,PE_PB,-0.013808,0.1,0.2,0.35,0.65,0.75,0.85,0.95,0.0,0.65,0.0,0.06,0.04
6,PE_only,-0.013809,0.1,0.15,0.4,0.6,0.75,0.8,0.9,0.0,0.0,0.0,0.08,0.03
6,PB_only,-0.013812,0.05,0.25,0.45,0.5,0.7,0.85,0.95,0.0,0.0,0.0,0.06,0.03
8,PE_PB_FED,-0.013814,0.1,0.2,0.4,0.55,0.7,0.8,0.85,0.0,0.6,0.75,0.06,0.04
8,PE_PB_FED,-0.013818,0.05,0.2,0.3,0.7,0.7,0.8,0.85,0.0,0.5,0.7,0.12,0.05
8,PE_only,-0.01382,0.05,0.3,0.35,0.5,0.7,0.8,0.95,0.0,0.0,0.0,0.08,0.04
6,PE_only,-0.013821,0.15,0.25,0.35,0.65,0.75,0.85,0.9,0.0,0.0,0.0,0.08,0.05
8,PE_FED,-0.013821,0.1,0.25,0.3,0.6,0.7,0.85,0.95,0.5,0.0,0.0,0.08,0.05
8,PE_PB,-0.013824,0.15,0.3,0.35,0.6,0.75,0.8,0.95,0.0,0.6,0.0,0.06,0.03
8,PE_only,-0.013827,0.05,0.2,0.35,0.5,0.75,0.8,0.9,0.0,0.0,0.0,0.06,0.03
8,PE_only,-0.013827,0.05,0.2,0.35,0.5,0.75,0.8,0.9,0.0,0.0,0.0,0.1,0.03
6,PE_only,-0.013829,0.05,0.3,0.35,0.7,0.65,0.8,0.85,0.0,0.0,0.0,0.12,0.04
8,PB_FED,-0.013829,0.05,0.2,0.3,0.7,0.7,0.85,0.95,1.0,0.0,0.0,0.12,0.03
6,PB_FED,-0.013831,0.1,0.15,0.3,0.6,0.7,0.75,0.9,0.5,0.0,0.0,0.1,0.03
6,PE_only,-0.013832,0.05,0.3,0.4,0.7,0.65,0.75,0.85,0.0,0.0,0.0,0.06,0.05
8,PE_FED,-0.013832,0.15,0.3,0.4,0.55,0.65,0.75,0.95,0.5,0.0,0.0,0.1,0.05
8,PE_PB_FED,-0.013833,0.05,0.15,0.4,0.55,0.7,0.85,0.95,0.5,0.6,0.75,0.08,0.03
8,PE_only,-0.013837,0.15,0.3,0.4,0.6,0.7,0.85,0.9,0.0,0.0,0.0,0.06,0.05
8,PE_PB_FED,-0.013839,0.05,0.3,0.45,0.6,0.65,0.75,0.95,-0.5,0.55,0.7,0.08,0.05
6,PE_only,-0.013842,0.15,0.3,0.35,0.6,0.65,0.8,0.95,0.0,0.0,0.0,0.12,0.04
6,PE_only,-0.013843,0.1,0.25,0.35,0.65,0.65,0.85,0.9,0.0,0.0,0.0,0.12,0.05
8,PE_FED,-0.013845,0.15,0.3,0.35,0.7,0.75,0.85,0.95,0.5,0.0,0.0,0.12,0.03
8,PE_FED,-0.013845,0.15,0.2,0.45,0.55,0.75,0.85,0.95,0.5,0.0,0.0,0.08,0.04
8,PB_FED,-0.013846,0.1,0.2,0.45,0.6,0.7,0.8,0.95,1.0,0.0,0.0,0.1,0.03
8,PE_PB,-0.013849,0.05,0.25,0.45,0.7,0.7,0.75,0.95,0.0,0.5,0.0,0.08,0.03
6,PE_only,-0.013851,0.05,0.3,0.35,0.6,0.75,0.8,0.95,0.0,0.0,0.0,0.08,0.03
8,PE_only,-0.013856,0.15,0.25,0.4,0.5,0.7,0.85,0.95,0.0,0.0,0.0,0.1,0.05
8,PE_PB_FED,-0.013857,0.05,0.15,0.45,0.5,0.65,0.75,0.85,0.0,0.6,0.8,0.08,0.04
8,PE_only,-0.013859,0.05,0.25,0.3,0.55,0.7,0.75,0.85,0.0,0.0,0.0,0.08,0.05
6,PE_only,-0.01386,0.05,0.15,0.3,0.5,0.65,0.8,0.95,0.0,0.0,0.0,0.08,0.03
8,PE_only,-0.013862,0.1,0.3,0.35,0.6,0.7,0.8,0.85,0.0,0.0,0.0,0.1,0.03
6,PE_only,-0.013863,0.1,0.3,0.35,0.7,0.65,0.8,0.85,0.0,0.0,0.0,0.08,0.05
6,PE_PB,-0.013866,0.15,0.2,0.3,0.7,0.65,0.8,0.9,0.0,0.65,0.0,0.08,0.03
6,PE_only,-0.013869,0.05,0.15,0.45,0.55,0.65,0.8,0.95,0.0,0.0,0.0,0.08,0.05
6,PE_FED,-0.01387,0.2,0.3,0.35,0.6,0.7,0.75,0.95,-0.5,0.0,0.0,0.1,0.03
8,PB_FED,-0.013877,0.15,0.2,0.4,0.7,0.75,0.85,0.95,1.0,0.0,0.0,0.08,0.03
8,PE_only,-0.013878,0.1,0.3,0.45,0.55,0.65,0.75,0.9,0.0,0.0,0.0,0.12,0.03
6,PE_PB,-0.013881,0.1,0.25,0.35,0.7,0.75,0.85,0.95,0.0,0.65,0.0,0.08,0.05
6,PB_only,-0.013881,0.2,0.25,0.4,0.5,0.65,0.85,0.9,0.0,0.0,0.0,0.08,0.05
8,PE_PB,-0.013889,0.05,0.3,0.35,0.7,0.7,0.85,0.95,0.0,0.6,0.0,0.08,0.04
8,PE_PB_FED,-0.013891,0.05,0.25,0.45,0.5,0.75,0.8,0.95,-0.5,0.6,0.7,0.1,0.03
6,PE_FED,-0.013895,0.05,0.25,0.3,0.65,0.7,0.75,0.9,0.0,0.0,0.0,0.12,0.03
6,PE_FED,-0.013896,0.2,0.3,0.35,0.65,0.75,0.85,0.95,0.0,0.0,0.0,0.08,0.03
8,PE_only,-0.013897,0.1,0.3,0.45,0.6,0.65,0.75,0.85,0.0,0.0,0.0,0.06,0.05
8,PE_only,-0.013897,0.1,0.3,0.45,0.6,0.7,0.75,0.85,0.0,0.0,0.0,0.08,0.05
6,PB_only,-0.013903,0.1,0.3,0.45,0.5,0.65,0.8,0.85,0.0,0.0,0.0,0.06,0.04
8,PE_PB,-0.013904,0.15,0.2,0.4,0.6,0.65,0.8,0.9,0.0,0.65,0.0,0.1,0.05
8,PE_PB,-0.013904,0.15,0.2,0.4,0.6,0.65,0.8,0.9,0.0,0.65,0.0,0.08,0.05
6,PE_FED,-0.013908,0.05,0.25,0.4,0.7,0.65,0.75,0.85,-0.5,0.0,0.0,0.12,0.05
6,PE_FED,-0.013909,0.1,0.25,0.45,0.65,0.75,0.8,0.9,-0.5,0.0,0.0,0.08,0.04
6,PB_only,-0.01391,0.2,0.3,0.45,0.5,0.7,0.75,0.95,0.0,0.0,0.0,0.1,0.05
8,PE_PB_FED,-0.013913,0.05,0.3,0.45,0.6,0.65,0.75,0.9,0.0,0.55,0.7,0.12,0.04
8,PE_PB_FED,-0.013916,0.1,0.2,0.3,0.7,0.65,0.75,0.9,0.5,0.65,0.75,0.12,0.05
8,PE_only,-0.013917,0.15,0.3,0.45,0.6,0.65,0.8,0.85,0.0,0.0,0.0,0.06,0.04
6,PE_FED,-0.013918,0.05,0.25,0.4,0.7,0.65,0.85,0.9,-0.5,0.0,0.0,0.08,0.03
6,PE_PB_FED,-0.013922,0.05,0.2,0.45,0.7,0.65,0.8,0.95,0.0,0.65,0.8,0.1,0.05
6,PE_only,-0.013923,0.15,0.25,0.4,0.6,0.7,0.85,0.95,0.0,0.0,0.0,0.06,0.03
6,PE_only,-0.013927,0.1,0.2,0.35,0.6,0.65,0.75,0.9,0.0,0.0,0.0,0.08,0.04
6,PE_FED,-0.013928,0.05,0.25,0.4,0.7,0.7,0.8,0.85,-0.5,0.0,0.0,0.12,0.04
8,PE_only,-0.013928,0.15,0.2,0.35,0.5,0.7,0.8,0.9,0.0,0.0,0.0,0.12,0.03
8,PE_FED,-0.013929,0.05,0.2,0.4,0.6,0.7,0.75,0.9,0.5,0.0,0.0,0.1,0.05
6,PE_PB_FED,-0.01393,0.15,0.25,0.4,0.7,0.75,0.8,0.95,-0.5,0.65,0.8,0.06,0.04
8,PE_PB_FED,-0.013932,0.05,0.2,0.3,0.7,0.75,0.8,0.9,0.5,0.65,0.75,0.06,0.03
8,PE_PB,-0.013936,0.1,0.3,0.4,0.7,0.65,0.75,0.95,0.0,0.55,0.0,0.1,0.03
6,PE_only,-0.013937,0.05,0.15,0.3,0.5,0.7,0.75,0.95,0.0,0.0,0.0,0.06,0.05
6,PB_only,-0.013939,0.1,0.3,0.45,0.5,0.75,0.8,0.85,0.0,0.0,0.0,0.06,0.04
6,PE_only,-0.01394,0.1,0.2,0.45,0.6,0.75,0.85,0.95,0.0,0.0,0.0,0.06,0.05
6,PE_only,-0.01394,0.15,0.25,0.3,0.65,0.75,0.8,0.85,0.0,0.0,0.0,0.06,0.05
6,PE_only,-0.01394,0.05,0.2,0.35,0.6,0.65,0.75,0.9,0.0,0.0,0.0,0.08,0.04
6,PE_only,-0.013942,0.15,0.2,0.45,0.65,0.65,0.8,0.85,0.0,0.0,0.0,0.1,0.05
8,PE_only,-0.013942,0.15,0.3,0.4,0.5,0.65,0.8,0.95,0.0,0.0,0.0,0.1,0.05
8,PE_PB_FED,-0.013945,0.1,0.3,0.35,0.6,0.7,0.8,0.85,0.0,0.65,0.7,0.08,0.03
6,PE_FED,-0.013946,0.15,0.3,0.4,0.7,0.7,0.75,0.9,0.0,0.0,0.0,0.1,0.04
8,PE_only,-0.013949,0.1,0.3,0.35,0.6,0.75,0.85,0.9,0.0,0.0,0.0,0.1,0.05
6,PB_only,-0.01395,0.15,0.25,0.45,0.5,0.65,0.85,0.9,0.0,0.0,0.0,0.06,0.05
6,PE_FED,-0.013953,0.15,0.2,0.4,0.7,0.75,0.85,0.9,0.0,0.0,0.0,0.1,0.05
8,PE_only,-0.013954,0.15,0.3,0.4,0.55,0.65,0.8,0.9,0.0,0.0,0.0,0.12,0.04
8,PE_FED,-0.013954,0.15,0.25,0.35,0.7,0.65,0.8,0.9,0.5,0.0,0.0,0.12,0.03
8,PE_PB,-0.013961,0.05,0.3,0.45,0.7,0.65,0.8,0.9,0.0,0.65,0.0,0.06,0.04
6,PE_only,-0.013967,0.1,0.3,0.45,0.7,0.65,0.85,0.9,0.0,0.0,0.0,0.12,0.03
6,PE_PB_FED,-0.013969,0.15,0.2,0.3,0.6,0.65,0.8,0.95,0.0,0.65,0.75,0.12,0.05
8,PE_PB,-0.013969,0.1,0.25,0.35,0.65,0.7,0.85,0.95,0.0,0.6,0.0,0.12,0.05
8,PB_FED,-0.013969,0.05,0.15,0.3,0.65,0.7,0.85,0.95,1.0,0.0,0.0,0.06,0.04
6,PE_FED,-0.013971,0.15,0.2,0.35,0.5,0.65,0.8,0.95,0.0,0.0,0.0,0.12,0.03
6,PE_only,-0.013975,0.2,0.25,0.45,0.65,0.7,0.8,0.9,0.0,0.0,0.0,0.06,0.05
8,PE_only,-0.013976,0.1,0.2,0.45,0.5,0.65,0.75,0.9,0.0,0.0,0.0,0.1,0.03
6,PE_PB_FED,-0.013978,0.1,0.25,0.35,0.7,0.7,0.75,0.95,0.0,0.65,0.8,0.06,0.03
8,PE_PB_FED,-0.013985,0.15,0.25,0.4,0.5,0.65,0.85,0.95,0.0,0.55,0.75,0.08,0.04
8,PE_PB_FED,-0.013986,0.05,0.25,0.3,0.6,0.7,0.8,0.85,-0.5,0.65,0.8,0.06,0.03
6,PB_only,-0.013988,0.15,0.25,0.45,0.5,0.7,0.85,0.9,0.0,0.0,0.0,0.1,0.05
6,PE_FED,-0.013991,0.1,0.3,0.4,0.6,0.7,0.75,0.95,-0.5,0.0,0.0,0.08,0.05
8,PE_only,-0.013991,0.2,0.3,0.45,0.6,0.65,0.75,0.85,0.0,0.0,0.0,0.08,0.04
8,PE_PB,-0.013993,0.1,0.3,0.4,0.65,0.7,0.8,0.95,0.0,0.6,0.0,0.1,0.04
6,PE_only,-0.013994,0.05,0.2,0.4,0.55,0.7,0.75,0.95,0.0,0.0,0.0,0.06,0.05
8,PE_PB,-0.013995,0.1,0.25,0.35,0.7,0.65,0.85,0.95,0.0,0.55,0.0,0.1,0.03
8,PE_PB,-0.014,0.05,0.15,0.35,0.55,0.7,0.8,0.95,0.0,0.5,0.0,0.1,0.04
8,PE_only,-0.014003,0.1,0.3,0.35,0.5,0.65,0.8,0.95,0.0,0.0,0.0,0.12,0.05
6,PE_only,-0.014004,0.05,0.25,0.4,0.65,0.7,0.85,0.9,0.0,0.0,0.0,0.1,0.05
6,PE_only,-0.014006,0.1,0.2,0.4,0.55,0.65,0.75,0.95,0.0,0.0,0.0,0.06,0.05
6,PE_FED,-0.014008,0.05,0.25,0.35,0.7,0.7,0.8,0.9,0.0,0.0,0.0,0.1,0.03
6,PE_FED,-0.014009,0.1,0.3,0.35,0.6,0.75,0.8,0.95,0.0,0.0,0.0,0.08,0.04
6,PE_only,-0.01401,0.1,0.3,0.35,0.6,0.65,0.8,0.95,0.0,0.0,0.0,0.06,0.04
6,PE_PB_FED,-0.014012,0.05,0.15,0.4,0.7,0.65,0.85,0.95,0.0,0.65,0.75,0.06,0.04
6,PE_FED,-0.014014,0.1,0.2,0.35,0.6,0.75,0.8,0.9,0.0,0.0,0.0,0.06,0.04
8,PE_PB,-0.014014,0.05,0.2,0.35,0.7,0.7,0.75,0.85,0.0,0.6,0.0,0.08,0.03
8,PE_PB_FED,-0.014014,0.05,0.15,0.35,0.5,0.7,0.85,0.95,0.5,0.65,0.8,0.06,0.03
6,PE_PB_FED,-0.014021,0.05,0.15,0.35,0.55,0.65,0.75,0.95,0.0,0.65,0.75,0.08,0.03
6,PE_FED,-0.014023,0.15,0.2,0.3,0.6,0.7,0.8,0.9,-0.5,0.0,0.0,0.08,0.04
6,PB_only,-0.014025,0.05,0.3,0.35,0.5,0.7,0.8,0.95,0.0,0.0,0.0,0.06,0.05
8,PE_only,-0.014025,0.05,0.15,0.3,0.5,0.7,0.85,0.9,0.0,0.0,0.0,0.08,0.04
8,PE_PB,-0.01403,0.1,0.15,0.4,0.5,0.7,0.8,0.95,0.0,0.6,0.0,0.06,0.04
8,PE_PB,-0.014036,0.05,0.15,0.3,0.55,0.65,0.75,0.85,0.0,0.65,0.0,0.06,0.03
8,PE_FED,-0.014036,0.15,0.25,0.4,0.6,0.65,0.75,0.9,0.5,0.0,0.0,0.06,0.04
6,PE_FED,-0.014037,0.1,0.25,0.4,0.6,0.65,0.85,0.95,0.0,0.0,0.0,0.12,0.03
8,PE_only,-0.014039,0.15,0.2,0.35,0.5,0.75,0.8,0.9,0.0,0.0,0.0,0.12,0.04
8,PE_FED,-0.014039,0.2,0.3,0.35,0.55,0.65,0.85,0.9,-0.5,0.0,0.0,0.12,0.04
8,PE_PB_FED,-0.014041,0.15,0.2,0.3,0.65,0.75,0.8,0.95,0.5,0.55,0.7,0.08,0.04
6,PE_FED,-0.014042,0.1,0.15,0.3,0.5,0.65,0.8,0.95,-0.5,0.0,0.0,0.1,0.03
8,PE_only,-0.014043,0.1,0.3,0.4,0.6,0.75,0.8,0.85,0.0,0.0,0.0,0.12,0.05
8,PE_PB,-0.014044,0.2,0.25,0.3,0.65,0.7,0.8,0.95,0.0,0.55,0.0,0.1,0.03
8,PE_PB,-0.014046,0.15,0.2,0.35,0.55,0.7,0.75,0.95,0.0,0.55,0.0,0.12,0.05
8,PE_only,-0.014048,0.05,0.25,0.45,0.55,0.75,0.8,0.9,0.0,0.0,0.0,0.08,0.05
8,PE_PB,-0.014059,0.1,0.15,0.3,0.6,0.65,0.85,0.9,0.0,0.65,0.0,0.08,0.05
6,PE_only,-0.014062,0.1,0.25,0.4,0.6,0.7,0.85,0.95,0.0,0.0,0.0,0.1,0.03
6,PE_FED,-0.014062,0.1,0.2,0.3,0.6,0.7,0.8,0.9,-0.5,0.0,0.0,0.06,0.04
6,PE_PB,-0.014064,0.2,0.25,0.45,0.7,0.75,0.8,0.95,0.0,0.65,0.0,0.12,0.04
6,PB_only,-0.014064,0.15,0.3,0.45,0.5,0.7,0.8,0.95,0.0,0.0,0.0,0.1,0.03
6,PE_FED,-0.014065,0.1,0.2,0.3,0.65,0.7,0.8,0.85,-0.5,0.0,0.0,0.06,0.04
8,PE_PB_FED,-0.014065,0.15,0.2,0.3,0.55,0.7,0.75,0.95,0.5,0.55,0.7,0.1,0.05
8,PE_FED,-0.014066,0.05,0.2,0.35,0.5,0.75,0.8,0.85,-0.5,0.0,0.0,0.12,0.04
8,PE_PB,-0.01407,0.1,0.2,0.45,0.55,0.7,0.75,0.95,0.0,0.55,0.0,0.12,0.03
6,PE_only,-0.014073,0.1,0.3,0.4,0.6,0.65,0.75,0.95,0.0,0.0,0.0,0.06,0.05
8,PE_PB,-0.014075,0.1,0.25,0.4,0.65,0.7,0.85,0.95,0.0,0.6,0.0,0.12,0.05
6,PE_FED,-0.014078,0.05,0.25,0.45,0.6,0.75,0.8,0.95,0.0,0.0,0.0,0.06,0.05
6,PE_PB,-0.014079,0.2,0.3,0.35,0.7,0.75,0.8,0.95,0.0,0.65,0.0,0.08,0.03
6,PB_FED,-0.01408,0.1,0.15,0.3,0.65,0.65,0.75,0.85,0.5,0.0,0.0,0.06,0.04
8,PE_PB,-0.01408,0.2,0.3,0.4,0.7,0.7,0.75,0.9,0.0,0.65,0.0,0.12,0.05
6,PE_only,-0.014084,0.15,0.3,0.45,0.6,0.7,0.75,0.95,0.0,0.0,0.0,0.1,0.03
8,PE_PB,-0.014085,0.05,0.15,0.4,0.55,0.75,0.85,0.95,0.0,0.55,0.0,0.08,0.03
8,PE_PB_FED,-0.014085,0.2,0.25,0.45,0.7,0.75,0.8,0.85,0.0,0.6,0.7,0.08,0.05
6,PE_only,-0.014086,0.15,0.2,0.45,0.65,0.75,0.8,0.85,0.0,0.0,0.0,0.1,0.03
8,PE_PB,-0.014088,0.15,0.2,0.4,0.65,0.65,0.75,0.95,0.0,0.5,0.0,0.08,0.04
8,PE_only,-0.014089,0.2,0.3,0.35,0.6,0.7,0.85,0.9,0.0,0.0,0.0,0.1,0.03
6,PE_only,-0.014091,0.05,0.15,0.4,0.5,0.65,0.75,0.95,0.0,0.0,0.0,0.06,0.03
6,PE_only,-0.014091,0.05,0.25,0.3,0.65,0.7,0.8,0.85,0.0,0.0,0.0,0.1,0.04
6,PE_only,-0.014092,0.05,0.25,0.35,0.6,0.7,0.85,0.95,0.0,0.0,0.0,0.12,0.05
8,PE_only,-0.014093,0.2,0.3,0.35,0.5,0.7,0.8,0.95,0.0,0.0,0.0,0.1,0.03
6,PE_only,-0.014094,0.1,0.25,0.4,0.65,0.75,0.85,0.9,0.0,0.0,0.0,0.12,0.05
8,PE_PB,-0.014099,0.05,0.2,0.3,0.6,0.7,0.8,0.9,0.0,0.6,0.0,0.08,0.03
6,PE_only,-0.0141,0.05,0.25,0.3,0.65,0.75,0.8,0.85,0.0,0.0,0.0,0.1,0.04
6,PE_PB_FED,-0.014101,0.1,0.15,0.4,0.65,0.65,0.85,0.95,0.0,0.65,0.8,0.08,0.03
8,PB_FED,-0.014102,0.1,0.25,0.35,0.65,0.7,0.75,0.85,1.0,0.0,0.0,0.12,0.04
8,PE_only,-0.014104,0.15,0.2,0.45,0.55,0.7,0.85,0.9,0.0,0.0,0.0,0.12,0.03
6,PE_PB_FED,-0.014107,0.15,0.2,0.4,0.65,0.7,0.8,0.95,0.0,0.6,0.75,0.12,0.03
6,PB_only,-0.014107,0.05,0.3,0.35,0.5,0.7,0.85,0.9,0.0,0.0,0.0,0.1,0.04
6,PE_only,-0.014108,0.2,0.3,0.35,0.6,0.7,0.75,0.95,0.0,0.0,0.0,0.12,0.03
6,PE_PB_FED,-0.01411,0.05,0.15,0.4,0.7,0.7,0.75,0.9,-0.5,0.65,0.7,0.08,0.04
8,PE_PB,-0.014111,0.05,0.15,0.45,0.6,0.65,0.85,0.95,0.0,0.55,0.0,0.06,0.04
6,PE_only,-0.014115,0.1,0.3,0.35,0.6,0.75,0.8,0.95,0.0,0.0,0.0,0.06,0.05
8,PE_PB_FED,-0.014115,0.2,0.25,0.4,0.5,0.7,0.8,0.95,-0.5,0.65,0.75,0.08,0.05
6,PE_only,-0.014117,0.05,0.3,0.45,0.7,0.65,0.85,0.9,0.0,0.0,0.0,0.12,0.05
6,PE_only,-0.01412,0.15,0.25,0.35,0.65,0.7,0.8,0.85,0.0,0.0,0.0,0.12,0.05
6,PE_PB_FED,-0.01412,0.1,0.2,0.4,0.65,0.7,0.75,0.95,0.0,0.6,0.8,0.06,0.04
6,PB_only,-0.01412,0.1,0.3,0.35,0.5,0.65,0.8,0.95,0.0,0.0,0.0,0.08,0.04
8,PE_PB,-0.014123,0.05,0.15,0.45,0.55,0.65,0.75,0.9,0.0,0.6,0.0,0.12,0.03
6,PB_FED,-0.014124,0.05,0.25,0.45,0.5,0.7,0.85,0.9,-0.5,0.0,0.0,0.1,0.05
8,PE_PB,-0.014128,0.15,0.25,0.35,0.7,0.65,0.8,0.85,0.0,0.65,0.0,0.12,0.05
6,PE_only,-0.014132,0.1,0.3,0.4,0.6,0.75,0.8,0.95,0.0,0.0,0.0,0.06,0.04
8,PE_PB_FED,-0.014132,0.1,0.2,0.35,0.65,0.65,0.8,0.9,-0.5,0.5,0.8,0.08,0.03
8,PE_PB,-0.014137,0.05,0.15,0.3,0.6,0.7,0.75,0.85,0.0,0.6,0.0,0.06,0.04
6,PE_only,-0.014138,0.15,0.2,0.4,0.55,0.7,0.8,0.95,0.0,0.0,0.0,0.1,0.04
8,PE_PB,-0.014141,0.05,0.2,0.4,0.7,0.7,0.75,0.85,0.0,0.6,0.0,0.1,0.03
8,PE_PB,-0.014141,0.2,0.25,0.3,0.6,0.65,0.75,0.9,0.0,0.65,0.0,0.08,0.04
8,PE_PB,-0.014142,0.05,0.15,0.35,0.55,0.75,0.8,0.95,0.0,0.5,0.0,0.12,0.05
8,PE_only,-0.014146,0.2,0.3,0.35,0.6,0.65,0.8,0.85,0.0,0.0,0.0,0.1,0.03
8,PE_only,-0.014146,0.2,0.25,0.3,0.5,0.7,0.85,0.95,0.0,0.0,0.0,0.12,0.03
8,PE_only,-0.014146,0.2,0.25,0.3,0.5,0.75,0.85,0.95,0.0,0.0,0.0,0.1,0.03
8,PB_FED,-0.014147,0.15,0.25,0.45,0.55,0.65,0.75,0.9,1.0,0.0,0.0,0.06,0.03
8,PE_only,-0.014149,0.05,0.2,0.4,0.5,0.7,0.8,0.9,0.0,0.0,0.0,0.1,0.04
8,PE_only,-0.014149,0.2,0.3,0.35,0.5,0.7,0.75,0.95,0.0,0.0,0.0,0.12,0.04
8,PE_only,-0.014154,0.05,0.3,0.4,0.5,0.75,0.8,0.95,0.0,0.0,0.0,0.1,0.05
8,PE_PB,-0.014156,0.15,0.3,0.35,0.6,0.65,0.85,0.95,0.0,0.65,0.0,0.12,0.04
6,PE_FED,-0.01416,0.15,0.2,0.3,0.5,0.75,0.8,0.95,0.0,0.0,0.0,0.06,0.05
6,PE_only,-0.014162,0.1,0.15,0.3,0.6,0.7,0.8,0.9,0.0,0.0,0.0,0.1,0.05
6,PE_FED,-0.014162,0.05,0.3,0.35,0.6,0.7,0.8,0.95,0.0,0.0,0.0,0.12,0.03
8,PE_PB,-0.014162,0.2,0.25,0.35,0.7,0.7,0.75,0.85,0.0,0.65,0.0,0.06,0.03
6,PE_FED,-0.014166,0.15,0.2,0.35,0.65,0.7,0.8,0.85,-0.5,0.0,0.0,0.12,0.05
8,PE_PB,-0.014168,0.1,0.25,0.3,0.6,0.7,0.75,0.95,0.0,0.55,0.0,0.1,0.04
8,PE_PB,-0.014172,0.05,0.25,0.45,0.7,0.7,0.85,0.95,0.0,0.55,0.0,0.12,0.03
8,PE_FED,-0.014173,0.15,0.2,0.45,0.6,0.65,0.75,0.9,0.5,0.0,0.0,0.08,0.05
8,PB_FED,-0.014177,0.1,0.2,0.4,0.7,0.7,0.8,0.9,1.0,0.0,0.0,0.08,0.04
6,PE_only,-0.014178,0.2,0.25,0.3,0.65,0.65,0.85,0.9,0.0,0.0,0.0,0.06,0.03
8,PE_PB_FED,-0.01418,0.15,0.3,0.45,0.5,0.75,0.85,0.95,0.0,0.65,0.7,0.1,0.05
8,PB_FED,-0.014183,0.05,0.25,0.3,0.7,0.65,0.8,0.9,1.0,0.0,0.0,0.08,0.03
8,PB_FED,-0.014188,0.05,0.3,0.45,0.5,0.7,0.85,0.95,0.5,0.0,0.0,0.1,0.03
8,PE_only,-0.01419,0.05,0.3,0.4,0.55,0.7,0.8,0.9,0.0,0.0,0.0,0.12,0.04
8,PE_PB_FED,-0.014196,0.1,0.25,0.45,0.6,0.7,0.75,0.9,0.0,0.5,0.7,0.06,0.05
8,PE_PB_FED,-0.0142,0.1,0.25,0.45,0.55,0.65,0.8,0.85,0.0,0.65,0.8,0.1,0.03
6,PE_FED,-0.014203,0.05,0.2,0.4,0.55,0.65,0.85,0.95,0.0,0.0,0.0,0.1,0.04
8,PE_FED,-0.014203,0.1,0.25,0.35,0.5,0.65,0.75,0.85,-0.5,0.0,0.0,0.08,0.04
8,PE_only,-0.014211,0.05,0.3,0.45,0.5,0.65,0.8,0.95,0.0,0.0,0.0,0.06,0.03
8,PE_PB_FED,-0.014212,0.05,0.25,0.4,0.5,0.7,0.75,0.95,-0.5,0.55,0.7,0.1,0.04
8,PE_PB,-0.014213,0.1,0.25,0.3,0.55,0.65,0.85,0.95,0.0,0.65,0.0,0.1,0.03
6,PE_only,-0.014215,0.05,0.3,0.45,0.7,0.75,0.8,0.85,0.0,0.0,0.0,0.12,0.04
8,PE_PB,-0.014215,0.05,0.25,0.45,0.7,0.75,0.8,0.9,0.0,0.6,0.0,0.08,0.03
8,PE_FED,-0.014217,0.2,0.25,0.4,0.7,0.65,0.85,0.95,0.5,0.0,0.0,0.12,0.04
8,PE_FED,-0.014223,0.15,0.25,0.3,0.65,0.65,0.8,0.9,0.5,0.0,0.0,0.1,0.03
6,PE_only,-0.014226,0.1,0.15,0.35,0.55,0.7,0.85,0.95,0.0,0.0,0.0,0.1,0.05
8,PE_FED,-0.014227,0.2,0.25,0.35,0.5,0.65,0.8,0.85,0.0,0.0,0.0,0.1,0.05
8,PE_PB_FED,-0.014228,0.1,0.25,0.35,0.6,0.75,0.8,0.85,-0.5,0.65,0.8,0.12,0.03
8,PE_PB_FED,-0.014229,0.1,0.2,0.3,0.55,0.7,0.75,0.9,-0.5,0.55,0.75,0.08,0.05
8,PE_PB_FED,-0.014229,0.05,0.25,0.35,0.65,0.7,0.75,0.9,-0.5,0.5,0.7,0.1,0.03
6,PE_only,-0.014231,0.2,0.3,0.4,0.7,0.65,0.8,0.85,0.0,0.0,0.0,0.08,0.04
8,PE_only,-0.014232,0.15,0.25,0.3,0.55,0.65,0.8,0.85,0.0,0.0,0.0,0.08,0.03
8,PE_only,-0.014233,0.15,0.25,0.3,0.55,0.75,0.85,0.9,0.0,0.0,0.0,0.06,0.03
6,PE_only,-0.014234,0.15,0.25,0.4,0.65,0.7,0.8,0.85,0.0,0.0,0.0,0.1,0.05
6,PE_only,-0.014237,0.1,0.3,0.4,0.6,0.7,0.8,0.95,0.0,0.0,0.0,0.06,0.05
6,PE_PB,-0.014238,0.05,0.15,0.3,0.65,0.7,0.8,0.95,0.0,0.6,0.0,0.06,0.04
6,PB_FED,-0.014238,0.15,0.3,0.4,0.5,0.65,0.85,0.95,0.0,0.0,0.0,0.12,0.04
8,PB_FED,-0.014238,0.1,0.15,0.35,0.55,0.75,0.8,0.95,1.0,0.0,0.0,0.12,0.05
6,PE_PB,-0.014239,0.1,0.3,0.4,0.7,0.65,0.8,0.95,0.0,0.65,0.0,0.06,0.05
6,PE_only,-0.014244,0.1,0.25,0.3,0.65,0.75,0.8,0.85,0.0,0.0,0.0,0.1,0.03
6,PE_PB,-0.014245,0.1,0.2,0.4,0.7,0.7,0.8,0.9,0.0,0.65,0.0,0.12,0.04
8,PE_PB_FED,-0.014246,0.05,0.25,0.3,0.55,0.65,0.8,0.9,-0.5,0.65,0.7,0.12,0.05
8,PE_FED,-0.014249,0.2,0.25,0.3,0.65,0.7,0.75,0.9,0.5,0.0,0.0,0.12,0.03
6,PE_PB,-0.014251,0.05,0.15,0.3,0.7,0.65,0.75,0.85,0.0,0.65,0.0,0.12,0.03
8,PE_only,-0.014251,0.1,0.3,0.45,0.6,0.7,0.85,0.9,0.0,0.0,0.0,0.06,0.03
6,PE_only,-0.014252,0.2,0.3,0.45,0.65,0.7,0.75,0.9,0.0,0.0,0.0,0.06,0.05
6,PE_only,-0.014252,0.2,0.3,0.45,0.65,0.7,0.75,0.9,0.0,0.0,0.0,0.1,0.05
8,PB_FED,-0.014252,0.1,0.15,0.4,0.7,0.65,0.85,0.95,1.0,0.0,0.0,0.08,0.05
6,PB_only,-0.014253,0.2,0.25,0.4,0.5,0.7,0.85,0.95,0.0,0.0,0.0,0.08,0.04
8,PE_PB_FED,-0.014257,0.15,0.25,0.45,0.7,0.75,0.85,0.9,0.0,0.55,0.8,0.12,0.05
8,PE_PB,-0.014258,0.05,0.2,0.4,0.7,0.75,0.8,0.9,0.0,0.55,0.0,0.08,0.04
8,PE_only,-0.01426,0.15,0.25,0.4,0.55,0.65,0.75,0.85,0.0,0.0,0.0,0.08,0.05
8,PB_FED,-0.014261,0.1,0.25,0.35,0.7,0.75,0.8,0.9,1.0,0.0,0.0,0.06,0.03
8,PE_PB_FED,-0.014262,0.2,0.25,0.3,0.65,0.75,0.8,0.9,0.0,0.5,0.8,0.1,0.04
6,PE_PB_FED,-0.014266,0.1,0.15,0.3,0.7,0.65,0.75,0.95,0.0,0.55,0.7,0.06,0.04
6,PE_PB_FED,-0.014269,0.05,0.15,0.4,0.7,0.65,0.75,0.9,-0.5,0.65,0.8,0.1,0.03
8,PE_only,-0.014275,0.1,0.25,0.35,0.55,0.75,0.85,0.9,0.0,0.0,0.0,0.06,0.04
6,PE_only,-0.014278,0.1,0.15,0.4,0.55,0.65,0.85,0.95,0.0,0.0,0.0,0.12,0.03
8,PE_only,-0.014279,0.05,0.25,0.4,0.5,0.65,0.75,0.9,0.0,0.0,0.0,0.06,0.04
6,PE_FED,-0.01428,0.1,0.3,0.4,0.6,0.7,0.8,0.95,0.0,0.0,0.0,0.1,0.05
6,PE_PB_FED,-0.01428,0.1,0.15,0.45,0.6,0.65,0.75,0.95,-0.5,0.65,0.8,0.1,0.04
6,PE_PB,-0.014282,0.15,0.3,0.45,0.7,0.75,0.8,0.95,0.0,0.65,0.0,0.08,0.04
8,PE_PB_FED,-0.014283,0.1,0.2,0.35,0.65,0.75,0.8,0.95,0.5,0.5,0.8,0.12,0.03
8,PE_FED,-0.014291,0.15,0.3,0.35,0.55,0.75,0.8,0.95,0.5,0.0,0.0,0.1,0.04
8,PE_PB_FED,-0.014291,0.15,0.3,0.35,0.6,0.65,0.75,0.9,0.0,0.5,0.8,0.12,0.04
6,PE_PB_FED,-0.014295,0.1,0.2,0.4,0.6,0.65,0.75,0.95,0.0,0.6,0.75,0.1,0.03
8,PE_PB,-0.014295,0.05,0.2,0.45,0.6,0.65,0.75,0.9,0.0,0.6,0.0,0.1,0.03
6,PE_only,-0.014301,0.2,0.3,0.45,0.65,0.7,0.8,0.9,0.0,0.0,0.0,0.12,0.03
8,PE_PB,-0.014301,0.1,0.25,0.4,0.6,0.75,0.8,0.9,0.0,0.65,0.0,0.08,0.03
8,PE_PB_FED,-0.014301,0.1,0.2,0.3,0.55,0.65,0.85,0.9,-0.5,0.65,0.7,0.08,0.03
8,PE_PB_FED,-0.014302,0.05,0.3,0.45,0.6,0.75,0.85,0.95,-0.5,0.6,0.8,0.12,0.04
8,PE_only,-0.014303,0.2,0.3,0.4,0.5,0.65,0.75,0.95,0.0,0.0,0.0,0.06,0.04
6,PB_only,-0.014304,0.05,0.25,0.45,0.5,0.75,0.8,0.85,0.0,0.0,0.0,0.12,0.05
6,PB_only,-0.014307,0.15,0.3,0.35,0.5,0.75,0.8,0.85,0.0,0.0,0.0,0.12,0.05
6,PE_only,-0.014309,0.2,0.25,0.3,0.65,0.7,0.85,0.9,0.0,0.0,0.0,0.1,0.05
6,PE_PB_FED,-0.01431,0.05,0.25,0.45,0.7,0.65,0.8,0.95,-0.5,0.65,0.7,0.08,0.03
6,PB_FED,-0.014312,0.1,0.3,0.4,0.5,0.7,0.85,0.95,0.0,0.0,0.0,0.06,0.04
8,PE_PB_FED,-0.014313,0.1,0.15,0.3,0.55,0.7,0.8,0.85,-0.5,0.6,0.75,0.08,0.04
8,PE_PB_FED,-0.014316,0.1,0.15,0.35,0.5,0.65,0.8,0.9,0.0,0.5,0.8,0.1,0.05
8,PE_PB,-0.014317,0.05,0.2,0.35,0.6,0.7,0.85,0.95,0.0,0.55,0.0,0.12,0.03
6,PE_PB,-0.014319,0.2,0.25,0.4,0.65,0.7,0.75,0.95,0.0,0.65,0.0,0.08,0.04
6,PE_FED,-0.014322,0.2,0.25,0.4,0.7,0.75,0.8,0.85,-0.5,0.0,0.0,0.1,0.03
8,PE_PB_FED,-0.014322,0.1,0.15,0.3,0.55,0.7,0.8,0.85,0.0,0.5,0.7,0.1,0.04
6,PB_only,-0.014325,0.15,0.25,0.45,0.5,0.7,0.85,0.95,0.0,0.0,0.0,0.12,0.04
6,PE_only,-0.014335,0.15,0.3,0.45,0.6,0.65,0.75,0.95,0.0,0.0,0.0,0.06,0.04
8,PE_FED,-0.014339,0.05,0.25,0.3,0.5,0.65,0.75,0.85,-0.5,0.0,0.0,0.1,0.05
8,PB_FED,-0.014339,0.1,0.15,0.3,0.5,0.75,0.8,0.9,1.0,0.0,0.0,0.1,0.03
6,PE_PB,-0.014341,0.1,0.3,0.4,0.65,0.65,0.75,0.95,0.0,0.65,0.0,0.1,0.03
8,PE_only,-0.014341,0.05,0.15,0.3,0.5,0.65,0.8,0.85,0.0,0.0,0.0,0.06,0.04
8,PE_PB_FED,-0.014344,0.15,0.3,0.4,0.7,0.65,0.85,0.95,-0.5,0.5,0.7,0.08,0.03
8,PE_only,-0.014345,0.05,0.2,0.45,0.55,0.75,0.8,0.85,0.0,0.0,0.0,0.08,0.04
8,PB_FED,-0.014347,0.05,0.2,0.35,0.7,0.75,0.8,0.95,1.0,0.0,0.0,0.12,0.05
8,PE_PB_FED,-0.01435,0.05,0.2,0.45,0.6,0.65,0.8,0.95,0.5,0.6,0.7,0.1,0.04
6,PE_PB,-0.014354,0.15,0.2,0.4,0.65,0.7,0.75,0.9,0.0,0.65,0.0,0.08,0.04
8,PE_FED,-0.014357,0.1,0.25,0.3,0.5,0.7,0.75,0.85,-0.5,0.0,0.0,0.12,0.05
6,PE_FED,-0.014361,0.05,0.2,0.35,0.6,0.65,0.8,0.9,0.0,0.0,0.0,0.06,0.03
8,PE_PB,-0.014362,0.05,0.2,0.3,0.7,0.65,0.75,0.85,0.0,0.6,0.0,0.06,0.05
6,PB_FED,-0.014364,0.05,0.3,0.35,0.5,0.7,0.85,0.9,0.0,0.0,0.0,0.08,0.05
8,PE_FED,-0.014364,0.1,0.3,0.35,0.5,0.7,0.8,0.9,-0.5,0.0,0.0,0.08,0.03
8,PE_FED,-0.014366,0.1,0.3,0.35,0.55,0.7,0.8,0.95,0.5,0.0,0.0,0.12,0.04
6,PE_only,-0.014367,0.1,0.25,0.4,0.65,0.75,0.8,0.85,0.0,0.0,0.0,0.08,0.04
6,PE_FED,-0.014375,0.05,0.15,0.35,0.5,0.7,0.75,0.95,-0.5,0.0,0.0,0.1,0.05
6,PB_only,-0.014375,0.05,0.3,0.45,0.5,0.75,0.8,0.9,0.0,0.0,0.0,0.12,0.04
6,PE_PB,-0.01438,0.15,0.3,0.45,0.7,0.75,0.8,0.95,0.0,0.65,0.0,0.12,0.05
8,PE_FED,-0.01438,0.05,0.2,0.45,0.65,0.65,0.8,0.9,0.5,0.0,0.0,0.1,0.03
8,PE_PB_FED,-0.014383,0.1,0.2,0.4,0.55,0.65,0.75,0.9,0.5,0.65,0.75,0.1,0.03
6,PB_only,-0.014384,0.2,0.3,0.45,0.5,0.65,0.75,0.95,0.0,0.0,0.0,0.12,0.04
8,PE_PB,-0.014385,0.1,0.25,0.35,0.6,0.75,0.85,0.95,0.0,0.6,0.0,0.08,0.03
8,PE_only,-0.014393,0.15,0.25,0.45,0.5,0.7,0.85,0.95,0.0,0.0,0.0,0.06,0.04
8,PE_FED,-0.014396,0.1,0.15,0.3,0.55,0.65,0.75,0.85,0.5,0.0,0.0,0.08,0.05
6,PE_FED,-0.014399,0.05,0.15,0.45,0.65,0.65,0.8,0.9,0.0,0.0,0.0,0.08,0.05
8,PE_only,-0.014404,0.15,0.3,0.45,0.6,0.75,0.85,0.9,0.0,0.0,0.0,0.1,0.05
6,PE_only,-0.014405,0.1,0.25,0.4,0.65,0.65,0.8,0.85,0.0,0.0,0.0,0.1,0.05
8,PB_FED,-0.014407,0.05,0.25,0.3,0.6,0.75,0.8,0.95,1.0,0.0,0.0,0.06,0.03
6,PE_FED,-0.014415,0.1,0.15,0.4,0.65,0.65,0.75,0.85,0.0,0.0,0.0,0.1,0.03
8,PE_FED,-0.014418,0.05,0.2,0.3,0.55,0.65,0.8,0.9,0.5,0.0,0.0,0.06,0.04
8,PE_PB,-0.014425,0.15,0.25,0.3,0.7,0.75,0.8,0.95,0.0,0.5,0.0,0.06,0.04
6,PE_only,-0.014426,0.05,0.25,0.3,0.55,0.65,0.8,0.95,0.0,0.0,0.0,0.12,0.03
8,PE_PB,-0.014427,0.05,0.15,0.3,0.65,0.75,0.8,0.85,0.0,0.6,0.0,0.06,0.05
8,PE_only,-0.014428,0.1,0.25,0.3,0.55,0.7,0.85,0.9,0.0,0.0,0.0,0.06,0.03
8,PE_PB,-0.01443,0.05,0.25,0.45,0.65,0.7,0.85,0.95,0.0,0.6,0.0,0.06,0.05
8,PE_only,-0.014431,0.05,0.15,0.45,0.5,0.75,0.8,0.9,0.0,0.0,0.0,0.1,0.05
6,PE_only,-0.014436,0.2,0.3,0.45,0.7,0.7,0.75,0.85,0.0,0.0,0.0,0.06,0.03
8,PE_PB_FED,-0.014437,0.05,0.3,0.4,0.65,0.7,0.85,0.95,-0.5,0.55,0.75,0.06,0.04
6,PE_only,-0.014439,0.1,0.2,0.3,0.6,0.7,0.75,0.9,0.0,0.0,0.0,0.1,0.05
8,PE_PB,-0.014439,0.1,0.25,0.3,0.65,0.7,0.85,0.9,0.0,0.65,0.0,0.1,0.04
8,PE_PB_FED,-0.01444,0.05,0.2,0.3,0.55,0.75,0.8,0.85,-0.5,0.65,0.75,0.06,0.04
6,PE_only,-0.014441,0.1,0.25,0.35,0.65,0.75,0.8,0.85,0.0,0.0,0.0,0.1,0.03
6,PB_only,-0.014445,0.05,0.3,0.4,0.5,0.7,0.8,0.85,0.0,0.0,0.0,0.06,0.05
6,PE_PB_FED,-0.014453,0.05,0.2,0.3,0.65,0.75,0.8,0.95,0.0,0.6,0.75,0.12,0.04
8,PE_PB_FED,-0.014454,0.15,0.2,0.3,0.55,0.75,0.85,0.95,-0.5,0.5,0.75,0.06,0.04
8,PE_PB,-0.014455,0.05,0.2,0.4,0.55,0.7,0.8,0.95,0.0,0.55,0.0,0.06,0.05
6,PE_only,-0.014456,0.1,0.15,0.3,0.5,0.7,0.8,0.95,0.0,0.0,0.0,0.06,0.05
8,PE_only,-0.014458,0.15,0.25,0.3,0.55,0.7,0.8,0.85,0.0,0.0,0.0,0.06,0.04
8,PE_PB,-0.014458,0.15,0.2,0.35,0.65,0.7,0.8,0.95,0.0,0.5,0.0,0.1,0.04
6,PE_PB_FED,-0.014459,0.1,0.25,0.3,0.65,0.65,0.8,0.95,0.0,0.65,0.7,0.08,0.03
8,PE_PB,-0.014463,0.1,0.15,0.3,0.6,0.7,0.8,0.9,0.0,0.55,0.0,0.1,0.03
8,PE_PB_FED,-0.014463,0.05,0.25,0.45,0.6,0.75,0.8,0.9,0.0,0.5,0.75,0.06,0.03
6,PE_only,-0.014464,0.2,0.25,0.4,0.65,0.65,0.75,0.85,0.0,0.0,0.0,0.08,0.05
6,PE_FED,-0.014465,0.1,0.15,0.35,0.6,0.75,0.8,0.9,0.0,0.0,0.0,0.08,0.05
8,PE_PB,-0.014468,0.05,0.15,0.45,0.65,0.7,0.85,0.95,0.0,0.5,0.0,0.08,0.03
8,PE_PB,-0.014468,0.05,0.15,0.45,0.65,0.75,0.85,0.95,0.0,0.5,0.0,0.12,0.03
6,PE_FED,-0.014471,0.2,0.3,0.4,0.6,0.65,0.8,0.95,0.0,0.0,0.0,0.1,0.04
6,PE_only,-0.014472,0.2,0.3,0.4,0.65,0.7,0.8,0.9,0.0,0.0,0.0,0.08,0.05
6,PE_PB,-0.014476,0.05,0.15,0.3,0.7,0.65,0.8,0.95,0.0,0.55,0.0,0.08,0.05
8,PE_PB,-0.014477,0.1,0.2,0.45,0.7,0.65,0.75,0.9,0.0,0.55,0.0,0.12,0.03
6,PE_only,-0.014481,0.1,0.3,0.45,0.7,0.65,0.8,0.85,0.0,0.0,0.0,0.06,0.05
6,PE_FED,-0.014481,0.1,0.2,0.4,0.6,0.7,0.8,0.9,-0.5,0.0,0.0,0.06,0.04
8,PE_FED,-0.014482,0.1,0.25,0.3,0.6,0.65,0.75,0.9,0.5,0.0,0.0,0.08,0.05
8,PE_FED,-0.014483,0.1,0.3,0.4,0.55,0.65,0.8,0.85,-0.5,0.0,0.0,0.08,0.05
8,PE_PB,-0.014485,0.1,0.25,0.4,0.6,0.65,0.75,0.95,0.0,0.55,0.0,0.1,0.04
8,PE_PB,-0.014488,0.2,0.25,0.45,0.7,0.75,0.85,0.9,0.0,0.65,0.0,0.06,0.04
8,PE_PB,-0.014492,0.05,0.25,0.45,0.65,0.7,0.8,0.9,0.0,0.65,0.0,0.06,0.05
8,PE_PB_FED,-0.014494,0.05,0.25,0.3,0.55,0.65,0.8,0.9,0.0,0.5,0.75,0.12,0.04
8,PE_PB_FED,-0.014494,0.15,0.3,0.35,0.55,0.65,0.75,0.9,0.0,0.55,0.75,0.06,0.05
8,PB_FED,-0.014495,0.05,0.2,0.35,0.55,0.7,0.75,0.85,1.0,0.0,0.0,0.1,0.03
6,PE_only,-0.014496,0.05,0.3,0.45,0.7,0.65,0.75,0.85,0.0,0.0,0.0,0.08,0.03
6,PE_only,-0.014497,0.15,0.25,0.3,0.6,0.7,0.75,0.9,0.0,0.0,0.0,0.1,0.04
8,PB_FED,-0.014497,0.05,0.25,0.35,0.6,0.7,0.75,0.9,1.0,0.0,0.0,0.1,0.04
8,PE_FED,-0.0145,0.05,0.15,0.35,0.5,0.65,0.8,0.9,0.5,0.0,0.0,0.12,0.04
8,PE_only,-0.014505,0.2,0.25,0.3,0.5,0.75,0.85,0.95,0.0,0.0,0.0,0.06,0.05
8,PE_PB,-0.014505,0.1,0.25,0.35,0.6,0.65,0.75,0.95,0.0,0.55,0.0,0.1,0.05
8,PE_PB_FED,-0.014509,0.2,0.3,0.45,0.55,0.7,0.75,0.95,-0.5,0.6,0.8,0.08,0.05
6,PE_FED,-0.01451,0.1,0.2,0.3,0.55,0.7,0.85,0.95,-0.5,0.0,0.0,0.1,0.05
6,PE_FED,-0.01451,0.1,0.2,0.3,0.55,0.7,0.85,0.95,-0.5,0.0,0.0,0.06,0.05
8,PB_FED,-0.014511,0.1,0.2,0.4,0.65,0.75,0.8,0.9,1.0,0.0,0.0,0.12,0.04
6,PE_FED,-0.014512,0.1,0.25,0.35,0.55,0.65,0.75,0.95,-0.5,0.0,0.0,0.1,0.05
6,PE_FED,-0.014512,0.05,0.25,0.4,0.6,0.7,0.85,0.95,0.0,0.0,0.0,0.12,0.05
6,PB_FED,-0.014513,0.05,0.3,0.4,0.5,0.7,0.8,0.95,-0.5,0.0,0.0,0.08,0.05
8,PE_PB,-0.014514,0.1,0.3,0.45,0.65,0.75,0.8,0.95,0.0,0.6,0.0,0.06,0.04
8,PE_PB,-0.01452,0.1,0.3,0.35,0.6,0.65,0.85,0.95,0.0,0.65,0.0,0.1,0.05
8,PE_FED,-0.014525,0.15,0.3,0.35,0.5,0.75,0.8,0.85,0.0,0.0,0.0,0.12,0.04
8,PE_PB,-0.014529,0.1,0.15,0.3,0.5,0.65,0.75,0.95,0.0,0.5,0.0,0.06,0.03
8,PE_PB_FED,-0.014529,0.1,0.25,0.3,0.6,0.75,0.8,0.9,-0.5,0.55,0.8,0.08,0.03
6,PE_PB_FED,-0.01453,0.15,0.2,0.35,0.7,0.7,0.8,0.95,-0.5,0.6,0.8,0.1,0.05
6,PB_only,-0.014535,0.05,0.3,0.45,0.5,0.7,0.8,0.95,0.0,0.0,0.0,0.12,0.03
6,PE_only,-0.014536,0.05,0.15,0.4,0.6,0.65,0.8,0.9,0.0,0.0,0.0,0.1,0.05
6,PE_only,-0.014536,0.05,0.15,0.4,0.6,0.65,0.8,0.9,0.0,0.0,0.0,0.08,0.05
6,PB_FED,-0.014537,0.05,0.2,0.3,0.7,0.7,0.75,0.95,0.5,0.0,0.0,0.06,0.03
8,PE_only,-0.014541,0.15,0.2,0.45,0.55,0.65,0.85,0.9,0.0,0.0,0.0,0.06,0.05
8,PE_PB,-0.014541,0.15,0.25,0.35,0.7,0.65,0.85,0.95,0.0,0.55,0.0,0.12,0.05
6,PE_only,-0.014543,0.05,0.15,0.45,0.6,0.75,0.8,0.9,0.0,0.0,0.0,0.1,0.04
8,PE_PB,-0.014543,0.1,0.2,0.3,0.65,0.7,0.75,0.9,0.0,0.55,0.0,0.08,0.04
8,PE_PB_FED,-0.014543,0.15,0.2,0.4,0.5,0.65,0.75,0.85,0.0,0.6,0.75,0.08,0.04
8,PE_PB,-0.01455,0.15,0.2,0.45,0.65,0.7,0.8,0.85,0.0,0.65,0.0,0.1,0.04
8,PE_PB,-0.014563,0.2,0.25,0.3,0.7,0.7,0.8,0.95,0.0,0.5,0.0,0.12,0.03
6,PE_PB,-0.014564,0.2,0.3,0.4,0.7,0.7,0.75,0.95,0.0,0.65,0.0,0.12,0.05
8,PE_FED,-0.014566,0.1,0.15,0.3,0.55,0.7,0.75,0.95,1.0,0.0,0.0,0.1,0.03
8,PE_PB_FED,-0.014566,0.1,0.15,0.3,0.5,0.7,0.75,0.9,0.5,0.65,0.8,0.12,0.05
8,PE_FED,-0.014568,0.1,0.25,0.3,0.65,0.7,0.8,0.9,0.5,0.0,0.0,0.08,0.04
8,PE_FED,-0.014569,0.1,0.15,0.35,0.65,0.75,0.8,0.85,0.5,0.0,0.0,0.1,0.03
8,PE_PB_FED,-0.014569,0.2,0.25,0.4,0.55,0.7,0.85,0.95,0.0,0.5,0.7,0.1,0.04
8,PE_PB,-0.01457,0.15,0.2,0.35,0.55,0.65,0.75,0.95,0.0,0.5,0.0,0.06,0.03
6,PE_PB_FED,-0.014571,0.1,0.2,0.3,0.7,0.65,0.75,0.9,-0.5,0.65,0.75,0.12,0.03
6,PE_FED,-0.014575,0.1,0.25,0.4,0.55,0.65,0.75,0.95,-0.5,0.0,0.0,0.08,0.04
8,PE_PB,-0.014575,0.1,0.15,0.35,0.7,0.7,0.75,0.85,0.0,0.55,0.0,0.06,0.03
8,PE_FED,-0.01458,0.15,0.25,0.3,0.65,0.65,0.8,0.9,0.5,0.0,0.0,0.12,0.04
8,PE_FED,-0.014582,0.05,0.2,0.3,0.5,0.75,0.85,0.95,0.5,0.0,0.0,0.1,0.04
8,PE_FED,-0.014582,0.05,0.2,0.3,0.5,0.7,0.85,0.95,0.5,0.0,0.0,0.12,0.04
8,PE_FED,-0.014585,0.1,0.15,0.45,0.55,0.7,0.8,0.9,0.5,0.0,0.0,0.08,0.05
8,PE_PB_FED,-0.01459,0.2,0.25,0.45,0.65,0.7,0.8,0.9,0.0,0.55,0.7,0.1,0.05
8,PE_PB,-0.014598,0.05,0.15,0.3,0.6,0.7,0.85,0.9,0.0,0.6,0.0,0.06,0.04
8,PB_FED,-0.0146,0.05,0.15,0.4,0.6,0.7,0.8,0.9,1.0,0.0,0.0,0.08,0.04
6,PE_PB,-0.014607,0.05,0.15,0.4,0.7,0.65,0.75,0.85,0.0,0.65,0.0,0.12,0.03
8,PE_only,-0.014608,0.2,0.25,0.35,0.5,0.65,0.85,0.95,0.0,0.0,0.0,0.1,0.04
6,PE_FED,-0.01461,0.15,0.3,0.4,0.65,0.75,0.8,0.9,-0.5,0.0,0.0,0.12,0.04
6,PE_FED,-0.01461,0.15,0.3,0.4,0.65,0.65,0.8,0.9,-0.5,0.0,0.0,0.1,0.04
6,PB_only,-0.014611,0.05,0.25,0.45,0.5,0.7,0.85,0.95,0.0,0.0,0.0,0.12,0.04
8,PE_only,-0.014612,0.05,0.25,0.35,0.55,0.65,0.85,0.9,0.0,0.0,0.0,0.08,0.03
8,PB_FED,-0.014615,0.1,0.2,0.45,0.5,0.7,0.75,0.9,1.0,0.0,0.0,0.1,0.03
6,PE_FED,-0.014616,0.05,0.15,0.45,0.6,0.65,0.8,0.9,-0.5,0.0,0.0,0.08,0.04
8,PE_PB_FED,-0.014617,0.15,0.25,0.35,0.65,0.7,0.85,0.9,0.0,0.55,0.75,0.12,0.05
8,PE_PB,-0.014618,0.1,0.2,0.3,0.7,0.65,0.75,0.9,0.0,0.55,0.0,0.08,0.05
6,PE_FED,-0.014619,0.1,0.2,0.45,0.7,0.75,0.85,0.9,0.0,0.0,0.0,0.1,0.05
8,PE_PB,-0.014621,0.05,0.15,0.4,0.7,0.7,0.75,0.85,0.0,0.55,0.0,0.1,0.05
8,PE_PB_FED,-0.014623,0.1,0.3,0.35,0.65,0.7,0.8,0.9,0.0,0.5,0.7,0.08,0.03
8,PE_PB,-0.014624,0.2,0.25,0.45,0.7,0.7,0.75,0.9,0.0,0.6,0.0,0.12,0.03
6,PE_FED,-0.01463,0.05,0.2,0.3,0.55,0.65,0.85,0.95,-0.5,0.0,0.0,0.12,0.05
6,PE_only,-0.014632,0.05,0.3,0.45,0.65,0.7,0.8,0.9,0.0,0.0,0.0,0.12,0.05
6,PE_PB,-0.014633,0.1,0.15,0.35,0.6,0.65,0.75,0.95,0.0,0.6,0.0,0.1,0.03
6,PE_FED,-0.014634,0.05,0.2,0.35,0.7,0.65,0.8,0.85,0.0,0.0,0.0,0.06,0.03
8,PE_FED,-0.014635,0.2,0.25,0.35,0.5,0.65,0.75,0.95,0.5,0.0,0.0,0.08,0.05
8,PB_FED,-0.014638,0.15,0.2,0.4,0.7,0.65,0.8,0.85,1.0,0.0,0.0,0.1,0.04
8,PE_PB_FED,-0.014644,0.1,0.25,0.4,0.7,0.65,0.85,0.95,0.5,0.65,0.7,0.12,0.05
6,PE_FED,-0.014646,0.1,0.15,0.45,0.6,0.7,0.8,0.9,0.0,0.0,0.0,0.12,0.04
6,PE_FED,-0.014654,0.2,0.3,0.45,0.6,0.65,0.8,0.95,0.0,0.0,0.0,0.06,0.03
6,PE_PB,-0.014659,0.1,0.2,0.4,0.7,0.75,0.8,0.95,0.0,0.6,0.0,0.1,0.03
6,PE_PB,-0.014659,0.05,0.15,0.4,0.65,0.65,0.8,0.9,0.0,0.65,0.0,0.06,0.05
6,PE_PB,-0.014659,0.1,0.2,0.4,0.7,0.75,0.8,0.95,0.0,0.6,0.0,0.12,0.03
8,PE_PB,-0.014659,0.05,0.15,0.3,0.65,0.65,0.75,0.85,0.0,0.55,0.0,0.12,0.03
6,PE_only,-0.01466,0.1,0.15,0.35,0.5,0.7,0.8,0.95,0.0,0.0,0.0,0.12,0.04
8,PE_PB_FED,-0.014663,0.1,0.25,0.35,0.5,0.65,0.75,0.95,0.5,0.65,0.75,0.1,0.05
6,PB_FED,-0.014665,0.05,0.15,0.35,0.65,0.7,0.75,0.95,0.5,0.0,0.0,0.12,0.04
8,PE_PB,-0.014672,0.05,0.15,0.4,0.55,0.7,0.75,0.85,0.0,0.65,0.0,0.08,0.04
8,PE_FED,-0.014672,0.05,0.3,0.4,0.7,0.75,0.85,0.95,0.5,0.0,0.0,0.1,0.03
8,PE_PB,-0.014674,0.2,0.25,0.3,0.7,0.65,0.8,0.9,0.0,0.6,0.0,0.1,0.03
6,PE_only,-0.014675,0.15,0.25,0.4,0.55,0.75,0.8,0.95,0.0,0.0,0.0,0.08,0.03
6,PE_PB,-0.014675,0.05,0.15,0.4,0.55,0.7,0.75,0.95,0.0,0.65,0.0,0.12,0.03
6,PB_only,-0.014675,0.1,0.3,0.45,0.5,0.7,0.8,0.9,0.0,0.0,0.0,0.06,0.05
8,PE_PB,-0.014676,0.15,0.3,0.35,0.7,0.7,0.75,0.85,0.0,0.65,0.0,0.1,0.05
6,PE_only,-0.014678,0.1,0.25,0.45,0.6,0.65,0.85,0.95,0.0,0.0,0.0,0.12,0.04
8,PE_only,-0.014679,0.2,0.3,0.4,0.6,0.65,0.85,0.9,0.0,0.0,0.0,0.08,0.05
8,PE_PB,-0.014683,0.1,0.3,0.4,0.65,0.75,0.8,0.9,0.0,0.65,0.0,0.12,0.04
8,PE_PB_FED,-0.014683,0.05,0.2,0.3,0.55,0.65,0.85,0.9,-0.5,0.65,0.8,0.08,0.05
8,PB_FED,-0.014684,0.05,0.15,0.4,0.65,0.65,0.85,0.95,1.0,0.0,0.0,0.1,0.03
8,PE_PB,-0.014686,0.15,0.2,0.4,0.55,0.65,0.75,0.95,0.0,0.5,0.0,0.12,0.03
8,PE_FED,-0.014686,0.2,0.25,0.4,0.5,0.65,0.75,0.95,0.5,0.0,0.0,0.12,0.04
8,PE_only,-0.014687,0.05,0.3,0.45,0.6,0.7,0.85,0.9,0.0,0.0,0.0,0.12,0.05
8,PE_PB,-0.01469,0.05,0.15,0.45,0.65,0.75,0.8,0.9,0.0,0.55,0.0,0.12,0.04
8,PE_PB,-0.014691,0.15,0.2,0.45,0.7,0.75,0.8,0.9,0.0,0.55,0.0,0.08,0.03
8,PE_FED,-0.014692,0.05,0.15,0.4,0.7,0.65,0.75,0.95,1.0,0.0,0.0,0.06,0.04
8,PE_PB,-0.014696,0.1,0.3,0.45,0.6,0.75,0.85,0.95,0.0,0.65,0.0,0.1,0.03
6,PE_PB,-0.014701,0.1,0.15,0.4,0.7,0.65,0.75,0.85,0.0,0.65,0.0,0.08,0.03
6,PE_PB,-0.014708,0.1,0.15,0.35,0.65,0.65,0.8,0.95,0.0,0.6,0.0,0.1,0.05
8,PE_FED,-0.014709,0.05,0.25,0.4,0.7,0.65,0.75,0.9,0.5,0.0,0.0,0.12,0.05
6,PE_PB_FED,-0.01471,0.05,0.2,0.35,0.65,0.65,0.8,0.95,0.0,0.6,0.8,0.1,0.04
8,PB_FED,-0.01471,0.1,0.15,0.3,0.65,0.7,0.85,0.9,1.0,0.0,0.0,0.08,0.05
6,PE_only,-0.014712,0.15,0.2,0.45,0.6,0.65,0.75,0.9,0.0,0.0,0.0,0.06,0.03
8,PE_PB,-0.014716,0.1,0.15,0.45,0.55,0.65,0.75,0.95,0.0,0.5,0.0,0.12,0.04
8,PE_PB,-0.014716,0.1,0.15,0.45,0.55,0.65,0.75,0.95,0.0,0.5,0.0,0.06,0.04
8,PE_PB,-0.014718,0.15,0.3,0.35,0.55,0.65,0.8,0.95,0.0,0.65,0.0,0.08,0.05
8,PE_PB_FED,-0.014722,0.15,0.25,0.4,0.6,0.7,0.8,0.95,0.5,0.6,0.8,0.12,0.04
6,PE_PB,-0.014726,0.2,0.25,0.4,0.7,0.75,0.85,0.95,0.0,0.65,0.0,0.06,0.05
8,PE_only,-0.014726,0.1,0.15,0.45,0.5,0.7,0.8,0.9,0.0,0.0,0.0,0.06,0.05
6,PE_only,-0.014727,0.2,0.25,0.3,0.65,0.7,0.8,0.85,0.0,0.0,0.0,0.06,0.05
8,PE_only,-0.014727,0.1,0.2,0.45,0.55,0.65,0.85,0.9,0.0,0.0,0.0,0.12,0.05
8,PE_PB_FED,-0.01473,0.2,0.3,0.35,0.65,0.65,0.85,0.95,0.0,0.5,0.8,0.08,0.05
8,PE_PB_FED,-0.01473,0.15,0.25,0.35,0.55,0.7,0.85,0.95,-0.5,0.55,0.75,0.1,0.05
8,PE_PB_FED,-0.014731,0.05,0.25,0.3,0.5,0.65,0.75,0.95,0.5,0.6,0.75,0.08,0.03
6,PB_only,-0.014733,0.1,0.3,0.35,0.5,0.65,0.85,0.95,0.0,0.0,0.0,0.08,0.05
8,PE_PB,-0.014735,0.1,0.2,0.4,0.6,0.75,0.8,0.9,0.0,0.6,0.0,0.06,0.03
8,PE_PB_FED,-0.014736,0.05,0.2,0.35,0.65,0.75,0.85,0.9,-0.5,0.55,0.7,0.1,0.03
6,PE_only,-0.014737,0.15,0.2,0.45,0.55,0.75,0.8,0.95,0.0,0.0,0.0,0.08,0.04
6,PE_PB,-0.014737,0.1,0.15,0.4,0.6,0.7,0.75,0.95,0.0,0.6,0.0,0.06,0.03
8,PB_FED,-0.01474,0.05,0.2,0.35,0.7,0.65,0.8,0.9,1.0,0.0,0.0,0.12,0.04
6,PE_PB,-0.014742,0.1,0.3,0.35,0.65,0.7,0.75,0.95,0.0,0.65,0.0,0.12,0.05
8,PE_PB_FED,-0.014748,0.05,0.15,0.4,0.65,0.75,0.8,0.9,0.5,0.6,0.7,0.12,0.04
8,PE_PB_FED,-0.014751,0.05,0.25,0.45,0.6,0.65,0.75,0.85,0.0,0.55,0.7,0.12,0.04
8,PE_FED,-0.014752,0.15,0.3,0.35,0.5,0.65,0.8,0.85,0.0,0.0,0.0,0.1,0.05
8,PE_only,-0.014764,0.2,0.25,0.3,0.55,0.65,0.85,0.9,0.0,0.0,0.0,0.12,0.04
6,PE_only,-0.014767,0.1,0.15,0.35,0.5,0.7,0.8,0.95,0.0,0.0,0.0,0.12,0.05
6,PE_only,-0.014767,0.1,0.15,0.35,0.5,0.75,0.8,0.95,0.0,0.0,0.0,0.06,0.05
6,PE_only,-0.01477,0.2,0.25,0.4,0.6,0.65,0.85,0.95,0.0,0.0,0.0,0.12,0.04
6,PE_only,-0.01477,0.2,0.25,0.4,0.6,0.65,0.85,0.95,0.0,0.0,0.0,0.06,0.04
8,PE_only,-0.014771,0.15,0.25,0.35,0.55,0.75,0.8,0.85,0.0,0.0,0.0,0.06,0.03
8,PE_PB_FED,-0.014774,0.1,0.15,0.3,0.55,0.7,0.75,0.9,0.5,0.55,0.75,0.12,0.04
6,PE_only,-0.014776,0.05,0.25,0.45,0.6,0.65,0.85,0.95,0.0,0.0,0.0,0.1,0.03
8,PE_only,-0.014784,0.1,0.15,0.4,0.5,0.7,0.75,0.85,0.0,0.0,0.0,0.06,0.05
6,PE_FED,-0.014793,0.1,0.2,0.35,0.55,0.75,0.85,0.95,-0.5,0.0,0.0,0.06,0.05
8,PE_PB,-0.014796,0.15,0.2,0.45,0.7,0.7,0.75,0.85,0.0,0.6,0.0,0.08,0.03
8,PE_PB,-0.014797,0.1,0.15,0.45,0.6,0.7,0.75,0.9,0.0,0.55,0.0,0.12,0.04
8,PE_only,-0.014798,0.1,0.3,0.45,0.55,0.65,0.8,0.9,0.0,0.0,0.0,0.06,0.04
8,PE_PB,-0.014799,0.05,0.15,0.45,0.55,0.7,0.85,0.95,0.0,0.55,0.0,0.06,0.03
8,PE_FED,-0.014799,0.2,0.25,0.45,0.65,0.7,0.85,0.95,0.5,0.0,0.0,0.1,0.03
8,PE_only,-0.014802,0.15,0.25,0.3,0.55,0.7,0.85,0.9,0.0,0.0,0.0,0.12,0.05
6,PE_FED,-0.014804,0.05,0.15,0.3,0.65,0.7,0.8,0.85,0.0,0.0,0.0,0.1,0.04
8,PE_PB,-0.014804,0.05,0.15,0.4,0.5,0.7,0.8,0.95,0.0,0.55,0.0,0.06,0.05
8,PE_only,-0.014813,0.05,0.2,0.35,0.5,0.65,0.8,0.9,0.0,0.0,0.0,0.06,0.05
6,PB_only,-0.014817,0.2,0.3,0.4,0.5,0.65,0.8,0.95,0.0,0.0,0.0,0.06,0.05
6,PE_FED,-0.014818,0.15,0.2,0.3,0.6,0.65,0.8,0.9,-0.5,0.0,0.0,0.1,0.05
6,PE_only,-0.014825,0.1,0.3,0.45,0.6,0.65,0.8,0.95,0.0,0.0,0.0,0.08,0.05
8,PE_PB,-0.014825,0.15,0.2,0.3,0.6,0.7,0.85,0.9,0.0,0.65,0.0,0.06,0.03
6,PE_only,-0.014834,0.2,0.25,0.45,0.65,0.7,0.85,0.9,0.0,0.0,0.0,0.12,0.03
6,PE_only,-0.014836,0.2,0.25,0.35,0.65,0.7,0.8,0.85,0.0,0.0,0.0,0.1,0.04
8,PE_PB,-0.014836,0.1,0.15,0.35,0.55,0.75,0.8,0.9,0.0,0.6,0.0,0.06,0.04
6,PE_PB,-0.014838,0.05,0.15,0.35,0.55,0.65,0.8,0.95,0.0,0.65,0.0,0.06,0.03
8,PE_only,-0.014839,0.2,0.25,0.3,0.55,0.65,0.75,0.85,0.0,0.0,0.0,0.06,0.05
8,PE_FED,-0.01484,0.15,0.3,0.45,0.55,0.65,0.8,0.85,-0.5,0.0,0.0,0.08,0.05
8,PE_PB,-0.014841,0.1,0.15,0.35,0.6,0.7,0.75,0.9,0.0,0.55,0.0,0.08,0.05
8,PE_only,-0.014842,0.1,0.3,0.45,0.5,0.65,0.8,0.95,0.0,0.0,0.0,0.06,0.05
6,PE_PB,-0.014845,0.1,0.25,0.35,0.65,0.75,0.85,0.95,0.0,0.65,0.0,0.08,0.04
8,PE_PB,-0.014845,0.05,0.2,0.4,0.5,0.7,0.75,0.95,0.0,0.6,0.0,0.12,0.05
8,PE_PB,-0.014845,0.1,0.2,0.3,0.7,0.7,0.75,0.9,0.0,0.5,0.0,0.08,0.03
8,PB_FED,-0.014845,0.1,0.25,0.4,0.55,0.65,0.75,0.9,1.0,0.0,0.0,0.08,0.04
8,PE_PB,-0.014847,0.05,0.25,0.3,0.65,0.7,0.8,0.9,0.0,0.6,0.0,0.06,0.04
8,PE_PB,-0.014847,0.1,0.2,0.45,0.65,0.7,0.75,0.95,0.0,0.5,0.0,0.06,0.05
8,PE_FED,-0.014848,0.2,0.3,0.45,0.55,0.7,0.75,0.85,-0.5,0.0,0.0,0.1,0.05
8,PE_only,-0.014854,0.15,0.2,0.45,0.5,0.75,0.8,0.9,0.0,0.0,0.0,0.06,0.03
8,PE_PB,-0.014857,0.1,0.15,0.3,0.65,0.65,0.8,0.85,0.0,0.6,0.0,0.1,0.05
8,PE_only,-0.014858,0.2,0.3,0.4,0.55,0.75,0.8,0.9,0.0,0.0,0.0,0.1,0.04
6,PE_FED,-0.014862,0.2,0.25,0.3,0.55,0.65,0.75,0.95,-0.5,0.0,0.0,0.08,0.05
8,PE_PB,-0.014865,0.1,0.3,0.4,0.7,0.65,0.75,0.85,0.0,0.65,0.0,0.1,0.03
8,PE_PB,-0.014867,0.05,0.2,0.4,0.7,0.65,0.85,0.95,0.0,0.5,0.0,0.06,0.04
6,PE_only,-0.014868,0.2,0.25,0.3,0.55,0.65,0.75,0.95,0.0,0.0,0.0,0.1,0.03
8,PB_FED,-0.014871,0.15,0.2,0.35,0.65,0.75,0.8,0.85,1.0,0.0,0.0,0.06,0.04
6,PE_FED,-0.014872,0.05,0.25,0.35,0.55,0.7,0.8,0.95,0.0,0.0,0.0,0.06,0.05
8,PE_PB,-0.014877,0.2,0.25,0.35,0.7,0.65,0.85,0.95,0.0,0.55,0.0,0.06,0.03
8,PE_PB,-0.014879,0.05,0.15,0.3,0.6,0.7,0.85,0.95,0.0,0.5,0.0,0.06,0.04
8,PE_PB_FED,-0.014884,0.15,0.2,0.45,0.55,0.75,0.8,0.95,0.5,0.55,0.8,0.1,0.03
6,PB_FED,-0.014885,0.1,0.3,0.4,0.5,0.65,0.85,0.95,-0.5,0.0,0.0,0.12,0.05
6,PE_FED,-0.014887,0.1,0.25,0.4,0.7,0.75,0.85,0.9,0.0,0.0,0.0,0.06,0.04
8,PE_PB,-0.01489,0.1,0.25,0.45,0.65,0.7,0.8,0.95,0.0,0.55,0.0,0.06,0.05
8,PB_FED,-0.014892,0.05,0.25,0.45,0.7,0.7,0.8,0.95,1.0,0.0,0.0,0.08,0.03
8,PB_FED,-0.014894,0.05,0.2,0.4,0.7,0.75,0.8,0.85,1.0,0.0,0.0,0.08,0.03
8,PE_only,-0.014903,0.1,0.3,0.35,0.55,0.65,0.8,0.9,0.0,0.0,0.0,0.12,0.05
8,PE_PB_FED,-0.014909,0.15,0.2,0.35,0.6,0.7,0.85,0.9,0.0,0.5,0.7,0.08,0.04
6,PE_only,-0.01491,0.1,0.25,0.45,0.65,0.65,0.8,0.85,0.0,0.0,0.0,0.12,0.03
8,PE_PB,-0.01491,0.1,0.2,0.3,0.65,0.65,0.75,0.85,0.0,0.6,0.0,0.12,0.04
8,PE_PB,-0.014913,0.1,0.25,0.4,0.6,0.65,0.85,0.95,0.0,0.6,0.0,0.1,0.04
8,PE_PB,-0.014914,0.15,0.3,0.45,0.6,0.75,0.85,0.95,0.0,0.65,0.0,0.06,0.05
8,PE_PB_FED,-0.014914,0.1,0.3,0.45,0.6,0.7,0.8,0.9,0.0,0.55,0.8,0.1,0.04
8,PE_PB_FED,-0.014916,0.1,0.25,0.45,0.65,0.7,0.85,0.9,-0.5,0.6,0.8,0.1,0.04
6,PE_PB_FED,-0.014918,0.05,0.15,0.35,0.6,0.65,0.85,0.95,-0.5,0.65,0.8,0.12,0.03
6,PE_only,-0.014921,0.2,0.3,0.45,0.6,0.75,0.8,0.95,0.0,0.0,0.0,0.06,0.03
8,PB_FED,-0.014925,0.05,0.15,0.4,0.55,0.7,0.8,0.95,1.0,0.0,0.0,0.08,0.04
6,PE_FED,-0.014927,0.1,0.15,0.45,0.5,0.65,0.8,0.95,0.0,0.0,0.0,0.08,0.04
8,PE_PB,-0.014928,0.1,0.2,0.4,0.5,0.7,0.8,0.95,0.0,0.6,0.0,0.08,0.03
8,PE_PB_FED,-0.014935,0.1,0.2,0.45,0.5,0.65,0.85,0.9,0.0,0.65,0.75,0.12,0.04
8,PE_PB_FED,-0.014936,0.05,0.15,0.35,0.7,0.65,0.75,0.85,0.5,0.65,0.75,0.12,0.04
8,PE_PB_FED,-0.014941,0.1,0.2,0.3,0.6,0.75,0.85,0.95,0.5,0.6,0.75,0.06,0.04
8,PE_PB,-0.014943,0.2,0.3,0.4,0.65,0.65,0.8,0.95,0.0,0.6,0.0,0.12,0.05
8,PE_PB,-0.014945,0.1,0.3,0.35,0.65,0.7,0.85,0.95,0.0,0.6,0.0,0.08,0.03
8,PE_PB,-0.014945,0.2,0.25,0.45,0.55,0.7,0.8,0.95,0.0,0.65,0.0,0.1,0.05
8,PE_PB,-0.014945,0.2,0.3,0.4,0.6,0.7,0.8,0.95,0.0,0.6,0.0,0.06,0.03
8,PE_PB,-0.014945,0.1,0.3,0.35,0.65,0.7,0.85,0.95,0.0,0.6,0.0,0.12,0.03
8,PE_PB,-0.014948,0.1,0.15,0.4,0.55,0.65,0.85,0.95,0.0,0.55,0.0,0.06,0.04
6,PB_only,-0.014954,0.2,0.3,0.35,0.5,0.75,0.8,0.85,0.0,0.0,0.0,0.06,0.05
6,PE_only,-0.014958,0.1,0.15,0.4,0.5,0.75,0.8,0.95,0.0,0.0,0.0,0.1,0.05
8,PE_PB_FED,-0.014958,0.05,0.25,0.3,0.65,0.65,0.85,0.9,-0.5,0.6,0.75,0.12,0.05
8,PE_FED,-0.01496,0.15,0.25,0.3,0.55,0.7,0.75,0.9,0.5,0.0,0.0,0.1,0.05
8,PE_only,-0.014963,0.15,0.2,0.45,0.5,0.75,0.8,0.9,0.0,0.0,0.0,0.06,0.04
8,PE_PB,-0.014964,0.05,0.2,0.45,0.7,0.75,0.85,0.9,0.0,0.6,0.0,0.08,0.03
6,PE_FED,-0.01497,0.2,0.25,0.3,0.7,0.65,0.85,0.9,0.0,0.0,0.0,0.06,0.04
8,PE_PB,-0.01497,0.15,0.25,0.4,0.65,0.7,0.8,0.9,0.0,0.6,0.0,0.06,0.03
8,PE_PB,-0.014971,0.05,0.15,0.3,0.65,0.65,0.75,0.9,0.0,0.5,0.0,0.06,0.05
6,PE_only,-0.014976,0.1,0.25,0.35,0.6,0.65,0.75,0.9,0.0,0.0,0.0,0.1,0.03
8,PE_PB,-0.014979,0.15,0.2,0.35,0.65,0.65,0.75,0.85,0.0,0.6,0.0,0.12,0.03
8,PE_only,-0.01498,0.2,0.3,0.45,0.6,0.75,0.8,0.85,0.0,0.0,0.0,0.1,0.04
8,PE_PB,-0.014983,0.1,0.2,0.3,0.7,0.65,0.85,0.95,0.0,0.5,0.0,0.12,0.04
6,PE_PB,-0.014984,0.15,0.2,0.4,0.6,0.7,0.75,0.95,0.0,0.65,0.0,0.1,0.04
6,PE_PB,-0.014986,0.05,0.15,0.35,0.65,0.7,0.75,0.95,0.0,0.55,0.0,0.08,0.05
8,PE_FED,-0.014987,0.05,0.15,0.35,0.65,0.7,0.75,0.95,1.0,0.0,0.0,0.06,0.05
6,PE_only,-0.014988,0.05,0.2,0.45,0.55,0.7,0.8,0.95,0.0,0.0,0.0,0.1,0.05
8,PE_PB_FED,-0.014994,0.05,0.25,0.35,0.6,0.65,0.75,0.9,-0.5,0.5,0.8,0.1,0.03
8,PB_FED,-0.014994,0.05,0.15,0.45,0.65,0.65,0.8,0.85,1.0,0.0,0.0,0.12,0.03
6,PE_FED,-0.014998,0.05,0.15,0.45,0.6,0.7,0.8,0.9,0.0,0.0,0.0,0.12,0.03
6,PE_only,-0.015,0.05,0.3,0.4,0.65,0.75,0.85,0.9,0.0,0.0,0.0,0.1,0.03
8,PE_PB,-0.015001,0.15,0.25,0.3,0.55,0.65,0.75,0.95,0.0,0.55,0.0,0.08,0.04
6,PE_only,-0.015012,0.2,0.25,0.35,0.65,0.7,0.8,0.85,0.0,0.0,0.0,0.08,0.03
8,PE_PB,-0.015014,0.2,0.25,0.3,0.65,0.7,0.8,0.95,0.0,0.55,0.0,0.12,0.05
8,PE_PB,-0.015014,0.05,0.25,0.3,0.7,0.7,0.75,0.85,0.0,0.6,0.0,0.12,0.04
8,PB_FED,-0.015014,0.1,0.15,0.4,0.55,0.7,0.75,0.85,1.0,0.0,0.0,0.06,0.05
8,PE_only,-0.015017,0.05,0.15,0.35,0.5,0.75,0.8,0.85,0.0,0.0,0.0,0.08,0.03
6,PE_FED,-0.015021,0.2,0.25,0.35,0.6,0.7,0.75,0.9,0.0,0.0,0.0,0.1,0.04
6,PE_FED,-0.015023,0.1,0.3,0.35,0.6,0.75,0.85,0.95,-0.5,0.0,0.0,0.12,0.04
8,PE_FED,-0.015023,0.05,0.3,0.4,0.5,0.65,0.85,0.9,0.0,0.0,0.0,0.08,0.03
8,PE_PB_FED,-0.015023,0.05,0.15,0.4,0.5,0.7,0.85,0.9,0.0,0.55,0.8,0.06,0.04
6,PE_only,-0.015026,0.05,0.3,0.35,0.65,0.65,0.75,0.85,0.0,0.0,0.0,0.1,0.05
8,PE_PB,-0.015026,0.15,0.3,0.4,0.7,0.65,0.8,0.85,0.0,0.65,0.0,0.06,0.04
6,PE_PB,-0.01503,0.05,0.25,0.4,0.65,0.7,0.85,0.95,0.0,0.65,0.0,0.1,0.05
8,PE_FED,-0.015037,0.05,0.15,0.3,0.6,0.7,0.8,0.85,0.5,0.0,0.0,0.08,0.03
8,PE_PB_FED,-0.015037,0.15,0.2,0.4,0.6,0.65,0.75,0.95,0.5,0.5,0.8,0.12,0.04
8,PE_only,-0.015038,0.1,0.2,0.45,0.5,0.65,0.8,0.9,0.0,0.0,0.0,0.06,0.03
8,PE_FED,-0.015038,0.15,0.25,0.3,0.6,0.75,0.8,0.9,0.5,0.0,0.0,0.12,0.04
8,PE_PB_FED,-0.015038,0.05,0.2,0.4,0.55,0.75,0.8,0.85,-0.5,0.65,0.75,0.08,0.05
8,PE_PB,-0.01504,0.2,0.25,0.35,0.6,0.65,0.8,0.9,0.0,0.65,0.0,0.08,0.03
6,PE_FED,-0.015041,0.2,0.25,0.35,0.7,0.75,0.85,0.9,0.0,0.0,0.0,0.1,0.04
8,PE_PB_FED,-0.015045,0.15,0.3,0.4,0.7,0.65,0.85,0.95,-0.5,0.5,0.75,0.1,0.05
6,PE_PB_FED,-0.015046,0.15,0.25,0.45,0.7,0.65,0.75,0.95,0.0,0.65,0.8,0.1,0.05
8,PE_PB,-0.015047,0.05,0.2,0.35,0.6,0.75,0.8,0.85,0.0,0.65,0.0,0.1,0.04
6,PE_FED,-0.015049,0.05,0.2,0.45,0.55,0.75,0.85,0.95,0.0,0.0,0.0,0.08,0.05
8,PE_PB_FED,-0.01505,0.05,0.3,0.35,0.7,0.7,0.75,0.95,0.5,0.6,0.7,0.08,0.04
6,PE_PB,-0.015054,0.05,0.15,0.45,0.7,0.7,0.75,0.95,0.0,0.55,0.0,0.08,0.04
6,PE_FED,-0.015056,0.05,0.25,0.35,0.65,0.7,0.75,0.85,-0.5,0.0,0.0,0.08,0.05
6,PE_PB,-0.015062,0.05,0.2,0.3,0.6,0.75,0.8,0.95,0.0,0.65,0.0,0.06,0.05
6,PE_PB_FED,-0.015063,0.1,0.2,0.3,0.7,0.7,0.8,0.95,0.0,0.55,0.7,0.1,0.05
8,PB_FED,-0.015063,0.15,0.25,0.45,0.55,0.65,0.75,0.9,1.0,0.0,0.0,0.08,0.04
6,PE_only,-0.015067,0.1,0.15,0.3,0.6,0.7,0.75,0.85,0.0,0.0,0.0,0.08,0.05
8,PE_PB,-0.015067,0.1,0.15,0.3,0.55,0.65,0.85,0.9,0.0,0.65,0.0,0.12,0.04
8,PE_only,-0.015068,0.1,0.2,0.35,0.5,0.7,0.8,0.9,0.0,0.0,0.0,0.1,0.05
6,PE_only,-0.015071,0.05,0.2,0.35,0.5,0.7,0.75,0.95,0.0,0.0,0.0,0.06,0.03
6,PE_PB_FED,-0.015073,0.1,0.15,0.45,0.6,0.65,0.75,0.95,0.0,0.6,0.8,0.08,0.05
6,PE_only,-0.015075,0.05,0.25,0.35,0.55,0.75,0.8,0.95,0.0,0.0,0.0,0.12,0.04
8,PE_PB_FED,-0.015077,0.05,0.15,0.35,0.55,0.65,0.8,0.9,0.5,0.6,0.75,0.06,0.03
8,PE_PB,-0.015078,0.05,0.15,0.4,0.5,0.65,0.75,0.95,0.0,0.5,0.0,0.1,0.04
6,PE_PB,-0.015081,0.05,0.3,0.4,0.7,0.75,0.85,0.95,0.0,0.65,0.0,0.12,0.04
8,PE_FED,-0.015081,0.05,0.15,0.45,0.65,0.65,0.75,0.95,1.0,0.0,0.0,0.12,0.04
8,PE_PB_FED,-0.015083,0.15,0.25,0.3,0.6,0.7,0.75,0.9,0.5,0.65,0.7,0.08,0.04
6,PE_PB,-0.015087,0.1,0.15,0.4,0.7,0.75,0.8,0.85,0.0,0.65,0.0,0.12,0.04
8,PE_PB,-0.015088,0.15,0.2,0.4,0.65,0.65,0.75,0.85,0.0,0.6,0.0,0.12,0.03
6,PE_only,-0.01509,0.15,0.3,0.4,0.6,0.7,0.85,0.95,0.0,0.0,0.0,0.12,0.04
8,PB_FED,-0.015093,0.05,0.25,0.3,0.5,0.65,0.75,0.95,1.0,0.0,0.0,0.08,0.05
8,PE_FED,-0.015094,0.05,0.25,0.4,0.55,0.65,0.85,0.95,0.5,0.0,0.0,0.1,0.04
6,PE_FED,-0.015096,0.05,0.25,0.4,0.65,0.75,0.8,0.9,0.0,0.0,0.0,0.1,0.03
6,PE_FED,-0.015102,0.15,0.2,0.35,0.55,0.65,0.75,0.9,0.0,0.0,0.0,0.1,0.05
8,PB_FED,-0.015104,0.05,0.2,0.35,0.65,0.7,0.85,0.95,1.0,0.0,0.0,0.08,0.03
8,PE_FED,-0.015105,0.2,0.3,0.35,0.6,0.7,0.8,0.95,0.5,0.0,0.0,0.12,0.05
6,PE_only,-0.015107,0.1,0.15,0.45,0.55,0.7,0.85,0.95,0.0,0.0,0.0,0.1,0.05
6,PE_FED,-0.015112,0.1,0.25,0.3,0.6,0.65,0.75,0.9,-0.5,0.0,0.0,0.06,0.05
8,PE_PB,-0.015115,0.05,0.2,0.3,0.5,0.75,0.8,0.95,0.0,0.55,0.0,0.06,0.03
6,PE_only,-0.01512,0.1,0.2,0.35,0.5,0.7,0.75,0.95,0.0,0.0,0.0,0.12,0.03
8,PB_FED,-0.015124,0.05,0.2,0.4,0.6,0.75,0.8,0.9,1.0,0.0,0.0,0.1,0.03
6,PE_PB,-0.015125,0.15,0.2,0.4,0.7,0.75,0.8,0.95,0.0,0.6,0.0,0.06,0.04
8,PE_PB,-0.015125,0.05,0.25,0.35,0.65,0.7,0.8,0.85,0.0,0.65,0.0,0.12,0.04
8,PE_PB_FED,-0.015125,0.1,0.2,0.35,0.55,0.7,0.85,0.95,0.5,0.6,0.7,0.1,0.03
8,PB_FED,-0.015129,0.15,0.25,0.45,0.7,0.75,0.8,0.95,1.0,0.0,0.0,0.08,0.05
6,PB_only,-0.01513,0.2,0.3,0.45,0.5,0.75,0.8,0.9,0.0,0.0,0.0,0.06,0.05
6,PB_FED,-0.015134,0.05,0.15,0.45,0.65,0.65,0.75,0.9,0.5,0.0,0.0,0.1,0.04
8,PE_FED,-0.015136,0.1,0.15,0.4,0.7,0.65,0.75,0.95,1.0,0.0,0.0,0.06,0.05
8,PE_PB,-0.015139,0.05,0.2,0.45,0.65,0.65,0.75,0.9,0.0,0.55,0.0,0.06,0.04
8,PE_PB_FED,-0.01514,0.1,0.3,0.35,0.55,0.75,0.8,0.9,0.0,0.55,0.75,0.12,0.04
8,PE_FED,-0.015141,0.05,0.2,0.45,0.6,0.75,0.8,0.9,0.5,0.0,0.0,0.08,0.04
8,PE_only,-0.015143,0.2,0.3,0.45,0.6,0.7,0.8,0.85,0.0,0.0,0.0,0.06,0.05
8,PE_FED,-0.015144,0.15,0.3,0.35,0.6,0.65,0.85,0.95,0.5,0.0,0.0,0.06,0.03
8,PE_PB_FED,-0.015144,0.2,0.25,0.3,0.6,0.75,0.8,0.85,-0.5,0.65,0.8,0.08,0.05
8,PE_PB,-0.015147,0.05,0.2,0.4,0.65,0.65,0.8,0.9,0.0,0.55,0.0,0.12,0.03
8,PE_PB_FED,-0.015147,0.05,0.25,0.4,0.55,0.7,0.75,0.95,0.5,0.55,0.75,0.06,0.03
8,PB_FED,-0.015148,0.1,0.15,0.35,0.6,0.65,0.85,0.95,1.0,0.0,0.0,0.12,0.05
8,PE_PB,-0.015151,0.1,0.2,0.35,0.6,0.75,0.85,0.95,0.0,0.55,0.0,0.08,0.04
8,PE_PB,-0.015161,0.1,0.25,0.45,0.55,0.75,0.85,0.95,0.0,0.65,0.0,0.12,0.03
6,PE_FED,-0.015163,0.05,0.15,0.3,0.6,0.7,0.75,0.85,0.0,0.0,0.0,0.08,0.04
6,PE_only,-0.015164,0.15,0.2,0.3,0.6,0.7,0.8,0.9,0.0,0.0,0.0,0.12,0.05
8,PE_PB_FED,-0.015166,0.15,0.3,0.4,0.55,0.65,0.8,0.9,0.0,0.55,0.75,0.12,0.04
8,PE_PB,-0.01517,0.15,0.25,0.3,0.65,0.65,0.8,0.85,0.0,0.65,0.0,0.08,0.05
8,PE_PB,-0.015172,0.1,0.25,0.4,0.5,0.7,0.75,0.95,0.0,0.65,0.0,0.1,0.04
8,PE_PB_FED,-0.015174,0.2,0.3,0.45,0.55,0.75,0.85,0.95,-0.5,0.65,0.75,0.06,0.04
8,PE_FED,-0.015175,0.15,0.25,0.3,0.55,0.65,0.8,0.9,0.5,0.0,0.0,0.1,0.03
6,PE_FED,-0.015177,0.05,0.25,0.45,0.6,0.75,0.85,0.95,0.0,0.0,0.0,0.1,0.05
8,PE_PB_FED,-0.01518,0.05,0.25,0.35,0.6,0.65,0.85,0.95,-0.5,0.5,0.8,0.12,0.05
8,PE_PB,-0.015181,0.05,0.2,0.4,0.6,0.7,0.8,0.85,0.0,0.65,0.0,0.12,0.04
6,PE_FED,-0.015183,0.05,0.25,0.4,0.55,0.75,0.8,0.95,-0.5,0.0,0.0,0.1,0.04
6,PE_FED,-0.015185,0.2,0.25,0.35,0.7,0.65,0.85,0.9,0.0,0.0,0.0,0.1,0.04
8,PE_PB_FED,-0.015188,0.1,0.25,0.4,0.65,0.75,0.8,0.85,-0.5,0.6,0.75,0.1,0.03
8,PE_PB_FED,-0.015188,0.05,0.2,0.4,0.65,0.75,0.85,0.95,0.5,0.6,0.75,0.06,0.04
6,PE_FED,-0.015189,0.1,0.3,0.35,0.7,0.65,0.75,0.85,-0.5,0.0,0.0,0.1,0.03
6,PE_PB,-0.01519,0.1,0.25,0.3,0.65,0.7,0.75,0.9,0.0,0.65,0.0,0.1,0.03
6,PB_only,-0.015195,0.1,0.3,0.4,0.5,0.7,0.85,0.95,0.0,0.0,0.0,0.08,0.04
8,PE_PB_FED,-0.015196,0.2,0.25,0.35,0.5,0.7,0.8,0.95,-0.5,0.6,0.75,0.06,0.05
6,PE_PB,-0.015198,0.05,0.15,0.35,0.6,0.65,0.8,0.95,0.0,0.6,0.0,0.06,0.04
8,PB_FED,-0.015199,0.15,0.2,0.3,0.55,0.7,0.8,0.9,1.0,0.0,0.0,0.06,0.04
6,PE_PB_FED,-0.0152,0.05,0.15,0.4,0.6,0.75,0.85,0.95,0.0,0.65,0.75,0.08,0.03
6,PE_PB,-0.015206,0.05,0.2,0.4,0.7,0.75,0.8,0.95,0.0,0.6,0.0,0.06,0.05
8,PE_FED,-0.015206,0.1,0.3,0.4,0.65,0.7,0.75,0.9,0.5,0.0,0.0,0.06,0.03
8,PE_FED,-0.015206,0.05,0.3,0.4,0.5,0.65,0.8,0.85,0.0,0.0,0.0,0.1,0.04
8,PE_only,-0.015207,0.2,0.25,0.45,0.5,0.75,0.85,0.95,0.0,0.0,0.0,0.08,0.03
8,PE_FED,-0.015209,0.1,0.2,0.45,0.65,0.75,0.8,0.9,0.5,0.0,0.0,0.08,0.05
6,PE_PB_FED,-0.015211,0.1,0.2,0.45,0.7,0.65,0.8,0.95,-0.5,0.6,0.8,0.08,0.04
8,PE_only,-0.015211,0.2,0.25,0.4,0.55,0.7,0.75,0.85,0.0,0.0,0.0,0.06,0.05
6,PE_PB,-0.015213,0.05,0.2,0.35,0.7,0.65,0.8,0.95,0.0,0.6,0.0,0.1,0.04
6,PE_PB,-0.015218,0.1,0.2,0.35,0.6,0.75,0.8,0.95,0.0,0.65,0.0,0.12,0.04
8,PE_PB,-0.015218,0.05,0.25,0.3,0.7,0.75,0.8,0.9,0.0,0.55,0.0,0.08,0.04
6,PE_PB_FED,-0.01522,0.1,0.15,0.4,0.65,0.65,0.75,0.95,-0.5,0.55,0.8,0.08,0.03
8,PE_PB,-0.015224,0.1,0.3,0.45,0.65,0.7,0.75,0.95,0.0,0.55,0.0,0.08,0.03
8,PE_PB,-0.015226,0.05,0.2,0.3,0.6,0.65,0.8,0.9,0.0,0.6,0.0,0.12,0.05
6,PB_FED,-0.015236,0.05,0.15,0.4,0.7,0.7,0.75,0.9,0.5,0.0,0.0,0.06,0.03
8,PE_FED,-0.01524,0.1,0.25,0.3,0.5,0.75,0.8,0.85,-0.5,0.0,0.0,0.1,0.03
8,PE_PB_FED,-0.015256,0.1,0.25,0.4,0.6,0.65,0.75,0.85,0.0,0.5,0.7,0.08,0.03
6,PE_only,-0.015257,0.05,0.2,0.4,0.5,0.7,0.75,0.95,0.0,0.0,0.0,0.12,0.03
8,PE_PB,-0.015257,0.2,0.3,0.4,0.55,0.65,0.75,0.95,0.0,0.65,0.0,0.06,0.04
8,PE_FED,-0.015261,0.05,0.15,0.45,0.65,0.65,0.75,0.95,1.0,0.0,0.0,0.12,0.05
8,PB_FED,-0.015266,0.15,0.25,0.3,0.6,0.65,0.8,0.9,1.0,0.0,0.0,0.06,0.04
8,PE_only,-0.015267,0.1,0.2,0.4,0.5,0.75,0.8,0.9,0.0,0.0,0.0,0.12,0.05
8,PE_PB_FED,-0.015275,0.2,0.25,0.45,0.55,0.65,0.85,0.95,-0.5,0.6,0.7,0.06,0.05
8,PE_FED,-0.015279,0.05,0.3,0.4,0.7,0.7,0.85,0.95,0.5,0.0,0.0,0.12,0.05
8,PB_FED,-0.015279,0.1,0.25,0.3,0.7,0.75,0.85,0.9,1.0,0.0,0.0,0.06,0.03
8,PB_FED,-0.01528,0.1,0.25,0.3,0.5,0.65,0.75,0.9,1.0,0.0,0.0,0.08,0.04
6,PE_PB,-0.015285,0.05,0.2,0.35,0.6,0.7,0.8,0.95,0.0,0.65,0.0,0.12,0.05
6,PB_only,-0.015285,0.05,0.3,0.45,0.5,0.7,0.8,0.95,0.0,0.0,0.0,0.12,0.04
8,PE_FED,-0.015285,0.1,0.25,0.35,0.6,0.7,0.8,0.9,0.5,0.0,0.0,0.12,0.04
8,PE_PB,-0.015286,0.05,0.15,0.4,0.6,0.65,0.85,0.95,0.0,0.5,0.0,0.1,0.04
6,PE_FED,-0.01529,0.15,0.25,0.35,0.65,0.65,0.8,0.85,-0.5,0.0,0.0,0.12,0.03
8,PE_PB,-0.015291,0.05,0.2,0.35,0.6,0.65,0.8,0.85,0.0,0.65,0.0,0.06,0.05
8,PE_PB,-0.015297,0.1,0.3,0.4,0.7,0.75,0.8,0.85,0.0,0.65,0.0,0.08,0.04
6,PB_FED,-0.015298,0.2,0.3,0.35,0.5,0.65,0.85,0.95,-0.5,0.0,0.0,0.12,0.04
8,PE_PB,-0.0153,0.2,0.3,0.35,0.55,0.65,0.75,0.95,0.0,0.65,0.0,0.06,0.05
6,PE_PB,-0.015308,0.1,0.2,0.4,0.6,0.65,0.8,0.95,0.0,0.65,0.0,0.1,0.04
8,PE_PB,-0.015308,0.05,0.25,0.45,0.6,0.75,0.8,0.95,0.0,0.55,0.0,0.12,0.05
6,PE_only,-0.01531,0.2,0.25,0.3,0.55,0.65,0.75,0.95,0.0,0.0,0.0,0.1,0.05
8,PE_PB,-0.015316,0.05,0.15,0.35,0.5,0.7,0.85,0.95,0.0,0.6,0.0,0.12,0.04
6,PE_only,-0.015324,0.2,0.3,0.4,0.65,0.75,0.85,0.9,0.0,0.0,0.0,0.08,0.03
8,PE_PB,-0.015326,0.05,0.2,0.45,0.65,0.7,0.8,0.9,0.0,0.6,0.0,0.06,0.05
6,PE_only,-0.015328,0.15,0.2,0.35,0.5,0.7,0.75,0.95,0.0,0.0,0.0,0.12,0.04
8,PE_PB,-0.015331,0.05,0.3,0.35,0.7,0.65,0.85,0.95,0.0,0.55,0.0,0.06,0.03
6,PE_PB,-0.015342,0.15,0.25,0.4,0.65,0.65,0.75,0.9,0.0,0.65,0.0,0.06,0.03
6,PB_only,-0.015343,0.05,0.3,0.45,0.5,0.75,0.8,0.95,0.0,0.0,0.0,0.12,0.05
8,PE_PB_FED,-0.015343,0.1,0.25,0.35,0.65,0.65,0.85,0.9,0.0,0.5,0.7,0.12,0.04
6,PE_only,-0.015347,0.1,0.25,0.3,0.6,0.75,0.8,0.9,0.0,0.0,0.0,0.1,0.03
6,PE_FED,-0.015349,0.05,0.15,0.45,0.7,0.7,0.8,0.85,0.0,0.0,0.0,0.1,0.03
8,PE_PB_FED,-0.015354,0.15,0.25,0.3,0.5,0.65,0.75,0.95,0.5,0.55,0.8,0.1,0.03
8,PE_PB_FED,-0.015355,0.2,0.25,0.35,0.65,0.75,0.8,0.9,0.0,0.5,0.75,0.1,0.05
6,PE_PB,-0.015358,0.15,0.2,0.4,0.6,0.65,0.8,0.95,0.0,0.65,0.0,0.12,0.05
8,PE_FED,-0.015359,0.2,0.3,0.4,0.5,0.7,0.8,0.9,-0.5,0.0,0.0,0.06,0.03
8,PE_PB_FED,-0.015364,0.15,0.25,0.35,0.7,0.65,0.85,0.95,0.5,0.6,0.7,0.12,0.04
6,PE_only,-0.015365,0.15,0.25,0.45,0.55,0.65,0.75,0.95,0.0,0.0,0.0,0.1,0.05
6,PE_only,-0.015368,0.1,0.15,0.3,0.55,0.65,0.75,0.9,0.0,0.0,0.0,0.06,0.05
8,PE_only,-0.015369,0.2,0.3,0.45,0.5,0.7,0.8,0.95,0.0,0.0,0.0,0.1,0.04
8,PB_FED,-0.015371,0.15,0.2,0.3,0.6,0.75,0.85,0.95,1.0,0.0,0.0,0.1,0.04
8,PE_PB,-0.015375,0.1,0.3,0.4,0.7,0.65,0.85,0.9,0.0,0.65,0.0,0.06,0.03
6,PE_PB,-0.015381,0.05,0.2,0.4,0.6,0.75,0.8,0.95,0.0,0.65,0.0,0.06,0.05
8,PE_PB,-0.015381,0.05,0.15,0.3,0.5,0.75,0.8,0.95,0.0,0.5,0.0,0.12,0.04
6,PE_only,-0.015382,0.15,0.2,0.35,0.6,0.7,0.8,0.9,0.0,0.0,0.0,0.08,0.05
8,PE_PB_FED,-0.015383,0.1,0.2,0.45,0.6,0.65,0.8,0.95,0.5,0.55,0.7,0.06,0.04
8,PE_only,-0.015386,0.05,0.3,0.35,0.5,0.75,0.85,0.95,0.0,0.0,0.0,0.08,0.04
8,PB_FED,-0.015386,0.05,0.25,0.45,0.6,0.65,0.75,0.85,1.0,0.0,0.0,0.08,0.03
6,PE_PB_FED,-0.015388,0.05,0.15,0.3,0.6,0.65,0.75,0.95,-0.5,0.55,0.75,0.08,0.03
6,PB_FED,-0.015388,0.1,0.15,0.3,0.65,0.65,0.8,0.9,0.5,0.0,0.0,0.08,0.04
6,PE_only,-0.015389,0.1,0.3,0.35,0.65,0.65,0.8,0.85,0.0,0.0,0.0,0.12,0.05
8,PE_FED,-0.015392,0.1,0.3,0.45,0.65,0.65,0.85,0.95,0.5,0.0,0.0,0.12,0.03
8,PE_PB_FED,-0.015392,0.05,0.15,0.45,0.5,0.7,0.8,0.85,0.0,0.6,0.7,0.08,0.04
8,PE_PB,-0.015396,0.1,0.15,0.3,0.65,0.7,0.75,0.85,0.0,0.55,0.0,0.1,0.04
6,PE_only,-0.015397,0.1,0.3,0.35,0.65,0.75,0.8,0.85,0.0,0.0,0.0,0.08,0.05
8,PE_PB_FED,-0.015399,0.15,0.2,0.45,0.65,0.7,0.8,0.9,0.5,0.65,0.75,0.08,0.03
8,PE_PB,-0.015408,0.05,0.25,0.4,0.7,0.7,0.75,0.85,0.0,0.6,0.0,0.06,0.03
8,PE_PB_FED,-0.015414,0.1,0.2,0.45,0.55,0.65,0.85,0.9,0.0,0.55,0.8,0.06,0.03
8,PE_only,-0.015417,0.15,0.25,0.4,0.5,0.65,0.8,0.9,0.0,0.0,0.0,0.08,0.03
8,PE_PB,-0.015417,0.05,0.15,0.45,0.6,0.7,0.8,0.9,0.0,0.55,0.0,0.06,0.04
8,PE_PB_FED,-0.015417,0.15,0.3,0.35,0.5,0.65,0.75,0.9,0.0,0.6,0.7,0.06,0.05
6,PE_PB,-0.015418,0.2,0.3,0.35,0.65,0.7,0.75,0.95,0.0,0.65,0.0,0.1,0.05
8,PE_PB_FED,-0.015418,0.1,0.3,0.35,0.55,0.7,0.75,0.9,-0.5,0.6,0.8,0.1,0.04
6,PE_PB_FED,-0.015421,0.05,0.2,0.4,0.7,0.75,0.85,0.95,-0.5,0.6,0.75,0.1,0.03
6,PE_only,-0.015423,0.2,0.25,0.35,0.55,0.65,0.75,0.95,0.0,0.0,0.0,0.12,0.04
8,PE_PB_FED,-0.015426,0.15,0.3,0.45,0.6,0.7,0.8,0.95,-0.5,0.5,0.7,0.08,0.04
6,PE_only,-0.015436,0.1,0.15,0.3,0.55,0.65,0.8,0.9,0.0,0.0,0.0,0.12,0.03
8,PE_PB_FED,-0.015447,0.05,0.25,0.35,0.55,0.7,0.85,0.9,0.0,0.6,0.8,0.06,0.05
8,PE_PB,-0.015453,0.05,0.3,0.4,0.7,0.7,0.8,0.9,0.0,0.6,0.0,0.06,0.04
6,PB_FED,-0.015454,0.1,0.2,0.3,0.6,0.65,0.75,0.95,0.5,0.0,0.0,0.12,0.03
8,PE_PB,-0.015456,0.15,0.25,0.3,0.7,0.7,0.75,0.85,0.0,0.6,0.0,0.1,0.05
8,PE_PB_FED,-0.015459,0.2,0.25,0.4,0.6,0.75,0.8,0.85,-0.5,0.65,0.8,0.1,0.05
6,PE_only,-0.015461,0.2,0.3,0.4,0.65,0.7,0.75,0.85,0.0,0.0,0.0,0.1,0.05
6,PE_only,-0.015463,0.1,0.3,0.4,0.65,0.7,0.8,0.85,0.0,0.0,0.0,0.1,0.04
8,PE_PB_FED,-0.015463,0.05,0.25,0.4,0.7,0.75,0.8,0.85,-0.5,0.55,0.8,0.06,0.04
6,PE_PB_FED,-0.015469,0.2,0.25,0.35,0.6,0.65,0.75,0.95,0.0,0.65,0.8,0.08,0.03
8,PE_PB_FED,-0.015469,0.2,0.3,0.35,0.7,0.75,0.85,0.9,0.0,0.55,0.7,0.06,0.03
6,PB_only,-0.015473,0.05,0.3,0.45,0.5,0.7,0.85,0.95,0.0,0.0,0.0,0.08,0.03
6,PE_only,-0.015482,0.1,0.2,0.45,0.6,0.75,0.8,0.9,0.0,0.0,0.0,0.08,0.03
6,PE_only,-0.015483,0.15,0.25,0.35,0.6,0.75,0.8,0.9,0.0,0.0,0.0,0.06,0.04
6,PE_only,-0.015484,0.2,0.25,0.35,0.6,0.65,0.75,0.9,0.0,0.0,0.0,0.1,0.04
6,PE_PB,-0.015484,0.2,0.3,0.4,0.65,0.65,0.75,0.95,0.0,0.65,0.0,0.08,0.05
6,PE_PB,-0.015485,0.1,0.25,0.3,0.6,0.65,0.8,0.95,0.0,0.65,0.0,0.12,0.03
6,PE_FED,-0.015487,0.05,0.25,0.3,0.7,0.75,0.85,0.9,0.0,0.0,0.0,0.12,0.03
6,PE_only,-0.015492,0.05,0.25,0.45,0.55,0.7,0.75,0.95,0.0,0.0,0.0,0.12,0.04
6,PE_only,-0.015494,0.05,0.2,0.35,0.6,0.75,0.8,0.9,0.0,0.0,0.0,0.06,0.05
8,PE_PB,-0.015494,0.2,0.25,0.3,0.7,0.65,0.75,0.95,0.0,0.5,0.0,0.1,0.05
6,PE_only,-0.015499,0.1,0.3,0.4,0.65,0.65,0.8,0.85,0.0,0.0,0.0,0.08,0.05
6,PE_only,-0.015499,0.1,0.3,0.4,0.65,0.65,0.8,0.85,0.0,0.0,0.0,0.06,0.05
8,PE_PB,-0.015499,0.1,0.3,0.4,0.7,0.7,0.85,0.9,0.0,0.65,0.0,0.12,0.05
6,PB_FED,-0.01551,0.05,0.15,0.3,0.55,0.65,0.75,0.95,0.5,0.0,0.0,0.06,0.03
8,PE_PB,-0.015511,0.05,0.3,0.45,0.6,0.65,0.75,0.9,0.0,0.65,0.0,0.12,0.03
8,PE_PB,-0.015511,0.2,0.3,0.45,0.55,0.65,0.8,0.95,0.0,0.65,0.0,0.08,0.03
6,PE_PB,-0.015513,0.1,0.15,0.35,0.65,0.75,0.85,0.9,0.0,0.65,0.0,0.06,0.03
6,PE_only,-0.015515,0.15,0.2,0.4,0.6,0.75,0.8,0.9,0.0,0.0,0.0,0.12,0.05
6,PE_PB,-0.015517,0.1,0.3,0.45,0.65,0.75,0.8,0.95,0.0,0.65,0.0,0.08,0.05
8,PE_only,-0.015517,0.1,0.25,0.45,0.55,0.7,0.85,0.9,0.0,0.0,0.0,0.08,0.03
8,PB_FED,-0.015517,0.15,0.3,0.35,0.55,0.7,0.75,0.9,1.0,0.0,0.0,0.06,0.03
8,PE_PB_FED,-0.015518,0.15,0.25,0.35,0.65,0.65,0.85,0.9,0.0,0.5,0.7,0.06,0.03
8,PE_PB,-0.015519,0.05,0.25,0.45,0.65,0.65,0.8,0.85,0.0,0.65,0.0,0.06,0.04
8,PE_PB,-0.015522,0.05,0.2,0.35,0.7,0.7,0.85,0.9,0.0,0.55,0.0,0.06,0.04
8,PB_FED,-0.015523,0.05,0.15,0.35,0.55,0.65,0.75,0.85,1.0,0.0,0.0,0.08,0.05
6,PE_FED,-0.015535,0.1,0.3,0.45,0.7,0.7,0.8,0.85,-0.5,0.0,0.0,0.08,0.04
6,PB_FED,-0.015537,0.15,0.2,0.4,0.7,0.65,0.75,0.9,0.5,0.0,0.0,0.12,0.03
8,PE_PB_FED,-0.015537,0.05,0.2,0.3,0.55,0.65,0.8,0.85,0.0,0.5,0.75,0.06,0.03
6,PE_FED,-0.015543,0.05,0.3,0.4,0.55,0.7,0.75,0.95,0.0,0.0,0.0,0.12,0.03
6,PE_FED,-0.015543,0.05,0.3,0.4,0.55,0.65,0.75,0.95,0.0,0.0,0.0,0.06,0.03
6,PB_FED,-0.015545,0.05,0.15,0.35,0.65,0.65,0.75,0.95,0.5,0.0,0.0,0.12,0.04
8,PE_FED,-0.015548,0.1,0.25,0.35,0.5,0.75,0.85,0.95,0.5,0.0,0.0,0.1,0.03
8,PE_PB_FED,-0.015548,0.1,0.3,0.45,0.6,0.65,0.75,0.9,-0.5,0.6,0.75,0.08,0.05
6,PE_only,-0.015557,0.05,0.15,0.35,0.55,0.7,0.75,0.9,0.0,0.0,0.0,0.12,0.05
6,PE_only,-0.015557,0.05,0.15,0.3,0.6,0.7,0.8,0.85,0.0,0.0,0.0,0.12,0.03
6,PE_only,-0.015562,0.05,0.2,0.4,0.55,0.75,0.85,0.95,0.0,0.0,0.0,0.12,0.05
6,PB_only,-0.015563,0.2,0.3,0.45,0.5,0.75,0.85,0.9,0.0,0.0,0.0,0.12,0.04
8,PE_PB,-0.015569,0.1,0.15,0.45,0.7,0.65,0.85,0.9,0.0,0.55,0.0,0.12,0.04
8,PE_PB_FED,-0.015569,0.1,0.25,0.3,0.65,0.7,0.8,0.9,-0.5,0.5,0.7,0.08,0.04
6,PE_FED,-0.01557,0.2,0.25,0.45,0.65,0.7,0.85,0.9,-0.5,0.0,0.0,0.1,0.04
6,PB_FED,-0.015574,0.15,0.2,0.3,0.7,0.7,0.75,0.95,0.5,0.0,0.0,0.1,0.04
8,PE_only,-0.015574,0.05,0.3,0.4,0.5,0.7,0.85,0.95,0.0,0.0,0.0,0.06,0.04
8,PE_PB_FED,-0.015575,0.15,0.25,0.3,0.5,0.7,0.75,0.85,0.0,0.6,0.75,0.08,0.04
8,PE_PB_FED,-0.015576,0.15,0.2,0.4,0.55,0.65,0.85,0.9,-0.5,0.6,0.7,0.06,0.04
6,PE_PB,-0.015579,0.1,0.15,0.35,0.55,0.7,0.8,0.95,0.0,0.65,0.0,0.12,0.05
8,PB_FED,-0.015579,0.05,0.2,0.4,0.7,0.65,0.8,0.85,1.0,0.0,0.0,0.12,0.03
6,PE_FED,-0.01558,0.2,0.3,0.45,0.7,0.65,0.8,0.9,0.0,0.0,0.0,0.06,0.03
6,PE_FED,-0.015583,0.2,0.3,0.4,0.6,0.7,0.85,0.95,0.0,0.0,0.0,0.1,0.03
6,PE_PB_FED,-0.015584,0.05,0.25,0.35,0.6,0.65,0.8,0.95,-0.5,0.65,0.7,0.12,0.03
6,PB_FED,-0.015584,0.15,0.2,0.35,0.7,0.65,0.75,0.95,0.5,0.0,0.0,0.06,0.05
6,PE_only,-0.015587,0.15,0.2,0.4,0.5,0.65,0.8,0.95,0.0,0.0,0.0,0.1,0.03
6,PE_FED,-0.015588,0.05,0.3,0.4,0.7,0.75,0.8,0.85,-0.5,0.0,0.0,0.1,0.03
8,PE_PB_FED,-0.015588,0.1,0.25,0.45,0.65,0.7,0.75,0.95,0.5,0.55,0.75,0.12,0.05
6,PE_only,-0.015589,0.1,0.25,0.45,0.6,0.65,0.75,0.9,0.0,0.0,0.0,0.08,0.04
6,PE_only,-0.01559,0.05,0.25,0.45,0.55,0.7,0.75,0.95,0.0,0.0,0.0,0.1,0.05
6,PE_PB_FED,-0.015592,0.15,0.2,0.4,0.55,0.65,0.75,0.95,0.0,0.6,0.7,0.1,0.04
6,PE_PB,-0.015594,0.05,0.2,0.3,0.7,0.7,0.75,0.85,0.0,0.65,0.0,0.08,0.05
8,PE_FED,-0.015594,0.15,0.2,0.45,0.7,0.65,0.75,0.85,0.5,0.0,0.0,0.1,0.04
8,PE_PB,-0.015596,0.05,0.25,0.4,0.5,0.65,0.8,0.95,0.0,0.65,0.0,0.08,0.04
6,PE_only,-0.015601,0.1,0.2,0.3,0.5,0.75,0.8,0.95,0.0,0.0,0.0,0.1,0.04
8,PE_PB,-0.015602,0.05,0.3,0.4,0.65,0.65,0.8,0.95,0.0,0.55,0.0,0.08,0.04
6,PE_only,-0.015603,0.2,0.25,0.4,0.6,0.65,0.75,0.9,0.0,0.0,0.0,0.08,0.04
8,PE_PB_FED,-0.015606,0.05,0.25,0.3,0.5,0.7,0.75,0.9,-0.5,0.6,0.8,0.06,0.03
8,PE_only,-0.015608,0.15,0.2,0.3,0.5,0.65,0.85,0.9,0.0,0.0,0.0,0.12,0.04
6,PE_only,-0.01561,0.15,0.25,0.4,0.6,0.7,0.8,0.9,0.0,0.0,0.0,0.12,0.04
6,PE_PB_FED,-0.015613,0.1,0.15,0.35,0.7,0.7,0.75,0.9,-0.5,0.6,0.7,0.12,0.04
6,PE_PB,-0.015618,0.05,0.15,0.3,0.7,0.75,0.8,0.9,0.0,0.6,0.0,0.1,0.04
8,PE_PB,-0.015621,0.05,0.25,0.4,0.65,0.65,0.85,0.95,0.0,0.55,0.0,0.1,0.05
6,PE_FED,-0.015623,0.15,0.25,0.3,0.65,0.65,0.75,0.85,0.0,0.0,0.0,0.1,0.04
8,PE_PB,-0.015627,0.1,0.15,0.45,0.6,0.65,0.75,0.9,0.0,0.55,0.0,0.06,0.05
8,PE_PB_FED,-0.015627,0.1,0.2,0.35,0.7,0.65,0.8,0.85,-0.5,0.5,0.7,0.06,0.03
8,PE_FED,-0.015629,0.05,0.25,0.4,0.6,0.7,0.8,0.9,0.5,0.0,0.0,0.12,0.03
6,PE_FED,-0.015631,0.1,0.3,0.35,0.65,0.75,0.8,0.9,0.0,0.0,0.0,0.12,0.04
8,PE_PB,-0.015633,0.15,0.25,0.35,0.65,0.7,0.8,0.95,0.0,0.5,0.0,0.12,0.04
8,PE_PB_FED,-0.015634,0.05,0.15,0.3,0.6,0.75,0.8,0.9,0.5,0.55,0.7,0.08,0.03
6,PE_only,-0.015637,0.1,0.15,0.45,0.5,0.7,0.8,0.95,0.0,0.0,0.0,0.12,0.04
8,PE_FED,-0.015639,0.2,0.25,0.3,0.55,0.65,0.85,0.95,0.5,0.0,0.0,0.08,0.05
8,PE_FED,-0.015643,0.15,0.3,0.45,0.65,0.7,0.75,0.9,0.5,0.0,0.0,0.1,0.03
8,PB_FED,-0.015645,0.15,0.2,0.3,0.5,0.65,0.8,0.9,1.0,0.0,0.0,0.08,0.03
8,PE_PB,-0.015649,0.1,0.25,0.35,0.65,0.65,0.85,0.9,0.0,0.65,0.0,0.06,0.05
8,PE_PB,-0.015652,0.2,0.3,0.4,0.7,0.65,0.8,0.95,0.0,0.55,0.0,0.06,0.05
8,PE_only,-0.015658,0.1,0.3,0.45,0.55,0.65,0.8,0.9,0.0,0.0,0.0,0.12,0.05
6,PE_PB,-0.01566,0.1,0.2,0.35,0.7,0.7,0.75,0.95,0.0,0.55,0.0,0.08,0.05
8,PE_PB,-0.01566,0.05,0.2,0.3,0.65,0.75,0.85,0.95,0.0,0.5,0.0,0.08,0.05
8,PB_FED,-0.015661,0.05,0.15,0.35,0.6,0.75,0.85,0.95,1.0,0.0,0.0,0.06,0.04
6,PE_only,-0.015663,0.05,0.2,0.4,0.5,0.65,0.75,0.95,0.0,0.0,0.0,0.12,0.05
6,PB_only,-0.015663,0.2,0.3,0.35,0.5,0.65,0.85,0.95,0.0,0.0,0.0,0.12,0.04
8,PE_PB,-0.015663,0.1,0.2,0.4,0.7,0.65,0.8,0.9,0.0,0.55,0.0,0.08,0.05
6,PE_only,-0.015664,0.15,0.3,0.45,0.6,0.7,0.85,0.95,0.0,0.0,0.0,0.06,0.04
8,PE_only,-0.015669,0.1,0.15,0.35,0.5,0.75,0.85,0.9,0.0,0.0,0.0,0.08,0.05
8,PE_PB,-0.015671,0.1,0.2,0.4,0.6,0.75,0.8,0.85,0.0,0.65,0.0,0.1,0.05
6,PE_FED,-0.015675,0.1,0.25,0.3,0.55,0.65,0.85,0.95,-0.5,0.0,0.0,0.08,0.03
6,PE_PB_FED,-0.015686,0.15,0.2,0.45,0.65,0.7,0.75,0.9,0.0,0.65,0.8,0.12,0.03
8,PB_FED,-0.015686,0.2,0.3,0.45,0.5,0.7,0.85,0.9,0.5,0.0,0.0,0.1,0.05
6,PE_FED,-0.015687,0.15,0.25,0.35,0.55,0.65,0.85,0.95,0.0,0.0,0.0,0.08,0.05
8,PE_PB,-0.01569,0.15,0.2,0.35,0.7,0.75,0.8,0.9,0.0,0.5,0.0,0.1,0.03
8,PE_PB,-0.015691,0.2,0.25,0.45,0.7,0.65,0.85,0.9,0.0,0.65,0.0,0.08,0.05
6,PE_FED,-0.0157,0.2,0.3,0.4,0.6,0.75,0.85,0.95,0.0,0.0,0.0,0.1,0.05
6,PE_only,-0.015703,0.15,0.2,0.3,0.6,0.7,0.75,0.85,0.0,0.0,0.0,0.12,0.04
8,PE_PB_FED,-0.015703,0.1,0.2,0.3,0.55,0.65,0.8,0.85,-0.5,0.6,0.7,0.06,0.03
8,PB_FED,-0.015706,0.05,0.25,0.4,0.55,0.65,0.75,0.95,1.0,0.0,0.0,0.1,0.04
6,PE_PB_FED,-0.015711,0.1,0.15,0.45,0.6,0.7,0.75,0.95,0.0,0.55,0.75,0.1,0.03
8,PE_PB,-0.015711,0.05,0.25,0.35,0.55,0.65,0.8,0.95,0.0,0.55,0.0,0.06,0.05
6,PE_only,-0.015712,0.2,0.25,0.45,0.55,0.65,0.75,0.95,0.0,0.0,0.0,0.12,0.03
8,PE_only,-0.015712,0.15,0.2,0.3,0.5,0.75,0.85,0.9,0.0,0.0,0.0,0.06,0.04
6,PE_only,-0.015713,0.1,0.25,0.45,0.6,0.65,0.75,0.9,0.0,0.0,0.0,0.06,0.03
8,PE_FED,-0.015713,0.15,0.2,0.3,0.55,0.65,0.75,0.85,0.5,0.0,0.0,0.06,0.04
6,PE_PB_FED,-0.015714,0.1,0.15,0.3,0.5,0.7,0.75,0.95,0.0,0.65,0.7,0.08,0.05
8,PE_PB,-0.015718,0.15,0.25,0.45,0.6,0.7,0.8,0.9,0.0,0.65,0.0,0.12,0.05
8,PE_FED,-0.015723,0.2,0.25,0.4,0.5,0.75,0.8,0.95,0.5,0.0,0.0,0.12,0.05
8,PE_PB,-0.015725,0.05,0.2,0.3,0.55,0.65,0.85,0.95,0.0,0.55,0.0,0.1,0.04
6,PE_PB,-0.015727,0.1,0.2,0.3,0.65,0.7,0.8,0.95,0.0,0.55,0.0,0.06,0.03
8,PE_PB_FED,-0.01573,0.1,0.15,0.35,0.6,0.65,0.75,0.9,0.5,0.5,0.75,0.08,0.04
8,PE_PB_FED,-0.015732,0.05,0.25,0.4,0.6,0.65,0.75,0.9,0.5,0.65,0.7,0.06,0.03
6,PE_FED,-0.015735,0.2,0.25,0.35,0.65,0.7,0.85,0.9,-0.5,0.0,0.0,0.08,0.05
8,PE_PB,-0.015737,0.15,0.25,0.4,0.65,0.65,0.8,0.95,0.0,0.5,0.0,0.12,0.04
6,PE_PB,-0.015739,0.05,0.15,0.35,0.65,0.65,0.85,0.95,0.0,0.6,0.0,0.12,0.04
8,PE_PB,-0.015739,0.05,0.25,0.45,0.65,0.65,0.8,0.9,0.0,0.6,0.0,0.12,0.04
8,PE_FED,-0.01574,0.05,0.15,0.45,0.55,0.65,0.75,0.85,0.5,0.0,0.0,0.12,0.04
8,PE_PB_FED,-0.015742,0.1,0.2,0.45,0.5,0.7,0.8,0.9,0.0,0.55,0.7,0.1,0.05
6,PE_PB_FED,-0.015744,0.1,0.15,0.35,0.7,0.65,0.75,0.9,-0.5,0.6,0.75,0.1,0.04
6,PE_FED,-0.015746,0.2,0.3,0.45,0.65,0.7,0.8,0.9,-0.5,0.0,0.0,0.1,0.03
8,PE_PB,-0.015746,0.2,0.3,0.35,0.65,0.7,0.85,0.95,0.0,0.6,0.0,0.06,0.03
6,PE_only,-0.015748,0.2,0.3,0.35,0.6,0.7,0.85,0.95,0.0,0.0,0.0,0.12,0.03
8,PE_only,-0.015753,0.2,0.25,0.45,0.55,0.65,0.75,0.85,0.0,0.0,0.0,0.08,0.05
6,PE_only,-0.015756,0.15,0.2,0.3,0.6,0.65,0.75,0.85,0.0,0.0,0.0,0.12,0.03
6,PE_FED,-0.015756,0.15,0.25,0.35,0.65,0.75,0.85,0.9,0.0,0.0,0.0,0.08,0.04
8,PE_PB_FED,-0.015756,0.1,0.15,0.3,0.7,0.65,0.75,0.95,1.0,0.55,0.7,0.12,0.03
6,PE_PB,-0.015759,0.05,0.2,0.45,0.65,0.75,0.8,0.9,0.0,0.65,0.0,0.1,0.04
6,PE_PB,-0.01576,0.1,0.25,0.3,0.65,0.7,0.8,0.9,0.0,0.65,0.0,0.08,0.03
6,PE_FED,-0.015761,0.05,0.15,0.45,0.6,0.7,0.8,0.9,0.0,0.0,0.0,0.06,0.05
8,PE_PB,-0.015763,0.1,0.2,0.3,0.7,0.65,0.8,0.9,0.0,0.5,0.0,0.06,0.03
8,PB_FED,-0.015765,0.1,0.2,0.45,0.65,0.65,0.85,0.9,1.0,0.0,0.0,0.12,0.03
8,PE_PB,-0.015769,0.05,0.25,0.3,0.5,0.7,0.75,0.95,0.0,0.6,0.0,0.12,0.04
6,PE_only,-0.015771,0.15,0.3,0.35,0.55,0.75,0.8,0.95,0.0,0.0,0.0,0.1,0.03
8,PE_only,-0.015773,0.1,0.25,0.45,0.55,0.7,0.8,0.85,0.0,0.0,0.0,0.1,0.03
8,PE_only,-0.015773,0.1,0.25,0.45,0.55,0.7,0.8,0.85,0.0,0.0,0.0,0.06,0.03
8,PE_FED,-0.015776,0.15,0.2,0.4,0.7,0.7,0.85,0.9,0.5,0.0,0.0,0.1,0.03
6,PE_FED,-0.015777,0.15,0.2,0.45,0.65,0.65,0.8,0.85,0.0,0.0,0.0,0.1,0.05
8,PE_FED,-0.015777,0.05,0.15,0.4,0.55,0.7,0.85,0.9,0.5,0.0,0.0,0.1,0.04
8,PE_FED,-0.015779,0.15,0.25,0.35,0.55,0.7,0.8,0.9,0.5,0.0,0.0,0.12,0.04
8,PE_PB,-0.015784,0.1,0.15,0.4,0.65,0.7,0.75,0.85,0.0,0.55,0.0,0.12,0.03
8,PE_only,-0.015792,0.15,0.2,0.4,0.5,0.7,0.75,0.85,0.0,0.0,0.0,0.08,0.03
8,PE_FED,-0.015793,0.15,0.3,0.35,0.6,0.65,0.85,0.95,0.5,0.0,0.0,0.08,0.05
8,PE_only,-0.015794,0.05,0.25,0.45,0.55,0.7,0.8,0.85,0.0,0.0,0.0,0.06,0.05
8,PB_FED,-0.015796,0.05,0.15,0.3,0.5,0.65,0.8,0.9,1.0,0.0,0.0,0.06,0.04
6,PB_FED,-0.015797,0.1,0.2,0.4,0.7,0.65,0.75,0.85,0.5,0.0,0.0,0.12,0.03
8,PE_PB_FED,-0.015798,0.1,0.25,0.4,0.5,0.75,0.8,0.95,0.5,0.65,0.8,0.1,0.05
8,PE_only,-0.015806,0.05,0.2,0.45,0.5,0.65,0.8,0.9,0.0,0.0,0.0,0.06,0.05
8,PE_PB_FED,-0.015809,0.2,0.25,0.45,0.6,0.75,0.8,0.85,0.0,0.6,0.7,0.06,0.05
8,PE_only,-0.015811,0.15,0.3,0.45,0.55,0.65,0.75,0.85,0.0,0.0,0.0,0.12,0.04
8,PE_PB_FED,-0.015811,0.15,0.25,0.3,0.7,0.65,0.75,0.85,-0.5,0.5,0.75,0.06,0.03
8,PE_PB,-0.015819,0.05,0.25,0.3,0.55,0.75,0.8,0.95,0.0,0.5,0.0,0.12,0.03
6,PE_only,-0.01582,0.05,0.3,0.35,0.55,0.65,0.75,0.95,0.0,0.0,0.0,0.12,0.03
8,PE_only,-0.015823,0.15,0.3,0.45,0.5,0.75,0.85,0.95,0.0,0.0,0.0,0.06,0.03
8,PE_PB,-0.015823,0.05,0.2,0.3,0.55,0.65,0.8,0.9,0.0,0.6,0.0,0.08,0.04
8,PE_only,-0.015826,0.1,0.2,0.3,0.5,0.7,0.85,0.9,0.0,0.0,0.0,0.12,0.04
8,PE_PB_FED,-0.015826,0.1,0.15,0.35,0.55,0.7,0.75,0.85,0.5,0.65,0.75,0.12,0.04
6,PE_PB,-0.015828,0.05,0.2,0.35,0.65,0.7,0.8,0.95,0.0,0.55,0.0,0.08,0.03
8,PE_FED,-0.015841,0.05,0.2,0.45,0.5,0.7,0.85,0.95,0.5,0.0,0.0,0.06,0.04
8,PE_PB,-0.015846,0.2,0.25,0.3,0.55,0.65,0.75,0.9,0.0,0.65,0.0,0.06,0.03
6,PE_PB,-0.015847,0.1,0.15,0.45,0.55,0.65,0.75,0.95,0.0,0.65,0.0,0.1,0.04
6,PE_PB,-0.015847,0.15,0.2,0.4,0.65,0.65,0.8,0.9,0.0,0.65,0.0,0.06,0.05
6,PE_only,-0.01585,0.1,0.15,0.45,0.55,0.7,0.75,0.9,0.0,0.0,0.0,0.08,0.03
6,PE_PB_FED,-0.015851,0.2,0.25,0.35,0.7,0.7,0.8,0.95,0.0,0.6,0.8,0.12,0.03
8,PE_FED,-0.015855,0.05,0.2,0.35,0.7,0.7,0.8,0.85,0.5,0.0,0.0,0.06,0.03
6,PE_only,-0.015862,0.05,0.15,0.35,0.5,0.7,0.85,0.95,0.0,0.0,0.0,0.12,0.03
8,PB_FED,-0.015862,0.1,0.2,0.4,0.55,0.7,0.8,0.95,1.0,0.0,0.0,0.08,0.05
8,PB_FED,-0.015863,0.2,0.3,0.45,0.55,0.7,0.75,0.95,1.0,0.0,0.0,0.08,0.03
6,PE_FED,-0.015872,0.05,0.25,0.4,0.6,0.75,0.8,0.9,-0.5,0.0,0.0,0.08,0.04
8,PE_PB,-0.015873,0.1,0.2,0.35,0.7,0.65,0.75,0.85,0.0,0.55,0.0,0.1,0.04
6,PE_only,-0.015876,0.2,0.3,0.35,0.6,0.7,0.85,0.95,0.0,0.0,0.0,0.08,0.05
8,PB_FED,-0.015877,0.05,0.2,0.3,0.5,0.7,0.75,0.85,1.0,0.0,0.0,0.08,0.04
8,PE_PB,-0.015878,0.1,0.15,0.45,0.65,0.65,0.8,0.85,0.0,0.6,0.0,0.06,0.05
8,PB_FED,-0.015878,0.05,0.2,0.4,0.7,0.7,0.85,0.9,1.0,0.0,0.0,0.12,0.03
6,PB_FED,-0.015879,0.1,0.15,0.45,0.7,0.7,0.75,0.85,0.5,0.0,0.0,0.06,0.04
8,PB_FED,-0.015879,0.05,0.3,0.4,0.6,0.65,0.75,0.9,1.0,0.0,0.0,0.12,0.03
6,PE_PB,-0.01588,0.05,0.25,0.3,0.7,0.75,0.8,0.95,0.0,0.55,0.0,0.1,0.03
6,PB_FED,-0.01588,0.1,0.15,0.35,0.7,0.7,0.8,0.95,0.5,0.0,0.0,0.08,0.03
8,PE_only,-0.01588,0.1,0.15,0.4,0.5,0.7,0.85,0.9,0.0,0.0,0.0,0.08,0.05
6,PE_FED,-0.015887,0.1,0.25,0.45,0.65,0.7,0.85,0.9,-0.5,0.0,0.0,0.08,0.05
6,PE_PB,-0.015891,0.1,0.25,0.3,0.6,0.7,0.75,0.95,0.0,0.65,0.0,0.1,0.05
8,PE_PB_FED,-0.015898,0.05,0.25,0.35,0.5,0.75,0.85,0.95,-0.5,0.6,0.75,0.12,0.05
8,PE_PB,-0.015899,0.15,0.25,0.4,0.7,0.65,0.8,0.9,0.0,0.55,0.0,0.08,0.04
8,PE_PB_FED,-0.015901,0.2,0.25,0.4,0.6,0.75,0.85,0.95,-0.5,0.5,0.7,0.08,0.03
8,PB_FED,-0.015909,0.15,0.25,0.35,0.5,0.7,0.75,0.9,1.0,0.0,0.0,0.06,0.04
8,PE_only,-0.015912,0.15,0.3,0.4,0.5,0.7,0.75,0.9,0.0,0.0,0.0,0.1,0.03
6,PE_only,-0.015913,0.2,0.25,0.35,0.55,0.7,0.8,0.95,0.0,0.0,0.0,0.12,0.05
6,PE_only,-0.015917,0.05,0.25,0.45,0.55,0.7,0.8,0.95,0.0,0.0,0.0,0.12,0.05
6,PE_only,-0.015917,0.2,0.3,0.35,0.65,0.7,0.8,0.85,0.0,0.0,0.0,0.1,0.05
8,PE_PB_FED,-0.015917,0.15,0.2,0.4,0.55,0.65,0.85,0.95,0.5,0.6,0.75,0.1,0.04
8,PE_only,-0.015919,0.1,0.2,0.35,0.5,0.65,0.75,0.85,0.0,0.0,0.0,0.08,0.05
6,PE_FED,-0.01592,0.2,0.25,0.3,0.65,0.75,0.85,0.9,0.0,0.0,0.0,0.12,0.04
8,PE_PB_FED,-0.015922,0.1,0.2,0.35,0.5,0.65,0.75,0.85,-0.5,0.65,0.75,0.12,0.04
8,PE_PB,-0.015924,0.05,0.15,0.45,0.6,0.7,0.85,0.95,0.0,0.5,0.0,0.1,0.04
8,PE_PB,-0.015926,0.1,0.25,0.35,0.6,0.75,0.8,0.9,0.0,0.6,0.0,0.06,0.03
8,PB_FED,-0.015927,0.1,0.15,0.45,0.65,0.75,0.85,0.9,1.0,0.0,0.0,0.12,0.04
6,PE_only,-0.015929,0.15,0.3,0.4,0.55,0.65,0.75,0.95,0.0,0.0,0.0,0.08,0.04
8,PE_PB_FED,-0.01593,0.15,0.2,0.35,0.55,0.65,0.8,0.9,0.5,0.65,0.7,0.08,0.04
8,PB_FED,-0.015933,0.05,0.2,0.35,0.65,0.75,0.8,0.85,1.0,0.0,0.0,0.06,0.04
6,PE_PB,-0.015935,0.1,0.2,0.35,0.7,0.7,0.85,0.95,0.0,0.6,0.0,0.1,0.03
6,PE_PB,-0.015935,0.05,0.25,0.3,0.65,0.65,0.8,0.9,0.0,0.65,0.0,0.06,0.04
6,PB_FED,-0.015935,0.1,0.2,0.3,0.55,0.7,0.75,0.9,0.5,0.0,0.0,0.08,0.03
6,PE_only,-0.015941,0.05,0.2,0.3,0.6,0.65,0.85,0.9,0.0,0.0,0.0,0.1,0.04
6,PE_FED,-0.015941,0.1,0.2,0.35,0.6,0.7,0.85,0.9,0.0,0.0,0.0,0.08,0.03
6,PE_PB,-0.015942,0.15,0.25,0.35,0.7,0.7,0.8,0.95,0.0,0.6,0.0,0.06,0.04
6,PB_only,-0.015942,0.05,0.3,0.45,0.5,0.7,0.85,0.9,0.0,0.0,0.0,0.1,0.05
6,PB_only,-0.015942,0.05,0.3,0.45,0.5,0.75,0.85,0.9,0.0,0.0,0.0,0.08,0.05
6,PE_FED,-0.015943,0.2,0.25,0.4,0.7,0.65,0.85,0.9,0.0,0.0,0.0,0.06,0.03
6,PB_only,-0.015947,0.05,0.3,0.4,0.5,0.65,0.85,0.95,0.0,0.0,0.0,0.08,0.04
6,PE_only,-0.015948,0.15,0.3,0.45,0.65,0.75,0.8,0.85,0.0,0.0,0.0,0.12,0.03
6,PE_PB,-0.015949,0.1,0.2,0.3,0.7,0.65,0.85,0.95,0.0,0.6,0.0,0.12,0.03
8,PE_PB_FED,-0.015951,0.05,0.25,0.35,0.65,0.75,0.8,0.95,0.5,0.55,0.7,0.08,0.05
8,PE_only,-0.015956,0.2,0.25,0.45,0.5,0.65,0.75,0.9,0.0,0.0,0.0,0.06,0.03
6,PE_only,-0.015963,0.1,0.3,0.45,0.6,0.75,0.85,0.95,0.0,0.0,0.0,0.12,0.05
6,PE_only,-0.015963,0.1,0.3,0.45,0.6,0.75,0.85,0.95,0.0,0.0,0.0,0.1,0.05
8,PE_only,-0.015964,0.05,0.3,0.4,0.55,0.65,0.75,0.85,0.0,0.0,0.0,0.1,0.05
6,PE_only,-0.015968,0.1,0.2,0.3,0.6,0.7,0.85,0.9,0.0,0.0,0.0,0.08,0.04
8,PE_FED,-0.015969,0.1,0.2,0.35,0.55,0.7,0.75,0.85,0.5,0.0,0.0,0.1,0.04
6,PE_FED,-0.015973,0.05,0.25,0.3,0.6,0.65,0.8,0.9,0.0,0.0,0.0,0.06,0.03
6,PE_FED,-0.015974,0.1,0.15,0.4,0.55,0.65,0.8,0.9,-0.5,0.0,0.0,0.06,0.03
6,PE_FED,-0.015975,0.1,0.25,0.4,0.5,0.7,0.75,0.95,0.0,0.0,0.0,0.1,0.05
8,PB_FED,-0.015977,0.1,0.2,0.4,0.65,0.65,0.85,0.95,1.0,0.0,0.0,0.1,0.05
8,PE_FED,-0.015979,0.1,0.15,0.35,0.5,0.7,0.75,0.95,1.0,0.0,0.0,0.06,0.04
8,PE_PB_FED,-0.015979,0.1,0.25,0.4,0.65,0.65,0.8,0.85,0.0,0.5,0.7,0.1,0.04
8,PE_PB,-0.015981,0.1,0.2,0.4,0.7,0.7,0.75,0.85,0.0,0.55,0.0,0.12,0.03
8,PE_PB,-0.015981,0.1,0.3,0.35,0.6,0.75,0.85,0.95,0.0,0.6,0.0,0.12,0.03
6,PE_only,-0.01599,0.1,0.3,0.45,0.65,0.7,0.8,0.85,0.0,0.0,0.0,0.06,0.04
6,PE_FED,-0.01599,0.05,0.25,0.3,0.7,0.65,0.8,0.85,0.0,0.0,0.0,0.08,0.04
8,PE_only,-0.015992,0.15,0.3,0.45,0.5,0.7,0.85,0.95,0.0,0.0,0.0,0.08,0.04
8,PE_PB,-0.015996,0.1,0.15,0.4,0.5,0.7,0.85,0.95,0.0,0.6,0.0,0.1,0.05
8,PE_FED,-0.015996,0.05,0.3,0.35,0.6,0.65,0.75,0.9,0.5,0.0,0.0,0.06,0.03
8,PE_PB,-0.016006,0.2,0.25,0.3,0.5,0.7,0.75,0.95,0.0,0.65,0.0,0.06,0.05
8,PB_FED,-0.016007,0.05,0.25,0.3,0.7,0.65,0.85,0.95,1.0,0.0,0.0,0.08,0.03
8,PE_only,-0.016011,0.1,0.25,0.45,0.55,0.7,0.85,0.9,0.0,0.0,0.0,0.06,0.05
8,PE_only,-0.016012,0.1,0.2,0.45,0.5,0.65,0.8,0.9,0.0,0.0,0.0,0.06,0.05
6,PE_only,-0.016014,0.15,0.2,0.4,0.55,0.7,0.75,0.9,0.0,0.0,0.0,0.1,0.04
6,PE_only,-0.016014,0.15,0.2,0.4,0.55,0.7,0.75,0.9,0.0,0.0,0.0,0.08,0.04
8,PE_PB,-0.016015,0.1,0.2,0.45,0.6,0.65,0.85,0.95,0.0,0.55,0.0,0.06,0.05
8,PE_PB_FED,-0.016017,0.15,0.2,0.35,0.7,0.65,0.75,0.85,0.5,0.65,0.75,0.08,0.03
8,PE_PB,-0.016019,0.15,0.2,0.3,0.7,0.75,0.8,0.85,0.0,0.55,0.0,0.1,0.03
6,PE_FED,-0.01602,0.05,0.15,0.45,0.65,0.7,0.8,0.85,0.0,0.0,0.0,0.06,0.05
8,PE_PB,-0.016025,0.05,0.3,0.4,0.6,0.65,0.85,0.95,0.0,0.6,0.0,0.12,0.03
6,PE_only,-0.016026,0.2,0.25,0.45,0.55,0.65,0.8,0.95,0.0,0.0,0.0,0.12,0.03
8,PE_PB,-0.016026,0.05,0.2,0.3,0.6,0.7,0.75,0.85,0.0,0.6,0.0,0.12,0.05
8,PE_PB,-0.016029,0.1,0.2,0.3,0.6,0.65,0.75,0.9,0.0,0.55,0.0,0.08,0.05
6,PE_PB,-0.01603,0.1,0.15,0.35,0.6,0.75,0.8,0.95,0.0,0.55,0.0,0.06,0.04
6,PE_PB_FED,-0.01603,0.1,0.15,0.45,0.7,0.75,0.8,0.9,0.0,0.65,0.7,0.08,0.03
6,PE_only,-0.016033,0.1,0.15,0.4,0.6,0.75,0.8,0.85,0.0,0.0,0.0,0.08,0.03
6,PE_only,-0.016039,0.1,0.25,0.3,0.55,0.75,0.85,0.95,0.0,0.0,0.0,0.06,0.04
6,PE_only,-0.016039,0.1,0.25,0.3,0.55,0.75,0.85,0.95,0.0,0.0,0.0,0.12,0.04
8,PE_PB_FED,-0.016042,0.05,0.25,0.45,0.55,0.7,0.75,0.85,0.0,0.55,0.7,0.08,0.05
8,PB_FED,-0.016043,0.05,0.15,0.45,0.6,0.7,0.85,0.9,1.0,0.0,0.0,0.12,0.03
8,PE_PB,-0.016049,0.1,0.2,0.45,0.6,0.75,0.8,0.85,0.0,0.65,0.0,0.1,0.03
6,PE_PB,-0.016053,0.15,0.2,0.4,0.6,0.65,0.8,0.95,0.0,0.6,0.0,0.08,0.03
8,PE_PB,-0.016055,0.1,0.2,0.35,0.5,0.65,0.75,0.9,0.0,0.65,0.0,0.08,0.03
8,PE_PB,-0.016055,0.05,0.3,0.45,0.65,0.65,0.85,0.95,0.0,0.6,0.0,0.12,0.05
6,PE_only,-0.01606,0.1,0.15,0.4,0.6,0.65,0.8,0.85,0.0,0.0,0.0,0.08,0.05
6,PE_FED,-0.01606,0.2,0.25,0.3,0.65,0.7,0.75,0.85,0.0,0.0,0.0,0.12,0.05
6,PE_FED,-0.016062,0.1,0.25,0.3,0.55,0.7,0.75,0.9,0.0,0.0,0.0,0.06,0.04
8,PE_FED,-0.016066,0.15,0.2,0.3,0.65,0.65,0.8,0.85,0.5,0.0,0.0,0.06,0.04
8,PE_PB_FED,-0.016066,0.2,0.3,0.45,0.65,0.65,0.75,0.95,0.5,0.65,0.75,0.06,0.05
8,PE_PB,-0.01607,0.1,0.3,0.45,0.7,0.75,0.8,0.9,0.0,0.6,0.0,0.06,0.04
6,PE_only,-0.016071,0.05,0.25,0.3,0.55,0.7,0.85,0.95,0.0,0.0,0.0,0.12,0.04
8,PE_only,-0.016073,0.15,0.25,0.45,0.5,0.75,0.8,0.9,0.0,0.0,0.0,0.1,0.03
8,PE_PB,-0.016077,0.05,0.25,0.3,0.55,0.65,0.75,0.9,0.0,0.6,0.0,0.12,0.04
8,PE_PB,-0.016078,0.1,0.2,0.3,0.55,0.7,0.85,0.95,0.0,0.55,0.0,0.06,0.04
8,PE_PB,-0.016078,0.1,0.2,0.3,0.55,0.75,0.85,0.95,0.0,0.55,0.0,0.12,0.04
8,PE_FED,-0.016083,0.05,0.2,0.3,0.7,0.65,0.8,0.85,0.5,0.0,0.0,0.06,0.05
6,PE_FED,-0.016084,0.05,0.3,0.4,0.7,0.65,0.8,0.9,0.0,0.0,0.0,0.12,0.05
6,PE_PB,-0.016086,0.1,0.2,0.3,0.6,0.65,0.85,0.95,0.0,0.65,0.0,0.08,0.03
6,PE_only,-0.016087,0.1,0.2,0.45,0.55,0.65,0.85,0.95,0.0,0.0,0.0,0.08,0.04
8,PE_only,-0.016089,0.05,0.15,0.45,0.5,0.7,0.8,0.85,0.0,0.0,0.0,0.08,0.04
6,PE_PB,-0.016093,0.1,0.15,0.45,0.6,0.65,0.85,0.95,0.0,0.65,0.0,0.06,0.04
6,PE_only,-0.016096,0.1,0.15,0.4,0.6,0.7,0.85,0.9,0.0,0.0,0.0,0.08,0.05
8,PE_PB,-0.016097,0.15,0.2,0.45,0.6,0.7,0.8,0.85,0.0,0.65,0.0,0.08,0.05
6,PE_FED,-0.016101,0.1,0.25,0.45,0.65,0.7,0.8,0.85,-0.5,0.0,0.0,0.12,0.04
6,PE_FED,-0.016101,0.15,0.25,0.4,0.5,0.7,0.8,0.95,0.0,0.0,0.0,0.12,0.03
8,PE_PB_FED,-0.016101,0.05,0.15,0.35,0.65,0.75,0.8,0.95,1.0,0.6,0.8,0.06,0.03
8,PE_PB,-0.016102,0.05,0.2,0.4,0.7,0.65,0.8,0.85,0.0,0.55,0.0,0.08,0.03
8,PE_only,-0.016106,0.1,0.15,0.45,0.5,0.65,0.8,0.85,0.0,0.0,0.0,0.12,0.04
8,PE_PB,-0.016108,0.1,0.25,0.45,0.55,0.7,0.75,0.95,0.0,0.55,0.0,0.1,0.05
8,PE_PB,-0.016114,0.05,0.15,0.35,0.55,0.7,0.75,0.85,0.0,0.6,0.0,0.1,0.05
8,PE_PB_FED,-0.016118,0.2,0.3,0.35,0.55,0.65,0.75,0.85,0.0,0.6,0.7,0.1,0.03
8,PE_PB,-0.016123,0.2,0.25,0.4,0.65,0.65,0.85,0.9,0.0,0.65,0.0,0.08,0.03
6,PE_only,-0.016124,0.05,0.2,0.45,0.55,0.7,0.85,0.95,0.0,0.0,0.0,0.1,0.04
8,PB_FED,-0.016126,0.05,0.2,0.4,0.55,0.65,0.8,0.9,1.0,0.0,0.0,0.12,0.03
8,PE_only,-0.016128,0.2,0.3,0.35,0.55,0.65,0.75,0.85,0.0,0.0,0.0,0.08,0.03
6,PE_only,-0.01613,0.05,0.15,0.3,0.5,0.65,0.75,0.9,0.0,0.0,0.0,0.06,0.04
8,PB_FED,-0.016132,0.1,0.3,0.35,0.6,0.65,0.75,0.9,1.0,0.0,0.0,0.12,0.05
6,PE_FED,-0.016133,0.1,0.2,0.4,0.6,0.7,0.75,0.85,-0.5,0.0,0.0,0.06,0.03
8,PE_PB,-0.016134,0.1,0.15,0.45,0.6,0.65,0.75,0.9,0.0,0.5,0.0,0.06,0.03
8,PE_PB,-0.016135,0.1,0.25,0.45,0.7,0.65,0.75,0.85,0.0,0.6,0.0,0.08,0.03
6,PE_only,-0.016139,0.1,0.2,0.35,0.6,0.65,0.75,0.85,0.0,0.0,0.0,0.12,0.03
8,PE_FED,-0.016141,0.05,0.2,0.4,0.6,0.7,0.75,0.85,0.5,0.0,0.0,0.08,0.04
6,PE_only,-0.016147,0.15,0.2,0.45,0.6,0.65,0.8,0.9,0.0,0.0,0.0,0.1,0.05
8,PB_FED,-0.016149,0.15,0.25,0.3,0.5,0.7,0.8,0.95,1.0,0.0,0.0,0.12,0.03
8,PE_PB,-0.01615,0.2,0.3,0.45,0.6,0.65,0.8,0.95,0.0,0.6,0.0,0.08,0.04
8,PE_PB_FED,-0.016154,0.05,0.25,0.4,0.65,0.65,0.8,0.95,0.5,0.55,0.7,0.1,0.05
8,PB_FED,-0.016154,0.1,0.2,0.45,0.55,0.75,0.8,0.95,1.0,0.0,0.0,0.12,0.04
6,PE_only,-0.016157,0.1,0.25,0.3,0.6,0.7,0.8,0.9,0.0,0.0,0.0,0.12,0.05
8,PE_PB,-0.016163,0.15,0.25,0.35,0.7,0.7,0.85,0.9,0.0,0.6,0.0,0.1,0.05
6,PB_FED,-0.016165,0.05,0.3,0.45,0.5,0.75,0.85,0.95,-0.5,0.0,0.0,0.06,0.04
6,PE_only,-0.016173,0.05,0.3,0.45,0.65,0.75,0.8,0.85,0.0,0.0,0.0,0.06,0.04
6,PB_FED,-0.016173,0.1,0.2,0.4,0.65,0.7,0.75,0.95,0.5,0.0,0.0,0.12,0.05
8,PE_PB,-0.016178,0.2,0.3,0.35,0.65,0.75,0.8,0.9,0.0,0.65,0.0,0.08,0.05
8,PE_PB_FED,-0.016185,0.1,0.15,0.45,0.65,0.65,0.75,0.85,0.5,0.65,0.8,0.08,0.05
8,PB_FED,-0.016187,0.05,0.2,0.45,0.7,0.7,0.8,0.85,1.0,0.0,0.0,0.12,0.03
6,PB_FED,-0.016189,0.1,0.15,0.35,0.65,0.65,0.8,0.95,0.5,0.0,0.0,0.06,0.03
8,PE_only,-0.016191,0.2,0.25,0.45,0.55,0.7,0.85,0.9,0.0,0.0,0.0,0.1,0.03
6,PE_only,-0.016195,0.05,0.3,0.35,0.6,0.65,0.75,0.9,0.0,0.0,0.0,0.06,0.04
6,PE_PB,-0.0162,0.15,0.2,0.3,0.65,0.7,0.75,0.85,0.0,0.65,0.0,0.08,0.04
8,PE_PB_FED,-0.0162,0.1,0.2,0.4,0.5,0.75,0.85,0.95,-0.5,0.5,0.8,0.06,0.03
8,PE_PB,-0.016201,0.05,0.15,0.3,0.55,0.7,0.85,0.9,0.0,0.6,0.0,0.12,0.04
6,PE_PB,-0.016203,0.2,0.25,0.4,0.65,0.7,0.75,0.9,0.0,0.65,0.0,0.1,0.03
8,PE_FED,-0.016204,0.15,0.2,0.45,0.65,0.7,0.75,0.85,0.5,0.0,0.0,0.12,0.05
8,PE_only,-0.016206,0.1,0.15,0.45,0.5,0.7,0.85,0.9,0.0,0.0,0.0,0.1,0.03
8,PE_PB,-0.016206,0.2,0.25,0.3,0.65,0.65,0.8,0.85,0.0,0.65,0.0,0.06,0.05
6,PE_only,-0.016215,0.15,0.25,0.3,0.5,0.65,0.75,0.95,0.0,0.0,0.0,0.08,0.05
8,PE_FED,-0.016216,0.05,0.25,0.35,0.55,0.75,0.8,0.9,0.5,0.0,0.0,0.08,0.04
8,PE_PB,-0.016218,0.15,0.25,0.45,0.5,0.7,0.8,0.95,0.0,0.65,0.0,0.08,0.04
8,PB_FED,-0.016219,0.15,0.25,0.35,0.55,0.7,0.8,0.9,1.0,0.0,0.0,0.06,0.03
8,PE_FED,-0.016221,0.05,0.2,0.4,0.7,0.65,0.85,0.9,0.5,0.0,0.0,0.06,0.03
6,PE_only,-0.016223,0.05,0.25,0.3,0.5,0.7,0.75,0.95,0.0,0.0,0.0,0.08,0.04
6,PE_PB,-0.016223,0.05,0.15,0.3,0.65,0.75,0.8,0.9,0.0,0.6,0.0,0.12,0.03
6,PE_FED,-0.016225,0.05,0.15,0.4,0.6,0.75,0.8,0.85,-0.5,0.0,0.0,0.12,0.03
8,PB_FED,-0.016226,0.15,0.3,0.35,0.65,0.75,0.8,0.9,1.0,0.0,0.0,0.06,0.03
8,PE_PB,-0.016228,0.1,0.15,0.45,0.6,0.65,0.8,0.85,0.0,0.6,0.0,0.06,0.04
8,PE_PB_FED,-0.016231,0.15,0.3,0.45,0.65,0.7,0.85,0.9,-0.5,0.6,0.7,0.06,0.04
6,PB_FED,-0.016236,0.05,0.15,0.4,0.6,0.65,0.75,0.95,0.5,0.0,0.0,0.08,0.05
8,PB_FED,-0.016242,0.1,0.15,0.35,0.55,0.75,0.85,0.95,1.0,0.0,0.0,0.08,0.05
6,PE_PB_FED,-0.016243,0.2,0.3,0.35,0.7,0.75,0.8,0.95,0.0,0.65,0.8,0.12,0.04
6,PE_FED,-0.016245,0.05,0.2,0.45,0.65,0.7,0.8,0.85,0.0,0.0,0.0,0.06,0.05
8,PE_PB,-0.016248,0.2,0.3,0.35,0.7,0.75,0.8,0.9,0.0,0.6,0.0,0.06,0.04
6,PE_only,-0.01625,0.15,0.25,0.35,0.6,0.75,0.8,0.9,0.0,0.0,0.0,0.1,0.05
6,PE_PB_FED,-0.016252,0.05,0.25,0.3,0.7,0.7,0.75,0.95,-0.5,0.55,0.8,0.06,0.03
8,PE_PB,-0.016255,0.05,0.3,0.45,0.65,0.75,0.8,0.95,0.0,0.55,0.0,0.06,0.05
8,PB_FED,-0.016256,0.15,0.2,0.4,0.55,0.7,0.75,0.85,1.0,0.0,0.0,0.12,0.05
8,PB_FED,-0.016257,0.05,0.2,0.45,0.55,0.7,0.75,0.85,1.0,0.0,0.0,0.1,0.04
8,PE_FED,-0.016258,0.15,0.25,0.4,0.5,0.65,0.85,0.95,0.5,0.0,0.0,0.12,0.04
8,PE_PB,-0.016264,0.05,0.25,0.45,0.7,0.65,0.8,0.9,0.0,0.55,0.0,0.08,0.04
6,PE_FED,-0.016267,0.1,0.15,0.4,0.55,0.75,0.8,0.9,0.0,0.0,0.0,0.08,0.05
6,PE_FED,-0.016268,0.05,0.15,0.4,0.5,0.7,0.85,0.95,-0.5,0.0,0.0,0.08,0.04
6,PE_PB_FED,-0.016268,0.1,0.25,0.4,0.6,0.7,0.8,0.95,0.0,0.65,0.8,0.08,0.05
8,PE_FED,-0.016268,0.1,0.25,0.4,0.5,0.65,0.85,0.95,0.5,0.0,0.0,0.06,0.04
6,PE_FED,-0.016269,0.2,0.25,0.35,0.65,0.7,0.75,0.85,0.0,0.0,0.0,0.1,0.05
8,PE_PB,-0.016269,0.1,0.25,0.45,0.6,0.75,0.8,0.95,0.0,0.5,0.0,0.12,0.03
8,PE_FED,-0.016273,0.15,0.3,0.4,0.65,0.75,0.8,0.9,0.5,0.0,0.0,0.12,0.03
6,PB_FED,-0.016274,0.1,0.15,0.35,0.55,0.7,0.75,0.9,0.5,0.0,0.0,0.1,0.04
6,PE_only,-0.016276,0.05,0.2,0.35,0.6,0.7,0.75,0.85,0.0,0.0,0.0,0.12,0.05
6,PE_only,-0.016277,0.15,0.25,0.35,0.55,0.7,0.85,0.95,0.0,0.0,0.0,0.08,0.05
8,PE_PB,-0.016279,0.15,0.2,0.45,0.5,0.7,0.8,0.95,0.0,0.6,0.0,0.08,0.05
8,PE_only,-0.01628,0.05,0.3,0.45,0.5,0.75,0.85,0.95,0.0,0.0,0.0,0.06,0.04
8,PE_PB,-0.016281,0.05,0.2,0.3,0.6,0.65,0.8,0.85,0.0,0.6,0.0,0.12,0.03
8,PB_FED,-0.016281,0.1,0.25,0.4,0.65,0.65,0.8,0.9,1.0,0.0,0.0,0.12,0.05
6,PE_only,-0.016283,0.05,0.2,0.4,0.6,0.65,0.75,0.85,0.0,0.0,0.0,0.08,0.03
6,PE_only,-0.016285,0.1,0.2,0.35,0.6,0.65,0.75,0.85,0.0,0.0,0.0,0.1,0.05
6,PE_only,-0.016285,0.1,0.2,0.35,0.6,0.65,0.75,0.85,0.0,0.0,0.0,0.08,0.05
6,PE_only,-0.016287,0.1,0.25,0.35,0.55,0.65,0.85,0.95,0.0,0.0,0.0,0.12,0.04
8,PE_PB_FED,-0.01629,0.1,0.2,0.4,0.55,0.65,0.75,0.85,-0.5,0.55,0.75,0.06,0.04
8,PE_PB,-0.016291,0.1,0.25,0.45,0.65,0.75,0.85,0.95,0.0,0.55,0.0,0.12,0.04
6,PB_FED,-0.016292,0.1,0.2,0.35,0.6,0.7,0.75,0.85,0.5,0.0,0.0,0.12,0.03
8,PE_PB,-0.016293,0.2,0.25,0.35,0.7,0.75,0.85,0.9,0.0,0.6,0.0,0.12,0.04
8,PE_PB_FED,-0.016293,0.05,0.25,0.45,0.7,0.7,0.75,0.9,0.5,0.6,0.8,0.1,0.03
6,PE_only,-0.0163,0.1,0.25,0.45,0.6,0.7,0.8,0.9,0.0,0.0,0.0,0.08,0.03
8,PB_FED,-0.016303,0.15,0.3,0.45,0.65,0.65,0.75,0.85,1.0,0.0,0.0,0.06,0.04
6,PE_PB,-0.016305,0.05,0.2,0.4,0.7,0.75,0.85,0.95,0.0,0.6,0.0,0.06,0.05
8,PE_PB_FED,-0.016305,0.15,0.25,0.4,0.6,0.65,0.85,0.9,-0.5,0.6,0.7,0.1,0.05
6,PE_only,-0.016312,0.1,0.3,0.35,0.55,0.75,0.8,0.95,0.0,0.0,0.0,0.1,0.04
8,PE_PB,-0.016314,0.15,0.25,0.3,0.7,0.75,0.8,0.9,0.0,0.55,0.0,0.1,0.05
6,PB_FED,-0.016315,0.05,0.15,0.4,0.6,0.7,0.75,0.85,0.5,0.0,0.0,0.08,0.03
8,PE_PB,-0.016318,0.05,0.15,0.35,0.65,0.65,0.75,0.85,0.0,0.5,0.0,0.08,0.04
6,PE_FED,-0.016319,0.05,0.25,0.45,0.65,0.7,0.8,0.85,-0.5,0.0,0.0,0.1,0.05
8,PE_PB_FED,-0.016322,0.15,0.2,0.3,0.65,0.65,0.75,0.85,0.5,0.65,0.75,0.1,0.04
6,PE_PB,-0.016325,0.05,0.15,0.35,0.7,0.7,0.85,0.9,0.0,0.6,0.0,0.08,0.04
6,PE_only,-0.016332,0.1,0.25,0.4,0.5,0.7,0.75,0.95,0.0,0.0,0.0,0.1,0.03
8,PE_PB,-0.016335,0.15,0.2,0.35,0.55,0.7,0.75,0.9,0.0,0.55,0.0,0.08,0.04
8,PB_FED,-0.016335,0.05,0.3,0.35,0.7,0.75,0.8,0.95,1.0,0.0,0.0,0.1,0.03
8,PE_PB_FED,-0.016336,0.05,0.15,0.45,0.6,0.65,0.85,0.9,-0.5,0.5,0.8,0.08,0.04
6,PE_FED,-0.016337,0.1,0.25,0.35,0.65,0.75,0.85,0.9,0.0,0.0,0.0,0.06,0.03
8,PE_only,-0.016338,0.1,0.3,0.45,0.55,0.7,0.75,0.85,0.0,0.0,0.0,0.12,0.04
8,PE_PB_FED,-0.01634,0.05,0.15,0.3,0.5,0.65,0.8,0.85,-0.5,0.6,0.8,0.08,0.04
8,PE_PB,-0.016341,0.15,0.3,0.45,0.7,0.7,0.75,0.95,0.0,0.5,0.0,0.1,0.05
8,PB_FED,-0.016341,0.05,0.25,0.35,0.65,0.75,0.8,0.85,1.0,0.0,0.0,0.06,0.03
6,PE_PB,-0.016343,0.15,0.2,0.3,0.6,0.7,0.8,0.95,0.0,0.6,0.0,0.12,0.04
6,PE_only,-0.016344,0.1,0.2,0.4,0.6,0.7,0.85,0.9,0.0,0.0,0.0,0.06,0.04
6,PE_PB,-0.016345,0.15,0.2,0.3,0.65,0.75,0.8,0.95,0.0,0.55,0.0,0.08,0.04
6,PE_PB,-0.016352,0.05,0.15,0.3,0.7,0.7,0.75,0.95,0.0,0.5,0.0,0.08,0.04
6,PE_only,-0.016356,0.05,0.2,0.3,0.6,0.75,0.85,0.9,0.0,0.0,0.0,0.08,0.03
8,PE_PB,-0.016356,0.05,0.2,0.45,0.55,0.7,0.8,0.95,0.0,0.5,0.0,0.1,0.05
6,PE_PB_FED,-0.016357,0.05,0.15,0.3,0.7,0.65,0.8,0.9,0.0,0.6,0.8,0.12,0.03
8,PE_PB_FED,-0.016357,0.05,0.3,0.45,0.65,0.7,0.85,0.9,0.0,0.55,0.8,0.12,0.04
6,PB_FED,-0.016361,0.05,0.15,0.3,0.7,0.75,0.8,0.95,0.5,0.0,0.0,0.08,0.04
6,PE_PB,-0.016375,0.1,0.2,0.35,0.6,0.65,0.75,0.95,0.0,0.55,0.0,0.06,0.03
8,PE_FED,-0.016378,0.2,0.25,0.3,0.55,0.75,0.8,0.9,0.5,0.0,0.0,0.12,0.03
6,PE_PB,-0.016382,0.15,0.25,0.3,0.7,0.7,0.75,0.85,0.0,0.65,0.0,0.1,0.03
6,PE_PB_FED,-0.016384,0.1,0.2,0.4,0.6,0.7,0.85,0.95,0.0,0.6,0.8,0.1,0.03
6,PE_PB,-0.016387,0.05,0.2,0.45,0.7,0.75,0.8,0.95,0.0,0.55,0.0,0.1,0.04
6,PE_PB_FED,-0.016387,0.15,0.25,0.3,0.6,0.65,0.8,0.95,0.0,0.6,0.7,0.12,0.03
8,PE_PB,-0.016387,0.1,0.3,0.45,0.65,0.65,0.8,0.95,0.0,0.55,0.0,0.08,0.05
8,PE_PB,-0.016388,0.05,0.25,0.3,0.7,0.7,0.8,0.9,0.0,0.5,0.0,0.12,0.03
8,PE_PB,-0.016392,0.05,0.3,0.45,0.65,0.7,0.75,0.9,0.0,0.6,0.0,0.06,0.04
8,PE_PB,-0.016394,0.2,0.25,0.45,0.6,0.7,0.85,0.95,0.0,0.6,0.0,0.12,0.04
8,PB_FED,-0.016396,0.15,0.2,0.35,0.65,0.75,0.85,0.9,1.0,0.0,0.0,0.06,0.04
6,PE_FED,-0.016398,0.15,0.3,0.4,0.7,0.7,0.75,0.85,0.0,0.0,0.0,0.08,0.04
8,PE_PB,-0.016398,0.1,0.2,0.4,0.55,0.7,0.75,0.9,0.0,0.55,0.0,0.06,0.03
6,PE_only,-0.016399,0.1,0.2,0.45,0.5,0.7,0.75,0.95,0.0,0.0,0.0,0.12,0.05
6,PE_FED,-0.016401,0.1,0.25,0.3,0.6,0.65,0.8,0.9,0.0,0.0,0.0,0.06,0.05
6,PE_PB,-0.016402,0.15,0.3,0.35,0.65,0.65,0.75,0.9,0.0,0.65,0.0,0.06,0.03
8,PE_PB,-0.016403,0.1,0.3,0.45,0.7,0.7,0.75,0.95,0.0,0.5,0.0,0.1,0.04
8,PE_PB,-0.016403,0.1,0.15,0.45,0.6,0.7,0.85,0.95,0.0,0.5,0.0,0.08,0.04
6,PE_PB,-0.016405,0.1,0.2,0.3,0.6,0.7,0.8,0.95,0.0,0.55,0.0,0.1,0.03
6,PE_PB,-0.016407,0.05,0.15,0.4,0.55,0.75,0.8,0.95,0.0,0.6,0.0,0.12,0.05
6,PE_FED,-0.016407,0.1,0.2,0.45,0.55,0.75,0.8,0.9,0.0,0.0,0.0,0.1,0.03
6,PE_FED,-0.016413,0.05,0.3,0.35,0.55,0.7,0.75,0.95,-0.5,0.0,0.0,0.08,0.05
8,PE_PB,-0.016414,0.2,0.25,0.4,0.7,0.65,0.75,0.85,0.0,0.6,0.0,0.08,0.03
8,PE_PB_FED,-0.016415,0.1,0.25,0.35,0.6,0.65,0.8,0.9,0.5,0.65,0.75,0.1,0.03
6,PE_only,-0.016416,0.15,0.25,0.4,0.55,0.65,0.85,0.95,0.0,0.0,0.0,0.1,0.05
8,PE_PB,-0.016417,0.2,0.25,0.4,0.7,0.7,0.75,0.85,0.0,0.6,0.0,0.12,0.04
6,PE_FED,-0.016422,0.2,0.25,0.4,0.6,0.75,0.8,0.9,0.0,0.0,0.0,0.06,0.04
8,PE_only,-0.016422,0.05,0.2,0.3,0.5,0.65,0.85,0.9,0.0,0.0,0.0,0.06,0.05
8,PB_FED,-0.016422,0.1,0.25,0.4,0.6,0.75,0.8,0.85,1.0,0.0,0.0,0.08,0.03
6,PE_PB,-0.016423,0.05,0.15,0.3,0.65,0.7,0.85,0.95,0.0,0.55,0.0,0.1,0.05
6,PE_only,-0.016424,0.1,0.2,0.4,0.6,0.7,0.75,0.85,0.0,0.0,0.0,0.12,0.05
6,PE_only,-0.016425,0.15,0.25,0.35,0.5,0.65,0.8,0.95,0.0,0.0,0.0,0.12,0.03
8,PE_only,-0.016425,0.1,0.2,0.45,0.5,0.65,0.75,0.85,0.0,0.0,0.0,0.12,0.03
8,PB_FED,-0.016426,0.1,0.25,0.45,0.7,0.65,0.8,0.85,1.0,0.0,0.0,0.08,0.03
8,PE_PB,-0.016429,0.1,0.2,0.45,0.5,0.65,0.8,0.95,0.0,0.6,0.0,0.06,0.05
8,PB_FED,-0.01643,0.05,0.2,0.4,0.55,0.7,0.8,0.95,1.0,0.0,0.0,0.06,0.04
8,PE_PB,-0.016431,0.2,0.25,0.45,0.6,0.7,0.8,0.95,0.0,0.55,0.0,0.12,0.05
6,PE_FED,-0.016435,0.15,0.3,0.4,0.7,0.7,0.85,0.9,0.0,0.0,0.0,0.06,0.03
6,PE_PB,-0.016436,0.15,0.2,0.3,0.65,0.75,0.8,0.95,0.0,0.55,0.0,0.08,0.05
8,PE_PB,-0.016439,0.1,0.2,0.4,0.65,0.65,0.85,0.95,0.0,0.5,0.0,0.08,0.05
6,PE_FED,-0.01644,0.05,0.2,0.3,0.6,0.75,0.8,0.85,-0.5,0.0,0.0,0.08,0.04
6,PB_FED,-0.01644,0.05,0.25,0.35,0.7,0.65,0.75,0.9,0.5,0.0,0.0,0.08,0.04
8,PE_FED,-0.01644,0.05,0.25,0.4,0.5,0.65,0.75,0.9,0.5,0.0,0.0,0.08,0.04
8,PE_PB,-0.016441,0.2,0.25,0.4,0.7,0.65,0.75,0.85,0.0,0.6,0.0,0.08,0.04
6,PE_only,-0.016446,0.15,0.3,0.45,0.55,0.7,0.75,0.95,0.0,0.0,0.0,0.08,0.04
6,PE_only,-0.016446,0.15,0.3,0.45,0.55,0.7,0.75,0.95,0.0,0.0,0.0,0.06,0.04
8,PE_PB,-0.016447,0.05,0.2,0.3,0.55,0.65,0.8,0.85,0.0,0.65,0.0,0.12,0.03
6,PE_PB_FED,-0.016448,0.2,0.25,0.45,0.65,0.65,0.75,0.95,0.0,0.6,0.7,0.06,0.03
6,PE_PB_FED,-0.016449,0.05,0.15,0.45,0.65,0.75,0.85,0.95,0.0,0.6,0.8,0.1,0.05
8,PE_PB_FED,-0.016454,0.1,0.3,0.35,0.6,0.75,0.8,0.95,0.5,0.6,0.7,0.1,0.05
8,PE_PB,-0.01646,0.15,0.3,0.4,0.55,0.65,0.85,0.95,0.0,0.65,0.0,0.08,0.05
6,PE_PB,-0.016461,0.05,0.25,0.4,0.7,0.65,0.85,0.9,0.0,0.65,0.0,0.1,0.04
8,PE_PB,-0.016462,0.15,0.2,0.4,0.55,0.65,0.85,0.95,0.0,0.55,0.0,0.1,0.05
6,PE_FED,-0.016465,0.2,0.25,0.45,0.6,0.7,0.75,0.9,0.0,0.0,0.0,0.12,0.05
8,PE_PB,-0.016465,0.15,0.25,0.45,0.6,0.65,0.75,0.85,0.0,0.65,0.0,0.12,0.05
8,PE_PB,-0.016465,0.2,0.25,0.45,0.7,0.65,0.75,0.9,0.0,0.55,0.0,0.1,0.03
8,PE_PB,-0.016465,0.15,0.25,0.45,0.7,0.65,0.8,0.85,0.0,0.6,0.0,0.1,0.04
8,PE_FED,-0.016468,0.15,0.25,0.35,0.7,0.7,0.85,0.9,0.5,0.0,0.0,0.1,0.04
8,PE_FED,-0.016469,0.1,0.2,0.45,0.5,0.65,0.8,0.9,0.5,0.0,0.0,0.06,0.03
8,PE_PB,-0.01647,0.2,0.3,0.4,0.6,0.75,0.8,0.95,0.0,0.55,0.0,0.12,0.03
6,PE_FED,-0.016475,0.05,0.25,0.4,0.6,0.7,0.8,0.9,0.0,0.0,0.0,0.08,0.04
8,PE_PB,-0.016475,0.1,0.2,0.35,0.5,0.7,0.8,0.95,0.0,0.55,0.0,0.1,0.04
8,PE_FED,-0.016476,0.15,0.25,0.35,0.7,0.75,0.85,0.9,0.5,0.0,0.0,0.1,0.04
8,PB_FED,-0.016477,0.05,0.2,0.4,0.7,0.65,0.85,0.95,1.0,0.0,0.0,0.12,0.05
8,PE_PB,-0.016482,0.05,0.3,0.4,0.7,0.65,0.75,0.9,0.0,0.55,0.0,0.06,0.03
6,PE_PB,-0.016484,0.1,0.15,0.3,0.6,0.65,0.85,0.95,0.0,0.6,0.0,0.12,0.04
6,PE_FED,-0.016484,0.15,0.25,0.3,0.55,0.7,0.75,0.9,-0.5,0.0,0.0,0.06,0.04
6,PE_only,-0.016487,0.05,0.25,0.4,0.55,0.75,0.85,0.95,0.0,0.0,0.0,0.12,0.04
8,PB_FED,-0.016487,0.1,0.15,0.3,0.55,0.65,0.8,0.85,1.0,0.0,0.0,0.06,0.05
6,PB_FED,-0.016493,0.1,0.2,0.3,0.65,0.75,0.8,0.9,0.5,0.0,0.0,0.12,0.04
6,PE_PB,-0.016494,0.1,0.2,0.45,0.7,0.7,0.85,0.9,0.0,0.65,0.0,0.06,0.05
6,PE_PB,-0.016498,0.05,0.15,0.4,0.55,0.7,0.75,0.95,0.0,0.55,0.0,0.08,0.03
6,PE_FED,-0.016499,0.05,0.25,0.4,0.5,0.7,0.8,0.95,0.0,0.0,0.0,0.08,0.03
8,PE_PB,-0.016499,0.2,0.25,0.45,0.65,0.75,0.85,0.9,0.0,0.65,0.0,0.1,0.03
8,PB_FED,-0.016499,0.1,0.3,0.45,0.55,0.65,0.75,0.95,1.0,0.0,0.0,0.06,0.05
8,PE_PB_FED,-0.016504,0.1,0.3,0.35,0.7,0.75,0.8,0.95,0.5,0.55,0.75,0.1,0.04
8,PE_PB,-0.016505,0.05,0.25,0.4,0.55,0.7,0.75,0.95,0.0,0.5,0.0,0.08,0.05
8,PE_PB_FED,-0.016506,0.05,0.3,0.45,0.65,0.7,0.75,0.85,-0.5,0.6,0.75,0.1,0.04
6,PE_PB_FED,-0.016507,0.2,0.25,0.35,0.6,0.65,0.8,0.95,0.0,0.65,0.7,0.08,0.04
8,PE_PB,-0.016507,0.05,0.25,0.45,0.6,0.65,0.75,0.85,0.0,0.65,0.0,0.06,0.05
6,PB_FED,-0.016508,0.15,0.2,0.45,0.7,0.65,0.75,0.95,0.5,0.0,0.0,0.08,0.04
8,PE_PB,-0.016509,0.1,0.25,0.45,0.6,0.7,0.75,0.85,0.0,0.65,0.0,0.12,0.03
6,PB_FED,-0.016511,0.05,0.25,0.35,0.7,0.65,0.75,0.95,0.5,0.0,0.0,0.1,0.05
8,PE_PB,-0.016513,0.1,0.2,0.3,0.6,0.65,0.85,0.9,0.0,0.6,0.0,0.1,0.04
6,PE_PB_FED,-0.016515,0.05,0.25,0.35,0.55,0.7,0.75,0.95,0.0,0.65,0.8,0.08,0.03
8,PE_PB_FED,-0.016515,0.1,0.15,0.45,0.5,0.65,0.85,0.9,0.0,0.55,0.8,0.06,0.05
6,PE_PB,-0.016521,0.1,0.15,0.3,0.7,0.75,0.8,0.95,0.0,0.5,0.0,0.12,0.03
6,PE_only,-0.016523,0.1,0.2,0.3,0.6,0.7,0.8,0.85,0.0,0.0,0.0,0.12,0.04
6,PE_PB,-0.016527,0.1,0.15,0.3,0.7,0.75,0.85,0.9,0.0,0.6,0.0,0.08,0.04
6,PE_FED,-0.016537,0.2,0.25,0.3,0.5,0.65,0.8,0.95,0.0,0.0,0.0,0.12,0.04
8,PE_PB,-0.01654,0.1,0.15,0.45,0.6,0.7,0.85,0.95,0.0,0.5,0.0,0.1,0.05
6,PE_FED,-0.016543,0.05,0.15,0.45,0.55,0.65,0.8,0.9,0.0,0.0,0.0,0.1,0.03
6,PE_FED,-0.016543,0.15,0.2,0.4,0.6,0.7,0.8,0.85,0.0,0.0,0.0,0.08,0.04
6,PE_only,-0.016545,0.15,0.3,0.45,0.55,0.65,0.75,0.95,0.0,0.0,0.0,0.1,0.05
6,PE_FED,-0.016545,0.1,0.3,0.35,0.65,0.65,0.85,0.9,-0.5,0.0,0.0,0.12,0.03
6,PE_only,-0.016546,0.05,0.2,0.3,0.55,0.7,0.8,0.9,0.0,0.0,0.0,0.12,0.03
6,PE_only,-0.016546,0.05,0.2,0.3,0.55,0.75,0.8,0.9,0.0,0.0,0.0,0.08,0.03
6,PE_FED,-0.016548,0.15,0.3,0.35,0.7,0.65,0.85,0.9,0.0,0.0,0.0,0.12,0.03
8,PB_FED,-0.016548,0.05,0.15,0.3,0.5,0.7,0.8,0.85,1.0,0.0,0.0,0.1,0.03
8,PE_PB,-0.01655,0.15,0.25,0.45,0.7,0.65,0.75,0.9,0.0,0.55,0.0,0.1,0.05
8,PE_PB,-0.016552,0.1,0.3,0.35,0.7,0.65,0.8,0.9,0.0,0.6,0.0,0.08,0.05
8,PE_PB,-0.016554,0.15,0.25,0.3,0.5,0.75,0.8,0.95,0.0,0.6,0.0,0.08,0.04
8,PE_PB_FED,-0.016554,0.2,0.25,0.3,0.5,0.7,0.75,0.9,-0.5,0.65,0.8,0.06,0.05
8,PE_PB,-0.016556,0.05,0.3,0.35,0.6,0.7,0.75,0.9,0.0,0.6,0.0,0.12,0.03
8,PE_PB_FED,-0.016562,0.05,0.3,0.4,0.6,0.65,0.8,0.9,-0.5,0.55,0.7,0.06,0.03
6,PE_PB,-0.016565,0.05,0.15,0.35,0.65,0.7,0.85,0.95,0.0,0.55,0.0,0.1,0.04
8,PB_FED,-0.016565,0.1,0.25,0.4,0.65,0.75,0.8,0.85,1.0,0.0,0.0,0.06,0.04
8,PE_FED,-0.016569,0.05,0.15,0.4,0.55,0.65,0.8,0.95,1.0,0.0,0.0,0.12,0.04
8,PE_PB_FED,-0.016571,0.2,0.25,0.4,0.7,0.65,0.8,0.85,0.0,0.5,0.75,0.12,0.05
6,PE_PB,-0.016576,0.05,0.15,0.4,0.6,0.75,0.8,0.9,0.0,0.65,0.0,0.06,0.03
6,PE_FED,-0.016578,0.05,0.15,0.4,0.55,0.65,0.8,0.9,0.0,0.0,0.0,0.1,0.05
8,PE_PB_FED,-0.016579,0.15,0.2,0.4,0.6,0.65,0.85,0.9,-0.5,0.55,0.7,0.06,0.05
8,PE_PB_FED,-0.016579,0.1,0.25,0.45,0.6,0.65,0.8,0.85,-0.5,0.6,0.8,0.1,0.04
6,PE_only,-0.016581,0.2,0.3,0.35,0.55,0.65,0.8,0.95,0.0,0.0,0.0,0.1,0.03
6,PE_only,-0.016581,0.2,0.3,0.35,0.55,0.7,0.8,0.95,0.0,0.0,0.0,0.06,0.03
6,PE_only,-0.016591,0.15,0.2,0.3,0.55,0.75,0.8,0.9,0.0,0.0,0.0,0.12,0.04
8,PE_FED,-0.016592,0.1,0.2,0.3,0.5,0.65,0.8,0.9,0.5,0.0,0.0,0.1,0.05
8,PE_PB,-0.016596,0.05,0.2,0.3,0.6,0.7,0.85,0.9,0.0,0.6,0.0,0.08,0.03
6,PE_only,-0.016598,0.1,0.15,0.45,0.6,0.7,0.8,0.85,0.0,0.0,0.0,0.08,0.04
8,PE_FED,-0.016606,0.1,0.2,0.45,0.7,0.65,0.8,0.85,0.5,0.0,0.0,0.06,0.04
6,PE_only,-0.016609,0.15,0.2,0.35,0.55,0.7,0.75,0.9,0.0,0.0,0.0,0.1,0.05
6,PE_only,-0.016611,0.15,0.25,0.3,0.6,0.7,0.75,0.85,0.0,0.0,0.0,0.1,0.04
6,PE_PB,-0.016617,0.05,0.25,0.45,0.65,0.65,0.8,0.9,0.0,0.65,0.0,0.12,0.03
6,PE_PB,-0.016618,0.15,0.2,0.35,0.65,0.65,0.8,0.95,0.0,0.55,0.0,0.12,0.05
6,PE_only,-0.016627,0.1,0.15,0.35,0.5,0.7,0.75,0.9,0.0,0.0,0.0,0.12,0.03
6,PE_PB,-0.016629,0.1,0.2,0.4,0.6,0.7,0.85,0.95,0.0,0.65,0.0,0.08,0.04
8,PE_PB,-0.01663,0.1,0.3,0.35,0.5,0.65,0.8,0.95,0.0,0.65,0.0,0.08,0.03
8,PE_FED,-0.016631,0.1,0.15,0.35,0.6,0.7,0.8,0.95,1.0,0.0,0.0,0.1,0.05
8,PB_FED,-0.016631,0.2,0.25,0.3,0.6,0.65,0.75,0.85,1.0,0.0,0.0,0.08,0.05
8,PE_PB_FED,-0.016638,0.15,0.2,0.4,0.5,0.65,0.8,0.9,-0.5,0.55,0.8,0.08,0.03
6,PE_PB,-0.016639,0.1,0.2,0.4,0.65,0.65,0.8,0.95,0.0,0.55,0.0,0.06,0.04
8,PE_PB,-0.01664,0.05,0.3,0.35,0.6,0.7,0.75,0.9,0.0,0.6,0.0,0.1,0.04
8,PE_FED,-0.016643,0.05,0.25,0.45,0.5,0.75,0.8,0.85,-0.5,0.0,0.0,0.12,0.05
8,PB_FED,-0.016644,0.15,0.3,0.45,0.65,0.65,0.8,0.95,1.0,0.0,0.0,0.08,0.03
8,PE_PB,-0.016648,0.1,0.15,0.3,0.7,0.65,0.75,0.85,0.0,0.5,0.0,0.1,0.05
6,PE_PB,-0.01665,0.1,0.15,0.4,0.6,0.65,0.8,0.9,0.0,0.65,0.0,0.12,0.03
6,PE_FED,-0.016652,0.05,0.25,0.35,0.5,0.65,0.75,0.95,-0.5,0.0,0.0,0.12,0.05
8,PE_PB_FED,-0.016652,0.15,0.25,0.3,0.5,0.65,0.75,0.9,0.5,0.65,0.7,0.1,0.03
6,PE_PB,-0.016653,0.05,0.2,0.3,0.7,0.75,0.85,0.95,0.0,0.55,0.0,0.06,0.04
6,PE_PB,-0.016656,0.1,0.15,0.45,0.55,0.65,0.75,0.95,0.0,0.6,0.0,0.06,0.04
8,PE_PB,-0.016656,0.1,0.25,0.35,0.65,0.65,0.8,0.9,0.0,0.55,0.0,0.06,0.03
6,PE_only,-0.016658,0.15,0.2,0.45,0.5,0.7,0.8,0.95,0.0,0.0,0.0,0.1,0.04
6,PE_PB_FED,-0.016658,0.05,0.2,0.3,0.7,0.65,0.85,0.9,-0.5,0.65,0.75,0.06,0.04
8,PE_PB,-0.016658,0.1,0.25,0.45,0.55,0.65,0.8,0.95,0.0,0.55,0.0,0.1,0.05
6,PE_PB,-0.016667,0.05,0.15,0.4,0.55,0.75,0.85,0.95,0.0,0.65,0.0,0.12,0.03
8,PB_FED,-0.016667,0.05,0.15,0.3,0.5,0.65,0.85,0.9,1.0,0.0,0.0,0.1,0.03
8,PE_PB,-0.016671,0.05,0.15,0.45,0.55,0.7,0.85,0.95,0.0,0.5,0.0,0.06,0.04
8,PE_PB,-0.016672,0.2,0.25,0.45,0.65,0.7,0.75,0.95,0.0,0.5,0.0,0.1,0.04
6,PE_only,-0.016673,0.2,0.3,0.35,0.6,0.65,0.75,0.9,0.0,0.0,0.0,0.1,0.03
6,PE_PB,-0.016675,0.2,0.25,0.3,0.7,0.65,0.75,0.95,0.0,0.6,0.0,0.12,0.04
8,PE_PB,-0.016677,0.05,0.25,0.45,0.6,0.65,0.85,0.9,0.0,0.65,0.0,0.06,0.04
6,PE_PB,-0.016679,0.05,0.2,0.35,0.55,0.7,0.8,0.95,0.0,0.65,0.0,0.06,0.04
8,PE_FED,-0.016679,0.05,0.2,0.3,0.65,0.75,0.8,0.85,0.5,0.0,0.0,0.1,0.05
8,PE_PB_FED,-0.016681,0.05,0.3,0.4,0.5,0.7,0.75,0.9,-0.5,0.65,0.7,0.12,0.03
8,PE_PB,-0.016683,0.1,0.3,0.4,0.65,0.75,0.85,0.9,0.0,0.65,0.0,0.08,0.03
6,PE_only,-0.016685,0.15,0.25,0.3,0.5,0.7,0.8,0.95,0.0,0.0,0.0,0.08,0.05
8,PE_only,-0.016686,0.05,0.2,0.4,0.5,0.7,0.8,0.85,0.0,0.0,0.0,0.12,0.03
6,PE_PB,-0.016687,0.1,0.15,0.4,0.55,0.65,0.75,0.95,0.0,0.55,0.0,0.12,0.03
6,PE_only,-0.016688,0.1,0.25,0.4,0.5,0.7,0.8,0.95,0.0,0.0,0.0,0.1,0.03
8,PE_PB,-0.016692,0.05,0.2,0.3,0.5,0.75,0.8,0.9,0.0,0.65,0.0,0.08,0.03
8,PE_only,-0.016693,0.2,0.3,0.4,0.55,0.7,0.85,0.9,0.0,0.0,0.0,0.12,0.04
8,PB_FED,-0.016695,0.15,0.2,0.3,0.6,0.65,0.8,0.85,1.0,0.0,0.0,0.12,0.05
6,PE_FED,-0.016696,0.2,0.25,0.45,0.65,0.75,0.8,0.85,-0.5,0.0,0.0,0.08,0.03
6,PE_FED,-0.016697,0.15,0.2,0.4,0.6,0.65,0.8,0.85,-0.5,0.0,0.0,0.06,0.05
6,PB_FED,-0.016698,0.05,0.2,0.3,0.55,0.65,0.75,0.85,0.5,0.0,0.0,0.1,0.03
6,PB_FED,-0.016699,0.1,0.15,0.3,0.65,0.65,0.85,0.9,0.5,0.0,0.0,0.12,0.04
8,PE_only,-0.016699,0.1,0.3,0.4,0.55,0.75,0.8,0.85,0.0,0.0,0.0,0.1,0.03
6,PE_only,-0.016704,0.2,0.3,0.4,0.55,0.75,0.8,0.95,0.0,0.0,0.0,0.12,0.03
6,PB_only,-0.016705,0.05,0.3,0.45,0.5,0.65,0.85,0.95,0.0,0.0,0.0,0.08,0.04
6,PE_PB,-0.016706,0.05,0.15,0.45,0.6,0.75,0.8,0.95,0.0,0.55,0.0,0.1,0.04
8,PE_PB_FED,-0.016707,0.15,0.2,0.3,0.6,0.65,0.85,0.95,0.5,0.55,0.8,0.12,0.05
8,PB_FED,-0.016707,0.1,0.3,0.45,0.65,0.65,0.75,0.85,1.0,0.0,0.0,0.08,0.04
6,PE_only,-0.016717,0.15,0.3,0.4,0.6,0.75,0.8,0.9,0.0,0.0,0.0,0.1,0.03
8,PE_FED,-0.016717,0.05,0.2,0.35,0.6,0.7,0.85,0.9,0.5,0.0,0.0,0.06,0.04
8,PE_FED,-0.016719,0.05,0.15,0.45,0.55,0.65,0.8,0.95,1.0,0.0,0.0,0.08,0.04
8,PE_FED,-0.01672,0.1,0.3,0.45,0.5,0.65,0.75,0.85,-0.5,0.0,0.0,0.12,0.04
6,PB_FED,-0.016721,0.1,0.25,0.45,0.65,0.65,0.75,0.95,0.5,0.0,0.0,0.12,0.05
6,PE_PB,-0.016722,0.05,0.15,0.4,0.7,0.65,0.85,0.9,0.0,0.6,0.0,0.12,0.04
6,PE_only,-0.016731,0.1,0.2,0.45,0.55,0.7,0.75,0.9,0.0,0.0,0.0,0.12,0.04
8,PE_PB,-0.016731,0.05,0.25,0.45,0.5,0.7,0.75,0.95,0.0,0.6,0.0,0.12,0.04
8,PE_PB,-0.016732,0.15,0.3,0.45,0.55,0.65,0.8,0.95,0.0,0.6,0.0,0.08,0.05
8,PE_PB,-0.016734,0.2,0.25,0.35,0.65,0.65,0.85,0.95,0.0,0.55,0.0,0.06,0.05
8,PE_FED,-0.016736,0.05,0.25,0.45,0.55,0.65,0.8,0.9,0.5,0.0,0.0,0.08,0.03
6,PE_PB,-0.016737,0.1,0.15,0.35,0.7,0.75,0.85,0.9,0.0,0.6,0.0,0.08,0.04
8,PE_only,-0.01674,0.15,0.2,0.4,0.5,0.7,0.8,0.85,0.0,0.0,0.0,0.12,0.03
8,PE_only,-0.01674,0.1,0.3,0.35,0.5,0.65,0.75,0.9,0.0,0.0,0.0,0.08,0.05
8,PE_PB,-0.016741,0.15,0.2,0.35,0.5,0.65,0.8,0.95,0.0,0.5,0.0,0.08,0.03
6,PE_only,-0.016743,0.05,0.15,0.45,0.6,0.75,0.8,0.85,0.0,0.0,0.0,0.06,0.03
6,PE_only,-0.016744,0.05,0.25,0.3,0.55,0.7,0.75,0.9,0.0,0.0,0.0,0.06,0.04
8,PE_only,-0.016749,0.2,0.25,0.45,0.55,0.75,0.85,0.9,0.0,0.0,0.0,0.12,0.05
6,PE_FED,-0.01675,0.05,0.25,0.3,0.6,0.65,0.75,0.85,-0.5,0.0,0.0,0.12,0.04
8,PE_FED,-0.016752,0.05,0.15,0.4,0.55,0.7,0.8,0.95,1.0,0.0,0.0,0.08,0.05
8,PE_PB_FED,-0.016752,0.15,0.25,0.35,0.7,0.65,0.8,0.85,-0.5,0.5,0.7,0.1,0.03
8,PE_PB,-0.016761,0.2,0.3,0.4,0.65,0.65,0.75,0.9,0.0,0.6,0.0,0.08,0.04
8,PE_PB_FED,-0.016765,0.15,0.3,0.35,0.7,0.65,0.8,0.95,0.5,0.55,0.8,0.1,0.05
8,PE_PB,-0.016766,0.15,0.2,0.3,0.6,0.7,0.8,0.85,0.0,0.6,0.0,0.08,0.04
6,PE_only,-0.01677,0.1,0.3,0.35,0.6,0.7,0.75,0.9,0.0,0.0,0.0,0.12,0.05
8,PB_FED,-0.01677,0.1,0.2,0.4,0.7,0.7,0.8,0.85,1.0,0.0,0.0,0.1,0.05
8,PE_PB,-0.016772,0.1,0.3,0.45,0.5,0.65,0.75,0.95,0.0,0.65,0.0,0.1,0.03
8,PB_FED,-0.016773,0.2,0.25,0.4,0.7,0.65,0.8,0.85,1.0,0.0,0.0,0.06,0.03
6,PE_only,-0.016777,0.1,0.25,0.35,0.6,0.65,0.75,0.85,0.0,0.0,0.0,0.12,0.04
6,PE_only,-0.016778,0.05,0.25,0.3,0.5,0.7,0.8,0.95,0.0,0.0,0.0,0.1,0.05
6,PE_FED,-0.016778,0.05,0.15,0.35,0.5,0.7,0.75,0.9,-0.5,0.0,0.0,0.06,0.04
6,PE_only,-0.01678,0.05,0.2,0.35,0.6,0.7,0.8,0.85,0.0,0.0,0.0,0.1,0.04
8,PE_FED,-0.01679,0.1,0.25,0.3,0.7,0.7,0.8,0.85,0.5,0.0,0.0,0.08,0.04
8,PE_PB_FED,-0.016792,0.05,0.25,0.3,0.7,0.7,0.85,0.9,-0.5,0.5,0.8,0.08,0.05
6,PE_FED,-0.016796,0.1,0.3,0.35,0.5,0.7,0.75,0.95,0.0,0.0,0.0,0.06,0.03
6,PE_PB_FED,-0.016796,0.15,0.3,0.45,0.65,0.7,0.8,0.95,-0.5,0.65,0.8,0.1,0.04
6,PE_only,-0.016798,0.1,0.2,0.45,0.55,0.65,0.75,0.9,0.0,0.0,0.0,0.12,0.03
8,PE_PB,-0.016798,0.1,0.25,0.45,0.55,0.65,0.8,0.9,0.0,0.65,0.0,0.06,0.03
8,PE_FED,-0.016798,0.1,0.2,0.45,0.5,0.75,0.8,0.9,0.5,0.0,0.0,0.12,0.04
8,PE_FED,-0.016798,0.15,0.2,0.45,0.5,0.75,0.8,0.9,0.5,0.0,0.0,0.12,0.04
8,PE_PB_FED,-0.016798,0.1,0.2,0.3,0.7,0.65,0.85,0.9,0.5,0.65,0.7,0.12,0.03
6,PE_only,-0.016802,0.1,0.3,0.35,0.6,0.65,0.8,0.9,0.0,0.0,0.0,0.12,0.04
6,PB_FED,-0.016802,0.05,0.15,0.3,0.5,0.65,0.75,0.95,0.5,0.0,0.0,0.06,0.03
8,PE_PB_FED,-0.016807,0.1,0.2,0.4,0.7,0.7,0.8,0.9,0.5,0.55,0.75,0.06,0.04
8,PE_PB,-0.016808,0.1,0.3,0.4,0.7,0.65,0.75,0.9,0.0,0.55,0.0,0.12,0.04
8,PE_PB,-0.016808,0.05,0.3,0.45,0.65,0.65,0.85,0.9,0.0,0.65,0.0,0.1,0.04
6,PE_only,-0.016813,0.1,0.15,0.45,0.6,0.7,0.85,0.9,0.0,0.0,0.0,0.1,0.05
6,PE_FED,-0.016819,0.1,0.25,0.35,0.65,0.65,0.8,0.85,0.0,0.0,0.0,0.08,0.05
8,PE_PB_FED,-0.016819,0.1,0.25,0.4,0.55,0.7,0.75,0.9,0.5,0.65,0.75,0.12,0.05
8,PB_FED,-0.016819,0.15,0.25,0.3,0.7,0.65,0.8,0.85,1.0,0.0,0.0,0.1,0.05
6,PE_only,-0.01682,0.05,0.3,0.45,0.55,0.7,0.75,0.95,0.0,0.0,0.0,0.12,0.04
6,PE_PB_FED,-0.016821,0.15,0.3,0.35,0.6,0.75,0.8,0.95,0.0,0.65,0.7,0.1,0.03
8,PE_PB_FED,-0.016824,0.05,0.15,0.45,0.7,0.75,0.8,0.9,0.5,0.5,0.8,0.08,0.04
8,PE_PB_FED,-0.016824,0.1,0.15,0.3,0.55,0.75,0.85,0.9,-0.5,0.5,0.75,0.12,0.03
6,PE_FED,-0.016829,0.1,0.25,0.35,0.65,0.75,0.8,0.85,0.0,0.0,0.0,0.06,0.05
6,PE_FED,-0.01683,0.1,0.15,0.4,0.5,0.7,0.75,0.9,0.0,0.0,0.0,0.06,0.05
8,PE_PB,-0.016835,0.2,0.25,0.4,0.65,0.75,0.85,0.95,0.0,0.55,0.0,0.12,0.05
8,PE_PB_FED,-0.016835,0.05,0.15,0.4,0.5,0.65,0.8,0.85,-0.5,0.6,0.8,0.1,0.04
8,PE_PB_FED,-0.016835,0.05,0.25,0.4,0.65,0.7,0.8,0.85,-0.5,0.55,0.7,0.1,0.04
8,PE_FED,-0.01684,0.1,0.15,0.4,0.55,0.65,0.8,0.95,1.0,0.0,0.0,0.08,0.04
8,PE_PB,-0.016841,0.2,0.3,0.35,0.65,0.7,0.75,0.95,0.0,0.5,0.0,0.08,0.03
8,PE_FED,-0.016841,0.1,0.25,0.3,0.65,0.65,0.85,0.9,0.5,0.0,0.0,0.1,0.04
6,PE_PB,-0.016843,0.15,0.25,0.4,0.65,0.75,0.8,0.9,0.0,0.65,0.0,0.12,0.05
8,PE_PB,-0.016844,0.05,0.2,0.45,0.55,0.75,0.8,0.9,0.0,0.6,0.0,0.06,0.04
8,PE_only,-0.016847,0.2,0.3,0.4,0.5,0.7,0.75,0.9,0.0,0.0,0.0,0.06,0.03
8,PB_FED,-0.016848,0.15,0.3,0.35,0.6,0.65,0.8,0.95,1.0,0.0,0.0,0.08,0.03
8,PB_FED,-0.016848,0.05,0.3,0.4,0.6,0.7,0.75,0.9,1.0,0.0,0.0,0.12,0.04
6,PE_only,-0.01685,0.05,0.2,0.3,0.5,0.65,0.85,0.95,0.0,0.0,0.0,0.1,0.03
8,PE_PB,-0.016851,0.05,0.3,0.4,0.65,0.7,0.8,0.85,0.0,0.65,0.0,0.12,0.03
8,PE_PB,-0.016854,0.05,0.2,0.35,0.6,0.75,0.8,0.85,0.0,0.6,0.0,0.06,0.04
8,PE_PB,-0.016856,0.05,0.25,0.45,0.55,0.7,0.8,0.9,0.0,0.65,0.0,0.06,0.04
8,PE_PB_FED,-0.016857,0.1,0.15,0.35,0.7,0.75,0.8,0.85,0.5,0.6,0.8,0.12,0.05
8,PE_PB,-0.016858,0.05,0.2,0.4,0.55,0.65,0.8,0.85,0.0,0.65,0.0,0.1,0.03
8,PE_PB_FED,-0.016859,0.1,0.3,0.35,0.65,0.75,0.85,0.95,0.5,0.65,0.8,0.08,0.05
8,PE_FED,-0.016861,0.1,0.2,0.45,0.7,0.65,0.8,0.85,0.5,0.0,0.0,0.06,0.05
8,PE_PB,-0.016864,0.15,0.2,0.45,0.55,0.7,0.75,0.9,0.0,0.55,0.0,0.12,0.03
8,PE_PB,-0.016869,0.1,0.2,0.45,0.65,0.7,0.8,0.85,0.0,0.6,0.0,0.1,0.03
8,PE_PB,-0.016869,0.05,0.25,0.4,0.7,0.65,0.75,0.85,0.0,0.55,0.0,0.12,0.03
8,PE_PB,-0.01687,0.05,0.25,0.45,0.55,0.65,0.75,0.95,0.0,0.5,0.0,0.12,0.04
8,PE_PB,-0.016872,0.2,0.25,0.4,0.65,0.7,0.75,0.9,0.0,0.55,0.0,0.08,0.03
8,PE_FED,-0.016878,0.1,0.25,0.4,0.5,0.7,0.75,0.9,0.5,0.0,0.0,0.08,0.05
6,PE_PB_FED,-0.016882,0.15,0.25,0.35,0.6,0.65,0.75,0.95,-0.5,0.6,0.75,0.1,0.04
8,PE_PB_FED,-0.016889,0.1,0.15,0.45,0.7,0.7,0.8,0.95,1.0,0.55,0.75,0.1,0.03
6,PE_PB,-0.01689,0.05,0.15,0.4,0.55,0.7,0.85,0.95,0.0,0.65,0.0,0.1,0.04
8,PB_FED,-0.01689,0.1,0.2,0.3,0.55,0.7,0.85,0.95,1.0,0.0,0.0,0.08,0.05
6,PE_FED,-0.016892,0.15,0.3,0.35,0.7,0.65,0.8,0.85,0.0,0.0,0.0,0.12,0.05
6,PB_FED,-0.016895,0.05,0.15,0.35,0.7,0.75,0.8,0.9,0.5,0.0,0.0,0.12,0.04
8,PE_PB,-0.016897,0.1,0.25,0.45,0.5,0.75,0.8,0.95,0.0,0.6,0.0,0.06,0.03
8,PE_PB_FED,-0.016901,0.2,0.25,0.45,0.65,0.7,0.8,0.85,-0.5,0.6,0.8,0.06,0.05
6,PE_PB,-0.016904,0.05,0.2,0.4,0.6,0.65,0.75,0.95,0.0,0.55,0.0,0.12,0.04
8,PE_PB,-0.016905,0.1,0.2,0.3,0.6,0.65,0.85,0.9,0.0,0.6,0.0,0.1,0.03
6,PE_PB_FED,-0.01691,0.05,0.15,0.3,0.55,0.65,0.75,0.95,-0.5,0.55,0.8,0.12,0.05
6,PE_FED,-0.016911,0.05,0.25,0.3,0.65,0.65,0.8,0.85,0.0,0.0,0.0,0.08,0.04
8,PE_PB,-0.016919,0.1,0.2,0.3,0.6,0.7,0.8,0.85,0.0,0.6,0.0,0.1,0.04
8,PE_PB_FED,-0.016919,0.15,0.25,0.3,0.6,0.65,0.75,0.9,0.5,0.6,0.75,0.08,0.05
8,PE_PB_FED,-0.01692,0.15,0.2,0.35,0.55,0.65,0.8,0.9,-0.5,0.5,0.75,0.08,0.05
8,PE_only,-0.016921,0.1,0.2,0.4,0.5,0.7,0.8,0.85,0.0,0.0,0.0,0.06,0.03
6,PE_only,-0.016922,0.1,0.15,0.3,0.55,0.7,0.75,0.85,0.0,0.0,0.0,0.06,0.04
6,PE_only,-0.016925,0.1,0.3,0.4,0.6,0.75,0.8,0.9,0.0,0.0,0.0,0.08,0.04
6,PB_FED,-0.016925,0.05,0.25,0.3,0.65,0.65,0.75,0.95,0.5,0.0,0.0,0.08,0.04
8,PE_PB,-0.016928,0.15,0.2,0.4,0.5,0.7,0.75,0.95,0.0,0.5,0.0,0.12,0.04
8,PE_PB,-0.016931,0.1,0.15,0.3,0.55,0.65,0.8,0.9,0.0,0.5,0.0,0.08,0.03
6,PE_FED,-0.016936,0.05,0.3,0.35,0.65,0.7,0.85,0.9,-0.5,0.0,0.0,0.1,0.05
8,PB_FED,-0.016936,0.1,0.15,0.45,0.5,0.65,0.8,0.9,1.0,0.0,0.0,0.1,0.04
6,PE_PB,-0.01694,0.15,0.25,0.35,0.7,0.7,0.8,0.85,0.0,0.65,0.0,0.08,0.04
6,PE_FED,-0.016943,0.05,0.25,0.3,0.5,0.7,0.8,0.95,-0.5,0.0,0.0,0.1,0.05
6,PE_only,-0.016945,0.05,0.2,0.4,0.6,0.75,0.8,0.85,0.0,0.0,0.0,0.08,0.04
8,PE_PB_FED,-0.016945,0.05,0.25,0.45,0.5,0.65,0.8,0.9,-0.5,0.65,0.7,0.12,0.04
8,PE_PB,-0.016947,0.1,0.25,0.45,0.7,0.75,0.85,0.9,0.0,0.6,0.0,0.06,0.05
6,PE_FED,-0.016948,0.15,0.3,0.4,0.7,0.7,0.8,0.85,0.0,0.0,0.0,0.1,0.05
8,PE_PB,-0.01695,0.15,0.3,0.35,0.7,0.65,0.85,0.9,0.0,0.6,0.0,0.08,0.04
6,PE_only,-0.016951,0.1,0.15,0.3,0.55,0.65,0.75,0.85,0.0,0.0,0.0,0.1,0.03
6,PE_PB_FED,-0.016953,0.1,0.15,0.4,0.65,0.65,0.8,0.9,0.0,0.6,0.8,0.06,0.03
8,PE_PB,-0.016953,0.1,0.2,0.35,0.6,0.65,0.75,0.9,0.0,0.5,0.0,0.08,0.04
8,PB_FED,-0.016958,0.2,0.3,0.45,0.55,0.7,0.75,0.95,1.0,0.0,0.0,0.1,0.04
8,PE_PB_FED,-0.016959,0.1,0.3,0.4,0.55,0.7,0.8,0.95,0.5,0.6,0.8,0.06,0.04
8,PE_FED,-0.016965,0.15,0.2,0.3,0.7,0.75,0.8,0.95,1.0,0.0,0.0,0.12,0.03
6,PE_PB_FED,-0.016971,0.1,0.3,0.4,0.6,0.65,0.8,0.95,0.0,0.65,0.7,0.12,0.03
6,PB_FED,-0.016971,0.15,0.2,0.3,0.7,0.65,0.8,0.95,0.5,0.0,0.0,0.08,0.05
6,PB_FED,-0.016971,0.15,0.2,0.3,0.7,0.65,0.8,0.95,0.5,0.0,0.0,0.1,0.05
6,PE_PB_FED,-0.016972,0.15,0.2,0.4,0.7,0.7,0.75,0.85,-0.5,0.65,0.75,0.1,0.05
6,PE_only,-0.016975,0.15,0.25,0.4,0.5,0.7,0.8,0.95,0.0,0.0,0.0,0.1,0.04
6,PE_FED,-0.016975,0.05,0.25,0.4,0.55,0.7,0.75,0.9,0.0,0.0,0.0,0.08,0.03
8,PE_PB,-0.016975,0.1,0.25,0.3,0.55,0.75,0.85,0.95,0.0,0.55,0.0,0.06,0.03
8,PE_PB,-0.016976,0.15,0.2,0.35,0.6,0.7,0.85,0.95,0.0,0.5,0.0,0.08,0.04
6,PE_FED,-0.016977,0.15,0.3,0.4,0.65,0.7,0.8,0.85,-0.5,0.0,0.0,0.12,0.03
6,PE_PB,-0.016982,0.1,0.15,0.4,0.7,0.65,0.8,0.9,0.0,0.6,0.0,0.08,0.05
6,PE_FED,-0.016982,0.1,0.3,0.4,0.5,0.7,0.75,0.95,0.0,0.0,0.0,0.12,0.03
6,PE_PB,-0.016984,0.1,0.2,0.45,0.7,0.75,0.8,0.85,0.0,0.65,0.0,0.08,0.05
8,PE_FED,-0.016986,0.05,0.3,0.35,0.55,0.65,0.85,0.95,0.5,0.0,0.0,0.1,0.05
6,PE_only,-0.016988,0.15,0.2,0.4,0.55,0.65,0.8,0.9,0.0,0.0,0.0,0.1,0.04
6,PE_PB,-0.01699,0.1,0.25,0.35,0.6,0.65,0.8,0.95,0.0,0.6,0.0,0.12,0.03
8,PB_FED,-0.016991,0.1,0.25,0.45,0.65,0.65,0.8,0.85,1.0,0.0,0.0,0.06,0.04
8,PE_FED,-0.016992,0.05,0.25,0.45,0.65,0.75,0.8,0.9,0.5,0.0,0.0,0.08,0.05
6,PB_FED,-0.016995,0.1,0.15,0.35,0.6,0.75,0.8,0.9,0.5,0.0,0.0,0.1,0.04
6,PE_only,-0.016997,0.05,0.2,0.35,0.6,0.75,0.85,0.9,0.0,0.0,0.0,0.06,0.05
6,PB_FED,-0.016999,0.1,0.15,0.4,0.6,0.65,0.8,0.9,0.5,0.0,0.0,0.1,0.03
8,PE_PB_FED,-0.016999,0.2,0.3,0.45,0.6,0.65,0.8,0.85,-0.5,0.65,0.8,0.12,0.03
6,PE_only,-0.017007,0.1,0.15,0.45,0.5,0.7,0.85,0.95,0.0,0.0,0.0,0.06,0.04
6,PE_only,-0.017008,0.1,0.25,0.45,0.55,0.7,0.85,0.95,0.0,0.0,0.0,0.12,0.04
8,PB_FED,-0.01701,0.15,0.3,0.4,0.7,0.7,0.8,0.9,1.0,0.0,0.0,0.06,0.04
8,PB_FED,-0.017012,0.05,0.2,0.45,0.7,0.75,0.85,0.95,1.0,0.0,0.0,0.1,0.05
6,PE_PB,-0.017013,0.05,0.25,0.35,0.7,0.65,0.75,0.85,0.0,0.65,0.0,0.08,0.05
6,PE_PB,-0.017014,0.05,0.2,0.3,0.55,0.7,0.75,0.95,0.0,0.6,0.0,0.1,0.05
6,PB_FED,-0.017016,0.05,0.25,0.3,0.55,0.7,0.75,0.95,0.5,0.0,0.0,0.12,0.03
6,PE_only,-0.017018,0.1,0.25,0.35,0.55,0.65,0.75,0.9,0.0,0.0,0.0,0.08,0.03
6,PE_PB,-0.01702,0.1,0.2,0.3,0.65,0.65,0.75,0.9,0.0,0.6,0.0,0.12,0.04
6,PB_FED,-0.017021,0.05,0.15,0.35,0.6,0.65,0.75,0.85,0.5,0.0,0.0,0.1,0.05
6,PE_PB,-0.017023,0.05,0.3,0.45,0.7,0.65,0.8,0.9,0.0,0.65,0.0,0.1,0.03
6,PE_PB,-0.017025,0.05,0.2,0.3,0.7,0.7,0.75,0.9,0.0,0.55,0.0,0.06,0.03
6,PE_PB,-0.017025,0.05,0.2,0.3,0.7,0.7,0.75,0.9,0.0,0.55,0.0,0.08,0.03
8,PE_FED,-0.017025,0.15,0.25,0.35,0.5,0.7,0.8,0.9,0.5,0.0,0.0,0.08,0.03
8,PE_PB,-0.017026,0.15,0.25,0.35,0.7,0.75,0.85,0.9,0.0,0.55,0.0,0.08,0.04
6,PE_only,-0.017027,0.05,0.2,0.35,0.6,0.7,0.85,0.9,0.0,0.0,0.0,0.06,0.05
8,PE_PB,-0.017029,0.05,0.2,0.4,0.65,0.75,0.8,0.9,0.0,0.5,0.0,0.1,0.04
6,PE_only,-0.01703,0.15,0.2,0.3,0.5,0.65,0.85,0.95,0.0,0.0,0.0,0.12,0.05
6,PE_only,-0.017044,0.05,0.3,0.45,0.6,0.65,0.75,0.9,0.0,0.0,0.0,0.06,0.03
6,PE_PB,-0.017044,0.1,0.15,0.3,0.7,0.65,0.75,0.85,0.0,0.6,0.0,0.08,0.03
6,PE_FED,-0.017044,0.05,0.15,0.35,0.55,0.7,0.75,0.85,0.0,0.0,0.0,0.08,0.04
8,PE_FED,-0.017044,0.15,0.2,0.4,0.6,0.7,0.85,0.9,0.5,0.0,0.0,0.12,0.03
6,PE_only,-0.017045,0.05,0.15,0.3,0.55,0.7,0.75,0.85,0.0,0.0,0.0,0.08,0.03
6,PE_FED,-0.017046,0.1,0.3,0.35,0.7,0.65,0.8,0.85,0.0,0.0,0.0,0.08,0.03
6,PE_PB,-0.017049,0.1,0.2,0.4,0.65,0.65,0.8,0.85,0.0,0.65,0.0,0.12,0.04
8,PE_only,-0.01705,0.1,0.3,0.35,0.5,0.65,0.8,0.9,0.0,0.0,0.0,0.08,0.03
6,PE_PB,-0.017052,0.15,0.3,0.35,0.7,0.7,0.8,0.95,0.0,0.6,0.0,0.06,0.04
6,PE_PB,-0.017053,0.15,0.2,0.4,0.7,0.7,0.85,0.95,0.0,0.55,0.0,0.08,0.04
6,PE_PB_FED,-0.017061,0.05,0.2,0.3,0.65,0.7,0.85,0.95,0.0,0.55,0.8,0.06,0.04
8,PE_FED,-0.017061,0.05,0.2,0.45,0.6,0.65,0.75,0.85,0.5,0.0,0.0,0.06,0.05
8,PE_PB,-0.017062,0.05,0.2,0.3,0.55,0.7,0.75,0.9,0.0,0.5,0.0,0.06,0.04
6,PE_FED,-0.017065,0.05,0.25,0.45,0.6,0.65,0.8,0.9,0.0,0.0,0.0,0.06,0.03
8,PE_only,-0.017065,0.1,0.3,0.45,0.55,0.7,0.85,0.9,0.0,0.0,0.0,0.12,0.03
8,PE_PB_FED,-0.017065,0.05,0.15,0.35,0.5,0.65,0.85,0.9,-0.5,0.6,0.7,0.1,0.05
6,PE_only,-0.017068,0.05,0.2,0.4,0.6,0.75,0.8,0.85,0.0,0.0,0.0,0.12,0.03
8,PE_PB,-0.017076,0.05,0.15,0.45,0.65,0.65,0.75,0.85,0.0,0.5,0.0,0.08,0.04
8,PE_PB,-0.017076,0.1,0.2,0.35,0.6,0.7,0.85,0.95,0.0,0.5,0.0,0.12,0.04
6,PE_PB_FED,-0.017077,0.15,0.2,0.35,0.7,0.7,0.75,0.9,0.0,0.55,0.8,0.06,0.04
6,PE_PB_FED,-0.017078,0.1,0.2,0.4,0.7,0.7,0.8,0.9,-0.5,0.6,0.8,0.08,0.03
6,PE_only,-0.01708,0.2,0.25,0.35,0.55,0.7,0.85,0.95,0.0,0.0,0.0,0.06,0.04
6,PE_only,-0.017084,0.05,0.25,0.45,0.55,0.75,0.85,0.95,0.0,0.0,0.0,0.08,0.04
8,PE_PB,-0.017084,0.05,0.3,0.35,0.65,0.65,0.8,0.95,0.0,0.5,0.0,0.1,0.04
8,PE_PB,-0.017084,0.05,0.3,0.35,0.65,0.7,0.8,0.95,0.0,0.5,0.0,0.12,0.04
8,PE_PB,-0.017086,0.1,0.25,0.3,0.5,0.7,0.75,0.95,0.0,0.55,0.0,0.1,0.05
8,PE_PB,-0.01709,0.1,0.15,0.4,0.5,0.65,0.75,0.85,0.0,0.65,0.0,0.1,0.03
6,PE_PB,-0.017092,0.15,0.25,0.4,0.7,0.65,0.85,0.95,0.0,0.6,0.0,0.08,0.03
8,PE_PB_FED,-0.017093,0.1,0.25,0.45,0.55,0.7,0.75,0.95,0.5,0.5,0.7,0.08,0.04
8,PE_FED,-0.017096,0.1,0.2,0.45,0.65,0.65,0.85,0.9,0.5,0.0,0.0,0.12,0.03
6,PE_only,-0.017099,0.05,0.2,0.45,0.6,0.65,0.75,0.85,0.0,0.0,0.0,0.1,0.05
6,PE_only,-0.017101,0.15,0.2,0.35,0.5,0.75,0.85,0.95,0.0,0.0,0.0,0.12,0.03
6,PE_only,-0.017103,0.1,0.25,0.4,0.55,0.7,0.75,0.9,0.0,0.0,0.0,0.12,0.04
6,PB_FED,-0.017103,0.05,0.2,0.3,0.65,0.75,0.8,0.9,0.5,0.0,0.0,0.1,0.05
8,PE_PB,-0.017103,0.2,0.25,0.3,0.7,0.65,0.85,0.95,0.0,0.5,0.0,0.1,0.04
8,PE_FED,-0.017103,0.15,0.2,0.45,0.55,0.7,0.75,0.85,0.5,0.0,0.0,0.08,0.05
6,PE_PB_FED,-0.017105,0.1,0.2,0.35,0.55,0.7,0.8,0.95,0.0,0.55,0.75,0.12,0.04
8,PE_FED,-0.017108,0.15,0.2,0.4,0.55,0.7,0.85,0.9,0.5,0.0,0.0,0.06,0.04
8,PE_only,-0.017109,0.05,0.3,0.45,0.55,0.75,0.85,0.9,0.0,0.0,0.0,0.06,0.03
8,PE_only,-0.017109,0.05,0.3,0.45,0.55,0.7,0.85,0.9,0.0,0.0,0.0,0.1,0.03
8,PE_PB,-0.017109,0.2,0.3,0.35,0.7,0.7,0.8,0.95,0.0,0.5,0.0,0.08,0.05
8,PE_FED,-0.01711,0.15,0.2,0.4,0.5,0.65,0.8,0.9,0.5,0.0,0.0,0.06,0.05
8,PE_PB_FED,-0.01711,0.05,0.2,0.45,0.55,0.7,0.8,0.95,0.5,0.5,0.7,0.12,0.05
6,PE_PB,-0.017111,0.15,0.3,0.4,0.7,0.65,0.75,0.95,0.0,0.6,0.0,0.1,0.04
8,PB_FED,-0.017111,0.2,0.25,0.35,0.6,0.75,0.8,0.85,1.0,0.0,0.0,0.08,0.03
6,PE_only,-0.017114,0.2,0.25,0.4,0.55,0.7,0.85,0.95,0.0,0.0,0.0,0.1,0.03
8,PE_FED,-0.017116,0.1,0.25,0.4,0.6,0.65,0.75,0.85,0.5,0.0,0.0,0.08,0.04
8,PE_only,-0.017121,0.05,0.3,0.35,0.5,0.75,0.8,0.9,0.0,0.0,0.0,0.06,0.04
8,PE_PB_FED,-0.017122,0.2,0.25,0.3,0.6,0.7,0.85,0.9,0.0,0.5,0.75,0.06,0.04
6,PE_only,-0.017124,0.05,0.15,0.35,0.55,0.65,0.75,0.85,0.0,0.0,0.0,0.12,0.03
8,PE_FED,-0.017128,0.1,0.25,0.3,0.5,0.75,0.8,0.9,0.5,0.0,0.0,0.12,0.04
6,PE_FED,-0.01713,0.1,0.25,0.4,0.5,0.75,0.8,0.95,-0.5,0.0,0.0,0.06,0.04
8,PE_PB,-0.01713,0.1,0.15,0.45,0.6,0.65,0.8,0.9,0.0,0.5,0.0,0.08,0.03
6,PE_FED,-0.017132,0.1,0.15,0.4,0.55,0.7,0.75,0.85,0.0,0.0,0.0,0.06,0.05
8,PB_FED,-0.017139,0.1,0.3,0.4,0.5,0.65,0.75,0.95,1.0,0.0,0.0,0.08,0.03
8,PE_PB_FED,-0.01714,0.2,0.25,0.4,0.5,0.7,0.75,0.9,-0.5,0.6,0.8,0.08,0.03
6,PE_FED,-0.017142,0.05,0.25,0.35,0.6,0.7,0.75,0.85,-0.5,0.0,0.0,0.06,0.04
6,PE_PB_FED,-0.017142,0.05,0.15,0.3,0.65,0.7,0.75,0.9,0.0,0.55,0.75,0.08,0.04
6,PE_FED,-0.017144,0.2,0.25,0.35,0.65,0.65,0.8,0.85,0.0,0.0,0.0,0.12,0.05
6,PE_PB,-0.017149,0.05,0.3,0.4,0.7,0.75,0.8,0.9,0.0,0.65,0.0,0.1,0.05
6,PE_PB_FED,-0.017149,0.05,0.2,0.3,0.65,0.65,0.8,0.9,0.0,0.6,0.8,0.08,0.03
8,PE_PB,-0.017149,0.05,0.2,0.4,0.65,0.65,0.75,0.85,0.0,0.55,0.0,0.08,0.05
6,PE_PB,-0.01715,0.05,0.15,0.3,0.55,0.7,0.85,0.95,0.0,0.6,0.0,0.1,0.03
6,PE_FED,-0.017152,0.2,0.3,0.4,0.7,0.65,0.85,0.9,0.0,0.0,0.0,0.12,0.05
8,PE_FED,-0.017152,0.1,0.15,0.45,0.55,0.65,0.8,0.95,1.0,0.0,0.0,0.1,0.05
8,PE_PB,-0.017157,0.1,0.25,0.4,0.7,0.65,0.75,0.85,0.0,0.55,0.0,0.1,0.03
6,PE_only,-0.017158,0.05,0.2,0.45,0.6,0.7,0.75,0.85,0.0,0.0,0.0,0.1,0.03
8,PE_only,-0.017162,0.2,0.25,0.45,0.5,0.65,0.8,0.9,0.0,0.0,0.0,0.08,0.04
6,PE_FED,-0.017163,0.1,0.3,0.4,0.65,0.65,0.85,0.9,0.0,0.0,0.0,0.08,0.04
6,PB_FED,-0.017163,0.15,0.2,0.45,0.65,0.7,0.8,0.9,0.5,0.0,0.0,0.08,0.03
6,PE_PB_FED,-0.017164,0.1,0.25,0.45,0.65,0.75,0.85,0.95,0.0,0.65,0.7,0.12,0.05
8,PE_PB,-0.017164,0.1,0.3,0.45,0.6,0.75,0.85,0.95,0.0,0.6,0.0,0.1,0.05
6,PE_PB,-0.017165,0.15,0.2,0.45,0.65,0.7,0.75,0.85,0.0,0.65,0.0,0.12,0.03
6,PE_PB,-0.017166,0.1,0.3,0.35,0.65,0.7,0.8,0.9,0.0,0.65,0.0,0.08,0.03
8,PE_PB,-0.017167,0.1,0.25,0.4,0.6,0.7,0.85,0.9,0.0,0.65,0.0,0.06,0.05
8,PE_PB,-0.01717,0.2,0.25,0.45,0.65,0.75,0.85,0.95,0.0,0.55,0.0,0.08,0.04
6,PE_FED,-0.017172,0.2,0.3,0.4,0.5,0.7,0.75,0.95,0.0,0.0,0.0,0.1,0.03
6,PE_only,-0.017174,0.05,0.25,0.45,0.6,0.75,0.8,0.9,0.0,0.0,0.0,0.08,0.05
6,PE_PB_FED,-0.017176,0.1,0.2,0.35,0.65,0.75,0.85,0.95,0.0,0.55,0.75,0.06,0.05
8,PE_PB,-0.017179,0.1,0.2,0.45,0.55,0.75,0.85,0.95,0.0,0.55,0.0,0.06,0.05
8,PE_FED,-0.01718,0.1,0.3,0.45,0.55,0.75,0.85,0.95,0.5,0.0,0.0,0.12,0.05
8,PB_FED,-0.017181,0.15,0.3,0.4,0.7,0.7,0.75,0.85,1.0,0.0,0.0,0.08,0.05
6,PE_PB_FED,-0.017185,0.15,0.2,0.3,0.7,0.7,0.75,0.95,-0.5,0.5,0.7,0.1,0.04
8,PE_FED,-0.017188,0.05,0.3,0.45,0.55,0.7,0.85,0.95,0.5,0.0,0.0,0.1,0.03
8,PE_PB_FED,-0.017192,0.1,0.3,0.35,0.5,0.7,0.8,0.9,0.0,0.55,0.7,0.12,0.04
8,PE_FED,-0.017195,0.15,0.25,0.3,0.7,0.7,0.85,0.9,0.5,0.0,0.0,0.08,0.05
8,PE_PB_FED,-0.017195,0.1,0.15,0.35,0.5,0.7,0.8,0.9,-0.5,0.5,0.8,0.12,0.05
8,PE_PB_FED,-0.017195,0.05,0.25,0.3,0.6,0.75,0.8,0.85,-0.5,0.55,0.75,0.06,0.03
6,PE_PB,-0.017196,0.15,0.25,0.3,0.65,0.75,0.85,0.9,0.0,0.65,0.0,0.08,0.04
6,PE_FED,-0.017196,0.05,0.25,0.45,0.5,0.65,0.8,0.95,0.0,0.0,0.0,0.08,0.03
6,PE_FED,-0.017198,0.2,0.25,0.4,0.6,0.65,0.8,0.9,0.0,0.0,0.0,0.06,0.05
6,PB_FED,-0.017201,0.1,0.2,0.3,0.6,0.65,0.8,0.9,0.5,0.0,0.0,0.06,0.04
6,PE_PB,-0.017203,0.2,0.3,0.4,0.7,0.65,0.8,0.9,0.0,0.65,0.0,0.12,0.04
8,PE_only,-0.017203,0.05,0.3,0.4,0.5,0.75,0.8,0.9,0.0,0.0,0.0,0.12,0.03
6,PE_only,-0.017206,0.15,0.25,0.45,0.5,0.7,0.75,0.95,0.0,0.0,0.0,0.08,0.05
6,PE_PB_FED,-0.017209,0.1,0.2,0.4,0.7,0.65,0.75,0.85,-0.5,0.65,0.8,0.1,0.05
8,PE_only,-0.017209,0.05,0.25,0.35,0.5,0.65,0.85,0.9,0.0,0.0,0.0,0.1,0.04
6,PE_only,-0.017212,0.05,0.25,0.4,0.5,0.7,0.8,0.95,0.0,0.0,0.0,0.06,0.05
8,PE_FED,-0.017212,0.1,0.25,0.45,0.7,0.65,0.75,0.85,0.5,0.0,0.0,0.06,0.05
6,PE_PB,-0.017213,0.1,0.3,0.45,0.7,0.75,0.8,0.95,0.0,0.6,0.0,0.12,0.03
6,PE_PB,-0.017214,0.15,0.3,0.4,0.7,0.7,0.8,0.95,0.0,0.6,0.0,0.12,0.05
8,PE_PB,-0.017215,0.1,0.25,0.3,0.6,0.7,0.8,0.9,0.0,0.55,0.0,0.08,0.03
8,PE_FED,-0.017219,0.05,0.15,0.45,0.5,0.7,0.75,0.85,0.5,0.0,0.0,0.12,0.04
8,PE_FED,-0.017223,0.2,0.25,0.3,0.6,0.65,0.8,0.9,0.5,0.0,0.0,0.1,0.05
6,PE_PB_FED,-0.017227,0.05,0.2,0.45,0.6,0.65,0.75,0.95,-0.5,0.55,0.7,0.12,0.03
6,PE_FED,-0.017232,0.1,0.2,0.35,0.55,0.7,0.85,0.9,0.0,0.0,0.0,0.1,0.04
8,PE_only,-0.017236,0.2,0.3,0.45,0.55,0.7,0.85,0.9,0.0,0.0,0.0,0.1,0.04
6,PE_FED,-0.017237,0.05,0.25,0.4,0.6,0.7,0.8,0.9,0.0,0.0,0.0,0.06,0.05
8,PE_PB,-0.017238,0.1,0.25,0.3,0.65,0.75,0.8,0.85,0.0,0.6,0.0,0.1,0.03
8,PB_FED,-0.017239,0.1,0.3,0.35,0.55,0.65,0.75,0.9,1.0,0.0,0.0,0.12,0.05
6,PE_PB,-0.01724,0.1,0.2,0.45,0.6,0.75,0.85,0.95,0.0,0.65,0.0,0.06,0.04
6,PE_PB,-0.017246,0.05,0.2,0.4,0.55,0.7,0.75,0.95,0.0,0.6,0.0,0.12,0.04
6,PE_only,-0.01725,0.1,0.25,0.4,0.6,0.7,0.85,0.9,0.0,0.0,0.0,0.1,0.04
6,PB_FED,-0.017251,0.1,0.2,0.3,0.7,0.7,0.8,0.9,0.5,0.0,0.0,0.08,0.05
8,PE_FED,-0.017253,0.05,0.2,0.35,0.6,0.65,0.85,0.9,0.5,0.0,0.0,0.12,0.03
8,PE_PB,-0.017266,0.05,0.25,0.3,0.7,0.65,0.75,0.85,0.0,0.55,0.0,0.06,0.05
6,PE_FED,-0.017267,0.2,0.25,0.3,0.6,0.7,0.85,0.9,-0.5,0.0,0.0,0.1,0.04
8,PE_PB,-0.017276,0.1,0.2,0.35,0.5,0.7,0.75,0.9,0.0,0.6,0.0,0.06,0.03
8,PE_PB,-0.01728,0.2,0.25,0.35,0.5,0.7,0.75,0.95,0.0,0.6,0.0,0.06,0.04
8,PE_PB,-0.017282,0.1,0.2,0.3,0.5,0.75,0.85,0.95,0.0,0.6,0.0,0.1,0.05
6,PE_PB,-0.017299,0.15,0.2,0.45,0.6,0.65,0.8,0.95,0.0,0.55,0.0,0.08,0.03
6,PE_PB_FED,-0.017299,0.2,0.25,0.45,0.6,0.7,0.8,0.95,-0.5,0.65,0.7,0.08,0.05
8,PB_FED,-0.0173,0.15,0.25,0.3,0.55,0.65,0.85,0.9,1.0,0.0,0.0,0.1,0.03
6,PE_PB,-0.017301,0.1,0.15,0.3,0.55,0.75,0.85,0.95,0.0,0.6,0.0,0.06,0.03
6,PE_FED,-0.017301,0.2,0.25,0.3,0.6,0.65,0.75,0.85,0.0,0.0,0.0,0.08,0.03
8,PE_PB_FED,-0.017301,0.05,0.15,0.4,0.6,0.65,0.8,0.85,0.5,0.65,0.75,0.1,0.04
8,PE_PB,-0.017303,0.1,0.25,0.4,0.55,0.7,0.8,0.9,0.0,0.65,0.0,0.12,0.05
6,PE_FED,-0.017308,0.1,0.25,0.3,0.6,0.65,0.8,0.85,-0.5,0.0,0.0,0.08,0.04
8,PE_FED,-0.017309,0.15,0.25,0.35,0.7,0.75,0.8,0.85,0.5,0.0,0.0,0.06,0.05
6,PE_PB_FED,-0.017312,0.1,0.2,0.3,0.65,0.65,0.75,0.85,0.0,0.65,0.8,0.12,0.05
6,PE_FED,-0.017315,0.05,0.2,0.3,0.55,0.65,0.8,0.9,-0.5,0.0,0.0,0.12,0.05
6,PE_only,-0.017316,0.05,0.25,0.4,0.6,0.7,0.85,0.9,0.0,0.0,0.0,0.08,0.04
8,PE_PB,-0.017321,0.1,0.25,0.3,0.5,0.7,0.75,0.9,0.0,0.65,0.0,0.1,0.04
8,PE_PB,-0.017322,0.1,0.3,0.45,0.5,0.65,0.8,0.95,0.0,0.65,0.0,0.12,0.03
6,PE_FED,-0.017324,0.1,0.2,0.45,0.6,0.75,0.8,0.85,-0.5,0.0,0.0,0.08,0.04
8,PE_PB,-0.017325,0.1,0.2,0.35,0.65,0.65,0.8,0.9,0.0,0.5,0.0,0.06,0.04
8,PE_PB,-0.017328,0.05,0.2,0.35,0.6,0.65,0.8,0.9,0.0,0.5,0.0,0.08,0.03
6,PE_PB,-0.01733,0.05,0.2,0.45,0.6,0.7,0.85,0.95,0.0,0.65,0.0,0.1,0.05
8,PE_only,-0.017331,0.1,0.3,0.4,0.5,0.65,0.8,0.9,0.0,0.0,0.0,0.1,0.04
8,PE_PB_FED,-0.017332,0.15,0.25,0.35,0.5,0.7,0.85,0.95,-0.5,0.5,0.8,0.1,0.03
8,PB_FED,-0.017332,0.1,0.3,0.4,0.7,0.75,0.85,0.95,1.0,0.0,0.0,0.06,0.03
8,PE_PB_FED,-0.017333,0.1,0.3,0.35,0.55,0.65,0.85,0.9,0.0,0.55,0.75,0.08,0.04
6,PE_PB_FED,-0.017337,0.1,0.15,0.3,0.7,0.75,0.8,0.85,0.0,0.65,0.7,0.12,0.03
8,PB_FED,-0.017339,0.1,0.15,0.35,0.55,0.75,0.8,0.85,1.0,0.0,0.0,0.08,0.05
6,PE_PB_FED,-0.01734,0.05,0.15,0.3,0.55,0.65,0.75,0.9,0.0,0.65,0.8,0.08,0.05
8,PE_PB,-0.017341,0.2,0.3,0.4,0.65,0.7,0.8,0.95,0.0,0.5,0.0,0.08,0.03
6,PE_only,-0.017342,0.2,0.25,0.35,0.5,0.7,0.75,0.95,0.0,0.0,0.0,0.12,0.05
6,PE_PB,-0.017342,0.05,0.25,0.3,0.7,0.7,0.85,0.95,0.0,0.55,0.0,0.08,0.03
8,PE_FED,-0.017342,0.1,0.2,0.35,0.55,0.75,0.8,0.85,0.5,0.0,0.0,0.12,0.04
6,PE_FED,-0.017343,0.15,0.2,0.3,0.55,0.7,0.85,0.9,0.0,0.0,0.0,0.1,0.03
6,PE_FED,-0.017343,0.15,0.2,0.3,0.55,0.75,0.85,0.9,0.0,0.0,0.0,0.06,0.03
6,PE_FED,-0.017346,0.1,0.15,0.35,0.55,0.75,0.85,0.9,-0.5,0.0,0.0,0.06,0.04
8,PE_FED,-0.017347,0.05,0.15,0.3,0.5,0.75,0.8,0.85,0.5,0.0,0.0,0.06,0.04
8,PE_PB,-0.017348,0.05,0.15,0.45,0.65,0.65,0.85,0.9,0.0,0.55,0.0,0.12,0.05
6,PE_only,-0.017349,0.2,0.3,0.35,0.6,0.7,0.8,0.9,0.0,0.0,0.0,0.12,0.03
6,PE_only,-0.01735,0.2,0.25,0.35,0.6,0.65,0.75,0.85,0.0,0.0,0.0,0.06,0.04
6,PE_only,-0.017352,0.1,0.2,0.4,0.5,0.75,0.85,0.95,0.0,0.0,0.0,0.06,0.03
8,PE_PB_FED,-0.017352,0.05,0.25,0.4,0.7,0.65,0.85,0.9,-0.5,0.5,0.8,0.06,0.05
6,PE_only,-0.017357,0.15,0.25,0.3,0.55,0.65,0.75,0.9,0.0,0.0,0.0,0.08,0.05
6,PE_only,-0.017357,0.15,0.25,0.3,0.55,0.65,0.75,0.9,0.0,0.0,0.0,0.06,0.05
8,PE_PB_FED,-0.017357,0.1,0.15,0.35,0.55,0.7,0.85,0.9,0.5,0.65,0.8,0.1,0.03
8,PE_PB,-0.017358,0.15,0.25,0.45,0.65,0.75,0.85,0.9,0.0,0.6,0.0,0.1,0.04
8,PE_PB,-0.017362,0.1,0.3,0.35,0.65,0.65,0.85,0.95,0.0,0.55,0.0,0.08,0.05
6,PE_FED,-0.017364,0.05,0.2,0.4,0.5,0.7,0.85,0.95,-0.5,0.0,0.0,0.1,0.05
6,PE_only,-0.017365,0.1,0.2,0.35,0.5,0.65,0.85,0.95,0.0,0.0,0.0,0.1,0.05
6,PE_only,-0.017365,0.1,0.15,0.35,0.55,0.65,0.85,0.9,0.0,0.0,0.0,0.06,0.04
8,PE_PB_FED,-0.017367,0.15,0.3,0.45,0.7,0.75,0.8,0.85,-0.5,0.55,0.75,0.06,0.04
8,PE_PB,-0.017374,0.15,0.25,0.35,0.5,0.7,0.75,0.95,0.0,0.5,0.0,0.12,0.03
6,PE_PB_FED,-0.017381,0.1,0.2,0.35,0.6,0.7,0.85,0.95,-0.5,0.6,0.7,0.12,0.05
8,PE_PB,-0.017384,0.1,0.2,0.3,0.65,0.65,0.8,0.85,0.0,0.55,0.0,0.08,0.04
6,PE_PB,-0.017385,0.05,0.25,0.35,0.6,0.7,0.75,0.95,0.0,0.55,0.0,0.1,0.03
8,PE_PB,-0.01739,0.1,0.25,0.35,0.7,0.7,0.8,0.9,0.0,0.5,0.0,0.1,0.04
8,PE_PB_FED,-0.017392,0.1,0.2,0.35,0.6,0.7,0.75,0.95,1.0,0.65,0.7,0.12,0.03
8,PE_only,-0.017395,0.05,0.25,0.3,0.5,0.75,0.85,0.9,0.0,0.0,0.0,0.12,0.03
8,PE_PB,-0.017398,0.1,0.25,0.45,0.65,0.75,0.85,0.95,0.0,0.5,0.0,0.06,0.03
8,PE_FED,-0.017398,0.05,0.3,0.4,0.5,0.65,0.8,0.85,-0.5,0.0,0.0,0.06,0.03
8,PE_PB_FED,-0.017401,0.05,0.25,0.4,0.6,0.75,0.85,0.9,0.0,0.5,0.8,0.1,0.05
8,PE_PB_FED,-0.017403,0.2,0.3,0.45,0.6,0.65,0.75,0.85,0.0,0.55,0.75,0.12,0.05
6,PE_PB,-0.017404,0.1,0.3,0.35,0.7,0.75,0.85,0.9,0.0,0.65,0.0,0.12,0.04
6,PB_FED,-0.017404,0.05,0.2,0.3,0.7,0.75,0.85,0.9,0.5,0.0,0.0,0.08,0.03
8,PE_PB,-0.017408,0.15,0.2,0.3,0.65,0.75,0.8,0.85,0.0,0.55,0.0,0.08,0.03
6,PE_only,-0.01741,0.2,0.3,0.35,0.6,0.7,0.8,0.9,0.0,0.0,0.0,0.12,0.04
6,PE_PB,-0.017411,0.05,0.25,0.4,0.7,0.7,0.75,0.9,0.0,0.6,0.0,0.08,0.03
6,PE_FED,-0.017411,0.1,0.3,0.4,0.65,0.65,0.75,0.85,0.0,0.0,0.0,0.12,0.05
6,PE_PB,-0.017412,0.1,0.25,0.4,0.6,0.65,0.85,0.95,0.0,0.65,0.0,0.1,0.03
8,PE_PB_FED,-0.017414,0.05,0.15,0.3,0.7,0.65,0.75,0.85,0.5,0.5,0.7,0.08,0.03
8,PE_PB_FED,-0.017416,0.2,0.3,0.35,0.55,0.65,0.85,0.95,-0.5,0.55,0.75,0.12,0.04
8,PE_PB_FED,-0.017417,0.2,0.3,0.4,0.65,0.75,0.85,0.9,0.0,0.55,0.8,0.1,0.05
6,PB_FED,-0.01742,0.15,0.25,0.3,0.6,0.65,0.75,0.85,0.5,0.0,0.0,0.08,0.04
8,PE_PB_FED,-0.017423,0.1,0.15,0.4,0.55,0.75,0.8,0.9,0.5,0.5,0.8,0.12,0.03
6,PE_PB,-0.017425,0.2,0.3,0.35,0.7,0.65,0.75,0.95,0.0,0.6,0.0,0.1,0.03
6,PE_PB,-0.017429,0.05,0.25,0.3,0.6,0.7,0.8,0.95,0.0,0.55,0.0,0.08,0.03
6,PE_only,-0.01743,0.15,0.3,0.35,0.55,0.75,0.85,0.95,0.0,0.0,0.0,0.06,0.04
6,PE_PB_FED,-0.017434,0.1,0.15,0.45,0.7,0.65,0.75,0.9,0.0,0.55,0.8,0.08,0.03
8,PB_FED,-0.01744,0.15,0.2,0.4,0.55,0.75,0.85,0.95,1.0,0.0,0.0,0.12,0.04
8,PE_only,-0.017443,0.2,0.25,0.4,0.5,0.75,0.8,0.9,0.0,0.0,0.0,0.08,0.05
6,PE_FED,-0.017446,0.15,0.2,0.4,0.55,0.75,0.85,0.9,0.0,0.0,0.0,0.06,0.04
6,PB_FED,-0.01745,0.1,0.2,0.4,0.7,0.75,0.8,0.9,0.5,0.0,0.0,0.1,0.03
8,PE_PB_FED,-0.017451,0.1,0.3,0.45,0.7,0.75,0.8,0.85,0.0,0.5,0.7,0.12,0.05
6,PE_FED,-0.017452,0.1,0.25,0.3,0.5,0.7,0.85,0.95,0.0,0.0,0.0,0.12,0.05
6,PE_PB_FED,-0.017456,0.1,0.2,0.35,0.6,0.7,0.8,0.95,-0.5,0.55,0.75,0.12,0.05
6,PE_PB_FED,-0.017463,0.15,0.2,0.35,0.7,0.7,0.8,0.85,-0.5,0.65,0.75,0.08,0.05
6,PE_only,-0.017464,0.15,0.2,0.45,0.55,0.75,0.8,0.9,0.0,0.0,0.0,0.1,0.03
8,PE_PB,-0.017464,0.1,0.25,0.35,0.5,0.65,0.75,0.9,0.0,0.65,0.0,0.12,0.03
8,PE_FED,-0.017467,0.15,0.25,0.45,0.55,0.75,0.8,0.9,0.5,0.0,0.0,0.08,0.05
8,PE_PB,-0.01747,0.15,0.3,0.4,0.55,0.65,0.75,0.9,0.0,0.65,0.0,0.1,0.05
6,PE_only,-0.017472,0.1,0.25,0.3,0.55,0.7,0.75,0.9,0.0,0.0,0.0,0.06,0.05
8,PE_FED,-0.017473,0.1,0.2,0.35,0.65,0.65,0.75,0.95,1.0,0.0,0.0,0.1,0.05
8,PE_only,-0.017474,0.1,0.2,0.45,0.5,0.7,0.85,0.9,0.0,0.0,0.0,0.06,0.03
8,PE_PB,-0.017479,0.2,0.3,0.35,0.65,0.75,0.8,0.85,0.0,0.65,0.0,0.12,0.04
6,PE_PB,-0.017482,0.05,0.2,0.3,0.65,0.65,0.8,0.9,0.0,0.6,0.0,0.1,0.03
8,PE_PB,-0.017484,0.05,0.25,0.4,0.5,0.7,0.75,0.9,0.0,0.65,0.0,0.06,0.04
8,PE_PB_FED,-0.017484,0.1,0.15,0.3,0.7,0.65,0.85,0.9,0.5,0.55,0.75,0.1,0.03
8,PE_PB_FED,-0.017485,0.1,0.2,0.3,0.7,0.7,0.8,0.95,1.0,0.65,0.7,0.08,0.03
6,PE_only,-0.017488,0.1,0.25,0.35,0.6,0.75,0.85,0.9,0.0,0.0,0.0,0.12,0.03
6,PE_PB,-0.017491,0.05,0.25,0.35,0.65,0.75,0.8,0.95,0.0,0.55,0.0,0.12,0.04
6,PE_PB,-0.017492,0.05,0.25,0.4,0.6,0.65,0.75,0.95,0.0,0.55,0.0,0.06,0.03
8,PE_PB,-0.017492,0.2,0.25,0.4,0.55,0.65,0.75,0.9,0.0,0.6,0.0,0.08,0.03
6,PE_only,-0.017493,0.05,0.25,0.3,0.6,0.7,0.8,0.85,0.0,0.0,0.0,0.06,0.04
8,PE_only,-0.017495,0.2,0.3,0.4,0.55,0.7,0.8,0.85,0.0,0.0,0.0,0.08,0.05
8,PE_FED,-0.017496,0.05,0.2,0.35,0.6,0.65,0.8,0.85,0.5,0.0,0.0,0.12,0.05
8,PB_FED,-0.017501,0.15,0.3,0.35,0.7,0.7,0.8,0.85,1.0,0.0,0.0,0.08,0.03
8,PE_only,-0.017502,0.05,0.25,0.4,0.5,0.7,0.85,0.9,0.0,0.0,0.0,0.08,0.04
8,PE_PB,-0.017502,0.2,0.25,0.45,0.6,0.75,0.85,0.95,0.0,0.55,0.0,0.08,0.03
6,PE_FED,-0.017503,0.15,0.25,0.45,0.6,0.7,0.75,0.85,-0.5,0.0,0.0,0.06,0.04
6,PE_FED,-0.017505,0.15,0.25,0.3,0.6,0.75,0.8,0.85,-0.5,0.0,0.0,0.06,0.05
6,PE_only,-0.017506,0.15,0.25,0.4,0.6,0.7,0.85,0.9,0.0,0.0,0.0,0.06,0.03
6,PE_PB,-0.017506,0.15,0.25,0.3,0.65,0.65,0.75,0.85,0.0,0.65,0.0,0.1,0.05
8,PE_PB,-0.01751,0.1,0.15,0.35,0.6,0.65,0.75,0.85,0.0,0.5,0.0,0.12,0.03
6,PE_only,-0.01752,0.2,0.3,0.4,0.6,0.65,0.8,0.9,0.0,0.0,0.0,0.06,0.04
8,PE_PB,-0.01752,0.1,0.25,0.4,0.7,0.7,0.85,0.9,0.0,0.55,0.0,0.1,0.03
8,PE_PB_FED,-0.017521,0.15,0.25,0.45,0.5,0.7,0.75,0.9,-0.5,0.55,0.8,0.08,0.04
6,PE_only,-0.017522,0.15,0.2,0.45,0.6,0.7,0.8,0.85,0.0,0.0,0.0,0.06,0.03
8,PE_FED,-0.017522,0.15,0.3,0.35,0.5,0.7,0.75,0.9,0.5,0.0,0.0,0.1,0.04
8,PB_FED,-0.017524,0.15,0.3,0.45,0.6,0.65,0.8,0.9,1.0,0.0,0.0,0.1,0.03
8,PE_PB,-0.017525,0.1,0.15,0.3,0.55,0.75,0.85,0.9,0.0,0.6,0.0,0.08,0.05
6,PE_FED,-0.017526,0.15,0.3,0.35,0.55,0.65,0.85,0.95,-0.5,0.0,0.0,0.12,0.04
8,PE_PB_FED,-0.017527,0.05,0.25,0.45,0.65,0.65,0.8,0.9,0.5,0.65,0.8,0.1,0.04
6,PE_only,-0.017529,0.1,0.3,0.35,0.55,0.65,0.85,0.95,0.0,0.0,0.0,0.1,0.03
6,PE_only,-0.017532,0.15,0.2,0.45,0.6,0.75,0.8,0.85,0.0,0.0,0.0,0.08,0.03
8,PE_only,-0.017535,0.2,0.3,0.4,0.55,0.65,0.85,0.9,0.0,0.0,0.0,0.1,0.05
6,PE_PB,-0.017539,0.05,0.15,0.4,0.55,0.75,0.8,0.95,0.0,0.55,0.0,0.06,0.04
8,PB_FED,-0.01754,0.05,0.25,0.4,0.7,0.7,0.85,0.95,1.0,0.0,0.0,0.1,0.04
8,PB_FED,-0.017545,0.1,0.2,0.4,0.6,0.65,0.85,0.9,1.0,0.0,0.0,0.08,0.04
8,PE_PB,-0.017546,0.1,0.3,0.45,0.7,0.7,0.75,0.85,0.0,0.6,0.0,0.12,0.03
6,PE_PB,-0.017548,0.05,0.15,0.45,0.55,0.75,0.85,0.95,0.0,0.65,0.0,0.06,0.04
8,PE_PB_FED,-0.01755,0.1,0.25,0.45,0.5,0.7,0.75,0.9,-0.5,0.6,0.8,0.06,0.05
6,PE_PB_FED,-0.017558,0.1,0.25,0.3,0.65,0.75,0.8,0.95,0.0,0.55,0.75,0.08,0.05
8,PE_PB,-0.017559,0.2,0.25,0.45,0.55,0.65,0.8,0.95,0.0,0.55,0.0,0.06,0.05
8,PE_PB,-0.017559,0.2,0.25,0.45,0.55,0.75,0.8,0.95,0.0,0.55,0.0,0.08,0.05
6,PE_only,-0.01756,0.1,0.25,0.3,0.6,0.7,0.8,0.85,0.0,0.0,0.0,0.06,0.03
8,PE_PB,-0.01756,0.05,0.2,0.4,0.55,0.7,0.85,0.95,0.0,0.5,0.0,0.1,0.04
6,PE_PB_FED,-0.017561,0.05,0.25,0.4,0.55,0.7,0.8,0.95,-0.5,0.65,0.75,0.12,0.03
8,PE_PB_FED,-0.017566,0.1,0.3,0.45,0.6,0.7,0.85,0.95,-0.5,0.5,0.75,0.1,0.04
6,PE_PB,-0.017567,0.1,0.15,0.45,0.6,0.65,0.85,0.95,0.0,0.6,0.0,0.12,0.05
6,PB_FED,-0.01757,0.1,0.25,0.4,0.7,0.65,0.75,0.95,0.5,0.0,0.0,0.12,0.04
6,PE_PB,-0.017572,0.15,0.25,0.45,0.7,0.65,0.85,0.95,0.0,0.6,0.0,0.06,0.03
6,PE_FED,-0.017572,0.05,0.15,0.3,0.5,0.75,0.8,0.9,-0.5,0.0,0.0,0.08,0.03
6,PE_PB_FED,-0.017572,0.1,0.3,0.4,0.6,0.75,0.8,0.95,0.0,0.65,0.75,0.06,0.05
8,PE_PB,-0.017572,0.1,0.3,0.35,0.55,0.65,0.75,0.9,0.0,0.65,0.0,0.1,0.05
6,PE_PB_FED,-0.017573,0.1,0.15,0.45,0.7,0.65,0.85,0.9,-0.5,0.65,0.7,0.1,0.05
8,PE_PB_FED,-0.017573,0.15,0.3,0.4,0.5,0.7,0.75,0.95,0.5,0.55,0.8,0.1,0.03
8,PE_only,-0.017574,0.1,0.25,0.4,0.5,0.65,0.85,0.9,0.0,0.0,0.0,0.06,0.04
8,PE_FED,-0.017574,0.2,0.25,0.4,0.5,0.75,0.85,0.95,0.5,0.0,0.0,0.06,0.04
8,PE_PB_FED,-0.017574,0.15,0.2,0.4,0.65,0.7,0.85,0.9,0.5,0.65,0.8,0.06,0.04
8,PE_PB,-0.017577,0.2,0.25,0.4,0.6,0.75,0.8,0.85,0.0,0.65,0.0,0.08,0.04
8,PE_PB_FED,-0.017579,0.05,0.15,0.4,0.55,0.7,0.8,0.95,1.0,0.55,0.8,0.1,0.03
8,PB_FED,-0.017579,0.1,0.25,0.3,0.55,0.75,0.85,0.9,1.0,0.0,0.0,0.1,0.03
6,PE_PB,-0.01758,0.1,0.25,0.3,0.55,0.7,0.8,0.95,0.0,0.65,0.0,0.12,0.04
8,PE_PB,-0.01758,0.2,0.3,0.45,0.7,0.7,0.8,0.95,0.0,0.5,0.0,0.1,0.05
8,PE_PB_FED,-0.01758,0.1,0.15,0.3,0.7,0.75,0.8,0.95,1.0,0.5,0.7,0.08,0.03
6,PE_PB,-0.017582,0.05,0.25,0.35,0.7,0.65,0.75,0.9,0.0,0.6,0.0,0.12,0.04
6,PE_only,-0.017584,0.05,0.25,0.3,0.55,0.7,0.8,0.9,0.0,0.0,0.0,0.08,0.03
6,PE_FED,-0.017585,0.15,0.2,0.35,0.5,0.75,0.8,0.9,0.0,0.0,0.0,0.12,0.04
6,PE_only,-0.017586,0.05,0.25,0.45,0.6,0.65,0.75,0.85,0.0,0.0,0.0,0.08,0.04
8,PE_PB,-0.017587,0.1,0.3,0.4,0.7,0.7,0.8,0.85,0.0,0.6,0.0,0.1,0.04
6,PE_FED,-0.017589,0.1,0.3,0.45,0.6,0.65,0.75,0.9,-0.5,0.0,0.0,0.12,0.05
6,PE_PB_FED,-0.017591,0.2,0.25,0.3,0.6,0.7,0.75,0.95,-0.5,0.6,0.8,0.1,0.05
8,PE_FED,-0.017593,0.15,0.3,0.4,0.7,0.7,0.75,0.85,0.5,0.0,0.0,0.1,0.03
6,PB_FED,-0.017594,0.1,0.2,0.3,0.65,0.7,0.8,0.85,0.5,0.0,0.0,0.12,0.05
6,PE_FED,-0.017596,0.1,0.15,0.3,0.5,0.65,0.8,0.9,0.0,0.0,0.0,0.06,0.05
8,PE_PB,-0.017596,0.05,0.25,0.4,0.55,0.7,0.8,0.9,0.0,0.6,0.0,0.12,0.04
8,PE_PB,-0.017597,0.05,0.15,0.4,0.65,0.75,0.85,0.9,0.0,0.5,0.0,0.1,0.03
6,PB_FED,-0.0176,0.15,0.2,0.35,0.65,0.65,0.8,0.95,0.5,0.0,0.0,0.1,0.03
6,PE_PB_FED,-0.017601,0.05,0.15,0.35,0.6,0.75,0.85,0.95,0.0,0.55,0.8,0.08,0.04
8,PE_FED,-0.017603,0.05,0.25,0.4,0.6,0.65,0.75,0.85,0.5,0.0,0.0,0.08,0.04
8,PE_only,-0.017604,0.1,0.25,0.45,0.5,0.65,0.75,0.85,0.0,0.0,0.0,0.1,0.03
6,PE_PB,-0.017606,0.05,0.2,0.3,0.55,0.75,0.85,0.95,0.0,0.65,0.0,0.1,0.03
6,PE_PB,-0.017606,0.05,0.2,0.3,0.55,0.7,0.85,0.95,0.0,0.65,0.0,0.12,0.03
8,PE_PB,-0.017609,0.05,0.25,0.4,0.55,0.65,0.75,0.9,0.0,0.55,0.0,0.12,0.04
6,PE_FED,-0.01761,0.2,0.25,0.45,0.65,0.75,0.85,0.9,0.0,0.0,0.0,0.06,0.05
8,PE_PB,-0.017612,0.05,0.3,0.4,0.55,0.7,0.8,0.95,0.0,0.55,0.0,0.08,0.05
6,PE_only,-0.017614,0.05,0.25,0.3,0.6,0.7,0.8,0.85,0.0,0.0,0.0,0.1,0.03
8,PE_PB_FED,-0.017614,0.2,0.25,0.45,0.55,0.75,0.8,0.9,-0.5,0.55,0.7,0.12,0.03
6,PE_FED,-0.017616,0.15,0.25,0.4,0.55,0.75,0.8,0.9,0.0,0.0,0.0,0.06,0.03
6,PB_FED,-0.017619,0.15,0.2,0.35,0.65,0.75,0.8,0.85,0.5,0.0,0.0,0.06,0.04
8,PE_PB,-0.017619,0.15,0.2,0.3,0.5,0.65,0.85,0.95,0.0,0.55,0.0,0.06,0.03
8,PE_PB_FED,-0.01762,0.1,0.3,0.4,0.65,0.65,0.8,0.85,0.0,0.5,0.75,0.06,0.04
6,PE_only,-0.017622,0.1,0.25,0.4,0.6,0.75,0.85,0.9,0.0,0.0,0.0,0.12,0.03
8,PE_PB,-0.017622,0.05,0.15,0.35,0.65,0.75,0.8,0.85,0.0,0.5,0.0,0.1,0.04
8,PE_only,-0.017623,0.2,0.3,0.4,0.55,0.7,0.85,0.9,0.0,0.0,0.0,0.06,0.05
8,PE_PB,-0.017623,0.2,0.3,0.45,0.7,0.7,0.8,0.9,0.0,0.6,0.0,0.12,0.05
6,PE_PB,-0.017627,0.1,0.15,0.35,0.65,0.75,0.8,0.9,0.0,0.55,0.0,0.12,0.03
8,PE_FED,-0.017627,0.05,0.15,0.3,0.5,0.65,0.8,0.85,0.5,0.0,0.0,0.1,0.05
8,PE_PB_FED,-0.017628,0.05,0.2,0.4,0.6,0.65,0.8,0.85,-0.5,0.5,0.75,0.06,0.04
6,PE_FED,-0.017629,0.15,0.3,0.35,0.55,0.75,0.85,0.95,-0.5,0.0,0.0,0.12,0.05
8,PE_PB_FED,-0.01763,0.2,0.3,0.4,0.6,0.7,0.75,0.85,-0.5,0.6,0.8,0.08,0.03
6,PE_PB_FED,-0.017632,0.1,0.15,0.4,0.55,0.65,0.75,0.9,-0.5,0.65,0.8,0.06,0.03
6,PE_PB_FED,-0.017632,0.2,0.3,0.4,0.7,0.75,0.8,0.95,0.0,0.6,0.7,0.1,0.04
8,PE_PB,-0.017632,0.05,0.25,0.4,0.55,0.7,0.75,0.85,0.0,0.65,0.0,0.12,0.03
8,PE_PB_FED,-0.017633,0.2,0.3,0.35,0.65,0.65,0.75,0.95,0.5,0.55,0.75,0.12,0.04
6,PE_PB,-0.017634,0.05,0.25,0.35,0.6,0.7,0.8,0.95,0.0,0.6,0.0,0.06,0.05
8,PE_PB,-0.017634,0.1,0.15,0.35,0.7,0.65,0.8,0.85,0.0,0.5,0.0,0.08,0.05
8,PE_PB_FED,-0.017637,0.15,0.25,0.35,0.55,0.7,0.8,0.85,0.0,0.5,0.7,0.12,0.05
8,PE_PB_FED,-0.01764,0.2,0.3,0.45,0.55,0.75,0.8,0.9,-0.5,0.65,0.7,0.06,0.05
6,PE_FED,-0.017643,0.1,0.3,0.35,0.55,0.7,0.85,0.95,-0.5,0.0,0.0,0.12,0.04
8,PE_only,-0.017648,0.1,0.2,0.45,0.5,0.7,0.8,0.85,0.0,0.0,0.0,0.08,0.04
8,PE_PB,-0.01765,0.05,0.2,0.3,0.65,0.7,0.8,0.85,0.0,0.55,0.0,0.12,0.05
6,PE_only,-0.017652,0.2,0.25,0.35,0.55,0.7,0.75,0.9,0.0,0.0,0.0,0.08,0.04
8,PE_PB_FED,-0.017657,0.1,0.2,0.45,0.55,0.65,0.8,0.9,0.5,0.65,0.75,0.08,0.05
6,PE_PB,-0.017663,0.05,0.25,0.3,0.55,0.7,0.8,0.95,0.0,0.65,0.0,0.12,0.05
6,PE_PB,-0.017666,0.15,0.2,0.3,0.65,0.7,0.75,0.9,0.0,0.6,0.0,0.06,0.05
6,PE_PB_FED,-0.01767,0.05,0.15,0.45,0.65,0.75,0.8,0.9,0.0,0.65,0.7,0.1,0.05
6,PB_FED,-0.017672,0.1,0.15,0.3,0.55,0.75,0.8,0.95,0.5,0.0,0.0,0.08,0.05
6,PE_only,-0.017675,0.1,0.3,0.4,0.6,0.7,0.8,0.9,0.0,0.0,0.0,0.06,0.05
8,PE_PB_FED,-0.017677,0.15,0.25,0.4,0.6,0.7,0.85,0.95,0.5,0.55,0.75,0.06,0.03
6,PE_only,-0.017683,0.05,0.2,0.35,0.55,0.7,0.8,0.9,0.0,0.0,0.0,0.08,0.05
6,PE_FED,-0.017684,0.05,0.2,0.35,0.5,0.65,0.75,0.9,-0.5,0.0,0.0,0.12,0.03
6,PE_PB,-0.017685,0.1,0.15,0.35,0.55,0.7,0.8,0.95,0.0,0.55,0.0,0.12,0.05
6,PE_only,-0.017689,0.1,0.3,0.35,0.55,0.7,0.85,0.95,0.0,0.0,0.0,0.06,0.05
6,PE_only,-0.017689,0.1,0.3,0.35,0.55,0.75,0.85,0.95,0.0,0.0,0.0,0.08,0.05
6,PE_PB,-0.017696,0.1,0.2,0.3,0.7,0.7,0.8,0.9,0.0,0.55,0.0,0.08,0.03
6,PE_PB,-0.017696,0.1,0.2,0.3,0.7,0.7,0.8,0.9,0.0,0.55,0.0,0.06,0.03
6,PB_FED,-0.017701,0.1,0.2,0.3,0.55,0.7,0.8,0.9,0.5,0.0,0.0,0.12,0.03
6,PE_PB,-0.017703,0.15,0.3,0.45,0.7,0.7,0.75,0.95,0.0,0.55,0.0,0.1,0.03
8,PE_PB_FED,-0.017704,0.15,0.25,0.3,0.7,0.65,0.85,0.9,0.5,0.65,0.75,0.12,0.04
6,PE_PB,-0.017705,0.05,0.15,0.45,0.65,0.75,0.8,0.95,0.0,0.5,0.0,0.08,0.03
6,PE_PB_FED,-0.017707,0.1,0.25,0.35,0.7,0.7,0.75,0.9,0.0,0.6,0.8,0.06,0.03
6,PE_PB,-0.017711,0.2,0.3,0.4,0.7,0.75,0.8,0.9,0.0,0.65,0.0,0.12,0.05
8,PE_PB_FED,-0.017711,0.1,0.25,0.45,0.6,0.65,0.85,0.9,-0.5,0.55,0.7,0.08,0.04
6,PE_only,-0.017712,0.15,0.25,0.45,0.6,0.65,0.75,0.85,0.0,0.0,0.0,0.08,0.05
6,PB_FED,-0.017716,0.05,0.25,0.4,0.7,0.7,0.75,0.95,0.5,0.0,0.0,0.12,0.04
8,PB_FED,-0.017716,0.2,0.25,0.3,0.5,0.7,0.75,0.85,1.0,0.0,0.0,0.08,0.04
6,PE_only,-0.017717,0.2,0.25,0.45,0.6,0.65,0.8,0.9,0.0,0.0,0.0,0.12,0.05
8,PE_only,-0.017717,0.15,0.25,0.4,0.5,0.65,0.8,0.85,0.0,0.0,0.0,0.06,0.04
6,PE_PB,-0.01772,0.15,0.25,0.35,0.55,0.7,0.8,0.95,0.0,0.65,0.0,0.1,0.04
8,PB_FED,-0.017721,0.1,0.2,0.35,0.5,0.75,0.8,0.9,1.0,0.0,0.0,0.1,0.04
8,PB_FED,-0.017723,0.15,0.2,0.4,0.5,0.7,0.8,0.9,1.0,0.0,0.0,0.08,0.04
8,PE_FED,-0.017725,0.15,0.25,0.45,0.7,0.65,0.75,0.95,1.0,0.0,0.0,0.1,0.03
6,PE_PB,-0.017728,0.15,0.2,0.3,0.65,0.65,0.75,0.95,0.0,0.5,0.0,0.06,0.03
6,PE_FED,-0.01773,0.05,0.15,0.4,0.55,0.65,0.75,0.85,-0.5,0.0,0.0,0.12,0.05
8,PE_PB,-0.017732,0.05,0.3,0.4,0.55,0.7,0.8,0.9,0.0,0.65,0.0,0.12,0.03
8,PE_PB,-0.017738,0.1,0.15,0.35,0.65,0.7,0.85,0.9,0.0,0.5,0.0,0.06,0.04
8,PB_FED,-0.01774,0.1,0.2,0.45,0.55,0.65,0.85,0.9,1.0,0.0,0.0,0.06,0.03
6,PE_FED,-0.017741,0.1,0.3,0.45,0.7,0.65,0.8,0.85,0.0,0.0,0.0,0.1,0.03
8,PE_PB_FED,-0.017741,0.2,0.25,0.35,0.7,0.65,0.75,0.85,-0.5,0.5,0.7,0.1,0.05
8,PE_PB,-0.017744,0.1,0.2,0.45,0.6,0.7,0.85,0.95,0.0,0.5,0.0,0.06,0.04
8,PE_PB_FED,-0.017744,0.1,0.3,0.4,0.6,0.7,0.8,0.85,-0.5,0.6,0.75,0.12,0.03
8,PE_only,-0.017746,0.15,0.2,0.45,0.5,0.7,0.8,0.85,0.0,0.0,0.0,0.06,0.05
8,PE_PB,-0.017749,0.1,0.2,0.4,0.6,0.65,0.85,0.9,0.0,0.6,0.0,0.08,0.05
6,PE_PB,-0.017753,0.1,0.3,0.4,0.7,0.7,0.85,0.9,0.0,0.65,0.0,0.1,0.03
6,PE_only,-0.017754,0.15,0.25,0.4,0.6,0.7,0.8,0.85,0.0,0.0,0.0,0.08,0.03
6,PB_FED,-0.017768,0.05,0.15,0.45,0.6,0.7,0.8,0.85,0.5,0.0,0.0,0.08,0.04
8,PE_PB,-0.017768,0.15,0.3,0.4,0.5,0.75,0.8,0.95,0.0,0.6,0.0,0.1,0.03
6,PE_PB_FED,-0.017769,0.1,0.25,0.3,0.55,0.7,0.75,0.95,0.0,0.55,0.75,0.06,0.03
6,PE_only,-0.017771,0.1,0.25,0.35,0.6,0.7,0.8,0.85,0.0,0.0,0.0,0.08,0.03
6,PE_FED,-0.017775,0.15,0.2,0.45,0.5,0.65,0.85,0.95,-0.5,0.0,0.0,0.06,0.04
8,PE_only,-0.017777,0.1,0.25,0.3,0.5,0.7,0.8,0.85,0.0,0.0,0.0,0.08,0.03
6,PE_only,-0.01778,0.2,0.25,0.35,0.6,0.7,0.75,0.85,0.0,0.0,0.0,0.06,0.05
8,PE_PB,-0.017781,0.05,0.15,0.45,0.6,0.65,0.75,0.85,0.0,0.5,0.0,0.06,0.03
8,PE_PB_FED,-0.017783,0.05,0.2,0.35,0.65,0.65,0.75,0.85,0.5,0.6,0.8,0.12,0.03
8,PE_FED,-0.017786,0.2,0.25,0.45,0.7,0.7,0.75,0.85,0.5,0.0,0.0,0.08,0.04
6,PE_PB,-0.017787,0.2,0.25,0.4,0.7,0.65,0.75,0.85,0.0,0.65,0.0,0.1,0.05
6,PE_PB_FED,-0.017789,0.05,0.25,0.35,0.7,0.75,0.8,0.9,0.0,0.65,0.8,0.1,0.03
6,PE_FED,-0.01779,0.1,0.25,0.45,0.6,0.65,0.75,0.85,-0.5,0.0,0.0,0.08,0.05
6,PE_PB_FED,-0.01779,0.1,0.2,0.45,0.65,0.65,0.85,0.95,0.0,0.55,0.8,0.08,0.04
8,PB_FED,-0.017793,0.05,0.25,0.45,0.65,0.7,0.8,0.85,1.0,0.0,0.0,0.1,0.03
6,PE_only,-0.017794,0.15,0.2,0.4,0.5,0.65,0.75,0.9,0.0,0.0,0.0,0.12,0.03
8,PE_only,-0.017813,0.15,0.3,0.35,0.5,0.75,0.8,0.9,0.0,0.0,0.0,0.1,0.05
8,PE_FED,-0.017814,0.1,0.15,0.45,0.5,0.7,0.85,0.9,0.5,0.0,0.0,0.12,0.04
6,PE_PB_FED,-0.017818,0.05,0.15,0.4,0.7,0.75,0.85,0.95,-0.5,0.5,0.7,0.1,0.03
8,PE_PB,-0.017818,0.15,0.3,0.45,0.7,0.7,0.8,0.85,0.0,0.6,0.0,0.08,0.04
8,PE_PB,-0.017824,0.15,0.2,0.4,0.6,0.65,0.75,0.9,0.0,0.5,0.0,0.12,0.05
6,PE_FED,-0.017828,0.1,0.15,0.35,0.5,0.65,0.8,0.9,-0.5,0.0,0.0,0.12,0.03
8,PE_only,-0.01783,0.2,0.3,0.45,0.55,0.7,0.8,0.85,0.0,0.0,0.0,0.1,0.03
6,PE_PB,-0.017831,0.05,0.2,0.45,0.65,0.75,0.85,0.95,0.0,0.6,0.0,0.06,0.05
6,PE_PB,-0.017832,0.05,0.2,0.45,0.65,0.75,0.8,0.85,0.0,0.65,0.0,0.08,0.04
8,PB_FED,-0.017832,0.2,0.3,0.35,0.5,0.7,0.75,0.95,1.0,0.0,0.0,0.06,0.04
8,PE_PB,-0.017836,0.15,0.25,0.45,0.7,0.75,0.85,0.9,0.0,0.55,0.0,0.08,0.03
6,PE_PB_FED,-0.017838,0.15,0.25,0.35,0.65,0.65,0.8,0.95,0.0,0.55,0.8,0.12,0.05
8,PE_PB,-0.017839,0.2,0.25,0.45,0.5,0.75,0.8,0.95,0.0,0.6,0.0,0.1,0.03
8,PE_only,-0.017845,0.15,0.25,0.4,0.5,0.75,0.85,0.9,0.0,0.0,0.0,0.1,0.03
8,PB_FED,-0.017845,0.1,0.25,0.35,0.7,0.65,0.8,0.85,1.0,0.0,0.0,0.1,0.05
8,PE_PB,-0.017849,0.05,0.2,0.4,0.7,0.75,0.8,0.85,0.0,0.5,0.0,0.06,0.04
8,PE_PB_FED,-0.01785,0.15,0.3,0.35,0.6,0.75,0.85,0.9,0.0,0.5,0.7,0.1,0.04
6,PE_FED,-0.017851,0.2,0.3,0.45,0.65,0.75,0.8,0.85,-0.5,0.0,0.0,0.06,0.05
6,PE_PB,-0.017852,0.05,0.15,0.45,0.7,0.65,0.75,0.85,0.0,0.6,0.0,0.1,0.03
6,PE_PB,-0.017853,0.05,0.15,0.4,0.6,0.65,0.75,0.9,0.0,0.6,0.0,0.06,0.05
6,PE_FED,-0.017855,0.2,0.3,0.35,0.55,0.7,0.75,0.9,0.0,0.0,0.0,0.08,0.04
8,PE_PB_FED,-0.017855,0.2,0.25,0.4,0.55,0.65,0.8,0.95,0.5,0.55,0.75,0.08,0.04
6,PE_only,-0.017856,0.15,0.2,0.3,0.55,0.7,0.75,0.85,0.0,0.0,0.0,0.08,0.04
8,PE_only,-0.017856,0.05,0.25,0.3,0.5,0.75,0.8,0.85,0.0,0.0,0.0,0.12,0.05
6,PE_PB,-0.017862,0.05,0.2,0.35,0.6,0.65,0.8,0.9,0.0,0.65,0.0,0.12,0.04
8,PE_PB,-0.017862,0.05,0.2,0.4,0.6,0.65,0.75,0.85,0.0,0.55,0.0,0.06,0.05
6,PE_PB_FED,-0.017864,0.05,0.15,0.3,0.65,0.65,0.75,0.9,0.0,0.55,0.7,0.1,0.05
8,PE_PB,-0.017865,0.1,0.3,0.45,0.6,0.65,0.8,0.95,0.0,0.5,0.0,0.12,0.03
6,PE_only,-0.017866,0.1,0.2,0.4,0.5,0.7,0.75,0.9,0.0,0.0,0.0,0.06,0.04
6,PE_PB,-0.017867,0.1,0.15,0.4,0.6,0.65,0.75,0.85,0.0,0.65,0.0,0.08,0.04
6,PE_PB,-0.017869,0.05,0.3,0.35,0.65,0.7,0.75,0.95,0.0,0.6,0.0,0.12,0.04
6,PE_PB_FED,-0.017869,0.05,0.15,0.3,0.7,0.65,0.75,0.85,-0.5,0.6,0.7,0.08,0.05
6,PE_only,-0.01787,0.1,0.15,0.35,0.55,0.65,0.85,0.9,0.0,0.0,0.0,0.06,0.03
8,PB_FED,-0.017871,0.2,0.25,0.45,0.6,0.65,0.8,0.95,1.0,0.0,0.0,0.06,0.04
6,PE_PB,-0.017873,0.05,0.25,0.35,0.7,0.75,0.85,0.95,0.0,0.55,0.0,0.06,0.04
8,PE_PB,-0.017874,0.05,0.25,0.4,0.5,0.7,0.8,0.95,0.0,0.55,0.0,0.1,0.05
8,PB_FED,-0.017874,0.05,0.25,0.3,0.7,0.65,0.85,0.9,1.0,0.0,0.0,0.1,0.05
6,PB_FED,-0.017875,0.05,0.2,0.35,0.65,0.65,0.8,0.95,0.5,0.0,0.0,0.08,0.05
8,PE_PB_FED,-0.017875,0.1,0.25,0.35,0.55,0.75,0.85,0.9,0.0,0.5,0.7,0.1,0.05
6,PE_only,-0.017878,0.05,0.2,0.4,0.5,0.65,0.75,0.9,0.0,0.0,0.0,0.12,0.03
8,PE_only,-0.017878,0.05,0.3,0.45,0.5,0.7,0.8,0.9,0.0,0.0,0.0,0.12,0.03
8,PE_only,-0.017878,0.05,0.3,0.45,0.5,0.75,0.8,0.9,0.0,0.0,0.0,0.08,0.03
6,PE_PB,-0.017879,0.05,0.25,0.35,0.55,0.65,0.8,0.95,0.0,0.65,0.0,0.08,0.05
6,PE_only,-0.017884,0.05,0.15,0.35,0.55,0.75,0.8,0.85,0.0,0.0,0.0,0.08,0.04
6,PE_PB,-0.017885,0.05,0.15,0.3,0.7,0.65,0.8,0.85,0.0,0.6,0.0,0.08,0.05
8,PE_PB,-0.017885,0.05,0.2,0.45,0.55,0.65,0.75,0.85,0.0,0.6,0.0,0.08,0.03
8,PE_PB,-0.017887,0.05,0.3,0.45,0.6,0.7,0.75,0.95,0.0,0.5,0.0,0.1,0.04
8,PB_FED,-0.017887,0.1,0.3,0.45,0.55,0.65,0.75,0.9,1.0,0.0,0.0,0.06,0.05
6,PE_only,-0.017888,0.05,0.25,0.35,0.6,0.65,0.8,0.85,0.0,0.0,0.0,0.06,0.05
6,PE_FED,-0.017891,0.1,0.25,0.35,0.6,0.65,0.85,0.9,0.0,0.0,0.0,0.06,0.03
8,PE_PB_FED,-0.017891,0.1,0.3,0.45,0.65,0.75,0.8,0.95,0.5,0.5,0.75,0.06,0.03
6,PB_FED,-0.017892,0.05,0.15,0.35,0.5,0.7,0.75,0.95,0.5,0.0,0.0,0.1,0.05
6,PE_only,-0.017899,0.15,0.2,0.35,0.55,0.65,0.75,0.85,0.0,0.0,0.0,0.06,0.04
8,PE_FED,-0.017899,0.15,0.25,0.45,0.6,0.65,0.75,0.85,0.5,0.0,0.0,0.06,0.05
6,PE_only,-0.017903,0.1,0.2,0.4,0.5,0.65,0.75,0.9,0.0,0.0,0.0,0.12,0.03
6,PE_PB,-0.017906,0.05,0.2,0.45,0.55,0.7,0.75,0.95,0.0,0.6,0.0,0.1,0.05
6,PE_PB,-0.017907,0.1,0.3,0.45,0.65,0.75,0.8,0.9,0.0,0.65,0.0,0.06,0.04
8,PE_PB_FED,-0.017907,0.2,0.25,0.3,0.65,0.65,0.8,0.9,0.5,0.6,0.8,0.1,0.03
6,PE_PB_FED,-0.017908,0.1,0.15,0.35,0.5,0.65,0.85,0.95,0.0,0.65,0.8,0.12,0.03
6,PE_only,-0.01791,0.1,0.3,0.35,0.5,0.7,0.8,0.95,0.0,0.0,0.0,0.1,0.03
8,PB_FED,-0.017911,0.05,0.25,0.45,0.6,0.7,0.85,0.95,1.0,0.0,0.0,0.08,0.03
6,PE_PB,-0.017915,0.1,0.2,0.35,0.65,0.7,0.75,0.9,0.0,0.6,0.0,0.06,0.05
6,PE_PB_FED,-0.017915,0.15,0.2,0.4,0.65,0.7,0.75,0.9,-0.5,0.6,0.7,0.12,0.05
6,PE_PB,-0.017918,0.15,0.3,0.45,0.6,0.65,0.8,0.95,0.0,0.65,0.0,0.06,0.04
6,PE_PB,-0.017919,0.1,0.15,0.4,0.5,0.65,0.75,0.95,0.0,0.55,0.0,0.08,0.03
6,PB_FED,-0.017922,0.1,0.25,0.4,0.6,0.65,0.75,0.9,0.5,0.0,0.0,0.08,0.04
8,PE_PB_FED,-0.017923,0.1,0.15,0.45,0.55,0.75,0.8,0.85,0.5,0.65,0.7,0.06,0.03
6,PB_FED,-0.017926,0.05,0.2,0.45,0.65,0.7,0.8,0.85,0.5,0.0,0.0,0.1,0.04
6,PE_only,-0.017932,0.05,0.25,0.35,0.55,0.75,0.8,0.9,0.0,0.0,0.0,0.12,0.04
6,PE_PB_FED,-0.017932,0.05,0.2,0.3,0.65,0.75,0.85,0.9,-0.5,0.65,0.8,0.12,0.03
6,PE_PB,-0.017933,0.15,0.25,0.3,0.65,0.65,0.75,0.9,0.0,0.6,0.0,0.12,0.04
8,PB_FED,-0.017933,0.05,0.25,0.3,0.55,0.7,0.8,0.9,1.0,0.0,0.0,0.06,0.05
8,PE_only,-0.017935,0.05,0.25,0.4,0.5,0.65,0.85,0.9,0.0,0.0,0.0,0.08,0.03
6,PE_PB_FED,-0.017942,0.05,0.2,0.4,0.55,0.75,0.85,0.95,0.0,0.6,0.7,0.06,0.04
8,PE_PB_FED,-0.017942,0.15,0.3,0.35,0.65,0.65,0.8,0.9,0.5,0.65,0.8,0.08,0.04
6,PE_PB_FED,-0.017943,0.1,0.15,0.4,0.7,0.65,0.75,0.85,-0.5,0.6,0.75,0.12,0.03
8,PE_PB,-0.017946,0.2,0.25,0.4,0.65,0.65,0.75,0.85,0.0,0.6,0.0,0.06,0.05
8,PE_PB,-0.017951,0.2,0.25,0.3,0.55,0.65,0.8,0.9,0.0,0.65,0.0,0.08,0.05
6,PE_only,-0.017953,0.05,0.25,0.35,0.6,0.65,0.85,0.9,0.0,0.0,0.0,0.12,0.05
6,PE_only,-0.017953,0.15,0.2,0.45,0.5,0.75,0.85,0.95,0.0,0.0,0.0,0.08,0.03
6,PE_PB_FED,-0.017959,0.05,0.3,0.45,0.7,0.75,0.8,0.95,-0.5,0.6,0.8,0.06,0.04
8,PE_PB,-0.017964,0.1,0.3,0.45,0.5,0.7,0.75,0.95,0.0,0.6,0.0,0.1,0.03
8,PE_FED,-0.017968,0.1,0.2,0.45,0.55,0.7,0.8,0.85,0.5,0.0,0.0,0.1,0.03
8,PE_FED,-0.017968,0.15,0.2,0.4,0.6,0.75,0.8,0.95,1.0,0.0,0.0,0.12,0.03
6,PE_only,-0.01797,0.05,0.15,0.35,0.55,0.75,0.8,0.85,0.0,0.0,0.0,0.12,0.03
6,PE_only,-0.01797,0.05,0.15,0.35,0.55,0.75,0.8,0.85,0.0,0.0,0.0,0.08,0.03
6,PE_PB,-0.01797,0.15,0.25,0.3,0.55,0.7,0.75,0.95,0.0,0.6,0.0,0.06,0.04
8,PE_PB,-0.017971,0.1,0.3,0.4,0.65,0.65,0.75,0.85,0.0,0.6,0.0,0.08,0.03
6,PE_only,-0.017976,0.2,0.3,0.45,0.6,0.7,0.8,0.9,0.0,0.0,0.0,0.12,0.03
6,PB_FED,-0.017976,0.1,0.2,0.45,0.55,0.7,0.75,0.9,0.5,0.0,0.0,0.1,0.05
8,PE_PB,-0.017976,0.15,0.2,0.3,0.55,0.65,0.8,0.85,0.0,0.6,0.0,0.1,0.03
6,PE_PB_FED,-0.017979,0.05,0.2,0.35,0.7,0.75,0.8,0.9,-0.5,0.6,0.8,0.1,0.05
6,PE_PB,-0.01798,0.05,0.25,0.3,0.7,0.7,0.75,0.95,0.0,0.5,0.0,0.1,0.03
8,PE_PB,-0.017981,0.05,0.25,0.45,0.6,0.7,0.75,0.85,0.0,0.6,0.0,0.06,0.04
6,PE_PB_FED,-0.017983,0.05,0.15,0.4,0.7,0.65,0.75,0.85,-0.5,0.6,0.75,0.06,0.03
8,PE_only,-0.017983,0.1,0.3,0.45,0.5,0.75,0.8,0.9,0.0,0.0,0.0,0.08,0.04
6,PE_only,-0.017986,0.05,0.3,0.4,0.55,0.7,0.85,0.95,0.0,0.0,0.0,0.1,0.05
8,PE_PB_FED,-0.017989,0.2,0.25,0.4,0.5,0.65,0.75,0.95,0.5,0.55,0.75,0.06,0.05
8,PE_only,-0.01799,0.05,0.3,0.35,0.5,0.7,0.8,0.9,0.0,0.0,0.0,0.12,0.05
6,PE_only,-0.017991,0.15,0.25,0.3,0.5,0.7,0.85,0.95,0.0,0.0,0.0,0.1,0.04
6,PE_only,-0.017993,0.05,0.15,0.3,0.5,0.7,0.8,0.9,0.0,0.0,0.0,0.06,0.05
6,PE_only,-0.017993,0.05,0.25,0.3,0.5,0.7,0.85,0.95,0.0,0.0,0.0,0.08,0.03
6,PB_FED,-0.017993,0.05,0.2,0.45,0.55,0.65,0.75,0.95,0.5,0.0,0.0,0.12,0.05
6,PE_PB_FED,-0.017995,0.15,0.2,0.35,0.5,0.75,0.8,0.95,-0.5,0.65,0.75,0.12,0.03
6,PE_PB_FED,-0.017996,0.2,0.25,0.4,0.6,0.75,0.85,0.95,-0.5,0.65,0.7,0.12,0.04
8,PE_PB,-0.017997,0.1,0.15,0.35,0.5,0.65,0.85,0.9,0.0,0.65,0.0,0.06,0.04
8,PE_PB,-0.017997,0.05,0.3,0.35,0.6,0.7,0.75,0.9,0.0,0.55,0.0,0.06,0.03
6,PE_PB,-0.018,0.15,0.25,0.35,0.65,0.7,0.85,0.9,0.0,0.65,0.0,0.06,0.05
6,PE_only,-0.018003,0.1,0.15,0.4,0.55,0.7,0.85,0.9,0.0,0.0,0.0,0.12,0.03
8,PE_PB,-0.018004,0.1,0.2,0.4,0.65,0.75,0.8,0.85,0.0,0.55,0.0,0.08,0.04
8,PE_PB,-0.018007,0.1,0.3,0.45,0.65,0.65,0.8,0.95,0.0,0.5,0.0,0.08,0.05
6,PE_FED,-0.018008,0.15,0.2,0.35,0.55,0.65,0.85,0.9,0.0,0.0,0.0,0.06,0.05
8,PB_FED,-0.018008,0.05,0.15,0.4,0.5,0.7,0.8,0.85,1.0,0.0,0.0,0.06,0.04
6,PE_only,-0.018018,0.2,0.25,0.45,0.6,0.65,0.75,0.85,0.0,0.0,0.0,0.1,0.04
8,PE_PB,-0.01802,0.15,0.2,0.4,0.65,0.65,0.75,0.85,0.0,0.5,0.0,0.06,0.03
8,PE_PB_FED,-0.018021,0.1,0.15,0.35,0.55,0.65,0.8,0.85,0.5,0.6,0.7,0.12,0.03
6,PE_PB_FED,-0.018023,0.05,0.2,0.35,0.6,0.7,0.85,0.95,0.0,0.55,0.75,0.12,0.04
6,PE_PB,-0.018025,0.15,0.2,0.35,0.6,0.75,0.85,0.95,0.0,0.6,0.0,0.12,0.05
8,PB_FED,-0.018028,0.05,0.2,0.3,0.5,0.75,0.8,0.9,1.0,0.0,0.0,0.06,0.05
6,PE_FED,-0.018029,0.1,0.15,0.35,0.55,0.65,0.8,0.85,-0.5,0.0,0.0,0.08,0.03
8,PE_PB,-0.018031,0.05,0.2,0.45,0.55,0.7,0.8,0.9,0.0,0.55,0.0,0.1,0.04
6,PE_PB,-0.018033,0.05,0.25,0.3,0.55,0.7,0.75,0.95,0.0,0.6,0.0,0.1,0.04
8,PE_PB,-0.018035,0.2,0.25,0.45,0.6,0.7,0.85,0.95,0.0,0.55,0.0,0.06,0.04
6,PE_FED,-0.018037,0.05,0.2,0.3,0.55,0.65,0.85,0.9,0.0,0.0,0.0,0.1,0.05
8,PE_only,-0.018037,0.15,0.25,0.4,0.5,0.75,0.8,0.85,0.0,0.0,0.0,0.12,0.03
8,PE_only,-0.01804,0.2,0.25,0.45,0.5,0.75,0.8,0.9,0.0,0.0,0.0,0.1,0.05
6,PE_PB,-0.018042,0.05,0.2,0.3,0.6,0.7,0.85,0.95,0.0,0.55,0.0,0.08,0.03
6,PE_PB,-0.018044,0.1,0.2,0.35,0.7,0.65,0.8,0.9,0.0,0.55,0.0,0.08,0.03
6,PB_FED,-0.01805,0.1,0.2,0.35,0.6,0.75,0.8,0.85,0.5,0.0,0.0,0.06,0.04
8,PE_PB,-0.018051,0.1,0.2,0.45,0.5,0.7,0.75,0.9,0.0,0.6,0.0,0.08,0.03
6,PB_FED,-0.018053,0.1,0.15,0.4,0.65,0.75,0.8,0.85,0.5,0.0,0.0,0.08,0.05
6,PB_FED,-0.018053,0.1,0.15,0.4,0.65,0.7,0.8,0.85,0.5,0.0,0.0,0.12,0.05
6,PE_FED,-0.018056,0.2,0.25,0.45,0.6,0.7,0.75,0.85,-0.5,0.0,0.0,0.12,0.04
8,PE_PB_FED,-0.018059,0.2,0.25,0.3,0.6,0.75,0.85,0.9,0.0,0.5,0.8,0.08,0.05
8,PE_PB,-0.018061,0.15,0.25,0.4,0.7,0.7,0.8,0.85,0.0,0.55,0.0,0.06,0.05
6,PE_only,-0.018062,0.15,0.3,0.45,0.6,0.75,0.8,0.9,0.0,0.0,0.0,0.1,0.05
8,PE_FED,-0.018063,0.1,0.2,0.45,0.6,0.65,0.85,0.9,0.5,0.0,0.0,0.12,0.05
8,PE_PB,-0.018066,0.15,0.25,0.3,0.6,0.65,0.85,0.9,0.0,0.6,0.0,0.12,0.03
6,PE_only,-0.018067,0.1,0.2,0.45,0.5,0.65,0.85,0.95,0.0,0.0,0.0,0.06,0.03
6,PE_PB_FED,-0.018068,0.15,0.3,0.45,0.55,0.65,0.75,0.95,0.0,0.65,0.8,0.1,0.03
8,PE_only,-0.018068,0.05,0.25,0.4,0.5,0.7,0.8,0.85,0.0,0.0,0.0,0.08,0.03
6,PE_only,-0.018071,0.1,0.15,0.45,0.55,0.65,0.75,0.85,0.0,0.0,0.0,0.08,0.03
8,PE_PB,-0.018072,0.2,0.3,0.35,0.6,0.7,0.8,0.95,0.0,0.5,0.0,0.12,0.03
8,PE_PB_FED,-0.018072,0.15,0.3,0.45,0.5,0.65,0.75,0.95,0.5,0.55,0.7,0.12,0.03
6,PE_PB,-0.018073,0.05,0.15,0.4,0.55,0.65,0.8,0.9,0.0,0.65,0.0,0.06,0.03
8,PB_FED,-0.018075,0.05,0.3,0.35,0.55,0.7,0.75,0.85,1.0,0.0,0.0,0.12,0.03
8,PE_only,-0.018077,0.1,0.25,0.3,0.5,0.75,0.8,0.85,0.0,0.0,0.0,0.06,0.05
6,PE_PB_FED,-0.01808,0.2,0.3,0.45,0.65,0.65,0.75,0.95,0.0,0.6,0.75,0.1,0.04
8,PE_PB,-0.018081,0.15,0.3,0.35,0.55,0.7,0.75,0.95,0.0,0.5,0.0,0.1,0.04
8,PE_FED,-0.018082,0.05,0.15,0.3,0.65,0.75,0.85,0.95,1.0,0.0,0.0,0.1,0.03
6,PE_FED,-0.018086,0.05,0.25,0.4,0.6,0.7,0.8,0.85,-0.5,0.0,0.0,0.08,0.04
6,PE_only,-0.018087,0.15,0.3,0.4,0.6,0.65,0.75,0.85,0.0,0.0,0.0,0.12,0.03
6,PE_FED,-0.018087,0.15,0.2,0.35,0.55,0.7,0.85,0.9,0.0,0.0,0.0,0.12,0.05
8,PE_PB,-0.018088,0.1,0.25,0.3,0.55,0.65,0.8,0.85,0.0,0.65,0.0,0.08,0.03
6,PE_only,-0.018089,0.05,0.2,0.45,0.5,0.7,0.85,0.95,0.0,0.0,0.0,0.12,0.03
6,PE_only,-0.018089,0.05,0.25,0.3,0.5,0.7,0.85,0.95,0.0,0.0,0.0,0.12,0.04
6,PE_PB,-0.018092,0.15,0.25,0.4,0.65,0.7,0.75,0.9,0.0,0.6,0.0,0.08,0.03
8,PE_PB_FED,-0.018094,0.1,0.3,0.45,0.55,0.7,0.85,0.9,0.0,0.55,0.75,0.1,0.04
6,PB_FED,-0.018095,0.15,0.25,0.3,0.65,0.65,0.85,0.9,0.5,0.0,0.0,0.1,0.03
8,PE_FED,-0.018097,0.1,0.25,0.45,0.7,0.7,0.8,0.85,0.5,0.0,0.0,0.12,0.05
8,PE_FED,-0.0181,0.2,0.25,0.4,0.65,0.65,0.75,0.85,0.5,0.0,0.0,0.1,0.05
6,PE_PB_FED,-0.018101,0.05,0.25,0.4,0.55,0.65,0.8,0.95,-0.5,0.65,0.8,0.08,0.04
6,PE_PB,-0.018102,0.1,0.15,0.3,0.65,0.65,0.75,0.85,0.0,0.6,0.0,0.12,0.05
6,PB_FED,-0.018103,0.05,0.25,0.3,0.65,0.75,0.8,0.95,0.5,0.0,0.0,0.06,0.04
8,PE_PB_FED,-0.018103,0.15,0.3,0.45,0.5,0.75,0.8,0.9,-0.5,0.65,0.75,0.06,0.03
8,PE_PB,-0.018108,0.2,0.25,0.35,0.5,0.7,0.8,0.95,0.0,0.55,0.0,0.1,0.03
6,PE_PB,-0.018109,0.1,0.15,0.4,0.7,0.7,0.8,0.85,0.0,0.6,0.0,0.1,0.05
6,PB_FED,-0.018112,0.15,0.2,0.3,0.55,0.65,0.8,0.9,0.5,0.0,0.0,0.08,0.03
6,PE_PB_FED,-0.018116,0.05,0.2,0.4,0.65,0.75,0.85,0.95,-0.5,0.55,0.8,0.1,0.04
6,PE_PB,-0.018117,0.1,0.15,0.45,0.5,0.65,0.8,0.95,0.0,0.65,0.0,0.06,0.04
6,PE_PB,-0.018117,0.1,0.15,0.45,0.5,0.65,0.8,0.95,0.0,0.65,0.0,0.1,0.04
6,PE_PB_FED,-0.018118,0.1,0.15,0.3,0.7,0.65,0.75,0.9,0.0,0.5,0.75,0.06,0.04
8,PE_PB,-0.018119,0.2,0.25,0.3,0.65,0.75,0.8,0.85,0.0,0.6,0.0,0.12,0.03
8,PE_PB_FED,-0.01812,0.2,0.3,0.35,0.55,0.75,0.8,0.95,0.5,0.6,0.7,0.08,0.05
6,PE_PB,-0.018124,0.15,0.2,0.3,0.55,0.65,0.75,0.95,0.0,0.55,0.0,0.1,0.05
6,PE_PB,-0.018127,0.1,0.3,0.4,0.7,0.7,0.85,0.95,0.0,0.6,0.0,0.08,0.03
6,PB_FED,-0.018127,0.15,0.25,0.3,0.65,0.7,0.8,0.85,0.5,0.0,0.0,0.08,0.03
8,PE_PB,-0.018131,0.15,0.25,0.45,0.7,0.65,0.85,0.9,0.0,0.55,0.0,0.12,0.03
6,PE_PB_FED,-0.018132,0.05,0.3,0.45,0.65,0.65,0.75,0.95,-0.5,0.6,0.7,0.06,0.03
8,PB_FED,-0.018133,0.1,0.25,0.45,0.55,0.7,0.8,0.9,1.0,0.0,0.0,0.12,0.04
8,PE_PB,-0.018135,0.1,0.2,0.35,0.6,0.65,0.8,0.9,0.0,0.5,0.0,0.08,0.04
8,PE_PB_FED,-0.018135,0.2,0.3,0.45,0.6,0.65,0.8,0.95,0.5,0.6,0.8,0.08,0.04
6,PE_PB,-0.018136,0.15,0.2,0.3,0.6,0.65,0.85,0.95,0.0,0.55,0.0,0.06,0.03
6,PE_only,-0.018137,0.15,0.25,0.35,0.5,0.65,0.85,0.95,0.0,0.0,0.0,0.1,0.03
8,PE_PB_FED,-0.018137,0.05,0.2,0.3,0.55,0.7,0.85,0.9,-0.5,0.5,0.8,0.06,0.03
8,PE_FED,-0.018138,0.05,0.2,0.3,0.65,0.75,0.8,0.95,1.0,0.0,0.0,0.1,0.04
8,PE_only,-0.018139,0.2,0.25,0.3,0.5,0.75,0.85,0.9,0.0,0.0,0.0,0.06,0.04
6,PE_PB,-0.018142,0.05,0.3,0.4,0.7,0.7,0.8,0.95,0.0,0.55,0.0,0.1,0.05
8,PE_PB,-0.018147,0.1,0.2,0.4,0.7,0.75,0.8,0.85,0.0,0.5,0.0,0.06,0.03
6,PE_only,-0.018152,0.15,0.3,0.35,0.5,0.75,0.8,0.95,0.0,0.0,0.0,0.08,0.04
6,PB_FED,-0.018152,0.1,0.25,0.3,0.55,0.7,0.75,0.85,0.5,0.0,0.0,0.06,0.04
8,PE_PB,-0.018159,0.2,0.25,0.35,0.55,0.7,0.85,0.95,0.0,0.55,0.0,0.08,0.03
8,PE_PB,-0.018163,0.2,0.25,0.35,0.5,0.65,0.75,0.95,0.0,0.55,0.0,0.12,0.04
8,PB_FED,-0.018164,0.1,0.25,0.3,0.6,0.65,0.8,0.85,1.0,0.0,0.0,0.08,0.05
8,PE_PB,-0.018165,0.2,0.25,0.3,0.55,0.65,0.75,0.9,0.0,0.6,0.0,0.08,0.05
8,PE_PB,-0.018165,0.1,0.15,0.3,0.5,0.75,0.8,0.85,0.0,0.65,0.0,0.08,0.04
6,PE_PB,-0.018167,0.15,0.3,0.35,0.7,0.65,0.85,0.95,0.0,0.6,0.0,0.1,0.03
8,PE_PB,-0.01817,0.1,0.25,0.35,0.6,0.65,0.8,0.85,0.0,0.6,0.0,0.12,0.04
6,PE_FED,-0.018172,0.1,0.15,0.35,0.55,0.75,0.85,0.9,-0.5,0.0,0.0,0.08,0.05
8,PE_PB,-0.018172,0.05,0.25,0.35,0.55,0.65,0.8,0.85,0.0,0.65,0.0,0.08,0.04
8,PE_PB,-0.018174,0.15,0.2,0.3,0.55,0.7,0.8,0.9,0.0,0.55,0.0,0.12,0.05
8,PB_FED,-0.018176,0.2,0.3,0.4,0.5,0.7,0.75,0.95,1.0,0.0,0.0,0.06,0.05
8,PE_FED,-0.018179,0.05,0.2,0.45,0.55,0.75,0.85,0.9,0.5,0.0,0.0,0.1,0.04
6,PE_PB,-0.01818,0.05,0.15,0.45,0.6,0.75,0.85,0.95,0.0,0.55,0.0,0.06,0.04
6,PE_only,-0.018182,0.15,0.3,0.4,0.55,0.7,0.75,0.9,0.0,0.0,0.0,0.12,0.04
6,PE_only,-0.018183,0.2,0.25,0.35,0.6,0.7,0.85,0.9,0.0,0.0,0.0,0.06,0.03
6,PE_only,-0.018184,0.2,0.3,0.35,0.55,0.7,0.85,0.95,0.0,0.0,0.0,0.1,0.03
8,PE_PB,-0.018186,0.15,0.3,0.45,0.7,0.7,0.85,0.95,0.0,0.5,0.0,0.12,0.05
8,PE_PB,-0.018188,0.15,0.2,0.4,0.5,0.7,0.75,0.9,0.0,0.55,0.0,0.08,0.03
8,PE_PB_FED,-0.018194,0.15,0.2,0.35,0.6,0.75,0.85,0.95,0.5,0.5,0.8,0.08,0.05
8,PE_FED,-0.018197,0.15,0.3,0.4,0.7,0.65,0.85,0.9,0.5,0.0,0.0,0.06,0.04
8,PE_PB,-0.018201,0.1,0.15,0.4,0.5,0.75,0.8,0.9,0.0,0.6,0.0,0.1,0.05
8,PE_PB,-0.018206,0.1,0.2,0.3,0.5,0.7,0.85,0.95,0.0,0.55,0.0,0.1,0.04
8,PE_FED,-0.018208,0.05,0.25,0.35,0.65,0.65,0.8,0.85,0.5,0.0,0.0,0.08,0.04
6,PE_PB_FED,-0.018209,0.1,0.25,0.4,0.55,0.75,0.8,0.95,0.0,0.6,0.75,0.08,0.04
8,PE_PB,-0.018209,0.15,0.25,0.35,0.6,0.65,0.85,0.95,0.0,0.5,0.0,0.08,0.04
8,PE_PB_FED,-0.018215,0.15,0.2,0.3,0.65,0.75,0.8,0.95,1.0,0.65,0.75,0.06,0.03
6,PE_PB,-0.018218,0.15,0.3,0.4,0.65,0.65,0.8,0.95,0.0,0.55,0.0,0.06,0.03
8,PE_PB,-0.018219,0.1,0.25,0.3,0.6,0.75,0.85,0.9,0.0,0.6,0.0,0.08,0.03
8,PE_PB,-0.018221,0.05,0.15,0.45,0.65,0.7,0.85,0.9,0.0,0.5,0.0,0.06,0.03
8,PE_PB_FED,-0.018223,0.1,0.25,0.35,0.7,0.7,0.8,0.85,0.5,0.65,0.7,0.08,0.03
8,PE_PB_FED,-0.018225,0.1,0.15,0.45,0.7,0.75,0.8,0.95,1.0,0.55,0.8,0.06,0.05
6,PE_FED,-0.018229,0.2,0.3,0.35,0.55,0.65,0.85,0.95,-0.5,0.0,0.0,0.12,0.04
8,PE_FED,-0.018232,0.05,0.15,0.35,0.7,0.65,0.75,0.9,1.0,0.0,0.0,0.1,0.03
8,PE_FED,-0.018237,0.15,0.2,0.4,0.55,0.65,0.8,0.95,1.0,0.0,0.0,0.08,0.03
6,PE_PB_FED,-0.01824,0.1,0.15,0.45,0.6,0.7,0.85,0.95,0.0,0.55,0.75,0.06,0.04
8,PE_only,-0.018242,0.05,0.25,0.35,0.5,0.75,0.85,0.9,0.0,0.0,0.0,0.12,0.05
8,PE_FED,-0.018243,0.15,0.25,0.4,0.65,0.65,0.85,0.9,0.5,0.0,0.0,0.08,0.05
8,PB_FED,-0.018247,0.05,0.3,0.35,0.7,0.7,0.85,0.95,1.0,0.0,0.0,0.06,0.03
8,PB_FED,-0.01825,0.1,0.2,0.35,0.5,0.7,0.8,0.9,1.0,0.0,0.0,0.1,0.05
8,PE_PB,-0.018251,0.1,0.3,0.35,0.6,0.65,0.85,0.95,0.0,0.55,0.0,0.1,0.05
6,PE_PB,-0.018252,0.1,0.25,0.45,0.7,0.75,0.85,0.95,0.0,0.55,0.0,0.08,0.03
6,PE_FED,-0.018254,0.05,0.3,0.45,0.55,0.65,0.85,0.95,0.0,0.0,0.0,0.06,0.03
6,PE_PB,-0.018255,0.1,0.2,0.35,0.55,0.65,0.85,0.95,0.0,0.65,0.0,0.08,0.05
6,PE_PB,-0.018258,0.05,0.2,0.35,0.6,0.65,0.85,0.95,0.0,0.55,0.0,0.08,0.03
6,PE_PB_FED,-0.018259,0.1,0.15,0.45,0.55,0.7,0.75,0.95,0.0,0.5,0.8,0.06,0.05
6,PE_only,-0.01826,0.1,0.25,0.45,0.6,0.7,0.85,0.9,0.0,0.0,0.0,0.06,0.03
6,PE_only,-0.018261,0.1,0.15,0.35,0.55,0.7,0.85,0.9,0.0,0.0,0.0,0.12,0.05
8,PE_PB_FED,-0.018264,0.05,0.25,0.45,0.55,0.75,0.85,0.95,0.5,0.6,0.7,0.1,0.04
8,PE_PB,-0.01827,0.1,0.25,0.4,0.65,0.65,0.8,0.9,0.0,0.5,0.0,0.08,0.03
6,PE_only,-0.018271,0.05,0.2,0.45,0.5,0.75,0.85,0.95,0.0,0.0,0.0,0.1,0.05
6,PE_PB_FED,-0.018272,0.05,0.2,0.4,0.5,0.65,0.75,0.95,0.0,0.55,0.75,0.06,0.05
6,PE_only,-0.018274,0.2,0.3,0.4,0.5,0.7,0.75,0.95,0.0,0.0,0.0,0.06,0.03
8,PE_FED,-0.018276,0.2,0.3,0.35,0.5,0.7,0.8,0.85,-0.5,0.0,0.0,0.12,0.05
6,PE_FED,-0.018277,0.1,0.2,0.3,0.55,0.7,0.85,0.9,-0.5,0.0,0.0,0.08,0.03
6,PE_PB,-0.018278,0.2,0.25,0.4,0.65,0.7,0.75,0.95,0.0,0.55,0.0,0.06,0.05
6,PB_FED,-0.018279,0.1,0.2,0.4,0.65,0.7,0.8,0.9,0.5,0.0,0.0,0.1,0.05
6,PE_PB,-0.01828,0.05,0.15,0.45,0.7,0.65,0.75,0.85,0.0,0.6,0.0,0.1,0.05
6,PE_only,-0.018282,0.1,0.25,0.45,0.6,0.65,0.8,0.85,0.0,0.0,0.0,0.12,0.03
6,PB_FED,-0.018286,0.1,0.25,0.35,0.6,0.65,0.8,0.9,0.5,0.0,0.0,0.1,0.03
6,PE_only,-0.018288,0.15,0.3,0.4,0.5,0.75,0.8,0.95,0.0,0.0,0.0,0.1,0.04
8,PE_FED,-0.01829,0.1,0.25,0.35,0.6,0.75,0.85,0.9,0.5,0.0,0.0,0.1,0.03
6,PE_only,-0.018291,0.15,0.25,0.4,0.5,0.75,0.85,0.95,0.0,0.0,0.0,0.08,0.03
6,PE_PB_FED,-0.018292,0.1,0.25,0.35,0.7,0.65,0.75,0.95,0.0,0.5,0.75,0.08,0.04
6,PE_FED,-0.018293,0.2,0.25,0.3,0.5,0.7,0.75,0.9,0.0,0.0,0.0,0.12,0.04
6,PE_only,-0.018299,0.05,0.15,0.4,0.55,0.75,0.8,0.85,0.0,0.0,0.0,0.1,0.05
8,PE_PB,-0.018301,0.05,0.25,0.4,0.5,0.65,0.85,0.95,0.0,0.6,0.0,0.06,0.03
8,PE_FED,-0.018303,0.2,0.25,0.45,0.65,0.65,0.75,0.85,0.5,0.0,0.0,0.12,0.04
6,PE_only,-0.018308,0.2,0.3,0.4,0.55,0.75,0.85,0.95,0.0,0.0,0.0,0.1,0.03
8,PE_PB_FED,-0.018308,0.05,0.25,0.4,0.7,0.65,0.75,0.9,0.5,0.55,0.75,0.12,0.05
6,PE_PB,-0.01831,0.05,0.15,0.4,0.5,0.65,0.75,0.95,0.0,0.55,0.0,0.1,0.05
8,PE_PB,-0.01831,0.05,0.25,0.4,0.65,0.75,0.8,0.9,0.0,0.5,0.0,0.12,0.04
6,PE_PB_FED,-0.018318,0.05,0.25,0.3,0.65,0.65,0.75,0.9,-0.5,0.6,0.75,0.08,0.04
6,PB_FED,-0.018319,0.1,0.25,0.45,0.7,0.7,0.8,0.9,0.5,0.0,0.0,0.08,0.03
8,PE_PB,-0.018319,0.1,0.3,0.4,0.5,0.7,0.75,0.95,0.0,0.55,0.0,0.12,0.03
6,PE_PB,-0.01832,0.15,0.2,0.4,0.7,0.65,0.75,0.85,0.0,0.6,0.0,0.06,0.03
6,PE_PB_FED,-0.018323,0.2,0.25,0.45,0.55,0.65,0.8,0.95,0.0,0.65,0.75,0.1,0.04
8,PE_PB_FED,-0.018323,0.1,0.3,0.45,0.7,0.65,0.8,0.95,0.5,0.5,0.8,0.1,0.05
6,PE_PB,-0.018325,0.05,0.2,0.45,0.55,0.75,0.8,0.95,0.0,0.6,0.0,0.1,0.05
6,PE_only,-0.018326,0.1,0.2,0.3,0.55,0.7,0.85,0.9,0.0,0.0,0.0,0.1,0.04
6,PE_PB,-0.018328,0.1,0.25,0.4,0.65,0.7,0.8,0.85,0.0,0.65,0.0,0.06,0.03
6,PE_only,-0.01833,0.15,0.25,0.45,0.6,0.75,0.8,0.85,0.0,0.0,0.0,0.1,0.03
6,PB_FED,-0.018331,0.1,0.25,0.3,0.6,0.75,0.8,0.9,0.5,0.0,0.0,0.06,0.04
8,PE_only,-0.018331,0.15,0.25,0.4,0.5,0.7,0.8,0.85,0.0,0.0,0.0,0.1,0.05
8,PE_PB,-0.018331,0.15,0.25,0.4,0.7,0.65,0.8,0.85,0.0,0.55,0.0,0.12,0.05
6,PE_PB_FED,-0.018332,0.2,0.25,0.4,0.65,0.7,0.85,0.95,0.0,0.6,0.7,0.12,0.04
6,PE_only,-0.018333,0.15,0.2,0.45,0.55,0.7,0.8,0.9,0.0,0.0,0.0,0.06,0.05
8,PE_PB,-0.018336,0.1,0.25,0.45,0.55,0.75,0.85,0.95,0.0,0.55,0.0,0.1,0.04
6,PE_only,-0.018337,0.15,0.25,0.45,0.55,0.75,0.8,0.9,0.0,0.0,0.0,0.12,0.03
6,PE_FED,-0.018342,0.1,0.2,0.4,0.55,0.65,0.75,0.85,-0.5,0.0,0.0,0.06,0.05
6,PE_PB,-0.018344,0.2,0.3,0.4,0.7,0.7,0.85,0.9,0.0,0.65,0.0,0.08,0.03
8,PB_FED,-0.018345,0.05,0.3,0.35,0.6,0.65,0.8,0.9,1.0,0.0,0.0,0.1,0.03
8,PE_PB,-0.018349,0.15,0.25,0.45,0.65,0.75,0.8,0.9,0.0,0.55,0.0,0.1,0.05
6,PE_only,-0.01835,0.15,0.2,0.35,0.5,0.7,0.75,0.9,0.0,0.0,0.0,0.08,0.05
6,PE_PB_FED,-0.018351,0.05,0.3,0.45,0.65,0.7,0.8,0.95,-0.5,0.6,0.8,0.12,0.03
8,PE_PB,-0.018352,0.15,0.2,0.4,0.6,0.7,0.85,0.9,0.0,0.55,0.0,0.1,0.04
8,PE_PB,-0.018352,0.1,0.2,0.35,0.6,0.75,0.85,0.9,0.0,0.55,0.0,0.1,0.04
8,PE_PB,-0.018358,0.05,0.25,0.35,0.65,0.7,0.75,0.85,0.0,0.55,0.0,0.08,0.05
6,PE_PB_FED,-0.018361,0.05,0.15,0.45,0.55,0.7,0.8,0.95,0.0,0.5,0.8,0.1,0.03
6,PE_PB_FED,-0.018361,0.2,0.3,0.45,0.6,0.7,0.8,0.95,0.0,0.65,0.8,0.12,0.05
6,PB_FED,-0.018361,0.1,0.15,0.35,0.65,0.65,0.85,0.95,0.5,0.0,0.0,0.12,0.04
6,PE_PB,-0.018362,0.2,0.25,0.3,0.6,0.7,0.8,0.95,0.0,0.55,0.0,0.12,0.03
8,PE_PB,-0.018364,0.15,0.25,0.3,0.6,0.65,0.75,0.85,0.0,0.55,0.0,0.08,0.04
8,PB_FED,-0.01837,0.2,0.3,0.35,0.7,0.7,0.8,0.9,1.0,0.0,0.0,0.06,0.05
6,PE_only,-0.018372,0.15,0.2,0.3,0.5,0.7,0.8,0.9,0.0,0.0,0.0,0.08,0.03
6,PE_FED,-0.018374,0.15,0.25,0.4,0.5,0.7,0.85,0.95,-0.5,0.0,0.0,0.08,0.04
6,PE_PB,-0.018385,0.05,0.2,0.4,0.65,0.7,0.75,0.95,0.0,0.5,0.0,0.06,0.04
8,PE_PB,-0.018387,0.15,0.2,0.35,0.55,0.65,0.75,0.85,0.0,0.55,0.0,0.06,0.03
8,PE_PB_FED,-0.018392,0.1,0.15,0.35,0.7,0.75,0.85,0.9,0.5,0.55,0.8,0.08,0.05
6,PE_only,-0.018393,0.15,0.25,0.45,0.6,0.7,0.8,0.85,0.0,0.0,0.0,0.06,0.05
6,PE_PB,-0.018395,0.05,0.2,0.3,0.6,0.65,0.8,0.9,0.0,0.65,0.0,0.06,0.05
6,PE_PB,-0.018399,0.2,0.25,0.45,0.6,0.7,0.8,0.95,0.0,0.6,0.0,0.1,0.03
8,PE_PB,-0.018399,0.2,0.3,0.4,0.6,0.7,0.75,0.95,0.0,0.5,0.0,0.12,0.04
8,PE_FED,-0.0184,0.2,0.3,0.4,0.55,0.75,0.8,0.9,0.5,0.0,0.0,0.06,0.03
8,PE_PB_FED,-0.018403,0.15,0.25,0.3,0.6,0.65,0.85,0.9,-0.5,0.5,0.7,0.08,0.04
6,PE_PB,-0.018404,0.15,0.25,0.3,0.55,0.7,0.8,0.95,0.0,0.6,0.0,0.12,0.04
6,PE_PB,-0.018405,0.2,0.25,0.35,0.65,0.75,0.8,0.95,0.0,0.55,0.0,0.12,0.04
8,PE_PB,-0.018406,0.1,0.15,0.4,0.55,0.7,0.85,0.9,0.0,0.55,0.0,0.06,0.04
6,PE_PB_FED,-0.018407,0.05,0.25,0.35,0.55,0.7,0.8,0.95,0.0,0.6,0.8,0.06,0.04
6,PE_PB_FED,-0.01841,0.05,0.25,0.4,0.7,0.7,0.85,0.9,-0.5,0.65,0.75,0.08,0.03
6,PE_PB,-0.018416,0.05,0.25,0.4,0.55,0.7,0.75,0.95,0.0,0.6,0.0,0.08,0.05
8,PE_PB,-0.018416,0.05,0.25,0.45,0.65,0.75,0.8,0.9,0.0,0.5,0.0,0.12,0.03
8,PE_FED,-0.018416,0.05,0.2,0.4,0.65,0.75,0.8,0.95,1.0,0.0,0.0,0.1,0.04
8,PE_PB_FED,-0.018416,0.1,0.2,0.35,0.5,0.75,0.85,0.95,0.5,0.55,0.8,0.06,0.05
8,PE_PB,-0.018421,0.1,0.2,0.3,0.55,0.75,0.8,0.85,0.0,0.6,0.0,0.1,0.03
8,PB_FED,-0.018422,0.1,0.2,0.35,0.5,0.7,0.8,0.85,1.0,0.0,0.0,0.1,0.03
8,PE_FED,-0.018423,0.15,0.25,0.35,0.7,0.65,0.75,0.95,1.0,0.0,0.0,0.06,0.04
8,PE_only,-0.018425,0.05,0.25,0.4,0.5,0.7,0.85,0.9,0.0,0.0,0.0,0.06,0.05
6,PE_only,-0.018426,0.1,0.25,0.3,0.55,0.7,0.8,0.9,0.0,0.0,0.0,0.06,0.05
6,PB_FED,-0.018427,0.05,0.15,0.35,0.7,0.75,0.85,0.9,0.5,0.0,0.0,0.08,0.05
6,PE_PB,-0.018432,0.1,0.15,0.4,0.6,0.65,0.85,0.9,0.0,0.65,0.0,0.12,0.04
6,PE_FED,-0.018432,0.05,0.3,0.45,0.6,0.75,0.8,0.9,0.0,0.0,0.0,0.12,0.04
6,PE_PB,-0.018433,0.05,0.2,0.3,0.5,0.65,0.8,0.95,0.0,0.65,0.0,0.06,0.05
8,PE_only,-0.018433,0.15,0.25,0.4,0.5,0.75,0.85,0.9,0.0,0.0,0.0,0.06,0.05
6,PE_only,-0.018435,0.1,0.25,0.35,0.5,0.75,0.85,0.95,0.0,0.0,0.0,0.1,0.05
6,PE_only,-0.018435,0.1,0.25,0.35,0.5,0.75,0.85,0.95,0.0,0.0,0.0,0.06,0.05
8,PE_PB,-0.018436,0.15,0.3,0.45,0.55,0.7,0.8,0.95,0.0,0.5,0.0,0.08,0.03
6,PE_only,-0.018439,0.15,0.3,0.45,0.6,0.65,0.75,0.85,0.0,0.0,0.0,0.08,0.04
8,PB_FED,-0.018439,0.15,0.25,0.45,0.55,0.65,0.8,0.85,1.0,0.0,0.0,0.08,0.03
6,PE_only,-0.01844,0.2,0.25,0.3,0.55,0.7,0.8,0.9,0.0,0.0,0.0,0.08,0.04
8,PE_only,-0.018441,0.1,0.3,0.4,0.5,0.65,0.75,0.85,0.0,0.0,0.0,0.08,0.04
8,PE_PB,-0.018441,0.05,0.15,0.35,0.55,0.7,0.8,0.85,0.0,0.55,0.0,0.1,0.05
8,PE_PB_FED,-0.018441,0.15,0.2,0.45,0.7,0.65,0.75,0.95,1.0,0.55,0.75,0.06,0.03
6,PE_only,-0.018442,0.05,0.3,0.35,0.5,0.75,0.8,0.95,0.0,0.0,0.0,0.12,0.04
6,PE_PB,-0.018442,0.05,0.15,0.3,0.7,0.65,0.75,0.9,0.0,0.5,0.0,0.1,0.04
6,PE_PB,-0.018442,0.05,0.15,0.3,0.7,0.65,0.75,0.9,0.0,0.5,0.0,0.08,0.04
6,PE_only,-0.018443,0.05,0.15,0.45,0.5,0.65,0.8,0.9,0.0,0.0,0.0,0.1,0.03
8,PE_PB_FED,-0.018443,0.1,0.3,0.45,0.55,0.7,0.8,0.85,0.0,0.55,0.75,0.06,0.03
8,PE_only,-0.018445,0.2,0.25,0.4,0.5,0.65,0.85,0.9,0.0,0.0,0.0,0.12,0.04
8,PE_PB_FED,-0.018446,0.2,0.25,0.45,0.5,0.65,0.8,0.95,0.5,0.55,0.7,0.1,0.03
8,PE_PB_FED,-0.018448,0.1,0.3,0.45,0.7,0.75,0.85,0.9,-0.5,0.5,0.7,0.1,0.04
8,PE_PB,-0.018449,0.15,0.3,0.35,0.7,0.7,0.85,0.9,0.0,0.55,0.0,0.06,0.04
6,PE_PB,-0.01845,0.05,0.15,0.3,0.55,0.65,0.75,0.9,0.0,0.6,0.0,0.08,0.05
8,PE_PB,-0.018453,0.05,0.2,0.4,0.6,0.75,0.85,0.9,0.0,0.55,0.0,0.12,0.03
8,PE_PB,-0.018454,0.05,0.2,0.45,0.65,0.7,0.8,0.9,0.0,0.5,0.0,0.06,0.05
6,PE_FED,-0.018455,0.05,0.2,0.45,0.55,0.7,0.8,0.9,-0.5,0.0,0.0,0.06,0.05
8,PE_FED,-0.018459,0.05,0.25,0.3,0.6,0.65,0.85,0.9,0.5,0.0,0.0,0.12,0.03
6,PE_only,-0.01846,0.05,0.25,0.3,0.55,0.7,0.8,0.9,0.0,0.0,0.0,0.1,0.05
8,PE_PB,-0.018462,0.15,0.2,0.3,0.55,0.7,0.75,0.85,0.0,0.55,0.0,0.06,0.03
6,PE_PB,-0.018463,0.2,0.25,0.35,0.65,0.7,0.85,0.9,0.0,0.65,0.0,0.1,0.03
8,PE_PB,-0.018463,0.05,0.3,0.45,0.55,0.7,0.8,0.95,0.0,0.5,0.0,0.08,0.03
8,PE_FED,-0.018464,0.15,0.25,0.45,0.55,0.7,0.75,0.95,1.0,0.0,0.0,0.1,0.03
6,PE_PB,-0.018465,0.1,0.3,0.35,0.7,0.75,0.8,0.85,0.0,0.65,0.0,0.12,0.05
6,PE_PB,-0.018465,0.05,0.3,0.4,0.7,0.65,0.85,0.95,0.0,0.6,0.0,0.08,0.03
6,PE_PB_FED,-0.018465,0.05,0.25,0.35,0.7,0.7,0.75,0.95,-0.5,0.5,0.8,0.08,0.04
8,PE_PB,-0.018466,0.2,0.25,0.3,0.7,0.65,0.75,0.85,0.0,0.55,0.0,0.08,0.05
8,PE_PB,-0.018468,0.15,0.2,0.3,0.5,0.75,0.8,0.9,0.0,0.6,0.0,0.1,0.04
6,PE_only,-0.01847,0.2,0.25,0.45,0.5,0.65,0.8,0.95,0.0,0.0,0.0,0.08,0.04
8,PB_FED,-0.01847,0.15,0.25,0.45,0.5,0.75,0.8,0.9,1.0,0.0,0.0,0.12,0.03
6,PE_PB_FED,-0.018471,0.15,0.2,0.35,0.6,0.65,0.85,0.95,-0.5,0.55,0.75,0.1,0.03
6,PE_PB,-0.018474,0.1,0.15,0.35,0.65,0.75,0.85,0.9,0.0,0.6,0.0,0.08,0.03
8,PB_FED,-0.018474,0.2,0.25,0.3,0.55,0.65,0.85,0.95,1.0,0.0,0.0,0.12,0.03
8,PE_PB,-0.018478,0.2,0.3,0.35,0.55,0.75,0.8,0.95,0.0,0.55,0.0,0.06,0.05
6,PB_FED,-0.018483,0.1,0.25,0.45,0.65,0.7,0.8,0.85,0.5,0.0,0.0,0.1,0.04
8,PE_PB,-0.018484,0.15,0.25,0.35,0.6,0.65,0.75,0.85,0.0,0.55,0.0,0.06,0.03
6,PE_PB_FED,-0.018485,0.05,0.25,0.3,0.55,0.75,0.85,0.95,0.0,0.65,0.7,0.1,0.03
8,PE_only,-0.018485,0.2,0.25,0.3,0.5,0.65,0.85,0.9,0.0,0.0,0.0,0.12,0.03
8,PB_FED,-0.01849,0.2,0.25,0.4,0.7,0.65,0.85,0.9,1.0,0.0,0.0,0.08,0.04
6,PE_PB,-0.018492,0.05,0.15,0.35,0.6,0.7,0.8,0.9,0.0,0.55,0.0,0.06,0.04
6,PE_only,-0.018493,0.2,0.3,0.4,0.55,0.7,0.85,0.95,0.0,0.0,0.0,0.1,0.05
8,PE_FED,-0.018496,0.2,0.3,0.35,0.65,0.7,0.8,0.9,0.5,0.0,0.0,0.1,0.05
6,PB_FED,-0.018497,0.05,0.15,0.3,0.5,0.75,0.8,0.85,0.5,0.0,0.0,0.1,0.03
6,PE_PB_FED,-0.018498,0.05,0.2,0.35,0.55,0.7,0.75,0.9,-0.5,0.65,0.8,0.1,0.04
8,PB_FED,-0.0185,0.05,0.25,0.45,0.55,0.7,0.8,0.95,1.0,0.0,0.0,0.12,0.05
6,PB_FED,-0.018505,0.05,0.2,0.35,0.6,0.65,0.8,0.85,0.5,0.0,0.0,0.1,0.03
8,PE_FED,-0.018508,0.1,0.2,0.4,0.65,0.75,0.8,0.95,1.0,0.0,0.0,0.06,0.04
6,PE_FED,-0.01851,0.05,0.3,0.4,0.5,0.75,0.8,0.95,0.0,0.0,0.0,0.08,0.05
6,PE_PB_FED,-0.018511,0.1,0.25,0.35,0.7,0.7,0.75,0.9,0.0,0.6,0.8,0.08,0.05
6,PE_only,-0.018512,0.05,0.3,0.4,0.55,0.7,0.75,0.9,0.0,0.0,0.0,0.1,0.04
6,PB_FED,-0.018512,0.05,0.25,0.45,0.55,0.7,0.75,0.9,0.5,0.0,0.0,0.06,0.03
8,PE_FED,-0.018512,0.2,0.25,0.4,0.6,0.7,0.75,0.85,0.5,0.0,0.0,0.08,0.05
6,PE_PB,-0.018515,0.15,0.2,0.45,0.6,0.65,0.8,0.9,0.0,0.65,0.0,0.06,0.04
6,PE_only,-0.018517,0.15,0.2,0.3,0.5,0.7,0.8,0.9,0.0,0.0,0.0,0.1,0.04
6,PE_only,-0.018518,0.05,0.3,0.35,0.6,0.7,0.75,0.85,0.0,0.0,0.0,0.1,0.05
6,PE_only,-0.018518,0.2,0.25,0.35,0.55,0.75,0.8,0.9,0.0,0.0,0.0,0.08,0.03
8,PE_FED,-0.01852,0.1,0.15,0.35,0.65,0.65,0.85,0.95,1.0,0.0,0.0,0.08,0.03
6,PE_PB_FED,-0.018521,0.15,0.2,0.35,0.65,0.75,0.8,0.85,0.0,0.65,0.75,0.1,0.05
8,PE_FED,-0.018521,0.05,0.25,0.35,0.65,0.7,0.8,0.95,1.0,0.0,0.0,0.12,0.03
8,PE_PB,-0.018522,0.1,0.25,0.4,0.6,0.7,0.8,0.85,0.0,0.6,0.0,0.08,0.03
6,PE_only,-0.018523,0.2,0.25,0.4,0.55,0.7,0.75,0.9,0.0,0.0,0.0,0.06,0.05
6,PE_PB,-0.018523,0.05,0.25,0.3,0.65,0.7,0.8,0.9,0.0,0.6,0.0,0.06,0.03
6,PB_FED,-0.018523,0.2,0.25,0.45,0.6,0.65,0.75,0.95,0.5,0.0,0.0,0.1,0.03
8,PE_PB,-0.018523,0.1,0.3,0.45,0.7,0.7,0.75,0.9,0.0,0.5,0.0,0.06,0.04
6,PE_PB,-0.018525,0.05,0.25,0.4,0.65,0.7,0.8,0.85,0.0,0.65,0.0,0.12,0.05
6,PE_PB,-0.018525,0.05,0.15,0.35,0.7,0.75,0.85,0.95,0.0,0.5,0.0,0.12,0.05
8,PB_FED,-0.018525,0.15,0.3,0.35,0.6,0.7,0.8,0.9,1.0,0.0,0.0,0.12,0.05
8,PB_FED,-0.018525,0.15,0.3,0.35,0.6,0.65,0.8,0.9,1.0,0.0,0.0,0.06,0.05
8,PE_PB_FED,-0.018541,0.2,0.3,0.35,0.5,0.65,0.8,0.9,-0.5,0.65,0.8,0.12,0.03
8,PE_FED,-0.018542,0.05,0.2,0.3,0.5,0.65,0.85,0.9,0.5,0.0,0.0,0.1,0.04
6,PE_FED,-0.018544,0.05,0.25,0.45,0.55,0.7,0.75,0.9,-0.5,0.0,0.0,0.08,0.05
8,PE_PB,-0.018544,0.05,0.3,0.35,0.6,0.75,0.85,0.9,0.0,0.65,0.0,0.1,0.05
6,PE_PB_FED,-0.018546,0.1,0.15,0.4,0.6,0.65,0.75,0.9,-0.5,0.55,0.75,0.12,0.03
6,PE_only,-0.018547,0.05,0.2,0.35,0.55,0.75,0.85,0.9,0.0,0.0,0.0,0.1,0.04
6,PE_PB_FED,-0.018548,0.05,0.2,0.3,0.5,0.75,0.8,0.95,-0.5,0.6,0.7,0.06,0.03
6,PE_PB_FED,-0.018548,0.1,0.2,0.45,0.6,0.75,0.8,0.95,0.0,0.5,0.7,0.1,0.04
6,PE_only,-0.01855,0.05,0.15,0.45,0.5,0.7,0.8,0.9,0.0,0.0,0.0,0.12,0.04
8,PE_FED,-0.01855,0.2,0.25,0.4,0.65,0.7,0.85,0.9,0.5,0.0,0.0,0.06,0.04
6,PE_only,-0.018554,0.1,0.3,0.4,0.6,0.7,0.75,0.85,0.0,0.0,0.0,0.08,0.03
8,PB_FED,-0.018555,0.1,0.15,0.45,0.5,0.75,0.85,0.95,1.0,0.0,0.0,0.1,0.05
6,PE_PB,-0.018556,0.1,0.25,0.3,0.5,0.7,0.75,0.95,0.0,0.65,0.0,0.06,0.03
8,PE_PB,-0.018556,0.05,0.15,0.45,0.55,0.65,0.8,0.85,0.0,0.55,0.0,0.1,0.03
8,PE_PB,-0.018558,0.15,0.25,0.4,0.55,0.75,0.8,0.85,0.0,0.65,0.0,0.1,0.03
8,PE_PB,-0.018558,0.1,0.15,0.3,0.6,0.75,0.85,0.9,0.0,0.5,0.0,0.12,0.04
8,PE_PB_FED,-0.018559,0.05,0.2,0.3,0.5,0.75,0.8,0.85,-0.5,0.6,0.8,0.12,0.05
6,PE_only,-0.018561,0.05,0.2,0.45,0.5,0.7,0.75,0.9,0.0,0.0,0.0,0.08,0.04
6,PE_PB_FED,-0.018566,0.15,0.2,0.4,0.55,0.7,0.85,0.95,0.0,0.55,0.8,0.12,0.03
6,PE_FED,-0.018569,0.1,0.15,0.45,0.55,0.65,0.8,0.85,0.0,0.0,0.0,0.06,0.04
6,PB_FED,-0.01857,0.1,0.25,0.45,0.6,0.75,0.8,0.95,0.5,0.0,0.0,0.08,0.03
6,PE_only,-0.018572,0.05,0.15,0.45,0.55,0.65,0.8,0.85,0.0,0.0,0.0,0.08,0.04
6,PE_PB,-0.018573,0.15,0.2,0.3,0.5,0.7,0.8,0.95,0.0,0.6,0.0,0.12,0.03
6,PE_PB,-0.018573,0.15,0.2,0.3,0.5,0.75,0.8,0.95,0.0,0.6,0.0,0.12,0.03
8,PE_PB,-0.018573,0.15,0.2,0.4,0.55,0.65,0.8,0.9,0.0,0.5,0.0,0.12,0.03
8,PE_only,-0.018578,0.1,0.25,0.45,0.5,0.65,0.8,0.85,0.0,0.0,0.0,0.1,0.03
6,PE_FED,-0.01858,0.15,0.25,0.45,0.5,0.7,0.85,0.95,0.0,0.0,0.0,0.1,0.05
8,PE_PB_FED,-0.018583,0.05,0.2,0.4,0.5,0.65,0.75,0.95,1.0,0.6,0.75,0.08,0.03
6,PE_PB_FED,-0.018584,0.05,0.2,0.3,0.55,0.65,0.75,0.95,-0.5,0.5,0.7,0.06,0.03
6,PE_FED,-0.018585,0.1,0.2,0.35,0.55,0.65,0.85,0.9,-0.5,0.0,0.0,0.06,0.03
6,PE_PB,-0.018589,0.15,0.25,0.35,0.6,0.75,0.8,0.9,0.0,0.65,0.0,0.08,0.03
6,PE_PB_FED,-0.018596,0.15,0.25,0.35,0.6,0.7,0.75,0.9,0.0,0.65,0.8,0.08,0.05
6,PE_PB_FED,-0.018596,0.05,0.2,0.45,0.65,0.7,0.75,0.9,-0.5,0.6,0.7,0.12,0.05
8,PE_PB,-0.018596,0.15,0.2,0.35,0.55,0.75,0.85,0.9,0.0,0.6,0.0,0.06,0.03
8,PE_PB_FED,-0.018596,0.2,0.3,0.4,0.7,0.65,0.8,0.9,0.5,0.65,0.75,0.1,0.04
6,PE_PB,-0.018599,0.1,0.2,0.3,0.55,0.7,0.85,0.95,0.0,0.6,0.0,0.06,0.03
6,PB_FED,-0.0186,0.05,0.25,0.4,0.65,0.7,0.8,0.95,0.5,0.0,0.0,0.08,0.03
8,PB_FED,-0.018601,0.05,0.3,0.4,0.6,0.75,0.8,0.9,1.0,0.0,0.0,0.08,0.03
6,PE_FED,-0.018602,0.15,0.25,0.45,0.55,0.75,0.8,0.9,-0.5,0.0,0.0,0.12,0.04
8,PE_PB_FED,-0.018604,0.15,0.2,0.35,0.7,0.75,0.8,0.9,0.5,0.5,0.8,0.06,0.05
6,PE_PB,-0.018605,0.15,0.2,0.4,0.7,0.7,0.8,0.95,0.0,0.5,0.0,0.08,0.05
8,PE_PB_FED,-0.018606,0.15,0.3,0.4,0.65,0.7,0.8,0.95,0.5,0.5,0.7,0.08,0.05
8,PB_FED,-0.018607,0.15,0.3,0.45,0.6,0.7,0.85,0.95,1.0,0.0,0.0,0.08,0.03
6,PE_PB_FED,-0.018608,0.1,0.3,0.45,0.65,0.65,0.75,0.95,0.0,0.55,0.7,0.12,0.03
8,PE_PB,-0.018613,0.05,0.25,0.4,0.5,0.75,0.8,0.9,0.0,0.65,0.0,0.06,0.03
6,PE_only,-0.018614,0.1,0.25,0.45,0.6,0.75,0.85,0.9,0.0,0.0,0.0,0.06,0.05
6,PE_PB,-0.018616,0.15,0.2,0.45,0.65,0.7,0.85,0.95,0.0,0.55,0.0,0.12,0.04
8,PB_FED,-0.018619,0.15,0.3,0.4,0.65,0.75,0.85,0.95,1.0,0.0,0.0,0.08,0.04
8,PB_FED,-0.01862,0.05,0.3,0.35,0.65,0.7,0.8,0.9,1.0,0.0,0.0,0.06,0.04
6,PE_PB_FED,-0.018621,0.2,0.25,0.3,0.6,0.65,0.8,0.95,0.0,0.55,0.8,0.1,0.04
8,PE_PB_FED,-0.018623,0.05,0.2,0.45,0.5,0.7,0.85,0.9,0.0,0.5,0.75,0.08,0.03
8,PE_PB_FED,-0.018625,0.15,0.3,0.45,0.65,0.75,0.85,0.95,0.5,0.6,0.7,0.12,0.05
6,PE_PB_FED,-0.018628,0.1,0.3,0.45,0.6,0.65,0.75,0.95,0.0,0.6,0.75,0.12,0.05
6,PE_only,-0.01863,0.15,0.2,0.35,0.5,0.75,0.8,0.9,0.0,0.0,0.0,0.06,0.03
6,PE_FED,-0.01863,0.2,0.25,0.35,0.6,0.7,0.8,0.85,0.0,0.0,0.0,0.06,0.03
8,PE_PB,-0.01863,0.15,0.25,0.3,0.55,0.7,0.75,0.85,0.0,0.6,0.0,0.1,0.04
6,PE_FED,-0.018633,0.15,0.3,0.4,0.6,0.7,0.75,0.85,0.0,0.0,0.0,0.06,0.05
8,PE_FED,-0.018633,0.1,0.2,0.45,0.65,0.7,0.8,0.95,1.0,0.0,0.0,0.12,0.04
6,PE_only,-0.018642,0.1,0.2,0.4,0.55,0.65,0.75,0.85,0.0,0.0,0.0,0.12,0.05
6,PE_FED,-0.018644,0.2,0.25,0.35,0.6,0.75,0.8,0.85,0.0,0.0,0.0,0.1,0.03
8,PE_PB_FED,-0.018649,0.1,0.15,0.3,0.5,0.7,0.75,0.85,0.5,0.55,0.7,0.1,0.03
6,PE_only,-0.018652,0.15,0.3,0.45,0.6,0.65,0.75,0.85,0.0,0.0,0.0,0.06,0.03
8,PE_PB_FED,-0.018658,0.05,0.3,0.45,0.65,0.65,0.75,0.9,0.5,0.6,0.8,0.06,0.03
6,PE_PB_FED,-0.01866,0.15,0.2,0.3,0.55,0.7,0.85,0.95,-0.5,0.6,0.75,0.1,0.05
6,PE_FED,-0.018662,0.05,0.3,0.35,0.6,0.65,0.75,0.85,-0.5,0.0,0.0,0.12,0.04
8,PE_PB_FED,-0.018662,0.05,0.25,0.35,0.55,0.7,0.8,0.9,0.5,0.6,0.8,0.06,0.04
6,PE_PB_FED,-0.018664,0.15,0.3,0.4,0.6,0.65,0.75,0.95,0.0,0.55,0.7,0.08,0.03
8,PE_PB_FED,-0.018669,0.05,0.2,0.3,0.6,0.7,0.8,0.95,1.0,0.6,0.7,0.12,0.03
6,PE_PB,-0.01867,0.05,0.15,0.3,0.6,0.65,0.75,0.85,0.0,0.6,0.0,0.06,0.03
6,PE_FED,-0.018671,0.05,0.3,0.4,0.65,0.7,0.8,0.85,0.0,0.0,0.0,0.08,0.05
8,PE_FED,-0.018671,0.1,0.2,0.45,0.55,0.7,0.85,0.9,0.5,0.0,0.0,0.12,0.05
6,PE_PB_FED,-0.018674,0.05,0.25,0.35,0.7,0.75,0.85,0.9,-0.5,0.65,0.8,0.08,0.05
8,PE_FED,-0.018679,0.15,0.25,0.4,0.55,0.75,0.8,0.85,0.5,0.0,0.0,0.1,0.03
6,PE_only,-0.01868,0.05,0.2,0.35,0.5,0.75,0.8,0.9,0.0,0.0,0.0,0.06,0.03
8,PE_PB_FED,-0.018681,0.1,0.3,0.4,0.6,0.7,0.8,0.9,0.5,0.65,0.8,0.08,0.04
6,PE_PB,-0.018683,0.1,0.25,0.45,0.6,0.7,0.75,0.9,0.0,0.65,0.0,0.1,0.03
6,PE_only,-0.018686,0.15,0.25,0.4,0.55,0.7,0.8,0.9,0.0,0.0,0.0,0.12,0.05
6,PE_PB,-0.018686,0.05,0.15,0.3,0.65,0.7,0.75,0.85,0.0,0.55,0.0,0.06,0.03
8,PE_PB,-0.018688,0.15,0.2,0.4,0.55,0.75,0.8,0.85,0.0,0.6,0.0,0.1,0.04
6,PE_only,-0.018691,0.05,0.25,0.45,0.6,0.75,0.85,0.9,0.0,0.0,0.0,0.06,0.05
6,PB_FED,-0.018694,0.15,0.25,0.3,0.7,0.7,0.85,0.95,0.5,0.0,0.0,0.06,0.03
8,PE_FED,-0.018694,0.1,0.15,0.35,0.65,0.7,0.75,0.9,1.0,0.0,0.0,0.06,0.03
8,PE_PB_FED,-0.018696,0.05,0.3,0.4,0.7,0.7,0.75,0.9,0.5,0.55,0.7,0.06,0.03
8,PB_FED,-0.018696,0.05,0.15,0.45,0.5,0.7,0.8,0.85,1.0,0.0,0.0,0.06,0.04
8,PE_PB_FED,-0.018698,0.1,0.25,0.3,0.5,0.65,0.75,0.9,0.5,0.6,0.7,0.06,0.05
8,PE_PB,-0.018701,0.2,0.3,0.45,0.65,0.7,0.75,0.9,0.0,0.55,0.0,0.1,0.03
8,PE_PB,-0.018702,0.2,0.25,0.45,0.65,0.75,0.85,0.9,0.0,0.6,0.0,0.08,0.03
6,PE_PB,-0.018703,0.05,0.15,0.35,0.5,0.75,0.8,0.95,0.0,0.55,0.0,0.06,0.04
8,PE_PB,-0.018707,0.15,0.2,0.3,0.6,0.7,0.8,0.9,0.0,0.5,0.0,0.08,0.05
6,PE_PB_FED,-0.018709,0.1,0.2,0.45,0.65,0.65,0.85,0.95,-0.5,0.55,0.7,0.06,0.05
8,PE_FED,-0.01871,0.15,0.2,0.35,0.5,0.65,0.8,0.85,0.5,0.0,0.0,0.1,0.03
8,PE_PB_FED,-0.018711,0.05,0.25,0.45,0.65,0.75,0.8,0.85,-0.5,0.5,0.75,0.12,0.04
6,PE_PB,-0.018713,0.15,0.2,0.35,0.5,0.65,0.8,0.95,0.0,0.65,0.0,0.06,0.05
8,PE_PB,-0.018715,0.05,0.25,0.4,0.5,0.65,0.85,0.95,0.0,0.6,0.0,0.12,0.04
8,PE_PB,-0.01872,0.05,0.2,0.4,0.6,0.7,0.8,0.9,0.0,0.5,0.0,0.06,0.05
6,PE_PB,-0.018723,0.05,0.25,0.35,0.65,0.7,0.8,0.9,0.0,0.6,0.0,0.06,0.03
8,PE_PB,-0.018725,0.1,0.25,0.3,0.65,0.7,0.85,0.9,0.0,0.55,0.0,0.06,0.03
8,PE_PB,-0.018725,0.1,0.25,0.3,0.65,0.75,0.85,0.9,0.0,0.55,0.0,0.06,0.03
6,PB_FED,-0.018728,0.15,0.25,0.35,0.55,0.65,0.75,0.85,0.5,0.0,0.0,0.12,0.03
6,PB_FED,-0.018729,0.1,0.15,0.45,0.6,0.7,0.85,0.9,0.5,0.0,0.0,0.12,0.04
6,PE_PB,-0.018731,0.05,0.25,0.45,0.65,0.65,0.75,0.9,0.0,0.6,0.0,0.06,0.03
6,PE_PB,-0.018732,0.1,0.15,0.35,0.7,0.75,0.85,0.95,0.0,0.5,0.0,0.06,0.04
8,PE_PB,-0.018733,0.15,0.25,0.3,0.6,0.7,0.75,0.9,0.0,0.5,0.0,0.1,0.05
8,PE_PB,-0.018733,0.05,0.2,0.35,0.5,0.65,0.75,0.85,0.0,0.65,0.0,0.06,0.05
6,PE_PB,-0.018738,0.1,0.25,0.45,0.65,0.65,0.85,0.9,0.0,0.65,0.0,0.12,0.05
8,PE_PB_FED,-0.018738,0.2,0.25,0.45,0.6,0.75,0.8,0.9,0.5,0.65,0.7,0.1,0.04
6,PB_FED,-0.018741,0.05,0.15,0.4,0.5,0.7,0.75,0.9,0.5,0.0,0.0,0.1,0.04
6,PE_PB_FED,-0.018742,0.05,0.25,0.3,0.6,0.7,0.75,0.95,0.0,0.5,0.8,0.06,0.03
6,PE_PB,-0.018743,0.1,0.15,0.3,0.6,0.7,0.8,0.85,0.0,0.65,0.0,0.1,0.05
6,PE_PB,-0.018744,0.05,0.3,0.35,0.6,0.75,0.85,0.95,0.0,0.65,0.0,0.08,0.03
6,PE_PB,-0.018746,0.15,0.2,0.3,0.6,0.65,0.75,0.9,0.0,0.55,0.0,0.12,0.04
8,PE_PB_FED,-0.018747,0.1,0.25,0.3,0.7,0.7,0.75,0.95,1.0,0.65,0.7,0.12,0.04
6,PE_only,-0.018748,0.2,0.3,0.4,0.5,0.75,0.8,0.95,0.0,0.0,0.0,0.08,0.03
8,PE_PB,-0.018748,0.05,0.25,0.35,0.5,0.7,0.8,0.95,0.0,0.5,0.0,0.1,0.05
6,PE_PB,-0.01875,0.1,0.15,0.35,0.7,0.65,0.8,0.85,0.0,0.55,0.0,0.12,0.03
8,PE_PB_FED,-0.018751,0.15,0.25,0.4,0.5,0.7,0.8,0.85,-0.5,0.65,0.75,0.12,0.03
6,PE_PB_FED,-0.018753,0.15,0.2,0.4,0.55,0.75,0.8,0.95,-0.5,0.55,0.8,0.12,0.05
8,PE_PB,-0.018755,0.05,0.3,0.45,0.6,0.75,0.85,0.9,0.0,0.65,0.0,0.08,0.03
8,PE_PB_FED,-0.018762,0.05,0.3,0.35,0.7,0.7,0.8,0.85,-0.5,0.5,0.8,0.08,0.05
8,PE_PB,-0.018765,0.1,0.15,0.35,0.5,0.65,0.75,0.9,0.0,0.5,0.0,0.12,0.05
6,PE_PB,-0.018771,0.1,0.15,0.4,0.7,0.65,0.85,0.9,0.0,0.55,0.0,0.06,0.04
6,PE_PB,-0.018773,0.1,0.2,0.3,0.65,0.65,0.75,0.85,0.0,0.6,0.0,0.1,0.04
6,PE_only,-0.018782,0.15,0.2,0.35,0.55,0.75,0.85,0.9,0.0,0.0,0.0,0.08,0.03
8,PE_FED,-0.018786,0.2,0.3,0.45,0.5,0.75,0.8,0.85,-0.5,0.0,0.0,0.08,0.04
6,PE_only,-0.018789,0.2,0.3,0.45,0.55,0.65,0.85,0.95,0.0,0.0,0.0,0.06,0.03
6,PB_FED,-0.018795,0.05,0.15,0.4,0.65,0.65,0.85,0.95,0.5,0.0,0.0,0.1,0.05
6,PE_PB_FED,-0.018796,0.05,0.25,0.35,0.65,0.65,0.8,0.95,0.0,0.5,0.8,0.08,0.03
6,PE_FED,-0.018799,0.15,0.25,0.4,0.55,0.75,0.8,0.9,-0.5,0.0,0.0,0.06,0.05
8,PB_FED,-0.018801,0.2,0.3,0.4,0.7,0.65,0.8,0.85,1.0,0.0,0.0,0.06,0.04
8,PE_PB_FED,-0.018804,0.15,0.25,0.4,0.5,0.75,0.85,0.9,0.0,0.55,0.7,0.1,0.05
8,PE_PB,-0.018806,0.1,0.25,0.45,0.5,0.65,0.8,0.95,0.0,0.5,0.0,0.12,0.03
6,PE_PB_FED,-0.018807,0.2,0.3,0.35,0.6,0.65,0.85,0.95,0.0,0.65,0.7,0.08,0.03
6,PE_PB,-0.018809,0.05,0.3,0.35,0.6,0.7,0.75,0.95,0.0,0.55,0.0,0.06,0.03
6,PE_only,-0.018812,0.15,0.3,0.45,0.6,0.75,0.85,0.9,0.0,0.0,0.0,0.06,0.04
6,PE_only,-0.018812,0.15,0.3,0.45,0.6,0.75,0.85,0.9,0.0,0.0,0.0,0.12,0.04
8,PE_PB,-0.018815,0.05,0.25,0.45,0.7,0.7,0.75,0.85,0.0,0.5,0.0,0.08,0.04
6,PE_PB,-0.018817,0.05,0.25,0.4,0.65,0.65,0.8,0.9,0.0,0.6,0.0,0.06,0.03
8,PE_PB_FED,-0.018817,0.1,0.25,0.3,0.5,0.75,0.85,0.95,0.5,0.55,0.75,0.06,0.03
6,PB_FED,-0.01882,0.1,0.15,0.3,0.5,0.7,0.8,0.9,0.5,0.0,0.0,0.08,0.04
6,PE_FED,-0.018822,0.1,0.3,0.45,0.65,0.7,0.8,0.85,0.0,0.0,0.0,0.08,0.03
6,PE_only,-0.018823,0.15,0.3,0.4,0.6,0.75,0.8,0.85,0.0,0.0,0.0,0.06,0.04
6,PE_PB,-0.018826,0.05,0.2,0.4,0.6,0.65,0.85,0.95,0.0,0.55,0.0,0.12,0.05
8,PE_FED,-0.018832,0.1,0.15,0.4,0.7,0.65,0.75,0.9,1.0,0.0,0.0,0.06,0.04
6,PE_PB_FED,-0.018833,0.1,0.15,0.4,0.7,0.75,0.8,0.9,-0.5,0.55,0.8,0.1,0.05
8,PE_PB_FED,-0.018836,0.15,0.25,0.3,0.55,0.7,0.75,0.95,1.0,0.65,0.8,0.12,0.03
8,PE_FED,-0.018837,0.1,0.25,0.3,0.55,0.7,0.8,0.85,0.5,0.0,0.0,0.06,0.05
6,PE_PB_FED,-0.01884,0.15,0.2,0.4,0.55,0.7,0.8,0.95,0.0,0.5,0.75,0.12,0.05
8,PE_PB,-0.018842,0.2,0.25,0.3,0.6,0.65,0.85,0.9,0.0,0.6,0.0,0.1,0.04
8,PE_PB,-0.018844,0.1,0.2,0.3,0.6,0.65,0.8,0.85,0.0,0.55,0.0,0.08,0.05
6,PE_PB,-0.018845,0.1,0.25,0.45,0.65,0.7,0.8,0.85,0.0,0.65,0.0,0.08,0.03
8,PE_FED,-0.018845,0.15,0.25,0.35,0.65,0.65,0.75,0.95,1.0,0.0,0.0,0.1,0.05
8,PE_PB,-0.018849,0.1,0.2,0.4,0.55,0.7,0.8,0.85,0.0,0.6,0.0,0.1,0.04
6,PB_FED,-0.01885,0.15,0.2,0.4,0.7,0.75,0.85,0.95,0.5,0.0,0.0,0.08,0.03
6,PE_PB_FED,-0.018853,0.05,0.2,0.45,0.6,0.75,0.8,0.9,0.0,0.65,0.75,0.12,0.05
8,PE_PB_FED,-0.018861,0.15,0.3,0.45,0.5,0.7,0.75,0.95,0.5,0.55,0.8,0.1,0.04
8,PE_only,-0.018862,0.15,0.3,0.35,0.5,0.65,0.85,0.9,0.0,0.0,0.0,0.06,0.04
8,PE_PB,-0.018862,0.15,0.3,0.35,0.65,0.7,0.75,0.9,0.0,0.5,0.0,0.06,0.04
8,PE_FED,-0.018863,0.05,0.25,0.35,0.6,0.7,0.75,0.95,1.0,0.0,0.0,0.12,0.05
6,PE_PB_FED,-0.018864,0.15,0.2,0.3,0.55,0.7,0.8,0.9,0.0,0.65,0.8,0.08,0.05
8,PB_FED,-0.018864,0.15,0.25,0.3,0.55,0.7,0.85,0.9,1.0,0.0,0.0,0.08,0.04
6,PE_PB,-0.018868,0.1,0.3,0.45,0.65,0.7,0.8,0.95,0.0,0.55,0.0,0.06,0.03
8,PB_FED,-0.018868,0.15,0.2,0.35,0.5,0.7,0.85,0.95,1.0,0.0,0.0,0.12,0.04
6,PE_only,-0.018869,0.1,0.2,0.4,0.5,0.65,0.8,0.9,0.0,0.0,0.0,0.08,0.03
6,PE_only,-0.018875,0.15,0.3,0.45,0.5,0.75,0.8,0.95,0.0,0.0,0.0,0.06,0.04
8,PE_only,-0.018875,0.1,0.3,0.35,0.5,0.65,0.75,0.85,0.0,0.0,0.0,0.06,0.05
6,PE_PB,-0.018876,0.05,0.25,0.45,0.7,0.65,0.8,0.9,0.0,0.6,0.0,0.06,0.04
6,PE_PB_FED,-0.018876,0.05,0.25,0.45,0.6,0.7,0.75,0.9,0.0,0.65,0.8,0.1,0.03
8,PE_PB,-0.018876,0.1,0.2,0.3,0.65,0.75,0.85,0.9,0.0,0.5,0.0,0.08,0.04
8,PE_FED,-0.018877,0.1,0.2,0.35,0.6,0.75,0.8,0.95,1.0,0.0,0.0,0.08,0.05
6,PE_only,-0.018881,0.2,0.3,0.45,0.55,0.65,0.85,0.95,0.0,0.0,0.0,0.1,0.04
6,PE_PB_FED,-0.018881,0.05,0.3,0.45,0.65,0.7,0.85,0.95,0.0,0.65,0.75,0.12,0.05
8,PE_PB,-0.018884,0.1,0.25,0.45,0.65,0.7,0.75,0.85,0.0,0.55,0.0,0.1,0.03
6,PE_PB,-0.018886,0.15,0.2,0.3,0.55,0.7,0.85,0.95,0.0,0.6,0.0,0.1,0.04
6,PE_PB,-0.018886,0.1,0.2,0.35,0.7,0.65,0.8,0.85,0.0,0.6,0.0,0.12,0.04
8,PE_PB,-0.018886,0.15,0.25,0.35,0.55,0.7,0.75,0.9,0.0,0.5,0.0,0.1,0.04
8,PE_FED,-0.018889,0.1,0.25,0.45,0.65,0.7,0.75,0.95,1.0,0.0,0.0,0.08,0.05
6,PE_PB,-0.018891,0.05,0.2,0.3,0.65,0.7,0.75,0.85,0.0,0.6,0.0,0.06,0.04
6,PE_PB,-0.018891,0.05,0.2,0.3,0.65,0.7,0.75,0.85,0.0,0.6,0.0,0.1,0.04
6,PE_PB_FED,-0.018892,0.2,0.25,0.35,0.6,0.7,0.8,0.95,0.0,0.55,0.75,0.1,0.05
8,PE_PB,-0.018895,0.2,0.3,0.45,0.55,0.65,0.8,0.95,0.0,0.55,0.0,0.06,0.04
8,PE_FED,-0.018896,0.1,0.25,0.45,0.65,0.7,0.85,0.9,0.5,0.0,0.0,0.1,0.05
6,PE_FED,-0.018897,0.1,0.2,0.45,0.55,0.7,0.8,0.85,0.0,0.0,0.0,0.1,0.04
6,PB_FED,-0.018897,0.1,0.2,0.3,0.55,0.75,0.85,0.95,0.5,0.0,0.0,0.06,0.03
6,PE_PB,-0.0189,0.1,0.15,0.3,0.6,0.65,0.85,0.9,0.0,0.65,0.0,0.12,0.05
6,PE_PB,-0.018901,0.15,0.2,0.4,0.5,0.7,0.75,0.95,0.0,0.6,0.0,0.12,0.04
6,PE_PB,-0.018901,0.2,0.25,0.4,0.7,0.65,0.8,0.9,0.0,0.6,0.0,0.08,0.03
8,PB_FED,-0.018901,0.1,0.25,0.45,0.65,0.65,0.85,0.9,1.0,0.0,0.0,0.08,0.05
8,PE_only,-0.018907,0.1,0.25,0.45,0.5,0.75,0.8,0.85,0.0,0.0,0.0,0.1,0.03
6,PE_FED,-0.018909,0.1,0.25,0.35,0.5,0.7,0.75,0.9,-0.5,0.0,0.0,0.12,0.03
8,PE_PB,-0.018911,0.05,0.25,0.35,0.55,0.65,0.85,0.95,0.0,0.5,0.0,0.08,0.05
6,PB_FED,-0.018915,0.15,0.2,0.45,0.65,0.65,0.85,0.95,0.5,0.0,0.0,0.12,0.03
6,PE_only,-0.01892,0.2,0.3,0.35,0.6,0.75,0.85,0.9,0.0,0.0,0.0,0.1,0.04
6,PE_PB_FED,-0.018923,0.1,0.2,0.4,0.65,0.75,0.85,0.9,0.0,0.6,0.8,0.1,0.04
8,PE_FED,-0.018925,0.05,0.25,0.4,0.55,0.65,0.85,0.9,0.5,0.0,0.0,0.12,0.04
8,PE_FED,-0.018927,0.05,0.25,0.45,0.65,0.65,0.85,0.9,0.5,0.0,0.0,0.1,0.03
6,PE_PB,-0.018928,0.05,0.2,0.45,0.65,0.65,0.75,0.9,0.0,0.55,0.0,0.12,0.04
6,PE_PB_FED,-0.018928,0.15,0.2,0.4,0.6,0.7,0.75,0.85,-0.5,0.65,0.75,0.06,0.04
8,PE_PB_FED,-0.018928,0.1,0.25,0.4,0.65,0.7,0.85,0.9,0.5,0.65,0.75,0.08,0.04
6,PE_PB,-0.018929,0.1,0.2,0.4,0.7,0.7,0.8,0.85,0.0,0.6,0.0,0.12,0.04
6,PB_FED,-0.018929,0.05,0.15,0.45,0.6,0.65,0.8,0.85,0.5,0.0,0.0,0.1,0.05
6,PE_FED,-0.01893,0.2,0.3,0.35,0.6,0.7,0.85,0.9,-0.5,0.0,0.0,0.1,0.04
8,PE_PB,-0.018934,0.2,0.25,0.4,0.55,0.65,0.75,0.85,0.0,0.65,0.0,0.06,0.05
8,PE_FED,-0.018937,0.05,0.25,0.3,0.55,0.75,0.8,0.95,1.0,0.0,0.0,0.1,0.03
8,PE_PB,-0.018941,0.1,0.25,0.35,0.55,0.65,0.8,0.85,0.0,0.65,0.0,0.1,0.05
6,PB_FED,-0.018943,0.05,0.15,0.45,0.55,0.75,0.8,0.85,0.5,0.0,0.0,0.1,0.04
8,PE_PB,-0.018949,0.1,0.25,0.35,0.5,0.75,0.8,0.9,0.0,0.65,0.0,0.12,0.04
8,PE_PB,-0.018953,0.1,0.3,0.4,0.5,0.65,0.8,0.95,0.0,0.55,0.0,0.12,0.03
6,PE_PB_FED,-0.018956,0.05,0.15,0.3,0.7,0.7,0.75,0.85,0.0,0.55,0.8,0.06,0.03
8,PE_PB,-0.018957,0.1,0.3,0.35,0.55,0.65,0.75,0.85,0.0,0.65,0.0,0.1,0.03
8,PE_PB,-0.018965,0.05,0.3,0.35,0.55,0.7,0.8,0.9,0.0,0.6,0.0,0.06,0.03
8,PE_only,-0.018966,0.15,0.3,0.35,0.5,0.75,0.85,0.9,0.0,0.0,0.0,0.1,0.04
6,PE_PB,-0.018969,0.15,0.2,0.35,0.5,0.7,0.75,0.95,0.0,0.55,0.0,0.12,0.03
6,PE_PB,-0.018969,0.15,0.2,0.35,0.5,0.65,0.75,0.95,0.0,0.55,0.0,0.1,0.03
6,PE_only,-0.018973,0.2,0.25,0.3,0.5,0.7,0.85,0.95,0.0,0.0,0.0,0.12,0.04
6,PE_FED,-0.018973,0.2,0.3,0.35,0.6,0.65,0.75,0.85,-0.5,0.0,0.0,0.12,0.05
8,PE_PB,-0.018973,0.2,0.3,0.45,0.55,0.65,0.75,0.9,0.0,0.65,0.0,0.1,0.05
6,PE_PB,-0.018974,0.2,0.25,0.45,0.6,0.75,0.85,0.95,0.0,0.65,0.0,0.08,0.04
6,PE_FED,-0.018978,0.1,0.2,0.35,0.55,0.75,0.8,0.85,-0.5,0.0,0.0,0.12,0.03
6,PE_only,-0.018979,0.05,0.25,0.4,0.5,0.65,0.75,0.9,0.0,0.0,0.0,0.08,0.03
6,PE_FED,-0.018979,0.2,0.3,0.4,0.6,0.7,0.75,0.85,-0.5,0.0,0.0,0.12,0.04
8,PE_PB,-0.01898,0.1,0.25,0.35,0.7,0.75,0.85,0.9,0.0,0.5,0.0,0.08,0.04
8,PE_PB,-0.01898,0.1,0.15,0.45,0.5,0.65,0.75,0.85,0.0,0.6,0.0,0.08,0.03
6,PB_FED,-0.018983,0.1,0.25,0.45,0.7,0.7,0.8,0.9,0.5,0.0,0.0,0.06,0.04
8,PB_FED,-0.018983,0.1,0.3,0.45,0.6,0.7,0.8,0.9,1.0,0.0,0.0,0.08,0.04
6,PE_only,-0.018984,0.15,0.3,0.4,0.6,0.7,0.8,0.85,0.0,0.0,0.0,0.1,0.05
6,PE_PB,-0.018989,0.1,0.25,0.35,0.6,0.7,0.85,0.95,0.0,0.6,0.0,0.06,0.04
8,PE_PB_FED,-0.018989,0.05,0.15,0.4,0.5,0.7,0.8,0.85,-0.5,0.5,0.75,0.12,0.04
8,PE_FED,-0.018991,0.05,0.25,0.4,0.6,0.75,0.85,0.9,0.5,0.0,0.0,0.1,0.03
6,PB_FED,-0.018992,0.15,0.2,0.45,0.6,0.7,0.8,0.95,0.5,0.0,0.0,0.12,0.05
8,PE_PB,-0.018998,0.1,0.2,0.45,0.6,0.65,0.8,0.85,0.0,0.55,0.0,0.1,0.03
6,PE_PB,-0.019,0.15,0.25,0.3,0.55,0.7,0.85,0.95,0.0,0.65,0.0,0.08,0.04
8,PE_PB,-0.019001,0.15,0.25,0.45,0.65,0.75,0.8,0.9,0.0,0.5,0.0,0.06,0.04
8,PE_FED,-0.019001,0.05,0.15,0.35,0.55,0.7,0.75,0.9,1.0,0.0,0.0,0.12,0.03
8,PE_PB,-0.019006,0.1,0.15,0.35,0.5,0.75,0.85,0.9,0.0,0.65,0.0,0.06,0.05
6,PB_FED,-0.019014,0.05,0.25,0.35,0.65,0.7,0.85,0.95,0.5,0.0,0.0,0.12,0.03
6,PE_PB_FED,-0.019015,0.05,0.15,0.45,0.55,0.75,0.85,0.95,0.0,0.55,0.7,0.1,0.03
6,PE_PB_FED,-0.019015,0.2,0.25,0.35,0.55,0.65,0.75,0.95,0.0,0.55,0.75,0.12,0.05
8,PE_PB_FED,-0.019015,0.1,0.2,0.45,0.55,0.7,0.75,0.95,1.0,0.65,0.7,0.1,0.05
6,PE_only,-0.019017,0.05,0.2,0.3,0.55,0.7,0.8,0.85,0.0,0.0,0.0,0.1,0.05
6,PE_only,-0.019018,0.15,0.3,0.35,0.55,0.75,0.8,0.9,0.0,0.0,0.0,0.08,0.04
8,PE_PB,-0.01902,0.2,0.3,0.45,0.6,0.7,0.85,0.9,0.0,0.65,0.0,0.06,0.04
6,PE_PB_FED,-0.019024,0.1,0.15,0.35,0.7,0.7,0.75,0.9,0.0,0.5,0.8,0.06,0.05
6,PE_FED,-0.019026,0.05,0.25,0.45,0.5,0.7,0.85,0.95,0.0,0.0,0.0,0.12,0.05
6,PE_PB_FED,-0.019032,0.05,0.2,0.35,0.6,0.7,0.75,0.85,-0.5,0.65,0.7,0.08,0.04
6,PE_PB_FED,-0.019032,0.15,0.2,0.3,0.65,0.65,0.85,0.9,0.0,0.6,0.75,0.06,0.03
6,PE_FED,-0.019038,0.1,0.25,0.45,0.5,0.75,0.85,0.95,-0.5,0.0,0.0,0.06,0.03
6,PE_only,-0.01904,0.05,0.3,0.35,0.6,0.7,0.8,0.85,0.0,0.0,0.0,0.08,0.04
6,PE_PB,-0.01904,0.1,0.2,0.45,0.65,0.7,0.75,0.95,0.0,0.5,0.0,0.08,0.04
6,PE_PB_FED,-0.01904,0.15,0.2,0.35,0.6,0.65,0.85,0.9,-0.5,0.65,0.7,0.08,0.04
8,PE_FED,-0.01904,0.05,0.3,0.35,0.65,0.7,0.75,0.85,0.5,0.0,0.0,0.12,0.05
6,PE_PB,-0.019046,0.05,0.15,0.4,0.5,0.65,0.75,0.9,0.0,0.65,0.0,0.06,0.03
6,PB_FED,-0.019049,0.2,0.25,0.3,0.65,0.7,0.8,0.95,0.5,0.0,0.0,0.08,0.04
8,PE_FED,-0.019051,0.1,0.3,0.4,0.5,0.75,0.8,0.9,0.5,0.0,0.0,0.06,0.03
6,PB_FED,-0.019052,0.1,0.15,0.4,0.55,0.65,0.8,0.85,0.5,0.0,0.0,0.08,0.03
6,PB_FED,-0.019054,0.15,0.2,0.3,0.5,0.65,0.75,0.85,0.5,0.0,0.0,0.12,0.04
8,PE_PB_FED,-0.019056,0.05,0.15,0.45,0.55,0.7,0.8,0.95,1.0,0.55,0.8,0.06,0.05
6,PB_FED,-0.019059,0.15,0.2,0.35,0.65,0.75,0.85,0.95,0.5,0.0,0.0,0.08,0.04
8,PE_PB,-0.019059,0.1,0.3,0.45,0.65,0.65,0.75,0.85,0.0,0.6,0.0,0.08,0.05
6,PE_PB_FED,-0.01906,0.1,0.25,0.4,0.6,0.65,0.75,0.9,0.0,0.6,0.75,0.12,0.04
6,PB_FED,-0.01906,0.15,0.25,0.3,0.65,0.7,0.8,0.85,0.5,0.0,0.0,0.12,0.05
6,PE_FED,-0.019061,0.05,0.2,0.35,0.5,0.65,0.75,0.85,0.0,0.0,0.0,0.1,0.04
6,PE_PB_FED,-0.019062,0.1,0.15,0.35,0.6,0.75,0.85,0.9,-0.5,0.65,0.7,0.06,0.05
6,PE_only,-0.019064,0.1,0.3,0.35,0.55,0.75,0.8,0.9,0.0,0.0,0.0,0.12,0.03
6,PE_PB,-0.019069,0.15,0.3,0.35,0.7,0.75,0.85,0.95,0.0,0.55,0.0,0.12,0.04
6,PB_FED,-0.01907,0.1,0.25,0.4,0.55,0.65,0.75,0.95,0.5,0.0,0.0,0.06,0.05
6,PE_PB_FED,-0.019075,0.1,0.15,0.45,0.6,0.7,0.75,0.85,-0.5,0.65,0.8,0.08,0.05
8,PE_PB_FED,-0.019077,0.15,0.25,0.4,0.7,0.75,0.8,0.9,0.5,0.5,0.7,0.1,0.04
6,PB_FED,-0.01908,0.15,0.25,0.35,0.7,0.7,0.8,0.85,0.5,0.0,0.0,0.1,0.03
8,PE_PB,-0.019082,0.05,0.3,0.4,0.6,0.7,0.75,0.9,0.0,0.55,0.0,0.1,0.05
6,PE_PB,-0.019085,0.05,0.2,0.4,0.65,0.65,0.8,0.9,0.0,0.55,0.0,0.12,0.04
8,PE_PB,-0.019086,0.2,0.3,0.35,0.6,0.65,0.85,0.95,0.0,0.55,0.0,0.06,0.05
6,PE_PB,-0.01909,0.1,0.3,0.35,0.65,0.75,0.85,0.95,0.0,0.6,0.0,0.06,0.03
8,PE_FED,-0.019092,0.1,0.15,0.4,0.65,0.65,0.75,0.9,1.0,0.0,0.0,0.1,0.04
8,PE_PB,-0.019093,0.1,0.25,0.45,0.6,0.75,0.85,0.9,0.0,0.6,0.0,0.06,0.03
8,PE_PB_FED,-0.019095,0.1,0.15,0.3,0.55,0.75,0.85,0.9,0.5,0.55,0.75,0.1,0.04
6,PB_FED,-0.019097,0.05,0.3,0.35,0.7,0.7,0.75,0.9,0.5,0.0,0.0,0.12,0.05
6,PB_FED,-0.019097,0.2,0.25,0.45,0.65,0.75,0.8,0.85,0.5,0.0,0.0,0.08,0.03
6,PE_PB_FED,-0.019098,0.05,0.15,0.35,0.5,0.7,0.85,0.95,0.0,0.6,0.7,0.06,0.04
6,PB_FED,-0.0191,0.15,0.2,0.45,0.65,0.65,0.85,0.9,0.5,0.0,0.0,0.06,0.04
6,PE_only,-0.019102,0.05,0.2,0.4,0.55,0.7,0.85,0.9,0.0,0.0,0.0,0.08,0.03
8,PE_PB,-0.019103,0.1,0.25,0.45,0.7,0.7,0.75,0.85,0.0,0.5,0.0,0.12,0.03
6,PE_PB,-0.019104,0.15,0.25,0.35,0.5,0.75,0.8,0.95,0.0,0.65,0.0,0.08,0.03
6,PE_PB,-0.019104,0.1,0.15,0.4,0.6,0.65,0.75,0.85,0.0,0.6,0.0,0.1,0.04
8,PE_FED,-0.019104,0.2,0.25,0.4,0.6,0.65,0.85,0.9,0.5,0.0,0.0,0.08,0.04
6,PE_PB_FED,-0.019106,0.1,0.2,0.35,0.55,0.75,0.8,0.9,0.0,0.6,0.7,0.1,0.04
6,PE_FED,-0.019107,0.15,0.25,0.45,0.55,0.7,0.8,0.9,0.0,0.0,0.0,0.12,0.05
6,PB_FED,-0.01911,0.1,0.25,0.3,0.65,0.65,0.85,0.95,0.5,0.0,0.0,0.06,0.05
8,PE_PB,-0.01911,0.1,0.15,0.35,0.5,0.75,0.8,0.9,0.0,0.55,0.0,0.12,0.05
6,PE_only,-0.019112,0.1,0.3,0.35,0.6,0.65,0.85,0.9,0.0,0.0,0.0,0.08,0.05
6,PE_FED,-0.019113,0.1,0.3,0.35,0.5,0.75,0.85,0.95,0.0,0.0,0.0,0.1,0.04
8,PE_PB,-0.019113,0.2,0.25,0.35,0.6,0.7,0.75,0.9,0.0,0.5,0.0,0.06,0.04
6,PE_only,-0.019115,0.05,0.25,0.45,0.5,0.65,0.85,0.95,0.0,0.0,0.0,0.1,0.03
8,PE_PB_FED,-0.019119,0.1,0.2,0.3,0.5,0.65,0.8,0.9,0.5,0.55,0.8,0.06,0.04
8,PE_PB_FED,-0.019123,0.1,0.15,0.4,0.6,0.75,0.8,0.85,0.5,0.55,0.75,0.1,0.03
6,PE_PB,-0.019124,0.05,0.3,0.45,0.7,0.75,0.8,0.85,0.0,0.65,0.0,0.12,0.05
8,PE_PB,-0.019128,0.1,0.3,0.35,0.7,0.65,0.75,0.9,0.0,0.5,0.0,0.08,0.05
8,PE_only,-0.019129,0.05,0.25,0.45,0.5,0.7,0.85,0.9,0.0,0.0,0.0,0.12,0.05
8,PE_PB,-0.019131,0.1,0.3,0.45,0.65,0.65,0.8,0.9,0.0,0.55,0.0,0.06,0.04
6,PE_FED,-0.019136,0.05,0.3,0.35,0.6,0.7,0.85,0.9,0.0,0.0,0.0,0.1,0.04
6,PE_PB,-0.019137,0.1,0.25,0.3,0.65,0.65,0.75,0.9,0.0,0.55,0.0,0.12,0.04
6,PE_FED,-0.019138,0.1,0.25,0.45,0.55,0.75,0.8,0.9,0.0,0.0,0.0,0.06,0.05
6,PE_PB_FED,-0.019138,0.05,0.2,0.4,0.55,0.7,0.85,0.95,0.0,0.55,0.75,0.08,0.05
8,PE_FED,-0.01914,0.15,0.3,0.35,0.5,0.7,0.8,0.9,0.5,0.0,0.0,0.08,0.04
8,PB_FED,-0.019144,0.05,0.3,0.35,0.7,0.75,0.8,0.85,1.0,0.0,0.0,0.06,0.04
6,PE_PB_FED,-0.019153,0.15,0.3,0.35,0.65,0.65,0.8,0.9,0.0,0.65,0.7,0.06,0.03
8,PE_PB_FED,-0.019158,0.05,0.25,0.3,0.5,0.65,0.85,0.95,0.5,0.55,0.8,0.06,0.03
8,PE_PB,-0.019159,0.05,0.3,0.45,0.65,0.7,0.75,0.9,0.0,0.5,0.0,0.12,0.03
8,PE_PB,-0.019162,0.1,0.3,0.35,0.65,0.65,0.85,0.95,0.0,0.5,0.0,0.08,0.05
6,PE_only,-0.019163,0.2,0.3,0.4,0.5,0.65,0.8,0.95,0.0,0.0,0.0,0.06,0.04
6,PB_FED,-0.019166,0.1,0.2,0.4,0.55,0.7,0.8,0.95,0.5,0.0,0.0,0.12,0.03
6,PE_PB,-0.019167,0.05,0.15,0.3,0.6,0.7,0.75,0.85,0.0,0.6,0.0,0.08,0.05
8,PE_PB,-0.019167,0.05,0.25,0.4,0.6,0.75,0.8,0.9,0.0,0.5,0.0,0.08,0.04
6,PE_PB_FED,-0.019169,0.05,0.2,0.3,0.7,0.7,0.75,0.9,0.0,0.5,0.8,0.08,0.05
6,PE_PB,-0.019173,0.1,0.15,0.3,0.5,0.75,0.85,0.95,0.0,0.6,0.0,0.08,0.03
6,PE_PB,-0.019174,0.2,0.25,0.45,0.7,0.65,0.85,0.95,0.0,0.55,0.0,0.08,0.03
6,PE_PB,-0.019175,0.1,0.2,0.3,0.55,0.7,0.75,0.9,0.0,0.6,0.0,0.08,0.04
8,PE_PB,-0.019177,0.2,0.3,0.4,0.6,0.7,0.85,0.95,0.0,0.55,0.0,0.12,0.05
8,PE_PB,-0.019178,0.15,0.2,0.35,0.65,0.75,0.8,0.85,0.0,0.5,0.0,0.06,0.03
6,PB_FED,-0.019179,0.1,0.25,0.45,0.7,0.7,0.8,0.95,0.5,0.0,0.0,0.08,0.04
8,PE_PB,-0.019179,0.05,0.3,0.35,0.65,0.65,0.8,0.85,0.0,0.6,0.0,0.1,0.05
8,PE_FED,-0.01918,0.15,0.3,0.4,0.7,0.75,0.85,0.9,0.5,0.0,0.0,0.08,0.05
6,PE_only,-0.019184,0.05,0.15,0.4,0.5,0.7,0.75,0.85,0.0,0.0,0.0,0.1,0.03
8,PE_FED,-0.019185,0.15,0.25,0.3,0.7,0.7,0.8,0.95,1.0,0.0,0.0,0.06,0.04
6,PE_PB_FED,-0.019187,0.05,0.3,0.4,0.7,0.7,0.8,0.9,0.0,0.65,0.75,0.12,0.03
6,PE_only,-0.019188,0.05,0.3,0.45,0.6,0.75,0.85,0.9,0.0,0.0,0.0,0.08,0.04
6,PE_PB,-0.01919,0.1,0.3,0.45,0.65,0.65,0.75,0.95,0.0,0.55,0.0,0.06,0.04
6,PE_PB_FED,-0.019191,0.1,0.3,0.35,0.65,0.7,0.8,0.9,-0.5,0.65,0.8,0.06,0.04
8,PE_PB,-0.019194,0.1,0.25,0.3,0.6,0.65,0.75,0.85,0.0,0.55,0.0,0.1,0.05
6,PE_only,-0.019198,0.1,0.2,0.4,0.55,0.7,0.8,0.85,0.0,0.0,0.0,0.08,0.04
6,PE_PB,-0.019205,0.15,0.25,0.45,0.7,0.65,0.75,0.9,0.0,0.55,0.0,0.1,0.04
6,PE_PB,-0.019207,0.15,0.25,0.3,0.6,0.7,0.85,0.95,0.0,0.55,0.0,0.06,0.03
8,PB_FED,-0.019207,0.05,0.25,0.45,0.55,0.65,0.75,0.85,1.0,0.0,0.0,0.08,0.05
8,PE_FED,-0.019208,0.1,0.15,0.45,0.6,0.75,0.85,0.95,1.0,0.0,0.0,0.1,0.03
6,PE_PB,-0.019212,0.1,0.15,0.4,0.65,0.7,0.85,0.95,0.0,0.5,0.0,0.06,0.03
8,PE_PB,-0.019213,0.2,0.25,0.3,0.5,0.7,0.75,0.9,0.0,0.65,0.0,0.08,0.05
8,PB_FED,-0.019213,0.05,0.3,0.4,0.5,0.65,0.75,0.95,1.0,0.0,0.0,0.06,0.04
6,PE_PB,-0.019215,0.15,0.25,0.4,0.7,0.65,0.75,0.85,0.0,0.6,0.0,0.1,0.03
6,PE_PB_FED,-0.019221,0.05,0.15,0.35,0.7,0.65,0.75,0.85,-0.5,0.55,0.7,0.12,0.04
6,PB_FED,-0.019223,0.2,0.25,0.3,0.65,0.7,0.85,0.95,0.5,0.0,0.0,0.12,0.03
6,PB_FED,-0.019224,0.15,0.3,0.45,0.6,0.7,0.75,0.85,0.5,0.0,0.0,0.08,0.03
8,PE_PB_FED,-0.019226,0.1,0.15,0.35,0.6,0.65,0.85,0.9,0.5,0.55,0.75,0.1,0.03
6,PE_only,-0.019227,0.05,0.3,0.45,0.5,0.7,0.8,0.95,0.0,0.0,0.0,0.06,0.04
6,PE_PB,-0.019228,0.15,0.25,0.45,0.6,0.7,0.85,0.95,0.0,0.6,0.0,0.12,0.03
6,PE_PB,-0.01923,0.15,0.3,0.35,0.6,0.7,0.75,0.95,0.0,0.55,0.0,0.12,0.05
8,PE_PB,-0.019232,0.15,0.25,0.3,0.5,0.7,0.75,0.9,0.0,0.55,0.0,0.12,0.03
6,PE_FED,-0.019233,0.05,0.2,0.3,0.5,0.65,0.85,0.9,0.0,0.0,0.0,0.08,0.04
8,PE_PB,-0.019234,0.1,0.25,0.3,0.65,0.7,0.8,0.9,0.0,0.5,0.0,0.08,0.05
8,PE_FED,-0.019236,0.15,0.3,0.4,0.65,0.7,0.75,0.95,1.0,0.0,0.0,0.12,0.03
8,PE_PB,-0.019243,0.05,0.2,0.3,0.6,0.65,0.8,0.85,0.0,0.5,0.0,0.1,0.03
6,PE_FED,-0.019244,0.15,0.3,0.4,0.6,0.75,0.85,0.9,-0.5,0.0,0.0,0.1,0.05
6,PE_FED,-0.019244,0.15,0.3,0.4,0.6,0.7,0.85,0.9,-0.5,0.0,0.0,0.12,0.05
6,PE_PB,-0.019246,0.15,0.25,0.3,0.7,0.75,0.8,0.95,0.0,0.5,0.0,0.08,0.05
6,PE_PB,-0.019249,0.15,0.2,0.3,0.65,0.75,0.8,0.85,0.0,0.6,0.0,0.06,0.03
6,PE_PB,-0.01925,0.1,0.15,0.45,0.6,0.7,0.8,0.95,0.0,0.5,0.0,0.1,0.03
6,PE_only,-0.019252,0.1,0.25,0.3,0.55,0.7,0.75,0.85,0.0,0.0,0.0,0.12,0.05
6,PB_FED,-0.019255,0.05,0.25,0.4,0.65,0.65,0.8,0.95,0.5,0.0,0.0,0.08,0.03
6,PE_PB,-0.019256,0.15,0.2,0.45,0.6,0.75,0.8,0.9,0.0,0.65,0.0,0.12,0.05
6,PE_PB,-0.019257,0.05,0.3,0.4,0.65,0.65,0.85,0.9,0.0,0.65,0.0,0.08,0.03
6,PB_FED,-0.019258,0.15,0.2,0.3,0.55,0.7,0.8,0.9,0.5,0.0,0.0,0.08,0.05
6,PB_FED,-0.01926,0.05,0.15,0.3,0.5,0.75,0.8,0.95,0.5,0.0,0.0,0.06,0.05
6,PE_FED,-0.019262,0.05,0.15,0.45,0.55,0.75,0.8,0.85,-0.5,0.0,0.0,0.08,0.03
6,PE_PB_FED,-0.019263,0.2,0.25,0.4,0.65,0.7,0.75,0.95,0.0,0.5,0.7,0.1,0.05
8,PE_FED,-0.019266,0.15,0.25,0.4,0.55,0.75,0.8,0.85,0.5,0.0,0.0,0.06,0.05
8,PE_PB_FED,-0.019274,0.1,0.3,0.4,0.6,0.65,0.75,0.9,0.5,0.55,0.75,0.1,0.03
8,PE_PB_FED,-0.019275,0.15,0.25,0.35,0.5,0.65,0.75,0.85,-0.5,0.55,0.75,0.1,0.03
6,PE_only,-0.019276,0.2,0.3,0.35,0.6,0.75,0.85,0.9,0.0,0.0,0.0,0.06,0.03
6,PE_PB,-0.019276,0.1,0.3,0.45,0.65,0.7,0.75,0.95,0.0,0.55,0.0,0.06,0.05
8,PE_PB_FED,-0.019276,0.15,0.3,0.35,0.5,0.65,0.75,0.95,0.5,0.5,0.7,0.06,0.04
8,PE_PB_FED,-0.019277,0.2,0.25,0.35,0.7,0.65,0.85,0.95,0.5,0.5,0.75,0.06,0.05
8,PE_only,-0.019279,0.15,0.3,0.4,0.5,0.65,0.8,0.85,0.0,0.0,0.0,0.08,0.03
8,PE_FED,-0.019283,0.2,0.3,0.45,0.55,0.65,0.8,0.9,0.5,0.0,0.0,0.06,0.04
8,PE_PB,-0.019285,0.05,0.25,0.3,0.55,0.65,0.8,0.9,0.0,0.5,0.0,0.08,0.03
8,PE_PB_FED,-0.019286,0.05,0.25,0.4,0.5,0.7,0.8,0.9,-0.5,0.5,0.8,0.1,0.04
8,PE_PB,-0.019289,0.15,0.2,0.3,0.5,0.7,0.85,0.9,0.0,0.65,0.0,0.12,0.04
8,PE_PB,-0.01929,0.1,0.2,0.45,0.5,0.75,0.8,0.9,0.0,0.6,0.0,0.06,0.03
6,PB_FED,-0.019293,0.1,0.15,0.4,0.6,0.75,0.85,0.9,0.5,0.0,0.0,0.06,0.05
6,PB_FED,-0.019293,0.15,0.3,0.45,0.65,0.7,0.8,0.95,0.5,0.0,0.0,0.08,0.03
6,PE_only,-0.019294,0.05,0.15,0.45,0.5,0.65,0.8,0.9,0.0,0.0,0.0,0.08,0.05
6,PE_only,-0.019294,0.05,0.15,0.45,0.5,0.75,0.8,0.9,0.0,0.0,0.0,0.06,0.05
8,PE_PB,-0.019294,0.05,0.25,0.45,0.6,0.75,0.8,0.9,0.0,0.5,0.0,0.06,0.03
6,PE_only,-0.019298,0.05,0.25,0.45,0.5,0.7,0.85,0.95,0.0,0.0,0.0,0.12,0.05
8,PE_PB,-0.019303,0.15,0.3,0.45,0.55,0.65,0.85,0.95,0.0,0.55,0.0,0.08,0.03
6,PE_PB,-0.019304,0.1,0.2,0.3,0.6,0.75,0.8,0.9,0.0,0.55,0.0,0.06,0.03
8,PE_PB_FED,-0.019305,0.05,0.3,0.35,0.55,0.75,0.85,0.9,0.0,0.5,0.7,0.06,0.03
8,PB_FED,-0.019307,0.2,0.3,0.45,0.7,0.75,0.85,0.9,1.0,0.0,0.0,0.12,0.03
6,PE_only,-0.019309,0.2,0.25,0.3,0.5,0.7,0.75,0.9,0.0,0.0,0.0,0.1,0.04
8,PE_PB,-0.019313,0.1,0.25,0.45,0.55,0.7,0.8,0.9,0.0,0.55,0.0,0.12,0.03
6,PE_PB,-0.019314,0.05,0.2,0.4,0.55,0.7,0.75,0.9,0.0,0.6,0.0,0.06,0.03
6,PE_PB_FED,-0.019314,0.15,0.2,0.35,0.7,0.7,0.75,0.9,0.0,0.5,0.75,0.08,0.05
8,PB_FED,-0.019316,0.05,0.3,0.4,0.65,0.75,0.8,0.9,1.0,0.0,0.0,0.06,0.05
8,PB_FED,-0.019317,0.15,0.3,0.4,0.55,0.7,0.8,0.9,1.0,0.0,0.0,0.12,0.04
6,PE_only,-0.019321,0.05,0.3,0.4,0.6,0.65,0.8,0.85,0.0,0.0,0.0,0.06,0.05
6,PE_PB_FED,-0.019324,0.05,0.2,0.45,0.55,0.7,0.85,0.95,-0.5,0.6,0.75,0.12,0.03
8,PE_PB_FED,-0.019325,0.15,0.25,0.45,0.65,0.65,0.85,0.95,0.5,0.5,0.75,0.1,0.04
6,PE_PB,-0.019328,0.1,0.25,0.3,0.7,0.75,0.85,0.9,0.0,0.6,0.0,0.08,0.03
6,PB_FED,-0.01933,0.15,0.25,0.45,0.55,0.7,0.75,0.9,0.5,0.0,0.0,0.1,0.05
6,PE_PB,-0.019331,0.15,0.2,0.35,0.7,0.65,0.8,0.85,0.0,0.6,0.0,0.12,0.05
8,PE_PB,-0.019333,0.05,0.3,0.4,0.55,0.65,0.8,0.9,0.0,0.6,0.0,0.1,0.04
6,PE_PB,-0.019334,0.1,0.3,0.4,0.7,0.75,0.85,0.95,0.0,0.55,0.0,0.1,0.05
6,PE_only,-0.019337,0.05,0.3,0.4,0.6,0.75,0.8,0.85,0.0,0.0,0.0,0.08,0.05
8,PE_PB,-0.019337,0.1,0.2,0.3,0.55,0.65,0.8,0.85,0.0,0.55,0.0,0.1,0.03
8,PE_PB_FED,-0.019337,0.1,0.15,0.35,0.65,0.7,0.8,0.85,0.5,0.5,0.7,0.06,0.03
6,PE_PB,-0.019343,0.15,0.3,0.45,0.65,0.7,0.85,0.9,0.0,0.65,0.0,0.1,0.03
8,PE_FED,-0.019343,0.15,0.2,0.45,0.5,0.65,0.85,0.9,0.5,0.0,0.0,0.08,0.04
8,PE_FED,-0.019346,0.15,0.25,0.35,0.7,0.65,0.8,0.95,1.0,0.0,0.0,0.12,0.04
6,PE_only,-0.019347,0.1,0.15,0.45,0.5,0.7,0.8,0.9,0.0,0.0,0.0,0.12,0.05
6,PE_only,-0.019347,0.05,0.25,0.3,0.55,0.75,0.85,0.9,0.0,0.0,0.0,0.08,0.04
8,PE_PB_FED,-0.019357,0.1,0.15,0.3,0.5,0.7,0.85,0.9,-0.5,0.5,0.8,0.06,0.05
8,PE_PB,-0.019358,0.2,0.25,0.4,0.55,0.75,0.85,0.9,0.0,0.65,0.0,0.08,0.04
6,PE_PB_FED,-0.01936,0.1,0.2,0.45,0.6,0.7,0.75,0.95,-0.5,0.5,0.7,0.08,0.05
6,PE_PB,-0.019365,0.05,0.25,0.4,0.55,0.75,0.85,0.95,0.0,0.65,0.0,0.06,0.04
8,PE_PB_FED,-0.019368,0.1,0.2,0.3,0.7,0.7,0.75,0.85,0.5,0.5,0.8,0.06,0.05
6,PE_only,-0.019369,0.05,0.3,0.4,0.55,0.65,0.8,0.9,0.0,0.0,0.0,0.08,0.03
6,PE_PB,-0.019372,0.15,0.2,0.45,0.5,0.7,0.8,0.95,0.0,0.65,0.0,0.08,0.05
6,PE_PB_FED,-0.019372,0.15,0.2,0.35,0.6,0.75,0.85,0.9,-0.5,0.65,0.8,0.1,0.03
6,PB_FED,-0.019373,0.2,0.3,0.4,0.65,0.65,0.75,0.95,0.5,0.0,0.0,0.1,0.03
6,PE_PB,-0.019375,0.15,0.25,0.35,0.55,0.7,0.75,0.95,0.0,0.55,0.0,0.12,0.05
6,PE_PB,-0.019375,0.05,0.3,0.4,0.65,0.65,0.8,0.85,0.0,0.65,0.0,0.06,0.04
6,PE_PB,-0.019378,0.2,0.3,0.4,0.7,0.65,0.85,0.95,0.0,0.6,0.0,0.08,0.04
8,PE_PB,-0.019379,0.2,0.25,0.4,0.6,0.75,0.85,0.95,0.0,0.5,0.0,0.08,0.04
8,PE_FED,-0.019379,0.2,0.25,0.3,0.5,0.65,0.8,0.9,0.5,0.0,0.0,0.06,0.05
8,PE_PB,-0.019381,0.05,0.2,0.35,0.55,0.7,0.85,0.9,0.0,0.55,0.0,0.1,0.04
8,PB_FED,-0.019383,0.15,0.3,0.4,0.7,0.75,0.85,0.9,1.0,0.0,0.0,0.12,0.04
6,PE_PB,-0.019384,0.15,0.25,0.35,0.6,0.75,0.85,0.95,0.0,0.55,0.0,0.08,0.03
8,PE_FED,-0.019384,0.05,0.2,0.35,0.5,0.7,0.8,0.95,1.0,0.0,0.0,0.12,0.04
6,PE_FED,-0.019387,0.05,0.2,0.35,0.5,0.7,0.75,0.85,0.0,0.0,0.0,0.08,0.05
8,PE_FED,-0.019388,0.2,0.25,0.35,0.6,0.75,0.8,0.85,0.5,0.0,0.0,0.06,0.04
6,PE_PB_FED,-0.019391,0.05,0.15,0.3,0.6,0.7,0.75,0.85,-0.5,0.6,0.7,0.06,0.05
8,PE_only,-0.019393,0.15,0.3,0.45,0.5,0.65,0.75,0.85,0.0,0.0,0.0,0.06,0.05
8,PB_FED,-0.019395,0.05,0.3,0.4,0.65,0.65,0.8,0.85,1.0,0.0,0.0,0.12,0.03
8,PE_PB,-0.0194,0.2,0.3,0.45,0.5,0.65,0.75,0.95,0.0,0.6,0.0,0.1,0.04
6,PB_FED,-0.019402,0.05,0.3,0.4,0.7,0.7,0.75,0.85,0.5,0.0,0.0,0.12,0.03
8,PE_FED,-0.019406,0.05,0.2,0.3,0.5,0.65,0.8,0.95,1.0,0.0,0.0,0.1,0.05
8,PE_PB_FED,-0.01941,0.1,0.3,0.4,0.5,0.7,0.75,0.85,-0.5,0.65,0.7,0.08,0.04
8,PE_PB,-0.019416,0.15,0.2,0.3,0.55,0.75,0.85,0.9,0.0,0.55,0.0,0.06,0.04
8,PE_PB,-0.019422,0.1,0.25,0.45,0.6,0.65,0.8,0.85,0.0,0.6,0.0,0.06,0.05
6,PE_only,-0.019423,0.05,0.25,0.35,0.55,0.7,0.75,0.85,0.0,0.0,0.0,0.06,0.03
6,PE_FED,-0.019425,0.2,0.3,0.4,0.6,0.7,0.85,0.9,-0.5,0.0,0.0,0.08,0.03
8,PE_PB,-0.019425,0.15,0.25,0.45,0.55,0.7,0.8,0.85,0.0,0.65,0.0,0.12,0.05
6,PB_FED,-0.019427,0.15,0.2,0.4,0.7,0.65,0.85,0.95,0.5,0.0,0.0,0.12,0.05
6,PE_FED,-0.019428,0.2,0.25,0.3,0.55,0.65,0.75,0.85,-0.5,0.0,0.0,0.08,0.04
8,PE_FED,-0.019429,0.1,0.3,0.45,0.7,0.7,0.8,0.85,0.5,0.0,0.0,0.1,0.04
8,PB_FED,-0.019429,0.2,0.25,0.4,0.55,0.75,0.8,0.85,1.0,0.0,0.0,0.1,0.04
8,PE_PB,-0.019435,0.15,0.2,0.45,0.55,0.7,0.75,0.85,0.0,0.55,0.0,0.08,0.04
6,PE_PB_FED,-0.01944,0.15,0.2,0.4,0.65,0.7,0.75,0.9,-0.5,0.55,0.7,0.1,0.05
8,PE_PB,-0.01944,0.2,0.25,0.3,0.5,0.65,0.8,0.9,0.0,0.65,0.0,0.12,0.03
8,PE_PB,-0.019441,0.2,0.3,0.45,0.6,0.7,0.8,0.85,0.0,0.65,0.0,0.06,0.04
6,PE_PB,-0.019446,0.2,0.25,0.45,0.7,0.75,0.85,0.95,0.0,0.55,0.0,0.12,0.05
6,PB_FED,-0.019449,0.05,0.25,0.35,0.6,0.75,0.8,0.85,0.5,0.0,0.0,0.12,0.04
6,PB_FED,-0.019449,0.15,0.25,0.4,0.55,0.7,0.75,0.9,0.5,0.0,0.0,0.06,0.04
6,PE_PB,-0.01945,0.05,0.15,0.4,0.65,0.65,0.85,0.95,0.0,0.5,0.0,0.06,0.05
8,PB_FED,-0.019451,0.1,0.15,0.45,0.5,0.7,0.85,0.9,1.0,0.0,0.0,0.1,0.04
8,PE_PB_FED,-0.019453,0.15,0.25,0.3,0.5,0.7,0.85,0.9,0.0,0.5,0.8,0.08,0.05
6,PE_PB,-0.019455,0.15,0.2,0.35,0.6,0.65,0.85,0.9,0.0,0.65,0.0,0.08,0.04
6,PE_PB_FED,-0.019457,0.05,0.25,0.3,0.65,0.75,0.8,0.95,-0.5,0.5,0.7,0.08,0.05
6,PE_PB_FED,-0.019459,0.2,0.3,0.35,0.6,0.65,0.8,0.95,0.0,0.55,0.7,0.08,0.03
8,PE_FED,-0.019459,0.15,0.25,0.45,0.5,0.7,0.75,0.85,0.5,0.0,0.0,0.08,0.03
6,PE_PB_FED,-0.019462,0.15,0.2,0.35,0.5,0.65,0.75,0.95,-0.5,0.55,0.75,0.12,0.05
6,PE_PB_FED,-0.019464,0.2,0.25,0.45,0.7,0.7,0.85,0.95,0.0,0.55,0.7,0.08,0.04
6,PE_PB_FED,-0.019465,0.2,0.25,0.45,0.6,0.75,0.8,0.95,0.0,0.55,0.8,0.08,0.05
6,PE_PB_FED,-0.019467,0.05,0.25,0.4,0.55,0.7,0.85,0.95,-0.5,0.65,0.75,0.1,0.04
6,PE_only,-0.019469,0.05,0.3,0.4,0.55,0.75,0.8,0.9,0.0,0.0,0.0,0.06,0.04
6,PE_PB,-0.019472,0.05,0.15,0.3,0.55,0.7,0.8,0.9,0.0,0.6,0.0,0.08,0.05
6,PE_PB,-0.019474,0.15,0.25,0.45,0.55,0.7,0.75,0.95,0.0,0.55,0.0,0.1,0.03
8,PE_FED,-0.019474,0.2,0.25,0.35,0.55,0.65,0.85,0.9,0.5,0.0,0.0,0.1,0.04
6,PE_FED,-0.019477,0.05,0.25,0.45,0.5,0.65,0.75,0.9,0.0,0.0,0.0,0.08,0.03
8,PE_FED,-0.019477,0.05,0.3,0.4,0.7,0.7,0.8,0.85,0.5,0.0,0.0,0.12,0.04
8,PE_PB,-0.019479,0.15,0.2,0.3,0.5,0.75,0.8,0.85,0.0,0.65,0.0,0.06,0.03
8,PE_PB_FED,-0.019479,0.15,0.25,0.3,0.65,0.7,0.85,0.9,0.5,0.65,0.75,0.12,0.05
8,PE_PB_FED,-0.019481,0.05,0.25,0.45,0.5,0.65,0.85,0.9,-0.5,0.65,0.8,0.08,0.03
8,PE_PB,-0.019482,0.15,0.25,0.45,0.55,0.65,0.8,0.9,0.0,0.55,0.0,0.06,0.04
6,PE_FED,-0.019484,0.05,0.3,0.45,0.6,0.7,0.85,0.9,-0.5,0.0,0.0,0.08,0.04
6,PB_FED,-0.019486,0.1,0.15,0.3,0.55,0.65,0.85,0.95,0.5,0.0,0.0,0.08,0.04
8,PE_PB_FED,-0.019486,0.05,0.3,0.35,0.5,0.65,0.75,0.9,0.5,0.65,0.7,0.06,0.04
6,PB_FED,-0.019487,0.05,0.15,0.4,0.55,0.75,0.85,0.9,0.5,0.0,0.0,0.08,0.03
6,PE_FED,-0.01949,0.15,0.3,0.4,0.6,0.65,0.85,0.9,0.0,0.0,0.0,0.12,0.05
8,PE_PB,-0.01949,0.1,0.15,0.45,0.6,0.65,0.8,0.85,0.0,0.5,0.0,0.08,0.04
8,PE_PB,-0.019492,0.1,0.3,0.4,0.65,0.75,0.8,0.9,0.0,0.55,0.0,0.08,0.05
6,PE_PB_FED,-0.019493,0.1,0.25,0.35,0.65,0.65,0.8,0.85,-0.5,0.65,0.75,0.1,0.03
8,PB_FED,-0.019493,0.05,0.3,0.35,0.65,0.7,0.8,0.85,1.0,0.0,0.0,0.08,0.04
6,PE_PB_FED,-0.019498,0.05,0.15,0.45,0.65,0.65,0.75,0.85,-0.5,0.6,0.75,0.1,0.05
6,PE_PB_FED,-0.019499,0.1,0.25,0.4,0.5,0.7,0.8,0.95,-0.5,0.65,0.75,0.12,0.03
6,PE_FED,-0.0195,0.15,0.2,0.45,0.5,0.7,0.8,0.9,-0.5,0.0,0.0,0.1,0.03
6,PB_FED,-0.019501,0.15,0.3,0.35,0.55,0.65,0.75,0.9,0.5,0.0,0.0,0.1,0.03
8,PE_PB_FED,-0.019501,0.15,0.2,0.4,0.5,0.65,0.8,0.9,0.5,0.6,0.75,0.12,0.05
6,PE_PB_FED,-0.019503,0.05,0.2,0.35,0.5,0.7,0.8,0.95,-0.5,0.55,0.8,0.06,0.03
8,PE_PB,-0.019503,0.2,0.25,0.45,0.5,0.7,0.8,0.95,0.0,0.55,0.0,0.1,0.04
8,PE_PB_FED,-0.019506,0.15,0.25,0.4,0.6,0.75,0.8,0.85,-0.5,0.5,0.8,0.06,0.05
6,PE_PB,-0.019507,0.2,0.25,0.4,0.65,0.65,0.85,0.95,0.0,0.55,0.0,0.1,0.03
6,PE_only,-0.019509,0.05,0.15,0.3,0.5,0.75,0.8,0.85,0.0,0.0,0.0,0.12,0.03
8,PE_PB,-0.01951,0.1,0.25,0.4,0.6,0.75,0.8,0.9,0.0,0.5,0.0,0.06,0.04
8,PE_PB,-0.01951,0.1,0.25,0.4,0.6,0.65,0.8,0.9,0.0,0.5,0.0,0.12,0.04
6,PE_only,-0.019514,0.05,0.25,0.35,0.5,0.65,0.75,0.9,0.0,0.0,0.0,0.06,0.05
8,PE_PB,-0.019521,0.15,0.25,0.3,0.55,0.7,0.75,0.9,0.0,0.5,0.0,0.12,0.05
8,PE_PB_FED,-0.019524,0.05,0.2,0.3,0.6,0.7,0.8,0.85,0.5,0.6,0.75,0.06,0.04
6,PE_PB_FED,-0.019528,0.1,0.25,0.3,0.55,0.7,0.75,0.9,0.0,0.6,0.7,0.06,0.03
8,PE_FED,-0.01953,0.15,0.3,0.45,0.6,0.65,0.75,0.85,0.5,0.0,0.0,0.12,0.05
8,PE_PB_FED,-0.01953,0.2,0.25,0.45,0.5,0.7,0.8,0.95,0.5,0.55,0.75,0.12,0.05
6,PE_only,-0.019533,0.05,0.15,0.35,0.5,0.65,0.8,0.85,0.0,0.0,0.0,0.08,0.04
8,PE_PB_FED,-0.019537,0.15,0.25,0.4,0.6,0.7,0.85,0.95,0.5,0.5,0.8,0.12,0.04
6,PE_PB,-0.019538,0.1,0.15,0.45,0.55,0.7,0.75,0.9,0.0,0.6,0.0,0.08,0.05
6,PE_FED,-0.019538,0.05,0.15,0.3,0.5,0.65,0.85,0.9,0.0,0.0,0.0,0.12,0.05
8,PE_PB_FED,-0.019538,0.05,0.3,0.35,0.65,0.65,0.85,0.9,-0.5,0.5,0.75,0.06,0.03
8,PE_PB,-0.019543,0.15,0.2,0.35,0.55,0.65,0.85,0.9,0.0,0.55,0.0,0.08,0.04
6,PE_only,-0.019546,0.2,0.3,0.45,0.6,0.65,0.85,0.9,0.0,0.0,0.0,0.06,0.04
6,PE_PB,-0.01955,0.1,0.2,0.35,0.5,0.7,0.8,0.95,0.0,0.55,0.0,0.08,0.03
8,PB_FED,-0.019551,0.2,0.25,0.45,0.5,0.65,0.8,0.9,1.0,0.0,0.0,0.1,0.03
6,PE_PB,-0.019553,0.05,0.25,0.45,0.55,0.7,0.75,0.95,0.0,0.55,0.0,0.1,0.03
8,PE_PB,-0.019553,0.05,0.2,0.3,0.5,0.7,0.75,0.9,0.0,0.5,0.0,0.08,0.05
6,PE_only,-0.019558,0.15,0.25,0.3,0.55,0.7,0.85,0.9,0.0,0.0,0.0,0.06,0.03
8,PE_PB,-0.019563,0.1,0.3,0.45,0.65,0.7,0.8,0.85,0.0,0.6,0.0,0.12,0.03
8,PE_PB_FED,-0.019569,0.05,0.2,0.35,0.7,0.65,0.85,0.9,0.5,0.55,0.8,0.1,0.03
8,PE_PB_FED,-0.01957,0.1,0.3,0.4,0.6,0.65,0.75,0.85,-0.5,0.5,0.75,0.12,0.04
8,PE_FED,-0.019571,0.05,0.15,0.45,0.6,0.7,0.85,0.95,1.0,0.0,0.0,0.12,0.04
8,PE_FED,-0.019571,0.1,0.15,0.3,0.6,0.7,0.85,0.95,1.0,0.0,0.0,0.08,0.05
6,PE_PB,-0.019578,0.1,0.2,0.4,0.55,0.65,0.8,0.9,0.0,0.65,0.0,0.08,0.04
6,PB_FED,-0.019579,0.1,0.3,0.4,0.65,0.65,0.8,0.9,0.5,0.0,0.0,0.12,0.03
8,PE_PB_FED,-0.019579,0.1,0.25,0.45,0.6,0.75,0.85,0.9,-0.5,0.5,0.7,0.1,0.03
6,PE_only,-0.019581,0.15,0.25,0.4,0.55,0.75,0.85,0.9,0.0,0.0,0.0,0.12,0.04
6,PE_only,-0.019581,0.2,0.25,0.3,0.55,0.65,0.75,0.85,0.0,0.0,0.0,0.06,0.03
6,PE_FED,-0.019586,0.1,0.15,0.35,0.5,0.7,0.85,0.9,-0.5,0.0,0.0,0.12,0.04
6,PE_PB_FED,-0.019587,0.05,0.2,0.4,0.6,0.65,0.8,0.85,0.0,0.65,0.7,0.1,0.03
8,PE_PB,-0.019589,0.05,0.2,0.4,0.5,0.65,0.85,0.95,0.0,0.5,0.0,0.1,0.05
6,PB_FED,-0.019592,0.1,0.3,0.35,0.7,0.65,0.8,0.95,0.5,0.0,0.0,0.06,0.05
6,PE_PB,-0.019593,0.15,0.25,0.3,0.6,0.75,0.85,0.95,0.0,0.55,0.0,0.08,0.04
6,PE_PB,-0.019598,0.05,0.15,0.3,0.6,0.7,0.8,0.85,0.0,0.6,0.0,0.1,0.03
8,PE_FED,-0.019598,0.2,0.25,0.35,0.5,0.75,0.8,0.9,0.5,0.0,0.0,0.08,0.05
8,PE_PB_FED,-0.019598,0.1,0.3,0.35,0.65,0.7,0.75,0.85,0.5,0.65,0.75,0.1,0.04
6,PE_PB_FED,-0.019599,0.15,0.25,0.35,0.55,0.75,0.85,0.95,0.0,0.6,0.75,0.06,0.04
8,PE_FED,-0.019599,0.05,0.15,0.35,0.5,0.7,0.85,0.95,1.0,0.0,0.0,0.1,0.03
6,PE_only,-0.019607,0.1,0.3,0.45,0.55,0.7,0.75,0.9,0.0,0.0,0.0,0.08,0.05
6,PE_PB_FED,-0.019607,0.1,0.25,0.3,0.7,0.7,0.85,0.95,-0.5,0.5,0.8,0.08,0.03
8,PE_PB,-0.019608,0.05,0.25,0.35,0.5,0.75,0.85,0.95,0.0,0.55,0.0,0.12,0.04
8,PE_PB,-0.019608,0.05,0.25,0.35,0.5,0.65,0.85,0.95,0.0,0.55,0.0,0.08,0.04
6,PE_PB,-0.019609,0.05,0.3,0.4,0.65,0.75,0.85,0.95,0.0,0.6,0.0,0.1,0.05
6,PE_PB,-0.019609,0.2,0.25,0.35,0.6,0.65,0.75,0.9,0.0,0.65,0.0,0.08,0.05
6,PE_FED,-0.019609,0.1,0.3,0.35,0.5,0.7,0.75,0.9,0.0,0.0,0.0,0.06,0.04
6,PE_PB,-0.019611,0.15,0.25,0.45,0.6,0.7,0.85,0.95,0.0,0.6,0.0,0.08,0.05
8,PE_PB,-0.019611,0.1,0.15,0.45,0.5,0.65,0.75,0.85,0.0,0.6,0.0,0.1,0.05
6,PE_PB,-0.019612,0.2,0.25,0.35,0.7,0.7,0.8,0.9,0.0,0.6,0.0,0.1,0.05
6,PE_PB_FED,-0.019618,0.05,0.25,0.4,0.65,0.7,0.8,0.95,0.0,0.5,0.75,0.08,0.05
6,PE_PB_FED,-0.019626,0.1,0.3,0.35,0.7,0.7,0.75,0.95,-0.5,0.5,0.75,0.12,0.03
8,PE_PB_FED,-0.019627,0.15,0.25,0.45,0.55,0.65,0.75,0.85,-0.5,0.5,0.75,0.1,0.05
6,PE_PB,-0.019629,0.1,0.15,0.35,0.65,0.75,0.85,0.95,0.0,0.5,0.0,0.08,0.05
8,PE_FED,-0.01963,0.2,0.3,0.4,0.65,0.7,0.75,0.85,0.5,0.0,0.0,0.06,0.05
6,PE_only,-0.019635,0.2,0.3,0.35,0.6,0.65,0.8,0.85,0.0,0.0,0.0,0.1,0.05
6,PE_PB_FED,-0.019637,0.2,0.3,0.45,0.7,0.65,0.85,0.95,-0.5,0.6,0.7,0.1,0.04
6,PE_PB_FED,-0.019637,0.05,0.2,0.3,0.65,0.75,0.85,0.9,0.0,0.6,0.8,0.06,0.05
8,PE_PB_FED,-0.019637,0.05,0.25,0.4,0.5,0.65,0.75,0.9,0.5,0.55,0.7,0.1,0.04
6,PE_PB_FED,-0.019638,0.15,0.2,0.3,0.65,0.65,0.8,0.85,-0.5,0.6,0.75,0.12,0.03
8,PE_FED,-0.019638,0.15,0.25,0.3,0.5,0.7,0.75,0.95,1.0,0.0,0.0,0.12,0.05
6,PE_FED,-0.019644,0.1,0.2,0.35,0.5,0.7,0.85,0.9,0.0,0.0,0.0,0.06,0.03
6,PE_PB,-0.019647,0.15,0.3,0.45,0.7,0.65,0.8,0.9,0.0,0.6,0.0,0.08,0.03
8,PE_PB,-0.019647,0.1,0.3,0.35,0.6,0.75,0.85,0.9,0.0,0.6,0.0,0.1,0.04
8,PE_PB,-0.019648,0.05,0.15,0.3,0.5,0.75,0.85,0.9,0.0,0.6,0.0,0.06,0.05
6,PE_PB,-0.019649,0.2,0.3,0.4,0.6,0.7,0.85,0.95,0.0,0.65,0.0,0.1,0.04
8,PE_PB,-0.01965,0.15,0.3,0.35,0.6,0.65,0.75,0.9,0.0,0.5,0.0,0.12,0.04
6,PE_PB,-0.019652,0.05,0.3,0.45,0.6,0.7,0.8,0.95,0.0,0.6,0.0,0.1,0.05
6,PB_FED,-0.019652,0.05,0.25,0.45,0.5,0.7,0.75,0.95,0.5,0.0,0.0,0.06,0.03
6,PE_only,-0.019656,0.2,0.25,0.3,0.55,0.7,0.75,0.85,0.0,0.0,0.0,0.1,0.04
6,PE_PB_FED,-0.019656,0.1,0.2,0.45,0.6,0.75,0.85,0.9,0.0,0.65,0.75,0.1,0.03
8,PE_FED,-0.019656,0.1,0.15,0.35,0.5,0.7,0.75,0.9,1.0,0.0,0.0,0.06,0.03
8,PE_FED,-0.019663,0.1,0.15,0.4,0.6,0.75,0.85,0.95,1.0,0.0,0.0,0.08,0.04
8,PE_PB,-0.019664,0.05,0.3,0.4,0.6,0.65,0.8,0.85,0.0,0.6,0.0,0.12,0.03
8,PE_FED,-0.019664,0.1,0.25,0.3,0.65,0.65,0.8,0.95,1.0,0.0,0.0,0.08,0.05
6,PE_PB,-0.019665,0.05,0.2,0.4,0.7,0.7,0.85,0.95,0.0,0.5,0.0,0.06,0.04
8,PE_PB,-0.019667,0.1,0.2,0.45,0.6,0.7,0.8,0.9,0.0,0.5,0.0,0.06,0.05
8,PE_PB,-0.019668,0.05,0.25,0.45,0.65,0.75,0.8,0.9,0.0,0.5,0.0,0.12,0.05
6,PB_FED,-0.019669,0.1,0.25,0.45,0.6,0.7,0.8,0.9,0.5,0.0,0.0,0.12,0.05
8,PE_PB,-0.019669,0.1,0.25,0.45,0.5,0.75,0.8,0.9,0.0,0.65,0.0,0.1,0.04
8,PE_only,-0.01967,0.2,0.3,0.45,0.5,0.65,0.75,0.85,0.0,0.0,0.0,0.06,0.04
8,PE_PB_FED,-0.019671,0.05,0.15,0.3,0.55,0.7,0.85,0.95,1.0,0.65,0.7,0.12,0.03
6,PE_PB_FED,-0.019672,0.05,0.15,0.3,0.55,0.75,0.85,0.95,0.0,0.5,0.75,0.06,0.04
8,PE_PB,-0.019675,0.15,0.25,0.35,0.7,0.75,0.8,0.85,0.0,0.5,0.0,0.12,0.05
6,PE_PB_FED,-0.019678,0.1,0.15,0.45,0.65,0.7,0.85,0.95,-0.5,0.5,0.75,0.12,0.04
6,PE_PB,-0.019682,0.2,0.25,0.4,0.7,0.75,0.8,0.9,0.0,0.6,0.0,0.06,0.05
8,PE_PB,-0.019682,0.2,0.25,0.35,0.6,0.65,0.8,0.85,0.0,0.6,0.0,0.06,0.05
6,PE_PB,-0.019687,0.1,0.25,0.45,0.65,0.75,0.85,0.95,0.0,0.55,0.0,0.1,0.05
8,PE_PB,-0.019696,0.15,0.2,0.4,0.55,0.65,0.8,0.85,0.0,0.55,0.0,0.1,0.04
6,PE_PB,-0.019697,0.1,0.2,0.45,0.65,0.75,0.8,0.95,0.0,0.5,0.0,0.1,0.05
6,PE_only,-0.0197,0.2,0.3,0.35,0.55,0.75,0.8,0.9,0.0,0.0,0.0,0.06,0.03
6,PE_PB,-0.0197,0.1,0.25,0.3,0.5,0.65,0.8,0.95,0.0,0.6,0.0,0.1,0.03
6,PB_FED,-0.0197,0.15,0.25,0.3,0.5,0.7,0.75,0.9,0.5,0.0,0.0,0.1,0.04
8,PE_PB,-0.0197,0.2,0.3,0.45,0.65,0.75,0.85,0.95,0.0,0.5,0.0,0.08,0.03
6,PE_PB,-0.019703,0.1,0.25,0.45,0.6,0.75,0.85,0.95,0.0,0.6,0.0,0.12,0.05
6,PE_PB,-0.019711,0.15,0.2,0.45,0.55,0.65,0.85,0.95,0.0,0.6,0.0,0.1,0.04
8,PE_PB,-0.019711,0.15,0.25,0.35,0.55,0.65,0.75,0.9,0.0,0.5,0.0,0.12,0.05
6,PB_FED,-0.019712,0.05,0.25,0.45,0.6,0.65,0.8,0.9,0.5,0.0,0.0,0.08,0.04
8,PE_PB_FED,-0.019712,0.1,0.25,0.35,0.5,0.75,0.85,0.95,0.5,0.55,0.7,0.1,0.04
8,PE_PB_FED,-0.019718,0.05,0.2,0.4,0.6,0.75,0.8,0.85,0.5,0.6,0.8,0.12,0.03
6,PE_only,-0.019719,0.05,0.25,0.3,0.55,0.7,0.85,0.9,0.0,0.0,0.0,0.12,0.03
8,PE_PB_FED,-0.019719,0.05,0.3,0.45,0.6,0.7,0.8,0.9,-0.5,0.5,0.75,0.06,0.05
8,PE_only,-0.01972,0.1,0.3,0.35,0.5,0.7,0.8,0.85,0.0,0.0,0.0,0.08,0.04
8,PE_PB,-0.019724,0.2,0.25,0.45,0.65,0.65,0.75,0.9,0.0,0.5,0.0,0.1,0.05
8,PE_PB,-0.019725,0.15,0.25,0.35,0.55,0.75,0.8,0.9,0.0,0.5,0.0,0.1,0.03
8,PE_PB,-0.019726,0.2,0.3,0.4,0.7,0.7,0.8,0.9,0.0,0.5,0.0,0.06,0.04
6,PE_PB,-0.019727,0.2,0.25,0.4,0.55,0.65,0.8,0.95,0.0,0.6,0.0,0.1,0.05
6,PB_FED,-0.019728,0.05,0.25,0.35,0.6,0.65,0.8,0.95,0.5,0.0,0.0,0.06,0.05
6,PE_only,-0.019731,0.1,0.3,0.45,0.6,0.65,0.8,0.85,0.0,0.0,0.0,0.12,0.05
6,PE_PB_FED,-0.019731,0.15,0.2,0.3,0.5,0.65,0.85,0.95,0.0,0.55,0.7,0.06,0.03
8,PE_PB_FED,-0.019734,0.05,0.25,0.4,0.6,0.7,0.75,0.85,0.5,0.6,0.75,0.08,0.03
8,PE_PB_FED,-0.019736,0.15,0.3,0.45,0.5,0.7,0.75,0.85,-0.5,0.65,0.8,0.06,0.04
6,PE_PB,-0.019738,0.05,0.25,0.4,0.6,0.7,0.8,0.9,0.0,0.65,0.0,0.08,0.05
6,PE_PB,-0.01974,0.05,0.3,0.45,0.6,0.75,0.8,0.95,0.0,0.55,0.0,0.12,0.03
6,PE_only,-0.019743,0.1,0.25,0.35,0.5,0.7,0.8,0.9,0.0,0.0,0.0,0.1,0.03
6,PE_PB_FED,-0.019743,0.1,0.15,0.35,0.7,0.75,0.8,0.9,-0.5,0.5,0.75,0.12,0.04
6,PE_PB,-0.019746,0.1,0.2,0.3,0.6,0.75,0.8,0.9,0.0,0.6,0.0,0.08,0.05
6,PE_FED,-0.019746,0.2,0.3,0.35,0.6,0.7,0.85,0.9,-0.5,0.0,0.0,0.08,0.05
6,PE_PB,-0.019751,0.05,0.3,0.35,0.65,0.65,0.8,0.85,0.0,0.65,0.0,0.12,0.05
8,PE_PB,-0.019752,0.1,0.15,0.35,0.55,0.7,0.8,0.85,0.0,0.5,0.0,0.08,0.03
6,PE_only,-0.019756,0.05,0.2,0.4,0.5,0.75,0.8,0.9,0.0,0.0,0.0,0.08,0.05
6,PE_only,-0.019762,0.05,0.3,0.45,0.6,0.75,0.8,0.85,0.0,0.0,0.0,0.08,0.04
6,PE_PB,-0.019762,0.05,0.2,0.35,0.7,0.65,0.75,0.85,0.0,0.55,0.0,0.06,0.05
6,PE_PB,-0.019765,0.05,0.25,0.4,0.65,0.75,0.8,0.9,0.0,0.6,0.0,0.08,0.05
8,PE_PB,-0.019766,0.15,0.25,0.35,0.5,0.7,0.8,0.9,0.0,0.6,0.0,0.06,0.03
8,PE_PB,-0.019769,0.15,0.25,0.45,0.7,0.75,0.8,0.85,0.0,0.5,0.0,0.12,0.04
8,PE_PB,-0.01977,0.1,0.2,0.45,0.55,0.75,0.8,0.85,0.0,0.6,0.0,0.08,0.05
8,PE_PB,-0.019773,0.1,0.2,0.4,0.5,0.65,0.75,0.85,0.0,0.6,0.0,0.06,0.03
6,PE_PB,-0.019775,0.1,0.25,0.3,0.5,0.7,0.75,0.95,0.0,0.6,0.0,0.12,0.04
6,PE_only,-0.019782,0.2,0.25,0.45,0.5,0.65,0.85,0.95,0.0,0.0,0.0,0.1,0.03
8,PE_PB,-0.019787,0.05,0.15,0.3,0.55,0.65,0.85,0.9,0.0,0.5,0.0,0.08,0.05
6,PE_PB,-0.019789,0.1,0.2,0.4,0.6,0.7,0.75,0.9,0.0,0.55,0.0,0.12,0.05
8,PE_PB,-0.019789,0.05,0.25,0.35,0.55,0.7,0.8,0.85,0.0,0.6,0.0,0.12,0.03
8,PE_PB,-0.019793,0.15,0.2,0.45,0.55,0.65,0.75,0.85,0.0,0.55,0.0,0.08,0.05
6,PB_FED,-0.019794,0.15,0.2,0.3,0.5,0.75,0.8,0.95,0.5,0.0,0.0,0.06,0.03
8,PE_FED,-0.019795,0.15,0.3,0.45,0.65,0.65,0.8,0.85,0.5,0.0,0.0,0.06,0.03
6,PE_only,-0.019796,0.1,0.15,0.45,0.5,0.65,0.75,0.85,0.0,0.0,0.0,0.06,0.03
8,PE_FED,-0.019796,0.1,0.3,0.45,0.55,0.65,0.75,0.95,1.0,0.0,0.0,0.1,0.03
6,PE_only,-0.019798,0.2,0.3,0.45,0.5,0.7,0.8,0.95,0.0,0.0,0.0,0.06,0.05
6,PE_only,-0.019801,0.05,0.15,0.3,0.5,0.75,0.85,0.9,0.0,0.0,0.0,0.08,0.05
6,PE_PB,-0.019802,0.1,0.2,0.3,0.65,0.65,0.75,0.85,0.0,0.55,0.0,0.06,0.03
6,PB_FED,-0.019814,0.2,0.3,0.45,0.7,0.7,0.75,0.9,0.5,0.0,0.0,0.12,0.05
8,PE_PB_FED,-0.019816,0.05,0.3,0.4,0.55,0.7,0.85,0.95,0.5,0.6,0.7,0.06,0.05
6,PE_PB,-0.01982,0.1,0.2,0.35,0.6,0.7,0.8,0.85,0.0,0.65,0.0,0.06,0.04
6,PE_only,-0.019821,0.2,0.3,0.4,0.55,0.7,0.8,0.9,0.0,0.0,0.0,0.1,0.03
6,PE_PB,-0.019821,0.15,0.2,0.35,0.6,0.75,0.8,0.9,0.0,0.55,0.0,0.06,0.04
6,PB_FED,-0.019821,0.05,0.2,0.4,0.65,0.65,0.85,0.95,0.5,0.0,0.0,0.12,0.05
8,PE_PB_FED,-0.019823,0.15,0.2,0.4,0.7,0.7,0.75,0.85,0.5,0.5,0.8,0.06,0.05
8,PE_PB,-0.019827,0.1,0.25,0.45,0.55,0.65,0.85,0.9,0.0,0.65,0.0,0.08,0.05
6,PB_FED,-0.019832,0.05,0.25,0.4,0.7,0.75,0.8,0.95,0.5,0.0,0.0,0.12,0.05
6,PE_PB,-0.019833,0.15,0.25,0.4,0.7,0.65,0.85,0.9,0.0,0.6,0.0,0.08,0.03
6,PE_PB,-0.019835,0.15,0.3,0.35,0.7,0.7,0.8,0.9,0.0,0.6,0.0,0.08,0.05
6,PE_only,-0.019838,0.1,0.3,0.35,0.5,0.65,0.85,0.95,0.0,0.0,0.0,0.12,0.05
6,PB_FED,-0.019838,0.15,0.2,0.4,0.65,0.75,0.85,0.9,0.5,0.0,0.0,0.08,0.05
8,PE_PB,-0.019843,0.1,0.2,0.4,0.55,0.65,0.8,0.85,0.0,0.55,0.0,0.06,0.04
8,PB_FED,-0.019845,0.05,0.15,0.4,0.5,0.65,0.8,0.85,1.0,0.0,0.0,0.08,0.05
8,PE_PB,-0.019846,0.15,0.25,0.45,0.6,0.7,0.75,0.85,0.0,0.55,0.0,0.06,0.05
6,PE_PB_FED,-0.019849,0.1,0.15,0.4,0.55,0.65,0.75,0.9,0.0,0.5,0.8,0.06,0.03
6,PE_PB_FED,-0.019849,0.15,0.2,0.3,0.65,0.65,0.75,0.85,0.0,0.55,0.7,0.1,0.05
8,PE_PB,-0.019851,0.2,0.25,0.35,0.55,0.75,0.8,0.85,0.0,0.65,0.0,0.08,0.05
8,PE_PB_FED,-0.019851,0.15,0.3,0.35,0.5,0.65,0.8,0.85,0.0,0.55,0.75,0.08,0.04
6,PE_FED,-0.019852,0.15,0.3,0.45,0.5,0.75,0.85,0.95,0.0,0.0,0.0,0.12,0.04
6,PE_FED,-0.019852,0.15,0.3,0.45,0.5,0.65,0.85,0.95,0.0,0.0,0.0,0.06,0.04
6,PE_only,-0.019853,0.1,0.2,0.45,0.55,0.7,0.8,0.85,0.0,0.0,0.0,0.08,0.03
8,PB_FED,-0.019856,0.1,0.3,0.35,0.6,0.75,0.85,0.95,1.0,0.0,0.0,0.08,0.05
6,PE_PB,-0.019859,0.1,0.15,0.35,0.65,0.65,0.85,0.9,0.0,0.55,0.0,0.06,0.03
8,PE_PB_FED,-0.019861,0.2,0.25,0.45,0.55,0.7,0.85,0.95,0.5,0.55,0.7,0.06,0.03
6,PE_PB,-0.019863,0.05,0.25,0.4,0.6,0.7,0.85,0.95,0.0,0.55,0.0,0.1,0.04
6,PE_PB_FED,-0.019865,0.1,0.2,0.3,0.7,0.75,0.8,0.85,0.0,0.55,0.8,0.1,0.03
6,PB_FED,-0.019865,0.2,0.25,0.3,0.6,0.75,0.85,0.9,0.5,0.0,0.0,0.08,0.03
8,PE_PB,-0.019867,0.05,0.2,0.4,0.55,0.7,0.75,0.85,0.0,0.5,0.0,0.1,0.04
6,PE_only,-0.019869,0.1,0.15,0.45,0.5,0.7,0.75,0.85,0.0,0.0,0.0,0.12,0.04
6,PE_PB_FED,-0.019872,0.05,0.2,0.35,0.6,0.7,0.75,0.9,0.0,0.5,0.8,0.06,0.04
8,PE_PB,-0.019873,0.15,0.25,0.3,0.55,0.7,0.75,0.85,0.0,0.55,0.0,0.1,0.04
6,PE_PB,-0.019877,0.1,0.15,0.4,0.65,0.75,0.8,0.85,0.0,0.55,0.0,0.08,0.03
6,PE_PB,-0.019878,0.15,0.2,0.3,0.55,0.75,0.85,0.95,0.0,0.55,0.0,0.08,0.03
8,PE_PB_FED,-0.01988,0.1,0.25,0.3,0.6,0.65,0.75,0.95,1.0,0.6,0.8,0.06,0.04
8,PB_FED,-0.019884,0.1,0.25,0.35,0.55,0.75,0.85,0.9,1.0,0.0,0.0,0.1,0.04
6,PE_PB_FED,-0.019886,0.2,0.25,0.3,0.6,0.7,0.75,0.95,-0.5,0.5,0.8,0.06,0.03
6,PB_FED,-0.019886,0.2,0.25,0.4,0.6,0.65,0.75,0.95,0.5,0.0,0.0,0.12,0.04
6,PE_PB,-0.019893,0.1,0.2,0.45,0.7,0.75,0.85,0.95,0.0,0.5,0.0,0.08,0.03
8,PE_PB,-0.019893,0.05,0.3,0.4,0.7,0.65,0.75,0.85,0.0,0.5,0.0,0.06,0.03
8,PE_PB,-0.019894,0.1,0.15,0.4,0.55,0.75,0.8,0.85,0.0,0.5,0.0,0.1,0.03
6,PE_PB,-0.019895,0.15,0.25,0.4,0.65,0.65,0.75,0.85,0.0,0.6,0.0,0.1,0.03
6,PE_PB,-0.019897,0.1,0.2,0.45,0.55,0.65,0.8,0.9,0.0,0.65,0.0,0.12,0.03
6,PB_FED,-0.0199,0.05,0.2,0.4,0.7,0.75,0.85,0.95,0.5,0.0,0.0,0.1,0.04
8,PE_FED,-0.019903,0.15,0.3,0.45,0.7,0.65,0.8,0.95,1.0,0.0,0.0,0.08,0.03
6,PE_PB,-0.019909,0.1,0.25,0.3,0.65,0.7,0.8,0.9,0.0,0.55,0.0,0.06,0.04
8,PE_PB,-0.01991,0.15,0.25,0.35,0.55,0.7,0.8,0.85,0.0,0.6,0.0,0.08,0.04
6,PE_PB_FED,-0.019911,0.15,0.2,0.45,0.5,0.7,0.85,0.95,0.0,0.6,0.8,0.1,0.03
8,PE_PB,-0.019911,0.2,0.3,0.4,0.55,0.65,0.8,0.95,0.0,0.5,0.0,0.08,0.05
6,PE_PB_FED,-0.019912,0.05,0.3,0.45,0.6,0.7,0.8,0.95,-0.5,0.6,0.7,0.1,0.05
6,PB_FED,-0.019915,0.15,0.25,0.35,0.65,0.7,0.85,0.9,0.5,0.0,0.0,0.08,0.04
6,PE_PB_FED,-0.01992,0.15,0.25,0.35,0.6,0.65,0.75,0.9,-0.5,0.6,0.7,0.12,0.05
8,PE_only,-0.01992,0.15,0.3,0.4,0.5,0.7,0.8,0.85,0.0,0.0,0.0,0.06,0.05
6,PE_PB,-0.019921,0.15,0.2,0.4,0.6,0.75,0.8,0.9,0.0,0.55,0.0,0.06,0.04
6,PE_only,-0.019922,0.1,0.2,0.3,0.5,0.7,0.75,0.85,0.0,0.0,0.0,0.12,0.03
6,PE_PB,-0.019922,0.05,0.2,0.3,0.7,0.7,0.8,0.85,0.0,0.55,0.0,0.08,0.05
8,PE_PB_FED,-0.019922,0.05,0.25,0.35,0.65,0.65,0.8,0.85,0.5,0.65,0.8,0.1,0.05
8,PE_PB,-0.019926,0.05,0.25,0.3,0.55,0.75,0.8,0.85,0.0,0.6,0.0,0.12,0.05
6,PE_PB_FED,-0.019927,0.15,0.2,0.35,0.55,0.7,0.8,0.9,0.0,0.55,0.8,0.08,0.03
6,PE_only,-0.019932,0.1,0.15,0.3,0.5,0.75,0.85,0.9,0.0,0.0,0.0,0.12,0.05
6,PE_PB,-0.019933,0.1,0.2,0.4,0.6,0.75,0.8,0.9,0.0,0.55,0.0,0.1,0.04
6,PB_FED,-0.019935,0.1,0.25,0.4,0.6,0.75,0.8,0.95,0.5,0.0,0.0,0.1,0.04
6,PB_FED,-0.019935,0.1,0.25,0.35,0.7,0.65,0.85,0.95,0.5,0.0,0.0,0.06,0.04
6,PE_PB_FED,-0.019938,0.15,0.3,0.45,0.65,0.65,0.75,0.95,0.0,0.5,0.75,0.06,0.03
6,PE_PB_FED,-0.019941,0.05,0.25,0.3,0.7,0.65,0.8,0.9,-0.5,0.55,0.75,0.1,0.04
8,PE_only,-0.019942,0.2,0.25,0.45,0.5,0.75,0.8,0.85,0.0,0.0,0.0,0.1,0.05
6,PE_only,-0.019946,0.1,0.15,0.4,0.5,0.75,0.85,0.9,0.0,0.0,0.0,0.06,0.03
6,PE_FED,-0.019947,0.15,0.2,0.3,0.5,0.65,0.75,0.85,-0.5,0.0,0.0,0.08,0.05
6,PE_PB,-0.019948,0.1,0.15,0.35,0.7,0.65,0.8,0.9,0.0,0.5,0.0,0.12,0.04
6,PE_PB,-0.019948,0.15,0.3,0.4,0.55,0.65,0.8,0.95,0.0,0.6,0.0,0.1,0.04
6,PE_FED,-0.019949,0.15,0.3,0.45,0.5,0.7,0.85,0.95,0.0,0.0,0.0,0.08,0.05
6,PE_PB,-0.01995,0.15,0.2,0.45,0.7,0.7,0.75,0.85,0.0,0.55,0.0,0.08,0.03
8,PE_only,-0.019952,0.05,0.3,0.35,0.5,0.65,0.8,0.85,0.0,0.0,0.0,0.1,0.05
6,PE_PB_FED,-0.019955,0.15,0.25,0.35,0.55,0.7,0.75,0.95,0.0,0.5,0.7,0.1,0.05
8,PE_PB,-0.019955,0.15,0.2,0.3,0.5,0.65,0.75,0.85,0.0,0.6,0.0,0.08,0.05
6,PE_PB_FED,-0.019957,0.1,0.3,0.45,0.65,0.7,0.85,0.95,-0.5,0.6,0.7,0.1,0.05
6,PB_FED,-0.01996,0.1,0.3,0.35,0.65,0.7,0.85,0.9,0.5,0.0,0.0,0.1,0.03
8,PE_PB,-0.019961,0.05,0.25,0.45,0.65,0.75,0.85,0.9,0.0,0.55,0.0,0.1,0.05
6,PE_PB,-0.019964,0.05,0.25,0.35,0.65,0.75,0.8,0.95,0.0,0.5,0.0,0.06,0.05
6,PE_PB,-0.01997,0.1,0.25,0.3,0.65,0.7,0.75,0.85,0.0,0.6,0.0,0.06,0.04
6,PE_PB_FED,-0.019971,0.2,0.3,0.45,0.6,0.7,0.85,0.95,-0.5,0.65,0.75,0.12,0.04
8,PE_PB,-0.019978,0.1,0.25,0.4,0.55,0.65,0.8,0.9,0.0,0.5,0.0,0.12,0.03
6,PE_only,-0.019981,0.1,0.3,0.4,0.5,0.75,0.85,0.95,0.0,0.0,0.0,0.12,0.05
6,PE_PB_FED,-0.019981,0.15,0.25,0.45,0.65,0.7,0.8,0.9,0.0,0.6,0.7,0.06,0.04
8,PE_PB_FED,-0.019984,0.2,0.3,0.35,0.5,0.65,0.8,0.9,0.0,0.5,0.7,0.12,0.05
8,PE_only,-0.019987,0.2,0.3,0.45,0.5,0.7,0.75,0.85,0.0,0.0,0.0,0.06,0.04
8,PE_PB,-0.019987,0.1,0.2,0.45,0.6,0.75,0.85,0.9,0.0,0.55,0.0,0.06,0.05
6,PE_PB,-0.019989,0.1,0.3,0.4,0.65,0.75,0.85,0.95,0.0,0.55,0.0,0.12,0.03
8,PE_PB,-0.019991,0.05,0.25,0.35,0.5,0.7,0.8,0.9,0.0,0.6,0.0,0.08,0.04
6,PE_PB,-0.019992,0.15,0.2,0.3,0.5,0.65,0.75,0.9,0.0,0.65,0.0,0.06,0.03
6,PE_PB,-0.019995,0.1,0.15,0.35,0.6,0.75,0.8,0.85,0.0,0.6,0.0,0.12,0.04
6,PB_FED,-0.019997,0.05,0.2,0.3,0.55,0.7,0.85,0.9,0.5,0.0,0.0,0.08,0.04
8,PE_PB,-0.019997,0.2,0.25,0.4,0.6,0.75,0.8,0.9,0.0,0.5,0.0,0.08,0.03
6,PE_PB,-0.019998,0.05,0.15,0.3,0.65,0.7,0.8,0.9,0.0,0.5,0.0,0.1,0.04
6,PE_PB_FED,-0.02,0.15,0.2,0.35,0.65,0.75,0.8,0.85,-0.5,0.6,0.75,0.08,0.03
6,PE_FED,-0.020004,0.1,0.2,0.35,0.5,0.7,0.8,0.85,0.0,0.0,0.0,0.1,0.03
6,PE_PB,-0.020009,0.05,0.25,0.3,0.6,0.7,0.8,0.9,0.0,0.6,0.0,0.12,0.04
6,PE_PB,-0.02001,0.15,0.25,0.35,0.7,0.75,0.8,0.85,0.0,0.6,0.0,0.1,0.05
8,PE_FED,-0.020011,0.2,0.25,0.4,0.55,0.7,0.75,0.95,1.0,0.0,0.0,0.08,0.03
8,PE_PB,-0.020013,0.2,0.25,0.4,0.6,0.7,0.75,0.85,0.0,0.55,0.0,0.06,0.04
6,PB_FED,-0.020016,0.05,0.25,0.4,0.5,0.7,0.75,0.95,0.5,0.0,0.0,0.08,0.03
6,PE_PB,-0.02002,0.2,0.25,0.45,0.6,0.7,0.8,0.9,0.0,0.65,0.0,0.1,0.03
6,PE_FED,-0.02003,0.05,0.15,0.45,0.5,0.7,0.75,0.85,0.0,0.0,0.0,0.08,0.03
6,PE_only,-0.020033,0.15,0.25,0.4,0.55,0.7,0.8,0.85,0.0,0.0,0.0,0.1,0.04
6,PE_only,-0.020033,0.1,0.25,0.3,0.55,0.7,0.8,0.85,0.0,0.0,0.0,0.06,0.05
6,PE_PB,-0.020033,0.1,0.25,0.45,0.7,0.7,0.8,0.85,0.0,0.6,0.0,0.06,0.03
6,PB_FED,-0.02004,0.1,0.25,0.4,0.65,0.7,0.8,0.85,0.5,0.0,0.0,0.08,0.05
6,PE_PB,-0.02005,0.1,0.2,0.3,0.5,0.7,0.8,0.95,0.0,0.55,0.0,0.06,0.05
6,PB_FED,-0.020051,0.15,0.3,0.35,0.6,0.65,0.8,0.9,0.5,0.0,0.0,0.08,0.03
8,PB_FED,-0.020052,0.05,0.25,0.4,0.6,0.7,0.8,0.85,1.0,0.0,0.0,0.12,0.05
6,PE_only,-0.020053,0.1,0.15,0.4,0.5,0.7,0.8,0.85,0.0,0.0,0.0,0.12,0.04
6,PE_PB_FED,-0.020058,0.1,0.15,0.35,0.6,0.65,0.75,0.85,0.0,0.55,0.75,0.08,0.04
8,PE_PB_FED,-0.02006,0.2,0.3,0.4,0.55,0.65,0.8,0.85,0.0,0.5,0.8,0.1,0.04
8,PB_FED,-0.020066,0.15,0.25,0.45,0.5,0.75,0.8,0.9,1.0,0.0,0.0,0.06,0.05
8,PB_FED,-0.020071,0.15,0.25,0.4,0.55,0.65,0.8,0.85,1.0,0.0,0.0,0.08,0.05
6,PE_PB,-0.020072,0.05,0.15,0.45,0.6,0.7,0.8,0.9,0.0,0.55,0.0,0.12,0.05
8,PE_PB_FED,-0.020072,0.2,0.25,0.45,0.65,0.65,0.8,0.9,0.5,0.55,0.75,0.1,0.03
6,PE_PB_FED,-0.020075,0.1,0.25,0.3,0.5,0.65,0.75,0.95,-0.5,0.55,0.75,0.1,0.03
6,PE_PB,-0.020081,0.15,0.25,0.4,0.6,0.7,0.75,0.9,0.0,0.55,0.0,0.08,0.04
6,PE_only,-0.020082,0.05,0.3,0.35,0.55,0.7,0.8,0.9,0.0,0.0,0.0,0.12,0.05
6,PE_PB,-0.020082,0.1,0.2,0.35,0.55,0.75,0.85,0.95,0.0,0.55,0.0,0.06,0.03
6,PE_PB_FED,-0.020084,0.15,0.2,0.4,0.6,0.65,0.75,0.85,-0.5,0.6,0.75,0.12,0.03
6,PB_FED,-0.020084,0.05,0.15,0.45,0.55,0.75,0.8,0.85,0.5,0.0,0.0,0.12,0.05
6,PE_only,-0.020089,0.1,0.2,0.3,0.5,0.7,0.75,0.85,0.0,0.0,0.0,0.06,0.05
6,PB_FED,-0.020092,0.15,0.25,0.4,0.7,0.65,0.85,0.9,0.5,0.0,0.0,0.12,0.04
8,PE_PB,-0.020094,0.05,0.25,0.35,0.6,0.75,0.8,0.85,0.0,0.55,0.0,0.08,0.05
6,PE_only,-0.020095,0.15,0.25,0.4,0.55,0.75,0.8,0.85,0.0,0.0,0.0,0.06,0.03
6,PE_only,-0.020095,0.15,0.25,0.4,0.55,0.75,0.8,0.85,0.0,0.0,0.0,0.12,0.03
8,PE_PB,-0.020095,0.1,0.25,0.35,0.7,0.65,0.85,0.9,0.0,0.5,0.0,0.1,0.05
6,PE_PB_FED,-0.020102,0.1,0.25,0.4,0.6,0.65,0.75,0.9,0.0,0.55,0.75,0.08,0.03
6,PE_PB_FED,-0.020105,0.15,0.2,0.35,0.5,0.65,0.8,0.95,-0.5,0.55,0.7,0.12,0.04
6,PE_only,-0.020108,0.15,0.25,0.45,0.55,0.75,0.85,0.9,0.0,0.0,0.0,0.06,0.04
6,PE_PB,-0.020108,0.1,0.25,0.35,0.65,0.7,0.8,0.95,0.0,0.5,0.0,0.08,0.05
6,PE_PB_FED,-0.020111,0.05,0.15,0.4,0.5,0.75,0.85,0.95,-0.5,0.6,0.7,0.1,0.05
6,PE_PB,-0.020115,0.1,0.2,0.3,0.7,0.7,0.85,0.9,0.0,0.55,0.0,0.08,0.05
6,PE_only,-0.020116,0.15,0.25,0.45,0.5,0.7,0.75,0.9,0.0,0.0,0.0,0.12,0.05
8,PE_PB,-0.020121,0.1,0.2,0.4,0.55,0.75,0.8,0.85,0.0,0.55,0.0,0.12,0.04
8,PE_PB_FED,-0.020122,0.15,0.25,0.3,0.5,0.75,0.8,0.9,0.5,0.55,0.8,0.08,0.03
8,PE_PB_FED,-0.020125,0.1,0.2,0.4,0.55,0.65,0.8,0.95,1.0,0.65,0.8,0.1,0.05
6,PE_PB,-0.020126,0.1,0.15,0.3,0.55,0.65,0.8,0.9,0.0,0.55,0.0,0.06,0.04
8,PE_PB,-0.020127,0.2,0.25,0.45,0.55,0.75,0.8,0.85,0.0,0.65,0.0,0.12,0.03
8,PE_PB,-0.020127,0.1,0.25,0.4,0.5,0.65,0.85,0.95,0.0,0.55,0.0,0.08,0.05
6,PB_FED,-0.020129,0.2,0.3,0.4,0.7,0.7,0.75,0.85,0.5,0.0,0.0,0.1,0.04
6,PE_PB_FED,-0.020132,0.05,0.15,0.4,0.65,0.65,0.75,0.85,0.0,0.55,0.8,0.12,0.05
8,PE_FED,-0.020132,0.2,0.3,0.35,0.55,0.7,0.75,0.85,0.5,0.0,0.0,0.12,0.04
6,PE_PB,-0.020135,0.05,0.15,0.3,0.5,0.7,0.75,0.9,0.0,0.6,0.0,0.12,0.05
8,PE_PB_FED,-0.020135,0.15,0.2,0.3,0.5,0.7,0.8,0.9,0.5,0.55,0.75,0.08,0.05
6,PE_only,-0.020137,0.15,0.25,0.45,0.55,0.7,0.85,0.9,0.0,0.0,0.0,0.1,0.04
6,PE_FED,-0.020139,0.1,0.25,0.3,0.55,0.75,0.8,0.85,-0.5,0.0,0.0,0.08,0.05
8,PE_PB,-0.020139,0.2,0.3,0.45,0.55,0.65,0.8,0.9,0.0,0.65,0.0,0.1,0.05
8,PE_PB,-0.020142,0.15,0.2,0.3,0.5,0.65,0.75,0.85,0.0,0.55,0.0,0.12,0.03
8,PE_FED,-0.020143,0.15,0.25,0.35,0.5,0.65,0.8,0.85,0.5,0.0,0.0,0.1,0.03
6,PE_PB,-0.020146,0.1,0.15,0.3,0.55,0.7,0.85,0.9,0.0,0.65,0.0,0.1,0.03
8,PE_PB,-0.020149,0.1,0.3,0.35,0.6,0.7,0.85,0.95,0.0,0.5,0.0,0.12,0.05
6,PB_FED,-0.020152,0.2,0.25,0.35,0.55,0.7,0.75,0.85,0.5,0.0,0.0,0.08,0.04
6,PE_PB,-0.020153,0.1,0.3,0.4,0.55,0.65,0.8,0.95,0.0,0.6,0.0,0.1,0.05
6,PE_PB,-0.020154,0.05,0.25,0.4,0.65,0.7,0.8,0.9,0.0,0.55,0.0,0.08,0.04
6,PB_FED,-0.020154,0.15,0.25,0.45,0.55,0.75,0.8,0.9,0.5,0.0,0.0,0.08,0.03
8,PE_PB_FED,-0.020154,0.15,0.2,0.3,0.55,0.65,0.75,0.95,1.0,0.55,0.8,0.12,0.05
8,PE_PB,-0.02016,0.1,0.25,0.45,0.65,0.7,0.75,0.85,0.0,0.5,0.0,0.06,0.03
6,PE_PB,-0.020161,0.15,0.25,0.45,0.6,0.65,0.8,0.9,0.0,0.65,0.0,0.06,0.05
6,PE_only,-0.020165,0.05,0.25,0.3,0.55,0.75,0.85,0.9,0.0,0.0,0.0,0.1,0.05
6,PE_only,-0.020166,0.1,0.15,0.45,0.5,0.65,0.75,0.85,0.0,0.0,0.0,0.1,0.05
6,PE_only,-0.02017,0.05,0.2,0.4,0.5,0.7,0.75,0.85,0.0,0.0,0.0,0.1,0.04
6,PE_PB,-0.020182,0.05,0.15,0.45,0.55,0.7,0.75,0.85,0.0,0.65,0.0,0.08,0.03
8,PB_FED,-0.020187,0.2,0.3,0.45,0.6,0.65,0.8,0.85,1.0,0.0,0.0,0.08,0.03
8,PE_PB,-0.020193,0.2,0.3,0.45,0.55,0.75,0.8,0.95,0.0,0.5,0.0,0.12,0.04
6,PE_PB_FED,-0.020194,0.1,0.2,0.35,0.6,0.7,0.75,0.85,-0.5,0.6,0.7,0.08,0.04
6,PE_PB,-0.020195,0.1,0.25,0.4,0.6,0.7,0.75,0.85,0.0,0.65,0.0,0.1,0.04
8,PE_FED,-0.020201,0.05,0.3,0.35,0.5,0.65,0.75,0.95,1.0,0.0,0.0,0.08,0.03
8,PE_PB_FED,-0.020202,0.05,0.25,0.4,0.55,0.75,0.85,0.95,0.5,0.5,0.8,0.1,0.04
6,PE_FED,-0.020207,0.1,0.15,0.3,0.5,0.7,0.8,0.85,-0.5,0.0,0.0,0.1,0.05
8,PE_PB_FED,-0.020212,0.05,0.25,0.4,0.55,0.7,0.8,0.9,0.5,0.55,0.8,0.08,0.04
6,PE_PB,-0.020213,0.05,0.15,0.35,0.55,0.75,0.8,0.85,0.0,0.65,0.0,0.12,0.03
8,PE_PB_FED,-0.020214,0.15,0.2,0.45,0.55,0.65,0.75,0.85,0.5,0.55,0.75,0.06,0.03
6,PB_FED,-0.02022,0.1,0.25,0.35,0.55,0.75,0.8,0.9,0.5,0.0,0.0,0.06,0.04
8,PE_PB,-0.02022,0.15,0.2,0.45,0.5,0.65,0.85,0.9,0.0,0.65,0.0,0.12,0.04
6,PE_PB,-0.020221,0.15,0.2,0.35,0.55,0.65,0.75,0.9,0.0,0.55,0.0,0.12,0.03
6,PE_only,-0.020223,0.15,0.2,0.35,0.5,0.65,0.75,0.85,0.0,0.0,0.0,0.1,0.05
6,PE_PB,-0.020223,0.1,0.2,0.3,0.6,0.65,0.8,0.95,0.0,0.5,0.0,0.06,0.04
8,PE_PB,-0.020234,0.15,0.25,0.3,0.55,0.7,0.75,0.85,0.0,0.55,0.0,0.12,0.05
6,PE_PB,-0.020235,0.2,0.3,0.4,0.7,0.65,0.75,0.9,0.0,0.6,0.0,0.12,0.05
6,PE_PB_FED,-0.020239,0.05,0.25,0.45,0.7,0.75,0.85,0.95,-0.5,0.5,0.8,0.12,0.03
8,PE_PB_FED,-0.02024,0.05,0.25,0.3,0.6,0.7,0.75,0.95,1.0,0.5,0.8,0.1,0.03
8,PB_FED,-0.02024,0.05,0.2,0.4,0.5,0.65,0.85,0.95,1.0,0.0,0.0,0.06,0.05
6,PE_FED,-0.020241,0.05,0.15,0.35,0.5,0.65,0.8,0.85,-0.5,0.0,0.0,0.12,0.04
6,PE_only,-0.020242,0.2,0.25,0.4,0.55,0.65,0.75,0.85,0.0,0.0,0.0,0.1,0.05
6,PE_only,-0.020243,0.1,0.25,0.45,0.55,0.75,0.85,0.9,0.0,0.0,0.0,0.08,0.04
6,PE_PB,-0.020246,0.1,0.2,0.3,0.55,0.7,0.75,0.9,0.0,0.55,0.0,0.08,0.04
6,PE_PB_FED,-0.020248,0.2,0.3,0.45,0.55,0.65,0.75,0.95,-0.5,0.65,0.8,0.06,0.05
6,PE_PB,-0.020254,0.05,0.2,0.3,0.65,0.75,0.85,0.95,0.0,0.5,0.0,0.12,0.04
6,PE_only,-0.020257,0.15,0.2,0.3,0.5,0.65,0.85,0.9,0.0,0.0,0.0,0.06,0.04
6,PE_PB,-0.020258,0.1,0.2,0.3,0.55,0.65,0.75,0.85,0.0,0.65,0.0,0.08,0.03
6,PE_only,-0.020259,0.2,0.3,0.45,0.6,0.75,0.8,0.85,0.0,0.0,0.0,0.12,0.05
8,PE_PB,-0.020261,0.15,0.2,0.35,0.6,0.7,0.8,0.85,0.0,0.5,0.0,0.06,0.04
8,PE_PB,-0.020264,0.2,0.25,0.3,0.65,0.75,0.8,0.85,0.0,0.55,0.0,0.1,0.05
6,PB_FED,-0.020265,0.05,0.3,0.35,0.7,0.7,0.75,0.85,0.5,0.0,0.0,0.1,0.05
8,PE_PB,-0.020266,0.05,0.25,0.4,0.55,0.7,0.8,0.85,0.0,0.6,0.0,0.08,0.05
6,PE_FED,-0.020267,0.05,0.15,0.3,0.5,0.7,0.8,0.85,-0.5,0.0,0.0,0.1,0.05
6,PE_only,-0.020271,0.2,0.25,0.35,0.55,0.65,0.85,0.9,0.0,0.0,0.0,0.12,0.04
6,PE_PB,-0.020271,0.05,0.15,0.4,0.5,0.7,0.85,0.95,0.0,0.55,0.0,0.06,0.03
6,PE_PB,-0.020272,0.15,0.3,0.35,0.7,0.7,0.75,0.9,0.0,0.55,0.0,0.1,0.05
6,PE_PB,-0.020272,0.15,0.3,0.35,0.7,0.7,0.75,0.9,0.0,0.55,0.0,0.08,0.05
8,PE_FED,-0.020275,0.05,0.2,0.4,0.7,0.7,0.85,0.95,1.0,0.0,0.0,0.12,0.03
8,PE_PB_FED,-0.020275,0.2,0.25,0.3,0.6,0.7,0.8,0.9,0.5,0.55,0.8,0.06,0.04
8,PE_only,-0.020283,0.2,0.3,0.45,0.5,0.65,0.75,0.85,0.0,0.0,0.0,0.12,0.05
8,PE_PB,-0.020283,0.05,0.3,0.35,0.5,0.7,0.75,0.9,0.0,0.6,0.0,0.08,0.03
8,PE_FED,-0.020288,0.05,0.15,0.4,0.65,0.75,0.8,0.9,1.0,0.0,0.0,0.12,0.03
6,PE_PB,-0.020289,0.15,0.25,0.4,0.55,0.65,0.85,0.95,0.0,0.6,0.0,0.08,0.05
6,PE_FED,-0.020289,0.05,0.15,0.3,0.5,0.75,0.8,0.85,-0.5,0.0,0.0,0.12,0.05
8,PE_PB,-0.020289,0.1,0.3,0.45,0.65,0.7,0.8,0.9,0.0,0.5,0.0,0.08,0.03
6,PE_PB,-0.020291,0.1,0.2,0.4,0.65,0.65,0.85,0.95,0.0,0.5,0.0,0.06,0.03
8,PE_PB,-0.020294,0.05,0.3,0.35,0.55,0.75,0.85,0.9,0.0,0.65,0.0,0.12,0.03
6,PE_only,-0.020295,0.15,0.3,0.35,0.55,0.7,0.75,0.85,0.0,0.0,0.0,0.1,0.04
6,PE_PB,-0.020295,0.15,0.2,0.35,0.6,0.7,0.75,0.85,0.0,0.6,0.0,0.06,0.03
8,PE_PB,-0.020299,0.1,0.2,0.35,0.5,0.7,0.8,0.85,0.0,0.65,0.0,0.12,0.05
8,PE_PB_FED,-0.020305,0.2,0.3,0.4,0.55,0.65,0.8,0.9,0.5,0.65,0.8,0.06,0.04
8,PE_PB,-0.02031,0.15,0.3,0.35,0.6,0.75,0.85,0.9,0.0,0.6,0.0,0.1,0.05
8,PE_PB,-0.020312,0.2,0.25,0.35,0.6,0.75,0.8,0.9,0.0,0.5,0.0,0.08,0.04
6,PB_FED,-0.020318,0.05,0.2,0.4,0.6,0.65,0.8,0.85,0.5,0.0,0.0,0.08,0.05
6,PE_PB_FED,-0.020322,0.15,0.2,0.35,0.6,0.75,0.8,0.9,-0.5,0.55,0.7,0.08,0.04
6,PE_FED,-0.020329,0.05,0.2,0.45,0.5,0.7,0.75,0.85,0.0,0.0,0.0,0.08,0.05
6,PE_PB_FED,-0.020329,0.1,0.2,0.45,0.7,0.7,0.85,0.9,0.0,0.55,0.75,0.08,0.03
6,PE_PB,-0.02033,0.2,0.3,0.45,0.65,0.7,0.85,0.95,0.0,0.6,0.0,0.12,0.03
8,PE_PB,-0.020331,0.15,0.25,0.45,0.55,0.75,0.8,0.9,0.0,0.55,0.0,0.12,0.05
6,PE_only,-0.020339,0.05,0.15,0.45,0.5,0.7,0.85,0.9,0.0,0.0,0.0,0.1,0.04
6,PE_PB_FED,-0.020339,0.15,0.25,0.35,0.65,0.65,0.75,0.85,0.0,0.6,0.8,0.12,0.04
6,PE_PB,-0.02034,0.1,0.2,0.35,0.5,0.65,0.85,0.95,0.0,0.65,0.0,0.1,0.05
6,PE_only,-0.020344,0.1,0.15,0.4,0.5,0.65,0.8,0.85,0.0,0.0,0.0,0.08,0.05
6,PE_PB,-0.020344,0.1,0.15,0.45,0.7,0.75,0.8,0.9,0.0,0.5,0.0,0.06,0.04
6,PE_PB,-0.020346,0.1,0.15,0.35,0.55,0.7,0.8,0.9,0.0,0.55,0.0,0.1,0.04
6,PE_PB,-0.02035,0.05,0.2,0.4,0.5,0.7,0.75,0.9,0.0,0.65,0.0,0.08,0.03
8,PE_PB,-0.02035,0.15,0.2,0.35,0.5,0.65,0.8,0.9,0.0,0.5,0.0,0.08,0.03
6,PE_FED,-0.020352,0.05,0.3,0.45,0.6,0.75,0.8,0.85,-0.5,0.0,0.0,0.1,0.04
8,PE_PB,-0.020352,0.15,0.3,0.45,0.55,0.65,0.8,0.85,0.0,0.65,0.0,0.06,0.04
6,PE_PB_FED,-0.020356,0.05,0.25,0.4,0.55,0.7,0.75,0.9,0.0,0.6,0.8,0.1,0.04
8,PE_PB,-0.020356,0.1,0.25,0.4,0.55,0.65,0.8,0.9,0.0,0.5,0.0,0.12,0.04
6,PB_FED,-0.020357,0.15,0.25,0.3,0.6,0.7,0.85,0.95,0.5,0.0,0.0,0.08,0.05
6,PE_PB,-0.020358,0.15,0.2,0.3,0.6,0.75,0.8,0.95,0.0,0.5,0.0,0.1,0.05
8,PE_PB,-0.020362,0.1,0.25,0.45,0.55,0.65,0.8,0.85,0.0,0.6,0.0,0.08,0.03
6,PE_only,-0.020367,0.2,0.3,0.35,0.5,0.65,0.85,0.95,0.0,0.0,0.0,0.06,0.03
6,PE_PB,-0.020368,0.15,0.25,0.45,0.65,0.65,0.8,0.9,0.0,0.55,0.0,0.08,0.03
6,PE_PB,-0.020372,0.2,0.25,0.3,0.65,0.65,0.8,0.9,0.0,0.6,0.0,0.1,0.05
6,PE_FED,-0.020372,0.2,0.25,0.35,0.55,0.75,0.8,0.85,0.0,0.0,0.0,0.1,0.03
8,PE_PB_FED,-0.020372,0.05,0.2,0.3,0.55,0.7,0.8,0.85,0.5,0.6,0.7,0.06,0.05
8,PE_FED,-0.020373,0.05,0.2,0.45,0.5,0.7,0.8,0.85,0.5,0.0,0.0,0.1,0.04
6,PB_FED,-0.020377,0.15,0.25,0.4,0.65,0.75,0.8,0.85,0.5,0.0,0.0,0.1,0.05
6,PE_FED,-0.020379,0.2,0.25,0.35,0.55,0.75,0.8,0.85,0.0,0.0,0.0,0.12,0.04
6,PE_PB_FED,-0.020384,0.05,0.2,0.3,0.6,0.7,0.75,0.9,0.0,0.5,0.8,0.12,0.05
6,PE_PB_FED,-0.020385,0.2,0.25,0.45,0.65,0.65,0.75,0.85,0.0,0.65,0.7,0.12,0.05
8,PE_PB,-0.020386,0.1,0.15,0.4,0.5,0.75,0.8,0.9,0.0,0.5,0.0,0.1,0.05
6,PE_only,-0.020388,0.15,0.25,0.4,0.55,0.75,0.85,0.9,0.0,0.0,0.0,0.12,0.05
8,PE_PB_FED,-0.020389,0.05,0.15,0.4,0.5,0.75,0.85,0.9,0.5,0.6,0.75,0.08,0.03
8,PE_PB_FED,-0.020392,0.1,0.3,0.45,0.7,0.65,0.8,0.9,0.5,0.55,0.8,0.1,0.04
8,PB_FED,-0.020393,0.1,0.25,0.35,0.5,0.75,0.85,0.95,1.0,0.0,0.0,0.12,0.04
6,PE_FED,-0.020394,0.2,0.25,0.4,0.5,0.7,0.75,0.9,-0.5,0.0,0.0,0.12,0.05
6,PE_PB,-0.020396,0.1,0.3,0.35,0.6,0.75,0.85,0.95,0.0,0.6,0.0,0.1,0.05
6,PE_PB,-0.020398,0.05,0.25,0.35,0.7,0.75,0.85,0.9,0.0,0.55,0.0,0.06,0.04
6,PE_PB_FED,-0.020399,0.05,0.25,0.3,0.55,0.65,0.75,0.9,-0.5,0.6,0.8,0.08,0.03
6,PE_FED,-0.0204,0.1,0.15,0.45,0.5,0.7,0.75,0.85,-0.5,0.0,0.0,0.1,0.03
8,PE_FED,-0.020404,0.1,0.15,0.35,0.65,0.7,0.8,0.9,1.0,0.0,0.0,0.1,0.03
8,PE_FED,-0.020404,0.1,0.15,0.35,0.65,0.7,0.8,0.9,1.0,0.0,0.0,0.08,0.03
6,PE_PB,-0.020411,0.1,0.2,0.3,0.65,0.75,0.85,0.9,0.0,0.55,0.0,0.1,0.04
6,PE_PB_FED,-0.020411,0.05,0.2,0.45,0.65,0.65,0.85,0.95,-0.5,0.5,0.75,0.12,0.05
6,PE_PB_FED,-0.020411,0.15,0.3,0.45,0.7,0.7,0.85,0.95,0.0,0.55,0.75,0.08,0.05
8,PE_PB,-0.020413,0.1,0.25,0.3,0.6,0.75,0.85,0.9,0.0,0.55,0.0,0.08,0.05
6,PB_FED,-0.020426,0.1,0.15,0.45,0.5,0.75,0.85,0.9,0.5,0.0,0.0,0.1,0.03
8,PB_FED,-0.020428,0.05,0.3,0.45,0.55,0.7,0.8,0.95,1.0,0.0,0.0,0.1,0.04
8,PE_PB,-0.020429,0.1,0.25,0.35,0.65,0.65,0.8,0.85,0.0,0.5,0.0,0.1,0.04
8,PE_FED,-0.02043,0.1,0.25,0.45,0.55,0.7,0.8,0.95,1.0,0.0,0.0,0.1,0.04
8,PB_FED,-0.02043,0.15,0.2,0.45,0.5,0.65,0.85,0.95,1.0,0.0,0.0,0.12,0.04
8,PE_PB,-0.020433,0.15,0.3,0.4,0.7,0.75,0.85,0.9,0.0,0.5,0.0,0.06,0.04
8,PE_PB_FED,-0.020433,0.1,0.3,0.35,0.6,0.65,0.85,0.9,-0.5,0.5,0.7,0.12,0.04
8,PE_PB,-0.020439,0.05,0.3,0.35,0.6,0.65,0.75,0.9,0.0,0.5,0.0,0.1,0.05
6,PE_PB,-0.020445,0.2,0.25,0.45,0.6,0.7,0.85,0.95,0.0,0.6,0.0,0.1,0.04
6,PE_only,-0.020446,0.2,0.25,0.4,0.55,0.75,0.85,0.9,0.0,0.0,0.0,0.12,0.04
6,PE_PB,-0.020446,0.05,0.15,0.45,0.65,0.7,0.8,0.85,0.0,0.55,0.0,0.1,0.04
6,PE_PB,-0.020447,0.2,0.25,0.35,0.6,0.7,0.8,0.9,0.0,0.65,0.0,0.1,0.05
6,PE_PB,-0.020448,0.05,0.15,0.35,0.6,0.75,0.8,0.85,0.0,0.55,0.0,0.08,0.04
6,PE_PB_FED,-0.020449,0.05,0.15,0.45,0.55,0.65,0.75,0.85,0.0,0.65,0.8,0.1,0.05
6,PE_PB,-0.020453,0.05,0.25,0.45,0.6,0.75,0.85,0.95,0.0,0.55,0.0,0.12,0.04
6,PE_only,-0.020461,0.15,0.3,0.35,0.55,0.7,0.75,0.85,0.0,0.0,0.0,0.06,0.03
6,PE_PB,-0.020467,0.1,0.15,0.45,0.5,0.65,0.85,0.95,0.0,0.6,0.0,0.12,0.04
6,PE_PB,-0.020472,0.1,0.25,0.35,0.7,0.65,0.85,0.95,0.0,0.5,0.0,0.08,0.03
8,PE_PB,-0.020472,0.2,0.3,0.35,0.5,0.75,0.8,0.95,0.0,0.55,0.0,0.08,0.04
8,PB_FED,-0.020475,0.15,0.3,0.45,0.55,0.7,0.8,0.85,1.0,0.0,0.0,0.12,0.03
8,PE_PB,-0.020481,0.15,0.3,0.35,0.7,0.65,0.8,0.85,0.0,0.5,0.0,0.06,0.03
8,PE_FED,-0.020481,0.15,0.25,0.45,0.6,0.7,0.8,0.95,1.0,0.0,0.0,0.1,0.05
8,PE_FED,-0.020482,0.1,0.25,0.4,0.55,0.75,0.8,0.95,1.0,0.0,0.0,0.1,0.05
6,PB_FED,-0.020483,0.15,0.25,0.4,0.7,0.75,0.8,0.85,0.5,0.0,0.0,0.08,0.05
6,PE_PB,-0.020485,0.1,0.15,0.3,0.7,0.65,0.8,0.9,0.0,0.5,0.0,0.08,0.05
8,PE_PB_FED,-0.020485,0.2,0.25,0.45,0.7,0.65,0.75,0.9,0.5,0.5,0.8,0.1,0.05
8,PE_PB_FED,-0.020487,0.1,0.2,0.35,0.6,0.75,0.8,0.85,0.5,0.55,0.7,0.06,0.03
6,PE_only,-0.020489,0.15,0.25,0.45,0.55,0.65,0.85,0.9,0.0,0.0,0.0,0.08,0.03
6,PE_FED,-0.020489,0.1,0.15,0.35,0.7,0.7,0.75,0.95,0.5,0.0,0.0,0.1,0.03
8,PE_PB_FED,-0.020496,0.05,0.2,0.35,0.65,0.75,0.85,0.9,0.5,0.55,0.8,0.06,0.03
6,PB_FED,-0.020499,0.2,0.25,0.4,0.7,0.75,0.8,0.9,0.5,0.0,0.0,0.08,0.05
8,PE_PB_FED,-0.020499,0.2,0.25,0.3,0.55,0.65,0.85,0.9,-0.5,0.5,0.7,0.08,0.04
6,PE_PB_FED,-0.020501,0.1,0.3,0.45,0.7,0.65,0.85,0.95,0.0,0.55,0.7,0.08,0.05
6,PE_only,-0.020505,0.2,0.25,0.3,0.5,0.7,0.8,0.9,0.0,0.0,0.0,0.08,0.04
6,PB_FED,-0.020508,0.15,0.2,0.35,0.55,0.65,0.8,0.95,0.5,0.0,0.0,0.06,0.04
6,PE_PB,-0.020517,0.15,0.25,0.35,0.65,0.75,0.85,0.9,0.0,0.6,0.0,0.12,0.03
6,PE_PB,-0.020527,0.05,0.25,0.4,0.55,0.7,0.75,0.9,0.0,0.6,0.0,0.1,0.04
6,PE_FED,-0.020528,0.1,0.15,0.45,0.5,0.65,0.8,0.85,0.0,0.0,0.0,0.12,0.03
8,PE_PB_FED,-0.020529,0.15,0.25,0.3,0.55,0.7,0.8,0.9,0.5,0.5,0.7,0.08,0.04
8,PE_FED,-0.02053,0.2,0.25,0.4,0.65,0.75,0.8,0.95,1.0,0.0,0.0,0.06,0.03
8,PE_PB_FED,-0.020531,0.05,0.15,0.45,0.55,0.7,0.8,0.85,0.5,0.55,0.8,0.08,0.03
6,PE_PB_FED,-0.020533,0.15,0.3,0.4,0.6,0.75,0.8,0.95,-0.5,0.55,0.8,0.06,0.05
6,PE_PB,-0.02054,0.15,0.25,0.3,0.6,0.75,0.85,0.9,0.0,0.65,0.0,0.06,0.03
6,PE_PB_FED,-0.020541,0.15,0.3,0.4,0.55,0.7,0.75,0.95,-0.5,0.55,0.75,0.08,0.03
6,PE_only,-0.020543,0.15,0.3,0.35,0.55,0.65,0.75,0.85,0.0,0.0,0.0,0.06,0.05
6,PE_PB_FED,-0.020543,0.2,0.25,0.4,0.55,0.7,0.75,0.9,-0.5,0.65,0.8,0.12,0.04
6,PE_only,-0.020544,0.2,0.25,0.3,0.55,0.7,0.8,0.85,0.0,0.0,0.0,0.08,0.04
6,PE_only,-0.020544,0.2,0.25,0.3,0.55,0.7,0.8,0.85,0.0,0.0,0.0,0.1,0.04
6,PE_PB,-0.020546,0.1,0.2,0.3,0.6,0.65,0.75,0.85,0.0,0.6,0.0,0.06,0.05
6,PE_PB_FED,-0.020546,0.15,0.2,0.4,0.6,0.7,0.85,0.9,-0.5,0.6,0.7,0.06,0.04
8,PE_PB,-0.020546,0.1,0.15,0.35,0.5,0.7,0.85,0.9,0.0,0.55,0.0,0.12,0.04
6,PE_PB,-0.02055,0.1,0.2,0.4,0.55,0.65,0.75,0.9,0.0,0.55,0.0,0.12,0.04
6,PE_only,-0.020554,0.2,0.25,0.35,0.5,0.75,0.8,0.9,0.0,0.0,0.0,0.1,0.03
6,PE_PB,-0.020557,0.15,0.3,0.4,0.55,0.75,0.85,0.95,0.0,0.65,0.0,0.1,0.04
8,PE_PB,-0.020562,0.15,0.2,0.45,0.55,0.75,0.8,0.85,0.0,0.55,0.0,0.1,0.04
6,PE_FED,-0.020577,0.2,0.3,0.35,0.5,0.65,0.75,0.9,0.0,0.0,0.0,0.12,0.05
6,PE_PB_FED,-0.020577,0.1,0.25,0.45,0.65,0.65,0.8,0.9,-0.5,0.6,0.8,0.06,0.05
6,PE_PB_FED,-0.020578,0.15,0.25,0.4,0.65,0.7,0.8,0.9,-0.5,0.55,0.8,0.12,0.03
6,PE_PB,-0.02058,0.15,0.25,0.3,0.6,0.7,0.85,0.9,0.0,0.65,0.0,0.1,0.03
6,PB_FED,-0.020581,0.05,0.25,0.45,0.7,0.7,0.8,0.85,0.5,0.0,0.0,0.12,0.05
6,PE_PB_FED,-0.020587,0.05,0.2,0.45,0.65,0.75,0.85,0.9,0.0,0.6,0.8,0.06,0.05
6,PE_PB,-0.02059,0.05,0.2,0.45,0.65,0.65,0.85,0.95,0.0,0.5,0.0,0.12,0.03
8,PE_PB,-0.020593,0.05,0.3,0.4,0.7,0.65,0.8,0.85,0.0,0.5,0.0,0.12,0.03
8,PE_PB_FED,-0.020594,0.1,0.2,0.45,0.5,0.75,0.8,0.95,1.0,0.65,0.7,0.1,0.04
6,PE_FED,-0.020595,0.1,0.2,0.4,0.5,0.65,0.85,0.9,-0.5,0.0,0.0,0.12,0.04
6,PE_only,-0.020597,0.05,0.3,0.45,0.5,0.75,0.85,0.95,0.0,0.0,0.0,0.06,0.03
8,PE_FED,-0.020597,0.1,0.3,0.35,0.55,0.65,0.8,0.85,0.5,0.0,0.0,0.06,0.04
8,PE_PB_FED,-0.020598,0.05,0.3,0.45,0.55,0.7,0.75,0.95,1.0,0.65,0.75,0.1,0.03
6,PE_PB,-0.020599,0.05,0.2,0.3,0.6,0.75,0.85,0.9,0.0,0.6,0.0,0.06,0.04
8,PE_PB,-0.020599,0.05,0.3,0.45,0.6,0.7,0.8,0.85,0.0,0.6,0.0,0.12,0.04
6,PE_only,-0.0206,0.2,0.25,0.35,0.55,0.75,0.85,0.9,0.0,0.0,0.0,0.1,0.03
8,PE_PB_FED,-0.0206,0.15,0.25,0.4,0.5,0.7,0.75,0.85,-0.5,0.5,0.8,0.06,0.04
6,PE_only,-0.020601,0.15,0.2,0.45,0.5,0.65,0.75,0.85,0.0,0.0,0.0,0.08,0.03
6,PE_PB,-0.020608,0.15,0.2,0.4,0.6,0.65,0.8,0.95,0.0,0.5,0.0,0.12,0.05
8,PE_PB_FED,-0.020613,0.05,0.3,0.45,0.7,0.65,0.75,0.9,0.5,0.55,0.8,0.12,0.05
8,PE_PB_FED,-0.020614,0.1,0.15,0.3,0.5,0.65,0.85,0.9,0.5,0.55,0.8,0.08,0.03
8,PE_PB,-0.020615,0.1,0.3,0.4,0.65,0.75,0.85,0.9,0.0,0.55,0.0,0.12,0.03
6,PE_PB_FED,-0.020621,0.15,0.2,0.4,0.7,0.75,0.8,0.85,0.0,0.55,0.7,0.06,0.05
8,PE_PB,-0.020626,0.1,0.2,0.3,0.6,0.65,0.8,0.85,0.0,0.5,0.0,0.06,0.05
8,PB_FED,-0.020632,0.15,0.3,0.4,0.55,0.7,0.85,0.95,1.0,0.0,0.0,0.1,0.04
6,PB_FED,-0.020635,0.05,0.15,0.45,0.5,0.65,0.8,0.85,0.5,0.0,0.0,0.1,0.03
6,PE_only,-0.02064,0.05,0.2,0.45,0.5,0.65,0.75,0.85,0.0,0.0,0.0,0.1,0.04
8,PE_FED,-0.020643,0.2,0.3,0.4,0.55,0.7,0.75,0.85,0.5,0.0,0.0,0.1,0.05
6,PE_only,-0.020647,0.2,0.25,0.4,0.55,0.65,0.8,0.85,0.0,0.0,0.0,0.06,0.04
6,PE_PB,-0.020648,0.15,0.3,0.35,0.55,0.7,0.75,0.9,0.0,0.65,0.0,0.1,0.03
6,PE_only,-0.020649,0.15,0.3,0.35,0.55,0.65,0.85,0.9,0.0,0.0,0.0,0.12,0.04
8,PE_PB,-0.020655,0.1,0.25,0.45,0.6,0.65,0.75,0.85,0.0,0.5,0.0,0.1,0.03
8,PE_PB_FED,-0.020656,0.15,0.2,0.3,0.6,0.75,0.8,0.85,0.5,0.55,0.8,0.12,0.04
6,PE_PB,-0.020658,0.1,0.25,0.3,0.7,0.7,0.8,0.85,0.0,0.55,0.0,0.06,0.03
8,PE_PB,-0.020664,0.1,0.25,0.35,0.55,0.75,0.85,0.9,0.0,0.6,0.0,0.08,0.05
6,PE_FED,-0.020667,0.05,0.2,0.3,0.5,0.7,0.85,0.9,-0.5,0.0,0.0,0.12,0.03
6,PE_PB,-0.02067,0.05,0.2,0.45,0.6,0.7,0.75,0.95,0.0,0.5,0.0,0.12,0.04
8,PE_PB,-0.020671,0.05,0.2,0.3,0.5,0.65,0.75,0.85,0.0,0.55,0.0,0.1,0.05
8,PE_only,-0.020672,0.2,0.3,0.45,0.5,0.7,0.85,0.9,0.0,0.0,0.0,0.1,0.04
6,PB_FED,-0.020673,0.05,0.3,0.45,0.6,0.75,0.8,0.9,0.5,0.0,0.0,0.08,0.03
8,PE_PB,-0.020673,0.15,0.3,0.45,0.55,0.75,0.85,0.95,0.0,0.5,0.0,0.1,0.03
8,PE_FED,-0.020678,0.05,0.3,0.35,0.6,0.75,0.85,0.9,0.5,0.0,0.0,0.08,0.03
8,PB_FED,-0.020679,0.2,0.3,0.4,0.7,0.75,0.8,0.85,1.0,0.0,0.0,0.1,0.05
6,PE_PB,-0.020682,0.2,0.25,0.4,0.65,0.75,0.8,0.9,0.0,0.55,0.0,0.1,0.03
6,PE_only,-0.020684,0.05,0.3,0.45,0.5,0.7,0.85,0.95,0.0,0.0,0.0,0.1,0.04
8,PE_FED,-0.020687,0.1,0.3,0.45,0.55,0.65,0.75,0.95,1.0,0.0,0.0,0.08,0.04
6,PB_FED,-0.020691,0.2,0.25,0.35,0.55,0.65,0.8,0.9,0.5,0.0,0.0,0.1,0.03
8,PE_PB_FED,-0.020691,0.1,0.3,0.4,0.5,0.7,0.75,0.85,-0.5,0.6,0.8,0.12,0.04
8,PE_PB,-0.020694,0.15,0.25,0.3,0.55,0.65,0.8,0.85,0.0,0.55,0.0,0.12,0.04
8,PE_PB_FED,-0.020695,0.2,0.25,0.4,0.7,0.65,0.85,0.9,0.5,0.6,0.7,0.1,0.03
6,PE_PB,-0.0207,0.15,0.25,0.45,0.65,0.65,0.8,0.85,0.0,0.6,0.0,0.08,0.03
8,PE_PB,-0.020704,0.05,0.25,0.3,0.5,0.65,0.8,0.9,0.0,0.55,0.0,0.06,0.04
6,PE_only,-0.020705,0.15,0.25,0.4,0.5,0.75,0.8,0.9,0.0,0.0,0.0,0.06,0.05
8,PE_PB,-0.020708,0.05,0.3,0.4,0.65,0.75,0.8,0.85,0.0,0.55,0.0,0.08,0.04
6,PE_only,-0.020709,0.05,0.25,0.3,0.5,0.65,0.75,0.85,0.0,0.0,0.0,0.06,0.03
6,PE_PB,-0.020709,0.2,0.25,0.3,0.7,0.7,0.8,0.85,0.0,0.6,0.0,0.12,0.05
6,PE_PB,-0.020712,0.05,0.25,0.4,0.6,0.7,0.8,0.95,0.0,0.5,0.0,0.12,0.03
8,PE_PB,-0.020715,0.2,0.3,0.45,0.65,0.7,0.8,0.9,0.0,0.55,0.0,0.12,0.05
6,PE_PB,-0.020718,0.1,0.25,0.35,0.7,0.7,0.75,0.85,0.0,0.55,0.0,0.08,0.05
8,PE_FED,-0.020718,0.2,0.3,0.4,0.6,0.65,0.85,0.9,0.5,0.0,0.0,0.1,0.04
6,PE_PB,-0.020719,0.15,0.2,0.45,0.6,0.65,0.75,0.85,0.0,0.6,0.0,0.1,0.04
6,PE_PB,-0.020719,0.1,0.2,0.35,0.6,0.65,0.75,0.85,0.0,0.55,0.0,0.06,0.03
6,PE_FED,-0.02072,0.15,0.25,0.45,0.55,0.7,0.8,0.85,0.0,0.0,0.0,0.08,0.04
8,PE_PB,-0.02072,0.2,0.3,0.35,0.6,0.75,0.8,0.85,0.0,0.6,0.0,0.12,0.03
8,PE_FED,-0.02072,0.1,0.25,0.35,0.5,0.65,0.8,0.95,1.0,0.0,0.0,0.1,0.04
6,PE_PB,-0.020723,0.05,0.3,0.35,0.55,0.65,0.85,0.95,0.0,0.65,0.0,0.1,0.04
6,PB_FED,-0.020723,0.2,0.25,0.35,0.65,0.75,0.85,0.9,0.5,0.0,0.0,0.06,0.04
8,PE_PB_FED,-0.020724,0.15,0.25,0.3,0.65,0.65,0.75,0.95,1.0,0.55,0.75,0.08,0.05
6,PE_only,-0.020725,0.15,0.2,0.3,0.5,0.7,0.8,0.85,0.0,0.0,0.0,0.1,0.03
8,PE_PB,-0.020732,0.05,0.3,0.45,0.55,0.7,0.85,0.95,0.0,0.5,0.0,0.06,0.03
6,PE_PB,-0.020733,0.2,0.3,0.4,0.7,0.7,0.8,0.9,0.0,0.6,0.0,0.06,0.05
6,PE_PB,-0.020735,0.2,0.25,0.45,0.7,0.65,0.75,0.9,0.0,0.55,0.0,0.12,0.05
6,PE_PB,-0.020737,0.1,0.2,0.35,0.6,0.65,0.75,0.85,0.0,0.6,0.0,0.12,0.05
6,PB_FED,-0.020738,0.15,0.3,0.4,0.65,0.7,0.8,0.95,0.5,0.0,0.0,0.08,0.04
8,PE_PB,-0.020739,0.15,0.2,0.35,0.5,0.65,0.8,0.85,0.0,0.6,0.0,0.06,0.03
8,PE_PB,-0.020742,0.05,0.2,0.45,0.6,0.65,0.85,0.9,0.0,0.5,0.0,0.06,0.03
8,PE_FED,-0.020742,0.2,0.25,0.35,0.6,0.75,0.8,0.95,1.0,0.0,0.0,0.12,0.03
6,PE_PB,-0.02075,0.15,0.2,0.45,0.65,0.7,0.75,0.9,0.0,0.5,0.0,0.12,0.03
8,PE_PB_FED,-0.02075,0.1,0.3,0.4,0.65,0.7,0.75,0.95,1.0,0.65,0.8,0.1,0.04
6,PE_PB,-0.020751,0.15,0.2,0.4,0.65,0.65,0.85,0.95,0.0,0.5,0.0,0.08,0.04
6,PE_PB,-0.020765,0.05,0.3,0.35,0.65,0.65,0.75,0.95,0.0,0.5,0.0,0.06,0.04
8,PE_PB,-0.020769,0.05,0.25,0.45,0.6,0.75,0.8,0.85,0.0,0.55,0.0,0.06,0.05
8,PE_PB_FED,-0.020769,0.05,0.25,0.3,0.55,0.75,0.8,0.95,1.0,0.65,0.75,0.1,0.04
6,PE_PB,-0.020771,0.05,0.15,0.3,0.7,0.75,0.85,0.9,0.0,0.5,0.0,0.08,0.04
6,PE_PB_FED,-0.020773,0.2,0.3,0.4,0.6,0.7,0.8,0.9,0.0,0.65,0.75,0.06,0.04
8,PE_PB,-0.020774,0.1,0.25,0.4,0.55,0.75,0.85,0.9,0.0,0.6,0.0,0.08,0.05
6,PE_only,-0.020775,0.1,0.2,0.3,0.5,0.7,0.8,0.85,0.0,0.0,0.0,0.1,0.04
6,PE_PB,-0.020775,0.05,0.25,0.35,0.65,0.75,0.8,0.9,0.0,0.55,0.0,0.12,0.05
8,PE_PB_FED,-0.020775,0.05,0.15,0.35,0.7,0.7,0.85,0.95,1.0,0.55,0.8,0.12,0.05
6,PE_only,-0.020777,0.05,0.3,0.45,0.5,0.7,0.85,0.95,0.0,0.0,0.0,0.08,0.05
8,PE_PB_FED,-0.020777,0.05,0.15,0.45,0.5,0.7,0.8,0.85,0.5,0.6,0.75,0.1,0.03
6,PE_PB,-0.020778,0.05,0.3,0.35,0.6,0.65,0.75,0.9,0.0,0.6,0.0,0.1,0.04
6,PE_PB_FED,-0.020778,0.15,0.2,0.35,0.65,0.75,0.8,0.85,0.0,0.55,0.8,0.12,0.03
6,PE_PB_FED,-0.020779,0.1,0.25,0.3,0.6,0.75,0.8,0.85,-0.5,0.65,0.7,0.06,0.03
6,PE_PB,-0.02078,0.1,0.25,0.45,0.55,0.65,0.85,0.95,0.0,0.6,0.0,0.12,0.04
6,PE_only,-0.020783,0.15,0.25,0.45,0.55,0.7,0.8,0.85,0.0,0.0,0.0,0.1,0.05
6,PE_only,-0.020783,0.15,0.25,0.45,0.55,0.65,0.8,0.85,0.0,0.0,0.0,0.08,0.05
6,PE_PB_FED,-0.020787,0.15,0.2,0.45,0.7,0.7,0.75,0.85,-0.5,0.55,0.8,0.12,0.05
8,PE_PB,-0.020791,0.15,0.2,0.3,0.6,0.75,0.85,0.9,0.0,0.5,0.0,0.12,0.05
8,PE_PB,-0.020801,0.15,0.3,0.4,0.7,0.65,0.85,0.9,0.0,0.5,0.0,0.12,0.03
8,PE_PB,-0.020812,0.1,0.2,0.45,0.5,0.75,0.85,0.9,0.0,0.65,0.0,0.08,0.03
8,PE_PB_FED,-0.020813,0.2,0.25,0.4,0.5,0.7,0.8,0.85,0.0,0.5,0.75,0.12,0.05
6,PE_PB,-0.020814,0.2,0.25,0.3,0.65,0.65,0.8,0.95,0.0,0.5,0.0,0.06,0.05
6,PE_FED,-0.020815,0.1,0.3,0.35,0.5,0.65,0.8,0.9,0.0,0.0,0.0,0.1,0.03
8,PE_PB,-0.020819,0.1,0.15,0.35,0.5,0.75,0.8,0.85,0.0,0.55,0.0,0.08,0.04
8,PE_PB,-0.020825,0.05,0.3,0.35,0.6,0.65,0.8,0.9,0.0,0.5,0.0,0.08,0.04
6,PE_PB,-0.020828,0.2,0.3,0.45,0.65,0.65,0.8,0.85,0.0,0.65,0.0,0.08,0.05
6,PE_FED,-0.020835,0.05,0.25,0.3,0.5,0.65,0.75,0.85,0.0,0.0,0.0,0.06,0.04
6,PE_PB,-0.02084,0.05,0.25,0.35,0.7,0.75,0.8,0.85,0.0,0.55,0.0,0.08,0.04
8,PE_PB,-0.020842,0.05,0.3,0.4,0.65,0.65,0.75,0.85,0.0,0.5,0.0,0.08,0.04
6,PE_only,-0.020843,0.1,0.15,0.45,0.5,0.7,0.8,0.85,0.0,0.0,0.0,0.08,0.03
6,PE_PB_FED,-0.020844,0.1,0.2,0.3,0.65,0.65,0.75,0.85,-0.5,0.55,0.7,0.1,0.05
6,PE_only,-0.020846,0.15,0.2,0.45,0.5,0.7,0.75,0.85,0.0,0.0,0.0,0.08,0.03
8,PE_PB_FED,-0.020846,0.05,0.15,0.45,0.6,0.7,0.8,0.85,0.5,0.5,0.75,0.06,0.03
6,PB_FED,-0.020853,0.1,0.3,0.4,0.55,0.65,0.75,0.9,0.5,0.0,0.0,0.1,0.05
6,PE_PB,-0.020855,0.2,0.3,0.45,0.65,0.75,0.8,0.85,0.0,0.65,0.0,0.08,0.05
8,PE_FED,-0.020858,0.05,0.3,0.4,0.6,0.65,0.8,0.85,0.5,0.0,0.0,0.06,0.04
8,PE_FED,-0.020859,0.05,0.2,0.4,0.65,0.65,0.75,0.9,1.0,0.0,0.0,0.12,0.03
6,PE_only,-0.020866,0.1,0.3,0.45,0.5,0.7,0.75,0.9,0.0,0.0,0.0,0.06,0.04
8,PE_only,-0.020867,0.2,0.3,0.35,0.5,0.7,0.85,0.9,0.0,0.0,0.0,0.1,0.05
8,PE_PB_FED,-0.020868,0.1,0.2,0.4,0.6,0.7,0.75,0.95,1.0,0.5,0.8,0.08,0.05
8,PE_PB,-0.020869,0.2,0.25,0.4,0.5,0.65,0.75,0.85,0.0,0.65,0.0,0.08,0.04
6,PE_PB,-0.02087,0.15,0.25,0.4,0.65,0.65,0.8,0.9,0.0,0.55,0.0,0.06,0.05
6,PE_PB_FED,-0.020874,0.05,0.3,0.45,0.65,0.7,0.75,0.95,-0.5,0.5,0.7,0.08,0.03
8,PE_PB_FED,-0.020876,0.05,0.25,0.35,0.55,0.7,0.85,0.9,0.5,0.65,0.8,0.12,0.03
6,PE_PB,-0.020877,0.05,0.25,0.35,0.6,0.75,0.8,0.9,0.0,0.55,0.0,0.06,0.04
8,PB_FED,-0.02088,0.1,0.3,0.4,0.6,0.65,0.85,0.9,1.0,0.0,0.0,0.12,0.04
6,PE_PB,-0.020884,0.15,0.25,0.4,0.6,0.65,0.85,0.9,0.0,0.65,0.0,0.12,0.03
6,PE_only,-0.020889,0.15,0.2,0.4,0.5,0.65,0.8,0.85,0.0,0.0,0.0,0.1,0.04
6,PE_FED,-0.020889,0.05,0.3,0.35,0.5,0.7,0.75,0.9,-0.5,0.0,0.0,0.1,0.04
8,PE_PB_FED,-0.02089,0.05,0.2,0.3,0.6,0.75,0.8,0.85,0.5,0.55,0.7,0.1,0.04
8,PE_PB_FED,-0.02089,0.05,0.2,0.35,0.7,0.7,0.8,0.95,1.0,0.5,0.7,0.12,0.05
6,PB_FED,-0.020892,0.05,0.15,0.3,0.6,0.7,0.75,0.95,1.0,0.0,0.0,0.1,0.03
8,PE_PB,-0.020892,0.2,0.25,0.4,0.6,0.75,0.8,0.85,0.0,0.55,0.0,0.08,0.03
8,PE_PB,-0.020892,0.2,0.25,0.4,0.6,0.75,0.8,0.85,0.0,0.55,0.0,0.1,0.03
6,PE_PB,-0.020893,0.15,0.2,0.4,0.65,0.75,0.85,0.9,0.0,0.55,0.0,0.08,0.03
8,PE_FED,-0.020896,0.1,0.15,0.45,0.6,0.65,0.8,0.9,1.0,0.0,0.0,0.08,0.03
8,PE_PB_FED,-0.020899,0.15,0.2,0.3,0.65,0.65,0.85,0.9,0.5,0.5,0.7,0.1,0.03
8,PB_FED,-0.020904,0.2,0.25,0.4,0.55,0.65,0.85,0.9,1.0,0.0,0.0,0.06,0.04
8,PE_PB,-0.020905,0.05,0.2,0.35,0.5,0.75,0.8,0.85,0.0,0.6,0.0,0.1,0.03
6,PE_PB,-0.020907,0.15,0.2,0.3,0.6,0.7,0.8,0.85,0.0,0.6,0.0,0.08,0.04
6,PE_FED,-0.020907,0.05,0.3,0.45,0.6,0.75,0.8,0.85,0.0,0.0,0.0,0.1,0.05
8,PB_FED,-0.020907,0.1,0.25,0.45,0.55,0.7,0.85,0.9,1.0,0.0,0.0,0.06,0.05
6,PE_PB,-0.02091,0.1,0.25,0.35,0.6,0.65,0.8,0.9,0.0,0.55,0.0,0.08,0.04
6,PE_PB,-0.02091,0.1,0.3,0.45,0.55,0.7,0.75,0.95,0.0,0.55,0.0,0.1,0.03
6,PB_FED,-0.020912,0.2,0.25,0.3,0.65,0.65,0.85,0.95,0.5,0.0,0.0,0.06,0.04
8,PE_PB_FED,-0.020917,0.2,0.3,0.4,0.7,0.7,0.85,0.95,0.5,0.5,0.7,0.12,0.05
6,PE_PB,-0.020921,0.05,0.25,0.45,0.55,0.65,0.75,0.9,0.0,0.6,0.0,0.06,0.03
6,PB_FED,-0.020921,0.2,0.25,0.3,0.6,0.65,0.85,0.9,0.5,0.0,0.0,0.06,0.04
6,PE_PB,-0.020922,0.2,0.25,0.4,0.65,0.65,0.75,0.9,0.0,0.55,0.0,0.08,0.05
6,PE_PB_FED,-0.020929,0.15,0.2,0.3,0.65,0.7,0.8,0.85,0.0,0.55,0.75,0.08,0.05
8,PE_PB_FED,-0.020934,0.2,0.25,0.3,0.55,0.7,0.8,0.85,0.5,0.65,0.7,0.12,0.03
6,PE_only,-0.020936,0.2,0.25,0.45,0.5,0.65,0.75,0.9,0.0,0.0,0.0,0.08,0.05
6,PE_PB,-0.020936,0.15,0.2,0.4,0.6,0.7,0.85,0.9,0.0,0.6,0.0,0.1,0.04
6,PE_PB_FED,-0.020938,0.05,0.2,0.35,0.6,0.65,0.8,0.85,-0.5,0.6,0.75,0.06,0.03
8,PE_PB,-0.020945,0.15,0.25,0.3,0.55,0.7,0.75,0.85,0.0,0.5,0.0,0.12,0.03
8,PE_PB,-0.020946,0.15,0.25,0.35,0.5,0.75,0.85,0.95,0.0,0.5,0.0,0.1,0.04
8,PE_PB_FED,-0.020946,0.15,0.3,0.4,0.5,0.75,0.8,0.9,-0.5,0.55,0.75,0.06,0.05
6,PE_PB,-0.02095,0.2,0.25,0.4,0.7,0.75,0.8,0.85,0.0,0.6,0.0,0.06,0.05
6,PE_PB,-0.020957,0.1,0.2,0.3,0.55,0.75,0.8,0.95,0.0,0.5,0.0,0.06,0.04
8,PE_FED,-0.020957,0.15,0.3,0.45,0.55,0.75,0.8,0.95,1.0,0.0,0.0,0.06,0.03
6,PE_PB,-0.020959,0.15,0.2,0.35,0.55,0.65,0.75,0.95,0.0,0.5,0.0,0.08,0.04
8,PB_FED,-0.020961,0.15,0.3,0.45,0.6,0.65,0.85,0.9,1.0,0.0,0.0,0.06,0.04
6,PE_only,-0.020965,0.1,0.25,0.35,0.5,0.65,0.75,0.85,0.0,0.0,0.0,0.12,0.03
6,PE_only,-0.020967,0.05,0.2,0.4,0.5,0.65,0.8,0.85,0.0,0.0,0.0,0.08,0.04
6,PE_PB,-0.020968,0.15,0.25,0.3,0.65,0.7,0.85,0.95,0.0,0.5,0.0,0.12,0.03
6,PE_PB_FED,-0.020968,0.1,0.2,0.35,0.55,0.7,0.75,0.9,0.0,0.5,0.8,0.12,0.05
6,PB_FED,-0.020969,0.15,0.25,0.35,0.55,0.7,0.8,0.95,0.5,0.0,0.0,0.12,0.05
6,PB_FED,-0.02097,0.15,0.3,0.4,0.7,0.75,0.8,0.95,0.5,0.0,0.0,0.08,0.05
6,PE_PB,-0.02098,0.15,0.2,0.45,0.5,0.7,0.85,0.95,0.0,0.65,0.0,0.12,0.05
6,PE_only,-0.020987,0.1,0.3,0.4,0.55,0.75,0.85,0.9,0.0,0.0,0.0,0.1,0.04
8,PE_PB_FED,-0.020997,0.2,0.25,0.45,0.5,0.65,0.75,0.9,0.5,0.55,0.75,0.08,0.04
6,PE_PB,-0.020999,0.15,0.2,0.3,0.55,0.75,0.85,0.9,0.0,0.65,0.0,0.06,0.04
6,PE_PB,-0.021001,0.1,0.15,0.45,0.55,0.7,0.75,0.85,0.0,0.6,0.0,0.1,0.04
8,PE_PB,-0.021001,0.15,0.25,0.45,0.5,0.75,0.85,0.95,0.0,0.5,0.0,0.06,0.03
8,PE_FED,-0.021001,0.15,0.3,0.35,0.5,0.65,0.75,0.85,0.5,0.0,0.0,0.08,0.05
6,PB_FED,-0.021003,0.15,0.25,0.45,0.5,0.7,0.75,0.9,0.5,0.0,0.0,0.08,0.05
6,PE_only,-0.021004,0.05,0.2,0.45,0.5,0.7,0.75,0.85,0.0,0.0,0.0,0.12,0.03
6,PE_PB,-0.021006,0.2,0.25,0.4,0.6,0.7,0.75,0.9,0.0,0.6,0.0,0.12,0.05
6,PE_PB_FED,-0.021008,0.05,0.25,0.45,0.55,0.75,0.85,0.95,-0.5,0.6,0.7,0.12,0.05
6,PE_PB_FED,-0.02101,0.05,0.2,0.35,0.65,0.75,0.8,0.85,0.0,0.55,0.8,0.12,0.03
6,PE_PB_FED,-0.02101,0.15,0.3,0.4,0.6,0.65,0.75,0.9,0.0,0.6,0.7,0.1,0.05
6,PE_PB,-0.021014,0.05,0.2,0.35,0.65,0.7,0.75,0.9,0.0,0.5,0.0,0.08,0.05
6,PE_PB,-0.021019,0.15,0.25,0.35,0.5,0.65,0.85,0.95,0.0,0.65,0.0,0.08,0.03
6,PE_PB_FED,-0.021025,0.15,0.2,0.45,0.55,0.75,0.8,0.9,-0.5,0.6,0.75,0.06,0.04
6,PE_only,-0.021026,0.15,0.2,0.3,0.5,0.7,0.8,0.85,0.0,0.0,0.0,0.1,0.05
6,PB_FED,-0.021026,0.15,0.2,0.3,0.5,0.7,0.85,0.95,0.5,0.0,0.0,0.1,0.03
6,PE_PB_FED,-0.021031,0.2,0.25,0.35,0.6,0.7,0.85,0.9,-0.5,0.65,0.75,0.08,0.04
6,PE_FED,-0.021032,0.1,0.25,0.45,0.55,0.7,0.85,0.9,-0.5,0.0,0.0,0.06,0.05
6,PE_PB,-0.021035,0.15,0.25,0.4,0.7,0.65,0.85,0.9,0.0,0.55,0.0,0.06,0.03
6,PE_PB,-0.021038,0.1,0.15,0.45,0.5,0.7,0.8,0.9,0.0,0.65,0.0,0.08,0.04
8,PE_PB_FED,-0.021042,0.1,0.25,0.35,0.55,0.65,0.8,0.85,0.5,0.6,0.8,0.06,0.03
8,PB_FED,-0.021043,0.1,0.3,0.35,0.55,0.65,0.85,0.95,1.0,0.0,0.0,0.1,0.05
6,PB_FED,-0.02105,0.1,0.2,0.35,0.5,0.75,0.85,0.9,0.5,0.0,0.0,0.1,0.03
6,PE_PB,-0.021055,0.15,0.2,0.35,0.55,0.75,0.8,0.9,0.0,0.6,0.0,0.06,0.05
8,PE_PB_FED,-0.021063,0.05,0.3,0.35,0.5,0.7,0.8,0.9,-0.5,0.55,0.8,0.06,0.05
8,PE_PB,-0.021067,0.2,0.25,0.45,0.65,0.75,0.85,0.9,0.0,0.55,0.0,0.1,0.05
6,PE_PB_FED,-0.02107,0.2,0.25,0.45,0.65,0.7,0.8,0.9,0.0,0.6,0.8,0.08,0.05
6,PE_PB,-0.021074,0.1,0.2,0.35,0.55,0.65,0.75,0.95,0.0,0.5,0.0,0.06,0.05
8,PE_FED,-0.021074,0.1,0.3,0.4,0.55,0.65,0.8,0.85,0.5,0.0,0.0,0.08,0.05
6,PE_only,-0.021077,0.15,0.3,0.4,0.55,0.65,0.8,0.85,0.0,0.0,0.0,0.12,0.03
6,PE_PB,-0.021078,0.1,0.2,0.4,0.65,0.65,0.85,0.9,0.0,0.55,0.0,0.08,0.03
6,PE_FED,-0.021078,0.1,0.15,0.3,0.7,0.75,0.8,0.95,0.5,0.0,0.0,0.08,0.04
6,PE_only,-0.021079,0.1,0.2,0.35,0.5,0.75,0.8,0.85,0.0,0.0,0.0,0.06,0.03
6,PE_PB,-0.021083,0.1,0.2,0.45,0.5,0.65,0.75,0.9,0.0,0.65,0.0,0.06,0.04
6,PE_PB,-0.02109,0.05,0.25,0.35,0.5,0.75,0.85,0.95,0.0,0.65,0.0,0.1,0.03
6,PB_FED,-0.02109,0.2,0.25,0.3,0.55,0.75,0.85,0.9,0.5,0.0,0.0,0.06,0.03
8,PE_PB,-0.021094,0.1,0.2,0.45,0.6,0.65,0.85,0.9,0.0,0.5,0.0,0.1,0.03
8,PE_PB,-0.021095,0.05,0.25,0.4,0.55,0.7,0.75,0.85,0.0,0.5,0.0,0.12,0.03
8,PE_PB,-0.021097,0.1,0.15,0.45,0.55,0.7,0.8,0.85,0.0,0.5,0.0,0.1,0.05
6,PE_PB,-0.021098,0.15,0.3,0.35,0.6,0.75,0.85,0.95,0.0,0.55,0.0,0.1,0.04
6,PE_PB,-0.021103,0.05,0.15,0.3,0.55,0.7,0.8,0.85,0.0,0.6,0.0,0.08,0.05
8,PE_FED,-0.02112,0.1,0.15,0.3,0.6,0.7,0.8,0.9,1.0,0.0,0.0,0.06,0.04
6,PE_only,-0.021125,0.15,0.3,0.35,0.5,0.65,0.8,0.9,0.0,0.0,0.0,0.08,0.04
8,PE_PB,-0.021133,0.2,0.3,0.4,0.55,0.65,0.85,0.9,0.0,0.65,0.0,0.08,0.03
8,PE_PB_FED,-0.021136,0.15,0.3,0.45,0.7,0.65,0.85,0.9,0.5,0.65,0.75,0.08,0.05
6,PE_PB,-0.021138,0.2,0.25,0.4,0.7,0.75,0.85,0.95,0.0,0.5,0.0,0.1,0.03
6,PE_PB_FED,-0.021138,0.05,0.15,0.45,0.5,0.7,0.8,0.95,-0.5,0.5,0.8,0.06,0.05
6,PE_FED,-0.021143,0.15,0.2,0.35,0.5,0.75,0.8,0.85,-0.5,0.0,0.0,0.08,0.04
6,PE_PB,-0.021145,0.1,0.2,0.35,0.5,0.7,0.75,0.9,0.0,0.6,0.0,0.12,0.04
6,PE_PB_FED,-0.021145,0.15,0.3,0.4,0.55,0.65,0.75,0.9,0.0,0.6,0.75,0.08,0.03
6,PE_FED,-0.021151,0.05,0.2,0.3,0.5,0.7,0.85,0.9,-0.5,0.0,0.0,0.08,0.05
6,PE_PB_FED,-0.021151,0.2,0.25,0.45,0.6,0.65,0.8,0.9,0.0,0.6,0.8,0.1,0.04
6,PE_PB,-0.021155,0.15,0.2,0.35,0.55,0.65,0.8,0.85,0.0,0.65,0.0,0.1,0.03
6,PE_PB_FED,-0.021155,0.05,0.3,0.4,0.5,0.65,0.8,0.95,0.0,0.65,0.7,0.06,0.04
8,PE_PB,-0.02116,0.2,0.25,0.3,0.55,0.65,0.8,0.85,0.0,0.6,0.0,0.12,0.05
6,PE_only,-0.021164,0.2,0.3,0.45,0.5,0.65,0.85,0.95,0.0,0.0,0.0,0.1,0.04
8,PB_FED,-0.021165,0.2,0.25,0.4,0.5,0.65,0.8,0.85,1.0,0.0,0.0,0.1,0.04
6,PE_FED,-0.021168,0.15,0.3,0.4,0.55,0.75,0.85,0.9,-0.5,0.0,0.0,0.06,0.04
8,PE_PB_FED,-0.021169,0.15,0.2,0.45,0.65,0.7,0.8,0.95,1.0,0.55,0.7,0.08,0.05
6,PB_FED,-0.021171,0.1,0.3,0.45,0.55,0.75,0.8,0.95,0.5,0.0,0.0,0.08,0.03
6,PB_FED,-0.021174,0.1,0.15,0.35,0.7,0.7,0.75,0.95,1.0,0.0,0.0,0.12,0.03
8,PE_FED,-0.021174,0.05,0.3,0.45,0.65,0.7,0.85,0.9,0.5,0.0,0.0,0.06,0.05
8,PE_PB,-0.021178,0.2,0.25,0.35,0.6,0.75,0.8,0.9,0.0,0.5,0.0,0.08,0.05
6,PE_FED,-0.02118,0.05,0.2,0.35,0.5,0.65,0.8,0.85,-0.5,0.0,0.0,0.06,0.03
6,PE_PB,-0.021181,0.2,0.3,0.35,0.6,0.75,0.85,0.95,0.0,0.6,0.0,0.08,0.05
6,PE_PB_FED,-0.021183,0.05,0.15,0.3,0.55,0.65,0.8,0.9,-0.5,0.55,0.8,0.12,0.05
6,PE_PB,-0.021185,0.15,0.3,0.35,0.55,0.7,0.8,0.95,0.0,0.55,0.0,0.1,0.04
6,PE_PB_FED,-0.021194,0.05,0.3,0.35,0.6,0.65,0.75,0.9,-0.5,0.6,0.75,0.06,0.04
8,PE_PB,-0.021195,0.05,0.3,0.45,0.7,0.65,0.75,0.85,0.0,0.5,0.0,0.12,0.05
6,PB_FED,-0.021199,0.1,0.3,0.45,0.65,0.7,0.85,0.95,0.5,0.0,0.0,0.08,0.04
6,PB_FED,-0.0212,0.2,0.25,0.3,0.55,0.7,0.8,0.95,0.5,0.0,0.0,0.12,0.05
8,PE_PB_FED,-0.021201,0.2,0.3,0.4,0.55,0.7,0.85,0.9,-0.5,0.55,0.7,0.06,0.04
6,PE_PB,-0.021203,0.2,0.25,0.4,0.6,0.65,0.75,0.85,0.0,0.65,0.0,0.08,0.05
8,PE_PB,-0.021204,0.15,0.2,0.45,0.5,0.7,0.85,0.9,0.0,0.65,0.0,0.08,0.05
6,PE_PB,-0.021206,0.15,0.2,0.35,0.65,0.7,0.8,0.9,0.0,0.5,0.0,0.1,0.03
6,PE_PB_FED,-0.021208,0.05,0.25,0.45,0.7,0.7,0.75,0.9,-0.5,0.5,0.75,0.08,0.04
8,PE_PB_FED,-0.021208,0.2,0.3,0.4,0.7,0.7,0.85,0.9,0.5,0.65,0.8,0.1,0.03
8,PE_PB,-0.021209,0.05,0.3,0.4,0.65,0.65,0.85,0.9,0.0,0.55,0.0,0.06,0.05
6,PB_FED,-0.021211,0.2,0.25,0.4,0.6,0.65,0.8,0.95,0.5,0.0,0.0,0.12,0.05
6,PE_PB,-0.021219,0.1,0.25,0.4,0.55,0.75,0.8,0.9,0.0,0.6,0.0,0.12,0.03
8,PE_PB_FED,-0.021223,0.1,0.25,0.45,0.7,0.65,0.75,0.95,1.0,0.5,0.75,0.1,0.04
8,PE_FED,-0.021224,0.15,0.3,0.45,0.55,0.7,0.85,0.9,0.5,0.0,0.0,0.08,0.03
6,PE_PB,-0.021229,0.1,0.3,0.4,0.5,0.75,0.8,0.95,0.0,0.65,0.0,0.1,0.04
6,PE_PB,-0.021229,0.05,0.15,0.4,0.55,0.65,0.85,0.95,0.0,0.5,0.0,0.08,0.03
8,PE_PB,-0.02123,0.15,0.3,0.45,0.55,0.75,0.85,0.95,0.0,0.5,0.0,0.06,0.04
6,PB_FED,-0.021231,0.2,0.3,0.45,0.7,0.7,0.8,0.85,0.5,0.0,0.0,0.06,0.04
6,PE_PB,-0.021233,0.05,0.2,0.35,0.55,0.65,0.75,0.85,0.0,0.6,0.0,0.06,0.04
6,PE_PB,-0.021234,0.05,0.15,0.3,0.65,0.65,0.75,0.85,0.0,0.5,0.0,0.08,0.05
6,PE_only,-0.021239,0.2,0.25,0.45,0.5,0.65,0.8,0.9,0.0,0.0,0.0,0.08,0.03
6,PE_PB_FED,-0.021239,0.05,0.15,0.4,0.6,0.75,0.85,0.9,-0.5,0.55,0.8,0.12,0.04
8,PE_FED,-0.02124,0.05,0.3,0.35,0.65,0.7,0.8,0.95,1.0,0.0,0.0,0.1,0.04
6,PE_PB_FED,-0.021241,0.05,0.2,0.35,0.7,0.65,0.75,0.85,0.0,0.5,0.75,0.1,0.05
6,PE_PB,-0.021243,0.05,0.3,0.4,0.65,0.65,0.8,0.9,0.0,0.55,0.0,0.1,0.03
6,PE_PB,-0.021243,0.05,0.3,0.4,0.65,0.7,0.8,0.9,0.0,0.55,0.0,0.12,0.03
8,PE_PB_FED,-0.021243,0.05,0.3,0.45,0.5,0.7,0.8,0.85,0.0,0.55,0.75,0.06,0.04
6,PE_PB,-0.021252,0.1,0.3,0.4,0.65,0.65,0.75,0.85,0.0,0.6,0.0,0.12,0.04
8,PE_PB_FED,-0.021253,0.15,0.3,0.4,0.7,0.65,0.75,0.95,1.0,0.6,0.75,0.12,0.05
6,PE_PB_FED,-0.021257,0.15,0.3,0.4,0.65,0.7,0.85,0.9,0.0,0.65,0.75,0.12,0.03
6,PE_PB,-0.021259,0.15,0.2,0.4,0.55,0.7,0.8,0.95,0.0,0.5,0.0,0.1,0.04
8,PE_PB,-0.021259,0.1,0.3,0.4,0.65,0.75,0.85,0.9,0.0,0.55,0.0,0.06,0.05
8,PE_PB,-0.021262,0.05,0.3,0.45,0.5,0.65,0.8,0.9,0.0,0.65,0.0,0.1,0.04
8,PE_FED,-0.021262,0.1,0.2,0.45,0.7,0.7,0.85,0.95,1.0,0.0,0.0,0.08,0.05
6,PE_PB_FED,-0.021264,0.1,0.25,0.35,0.6,0.7,0.75,0.85,0.0,0.6,0.8,0.08,0.04
6,PE_PB,-0.021269,0.05,0.15,0.45,0.6,0.7,0.8,0.85,0.0,0.55,0.0,0.12,0.04
6,PE_PB,-0.021272,0.05,0.25,0.45,0.65,0.7,0.85,0.9,0.0,0.6,0.0,0.06,0.03
6,PE_FED,-0.021278,0.1,0.15,0.45,0.5,0.65,0.85,0.9,-0.5,0.0,0.0,0.12,0.05
8,PE_PB,-0.021278,0.2,0.25,0.4,0.55,0.65,0.8,0.9,0.0,0.5,0.0,0.08,0.04
6,PE_only,-0.021281,0.15,0.3,0.4,0.55,0.7,0.8,0.85,0.0,0.0,0.0,0.08,0.04
6,PE_PB,-0.021281,0.2,0.25,0.3,0.5,0.75,0.8,0.95,0.0,0.6,0.0,0.12,0.04
6,PB_FED,-0.02129,0.1,0.25,0.4,0.55,0.65,0.8,0.9,0.5,0.0,0.0,0.06,0.05
8,PE_PB,-0.02129,0.05,0.2,0.35,0.55,0.7,0.8,0.85,0.0,0.5,0.0,0.12,0.05
6,PE_PB,-0.021291,0.1,0.15,0.4,0.7,0.65,0.8,0.85,0.0,0.5,0.0,0.1,0.03
8,PE_PB_FED,-0.021291,0.05,0.3,0.45,0.55,0.75,0.8,0.9,0.5,0.65,0.8,0.06,0.05
6,PE_only,-0.021294,0.15,0.3,0.4,0.55,0.75,0.8,0.85,0.0,0.0,0.0,0.06,0.04
6,PE_only,-0.021294,0.15,0.25,0.45,0.5,0.7,0.8,0.9,0.0,0.0,0.0,0.06,0.05
6,PE_PB_FED,-0.021295,0.2,0.25,0.3,0.65,0.75,0.85,0.9,0.0,0.6,0.75,0.1,0.03
8,PE_PB,-0.021295,0.15,0.3,0.45,0.55,0.7,0.75,0.85,0.0,0.6,0.0,0.1,0.05
6,PE_PB,-0.021301,0.15,0.2,0.3,0.5,0.7,0.8,0.9,0.0,0.65,0.0,0.08,0.04
6,PE_FED,-0.021304,0.1,0.15,0.4,0.7,0.7,0.75,0.95,0.5,0.0,0.0,0.1,0.05
8,PE_PB_FED,-0.02131,0.05,0.25,0.3,0.7,0.75,0.85,0.9,0.5,0.5,0.7,0.08,0.04
8,PE_FED,-0.021312,0.1,0.3,0.4,0.5,0.75,0.8,0.95,1.0,0.0,0.0,0.08,0.03
6,PE_PB_FED,-0.021313,0.05,0.2,0.35,0.6,0.7,0.85,0.9,-0.5,0.6,0.7,0.06,0.05
6,PE_PB,-0.021314,0.2,0.25,0.45,0.6,0.75,0.8,0.9,0.0,0.6,0.0,0.08,0.03
6,PE_PB,-0.021314,0.05,0.3,0.45,0.65,0.7,0.75,0.95,0.0,0.5,0.0,0.12,0.05
8,PE_PB,-0.021314,0.1,0.15,0.4,0.5,0.7,0.8,0.85,0.0,0.55,0.0,0.1,0.05
6,PE_PB_FED,-0.021316,0.05,0.15,0.3,0.7,0.7,0.8,0.85,-0.5,0.5,0.7,0.12,0.04
8,PE_PB,-0.021316,0.05,0.2,0.3,0.5,0.65,0.85,0.9,0.0,0.6,0.0,0.1,0.05
8,PE_PB_FED,-0.021328,0.2,0.3,0.4,0.6,0.75,0.85,0.95,0.5,0.55,0.8,0.1,0.04
6,PB_FED,-0.02133,0.15,0.3,0.35,0.55,0.7,0.8,0.9,0.5,0.0,0.0,0.08,0.03
6,PE_PB,-0.021334,0.1,0.2,0.3,0.55,0.75,0.85,0.9,0.0,0.65,0.0,0.06,0.03
6,PE_PB_FED,-0.021334,0.15,0.25,0.4,0.55,0.7,0.75,0.9,-0.5,0.6,0.75,0.06,0.05
8,PE_PB_FED,-0.021334,0.05,0.25,0.35,0.6,0.65,0.8,0.95,1.0,0.6,0.75,0.1,0.05
6,PE_PB,-0.021336,0.05,0.15,0.3,0.55,0.7,0.75,0.85,0.0,0.55,0.0,0.1,0.05
8,PE_PB,-0.021337,0.15,0.3,0.45,0.6,0.7,0.75,0.85,0.0,0.55,0.0,0.08,0.05
6,PE_only,-0.021344,0.1,0.2,0.35,0.5,0.65,0.8,0.85,0.0,0.0,0.0,0.06,0.05
6,PE_PB,-0.021344,0.05,0.15,0.35,0.55,0.65,0.8,0.85,0.0,0.6,0.0,0.08,0.05
6,PE_PB,-0.021346,0.15,0.25,0.35,0.6,0.65,0.75,0.95,0.0,0.5,0.0,0.08,0.05
8,PE_PB_FED,-0.021346,0.15,0.3,0.35,0.65,0.7,0.85,0.9,0.5,0.65,0.8,0.1,0.05
8,PE_PB,-0.021348,0.15,0.3,0.4,0.7,0.75,0.85,0.9,0.0,0.5,0.0,0.08,0.05
6,PE_PB,-0.021351,0.1,0.25,0.4,0.65,0.7,0.75,0.9,0.0,0.5,0.0,0.06,0.03
8,PE_PB,-0.021355,0.1,0.15,0.35,0.5,0.65,0.85,0.9,0.0,0.55,0.0,0.08,0.05
6,PE_PB,-0.021356,0.05,0.25,0.35,0.5,0.75,0.8,0.95,0.0,0.55,0.0,0.1,0.05
8,PB_FED,-0.021365,0.05,0.3,0.4,0.55,0.65,0.8,0.85,1.0,0.0,0.0,0.12,0.03
6,PB_FED,-0.021367,0.2,0.25,0.45,0.7,0.75,0.85,0.95,0.5,0.0,0.0,0.12,0.04
6,PE_PB,-0.02137,0.1,0.2,0.3,0.5,0.7,0.85,0.95,0.0,0.55,0.0,0.08,0.03
6,PB_FED,-0.02137,0.05,0.3,0.4,0.7,0.75,0.85,0.9,0.5,0.0,0.0,0.1,0.03
6,PE_PB,-0.021371,0.1,0.2,0.4,0.55,0.7,0.85,0.9,0.0,0.65,0.0,0.1,0.04
6,PE_PB,-0.021373,0.1,0.2,0.3,0.65,0.7,0.8,0.9,0.0,0.5,0.0,0.08,0.04
6,PE_FED,-0.021387,0.1,0.25,0.3,0.5,0.65,0.85,0.9,0.0,0.0,0.0,0.1,0.03
6,PE_PB_FED,-0.021393,0.2,0.25,0.45,0.6,0.65,0.85,0.95,-0.5,0.55,0.7,0.12,0.04
6,PE_PB_FED,-0.021393,0.15,0.2,0.4,0.7,0.7,0.85,0.9,0.0,0.5,0.7,0.08,0.03
6,PE_PB,-0.021394,0.15,0.2,0.35,0.55,0.7,0.8,0.85,0.0,0.65,0.0,0.1,0.03
6,PE_PB_FED,-0.021398,0.2,0.25,0.4,0.7,0.75,0.8,0.85,0.0,0.6,0.7,0.12,0.04
6,PE_PB,-0.021399,0.05,0.25,0.3,0.65,0.65,0.8,0.85,0.0,0.55,0.0,0.06,0.03
8,PE_PB_FED,-0.021399,0.15,0.25,0.4,0.65,0.7,0.8,0.95,1.0,0.6,0.7,0.1,0.05
8,PE_PB,-0.021403,0.05,0.3,0.45,0.55,0.75,0.85,0.95,0.0,0.5,0.0,0.08,0.05
8,PE_FED,-0.02141,0.05,0.3,0.45,0.6,0.7,0.8,0.85,0.5,0.0,0.0,0.06,0.04
6,PE_PB,-0.021411,0.15,0.25,0.4,0.6,0.7,0.75,0.95,0.0,0.5,0.0,0.06,0.05
6,PE_PB,-0.021423,0.05,0.3,0.35,0.55,0.65,0.8,0.95,0.0,0.55,0.0,0.08,0.05
6,PE_PB,-0.021423,0.05,0.2,0.45,0.5,0.65,0.85,0.95,0.0,0.6,0.0,0.1,0.03
6,PE_PB,-0.021426,0.15,0.25,0.35,0.6,0.75,0.8,0.95,0.0,0.5,0.0,0.06,0.04
6,PE_only,-0.021429,0.05,0.3,0.4,0.5,0.65,0.8,0.9,0.0,0.0,0.0,0.1,0.03
6,PB_FED,-0.021429,0.15,0.3,0.45,0.55,0.7,0.8,0.95,0.5,0.0,0.0,0.12,0.03
8,PE_FED,-0.021432,0.05,0.25,0.35,0.7,0.75,0.85,0.95,1.0,0.0,0.0,0.08,0.03
6,PE_PB,-0.021435,0.2,0.3,0.35,0.55,0.75,0.8,0.95,0.0,0.55,0.0,0.12,0.03
6,PE_PB,-0.021435,0.2,0.3,0.35,0.55,0.7,0.8,0.95,0.0,0.55,0.0,0.06,0.03
8,PE_FED,-0.021436,0.05,0.3,0.45,0.6,0.65,0.85,0.9,0.5,0.0,0.0,0.12,0.03
6,PE_PB,-0.021441,0.15,0.25,0.3,0.6,0.65,0.8,0.9,0.0,0.55,0.0,0.08,0.05
6,PB_FED,-0.02145,0.05,0.25,0.4,0.55,0.75,0.8,0.85,0.5,0.0,0.0,0.12,0.04
8,PE_PB,-0.02145,0.15,0.25,0.4,0.6,0.75,0.85,0.9,0.0,0.5,0.0,0.12,0.04
6,PE_FED,-0.021453,0.05,0.25,0.35,0.5,0.7,0.75,0.85,0.0,0.0,0.0,0.12,0.05
6,PE_PB,-0.021456,0.05,0.25,0.45,0.65,0.7,0.8,0.9,0.0,0.55,0.0,0.1,0.05
8,PE_FED,-0.021459,0.05,0.15,0.4,0.7,0.65,0.8,0.9,1.0,0.0,0.0,0.12,0.05
6,PE_only,-0.021462,0.1,0.2,0.35,0.5,0.7,0.85,0.9,0.0,0.0,0.0,0.08,0.05
6,PE_PB,-0.021464,0.05,0.15,0.4,0.55,0.7,0.8,0.85,0.0,0.6,0.0,0.06,0.05
8,PE_PB_FED,-0.021464,0.1,0.15,0.45,0.6,0.75,0.8,0.85,0.5,0.5,0.75,0.12,0.05
6,PE_PB,-0.021469,0.2,0.3,0.4,0.5,0.65,0.75,0.95,0.0,0.65,0.0,0.1,0.04
6,PE_only,-0.021473,0.2,0.3,0.35,0.55,0.65,0.85,0.9,0.0,0.0,0.0,0.06,0.04
6,PE_PB,-0.021475,0.05,0.25,0.35,0.5,0.7,0.85,0.95,0.0,0.65,0.0,0.1,0.05
8,PE_FED,-0.021481,0.05,0.2,0.45,0.55,0.65,0.75,0.9,1.0,0.0,0.0,0.06,0.03
6,PE_only,-0.021484,0.15,0.25,0.3,0.5,0.65,0.8,0.85,0.0,0.0,0.0,0.12,0.03
6,PE_FED,-0.021487,0.05,0.3,0.35,0.5,0.65,0.8,0.9,0.0,0.0,0.0,0.08,0.04
6,PB_FED,-0.021487,0.1,0.3,0.45,0.7,0.75,0.8,0.85,0.5,0.0,0.0,0.12,0.05
6,PB_FED,-0.021488,0.05,0.2,0.4,0.55,0.7,0.8,0.85,0.5,0.0,0.0,0.06,0.05
6,PE_only,-0.021489,0.05,0.3,0.35,0.55,0.75,0.8,0.85,0.0,0.0,0.0,0.08,0.04
6,PE_PB,-0.02149,0.05,0.3,0.35,0.65,0.7,0.75,0.85,0.0,0.6,0.0,0.1,0.04
6,PE_PB,-0.021495,0.1,0.2,0.3,0.6,0.75,0.8,0.85,0.0,0.55,0.0,0.08,0.03
8,PE_PB_FED,-0.0215,0.1,0.3,0.45,0.5,0.7,0.75,0.9,0.5,0.6,0.75,0.06,0.05
6,PE_PB,-0.021502,0.2,0.3,0.35,0.55,0.65,0.75,0.9,0.0,0.65,0.0,0.12,0.03
8,PE_PB,-0.021502,0.05,0.2,0.3,0.5,0.7,0.85,0.9,0.0,0.55,0.0,0.1,0.04
6,PE_only,-0.021503,0.05,0.2,0.4,0.5,0.75,0.8,0.85,0.0,0.0,0.0,0.08,0.05
6,PE_PB_FED,-0.021503,0.05,0.2,0.3,0.55,0.7,0.8,0.85,-0.5,0.65,0.8,0.1,0.03
6,PE_PB_FED,-0.021504,0.1,0.25,0.35,0.65,0.75,0.8,0.85,0.0,0.6,0.75,0.06,0.04
6,PE_only,-0.021507,0.1,0.2,0.4,0.5,0.65,0.8,0.85,0.0,0.0,0.0,0.1,0.05
6,PE_only,-0.021509,0.15,0.3,0.4,0.55,0.7,0.8,0.85,0.0,0.0,0.0,0.1,0.05
6,PE_PB,-0.021513,0.2,0.25,0.4,0.6,0.7,0.8,0.9,0.0,0.55,0.0,0.12,0.03
8,PB_FED,-0.021515,0.15,0.25,0.4,0.5,0.75,0.85,0.9,1.0,0.0,0.0,0.08,0.04
6,PE_PB,-0.021519,0.15,0.2,0.4,0.6,0.65,0.8,0.85,0.0,0.6,0.0,0.08,0.05
6,PB_FED,-0.021519,0.1,0.3,0.4,0.5,0.7,0.75,0.9,0.5,0.0,0.0,0.08,0.03
6,PE_PB,-0.02152,0.15,0.2,0.3,0.6,0.7,0.8,0.85,0.0,0.55,0.0,0.06,0.04
6,PE_PB,-0.021521,0.05,0.25,0.35,0.65,0.7,0.85,0.95,0.0,0.5,0.0,0.12,0.05
6,PE_only,-0.021525,0.15,0.2,0.4,0.5,0.75,0.85,0.9,0.0,0.0,0.0,0.08,0.05
6,PE_PB,-0.021527,0.05,0.2,0.4,0.6,0.7,0.8,0.85,0.0,0.6,0.0,0.06,0.05
8,PE_PB,-0.021533,0.2,0.25,0.45,0.5,0.75,0.85,0.95,0.0,0.55,0.0,0.1,0.04
6,PE_PB,-0.021534,0.2,0.25,0.4,0.5,0.7,0.8,0.95,0.0,0.6,0.0,0.08,0.04
8,PE_PB,-0.021538,0.05,0.25,0.45,0.5,0.75,0.85,0.95,0.0,0.5,0.0,0.1,0.05
8,PE_PB_FED,-0.021539,0.15,0.25,0.35,0.55,0.65,0.75,0.85,0.5,0.55,0.75,0.06,0.05
6,PE_only,-0.02154,0.1,0.3,0.45,0.55,0.7,0.85,0.9,0.0,0.0,0.0,0.1,0.04
6,PE_only,-0.021541,0.05,0.3,0.35,0.55,0.75,0.8,0.85,0.0,0.0,0.0,0.1,0.03
6,PE_PB_FED,-0.021553,0.2,0.25,0.4,0.6,0.65,0.8,0.9,0.0,0.55,0.7,0.06,0.03
8,PE_PB_FED,-0.021561,0.15,0.2,0.45,0.65,0.65,0.85,0.9,0.5,0.55,0.7,0.12,0.05
6,PE_PB,-0.021565,0.05,0.15,0.45,0.55,0.7,0.85,0.9,0.0,0.6,0.0,0.08,0.04
8,PE_PB,-0.021568,0.1,0.2,0.45,0.5,0.75,0.8,0.9,0.0,0.5,0.0,0.12,0.04
8,PE_PB,-0.021571,0.1,0.25,0.4,0.5,0.75,0.8,0.85,0.0,0.65,0.0,0.1,0.04
6,PE_PB_FED,-0.021577,0.1,0.15,0.45,0.55,0.7,0.8,0.9,0.0,0.5,0.75,0.06,0.03
6,PE_PB_FED,-0.021577,0.1,0.25,0.45,0.6,0.7,0.8,0.85,-0.5,0.65,0.7,0.12,0.03
6,PE_PB,-0.021578,0.2,0.3,0.4,0.55,0.65,0.75,0.9,0.0,0.65,0.0,0.08,0.03
6,PE_only,-0.021579,0.1,0.3,0.45,0.5,0.7,0.75,0.9,0.0,0.0,0.0,0.12,0.05
8,PE_PB,-0.02158,0.2,0.3,0.4,0.5,0.65,0.8,0.9,0.0,0.65,0.0,0.06,0.04
8,PE_PB_FED,-0.021582,0.15,0.25,0.45,0.55,0.7,0.8,0.95,1.0,0.65,0.7,0.06,0.05
6,PE_PB_FED,-0.021583,0.15,0.25,0.45,0.5,0.7,0.75,0.95,0.0,0.5,0.8,0.06,0.05
6,PE_PB,-0.021584,0.15,0.25,0.4,0.55,0.65,0.75,0.9,0.0,0.55,0.0,0.06,0.04
6,PE_PB,-0.02159,0.1,0.25,0.35,0.65,0.75,0.85,0.95,0.0,0.5,0.0,0.12,0.04
6,PE_PB,-0.02159,0.1,0.25,0.35,0.65,0.7,0.85,0.95,0.0,0.5,0.0,0.08,0.04
6,PE_PB_FED,-0.021591,0.1,0.15,0.3,0.5,0.75,0.85,0.95,-0.5,0.5,0.75,0.08,0.03
8,PE_PB,-0.021591,0.05,0.25,0.3,0.5,0.75,0.85,0.9,0.0,0.65,0.0,0.1,0.05
6,PE_only,-0.021592,0.1,0.25,0.3,0.5,0.65,0.8,0.85,0.0,0.0,0.0,0.08,0.04
6,PE_PB,-0.021594,0.15,0.25,0.45,0.6,0.65,0.75,0.85,0.0,0.6,0.0,0.08,0.03
8,PE_PB,-0.021594,0.2,0.25,0.4,0.65,0.65,0.85,0.9,0.0,0.5,0.0,0.12,0.03
6,PE_PB,-0.021599,0.1,0.2,0.45,0.65,0.75,0.8,0.85,0.0,0.55,0.0,0.12,0.03
8,PE_only,-0.021599,0.2,0.3,0.45,0.5,0.75,0.85,0.9,0.0,0.0,0.0,0.1,0.05
6,PE_PB,-0.021601,0.15,0.2,0.35,0.65,0.75,0.8,0.9,0.0,0.5,0.0,0.08,0.04
6,PE_PB_FED,-0.021601,0.2,0.3,0.4,0.6,0.65,0.75,0.9,-0.5,0.6,0.8,0.08,0.04
8,PE_PB_FED,-0.021604,0.05,0.15,0.45,0.55,0.7,0.85,0.95,1.0,0.6,0.8,0.12,0.05
6,PE_only,-0.021611,0.2,0.3,0.45,0.55,0.7,0.75,0.85,0.0,0.0,0.0,0.1,0.04
8,PE_PB_FED,-0.021612,0.15,0.2,0.3,0.6,0.65,0.85,0.9,0.5,0.5,0.75,0.12,0.03
6,PE_PB_FED,-0.021613,0.05,0.25,0.35,0.6,0.7,0.75,0.85,0.0,0.6,0.75,0.12,0.03
6,PE_PB,-0.021614,0.05,0.3,0.35,0.6,0.65,0.8,0.9,0.0,0.6,0.0,0.1,0.04
8,PE_FED,-0.021616,0.15,0.2,0.35,0.65,0.7,0.85,0.95,1.0,0.0,0.0,0.08,0.04
6,PE_FED,-0.02162,0.15,0.3,0.35,0.5,0.7,0.8,0.9,-0.5,0.0,0.0,0.06,0.03
8,PE_PB,-0.02163,0.2,0.3,0.45,0.55,0.7,0.85,0.95,0.0,0.5,0.0,0.06,0.03
6,PE_only,-0.021631,0.2,0.3,0.4,0.5,0.7,0.75,0.9,0.0,0.0,0.0,0.08,0.05
6,PE_only,-0.021631,0.2,0.3,0.4,0.5,0.7,0.75,0.9,0.0,0.0,0.0,0.06,0.05
6,PE_PB,-0.021631,0.05,0.15,0.45,0.6,0.7,0.75,0.9,0.0,0.5,0.0,0.12,0.04
6,PB_FED,-0.021636,0.1,0.2,0.3,0.5,0.75,0.85,0.95,0.5,0.0,0.0,0.06,0.05
6,PE_PB_FED,-0.021639,0.15,0.3,0.4,0.5,0.75,0.8,0.95,0.0,0.55,0.7,0.06,0.03
6,PE_FED,-0.021649,0.1,0.3,0.45,0.55,0.65,0.75,0.85,-0.5,0.0,0.0,0.1,0.03
6,PE_only,-0.02165,0.15,0.3,0.4,0.55,0.7,0.85,0.9,0.0,0.0,0.0,0.06,0.05
6,PE_only,-0.021658,0.1,0.3,0.35,0.55,0.75,0.85,0.9,0.0,0.0,0.0,0.06,0.05
6,PE_only,-0.021661,0.1,0.2,0.45,0.5,0.65,0.8,0.85,0.0,0.0,0.0,0.1,0.04
6,PE_PB_FED,-0.021664,0.05,0.25,0.4,0.55,0.7,0.85,0.95,-0.5,0.55,0.75,0.1,0.05
6,PE_PB_FED,-0.021667,0.05,0.3,0.4,0.65,0.7,0.85,0.9,-0.5,0.65,0.8,0.1,0.05
6,PE_PB_FED,-0.021668,0.15,0.2,0.3,0.65,0.75,0.85,0.9,0.0,0.5,0.75,0.06,0.04
6,PE_PB_FED,-0.02167,0.2,0.25,0.35,0.6,0.75,0.8,0.85,0.0,0.65,0.7,0.1,0.04
6,PE_PB_FED,-0.021671,0.15,0.3,0.45,0.55,0.65,0.85,0.95,0.0,0.6,0.75,0.08,0.05
6,PE_PB_FED,-0.021672,0.1,0.15,0.4,0.5,0.75,0.8,0.9,-0.5,0.65,0.75,0.08,0.05
8,PE_PB_FED,-0.021674,0.2,0.3,0.4,0.6,0.7,0.85,0.95,0.5,0.5,0.8,0.12,0.03
6,PB_FED,-0.021676,0.05,0.3,0.45,0.65,0.65,0.8,0.85,0.5,0.0,0.0,0.08,0.05
6,PE_PB_FED,-0.021678,0.2,0.3,0.45,0.55,0.75,0.85,0.95,0.0,0.6,0.7,0.08,0.03
8,PE_PB,-0.021678,0.1,0.3,0.4,0.55,0.65,0.75,0.85,0.0,0.55,0.0,0.08,0.04
6,PE_PB,-0.021679,0.15,0.3,0.45,0.55,0.65,0.85,0.95,0.0,0.6,0.0,0.08,0.03
6,PE_FED,-0.02168,0.15,0.3,0.35,0.5,0.7,0.8,0.9,0.0,0.0,0.0,0.1,0.05
8,PE_PB,-0.02168,0.1,0.15,0.45,0.5,0.7,0.75,0.85,0.0,0.5,0.0,0.06,0.05
6,PE_only,-0.021685,0.2,0.25,0.45,0.55,0.65,0.85,0.9,0.0,0.0,0.0,0.12,0.05
8,PE_FED,-0.021685,0.05,0.3,0.4,0.55,0.7,0.8,0.85,0.5,0.0,0.0,0.08,0.05
8,PE_PB,-0.021688,0.1,0.2,0.45,0.55,0.65,0.8,0.85,0.0,0.5,0.0,0.1,0.04
8,PE_FED,-0.021688,0.2,0.3,0.45,0.6,0.75,0.85,0.9,0.5,0.0,0.0,0.12,0.03
8,PB_FED,-0.021689,0.05,0.3,0.45,0.7,0.7,0.85,0.9,1.0,0.0,0.0,0.08,0.05
8,PE_PB,-0.021694,0.05,0.3,0.35,0.5,0.7,0.85,0.95,0.0,0.55,0.0,0.08,0.05
6,PB_FED,-0.021698,0.05,0.25,0.3,0.5,0.7,0.8,0.95,0.5,0.0,0.0,0.12,0.05
8,PE_PB,-0.021701,0.1,0.3,0.45,0.65,0.7,0.75,0.85,0.0,0.5,0.0,0.1,0.03
8,PE_PB_FED,-0.021701,0.1,0.3,0.35,0.55,0.7,0.85,0.95,0.5,0.5,0.7,0.06,0.04
6,PE_PB_FED,-0.021702,0.05,0.3,0.4,0.5,0.65,0.75,0.95,-0.5,0.6,0.75,0.06,0.03
6,PE_PB_FED,-0.021704,0.15,0.25,0.4,0.55,0.75,0.8,0.9,-0.5,0.65,0.8,0.1,0.05
6,PE_PB,-0.021707,0.2,0.25,0.4,0.65,0.75,0.8,0.85,0.0,0.6,0.0,0.1,0.04
8,PE_FED,-0.021714,0.2,0.25,0.45,0.65,0.7,0.8,0.95,1.0,0.0,0.0,0.12,0.04
8,PE_PB_FED,-0.021716,0.15,0.25,0.4,0.6,0.65,0.8,0.95,1.0,0.6,0.7,0.06,0.05
6,PE_PB,-0.021719,0.15,0.2,0.45,0.5,0.7,0.75,0.9,0.0,0.6,0.0,0.1,0.04
6,PE_PB_FED,-0.021726,0.2,0.25,0.3,0.65,0.7,0.8,0.85,-0.5,0.6,0.75,0.06,0.03
6,PE_PB_FED,-0.021727,0.05,0.15,0.45,0.6,0.65,0.85,0.9,0.0,0.55,0.8,0.08,0.04
6,PE_PB,-0.021729,0.15,0.25,0.4,0.65,0.75,0.85,0.95,0.0,0.5,0.0,0.1,0.05
6,PE_PB,-0.021732,0.05,0.2,0.45,0.5,0.7,0.85,0.95,0.0,0.6,0.0,0.1,0.04
6,PE_FED,-0.02174,0.1,0.25,0.3,0.5,0.7,0.8,0.85,0.0,0.0,0.0,0.12,0.04
8,PE_PB_FED,-0.021742,0.15,0.3,0.35,0.6,0.75,0.8,0.85,0.5,0.65,0.75,0.06,0.05
6,PE_PB,-0.021744,0.05,0.3,0.35,0.55,0.65,0.8,0.9,0.0,0.65,0.0,0.06,0.03
6,PE_PB_FED,-0.021745,0.2,0.3,0.45,0.5,0.65,0.75,0.95,-0.5,0.65,0.75,0.12,0.03
6,PE_PB_FED,-0.021753,0.1,0.3,0.4,0.7,0.65,0.85,0.95,-0.5,0.5,0.8,0.06,0.03
6,PE_PB_FED,-0.021754,0.05,0.2,0.35,0.5,0.65,0.75,0.9,-0.5,0.55,0.8,0.08,0.03
6,PE_PB,-0.021755,0.05,0.3,0.35,0.55,0.7,0.75,0.9,0.0,0.6,0.0,0.12,0.03
8,PE_PB_FED,-0.021757,0.05,0.15,0.45,0.55,0.65,0.85,0.9,0.5,0.5,0.8,0.1,0.03
8,PE_PB_FED,-0.02176,0.15,0.25,0.45,0.5,0.75,0.85,0.95,0.5,0.5,0.7,0.06,0.05
8,PE_FED,-0.021763,0.05,0.2,0.3,0.7,0.65,0.75,0.9,1.0,0.0,0.0,0.1,0.05
6,PB_FED,-0.021767,0.15,0.2,0.4,0.55,0.7,0.85,0.95,0.5,0.0,0.0,0.06,0.04
8,PE_PB_FED,-0.021767,0.1,0.25,0.3,0.65,0.75,0.8,0.95,1.0,0.55,0.8,0.1,0.05
8,PB_FED,-0.021776,0.2,0.25,0.45,0.55,0.65,0.85,0.9,1.0,0.0,0.0,0.06,0.05
8,PE_PB,-0.021777,0.1,0.15,0.3,0.5,0.75,0.85,0.9,0.0,0.5,0.0,0.12,0.03
8,PE_PB,-0.021778,0.2,0.3,0.4,0.5,0.7,0.8,0.95,0.0,0.5,0.0,0.1,0.05
6,PE_PB,-0.02178,0.05,0.15,0.45,0.55,0.75,0.8,0.85,0.0,0.6,0.0,0.08,0.03
8,PE_PB,-0.021781,0.2,0.25,0.35,0.6,0.65,0.75,0.85,0.0,0.5,0.0,0.06,0.05
8,PE_PB_FED,-0.021788,0.2,0.25,0.3,0.55,0.7,0.75,0.85,0.5,0.55,0.8,0.08,0.03
8,PE_FED,-0.021789,0.2,0.3,0.35,0.5,0.7,0.75,0.85,0.5,0.0,0.0,0.06,0.04
6,PE_PB,-0.021794,0.05,0.15,0.4,0.6,0.65,0.75,0.9,0.0,0.5,0.0,0.12,0.05
6,PE_PB,-0.021794,0.15,0.2,0.45,0.55,0.65,0.75,0.85,0.0,0.6,0.0,0.06,0.04
6,PE_PB_FED,-0.021796,0.1,0.25,0.35,0.65,0.7,0.8,0.9,0.0,0.5,0.8,0.08,0.03
8,PE_PB,-0.021798,0.1,0.3,0.45,0.6,0.65,0.8,0.85,0.0,0.55,0.0,0.1,0.03
8,PE_PB_FED,-0.021799,0.05,0.25,0.45,0.5,0.75,0.85,0.9,-0.5,0.55,0.8,0.1,0.03
6,PE_PB_FED,-0.021807,0.1,0.15,0.4,0.55,0.75,0.8,0.85,-0.5,0.6,0.7,0.06,0.03
8,PE_PB,-0.021808,0.2,0.3,0.45,0.5,0.7,0.75,0.9,0.0,0.6,0.0,0.12,0.03
6,PE_FED,-0.021809,0.2,0.25,0.45,0.5,0.65,0.75,0.85,0.0,0.0,0.0,0.06,0.03
6,PE_only,-0.021811,0.1,0.3,0.4,0.55,0.7,0.85,0.9,0.0,0.0,0.0,0.1,0.05
8,PB_FED,-0.021811,0.1,0.3,0.35,0.5,0.65,0.8,0.85,1.0,0.0,0.0,0.06,0.03
6,PB_FED,-0.021818,0.1,0.2,0.4,0.5,0.65,0.8,0.95,0.5,0.0,0.0,0.12,0.05
6,PE_PB_FED,-0.02182,0.1,0.2,0.45,0.5,0.7,0.75,0.9,-0.5,0.6,0.7,0.1,0.04
8,PE_PB,-0.021822,0.15,0.3,0.45,0.55,0.65,0.75,0.85,0.0,0.55,0.0,0.08,0.03
8,PE_PB_FED,-0.021833,0.05,0.3,0.35,0.6,0.65,0.8,0.85,0.5,0.65,0.75,0.06,0.03
6,PE_only,-0.021835,0.15,0.3,0.45,0.5,0.75,0.8,0.9,0.0,0.0,0.0,0.08,0.04
6,PE_PB_FED,-0.021835,0.1,0.2,0.35,0.5,0.7,0.75,0.9,-0.5,0.6,0.7,0.1,0.05
6,PE_FED,-0.021841,0.2,0.3,0.45,0.5,0.7,0.8,0.9,0.0,0.0,0.0,0.06,0.03
8,PE_PB,-0.021847,0.05,0.2,0.45,0.5,0.7,0.8,0.85,0.0,0.6,0.0,0.1,0.04
6,PE_only,-0.021848,0.05,0.3,0.4,0.55,0.75,0.8,0.85,0.0,0.0,0.0,0.08,0.05
6,PE_only,-0.021851,0.1,0.25,0.3,0.5,0.7,0.8,0.85,0.0,0.0,0.0,0.12,0.04
6,PE_PB,-0.02186,0.1,0.15,0.3,0.5,0.7,0.75,0.85,0.0,0.6,0.0,0.06,0.03
6,PB_FED,-0.021861,0.05,0.15,0.45,0.5,0.7,0.85,0.95,0.5,0.0,0.0,0.12,0.04
6,PE_only,-0.021864,0.1,0.3,0.45,0.5,0.7,0.8,0.9,0.0,0.0,0.0,0.12,0.03
6,PE_only,-0.021864,0.1,0.3,0.45,0.5,0.7,0.8,0.9,0.0,0.0,0.0,0.06,0.03
6,PB_FED,-0.021867,0.05,0.3,0.4,0.6,0.7,0.8,0.85,0.5,0.0,0.0,0.1,0.04
8,PE_PB_FED,-0.021869,0.1,0.2,0.4,0.65,0.65,0.8,0.95,1.0,0.5,0.7,0.06,0.05
8,PE_PB,-0.02187,0.15,0.3,0.4,0.55,0.65,0.8,0.85,0.0,0.6,0.0,0.06,0.05
6,PE_PB,-0.021876,0.05,0.2,0.45,0.55,0.65,0.8,0.85,0.0,0.65,0.0,0.12,0.03
6,PE_PB,-0.021879,0.05,0.2,0.4,0.55,0.75,0.8,0.85,0.0,0.65,0.0,0.1,0.05
8,PE_PB,-0.02188,0.05,0.3,0.45,0.6,0.65,0.85,0.9,0.0,0.55,0.0,0.06,0.04
8,PE_FED,-0.021883,0.1,0.2,0.3,0.7,0.7,0.8,0.9,1.0,0.0,0.0,0.1,0.03
6,PE_FED,-0.021885,0.05,0.25,0.4,0.5,0.7,0.85,0.9,0.0,0.0,0.0,0.08,0.04
8,PE_FED,-0.021885,0.2,0.25,0.4,0.5,0.75,0.8,0.85,0.5,0.0,0.0,0.08,0.04
8,PE_PB_FED,-0.021886,0.05,0.25,0.35,0.55,0.7,0.75,0.95,1.0,0.5,0.75,0.08,0.05
6,PB_FED,-0.021889,0.15,0.3,0.45,0.5,0.7,0.75,0.95,0.5,0.0,0.0,0.12,0.04
6,PE_PB_FED,-0.021896,0.2,0.25,0.45,0.55,0.65,0.8,0.9,0.0,0.6,0.8,0.06,0.03
6,PE_PB,-0.021899,0.1,0.3,0.45,0.65,0.65,0.8,0.95,0.0,0.5,0.0,0.1,0.05
6,PE_FED,-0.0219,0.1,0.3,0.4,0.5,0.7,0.8,0.9,-0.5,0.0,0.0,0.12,0.03
6,PE_PB,-0.021902,0.05,0.2,0.3,0.55,0.75,0.85,0.9,0.0,0.6,0.0,0.1,0.04
6,PE_FED,-0.021909,0.1,0.25,0.45,0.5,0.7,0.75,0.85,0.0,0.0,0.0,0.06,0.05
6,PE_FED,-0.021909,0.1,0.25,0.45,0.5,0.7,0.75,0.85,0.0,0.0,0.0,0.08,0.05
8,PE_PB,-0.021911,0.2,0.3,0.4,0.55,0.75,0.85,0.95,0.0,0.5,0.0,0.06,0.05
6,PE_PB,-0.021914,0.2,0.3,0.45,0.65,0.65,0.75,0.95,0.0,0.5,0.0,0.06,0.04
6,PE_PB,-0.021918,0.1,0.15,0.3,0.5,0.75,0.85,0.9,0.0,0.65,0.0,0.12,0.04
6,PB_FED,-0.021918,0.1,0.3,0.35,0.6,0.75,0.85,0.9,0.5,0.0,0.0,0.06,0.04
6,PE_PB,-0.021935,0.1,0.2,0.3,0.6,0.7,0.75,0.9,0.0,0.5,0.0,0.1,0.03
8,PE_PB_FED,-0.021937,0.15,0.2,0.45,0.65,0.7,0.75,0.9,1.0,0.65,0.8,0.12,0.03
8,PE_PB_FED,-0.021946,0.15,0.3,0.45,0.55,0.65,0.75,0.85,0.5,0.6,0.75,0.06,0.03
8,PE_PB_FED,-0.021949,0.15,0.2,0.3,0.5,0.65,0.8,0.85,0.5,0.55,0.75,0.12,0.03
8,PE_PB_FED,-0.021953,0.2,0.25,0.35,0.55,0.75,0.8,0.9,0.5,0.5,0.7,0.06,0.04
6,PB_FED,-0.021955,0.2,0.3,0.35,0.65,0.65,0.85,0.9,0.5,0.0,0.0,0.08,0.04
8,PE_FED,-0.021957,0.05,0.25,0.3,0.7,0.65,0.75,0.9,1.0,0.0,0.0,0.06,0.04
6,PE_PB,-0.02196,0.15,0.3,0.4,0.5,0.75,0.8,0.95,0.0,0.6,0.0,0.08,0.05
6,PE_PB,-0.021969,0.05,0.3,0.45,0.6,0.65,0.8,0.9,0.0,0.6,0.0,0.08,0.03
6,PE_PB,-0.021969,0.15,0.2,0.35,0.5,0.75,0.8,0.9,0.0,0.6,0.0,0.12,0.03
6,PE_only,-0.021985,0.15,0.25,0.35,0.5,0.7,0.8,0.85,0.0,0.0,0.0,0.12,0.04
6,PE_PB,-0.021985,0.1,0.2,0.3,0.6,0.7,0.85,0.95,0.0,0.5,0.0,0.12,0.04
8,PE_PB,-0.021986,0.15,0.25,0.45,0.5,0.75,0.85,0.9,0.0,0.65,0.0,0.12,0.03
8,PE_PB_FED,-0.021991,0.05,0.25,0.3,0.6,0.75,0.8,0.85,0.5,0.55,0.8,0.06,0.03
8,PE_PB,-0.022004,0.2,0.25,0.45,0.5,0.65,0.75,0.9,0.0,0.5,0.0,0.06,0.03
8,PE_PB,-0.022005,0.15,0.3,0.45,0.65,0.65,0.75,0.85,0.0,0.5,0.0,0.06,0.05
6,PE_only,-0.022007,0.1,0.3,0.45,0.5,0.7,0.8,0.9,0.0,0.0,0.0,0.1,0.04
6,PE_PB,-0.022007,0.1,0.3,0.35,0.7,0.65,0.85,0.9,0.0,0.55,0.0,0.1,0.04
6,PB_FED,-0.022008,0.05,0.3,0.35,0.7,0.75,0.85,0.95,0.5,0.0,0.0,0.1,0.05
6,PE_PB,-0.02201,0.2,0.25,0.35,0.55,0.65,0.75,0.9,0.0,0.6,0.0,0.06,0.05
6,PE_PB,-0.022011,0.15,0.2,0.45,0.55,0.7,0.75,0.85,0.0,0.6,0.0,0.12,0.03
6,PE_PB,-0.022017,0.1,0.3,0.4,0.6,0.7,0.8,0.9,0.0,0.55,0.0,0.06,0.03
6,PE_FED,-0.022022,0.2,0.3,0.35,0.55,0.65,0.85,0.9,-0.5,0.0,0.0,0.08,0.03
6,PE_only,-0.022024,0.1,0.3,0.35,0.5,0.65,0.8,0.9,0.0,0.0,0.0,0.06,0.05
6,PE_only,-0.022024,0.1,0.3,0.35,0.5,0.7,0.8,0.9,0.0,0.0,0.0,0.12,0.05
8,PE_FED,-0.022026,0.2,0.3,0.45,0.65,0.7,0.75,0.95,1.0,0.0,0.0,0.08,0.05
8,PE_PB_FED,-0.022033,0.2,0.25,0.4,0.7,0.65,0.75,0.85,0.5,0.5,0.7,0.12,0.04
6,PE_PB,-0.022041,0.05,0.3,0.45,0.5,0.65,0.75,0.95,0.0,0.6,0.0,0.08,0.04
8,PE_PB_FED,-0.022046,0.15,0.25,0.45,0.55,0.7,0.8,0.85,0.5,0.6,0.8,0.12,0.04
6,PE_PB,-0.022048,0.05,0.2,0.4,0.5,0.7,0.85,0.95,0.0,0.55,0.0,0.1,0.05
6,PE_PB,-0.022048,0.05,0.2,0.4,0.5,0.7,0.85,0.95,0.0,0.55,0.0,0.12,0.05
6,PE_PB_FED,-0.022055,0.2,0.3,0.4,0.65,0.7,0.8,0.9,0.0,0.55,0.8,0.1,0.03
8,PE_PB_FED,-0.022056,0.2,0.3,0.4,0.65,0.7,0.8,0.9,0.5,0.5,0.8,0.12,0.03
6,PE_PB,-0.022058,0.1,0.15,0.4,0.6,0.7,0.75,0.9,0.0,0.5,0.0,0.08,0.05
8,PE_PB,-0.022058,0.2,0.25,0.3,0.5,0.75,0.8,0.85,0.0,0.65,0.0,0.12,0.03
6,PE_PB,-0.022062,0.2,0.25,0.3,0.55,0.65,0.75,0.9,0.0,0.55,0.0,0.06,0.03
6,PB_FED,-0.022063,0.05,0.3,0.35,0.7,0.75,0.85,0.9,0.5,0.0,0.0,0.06,0.05
6,PE_PB,-0.022065,0.05,0.2,0.4,0.6,0.7,0.85,0.95,0.0,0.5,0.0,0.08,0.04
6,PE_PB,-0.02207,0.1,0.15,0.3,0.55,0.75,0.8,0.85,0.0,0.55,0.0,0.06,0.03
8,PE_PB,-0.022074,0.2,0.3,0.45,0.7,0.7,0.8,0.85,0.0,0.5,0.0,0.06,0.04
6,PB_FED,-0.022076,0.2,0.25,0.3,0.55,0.7,0.8,0.85,0.5,0.0,0.0,0.08,0.05
6,PE_PB,-0.022081,0.1,0.25,0.45,0.55,0.65,0.75,0.85,0.0,0.65,0.0,0.1,0.04
8,PE_PB_FED,-0.022081,0.1,0.15,0.35,0.6,0.7,0.85,0.95,1.0,0.55,0.75,0.08,0.04
8,PE_PB_FED,-0.022084,0.15,0.25,0.35,0.65,0.7,0.8,0.95,1.0,0.55,0.8,0.12,0.05
6,PE_PB,-0.022085,0.2,0.25,0.4,0.7,0.7,0.8,0.85,0.0,0.55,0.0,0.1,0.05
8,PE_PB_FED,-0.022087,0.2,0.25,0.35,0.5,0.7,0.8,0.85,-0.5,0.55,0.75,0.12,0.03
8,PE_PB_FED,-0.022092,0.2,0.25,0.35,0.5,0.65,0.75,0.95,1.0,0.65,0.7,0.06,0.04
6,PE_PB,-0.022094,0.1,0.2,0.4,0.55,0.65,0.85,0.9,0.0,0.65,0.0,0.12,0.05
8,PE_FED,-0.022098,0.2,0.25,0.35,0.55,0.7,0.8,0.95,1.0,0.0,0.0,0.12,0.04
8,PE_FED,-0.022098,0.1,0.25,0.4,0.65,0.7,0.85,0.95,1.0,0.0,0.0,0.12,0.03
6,PE_only,-0.0221,0.2,0.3,0.4,0.55,0.7,0.8,0.85,0.0,0.0,0.0,0.08,0.03
6,PE_PB,-0.022104,0.1,0.3,0.4,0.7,0.7,0.85,0.95,0.0,0.5,0.0,0.1,0.05
8,PE_PB_FED,-0.022104,0.2,0.3,0.4,0.55,0.65,0.75,0.85,0.5,0.65,0.7,0.12,0.05
6,PE_PB_FED,-0.022107,0.1,0.2,0.45,0.7,0.7,0.75,0.85,-0.5,0.5,0.7,0.08,0.03
6,PE_PB,-0.022115,0.05,0.15,0.3,0.5,0.7,0.85,0.9,0.0,0.65,0.0,0.12,0.03
8,PE_PB_FED,-0.022116,0.1,0.25,0.35,0.7,0.75,0.8,0.85,0.5,0.5,0.7,0.08,0.05
8,PB_FED,-0.022117,0.05,0.3,0.35,0.6,0.75,0.8,0.85,1.0,0.0,0.0,0.12,0.05
8,PE_FED,-0.022122,0.1,0.25,0.3,0.7,0.75,0.85,0.95,1.0,0.0,0.0,0.12,0.05
6,PB_FED,-0.022123,0.05,0.3,0.4,0.65,0.65,0.8,0.85,0.5,0.0,0.0,0.1,0.05
8,PE_PB_FED,-0.022123,0.15,0.3,0.45,0.5,0.7,0.75,0.9,0.5,0.5,0.75,0.1,0.03
6,PE_PB_FED,-0.022125,0.2,0.25,0.45,0.6,0.65,0.85,0.95,0.0,0.5,0.75,0.08,0.03
6,PB_FED,-0.022125,0.1,0.3,0.35,0.6,0.65,0.85,0.9,0.5,0.0,0.0,0.06,0.05
6,PE_PB,-0.022126,0.05,0.25,0.4,0.65,0.65,0.8,0.9,0.0,0.5,0.0,0.06,0.03
6,PE_PB,-0.022128,0.15,0.25,0.4,0.55,0.7,0.75,0.95,0.0,0.5,0.0,0.08,0.05
6,PE_PB,-0.02213,0.15,0.25,0.35,0.5,0.7,0.85,0.95,0.0,0.6,0.0,0.06,0.04
6,PE_PB,-0.022136,0.1,0.2,0.4,0.5,0.7,0.85,0.95,0.0,0.55,0.0,0.06,0.05
8,PE_PB_FED,-0.022137,0.05,0.15,0.35,0.55,0.75,0.8,0.9,1.0,0.65,0.8,0.12,0.04
8,PE_PB_FED,-0.022137,0.05,0.15,0.35,0.55,0.7,0.8,0.9,1.0,0.65,0.8,0.08,0.04
6,PE_only,-0.022149,0.2,0.3,0.45,0.5,0.65,0.75,0.9,0.0,0.0,0.0,0.06,0.05
6,PE_PB_FED,-0.022151,0.1,0.3,0.4,0.65,0.65,0.75,0.85,0.0,0.6,0.75,0.1,0.05
6,PE_PB,-0.022153,0.1,0.2,0.45,0.55,0.7,0.75,0.85,0.0,0.6,0.0,0.08,0.04
6,PB_FED,-0.022158,0.1,0.3,0.4,0.55,0.65,0.75,0.85,0.5,0.0,0.0,0.1,0.05
6,PE_PB,-0.022159,0.15,0.2,0.45,0.55,0.7,0.85,0.9,0.0,0.65,0.0,0.12,0.03
6,PE_PB,-0.02216,0.15,0.3,0.35,0.6,0.65,0.8,0.9,0.0,0.55,0.0,0.08,0.04
6,PE_only,-0.022161,0.1,0.3,0.4,0.5,0.7,0.8,0.9,0.0,0.0,0.0,0.08,0.05
6,PE_PB_FED,-0.022161,0.1,0.3,0.35,0.55,0.7,0.75,0.9,-0.5,0.65,0.75,0.1,0.05
6,PE_PB_FED,-0.022162,0.1,0.25,0.45,0.6,0.7,0.75,0.85,0.0,0.6,0.8,0.06,0.05
8,PE_FED,-0.022171,0.1,0.2,0.35,0.55,0.75,0.85,0.95,1.0,0.0,0.0,0.06,0.04
6,PE_PB,-0.022173,0.15,0.2,0.3,0.65,0.7,0.8,0.9,0.0,0.5,0.0,0.1,0.05
6,PE_PB_FED,-0.022173,0.15,0.3,0.45,0.7,0.75,0.85,0.9,0.0,0.6,0.8,0.12,0.03
6,PB_FED,-0.022173,0.05,0.25,0.35,0.5,0.7,0.8,0.9,0.5,0.0,0.0,0.1,0.04
6,PE_PB,-0.022175,0.2,0.25,0.45,0.6,0.75,0.8,0.85,0.0,0.65,0.0,0.08,0.03
8,PE_PB,-0.02218,0.2,0.3,0.4,0.55,0.65,0.8,0.85,0.0,0.6,0.0,0.1,0.03
6,PE_only,-0.022182,0.1,0.2,0.45,0.5,0.65,0.8,0.85,0.0,0.0,0.0,0.12,0.05
6,PE_PB,-0.022184,0.15,0.25,0.45,0.7,0.7,0.8,0.9,0.0,0.5,0.0,0.08,0.04
6,PE_FED,-0.022185,0.15,0.3,0.45,0.55,0.75,0.8,0.85,0.0,0.0,0.0,0.12,0.05
6,PE_PB,-0.02219,0.15,0.25,0.45,0.6,0.7,0.75,0.85,0.0,0.6,0.0,0.08,0.05
6,PE_PB,-0.022194,0.2,0.3,0.35,0.65,0.65,0.8,0.95,0.0,0.5,0.0,0.1,0.05
6,PB_FED,-0.022196,0.05,0.3,0.4,0.6,0.7,0.85,0.95,0.5,0.0,0.0,0.12,0.03
6,PB_FED,-0.022198,0.15,0.3,0.35,0.5,0.7,0.75,0.9,0.5,0.0,0.0,0.06,0.05
6,PE_PB,-0.022205,0.05,0.25,0.35,0.55,0.65,0.75,0.9,0.0,0.55,0.0,0.1,0.05
6,PE_PB_FED,-0.022205,0.1,0.2,0.3,0.5,0.65,0.8,0.85,0.0,0.65,0.75,0.06,0.04
8,PE_PB_FED,-0.022205,0.2,0.25,0.3,0.5,0.75,0.8,0.95,1.0,0.65,0.7,0.1,0.03
6,PE_PB,-0.022208,0.05,0.25,0.4,0.5,0.7,0.75,0.9,0.0,0.6,0.0,0.12,0.03
6,PE_only,-0.022209,0.15,0.2,0.45,0.5,0.7,0.85,0.9,0.0,0.0,0.0,0.1,0.05
6,PE_PB,-0.022212,0.05,0.25,0.4,0.55,0.75,0.8,0.95,0.0,0.5,0.0,0.06,0.05
8,PE_FED,-0.022213,0.05,0.25,0.45,0.65,0.7,0.85,0.95,1.0,0.0,0.0,0.06,0.03
6,PE_only,-0.022216,0.1,0.3,0.35,0.5,0.65,0.75,0.85,0.0,0.0,0.0,0.08,0.04
8,PE_PB,-0.022219,0.05,0.25,0.4,0.55,0.7,0.8,0.85,0.0,0.5,0.0,0.08,0.03
8,PE_PB_FED,-0.022222,0.15,0.3,0.45,0.55,0.65,0.85,0.95,0.5,0.5,0.8,0.12,0.04
6,PB_FED,-0.022226,0.15,0.25,0.35,0.55,0.75,0.85,0.9,0.5,0.0,0.0,0.08,0.05
8,PE_PB,-0.022229,0.1,0.3,0.35,0.55,0.65,0.85,0.9,0.0,0.6,0.0,0.08,0.05
6,PE_PB,-0.02223,0.15,0.25,0.3,0.6,0.7,0.8,0.85,0.0,0.6,0.0,0.08,0.05
6,PB_FED,-0.022234,0.15,0.3,0.4,0.7,0.7,0.85,0.9,0.5,0.0,0.0,0.08,0.05
6,PE_only,-0.022239,0.2,0.25,0.4,0.5,0.7,0.75,0.85,0.0,0.0,0.0,0.08,0.05
6,PB_FED,-0.02224,0.2,0.3,0.4,0.55,0.65,0.75,0.95,0.5,0.0,0.0,0.08,0.04
6,PE_PB,-0.022241,0.05,0.25,0.35,0.65,0.7,0.8,0.85,0.0,0.55,0.0,0.08,0.05
8,PE_PB,-0.022244,0.05,0.3,0.4,0.5,0.7,0.75,0.9,0.0,0.55,0.0,0.08,0.05
6,PE_PB,-0.022251,0.1,0.2,0.4,0.6,0.65,0.85,0.95,0.0,0.5,0.0,0.1,0.04
8,PE_PB_FED,-0.022254,0.15,0.25,0.45,0.55,0.75,0.8,0.9,0.5,0.5,0.75,0.12,0.05
6,PE_PB,-0.022258,0.05,0.3,0.35,0.6,0.75,0.8,0.85,0.0,0.65,0.0,0.06,0.04
8,PE_PB_FED,-0.022258,0.05,0.2,0.4,0.6,0.65,0.85,0.9,0.5,0.5,0.8,0.12,0.03
8,PE_PB_FED,-0.022259,0.2,0.3,0.4,0.55,0.75,0.8,0.9,0.5,0.6,0.8,0.12,0.05
8,PE_PB_FED,-0.022261,0.15,0.3,0.45,0.5,0.7,0.8,0.85,-0.5,0.6,0.8,0.06,0.03
6,PE_PB,-0.022267,0.15,0.25,0.4,0.55,0.7,0.8,0.95,0.0,0.5,0.0,0.1,0.04
6,PE_FED,-0.02227,0.15,0.25,0.4,0.5,0.75,0.85,0.9,0.0,0.0,0.0,0.12,0.05
6,PE_PB,-0.022271,0.15,0.3,0.45,0.6,0.65,0.85,0.9,0.0,0.65,0.0,0.08,0.04
6,PE_PB,-0.022283,0.05,0.25,0.4,0.6,0.75,0.8,0.85,0.0,0.6,0.0,0.06,0.04
6,PE_PB_FED,-0.022283,0.2,0.3,0.4,0.6,0.7,0.8,0.9,-0.5,0.6,0.7,0.1,0.03
6,PE_PB,-0.022286,0.05,0.15,0.3,0.55,0.65,0.8,0.85,0.0,0.55,0.0,0.12,0.05
6,PE_only,-0.022288,0.05,0.25,0.4,0.5,0.7,0.8,0.85,0.0,0.0,0.0,0.12,0.04
6,PB_FED,-0.022288,0.15,0.3,0.35,0.55,0.7,0.8,0.85,0.5,0.0,0.0,0.12,0.03
8,PE_PB,-0.022291,0.1,0.3,0.45,0.5,0.75,0.8,0.9,0.0,0.6,0.0,0.12,0.03
6,PE_PB_FED,-0.022296,0.15,0.3,0.35,0.7,0.65,0.75,0.85,0.0,0.55,0.7,0.06,0.03
6,PE_only,-0.022304,0.05,0.25,0.4,0.5,0.7,0.8,0.85,0.0,0.0,0.0,0.12,0.03
6,PE_PB,-0.022307,0.1,0.15,0.3,0.5,0.75,0.8,0.9,0.0,0.55,0.0,0.08,0.05
6,PE_only,-0.022314,0.05,0.3,0.4,0.5,0.75,0.8,0.9,0.0,0.0,0.0,0.08,0.05
8,PE_PB_FED,-0.022317,0.15,0.3,0.35,0.55,0.75,0.8,0.85,0.5,0.65,0.8,0.08,0.05
6,PE_PB,-0.022319,0.2,0.3,0.45,0.65,0.65,0.75,0.85,0.0,0.6,0.0,0.12,0.03
8,PE_PB_FED,-0.022325,0.2,0.25,0.35,0.7,0.65,0.75,0.85,0.5,0.5,0.7,0.1,0.05
6,PE_PB,-0.022328,0.15,0.3,0.45,0.7,0.75,0.85,0.95,0.0,0.5,0.0,0.1,0.04
6,PE_PB,-0.022333,0.05,0.3,0.35,0.6,0.65,0.8,0.9,0.0,0.55,0.0,0.12,0.04
8,PE_PB_FED,-0.022333,0.2,0.25,0.3,0.6,0.65,0.75,0.95,1.0,0.5,0.75,0.08,0.03
6,PE_FED,-0.022337,0.05,0.25,0.35,0.5,0.75,0.85,0.9,-0.5,0.0,0.0,0.06,0.03
6,PE_PB,-0.022341,0.1,0.2,0.35,0.7,0.7,0.85,0.9,0.0,0.5,0.0,0.08,0.04
6,PE_PB,-0.022349,0.15,0.3,0.45,0.5,0.7,0.8,0.95,0.0,0.6,0.0,0.06,0.04
8,PE_PB,-0.022351,0.1,0.3,0.4,0.5,0.7,0.75,0.9,0.0,0.55,0.0,0.12,0.05
6,PE_only,-0.022356,0.05,0.3,0.45,0.55,0.65,0.8,0.85,0.0,0.0,0.0,0.1,0.05
6,PE_only,-0.022356,0.05,0.3,0.45,0.55,0.7,0.8,0.85,0.0,0.0,0.0,0.06,0.05
8,PE_FED,-0.022356,0.2,0.25,0.4,0.55,0.75,0.8,0.95,1.0,0.0,0.0,0.08,0.05
8,PE_FED,-0.022358,0.1,0.25,0.4,0.7,0.75,0.85,0.95,1.0,0.0,0.0,0.1,0.05
6,PE_PB,-0.022363,0.15,0.2,0.45,0.55,0.7,0.75,0.85,0.0,0.6,0.0,0.12,0.05
6,PE_FED,-0.022376,0.1,0.15,0.45,0.6,0.7,0.75,0.95,0.5,0.0,0.0,0.12,0.03
6,PE_only,-0.022378,0.05,0.3,0.45,0.55,0.75,0.8,0.85,0.0,0.0,0.0,0.1,0.05
6,PE_PB,-0.02238,0.2,0.3,0.35,0.55,0.65,0.85,0.95,0.0,0.6,0.0,0.12,0.04
6,PE_FED,-0.022383,0.1,0.15,0.35,0.55,0.75,0.8,0.95,0.5,0.0,0.0,0.1,0.03
6,PE_PB,-0.022386,0.15,0.2,0.4,0.5,0.65,0.8,0.9,0.0,0.6,0.0,0.06,0.04
6,PE_PB,-0.02239,0.1,0.2,0.4,0.7,0.75,0.85,0.9,0.0,0.5,0.0,0.06,0.04
6,PE_PB_FED,-0.022395,0.05,0.15,0.3,0.5,0.75,0.85,0.9,0.0,0.6,0.8,0.12,0.04
6,PE_PB,-0.0224,0.15,0.2,0.3,0.55,0.75,0.85,0.95,0.0,0.5,0.0,0.1,0.03
6,PB_FED,-0.022404,0.15,0.3,0.35,0.55,0.75,0.8,0.9,0.5,0.0,0.0,0.08,0.05
8,PB_FED,-0.022404,0.15,0.3,0.35,0.5,0.75,0.85,0.95,1.0,0.0,0.0,0.1,0.05
8,PE_PB,-0.022405,0.1,0.2,0.45,0.55,0.7,0.8,0.85,0.0,0.5,0.0,0.1,0.05
6,PE_PB,-0.022411,0.15,0.25,0.4,0.6,0.65,0.75,0.85,0.0,0.55,0.0,0.1,0.05
6,PE_PB_FED,-0.022413,0.15,0.3,0.35,0.55,0.7,0.75,0.95,-0.5,0.5,0.75,0.06,0.04
6,PE_PB_FED,-0.022417,0.15,0.2,0.4,0.55,0.7,0.8,0.9,-0.5,0.55,0.7,0.12,0.05
6,PE_PB,-0.02242,0.05,0.3,0.4,0.7,0.65,0.85,0.9,0.0,0.55,0.0,0.08,0.03
8,PE_PB_FED,-0.02242,0.2,0.25,0.4,0.5,0.65,0.8,0.95,1.0,0.65,0.75,0.1,0.03
6,PE_FED,-0.022422,0.1,0.25,0.45,0.5,0.65,0.75,0.85,-0.5,0.0,0.0,0.1,0.05
8,PE_FED,-0.022426,0.15,0.25,0.35,0.6,0.7,0.75,0.9,1.0,0.0,0.0,0.08,0.03
8,PE_PB_FED,-0.022427,0.15,0.2,0.3,0.65,0.7,0.85,0.95,1.0,0.65,0.8,0.06,0.04
6,PE_PB,-0.022432,0.15,0.3,0.45,0.7,0.7,0.85,0.9,0.0,0.55,0.0,0.08,0.03
6,PE_PB,-0.022436,0.15,0.3,0.45,0.6,0.65,0.8,0.9,0.0,0.55,0.0,0.08,0.03
8,PE_PB_FED,-0.022438,0.1,0.15,0.35,0.5,0.65,0.75,0.9,1.0,0.6,0.8,0.06,0.05
6,PE_PB,-0.022439,0.1,0.15,0.3,0.65,0.75,0.8,0.85,0.0,0.5,0.0,0.12,0.05
6,PB_FED,-0.022441,0.2,0.3,0.35,0.7,0.7,0.85,0.9,0.5,0.0,0.0,0.12,0.05
6,PE_PB,-0.022443,0.05,0.3,0.45,0.55,0.65,0.75,0.9,0.0,0.6,0.0,0.1,0.04
8,PE_PB_FED,-0.022443,0.05,0.15,0.45,0.5,0.65,0.8,0.85,0.5,0.55,0.7,0.06,0.05
8,PE_FED,-0.022444,0.05,0.3,0.45,0.55,0.7,0.85,0.9,0.5,0.0,0.0,0.1,0.05
8,PE_PB,-0.022447,0.1,0.3,0.4,0.65,0.7,0.8,0.85,0.0,0.5,0.0,0.1,0.04
8,PE_PB,-0.022447,0.1,0.3,0.4,0.65,0.75,0.8,0.85,0.0,0.5,0.0,0.08,0.04
6,PE_FED,-0.022449,0.15,0.3,0.45,0.55,0.65,0.85,0.9,-0.5,0.0,0.0,0.08,0.05
6,PB_FED,-0.022454,0.05,0.3,0.35,0.6,0.7,0.85,0.9,0.5,0.0,0.0,0.1,0.04
6,PE_only,-0.022459,0.1,0.25,0.35,0.5,0.65,0.85,0.9,0.0,0.0,0.0,0.06,0.05
6,PB_FED,-0.022459,0.15,0.25,0.3,0.5,0.65,0.8,0.95,0.5,0.0,0.0,0.12,0.04
6,PE_PB,-0.022469,0.1,0.2,0.35,0.7,0.75,0.85,0.9,0.0,0.5,0.0,0.1,0.03
6,PE_FED,-0.022473,0.2,0.3,0.35,0.5,0.65,0.8,0.9,-0.5,0.0,0.0,0.12,0.04
8,PE_PB,-0.022477,0.15,0.3,0.45,0.65,0.75,0.85,0.9,0.0,0.5,0.0,0.12,0.03
8,PE_PB,-0.022482,0.15,0.3,0.45,0.65,0.7,0.8,0.85,0.0,0.5,0.0,0.1,0.03
6,PE_PB,-0.022483,0.15,0.25,0.35,0.55,0.7,0.8,0.85,0.0,0.65,0.0,0.06,0.04
8,PE_PB_FED,-0.022488,0.2,0.3,0.45,0.7,0.7,0.8,0.85,0.5,0.6,0.75,0.06,0.03
8,PE_PB,-0.022489,0.1,0.3,0.45,0.55,0.7,0.75,0.85,0.0,0.55,0.0,0.08,0.04
6,PB_FED,-0.022495,0.2,0.3,0.45,0.5,0.65,0.75,0.95,0.5,0.0,0.0,0.1,0.03
6,PE_PB_FED,-0.022511,0.15,0.2,0.45,0.5,0.7,0.85,0.95,-0.5,0.55,0.75,0.08,0.05
8,PE_FED,-0.022511,0.15,0.25,0.3,0.6,0.75,0.85,0.95,1.0,0.0,0.0,0.12,0.03
6,PE_PB_FED,-0.022515,0.2,0.25,0.35,0.55,0.65,0.75,0.85,0.0,0.6,0.7,0.08,0.03
6,PB_FED,-0.022517,0.15,0.3,0.45,0.55,0.7,0.85,0.9,0.5,0.0,0.0,0.12,0.03
8,PE_FED,-0.022519,0.05,0.3,0.4,0.5,0.65,0.8,0.95,1.0,0.0,0.0,0.12,0.04
8,PE_FED,-0.02252,0.05,0.2,0.3,0.5,0.7,0.85,0.95,1.0,0.0,0.0,0.1,0.04
8,PE_PB,-0.022526,0.05,0.25,0.4,0.55,0.7,0.85,0.9,0.0,0.5,0.0,0.06,0.03
8,PE_PB,-0.022527,0.1,0.15,0.45,0.5,0.7,0.8,0.85,0.0,0.5,0.0,0.06,0.03
8,PE_PB,-0.022531,0.05,0.3,0.4,0.55,0.65,0.8,0.85,0.0,0.55,0.0,0.12,0.03
6,PE_PB_FED,-0.022532,0.05,0.2,0.45,0.7,0.75,0.85,0.9,0.0,0.5,0.75,0.1,0.05
6,PE_only,-0.022534,0.2,0.3,0.45,0.55,0.75,0.8,0.85,0.0,0.0,0.0,0.12,0.04
8,PE_PB,-0.022539,0.2,0.3,0.35,0.55,0.65,0.85,0.9,0.0,0.6,0.0,0.08,0.03
8,PB_FED,-0.022545,0.05,0.3,0.45,0.55,0.7,0.85,0.95,1.0,0.0,0.0,0.1,0.04
8,PE_PB,-0.022548,0.2,0.25,0.35,0.6,0.75,0.8,0.85,0.0,0.5,0.0,0.12,0.04
6,PE_PB,-0.02255,0.15,0.2,0.45,0.7,0.7,0.75,0.85,0.0,0.5,0.0,0.08,0.05
8,PE_PB_FED,-0.022555,0.15,0.3,0.4,0.5,0.7,0.75,0.95,1.0,0.6,0.7,0.1,0.05
8,PE_PB_FED,-0.022556,0.05,0.2,0.45,0.55,0.75,0.85,0.95,1.0,0.65,0.7,0.1,0.03
6,PE_PB_FED,-0.022558,0.05,0.3,0.35,0.55,0.75,0.85,0.95,0.0,0.55,0.75,0.08,0.04
6,PE_PB_FED,-0.022563,0.05,0.15,0.35,0.5,0.65,0.75,0.85,0.0,0.55,0.8,0.1,0.04
6,PE_PB,-0.022564,0.2,0.3,0.4,0.65,0.75,0.8,0.85,0.0,0.6,0.0,0.06,0.03
8,PE_PB,-0.022565,0.2,0.25,0.45,0.55,0.65,0.8,0.9,0.0,0.5,0.0,0.12,0.05
8,PE_FED,-0.022575,0.1,0.3,0.4,0.5,0.7,0.85,0.9,0.5,0.0,0.0,0.08,0.03
6,PE_PB,-0.022578,0.1,0.25,0.4,0.7,0.65,0.75,0.85,0.0,0.5,0.0,0.1,0.03
8,PE_PB,-0.022579,0.05,0.3,0.45,0.55,0.7,0.8,0.85,0.0,0.6,0.0,0.06,0.05
8,PE_FED,-0.022581,0.15,0.3,0.35,0.5,0.75,0.8,0.85,0.5,0.0,0.0,0.1,0.05
6,PE_PB,-0.022584,0.2,0.25,0.4,0.6,0.7,0.75,0.85,0.0,0.6,0.0,0.06,0.05
6,PB_FED,-0.02259,0.2,0.3,0.35,0.5,0.65,0.75,0.9,0.5,0.0,0.0,0.12,0.04
6,PE_PB_FED,-0.022593,0.1,0.25,0.3,0.5,0.65,0.85,0.95,-0.5,0.55,0.8,0.06,0.03
6,PB_FED,-0.022593,0.05,0.3,0.35,0.55,0.75,0.85,0.9,0.5,0.0,0.0,0.08,0.03
6,PB_FED,-0.022598,0.1,0.25,0.45,0.5,0.7,0.8,0.9,0.5,0.0,0.0,0.12,0.05
8,PE_PB,-0.0226,0.05,0.3,0.35,0.5,0.65,0.75,0.85,0.0,0.6,0.0,0.1,0.03
8,PE_PB_FED,-0.022614,0.2,0.3,0.45,0.5,0.7,0.85,0.9,-0.5,0.65,0.75,0.1,0.05
6,PE_PB_FED,-0.022615,0.2,0.3,0.4,0.6,0.7,0.75,0.85,-0.5,0.65,0.75,0.06,0.05
6,PE_PB,-0.022619,0.05,0.2,0.3,0.6,0.75,0.8,0.9,0.0,0.5,0.0,0.1,0.04
6,PE_PB,-0.022624,0.2,0.25,0.3,0.6,0.65,0.85,0.9,0.0,0.6,0.0,0.06,0.04
8,PE_PB,-0.022624,0.2,0.3,0.4,0.65,0.65,0.8,0.85,0.0,0.5,0.0,0.06,0.03
6,PE_PB_FED,-0.022626,0.2,0.3,0.35,0.65,0.7,0.85,0.95,0.0,0.5,0.75,0.06,0.05
6,PE_FED,-0.022631,0.2,0.25,0.4,0.5,0.65,0.85,0.9,-0.5,0.0,0.0,0.08,0.04
8,PE_PB_FED,-0.022633,0.15,0.25,0.4,0.5,0.7,0.85,0.9,0.5,0.65,0.75,0.06,0.05
6,PE_PB,-0.022643,0.1,0.25,0.45,0.65,0.75,0.8,0.9,0.0,0.5,0.0,0.08,0.03
8,PE_PB,-0.022643,0.05,0.25,0.45,0.6,0.7,0.85,0.9,0.0,0.5,0.0,0.06,0.05
6,PE_PB,-0.022646,0.05,0.25,0.3,0.55,0.65,0.8,0.85,0.0,0.65,0.0,0.12,0.05
6,PE_FED,-0.022646,0.05,0.25,0.35,0.5,0.7,0.8,0.85,0.0,0.0,0.0,0.12,0.05
6,PE_PB,-0.02265,0.05,0.15,0.45,0.65,0.65,0.85,0.9,0.0,0.5,0.0,0.08,0.04
6,PE_PB_FED,-0.022651,0.15,0.3,0.4,0.55,0.75,0.8,0.9,0.0,0.6,0.7,0.12,0.04
6,PE_PB,-0.022653,0.05,0.25,0.45,0.55,0.75,0.8,0.95,0.0,0.5,0.0,0.1,0.05
6,PB_FED,-0.022657,0.05,0.25,0.35,0.5,0.7,0.85,0.95,0.5,0.0,0.0,0.12,0.03
6,PE_PB,-0.022666,0.1,0.15,0.45,0.55,0.65,0.75,0.85,0.0,0.55,0.0,0.1,0.05
8,PE_PB_FED,-0.022667,0.15,0.25,0.4,0.5,0.75,0.85,0.9,-0.5,0.5,0.75,0.06,0.05
8,PE_PB,-0.022668,0.05,0.25,0.45,0.6,0.65,0.85,0.9,0.0,0.5,0.0,0.12,0.05
8,PE_PB,-0.02267,0.15,0.3,0.4,0.55,0.75,0.8,0.9,0.0,0.5,0.0,0.1,0.05
8,PB_FED,-0.022676,0.1,0.3,0.4,0.5,0.75,0.85,0.95,1.0,0.0,0.0,0.08,0.04
8,PE_FED,-0.022678,0.05,0.15,0.4,0.7,0.65,0.75,0.85,1.0,0.0,0.0,0.12,0.03
6,PE_PB_FED,-0.022684,0.05,0.25,0.35,0.5,0.75,0.8,0.9,0.0,0.65,0.7,0.08,0.04
6,PE_PB_FED,-0.022693,0.1,0.2,0.4,0.55,0.65,0.75,0.85,-0.5,0.55,0.8,0.1,0.04
8,PE_FED,-0.022693,0.05,0.3,0.4,0.5,0.7,0.8,0.95,1.0,0.0,0.0,0.08,0.05
6,PE_PB,-0.022694,0.1,0.2,0.45,0.6,0.65,0.75,0.9,0.0,0.5,0.0,0.06,0.03
6,PE_PB,-0.022696,0.1,0.25,0.4,0.55,0.75,0.8,0.85,0.0,0.65,0.0,0.12,0.04
6,PE_PB,-0.022697,0.1,0.15,0.35,0.5,0.75,0.8,0.95,0.0,0.5,0.0,0.12,0.03
8,PE_PB_FED,-0.022716,0.2,0.3,0.35,0.55,0.7,0.75,0.85,0.5,0.6,0.8,0.12,0.04
6,PE_PB,-0.02273,0.15,0.25,0.45,0.5,0.7,0.75,0.9,0.0,0.6,0.0,0.08,0.04
8,PB_FED,-0.022734,0.2,0.3,0.4,0.5,0.65,0.8,0.85,1.0,0.0,0.0,0.06,0.03
6,PE_PB,-0.022738,0.15,0.3,0.35,0.65,0.7,0.75,0.85,0.0,0.55,0.0,0.08,0.05
6,PE_FED,-0.02274,0.1,0.15,0.35,0.7,0.7,0.85,0.95,0.5,0.0,0.0,0.08,0.04
6,PE_PB,-0.022741,0.2,0.25,0.45,0.55,0.75,0.85,0.95,0.0,0.55,0.0,0.12,0.03
6,PE_only,-0.022748,0.2,0.25,0.4,0.5,0.65,0.8,0.85,0.0,0.0,0.0,0.1,0.03
6,PE_PB,-0.022748,0.1,0.2,0.3,0.5,0.7,0.75,0.85,0.0,0.65,0.0,0.1,0.05
6,PE_PB_FED,-0.022748,0.05,0.3,0.45,0.6,0.75,0.85,0.95,-0.5,0.55,0.7,0.06,0.05
6,PE_PB_FED,-0.022749,0.1,0.2,0.3,0.65,0.65,0.8,0.85,-0.5,0.5,0.75,0.12,0.03
6,PE_only,-0.02275,0.1,0.3,0.45,0.5,0.65,0.8,0.9,0.0,0.0,0.0,0.1,0.05
8,PE_PB_FED,-0.022754,0.15,0.25,0.4,0.5,0.75,0.8,0.85,0.5,0.6,0.8,0.1,0.03
6,PE_PB,-0.022757,0.15,0.25,0.3,0.5,0.65,0.75,0.9,0.0,0.55,0.0,0.08,0.04
6,PE_PB,-0.022758,0.2,0.3,0.4,0.7,0.65,0.8,0.85,0.0,0.55,0.0,0.06,0.03
6,PE_PB,-0.022762,0.15,0.3,0.35,0.55,0.65,0.75,0.95,0.0,0.5,0.0,0.1,0.03
6,PE_PB,-0.022775,0.05,0.25,0.4,0.5,0.75,0.8,0.9,0.0,0.65,0.0,0.08,0.04
6,PE_PB_FED,-0.022782,0.05,0.15,0.35,0.6,0.7,0.85,0.9,0.0,0.5,0.8,0.06,0.03
6,PE_PB,-0.022787,0.15,0.2,0.35,0.7,0.7,0.8,0.85,0.0,0.5,0.0,0.08,0.05
8,PE_PB_FED,-0.022788,0.2,0.3,0.45,0.6,0.65,0.85,0.9,-0.5,0.5,0.7,0.08,0.05
6,PE_PB,-0.022795,0.1,0.15,0.4,0.55,0.7,0.75,0.9,0.0,0.5,0.0,0.06,0.05
6,PE_PB,-0.022811,0.05,0.3,0.4,0.55,0.65,0.8,0.9,0.0,0.65,0.0,0.08,0.05
6,PB_FED,-0.022816,0.15,0.25,0.45,0.5,0.7,0.8,0.85,0.5,0.0,0.0,0.12,0.04
6,PE_PB,-0.022838,0.05,0.2,0.35,0.7,0.65,0.8,0.85,0.0,0.5,0.0,0.06,0.05
6,PE_PB,-0.022844,0.05,0.3,0.35,0.55,0.7,0.75,0.95,0.0,0.5,0.0,0.06,0.03
6,PE_PB,-0.022847,0.15,0.2,0.3,0.5,0.65,0.75,0.85,0.0,0.6,0.0,0.06,0.04
6,PE_PB_FED,-0.022849,0.15,0.25,0.4,0.6,0.7,0.75,0.85,0.0,0.55,0.7,0.06,0.05
8,PE_PB,-0.022852,0.1,0.25,0.45,0.5,0.65,0.8,0.9,0.0,0.5,0.0,0.06,0.04
6,PE_PB,-0.022855,0.2,0.3,0.4,0.7,0.7,0.8,0.85,0.0,0.55,0.0,0.12,0.04
6,PE_PB,-0.022856,0.05,0.2,0.3,0.65,0.7,0.8,0.85,0.0,0.5,0.0,0.08,0.04
6,PE_PB_FED,-0.022862,0.05,0.25,0.45,0.7,0.7,0.8,0.9,-0.5,0.5,0.75,0.08,0.05
6,PE_PB,-0.022874,0.1,0.3,0.4,0.5,0.65,0.75,0.9,0.0,0.65,0.0,0.1,0.03
8,PB_FED,-0.022874,0.2,0.25,0.35,0.5,0.7,0.8,0.85,1.0,0.0,0.0,0.06,0.05
6,PE_FED,-0.022875,0.1,0.15,0.35,0.65,0.75,0.85,0.95,0.5,0.0,0.0,0.08,0.04
6,PE_PB,-0.022878,0.15,0.2,0.35,0.55,0.7,0.75,0.9,0.0,0.5,0.0,0.1,0.03
8,PE_PB_FED,-0.022883,0.05,0.25,0.45,0.65,0.65,0.75,0.9,1.0,0.65,0.8,0.06,0.03
8,PE_PB_FED,-0.022894,0.15,0.3,0.45,0.6,0.75,0.85,0.9,0.5,0.6,0.8,0.1,0.04
6,PE_PB,-0.022897,0.15,0.3,0.35,0.55,0.65,0.85,0.95,0.0,0.55,0.0,0.06,0.04
6,PE_PB,-0.022898,0.1,0.3,0.4,0.65,0.65,0.75,0.9,0.0,0.5,0.0,0.06,0.04
6,PE_only,-0.022901,0.2,0.25,0.35,0.5,0.7,0.8,0.85,0.0,0.0,0.0,0.12,0.04
6,PE_only,-0.022904,0.1,0.3,0.4,0.5,0.7,0.75,0.85,0.0,0.0,0.0,0.06,0.05
6,PE_PB_FED,-0.022905,0.2,0.3,0.35,0.7,0.7,0.75,0.9,-0.5,0.5,0.75,0.08,0.04
6,PE_PB,-0.022923,0.05,0.3,0.45,0.6,0.7,0.85,0.9,0.0,0.65,0.0,0.12,0.03
6,PE_PB_FED,-0.022924,0.15,0.2,0.35,0.65,0.7,0.85,0.9,-0.5,0.5,0.8,0.06,0.03
8,PE_PB_FED,-0.022925,0.15,0.2,0.4,0.7,0.65,0.85,0.95,1.0,0.6,0.8,0.12,0.05
6,PE_PB_FED,-0.022933,0.15,0.2,0.35,0.7,0.65,0.8,0.85,-0.5,0.5,0.8,0.12,0.05
8,PE_FED,-0.022935,0.1,0.2,0.45,0.55,0.7,0.75,0.9,1.0,0.0,0.0,0.08,0.05
6,PE_PB,-0.022939,0.15,0.3,0.45,0.7,0.75,0.85,0.9,0.0,0.55,0.0,0.12,0.05
8,PE_FED,-0.022941,0.05,0.2,0.45,0.5,0.65,0.85,0.95,1.0,0.0,0.0,0.1,0.04
8,PE_PB_FED,-0.022951,0.15,0.25,0.4,0.55,0.7,0.8,0.85,0.5,0.55,0.8,0.06,0.04
6,PE_PB,-0.022952,0.2,0.3,0.45,0.5,0.7,0.75,0.95,0.0,0.55,0.0,0.12,0.03
6,PE_FED,-0.022952,0.1,0.2,0.3,0.7,0.75,0.8,0.95,0.5,0.0,0.0,0.12,0.04
6,PE_PB_FED,-0.022957,0.05,0.25,0.35,0.5,0.7,0.8,0.9,-0.5,0.65,0.75,0.12,0.03
8,PB_FED,-0.022957,0.2,0.3,0.35,0.55,0.7,0.8,0.85,1.0,0.0,0.0,0.12,0.05
6,PE_PB_FED,-0.022964,0.15,0.3,0.35,0.6,0.7,0.75,0.9,-0.5,0.55,0.7,0.06,0.05
8,PE_PB_FED,-0.022973,0.05,0.15,0.4,0.65,0.65,0.8,0.9,1.0,0.55,0.75,0.12,0.04
6,PE_PB,-0.022974,0.05,0.15,0.45,0.55,0.65,0.85,0.9,0.0,0.55,0.0,0.12,0.04
6,PE_PB_FED,-0.022975,0.15,0.3,0.35,0.5,0.7,0.75,0.9,0.0,0.65,0.7,0.08,0.05
6,PE_FED,-0.022983,0.05,0.3,0.45,0.5,0.65,0.8,0.9,-0.5,0.0,0.0,0.08,0.04
6,PE_PB,-0.02299,0.05,0.3,0.45,0.6,0.65,0.8,0.9,0.0,0.55,0.0,0.06,0.04
6,PE_PB,-0.022993,0.05,0.3,0.4,0.55,0.65,0.75,0.85,0.0,0.65,0.0,0.1,0.03
6,PE_PB,-0.022998,0.15,0.3,0.4,0.7,0.7,0.8,0.9,0.0,0.5,0.0,0.06,0.04
8,PE_FED,-0.023003,0.15,0.2,0.3,0.5,0.7,0.85,0.95,1.0,0.0,0.0,0.06,0.05
6,PB_FED,-0.023011,0.1,0.2,0.4,0.6,0.7,0.75,0.95,1.0,0.0,0.0,0.06,0.03
6,PE_PB,-0.023017,0.05,0.3,0.35,0.5,0.7,0.85,0.95,0.0,0.65,0.0,0.06,0.05
8,PE_FED,-0.023021,0.05,0.25,0.45,0.65,0.65,0.85,0.95,1.0,0.0,0.0,0.12,0.05
6,PE_PB,-0.023026,0.2,0.3,0.45,0.6,0.65,0.8,0.85,0.0,0.65,0.0,0.06,0.03
8,PE_PB_FED,-0.023027,0.05,0.3,0.45,0.55,0.7,0.8,0.9,0.5,0.5,0.7,0.1,0.03
6,PE_PB_FED,-0.023032,0.1,0.25,0.4,0.55,0.7,0.75,0.85,-0.5,0.6,0.8,0.1,0.04
6,PE_PB_FED,-0.023034,0.15,0.25,0.35,0.65,0.75,0.8,0.9,0.0,0.5,0.8,0.1,0.05
8,PE_FED,-0.023039,0.15,0.25,0.4,0.55,0.65,0.85,0.95,1.0,0.0,0.0,0.06,0.03
6,PE_PB_FED,-0.02304,0.05,0.25,0.4,0.7,0.7,0.85,0.9,-0.5,0.5,0.8,0.06,0.04
6,PE_PB,-0.023048,0.05,0.25,0.45,0.55,0.75,0.8,0.9,0.0,0.55,0.0,0.1,0.03
6,PE_PB,-0.023067,0.1,0.25,0.35,0.7,0.7,0.75,0.85,0.0,0.5,0.0,0.1,0.05
8,PE_PB_FED,-0.023068,0.05,0.25,0.3,0.7,0.7,0.75,0.9,1.0,0.6,0.75,0.1,0.04
6,PE_only,-0.023073,0.15,0.3,0.45,0.5,0.7,0.75,0.85,0.0,0.0,0.0,0.06,0.03
6,PE_PB,-0.023073,0.05,0.3,0.4,0.65,0.75,0.85,0.95,0.0,0.5,0.0,0.08,0.05
6,PE_only,-0.023074,0.05,0.3,0.45,0.5,0.65,0.75,0.85,0.0,0.0,0.0,0.12,0.04
6,PE_PB,-0.023079,0.15,0.2,0.35,0.6,0.7,0.75,0.9,0.0,0.5,0.0,0.1,0.05
8,PE_PB_FED,-0.02308,0.15,0.25,0.35,0.65,0.65,0.8,0.95,1.0,0.5,0.8,0.1,0.05
6,PE_PB_FED,-0.023082,0.05,0.15,0.35,0.7,0.7,0.75,0.95,0.5,0.65,0.75,0.1,0.03
8,PE_FED,-0.023083,0.05,0.2,0.35,0.65,0.65,0.8,0.9,1.0,0.0,0.0,0.12,0.04
8,PE_PB,-0.023085,0.2,0.3,0.4,0.55,0.65,0.75,0.85,0.0,0.55,0.0,0.06,0.05
6,PE_PB_FED,-0.023088,0.1,0.15,0.4,0.65,0.7,0.75,0.95,0.5,0.6,0.8,0.1,0.03
6,PE_PB_FED,-0.023091,0.05,0.2,0.35,0.5,0.65,0.85,0.9,0.0,0.65,0.8,0.08,0.05
6,PB_FED,-0.023092,0.1,0.15,0.35,0.6,0.7,0.75,0.9,1.0,0.0,0.0,0.08,0.04
6,PE_PB,-0.023095,0.05,0.25,0.35,0.55,0.65,0.85,0.9,0.0,0.65,0.0,0.08,0.05
6,PE_FED,-0.023095,0.05,0.15,0.35,0.7,0.75,0.85,0.95,0.5,0.0,0.0,0.08,0.03
6,PE_PB,-0.023096,0.1,0.2,0.35,0.6,0.7,0.75,0.9,0.0,0.5,0.0,0.1,0.05
6,PE_PB,-0.02311,0.15,0.3,0.45,0.6,0.7,0.75,0.95,0.0,0.5,0.0,0.1,0.05
6,PB_FED,-0.02311,0.05,0.3,0.35,0.5,0.7,0.8,0.95,0.5,0.0,0.0,0.08,0.03
6,PE_PB,-0.023113,0.15,0.2,0.4,0.6,0.7,0.8,0.9,0.0,0.5,0.0,0.1,0.04
8,PE_PB_FED,-0.023117,0.2,0.3,0.4,0.55,0.7,0.85,0.95,0.5,0.5,0.7,0.12,0.05
6,PE_PB_FED,-0.023119,0.1,0.2,0.35,0.5,0.65,0.75,0.85,0.0,0.55,0.75,0.08,0.05
6,PE_PB,-0.023122,0.15,0.25,0.45,0.55,0.65,0.85,0.9,0.0,0.65,0.0,0.12,0.03
6,PE_PB_FED,-0.023129,0.2,0.25,0.35,0.55,0.65,0.75,0.9,-0.5,0.55,0.7,0.1,0.05
6,PE_PB_FED,-0.023133,0.15,0.25,0.45,0.7,0.7,0.75,0.85,0.0,0.5,0.8,0.1,0.04
8,PE_PB_FED,-0.023134,0.2,0.3,0.35,0.55,0.65,0.75,0.95,1.0,0.55,0.8,0.08,0.03
8,PE_FED,-0.023135,0.1,0.2,0.35,0.65,0.65,0.8,0.9,1.0,0.0,0.0,0.06,0.04
6,PB_FED,-0.023138,0.1,0.15,0.45,0.65,0.7,0.8,0.95,1.0,0.0,0.0,0.12,0.03
6,PE_PB,-0.023143,0.15,0.3,0.35,0.65,0.7,0.8,0.85,0.0,0.55,0.0,0.08,0.04
8,PE_FED,-0.023146,0.1,0.3,0.45,0.5,0.75,0.85,0.9,0.5,0.0,0.0,0.1,0.03
6,PE_only,-0.023147,0.2,0.25,0.3,0.5,0.75,0.85,0.9,0.0,0.0,0.0,0.1,0.05
6,PB_FED,-0.023147,0.05,0.2,0.45,0.5,0.7,0.85,0.9,0.5,0.0,0.0,0.08,0.05
6,PE_PB,-0.023149,0.05,0.3,0.35,0.6,0.65,0.75,0.85,0.0,0.55,0.0,0.08,0.03
6,PE_FED,-0.02315,0.1,0.3,0.35,0.5,0.7,0.75,0.85,-0.5,0.0,0.0,0.1,0.04
6,PE_FED,-0.02315,0.05,0.2,0.35,0.7,0.65,0.75,0.95,0.5,0.0,0.0,0.1,0.03
8,PE_PB_FED,-0.023152,0.05,0.3,0.45,0.7,0.7,0.75,0.85,0.5,0.5,0.7,0.1,0.04
8,PE_PB,-0.023153,0.15,0.3,0.45,0.5,0.65,0.75,0.85,0.0,0.6,0.0,0.12,0.04
6,PE_PB,-0.023155,0.2,0.25,0.3,0.7,0.75,0.8,0.9,0.0,0.5,0.0,0.1,0.05
6,PE_PB,-0.023164,0.1,0.25,0.45,0.55,0.7,0.8,0.85,0.0,0.65,0.0,0.12,0.04
6,PE_PB,-0.023167,0.1,0.2,0.4,0.7,0.75,0.85,0.9,0.0,0.5,0.0,0.08,0.05
6,PE_only,-0.023176,0.05,0.3,0.45,0.5,0.65,0.75,0.85,0.0,0.0,0.0,0.12,0.03
6,PE_PB,-0.02318,0.15,0.2,0.4,0.55,0.75,0.85,0.95,0.0,0.5,0.0,0.08,0.05
8,PE_PB_FED,-0.023185,0.1,0.3,0.4,0.7,0.7,0.85,0.9,0.5,0.5,0.7,0.06,0.04
6,PE_PB_FED,-0.02319,0.2,0.25,0.4,0.6,0.75,0.8,0.85,0.0,0.6,0.8,0.08,0.05
6,PE_only,-0.023195,0.1,0.3,0.45,0.5,0.7,0.75,0.85,0.0,0.0,0.0,0.08,0.04
6,PE_PB_FED,-0.023196,0.1,0.2,0.35,0.6,0.7,0.75,0.85,-0.5,0.5,0.75,0.12,0.04
6,PE_PB_FED,-0.023196,0.1,0.3,0.45,0.5,0.75,0.8,0.95,0.0,0.5,0.7,0.12,0.03
6,PE_only,-0.023203,0.15,0.3,0.4,0.5,0.65,0.8,0.85,0.0,0.0,0.0,0.06,0.04
6,PE_PB_FED,-0.023205,0.15,0.3,0.4,0.6,0.65,0.75,0.9,0.0,0.5,0.8,0.06,0.04
6,PE_only,-0.023206,0.2,0.25,0.35,0.5,0.65,0.8,0.85,0.0,0.0,0.0,0.12,0.05
6,PE_PB,-0.023209,0.1,0.15,0.45,0.5,0.7,0.75,0.95,0.0,0.5,0.0,0.06,0.04
6,PE_PB_FED,-0.02321,0.05,0.15,0.45,0.55,0.7,0.75,0.85,0.0,0.5,0.75,0.08,0.04
8,PE_PB,-0.023219,0.05,0.3,0.4,0.5,0.65,0.85,0.9,0.0,0.65,0.0,0.12,0.03
6,PE_PB_FED,-0.023235,0.05,0.15,0.4,0.5,0.7,0.8,0.9,-0.5,0.55,0.75,0.12,0.05
8,PE_PB,-0.023238,0.2,0.3,0.45,0.65,0.65,0.8,0.85,0.0,0.5,0.0,0.12,0.04
6,PE_only,-0.023243,0.15,0.3,0.35,0.5,0.75,0.85,0.9,0.0,0.0,0.0,0.06,0.03
8,PE_PB_FED,-0.023247,0.2,0.25,0.45,0.65,0.65,0.8,0.95,1.0,0.6,0.7,0.12,0.05
8,PE_PB_FED,-0.023248,0.05,0.25,0.35,0.6,0.7,0.85,0.95,1.0,0.65,0.75,0.12,0.03
6,PE_PB,-0.023249,0.1,0.25,0.45,0.6,0.65,0.8,0.85,0.0,0.55,0.0,0.08,0.04
6,PE_FED,-0.023252,0.2,0.3,0.4,0.5,0.75,0.85,0.9,0.0,0.0,0.0,0.06,0.04
6,PB_FED,-0.023253,0.05,0.25,0.4,0.5,0.7,0.8,0.95,0.5,0.0,0.0,0.08,0.05
6,PE_PB,-0.023257,0.2,0.25,0.4,0.5,0.7,0.85,0.95,0.0,0.6,0.0,0.08,0.04
6,PE_PB_FED,-0.023258,0.05,0.3,0.35,0.6,0.7,0.75,0.9,0.0,0.5,0.8,0.12,0.03
8,PE_PB,-0.023262,0.15,0.3,0.4,0.6,0.65,0.85,0.9,0.0,0.5,0.0,0.08,0.03
6,PE_FED,-0.023265,0.1,0.2,0.35,0.7,0.65,0.8,0.95,0.5,0.0,0.0,0.08,0.04
6,PE_FED,-0.023276,0.05,0.15,0.35,0.55,0.7,0.75,0.95,0.5,0.0,0.0,0.1,0.04
6,PE_PB,-0.023278,0.05,0.15,0.4,0.55,0.75,0.8,0.9,0.0,0.5,0.0,0.08,0.05
6,PE_PB,-0.023283,0.1,0.25,0.45,0.5,0.7,0.8,0.9,0.0,0.65,0.0,0.12,0.04
8,PE_PB_FED,-0.023286,0.2,0.3,0.4,0.5,0.75,0.8,0.85,-0.5,0.6,0.8,0.1,0.05
6,PE_PB_FED,-0.023293,0.2,0.25,0.35,0.55,0.75,0.8,0.85,0.0,0.65,0.7,0.08,0.05
8,PE_PB_FED,-0.023294,0.05,0.25,0.35,0.65,0.75,0.85,0.95,1.0,0.6,0.75,0.1,0.03
8,PE_PB_FED,-0.023301,0.15,0.3,0.35,0.55,0.7,0.75,0.85,0.5,0.55,0.8,0.12,0.05
6,PE_PB,-0.023302,0.1,0.25,0.3,0.7,0.65,0.85,0.9,0.0,0.5,0.0,0.1,0.04
8,PE_FED,-0.023302,0.15,0.25,0.45,0.5,0.65,0.75,0.9,1.0,0.0,0.0,0.12,0.03
6,PE_PB,-0.023305,0.05,0.2,0.45,0.55,0.7,0.75,0.9,0.0,0.5,0.0,0.08,0.03
6,PE_PB,-0.023313,0.15,0.2,0.3,0.55,0.7,0.85,0.9,0.0,0.55,0.0,0.08,0.04
6,PE_PB,-0.023327,0.15,0.25,0.4,0.6,0.7,0.85,0.95,0.0,0.5,0.0,0.08,0.05
6,PE_PB,-0.023329,0.15,0.2,0.4,0.65,0.7,0.8,0.85,0.0,0.5,0.0,0.08,0.04
6,PE_PB,-0.023338,0.1,0.15,0.45,0.5,0.7,0.8,0.95,0.0,0.5,0.0,0.12,0.03
6,PE_PB,-0.023338,0.1,0.15,0.45,0.5,0.7,0.8,0.95,0.0,0.5,0.0,0.06,0.03
6,PB_FED,-0.023349,0.1,0.15,0.45,0.7,0.7,0.75,0.9,1.0,0.0,0.0,0.08,0.05
8,PB_FED,-0.023356,0.15,0.3,0.35,0.5,0.7,0.85,0.9,1.0,0.0,0.0,0.08,0.04
6,PB_FED,-0.023357,0.05,0.25,0.45,0.5,0.65,0.8,0.95,0.5,0.0,0.0,0.1,0.04
6,PE_PB_FED,-0.02336,0.15,0.25,0.4,0.5,0.65,0.85,0.95,0.0,0.5,0.75,0.06,0.03
6,PB_FED,-0.023367,0.1,0.25,0.35,0.5,0.7,0.85,0.95,0.5,0.0,0.0,0.12,0.04
6,PE_only,-0.023372,0.05,0.3,0.35,0.5,0.65,0.8,0.85,0.0,0.0,0.0,0.06,0.03
8,PE_PB,-0.023378,0.05,0.25,0.3,0.5,0.7,0.85,0.9,0.0,0.55,0.0,0.12,0.03
6,PE_only,-0.02338,0.15,0.3,0.4,0.5,0.75,0.85,0.9,0.0,0.0,0.0,0.06,0.03
6,PE_PB_FED,-0.023381,0.05,0.25,0.35,0.5,0.7,0.75,0.9,0.0,0.55,0.8,0.1,0.05
8,PE_PB_FED,-0.023384,0.05,0.25,0.45,0.6,0.75,0.85,0.9,0.5,0.55,0.7,0.06,0.03
6,PE_PB_FED,-0.023385,0.2,0.25,0.3,0.65,0.7,0.75,0.85,0.0,0.5,0.8,0.12,0.04
8,PE_PB,-0.02339,0.15,0.25,0.3,0.5,0.65,0.85,0.9,0.0,0.55,0.0,0.1,0.03
6,PE_PB,-0.023395,0.15,0.2,0.4,0.5,0.65,0.8,0.85,0.0,0.65,0.0,0.1,0.03
8,PE_PB,-0.023407,0.15,0.25,0.35,0.5,0.7,0.85,0.9,0.0,0.55,0.0,0.1,0.04
8,PE_FED,-0.023409,0.05,0.25,0.35,0.65,0.65,0.75,0.9,1.0,0.0,0.0,0.08,0.05
8,PE_PB_FED,-0.023414,0.05,0.3,0.4,0.55,0.7,0.8,0.95,1.0,0.6,0.8,0.1,0.05
6,PE_PB,-0.023422,0.05,0.3,0.4,0.6,0.65,0.8,0.85,0.0,0.6,0.0,0.08,0.04
6,PE_PB_FED,-0.023422,0.1,0.2,0.3,0.65,0.75,0.8,0.85,-0.5,0.5,0.75,0.1,0.05
6,PB_FED,-0.023425,0.2,0.25,0.35,0.5,0.7,0.8,0.85,0.5,0.0,0.0,0.1,0.04
8,PE_PB,-0.023429,0.05,0.25,0.4,0.5,0.65,0.75,0.85,0.0,0.5,0.0,0.06,0.05
6,PE_PB,-0.023436,0.05,0.3,0.35,0.55,0.65,0.75,0.85,0.0,0.65,0.0,0.06,0.05
6,PE_PB,-0.023441,0.15,0.2,0.3,0.5,0.7,0.75,0.85,0.0,0.6,0.0,0.06,0.05
6,PE_FED,-0.023441,0.15,0.25,0.3,0.7,0.65,0.75,0.95,0.5,0.0,0.0,0.1,0.03
6,PE_PB_FED,-0.023442,0.1,0.15,0.3,0.5,0.75,0.8,0.85,0.0,0.55,0.7,0.1,0.03
8,PE_PB_FED,-0.023446,0.15,0.25,0.4,0.65,0.7,0.85,0.9,0.5,0.5,0.7,0.08,0.05
6,PE_only,-0.023448,0.15,0.3,0.4,0.5,0.65,0.85,0.9,0.0,0.0,0.0,0.1,0.03
6,PE_PB_FED,-0.023448,0.05,0.15,0.4,0.5,0.7,0.8,0.85,0.0,0.6,0.75,0.1,0.04
6,PB_FED,-0.023448,0.1,0.3,0.45,0.5,0.65,0.75,0.85,0.5,0.0,0.0,0.12,0.05
6,PB_FED,-0.023453,0.1,0.15,0.4,0.6,0.65,0.75,0.9,1.0,0.0,0.0,0.12,0.04
8,PE_FED,-0.023461,0.1,0.2,0.35,0.6,0.75,0.8,0.9,1.0,0.0,0.0,0.06,0.04
6,PE_FED,-0.023466,0.1,0.15,0.4,0.7,0.65,0.75,0.9,0.5,0.0,0.0,0.08,0.04
6,PE_FED,-0.023477,0.15,0.3,0.35,0.5,0.7,0.85,0.9,-0.5,0.0,0.0,0.1,0.04
6,PE_PB_FED,-0.023483,0.15,0.25,0.3,0.5,0.75,0.85,0.95,0.0,0.5,0.75,0.08,0.04
6,PB_FED,-0.023484,0.05,0.2,0.4,0.5,0.7,0.85,0.9,0.5,0.0,0.0,0.12,0.05
8,PE_FED,-0.023486,0.05,0.3,0.4,0.5,0.75,0.8,0.85,0.5,0.0,0.0,0.1,0.05
6,PE_PB,-0.023492,0.05,0.2,0.3,0.5,0.7,0.8,0.9,0.0,0.55,0.0,0.08,0.05
8,PE_FED,-0.023499,0.1,0.3,0.4,0.65,0.7,0.75,0.9,1.0,0.0,0.0,0.1,0.03
6,PE_FED,-0.023507,0.05,0.25,0.45,0.5,0.7,0.8,0.85,0.0,0.0,0.0,0.08,0.05
6,PE_PB,-0.023513,0.1,0.25,0.3,0.55,0.7,0.75,0.85,0.0,0.55,0.0,0.1,0.04
8,PE_FED,-0.023519,0.15,0.3,0.35,0.65,0.65,0.75,0.9,1.0,0.0,0.0,0.06,0.03
6,PE_PB,-0.023522,0.05,0.25,0.35,0.6,0.75,0.8,0.9,0.0,0.5,0.0,0.06,0.03
6,PE_PB_FED,-0.023532,0.1,0.25,0.4,0.7,0.65,0.8,0.85,0.0,0.5,0.7,0.12,0.03
6,PE_PB_FED,-0.023538,0.2,0.25,0.35,0.5,0.75,0.8,0.95,-0.5,0.5,0.75,0.08,0.05
6,PE_PB,-0.023543,0.15,0.25,0.3,0.7,0.75,0.8,0.85,0.0,0.5,0.0,0.12,0.05
6,PE_PB,-0.023546,0.2,0.25,0.3,0.6,0.75,0.85,0.9,0.0,0.55,0.0,0.12,0.03
6,PB_FED,-0.02355,0.1,0.15,0.45,0.7,0.65,0.8,0.95,1.0,0.0,0.0,0.06,0.03
8,PE_PB_FED,-0.023556,0.2,0.3,0.45,0.55,0.65,0.8,0.85,-0.5,0.5,0.8,0.06,0.05
6,PE_PB,-0.02356,0.15,0.2,0.45,0.55,0.65,0.85,0.95,0.0,0.5,0.0,0.1,0.04
6,PE_FED,-0.023574,0.1,0.15,0.45,0.5,0.65,0.75,0.95,0.5,0.0,0.0,0.1,0.03
6,PE_PB,-0.023576,0.05,0.2,0.35,0.6,0.65,0.8,0.9,0.0,0.5,0.0,0.12,0.05
6,PE_PB_FED,-0.023576,0.05,0.3,0.35,0.7,0.7,0.8,0.85,-0.5,0.55,0.75,0.06,0.03
6,PE_PB_FED,-0.023578,0.15,0.2,0.45,0.55,0.65,0.75,0.85,-0.5,0.55,0.75,0.1,0.05
6,PE_PB,-0.02358,0.05,0.25,0.45,0.7,0.7,0.85,0.9,0.0,0.5,0.0,0.12,0.04
8,PE_PB,-0.023589,0.1,0.25,0.4,0.5,0.65,0.8,0.85,0.0,0.55,0.0,0.12,0.04
6,PE_PB,-0.023595,0.2,0.3,0.35,0.55,0.65,0.75,0.95,0.0,0.5,0.0,0.06,0.03
6,PE_PB,-0.023595,0.2,0.3,0.4,0.65,0.65,0.75,0.9,0.0,0.5,0.0,0.06,0.04
6,PE_PB_FED,-0.0236,0.15,0.2,0.4,0.5,0.75,0.85,0.9,-0.5,0.65,0.75,0.1,0.04
8,PE_FED,-0.0236,0.1,0.3,0.45,0.5,0.7,0.85,0.9,0.5,0.0,0.0,0.1,0.05
6,PE_PB,-0.023612,0.1,0.3,0.45,0.55,0.7,0.75,0.85,0.0,0.65,0.0,0.08,0.04
8,PE_FED,-0.023615,0.1,0.3,0.35,0.7,0.75,0.85,0.95,1.0,0.0,0.0,0.08,0.04
8,PE_PB_FED,-0.02362,0.2,0.3,0.4,0.65,0.7,0.8,0.85,0.5,0.6,0.7,0.12,0.05
6,PE_PB,-0.023625,0.1,0.2,0.3,0.5,0.65,0.75,0.85,0.0,0.55,0.0,0.06,0.04
8,PE_PB,-0.023633,0.2,0.25,0.4,0.5,0.7,0.85,0.9,0.0,0.6,0.0,0.1,0.04
6,PE_PB,-0.023635,0.05,0.25,0.45,0.6,0.65,0.85,0.95,0.0,0.5,0.0,0.08,0.05
6,PE_only,-0.023637,0.05,0.3,0.35,0.5,0.65,0.85,0.9,0.0,0.0,0.0,0.1,0.03
6,PE_PB,-0.023638,0.15,0.2,0.45,0.55,0.7,0.85,0.95,0.0,0.5,0.0,0.1,0.05
6,PE_PB,-0.023644,0.2,0.3,0.4,0.6,0.65,0.8,0.95,0.0,0.5,0.0,0.12,0.04
6,PE_PB_FED,-0.023647,0.2,0.25,0.3,0.5,0.65,0.8,0.9,-0.5,0.65,0.75,0.08,0.04
8,PE_PB,-0.023649,0.2,0.3,0.35,0.55,0.75,0.85,0.9,0.0,0.55,0.0,0.1,0.04
6,PE_PB_FED,-0.023652,0.05,0.3,0.45,0.7,0.7,0.8,0.9,0.0,0.5,0.8,0.1,0.04
8,PE_FED,-0.023652,0.05,0.25,0.45,0.55,0.65,0.85,0.95,1.0,0.0,0.0,0.1,0.04
6,PE_PB_FED,-0.023655,0.15,0.2,0.45,0.5,0.7,0.85,0.9,0.0,0.6,0.75,0.1,0.04
6,PE_PB,-0.023665,0.05,0.25,0.45,0.7,0.75,0.8,0.85,0.0,0.5,0.0,0.06,0.04
6,PE_FED,-0.023665,0.1,0.3,0.4,0.5,0.75,0.8,0.85,0.0,0.0,0.0,0.08,0.04
8,PE_FED,-0.023672,0.05,0.2,0.35,0.5,0.7,0.8,0.9,1.0,0.0,0.0,0.1,0.03
6,PE_PB,-0.023676,0.2,0.3,0.35,0.5,0.75,0.8,0.95,0.0,0.55,0.0,0.08,0.05
8,PE_PB_FED,-0.023692,0.1,0.2,0.4,0.65,0.7,0.75,0.9,1.0,0.6,0.7,0.1,0.05
6,PE_PB,-0.023704,0.15,0.2,0.3,0.55,0.65,0.8,0.9,0.0,0.5,0.0,0.12,0.04
6,PE_PB,-0.023709,0.05,0.2,0.35,0.5,0.65,0.75,0.85,0.0,0.55,0.0,0.1,0.04
8,PE_FED,-0.023711,0.1,0.2,0.35,0.5,0.65,0.8,0.9,1.0,0.0,0.0,0.08,0.03
6,PE_PB_FED,-0.023725,0.1,0.25,0.35,0.55,0.65,0.8,0.85,0.0,0.6,0.7,0.1,0.05
6,PE_PB,-0.023729,0.2,0.25,0.35,0.55,0.7,0.75,0.85,0.0,0.6,0.0,0.12,0.05
6,PB_FED,-0.023729,0.15,0.25,0.35,0.5,0.75,0.8,0.85,0.5,0.0,0.0,0.12,0.05
6,PE_PB,-0.023736,0.1,0.2,0.35,0.5,0.65,0.75,0.85,0.0,0.6,0.0,0.12,0.05
6,PE_PB_FED,-0.023737,0.05,0.3,0.4,0.5,0.7,0.8,0.95,-0.5,0.55,0.8,0.1,0.05
6,PB_FED,-0.023738,0.15,0.3,0.45,0.55,0.7,0.85,0.95,0.5,0.0,0.0,0.12,0.05
8,PE_PB_FED,-0.023738,0.05,0.2,0.4,0.6,0.7,0.75,0.9,1.0,0.5,0.7,0.06,0.03
6,PE_PB,-0.023741,0.15,0.3,0.4,0.5,0.65,0.8,0.9,0.0,0.65,0.0,0.1,0.03
6,PE_PB,-0.023744,0.1,0.15,0.35,0.5,0.7,0.85,0.9,0.0,0.6,0.0,0.06,0.05
6,PE_FED,-0.023744,0.1,0.25,0.35,0.65,0.65,0.75,0.95,0.5,0.0,0.0,0.06,0.03
6,PE_PB,-0.023748,0.1,0.25,0.4,0.55,0.7,0.75,0.85,0.0,0.55,0.0,0.06,0.03
6,PE_PB,-0.023755,0.05,0.25,0.45,0.5,0.65,0.8,0.9,0.0,0.6,0.0,0.12,0.03
8,PE_PB_FED,-0.023763,0.05,0.25,0.4,0.5,0.65,0.8,0.95,1.0,0.5,0.7,0.1,0.04
8,PE_PB_FED,-0.023769,0.1,0.2,0.4,0.5,0.65,0.85,0.95,1.0,0.6,0.75,0.1,0.03
6,PE_PB,-0.023774,0.05,0.3,0.45,0.55,0.65,0.85,0.95,0.0,0.55,0.0,0.1,0.04
6,PB_FED,-0.023782,0.05,0.2,0.4,0.7,0.65,0.75,0.9,1.0,0.0,0.0,0.06,0.03
6,PE_PB,-0.023785,0.1,0.3,0.4,0.7,0.7,0.8,0.9,0.0,0.5,0.0,0.08,0.05
8,PE_PB_FED,-0.023785,0.05,0.15,0.35,0.7,0.7,0.75,0.85,1.0,0.65,0.7,0.06,0.05
6,PE_PB,-0.023791,0.1,0.15,0.4,0.55,0.65,0.8,0.85,0.0,0.5,0.0,0.08,0.03
6,PE_PB_FED,-0.023791,0.05,0.25,0.35,0.5,0.7,0.85,0.95,0.0,0.5,0.8,0.12,0.04
6,PE_PB,-0.023792,0.05,0.3,0.35,0.65,0.7,0.85,0.9,0.0,0.55,0.0,0.08,0.05
8,PE_PB,-0.023793,0.1,0.3,0.4,0.55,0.7,0.85,0.9,0.0,0.55,0.0,0.12,0.05
6,PE_only,-0.023799,0.05,0.3,0.4,0.5,0.7,0.8,0.85,0.0,0.0,0.0,0.08,0.04
8,PE_PB,-0.023803,0.2,0.3,0.4,0.5,0.7,0.85,0.9,0.0,0.65,0.0,0.12,0.04
6,PE_PB,-0.023804,0.15,0.25,0.3,0.5,0.65,0.75,0.95,0.0,0.5,0.0,0.06,0.03
6,PE_FED,-0.023806,0.05,0.3,0.4,0.5,0.75,0.85,0.9,0.0,0.0,0.0,0.06,0.03
6,PE_PB_FED,-0.023806,0.1,0.25,0.4,0.55,0.7,0.75,0.85,0.0,0.55,0.7,0.08,0.05
8,PE_PB,-0.023807,0.05,0.2,0.4,0.5,0.65,0.85,0.9,0.0,0.5,0.0,0.1,0.05
6,PE_PB,-0.02381,0.1,0.25,0.45,0.65,0.7,0.75,0.85,0.0,0.5,0.0,0.1,0.03
8,PE_PB_FED,-0.023816,0.1,0.2,0.45,0.6,0.7,0.8,0.9,1.0,0.65,0.8,0.1,0.03
6,PE_PB_FED,-0.023819,0.1,0.25,0.3,0.6,0.7,0.75,0.85,0.0,0.5,0.75,0.1,0.04
6,PE_PB_FED,-0.023823,0.15,0.3,0.4,0.55,0.75,0.85,0.9,0.0,0.65,0.75,0.06,0.03
6,PE_PB_FED,-0.023828,0.15,0.3,0.4,0.5,0.7,0.75,0.9,0.0,0.6,0.7,0.12,0.05
6,PE_PB_FED,-0.02383,0.15,0.25,0.45,0.55,0.7,0.8,0.9,0.0,0.5,0.7,0.12,0.03
6,PE_FED,-0.023835,0.2,0.3,0.4,0.5,0.65,0.8,0.85,0.0,0.0,0.0,0.1,0.04
8,PE_PB_FED,-0.023838,0.1,0.2,0.3,0.7,0.7,0.8,0.9,1.0,0.6,0.75,0.06,0.04
6,PE_PB,-0.023841,0.1,0.2,0.4,0.5,0.7,0.75,0.85,0.0,0.6,0.0,0.1,0.05
8,PE_PB,-0.023848,0.1,0.3,0.45,0.5,0.7,0.75,0.9,0.0,0.5,0.0,0.08,0.05
6,PE_PB,-0.02385,0.1,0.15,0.4,0.55,0.65,0.75,0.85,0.0,0.5,0.0,0.08,0.03
8,PE_PB,-0.02386,0.15,0.2,0.45,0.5,0.75,0.85,0.9,0.0,0.5,0.0,0.12,0.04
6,PE_PB,-0.023861,0.05,0.25,0.35,0.65,0.65,0.8,0.85,0.0,0.5,0.0,0.06,0.04
8,PE_PB,-0.023864,0.1,0.3,0.4,0.5,0.75,0.8,0.9,0.0,0.55,0.0,0.06,0.05
8,PE_PB,-0.023864,0.2,0.25,0.45,0.5,0.7,0.75,0.85,0.0,0.55,0.0,0.08,0.04
8,PE_PB,-0.023871,0.2,0.3,0.35,0.6,0.7,0.8,0.85,0.0,0.5,0.0,0.06,0.03
6,PE_PB,-0.023873,0.05,0.2,0.45,0.55,0.65,0.8,0.9,0.0,0.5,0.0,0.06,0.03
8,PE_PB_FED,-0.023886,0.15,0.3,0.35,0.65,0.75,0.8,0.85,0.5,0.5,0.7,0.1,0.03
6,PE_PB,-0.023887,0.15,0.2,0.3,0.65,0.75,0.85,0.9,0.0,0.5,0.0,0.12,0.05
6,PE_PB_FED,-0.023887,0.1,0.2,0.45,0.5,0.65,0.8,0.9,-0.5,0.55,0.8,0.08,0.04
6,PE_PB_FED,-0.02389,0.2,0.25,0.4,0.55,0.7,0.75,0.9,-0.5,0.5,0.8,0.06,0.04
6,PE_PB_FED,-0.023897,0.05,0.3,0.45,0.65,0.7,0.85,0.9,-0.5,0.6,0.7,0.06,0.05
6,PE_PB,-0.023903,0.1,0.2,0.45,0.65,0.65,0.85,0.9,0.0,0.5,0.0,0.12,0.04
6,PB_FED,-0.023903,0.15,0.25,0.3,0.65,0.7,0.75,0.9,1.0,0.0,0.0,0.06,0.03
6,PE_PB,-0.023914,0.1,0.25,0.45,0.5,0.75,0.85,0.95,0.0,0.55,0.0,0.06,0.05
6,PE_PB_FED,-0.023925,0.2,0.3,0.4,0.7,0.7,0.8,0.9,-0.5,0.5,0.8,0.12,0.04
6,PB_FED,-0.023926,0.05,0.15,0.4,0.6,0.65,0.75,0.9,1.0,0.0,0.0,0.06,0.04
6,PE_PB,-0.023933,0.2,0.25,0.45,0.7,0.65,0.8,0.9,0.0,0.5,0.0,0.06,0.05
6,PE_PB_FED,-0.023934,0.05,0.3,0.35,0.55,0.65,0.75,0.85,-0.5,0.65,0.75,0.12,0.04
6,PE_PB,-0.023935,0.05,0.25,0.3,0.65,0.75,0.8,0.85,0.0,0.5,0.0,0.1,0.04
6,PE_PB_FED,-0.023943,0.15,0.25,0.3,0.6,0.65,0.75,0.85,-0.5,0.5,0.75,0.12,0.03
8,PE_PB_FED,-0.023945,0.2,0.3,0.45,0.6,0.65,0.8,0.85,0.5,0.6,0.75,0.08,0.03
6,PE_only,-0.023949,0.05,0.3,0.35,0.5,0.75,0.8,0.85,0.0,0.0,0.0,0.08,0.05
6,PE_FED,-0.023953,0.1,0.15,0.3,0.65,0.7,0.75,0.9,0.5,0.0,0.0,0.06,0.05
6,PE_PB,-0.023957,0.1,0.3,0.4,0.55,0.7,0.8,0.85,0.0,0.65,0.0,0.12,0.03
6,PE_PB,-0.023963,0.2,0.3,0.35,0.6,0.75,0.85,0.9,0.0,0.6,0.0,0.08,0.04
6,PE_PB,-0.023964,0.15,0.25,0.4,0.5,0.65,0.8,0.9,0.0,0.55,0.0,0.1,0.03
6,PE_PB,-0.023965,0.15,0.3,0.35,0.6,0.7,0.85,0.9,0.0,0.55,0.0,0.08,0.04
6,PE_PB_FED,-0.02397,0.1,0.3,0.35,0.6,0.7,0.8,0.85,-0.5,0.6,0.75,0.12,0.03
6,PE_PB,-0.023972,0.15,0.3,0.45,0.6,0.7,0.85,0.9,0.0,0.6,0.0,0.12,0.03
8,PE_PB_FED,-0.023972,0.1,0.2,0.4,0.65,0.75,0.8,0.9,1.0,0.6,0.75,0.08,0.03
6,PE_PB_FED,-0.023979,0.05,0.2,0.45,0.55,0.65,0.85,0.9,-0.5,0.55,0.7,0.1,0.04
6,PE_PB,-0.023983,0.05,0.25,0.35,0.6,0.7,0.75,0.9,0.0,0.5,0.0,0.12,0.05
8,PE_PB_FED,-0.024002,0.1,0.3,0.45,0.65,0.7,0.85,0.9,0.5,0.55,0.75,0.06,0.03
6,PE_PB_FED,-0.024007,0.2,0.25,0.4,0.5,0.65,0.75,0.9,0.0,0.5,0.8,0.06,0.04
6,PE_PB,-0.024011,0.05,0.25,0.45,0.55,0.65,0.85,0.95,0.0,0.5,0.0,0.08,0.03
6,PE_PB_FED,-0.024012,0.05,0.3,0.45,0.6,0.65,0.75,0.9,0.0,0.5,0.8,0.12,0.04
8,PE_PB,-0.024013,0.05,0.3,0.45,0.5,0.7,0.8,0.9,0.0,0.5,0.0,0.1,0.03
6,PE_PB,-0.024018,0.15,0.25,0.35,0.5,0.65,0.75,0.85,0.0,0.6,0.0,0.12,0.03
6,PE_PB_FED,-0.024022,0.2,0.25,0.3,0.65,0.75,0.85,0.9,0.0,0.5,0.7,0.08,0.04
8,PE_PB_FED,-0.024033,0.05,0.25,0.3,0.6,0.7,0.75,0.9,1.0,0.55,0.8,0.08,0.03
6,PE_PB_FED,-0.024034,0.1,0.15,0.4,0.6,0.75,0.8,0.95,0.5,0.65,0.7,0.1,0.05
6,PE_PB,-0.024044,0.15,0.25,0.45,0.55,0.75,0.8,0.9,0.0,0.55,0.0,0.12,0.05
6,PE_FED,-0.024046,0.1,0.15,0.35,0.6,0.65,0.85,0.95,0.5,0.0,0.0,0.08,0.04
8,PE_PB_FED,-0.024046,0.2,0.3,0.4,0.5,0.7,0.75,0.85,0.5,0.6,0.75,0.06,0.03
6,PE_PB,-0.02405,0.15,0.3,0.45,0.7,0.65,0.75,0.85,0.0,0.5,0.0,0.08,0.03
8,PE_FED,-0.024056,0.1,0.15,0.4,0.6,0.65,0.75,0.85,1.0,0.0,0.0,0.12,0.05
6,PE_PB,-0.024058,0.1,0.15,0.45,0.5,0.7,0.8,0.95,0.0,0.5,0.0,0.1,0.05
6,PE_only,-0.024064,0.05,0.3,0.4,0.5,0.7,0.8,0.85,0.0,0.0,0.0,0.08,0.05
6,PB_FED,-0.024071,0.1,0.25,0.35,0.7,0.65,0.75,0.9,1.0,0.0,0.0,0.12,0.03
6,PE_PB_FED,-0.02408,0.15,0.2,0.45,0.5,0.7,0.75,0.85,-0.5,0.6,0.7,0.08,0.03
8,PE_PB,-0.02408,0.2,0.3,0.35,0.6,0.7,0.8,0.85,0.0,0.5,0.0,0.1,0.04
8,PE_PB,-0.02408,0.2,0.3,0.35,0.6,0.75,0.8,0.85,0.0,0.5,0.0,0.12,0.04
6,PE_PB_FED,-0.024083,0.2,0.25,0.4,0.7,0.65,0.8,0.85,0.0,0.5,0.8,0.1,0.04
8,PE_PB_FED,-0.024086,0.1,0.3,0.4,0.55,0.7,0.75,0.85,0.5,0.5,0.7,0.1,0.04
8,PE_PB_FED,-0.024091,0.1,0.3,0.4,0.55,0.65,0.8,0.95,1.0,0.55,0.75,0.12,0.05
6,PE_PB_FED,-0.024094,0.05,0.15,0.35,0.5,0.75,0.8,0.85,0.0,0.55,0.8,0.08,0.04
6,PE_PB,-0.024096,0.15,0.25,0.45,0.55,0.65,0.85,0.95,0.0,0.5,0.0,0.08,0.03
6,PE_PB_FED,-0.024101,0.05,0.15,0.35,0.55,0.65,0.85,0.9,-0.5,0.5,0.7,0.12,0.03
6,PE_PB_FED,-0.024101,0.05,0.25,0.45,0.7,0.75,0.8,0.85,-0.5,0.5,0.8,0.12,0.04
6,PE_PB_FED,-0.024107,0.15,0.2,0.3,0.6,0.75,0.8,0.85,-0.5,0.5,0.7,0.06,0.04
6,PE_PB,-0.024109,0.1,0.2,0.4,0.5,0.65,0.8,0.85,0.0,0.65,0.0,0.1,0.05
8,PE_PB,-0.024112,0.2,0.3,0.4,0.5,0.7,0.85,0.9,0.0,0.65,0.0,0.06,0.03
6,PE_PB_FED,-0.024117,0.05,0.3,0.35,0.5,0.65,0.85,0.95,-0.5,0.6,0.75,0.06,0.03
6,PE_PB,-0.024124,0.15,0.3,0.45,0.7,0.7,0.75,0.85,0.0,0.5,0.0,0.12,0.03
6,PE_FED,-0.024126,0.15,0.3,0.4,0.5,0.65,0.8,0.85,-0.5,0.0,0.0,0.06,0.04
6,PE_PB,-0.024127,0.1,0.25,0.45,0.55,0.65,0.85,0.95,0.0,0.5,0.0,0.12,0.03
6,PE_FED,-0.024131,0.05,0.2,0.45,0.65,0.65,0.75,0.95,0.5,0.0,0.0,0.06,0.03
6,PB_FED,-0.024135,0.1,0.3,0.4,0.5,0.75,0.8,0.9,0.5,0.0,0.0,0.1,0.04
6,PE_PB,-0.024153,0.05,0.25,0.4,0.55,0.7,0.75,0.9,0.0,0.5,0.0,0.08,0.04
8,PE_PB,-0.024161,0.15,0.3,0.35,0.5,0.65,0.75,0.85,0.0,0.55,0.0,0.08,0.05
6,PE_PB,-0.024168,0.15,0.3,0.35,0.5,0.65,0.85,0.95,0.0,0.55,0.0,0.1,0.03
6,PE_PB,-0.02417,0.2,0.3,0.45,0.55,0.75,0.8,0.95,0.0,0.5,0.0,0.1,0.03
6,PE_PB,-0.024174,0.2,0.3,0.45,0.5,0.65,0.85,0.95,0.0,0.65,0.0,0.12,0.04
6,PE_PB_FED,-0.024179,0.1,0.3,0.45,0.5,0.7,0.85,0.95,0.0,0.55,0.8,0.1,0.03
6,PE_PB_FED,-0.024179,0.1,0.15,0.4,0.7,0.7,0.75,0.95,0.5,0.55,0.8,0.06,0.04
6,PE_PB_FED,-0.024183,0.1,0.2,0.35,0.5,0.65,0.85,0.9,-0.5,0.65,0.75,0.12,0.05
8,PE_FED,-0.024187,0.2,0.25,0.35,0.7,0.7,0.85,0.95,1.0,0.0,0.0,0.1,0.05
6,PB_FED,-0.024189,0.15,0.25,0.45,0.5,0.7,0.85,0.95,0.5,0.0,0.0,0.1,0.05
6,PB_FED,-0.024201,0.05,0.15,0.45,0.55,0.7,0.75,0.9,1.0,0.0,0.0,0.08,0.04
6,PE_PB,-0.024202,0.05,0.3,0.4,0.6,0.65,0.85,0.9,0.0,0.6,0.0,0.12,0.05
6,PB_FED,-0.024203,0.05,0.2,0.45,0.7,0.65,0.75,0.9,1.0,0.0,0.0,0.06,0.05
6,PE_PB_FED,-0.024207,0.1,0.2,0.35,0.5,0.7,0.75,0.85,-0.5,0.55,0.75,0.08,0.03
6,PE_PB,-0.024211,0.2,0.25,0.45,0.55,0.65,0.8,0.85,0.0,0.65,0.0,0.12,0.05
8,PE_PB,-0.024212,0.15,0.25,0.35,0.5,0.65,0.85,0.9,0.0,0.55,0.0,0.12,0.05
6,PB_FED,-0.024219,0.1,0.25,0.4,0.7,0.65,0.75,0.95,1.0,0.0,0.0,0.08,0.03
6,PB_FED,-0.024221,0.1,0.2,0.3,0.65,0.7,0.8,0.95,1.0,0.0,0.0,0.12,0.03
6,PE_PB_FED,-0.024232,0.2,0.3,0.45,0.5,0.75,0.85,0.95,-0.5,0.65,0.8,0.12,0.03
8,PE_FED,-0.024234,0.1,0.2,0.35,0.65,0.75,0.8,0.9,1.0,0.0,0.0,0.08,0.05
6,PE_FED,-0.024236,0.05,0.3,0.4,0.5,0.7,0.85,0.9,0.0,0.0,0.0,0.08,0.05
6,PE_PB,-0.024237,0.2,0.25,0.35,0.6,0.7,0.75,0.9,0.0,0.5,0.0,0.1,0.04
6,PE_FED,-0.02424,0.1,0.15,0.45,0.65,0.65,0.75,0.9,0.5,0.0,0.0,0.06,0.04
8,PB_FED,-0.024244,0.1,0.3,0.4,0.5,0.65,0.8,0.85,1.0,0.0,0.0,0.08,0.05
8,PE_PB_FED,-0.024254,0.2,0.3,0.45,0.65,0.7,0.85,0.9,0.5,0.6,0.75,0.1,0.05
6,PE_PB,-0.024255,0.05,0.2,0.4,0.6,0.75,0.8,0.85,0.0,0.5,0.0,0.08,0.04
6,PE_PB_FED,-0.024256,0.05,0.2,0.45,0.5,0.65,0.85,0.9,-0.5,0.65,0.75,0.06,0.04
6,PE_FED,-0.024259,0.05,0.3,0.35,0.5,0.65,0.85,0.9,-0.5,0.0,0.0,0.1,0.03
8,PE_FED,-0.024272,0.1,0.15,0.45,0.5,0.7,0.75,0.85,1.0,0.0,0.0,0.06,0.03
8,PE_PB,-0.024274,0.1,0.2,0.4,0.5,0.7,0.85,0.9,0.0,0.5,0.0,0.08,0.05
6,PE_PB,-0.024276,0.2,0.25,0.35,0.6,0.75,0.85,0.9,0.0,0.55,0.0,0.08,0.05
8,PE_PB_FED,-0.024276,0.1,0.25,0.35,0.65,0.75,0.85,0.95,1.0,0.6,0.75,0.12,0.05
8,PE_FED,-0.024278,0.05,0.3,0.4,0.55,0.65,0.75,0.9,1.0,0.0,0.0,0.12,0.03
6,PB_FED,-0.024281,0.05,0.2,0.45,0.7,0.65,0.75,0.85,1.0,0.0,0.0,0.12,0.03
8,PE_PB,-0.024281,0.2,0.25,0.4,0.5,0.7,0.75,0.85,0.0,0.5,0.0,0.08,0.04
6,PE_PB,-0.024282,0.2,0.3,0.35,0.6,0.65,0.85,0.9,0.0,0.6,0.0,0.1,0.03
6,PB_FED,-0.024295,0.05,0.3,0.35,0.5,0.65,0.8,0.9,0.5,0.0,0.0,0.08,0.05
8,PE_PB_FED,-0.024301,0.05,0.15,0.4,0.65,0.7,0.75,0.85,1.0,0.65,0.8,0.1,0.05
6,PE_only,-0.024317,0.15,0.3,0.45,0.5,0.65,0.8,0.85,0.0,0.0,0.0,0.1,0.05
6,PE_PB,-0.024317,0.1,0.2,0.4,0.55,0.65,0.85,0.9,0.0,0.55,0.0,0.1,0.05
6,PE_PB_FED,-0.02432,0.15,0.3,0.4,0.5,0.7,0.8,0.9,0.0,0.6,0.75,0.06,0.03
8,PE_PB,-0.024324,0.05,0.3,0.35,0.5,0.65,0.75,0.85,0.0,0.5,0.0,0.06,0.03
6,PB_FED,-0.024328,0.05,0.15,0.45,0.6,0.75,0.8,0.95,1.0,0.0,0.0,0.12,0.03
6,PE_PB_FED,-0.024346,0.15,0.25,0.3,0.55,0.7,0.75,0.85,0.0,0.5,0.7,0.06,0.03
6,PE_PB,-0.024349,0.1,0.25,0.45,0.55,0.65,0.8,0.85,0.0,0.6,0.0,0.08,0.05
6,PE_PB_FED,-0.02435,0.1,0.25,0.35,0.55,0.7,0.75,0.85,-0.5,0.55,0.7,0.06,0.05
8,PE_FED,-0.024353,0.1,0.3,0.35,0.55,0.75,0.85,0.95,1.0,0.0,0.0,0.12,0.03
8,PE_PB,-0.02436,0.15,0.3,0.4,0.5,0.7,0.8,0.85,0.0,0.6,0.0,0.12,0.04
6,PE_PB_FED,-0.024368,0.15,0.2,0.45,0.5,0.7,0.75,0.9,-0.5,0.5,0.75,0.1,0.05
6,PE_PB_FED,-0.024368,0.1,0.25,0.3,0.65,0.75,0.85,0.9,0.0,0.5,0.8,0.08,0.05
8,PE_PB_FED,-0.02437,0.1,0.25,0.45,0.55,0.65,0.85,0.9,0.5,0.5,0.7,0.1,0.03
6,PE_PB,-0.024375,0.2,0.3,0.35,0.5,0.65,0.75,0.9,0.0,0.65,0.0,0.1,0.05
8,PE_PB,-0.024375,0.2,0.3,0.35,0.5,0.7,0.8,0.9,0.0,0.5,0.0,0.08,0.03
6,PE_PB_FED,-0.02438,0.05,0.25,0.4,0.65,0.65,0.85,0.9,0.0,0.5,0.7,0.06,0.03
6,PE_PB,-0.024381,0.1,0.25,0.4,0.55,0.65,0.8,0.85,0.0,0.55,0.0,0.08,0.03
6,PB_FED,-0.024381,0.05,0.25,0.4,0.5,0.75,0.8,0.85,0.5,0.0,0.0,0.12,0.05
8,PE_PB,-0.024382,0.2,0.3,0.45,0.6,0.7,0.8,0.85,0.0,0.5,0.0,0.12,0.03
6,PE_PB,-0.024386,0.1,0.2,0.4,0.6,0.7,0.8,0.85,0.0,0.5,0.0,0.08,0.04
6,PB_FED,-0.024398,0.05,0.15,0.45,0.5,0.7,0.75,0.95,1.0,0.0,0.0,0.1,0.04
8,PE_FED,-0.024411,0.15,0.25,0.3,0.65,0.75,0.8,0.9,1.0,0.0,0.0,0.08,0.04
6,PE_PB,-0.024443,0.1,0.15,0.45,0.6,0.75,0.85,0.9,0.0,0.5,0.0,0.06,0.04
8,PE_PB_FED,-0.024443,0.15,0.3,0.45,0.65,0.75,0.8,0.95,1.0,0.5,0.7,0.1,0.05
6,PE_only,-0.02445,0.15,0.3,0.45,0.5,0.75,0.85,0.9,0.0,0.0,0.0,0.1,0.05
6,PE_PB,-0.02445,0.1,0.2,0.45,0.5,0.75,0.85,0.9,0.0,0.65,0.0,0.1,0.03
6,PE_PB,-0.024468,0.2,0.3,0.4,0.55,0.75,0.8,0.95,0.0,0.5,0.0,0.12,0.04
8,PB_FED,-0.024468,0.05,0.3,0.45,0.5,0.75,0.85,0.95,1.0,0.0,0.0,0.1,0.05
6,PE_PB,-0.024476,0.1,0.25,0.45,0.65,0.65,0.8,0.85,0.0,0.5,0.0,0.1,0.04
6,PB_FED,-0.024476,0.15,0.2,0.45,0.7,0.65,0.75,0.85,1.0,0.0,0.0,0.12,0.04
6,PE_PB_FED,-0.024478,0.05,0.25,0.45,0.55,0.65,0.8,0.85,-0.5,0.6,0.8,0.08,0.03
6,PE_PB_FED,-0.024481,0.2,0.25,0.4,0.5,0.65,0.75,0.85,0.0,0.6,0.8,0.12,0.03
8,PE_PB_FED,-0.024511,0.05,0.15,0.3,0.5,0.65,0.75,0.85,1.0,0.65,0.8,0.06,0.03
6,PE_PB,-0.024515,0.1,0.25,0.3,0.5,0.65,0.8,0.95,0.0,0.5,0.0,0.1,0.03
6,PE_PB,-0.024521,0.05,0.3,0.45,0.65,0.65,0.85,0.9,0.0,0.55,0.0,0.08,0.05
6,PE_PB_FED,-0.024529,0.1,0.3,0.35,0.5,0.65,0.8,0.95,-0.5,0.5,0.7,0.12,0.04
6,PB_FED,-0.02453,0.05,0.15,0.45,0.65,0.65,0.8,0.9,1.0,0.0,0.0,0.12,0.03
8,PE_PB_FED,-0.024536,0.15,0.25,0.45,0.65,0.65,0.75,0.9,1.0,0.65,0.8,0.1,0.05
8,PE_FED,-0.024555,0.15,0.3,0.35,0.5,0.65,0.75,0.9,1.0,0.0,0.0,0.06,0.03
6,PE_FED,-0.024557,0.15,0.25,0.35,0.7,0.75,0.8,0.95,0.5,0.0,0.0,0.12,0.04
8,PE_PB_FED,-0.024572,0.2,0.3,0.35,0.5,0.75,0.8,0.85,-0.5,0.5,0.7,0.06,0.03
6,PE_only,-0.024584,0.1,0.3,0.45,0.5,0.65,0.85,0.9,0.0,0.0,0.0,0.1,0.05
6,PE_PB,-0.024584,0.2,0.25,0.4,0.55,0.7,0.75,0.85,0.0,0.55,0.0,0.1,0.04
6,PE_only,-0.024588,0.2,0.3,0.35,0.5,0.65,0.85,0.9,0.0,0.0,0.0,0.12,0.05
8,PE_PB_FED,-0.024598,0.15,0.25,0.35,0.7,0.75,0.8,0.9,1.0,0.6,0.8,0.08,0.03
6,PE_PB_FED,-0.0246,0.05,0.2,0.45,0.55,0.65,0.8,0.85,0.0,0.5,0.8,0.06,0.04
6,PE_PB_FED,-0.024602,0.1,0.15,0.4,0.5,0.7,0.75,0.95,0.5,0.65,0.75,0.06,0.04
6,PE_PB,-0.024613,0.1,0.2,0.4,0.5,0.75,0.8,0.85,0.0,0.6,0.0,0.12,0.04
8,PE_PB,-0.024614,0.2,0.3,0.45,0.5,0.7,0.75,0.9,0.0,0.5,0.0,0.12,0.05
6,PE_PB,-0.024625,0.1,0.15,0.35,0.5,0.65,0.75,0.9,0.0,0.5,0.0,0.08,0.03
6,PE_PB,-0.02463,0.2,0.3,0.45,0.65,0.75,0.8,0.9,0.0,0.5,0.0,0.1,0.03
8,PE_FED,-0.024637,0.05,0.3,0.4,0.65,0.65,0.85,0.95,1.0,0.0,0.0,0.12,0.05
6,PE_PB_FED,-0.024649,0.05,0.15,0.3,0.5,0.7,0.75,0.85,-0.5,0.5,0.75,0.1,0.05
6,PE_PB_FED,-0.024653,0.15,0.25,0.45,0.5,0.65,0.75,0.9,-0.5,0.5,0.7,0.1,0.03
6,PE_only,-0.024657,0.1,0.3,0.45,0.5,0.7,0.85,0.9,0.0,0.0,0.0,0.12,0.05
6,PE_PB_FED,-0.024661,0.1,0.3,0.4,0.6,0.7,0.75,0.85,-0.5,0.55,0.7,0.1,0.03
6,PE_PB,-0.024673,0.05,0.2,0.35,0.55,0.65,0.75,0.85,0.0,0.5,0.0,0.08,0.03
8,PE_FED,-0.024673,0.15,0.3,0.35,0.7,0.65,0.75,0.9,1.0,0.0,0.0,0.06,0.05
6,PE_PB,-0.02468,0.15,0.25,0.3,0.5,0.65,0.75,0.85,0.0,0.55,0.0,0.06,0.04
8,PE_PB_FED,-0.024687,0.15,0.2,0.4,0.6,0.75,0.85,0.95,1.0,0.55,0.75,0.08,0.04
6,PE_PB,-0.024688,0.15,0.25,0.4,0.55,0.7,0.85,0.9,0.0,0.55,0.0,0.1,0.04
8,PE_PB,-0.024695,0.15,0.3,0.4,0.5,0.7,0.75,0.85,0.0,0.5,0.0,0.08,0.03
8,PE_PB_FED,-0.024697,0.05,0.25,0.45,0.55,0.7,0.85,0.95,1.0,0.65,0.75,0.12,0.05
6,PB_FED,-0.024705,0.15,0.3,0.4,0.5,0.75,0.8,0.85,0.5,0.0,0.0,0.12,0.04
6,PE_PB_FED,-0.024717,0.05,0.2,0.3,0.55,0.65,0.85,0.9,-0.5,0.5,0.7,0.12,0.03
6,PE_PB,-0.024719,0.05,0.3,0.4,0.6,0.65,0.8,0.85,0.0,0.55,0.0,0.12,0.05
8,PE_PB_FED,-0.024729,0.05,0.3,0.35,0.7,0.7,0.85,0.95,1.0,0.65,0.7,0.06,0.05
6,PE_PB_FED,-0.024732,0.15,0.3,0.4,0.55,0.75,0.85,0.9,0.0,0.6,0.8,0.1,0.03
8,PE_PB_FED,-0.024734,0.1,0.25,0.45,0.5,0.65,0.85,0.9,0.5,0.55,0.7,0.08,0.03
6,PE_PB,-0.024737,0.15,0.3,0.35,0.6,0.65,0.85,0.9,0.0,0.55,0.0,0.08,0.05
6,PE_PB,-0.024745,0.2,0.3,0.45,0.55,0.75,0.8,0.9,0.0,0.6,0.0,0.06,0.05
6,PE_FED,-0.024749,0.05,0.3,0.4,0.5,0.7,0.8,0.85,-0.5,0.0,0.0,0.06,0.03
6,PE_only,-0.024752,0.05,0.3,0.45,0.5,0.65,0.85,0.9,0.0,0.0,0.0,0.12,0.05
6,PE_PB_FED,-0.024771,0.1,0.25,0.4,0.55,0.7,0.85,0.9,-0.5,0.55,0.75,0.12,0.04
6,PB_FED,-0.024774,0.2,0.25,0.4,0.65,0.7,0.75,0.95,1.0,0.0,0.0,0.08,0.03
6,PE_PB,-0.024779,0.1,0.3,0.45,0.6,0.75,0.8,0.85,0.0,0.55,0.0,0.06,0.03
6,PE_PB_FED,-0.024782,0.15,0.3,0.4,0.5,0.65,0.75,0.85,0.0,0.65,0.75,0.1,0.04
8,PE_FED,-0.024782,0.2,0.25,0.45,0.65,0.65,0.85,0.95,1.0,0.0,0.0,0.12,0.04
8,PE_PB_FED,-0.024787,0.05,0.25,0.4,0.55,0.65,0.75,0.9,1.0,0.65,0.7,0.12,0.05
6,PE_PB,-0.024794,0.1,0.2,0.3,0.6,0.65,0.85,0.9,0.0,0.5,0.0,0.12,0.04
6,PE_PB_FED,-0.024802,0.15,0.3,0.45,0.55,0.65,0.8,0.85,0.0,0.65,0.75,0.06,0.05
8,PE_PB_FED,-0.024804,0.15,0.3,0.35,0.5,0.75,0.8,0.85,0.5,0.6,0.75,0.06,0.04
6,PE_PB_FED,-0.024817,0.1,0.3,0.45,0.6,0.65,0.85,0.9,-0.5,0.6,0.75,0.1,0.05
6,PE_PB_FED,-0.024821,0.05,0.3,0.45,0.65,0.7,0.85,0.9,0.0,0.55,0.7,0.06,0.03
6,PB_FED,-0.024827,0.2,0.3,0.35,0.5,0.7,0.8,0.85,0.5,0.0,0.0,0.12,0.03
8,PE_FED,-0.024832,0.05,0.3,0.4,0.7,0.65,0.75,0.9,1.0,0.0,0.0,0.06,0.05
8,PE_PB,-0.024838,0.2,0.25,0.4,0.5,0.65,0.85,0.9,0.0,0.55,0.0,0.12,0.03
6,PE_PB,-0.02486,0.2,0.25,0.45,0.5,0.7,0.8,0.9,0.0,0.65,0.0,0.12,0.05
6,PE_PB,-0.02486,0.05,0.2,0.4,0.5,0.65,0.8,0.85,0.0,0.55,0.0,0.12,0.03
6,PB_FED,-0.02486,0.2,0.25,0.35,0.5,0.75,0.85,0.9,0.5,0.0,0.0,0.08,0.05
6,PE_PB_FED,-0.024864,0.05,0.3,0.4,0.5,0.65,0.8,0.9,0.0,0.6,0.7,0.1,0.03
6,PE_PB_FED,-0.024865,0.15,0.2,0.3,0.5,0.75,0.85,0.9,-0.5,0.6,0.75,0.12,0.05
6,PE_FED,-0.024873,0.1,0.2,0.4,0.6,0.65,0.8,0.95,0.5,0.0,0.0,0.06,0.03
8,PE_FED,-0.024883,0.1,0.15,0.35,0.7,0.75,0.8,0.85,1.0,0.0,0.0,0.12,0.05
6,PE_PB_FED,-0.024884,0.05,0.2,0.3,0.5,0.65,0.85,0.9,-0.5,0.55,0.75,0.08,0.04
6,PE_PB,-0.024887,0.15,0.3,0.45,0.7,0.7,0.85,0.9,0.0,0.5,0.0,0.12,0.04
8,PE_FED,-0.024888,0.1,0.15,0.45,0.65,0.7,0.8,0.85,1.0,0.0,0.0,0.06,0.03
6,PE_PB,-0.024889,0.1,0.15,0.4,0.55,0.75,0.85,0.9,0.0,0.5,0.0,0.1,0.04
6,PE_PB,-0.024895,0.15,0.3,0.45,0.6,0.65,0.75,0.9,0.0,0.5,0.0,0.08,0.03
6,PE_PB_FED,-0.024899,0.1,0.25,0.45,0.5,0.7,0.8,0.9,-0.5,0.55,0.8,0.06,0.03
6,PE_PB_FED,-0.024899,0.15,0.2,0.45,0.55,0.7,0.8,0.85,0.0,0.5,0.7,0.1,0.05
6,PE_FED,-0.024901,0.1,0.15,0.45,0.7,0.7,0.8,0.9,0.5,0.0,0.0,0.06,0.03
8,PE_FED,-0.024901,0.1,0.2,0.45,0.7,0.7,0.75,0.85,1.0,0.0,0.0,0.06,0.03
6,PE_PB_FED,-0.024906,0.1,0.2,0.45,0.5,0.7,0.8,0.85,-0.5,0.65,0.8,0.08,0.05
8,PE_PB_FED,-0.024906,0.2,0.3,0.4,0.5,0.75,0.8,0.95,1.0,0.65,0.75,0.06,0.04
6,PE_PB,-0.024908,0.05,0.2,0.4,0.55,0.65,0.8,0.85,0.0,0.5,0.0,0.12,0.04
6,PE_PB_FED,-0.024908,0.15,0.3,0.35,0.55,0.65,0.8,0.85,-0.5,0.65,0.75,0.06,0.05
6,PE_PB_FED,-0.024915,0.1,0.25,0.35,0.6,0.75,0.85,0.9,0.0,0.5,0.7,0.1,0.03
8,PE_PB_FED,-0.024917,0.2,0.25,0.35,0.6,0.65,0.8,0.95,1.0,0.5,0.8,0.08,0.04
6,PE_PB,-0.024924,0.05,0.25,0.4,0.55,0.75,0.85,0.9,0.0,0.55,0.0,0.1,0.03
6,PE_PB,-0.024926,0.1,0.3,0.35,0.55,0.65,0.85,0.9,0.0,0.6,0.0,0.1,0.03
6,PE_FED,-0.024933,0.1,0.25,0.4,0.65,0.65,0.8,0.95,0.5,0.0,0.0,0.1,0.04
8,PE_PB_FED,-0.024941,0.2,0.3,0.35,0.6,0.75,0.85,0.9,0.5,0.55,0.7,0.08,0.04
8,PE_FED,-0.024944,0.2,0.25,0.45,0.65,0.7,0.85,0.95,1.0,0.0,0.0,0.08,0.05
6,PE_PB_FED,-0.024948,0.2,0.25,0.35,0.55,0.75,0.8,0.85,-0.5,0.6,0.8,0.08,0.05
6,PE_PB,-0.02495,0.05,0.25,0.35,0.55,0.7,0.8,0.85,0.0,0.55,0.0,0.08,0.05
8,PE_FED,-0.02495,0.05,0.25,0.35,0.5,0.75,0.8,0.9,1.0,0.0,0.0,0.06,0.03
6,PE_FED,-0.024953,0.1,0.2,0.3,0.55,0.7,0.75,0.95,0.5,0.0,0.0,0.12,0.04
6,PE_FED,-0.024954,0.1,0.15,0.45,0.6,0.7,0.85,0.95,0.5,0.0,0.0,0.06,0.05
8,PE_FED,-0.024954,0.15,0.3,0.35,0.65,0.7,0.75,0.9,1.0,0.0,0.0,0.1,0.05
8,PE_FED,-0.024955,0.1,0.3,0.4,0.5,0.65,0.75,0.9,1.0,0.0,0.0,0.08,0.04
6,PE_PB,-0.02496,0.2,0.25,0.35,0.55,0.75,0.85,0.95,0.0,0.5,0.0,0.12,0.04
6,PE_PB,-0.024971,0.05,0.15,0.45,0.55,0.75,0.8,0.85,0.0,0.5,0.0,0.06,0.05
6,PE_PB,-0.024972,0.05,0.3,0.35,0.5,0.7,0.8,0.9,0.0,0.6,0.0,0.12,0.04
8,PE_PB,-0.024972,0.05,0.3,0.45,0.5,0.7,0.8,0.85,0.0,0.6,0.0,0.1,0.03
6,PE_PB,-0.024978,0.05,0.25,0.45,0.5,0.7,0.75,0.95,0.0,0.5,0.0,0.06,0.04
6,PE_PB,-0.02498,0.1,0.25,0.45,0.65,0.65,0.85,0.9,0.0,0.5,0.0,0.12,0.03
8,PB_FED,-0.024992,0.2,0.3,0.4,0.5,0.65,0.8,0.85,1.0,0.0,0.0,0.1,0.05
8,PE_PB,-0.025009,0.15,0.25,0.35,0.5,0.65,0.8,0.85,0.0,0.5,0.0,0.08,0.05
6,PE_FED,-0.025013,0.1,0.2,0.45,0.6,0.7,0.75,0.95,0.5,0.0,0.0,0.1,0.03
6,PE_PB,-0.025016,0.1,0.25,0.3,0.5,0.65,0.8,0.85,0.0,0.6,0.0,0.06,0.03
6,PE_PB,-0.025019,0.05,0.15,0.45,0.5,0.7,0.85,0.95,0.0,0.5,0.0,0.06,0.03
6,PE_PB,-0.025021,0.2,0.3,0.45,0.5,0.75,0.85,0.95,0.0,0.6,0.0,0.08,0.04
6,PE_PB,-0.025025,0.1,0.25,0.45,0.5,0.7,0.75,0.85,0.0,0.6,0.0,0.08,0.03
6,PE_PB,-0.025025,0.1,0.15,0.35,0.5,0.7,0.85,0.95,0.0,0.5,0.0,0.12,0.04
6,PE_PB,-0.02503,0.1,0.2,0.3,0.5,0.75,0.8,0.85,0.0,0.55,0.0,0.12,0.04
6,PE_PB,-0.025037,0.05,0.25,0.3,0.6,0.7,0.8,0.85,0.0,0.5,0.0,0.08,0.04
6,PE_PB,-0.025047,0.15,0.25,0.35,0.5,0.65,0.8,0.85,0.0,0.65,0.0,0.12,0.05
6,PB_FED,-0.025051,0.2,0.25,0.3,0.65,0.7,0.75,0.95,1.0,0.0,0.0,0.08,0.05
6,PE_PB_FED,-0.025061,0.15,0.3,0.45,0.55,0.7,0.75,0.85,-0.5,0.6,0.8,0.12,0.04
8,PE_FED,-0.025076,0.2,0.3,0.35,0.65,0.65,0.75,0.9,1.0,0.0,0.0,0.08,0.03
6,PB_FED,-0.025077,0.05,0.15,0.4,0.5,0.7,0.75,0.95,1.0,0.0,0.0,0.1,0.04
8,PE_PB_FED,-0.025087,0.1,0.25,0.35,0.7,0.75,0.8,0.9,1.0,0.6,0.8,0.08,0.04
6,PE_PB,-0.0251,0.05,0.25,0.3,0.5,0.75,0.8,0.95,0.0,0.5,0.0,0.08,0.05
6,PE_PB,-0.025106,0.2,0.25,0.45,0.5,0.65,0.75,0.95,0.0,0.5,0.0,0.1,0.03
6,PE_FED,-0.025108,0.2,0.25,0.3,0.7,0.65,0.8,0.95,0.5,0.0,0.0,0.1,0.03
6,PE_PB_FED,-0.025124,0.15,0.3,0.4,0.6,0.7,0.8,0.85,0.0,0.55,0.7,0.1,0.04
8,PE_PB_FED,-0.025125,0.1,0.25,0.35,0.55,0.75,0.8,0.9,1.0,0.65,0.8,0.1,0.03
8,PB_FED,-0.025125,0.2,0.3,0.45,0.5,0.75,0.85,0.9,1.0,0.0,0.0,0.06,0.04
6,PB_FED,-0.025126,0.05,0.15,0.3,0.65,0.7,0.85,0.95,1.0,0.0,0.0,0.12,0.03
8,PE_PB,-0.025154,0.15,0.25,0.45,0.5,0.75,0.85,0.9,0.0,0.5,0.0,0.12,0.04
6,PE_PB,-0.025162,0.1,0.25,0.3,0.5,0.65,0.85,0.9,0.0,0.65,0.0,0.06,0.05
6,PE_PB_FED,-0.025167,0.05,0.3,0.45,0.55,0.7,0.8,0.9,-0.5,0.55,0.7,0.12,0.03
8,PE_PB_FED,-0.025167,0.1,0.25,0.45,0.6,0.7,0.75,0.9,1.0,0.6,0.7,0.06,0.05
8,PE_FED,-0.02517,0.05,0.2,0.3,0.7,0.7,0.75,0.85,1.0,0.0,0.0,0.06,0.04
8,PE_FED,-0.02517,0.05,0.15,0.45,0.55,0.65,0.85,0.9,1.0,0.0,0.0,0.06,0.04
8,PE_PB_FED,-0.025173,0.1,0.3,0.35,0.55,0.65,0.85,0.9,0.5,0.55,0.8,0.06,0.05
6,PE_PB_FED,-0.025174,0.15,0.2,0.3,0.5,0.75,0.85,0.9,-0.5,0.55,0.8,0.1,0.03
6,PE_PB_FED,-0.02518,0.1,0.2,0.35,0.5,0.75,0.8,0.9,-0.5,0.5,0.8,0.06,0.05
6,PE_PB_FED,-0.025182,0.05,0.3,0.45,0.5,0.7,0.8,0.95,-0.5,0.5,0.7,0.08,0.04
8,PE_PB_FED,-0.025184,0.1,0.25,0.45,0.5,0.65,0.85,0.95,1.0,0.65,0.8,0.06,0.04
6,PE_PB,-0.025192,0.15,0.25,0.3,0.6,0.75,0.8,0.85,0.0,0.5,0.0,0.08,0.04
6,PE_PB_FED,-0.025196,0.05,0.25,0.3,0.6,0.65,0.8,0.85,-0.5,0.5,0.8,0.12,0.04
6,PB_FED,-0.025204,0.1,0.2,0.3,0.5,0.65,0.75,0.95,1.0,0.0,0.0,0.06,0.05
8,PE_PB_FED,-0.025211,0.05,0.15,0.35,0.5,0.65,0.75,0.85,1.0,0.6,0.8,0.1,0.03
6,PE_PB,-0.025213,0.2,0.3,0.35,0.5,0.65,0.75,0.9,0.0,0.55,0.0,0.06,0.04
6,PE_PB,-0.025217,0.2,0.3,0.4,0.5,0.65,0.75,0.9,0.0,0.6,0.0,0.08,0.05
6,PB_FED,-0.025217,0.05,0.2,0.35,0.55,0.65,0.75,0.95,1.0,0.0,0.0,0.1,0.05
8,PE_PB_FED,-0.025246,0.1,0.25,0.3,0.6,0.75,0.8,0.9,1.0,0.6,0.75,0.12,0.03
8,PE_PB_FED,-0.025256,0.1,0.25,0.4,0.65,0.75,0.85,0.95,1.0,0.55,0.7,0.12,0.05
6,PE_PB,-0.025262,0.05,0.2,0.3,0.55,0.65,0.75,0.85,0.0,0.5,0.0,0.12,0.05
8,PE_FED,-0.025283,0.1,0.2,0.3,0.7,0.7,0.75,0.85,1.0,0.0,0.0,0.12,0.05
6,PE_PB,-0.02529,0.05,0.2,0.3,0.55,0.7,0.8,0.85,0.0,0.5,0.0,0.12,0.05
6,PE_PB,-0.025301,0.05,0.15,0.35,0.55,0.75,0.85,0.9,0.0,0.5,0.0,0.1,0.05
8,PE_FED,-0.025302,0.15,0.2,0.35,0.65,0.7,0.75,0.85,1.0,0.0,0.0,0.1,0.03
6,PE_PB,-0.025308,0.05,0.25,0.4,0.5,0.65,0.8,0.85,0.0,0.6,0.0,0.08,0.03
8,PE_PB_FED,-0.025334,0.05,0.15,0.35,0.55,0.65,0.75,0.85,1.0,0.6,0.75,0.1,0.04
8,PE_PB_FED,-0.025334,0.1,0.3,0.45,0.5,0.7,0.75,0.9,1.0,0.65,0.75,0.12,0.03
6,PE_PB,-0.025348,0.1,0.25,0.35,0.5,0.75,0.8,0.95,0.0,0.5,0.0,0.12,0.04
8,PE_FED,-0.025349,0.2,0.3,0.35,0.6,0.7,0.75,0.9,1.0,0.0,0.0,0.1,0.03
6,PE_PB,-0.025351,0.2,0.25,0.3,0.5,0.75,0.85,0.9,0.0,0.65,0.0,0.08,0.04
6,PE_PB,-0.025351,0.2,0.25,0.3,0.5,0.75,0.85,0.9,0.0,0.65,0.0,0.1,0.04
8,PE_PB_FED,-0.025351,0.1,0.25,0.45,0.65,0.7,0.85,0.95,1.0,0.55,0.7,0.1,0.05
6,PE_PB,-0.025357,0.15,0.25,0.35,0.55,0.7,0.85,0.9,0.0,0.55,0.0,0.12,0.05
6,PE_PB,-0.025357,0.1,0.2,0.45,0.6,0.75,0.8,0.85,0.0,0.5,0.0,0.12,0.05
6,PB_FED,-0.025369,0.05,0.15,0.45,0.65,0.65,0.75,0.85,1.0,0.0,0.0,0.12,0.05
8,PE_PB,-0.025391,0.15,0.3,0.35,0.5,0.7,0.85,0.9,0.0,0.55,0.0,0.08,0.03
8,PE_FED,-0.025391,0.05,0.15,0.45,0.65,0.7,0.8,0.85,1.0,0.0,0.0,0.12,0.04
6,PB_FED,-0.025392,0.1,0.25,0.3,0.55,0.7,0.75,0.9,1.0,0.0,0.0,0.08,0.03
6,PE_FED,-0.0254,0.1,0.2,0.35,0.6,0.75,0.8,0.95,0.5,0.0,0.0,0.1,0.05
8,PE_FED,-0.025414,0.1,0.2,0.35,0.7,0.7,0.75,0.85,1.0,0.0,0.0,0.1,0.05
6,PE_PB,-0.025423,0.05,0.15,0.45,0.55,0.7,0.85,0.9,0.0,0.5,0.0,0.1,0.03
6,PE_PB,-0.025425,0.1,0.25,0.45,0.5,0.7,0.75,0.85,0.0,0.6,0.0,0.06,0.05
6,PE_PB_FED,-0.025431,0.2,0.3,0.45,0.55,0.7,0.85,0.95,-0.5,0.5,0.75,0.12,0.03
8,PE_FED,-0.025432,0.15,0.3,0.4,0.7,0.7,0.8,0.9,1.0,0.0,0.0,0.12,0.04
8,PE_PB_FED,-0.025441,0.05,0.2,0.35,0.6,0.65,0.85,0.95,1.0,0.5,0.8,0.06,0.05
6,PE_PB_FED,-0.025444,0.1,0.15,0.4,0.5,0.7,0.85,0.9,0.0,0.5,0.75,0.08,0.05
6,PE_FED,-0.025445,0.1,0.3,0.35,0.65,0.7,0.8,0.95,0.5,0.0,0.0,0.08,0.03
6,PB_FED,-0.025445,0.15,0.2,0.3,0.55,0.65,0.75,0.85,1.0,0.0,0.0,0.12,0.03
6,PE_PB_FED,-0.025457,0.15,0.3,0.45,0.5,0.7,0.75,0.9,-0.5,0.6,0.8,0.1,0.05
6,PE_PB_FED,-0.025466,0.2,0.25,0.3,0.5,0.7,0.85,0.9,-0.5,0.65,0.75,0.1,0.04
6,PE_PB_FED,-0.025472,0.05,0.3,0.45,0.55,0.65,0.85,0.95,-0.5,0.5,0.8,0.08,0.05
6,PE_PB_FED,-0.025478,0.2,0.3,0.35,0.55,0.7,0.75,0.85,-0.5,0.6,0.8,0.08,0.05
6,PE_PB,-0.025479,0.2,0.25,0.35,0.65,0.65,0.8,0.85,0.0,0.5,0.0,0.08,0.05
8,PE_FED,-0.025496,0.05,0.2,0.4,0.6,0.65,0.75,0.85,1.0,0.0,0.0,0.08,0.03
6,PE_FED,-0.025499,0.05,0.2,0.35,0.65,0.7,0.85,0.95,0.5,0.0,0.0,0.1,0.03
6,PE_PB,-0.025503,0.15,0.25,0.3,0.55,0.65,0.8,0.9,0.0,0.5,0.0,0.12,0.05
6,PE_PB,-0.02551,0.2,0.25,0.3,0.6,0.7,0.8,0.9,0.0,0.5,0.0,0.06,0.05
6,PB_FED,-0.025514,0.15,0.2,0.3,0.55,0.7,0.75,0.85,1.0,0.0,0.0,0.08,0.03
6,PE_FED,-0.025516,0.1,0.2,0.35,0.65,0.7,0.75,0.9,0.5,0.0,0.0,0.06,0.04
6,PE_FED,-0.025539,0.1,0.2,0.4,0.65,0.7,0.75,0.9,0.5,0.0,0.0,0.12,0.03
6,PB_FED,-0.025543,0.2,0.25,0.3,0.6,0.7,0.75,0.95,1.0,0.0,0.0,0.08,0.04
6,PB_FED,-0.025556,0.05,0.25,0.3,0.55,0.65,0.75,0.95,1.0,0.0,0.0,0.08,0.03
8,PE_PB_FED,-0.02556,0.1,0.3,0.35,0.65,0.7,0.75,0.9,1.0,0.65,0.7,0.1,0.05
6,PE_PB_FED,-0.025571,0.05,0.15,0.4,0.65,0.7,0.75,0.95,0.5,0.55,0.7,0.06,0.05
6,PB_FED,-0.025587,0.1,0.3,0.4,0.5,0.7,0.85,0.95,0.5,0.0,0.0,0.12,0.04
6,PE_PB,-0.025591,0.2,0.3,0.45,0.5,0.65,0.75,0.9,0.0,0.55,0.0,0.06,0.03
8,PE_PB_FED,-0.025598,0.05,0.25,0.35,0.7,0.75,0.8,0.9,1.0,0.65,0.75,0.06,0.05
6,PE_FED,-0.0256,0.05,0.15,0.4,0.55,0.75,0.85,0.95,0.5,0.0,0.0,0.06,0.04
6,PB_FED,-0.025608,0.1,0.15,0.45,0.55,0.65,0.8,0.9,1.0,0.0,0.0,0.1,0.03
8,PE_FED,-0.025611,0.15,0.3,0.35,0.6,0.65,0.8,0.9,1.0,0.0,0.0,0.12,0.03
6,PE_PB_FED,-0.025619,0.15,0.2,0.3,0.5,0.7,0.75,0.85,-0.5,0.5,0.8,0.08,0.05
6,PE_PB_FED,-0.025625,0.1,0.2,0.3,0.65,0.65,0.75,0.95,0.5,0.55,0.7,0.12,0.05
6,PB_FED,-0.025626,0.15,0.25,0.3,0.65,0.7,0.8,0.95,1.0,0.0,0.0,0.08,0.03
6,PE_PB,-0.025632,0.1,0.25,0.3,0.6,0.7,0.8,0.85,0.0,0.5,0.0,0.08,0.05
6,PE_PB_FED,-0.025635,0.15,0.25,0.35,0.55,0.7,0.85,0.9,0.0,0.5,0.7,0.1,0.04
6,PE_PB_FED,-0.025636,0.05,0.3,0.35,0.5,0.75,0.8,0.9,-0.5,0.6,0.8,0.06,0.03
6,PB_FED,-0.025655,0.1,0.2,0.3,0.7,0.7,0.8,0.9,1.0,0.0,0.0,0.1,0.03
6,PB_FED,-0.025656,0.15,0.3,0.35,0.65,0.65,0.75,0.95,1.0,0.0,0.0,0.08,0.03
6,PE_FED,-0.025657,0.1,0.25,0.3,0.55,0.7,0.75,0.95,0.5,0.0,0.0,0.06,0.03
6,PE_FED,-0.025657,0.05,0.2,0.4,0.7,0.65,0.85,0.95,0.5,0.0,0.0,0.06,0.05
6,PE_PB,-0.025665,0.15,0.25,0.3,0.6,0.75,0.8,0.85,0.0,0.5,0.0,0.08,0.05
6,PB_FED,-0.025665,0.1,0.25,0.45,0.55,0.7,0.75,0.9,1.0,0.0,0.0,0.12,0.03
6,PE_PB_FED,-0.025667,0.2,0.3,0.35,0.5,0.65,0.85,0.95,-0.5,0.55,0.8,0.06,0.04
6,PE_PB,-0.025675,0.2,0.3,0.4,0.5,0.75,0.8,0.9,0.0,0.65,0.0,0.12,0.05
6,PE_PB_FED,-0.02568,0.05,0.25,0.3,0.6,0.65,0.85,0.9,-0.5,0.5,0.8,0.08,0.05
6,PE_PB_FED,-0.025701,0.15,0.3,0.4,0.55,0.7,0.8,0.85,-0.5,0.6,0.75,0.08,0.04
6,PB_FED,-0.025703,0.2,0.25,0.45,0.6,0.65,0.75,0.9,1.0,0.0,0.0,0.08,0.03
6,PE_PB_FED,-0.025704,0.1,0.2,0.45,0.5,0.65,0.8,0.85,-0.5,0.6,0.75,0.12,0.05
6,PE_PB_FED,-0.025707,0.15,0.2,0.4,0.5,0.75,0.8,0.85,-0.5,0.55,0.75,0.1,0.04
8,PE_FED,-0.025707,0.05,0.15,0.4,0.6,0.65,0.8,0.85,1.0,0.0,0.0,0.08,0.05
6,PE_PB_FED,-0.025715,0.05,0.15,0.3,0.55,0.65,0.8,0.95,0.5,0.55,0.7,0.08,0.03
6,PE_PB_FED,-0.025719,0.1,0.2,0.4,0.5,0.65,0.8,0.85,0.0,0.5,0.7,0.1,0.05
6,PE_PB_FED,-0.025722,0.1,0.15,0.4,0.7,0.75,0.85,0.95,0.5,0.55,0.8,0.08,0.03
6,PB_FED,-0.025728,0.1,0.25,0.4,0.7,0.65,0.75,0.85,1.0,0.0,0.0,0.08,0.03
6,PE_PB,-0.025741,0.05,0.25,0.4,0.6,0.65,0.75,0.85,0.0,0.5,0.0,0.08,0.05
6,PE_PB_FED,-0.025741,0.1,0.15,0.3,0.65,0.7,0.75,0.9,0.5,0.65,0.7,0.12,0.05
6,PB_FED,-0.025745,0.05,0.15,0.3,0.7,0.75,0.85,0.95,1.0,0.0,0.0,0.08,0.03
6,PE_PB,-0.02575,0.05,0.25,0.45,0.6,0.7,0.75,0.85,0.0,0.5,0.0,0.1,0.04
6,PB_FED,-0.025757,0.15,0.2,0.3,0.7,0.65,0.75,0.85,1.0,0.0,0.0,0.06,0.05
8,PE_FED,-0.025757,0.15,0.3,0.45,0.6,0.7,0.8,0.9,1.0,0.0,0.0,0.06,0.03
6,PB_FED,-0.025761,0.1,0.2,0.35,0.5,0.65,0.75,0.9,1.0,0.0,0.0,0.1,0.03
6,PB_FED,-0.025763,0.05,0.25,0.35,0.65,0.65,0.75,0.95,1.0,0.0,0.0,0.1,0.04
6,PE_PB,-0.025768,0.2,0.3,0.45,0.65,0.75,0.8,0.9,0.0,0.5,0.0,0.08,0.05
6,PE_PB,-0.025774,0.2,0.25,0.4,0.5,0.65,0.75,0.85,0.0,0.55,0.0,0.06,0.03
8,PE_PB,-0.025777,0.1,0.3,0.45,0.5,0.7,0.85,0.9,0.0,0.6,0.0,0.1,0.05
8,PE_PB_FED,-0.025777,0.1,0.25,0.35,0.5,0.7,0.85,0.95,1.0,0.6,0.8,0.12,0.05
8,PE_FED,-0.025793,0.1,0.3,0.35,0.5,0.7,0.85,0.95,1.0,0.0,0.0,0.06,0.05
6,PE_FED,-0.025796,0.1,0.15,0.35,0.55,0.7,0.8,0.9,0.5,0.0,0.0,0.06,0.03
8,PE_PB_FED,-0.025801,0.15,0.2,0.3,0.55,0.7,0.8,0.9,1.0,0.65,0.8,0.1,0.05
6,PE_PB,-0.025803,0.2,0.3,0.45,0.5,0.7,0.75,0.9,0.0,0.55,0.0,0.06,0.04
6,PE_PB_FED,-0.025815,0.05,0.2,0.35,0.5,0.65,0.8,0.85,0.0,0.5,0.8,0.08,0.05
6,PE_PB,-0.025817,0.05,0.3,0.45,0.55,0.65,0.8,0.85,0.0,0.6,0.0,0.12,0.05
6,PE_PB,-0.025829,0.1,0.15,0.35,0.5,0.75,0.8,0.9,0.0,0.5,0.0,0.08,0.03
6,PB_FED,-0.025843,0.15,0.2,0.35,0.65,0.75,0.8,0.9,1.0,0.0,0.0,0.06,0.03
6,PE_PB,-0.025845,0.2,0.25,0.4,0.55,0.7,0.75,0.9,0.0,0.5,0.0,0.12,0.05
6,PB_FED,-0.025856,0.1,0.2,0.35,0.5,0.65,0.75,0.95,1.0,0.0,0.0,0.12,0.05
8,PE_PB_FED,-0.025856,0.05,0.2,0.35,0.65,0.7,0.75,0.85,1.0,0.65,0.75,0.1,0.03
8,PE_FED,-0.025857,0.2,0.3,0.4,0.6,0.75,0.85,0.95,1.0,0.0,0.0,0.12,0.03
6,PB_FED,-0.025862,0.15,0.3,0.45,0.6,0.65,0.75,0.95,1.0,0.0,0.0,0.1,0.03
6,PE_PB,-0.025865,0.1,0.2,0.35,0.5,0.75,0.85,0.95,0.0,0.5,0.0,0.08,0.05
8,PE_FED,-0.025871,0.2,0.25,0.35,0.6,0.7,0.8,0.9,1.0,0.0,0.0,0.1,0.03
6,PE_FED,-0.025872,0.1,0.15,0.4,0.6,0.75,0.8,0.9,0.5,0.0,0.0,0.12,0.04
6,PE_PB,-0.025873,0.1,0.2,0.4,0.5,0.65,0.85,0.95,0.0,0.5,0.0,0.1,0.04
6,PE_PB,-0.025873,0.1,0.2,0.4,0.5,0.7,0.85,0.95,0.0,0.5,0.0,0.1,0.04
6,PE_FED,-0.025875,0.1,0.3,0.4,0.65,0.7,0.75,0.95,0.5,0.0,0.0,0.06,0.05
8,PE_PB_FED,-0.025878,0.2,0.25,0.4,0.55,0.7,0.85,0.9,0.5,0.5,0.8,0.08,0.05
8,PE_FED,-0.025883,0.15,0.25,0.45,0.5,0.7,0.8,0.9,1.0,0.0,0.0,0.12,0.04
6,PE_FED,-0.025891,0.05,0.25,0.4,0.65,0.7,0.8,0.95,0.5,0.0,0.0,0.12,0.05
6,PE_PB,-0.025903,0.15,0.3,0.45,0.7,0.65,0.85,0.9,0.0,0.5,0.0,0.06,0.05
6,PE_PB,-0.025908,0.1,0.2,0.3,0.55,0.65,0.85,0.9,0.0,0.5,0.0,0.06,0.03
6,PE_PB,-0.02591,0.2,0.25,0.3,0.5,0.7,0.75,0.85,0.0,0.55,0.0,0.12,0.04
6,PE_PB_FED,-0.025914,0.1,0.2,0.45,0.7,0.75,0.8,0.95,0.5,0.6,0.7,0.12,0.04
6,PE_PB,-0.025931,0.05,0.2,0.45,0.5,0.7,0.8,0.85,0.0,0.55,0.0,0.1,0.04
6,PE_PB,-0.025936,0.1,0.2,0.45,0.5,0.65,0.85,0.95,0.0,0.5,0.0,0.06,0.03
6,PE_PB,-0.025944,0.15,0.25,0.4,0.5,0.65,0.8,0.85,0.0,0.6,0.0,0.1,0.05
6,PE_PB,-0.025949,0.1,0.3,0.45,0.55,0.75,0.85,0.9,0.0,0.6,0.0,0.1,0.05
6,PB_FED,-0.025952,0.05,0.2,0.45,0.6,0.65,0.75,0.85,1.0,0.0,0.0,0.12,0.04
6,PE_PB,-0.025953,0.05,0.15,0.45,0.55,0.75,0.85,0.9,0.0,0.5,0.0,0.1,0.05
6,PE_PB,-0.025955,0.2,0.3,0.35,0.7,0.65,0.8,0.85,0.0,0.5,0.0,0.12,0.05
8,PE_PB_FED,-0.025962,0.05,0.2,0.45,0.55,0.75,0.8,0.9,1.0,0.5,0.7,0.1,0.03
8,PE_FED,-0.025973,0.05,0.15,0.35,0.5,0.7,0.85,0.9,1.0,0.0,0.0,0.12,0.03
6,PE_PB,-0.025981,0.1,0.25,0.45,0.5,0.65,0.85,0.9,0.0,0.65,0.0,0.12,0.05
6,PB_FED,-0.025989,0.05,0.15,0.45,0.55,0.65,0.8,0.95,1.0,0.0,0.0,0.12,0.03
8,PE_FED,-0.025997,0.1,0.2,0.45,0.65,0.65,0.75,0.85,1.0,0.0,0.0,0.06,0.05
6,PE_PB,-0.026002,0.05,0.25,0.45,0.5,0.65,0.85,0.9,0.0,0.65,0.0,0.08,0.05
6,PE_PB,-0.026006,0.05,0.3,0.35,0.65,0.65,0.8,0.85,0.0,0.5,0.0,0.1,0.05
6,PE_PB,-0.02601,0.1,0.2,0.4,0.55,0.65,0.85,0.9,0.0,0.5,0.0,0.08,0.04
8,PE_PB,-0.026017,0.2,0.3,0.35,0.5,0.7,0.85,0.9,0.0,0.6,0.0,0.08,0.05
6,PE_PB_FED,-0.026018,0.05,0.2,0.4,0.6,0.7,0.8,0.95,0.5,0.65,0.8,0.1,0.03
6,PE_PB,-0.026027,0.1,0.25,0.4,0.5,0.7,0.8,0.85,0.0,0.6,0.0,0.06,0.05
6,PB_FED,-0.026046,0.1,0.15,0.4,0.65,0.7,0.8,0.9,1.0,0.0,0.0,0.1,0.05
6,PB_FED,-0.026047,0.15,0.2,0.4,0.6,0.7,0.8,0.95,1.0,0.0,0.0,0.12,0.03
8,PE_PB_FED,-0.026048,0.05,0.25,0.4,0.55,0.7,0.85,0.95,1.0,0.55,0.7,0.08,0.05
6,PB_FED,-0.026052,0.1,0.15,0.3,0.55,0.65,0.75,0.85,1.0,0.0,0.0,0.06,0.05
6,PB_FED,-0.026056,0.15,0.2,0.3,0.55,0.7,0.8,0.95,1.0,0.0,0.0,0.12,0.03
8,PE_FED,-0.026064,0.05,0.25,0.35,0.55,0.65,0.8,0.9,1.0,0.0,0.0,0.1,0.05
6,PE_PB_FED,-0.026071,0.05,0.3,0.35,0.5,0.7,0.75,0.85,0.0,0.6,0.75,0.08,0.03
8,PE_FED,-0.026072,0.05,0.15,0.45,0.55,0.7,0.8,0.85,1.0,0.0,0.0,0.08,0.04
6,PE_PB_FED,-0.026074,0.1,0.3,0.45,0.5,0.65,0.75,0.85,0.0,0.6,0.8,0.08,0.03
6,PB_FED,-0.026079,0.05,0.15,0.3,0.55,0.7,0.8,0.95,1.0,0.0,0.0,0.12,0.05
6,PB_FED,-0.026084,0.05,0.15,0.45,0.7,0.65,0.85,0.9,1.0,0.0,0.0,0.08,0.03
8,PE_PB_FED,-0.026085,0.2,0.25,0.4,0.6,0.7,0.85,0.95,1.0,0.65,0.8,0.08,0.04
6,PE_PB,-0.026097,0.2,0.25,0.45,0.6,0.65,0.8,0.9,0.0,0.5,0.0,0.12,0.05
6,PE_FED,-0.026104,0.1,0.15,0.45,0.6,0.7,0.75,0.9,0.5,0.0,0.0,0.08,0.05
6,PE_PB_FED,-0.026104,0.1,0.3,0.35,0.6,0.65,0.75,0.85,-0.5,0.5,0.75,0.1,0.04
6,PE_PB,-0.026108,0.2,0.3,0.45,0.5,0.75,0.8,0.9,0.0,0.65,0.0,0.08,0.05
6,PE_PB,-0.026118,0.05,0.3,0.45,0.55,0.65,0.85,0.95,0.0,0.5,0.0,0.12,0.05
6,PB_FED,-0.026125,0.15,0.3,0.4,0.5,0.75,0.85,0.9,0.5,0.0,0.0,0.12,0.05
8,PE_FED,-0.026136,0.1,0.15,0.4,0.55,0.7,0.8,0.85,1.0,0.0,0.0,0.12,0.04
6,PE_PB,-0.026143,0.15,0.2,0.45,0.5,0.65,0.75,0.9,0.0,0.5,0.0,0.08,0.04
6,PE_PB_FED,-0.026144,0.1,0.2,0.3,0.65,0.7,0.8,0.95,0.5,0.55,0.75,0.12,0.05
6,PE_PB_FED,-0.026155,0.15,0.25,0.3,0.65,0.75,0.8,0.95,0.5,0.65,0.8,0.12,0.03
6,PB_FED,-0.026165,0.1,0.15,0.35,0.7,0.7,0.8,0.9,1.0,0.0,0.0,0.12,0.05
8,PE_FED,-0.02617,0.15,0.2,0.45,0.65,0.7,0.75,0.85,1.0,0.0,0.0,0.12,0.05
8,PE_PB_FED,-0.026172,0.1,0.15,0.35,0.5,0.7,0.75,0.85,1.0,0.55,0.7,0.06,0.03
8,PE_PB,-0.026174,0.15,0.3,0.4,0.5,0.7,0.8,0.85,0.0,0.5,0.0,0.1,0.03
6,PE_PB,-0.026176,0.1,0.3,0.35,0.6,0.75,0.8,0.9,0.0,0.5,0.0,0.08,0.05
6,PE_FED,-0.026183,0.05,0.2,0.35,0.55,0.7,0.75,0.95,0.5,0.0,0.0,0.1,0.04
6,PE_PB,-0.026186,0.1,0.2,0.45,0.5,0.65,0.75,0.9,0.0,0.5,0.0,0.08,0.04
6,PE_FED,-0.026202,0.15,0.3,0.35,0.65,0.75,0.8,0.95,0.5,0.0,0.0,0.12,0.04
6,PE_PB_FED,-0.026204,0.15,0.2,0.45,0.65,0.65,0.75,0.95,0.5,0.6,0.8,0.08,0.03
8,PE_PB,-0.026205,0.1,0.3,0.45,0.5,0.65,0.85,0.9,0.0,0.55,0.0,0.1,0.03
8,PE_PB,-0.026214,0.2,0.25,0.4,0.5,0.65,0.8,0.85,0.0,0.5,0.0,0.06,0.05
8,PE_FED,-0.026214,0.1,0.15,0.4,0.5,0.75,0.85,0.9,1.0,0.0,0.0,0.08,0.03
8,PE_FED,-0.026222,0.1,0.3,0.4,0.6,0.75,0.8,0.9,1.0,0.0,0.0,0.1,0.04
6,PE_FED,-0.02623,0.15,0.25,0.4,0.7,0.75,0.85,0.95,0.5,0.0,0.0,0.12,0.05
8,PE_PB_FED,-0.026242,0.05,0.15,0.4,0.55,0.7,0.75,0.85,1.0,0.55,0.75,0.08,0.05
6,PE_FED,-0.026245,0.15,0.2,0.45,0.6,0.7,0.8,0.95,0.5,0.0,0.0,0.08,0.05
6,PB_FED,-0.026252,0.1,0.15,0.45,0.5,0.7,0.75,0.85,1.0,0.0,0.0,0.12,0.04
6,PE_FED,-0.026258,0.05,0.15,0.45,0.6,0.65,0.75,0.9,0.5,0.0,0.0,0.06,0.04
8,PE_PB_FED,-0.026272,0.05,0.25,0.3,0.65,0.7,0.8,0.9,1.0,0.55,0.8,0.08,0.04
6,PE_PB_FED,-0.026275,0.05,0.15,0.4,0.7,0.7,0.75,0.9,0.5,0.65,0.8,0.06,0.04
6,PE_PB,-0.026281,0.2,0.25,0.35,0.5,0.65,0.85,0.9,0.0,0.65,0.0,0.12,0.05
6,PB_FED,-0.026294,0.05,0.15,0.45,0.6,0.7,0.85,0.95,1.0,0.0,0.0,0.12,0.03
6,PE_PB,-0.026298,0.05,0.2,0.45,0.5,0.65,0.8,0.85,0.0,0.55,0.0,0.12,0.05
6,PE_PB,-0.026308,0.05,0.25,0.4,0.55,0.7,0.8,0.85,0.0,0.5,0.0,0.08,0.04
6,PE_PB,-0.026312,0.1,0.3,0.35,0.5,0.65,0.75,0.85,0.0,0.55,0.0,0.06,0.03
6,PE_FED,-0.02633,0.1,0.15,0.4,0.7,0.7,0.75,0.85,0.5,0.0,0.0,0.1,0.03
6,PE_PB_FED,-0.02634,0.05,0.2,0.35,0.7,0.75,0.8,0.95,0.5,0.6,0.7,0.12,0.04
8,PE_FED,-0.02636,0.2,0.3,0.4,0.7,0.75,0.8,0.9,1.0,0.0,0.0,0.08,0.03
8,PE_FED,-0.026362,0.1,0.2,0.4,0.7,0.75,0.8,0.85,1.0,0.0,0.0,0.08,0.03
6,PE_PB,-0.026366,0.2,0.3,0.35,0.55,0.65,0.75,0.9,0.0,0.5,0.0,0.12,0.04
6,PB_FED,-0.026367,0.15,0.2,0.45,0.6,0.75,0.8,0.95,1.0,0.0,0.0,0.08,0.04
6,PE_PB,-0.026376,0.2,0.3,0.45,0.55,0.7,0.8,0.85,0.0,0.6,0.0,0.08,0.05
6,PB_FED,-0.026377,0.1,0.25,0.45,0.65,0.65,0.8,0.95,1.0,0.0,0.0,0.1,0.03
6,PB_FED,-0.026383,0.05,0.15,0.4,0.6,0.75,0.8,0.95,1.0,0.0,0.0,0.06,0.05
6,PE_PB_FED,-0.026388,0.15,0.2,0.4,0.55,0.7,0.8,0.95,0.5,0.65,0.8,0.08,0.03
6,PB_FED,-0.026388,0.1,0.25,0.45,0.6,0.75,0.8,0.95,1.0,0.0,0.0,0.06,0.03
6,PB_FED,-0.026404,0.1,0.15,0.3,0.55,0.75,0.85,0.95,1.0,0.0,0.0,0.1,0.03
6,PE_PB_FED,-0.026408,0.1,0.15,0.35,0.7,0.65,0.75,0.9,0.5,0.55,0.7,0.08,0.04
6,PE_PB,-0.026432,0.2,0.3,0.35,0.55,0.65,0.85,0.95,0.0,0.5,0.0,0.08,0.05
8,PE_FED,-0.026433,0.15,0.2,0.45,0.7,0.7,0.85,0.9,1.0,0.0,0.0,0.12,0.04
6,PB_FED,-0.026445,0.15,0.2,0.4,0.5,0.65,0.75,0.95,1.0,0.0,0.0,0.1,0.05
6,PB_FED,-0.026449,0.05,0.3,0.45,0.65,0.65,0.75,0.95,1.0,0.0,0.0,0.12,0.05
8,PE_PB_FED,-0.026462,0.15,0.3,0.35,0.6,0.7,0.75,0.9,1.0,0.5,0.7,0.1,0.03
6,PE_PB,-0.026478,0.05,0.3,0.45,0.65,0.65,0.8,0.85,0.0,0.5,0.0,0.1,0.05
6,PE_PB,-0.026484,0.05,0.15,0.3,0.5,0.65,0.8,0.9,0.0,0.5,0.0,0.06,0.05
6,PE_PB,-0.026492,0.05,0.3,0.45,0.5,0.65,0.8,0.9,0.0,0.55,0.0,0.12,0.04
6,PE_PB,-0.026494,0.15,0.25,0.3,0.55,0.65,0.75,0.85,0.0,0.5,0.0,0.06,0.05
8,PE_PB_FED,-0.026496,0.05,0.3,0.45,0.55,0.75,0.85,0.9,0.5,0.55,0.7,0.12,0.05
6,PE_PB,-0.026506,0.2,0.3,0.4,0.65,0.7,0.85,0.9,0.0,0.5,0.0,0.1,0.03
8,PE_FED,-0.026507,0.15,0.2,0.35,0.55,0.65,0.75,0.85,1.0,0.0,0.0,0.08,0.04
6,PB_FED,-0.026508,0.15,0.2,0.45,0.55,0.7,0.75,0.85,1.0,0.0,0.0,0.12,0.04
6,PE_PB_FED,-0.026509,0.05,0.2,0.4,0.55,0.65,0.8,0.95,0.5,0.65,0.8,0.06,0.03
6,PE_PB_FED,-0.026514,0.2,0.3,0.35,0.6,0.65,0.8,0.9,-0.5,0.5,0.75,0.06,0.05
6,PB_FED,-0.026517,0.1,0.15,0.3,0.5,0.7,0.8,0.9,1.0,0.0,0.0,0.06,0.03
6,PE_FED,-0.026536,0.1,0.25,0.35,0.6,0.75,0.8,0.95,0.5,0.0,0.0,0.1,0.04
6,PE_PB,-0.026542,0.2,0.25,0.4,0.5,0.7,0.75,0.85,0.0,0.55,0.0,0.08,0.05
6,PB_FED,-0.026572,0.1,0.15,0.45,0.7,0.7,0.8,0.85,1.0,0.0,0.0,0.1,0.03
6,PE_PB,-0.026592,0.15,0.25,0.45,0.55,0.7,0.75,0.85,0.0,0.5,0.0,0.12,0.03
6,PE_FED,-0.026605,0.15,0.25,0.45,0.7,0.75,0.85,0.95,0.5,0.0,0.0,0.12,0.04
8,PE_FED,-0.026608,0.1,0.2,0.45,0.55,0.65,0.75,0.85,1.0,0.0,0.0,0.08,0.05
6,PE_FED,-0.02661,0.1,0.2,0.45,0.55,0.65,0.8,0.95,0.5,0.0,0.0,0.12,0.05
6,PE_FED,-0.026611,0.1,0.15,0.45,0.55,0.7,0.8,0.9,0.5,0.0,0.0,0.1,0.03
8,PE_PB_FED,-0.026626,0.05,0.15,0.45,0.6,0.7,0.8,0.85,1.0,0.65,0.7,0.06,0.05
6,PB_FED,-0.026635,0.1,0.3,0.35,0.6,0.65,0.75,0.9,1.0,0.0,0.0,0.12,0.03
6,PB_FED,-0.026636,0.1,0.25,0.3,0.65,0.75,0.8,0.95,1.0,0.0,0.0,0.1,0.04
8,PE_PB_FED,-0.026638,0.15,0.3,0.35,0.55,0.7,0.8,0.9,1.0,0.65,0.8,0.08,0.03
6,PE_PB,-0.026639,0.15,0.25,0.3,0.55,0.75,0.8,0.85,0.0,0.5,0.0,0.1,0.05
6,PE_FED,-0.026662,0.1,0.15,0.3,0.55,0.75,0.8,0.9,0.5,0.0,0.0,0.06,0.05
6,PB_FED,-0.026664,0.05,0.2,0.45,0.6,0.75,0.8,0.9,1.0,0.0,0.0,0.12,0.03
6,PE_FED,-0.026667,0.15,0.25,0.3,0.65,0.65,0.75,0.9,0.5,0.0,0.0,0.06,0.04
6,PE_PB_FED,-0.026667,0.1,0.3,0.4,0.65,0.65,0.8,0.85,-0.5,0.5,0.75,0.06,0.05
6,PE_FED,-0.026669,0.05,0.2,0.45,0.65,0.7,0.85,0.95,0.5,0.0,0.0,0.12,0.05
6,PE_FED,-0.026681,0.2,0.3,0.35,0.65,0.65,0.75,0.95,0.5,0.0,0.0,0.1,0.03
6,PB_FED,-0.026681,0.2,0.3,0.4,0.5,0.75,0.8,0.85,0.5,0.0,0.0,0.1,0.05
8,PE_PB_FED,-0.026684,0.1,0.15,0.3,0.65,0.65,0.8,0.85,1.0,0.6,0.8,0.06,0.04
6,PE_PB,-0.026689,0.05,0.25,0.35,0.55,0.75,0.8,0.85,0.0,0.5,0.0,0.06,0.05
6,PB_FED,-0.026694,0.1,0.2,0.3,0.7,0.7,0.85,0.95,1.0,0.0,0.0,0.08,0.03
6,PB_FED,-0.026696,0.1,0.3,0.35,0.6,0.65,0.75,0.95,1.0,0.0,0.0,0.06,0.05
8,PE_FED,-0.0267,0.05,0.15,0.4,0.5,0.75,0.8,0.85,1.0,0.0,0.0,0.1,0.05
6,PB_FED,-0.026702,0.1,0.3,0.35,0.6,0.7,0.75,0.9,1.0,0.0,0.0,0.06,0.03
6,PB_FED,-0.02671,0.15,0.25,0.45,0.6,0.7,0.75,0.85,1.0,0.0,0.0,0.06,0.04
8,PE_FED,-0.026713,0.15,0.3,0.45,0.55,0.7,0.8,0.9,1.0,0.0,0.0,0.06,0.04
6,PE_FED,-0.026717,0.1,0.15,0.4,0.5,0.7,0.75,0.9,0.5,0.0,0.0,0.06,0.05
6,PE_PB,-0.026731,0.1,0.3,0.4,0.6,0.7,0.75,0.85,0.0,0.5,0.0,0.12,0.03
8,PE_PB_FED,-0.026733,0.1,0.3,0.45,0.5,0.65,0.85,0.95,1.0,0.65,0.7,0.08,0.04
6,PE_PB,-0.02674,0.1,0.3,0.4,0.6,0.75,0.8,0.85,0.0,0.5,0.0,0.12,0.03
8,PE_PB_FED,-0.02674,0.15,0.25,0.45,0.55,0.75,0.8,0.9,1.0,0.55,0.75,0.12,0.03
6,PE_PB_FED,-0.026747,0.1,0.15,0.35,0.55,0.7,0.75,0.9,0.5,0.6,0.8,0.1,0.04
6,PE_PB_FED,-0.02675,0.05,0.25,0.4,0.5,0.65,0.85,0.9,-0.5,0.55,0.8,0.1,0.04
6,PE_PB_FED,-0.026764,0.15,0.2,0.3,0.55,0.65,0.8,0.95,0.5,0.65,0.75,0.08,0.05
8,PE_PB,-0.026773,0.15,0.3,0.45,0.5,0.65,0.85,0.9,0.0,0.5,0.0,0.1,0.04
8,PE_PB_FED,-0.026773,0.1,0.3,0.4,0.55,0.7,0.85,0.95,1.0,0.6,0.8,0.1,0.05
6,PE_PB,-0.026784,0.2,0.3,0.4,0.55,0.75,0.8,0.85,0.0,0.55,0.0,0.1,0.03
6,PE_PB,-0.026791,0.2,0.3,0.4,0.65,0.7,0.8,0.85,0.0,0.5,0.0,0.1,0.05
6,PE_PB_FED,-0.026798,0.15,0.25,0.35,0.7,0.75,0.8,0.95,0.5,0.65,0.7,0.1,0.04
6,PE_PB,-0.026807,0.1,0.3,0.45,0.65,0.75,0.85,0.9,0.0,0.5,0.0,0.06,0.05
8,PE_PB,-0.026809,0.15,0.3,0.4,0.5,0.75,0.8,0.85,0.0,0.5,0.0,0.1,0.05
8,PE_FED,-0.026813,0.05,0.15,0.45,0.5,0.7,0.8,0.85,1.0,0.0,0.0,0.06,0.05
6,PE_PB_FED,-0.026815,0.2,0.25,0.45,0.5,0.7,0.75,0.85,-0.5,0.55,0.75,0.06,0.03
8,PE_PB_FED,-0.026819,0.15,0.25,0.45,0.65,0.7,0.8,0.9,1.0,0.55,0.7,0.08,0.04
6,PE_FED,-0.026827,0.05,0.15,0.35,0.7,0.7,0.75,0.85,0.5,0.0,0.0,0.06,0.03
6,PE_PB_FED,-0.026828,0.1,0.2,0.35,0.65,0.65,0.8,0.95,0.5,0.5,0.75,0.08,0.03
6,PE_PB_FED,-0.026828,0.2,0.3,0.45,0.55,0.75,0.8,0.85,-0.5,0.6,0.7,0.12,0.04
6,PE_PB_FED,-0.026829,0.05,0.25,0.45,0.5,0.7,0.85,0.9,-0.5,0.6,0.75,0.08,0.03
6,PE_PB,-0.026836,0.15,0.3,0.45,0.5,0.65,0.75,0.95,0.0,0.5,0.0,0.06,0.05
8,PE_FED,-0.026852,0.2,0.3,0.35,0.65,0.65,0.8,0.9,1.0,0.0,0.0,0.06,0.03
6,PB_FED,-0.026859,0.05,0.15,0.4,0.7,0.65,0.85,0.95,1.0,0.0,0.0,0.12,0.03
6,PE_PB,-0.026867,0.15,0.2,0.4,0.55,0.7,0.85,0.9,0.0,0.5,0.0,0.08,0.05
8,PE_PB_FED,-0.026872,0.2,0.25,0.35,0.65,0.75,0.8,0.9,1.0,0.6,0.8,0.08,0.03
6,PE_PB,-0.026873,0.05,0.3,0.45,0.5,0.7,0.8,0.85,0.0,0.65,0.0,0.08,0.03
6,PE_PB,-0.026888,0.05,0.2,0.4,0.5,0.65,0.8,0.9,0.0,0.5,0.0,0.06,0.04
6,PE_FED,-0.026895,0.15,0.25,0.3,0.55,0.75,0.8,0.95,0.5,0.0,0.0,0.1,0.04
6,PE_FED,-0.026898,0.15,0.3,0.45,0.65,0.75,0.8,0.95,0.5,0.0,0.0,0.08,0.05
6,PE_PB,-0.026903,0.1,0.3,0.4,0.5,0.75,0.85,0.9,0.0,0.65,0.0,0.1,0.05
6,PB_FED,-0.026905,0.2,0.25,0.45,0.6,0.7,0.75,0.9,1.0,0.0,0.0,0.1,0.05
6,PE_PB,-0.02691,0.2,0.3,0.35,0.5,0.75,0.8,0.85,0.0,0.65,0.0,0.06,0.03
8,PE_PB_FED,-0.026939,0.1,0.3,0.4,0.7,0.75,0.85,0.95,1.0,0.5,0.8,0.12,0.04
6,PB_FED,-0.026942,0.05,0.15,0.3,0.7,0.75,0.85,0.95,1.0,0.0,0.0,0.08,0.04
6,PE_PB_FED,-0.026946,0.05,0.3,0.45,0.65,0.75,0.8,0.85,-0.5,0.5,0.8,0.06,0.04
6,PE_PB_FED,-0.026947,0.05,0.25,0.4,0.65,0.7,0.75,0.95,0.5,0.6,0.7,0.12,0.03
8,PE_PB_FED,-0.026951,0.15,0.3,0.4,0.6,0.75,0.8,0.9,1.0,0.6,0.75,0.08,0.03
6,PE_PB,-0.026969,0.1,0.15,0.35,0.5,0.75,0.8,0.9,0.0,0.5,0.0,0.08,0.05
8,PE_FED,-0.026981,0.2,0.25,0.45,0.55,0.65,0.8,0.9,1.0,0.0,0.0,0.12,0.04
6,PE_PB,-0.026992,0.1,0.25,0.3,0.55,0.65,0.85,0.9,0.0,0.5,0.0,0.08,0.03
8,PE_PB_FED,-0.026992,0.05,0.3,0.35,0.65,0.65,0.75,0.9,1.0,0.55,0.75,0.1,0.05
8,PE_FED,-0.026998,0.2,0.3,0.35,0.7,0.65,0.8,0.9,1.0,0.0,0.0,0.06,0.04
8,PE_FED,-0.026999,0.05,0.2,0.3,0.6,0.75,0.85,0.9,1.0,0.0,0.0,0.12,0.04
8,PE_FED,-0.027001,0.2,0.3,0.45,0.55,0.65,0.85,0.95,1.0,0.0,0.0,0.08,0.04
6,PE_PB_FED,-0.027002,0.1,0.15,0.4,0.6,0.75,0.8,0.9,0.5,0.65,0.7,0.08,0.04
6,PB_FED,-0.027016,0.05,0.15,0.45,0.65,0.7,0.85,0.95,1.0,0.0,0.0,0.08,0.05
6,PB_FED,-0.02702,0.05,0.25,0.45,0.55,0.7,0.75,0.9,1.0,0.0,0.0,0.06,0.04
6,PE_FED,-0.027025,0.1,0.2,0.35,0.55,0.75,0.85,0.95,0.5,0.0,0.0,0.1,0.03
8,PE_FED,-0.027035,0.05,0.25,0.4,0.65,0.7,0.75,0.85,1.0,0.0,0.0,0.06,0.04
6,PE_FED,-0.027039,0.05,0.25,0.35,0.7,0.7,0.75,0.9,0.5,0.0,0.0,0.06,0.03
6,PE_PB_FED,-0.027047,0.2,0.3,0.45,0.6,0.7,0.75,0.85,-0.5,0.5,0.7,0.08,0.03
6,PE_FED,-0.027057,0.2,0.25,0.35,0.7,0.65,0.85,0.95,0.5,0.0,0.0,0.12,0.03
6,PB_FED,-0.027066,0.1,0.15,0.3,0.65,0.65,0.8,0.85,1.0,0.0,0.0,0.08,0.05
6,PE_FED,-0.027067,0.05,0.15,0.45,0.6,0.75,0.8,0.9,0.5,0.0,0.0,0.1,0.03
6,PE_PB,-0.027068,0.2,0.3,0.4,0.5,0.65,0.75,0.85,0.0,0.6,0.0,0.06,0.05
6,PE_PB,-0.027085,0.1,0.25,0.45,0.5,0.7,0.85,0.9,0.0,0.55,0.0,0.06,0.04
8,PE_FED,-0.027086,0.15,0.2,0.4,0.65,0.75,0.8,0.85,1.0,0.0,0.0,0.06,0.03
6,PE_FED,-0.027096,0.05,0.25,0.4,0.6,0.7,0.8,0.95,0.5,0.0,0.0,0.06,0.03
6,PE_FED,-0.027097,0.05,0.3,0.45,0.65,0.65,0.8,0.95,0.5,0.0,0.0,0.08,0.03
8,PE_PB_FED,-0.027098,0.1,0.15,0.35,0.7,0.65,0.8,0.85,1.0,0.55,0.75,0.08,0.05
6,PE_PB,-0.027114,0.2,0.3,0.45,0.5,0.7,0.8,0.9,0.0,0.55,0.0,0.1,0.04
8,PE_FED,-0.027126,0.1,0.25,0.3,0.7,0.7,0.85,0.9,1.0,0.0,0.0,0.06,0.04
6,PE_FED,-0.027128,0.05,0.2,0.45,0.6,0.65,0.8,0.95,0.5,0.0,0.0,0.06,0.05
6,PE_PB,-0.02713,0.15,0.3,0.4,0.5,0.7,0.85,0.9,0.0,0.6,0.0,0.12,0.03
8,PE_FED,-0.027134,0.1,0.2,0.4,0.7,0.75,0.8,0.85,1.0,0.0,0.0,0.12,0.05
6,PE_PB_FED,-0.027141,0.1,0.3,0.35,0.6,0.7,0.8,0.85,-0.5,0.5,0.8,0.12,0.03
6,PE_PB,-0.027149,0.15,0.25,0.35,0.55,0.75,0.85,0.9,0.0,0.5,0.0,0.08,0.03
8,PE_FED,-0.027152,0.05,0.2,0.4,0.7,0.7,0.85,0.9,1.0,0.0,0.0,0.06,0.05
6,PE_PB,-0.027153,0.2,0.3,0.45,0.55,0.65,0.8,0.9,0.0,0.5,0.0,0.08,0.03
6,PE_PB_FED,-0.027158,0.2,0.25,0.4,0.5,0.65,0.8,0.85,0.0,0.55,0.7,0.06,0.05
8,PE_FED,-0.027158,0.05,0.3,0.4,0.65,0.75,0.8,0.9,1.0,0.0,0.0,0.08,0.05
8,PE_PB_FED,-0.027162,0.1,0.2,0.45,0.55,0.65,0.75,0.85,1.0,0.6,0.8,0.08,0.03
8,PE_FED,-0.027163,0.2,0.3,0.45,0.55,0.7,0.85,0.95,1.0,0.0,0.0,0.12,0.05
6,PE_PB_FED,-0.027168,0.1,0.15,0.35,0.5,0.7,0.75,0.95,0.5,0.5,0.8,0.08,0.04
6,PB_FED,-0.027172,0.05,0.15,0.35,0.55,0.7,0.75,0.85,1.0,0.0,0.0,0.1,0.05
6,PE_PB,-0.027178,0.05,0.3,0.35,0.6,0.65,0.75,0.85,0.0,0.5,0.0,0.12,0.05
6,PE_PB,-0.02718,0.1,0.15,0.4,0.5,0.7,0.75,0.85,0.0,0.5,0.0,0.12,0.04
6,PB_FED,-0.027181,0.1,0.15,0.45,0.5,0.75,0.8,0.95,1.0,0.0,0.0,0.06,0.04
6,PE_PB_FED,-0.027188,0.2,0.25,0.45,0.5,0.65,0.8,0.85,0.0,0.55,0.7,0.08,0.04
6,PE_PB_FED,-0.027191,0.1,0.3,0.4,0.55,0.65,0.75,0.85,-0.5,0.5,0.8,0.1,0.04
8,PE_PB_FED,-0.027207,0.1,0.15,0.45,0.5,0.7,0.85,0.9,1.0,0.65,0.8,0.06,0.03
6,PE_FED,-0.027211,0.1,0.15,0.4,0.5,0.65,0.8,0.9,0.5,0.0,0.0,0.1,0.04
6,PB_FED,-0.027214,0.1,0.2,0.4,0.65,0.75,0.85,0.95,1.0,0.0,0.0,0.1,0.03
8,PE_FED,-0.027229,0.15,0.3,0.4,0.5,0.7,0.8,0.9,1.0,0.0,0.0,0.08,0.04
6,PB_FED,-0.027242,0.1,0.2,0.3,0.7,0.65,0.85,0.95,1.0,0.0,0.0,0.08,0.05
6,PE_PB,-0.027245,0.2,0.25,0.4,0.5,0.7,0.85,0.9,0.0,0.6,0.0,0.1,0.05
8,PE_FED,-0.027252,0.2,0.3,0.4,0.6,0.7,0.8,0.9,1.0,0.0,0.0,0.06,0.03
6,PB_FED,-0.027263,0.15,0.25,0.45,0.7,0.65,0.8,0.95,1.0,0.0,0.0,0.1,0.04
6,PE_PB_FED,-0.027274,0.1,0.15,0.3,0.55,0.7,0.85,0.95,0.5,0.55,0.8,0.08,0.05
6,PE_FED,-0.027278,0.1,0.2,0.35,0.6,0.65,0.75,0.9,0.5,0.0,0.0,0.12,0.04
6,PE_PB,-0.027302,0.2,0.3,0.35,0.6,0.7,0.75,0.85,0.0,0.5,0.0,0.1,0.03
6,PE_FED,-0.02732,0.1,0.3,0.4,0.7,0.75,0.85,0.95,0.5,0.0,0.0,0.1,0.04
6,PB_FED,-0.027328,0.05,0.15,0.35,0.65,0.65,0.85,0.95,1.0,0.0,0.0,0.1,0.05
6,PB_FED,-0.027328,0.05,0.15,0.4,0.5,0.65,0.75,0.85,1.0,0.0,0.0,0.08,0.04
6,PE_PB,-0.027332,0.05,0.15,0.4,0.5,0.7,0.75,0.85,0.0,0.5,0.0,0.12,0.05
6,PE_PB,-0.027341,0.2,0.25,0.35,0.5,0.65,0.85,0.95,0.0,0.5,0.0,0.1,0.03
6,PE_PB_FED,-0.027347,0.15,0.3,0.4,0.5,0.7,0.85,0.9,0.0,0.6,0.7,0.08,0.05
6,PE_PB_FED,-0.027349,0.05,0.25,0.45,0.5,0.7,0.85,0.9,-0.5,0.55,0.75,0.1,0.04
6,PB_FED,-0.027353,0.15,0.2,0.35,0.7,0.65,0.85,0.9,1.0,0.0,0.0,0.12,0.03
6,PB_FED,-0.027362,0.15,0.25,0.45,0.7,0.7,0.8,0.9,1.0,0.0,0.0,0.12,0.03
8,PE_FED,-0.027363,0.15,0.25,0.3,0.7,0.75,0.85,0.9,1.0,0.0,0.0,0.1,0.04
6,PE_PB_FED,-0.027365,0.05,0.2,0.3,0.55,0.7,0.8,0.95,0.5,0.55,0.75,0.06,0.03
6,PE_PB_FED,-0.027365,0.1,0.3,0.35,0.6,0.65,0.75,0.95,0.5,0.65,0.8,0.06,0.04
6,PB_FED,-0.027369,0.1,0.25,0.3,0.7,0.75,0.8,0.95,1.0,0.0,0.0,0.12,0.05
8,PE_PB_FED,-0.027369,0.15,0.3,0.45,0.5,0.65,0.75,0.9,1.0,0.5,0.7,0.12,0.03
6,PE_FED,-0.027374,0.15,0.3,0.35,0.65,0.65,0.85,0.95,0.5,0.0,0.0,0.12,0.03
6,PE_FED,-0.027382,0.05,0.25,0.4,0.65,0.75,0.85,0.95,0.5,0.0,0.0,0.08,0.05
6,PE_PB,-0.027383,0.15,0.25,0.45,0.5,0.7,0.8,0.85,0.0,0.55,0.0,0.06,0.05
6,PE_PB,-0.027386,0.2,0.25,0.45,0.6,0.75,0.85,0.9,0.0,0.5,0.0,0.1,0.03
8,PE_PB_FED,-0.027401,0.05,0.3,0.4,0.7,0.65,0.8,0.9,1.0,0.5,0.75,0.08,0.03
6,PB_FED,-0.027419,0.05,0.25,0.35,0.5,0.65,0.75,0.95,1.0,0.0,0.0,0.1,0.03
6,PE_PB,-0.027422,0.05,0.3,0.4,0.5,0.7,0.85,0.9,0.0,0.6,0.0,0.12,0.03
8,PE_PB_FED,-0.027439,0.1,0.3,0.45,0.5,0.7,0.85,0.9,0.5,0.5,0.75,0.1,0.04
6,PB_FED,-0.027441,0.05,0.15,0.35,0.5,0.65,0.8,0.95,1.0,0.0,0.0,0.06,0.03
6,PE_FED,-0.027446,0.05,0.15,0.45,0.55,0.7,0.75,0.9,0.5,0.0,0.0,0.12,0.05
6,PE_PB,-0.02745,0.05,0.2,0.4,0.5,0.65,0.75,0.85,0.0,0.5,0.0,0.1,0.04
8,PE_PB_FED,-0.027453,0.05,0.3,0.4,0.5,0.65,0.85,0.95,1.0,0.6,0.7,0.06,0.04
6,PE_FED,-0.027477,0.05,0.25,0.45,0.65,0.75,0.85,0.95,0.5,0.0,0.0,0.12,0.03
6,PB_FED,-0.027488,0.15,0.2,0.4,0.65,0.75,0.8,0.9,1.0,0.0,0.0,0.12,0.05
8,PE_PB_FED,-0.027488,0.2,0.25,0.3,0.65,0.7,0.8,0.9,1.0,0.55,0.75,0.12,0.03
8,PE_FED,-0.02749,0.15,0.25,0.4,0.7,0.65,0.85,0.9,1.0,0.0,0.0,0.08,0.04
6,PE_FED,-0.027491,0.1,0.25,0.3,0.6,0.7,0.85,0.95,0.5,0.0,0.0,0.06,0.03
6,PE_PB,-0.027508,0.2,0.3,0.45,0.5,0.7,0.8,0.95,0.0,0.5,0.0,0.06,0.03
8,PE_FED,-0.027508,0.1,0.2,0.45,0.6,0.7,0.85,0.9,1.0,0.0,0.0,0.06,0.03
6,PB_FED,-0.027527,0.15,0.25,0.4,0.6,0.7,0.75,0.85,1.0,0.0,0.0,0.08,0.04
6,PE_FED,-0.027531,0.1,0.15,0.3,0.55,0.7,0.75,0.85,0.5,0.0,0.0,0.06,0.04
6,PE_PB_FED,-0.027531,0.15,0.3,0.45,0.5,0.65,0.8,0.85,-0.5,0.65,0.7,0.08,0.04
8,PE_PB_FED,-0.027542,0.2,0.3,0.35,0.5,0.65,0.8,0.85,0.5,0.5,0.8,0.12,0.03
6,PE_FED,-0.027545,0.1,0.25,0.3,0.65,0.75,0.8,0.9,0.5,0.0,0.0,0.06,0.04
8,PE_FED,-0.027545,0.1,0.25,0.45,0.5,0.65,0.75,0.85,1.0,0.0,0.0,0.12,0.03
6,PE_FED,-0.027562,0.1,0.2,0.4,0.55,0.75,0.85,0.95,0.5,0.0,0.0,0.06,0.04
6,PB_FED,-0.027569,0.05,0.25,0.4,0.7,0.65,0.8,0.95,1.0,0.0,0.0,0.06,0.03
6,PE_PB_FED,-0.027575,0.1,0.3,0.45,0.55,0.75,0.85,0.9,0.0,0.5,0.8,0.06,0.04
6,PB_FED,-0.027586,0.15,0.2,0.3,0.7,0.75,0.8,0.85,1.0,0.0,0.0,0.12,0.04
8,PE_PB_FED,-0.027586,0.1,0.3,0.35,0.55,0.65,0.85,0.95,1.0,0.55,0.8,0.12,0.05
6,PE_FED,-0.027649,0.2,0.3,0.45,0.65,0.65,0.8,0.95,0.5,0.0,0.0,0.12,0.03
6,PE_PB_FED,-0.02765,0.1,0.2,0.4,0.5,0.65,0.75,0.95,0.5,0.55,0.7,0.1,0.05
6,PB_FED,-0.027653,0.2,0.3,0.35,0.65,0.7,0.75,0.9,1.0,0.0,0.0,0.06,0.04
6,PE_PB_FED,-0.027655,0.15,0.25,0.4,0.7,0.7,0.8,0.95,0.5,0.6,0.8,0.06,0.05
8,PE_FED,-0.027663,0.05,0.25,0.4,0.55,0.65,0.75,0.85,1.0,0.0,0.0,0.12,0.04
6,PE_FED,-0.027669,0.2,0.25,0.4,0.7,0.75,0.85,0.95,0.5,0.0,0.0,0.06,0.05
6,PE_PB,-0.027671,0.1,0.25,0.3,0.5,0.75,0.8,0.9,0.0,0.5,0.0,0.08,0.03
8,PE_PB_FED,-0.027671,0.15,0.2,0.35,0.6,0.7,0.75,0.85,1.0,0.6,0.7,0.1,0.05
6,PE_FED,-0.027672,0.1,0.2,0.45,0.6,0.7,0.85,0.95,0.5,0.0,0.0,0.08,0.05
6,PE_PB,-0.027677,0.15,0.25,0.45,0.5,0.75,0.85,0.95,0.0,0.5,0.0,0.08,0.05
6,PE_PB,-0.027686,0.2,0.3,0.35,0.5,0.65,0.85,0.9,0.0,0.6,0.0,0.08,0.04
8,PE_FED,-0.027694,0.05,0.2,0.45,0.55,0.75,0.85,0.9,1.0,0.0,0.0,0.1,0.04
6,PE_PB_FED,-0.027706,0.05,0.25,0.45,0.7,0.7,0.75,0.95,0.5,0.55,0.7,0.06,0.03
8,PE_PB_FED,-0.027716,0.15,0.3,0.4,0.6,0.75,0.8,0.9,1.0,0.55,0.7,0.06,0.03
6,PE_PB_FED,-0.027759,0.1,0.3,0.35,0.55,0.75,0.8,0.95,0.5,0.65,0.75,0.06,0.03
6,PE_PB,-0.027766,0.2,0.25,0.4,0.5,0.7,0.8,0.85,0.0,0.55,0.0,0.08,0.05
6,PE_PB_FED,-0.027766,0.2,0.25,0.3,0.7,0.7,0.8,0.95,0.5,0.65,0.8,0.12,0.04
6,PE_FED,-0.027775,0.05,0.25,0.35,0.5,0.7,0.75,0.95,0.5,0.0,0.0,0.1,0.03
6,PE_FED,-0.027787,0.15,0.2,0.45,0.6,0.7,0.85,0.95,0.5,0.0,0.0,0.1,0.05
6,PE_PB_FED,-0.027794,0.15,0.3,0.45,0.5,0.65,0.85,0.9,0.0,0.6,0.8,0.1,0.05
6,PE_FED,-0.027796,0.15,0.25,0.4,0.7,0.65,0.8,0.9,0.5,0.0,0.0,0.1,0.04
8,PE_PB_FED,-0.027799,0.05,0.2,0.45,0.5,0.65,0.8,0.9,1.0,0.55,0.75,0.12,0.05
6,PB_FED,-0.0278,0.05,0.25,0.3,0.6,0.75,0.8,0.95,1.0,0.0,0.0,0.08,0.04
6,PE_FED,-0.027805,0.1,0.2,0.45,0.7,0.65,0.8,0.9,0.5,0.0,0.0,0.08,0.05
8,PE_FED,-0.027806,0.1,0.2,0.3,0.6,0.65,0.8,0.85,1.0,0.0,0.0,0.08,0.04
6,PE_PB_FED,-0.027808,0.05,0.25,0.35,0.7,0.7,0.75,0.95,0.5,0.55,0.75,0.06,0.05
6,PE_PB,-0.027815,0.05,0.3,0.4,0.5,0.65,0.85,0.9,0.0,0.6,0.0,0.06,0.05
6,PB_FED,-0.027818,0.1,0.25,0.3,0.6,0.75,0.8,0.9,1.0,0.0,0.0,0.06,0.04
6,PE_PB,-0.027821,0.2,0.25,0.4,0.5,0.75,0.8,0.85,0.0,0.55,0.0,0.1,0.05
6,PE_PB,-0.027826,0.1,0.3,0.45,0.55,0.65,0.75,0.85,0.0,0.5,0.0,0.1,0.03
6,PE_PB_FED,-0.027826,0.1,0.3,0.4,0.7,0.7,0.8,0.95,0.5,0.55,0.8,0.08,0.03
6,PE_PB_FED,-0.027833,0.05,0.15,0.3,0.6,0.75,0.8,0.9,0.5,0.6,0.75,0.08,0.03
6,PE_PB_FED,-0.027836,0.1,0.2,0.45,0.6,0.7,0.8,0.95,0.5,0.5,0.7,0.08,0.03
6,PE_PB_FED,-0.027859,0.15,0.25,0.4,0.7,0.7,0.75,0.95,0.5,0.55,0.7,0.12,0.04
8,PE_PB_FED,-0.027864,0.2,0.3,0.35,0.65,0.7,0.75,0.9,1.0,0.6,0.7,0.1,0.05
6,PE_FED,-0.027865,0.05,0.25,0.35,0.7,0.7,0.8,0.9,0.5,0.0,0.0,0.08,0.03
8,PE_PB_FED,-0.027887,0.05,0.15,0.3,0.5,0.7,0.8,0.85,1.0,0.6,0.75,0.06,0.05
8,PE_PB_FED,-0.027891,0.2,0.25,0.3,0.55,0.65,0.85,0.95,1.0,0.5,0.8,0.08,0.03
6,PB_FED,-0.027892,0.05,0.2,0.3,0.7,0.7,0.8,0.85,1.0,0.0,0.0,0.1,0.03
6,PB_FED,-0.027926,0.15,0.2,0.4,0.55,0.7,0.8,0.9,1.0,0.0,0.0,0.08,0.03
6,PE_FED,-0.027932,0.05,0.25,0.3,0.7,0.65,0.75,0.9,0.5,0.0,0.0,0.1,0.05
8,PE_PB_FED,-0.027932,0.05,0.25,0.45,0.5,0.75,0.8,0.9,1.0,0.55,0.75,0.08,0.04
6,PB_FED,-0.027935,0.05,0.2,0.35,0.7,0.75,0.85,0.95,1.0,0.0,0.0,0.1,0.03
6,PB_FED,-0.027935,0.05,0.2,0.35,0.7,0.75,0.85,0.95,1.0,0.0,0.0,0.12,0.03
6,PE_PB_FED,-0.027941,0.1,0.15,0.3,0.5,0.65,0.8,0.9,0.5,0.65,0.8,0.1,0.04
8,PE_FED,-0.027945,0.05,0.25,0.3,0.65,0.7,0.85,0.9,1.0,0.0,0.0,0.1,0.03
6,PB_FED,-0.027954,0.15,0.3,0.4,0.7,0.7,0.75,0.85,1.0,0.0,0.0,0.12,0.03
6,PE_FED,-0.027963,0.1,0.3,0.45,0.55,0.7,0.75,0.95,0.5,0.0,0.0,0.12,0.03
6,PE_PB_FED,-0.027964,0.05,0.3,0.4,0.5,0.7,0.85,0.9,-0.5,0.6,0.8,0.1,0.04
6,PB_FED,-0.027968,0.1,0.2,0.45,0.55,0.65,0.8,0.95,1.0,0.0,0.0,0.08,0.04
6,PE_PB_FED,-0.027979,0.05,0.15,0.35,0.6,0.65,0.8,0.9,0.5,0.65,0.7,0.1,0.04
6,PE_PB_FED,-0.027999,0.1,0.2,0.3,0.6,0.65,0.8,0.95,0.5,0.5,0.75,0.08,0.05
8,PE_PB_FED,-0.027999,0.15,0.2,0.45,0.7,0.7,0.85,0.9,1.0,0.6,0.75,0.06,0.03
6,PE_FED,-0.028006,0.1,0.25,0.45,0.5,0.75,0.8,0.95,0.5,0.0,0.0,0.08,0.03
8,PE_PB_FED,-0.02802,0.1,0.25,0.3,0.55,0.7,0.75,0.85,1.0,0.6,0.75,0.06,0.03
6,PE_PB_FED,-0.028022,0.1,0.15,0.4,0.5,0.75,0.8,0.9,0.5,0.65,0.7,0.08,0.03
6,PE_PB_FED,-0.028038,0.1,0.15,0.3,0.65,0.65,0.85,0.9,0.5,0.65,0.7,0.12,0.04
6,PB_FED,-0.028041,0.15,0.2,0.4,0.65,0.65,0.85,0.95,1.0,0.0,0.0,0.08,0.03
6,PE_FED,-0.028044,0.15,0.25,0.45,0.5,0.65,0.75,0.95,0.5,0.0,0.0,0.1,0.04
6,PE_PB_FED,-0.028047,0.05,0.2,0.4,0.5,0.7,0.75,0.95,0.5,0.6,0.75,0.06,0.04
6,PE_PB,-0.028062,0.2,0.3,0.45,0.5,0.65,0.8,0.85,0.0,0.6,0.0,0.06,0.04
6,PB_FED,-0.028076,0.1,0.25,0.45,0.6,0.75,0.8,0.9,1.0,0.0,0.0,0.08,0.04
6,PE_PB,-0.028086,0.05,0.3,0.45,0.5,0.7,0.8,0.85,0.0,0.6,0.0,0.12,0.05
6,PE_PB_FED,-0.028086,0.15,0.2,0.45,0.7,0.65,0.85,0.95,0.5,0.6,0.75,0.1,0.03
6,PE_PB,-0.028095,0.15,0.3,0.45,0.5,0.7,0.85,0.9,0.0,0.6,0.0,0.12,0.05
6,PB_FED,-0.028101,0.2,0.25,0.45,0.7,0.65,0.8,0.9,1.0,0.0,0.0,0.12,0.04
8,PE_FED,-0.028103,0.05,0.25,0.35,0.5,0.7,0.75,0.85,1.0,0.0,0.0,0.06,0.04
6,PE_FED,-0.028107,0.1,0.2,0.45,0.65,0.75,0.8,0.9,0.5,0.0,0.0,0.06,0.05
6,PE_PB_FED,-0.028108,0.15,0.25,0.35,0.5,0.7,0.8,0.85,-0.5,0.5,0.75,0.08,0.04
6,PB_FED,-0.028108,0.1,0.15,0.35,0.6,0.7,0.85,0.9,1.0,0.0,0.0,0.12,0.04
8,PE_PB_FED,-0.028125,0.05,0.3,0.4,0.5,0.7,0.8,0.9,1.0,0.65,0.75,0.06,0.04
6,PE_FED,-0.02813,0.15,0.25,0.4,0.65,0.65,0.8,0.9,0.5,0.0,0.0,0.06,0.04
6,PB_FED,-0.028131,0.15,0.25,0.4,0.6,0.7,0.8,0.9,1.0,0.0,0.0,0.08,0.03
6,PE_FED,-0.028133,0.15,0.25,0.45,0.5,0.7,0.75,0.95,0.5,0.0,0.0,0.06,0.05
8,PE_PB_FED,-0.028141,0.15,0.25,0.45,0.5,0.75,0.8,0.9,1.0,0.55,0.8,0.12,0.04
8,PE_FED,-0.028149,0.2,0.25,0.45,0.65,0.7,0.75,0.85,1.0,0.0,0.0,0.12,0.03
6,PE_FED,-0.028153,0.1,0.2,0.35,0.65,0.7,0.75,0.85,0.5,0.0,0.0,0.08,0.03
6,PE_FED,-0.028162,0.15,0.2,0.35,0.6,0.75,0.8,0.9,0.5,0.0,0.0,0.08,0.03
8,PE_FED,-0.028162,0.1,0.2,0.35,0.5,0.7,0.8,0.85,1.0,0.0,0.0,0.1,0.03
6,PE_PB_FED,-0.028164,0.1,0.3,0.45,0.5,0.75,0.85,0.9,-0.5,0.6,0.75,0.12,0.04
6,PE_PB,-0.02817,0.1,0.3,0.35,0.55,0.65,0.75,0.85,0.0,0.5,0.0,0.1,0.05
8,PE_PB,-0.028196,0.2,0.3,0.4,0.5,0.65,0.85,0.9,0.0,0.5,0.0,0.12,0.05
6,PE_FED,-0.028202,0.1,0.25,0.4,0.5,0.75,0.8,0.95,0.5,0.0,0.0,0.08,0.05
6,PE_PB,-0.028213,0.05,0.2,0.45,0.5,0.7,0.75,0.85,0.0,0.5,0.0,0.08,0.04
6,PE_PB,-0.02822,0.15,0.3,0.35,0.6,0.65,0.85,0.9,0.0,0.5,0.0,0.08,0.05
6,PB_FED,-0.028232,0.1,0.2,0.4,0.5,0.7,0.8,0.95,1.0,0.0,0.0,0.1,0.03
6,PB_FED,-0.028235,0.15,0.25,0.4,0.65,0.75,0.8,0.9,1.0,0.0,0.0,0.08,0.04
6,PB_FED,-0.028238,0.2,0.25,0.3,0.6,0.7,0.8,0.9,1.0,0.0,0.0,0.12,0.03
8,PE_FED,-0.028239,0.2,0.3,0.4,0.55,0.75,0.8,0.9,1.0,0.0,0.0,0.1,0.04
6,PB_FED,-0.028242,0.1,0.2,0.4,0.55,0.7,0.8,0.95,1.0,0.0,0.0,0.1,0.05
6,PE_PB,-0.028245,0.05,0.25,0.4,0.5,0.7,0.8,0.9,0.0,0.5,0.0,0.12,0.04
8,PE_FED,-0.028261,0.1,0.25,0.35,0.7,0.75,0.8,0.85,1.0,0.0,0.0,0.08,0.05
6,PB_FED,-0.028271,0.1,0.15,0.4,0.55,0.65,0.85,0.95,1.0,0.0,0.0,0.06,0.03
6,PB_FED,-0.028278,0.05,0.2,0.3,0.55,0.75,0.85,0.95,1.0,0.0,0.0,0.08,0.03
8,PE_PB_FED,-0.0283,0.1,0.3,0.35,0.5,0.7,0.85,0.95,1.0,0.5,0.75,0.1,0.03
8,PE_FED,-0.028305,0.15,0.3,0.4,0.5,0.75,0.8,0.9,1.0,0.0,0.0,0.08,0.05
8,PE_FED,-0.028309,0.15,0.2,0.35,0.5,0.7,0.8,0.85,1.0,0.0,0.0,0.1,0.03
6,PE_FED,-0.028315,0.05,0.15,0.3,0.6,0.75,0.85,0.9,0.5,0.0,0.0,0.12,0.04
8,PE_FED,-0.028316,0.05,0.2,0.4,0.55,0.75,0.8,0.85,1.0,0.0,0.0,0.08,0.04
8,PE_FED,-0.028327,0.15,0.25,0.35,0.7,0.7,0.8,0.85,1.0,0.0,0.0,0.1,0.04
6,PE_FED,-0.028329,0.05,0.25,0.45,0.6,0.7,0.8,0.95,0.5,0.0,0.0,0.08,0.05
6,PE_PB_FED,-0.028329,0.1,0.2,0.35,0.7,0.75,0.85,0.95,0.5,0.5,0.7,0.06,0.03
6,PE_PB_FED,-0.028334,0.15,0.25,0.45,0.5,0.75,0.85,0.9,-0.5,0.5,0.75,0.08,0.04
6,PE_FED,-0.02834,0.05,0.2,0.3,0.7,0.7,0.75,0.85,0.5,0.0,0.0,0.08,0.03
8,PE_PB_FED,-0.028341,0.1,0.2,0.3,0.65,0.65,0.8,0.85,1.0,0.65,0.8,0.1,0.05
6,PE_PB_FED,-0.028358,0.15,0.2,0.3,0.55,0.75,0.85,0.95,0.5,0.65,0.75,0.08,0.04
8,PE_FED,-0.02837,0.05,0.25,0.4,0.7,0.65,0.85,0.9,1.0,0.0,0.0,0.06,0.05
6,PE_PB,-0.028382,0.2,0.3,0.35,0.6,0.65,0.85,0.9,0.0,0.5,0.0,0.12,0.03
6,PE_PB_FED,-0.028389,0.1,0.25,0.45,0.65,0.65,0.85,0.95,0.5,0.65,0.7,0.12,0.05
6,PB_FED,-0.028403,0.05,0.3,0.35,0.55,0.65,0.75,0.9,1.0,0.0,0.0,0.12,0.03
8,PE_PB_FED,-0.028408,0.15,0.25,0.4,0.7,0.65,0.85,0.9,1.0,0.65,0.75,0.1,0.03
6,PB_FED,-0.028418,0.1,0.2,0.4,0.7,0.75,0.85,0.9,1.0,0.0,0.0,0.1,0.03
6,PB_FED,-0.028433,0.15,0.25,0.45,0.65,0.65,0.8,0.85,1.0,0.0,0.0,0.08,0.04
6,PB_FED,-0.028435,0.1,0.25,0.45,0.6,0.75,0.8,0.85,1.0,0.0,0.0,0.1,0.03
6,PE_FED,-0.028453,0.05,0.2,0.3,0.7,0.7,0.75,0.85,0.5,0.0,0.0,0.06,0.04
8,PE_FED,-0.028459,0.15,0.2,0.35,0.5,0.7,0.85,0.9,1.0,0.0,0.0,0.06,0.03
6,PE_PB,-0.028479,0.15,0.3,0.35,0.5,0.65,0.85,0.95,0.0,0.5,0.0,0.06,0.03
6,PB_FED,-0.028493,0.15,0.25,0.4,0.55,0.65,0.75,0.85,1.0,0.0,0.0,0.06,0.04
6,PE_PB_FED,-0.028494,0.15,0.2,0.35,0.5,0.75,0.8,0.95,0.5,0.6,0.8,0.12,0.04
6,PB_FED,-0.028497,0.1,0.15,0.35,0.5,0.7,0.8,0.9,1.0,0.0,0.0,0.1,0.05
6,PE_FED,-0.028505,0.05,0.15,0.4,0.65,0.7,0.8,0.95,1.0,0.0,0.0,0.12,0.03
6,PE_FED,-0.02851,0.05,0.25,0.45,0.5,0.65,0.75,0.95,0.5,0.0,0.0,0.06,0.03
6,PE_FED,-0.028534,0.2,0.25,0.3,0.6,0.65,0.8,0.95,0.5,0.0,0.0,0.08,0.05
6,PB_FED,-0.028541,0.15,0.25,0.4,0.65,0.75,0.85,0.95,1.0,0.0,0.0,0.08,0.03
6,PB_FED,-0.028541,0.1,0.3,0.45,0.5,0.7,0.75,0.95,1.0,0.0,0.0,0.06,0.05
8,PE_PB_FED,-0.028549,0.1,0.15,0.35,0.65,0.75,0.8,0.85,1.0,0.5,0.8,0.06,0.04
6,PE_FED,-0.028554,0.1,0.2,0.4,0.5,0.7,0.75,0.9,0.5,0.0,0.0,0.08,0.03
6,PE_FED,-0.02856,0.15,0.3,0.45,0.65,0.65,0.75,0.9,0.5,0.0,0.0,0.08,0.03
8,PE_PB_FED,-0.028563,0.15,0.3,0.45,0.55,0.75,0.8,0.9,1.0,0.65,0.7,0.12,0.05
6,PB_FED,-0.028567,0.15,0.2,0.45,0.7,0.65,0.8,0.85,1.0,0.0,0.0,0.06,0.05
8,PE_PB_FED,-0.0286,0.1,0.2,0.45,0.7,0.75,0.85,0.9,1.0,0.55,0.8,0.06,0.03
6,PE_PB,-0.028604,0.05,0.3,0.4,0.55,0.65,0.85,0.9,0.0,0.5,0.0,0.06,0.04
6,PB_FED,-0.028608,0.05,0.25,0.35,0.7,0.7,0.8,0.95,1.0,0.0,0.0,0.12,0.05
6,PE_PB_FED,-0.028609,0.15,0.25,0.3,0.55,0.7,0.8,0.95,0.5,0.6,0.8,0.12,0.05
6,PE_PB_FED,-0.028626,0.1,0.3,0.45,0.55,0.65,0.85,0.9,-0.5,0.5,0.75,0.06,0.03
8,PE_PB_FED,-0.028637,0.1,0.25,0.3,0.7,0.65,0.8,0.85,1.0,0.6,0.75,0.08,0.03
8,PE_FED,-0.028657,0.2,0.3,0.4,0.65,0.75,0.8,0.9,1.0,0.0,0.0,0.06,0.05
6,PE_FED,-0.028658,0.15,0.2,0.35,0.7,0.7,0.85,0.9,0.5,0.0,0.0,0.08,0.03
6,PB_FED,-0.028673,0.15,0.3,0.4,0.55,0.65,0.75,0.9,1.0,0.0,0.0,0.1,0.04
6,PE_FED,-0.028675,0.05,0.3,0.45,0.7,0.7,0.85,0.95,0.5,0.0,0.0,0.1,0.04
6,PE_PB,-0.02868,0.05,0.2,0.3,0.5,0.7,0.8,0.85,0.0,0.5,0.0,0.08,0.04
6,PE_FED,-0.028697,0.1,0.3,0.4,0.55,0.7,0.8,0.95,0.5,0.0,0.0,0.1,0.05
6,PE_PB_FED,-0.028698,0.15,0.2,0.35,0.55,0.7,0.85,0.95,0.5,0.65,0.75,0.06,0.05
6,PE_FED,-0.028708,0.15,0.2,0.35,0.65,0.65,0.75,0.85,0.5,0.0,0.0,0.12,0.05
8,PE_PB,-0.028734,0.2,0.3,0.45,0.5,0.75,0.85,0.9,0.0,0.5,0.0,0.12,0.05
6,PE_PB_FED,-0.028746,0.2,0.3,0.35,0.55,0.75,0.85,0.9,-0.5,0.5,0.7,0.08,0.03
6,PE_PB,-0.02875,0.1,0.2,0.3,0.5,0.75,0.85,0.9,0.0,0.5,0.0,0.1,0.04
6,PB_FED,-0.028752,0.05,0.2,0.35,0.7,0.7,0.85,0.9,1.0,0.0,0.0,0.06,0.03
6,PB_FED,-0.028752,0.15,0.25,0.3,0.65,0.7,0.85,0.95,1.0,0.0,0.0,0.12,0.04
6,PE_PB_FED,-0.028757,0.2,0.3,0.45,0.5,0.75,0.8,0.9,-0.5,0.5,0.8,0.06,0.04
8,PE_PB_FED,-0.028758,0.1,0.25,0.35,0.7,0.65,0.8,0.85,1.0,0.6,0.8,0.1,0.03
6,PE_FED,-0.028759,0.1,0.15,0.4,0.55,0.75,0.8,0.95,1.0,0.0,0.0,0.1,0.03
8,PE_PB_FED,-0.028759,0.1,0.2,0.35,0.6,0.75,0.8,0.85,1.0,0.65,0.75,0.12,0.04
6,PB_FED,-0.028765,0.2,0.25,0.4,0.5,0.65,0.75,0.9,1.0,0.0,0.0,0.12,0.03
8,PE_PB_FED,-0.028767,0.15,0.3,0.45,0.5,0.75,0.8,0.9,1.0,0.55,0.8,0.08,0.03
8,PE_PB_FED,-0.028773,0.05,0.25,0.3,0.55,0.65,0.75,0.85,1.0,0.6,0.8,0.08,0.05
6,PE_PB_FED,-0.028782,0.15,0.25,0.35,0.55,0.7,0.8,0.95,0.5,0.55,0.75,0.12,0.03
6,PE_FED,-0.028788,0.1,0.15,0.4,0.6,0.7,0.85,0.9,0.5,0.0,0.0,0.12,0.05
6,PE_PB,-0.028792,0.05,0.25,0.4,0.5,0.65,0.75,0.85,0.0,0.5,0.0,0.08,0.04
6,PB_FED,-0.028796,0.05,0.25,0.3,0.6,0.7,0.8,0.9,1.0,0.0,0.0,0.08,0.05
6,PE_FED,-0.028798,0.15,0.2,0.35,0.65,0.75,0.85,0.9,0.5,0.0,0.0,0.12,0.04
6,PE_PB_FED,-0.028805,0.05,0.2,0.45,0.55,0.65,0.75,0.95,0.5,0.5,0.8,0.1,0.03
6,PE_FED,-0.028815,0.1,0.15,0.3,0.55,0.7,0.85,0.9,0.5,0.0,0.0,0.12,0.05
8,PE_FED,-0.028827,0.1,0.25,0.35,0.55,0.65,0.85,0.9,1.0,0.0,0.0,0.12,0.03
6,PB_FED,-0.028828,0.1,0.25,0.35,0.65,0.65,0.85,0.9,1.0,0.0,0.0,0.1,0.03
6,PE_PB_FED,-0.028843,0.15,0.3,0.45,0.55,0.75,0.8,0.85,-0.5,0.5,0.7,0.06,0.04
6,PB_FED,-0.028846,0.2,0.25,0.45,0.7,0.75,0.8,0.95,1.0,0.0,0.0,0.12,0.05
8,PE_PB_FED,-0.028851,0.05,0.3,0.45,0.5,0.75,0.85,0.9,0.5,0.5,0.7,0.08,0.05
6,PE_FED,-0.028867,0.1,0.15,0.45,0.55,0.65,0.8,0.95,1.0,0.0,0.0,0.12,0.03
6,PB_FED,-0.028895,0.2,0.3,0.45,0.55,0.65,0.75,0.95,1.0,0.0,0.0,0.12,0.04
8,PE_FED,-0.028902,0.05,0.2,0.35,0.5,0.7,0.8,0.85,1.0,0.0,0.0,0.08,0.04
6,PE_FED,-0.028906,0.1,0.15,0.45,0.55,0.7,0.75,0.85,0.5,0.0,0.0,0.1,0.05
6,PE_FED,-0.028912,0.2,0.3,0.35,0.65,0.75,0.85,0.95,0.5,0.0,0.0,0.12,0.03
6,PE_FED,-0.028913,0.05,0.15,0.3,0.6,0.7,0.8,0.85,0.5,0.0,0.0,0.08,0.04
6,PE_PB_FED,-0.028918,0.1,0.3,0.45,0.5,0.75,0.85,0.9,-0.5,0.6,0.8,0.1,0.05
6,PE_FED,-0.028921,0.15,0.2,0.3,0.7,0.7,0.85,0.9,0.5,0.0,0.0,0.12,0.05
6,PE_PB_FED,-0.028931,0.05,0.25,0.45,0.55,0.65,0.75,0.95,0.5,0.6,0.8,0.08,0.04
6,PE_PB_FED,-0.028933,0.05,0.3,0.35,0.7,0.7,0.8,0.95,0.5,0.6,0.75,0.06,0.04
6,PE_FED,-0.028934,0.1,0.25,0.4,0.55,0.65,0.75,0.9,0.5,0.0,0.0,0.06,0.03
6,PB_FED,-0.028935,0.2,0.3,0.4,0.55,0.65,0.75,0.9,1.0,0.0,0.0,0.12,0.03
6,PB_FED,-0.028942,0.15,0.3,0.4,0.65,0.75,0.8,0.9,1.0,0.0,0.0,0.12,0.03
6,PB_FED,-0.028954,0.15,0.25,0.3,0.55,0.7,0.75,0.85,1.0,0.0,0.0,0.12,0.05
8,PE_PB_FED,-0.028965,0.05,0.2,0.3,0.6,0.75,0.85,0.9,1.0,0.65,0.75,0.1,0.05
6,PB_FED,-0.028968,0.05,0.15,0.35,0.55,0.65,0.85,0.95,1.0,0.0,0.0,0.1,0.05
6,PE_FED,-0.02897,0.1,0.15,0.35,0.65,0.75,0.8,0.95,1.0,0.0,0.0,0.08,0.05
6,PE_FED,-0.02897,0.1,0.15,0.35,0.65,0.7,0.8,0.95,1.0,0.0,0.0,0.08,0.05
8,PE_PB_FED,-0.028976,0.1,0.25,0.45,0.7,0.7,0.85,0.9,1.0,0.6,0.7,0.12,0.03
8,PE_FED,-0.028979,0.05,0.2,0.4,0.5,0.75,0.8,0.85,1.0,0.0,0.0,0.12,0.04
8,PE_FED,-0.029004,0.05,0.3,0.35,0.6,0.7,0.75,0.85,1.0,0.0,0.0,0.12,0.05
8,PE_FED,-0.029007,0.15,0.3,0.45,0.7,0.65,0.85,0.9,1.0,0.0,0.0,0.12,0.04
8,PE_PB_FED,-0.029008,0.1,0.3,0.35,0.55,0.7,0.75,0.85,1.0,0.65,0.75,0.12,0.03
6,PE_PB_FED,-0.02902,0.1,0.3,0.4,0.65,0.65,0.8,0.95,0.5,0.55,0.8,0.08,0.04
8,PE_FED,-0.029031,0.15,0.3,0.45,0.7,0.7,0.85,0.9,1.0,0.0,0.0,0.1,0.04
8,PE_PB_FED,-0.029031,0.2,0.3,0.4,0.55,0.65,0.8,0.9,1.0,0.65,0.8,0.1,0.04
6,PB_FED,-0.029037,0.1,0.25,0.3,0.7,0.65,0.85,0.95,1.0,0.0,0.0,0.08,0.04
6,PE_FED,-0.029053,0.15,0.2,0.35,0.55,0.75,0.8,0.9,0.5,0.0,0.0,0.06,0.04
6,PB_FED,-0.029066,0.05,0.25,0.45,0.65,0.7,0.8,0.85,1.0,0.0,0.0,0.12,0.03
6,PB_FED,-0.029067,0.05,0.15,0.4,0.5,0.65,0.8,0.95,1.0,0.0,0.0,0.06,0.04
8,PE_PB_FED,-0.029067,0.05,0.25,0.45,0.65,0.7,0.85,0.9,1.0,0.65,0.75,0.1,0.03
6,PE_PB_FED,-0.029068,0.1,0.15,0.3,0.7,0.7,0.75,0.85,0.5,0.55,0.75,0.08,0.05
8,PE_FED,-0.029069,0.1,0.25,0.45,0.65,0.7,0.85,0.9,1.0,0.0,0.0,0.06,0.05
6,PE_PB_FED,-0.029071,0.2,0.3,0.45,0.55,0.75,0.85,0.9,-0.5,0.5,0.8,0.06,0.04
6,PE_PB_FED,-0.029078,0.15,0.3,0.4,0.6,0.75,0.8,0.95,0.5,0.65,0.8,0.12,0.04
8,PE_FED,-0.029089,0.15,0.3,0.4,0.55,0.7,0.75,0.85,1.0,0.0,0.0,0.1,0.04
8,PE_PB_FED,-0.02909,0.2,0.25,0.45,0.55,0.65,0.8,0.9,1.0,0.5,0.75,0.12,0.03
8,PE_FED,-0.029094,0.05,0.2,0.35,0.5,0.65,0.85,0.9,1.0,0.0,0.0,0.06,0.05
6,PE_PB_FED,-0.029096,0.05,0.2,0.45,0.55,0.7,0.8,0.95,0.5,0.55,0.7,0.12,0.04
6,PE_FED,-0.029108,0.05,0.25,0.35,0.6,0.65,0.85,0.95,0.5,0.0,0.0,0.12,0.04
8,PE_PB_FED,-0.029115,0.05,0.15,0.4,0.6,0.65,0.85,0.9,1.0,0.5,0.75,0.1,0.05
6,PB_FED,-0.02912,0.05,0.15,0.4,0.7,0.75,0.85,0.9,1.0,0.0,0.0,0.06,0.05
6,PE_FED,-0.029121,0.1,0.2,0.3,0.65,0.65,0.85,0.9,0.5,0.0,0.0,0.1,0.05
8,PE_PB_FED,-0.029124,0.2,0.3,0.4,0.5,0.7,0.85,0.95,1.0,0.6,0.8,0.1,0.04
6,PE_FED,-0.029135,0.05,0.15,0.45,0.6,0.65,0.75,0.85,0.5,0.0,0.0,0.1,0.04
6,PE_FED,-0.029137,0.05,0.3,0.35,0.6,0.65,0.8,0.95,0.5,0.0,0.0,0.08,0.05
6,PB_FED,-0.029143,0.15,0.25,0.45,0.6,0.65,0.85,0.9,1.0,0.0,0.0,0.06,0.03
6,PE_FED,-0.029146,0.1,0.2,0.3,0.65,0.65,0.8,0.85,0.5,0.0,0.0,0.06,0.05
6,PE_FED,-0.029157,0.1,0.25,0.45,0.6,0.7,0.75,0.9,0.5,0.0,0.0,0.12,0.04
6,PE_PB_FED,-0.029167,0.05,0.25,0.4,0.7,0.65,0.75,0.95,0.5,0.5,0.75,0.1,0.05
6,PE_FED,-0.029175,0.15,0.25,0.35,0.7,0.65,0.75,0.85,0.5,0.0,0.0,0.12,0.03
6,PB_FED,-0.029178,0.2,0.25,0.45,0.6,0.7,0.8,0.9,1.0,0.0,0.0,0.1,0.04
6,PB_FED,-0.029189,0.05,0.2,0.3,0.7,0.7,0.85,0.9,1.0,0.0,0.0,0.12,0.04
6,PE_PB_FED,-0.029194,0.1,0.15,0.35,0.6,0.65,0.75,0.9,0.5,0.5,0.75,0.12,0.05
6,PE_FED,-0.029197,0.1,0.15,0.3,0.5,0.7,0.8,0.85,0.5,0.0,0.0,0.06,0.03
8,PE_PB_FED,-0.029198,0.1,0.2,0.4,0.6,0.65,0.75,0.85,1.0,0.5,0.8,0.12,0.05
8,PE_FED,-0.029202,0.05,0.3,0.4,0.5,0.65,0.75,0.85,1.0,0.0,0.0,0.1,0.03
6,PB_FED,-0.029211,0.15,0.25,0.45,0.6,0.7,0.8,0.85,1.0,0.0,0.0,0.1,0.04
6,PE_PB,-0.029227,0.2,0.3,0.35,0.5,0.7,0.75,0.9,0.0,0.5,0.0,0.06,0.04
8,PE_PB_FED,-0.029227,0.1,0.3,0.45,0.65,0.65,0.75,0.85,1.0,0.65,0.8,0.12,0.04
6,PE_FED,-0.029231,0.2,0.3,0.45,0.7,0.65,0.85,0.95,0.5,0.0,0.0,0.06,0.04
6,PE_PB_FED,-0.029235,0.2,0.3,0.35,0.7,0.65,0.8,0.95,0.5,0.65,0.7,0.12,0.04
6,PB_FED,-0.02924,0.15,0.25,0.45,0.7,0.75,0.8,0.85,1.0,0.0,0.0,0.06,0.04
6,PE_PB_FED,-0.029247,0.05,0.2,0.4,0.6,0.65,0.75,0.9,0.5,0.6,0.7,0.1,0.04
6,PE_FED,-0.02926,0.1,0.2,0.45,0.55,0.75,0.8,0.9,0.5,0.0,0.0,0.08,0.03
6,PE_FED,-0.029266,0.15,0.2,0.4,0.65,0.7,0.8,0.85,0.5,0.0,0.0,0.1,0.03
6,PE_FED,-0.029267,0.2,0.3,0.45,0.7,0.7,0.85,0.95,0.5,0.0,0.0,0.12,0.05
6,PB_FED,-0.029271,0.1,0.25,0.35,0.65,0.75,0.85,0.95,1.0,0.0,0.0,0.06,0.04
6,PE_PB_FED,-0.029285,0.1,0.25,0.3,0.55,0.7,0.75,0.9,0.5,0.6,0.7,0.1,0.04
6,PE_FED,-0.029315,0.1,0.25,0.45,0.55,0.75,0.85,0.95,0.5,0.0,0.0,0.12,0.04
6,PB_FED,-0.029324,0.2,0.3,0.35,0.65,0.65,0.8,0.95,1.0,0.0,0.0,0.12,0.03
6,PE_FED,-0.029342,0.2,0.25,0.45,0.6,0.75,0.8,0.95,0.5,0.0,0.0,0.08,0.05
6,PB_FED,-0.029345,0.05,0.25,0.4,0.5,0.7,0.75,0.9,1.0,0.0,0.0,0.12,0.05
6,PE_PB_FED,-0.02935,0.05,0.25,0.4,0.5,0.65,0.75,0.95,0.5,0.55,0.8,0.12,0.03
6,PE_PB_FED,-0.029358,0.05,0.2,0.35,0.5,0.7,0.8,0.95,0.5,0.55,0.75,0.06,0.05
8,PE_FED,-0.029358,0.15,0.2,0.45,0.5,0.65,0.8,0.85,1.0,0.0,0.0,0.1,0.05
6,PE_FED,-0.029363,0.15,0.2,0.45,0.55,0.65,0.8,0.9,0.5,0.0,0.0,0.08,0.03
6,PB_FED,-0.029364,0.05,0.15,0.4,0.6,0.65,0.85,0.9,1.0,0.0,0.0,0.06,0.05
6,PE_FED,-0.029372,0.1,0.25,0.35,0.7,0.75,0.85,0.9,0.5,0.0,0.0,0.06,0.04
6,PE_FED,-0.029381,0.15,0.2,0.45,0.65,0.65,0.75,0.85,0.5,0.0,0.0,0.1,0.05
6,PE_FED,-0.029394,0.15,0.25,0.45,0.65,0.65,0.8,0.9,0.5,0.0,0.0,0.06,0.05
6,PE_PB_FED,-0.029399,0.1,0.2,0.45,0.55,0.7,0.75,0.9,0.5,0.55,0.8,0.06,0.03
6,PB_FED,-0.029401,0.1,0.3,0.4,0.55,0.7,0.75,0.85,1.0,0.0,0.0,0.1,0.03
6,PB_FED,-0.029406,0.15,0.2,0.3,0.5,0.75,0.85,0.95,1.0,0.0,0.0,0.12,0.03
8,PE_FED,-0.02941,0.15,0.25,0.45,0.6,0.75,0.8,0.85,1.0,0.0,0.0,0.1,0.04
8,PE_PB_FED,-0.029436,0.1,0.2,0.45,0.7,0.7,0.85,0.9,1.0,0.5,0.75,0.06,0.03
6,PE_FED,-0.029447,0.1,0.3,0.45,0.5,0.65,0.8,0.95,0.5,0.0,0.0,0.06,0.03
6,PE_PB_FED,-0.029451,0.2,0.25,0.3,0.5,0.7,0.75,0.95,0.5,0.65,0.8,0.06,0.05
8,PE_FED,-0.029454,0.1,0.25,0.3,0.5,0.75,0.85,0.9,1.0,0.0,0.0,0.12,0.03
6,PE_FED,-0.029461,0.05,0.15,0.45,0.5,0.7,0.75,0.95,1.0,0.0,0.0,0.1,0.04
6,PB_FED,-0.029465,0.05,0.2,0.3,0.55,0.75,0.85,0.95,1.0,0.0,0.0,0.1,0.04
6,PB_FED,-0.029465,0.2,0.25,0.4,0.7,0.65,0.8,0.9,1.0,0.0,0.0,0.06,0.05
6,PB_FED,-0.029472,0.1,0.3,0.45,0.65,0.7,0.8,0.9,1.0,0.0,0.0,0.08,0.05
6,PB_FED,-0.029476,0.1,0.25,0.45,0.5,0.65,0.8,0.95,1.0,0.0,0.0,0.08,0.03
6,PE_FED,-0.029491,0.05,0.2,0.45,0.7,0.65,0.75,0.85,0.5,0.0,0.0,0.08,0.03
6,PE_FED,-0.029491,0.05,0.15,0.35,0.6,0.75,0.8,0.85,0.5,0.0,0.0,0.06,0.05
8,PE_PB_FED,-0.029496,0.1,0.25,0.4,0.6,0.7,0.85,0.9,1.0,0.65,0.8,0.08,0.03
6,PE_FED,-0.029501,0.05,0.15,0.3,0.6,0.75,0.8,0.95,1.0,0.0,0.0,0.08,0.04
6,PE_PB_FED,-0.029514,0.1,0.3,0.4,0.7,0.65,0.85,0.95,0.5,0.6,0.75,0.06,0.05
6,PE_PB,-0.029517,0.1,0.15,0.45,0.5,0.75,0.8,0.85,0.0,0.5,0.0,0.1,0.05
6,PE_FED,-0.029518,0.15,0.25,0.4,0.6,0.75,0.8,0.9,0.5,0.0,0.0,0.08,0.03
6,PE_FED,-0.02952,0.1,0.15,0.35,0.5,0.75,0.8,0.85,0.5,0.0,0.0,0.1,0.03
8,PE_FED,-0.029533,0.1,0.3,0.4,0.65,0.65,0.85,0.9,1.0,0.0,0.0,0.08,0.03
6,PB_FED,-0.029537,0.2,0.25,0.35,0.7,0.65,0.8,0.85,1.0,0.0,0.0,0.12,0.03
6,PE_FED,-0.029563,0.1,0.3,0.4,0.5,0.7,0.8,0.95,0.5,0.0,0.0,0.1,0.04
6,PE_PB_FED,-0.029569,0.1,0.25,0.35,0.7,0.65,0.8,0.9,0.5,0.65,0.75,0.06,0.05
6,PE_PB_FED,-0.029578,0.15,0.25,0.3,0.55,0.75,0.85,0.95,0.5,0.65,0.7,0.08,0.04
6,PB_FED,-0.029596,0.1,0.2,0.4,0.55,0.65,0.8,0.85,1.0,0.0,0.0,0.08,0.03
6,PB_FED,-0.029596,0.05,0.2,0.45,0.55,0.7,0.85,0.9,1.0,0.0,0.0,0.06,0.03
6,PE_PB_FED,-0.029599,0.05,0.25,0.4,0.6,0.7,0.85,0.95,0.5,0.65,0.7,0.1,0.04
8,PE_PB_FED,-0.029613,0.15,0.25,0.4,0.6,0.65,0.75,0.85,1.0,0.55,0.7,0.1,0.05
6,PE_PB_FED,-0.029618,0.05,0.15,0.45,0.7,0.75,0.8,0.9,0.5,0.5,0.7,0.12,0.03
6,PE_FED,-0.029621,0.05,0.15,0.3,0.6,0.65,0.8,0.95,1.0,0.0,0.0,0.1,0.05
6,PB_FED,-0.029637,0.15,0.3,0.45,0.6,0.75,0.8,0.9,1.0,0.0,0.0,0.08,0.04
8,PE_PB_FED,-0.02964,0.2,0.3,0.4,0.55,0.75,0.8,0.9,1.0,0.6,0.8,0.12,0.04
8,PE_FED,-0.029654,0.1,0.25,0.45,0.6,0.75,0.85,0.9,1.0,0.0,0.0,0.06,0.05
6,PB_FED,-0.029675,0.1,0.15,0.3,0.5,0.7,0.85,0.9,1.0,0.0,0.0,0.12,0.04
6,PE_PB_FED,-0.029684,0.05,0.15,0.4,0.5,0.65,0.75,0.9,0.5,0.55,0.75,0.08,0.04
8,PE_FED,-0.02969,0.15,0.3,0.45,0.65,0.7,0.8,0.85,1.0,0.0,0.0,0.12,0.03
6,PE_PB_FED,-0.029693,0.05,0.25,0.35,0.55,0.7,0.8,0.95,0.5,0.55,0.8,0.08,0.05
6,PE_PB_FED,-0.029701,0.05,0.15,0.45,0.65,0.75,0.8,0.95,1.0,0.65,0.75,0.1,0.03
6,PE_PB_FED,-0.029717,0.1,0.15,0.4,0.6,0.75,0.8,0.9,0.5,0.5,0.8,0.08,0.04
8,PE_FED,-0.029717,0.2,0.3,0.45,0.6,0.7,0.75,0.85,1.0,0.0,0.0,0.06,0.03
8,PE_PB_FED,-0.029721,0.1,0.2,0.35,0.5,0.65,0.85,0.9,1.0,0.6,0.7,0.1,0.04
6,PE_FED,-0.029728,0.05,0.25,0.35,0.55,0.7,0.85,0.95,0.5,0.0,0.0,0.12,0.05
6,PB_FED,-0.029729,0.2,0.3,0.4,0.55,0.7,0.75,0.9,1.0,0.0,0.0,0.1,0.04
8,PE_PB_FED,-0.029757,0.15,0.2,0.3,0.6,0.7,0.85,0.9,1.0,0.55,0.8,0.1,0.03
6,PE_PB_FED,-0.029781,0.15,0.3,0.4,0.7,0.65,0.8,0.95,0.5,0.55,0.75,0.08,0.05
8,PE_PB_FED,-0.029789,0.1,0.2,0.35,0.65,0.7,0.8,0.85,1.0,0.55,0.75,0.08,0.04
6,PE_PB,-0.029793,0.1,0.2,0.4,0.5,0.75,0.85,0.9,0.0,0.5,0.0,0.12,0.05
8,PE_PB_FED,-0.029804,0.05,0.25,0.3,0.6,0.65,0.85,0.9,1.0,0.6,0.8,0.12,0.03
6,PE_FED,-0.029808,0.05,0.25,0.35,0.55,0.65,0.75,0.9,0.5,0.0,0.0,0.06,0.03
8,PE_FED,-0.029809,0.15,0.25,0.4,0.55,0.65,0.8,0.85,1.0,0.0,0.0,0.06,0.05
6,PB_FED,-0.02983,0.15,0.25,0.3,0.5,0.7,0.8,0.95,1.0,0.0,0.0,0.08,0.04
8,PE_FED,-0.02983,0.2,0.3,0.45,0.7,0.65,0.75,0.85,1.0,0.0,0.0,0.1,0.04
6,PE_PB_FED,-0.029834,0.1,0.2,0.45,0.7,0.7,0.75,0.85,0.5,0.65,0.7,0.1,0.04
6,PE_FED,-0.02984,0.05,0.25,0.4,0.55,0.75,0.85,0.95,0.5,0.0,0.0,0.08,0.04
6,PB_FED,-0.029859,0.05,0.2,0.35,0.55,0.7,0.8,0.85,1.0,0.0,0.0,0.08,0.04
6,PB_FED,-0.029865,0.1,0.2,0.3,0.5,0.65,0.85,0.9,1.0,0.0,0.0,0.06,0.03
8,PE_PB_FED,-0.029869,0.05,0.2,0.4,0.55,0.65,0.8,0.85,1.0,0.6,0.7,0.1,0.05
8,PE_PB_FED,-0.029875,0.05,0.2,0.45,0.65,0.75,0.8,0.85,1.0,0.55,0.75,0.12,0.04
6,PE_FED,-0.029881,0.1,0.2,0.45,0.65,0.75,0.8,0.85,0.5,0.0,0.0,0.06,0.04
6,PE_PB_FED,-0.029883,0.2,0.25,0.4,0.7,0.7,0.8,0.95,0.5,0.5,0.7,0.08,0.03
8,PE_PB_FED,-0.029883,0.05,0.25,0.3,0.6,0.75,0.8,0.85,1.0,0.65,0.7,0.06,0.05
6,PE_PB_FED,-0.02989,0.05,0.15,0.45,0.5,0.65,0.8,0.9,0.5,0.65,0.75,0.1,0.03
8,PE_FED,-0.029895,0.15,0.25,0.45,0.55,0.7,0.8,0.85,1.0,0.0,0.0,0.1,0.05
6,PE_FED,-0.029897,0.15,0.25,0.4,0.5,0.75,0.85,0.95,0.5,0.0,0.0,0.12,0.04
8,PE_PB_FED,-0.029919,0.1,0.2,0.3,0.65,0.7,0.85,0.9,1.0,0.5,0.7,0.08,0.04
6,PE_PB_FED,-0.029923,0.1,0.15,0.3,0.65,0.7,0.85,0.9,0.5,0.55,0.75,0.08,0.03
8,PE_PB_FED,-0.029955,0.15,0.2,0.4,0.55,0.75,0.8,0.85,1.0,0.55,0.75,0.1,0.03
6,PB_FED,-0.029961,0.15,0.25,0.4,0.6,0.65,0.85,0.95,1.0,0.0,0.0,0.06,0.03
8,PE_FED,-0.029996,0.1,0.25,0.45,0.55,0.75,0.85,0.9,1.0,0.0,0.0,0.12,0.05
6,PE_FED,-0.030025,0.2,0.3,0.35,0.6,0.7,0.8,0.95,0.5,0.0,0.0,0.06,0.05
6,PE_FED,-0.030031,0.15,0.25,0.3,0.65,0.75,0.8,0.85,0.5,0.0,0.0,0.1,0.03
6,PE_FED,-0.030038,0.05,0.15,0.45,0.6,0.7,0.8,0.95,1.0,0.0,0.0,0.12,0.05
6,PE_PB_FED,-0.030052,0.1,0.2,0.4,0.65,0.65,0.85,0.9,0.5,0.65,0.8,0.12,0.04
8,PE_FED,-0.030067,0.2,0.3,0.4,0.65,0.65,0.75,0.85,1.0,0.0,0.0,0.1,0.04
6,PE_FED,-0.030073,0.15,0.3,0.35,0.65,0.7,0.8,0.9,0.5,0.0,0.0,0.06,0.05
6,PE_FED,-0.030076,0.1,0.3,0.35,0.55,0.7,0.85,0.95,0.5,0.0,0.0,0.06,0.04
8,PE_PB_FED,-0.030085,0.15,0.2,0.35,0.5,0.75,0.8,0.85,1.0,0.65,0.7,0.1,0.05
6,PB_FED,-0.030099,0.15,0.3,0.35,0.6,0.7,0.75,0.85,1.0,0.0,0.0,0.06,0.05
6,PE_PB_FED,-0.030113,0.15,0.2,0.35,0.7,0.7,0.85,0.95,0.5,0.5,0.8,0.06,0.04
6,PE_FED,-0.030126,0.1,0.25,0.3,0.65,0.65,0.8,0.85,0.5,0.0,0.0,0.08,0.04
8,PE_PB_FED,-0.030128,0.1,0.2,0.4,0.7,0.65,0.8,0.85,1.0,0.5,0.7,0.08,0.04
6,PB_FED,-0.03013,0.15,0.3,0.35,0.7,0.65,0.85,0.9,1.0,0.0,0.0,0.06,0.03
8,PE_PB_FED,-0.030132,0.05,0.25,0.45,0.6,0.75,0.85,0.9,1.0,0.6,0.75,0.06,0.04
6,PE_FED,-0.030139,0.1,0.15,0.45,0.5,0.75,0.8,0.95,1.0,0.0,0.0,0.1,0.05
6,PE_PB_FED,-0.030141,0.1,0.15,0.45,0.65,0.7,0.85,0.9,0.5,0.6,0.8,0.08,0.03
6,PB_FED,-0.030152,0.2,0.25,0.3,0.6,0.7,0.85,0.9,1.0,0.0,0.0,0.08,0.03
6,PB_FED,-0.030156,0.2,0.25,0.4,0.5,0.65,0.75,0.85,1.0,0.0,0.0,0.12,0.03
8,PE_PB_FED,-0.030168,0.15,0.2,0.4,0.65,0.75,0.8,0.85,1.0,0.55,0.75,0.12,0.05
6,PE_FED,-0.030174,0.05,0.25,0.35,0.7,0.7,0.75,0.85,0.5,0.0,0.0,0.12,0.05
6,PE_PB_FED,-0.030177,0.05,0.15,0.45,0.55,0.65,0.8,0.9,0.5,0.55,0.7,0.08,0.03
6,PB_FED,-0.030192,0.05,0.3,0.45,0.55,0.65,0.75,0.85,1.0,0.0,0.0,0.06,0.04
6,PE_PB_FED,-0.030194,0.2,0.25,0.35,0.7,0.7,0.75,0.95,0.5,0.5,0.75,0.12,0.05
8,PE_PB_FED,-0.030194,0.05,0.2,0.45,0.65,0.75,0.85,0.9,1.0,0.55,0.8,0.12,0.05
8,PE_FED,-0.030223,0.1,0.3,0.35,0.55,0.7,0.8,0.85,1.0,0.0,0.0,0.06,0.03
6,PE_PB,-0.030232,0.05,0.3,0.4,0.5,0.65,0.8,0.9,0.0,0.5,0.0,0.12,0.04
8,PE_PB_FED,-0.030233,0.2,0.3,0.35,0.5,0.65,0.8,0.9,1.0,0.6,0.75,0.12,0.04
6,PB_FED,-0.030249,0.1,0.15,0.4,0.5,0.7,0.85,0.95,1.0,0.0,0.0,0.1,0.05
8,PE_PB_FED,-0.030257,0.1,0.25,0.3,0.7,0.65,0.8,0.85,1.0,0.55,0.75,0.08,0.04
8,PE_FED,-0.030258,0.05,0.3,0.45,0.7,0.75,0.85,0.9,1.0,0.0,0.0,0.06,0.05
8,PE_FED,-0.030267,0.15,0.3,0.45,0.6,0.7,0.85,0.9,1.0,0.0,0.0,0.06,0.03
6,PE_PB_FED,-0.030284,0.1,0.25,0.45,0.65,0.75,0.8,0.9,0.5,0.6,0.75,0.06,0.04
8,PE_FED,-0.030293,0.15,0.3,0.35,0.55,0.65,0.85,0.9,1.0,0.0,0.0,0.08,0.04
6,PB_FED,-0.0303,0.05,0.3,0.4,0.7,0.65,0.8,0.9,1.0,0.0,0.0,0.12,0.04
6,PE_PB,-0.030307,0.15,0.2,0.45,0.5,0.75,0.85,0.9,0.0,0.5,0.0,0.12,0.05
6,PE_FED,-0.030309,0.05,0.2,0.45,0.7,0.75,0.8,0.85,0.5,0.0,0.0,0.06,0.04
6,PE_FED,-0.03031,0.05,0.25,0.3,0.7,0.65,0.85,0.9,0.5,0.0,0.0,0.12,0.03
6,PB_FED,-0.030312,0.2,0.25,0.45,0.6,0.7,0.8,0.85,1.0,0.0,0.0,0.12,0.04
6,PE_PB_FED,-0.030333,0.05,0.15,0.3,0.65,0.75,0.8,0.95,1.0,0.55,0.7,0.06,0.03
6,PE_FED,-0.030349,0.15,0.25,0.3,0.6,0.65,0.8,0.9,0.5,0.0,0.0,0.1,0.05
6,PB_FED,-0.030361,0.05,0.3,0.35,0.7,0.7,0.8,0.95,1.0,0.0,0.0,0.06,0.05
6,PE_FED,-0.030362,0.2,0.3,0.35,0.65,0.75,0.8,0.9,0.5,0.0,0.0,0.08,0.03
6,PB_FED,-0.030366,0.1,0.3,0.45,0.55,0.7,0.8,0.95,1.0,0.0,0.0,0.06,0.05
6,PE_PB_FED,-0.030372,0.15,0.3,0.4,0.55,0.65,0.8,0.95,0.5,0.6,0.7,0.06,0.05
6,PB_FED,-0.030376,0.1,0.25,0.4,0.6,0.75,0.85,0.95,1.0,0.0,0.0,0.06,0.04
6,PE_PB_FED,-0.030378,0.2,0.3,0.4,0.6,0.65,0.75,0.95,0.5,0.55,0.8,0.12,0.03
8,PE_PB_FED,-0.030386,0.15,0.3,0.4,0.7,0.75,0.85,0.9,1.0,0.6,0.75,0.12,0.03
6,PE_PB_FED,-0.030397,0.05,0.2,0.4,0.7,0.65,0.75,0.85,0.5,0.65,0.8,0.1,0.03
6,PE_FED,-0.030398,0.1,0.25,0.45,0.7,0.65,0.8,0.85,0.5,0.0,0.0,0.12,0.03
6,PE_PB_FED,-0.030404,0.05,0.15,0.3,0.55,0.7,0.75,0.9,0.5,0.5,0.75,0.1,0.05
6,PE_PB_FED,-0.030409,0.05,0.3,0.35,0.65,0.7,0.85,0.95,0.5,0.65,0.7,0.12,0.05
6,PE_FED,-0.030415,0.15,0.25,0.4,0.65,0.7,0.8,0.85,0.5,0.0,0.0,0.1,0.03
6,PB_FED,-0.030417,0.2,0.25,0.4,0.65,0.7,0.8,0.85,1.0,0.0,0.0,0.08,0.04
6,PE_PB_FED,-0.030422,0.1,0.15,0.4,0.7,0.75,0.8,0.85,0.5,0.55,0.8,0.06,0.05
6,PE_PB_FED,-0.030422,0.1,0.15,0.3,0.6,0.7,0.75,0.95,1.0,0.55,0.7,0.08,0.05
8,PE_PB_FED,-0.030432,0.15,0.3,0.35,0.65,0.7,0.75,0.85,1.0,0.55,0.75,0.06,0.04
6,PE_PB_FED,-0.030443,0.2,0.25,0.4,0.6,0.65,0.8,0.95,0.5,0.55,0.7,0.06,0.05
8,PE_PB_FED,-0.030449,0.05,0.25,0.35,0.7,0.7,0.85,0.9,1.0,0.55,0.8,0.12,0.05
6,PE_FED,-0.030461,0.1,0.15,0.3,0.7,0.7,0.85,0.95,1.0,0.0,0.0,0.06,0.03
6,PE_FED,-0.030473,0.05,0.2,0.4,0.65,0.7,0.8,0.85,0.5,0.0,0.0,0.06,0.05
8,PE_FED,-0.030474,0.15,0.25,0.4,0.5,0.75,0.8,0.85,1.0,0.0,0.0,0.12,0.05
6,PE_FED,-0.030478,0.15,0.25,0.4,0.7,0.7,0.8,0.85,0.5,0.0,0.0,0.06,0.05
6,PB_FED,-0.030482,0.1,0.25,0.3,0.6,0.65,0.8,0.85,1.0,0.0,0.0,0.12,0.05
8,PE_PB_FED,-0.030485,0.15,0.25,0.3,0.7,0.65,0.85,0.9,1.0,0.5,0.7,0.08,0.03
6,PE_FED,-0.030554,0.05,0.15,0.35,0.5,0.65,0.85,0.9,0.5,0.0,0.0,0.08,0.03
8,PE_FED,-0.03056,0.05,0.3,0.35,0.65,0.65,0.85,0.9,1.0,0.0,0.0,0.08,0.05
8,PE_FED,-0.03056,0.05,0.3,0.35,0.65,0.65,0.85,0.9,1.0,0.0,0.0,0.12,0.05
6,PB_FED,-0.030565,0.05,0.25,0.35,0.55,0.65,0.8,0.9,1.0,0.0,0.0,0.1,0.05
6,PE_FED,-0.03057,0.15,0.2,0.45,0.55,0.65,0.8,0.9,0.5,0.0,0.0,0.1,0.05
6,PE_FED,-0.03058,0.2,0.25,0.3,0.55,0.75,0.85,0.95,0.5,0.0,0.0,0.1,0.04
8,PE_PB_FED,-0.030591,0.1,0.25,0.45,0.65,0.75,0.85,0.9,1.0,0.6,0.8,0.1,0.05
8,PE_FED,-0.030611,0.1,0.25,0.45,0.5,0.7,0.85,0.9,1.0,0.0,0.0,0.08,0.05
6,PE_FED,-0.030618,0.2,0.25,0.35,0.6,0.65,0.75,0.9,0.5,0.0,0.0,0.06,0.04
6,PE_PB_FED,-0.030619,0.2,0.3,0.35,0.55,0.75,0.8,0.95,0.5,0.6,0.8,0.08,0.03
6,PE_FED,-0.030627,0.05,0.25,0.45,0.7,0.65,0.75,0.85,0.5,0.0,0.0,0.08,0.03
6,PE_PB_FED,-0.030647,0.15,0.2,0.3,0.7,0.7,0.85,0.9,0.5,0.65,0.8,0.08,0.03
6,PE_PB_FED,-0.03065,0.05,0.15,0.45,0.7,0.65,0.75,0.85,0.5,0.55,0.8,0.12,0.03
6,PE_PB,-0.030654,0.15,0.25,0.3,0.5,0.65,0.8,0.85,0.0,0.5,0.0,0.06,0.05
6,PB_FED,-0.030656,0.2,0.3,0.35,0.65,0.7,0.85,0.95,1.0,0.0,0.0,0.12,0.03
6,PE_PB_FED,-0.030657,0.05,0.15,0.35,0.55,0.7,0.8,0.95,1.0,0.6,0.75,0.1,0.03
8,PE_FED,-0.030658,0.2,0.25,0.3,0.65,0.7,0.85,0.9,1.0,0.0,0.0,0.12,0.05
6,PB_FED,-0.030663,0.1,0.25,0.35,0.55,0.7,0.85,0.9,1.0,0.0,0.0,0.06,0.03
6,PE_PB_FED,-0.030667,0.1,0.2,0.35,0.5,0.75,0.8,0.9,0.5,0.65,0.7,0.08,0.05
6,PE_PB_FED,-0.03067,0.1,0.15,0.3,0.5,0.65,0.8,0.95,1.0,0.65,0.75,0.12,0.05
6,PE_FED,-0.030679,0.2,0.25,0.3,0.7,0.65,0.85,0.9,0.5,0.0,0.0,0.1,0.04
6,PB_FED,-0.030692,0.1,0.25,0.45,0.6,0.75,0.85,0.9,1.0,0.0,0.0,0.12,0.05
6,PB_FED,-0.030692,0.1,0.25,0.45,0.6,0.65,0.85,0.9,1.0,0.0,0.0,0.1,0.05
6,PE_PB_FED,-0.030697,0.1,0.2,0.45,0.65,0.7,0.8,0.9,0.5,0.55,0.75,0.1,0.05
6,PE_PB,-0.030704,0.2,0.25,0.3,0.5,0.75,0.8,0.85,0.0,0.5,0.0,0.1,0.03
6,PE_PB_FED,-0.030705,0.1,0.15,0.3,0.55,0.65,0.8,0.85,0.5,0.6,0.75,0.1,0.05
8,PE_FED,-0.03072,0.15,0.25,0.4,0.5,0.75,0.85,0.9,1.0,0.0,0.0,0.1,0.05
6,PE_FED,-0.030742,0.15,0.25,0.4,0.6,0.75,0.8,0.9,0.5,0.0,0.0,0.08,0.05
6,PE_PB_FED,-0.030745,0.1,0.15,0.4,0.55,0.75,0.85,0.9,0.5,0.6,0.8,0.12,0.03
6,PE_FED,-0.030754,0.15,0.25,0.35,0.65,0.65,0.85,0.9,0.5,0.0,0.0,0.12,0.05
6,PB_FED,-0.030756,0.2,0.25,0.35,0.6,0.75,0.8,0.85,1.0,0.0,0.0,0.06,0.04
6,PE_PB_FED,-0.030757,0.05,0.2,0.3,0.6,0.65,0.8,0.9,0.5,0.6,0.75,0.08,0.05
6,PE_PB_FED,-0.030761,0.05,0.2,0.45,0.5,0.7,0.85,0.95,0.5,0.6,0.8,0.1,0.03
6,PB_FED,-0.030763,0.2,0.25,0.35,0.6,0.75,0.85,0.9,1.0,0.0,0.0,0.08,0.03
6,PE_PB_FED,-0.03077,0.05,0.2,0.3,0.55,0.65,0.85,0.95,0.5,0.5,0.8,0.12,0.03
6,PB_FED,-0.030801,0.1,0.3,0.45,0.6,0.65,0.85,0.9,1.0,0.0,0.0,0.12,0.03
6,PE_FED,-0.030803,0.15,0.3,0.35,0.5,0.7,0.85,0.95,0.5,0.0,0.0,0.12,0.03
6,PE_FED,-0.030814,0.1,0.25,0.45,0.55,0.7,0.8,0.9,0.5,0.0,0.0,0.1,0.04
6,PE_PB_FED,-0.030822,0.05,0.15,0.3,0.65,0.7,0.8,0.85,0.5,0.55,0.7,0.1,0.03
6,PB_FED,-0.030837,0.15,0.25,0.3,0.5,0.65,0.8,0.9,1.0,0.0,0.0,0.12,0.05
6,PE_PB_FED,-0.030842,0.15,0.25,0.35,0.5,0.75,0.85,0.95,0.5,0.65,0.8,0.12,0.04
8,PE_PB_FED,-0.030849,0.05,0.2,0.35,0.65,0.7,0.85,0.9,1.0,0.5,0.8,0.12,0.05
6,PE_PB_FED,-0.030862,0.2,0.25,0.45,0.5,0.7,0.75,0.95,0.5,0.6,0.75,0.06,0.05
6,PE_PB_FED,-0.030862,0.2,0.25,0.45,0.5,0.65,0.75,0.95,0.5,0.6,0.75,0.1,0.05
6,PE_PB_FED,-0.030864,0.2,0.25,0.4,0.6,0.7,0.85,0.95,0.5,0.6,0.75,0.12,0.03
6,PB_FED,-0.03087,0.15,0.3,0.4,0.65,0.7,0.8,0.85,1.0,0.0,0.0,0.08,0.04
6,PE_FED,-0.030902,0.15,0.25,0.45,0.55,0.65,0.8,0.9,0.5,0.0,0.0,0.1,0.04
6,PE_PB_FED,-0.030921,0.15,0.25,0.35,0.5,0.65,0.85,0.95,0.5,0.65,0.75,0.06,0.05
6,PB_FED,-0.030932,0.05,0.2,0.4,0.5,0.65,0.8,0.9,1.0,0.0,0.0,0.12,0.05
6,PE_FED,-0.030958,0.2,0.25,0.3,0.65,0.65,0.75,0.85,0.5,0.0,0.0,0.08,0.04
6,PE_PB_FED,-0.030978,0.1,0.3,0.45,0.5,0.75,0.85,0.9,-0.5,0.5,0.75,0.08,0.05
6,PE_PB_FED,-0.030978,0.05,0.15,0.4,0.7,0.75,0.8,0.95,1.0,0.5,0.7,0.1,0.03
6,PE_FED,-0.030986,0.1,0.2,0.3,0.5,0.7,0.75,0.85,0.5,0.0,0.0,0.08,0.03
8,PE_PB_FED,-0.031001,0.2,0.3,0.35,0.5,0.7,0.8,0.9,1.0,0.5,0.75,0.1,0.03
6,PE_PB_FED,-0.031007,0.05,0.15,0.4,0.65,0.7,0.8,0.9,0.5,0.5,0.7,0.06,0.05
6,PE_PB_FED,-0.031016,0.1,0.25,0.3,0.5,0.65,0.85,0.95,0.5,0.55,0.7,0.08,0.04
8,PE_FED,-0.03104,0.2,0.25,0.3,0.5,0.75,0.8,0.85,1.0,0.0,0.0,0.08,0.03
6,PB_FED,-0.031046,0.05,0.3,0.35,0.7,0.65,0.8,0.85,1.0,0.0,0.0,0.12,0.04
6,PB_FED,-0.031046,0.05,0.3,0.35,0.7,0.65,0.8,0.85,1.0,0.0,0.0,0.08,0.04
8,PE_FED,-0.031049,0.15,0.3,0.45,0.5,0.75,0.8,0.85,1.0,0.0,0.0,0.06,0.03
6,PE_PB_FED,-0.031057,0.1,0.2,0.35,0.65,0.7,0.8,0.85,0.5,0.6,0.8,0.06,0.04
6,PE_PB_FED,-0.031057,0.15,0.25,0.4,0.6,0.7,0.85,0.95,0.5,0.55,0.7,0.06,0.05
6,PB_FED,-0.031059,0.15,0.3,0.45,0.55,0.7,0.85,0.95,1.0,0.0,0.0,0.12,0.03
6,PE_FED,-0.031061,0.05,0.25,0.45,0.65,0.7,0.75,0.85,0.5,0.0,0.0,0.06,0.04
8,PE_PB_FED,-0.031065,0.2,0.25,0.3,0.65,0.65,0.85,0.9,1.0,0.6,0.8,0.06,0.04
6,PE_PB_FED,-0.031071,0.05,0.15,0.45,0.5,0.75,0.8,0.9,0.5,0.65,0.8,0.12,0.05
8,PE_FED,-0.031085,0.15,0.3,0.4,0.55,0.75,0.8,0.85,1.0,0.0,0.0,0.1,0.04
6,PB_FED,-0.031111,0.05,0.25,0.35,0.65,0.65,0.8,0.85,1.0,0.0,0.0,0.08,0.05
6,PB_FED,-0.031111,0.15,0.25,0.35,0.5,0.65,0.8,0.95,1.0,0.0,0.0,0.06,0.04
6,PB_FED,-0.031113,0.1,0.2,0.3,0.5,0.65,0.85,0.95,1.0,0.0,0.0,0.06,0.04
8,PE_FED,-0.031137,0.15,0.3,0.4,0.5,0.65,0.85,0.9,1.0,0.0,0.0,0.06,0.03
8,PE_PB_FED,-0.03115,0.2,0.3,0.45,0.6,0.7,0.75,0.85,1.0,0.65,0.75,0.1,0.04
6,PB_FED,-0.031166,0.1,0.25,0.4,0.7,0.7,0.85,0.9,1.0,0.0,0.0,0.08,0.05
8,PE_PB_FED,-0.031174,0.1,0.2,0.4,0.6,0.65,0.8,0.85,1.0,0.5,0.75,0.12,0.04
8,PE_PB_FED,-0.031177,0.05,0.25,0.3,0.7,0.7,0.85,0.9,1.0,0.5,0.8,0.12,0.05
6,PB_FED,-0.031186,0.1,0.25,0.3,0.5,0.65,0.8,0.85,1.0,0.0,0.0,0.1,0.03
8,PE_PB_FED,-0.031193,0.05,0.3,0.35,0.7,0.65,0.85,0.9,1.0,0.55,0.8,0.1,0.03
8,PE_PB_FED,-0.031216,0.2,0.25,0.35,0.6,0.7,0.85,0.9,1.0,0.65,0.8,0.06,0.03
6,PB_FED,-0.031257,0.15,0.3,0.35,0.55,0.65,0.8,0.95,1.0,0.0,0.0,0.1,0.04
6,PE_FED,-0.031262,0.1,0.2,0.3,0.65,0.65,0.75,0.95,1.0,0.0,0.0,0.12,0.05
8,PE_PB_FED,-0.031262,0.2,0.25,0.3,0.5,0.65,0.75,0.85,1.0,0.6,0.7,0.06,0.05
8,PE_PB_FED,-0.031285,0.2,0.25,0.3,0.7,0.7,0.85,0.9,1.0,0.55,0.75,0.08,0.03
6,PB_FED,-0.031296,0.1,0.3,0.4,0.7,0.7,0.85,0.9,1.0,0.0,0.0,0.1,0.03
8,PE_FED,-0.031307,0.2,0.25,0.3,0.55,0.75,0.8,0.85,1.0,0.0,0.0,0.08,0.05
6,PE_PB_FED,-0.031308,0.2,0.25,0.3,0.5,0.65,0.75,0.95,0.5,0.5,0.8,0.12,0.03
8,PE_FED,-0.031309,0.2,0.25,0.35,0.55,0.65,0.8,0.85,1.0,0.0,0.0,0.06,0.04
6,PB_FED,-0.031319,0.05,0.3,0.45,0.5,0.7,0.8,0.95,1.0,0.0,0.0,0.08,0.03
6,PE_PB_FED,-0.031324,0.2,0.25,0.3,0.7,0.7,0.8,0.9,0.5,0.6,0.8,0.12,0.04
6,PE_PB,-0.031328,0.15,0.25,0.45,0.5,0.7,0.8,0.85,0.0,0.5,0.0,0.08,0.05
6,PE_FED,-0.031341,0.2,0.25,0.4,0.7,0.75,0.85,0.9,0.5,0.0,0.0,0.08,0.03
8,PE_PB_FED,-0.031346,0.1,0.3,0.4,0.65,0.75,0.85,0.9,1.0,0.65,0.75,0.08,0.05
6,PE_PB_FED,-0.031351,0.1,0.3,0.35,0.55,0.65,0.75,0.9,0.5,0.55,0.7,0.1,0.03
6,PB_FED,-0.031359,0.05,0.3,0.4,0.55,0.65,0.8,0.95,1.0,0.0,0.0,0.08,0.03
6,PE_FED,-0.031382,0.15,0.25,0.35,0.6,0.65,0.75,0.85,0.5,0.0,0.0,0.1,0.04
6,PE_FED,-0.031383,0.05,0.15,0.3,0.7,0.75,0.85,0.95,1.0,0.0,0.0,0.12,0.05
8,PE_PB_FED,-0.031406,0.1,0.3,0.45,0.55,0.75,0.85,0.9,1.0,0.65,0.7,0.1,0.03
6,PE_PB_FED,-0.031424,0.15,0.25,0.45,0.7,0.65,0.75,0.9,0.5,0.5,0.7,0.12,0.03
8,PE_PB_FED,-0.031427,0.2,0.3,0.35,0.55,0.75,0.8,0.9,1.0,0.55,0.8,0.08,0.05
6,PE_FED,-0.031433,0.15,0.2,0.4,0.7,0.75,0.8,0.95,1.0,0.0,0.0,0.1,0.03
8,PE_PB_FED,-0.031438,0.1,0.25,0.45,0.6,0.75,0.8,0.85,1.0,0.5,0.7,0.1,0.03
6,PE_FED,-0.03145,0.2,0.3,0.35,0.5,0.65,0.8,0.95,0.5,0.0,0.0,0.08,0.04
6,PE_FED,-0.031453,0.1,0.2,0.35,0.5,0.65,0.75,0.85,0.5,0.0,0.0,0.06,0.04
6,PE_PB_FED,-0.031454,0.05,0.3,0.35,0.7,0.75,0.8,0.9,0.5,0.6,0.8,0.12,0.03
6,PE_FED,-0.031481,0.15,0.2,0.35,0.6,0.7,0.85,0.9,0.5,0.0,0.0,0.06,0.05
6,PB_FED,-0.031526,0.1,0.2,0.45,0.5,0.65,0.85,0.9,1.0,0.0,0.0,0.12,0.04
6,PE_PB,-0.031539,0.2,0.25,0.45,0.5,0.7,0.85,0.9,0.0,0.5,0.0,0.06,0.03
6,PE_FED,-0.03154,0.2,0.25,0.3,0.7,0.7,0.85,0.9,0.5,0.0,0.0,0.06,0.05
6,PB_FED,-0.03155,0.1,0.25,0.3,0.55,0.65,0.8,0.85,1.0,0.0,0.0,0.08,0.05
6,PE_FED,-0.031557,0.1,0.2,0.3,0.6,0.75,0.8,0.95,1.0,0.0,0.0,0.06,0.03
6,PE_FED,-0.031557,0.1,0.2,0.3,0.6,0.75,0.8,0.95,1.0,0.0,0.0,0.1,0.03
6,PB_FED,-0.031565,0.05,0.2,0.3,0.5,0.75,0.85,0.9,1.0,0.0,0.0,0.06,0.04
6,PE_PB_FED,-0.031567,0.1,0.3,0.4,0.5,0.7,0.8,0.95,0.5,0.5,0.8,0.12,0.03
8,PE_FED,-0.031587,0.2,0.3,0.35,0.6,0.65,0.85,0.9,1.0,0.0,0.0,0.12,0.04
6,PE_FED,-0.031589,0.1,0.2,0.45,0.65,0.7,0.75,0.95,1.0,0.0,0.0,0.12,0.05
6,PE_FED,-0.031589,0.1,0.2,0.45,0.65,0.7,0.75,0.95,1.0,0.0,0.0,0.08,0.05
6,PE_FED,-0.031593,0.15,0.2,0.45,0.55,0.7,0.75,0.95,1.0,0.0,0.0,0.08,0.03
6,PB_FED,-0.031594,0.05,0.25,0.35,0.7,0.75,0.85,0.9,1.0,0.0,0.0,0.06,0.05
8,PE_FED,-0.03161,0.15,0.3,0.45,0.55,0.75,0.85,0.9,1.0,0.0,0.0,0.06,0.05
6,PE_FED,-0.031623,0.1,0.25,0.45,0.55,0.65,0.8,0.9,0.5,0.0,0.0,0.08,0.05
6,PE_FED,-0.031626,0.1,0.2,0.3,0.55,0.75,0.8,0.85,0.5,0.0,0.0,0.08,0.05
8,PE_PB_FED,-0.031674,0.1,0.3,0.45,0.6,0.65,0.8,0.85,1.0,0.65,0.75,0.1,0.05
6,PE_PB_FED,-0.031678,0.05,0.2,0.45,0.55,0.75,0.8,0.9,0.5,0.55,0.75,0.06,0.03
6,PE_PB_FED,-0.031684,0.05,0.15,0.35,0.6,0.7,0.8,0.85,0.5,0.55,0.75,0.1,0.03
8,PE_PB_FED,-0.031693,0.1,0.3,0.45,0.6,0.75,0.85,0.9,1.0,0.6,0.7,0.1,0.03
6,PE_FED,-0.031713,0.2,0.25,0.35,0.5,0.65,0.75,0.9,0.5,0.0,0.0,0.12,0.03
6,PE_FED,-0.031728,0.2,0.25,0.35,0.7,0.75,0.8,0.85,0.5,0.0,0.0,0.1,0.05
6,PE_PB_FED,-0.031748,0.2,0.3,0.45,0.65,0.75,0.85,0.95,0.5,0.65,0.8,0.06,0.04
6,PB_FED,-0.031762,0.2,0.25,0.35,0.5,0.7,0.8,0.95,1.0,0.0,0.0,0.12,0.05
6,PE_PB_FED,-0.031768,0.1,0.2,0.3,0.5,0.65,0.8,0.9,0.5,0.55,0.8,0.06,0.05
6,PE_FED,-0.031772,0.2,0.25,0.45,0.7,0.65,0.85,0.9,0.5,0.0,0.0,0.1,0.03
6,PE_FED,-0.031778,0.05,0.2,0.3,0.55,0.75,0.85,0.9,0.5,0.0,0.0,0.06,0.04
6,PB_FED,-0.031815,0.2,0.25,0.45,0.7,0.7,0.85,0.9,1.0,0.0,0.0,0.06,0.05
6,PE_PB_FED,-0.03185,0.1,0.15,0.3,0.5,0.7,0.75,0.85,0.5,0.5,0.7,0.12,0.03
6,PE_PB_FED,-0.031861,0.1,0.3,0.45,0.65,0.65,0.8,0.9,0.5,0.55,0.8,0.08,0.03
8,PE_PB_FED,-0.031881,0.15,0.25,0.35,0.5,0.7,0.8,0.85,1.0,0.6,0.75,0.12,0.05
6,PE_FED,-0.031886,0.1,0.15,0.3,0.55,0.65,0.85,0.95,1.0,0.0,0.0,0.12,0.04
6,PE_FED,-0.031904,0.15,0.3,0.35,0.6,0.75,0.8,0.9,0.5,0.0,0.0,0.08,0.05
6,PE_PB_FED,-0.031904,0.1,0.15,0.35,0.6,0.7,0.85,0.9,0.5,0.5,0.8,0.12,0.04
6,PE_PB_FED,-0.031921,0.1,0.25,0.45,0.7,0.75,0.85,0.9,0.5,0.6,0.75,0.1,0.04
6,PB_FED,-0.031922,0.1,0.3,0.4,0.55,0.75,0.85,0.95,1.0,0.0,0.0,0.08,0.03
6,PE_PB_FED,-0.03193,0.05,0.25,0.4,0.5,0.7,0.85,0.95,0.5,0.6,0.8,0.08,0.05
8,PE_FED,-0.031933,0.05,0.3,0.35,0.5,0.7,0.8,0.85,1.0,0.0,0.0,0.1,0.04
8,PE_FED,-0.031941,0.2,0.3,0.35,0.55,0.65,0.85,0.9,1.0,0.0,0.0,0.12,0.04
6,PE_PB_FED,-0.031942,0.15,0.25,0.45,0.7,0.7,0.75,0.85,0.5,0.65,0.8,0.1,0.04
8,PE_PB_FED,-0.031942,0.15,0.3,0.4,0.55,0.65,0.75,0.85,1.0,0.5,0.7,0.06,0.04
6,PE_FED,-0.031958,0.15,0.2,0.35,0.55,0.65,0.85,0.9,0.5,0.0,0.0,0.08,0.05
6,PB_FED,-0.031958,0.05,0.3,0.35,0.65,0.7,0.85,0.95,1.0,0.0,0.0,0.12,0.05
6,PE_FED,-0.031969,0.05,0.3,0.45,0.55,0.65,0.85,0.95,0.5,0.0,0.0,0.12,0.05
6,PB_FED,-0.031978,0.1,0.3,0.45,0.55,0.75,0.85,0.9,1.0,0.0,0.0,0.1,0.03
6,PE_PB_FED,-0.032001,0.15,0.25,0.3,0.5,0.7,0.75,0.9,0.5,0.55,0.8,0.06,0.04
6,PE_FED,-0.032005,0.1,0.15,0.4,0.55,0.65,0.75,0.9,1.0,0.0,0.0,0.08,0.03
6,PE_PB_FED,-0.032008,0.1,0.2,0.3,0.65,0.7,0.75,0.95,1.0,0.55,0.7,0.1,0.05
8,PE_FED,-0.032011,0.2,0.3,0.45,0.65,0.75,0.8,0.85,1.0,0.0,0.0,0.06,0.04
6,PE_FED,-0.032017,0.1,0.2,0.35,0.55,0.65,0.75,0.95,1.0,0.0,0.0,0.08,0.05
6,PB_FED,-0.032017,0.1,0.25,0.35,0.5,0.75,0.85,0.9,1.0,0.0,0.0,0.1,0.03
6,PE_PB_FED,-0.032026,0.1,0.2,0.4,0.6,0.7,0.75,0.95,1.0,0.6,0.7,0.08,0.05
6,PE_PB_FED,-0.032033,0.05,0.25,0.35,0.55,0.7,0.8,0.9,0.5,0.6,0.8,0.1,0.04
8,PE_PB_FED,-0.032043,0.05,0.3,0.4,0.55,0.7,0.8,0.85,1.0,0.65,0.7,0.12,0.04
6,PE_FED,-0.032046,0.15,0.2,0.35,0.6,0.65,0.8,0.95,1.0,0.0,0.0,0.06,0.03
6,PE_FED,-0.032053,0.15,0.25,0.45,0.65,0.65,0.75,0.95,1.0,0.0,0.0,0.08,0.03
6,PE_PB_FED,-0.032055,0.1,0.25,0.3,0.55,0.65,0.85,0.9,0.5,0.65,0.8,0.06,0.04
6,PE_PB_FED,-0.032089,0.1,0.25,0.3,0.7,0.7,0.75,0.95,1.0,0.6,0.7,0.06,0.04
6,PE_FED,-0.032096,0.15,0.2,0.4,0.6,0.75,0.8,0.95,1.0,0.0,0.0,0.12,0.03
6,PE_FED,-0.032098,0.05,0.2,0.4,0.6,0.7,0.85,0.9,0.5,0.0,0.0,0.08,0.03
8,PE_PB_FED,-0.032102,0.1,0.25,0.35,0.55,0.65,0.85,0.9,1.0,0.5,0.8,0.12,0.04
6,PE_PB_FED,-0.032103,0.15,0.2,0.3,0.6,0.7,0.75,0.95,1.0,0.6,0.7,0.08,0.03
6,PE_FED,-0.032109,0.15,0.2,0.45,0.55,0.65,0.8,0.85,0.5,0.0,0.0,0.08,0.03
6,PB_FED,-0.032142,0.05,0.3,0.35,0.6,0.75,0.8,0.85,1.0,0.0,0.0,0.06,0.04
6,PE_PB_FED,-0.032143,0.1,0.2,0.35,0.65,0.7,0.8,0.85,0.5,0.55,0.8,0.12,0.05
6,PE_PB_FED,-0.032162,0.2,0.3,0.45,0.7,0.7,0.85,0.95,0.5,0.55,0.7,0.06,0.03
8,PE_FED,-0.032164,0.2,0.25,0.4,0.5,0.7,0.8,0.85,1.0,0.0,0.0,0.1,0.05
6,PE_PB_FED,-0.03217,0.05,0.2,0.35,0.55,0.65,0.8,0.9,0.5,0.5,0.75,0.06,0.03
6,PE_PB,-0.032187,0.15,0.3,0.4,0.5,0.75,0.85,0.9,0.0,0.5,0.0,0.06,0.04
6,PE_FED,-0.032193,0.1,0.2,0.45,0.5,0.65,0.75,0.85,0.5,0.0,0.0,0.08,0.04
6,PE_FED,-0.032197,0.15,0.3,0.45,0.65,0.65,0.85,0.9,0.5,0.0,0.0,0.06,0.03
6,PE_FED,-0.032197,0.15,0.3,0.45,0.65,0.65,0.85,0.9,0.5,0.0,0.0,0.1,0.03
6,PE_FED,-0.032206,0.15,0.2,0.35,0.55,0.7,0.75,0.95,1.0,0.0,0.0,0.1,0.04
6,PE_PB_FED,-0.032213,0.1,0.2,0.35,0.65,0.7,0.85,0.9,0.5,0.55,0.75,0.12,0.05
6,PE_FED,-0.032214,0.05,0.25,0.4,0.55,0.7,0.8,0.9,0.5,0.0,0.0,0.06,0.05
6,PE_FED,-0.032223,0.05,0.15,0.45,0.7,0.7,0.75,0.9,1.0,0.0,0.0,0.12,0.04
6,PE_PB_FED,-0.032236,0.15,0.2,0.35,0.55,0.7,0.85,0.9,0.5,0.65,0.7,0.06,0.04
6,PE_PB_FED,-0.032238,0.2,0.25,0.4,0.65,0.75,0.8,0.9,0.5,0.55,0.7,0.12,0.03
8,PE_FED,-0.032245,0.2,0.25,0.45,0.5,0.75,0.8,0.85,1.0,0.0,0.0,0.08,0.05
6,PB_FED,-0.032257,0.2,0.25,0.4,0.55,0.75,0.85,0.9,1.0,0.0,0.0,0.08,0.03
6,PE_PB_FED,-0.032264,0.2,0.25,0.45,0.5,0.65,0.85,0.95,0.5,0.65,0.7,0.06,0.03
6,PE_FED,-0.032268,0.1,0.15,0.4,0.5,0.65,0.75,0.9,1.0,0.0,0.0,0.08,0.03
6,PE_FED,-0.032269,0.15,0.3,0.4,0.65,0.75,0.8,0.85,0.5,0.0,0.0,0.1,0.05
6,PE_PB_FED,-0.032278,0.05,0.25,0.45,0.5,0.75,0.8,0.95,0.5,0.5,0.8,0.12,0.04
6,PE_PB_FED,-0.032289,0.05,0.2,0.3,0.5,0.65,0.85,0.95,0.5,0.5,0.7,0.06,0.04
6,PE_PB_FED,-0.032294,0.2,0.3,0.35,0.5,0.7,0.8,0.95,0.5,0.55,0.8,0.08,0.03
6,PE_PB_FED,-0.032296,0.05,0.15,0.35,0.55,0.75,0.8,0.95,1.0,0.55,0.8,0.1,0.04
6,PE_PB,-0.0323,0.15,0.3,0.4,0.5,0.7,0.85,0.9,0.0,0.5,0.0,0.08,0.03
6,PE_FED,-0.032308,0.05,0.2,0.35,0.5,0.7,0.75,0.85,0.5,0.0,0.0,0.12,0.03
6,PE_PB_FED,-0.032308,0.15,0.3,0.35,0.55,0.7,0.85,0.95,0.5,0.55,0.75,0.12,0.03
6,PB_FED,-0.03232,0.1,0.25,0.4,0.5,0.65,0.8,0.85,1.0,0.0,0.0,0.08,0.03
6,PE_PB_FED,-0.032336,0.05,0.3,0.35,0.55,0.65,0.75,0.9,0.5,0.6,0.8,0.12,0.04
6,PE_FED,-0.032355,0.15,0.25,0.3,0.7,0.7,0.75,0.95,1.0,0.0,0.0,0.06,0.04
6,PE_FED,-0.032359,0.05,0.15,0.35,0.6,0.65,0.85,0.95,1.0,0.0,0.0,0.08,0.05
6,PE_PB_FED,-0.032378,0.2,0.25,0.3,0.55,0.7,0.75,0.9,0.5,0.6,0.75,0.06,0.05
6,PE_FED,-0.032383,0.1,0.2,0.4,0.5,0.75,0.8,0.95,1.0,0.0,0.0,0.12,0.03
6,PE_PB_FED,-0.032398,0.1,0.15,0.4,0.6,0.65,0.8,0.95,1.0,0.5,0.75,0.1,0.05
6,PE_FED,-0.032399,0.05,0.15,0.45,0.6,0.7,0.75,0.9,1.0,0.0,0.0,0.1,0.03
8,PE_PB_FED,-0.032448,0.1,0.3,0.35,0.65,0.65,0.8,0.85,1.0,0.55,0.7,0.12,0.04
8,PE_PB_FED,-0.032461,0.1,0.2,0.45,0.5,0.7,0.8,0.85,1.0,0.5,0.7,0.06,0.05
6,PE_PB_FED,-0.032473,0.05,0.2,0.35,0.7,0.7,0.8,0.85,0.5,0.55,0.7,0.1,0.04
6,PE_PB_FED,-0.032505,0.1,0.25,0.35,0.65,0.65,0.8,0.9,0.5,0.5,0.7,0.08,0.05
6,PE_FED,-0.032511,0.15,0.2,0.45,0.7,0.75,0.8,0.95,1.0,0.0,0.0,0.1,0.05
6,PE_PB,-0.032518,0.15,0.3,0.45,0.5,0.75,0.8,0.85,0.0,0.5,0.0,0.12,0.03
6,PE_FED,-0.032519,0.15,0.2,0.4,0.65,0.65,0.8,0.95,1.0,0.0,0.0,0.08,0.04
8,PE_PB_FED,-0.032519,0.15,0.3,0.4,0.6,0.7,0.85,0.9,1.0,0.55,0.7,0.08,0.03
6,PE_PB_FED,-0.032533,0.1,0.25,0.3,0.6,0.7,0.8,0.85,0.5,0.6,0.75,0.1,0.04
6,PB_FED,-0.032542,0.2,0.25,0.35,0.5,0.75,0.85,0.95,1.0,0.0,0.0,0.1,0.03
6,PB_FED,-0.032555,0.05,0.25,0.45,0.55,0.7,0.8,0.85,1.0,0.0,0.0,0.08,0.05
6,PB_FED,-0.032558,0.2,0.3,0.4,0.7,0.65,0.85,0.95,1.0,0.0,0.0,0.12,0.04
6,PE_FED,-0.032561,0.05,0.3,0.4,0.7,0.7,0.85,0.9,0.5,0.0,0.0,0.1,0.05
6,PE_FED,-0.032574,0.1,0.25,0.45,0.5,0.7,0.8,0.9,0.5,0.0,0.0,0.1,0.05
6,PE_FED,-0.032574,0.05,0.2,0.45,0.6,0.7,0.8,0.85,0.5,0.0,0.0,0.08,0.03
8,PE_PB_FED,-0.032576,0.15,0.25,0.35,0.5,0.7,0.8,0.85,1.0,0.5,0.75,0.12,0.03
6,PE_PB,-0.032585,0.1,0.3,0.45,0.5,0.7,0.8,0.85,0.0,0.5,0.0,0.1,0.03
6,PE_FED,-0.032599,0.15,0.25,0.4,0.55,0.75,0.85,0.9,0.5,0.0,0.0,0.12,0.04
6,PE_FED,-0.032611,0.05,0.2,0.3,0.55,0.7,0.85,0.9,0.5,0.0,0.0,0.12,0.05
6,PE_PB_FED,-0.032611,0.05,0.3,0.35,0.55,0.75,0.8,0.95,0.5,0.5,0.75,0.1,0.05
6,PE_PB_FED,-0.032613,0.1,0.25,0.4,0.65,0.75,0.8,0.9,0.5,0.5,0.7,0.08,0.05
8,PE_PB_FED,-0.032614,0.1,0.3,0.45,0.6,0.7,0.85,0.9,1.0,0.6,0.7,0.06,0.05
6,PB_FED,-0.032621,0.2,0.3,0.35,0.55,0.75,0.8,0.9,1.0,0.0,0.0,0.12,0.05
6,PE_PB_FED,-0.032626,0.1,0.2,0.35,0.55,0.75,0.85,0.9,0.5,0.6,0.75,0.12,0.05
6,PE_FED,-0.032631,0.2,0.25,0.45,0.65,0.7,0.8,0.85,0.5,0.0,0.0,0.08,0.04
6,PB_FED,-0.032634,0.1,0.3,0.35,0.5,0.75,0.8,0.9,1.0,0.0,0.0,0.08,0.04
6,PB_FED,-0.03265,0.15,0.25,0.4,0.55,0.7,0.85,0.9,1.0,0.0,0.0,0.12,0.05
6,PE_FED,-0.032673,0.1,0.2,0.3,0.55,0.7,0.8,0.95,1.0,0.0,0.0,0.1,0.04
6,PE_PB_FED,-0.032673,0.1,0.2,0.35,0.7,0.7,0.8,0.95,1.0,0.55,0.7,0.1,0.04
6,PB_FED,-0.032681,0.15,0.3,0.45,0.5,0.75,0.8,0.9,1.0,0.0,0.0,0.12,0.05
6,PE_FED,-0.032693,0.1,0.3,0.35,0.6,0.65,0.75,0.85,0.5,0.0,0.0,0.1,0.04
6,PE_PB_FED,-0.032701,0.05,0.15,0.45,0.5,0.75,0.8,0.9,0.5,0.5,0.8,0.12,0.04
6,PE_FED,-0.032706,0.2,0.3,0.45,0.55,0.65,0.85,0.95,0.5,0.0,0.0,0.12,0.04
8,PE_PB_FED,-0.032708,0.05,0.3,0.45,0.65,0.7,0.85,0.9,1.0,0.5,0.8,0.1,0.04
6,PE_FED,-0.032709,0.15,0.25,0.4,0.5,0.65,0.75,0.85,0.5,0.0,0.0,0.06,0.03
6,PE_PB_FED,-0.03271,0.1,0.25,0.35,0.6,0.7,0.85,0.9,0.5,0.6,0.75,0.1,0.03
6,PE_FED,-0.032714,0.15,0.25,0.4,0.65,0.7,0.75,0.95,1.0,0.0,0.0,0.12,0.04
6,PE_PB,-0.032719,0.15,0.3,0.45,0.5,0.75,0.85,0.9,0.0,0.5,0.0,0.1,0.03
6,PE_FED,-0.032721,0.15,0.2,0.45,0.65,0.75,0.8,0.95,1.0,0.0,0.0,0.12,0.05
6,PE_FED,-0.032727,0.15,0.25,0.35,0.55,0.7,0.85,0.9,0.5,0.0,0.0,0.06,0.03
6,PE_FED,-0.032729,0.1,0.2,0.35,0.6,0.7,0.8,0.95,1.0,0.0,0.0,0.1,0.05
6,PE_PB_FED,-0.032739,0.2,0.3,0.45,0.65,0.75,0.85,0.95,0.5,0.55,0.7,0.12,0.03
6,PE_PB_FED,-0.032741,0.05,0.15,0.4,0.7,0.75,0.85,0.95,1.0,0.6,0.75,0.08,0.03
6,PE_PB_FED,-0.032742,0.05,0.2,0.35,0.55,0.7,0.8,0.9,0.5,0.5,0.75,0.08,0.04
6,PE_PB_FED,-0.032743,0.05,0.3,0.4,0.65,0.75,0.85,0.95,0.5,0.5,0.75,0.12,0.03
6,PE_FED,-0.032772,0.1,0.3,0.35,0.65,0.65,0.75,0.95,1.0,0.0,0.0,0.08,0.03
6,PE_FED,-0.032774,0.05,0.2,0.45,0.55,0.7,0.8,0.95,1.0,0.0,0.0,0.12,0.03
6,PE_PB_FED,-0.032779,0.05,0.15,0.45,0.6,0.65,0.8,0.85,0.5,0.55,0.7,0.12,0.04
6,PB_FED,-0.032787,0.2,0.3,0.35,0.5,0.7,0.8,0.9,1.0,0.0,0.0,0.06,0.03
6,PE_PB_FED,-0.03279,0.1,0.3,0.35,0.7,0.75,0.8,0.95,1.0,0.65,0.75,0.06,0.03
6,PE_FED,-0.032794,0.15,0.25,0.4,0.6,0.65,0.8,0.85,0.5,0.0,0.0,0.12,0.05
6,PE_PB,-0.0328,0.1,0.3,0.4,0.5,0.65,0.8,0.85,0.0,0.5,0.0,0.1,0.05
6,PE_PB_FED,-0.032802,0.05,0.2,0.4,0.65,0.75,0.8,0.95,1.0,0.65,0.8,0.12,0.05
6,PE_FED,-0.032818,0.15,0.25,0.4,0.65,0.65,0.75,0.95,1.0,0.0,0.0,0.12,0.05
6,PE_FED,-0.032819,0.2,0.3,0.4,0.7,0.75,0.8,0.85,0.5,0.0,0.0,0.12,0.04
6,PE_PB_FED,-0.032825,0.1,0.15,0.35,0.6,0.7,0.85,0.95,1.0,0.65,0.75,0.06,0.04
6,PE_PB_FED,-0.032825,0.1,0.15,0.35,0.6,0.65,0.85,0.95,1.0,0.65,0.7,0.1,0.04
6,PE_PB_FED,-0.032855,0.05,0.15,0.45,0.65,0.75,0.8,0.85,0.5,0.5,0.8,0.1,0.03
6,PB_FED,-0.032869,0.05,0.25,0.35,0.55,0.65,0.8,0.85,1.0,0.0,0.0,0.12,0.05
6,PE_PB_FED,-0.032883,0.2,0.25,0.4,0.5,0.65,0.75,0.9,0.5,0.6,0.7,0.1,0.04
8,PE_PB_FED,-0.032888,0.2,0.25,0.3,0.55,0.65,0.85,0.9,1.0,0.55,0.75,0.08,0.04
6,PE_FED,-0.0329,0.1,0.25,0.3,0.55,0.7,0.8,0.95,1.0,0.0,0.0,0.08,0.03
6,PE_PB_FED,-0.0329,0.1,0.2,0.3,0.5,0.7,0.75,0.95,1.0,0.55,0.8,0.1,0.05
8,PE_PB_FED,-0.032904,0.2,0.25,0.3,0.65,0.7,0.85,0.9,1.0,0.5,0.8,0.06,0.03
6,PE_FED,-0.032914,0.2,0.25,0.45,0.65,0.65,0.85,0.9,0.5,0.0,0.0,0.12,0.05
6,PE_PB_FED,-0.032915,0.05,0.25,0.4,0.7,0.75,0.8,0.85,0.5,0.6,0.7,0.1,0.03
6,PE_PB_FED,-0.032925,0.1,0.2,0.45,0.6,0.7,0.85,0.9,0.5,0.55,0.8,0.06,0.03
6,PE_PB_FED,-0.032931,0.05,0.2,0.4,0.5,0.7,0.75,0.95,1.0,0.55,0.75,0.1,0.03
6,PE_PB_FED,-0.032941,0.15,0.25,0.3,0.7,0.7,0.85,0.9,0.5,0.55,0.8,0.12,0.04
6,PB_FED,-0.032941,0.2,0.25,0.45,0.55,0.75,0.85,0.9,1.0,0.0,0.0,0.1,0.05
6,PB_FED,-0.032945,0.2,0.3,0.45,0.7,0.75,0.85,0.9,1.0,0.0,0.0,0.1,0.04
6,PE_FED,-0.032955,0.1,0.25,0.45,0.6,0.7,0.75,0.95,1.0,0.0,0.0,0.06,0.04
6,PE_FED,-0.032957,0.1,0.3,0.35,0.6,0.7,0.75,0.85,0.5,0.0,0.0,0.08,0.05
6,PE_PB_FED,-0.032962,0.15,0.25,0.3,0.7,0.65,0.85,0.9,0.5,0.6,0.75,0.06,0.05
6,PB_FED,-0.032975,0.2,0.25,0.45,0.5,0.65,0.8,0.85,1.0,0.0,0.0,0.08,0.04
6,PE_FED,-0.032989,0.15,0.2,0.3,0.55,0.75,0.8,0.95,1.0,0.0,0.0,0.12,0.04
6,PE_PB_FED,-0.032993,0.1,0.25,0.45,0.6,0.7,0.8,0.95,1.0,0.6,0.8,0.06,0.03
8,PE_PB_FED,-0.032994,0.2,0.25,0.4,0.65,0.75,0.8,0.85,1.0,0.55,0.8,0.1,0.05
6,PB_FED,-0.032996,0.2,0.3,0.35,0.65,0.65,0.85,0.9,1.0,0.0,0.0,0.06,0.05
6,PE_PB_FED,-0.033005,0.05,0.2,0.35,0.7,0.65,0.8,0.95,1.0,0.6,0.75,0.06,0.05
6,PE_PB_FED,-0.033044,0.15,0.2,0.45,0.6,0.65,0.8,0.85,0.5,0.65,0.75,0.12,0.05
8,PE_PB_FED,-0.033045,0.1,0.25,0.3,0.55,0.65,0.85,0.9,1.0,0.5,0.7,0.1,0.05
6,PE_FED,-0.033046,0.05,0.25,0.45,0.55,0.7,0.75,0.95,1.0,0.0,0.0,0.12,0.03
6,PE_PB_FED,-0.033046,0.05,0.15,0.35,0.55,0.75,0.8,0.95,1.0,0.5,0.8,0.06,0.04
8,PE_PB_FED,-0.033053,0.2,0.3,0.45,0.55,0.75,0.85,0.9,1.0,0.65,0.8,0.08,0.03
6,PE_PB_FED,-0.033079,0.05,0.25,0.45,0.5,0.7,0.75,0.95,1.0,0.65,0.8,0.1,0.03
8,PE_PB_FED,-0.033097,0.2,0.25,0.3,0.6,0.7,0.8,0.85,1.0,0.55,0.75,0.06,0.04
6,PE_PB_FED,-0.033133,0.1,0.2,0.4,0.5,0.75,0.8,0.85,0.5,0.6,0.8,0.06,0.03
6,PE_FED,-0.033138,0.15,0.25,0.4,0.6,0.75,0.8,0.95,1.0,0.0,0.0,0.12,0.03
6,PE_PB_FED,-0.0332,0.05,0.25,0.35,0.65,0.7,0.8,0.85,0.5,0.6,0.75,0.06,0.03
6,PE_FED,-0.033202,0.1,0.15,0.45,0.6,0.7,0.75,0.9,1.0,0.0,0.0,0.1,0.05
6,PE_PB_FED,-0.033241,0.1,0.2,0.45,0.55,0.7,0.8,0.85,0.5,0.55,0.75,0.06,0.03
6,PE_FED,-0.033244,0.1,0.25,0.3,0.5,0.65,0.8,0.95,1.0,0.0,0.0,0.06,0.03
6,PE_FED,-0.033252,0.15,0.25,0.45,0.6,0.65,0.8,0.85,0.5,0.0,0.0,0.06,0.05
6,PE_PB_FED,-0.033255,0.15,0.25,0.4,0.65,0.75,0.85,0.9,0.5,0.6,0.7,0.1,0.03
6,PE_PB,-0.033268,0.2,0.3,0.45,0.5,0.75,0.85,0.9,0.0,0.5,0.0,0.12,0.03
6,PE_PB_FED,-0.033277,0.15,0.3,0.4,0.6,0.65,0.85,0.95,0.5,0.5,0.7,0.1,0.03
6,PE_PB_FED,-0.033282,0.05,0.2,0.45,0.6,0.75,0.8,0.85,0.5,0.65,0.8,0.12,0.05
6,PE_PB_FED,-0.033289,0.05,0.3,0.4,0.65,0.65,0.8,0.9,0.5,0.55,0.8,0.1,0.04
6,PE_PB,-0.03329,0.1,0.3,0.45,0.5,0.75,0.8,0.85,0.0,0.5,0.0,0.06,0.05
6,PE_FED,-0.033306,0.1,0.2,0.35,0.5,0.75,0.8,0.95,1.0,0.0,0.0,0.12,0.05
6,PE_FED,-0.033316,0.1,0.2,0.45,0.5,0.65,0.8,0.85,0.5,0.0,0.0,0.12,0.04
6,PE_PB_FED,-0.033323,0.15,0.2,0.35,0.5,0.65,0.75,0.95,1.0,0.55,0.75,0.1,0.03
8,PE_PB_FED,-0.033382,0.2,0.25,0.45,0.55,0.7,0.85,0.9,1.0,0.6,0.8,0.08,0.05
6,PB_FED,-0.033386,0.2,0.3,0.35,0.55,0.75,0.8,0.85,1.0,0.0,0.0,0.1,0.04
6,PE_FED,-0.033398,0.15,0.25,0.45,0.5,0.7,0.75,0.85,0.5,0.0,0.0,0.06,0.04
6,PE_FED,-0.0334,0.1,0.25,0.45,0.5,0.7,0.75,0.95,1.0,0.0,0.0,0.06,0.04
6,PE_PB_FED,-0.0334,0.2,0.3,0.4,0.7,0.65,0.75,0.9,0.5,0.55,0.75,0.06,0.05
8,PE_PB_FED,-0.033419,0.1,0.3,0.45,0.5,0.7,0.8,0.85,1.0,0.6,0.8,0.08,0.05
6,PE_FED,-0.033426,0.15,0.3,0.4,0.6,0.7,0.75,0.95,1.0,0.0,0.0,0.08,0.03
6,PE_PB_FED,-0.033436,0.05,0.2,0.35,0.5,0.65,0.75,0.95,1.0,0.5,0.75,0.06,0.03
6,PE_FED,-0.033449,0.05,0.2,0.35,0.5,0.65,0.85,0.9,0.5,0.0,0.0,0.08,0.03
6,PE_PB_FED,-0.033453,0.1,0.2,0.35,0.65,0.7,0.8,0.85,0.5,0.5,0.7,0.1,0.05
6,PE_PB_FED,-0.033456,0.05,0.15,0.35,0.55,0.65,0.8,0.85,0.5,0.5,0.75,0.12,0.03
6,PE_FED,-0.033465,0.05,0.15,0.3,0.6,0.75,0.8,0.9,1.0,0.0,0.0,0.1,0.03
6,PE_PB_FED,-0.033471,0.05,0.3,0.4,0.7,0.65,0.75,0.85,0.5,0.65,0.8,0.08,0.05
6,PB_FED,-0.033485,0.1,0.3,0.4,0.5,0.75,0.8,0.9,1.0,0.0,0.0,0.12,0.05
6,PE_PB_FED,-0.033497,0.05,0.25,0.3,0.65,0.7,0.8,0.95,1.0,0.65,0.7,0.06,0.04
8,PE_PB_FED,-0.0335,0.2,0.3,0.4,0.55,0.65,0.75,0.85,1.0,0.5,0.7,0.12,0.04
6,PE_PB_FED,-0.033517,0.15,0.2,0.45,0.5,0.7,0.75,0.85,0.5,0.6,0.7,0.06,0.03
6,PE_FED,-0.033523,0.05,0.25,0.3,0.55,0.65,0.8,0.95,1.0,0.0,0.0,0.12,0.03
6,PE_PB_FED,-0.033541,0.1,0.15,0.35,0.65,0.65,0.75,0.9,1.0,0.65,0.8,0.08,0.05
6,PE_FED,-0.033558,0.1,0.25,0.3,0.5,0.7,0.8,0.85,0.5,0.0,0.0,0.08,0.04
6,PE_PB_FED,-0.033572,0.15,0.3,0.45,0.65,0.7,0.75,0.95,1.0,0.65,0.8,0.1,0.03
6,PE_PB_FED,-0.033578,0.1,0.15,0.4,0.65,0.7,0.75,0.9,1.0,0.65,0.75,0.1,0.05
6,PB_FED,-0.033578,0.15,0.3,0.35,0.55,0.75,0.85,0.9,1.0,0.0,0.0,0.06,0.04
6,PE_FED,-0.03358,0.2,0.3,0.45,0.6,0.7,0.8,0.9,0.5,0.0,0.0,0.12,0.04
6,PE_PB_FED,-0.033586,0.2,0.25,0.45,0.5,0.65,0.75,0.9,0.5,0.55,0.75,0.1,0.03
6,PE_PB_FED,-0.033586,0.05,0.15,0.45,0.5,0.7,0.85,0.9,0.5,0.6,0.75,0.06,0.03
6,PE_PB_FED,-0.033625,0.1,0.3,0.45,0.65,0.7,0.75,0.85,0.5,0.55,0.75,0.06,0.03
6,PE_PB_FED,-0.03363,0.1,0.25,0.3,0.6,0.65,0.8,0.95,1.0,0.6,0.7,0.08,0.04
6,PE_PB_FED,-0.033675,0.1,0.25,0.4,0.6,0.7,0.8,0.85,0.5,0.55,0.8,0.12,0.04
6,PE_FED,-0.033685,0.05,0.3,0.35,0.6,0.65,0.75,0.85,0.5,0.0,0.0,0.06,0.03
6,PE_PB_FED,-0.033712,0.05,0.25,0.45,0.7,0.65,0.8,0.9,0.5,0.5,0.75,0.12,0.05
6,PE_PB_FED,-0.033714,0.1,0.2,0.45,0.6,0.7,0.8,0.85,0.5,0.5,0.7,0.1,0.03
6,PE_FED,-0.033734,0.15,0.3,0.4,0.7,0.65,0.75,0.95,1.0,0.0,0.0,0.08,0.05
8,PE_PB_FED,-0.033738,0.15,0.3,0.4,0.55,0.7,0.85,0.9,1.0,0.5,0.8,0.06,0.03
6,PE_PB_FED,-0.033753,0.15,0.2,0.35,0.7,0.65,0.8,0.95,1.0,0.5,0.8,0.08,0.03
6,PE_PB_FED,-0.033761,0.1,0.25,0.45,0.6,0.7,0.8,0.85,0.5,0.6,0.7,0.06,0.05
6,PB_FED,-0.033773,0.15,0.3,0.35,0.5,0.7,0.85,0.9,1.0,0.0,0.0,0.08,0.03
6,PB_FED,-0.033779,0.2,0.25,0.4,0.55,0.7,0.85,0.9,1.0,0.0,0.0,0.12,0.05
6,PE_FED,-0.03382,0.05,0.25,0.4,0.7,0.75,0.8,0.95,1.0,0.0,0.0,0.12,0.05
6,PE_PB_FED,-0.033849,0.15,0.25,0.4,0.55,0.7,0.85,0.9,0.5,0.65,0.8,0.1,0.03
8,PE_PB_FED,-0.033856,0.2,0.3,0.45,0.7,0.65,0.85,0.9,1.0,0.55,0.75,0.08,0.05
6,PE_FED,-0.033865,0.1,0.3,0.4,0.55,0.65,0.85,0.9,0.5,0.0,0.0,0.1,0.04
8,PE_PB_FED,-0.033873,0.05,0.3,0.4,0.5,0.75,0.85,0.9,1.0,0.55,0.8,0.12,0.03
6,PE_FED,-0.033888,0.05,0.15,0.45,0.55,0.7,0.75,0.9,1.0,0.0,0.0,0.08,0.05
6,PE_PB_FED,-0.033893,0.15,0.25,0.4,0.7,0.7,0.8,0.95,1.0,0.65,0.75,0.08,0.04
6,PE_PB_FED,-0.033905,0.15,0.3,0.35,0.7,0.75,0.85,0.9,0.5,0.6,0.8,0.08,0.03
6,PE_PB_FED,-0.033912,0.15,0.25,0.35,0.7,0.7,0.8,0.95,1.0,0.55,0.8,0.12,0.03
6,PE_PB_FED,-0.033942,0.05,0.15,0.45,0.6,0.7,0.75,0.9,1.0,0.65,0.8,0.1,0.04
6,PE_PB_FED,-0.03395,0.15,0.2,0.45,0.65,0.7,0.8,0.95,1.0,0.5,0.75,0.12,0.03
6,PE_PB_FED,-0.033951,0.1,0.25,0.45,0.6,0.75,0.8,0.95,1.0,0.6,0.75,0.12,0.04
6,PE_PB_FED,-0.033965,0.1,0.15,0.3,0.65,0.65,0.8,0.9,1.0,0.65,0.8,0.06,0.04
6,PE_PB_FED,-0.033967,0.1,0.15,0.4,0.65,0.7,0.8,0.9,1.0,0.6,0.75,0.12,0.03
6,PE_FED,-0.033972,0.15,0.25,0.35,0.6,0.65,0.8,0.95,1.0,0.0,0.0,0.12,0.04
6,PE_PB_FED,-0.033974,0.05,0.3,0.4,0.55,0.75,0.8,0.9,0.5,0.55,0.7,0.1,0.03
6,PE_PB_FED,-0.033987,0.1,0.2,0.35,0.5,0.65,0.75,0.85,0.5,0.5,0.7,0.12,0.04
6,PE_FED,-0.033996,0.1,0.25,0.4,0.5,0.7,0.8,0.85,0.5,0.0,0.0,0.08,0.04
6,PE_PB_FED,-0.033996,0.2,0.25,0.35,0.6,0.75,0.8,0.9,0.5,0.55,0.7,0.06,0.05
6,PE_PB_FED,-0.034013,0.1,0.15,0.4,0.6,0.65,0.75,0.9,1.0,0.65,0.8,0.06,0.05
6,PE_PB_FED,-0.034021,0.2,0.25,0.4,0.55,0.65,0.75,0.85,0.5,0.65,0.8,0.08,0.04
6,PE_FED,-0.034023,0.15,0.25,0.3,0.5,0.75,0.85,0.9,0.5,0.0,0.0,0.1,0.05
6,PE_PB_FED,-0.034041,0.05,0.15,0.4,0.55,0.7,0.75,0.9,1.0,0.6,0.75,0.08,0.03
6,PE_FED,-0.034044,0.05,0.15,0.45,0.55,0.7,0.8,0.9,1.0,0.0,0.0,0.08,0.03
6,PE_PB_FED,-0.034051,0.2,0.25,0.4,0.65,0.75,0.8,0.9,0.5,0.5,0.8,0.1,0.04
6,PE_PB_FED,-0.034065,0.15,0.3,0.35,0.55,0.7,0.75,0.85,0.5,0.65,0.7,0.08,0.04
6,PB_FED,-0.034103,0.15,0.25,0.4,0.5,0.7,0.85,0.9,1.0,0.0,0.0,0.08,0.05
6,PE_FED,-0.034142,0.1,0.3,0.45,0.6,0.7,0.8,0.95,1.0,0.0,0.0,0.1,0.03
6,PE_PB_FED,-0.034155,0.05,0.2,0.3,0.6,0.65,0.85,0.9,0.5,0.5,0.7,0.1,0.04
6,PE_FED,-0.034163,0.05,0.25,0.3,0.6,0.65,0.8,0.95,1.0,0.0,0.0,0.06,0.04
6,PE_FED,-0.034165,0.15,0.3,0.35,0.5,0.7,0.75,0.85,0.5,0.0,0.0,0.08,0.04
6,PE_FED,-0.034168,0.05,0.3,0.35,0.7,0.65,0.75,0.95,1.0,0.0,0.0,0.06,0.04
6,PE_FED,-0.034193,0.1,0.25,0.45,0.5,0.65,0.8,0.85,0.5,0.0,0.0,0.08,0.03
6,PE_FED,-0.034206,0.2,0.3,0.45,0.65,0.7,0.85,0.9,0.5,0.0,0.0,0.1,0.05
6,PB_FED,-0.034226,0.2,0.25,0.3,0.5,0.65,0.85,0.9,1.0,0.0,0.0,0.1,0.05
8,PE_PB_FED,-0.034242,0.2,0.3,0.35,0.65,0.7,0.8,0.85,1.0,0.55,0.7,0.12,0.05
6,PE_FED,-0.034269,0.15,0.3,0.4,0.55,0.75,0.85,0.9,0.5,0.0,0.0,0.06,0.03
8,PE_PB_FED,-0.034276,0.1,0.3,0.45,0.5,0.65,0.8,0.85,1.0,0.55,0.8,0.12,0.05
6,PE_FED,-0.034333,0.15,0.3,0.45,0.6,0.75,0.8,0.95,1.0,0.0,0.0,0.1,0.03
6,PE_PB_FED,-0.034351,0.2,0.25,0.3,0.55,0.7,0.8,0.9,0.5,0.55,0.8,0.1,0.05
6,PE_PB_FED,-0.034362,0.05,0.25,0.4,0.65,0.65,0.8,0.85,0.5,0.55,0.75,0.06,0.04
6,PE_FED,-0.034403,0.05,0.3,0.35,0.65,0.65,0.75,0.95,1.0,0.0,0.0,0.06,0.05
6,PE_FED,-0.034459,0.1,0.2,0.4,0.7,0.7,0.75,0.9,1.0,0.0,0.0,0.08,0.03
6,PE_PB_FED,-0.034499,0.05,0.2,0.45,0.5,0.7,0.8,0.95,1.0,0.6,0.7,0.08,0.05
6,PE_PB_FED,-0.034506,0.15,0.25,0.35,0.7,0.65,0.85,0.9,0.5,0.5,0.75,0.1,0.04
6,PE_FED,-0.03451,0.15,0.3,0.4,0.7,0.75,0.8,0.95,1.0,0.0,0.0,0.06,0.05
6,PE_FED,-0.034528,0.2,0.3,0.4,0.6,0.7,0.75,0.85,0.5,0.0,0.0,0.12,0.03
6,PE_FED,-0.034544,0.15,0.2,0.4,0.65,0.65,0.85,0.95,1.0,0.0,0.0,0.06,0.03
6,PE_PB_FED,-0.03456,0.15,0.2,0.35,0.6,0.65,0.75,0.95,1.0,0.5,0.8,0.12,0.04
6,PE_FED,-0.034563,0.1,0.3,0.45,0.5,0.65,0.75,0.85,0.5,0.0,0.0,0.1,0.03
6,PE_FED,-0.034573,0.1,0.3,0.45,0.6,0.65,0.8,0.85,0.5,0.0,0.0,0.1,0.05
6,PE_PB_FED,-0.034611,0.15,0.25,0.3,0.55,0.65,0.85,0.9,0.5,0.6,0.8,0.1,0.05
6,PE_PB_FED,-0.034618,0.1,0.15,0.45,0.55,0.7,0.85,0.95,1.0,0.55,0.7,0.06,0.04
6,PE_PB_FED,-0.034618,0.1,0.25,0.45,0.55,0.65,0.85,0.9,0.5,0.55,0.8,0.12,0.03
6,PE_PB_FED,-0.034633,0.15,0.3,0.35,0.7,0.65,0.85,0.9,0.5,0.55,0.75,0.08,0.03
6,PE_PB_FED,-0.034661,0.2,0.3,0.35,0.6,0.7,0.75,0.9,0.5,0.5,0.8,0.12,0.04
6,PE_FED,-0.034667,0.1,0.3,0.4,0.55,0.65,0.85,0.9,0.5,0.0,0.0,0.1,0.05
6,PE_PB_FED,-0.03468,0.05,0.3,0.4,0.6,0.75,0.8,0.9,0.5,0.55,0.8,0.12,0.05
6,PE_PB_FED,-0.034696,0.1,0.3,0.45,0.5,0.7,0.75,0.85,0.5,0.65,0.7,0.08,0.04
6,PE_PB_FED,-0.034702,0.05,0.2,0.35,0.65,0.75,0.85,0.95,1.0,0.65,0.7,0.08,0.03
6,PE_PB_FED,-0.034708,0.1,0.25,0.35,0.7,0.65,0.85,0.95,1.0,0.65,0.8,0.06,0.03
6,PE_FED,-0.034719,0.2,0.25,0.35,0.6,0.65,0.75,0.95,1.0,0.0,0.0,0.1,0.03
6,PE_FED,-0.034721,0.15,0.3,0.45,0.5,0.65,0.75,0.95,1.0,0.0,0.0,0.06,0.04
6,PE_PB_FED,-0.034737,0.15,0.25,0.35,0.6,0.7,0.75,0.95,1.0,0.55,0.8,0.12,0.04
6,PE_PB_FED,-0.034742,0.05,0.2,0.4,0.5,0.7,0.8,0.85,0.5,0.6,0.8,0.12,0.04
6,PE_FED,-0.034757,0.2,0.3,0.4,0.5,0.75,0.8,0.9,0.5,0.0,0.0,0.08,0.04
6,PE_FED,-0.034763,0.05,0.25,0.3,0.5,0.7,0.8,0.95,1.0,0.0,0.0,0.06,0.04
6,PE_FED,-0.034768,0.1,0.2,0.35,0.65,0.7,0.85,0.95,1.0,0.0,0.0,0.06,0.05
6,PE_FED,-0.034768,0.05,0.15,0.35,0.65,0.75,0.8,0.9,1.0,0.0,0.0,0.12,0.05
6,PE_PB_FED,-0.034848,0.2,0.25,0.45,0.65,0.75,0.8,0.95,1.0,0.65,0.75,0.12,0.03
6,PE_FED,-0.034864,0.05,0.25,0.45,0.55,0.75,0.85,0.9,0.5,0.0,0.0,0.06,0.05
6,PB_FED,-0.034874,0.05,0.3,0.4,0.55,0.7,0.85,0.9,1.0,0.0,0.0,0.1,0.04
6,PE_FED,-0.034875,0.05,0.3,0.35,0.6,0.7,0.8,0.85,0.5,0.0,0.0,0.12,0.04
6,PE_PB_FED,-0.034876,0.15,0.2,0.3,0.5,0.65,0.8,0.85,0.5,0.55,0.75,0.1,0.04
6,PE_FED,-0.034881,0.05,0.3,0.4,0.6,0.65,0.75,0.95,1.0,0.0,0.0,0.06,0.05
6,PE_FED,-0.034894,0.1,0.2,0.35,0.7,0.65,0.75,0.9,1.0,0.0,0.0,0.12,0.04
6,PE_FED,-0.034898,0.05,0.3,0.35,0.6,0.75,0.8,0.85,0.5,0.0,0.0,0.06,0.04
6,PE_PB_FED,-0.034911,0.05,0.3,0.4,0.7,0.65,0.8,0.95,1.0,0.65,0.7,0.06,0.05
6,PE_PB_FED,-0.034939,0.1,0.3,0.4,0.7,0.75,0.85,0.9,0.5,0.5,0.75,0.06,0.03
6,PE_FED,-0.034945,0.2,0.25,0.4,0.55,0.65,0.75,0.95,1.0,0.0,0.0,0.06,0.03
6,PE_PB_FED,-0.034948,0.1,0.25,0.3,0.5,0.75,0.85,0.9,0.5,0.55,0.75,0.1,0.03
6,PB_FED,-0.03498,0.1,0.3,0.45,0.5,0.7,0.85,0.9,1.0,0.0,0.0,0.06,0.05
6,PE_PB_FED,-0.034983,0.2,0.25,0.3,0.65,0.65,0.8,0.95,1.0,0.6,0.8,0.06,0.03
6,PB_FED,-0.034985,0.2,0.3,0.35,0.55,0.75,0.8,0.85,1.0,0.0,0.0,0.12,0.05
6,PE_PB_FED,-0.034999,0.2,0.3,0.4,0.55,0.65,0.75,0.85,0.5,0.65,0.75,0.1,0.03
6,PE_PB_FED,-0.035002,0.1,0.2,0.4,0.65,0.7,0.85,0.95,1.0,0.6,0.8,0.12,0.04
6,PE_FED,-0.035007,0.15,0.2,0.35,0.6,0.75,0.85,0.95,1.0,0.0,0.0,0.08,0.03
6,PE_FED,-0.03503,0.2,0.25,0.45,0.55,0.7,0.75,0.95,1.0,0.0,0.0,0.1,0.03
6,PE_FED,-0.035052,0.2,0.3,0.4,0.6,0.65,0.75,0.85,0.5,0.0,0.0,0.12,0.05
6,PE_PB_FED,-0.035057,0.05,0.3,0.35,0.65,0.75,0.8,0.95,1.0,0.65,0.7,0.12,0.05
6,PE_PB_FED,-0.035059,0.2,0.25,0.45,0.65,0.7,0.75,0.95,1.0,0.55,0.7,0.08,0.03
6,PE_PB_FED,-0.035063,0.2,0.25,0.35,0.7,0.65,0.75,0.85,0.5,0.5,0.8,0.06,0.04
8,PE_PB_FED,-0.035081,0.05,0.3,0.35,0.5,0.7,0.8,0.85,1.0,0.5,0.75,0.12,0.05
6,PE_PB_FED,-0.035095,0.1,0.2,0.4,0.5,0.65,0.85,0.95,1.0,0.65,0.7,0.06,0.03
6,PE_PB_FED,-0.035104,0.15,0.25,0.45,0.65,0.65,0.75,0.95,1.0,0.5,0.7,0.1,0.05
6,PE_PB_FED,-0.035116,0.2,0.25,0.45,0.5,0.65,0.75,0.85,0.5,0.65,0.8,0.12,0.03
6,PE_PB_FED,-0.035137,0.05,0.3,0.35,0.55,0.65,0.85,0.9,0.5,0.65,0.7,0.08,0.04
6,PB_FED,-0.035138,0.15,0.3,0.45,0.5,0.65,0.8,0.85,1.0,0.0,0.0,0.06,0.05
6,PE_PB_FED,-0.03515,0.05,0.15,0.45,0.65,0.65,0.85,0.95,1.0,0.5,0.7,0.06,0.05
6,PE_FED,-0.035154,0.05,0.25,0.4,0.5,0.75,0.8,0.85,0.5,0.0,0.0,0.1,0.04
6,PE_PB_FED,-0.035155,0.1,0.3,0.35,0.55,0.75,0.8,0.9,0.5,0.5,0.8,0.12,0.05
6,PE_FED,-0.035178,0.2,0.25,0.35,0.5,0.7,0.75,0.95,1.0,0.0,0.0,0.08,0.03
6,PE_PB_FED,-0.035192,0.1,0.25,0.35,0.55,0.65,0.85,0.9,0.5,0.5,0.75,0.06,0.04
6,PE_PB_FED,-0.035215,0.15,0.3,0.35,0.7,0.7,0.75,0.95,1.0,0.55,0.75,0.06,0.05
6,PE_PB_FED,-0.035216,0.05,0.25,0.4,0.55,0.7,0.75,0.95,1.0,0.5,0.8,0.12,0.05
6,PE_PB_FED,-0.035238,0.2,0.25,0.45,0.6,0.7,0.85,0.9,0.5,0.6,0.7,0.08,0.04
6,PE_PB_FED,-0.03525,0.1,0.3,0.4,0.55,0.65,0.8,0.95,1.0,0.6,0.8,0.1,0.04
6,PE_FED,-0.035267,0.05,0.3,0.35,0.55,0.65,0.85,0.9,0.5,0.0,0.0,0.06,0.03
6,PE_FED,-0.035283,0.15,0.2,0.45,0.7,0.7,0.75,0.9,1.0,0.0,0.0,0.08,0.04
6,PE_PB_FED,-0.035286,0.2,0.25,0.3,0.7,0.7,0.8,0.95,1.0,0.65,0.8,0.1,0.04
6,PE_PB_FED,-0.035311,0.2,0.25,0.45,0.7,0.7,0.75,0.85,0.5,0.5,0.75,0.1,0.04
6,PE_PB_FED,-0.035312,0.15,0.25,0.35,0.7,0.65,0.85,0.9,0.5,0.5,0.7,0.08,0.05
6,PE_PB_FED,-0.035335,0.2,0.25,0.3,0.55,0.75,0.85,0.9,0.5,0.6,0.8,0.1,0.03
6,PE_FED,-0.035349,0.15,0.3,0.4,0.5,0.75,0.85,0.9,0.5,0.0,0.0,0.06,0.03
6,PE_PB_FED,-0.03535,0.05,0.25,0.3,0.5,0.65,0.75,0.85,0.5,0.55,0.7,0.12,0.05
6,PE_FED,-0.035359,0.1,0.2,0.45,0.6,0.65,0.85,0.95,1.0,0.0,0.0,0.08,0.04
6,PE_FED,-0.035359,0.1,0.2,0.45,0.6,0.75,0.85,0.95,1.0,0.0,0.0,0.12,0.04
6,PE_PB_FED,-0.03536,0.15,0.3,0.4,0.5,0.75,0.8,0.95,1.0,0.65,0.7,0.1,0.03
6,PE_FED,-0.035362,0.05,0.3,0.45,0.5,0.65,0.75,0.95,1.0,0.0,0.0,0.1,0.04
6,PE_FED,-0.035392,0.05,0.2,0.4,0.6,0.75,0.85,0.95,1.0,0.0,0.0,0.12,0.03
6,PE_PB_FED,-0.035409,0.1,0.3,0.45,0.55,0.7,0.85,0.9,0.5,0.6,0.8,0.06,0.03
6,PE_FED,-0.035423,0.1,0.25,0.45,0.65,0.7,0.85,0.95,1.0,0.0,0.0,0.08,0.03
6,PE_PB_FED,-0.035426,0.05,0.3,0.45,0.55,0.65,0.8,0.95,1.0,0.6,0.8,0.06,0.03
6,PE_PB_FED,-0.035463,0.15,0.3,0.4,0.65,0.7,0.75,0.95,1.0,0.55,0.75,0.12,0.05
6,PE_FED,-0.035471,0.1,0.15,0.45,0.5,0.7,0.8,0.9,1.0,0.0,0.0,0.06,0.05
6,PE_FED,-0.035471,0.1,0.15,0.45,0.5,0.75,0.8,0.9,1.0,0.0,0.0,0.06,0.05
6,PE_FED,-0.035501,0.05,0.2,0.45,0.6,0.7,0.85,0.95,1.0,0.0,0.0,0.12,0.03
6,PE_PB_FED,-0.035529,0.15,0.2,0.3,0.6,0.65,0.8,0.95,1.0,0.5,0.75,0.1,0.05
6,PE_PB_FED,-0.035538,0.15,0.3,0.4,0.55,0.7,0.8,0.9,0.5,0.5,0.7,0.08,0.04
6,PE_PB_FED,-0.035543,0.15,0.2,0.35,0.5,0.7,0.85,0.9,0.5,0.55,0.8,0.08,0.05
6,PE_FED,-0.035546,0.05,0.3,0.4,0.5,0.7,0.75,0.85,0.5,0.0,0.0,0.08,0.04
6,PB_FED,-0.035567,0.05,0.3,0.45,0.5,0.75,0.85,0.9,1.0,0.0,0.0,0.08,0.04
6,PE_PB_FED,-0.035577,0.1,0.2,0.4,0.6,0.75,0.85,0.95,1.0,0.6,0.75,0.06,0.04
6,PE_PB_FED,-0.03558,0.1,0.25,0.4,0.55,0.7,0.8,0.85,0.5,0.5,0.8,0.12,0.04
6,PE_PB_FED,-0.035597,0.05,0.2,0.4,0.7,0.65,0.85,0.95,1.0,0.6,0.75,0.08,0.04
8,PE_PB_FED,-0.035598,0.05,0.3,0.4,0.5,0.7,0.85,0.9,1.0,0.5,0.75,0.1,0.05
6,PE_PB_FED,-0.035607,0.1,0.3,0.35,0.6,0.7,0.8,0.95,1.0,0.55,0.7,0.12,0.04
6,PE_PB_FED,-0.035633,0.05,0.3,0.35,0.55,0.75,0.8,0.9,0.5,0.5,0.7,0.12,0.04
6,PE_FED,-0.035635,0.15,0.2,0.35,0.5,0.65,0.85,0.95,1.0,0.0,0.0,0.12,0.03
6,PE_FED,-0.035654,0.05,0.2,0.4,0.55,0.7,0.85,0.95,1.0,0.0,0.0,0.08,0.03
6,PE_FED,-0.035654,0.15,0.2,0.4,0.6,0.75,0.85,0.95,1.0,0.0,0.0,0.12,0.05
6,PE_FED,-0.035686,0.2,0.25,0.35,0.55,0.65,0.75,0.95,1.0,0.0,0.0,0.06,0.04
6,PE_FED,-0.035687,0.15,0.2,0.3,0.55,0.65,0.85,0.95,1.0,0.0,0.0,0.1,0.05
8,PE_PB_FED,-0.035711,0.2,0.3,0.4,0.55,0.7,0.8,0.85,1.0,0.5,0.8,0.12,0.04
6,PE_FED,-0.035712,0.2,0.25,0.3,0.5,0.7,0.8,0.85,0.5,0.0,0.0,0.12,0.04
6,PE_FED,-0.035797,0.15,0.2,0.4,0.6,0.7,0.75,0.9,1.0,0.0,0.0,0.12,0.04
6,PE_FED,-0.035839,0.05,0.3,0.4,0.6,0.65,0.8,0.95,1.0,0.0,0.0,0.06,0.05
6,PE_PB_FED,-0.03585,0.05,0.25,0.3,0.5,0.65,0.85,0.9,0.5,0.55,0.8,0.06,0.04
6,PE_FED,-0.035861,0.2,0.25,0.4,0.7,0.7,0.8,0.95,1.0,0.0,0.0,0.08,0.05
6,PE_PB_FED,-0.035879,0.05,0.2,0.35,0.6,0.75,0.85,0.95,1.0,0.65,0.8,0.06,0.05
6,PE_PB_FED,-0.035893,0.1,0.2,0.35,0.55,0.65,0.85,0.95,1.0,0.6,0.8,0.08,0.05
6,PE_FED,-0.035911,0.05,0.15,0.4,0.5,0.75,0.8,0.9,1.0,0.0,0.0,0.1,0.05
6,PE_FED,-0.035938,0.05,0.3,0.4,0.55,0.75,0.8,0.85,0.5,0.0,0.0,0.08,0.05
8,PE_PB_FED,-0.035944,0.2,0.25,0.4,0.5,0.75,0.85,0.9,1.0,0.5,0.75,0.08,0.05
6,PE_PB_FED,-0.035963,0.05,0.3,0.45,0.65,0.65,0.8,0.85,0.5,0.55,0.8,0.08,0.03
6,PE_PB_FED,-0.036031,0.2,0.3,0.45,0.7,0.7,0.85,0.9,0.5,0.55,0.7,0.06,0.04
6,PE_FED,-0.036048,0.05,0.25,0.3,0.7,0.65,0.75,0.9,1.0,0.0,0.0,0.08,0.03
6,PE_FED,-0.03607,0.2,0.3,0.4,0.55,0.75,0.8,0.85,0.5,0.0,0.0,0.12,0.03
6,PE_FED,-0.036076,0.05,0.2,0.35,0.55,0.75,0.85,0.95,1.0,0.0,0.0,0.12,0.04
6,PE_FED,-0.036082,0.2,0.25,0.4,0.65,0.75,0.8,0.95,1.0,0.0,0.0,0.08,0.05
6,PE_FED,-0.036107,0.1,0.25,0.4,0.6,0.7,0.75,0.9,1.0,0.0,0.0,0.06,0.03
6,PE_FED,-0.036121,0.2,0.3,0.4,0.65,0.65,0.8,0.95,1.0,0.0,0.0,0.08,0.03
6,PE_FED,-0.03613,0.2,0.3,0.4,0.65,0.7,0.75,0.95,1.0,0.0,0.0,0.1,0.04
6,PE_PB_FED,-0.036178,0.1,0.25,0.4,0.6,0.65,0.85,0.95,1.0,0.65,0.7,0.1,0.05
6,PE_FED,-0.036188,0.2,0.3,0.35,0.65,0.7,0.75,0.95,1.0,0.0,0.0,0.08,0.05
6,PE_PB_FED,-0.036207,0.15,0.25,0.3,0.7,0.65,0.85,0.95,1.0,0.6,0.8,0.1,0.03
6,PE_PB_FED,-0.03621,0.2,0.25,0.3,0.5,0.7,0.8,0.85,0.5,0.65,0.8,0.06,0.05
6,PE_FED,-0.036259,0.1,0.15,0.45,0.7,0.75,0.85,0.9,1.0,0.0,0.0,0.08,0.03
6,PE_PB_FED,-0.036279,0.15,0.25,0.3,0.7,0.75,0.85,0.95,1.0,0.65,0.75,0.1,0.04
6,PE_PB_FED,-0.03629,0.05,0.2,0.3,0.6,0.65,0.75,0.9,1.0,0.6,0.7,0.12,0.04
6,PE_PB_FED,-0.036293,0.15,0.3,0.45,0.55,0.65,0.85,0.9,0.5,0.6,0.75,0.12,0.03
6,PE_PB_FED,-0.036325,0.05,0.2,0.35,0.6,0.75,0.85,0.95,1.0,0.6,0.75,0.08,0.04
6,PE_PB_FED,-0.036332,0.05,0.3,0.4,0.5,0.75,0.8,0.95,1.0,0.55,0.75,0.1,0.03
6,PE_FED,-0.036355,0.1,0.15,0.45,0.65,0.75,0.85,0.9,1.0,0.0,0.0,0.08,0.04
6,PE_FED,-0.036355,0.15,0.2,0.45,0.65,0.65,0.75,0.9,1.0,0.0,0.0,0.06,0.05
6,PE_FED,-0.036372,0.2,0.25,0.3,0.6,0.65,0.8,0.95,1.0,0.0,0.0,0.1,0.05
6,PE_PB_FED,-0.036385,0.15,0.3,0.45,0.5,0.75,0.8,0.9,0.5,0.55,0.8,0.08,0.05
6,PE_FED,-0.036407,0.1,0.25,0.35,0.6,0.7,0.85,0.95,1.0,0.0,0.0,0.12,0.05
6,PE_FED,-0.036416,0.1,0.2,0.35,0.6,0.65,0.8,0.9,1.0,0.0,0.0,0.12,0.03
6,PB_FED,-0.036441,0.2,0.3,0.4,0.5,0.65,0.85,0.9,1.0,0.0,0.0,0.1,0.04
6,PE_PB_FED,-0.036443,0.15,0.3,0.35,0.5,0.65,0.8,0.9,0.5,0.5,0.8,0.08,0.04
6,PE_PB_FED,-0.036446,0.15,0.25,0.4,0.5,0.7,0.8,0.85,0.5,0.55,0.75,0.06,0.04
6,PE_PB_FED,-0.036469,0.2,0.3,0.45,0.6,0.7,0.75,0.85,0.5,0.55,0.8,0.1,0.04
6,PE_PB_FED,-0.03648,0.05,0.2,0.4,0.6,0.75,0.85,0.95,1.0,0.6,0.7,0.12,0.05
6,PE_PB_FED,-0.03649,0.15,0.2,0.45,0.6,0.7,0.75,0.9,1.0,0.65,0.8,0.12,0.04
6,PE_PB_FED,-0.036496,0.1,0.2,0.35,0.6,0.7,0.8,0.9,1.0,0.6,0.7,0.08,0.03
6,PE_PB_FED,-0.036502,0.05,0.2,0.4,0.7,0.65,0.75,0.9,1.0,0.55,0.7,0.12,0.04
6,PE_FED,-0.036508,0.15,0.2,0.3,0.7,0.7,0.8,0.9,1.0,0.0,0.0,0.06,0.04
6,PE_FED,-0.036511,0.1,0.2,0.45,0.6,0.65,0.8,0.9,1.0,0.0,0.0,0.06,0.03
6,PE_FED,-0.036536,0.2,0.25,0.45,0.5,0.7,0.8,0.85,0.5,0.0,0.0,0.1,0.04
6,PE_FED,-0.03657,0.2,0.3,0.35,0.6,0.7,0.8,0.95,1.0,0.0,0.0,0.12,0.03
6,PE_PB_FED,-0.036583,0.05,0.15,0.45,0.5,0.65,0.8,0.9,1.0,0.55,0.7,0.1,0.03
6,PE_PB_FED,-0.036592,0.2,0.3,0.4,0.65,0.7,0.75,0.95,1.0,0.5,0.7,0.08,0.03
6,PB_FED,-0.036593,0.05,0.3,0.4,0.5,0.7,0.85,0.9,1.0,0.0,0.0,0.1,0.05
6,PB_FED,-0.036598,0.2,0.3,0.35,0.5,0.7,0.8,0.85,1.0,0.0,0.0,0.08,0.05
6,PE_FED,-0.0366,0.05,0.2,0.45,0.7,0.65,0.75,0.9,1.0,0.0,0.0,0.08,0.05
6,PE_PB_FED,-0.036609,0.05,0.3,0.45,0.55,0.7,0.8,0.85,0.5,0.6,0.7,0.1,0.03
6,PE_PB_FED,-0.036612,0.1,0.25,0.35,0.5,0.65,0.75,0.9,1.0,0.65,0.7,0.12,0.04
6,PE_FED,-0.036624,0.1,0.15,0.45,0.65,0.7,0.8,0.85,1.0,0.0,0.0,0.12,0.03
6,PE_FED,-0.036645,0.05,0.2,0.4,0.65,0.75,0.8,0.9,1.0,0.0,0.0,0.1,0.03
6,PE_PB_FED,-0.036662,0.05,0.3,0.45,0.6,0.75,0.8,0.85,0.5,0.6,0.75,0.12,0.05
6,PE_FED,-0.036683,0.1,0.2,0.45,0.65,0.65,0.8,0.9,1.0,0.0,0.0,0.06,0.04
6,PE_FED,-0.036685,0.05,0.15,0.4,0.7,0.7,0.85,0.9,1.0,0.0,0.0,0.08,0.03
6,PE_FED,-0.036701,0.2,0.3,0.45,0.6,0.65,0.8,0.95,1.0,0.0,0.0,0.12,0.03
6,PE_PB_FED,-0.036716,0.1,0.15,0.35,0.7,0.65,0.8,0.9,1.0,0.5,0.8,0.12,0.05
6,PE_PB_FED,-0.036718,0.2,0.3,0.4,0.65,0.7,0.8,0.95,1.0,0.65,0.75,0.12,0.04
6,PE_PB_FED,-0.036725,0.05,0.2,0.4,0.55,0.65,0.75,0.9,1.0,0.6,0.75,0.12,0.04
6,PE_FED,-0.036734,0.2,0.3,0.45,0.6,0.65,0.75,0.95,1.0,0.0,0.0,0.12,0.05
6,PE_FED,-0.036749,0.1,0.25,0.35,0.7,0.75,0.8,0.9,1.0,0.0,0.0,0.12,0.03
6,PE_FED,-0.036774,0.1,0.3,0.4,0.65,0.65,0.75,0.9,1.0,0.0,0.0,0.12,0.03
6,PE_FED,-0.036774,0.1,0.3,0.4,0.65,0.65,0.75,0.9,1.0,0.0,0.0,0.1,0.03
6,PE_FED,-0.036781,0.1,0.3,0.4,0.7,0.65,0.85,0.95,1.0,0.0,0.0,0.12,0.04
6,PE_PB_FED,-0.036803,0.1,0.2,0.4,0.55,0.75,0.8,0.9,1.0,0.6,0.75,0.12,0.03
6,PE_FED,-0.036814,0.1,0.25,0.4,0.7,0.65,0.8,0.9,1.0,0.0,0.0,0.08,0.03
6,PE_FED,-0.036824,0.2,0.3,0.35,0.55,0.65,0.8,0.95,1.0,0.0,0.0,0.06,0.03
6,PE_PB_FED,-0.036831,0.1,0.2,0.35,0.7,0.75,0.8,0.9,1.0,0.5,0.8,0.12,0.03
6,PE_PB_FED,-0.036837,0.05,0.25,0.45,0.5,0.75,0.8,0.85,0.5,0.55,0.75,0.12,0.03
6,PE_FED,-0.036857,0.1,0.2,0.3,0.5,0.65,0.8,0.9,1.0,0.0,0.0,0.06,0.03
6,PE_PB_FED,-0.036878,0.05,0.25,0.3,0.6,0.7,0.75,0.9,1.0,0.65,0.8,0.08,0.04
6,PE_PB_FED,-0.036895,0.2,0.3,0.35,0.5,0.7,0.75,0.95,1.0,0.55,0.8,0.08,0.03
6,PE_PB_FED,-0.036924,0.05,0.2,0.35,0.6,0.65,0.8,0.9,1.0,0.65,0.8,0.08,0.03
6,PE_FED,-0.036945,0.05,0.3,0.45,0.5,0.75,0.8,0.85,0.5,0.0,0.0,0.12,0.03
6,PE_FED,-0.036966,0.1,0.15,0.35,0.5,0.65,0.75,0.85,1.0,0.0,0.0,0.12,0.05
6,PE_PB_FED,-0.036998,0.05,0.15,0.45,0.6,0.65,0.8,0.9,1.0,0.6,0.75,0.06,0.05
6,PE_FED,-0.037012,0.15,0.25,0.35,0.7,0.7,0.8,0.9,1.0,0.0,0.0,0.06,0.03
6,PE_FED,-0.037033,0.05,0.25,0.3,0.55,0.7,0.85,0.95,1.0,0.0,0.0,0.08,0.04
6,PE_FED,-0.037053,0.05,0.25,0.35,0.6,0.65,0.85,0.95,1.0,0.0,0.0,0.12,0.05
6,PE_FED,-0.037057,0.05,0.25,0.3,0.6,0.65,0.75,0.9,1.0,0.0,0.0,0.06,0.04
6,PE_PB_FED,-0.037063,0.2,0.25,0.4,0.55,0.65,0.8,0.95,1.0,0.6,0.8,0.12,0.05
6,PE_PB_FED,-0.037092,0.1,0.3,0.4,0.7,0.65,0.75,0.9,1.0,0.6,0.8,0.1,0.04
6,PE_PB_FED,-0.037114,0.15,0.2,0.4,0.55,0.75,0.85,0.95,1.0,0.6,0.8,0.08,0.04
6,PE_FED,-0.037121,0.1,0.25,0.45,0.5,0.75,0.85,0.95,1.0,0.0,0.0,0.06,0.04
6,PE_PB_FED,-0.037121,0.15,0.2,0.3,0.6,0.75,0.8,0.9,1.0,0.65,0.8,0.1,0.03
6,PE_PB_FED,-0.037131,0.1,0.15,0.3,0.6,0.65,0.75,0.85,1.0,0.65,0.75,0.1,0.05
6,PE_FED,-0.037147,0.15,0.25,0.3,0.5,0.7,0.85,0.95,1.0,0.0,0.0,0.12,0.05
6,PE_PB_FED,-0.03717,0.05,0.25,0.45,0.5,0.7,0.8,0.85,0.5,0.55,0.7,0.12,0.04
6,PE_PB_FED,-0.037175,0.15,0.25,0.35,0.55,0.75,0.85,0.9,0.5,0.5,0.7,0.06,0.05
6,PE_FED,-0.037184,0.1,0.3,0.45,0.65,0.75,0.85,0.95,1.0,0.0,0.0,0.12,0.05
6,PE_PB_FED,-0.037204,0.2,0.25,0.4,0.5,0.65,0.8,0.85,0.5,0.55,0.75,0.08,0.03
6,PE_PB_FED,-0.037242,0.05,0.2,0.4,0.65,0.75,0.85,0.95,1.0,0.5,0.7,0.08,0.04
6,PE_PB_FED,-0.03725,0.2,0.25,0.35,0.55,0.65,0.8,0.95,1.0,0.5,0.75,0.1,0.03
6,PE_PB_FED,-0.037262,0.05,0.2,0.3,0.55,0.75,0.85,0.95,1.0,0.5,0.8,0.12,0.03
6,PE_PB_FED,-0.037262,0.05,0.2,0.3,0.55,0.7,0.85,0.95,1.0,0.5,0.7,0.08,0.03
6,PE_FED,-0.037268,0.15,0.25,0.4,0.5,0.75,0.85,0.95,1.0,0.0,0.0,0.1,0.04
6,PE_PB_FED,-0.037277,0.15,0.3,0.45,0.55,0.65,0.8,0.95,1.0,0.55,0.8,0.12,0.05
6,PE_PB_FED,-0.037291,0.05,0.15,0.4,0.7,0.75,0.8,0.9,1.0,0.5,0.7,0.08,0.05
6,PE_FED,-0.037327,0.15,0.25,0.45,0.65,0.75,0.8,0.9,1.0,0.0,0.0,0.12,0.03
6,PE_PB_FED,-0.037333,0.05,0.25,0.3,0.6,0.7,0.75,0.9,1.0,0.6,0.8,0.06,0.04
6,PE_PB_FED,-0.037346,0.05,0.2,0.4,0.55,0.7,0.75,0.9,1.0,0.55,0.7,0.06,0.04
6,PE_PB_FED,-0.037441,0.05,0.3,0.45,0.65,0.7,0.75,0.9,1.0,0.65,0.8,0.06,0.03
6,PE_FED,-0.037445,0.05,0.15,0.45,0.5,0.7,0.75,0.85,1.0,0.0,0.0,0.06,0.04
6,PE_PB_FED,-0.037454,0.2,0.3,0.4,0.6,0.65,0.75,0.95,1.0,0.55,0.7,0.1,0.05
6,PE_PB_FED,-0.037463,0.15,0.25,0.3,0.55,0.75,0.85,0.95,1.0,0.65,0.7,0.06,0.05
6,PE_PB_FED,-0.037466,0.1,0.3,0.35,0.55,0.7,0.8,0.85,0.5,0.5,0.75,0.06,0.05
6,PE_PB_FED,-0.037492,0.2,0.3,0.45,0.6,0.7,0.75,0.95,1.0,0.55,0.7,0.12,0.05
6,PE_FED,-0.037501,0.05,0.3,0.45,0.5,0.7,0.85,0.9,0.5,0.0,0.0,0.1,0.05
6,PE_PB_FED,-0.037511,0.05,0.15,0.35,0.65,0.7,0.75,0.85,1.0,0.65,0.8,0.06,0.04
6,PE_FED,-0.037517,0.15,0.3,0.4,0.55,0.65,0.85,0.95,1.0,0.0,0.0,0.08,0.03
6,PE_PB_FED,-0.037519,0.15,0.3,0.35,0.7,0.75,0.85,0.95,1.0,0.65,0.75,0.1,0.04
6,PE_PB_FED,-0.037586,0.2,0.3,0.45,0.65,0.7,0.75,0.95,1.0,0.5,0.8,0.08,0.05
6,PE_PB_FED,-0.037589,0.2,0.3,0.45,0.55,0.65,0.8,0.95,1.0,0.65,0.7,0.12,0.04
6,PE_PB_FED,-0.03761,0.1,0.25,0.3,0.5,0.65,0.75,0.9,1.0,0.55,0.8,0.08,0.04
6,PE_FED,-0.037644,0.1,0.2,0.45,0.65,0.65,0.8,0.9,1.0,0.0,0.0,0.06,0.05
6,PE_FED,-0.037647,0.1,0.3,0.4,0.6,0.75,0.85,0.95,1.0,0.0,0.0,0.06,0.05
6,PE_PB_FED,-0.037688,0.15,0.25,0.3,0.6,0.7,0.85,0.95,1.0,0.6,0.7,0.12,0.05
6,PE_PB_FED,-0.0377,0.15,0.2,0.3,0.55,0.65,0.85,0.95,1.0,0.55,0.8,0.1,0.04
6,PE_PB_FED,-0.037713,0.1,0.15,0.3,0.55,0.65,0.75,0.85,1.0,0.55,0.7,0.12,0.03
6,PE_PB_FED,-0.037716,0.05,0.25,0.45,0.65,0.65,0.85,0.95,1.0,0.55,0.8,0.08,0.05
6,PE_FED,-0.037734,0.1,0.15,0.3,0.6,0.75,0.8,0.85,1.0,0.0,0.0,0.12,0.05
6,PE_PB_FED,-0.037766,0.1,0.25,0.45,0.55,0.65,0.85,0.95,1.0,0.55,0.8,0.1,0.04
6,PE_FED,-0.03778,0.05,0.25,0.4,0.5,0.65,0.85,0.95,1.0,0.0,0.0,0.1,0.05
6,PE_PB_FED,-0.037799,0.1,0.25,0.4,0.55,0.7,0.85,0.95,1.0,0.55,0.8,0.12,0.05
6,PE_FED,-0.037816,0.05,0.3,0.4,0.65,0.65,0.85,0.95,1.0,0.0,0.0,0.06,0.04
6,PE_FED,-0.037843,0.1,0.25,0.45,0.55,0.7,0.8,0.9,1.0,0.0,0.0,0.06,0.03
6,PE_FED,-0.037862,0.2,0.25,0.45,0.7,0.75,0.85,0.95,1.0,0.0,0.0,0.06,0.03
6,PE_PB_FED,-0.037885,0.05,0.15,0.4,0.55,0.7,0.8,0.9,1.0,0.55,0.75,0.12,0.05
6,PE_PB_FED,-0.037899,0.05,0.2,0.35,0.55,0.75,0.8,0.9,1.0,0.65,0.7,0.12,0.04
6,PE_FED,-0.037928,0.05,0.3,0.45,0.65,0.75,0.85,0.95,1.0,0.0,0.0,0.06,0.04
6,PE_PB_FED,-0.037982,0.1,0.25,0.35,0.5,0.7,0.75,0.9,1.0,0.6,0.75,0.08,0.05
6,PE_PB_FED,-0.037985,0.2,0.3,0.35,0.6,0.7,0.8,0.95,1.0,0.5,0.75,0.1,0.03
6,PE_PB_FED,-0.03799,0.1,0.2,0.45,0.5,0.65,0.85,0.95,1.0,0.5,0.8,0.1,0.05
6,PE_PB_FED,-0.037997,0.05,0.25,0.4,0.6,0.7,0.75,0.9,1.0,0.65,0.8,0.08,0.05
6,PE_FED,-0.038008,0.2,0.25,0.3,0.7,0.65,0.75,0.9,1.0,0.0,0.0,0.1,0.03
6,PE_FED,-0.038011,0.15,0.2,0.35,0.5,0.65,0.8,0.9,1.0,0.0,0.0,0.06,0.04
6,PE_FED,-0.03803,0.05,0.2,0.35,0.55,0.65,0.8,0.9,1.0,0.0,0.0,0.06,0.04
6,PE_PB_FED,-0.038044,0.05,0.25,0.4,0.5,0.65,0.75,0.9,1.0,0.6,0.7,0.12,0.04
6,PE_PB_FED,-0.038046,0.15,0.3,0.4,0.7,0.7,0.85,0.95,1.0,0.6,0.75,0.1,0.04
6,PE_FED,-0.038085,0.15,0.25,0.45,0.55,0.75,0.8,0.9,1.0,0.0,0.0,0.12,0.03
6,PE_PB_FED,-0.038092,0.2,0.3,0.4,0.55,0.7,0.8,0.95,1.0,0.6,0.8,0.06,0.05
6,PE_FED,-0.038133,0.05,0.15,0.3,0.6,0.65,0.8,0.85,1.0,0.0,0.0,0.06,0.05
6,PE_PB_FED,-0.038162,0.2,0.3,0.35,0.55,0.65,0.8,0.85,0.5,0.55,0.8,0.08,0.05
6,PE_FED,-0.038196,0.1,0.25,0.4,0.6,0.65,0.8,0.9,1.0,0.0,0.0,0.12,0.04
6,PE_PB_FED,-0.038223,0.15,0.3,0.45,0.5,0.7,0.75,0.85,0.5,0.5,0.7,0.06,0.04
6,PE_PB_FED,-0.038224,0.1,0.25,0.35,0.6,0.65,0.85,0.95,1.0,0.5,0.8,0.08,0.04
6,PE_PB_FED,-0.038235,0.05,0.25,0.35,0.5,0.75,0.8,0.85,0.5,0.5,0.7,0.08,0.05
6,PE_PB_FED,-0.038259,0.05,0.15,0.4,0.7,0.65,0.85,0.9,1.0,0.6,0.75,0.06,0.03
6,PE_PB_FED,-0.038316,0.1,0.2,0.35,0.5,0.75,0.8,0.9,1.0,0.65,0.8,0.1,0.05
6,PE_PB_FED,-0.038338,0.2,0.25,0.4,0.55,0.7,0.8,0.95,1.0,0.5,0.8,0.08,0.04
6,PE_FED,-0.038358,0.2,0.25,0.35,0.7,0.7,0.85,0.95,1.0,0.0,0.0,0.06,0.05
6,PE_PB_FED,-0.038368,0.15,0.25,0.3,0.5,0.7,0.85,0.95,1.0,0.6,0.75,0.06,0.05
6,PE_FED,-0.038413,0.05,0.2,0.35,0.5,0.75,0.8,0.9,1.0,0.0,0.0,0.12,0.04
6,PE_PB_FED,-0.038447,0.05,0.25,0.35,0.5,0.7,0.75,0.9,1.0,0.65,0.75,0.1,0.05
6,PE_PB_FED,-0.038485,0.15,0.25,0.35,0.6,0.65,0.75,0.9,1.0,0.5,0.8,0.12,0.03
6,PE_FED,-0.038505,0.2,0.25,0.3,0.7,0.65,0.75,0.9,1.0,0.0,0.0,0.1,0.04
6,PE_FED,-0.038519,0.2,0.25,0.35,0.65,0.75,0.85,0.95,1.0,0.0,0.0,0.08,0.04
6,PE_PB_FED,-0.038551,0.1,0.3,0.4,0.5,0.75,0.85,0.95,1.0,0.6,0.8,0.12,0.05
6,PE_PB_FED,-0.03858,0.05,0.15,0.4,0.6,0.7,0.75,0.85,1.0,0.6,0.8,0.06,0.05
6,PE_FED,-0.038641,0.1,0.3,0.35,0.6,0.7,0.8,0.9,1.0,0.0,0.0,0.08,0.03
6,PE_PB_FED,-0.038708,0.15,0.25,0.35,0.55,0.65,0.75,0.9,1.0,0.5,0.8,0.1,0.03
6,PE_PB_FED,-0.038739,0.05,0.25,0.3,0.6,0.7,0.85,0.95,1.0,0.5,0.8,0.1,0.04
6,PE_FED,-0.038745,0.05,0.25,0.45,0.5,0.65,0.75,0.9,1.0,0.0,0.0,0.06,0.05
6,PE_FED,-0.038752,0.05,0.15,0.4,0.55,0.75,0.8,0.85,1.0,0.0,0.0,0.08,0.05
6,PE_FED,-0.038805,0.2,0.25,0.4,0.65,0.65,0.75,0.9,1.0,0.0,0.0,0.06,0.04
6,PE_FED,-0.038812,0.05,0.15,0.3,0.5,0.7,0.8,0.85,1.0,0.0,0.0,0.06,0.05
6,PE_PB_FED,-0.038825,0.05,0.3,0.45,0.65,0.75,0.8,0.9,1.0,0.65,0.8,0.12,0.03
6,PE_FED,-0.038854,0.05,0.3,0.4,0.7,0.65,0.75,0.9,1.0,0.0,0.0,0.06,0.05
6,PE_FED,-0.038875,0.15,0.25,0.35,0.65,0.75,0.8,0.9,1.0,0.0,0.0,0.06,0.05
6,PE_PB_FED,-0.038877,0.1,0.25,0.3,0.55,0.7,0.8,0.9,1.0,0.5,0.7,0.12,0.03
6,PE_PB_FED,-0.038913,0.15,0.25,0.35,0.5,0.65,0.8,0.9,1.0,0.65,0.7,0.06,0.03
6,PE_FED,-0.038917,0.05,0.15,0.35,0.5,0.65,0.8,0.85,1.0,0.0,0.0,0.08,0.04
6,PE_PB_FED,-0.03892,0.15,0.25,0.35,0.65,0.75,0.85,0.95,1.0,0.5,0.75,0.12,0.05
6,PE_FED,-0.038929,0.2,0.25,0.4,0.55,0.7,0.75,0.9,1.0,0.0,0.0,0.08,0.03
6,PE_PB_FED,-0.038961,0.05,0.15,0.45,0.65,0.65,0.8,0.85,1.0,0.65,0.7,0.1,0.04
6,PE_PB_FED,-0.038977,0.1,0.2,0.3,0.65,0.65,0.75,0.85,1.0,0.55,0.8,0.12,0.03
6,PE_PB_FED,-0.038978,0.15,0.3,0.45,0.6,0.65,0.75,0.9,1.0,0.6,0.8,0.06,0.04
6,PE_PB_FED,-0.038989,0.05,0.3,0.45,0.7,0.75,0.8,0.9,1.0,0.6,0.75,0.1,0.03
6,PE_FED,-0.038996,0.2,0.25,0.3,0.6,0.75,0.85,0.95,1.0,0.0,0.0,0.08,0.05
6,PE_FED,-0.039069,0.15,0.2,0.3,0.7,0.7,0.75,0.85,1.0,0.0,0.0,0.08,0.04
6,PE_FED,-0.0391,0.05,0.3,0.45,0.65,0.75,0.8,0.9,1.0,0.0,0.0,0.08,0.03
6,PE_FED,-0.03919,0.05,0.3,0.45,0.5,0.75,0.85,0.95,1.0,0.0,0.0,0.12,0.04
6,PE_FED,-0.03919,0.05,0.25,0.4,0.55,0.7,0.8,0.9,1.0,0.0,0.0,0.06,0.04
6,PE_PB_FED,-0.039195,0.05,0.15,0.45,0.65,0.65,0.85,0.9,1.0,0.55,0.7,0.12,0.03
6,PE_FED,-0.039222,0.1,0.2,0.45,0.65,0.65,0.75,0.85,1.0,0.0,0.0,0.08,0.04
6,PE_FED,-0.039277,0.2,0.25,0.3,0.55,0.7,0.75,0.9,1.0,0.0,0.0,0.1,0.04
6,PE_PB_FED,-0.039334,0.2,0.25,0.35,0.7,0.7,0.85,0.95,1.0,0.5,0.75,0.12,0.03
6,PE_PB_FED,-0.039338,0.05,0.25,0.3,0.6,0.75,0.8,0.9,1.0,0.5,0.75,0.06,0.03
6,PE_PB_FED,-0.039379,0.05,0.15,0.45,0.5,0.65,0.75,0.85,1.0,0.5,0.8,0.12,0.03
6,PE_PB_FED,-0.039394,0.2,0.3,0.35,0.5,0.7,0.85,0.9,0.5,0.55,0.75,0.06,0.05
6,PE_FED,-0.039422,0.1,0.3,0.45,0.6,0.7,0.8,0.9,1.0,0.0,0.0,0.12,0.04
6,PE_FED,-0.039427,0.05,0.25,0.45,0.65,0.7,0.8,0.9,1.0,0.0,0.0,0.06,0.05
6,PE_PB_FED,-0.039438,0.15,0.25,0.35,0.65,0.65,0.8,0.9,1.0,0.65,0.75,0.1,0.05
6,PE_PB_FED,-0.039454,0.15,0.2,0.3,0.5,0.7,0.8,0.9,1.0,0.65,0.8,0.1,0.05
6,PE_FED,-0.039495,0.15,0.2,0.45,0.65,0.65,0.75,0.85,1.0,0.0,0.0,0.06,0.04
6,PE_PB_FED,-0.039499,0.05,0.2,0.35,0.6,0.7,0.75,0.85,1.0,0.65,0.75,0.12,0.03
6,PE_FED,-0.039502,0.05,0.2,0.45,0.5,0.7,0.8,0.9,1.0,0.0,0.0,0.06,0.05
6,PE_FED,-0.039503,0.15,0.2,0.45,0.55,0.65,0.75,0.85,1.0,0.0,0.0,0.08,0.03
6,PE_PB_FED,-0.039528,0.05,0.3,0.35,0.5,0.75,0.85,0.95,1.0,0.6,0.75,0.12,0.05
6,PE_PB_FED,-0.039533,0.15,0.2,0.45,0.55,0.75,0.8,0.9,1.0,0.55,0.7,0.1,0.04
6,PE_FED,-0.03957,0.1,0.2,0.4,0.65,0.7,0.85,0.9,1.0,0.0,0.0,0.08,0.04
6,PE_PB_FED,-0.039575,0.05,0.15,0.3,0.65,0.65,0.85,0.9,1.0,0.5,0.8,0.1,0.04
6,PE_PB_FED,-0.039591,0.05,0.3,0.4,0.5,0.65,0.85,0.95,1.0,0.6,0.8,0.1,0.05
6,PE_PB_FED,-0.039632,0.1,0.25,0.3,0.55,0.7,0.75,0.85,1.0,0.65,0.75,0.08,0.03
6,PE_FED,-0.039633,0.2,0.25,0.45,0.7,0.65,0.75,0.9,1.0,0.0,0.0,0.06,0.05
6,PE_FED,-0.039697,0.2,0.3,0.45,0.7,0.7,0.75,0.9,1.0,0.0,0.0,0.06,0.04
6,PE_PB_FED,-0.039794,0.15,0.2,0.3,0.7,0.7,0.75,0.85,1.0,0.65,0.8,0.06,0.05
6,PE_FED,-0.039833,0.05,0.2,0.35,0.65,0.7,0.75,0.85,1.0,0.0,0.0,0.08,0.04
6,PE_PB_FED,-0.039842,0.15,0.2,0.4,0.6,0.65,0.8,0.9,1.0,0.5,0.8,0.06,0.04
6,PE_PB_FED,-0.039842,0.05,0.15,0.4,0.6,0.7,0.8,0.85,1.0,0.55,0.8,0.1,0.03
6,PE_FED,-0.039853,0.15,0.2,0.4,0.65,0.65,0.85,0.9,1.0,0.0,0.0,0.1,0.03
6,PE_PB_FED,-0.039882,0.05,0.25,0.35,0.7,0.65,0.75,0.85,1.0,0.65,0.8,0.1,0.03
6,PE_FED,-0.039928,0.05,0.2,0.45,0.7,0.65,0.75,0.85,1.0,0.0,0.0,0.08,0.05
6,PE_PB_FED,-0.039975,0.05,0.15,0.45,0.6,0.65,0.85,0.9,1.0,0.6,0.7,0.06,0.05
6,PE_PB_FED,-0.039986,0.15,0.3,0.35,0.65,0.65,0.8,0.9,1.0,0.6,0.7,0.06,0.04
6,PE_FED,-0.039987,0.15,0.3,0.4,0.65,0.75,0.8,0.9,1.0,0.0,0.0,0.08,0.05
6,PE_FED,-0.03999,0.2,0.25,0.3,0.6,0.65,0.8,0.9,1.0,0.0,0.0,0.1,0.03
6,PE_FED,-0.04003,0.1,0.2,0.35,0.6,0.65,0.85,0.9,1.0,0.0,0.0,0.06,0.04
6,PE_PB_FED,-0.04003,0.15,0.3,0.4,0.5,0.75,0.8,0.9,1.0,0.65,0.75,0.12,0.03
6,PE_PB_FED,-0.040079,0.05,0.15,0.4,0.65,0.75,0.85,0.9,1.0,0.55,0.8,0.08,0.05
6,PE_PB_FED,-0.040082,0.15,0.3,0.45,0.65,0.75,0.8,0.9,1.0,0.6,0.7,0.08,0.04
6,PE_PB_FED,-0.040089,0.1,0.3,0.35,0.7,0.75,0.8,0.9,1.0,0.55,0.7,0.08,0.05
6,PE_PB_FED,-0.040097,0.1,0.25,0.3,0.5,0.7,0.8,0.9,1.0,0.5,0.7,0.06,0.04
6,PE_PB_FED,-0.040102,0.05,0.15,0.35,0.5,0.7,0.75,0.85,1.0,0.5,0.75,0.12,0.04
6,PE_FED,-0.040114,0.1,0.2,0.4,0.5,0.7,0.75,0.85,1.0,0.0,0.0,0.1,0.04
6,PE_FED,-0.040133,0.15,0.2,0.45,0.55,0.65,0.75,0.85,1.0,0.0,0.0,0.12,0.04
6,PE_FED,-0.040147,0.2,0.25,0.4,0.6,0.65,0.75,0.9,1.0,0.0,0.0,0.08,0.05
6,PE_PB_FED,-0.04015,0.2,0.25,0.3,0.6,0.65,0.85,0.95,1.0,0.5,0.7,0.08,0.03
6,PE_FED,-0.040222,0.05,0.2,0.3,0.6,0.7,0.75,0.85,1.0,0.0,0.0,0.08,0.05
6,PE_FED,-0.040225,0.15,0.3,0.4,0.5,0.65,0.8,0.9,1.0,0.0,0.0,0.1,0.04
6,PE_PB_FED,-0.040281,0.2,0.25,0.45,0.6,0.75,0.85,0.95,1.0,0.55,0.75,0.1,0.04
6,PE_PB_FED,-0.040292,0.2,0.25,0.45,0.5,0.75,0.85,0.95,1.0,0.55,0.8,0.1,0.03
6,PE_PB_FED,-0.040325,0.15,0.25,0.4,0.65,0.65,0.75,0.85,1.0,0.65,0.8,0.06,0.03
6,PE_FED,-0.040338,0.2,0.3,0.4,0.5,0.7,0.85,0.95,1.0,0.0,0.0,0.1,0.03
6,PE_FED,-0.040367,0.2,0.25,0.4,0.65,0.75,0.8,0.9,1.0,0.0,0.0,0.12,0.04
6,PE_PB_FED,-0.040402,0.1,0.25,0.3,0.5,0.75,0.8,0.9,1.0,0.55,0.75,0.08,0.05
6,PE_FED,-0.040406,0.1,0.2,0.35,0.7,0.75,0.8,0.85,1.0,0.0,0.0,0.06,0.05
6,PE_FED,-0.040411,0.05,0.2,0.35,0.6,0.65,0.75,0.85,1.0,0.0,0.0,0.12,0.05
6,PE_FED,-0.040412,0.1,0.25,0.35,0.7,0.65,0.85,0.9,1.0,0.0,0.0,0.06,0.03
6,PE_PB_FED,-0.040419,0.1,0.3,0.4,0.65,0.65,0.8,0.9,1.0,0.55,0.75,0.08,0.05
6,PE_FED,-0.040426,0.05,0.2,0.45,0.65,0.75,0.85,0.9,1.0,0.0,0.0,0.08,0.03
6,PE_PB_FED,-0.040434,0.1,0.25,0.45,0.65,0.7,0.75,0.85,1.0,0.6,0.8,0.06,0.05
6,PE_FED,-0.040473,0.2,0.3,0.4,0.55,0.7,0.75,0.9,1.0,0.0,0.0,0.06,0.04
6,PE_FED,-0.040485,0.15,0.2,0.3,0.55,0.65,0.85,0.9,1.0,0.0,0.0,0.06,0.03
6,PE_PB_FED,-0.040485,0.2,0.3,0.45,0.7,0.75,0.85,0.95,1.0,0.55,0.75,0.12,0.05
6,PE_FED,-0.040509,0.2,0.3,0.35,0.7,0.7,0.75,0.9,1.0,0.0,0.0,0.1,0.05
6,PE_PB_FED,-0.040514,0.2,0.25,0.45,0.65,0.65,0.75,0.9,1.0,0.55,0.7,0.08,0.05
6,PE_PB_FED,-0.04052,0.05,0.3,0.45,0.5,0.75,0.8,0.9,1.0,0.6,0.7,0.08,0.03
6,PE_PB_FED,-0.040541,0.2,0.3,0.35,0.6,0.65,0.85,0.95,1.0,0.55,0.8,0.12,0.03
6,PE_FED,-0.040569,0.15,0.2,0.4,0.5,0.65,0.75,0.85,1.0,0.0,0.0,0.08,0.05
6,PE_PB_FED,-0.040605,0.1,0.3,0.35,0.65,0.65,0.75,0.85,1.0,0.6,0.8,0.1,0.03
6,PE_FED,-0.040652,0.05,0.3,0.4,0.65,0.7,0.8,0.9,1.0,0.0,0.0,0.1,0.05
6,PE_FED,-0.040653,0.15,0.25,0.4,0.7,0.7,0.85,0.9,1.0,0.0,0.0,0.12,0.04
6,PE_PB_FED,-0.040671,0.15,0.2,0.35,0.55,0.65,0.75,0.85,1.0,0.65,0.8,0.08,0.04
6,PE_FED,-0.040689,0.1,0.25,0.35,0.65,0.7,0.85,0.9,1.0,0.0,0.0,0.12,0.03
6,PE_FED,-0.040708,0.05,0.2,0.35,0.6,0.65,0.85,0.9,1.0,0.0,0.0,0.08,0.04
6,PE_PB_FED,-0.040715,0.05,0.3,0.4,0.5,0.7,0.8,0.9,1.0,0.65,0.8,0.08,0.04
6,PE_PB_FED,-0.040764,0.05,0.2,0.45,0.65,0.7,0.85,0.9,1.0,0.6,0.75,0.12,0.04
6,PE_PB_FED,-0.040791,0.1,0.2,0.35,0.65,0.75,0.8,0.85,1.0,0.6,0.7,0.06,0.05
6,PE_FED,-0.040799,0.1,0.25,0.35,0.6,0.7,0.75,0.85,1.0,0.0,0.0,0.12,0.05
6,PE_PB_FED,-0.040802,0.2,0.3,0.35,0.7,0.7,0.8,0.9,1.0,0.65,0.7,0.08,0.04
6,PE_FED,-0.040815,0.05,0.2,0.35,0.5,0.7,0.75,0.85,1.0,0.0,0.0,0.1,0.04
6,PE_FED,-0.040871,0.05,0.2,0.4,0.5,0.65,0.75,0.85,1.0,0.0,0.0,0.12,0.04
6,PE_FED,-0.040881,0.1,0.25,0.4,0.55,0.65,0.75,0.85,1.0,0.0,0.0,0.08,0.04
6,PE_PB_FED,-0.040904,0.15,0.3,0.45,0.55,0.7,0.85,0.95,1.0,0.5,0.8,0.06,0.04
6,PE_PB_FED,-0.040914,0.1,0.25,0.35,0.6,0.75,0.85,0.9,1.0,0.65,0.7,0.06,0.03
6,PE_PB_FED,-0.040917,0.05,0.2,0.35,0.5,0.7,0.8,0.9,1.0,0.5,0.7,0.06,0.05
6,PE_PB_FED,-0.040919,0.15,0.2,0.45,0.7,0.75,0.8,0.85,1.0,0.6,0.7,0.12,0.03
6,PE_PB_FED,-0.040919,0.15,0.25,0.45,0.5,0.75,0.8,0.9,1.0,0.55,0.75,0.12,0.04
6,PE_FED,-0.040956,0.15,0.2,0.3,0.5,0.7,0.85,0.9,1.0,0.0,0.0,0.06,0.03
6,PE_PB_FED,-0.040966,0.2,0.3,0.35,0.6,0.65,0.75,0.9,1.0,0.5,0.8,0.06,0.03
6,PE_PB_FED,-0.040974,0.05,0.25,0.4,0.6,0.65,0.75,0.85,1.0,0.6,0.75,0.1,0.03
6,PE_PB_FED,-0.040991,0.1,0.2,0.3,0.6,0.65,0.8,0.85,1.0,0.6,0.8,0.08,0.04
6,PE_PB_FED,-0.040999,0.05,0.25,0.45,0.7,0.7,0.75,0.85,1.0,0.6,0.7,0.12,0.04
6,PE_PB_FED,-0.041008,0.15,0.3,0.4,0.5,0.65,0.75,0.9,1.0,0.55,0.7,0.12,0.05
6,PE_FED,-0.041088,0.05,0.2,0.35,0.55,0.65,0.85,0.9,1.0,0.0,0.0,0.12,0.03
6,PE_FED,-0.041129,0.15,0.2,0.4,0.5,0.75,0.85,0.9,1.0,0.0,0.0,0.06,0.04
6,PE_FED,-0.041141,0.2,0.25,0.45,0.7,0.75,0.8,0.9,1.0,0.0,0.0,0.1,0.05
6,PE_PB_FED,-0.041143,0.1,0.2,0.4,0.6,0.75,0.85,0.9,1.0,0.55,0.8,0.08,0.04
6,PE_FED,-0.041151,0.15,0.25,0.45,0.55,0.65,0.75,0.85,1.0,0.0,0.0,0.1,0.04
6,PE_PB_FED,-0.041155,0.1,0.25,0.45,0.5,0.7,0.8,0.9,1.0,0.5,0.7,0.06,0.05
6,PE_FED,-0.041168,0.1,0.3,0.4,0.6,0.7,0.75,0.85,1.0,0.0,0.0,0.08,0.03
6,PE_FED,-0.04122,0.2,0.25,0.45,0.55,0.7,0.8,0.9,1.0,0.0,0.0,0.12,0.04
6,PE_FED,-0.041228,0.1,0.25,0.4,0.6,0.75,0.85,0.9,1.0,0.0,0.0,0.1,0.04
6,PE_FED,-0.041248,0.1,0.25,0.4,0.7,0.7,0.8,0.85,1.0,0.0,0.0,0.06,0.04
6,PE_FED,-0.041265,0.05,0.3,0.45,0.6,0.75,0.8,0.9,1.0,0.0,0.0,0.12,0.05
6,PE_PB_FED,-0.041274,0.2,0.25,0.4,0.7,0.65,0.8,0.9,1.0,0.6,0.8,0.12,0.05
6,PE_PB_FED,-0.041277,0.2,0.3,0.35,0.5,0.65,0.85,0.95,1.0,0.55,0.8,0.12,0.03
6,PE_PB_FED,-0.041303,0.05,0.2,0.4,0.7,0.75,0.85,0.9,1.0,0.6,0.8,0.06,0.05
6,PE_PB_FED,-0.041326,0.05,0.2,0.3,0.65,0.65,0.8,0.85,1.0,0.6,0.75,0.12,0.04
6,PE_FED,-0.041341,0.05,0.25,0.4,0.7,0.7,0.8,0.85,1.0,0.0,0.0,0.12,0.03
6,PE_PB_FED,-0.041342,0.1,0.2,0.4,0.65,0.65,0.85,0.9,1.0,0.55,0.8,0.1,0.05
6,PE_FED,-0.041372,0.15,0.25,0.35,0.5,0.7,0.75,0.85,1.0,0.0,0.0,0.08,0.04
6,PE_FED,-0.041408,0.2,0.3,0.4,0.65,0.7,0.8,0.9,1.0,0.0,0.0,0.06,0.04
6,PE_PB_FED,-0.04141,0.05,0.3,0.35,0.6,0.7,0.8,0.9,1.0,0.6,0.7,0.06,0.05
6,PE_FED,-0.041488,0.1,0.25,0.3,0.65,0.7,0.8,0.85,1.0,0.0,0.0,0.06,0.05
6,PE_FED,-0.041502,0.1,0.25,0.4,0.7,0.75,0.8,0.85,1.0,0.0,0.0,0.12,0.05
6,PE_PB_FED,-0.041522,0.1,0.3,0.45,0.65,0.7,0.85,0.9,1.0,0.65,0.7,0.1,0.04
6,PE_FED,-0.041527,0.15,0.2,0.45,0.6,0.7,0.8,0.85,1.0,0.0,0.0,0.06,0.05
6,PE_FED,-0.041535,0.15,0.25,0.4,0.7,0.75,0.8,0.85,1.0,0.0,0.0,0.1,0.04
6,PE_FED,-0.041582,0.1,0.25,0.45,0.65,0.65,0.8,0.85,1.0,0.0,0.0,0.12,0.04
6,PE_FED,-0.041653,0.05,0.3,0.45,0.65,0.7,0.75,0.85,1.0,0.0,0.0,0.06,0.03
6,PE_FED,-0.041689,0.15,0.25,0.35,0.7,0.65,0.8,0.85,1.0,0.0,0.0,0.1,0.05
6,PE_PB_FED,-0.041696,0.05,0.25,0.4,0.7,0.7,0.75,0.85,1.0,0.55,0.7,0.06,0.05
6,PE_FED,-0.041709,0.1,0.2,0.35,0.5,0.7,0.85,0.9,1.0,0.0,0.0,0.08,0.05
6,PE_PB_FED,-0.041714,0.15,0.25,0.35,0.7,0.7,0.85,0.9,1.0,0.6,0.8,0.06,0.04
6,PE_FED,-0.041722,0.1,0.2,0.4,0.5,0.75,0.8,0.85,1.0,0.0,0.0,0.1,0.04
6,PE_FED,-0.041732,0.1,0.2,0.45,0.5,0.7,0.8,0.85,1.0,0.0,0.0,0.06,0.04
6,PE_FED,-0.041736,0.05,0.25,0.3,0.5,0.7,0.75,0.85,1.0,0.0,0.0,0.12,0.04
6,PE_FED,-0.041789,0.05,0.2,0.3,0.55,0.75,0.85,0.9,1.0,0.0,0.0,0.06,0.05
6,PE_FED,-0.041794,0.05,0.2,0.45,0.5,0.65,0.8,0.85,1.0,0.0,0.0,0.08,0.03
6,PE_FED,-0.041809,0.15,0.25,0.45,0.65,0.65,0.85,0.9,1.0,0.0,0.0,0.12,0.05
6,PE_PB_FED,-0.041811,0.2,0.3,0.35,0.7,0.7,0.75,0.9,1.0,0.5,0.7,0.08,0.05
6,PE_PB_FED,-0.041825,0.05,0.2,0.45,0.6,0.7,0.8,0.85,1.0,0.65,0.8,0.06,0.05
6,PE_FED,-0.04183,0.15,0.3,0.45,0.7,0.7,0.85,0.9,1.0,0.0,0.0,0.08,0.03
6,PE_FED,-0.041873,0.15,0.25,0.4,0.55,0.7,0.8,0.85,1.0,0.0,0.0,0.12,0.03
6,PE_PB_FED,-0.041886,0.05,0.2,0.4,0.6,0.65,0.75,0.85,1.0,0.5,0.7,0.08,0.05
6,PE_PB_FED,-0.041911,0.05,0.25,0.3,0.65,0.75,0.85,0.9,1.0,0.65,0.8,0.08,0.05
6,PE_FED,-0.041972,0.05,0.25,0.35,0.6,0.75,0.85,0.9,1.0,0.0,0.0,0.1,0.03
6,PE_PB_FED,-0.04198,0.05,0.25,0.3,0.7,0.75,0.8,0.85,1.0,0.55,0.7,0.08,0.03
6,PE_PB_FED,-0.042012,0.1,0.3,0.4,0.6,0.65,0.85,0.9,1.0,0.65,0.8,0.12,0.03
6,PE_FED,-0.042014,0.05,0.25,0.4,0.7,0.7,0.8,0.85,1.0,0.0,0.0,0.06,0.04
6,PE_PB_FED,-0.042057,0.15,0.25,0.35,0.6,0.65,0.75,0.85,1.0,0.6,0.7,0.12,0.05
6,PE_PB_FED,-0.042174,0.1,0.25,0.4,0.5,0.7,0.85,0.9,1.0,0.6,0.7,0.1,0.04
6,PE_PB_FED,-0.042233,0.15,0.2,0.35,0.65,0.7,0.8,0.85,1.0,0.5,0.75,0.1,0.03
6,PE_FED,-0.042255,0.05,0.25,0.4,0.65,0.7,0.85,0.9,1.0,0.0,0.0,0.08,0.05
6,PE_FED,-0.042281,0.2,0.3,0.45,0.55,0.7,0.8,0.9,1.0,0.0,0.0,0.1,0.04
6,PE_FED,-0.042316,0.15,0.25,0.35,0.6,0.75,0.8,0.85,1.0,0.0,0.0,0.08,0.04
6,PE_PB_FED,-0.042381,0.05,0.2,0.4,0.5,0.7,0.85,0.9,1.0,0.65,0.7,0.12,0.05
6,PE_FED,-0.042447,0.05,0.25,0.3,0.5,0.75,0.85,0.9,1.0,0.0,0.0,0.1,0.04
6,PE_PB_FED,-0.042464,0.05,0.25,0.35,0.5,0.65,0.85,0.9,1.0,0.65,0.75,0.12,0.04
6,PE_FED,-0.042468,0.05,0.25,0.4,0.55,0.75,0.8,0.85,1.0,0.0,0.0,0.1,0.03
6,PE_FED,-0.042469,0.1,0.3,0.4,0.6,0.7,0.85,0.9,1.0,0.0,0.0,0.12,0.03
6,PE_FED,-0.042548,0.2,0.25,0.3,0.7,0.65,0.75,0.85,1.0,0.0,0.0,0.12,0.04
6,PE_FED,-0.042624,0.15,0.3,0.35,0.7,0.75,0.85,0.9,1.0,0.0,0.0,0.06,0.05
6,PE_FED,-0.042627,0.15,0.3,0.4,0.6,0.7,0.85,0.9,1.0,0.0,0.0,0.08,0.04
6,PE_FED,-0.04263,0.1,0.3,0.4,0.7,0.65,0.8,0.85,1.0,0.0,0.0,0.1,0.05
6,PE_PB_FED,-0.04263,0.15,0.3,0.35,0.7,0.65,0.75,0.85,1.0,0.5,0.8,0.12,0.03
6,PE_PB_FED,-0.042635,0.05,0.25,0.35,0.65,0.65,0.8,0.85,1.0,0.6,0.75,0.1,0.05
6,PE_PB_FED,-0.042663,0.15,0.25,0.4,0.65,0.7,0.8,0.85,1.0,0.55,0.8,0.1,0.03
6,PE_PB_FED,-0.042681,0.1,0.25,0.4,0.55,0.65,0.8,0.85,1.0,0.6,0.7,0.08,0.05
6,PE_FED,-0.042682,0.1,0.3,0.35,0.65,0.75,0.85,0.9,1.0,0.0,0.0,0.08,0.05
6,PE_PB_FED,-0.042762,0.15,0.25,0.3,0.55,0.75,0.85,0.9,1.0,0.6,0.7,0.12,0.03
6,PE_FED,-0.042789,0.15,0.3,0.4,0.7,0.7,0.8,0.85,1.0,0.0,0.0,0.08,0.05
6,PE_FED,-0.042879,0.05,0.25,0.45,0.6,0.7,0.8,0.85,1.0,0.0,0.0,0.12,0.04
6,PE_PB_FED,-0.042915,0.15,0.25,0.3,0.6,0.7,0.8,0.85,1.0,0.65,0.7,0.12,0.05
6,PE_PB_FED,-0.042955,0.05,0.25,0.35,0.55,0.65,0.8,0.85,1.0,0.65,0.8,0.12,0.04
6,PE_PB_FED,-0.04309,0.15,0.2,0.45,0.5,0.75,0.8,0.85,1.0,0.55,0.7,0.1,0.03
6,PE_FED,-0.043113,0.05,0.25,0.4,0.55,0.7,0.8,0.85,1.0,0.0,0.0,0.1,0.04
6,PE_FED,-0.043143,0.2,0.3,0.35,0.55,0.65,0.8,0.9,1.0,0.0,0.0,0.08,0.05
6,PE_PB_FED,-0.043165,0.1,0.3,0.45,0.55,0.7,0.8,0.85,1.0,0.65,0.75,0.1,0.04
6,PE_PB_FED,-0.043195,0.2,0.3,0.4,0.5,0.75,0.8,0.9,1.0,0.5,0.7,0.12,0.03
6,PE_FED,-0.043274,0.05,0.3,0.35,0.6,0.7,0.85,0.9,1.0,0.0,0.0,0.06,0.04
6,PE_PB_FED,-0.043274,0.05,0.3,0.45,0.5,0.75,0.8,0.9,1.0,0.5,0.7,0.08,0.05
6,PE_FED,-0.043277,0.1,0.3,0.35,0.5,0.75,0.8,0.85,1.0,0.0,0.0,0.12,0.03
6,PE_FED,-0.043289,0.05,0.3,0.35,0.7,0.75,0.85,0.9,1.0,0.0,0.0,0.1,0.05
6,PE_FED,-0.043289,0.05,0.25,0.3,0.5,0.65,0.85,0.9,1.0,0.0,0.0,0.08,0.05
6,PE_FED,-0.043329,0.2,0.25,0.3,0.65,0.75,0.8,0.85,1.0,0.0,0.0,0.08,0.03
6,PE_PB_FED,-0.043341,0.1,0.3,0.45,0.7,0.65,0.8,0.85,1.0,0.55,0.7,0.06,0.05
6,PE_FED,-0.043499,0.1,0.3,0.35,0.6,0.75,0.8,0.85,1.0,0.0,0.0,0.08,0.05
6,PE_PB_FED,-0.043614,0.1,0.3,0.35,0.65,0.75,0.8,0.85,1.0,0.55,0.75,0.12,0.05
6,PE_FED,-0.043707,0.1,0.3,0.35,0.55,0.65,0.8,0.85,1.0,0.0,0.0,0.12,0.05
6,PE_FED,-0.043745,0.15,0.3,0.4,0.55,0.65,0.85,0.9,1.0,0.0,0.0,0.1,0.05
6,PE_FED,-0.043834,0.2,0.25,0.3,0.6,0.65,0.8,0.85,1.0,0.0,0.0,0.08,0.03
6,PE_FED,-0.04386,0.2,0.25,0.35,0.6,0.7,0.85,0.9,1.0,0.0,0.0,0.08,0.03
6,PE_FED,-0.043876,0.2,0.3,0.4,0.7,0.65,0.75,0.85,1.0,0.0,0.0,0.08,0.05
6,PE_PB_FED,-0.043923,0.1,0.3,0.4,0.65,0.65,0.8,0.85,1.0,0.5,0.75,0.12,0.04
6,PE_PB_FED,-0.043954,0.05,0.3,0.4,0.7,0.75,0.85,0.9,1.0,0.5,0.75,0.1,0.04
6,PE_PB_FED,-0.043999,0.15,0.2,0.4,0.6,0.65,0.85,0.9,1.0,0.5,0.7,0.12,0.05
6,PE_PB_FED,-0.044041,0.2,0.25,0.45,0.5,0.7,0.75,0.85,1.0,0.6,0.75,0.12,0.04
6,PE_PB_FED,-0.044056,0.2,0.3,0.35,0.7,0.7,0.75,0.85,1.0,0.5,0.75,0.1,0.03
6,PE_PB_FED,-0.044101,0.2,0.25,0.35,0.65,0.65,0.75,0.85,1.0,0.5,0.8,0.1,0.04
6,PE_FED,-0.044117,0.15,0.3,0.35,0.5,0.7,0.8,0.85,1.0,0.0,0.0,0.08,0.04
6,PE_PB_FED,-0.044155,0.2,0.3,0.35,0.65,0.75,0.85,0.9,1.0,0.65,0.7,0.12,0.04
6,PE_FED,-0.044157,0.2,0.25,0.35,0.65,0.65,0.85,0.9,1.0,0.0,0.0,0.06,0.05
6,PE_PB_FED,-0.044166,0.05,0.25,0.4,0.5,0.75,0.8,0.85,1.0,0.6,0.7,0.06,0.05
6,PE_FED,-0.044248,0.2,0.3,0.35,0.7,0.75,0.8,0.85,1.0,0.0,0.0,0.08,0.03
6,PE_FED,-0.044255,0.2,0.25,0.35,0.55,0.7,0.8,0.85,1.0,0.0,0.0,0.08,0.03
6,PE_FED,-0.044277,0.05,0.3,0.45,0.6,0.75,0.85,0.9,1.0,0.0,0.0,0.08,0.05
6,PE_PB_FED,-0.044301,0.05,0.3,0.4,0.7,0.75,0.85,0.9,1.0,0.55,0.7,0.12,0.05
6,PE_PB_FED,-0.044465,0.15,0.3,0.45,0.7,0.65,0.85,0.9,1.0,0.55,0.75,0.08,0.05
6,PE_PB_FED,-0.044495,0.2,0.3,0.45,0.5,0.65,0.8,0.9,1.0,0.55,0.75,0.06,0.05
6,PE_FED,-0.04452,0.05,0.3,0.45,0.55,0.65,0.85,0.9,1.0,0.0,0.0,0.1,0.05
6,PE_PB_FED,-0.044581,0.2,0.25,0.3,0.65,0.65,0.8,0.85,1.0,0.5,0.7,0.08,0.03
6,PE_FED,-0.044709,0.2,0.3,0.35,0.55,0.65,0.75,0.85,1.0,0.0,0.0,0.06,0.05
6,PE_PB_FED,-0.044778,0.2,0.3,0.45,0.55,0.65,0.75,0.85,1.0,0.6,0.75,0.06,0.04
6,PE_PB_FED,-0.044825,0.2,0.25,0.45,0.6,0.65,0.8,0.85,1.0,0.55,0.8,0.12,0.03
6,PE_PB_FED,-0.044869,0.15,0.25,0.4,0.5,0.65,0.85,0.9,1.0,0.5,0.7,0.06,0.04
6,PE_PB_FED,-0.04505,0.2,0.25,0.3,0.5,0.65,0.8,0.85,1.0,0.65,0.75,0.12,0.04
6,PE_FED,-0.045089,0.2,0.3,0.45,0.6,0.7,0.85,0.9,1.0,0.0,0.0,0.08,0.04
6,PE_FED,-0.045098,0.2,0.25,0.35,0.55,0.75,0.85,0.9,1.0,0.0,0.0,0.1,0.05
6,PE_PB_FED,-0.045108,0.05,0.3,0.45,0.65,0.65,0.8,0.85,1.0,0.5,0.75,0.12,0.05
6,PE_FED,-0.045156,0.2,0.3,0.45,0.5,0.7,0.75,0.85,1.0,0.0,0.0,0.08,0.05
6,PE_PB_FED,-0.045242,0.2,0.25,0.4,0.55,0.7,0.85,0.9,1.0,0.55,0.8,0.06,0.03
6,PE_PB_FED,-0.045353,0.2,0.3,0.35,0.65,0.65,0.75,0.85,1.0,0.5,0.75,0.12,0.05
6,PE_PB_FED,-0.045499,0.15,0.3,0.45,0.5,0.7,0.85,0.9,1.0,0.6,0.75,0.1,0.05
6,PE_FED,-0.045726,0.2,0.3,0.4,0.5,0.65,0.85,0.9,1.0,0.0,0.0,0.12,0.04
6,PE_PB_FED,-0.045897,0.2,0.3,0.35,0.55,0.65,0.75,0.85,1.0,0.5,0.7,0.06,0.04
6,PE_PB_FED,-0.045947,0.2,0.25,0.4,0.55,0.7,0.8,0.85,1.0,0.55,0.75,0.12,0.04
6,PE_FED,-0.045987,0.2,0.3,0.35,0.6,0.65,0.8,0.85,1.0,0.0,0.0,0.08,0.05
6,PE_FED,-0.045987,0.2,0.3,0.35,0.6,0.65,0.8,0.85,1.0,0.0,0.0,0.06,0.05
6,PE_PB_FED,-0.046122,0.05,0.3,0.4,0.5,0.7,0.85,0.9,1.0,0.55,0.7,0.06,0.05
6,PE_PB_FED,-0.046778,0.2,0.3,0.4,0.5,0.7,0.8,0.85,1.0,0.6,0.75,0.12,0.04
6,PE_FED,-0.046783,0.2,0.3,0.4,0.5,0.7,0.8,0.85,1.0,0.0,0.0,0.08,0.05
