window,feature,strategy_score,pe_buy_floor,pe_buy_low,pe_buy_mid,pe_buy_high,pe_sell_warn,pe_sell_heavy,pe_sell_extreme,fed_buy_threshold,pb_veto_threshold,pb_confirm_threshold,drawdown_standard,drawdown_tight
8,PB_FED,-0.015618,0.1,0.15,0.35,0.7,0.7,0.75,0.85,-0.5,0.0,0.0,0.1,0.03
8,PB_FED,-0.015948,0.1,0.15,0.3,0.7,0.75,0.8,0.9,0.0,0.0,0.0,0.08,0.03
8,PB_FED,-0.016163,0.05,0.15,0.3,0.7,0.7,0.85,0.9,-0.5,0.0,0.0,0.1,0.03
8,PB_FED,-0.016261,0.1,0.15,0.35,0.7,0.7,0.75,0.9,-0.5,0.0,0.0,0.12,0.04
8,PB_FED,-0.016387,0.1,0.15,0.35,0.7,0.75,0.85,0.9,-0.5,0.0,0.0,0.08,0.03
8,PB_FED,-0.016483,0.15,0.2,0.3,0.7,0.7,0.75,0.85,0.0,0.0,0.0,0.1,0.04
8,PB_FED,-0.016525,0.1,0.15,0.35,0.7,0.7,0.75,0.85,-0.5,0.0,0.0,0.12,0.05
8,PB_only,-0.016625,0.1,0.15,0.3,0.7,0.65,0.75,0.85,0.0,0.0,0.0,0.06,0.03
8,PB_FED,-0.016646,0.1,0.15,0.35,0.7,0.75,0.8,0.85,0.0,0.0,0.0,0.06,0.04
8,PB_FED,-0.016816,0.1,0.15,0.45,0.7,0.7,0.75,0.9,-0.5,0.0,0.0,0.06,0.03
8,PB_FED,-0.016833,0.1,0.2,0.3,0.7,0.65,0.75,0.9,-0.5,0.0,0.0,0.06,0.04
8,PB_only,-0.016879,0.1,0.15,0.3,0.7,0.7,0.8,0.9,0.0,0.0,0.0,0.1,0.03
8,PB_FED,-0.016886,0.15,0.2,0.3,0.7,0.7,0.85,0.9,-0.5,0.0,0.0,0.06,0.03
8,PB_only,-0.016942,0.05,0.15,0.3,0.7,0.7,0.75,0.9,0.0,0.0,0.0,0.08,0.04
8,PB_FED,-0.017062,0.05,0.15,0.4,0.7,0.7,0.8,0.85,-0.5,0.0,0.0,0.06,0.04
8,PB_FED,-0.017075,0.05,0.2,0.3,0.7,0.65,0.75,0.85,-0.5,0.0,0.0,0.1,0.04
8,PB_only,-0.01717,0.1,0.15,0.3,0.7,0.7,0.75,0.95,0.0,0.0,0.0,0.12,0.03
8,PB_only,-0.017203,0.05,0.15,0.3,0.7,0.65,0.8,0.9,0.0,0.0,0.0,0.12,0.03
8,PB_FED,-0.017219,0.1,0.15,0.3,0.7,0.75,0.85,0.95,-0.5,0.0,0.0,0.06,0.04
8,PB_only,-0.017252,0.1,0.15,0.3,0.7,0.7,0.75,0.85,0.0,0.0,0.0,0.06,0.05
8,PB_only,-0.017279,0.05,0.2,0.3,0.7,0.7,0.75,0.85,0.0,0.0,0.0,0.08,0.03
8,PB_FED,-0.017284,0.15,0.2,0.35,0.7,0.65,0.75,0.9,-0.5,0.0,0.0,0.08,0.03
8,PB_FED,-0.017358,0.1,0.2,0.35,0.7,0.65,0.75,0.9,0.0,0.0,0.0,0.06,0.03
8,PB_only,-0.017406,0.05,0.15,0.3,0.7,0.7,0.8,0.9,0.0,0.0,0.0,0.12,0.04
8,PB_FED,-0.017424,0.15,0.2,0.3,0.7,0.65,0.75,0.95,0.0,0.0,0.0,0.08,0.03
8,PB_only,-0.01748,0.05,0.15,0.4,0.7,0.7,0.75,0.85,0.0,0.0,0.0,0.06,0.03
8,PB_FED,-0.017541,0.1,0.15,0.45,0.7,0.7,0.75,0.9,-0.5,0.0,0.0,0.08,0.05
8,PB_FED,-0.017601,0.15,0.2,0.35,0.7,0.75,0.85,0.9,-0.5,0.0,0.0,0.12,0.03
8,PB_FED,-0.017632,0.15,0.25,0.3,0.7,0.75,0.8,0.85,0.0,0.0,0.0,0.08,0.04
8,PB_FED,-0.017634,0.15,0.25,0.3,0.7,0.65,0.8,0.85,-0.5,0.0,0.0,0.12,0.04
8,PB_only,-0.017696,0.1,0.15,0.35,0.7,0.7,0.85,0.9,0.0,0.0,0.0,0.1,0.03
8,PB_FED,-0.017727,0.1,0.15,0.4,0.7,0.7,0.8,0.9,0.0,0.0,0.0,0.08,0.04
8,PB_only,-0.017733,0.1,0.2,0.3,0.7,0.7,0.8,0.85,0.0,0.0,0.0,0.1,0.03
8,PB_only,-0.017829,0.1,0.15,0.4,0.7,0.7,0.8,0.85,0.0,0.0,0.0,0.1,0.04
8,PB_FED,-0.01783,0.1,0.15,0.4,0.7,0.7,0.8,0.95,0.0,0.0,0.0,0.06,0.03
8,PB_FED,-0.017841,0.05,0.15,0.35,0.7,0.7,0.75,0.95,0.0,0.0,0.0,0.1,0.04
8,PB_FED,-0.017857,0.1,0.15,0.35,0.7,0.75,0.85,0.95,0.0,0.0,0.0,0.12,0.03
8,PB_only,-0.017893,0.15,0.2,0.3,0.7,0.65,0.75,0.85,0.0,0.0,0.0,0.08,0.04
8,PB_FED,-0.017903,0.15,0.2,0.45,0.7,0.7,0.75,0.9,-0.5,0.0,0.0,0.08,0.03
8,PB_only,-0.017929,0.05,0.15,0.4,0.7,0.7,0.8,0.85,0.0,0.0,0.0,0.08,0.03
8,PB_only,-0.017982,0.05,0.2,0.3,0.7,0.65,0.75,0.85,0.0,0.0,0.0,0.08,0.04
8,PB_only,-0.017992,0.1,0.25,0.3,0.7,0.7,0.75,0.85,0.0,0.0,0.0,0.08,0.03
8,PB_FED,-0.018039,0.05,0.2,0.3,0.7,0.75,0.8,0.9,0.0,0.0,0.0,0.1,0.04
8,PB_FED,-0.018059,0.15,0.2,0.3,0.7,0.65,0.75,0.95,0.0,0.0,0.0,0.12,0.04
8,PB_FED,-0.018062,0.05,0.25,0.3,0.7,0.7,0.8,0.9,-0.5,0.0,0.0,0.06,0.03
8,PB_only,-0.018072,0.1,0.15,0.4,0.7,0.7,0.85,0.9,0.0,0.0,0.0,0.08,0.03
8,PB_only,-0.018072,0.1,0.15,0.4,0.7,0.7,0.85,0.9,0.0,0.0,0.0,0.1,0.03
8,PB_FED,-0.018073,0.1,0.15,0.3,0.65,0.7,0.8,0.85,-0.5,0.0,0.0,0.12,0.05
8,PB_only,-0.018079,0.1,0.15,0.3,0.7,0.75,0.85,0.95,0.0,0.0,0.0,0.1,0.03
8,PB_only,-0.018083,0.1,0.15,0.35,0.7,0.65,0.85,0.9,0.0,0.0,0.0,0.06,0.03
8,PB_only,-0.018105,0.05,0.2,0.35,0.7,0.75,0.8,0.85,0.0,0.0,0.0,0.12,0.03
8,PB_only,-0.018117,0.15,0.2,0.3,0.7,0.7,0.75,0.85,0.0,0.0,0.0,0.12,0.05
8,PB_only,-0.018156,0.1,0.15,0.4,0.7,0.65,0.75,0.85,0.0,0.0,0.0,0.06,0.04
8,PB_FED,-0.018166,0.1,0.2,0.45,0.7,0.7,0.75,0.9,0.0,0.0,0.0,0.1,0.03
8,PB_only,-0.018181,0.1,0.15,0.3,0.7,0.65,0.85,0.9,0.0,0.0,0.0,0.06,0.04
8,PB_FED,-0.018181,0.1,0.15,0.35,0.65,0.65,0.8,0.85,-0.5,0.0,0.0,0.08,0.03
8,PB_only,-0.01822,0.15,0.25,0.3,0.7,0.65,0.75,0.85,0.0,0.0,0.0,0.12,0.03
8,PB_FED,-0.018225,0.05,0.2,0.3,0.7,0.65,0.8,0.9,0.0,0.0,0.0,0.06,0.04
8,PB_FED,-0.018231,0.15,0.2,0.4,0.7,0.7,0.75,0.85,0.0,0.0,0.0,0.06,0.05
8,PB_FED,-0.018253,0.1,0.2,0.4,0.7,0.65,0.8,0.85,0.0,0.0,0.0,0.12,0.04
8,PB_FED,-0.018256,0.15,0.2,0.3,0.7,0.7,0.8,0.95,0.0,0.0,0.0,0.08,0.04
8,PB_FED,-0.018257,0.1,0.25,0.35,0.7,0.75,0.85,0.9,-0.5,0.0,0.0,0.12,0.03
8,PB_only,-0.018341,0.05,0.2,0.3,0.7,0.65,0.85,0.9,0.0,0.0,0.0,0.06,0.03
8,PB_FED,-0.018348,0.05,0.25,0.3,0.7,0.7,0.75,0.9,-0.5,0.0,0.0,0.08,0.05
8,PB_FED,-0.018356,0.1,0.15,0.3,0.65,0.75,0.8,0.9,0.0,0.0,0.0,0.08,0.05
8,PB_only,-0.018359,0.1,0.25,0.3,0.7,0.7,0.75,0.85,0.0,0.0,0.0,0.06,0.04
8,PB_FED,-0.018413,0.05,0.2,0.35,0.7,0.65,0.75,0.9,0.0,0.0,0.0,0.1,0.04
8,PB_only,-0.018427,0.05,0.15,0.45,0.7,0.7,0.8,0.85,0.0,0.0,0.0,0.08,0.04
8,PB_only,-0.018463,0.1,0.15,0.4,0.7,0.65,0.85,0.9,0.0,0.0,0.0,0.12,0.03
8,PB_FED,-0.018464,0.1,0.2,0.3,0.65,0.7,0.75,0.9,0.0,0.0,0.0,0.08,0.04
8,PB_only,-0.018492,0.15,0.2,0.35,0.7,0.75,0.85,0.9,0.0,0.0,0.0,0.06,0.03
8,PB_only,-0.018493,0.05,0.2,0.35,0.7,0.7,0.8,0.85,0.0,0.0,0.0,0.1,0.03
8,PB_only,-0.018518,0.15,0.25,0.3,0.7,0.7,0.85,0.9,0.0,0.0,0.0,0.1,0.03
8,PB_only,-0.01853,0.05,0.15,0.35,0.7,0.65,0.75,0.9,0.0,0.0,0.0,0.1,0.05
8,PB_only,-0.018536,0.1,0.15,0.45,0.7,0.75,0.8,0.9,0.0,0.0,0.0,0.12,0.03
8,PB_FED,-0.01854,0.05,0.2,0.45,0.7,0.7,0.75,0.9,-0.5,0.0,0.0,0.08,0.03
8,PB_FED,-0.018556,0.1,0.15,0.3,0.65,0.65,0.8,0.95,-0.5,0.0,0.0,0.1,0.03
8,PB_FED,-0.018563,0.05,0.15,0.3,0.65,0.65,0.8,0.85,0.0,0.0,0.0,0.08,0.05
8,PB_FED,-0.018596,0.05,0.15,0.35,0.7,0.7,0.85,0.95,-0.5,0.0,0.0,0.06,0.04
8,PB_FED,-0.018616,0.1,0.15,0.45,0.7,0.65,0.85,0.9,-0.5,0.0,0.0,0.12,0.05
8,PB_only,-0.018618,0.15,0.2,0.4,0.7,0.7,0.8,0.85,0.0,0.0,0.0,0.12,0.03
8,PB_only,-0.01865,0.15,0.2,0.3,0.7,0.75,0.8,0.95,0.0,0.0,0.0,0.08,0.03
8,PB_only,-0.018651,0.1,0.2,0.35,0.7,0.75,0.85,0.9,0.0,0.0,0.0,0.08,0.03
8,PB_only,-0.018661,0.05,0.2,0.3,0.7,0.65,0.75,0.85,0.0,0.0,0.0,0.08,0.05
8,PB_only,-0.018681,0.15,0.25,0.35,0.7,0.7,0.75,0.9,0.0,0.0,0.0,0.1,0.03
8,PB_only,-0.018687,0.1,0.25,0.3,0.7,0.7,0.75,0.9,0.0,0.0,0.0,0.1,0.04
8,PB_FED,-0.018702,0.15,0.25,0.4,0.7,0.75,0.8,0.85,0.0,0.0,0.0,0.08,0.04
8,PB_only,-0.018709,0.05,0.15,0.45,0.7,0.7,0.75,0.9,0.0,0.0,0.0,0.06,0.04
8,PB_only,-0.018714,0.05,0.25,0.3,0.7,0.75,0.85,0.9,0.0,0.0,0.0,0.12,0.03
8,PB_FED,-0.018739,0.1,0.2,0.45,0.7,0.7,0.8,0.9,0.0,0.0,0.0,0.06,0.03
8,PB_FED,-0.01874,0.15,0.2,0.3,0.65,0.65,0.8,0.85,-0.5,0.0,0.0,0.12,0.04
8,PB_only,-0.018743,0.15,0.25,0.3,0.7,0.7,0.75,0.95,0.0,0.0,0.0,0.1,0.03
8,PB_FED,-0.018751,0.05,0.25,0.3,0.7,0.7,0.75,0.95,-0.5,0.0,0.0,0.06,0.05
8,PB_FED,-0.018751,0.1,0.25,0.35,0.7,0.65,0.75,0.85,-0.5,0.0,0.0,0.06,0.05
8,PB_FED,-0.018755,0.05,0.2,0.45,0.7,0.7,0.8,0.85,-0.5,0.0,0.0,0.06,0.04
8,PB_only,-0.018756,0.1,0.15,0.35,0.7,0.75,0.8,0.85,0.0,0.0,0.0,0.08,0.05
8,PB_only,-0.018763,0.1,0.15,0.45,0.7,0.65,0.8,0.85,0.0,0.0,0.0,0.1,0.04
8,PB_FED,-0.01877,0.05,0.2,0.3,0.65,0.75,0.8,0.85,-0.5,0.0,0.0,0.12,0.03
8,PB_only,-0.018782,0.05,0.15,0.3,0.7,0.75,0.85,0.95,0.0,0.0,0.0,0.06,0.04
8,PB_FED,-0.018788,0.05,0.15,0.35,0.7,0.65,0.8,0.95,-0.5,0.0,0.0,0.12,0.04
8,PB_FED,-0.018808,0.1,0.2,0.45,0.7,0.65,0.75,0.9,-0.5,0.0,0.0,0.06,0.05
8,PB_FED,-0.018816,0.1,0.2,0.3,0.65,0.75,0.85,0.9,0.0,0.0,0.0,0.06,0.03
8,PB_only,-0.018832,0.15,0.25,0.4,0.7,0.7,0.75,0.85,0.0,0.0,0.0,0.1,0.03
8,PB_only,-0.018854,0.05,0.2,0.4,0.7,0.7,0.8,0.85,0.0,0.0,0.0,0.1,0.04
8,PB_only,-0.018887,0.15,0.25,0.35,0.7,0.7,0.8,0.85,0.0,0.0,0.0,0.1,0.04
8,PB_FED,-0.01894,0.05,0.2,0.35,0.7,0.65,0.75,0.95,-0.5,0.0,0.0,0.12,0.05
8,PB_only,-0.01895,0.1,0.2,0.35,0.7,0.65,0.8,0.9,0.0,0.0,0.0,0.06,0.03
8,PB_only,-0.01895,0.1,0.2,0.35,0.7,0.65,0.8,0.9,0.0,0.0,0.0,0.1,0.03
8,PB_only,-0.018957,0.1,0.25,0.3,0.7,0.7,0.75,0.85,0.0,0.0,0.0,0.1,0.05
8,PB_only,-0.018961,0.05,0.15,0.35,0.7,0.65,0.75,0.95,0.0,0.0,0.0,0.12,0.05
8,PB_only,-0.018967,0.05,0.15,0.4,0.7,0.7,0.85,0.9,0.0,0.0,0.0,0.12,0.04
8,PB_only,-0.018993,0.05,0.15,0.45,0.7,0.65,0.8,0.9,0.0,0.0,0.0,0.12,0.03
8,PB_FED,-0.018996,0.15,0.25,0.45,0.7,0.7,0.75,0.85,0.0,0.0,0.0,0.12,0.04
8,PB_only,-0.019009,0.05,0.2,0.3,0.7,0.75,0.8,0.85,0.0,0.0,0.0,0.1,0.05
8,PB_only,-0.019013,0.05,0.15,0.3,0.65,0.65,0.8,0.85,0.0,0.0,0.0,0.08,0.03
8,PB_only,-0.019015,0.05,0.2,0.35,0.7,0.65,0.8,0.9,0.0,0.0,0.0,0.12,0.03
8,PB_only,-0.019048,0.1,0.2,0.35,0.7,0.65,0.85,0.9,0.0,0.0,0.0,0.12,0.03
8,PB_only,-0.019069,0.1,0.25,0.35,0.7,0.7,0.8,0.85,0.0,0.0,0.0,0.1,0.04
8,PB_FED,-0.019073,0.05,0.15,0.3,0.6,0.7,0.75,0.85,0.0,0.0,0.0,0.08,0.04
8,PB_only,-0.019076,0.05,0.15,0.4,0.7,0.7,0.8,0.9,0.0,0.0,0.0,0.08,0.05
8,PB_only,-0.019097,0.05,0.25,0.35,0.7,0.7,0.75,0.85,0.0,0.0,0.0,0.06,0.04
8,PB_FED,-0.019102,0.05,0.2,0.3,0.65,0.65,0.8,0.85,-0.5,0.0,0.0,0.1,0.03
8,PB_only,-0.019107,0.1,0.2,0.4,0.7,0.65,0.75,0.85,0.0,0.0,0.0,0.12,0.04
8,PB_FED,-0.019131,0.1,0.15,0.3,0.6,0.7,0.8,0.85,0.0,0.0,0.0,0.06,0.04
8,PB_FED,-0.019135,0.1,0.25,0.35,0.7,0.65,0.75,0.85,0.0,0.0,0.0,0.06,0.05
8,PB_only,-0.019174,0.1,0.15,0.3,0.65,0.65,0.8,0.85,0.0,0.0,0.0,0.12,0.04
8,PB_only,-0.019185,0.1,0.15,0.35,0.7,0.7,0.8,0.95,0.0,0.0,0.0,0.12,0.05
8,PB_FED,-0.019205,0.1,0.25,0.35,0.7,0.7,0.75,0.95,0.0,0.0,0.0,0.1,0.05
8,PB_only,-0.019207,0.1,0.25,0.4,0.7,0.7,0.75,0.9,0.0,0.0,0.0,0.08,0.03
8,PB_FED,-0.01922,0.1,0.25,0.3,0.7,0.75,0.85,0.95,-0.5,0.0,0.0,0.1,0.05
8,PB_only,-0.019222,0.15,0.25,0.4,0.7,0.7,0.8,0.85,0.0,0.0,0.0,0.12,0.04
8,PB_only,-0.019234,0.15,0.2,0.4,0.7,0.65,0.75,0.9,0.0,0.0,0.0,0.1,0.04
8,PB_only,-0.019272,0.1,0.15,0.4,0.7,0.75,0.85,0.9,0.0,0.0,0.0,0.06,0.05
8,PB_FED,-0.019299,0.05,0.2,0.3,0.7,0.75,0.85,0.95,0.0,0.0,0.0,0.08,0.04
8,PB_only,-0.019353,0.05,0.15,0.4,0.7,0.65,0.85,0.9,0.0,0.0,0.0,0.1,0.04
8,PB_only,-0.019402,0.1,0.25,0.4,0.7,0.65,0.75,0.85,0.0,0.0,0.0,0.1,0.03
8,PB_only,-0.019408,0.1,0.2,0.45,0.7,0.65,0.75,0.9,0.0,0.0,0.0,0.1,0.03
8,PB_FED,-0.019418,0.1,0.25,0.3,0.65,0.65,0.8,0.85,-0.5,0.0,0.0,0.08,0.04
8,PB_only,-0.019421,0.1,0.25,0.3,0.7,0.65,0.75,0.85,0.0,0.0,0.0,0.08,0.05
8,PB_FED,-0.019422,0.15,0.25,0.35,0.7,0.65,0.85,0.9,-0.5,0.0,0.0,0.08,0.04
8,PB_FED,-0.019423,0.2,0.25,0.4,0.7,0.75,0.8,0.9,-0.5,0.0,0.0,0.12,0.03
8,PB_FED,-0.019425,0.1,0.2,0.3,0.65,0.75,0.8,0.9,0.0,0.0,0.0,0.12,0.05
8,PB_FED,-0.01946,0.15,0.25,0.35,0.7,0.75,0.8,0.85,0.0,0.0,0.0,0.12,0.05
8,PB_FED,-0.019464,0.1,0.15,0.3,0.65,0.75,0.85,0.95,0.0,0.0,0.0,0.1,0.04
8,PB_FED,-0.019466,0.1,0.3,0.35,0.7,0.75,0.8,0.85,-0.5,0.0,0.0,0.06,0.04
8,PB_only,-0.019469,0.15,0.2,0.3,0.7,0.65,0.85,0.9,0.0,0.0,0.0,0.12,0.05
8,PB_only,-0.019473,0.1,0.25,0.35,0.7,0.65,0.8,0.85,0.0,0.0,0.0,0.1,0.04
8,PB_only,-0.019478,0.1,0.2,0.35,0.7,0.75,0.85,0.9,0.0,0.0,0.0,0.1,0.04
8,PB_only,-0.019485,0.1,0.25,0.3,0.7,0.7,0.75,0.95,0.0,0.0,0.0,0.06,0.04
8,PB_FED,-0.019496,0.05,0.15,0.3,0.65,0.65,0.85,0.95,0.0,0.0,0.0,0.06,0.03
8,PB_only,-0.019503,0.1,0.15,0.4,0.7,0.75,0.8,0.95,0.0,0.0,0.0,0.1,0.04
8,PB_only,-0.019519,0.05,0.2,0.4,0.7,0.65,0.85,0.9,0.0,0.0,0.0,0.06,0.03
8,PB_only,-0.019519,0.05,0.2,0.4,0.7,0.65,0.85,0.9,0.0,0.0,0.0,0.12,0.03
8,PB_FED,-0.01952,0.15,0.25,0.35,0.7,0.65,0.8,0.95,-0.5,0.0,0.0,0.08,0.03
8,PB_only,-0.019544,0.05,0.2,0.35,0.7,0.65,0.8,0.85,0.0,0.0,0.0,0.06,0.05
8,PB_only,-0.019547,0.15,0.2,0.35,0.7,0.75,0.8,0.85,0.0,0.0,0.0,0.1,0.05
8,PB_only,-0.019556,0.1,0.15,0.35,0.7,0.75,0.85,0.95,0.0,0.0,0.0,0.06,0.05
8,PB_FED,-0.019567,0.1,0.25,0.4,0.7,0.7,0.8,0.85,0.0,0.0,0.0,0.08,0.05
8,PB_FED,-0.019574,0.1,0.25,0.45,0.7,0.7,0.8,0.9,0.0,0.0,0.0,0.12,0.03
8,PB_FED,-0.019586,0.1,0.2,0.4,0.7,0.65,0.8,0.95,-0.5,0.0,0.0,0.1,0.04
8,PB_only,-0.019592,0.1,0.2,0.35,0.7,0.75,0.8,0.9,0.0,0.0,0.0,0.1,0.05
8,PB_only,-0.019604,0.05,0.15,0.35,0.7,0.75,0.85,0.95,0.0,0.0,0.0,0.12,0.05
8,PB_FED,-0.019604,0.1,0.25,0.35,0.7,0.75,0.8,0.85,0.0,0.0,0.0,0.12,0.05
8,PB_FED,-0.019608,0.1,0.2,0.3,0.65,0.65,0.8,0.95,0.0,0.0,0.0,0.06,0.03
8,PB_only,-0.019616,0.15,0.2,0.35,0.7,0.7,0.85,0.95,0.0,0.0,0.0,0.12,0.03
8,PB_only,-0.019636,0.05,0.2,0.45,0.7,0.7,0.75,0.9,0.0,0.0,0.0,0.1,0.04
8,PB_only,-0.019636,0.15,0.25,0.4,0.7,0.65,0.8,0.85,0.0,0.0,0.0,0.1,0.04
8,PB_only,-0.01965,0.15,0.2,0.4,0.7,0.75,0.85,0.9,0.0,0.0,0.0,0.08,0.04
8,PB_only,-0.019664,0.15,0.2,0.4,0.7,0.7,0.75,0.95,0.0,0.0,0.0,0.12,0.05
8,PB_FED,-0.019667,0.15,0.25,0.4,0.65,0.65,0.75,0.85,0.0,0.0,0.0,0.08,0.03
8,PB_only,-0.019668,0.15,0.2,0.45,0.7,0.7,0.8,0.85,0.0,0.0,0.0,0.08,0.05
8,PB_only,-0.019701,0.15,0.2,0.45,0.7,0.65,0.85,0.9,0.0,0.0,0.0,0.06,0.03
8,PB_only,-0.019703,0.15,0.2,0.4,0.7,0.65,0.8,0.85,0.0,0.0,0.0,0.06,0.05
8,PB_FED,-0.019718,0.15,0.2,0.4,0.7,0.65,0.8,0.95,-0.5,0.0,0.0,0.1,0.04
8,PB_only,-0.019725,0.05,0.15,0.35,0.65,0.7,0.75,0.85,0.0,0.0,0.0,0.1,0.04
8,PB_FED,-0.019732,0.1,0.15,0.35,0.65,0.7,0.8,0.95,-0.5,0.0,0.0,0.08,0.04
8,PB_FED,-0.019738,0.1,0.25,0.3,0.65,0.65,0.85,0.9,0.0,0.0,0.0,0.06,0.03
8,PB_only,-0.01974,0.05,0.25,0.4,0.7,0.7,0.8,0.9,0.0,0.0,0.0,0.1,0.03
8,PB_only,-0.019742,0.15,0.2,0.3,0.7,0.65,0.85,0.95,0.0,0.0,0.0,0.06,0.03
8,PB_FED,-0.019748,0.05,0.2,0.35,0.7,0.7,0.85,0.95,-0.5,0.0,0.0,0.12,0.05
8,PB_FED,-0.019761,0.05,0.15,0.3,0.6,0.7,0.75,0.85,0.0,0.0,0.0,0.1,0.05
8,PB_only,-0.019765,0.1,0.2,0.35,0.7,0.7,0.85,0.95,0.0,0.0,0.0,0.08,0.03
8,PB_FED,-0.019765,0.15,0.25,0.35,0.7,0.65,0.85,0.9,0.0,0.0,0.0,0.12,0.04
8,PB_FED,-0.019785,0.15,0.2,0.3,0.65,0.75,0.8,0.9,-0.5,0.0,0.0,0.12,0.05
8,PB_FED,-0.019792,0.1,0.25,0.3,0.65,0.65,0.75,0.9,-0.5,0.0,0.0,0.12,0.05
8,PB_FED,-0.019823,0.15,0.2,0.3,0.65,0.75,0.85,0.9,0.0,0.0,0.0,0.06,0.05
8,PB_only,-0.019839,0.05,0.2,0.4,0.7,0.65,0.75,0.85,0.0,0.0,0.0,0.08,0.05
8,PB_FED,-0.01985,0.15,0.2,0.4,0.7,0.75,0.85,0.95,0.0,0.0,0.0,0.06,0.05
8,PB_only,-0.019861,0.05,0.2,0.3,0.7,0.75,0.85,0.95,0.0,0.0,0.0,0.1,0.05
8,PB_FED,-0.01987,0.1,0.2,0.3,0.65,0.75,0.85,0.95,-0.5,0.0,0.0,0.06,0.03
8,PB_only,-0.019871,0.05,0.2,0.35,0.7,0.7,0.85,0.95,0.0,0.0,0.0,0.1,0.03
8,PB_FED,-0.019871,0.15,0.3,0.45,0.7,0.7,0.75,0.85,-0.5,0.0,0.0,0.12,0.03
8,PB_FED,-0.019878,0.1,0.25,0.3,0.65,0.65,0.75,0.85,-0.5,0.0,0.0,0.08,0.05
8,PB_only,-0.019892,0.05,0.2,0.3,0.7,0.65,0.8,0.95,0.0,0.0,0.0,0.1,0.05
8,PB_FED,-0.019905,0.1,0.2,0.35,0.7,0.65,0.85,0.95,0.0,0.0,0.0,0.08,0.05
8,PB_FED,-0.01992,0.15,0.3,0.35,0.7,0.7,0.75,0.95,0.0,0.0,0.0,0.12,0.03
8,PB_FED,-0.019928,0.15,0.25,0.3,0.7,0.65,0.85,0.95,-0.5,0.0,0.0,0.1,0.04
8,PB_FED,-0.019935,0.1,0.25,0.45,0.7,0.65,0.75,0.9,0.0,0.0,0.0,0.1,0.05
8,PB_only,-0.019942,0.05,0.2,0.3,0.65,0.65,0.75,0.85,0.0,0.0,0.0,0.12,0.04
8,PB_FED,-0.019942,0.1,0.2,0.3,0.65,0.65,0.85,0.9,-0.5,0.0,0.0,0.1,0.05
8,PB_only,-0.019959,0.05,0.2,0.4,0.7,0.65,0.8,0.9,0.0,0.0,0.0,0.1,0.04
8,PB_FED,-0.019969,0.15,0.25,0.35,0.65,0.75,0.8,0.85,-0.5,0.0,0.0,0.06,0.03
8,PB_FED,-0.019971,0.1,0.15,0.4,0.65,0.65,0.85,0.9,-0.5,0.0,0.0,0.12,0.05
8,PB_FED,-0.019978,0.2,0.3,0.35,0.7,0.75,0.8,0.85,-0.5,0.0,0.0,0.08,0.03
8,PB_only,-0.01998,0.2,0.25,0.4,0.7,0.65,0.75,0.85,0.0,0.0,0.0,0.12,0.03
8,PB_only,-0.01998,0.05,0.2,0.45,0.7,0.7,0.8,0.85,0.0,0.0,0.0,0.08,0.05
8,PB_FED,-0.020001,0.15,0.2,0.45,0.7,0.65,0.85,0.9,0.0,0.0,0.0,0.12,0.05
8,PB_only,-0.020015,0.05,0.15,0.45,0.7,0.65,0.8,0.9,0.0,0.0,0.0,0.08,0.05
8,PB_only,-0.020091,0.15,0.25,0.3,0.7,0.65,0.8,0.95,0.0,0.0,0.0,0.1,0.03
8,PB_FED,-0.020123,0.05,0.2,0.45,0.7,0.65,0.85,0.9,-0.5,0.0,0.0,0.06,0.04
8,PB_FED,-0.020134,0.2,0.25,0.4,0.7,0.65,0.75,0.95,0.0,0.0,0.0,0.06,0.03
8,PB_only,-0.020143,0.2,0.25,0.3,0.7,0.7,0.75,0.95,0.0,0.0,0.0,0.08,0.04
8,PB_FED,-0.020144,0.15,0.25,0.3,0.65,0.7,0.8,0.95,0.0,0.0,0.0,0.12,0.03
8,PB_only,-0.020156,0.1,0.15,0.4,0.65,0.65,0.75,0.85,0.0,0.0,0.0,0.06,0.04
8,PB_only,-0.020163,0.2,0.25,0.4,0.7,0.65,0.75,0.9,0.0,0.0,0.0,0.08,0.03
8,PB_FED,-0.020176,0.2,0.25,0.3,0.65,0.7,0.75,0.95,0.0,0.0,0.0,0.08,0.03
8,PB_FED,-0.020183,0.1,0.3,0.35,0.7,0.7,0.8,0.85,0.0,0.0,0.0,0.08,0.03
8,PB_only,-0.020185,0.1,0.15,0.3,0.65,0.7,0.75,0.95,0.0,0.0,0.0,0.12,0.05
8,PB_only,-0.020194,0.15,0.2,0.3,0.65,0.65,0.8,0.9,0.0,0.0,0.0,0.12,0.03
8,PB_FED,-0.020197,0.1,0.25,0.4,0.7,0.7,0.85,0.9,0.0,0.0,0.0,0.1,0.05
8,PB_FED,-0.020199,0.05,0.15,0.4,0.65,0.65,0.75,0.95,0.0,0.0,0.0,0.08,0.04
8,PB_FED,-0.020203,0.1,0.15,0.4,0.65,0.7,0.8,0.95,0.0,0.0,0.0,0.1,0.05
8,PB_FED,-0.020206,0.1,0.15,0.45,0.7,0.65,0.85,0.95,0.0,0.0,0.0,0.06,0.04
8,PB_FED,-0.020212,0.05,0.25,0.4,0.7,0.75,0.85,0.95,-0.5,0.0,0.0,0.06,0.03
8,PB_FED,-0.020226,0.1,0.25,0.35,0.65,0.65,0.8,0.9,0.0,0.0,0.0,0.08,0.03
8,PB_FED,-0.020229,0.15,0.25,0.4,0.7,0.65,0.8,0.95,-0.5,0.0,0.0,0.1,0.05
8,PB_FED,-0.020231,0.1,0.2,0.3,0.6,0.65,0.8,0.9,0.0,0.0,0.0,0.1,0.03
8,PB_only,-0.020242,0.1,0.15,0.3,0.65,0.7,0.8,0.95,0.0,0.0,0.0,0.12,0.03
8,PB_FED,-0.020256,0.15,0.25,0.4,0.7,0.75,0.85,0.95,-0.5,0.0,0.0,0.08,0.04
8,PB_FED,-0.020287,0.15,0.3,0.4,0.7,0.7,0.75,0.9,0.0,0.0,0.0,0.1,0.04
8,PB_only,-0.020292,0.05,0.15,0.3,0.65,0.7,0.8,0.9,0.0,0.0,0.0,0.1,0.05
8,PB_only,-0.020293,0.05,0.2,0.3,0.65,0.7,0.75,0.9,0.0,0.0,0.0,0.06,0.04
8,PB_FED,-0.020301,0.05,0.25,0.4,0.7,0.75,0.8,0.95,0.0,0.0,0.0,0.1,0.03
8,PB_only,-0.020302,0.1,0.2,0.45,0.7,0.7,0.75,0.95,0.0,0.0,0.0,0.08,0.04
8,PB_FED,-0.020309,0.05,0.15,0.35,0.6,0.65,0.75,0.9,0.0,0.0,0.0,0.06,0.04
8,PB_only,-0.020321,0.1,0.15,0.4,0.65,0.65,0.8,0.85,0.0,0.0,0.0,0.08,0.03
8,PB_FED,-0.020321,0.05,0.15,0.3,0.6,0.75,0.8,0.85,-0.5,0.0,0.0,0.06,0.04
8,PB_only,-0.020337,0.05,0.25,0.3,0.65,0.7,0.75,0.85,0.0,0.0,0.0,0.12,0.03
8,PB_FED,-0.020338,0.05,0.15,0.35,0.6,0.7,0.75,0.9,0.0,0.0,0.0,0.06,0.04
8,PB_only,-0.020344,0.05,0.15,0.4,0.65,0.7,0.8,0.85,0.0,0.0,0.0,0.06,0.03
8,PB_only,-0.020345,0.1,0.25,0.3,0.65,0.65,0.75,0.85,0.0,0.0,0.0,0.08,0.03
8,PB_only,-0.020345,0.15,0.2,0.35,0.7,0.75,0.85,0.95,0.0,0.0,0.0,0.08,0.05
8,PB_FED,-0.020375,0.15,0.25,0.3,0.65,0.7,0.75,0.95,-0.5,0.0,0.0,0.1,0.04
8,PB_FED,-0.020384,0.15,0.25,0.4,0.65,0.7,0.75,0.9,0.0,0.0,0.0,0.06,0.04
8,PB_FED,-0.020388,0.05,0.2,0.35,0.65,0.65,0.75,0.85,-0.5,0.0,0.0,0.12,0.05
8,PB_FED,-0.020393,0.1,0.15,0.4,0.65,0.65,0.8,0.95,-0.5,0.0,0.0,0.1,0.04
8,PB_FED,-0.020396,0.05,0.25,0.45,0.7,0.7,0.75,0.9,0.0,0.0,0.0,0.06,0.05
8,PB_only,-0.020406,0.1,0.15,0.45,0.7,0.75,0.85,0.95,0.0,0.0,0.0,0.08,0.04
8,PB_FED,-0.02042,0.05,0.2,0.45,0.7,0.7,0.85,0.9,0.0,0.0,0.0,0.12,0.04
8,PB_only,-0.020448,0.1,0.25,0.45,0.7,0.7,0.75,0.85,0.0,0.0,0.0,0.12,0.05
8,PB_only,-0.020454,0.05,0.2,0.45,0.7,0.65,0.75,0.9,0.0,0.0,0.0,0.08,0.05
8,PB_only,-0.020461,0.1,0.25,0.45,0.7,0.65,0.8,0.9,0.0,0.0,0.0,0.1,0.03
8,PB_FED,-0.020468,0.1,0.15,0.3,0.6,0.7,0.8,0.9,-0.5,0.0,0.0,0.1,0.04
8,PB_only,-0.020472,0.1,0.2,0.4,0.7,0.75,0.8,0.95,0.0,0.0,0.0,0.08,0.05
8,PB_FED,-0.020477,0.15,0.3,0.45,0.7,0.65,0.75,0.85,-0.5,0.0,0.0,0.12,0.04
8,PB_FED,-0.02048,0.15,0.3,0.45,0.7,0.7,0.75,0.95,-0.5,0.0,0.0,0.06,0.03
8,PB_only,-0.020488,0.1,0.3,0.35,0.7,0.7,0.8,0.85,0.0,0.0,0.0,0.1,0.04
8,PB_FED,-0.020492,0.2,0.25,0.35,0.65,0.75,0.8,0.85,0.0,0.0,0.0,0.12,0.03
8,PB_only,-0.020506,0.15,0.3,0.35,0.7,0.7,0.75,0.9,0.0,0.0,0.0,0.12,0.04
8,PB_only,-0.020507,0.1,0.15,0.45,0.7,0.65,0.8,0.95,0.0,0.0,0.0,0.08,0.05
8,PB_FED,-0.02053,0.05,0.2,0.4,0.65,0.75,0.8,0.9,-0.5,0.0,0.0,0.12,0.03
8,PB_FED,-0.02053,0.2,0.25,0.45,0.7,0.7,0.8,0.95,-0.5,0.0,0.0,0.12,0.03
8,PB_only,-0.020531,0.2,0.3,0.35,0.7,0.7,0.75,0.85,0.0,0.0,0.0,0.06,0.03
8,PB_only,-0.020531,0.1,0.25,0.3,0.7,0.75,0.85,0.95,0.0,0.0,0.0,0.08,0.05
8,PB_only,-0.020531,0.2,0.3,0.35,0.7,0.7,0.75,0.85,0.0,0.0,0.0,0.12,0.03
8,PB_FED,-0.020533,0.1,0.25,0.4,0.7,0.65,0.85,0.95,-0.5,0.0,0.0,0.12,0.05
8,PB_FED,-0.020549,0.1,0.25,0.4,0.65,0.7,0.75,0.9,0.0,0.0,0.0,0.06,0.04
8,PB_only,-0.020553,0.1,0.15,0.3,0.65,0.65,0.8,0.95,0.0,0.0,0.0,0.08,0.03
8,PB_only,-0.020557,0.05,0.2,0.4,0.7,0.7,0.8,0.95,0.0,0.0,0.0,0.08,0.04
8,PB_only,-0.020574,0.05,0.2,0.3,0.7,0.65,0.85,0.95,0.0,0.0,0.0,0.1,0.04
8,PB_only,-0.020579,0.1,0.25,0.35,0.7,0.65,0.75,0.95,0.0,0.0,0.0,0.08,0.05
8,PB_only,-0.020579,0.2,0.25,0.3,0.7,0.65,0.85,0.9,0.0,0.0,0.0,0.06,0.04
8,PB_FED,-0.020591,0.1,0.2,0.4,0.65,0.65,0.8,0.9,0.0,0.0,0.0,0.06,0.05
8,PB_FED,-0.020598,0.15,0.3,0.35,0.7,0.7,0.85,0.9,-0.5,0.0,0.0,0.08,0.04
8,PB_FED,-0.020605,0.05,0.2,0.4,0.7,0.7,0.85,0.95,0.0,0.0,0.0,0.1,0.05
8,PB_only,-0.020613,0.05,0.2,0.3,0.65,0.7,0.75,0.85,0.0,0.0,0.0,0.12,0.05
8,PB_FED,-0.020621,0.2,0.25,0.4,0.7,0.65,0.85,0.9,-0.5,0.0,0.0,0.1,0.04
8,PB_only,-0.020622,0.05,0.15,0.35,0.65,0.7,0.8,0.85,0.0,0.0,0.0,0.12,0.05
8,PB_FED,-0.020636,0.2,0.25,0.4,0.65,0.65,0.75,0.9,0.0,0.0,0.0,0.1,0.03
8,PB_FED,-0.020641,0.05,0.15,0.4,0.65,0.75,0.85,0.9,0.0,0.0,0.0,0.06,0.05
8,PB_only,-0.020642,0.05,0.25,0.35,0.7,0.7,0.85,0.9,0.0,0.0,0.0,0.1,0.05
8,PB_FED,-0.020643,0.1,0.2,0.45,0.65,0.65,0.75,0.9,-0.5,0.0,0.0,0.1,0.05
8,PB_only,-0.020648,0.05,0.15,0.4,0.65,0.65,0.85,0.9,0.0,0.0,0.0,0.06,0.03
8,PB_only,-0.020654,0.05,0.25,0.4,0.7,0.65,0.8,0.9,0.0,0.0,0.0,0.1,0.04
8,PB_only,-0.020657,0.1,0.15,0.4,0.65,0.75,0.85,0.9,0.0,0.0,0.0,0.12,0.03
8,PB_only,-0.020663,0.1,0.15,0.35,0.65,0.75,0.8,0.9,0.0,0.0,0.0,0.08,0.04
8,PB_FED,-0.020667,0.1,0.15,0.35,0.6,0.75,0.8,0.9,0.0,0.0,0.0,0.06,0.04
8,PB_only,-0.020682,0.05,0.15,0.3,0.65,0.7,0.85,0.9,0.0,0.0,0.0,0.06,0.05
8,PB_FED,-0.020691,0.05,0.15,0.3,0.6,0.65,0.85,0.9,-0.5,0.0,0.0,0.1,0.03
8,PB_only,-0.020692,0.1,0.15,0.35,0.65,0.7,0.8,0.85,0.0,0.0,0.0,0.06,0.05
8,PB_only,-0.020701,0.15,0.25,0.45,0.7,0.65,0.75,0.85,0.0,0.0,0.0,0.12,0.05
8,PB_only,-0.020712,0.05,0.2,0.4,0.7,0.65,0.75,0.95,0.0,0.0,0.0,0.06,0.04
8,PB_only,-0.020717,0.05,0.3,0.35,0.7,0.7,0.8,0.85,0.0,0.0,0.0,0.12,0.03
8,PB_only,-0.020718,0.15,0.25,0.45,0.7,0.7,0.8,0.95,0.0,0.0,0.0,0.1,0.03
8,PB_only,-0.020726,0.05,0.25,0.3,0.65,0.65,0.75,0.85,0.0,0.0,0.0,0.12,0.04
8,PB_only,-0.02074,0.2,0.25,0.35,0.7,0.75,0.85,0.9,0.0,0.0,0.0,0.1,0.04
8,PB_FED,-0.020761,0.15,0.2,0.45,0.65,0.65,0.85,0.9,-0.5,0.0,0.0,0.06,0.03
8,PB_FED,-0.020784,0.1,0.2,0.4,0.65,0.65,0.8,0.95,0.0,0.0,0.0,0.1,0.03
8,PB_only,-0.020792,0.1,0.2,0.35,0.65,0.7,0.75,0.85,0.0,0.0,0.0,0.06,0.04
8,PB_FED,-0.020795,0.1,0.15,0.45,0.65,0.65,0.8,0.95,-0.5,0.0,0.0,0.1,0.05
8,PB_only,-0.020803,0.15,0.2,0.35,0.7,0.65,0.85,0.95,0.0,0.0,0.0,0.06,0.05
8,PB_only,-0.020806,0.15,0.25,0.35,0.7,0.65,0.85,0.9,0.0,0.0,0.0,0.12,0.05
8,PB_FED,-0.020816,0.2,0.25,0.35,0.65,0.65,0.75,0.9,0.0,0.0,0.0,0.12,0.04
8,PB_only,-0.020822,0.15,0.2,0.3,0.65,0.75,0.8,0.9,0.0,0.0,0.0,0.1,0.04
8,PB_only,-0.020837,0.15,0.2,0.3,0.65,0.7,0.8,0.85,0.0,0.0,0.0,0.08,0.05
8,PB_FED,-0.020846,0.05,0.15,0.3,0.6,0.75,0.85,0.9,0.0,0.0,0.0,0.06,0.04
8,PB_only,-0.020847,0.2,0.3,0.4,0.7,0.7,0.75,0.85,0.0,0.0,0.0,0.08,0.03
8,PE_FED,-0.02085,0.1,0.15,0.3,0.7,0.65,0.75,0.95,0.0,0.0,0.0,0.1,0.03
8,PB_FED,-0.020851,0.05,0.15,0.45,0.6,0.7,0.75,0.85,0.0,0.0,0.0,0.1,0.03
8,PB_only,-0.020863,0.05,0.3,0.35,0.7,0.7,0.8,0.9,0.0,0.0,0.0,0.12,0.03
8,PB_FED,-0.020878,0.15,0.2,0.3,0.55,0.65,0.75,0.85,0.0,0.0,0.0,0.1,0.03
8,PB_only,-0.020883,0.05,0.15,0.3,0.65,0.7,0.8,0.95,0.0,0.0,0.0,0.06,0.05
8,PB_only,-0.020883,0.05,0.15,0.3,0.65,0.7,0.8,0.95,0.0,0.0,0.0,0.12,0.05
8,PB_only,-0.020887,0.2,0.3,0.35,0.7,0.7,0.75,0.85,0.0,0.0,0.0,0.06,0.04
8,PB_only,-0.020903,0.15,0.25,0.4,0.7,0.7,0.8,0.95,0.0,0.0,0.0,0.08,0.04
8,PB_FED,-0.020908,0.15,0.3,0.4,0.7,0.75,0.85,0.9,-0.5,0.0,0.0,0.08,0.04
8,PB_FED,-0.020913,0.05,0.25,0.4,0.65,0.75,0.8,0.85,-0.5,0.0,0.0,0.12,0.03
8,PB_FED,-0.020921,0.1,0.15,0.35,0.6,0.65,0.8,0.9,0.0,0.0,0.0,0.06,0.05
8,PB_FED,-0.020942,0.2,0.3,0.35,0.7,0.7,0.8,0.9,-0.5,0.0,0.0,0.12,0.04
8,PB_only,-0.020952,0.05,0.3,0.35,0.7,0.7,0.85,0.9,0.0,0.0,0.0,0.08,0.03
8,PB_only,-0.020952,0.05,0.2,0.35,0.65,0.65,0.8,0.85,0.0,0.0,0.0,0.06,0.04
8,PB_only,-0.020965,0.1,0.15,0.3,0.65,0.75,0.8,0.95,0.0,0.0,0.0,0.06,0.05
8,PB_only,-0.020983,0.1,0.3,0.4,0.7,0.75,0.8,0.9,0.0,0.0,0.0,0.1,0.03
8,PB_only,-0.020987,0.1,0.25,0.3,0.7,0.65,0.85,0.95,0.0,0.0,0.0,0.08,0.05
6,PB_FED,-0.021005,0.05,0.15,0.3,0.7,0.65,0.85,0.9,-0.5,0.0,0.0,0.1,0.03
8,PB_FED,-0.021015,0.05,0.15,0.3,0.6,0.7,0.85,0.9,0.0,0.0,0.0,0.08,0.05
8,PB_only,-0.021057,0.05,0.2,0.45,0.7,0.75,0.8,0.95,0.0,0.0,0.0,0.1,0.04
8,PB_only,-0.021059,0.2,0.25,0.4,0.7,0.75,0.85,0.9,0.0,0.0,0.0,0.08,0.04
8,PB_only,-0.021076,0.05,0.25,0.3,0.65,0.7,0.75,0.9,0.0,0.0,0.0,0.12,0.04
8,PB_only,-0.021078,0.1,0.25,0.3,0.65,0.75,0.8,0.9,0.0,0.0,0.0,0.08,0.03
8,PB_only,-0.02108,0.05,0.15,0.4,0.65,0.65,0.75,0.95,0.0,0.0,0.0,0.1,0.03
8,PB_FED,-0.021087,0.15,0.3,0.35,0.7,0.75,0.85,0.9,0.0,0.0,0.0,0.12,0.04
8,PB_FED,-0.021093,0.05,0.3,0.4,0.7,0.7,0.75,0.85,-0.5,0.0,0.0,0.06,0.05
8,PB_only,-0.021097,0.2,0.3,0.35,0.7,0.7,0.8,0.9,0.0,0.0,0.0,0.06,0.03
8,PB_only,-0.021097,0.2,0.3,0.35,0.7,0.75,0.8,0.9,0.0,0.0,0.0,0.06,0.03
8,PB_only,-0.0211,0.15,0.2,0.35,0.65,0.65,0.85,0.9,0.0,0.0,0.0,0.06,0.03
8,PB_only,-0.021109,0.1,0.15,0.4,0.65,0.65,0.8,0.85,0.0,0.0,0.0,0.12,0.05
6,PB_only,-0.021113,0.05,0.15,0.3,0.7,0.75,0.85,0.9,0.0,0.0,0.0,0.06,0.04
6,PB_FED,-0.021114,0.05,0.15,0.35,0.7,0.65,0.75,0.85,-0.5,0.0,0.0,0.06,0.03
8,PB_FED,-0.021114,0.2,0.25,0.35,0.65,0.7,0.75,0.9,0.0,0.0,0.0,0.06,0.05
6,PB_only,-0.021127,0.1,0.15,0.3,0.7,0.65,0.75,0.85,0.0,0.0,0.0,0.06,0.03
8,PB_FED,-0.021141,0.05,0.25,0.3,0.65,0.65,0.75,0.95,-0.5,0.0,0.0,0.06,0.04
8,PB_only,-0.021143,0.05,0.25,0.4,0.7,0.65,0.8,0.9,0.0,0.0,0.0,0.08,0.05
8,PB_FED,-0.021148,0.15,0.25,0.35,0.6,0.7,0.75,0.9,0.0,0.0,0.0,0.06,0.03
8,PB_only,-0.02115,0.15,0.25,0.45,0.7,0.7,0.85,0.9,0.0,0.0,0.0,0.06,0.05
8,PB_FED,-0.021159,0.05,0.2,0.3,0.65,0.75,0.85,0.95,-0.5,0.0,0.0,0.12,0.04
8,PB_only,-0.02116,0.15,0.25,0.3,0.65,0.75,0.85,0.9,0.0,0.0,0.0,0.06,0.03
6,PB_only,-0.021168,0.1,0.15,0.3,0.7,0.7,0.85,0.9,0.0,0.0,0.0,0.08,0.04
8,PB_only,-0.021179,0.1,0.3,0.4,0.7,0.65,0.75,0.85,0.0,0.0,0.0,0.08,0.04
8,PB_FED,-0.021183,0.05,0.15,0.45,0.65,0.75,0.85,0.9,0.0,0.0,0.0,0.1,0.04
8,PB_FED,-0.021185,0.2,0.25,0.45,0.7,0.7,0.85,0.95,0.0,0.0,0.0,0.1,0.03
8,PB_FED,-0.021185,0.2,0.25,0.45,0.7,0.75,0.85,0.95,0.0,0.0,0.0,0.1,0.03
8,PB_only,-0.021186,0.05,0.2,0.45,0.7,0.65,0.8,0.95,0.0,0.0,0.0,0.1,0.03
8,PB_only,-0.021197,0.15,0.2,0.45,0.7,0.65,0.8,0.95,0.0,0.0,0.0,0.06,0.05
8,PB_only,-0.021197,0.15,0.2,0.45,0.7,0.65,0.8,0.95,0.0,0.0,0.0,0.12,0.05
6,PB_FED,-0.021215,0.15,0.2,0.3,0.7,0.75,0.8,0.85,-0.5,0.0,0.0,0.08,0.03
8,PB_only,-0.021224,0.1,0.15,0.45,0.65,0.75,0.85,0.9,0.0,0.0,0.0,0.12,0.03
8,PB_FED,-0.021226,0.05,0.2,0.4,0.65,0.7,0.8,0.95,-0.5,0.0,0.0,0.1,0.03
8,PB_FED,-0.021228,0.1,0.25,0.3,0.6,0.7,0.8,0.9,0.0,0.0,0.0,0.08,0.03
8,PB_only,-0.021248,0.05,0.25,0.3,0.65,0.65,0.85,0.9,0.0,0.0,0.0,0.08,0.03
8,PB_only,-0.021251,0.1,0.25,0.45,0.7,0.75,0.85,0.95,0.0,0.0,0.0,0.08,0.03
8,PB_FED,-0.021254,0.15,0.3,0.4,0.7,0.7,0.8,0.95,-0.5,0.0,0.0,0.06,0.04
8,PB_only,-0.021277,0.05,0.25,0.3,0.65,0.7,0.85,0.9,0.0,0.0,0.0,0.12,0.03
8,PB_only,-0.021278,0.2,0.3,0.4,0.7,0.7,0.8,0.85,0.0,0.0,0.0,0.06,0.03
8,PB_only,-0.021278,0.05,0.15,0.35,0.65,0.75,0.8,0.85,0.0,0.0,0.0,0.06,0.05
8,PB_only,-0.02128,0.1,0.15,0.3,0.6,0.7,0.75,0.9,0.0,0.0,0.0,0.12,0.03
8,PB_FED,-0.02128,0.2,0.3,0.4,0.7,0.75,0.85,0.9,0.0,0.0,0.0,0.06,0.03
8,PB_only,-0.021282,0.15,0.2,0.4,0.65,0.7,0.8,0.9,0.0,0.0,0.0,0.08,0.03
8,PB_only,-0.021287,0.15,0.2,0.4,0.65,0.7,0.75,0.9,0.0,0.0,0.0,0.1,0.04
8,PB_only,-0.021299,0.05,0.3,0.35,0.7,0.7,0.8,0.85,0.0,0.0,0.0,0.12,0.05
8,PB_FED,-0.021304,0.1,0.15,0.35,0.6,0.65,0.85,0.9,0.0,0.0,0.0,0.06,0.04
8,PB_only,-0.021313,0.15,0.2,0.3,0.65,0.65,0.8,0.9,0.0,0.0,0.0,0.1,0.05
8,PB_only,-0.021314,0.05,0.2,0.45,0.65,0.7,0.75,0.85,0.0,0.0,0.0,0.06,0.03
8,PB_FED,-0.021315,0.1,0.25,0.3,0.6,0.7,0.75,0.9,0.0,0.0,0.0,0.12,0.05
6,PB_only,-0.021317,0.1,0.2,0.3,0.7,0.75,0.85,0.9,0.0,0.0,0.0,0.12,0.03
6,PB_only,-0.021317,0.1,0.2,0.3,0.7,0.7,0.85,0.9,0.0,0.0,0.0,0.08,0.03
8,PB_only,-0.021323,0.1,0.15,0.4,0.65,0.7,0.75,0.95,0.0,0.0,0.0,0.06,0.05
8,PB_only,-0.021332,0.1,0.15,0.35,0.65,0.75,0.8,0.85,0.0,0.0,0.0,0.08,0.05
8,PB_FED,-0.021332,0.1,0.2,0.4,0.6,0.7,0.75,0.9,0.0,0.0,0.0,0.08,0.04
8,PB_FED,-0.021352,0.15,0.25,0.4,0.65,0.75,0.8,0.9,0.0,0.0,0.0,0.08,0.05
8,PB_only,-0.021369,0.1,0.25,0.45,0.7,0.7,0.85,0.9,0.0,0.0,0.0,0.08,0.05
8,PB_FED,-0.021371,0.2,0.3,0.45,0.7,0.7,0.85,0.9,-0.5,0.0,0.0,0.08,0.03
8,PB_only,-0.021385,0.2,0.25,0.35,0.7,0.7,0.8,0.95,0.0,0.0,0.0,0.06,0.05
8,PB_only,-0.0214,0.1,0.25,0.45,0.7,0.65,0.85,0.9,0.0,0.0,0.0,0.08,0.04
8,PB_only,-0.021403,0.05,0.15,0.3,0.6,0.65,0.75,0.85,0.0,0.0,0.0,0.12,0.04
8,PB_only,-0.021403,0.2,0.3,0.45,0.7,0.7,0.75,0.9,0.0,0.0,0.0,0.1,0.03
8,PB_only,-0.021405,0.1,0.2,0.45,0.65,0.65,0.75,0.9,0.0,0.0,0.0,0.06,0.03
8,PB_only,-0.021416,0.1,0.15,0.45,0.65,0.65,0.75,0.85,0.0,0.0,0.0,0.06,0.05
8,PB_only,-0.021425,0.05,0.25,0.3,0.65,0.65,0.75,0.85,0.0,0.0,0.0,0.1,0.05
8,PB_only,-0.021429,0.1,0.2,0.4,0.65,0.65,0.75,0.9,0.0,0.0,0.0,0.12,0.04
8,PB_only,-0.021429,0.05,0.2,0.45,0.7,0.75,0.85,0.95,0.0,0.0,0.0,0.06,0.04
8,PB_only,-0.02143,0.15,0.25,0.3,0.65,0.65,0.75,0.9,0.0,0.0,0.0,0.1,0.05
8,PB_only,-0.021433,0.1,0.2,0.45,0.65,0.7,0.75,0.9,0.0,0.0,0.0,0.06,0.03
8,PB_only,-0.021444,0.2,0.25,0.45,0.7,0.7,0.8,0.95,0.0,0.0,0.0,0.08,0.03
8,PB_only,-0.021444,0.2,0.25,0.45,0.7,0.7,0.8,0.95,0.0,0.0,0.0,0.06,0.03
8,PB_FED,-0.021453,0.2,0.3,0.4,0.7,0.65,0.75,0.85,-0.5,0.0,0.0,0.12,0.05
8,PB_FED,-0.021459,0.2,0.3,0.35,0.7,0.75,0.85,0.95,-0.5,0.0,0.0,0.06,0.03
8,PB_only,-0.021462,0.15,0.2,0.3,0.65,0.65,0.75,0.95,0.0,0.0,0.0,0.1,0.04
8,PB_only,-0.021478,0.15,0.2,0.45,0.65,0.7,0.75,0.85,0.0,0.0,0.0,0.12,0.04
8,PB_FED,-0.021479,0.05,0.3,0.45,0.7,0.75,0.85,0.9,-0.5,0.0,0.0,0.08,0.03
8,PB_FED,-0.021479,0.05,0.3,0.45,0.7,0.7,0.85,0.9,-0.5,0.0,0.0,0.1,0.03
8,PB_only,-0.02149,0.15,0.2,0.4,0.65,0.7,0.85,0.9,0.0,0.0,0.0,0.08,0.03
8,PB_only,-0.02149,0.15,0.2,0.4,0.65,0.7,0.85,0.9,0.0,0.0,0.0,0.12,0.03
8,PB_only,-0.021492,0.1,0.3,0.4,0.7,0.65,0.85,0.9,0.0,0.0,0.0,0.1,0.03
8,PB_FED,-0.021492,0.05,0.25,0.4,0.7,0.75,0.85,0.95,0.0,0.0,0.0,0.1,0.05
8,PB_only,-0.021499,0.1,0.25,0.4,0.7,0.7,0.85,0.95,0.0,0.0,0.0,0.12,0.05
8,PB_only,-0.021509,0.15,0.3,0.35,0.7,0.65,0.75,0.95,0.0,0.0,0.0,0.1,0.03
8,PB_FED,-0.021516,0.05,0.15,0.3,0.55,0.65,0.75,0.9,-0.5,0.0,0.0,0.06,0.03
8,PB_only,-0.021522,0.05,0.25,0.45,0.7,0.7,0.85,0.9,0.0,0.0,0.0,0.1,0.05
8,PB_only,-0.021526,0.05,0.3,0.45,0.7,0.7,0.8,0.85,0.0,0.0,0.0,0.1,0.03
8,PB_FED,-0.021526,0.15,0.25,0.35,0.65,0.75,0.8,0.95,0.0,0.0,0.0,0.12,0.04
8,PB_only,-0.021529,0.05,0.15,0.35,0.65,0.7,0.85,0.9,0.0,0.0,0.0,0.1,0.05
8,PB_only,-0.021531,0.05,0.25,0.45,0.7,0.65,0.85,0.9,0.0,0.0,0.0,0.06,0.04
8,PB_FED,-0.02155,0.2,0.3,0.35,0.7,0.7,0.8,0.9,0.0,0.0,0.0,0.1,0.05
6,PB_only,-0.021559,0.05,0.15,0.4,0.7,0.7,0.85,0.9,0.0,0.0,0.0,0.1,0.03
8,PB_only,-0.021563,0.15,0.2,0.35,0.65,0.65,0.8,0.85,0.0,0.0,0.0,0.08,0.05
8,PB_only,-0.021566,0.1,0.2,0.3,0.65,0.65,0.75,0.95,0.0,0.0,0.0,0.12,0.04
8,PB_FED,-0.021598,0.1,0.25,0.3,0.6,0.7,0.85,0.9,0.0,0.0,0.0,0.08,0.03
8,PB_only,-0.0216,0.15,0.25,0.35,0.65,0.65,0.75,0.9,0.0,0.0,0.0,0.06,0.04
8,PB_FED,-0.021606,0.2,0.3,0.4,0.7,0.7,0.8,0.9,0.0,0.0,0.0,0.1,0.04
8,PB_only,-0.021626,0.2,0.3,0.35,0.7,0.7,0.8,0.9,0.0,0.0,0.0,0.06,0.04
8,PB_only,-0.021628,0.15,0.25,0.35,0.65,0.7,0.75,0.9,0.0,0.0,0.0,0.12,0.04
8,PB_only,-0.021634,0.05,0.15,0.45,0.65,0.75,0.8,0.9,0.0,0.0,0.0,0.12,0.04
8,PB_FED,-0.021642,0.15,0.2,0.45,0.65,0.75,0.8,0.95,0.0,0.0,0.0,0.06,0.05
8,PB_FED,-0.021647,0.15,0.2,0.3,0.6,0.7,0.75,0.85,-0.5,0.0,0.0,0.1,0.05
8,PB_only,-0.021653,0.05,0.25,0.4,0.7,0.7,0.85,0.95,0.0,0.0,0.0,0.08,0.05
8,PB_only,-0.021667,0.05,0.2,0.35,0.65,0.7,0.8,0.85,0.0,0.0,0.0,0.1,0.05
8,PB_only,-0.021667,0.05,0.2,0.35,0.65,0.7,0.8,0.85,0.0,0.0,0.0,0.08,0.05
8,PB_FED,-0.021673,0.2,0.25,0.35,0.65,0.75,0.8,0.95,0.0,0.0,0.0,0.06,0.03
8,PB_only,-0.021675,0.15,0.3,0.45,0.7,0.7,0.75,0.9,0.0,0.0,0.0,0.1,0.05
8,PB_FED,-0.021686,0.05,0.2,0.45,0.65,0.7,0.75,0.95,-0.5,0.0,0.0,0.06,0.04
8,PB_only,-0.021688,0.05,0.25,0.35,0.65,0.65,0.8,0.85,0.0,0.0,0.0,0.06,0.04
8,PB_only,-0.021692,0.1,0.25,0.45,0.7,0.65,0.8,0.95,0.0,0.0,0.0,0.06,0.03
8,PB_FED,-0.021692,0.05,0.15,0.3,0.5,0.7,0.75,0.85,0.0,0.0,0.0,0.06,0.03
8,PB_only,-0.0217,0.05,0.25,0.4,0.65,0.7,0.75,0.9,0.0,0.0,0.0,0.1,0.03
8,PB_only,-0.021713,0.05,0.15,0.4,0.65,0.75,0.8,0.85,0.0,0.0,0.0,0.06,0.05
8,PB_only,-0.021725,0.05,0.25,0.45,0.7,0.7,0.8,0.95,0.0,0.0,0.0,0.06,0.04
8,PB_FED,-0.021728,0.05,0.15,0.45,0.6,0.65,0.8,0.85,0.0,0.0,0.0,0.06,0.04
8,PB_only,-0.021731,0.05,0.3,0.35,0.7,0.75,0.8,0.95,0.0,0.0,0.0,0.1,0.03
6,PB_only,-0.021733,0.05,0.15,0.35,0.7,0.65,0.75,0.85,0.0,0.0,0.0,0.12,0.03
8,PB_FED,-0.021749,0.1,0.25,0.35,0.65,0.65,0.85,0.95,-0.5,0.0,0.0,0.08,0.03
6,PB_FED,-0.021751,0.15,0.2,0.35,0.7,0.7,0.75,0.85,-0.5,0.0,0.0,0.1,0.03
8,PB_FED,-0.021756,0.1,0.25,0.45,0.65,0.7,0.8,0.9,-0.5,0.0,0.0,0.08,0.04
8,PB_only,-0.021758,0.05,0.15,0.3,0.6,0.75,0.8,0.85,0.0,0.0,0.0,0.08,0.04
8,PB_FED,-0.021759,0.05,0.25,0.45,0.65,0.65,0.75,0.9,0.0,0.0,0.0,0.1,0.04
8,PB_only,-0.02176,0.15,0.25,0.45,0.7,0.7,0.85,0.95,0.0,0.0,0.0,0.12,0.05
8,PB_only,-0.021781,0.2,0.3,0.45,0.7,0.7,0.8,0.9,0.0,0.0,0.0,0.12,0.03
6,PB_only,-0.021791,0.1,0.15,0.35,0.7,0.7,0.75,0.85,0.0,0.0,0.0,0.08,0.03
8,PB_only,-0.021792,0.05,0.25,0.35,0.65,0.65,0.75,0.9,0.0,0.0,0.0,0.08,0.04
8,PB_only,-0.021798,0.05,0.2,0.3,0.65,0.75,0.85,0.9,0.0,0.0,0.0,0.06,0.05
8,PB_FED,-0.021798,0.15,0.2,0.45,0.6,0.7,0.75,0.9,0.0,0.0,0.0,0.12,0.04
8,PB_FED,-0.021809,0.2,0.25,0.45,0.7,0.65,0.85,0.95,0.0,0.0,0.0,0.06,0.03
6,PB_only,-0.02181,0.1,0.15,0.3,0.7,0.65,0.75,0.85,0.0,0.0,0.0,0.06,0.04
8,PB_only,-0.021815,0.1,0.2,0.3,0.65,0.65,0.85,0.9,0.0,0.0,0.0,0.08,0.05
8,PB_only,-0.021819,0.1,0.2,0.45,0.65,0.65,0.8,0.85,0.0,0.0,0.0,0.12,0.03
8,PB_FED,-0.021829,0.1,0.15,0.45,0.6,0.7,0.8,0.85,-0.5,0.0,0.0,0.08,0.04
8,PB_only,-0.021851,0.15,0.3,0.4,0.7,0.75,0.8,0.85,0.0,0.0,0.0,0.08,0.05
8,PB_only,-0.021859,0.15,0.25,0.4,0.65,0.65,0.8,0.85,0.0,0.0,0.0,0.06,0.04
8,PB_only,-0.021865,0.15,0.2,0.4,0.65,0.75,0.8,0.9,0.0,0.0,0.0,0.1,0.04
8,PB_FED,-0.021868,0.1,0.3,0.35,0.65,0.7,0.8,0.9,-0.5,0.0,0.0,0.1,0.03
8,PB_FED,-0.021872,0.1,0.25,0.45,0.65,0.7,0.75,0.95,-0.5,0.0,0.0,0.1,0.05
8,PB_only,-0.021884,0.15,0.2,0.4,0.65,0.65,0.75,0.95,0.0,0.0,0.0,0.12,0.03
8,PB_only,-0.021896,0.05,0.25,0.45,0.7,0.65,0.75,0.95,0.0,0.0,0.0,0.06,0.04
8,PB_only,-0.021907,0.15,0.2,0.3,0.65,0.65,0.8,0.95,0.0,0.0,0.0,0.08,0.05
8,PB_only,-0.021907,0.15,0.2,0.3,0.65,0.75,0.8,0.95,0.0,0.0,0.0,0.12,0.05
6,PB_only,-0.021911,0.05,0.15,0.3,0.7,0.65,0.75,0.9,0.0,0.0,0.0,0.08,0.04
8,PB_FED,-0.021919,0.1,0.25,0.45,0.65,0.75,0.8,0.95,-0.5,0.0,0.0,0.1,0.03
8,PB_only,-0.021932,0.05,0.2,0.3,0.65,0.75,0.8,0.95,0.0,0.0,0.0,0.1,0.04
8,PB_only,-0.021935,0.15,0.25,0.4,0.65,0.65,0.8,0.9,0.0,0.0,0.0,0.12,0.03
8,PB_FED,-0.021935,0.1,0.3,0.4,0.7,0.65,0.85,0.9,0.0,0.0,0.0,0.1,0.04
8,PB_only,-0.021937,0.1,0.15,0.3,0.6,0.7,0.8,0.85,0.0,0.0,0.0,0.1,0.04
8,PB_FED,-0.021946,0.15,0.3,0.4,0.65,0.65,0.75,0.9,0.0,0.0,0.0,0.1,0.04
8,PB_FED,-0.021947,0.1,0.2,0.45,0.6,0.7,0.75,0.95,0.0,0.0,0.0,0.08,0.03
8,PB_only,-0.021963,0.2,0.3,0.35,0.7,0.7,0.75,0.95,0.0,0.0,0.0,0.1,0.04
6,PB_only,-0.02198,0.05,0.2,0.35,0.7,0.75,0.85,0.9,0.0,0.0,0.0,0.1,0.03
6,PB_only,-0.02198,0.05,0.2,0.35,0.7,0.75,0.85,0.9,0.0,0.0,0.0,0.12,0.03
8,PB_only,-0.021986,0.15,0.3,0.45,0.7,0.75,0.8,0.95,0.0,0.0,0.0,0.08,0.03
8,PB_FED,-0.021995,0.05,0.25,0.35,0.65,0.65,0.85,0.9,0.0,0.0,0.0,0.06,0.04
8,PB_only,-0.022004,0.15,0.25,0.35,0.65,0.65,0.75,0.85,0.0,0.0,0.0,0.1,0.05
8,PB_only,-0.022007,0.1,0.2,0.4,0.65,0.65,0.8,0.9,0.0,0.0,0.0,0.1,0.04
8,PB_FED,-0.022009,0.1,0.25,0.4,0.65,0.75,0.8,0.95,-0.5,0.0,0.0,0.1,0.04
8,PB_only,-0.022013,0.1,0.2,0.3,0.65,0.75,0.8,0.95,0.0,0.0,0.0,0.1,0.05
8,PB_only,-0.022021,0.15,0.3,0.4,0.7,0.75,0.85,0.9,0.0,0.0,0.0,0.08,0.05
8,PE_FED,-0.022022,0.05,0.2,0.35,0.7,0.75,0.8,0.95,-0.5,0.0,0.0,0.1,0.03
8,PB_only,-0.022028,0.15,0.3,0.45,0.7,0.75,0.85,0.9,0.0,0.0,0.0,0.06,0.04
8,PB_only,-0.022036,0.05,0.2,0.45,0.65,0.75,0.8,0.9,0.0,0.0,0.0,0.06,0.03
8,PB_only,-0.022043,0.2,0.3,0.35,0.7,0.65,0.8,0.9,0.0,0.0,0.0,0.12,0.04
8,PB_only,-0.022044,0.1,0.25,0.45,0.7,0.65,0.85,0.95,0.0,0.0,0.0,0.06,0.03
6,PB_only,-0.022053,0.1,0.15,0.35,0.7,0.75,0.8,0.85,0.0,0.0,0.0,0.06,0.03
8,PB_FED,-0.022056,0.1,0.2,0.3,0.6,0.7,0.8,0.9,-0.5,0.0,0.0,0.08,0.05
8,PB_only,-0.022066,0.2,0.3,0.35,0.7,0.65,0.8,0.85,0.0,0.0,0.0,0.08,0.05
8,PB_only,-0.022067,0.2,0.25,0.4,0.7,0.7,0.85,0.95,0.0,0.0,0.0,0.12,0.05
8,PB_only,-0.022069,0.2,0.25,0.4,0.65,0.7,0.75,0.85,0.0,0.0,0.0,0.06,0.03
8,PB_FED,-0.022069,0.2,0.3,0.4,0.7,0.75,0.8,0.95,-0.5,0.0,0.0,0.06,0.05
8,PB_only,-0.022076,0.1,0.2,0.45,0.7,0.65,0.85,0.95,0.0,0.0,0.0,0.12,0.04
8,PB_only,-0.022102,0.2,0.25,0.45,0.7,0.75,0.8,0.95,0.0,0.0,0.0,0.08,0.05
6,PB_FED,-0.022104,0.1,0.2,0.35,0.7,0.75,0.8,0.85,-0.5,0.0,0.0,0.06,0.04
8,PB_only,-0.022108,0.1,0.3,0.4,0.7,0.75,0.8,0.85,0.0,0.0,0.0,0.1,0.05
8,PB_FED,-0.02211,0.1,0.25,0.4,0.65,0.65,0.85,0.95,-0.5,0.0,0.0,0.08,0.03
8,PB_only,-0.022118,0.05,0.15,0.4,0.65,0.7,0.8,0.95,0.0,0.0,0.0,0.1,0.05
8,PB_FED,-0.022118,0.15,0.2,0.35,0.6,0.7,0.8,0.85,-0.5,0.0,0.0,0.1,0.04
8,PB_only,-0.022146,0.1,0.3,0.4,0.7,0.7,0.85,0.95,0.0,0.0,0.0,0.08,0.03
8,PB_only,-0.022147,0.15,0.3,0.45,0.7,0.7,0.8,0.9,0.0,0.0,0.0,0.12,0.05
8,PB_only,-0.022147,0.15,0.25,0.45,0.65,0.7,0.75,0.85,0.0,0.0,0.0,0.1,0.04
8,PB_FED,-0.022147,0.15,0.2,0.45,0.65,0.75,0.85,0.95,0.0,0.0,0.0,0.12,0.04
8,PB_FED,-0.022156,0.05,0.2,0.4,0.6,0.7,0.75,0.9,0.0,0.0,0.0,0.06,0.05
8,PB_only,-0.022158,0.2,0.3,0.45,0.7,0.7,0.75,0.85,0.0,0.0,0.0,0.06,0.05
8,PB_only,-0.02216,0.15,0.3,0.4,0.7,0.65,0.8,0.9,0.0,0.0,0.0,0.06,0.05
8,PB_FED,-0.022166,0.1,0.2,0.45,0.6,0.7,0.75,0.85,-0.5,0.0,0.0,0.1,0.03
8,PB_only,-0.02217,0.15,0.2,0.3,0.65,0.65,0.8,0.95,0.0,0.0,0.0,0.08,0.04
8,PB_only,-0.022182,0.05,0.25,0.45,0.65,0.65,0.75,0.9,0.0,0.0,0.0,0.12,0.03
6,PB_only,-0.022192,0.05,0.2,0.3,0.7,0.75,0.8,0.85,0.0,0.0,0.0,0.08,0.03
8,PB_FED,-0.0222,0.05,0.15,0.45,0.6,0.7,0.75,0.95,0.0,0.0,0.0,0.08,0.05
8,PB_FED,-0.022203,0.05,0.15,0.3,0.5,0.7,0.75,0.85,0.0,0.0,0.0,0.06,0.04
8,PB_only,-0.022208,0.05,0.15,0.35,0.65,0.65,0.85,0.95,0.0,0.0,0.0,0.08,0.05
8,PB_only,-0.022224,0.1,0.15,0.35,0.65,0.75,0.85,0.95,0.0,0.0,0.0,0.06,0.05
8,PE_FED,-0.022225,0.05,0.15,0.3,0.65,0.7,0.75,0.95,-0.5,0.0,0.0,0.1,0.03
8,PB_only,-0.022227,0.05,0.25,0.4,0.65,0.7,0.75,0.9,0.0,0.0,0.0,0.12,0.04
6,PB_only,-0.022229,0.05,0.15,0.4,0.7,0.75,0.85,0.9,0.0,0.0,0.0,0.1,0.04
6,PB_only,-0.022232,0.05,0.15,0.35,0.7,0.65,0.8,0.85,0.0,0.0,0.0,0.06,0.03
8,PB_only,-0.022236,0.2,0.25,0.4,0.65,0.7,0.75,0.9,0.0,0.0,0.0,0.12,0.03
8,PB_FED,-0.02224,0.05,0.15,0.35,0.6,0.65,0.8,0.9,-0.5,0.0,0.0,0.1,0.05
8,PB_only,-0.022253,0.15,0.25,0.35,0.65,0.65,0.8,0.85,0.0,0.0,0.0,0.06,0.05
6,PB_only,-0.022267,0.1,0.15,0.4,0.7,0.7,0.75,0.9,0.0,0.0,0.0,0.08,0.03
8,PB_only,-0.022277,0.2,0.25,0.3,0.65,0.65,0.75,0.9,0.0,0.0,0.0,0.08,0.05
8,PB_FED,-0.022291,0.1,0.25,0.45,0.65,0.7,0.85,0.9,-0.5,0.0,0.0,0.12,0.04
6,PB_only,-0.022292,0.05,0.15,0.35,0.7,0.7,0.8,0.85,0.0,0.0,0.0,0.08,0.04
8,PB_only,-0.022297,0.2,0.25,0.35,0.65,0.7,0.8,0.85,0.0,0.0,0.0,0.06,0.03
8,PB_only,-0.0223,0.15,0.2,0.3,0.6,0.65,0.75,0.9,0.0,0.0,0.0,0.06,0.03
8,PB_only,-0.022305,0.2,0.25,0.3,0.65,0.7,0.75,0.9,0.0,0.0,0.0,0.1,0.05
8,PB_FED,-0.022308,0.15,0.2,0.3,0.55,0.7,0.85,0.9,0.0,0.0,0.0,0.12,0.03
8,PB_only,-0.022315,0.2,0.25,0.35,0.65,0.65,0.8,0.85,0.0,0.0,0.0,0.1,0.04
6,PB_only,-0.022325,0.05,0.2,0.3,0.7,0.7,0.85,0.9,0.0,0.0,0.0,0.1,0.05
8,PB_FED,-0.022326,0.2,0.25,0.4,0.65,0.65,0.8,0.95,0.0,0.0,0.0,0.06,0.03
8,PB_only,-0.022327,0.15,0.2,0.3,0.6,0.7,0.75,0.9,0.0,0.0,0.0,0.06,0.03
8,PB_only,-0.02233,0.05,0.2,0.4,0.65,0.7,0.75,0.95,0.0,0.0,0.0,0.08,0.04
8,PB_only,-0.022335,0.15,0.2,0.35,0.65,0.7,0.85,0.95,0.0,0.0,0.0,0.08,0.03
8,PB_only,-0.022336,0.05,0.15,0.4,0.6,0.65,0.75,0.85,0.0,0.0,0.0,0.08,0.03
6,PB_only,-0.022343,0.15,0.25,0.35,0.7,0.65,0.85,0.9,0.0,0.0,0.0,0.1,0.03
8,PB_FED,-0.022344,0.05,0.15,0.45,0.6,0.7,0.75,0.9,-0.5,0.0,0.0,0.12,0.04
8,PB_only,-0.022351,0.15,0.3,0.4,0.7,0.65,0.8,0.95,0.0,0.0,0.0,0.08,0.03
8,PB_FED,-0.022357,0.1,0.2,0.3,0.6,0.7,0.85,0.95,0.0,0.0,0.0,0.06,0.04
8,PB_FED,-0.022372,0.15,0.25,0.45,0.65,0.65,0.85,0.9,0.0,0.0,0.0,0.12,0.05
8,PB_FED,-0.022375,0.05,0.2,0.35,0.6,0.7,0.8,0.85,0.0,0.0,0.0,0.08,0.05
8,PB_only,-0.02239,0.05,0.25,0.4,0.7,0.65,0.85,0.95,0.0,0.0,0.0,0.12,0.04
8,PB_only,-0.022392,0.1,0.2,0.4,0.65,0.7,0.8,0.95,0.0,0.0,0.0,0.06,0.03
8,PB_FED,-0.022393,0.05,0.15,0.3,0.5,0.7,0.75,0.95,0.0,0.0,0.0,0.1,0.03
6,PB_only,-0.022394,0.15,0.2,0.3,0.7,0.65,0.75,0.9,0.0,0.0,0.0,0.12,0.03
6,PB_FED,-0.022402,0.1,0.15,0.4,0.7,0.7,0.75,0.95,-0.5,0.0,0.0,0.06,0.04
8,PB_FED,-0.022406,0.1,0.25,0.35,0.6,0.7,0.85,0.9,0.0,0.0,0.0,0.1,0.03
8,PB_FED,-0.02241,0.1,0.2,0.4,0.55,0.7,0.75,0.9,0.0,0.0,0.0,0.1,0.03
6,PB_FED,-0.022435,0.05,0.15,0.35,0.7,0.65,0.75,0.9,-0.5,0.0,0.0,0.1,0.05
8,PB_only,-0.022435,0.05,0.25,0.45,0.65,0.7,0.75,0.85,0.0,0.0,0.0,0.12,0.04
8,PB_only,-0.022441,0.2,0.3,0.35,0.7,0.65,0.85,0.9,0.0,0.0,0.0,0.1,0.04
8,PB_FED,-0.022442,0.05,0.3,0.4,0.7,0.75,0.85,0.95,0.0,0.0,0.0,0.12,0.03
8,PB_only,-0.022456,0.1,0.3,0.4,0.7,0.7,0.8,0.95,0.0,0.0,0.0,0.08,0.04
8,PE_FED,-0.022474,0.05,0.15,0.3,0.65,0.75,0.8,0.95,0.0,0.0,0.0,0.1,0.04
8,PB_only,-0.022476,0.05,0.2,0.4,0.65,0.75,0.8,0.95,0.0,0.0,0.0,0.06,0.03
8,PB_only,-0.022485,0.05,0.3,0.35,0.7,0.65,0.8,0.95,0.0,0.0,0.0,0.1,0.03
8,PB_FED,-0.022486,0.05,0.25,0.45,0.65,0.7,0.8,0.9,-0.5,0.0,0.0,0.06,0.04
6,PB_FED,-0.022493,0.1,0.15,0.35,0.7,0.65,0.8,0.9,-0.5,0.0,0.0,0.08,0.05
8,PB_only,-0.022505,0.1,0.3,0.35,0.7,0.7,0.85,0.95,0.0,0.0,0.0,0.12,0.04
8,PB_only,-0.022512,0.1,0.2,0.3,0.65,0.7,0.85,0.95,0.0,0.0,0.0,0.12,0.05
8,PE_FED,-0.022515,0.1,0.15,0.3,0.65,0.75,0.8,0.95,0.0,0.0,0.0,0.06,0.05
8,PB_FED,-0.022536,0.1,0.2,0.35,0.6,0.7,0.8,0.95,0.0,0.0,0.0,0.08,0.04
8,PB_only,-0.022537,0.15,0.2,0.35,0.65,0.75,0.8,0.95,0.0,0.0,0.0,0.06,0.04
8,PB_FED,-0.022541,0.05,0.3,0.45,0.7,0.75,0.8,0.95,-0.5,0.0,0.0,0.12,0.04
8,PB_only,-0.022549,0.05,0.15,0.45,0.65,0.7,0.85,0.9,0.0,0.0,0.0,0.06,0.05
6,PB_FED,-0.022551,0.05,0.15,0.35,0.7,0.7,0.8,0.95,-0.5,0.0,0.0,0.1,0.03
6,PB_only,-0.022552,0.15,0.25,0.3,0.7,0.7,0.75,0.85,0.0,0.0,0.0,0.08,0.03
8,PB_FED,-0.022558,0.05,0.2,0.45,0.6,0.7,0.75,0.9,0.0,0.0,0.0,0.1,0.04
8,PB_only,-0.022561,0.05,0.2,0.4,0.65,0.65,0.85,0.9,0.0,0.0,0.0,0.1,0.04
8,PB_only,-0.022562,0.05,0.25,0.4,0.65,0.7,0.75,0.85,0.0,0.0,0.0,0.08,0.05
8,PB_FED,-0.022562,0.05,0.25,0.45,0.65,0.65,0.8,0.85,-0.5,0.0,0.0,0.1,0.05
8,PB_only,-0.02257,0.05,0.15,0.4,0.65,0.75,0.85,0.95,0.0,0.0,0.0,0.08,0.04
8,PB_only,-0.022584,0.2,0.3,0.4,0.7,0.7,0.85,0.95,0.0,0.0,0.0,0.1,0.03
8,PB_only,-0.022598,0.05,0.2,0.4,0.65,0.75,0.8,0.9,0.0,0.0,0.0,0.12,0.05
8,PB_only,-0.022601,0.15,0.25,0.4,0.65,0.65,0.8,0.85,0.0,0.0,0.0,0.08,0.05
8,PB_FED,-0.022607,0.1,0.3,0.4,0.65,0.65,0.85,0.9,0.0,0.0,0.0,0.1,0.03
8,PB_only,-0.022609,0.1,0.2,0.45,0.65,0.65,0.8,0.85,0.0,0.0,0.0,0.06,0.05
8,PB_only,-0.02261,0.15,0.3,0.45,0.7,0.75,0.8,0.95,0.0,0.0,0.0,0.06,0.04
8,PB_only,-0.02261,0.05,0.2,0.45,0.65,0.7,0.8,0.9,0.0,0.0,0.0,0.08,0.04
8,PB_FED,-0.022615,0.05,0.25,0.35,0.6,0.75,0.8,0.9,0.0,0.0,0.0,0.06,0.03
8,PB_only,-0.022632,0.15,0.2,0.45,0.65,0.65,0.75,0.95,0.0,0.0,0.0,0.06,0.05
8,PB_FED,-0.022633,0.15,0.3,0.45,0.7,0.75,0.85,0.95,0.0,0.0,0.0,0.12,0.04
8,PB_only,-0.022641,0.15,0.2,0.3,0.6,0.7,0.75,0.85,0.0,0.0,0.0,0.12,0.04
6,PB_only,-0.022646,0.1,0.15,0.35,0.7,0.7,0.75,0.9,0.0,0.0,0.0,0.08,0.05
8,PB_FED,-0.022649,0.2,0.25,0.45,0.65,0.65,0.8,0.9,0.0,0.0,0.0,0.06,0.05
8,PE_FED,-0.022655,0.05,0.15,0.4,0.65,0.75,0.8,0.95,-0.5,0.0,0.0,0.06,0.03
8,PE_FED,-0.022661,0.15,0.2,0.4,0.7,0.7,0.75,0.95,-0.5,0.0,0.0,0.06,0.05
6,PB_FED,-0.022672,0.15,0.2,0.4,0.7,0.75,0.8,0.9,-0.5,0.0,0.0,0.12,0.03
8,PB_FED,-0.022679,0.1,0.25,0.3,0.55,0.7,0.75,0.95,0.0,0.0,0.0,0.08,0.03
8,PE_FED,-0.022683,0.15,0.2,0.3,0.65,0.7,0.75,0.95,0.0,0.0,0.0,0.06,0.03
8,PB_only,-0.022683,0.15,0.25,0.35,0.65,0.65,0.85,0.9,0.0,0.0,0.0,0.12,0.04
8,PB_FED,-0.022697,0.05,0.15,0.3,0.5,0.7,0.8,0.85,0.0,0.0,0.0,0.12,0.03
8,PB_FED,-0.022698,0.15,0.2,0.35,0.6,0.65,0.8,0.9,-0.5,0.0,0.0,0.1,0.04
6,PB_only,-0.022699,0.1,0.15,0.3,0.7,0.7,0.75,0.95,0.0,0.0,0.0,0.06,0.05
8,PB_only,-0.0227,0.05,0.25,0.35,0.65,0.65,0.75,0.95,0.0,0.0,0.0,0.1,0.05
6,PB_only,-0.022713,0.1,0.15,0.35,0.7,0.65,0.8,0.85,0.0,0.0,0.0,0.12,0.04
8,PB_only,-0.022716,0.1,0.2,0.3,0.6,0.65,0.75,0.85,0.0,0.0,0.0,0.08,0.04
8,PE_FED,-0.022726,0.1,0.15,0.35,0.65,0.7,0.8,0.95,0.0,0.0,0.0,0.12,0.05
8,PB_only,-0.02274,0.05,0.3,0.4,0.7,0.7,0.8,0.95,0.0,0.0,0.0,0.1,0.05
6,PB_only,-0.022742,0.1,0.2,0.3,0.7,0.7,0.75,0.85,0.0,0.0,0.0,0.1,0.05
8,PB_FED,-0.022745,0.15,0.3,0.45,0.65,0.7,0.75,0.9,0.0,0.0,0.0,0.12,0.05
6,PB_only,-0.022748,0.1,0.15,0.35,0.7,0.65,0.8,0.9,0.0,0.0,0.0,0.06,0.03
6,PB_FED,-0.022755,0.1,0.2,0.45,0.7,0.75,0.8,0.85,-0.5,0.0,0.0,0.12,0.03
8,PB_FED,-0.022767,0.15,0.2,0.4,0.6,0.65,0.75,0.95,-0.5,0.0,0.0,0.1,0.03
6,PB_only,-0.022768,0.1,0.15,0.3,0.7,0.75,0.8,0.85,0.0,0.0,0.0,0.12,0.05
8,PB_FED,-0.022769,0.15,0.3,0.4,0.7,0.65,0.85,0.95,0.0,0.0,0.0,0.08,0.04
6,PB_only,-0.022778,0.15,0.2,0.35,0.7,0.7,0.75,0.85,0.0,0.0,0.0,0.1,0.04
8,PB_FED,-0.022789,0.1,0.15,0.35,0.55,0.65,0.8,0.95,0.0,0.0,0.0,0.12,0.03
8,PE_FED,-0.022797,0.1,0.15,0.45,0.65,0.75,0.8,0.95,0.0,0.0,0.0,0.1,0.03
6,PB_only,-0.022808,0.15,0.25,0.4,0.7,0.7,0.85,0.9,0.0,0.0,0.0,0.12,0.03
8,PB_only,-0.022817,0.05,0.25,0.4,0.65,0.7,0.8,0.85,0.0,0.0,0.0,0.1,0.05
8,PB_only,-0.022821,0.05,0.15,0.4,0.6,0.7,0.75,0.85,0.0,0.0,0.0,0.1,0.04
8,PB_only,-0.022821,0.05,0.15,0.4,0.6,0.7,0.75,0.85,0.0,0.0,0.0,0.12,0.04
8,PB_FED,-0.022822,0.05,0.25,0.35,0.6,0.7,0.75,0.85,0.0,0.0,0.0,0.1,0.05
8,PB_only,-0.022846,0.1,0.3,0.45,0.7,0.65,0.8,0.9,0.0,0.0,0.0,0.12,0.05
6,PB_FED,-0.022847,0.1,0.15,0.45,0.7,0.7,0.8,0.9,-0.5,0.0,0.0,0.1,0.04
8,PB_only,-0.022847,0.2,0.3,0.4,0.7,0.65,0.8,0.9,0.0,0.0,0.0,0.06,0.05
8,PB_FED,-0.022849,0.05,0.15,0.4,0.6,0.65,0.8,0.95,-0.5,0.0,0.0,0.12,0.03
8,PB_FED,-0.02285,0.15,0.25,0.3,0.6,0.7,0.8,0.9,-0.5,0.0,0.0,0.1,0.04
8,PB_only,-0.022852,0.1,0.15,0.4,0.6,0.65,0.75,0.85,0.0,0.0,0.0,0.06,0.04
8,PB_FED,-0.02286,0.1,0.2,0.4,0.6,0.7,0.85,0.95,0.0,0.0,0.0,0.08,0.03
8,PB_only,-0.022861,0.1,0.25,0.45,0.65,0.75,0.85,0.9,0.0,0.0,0.0,0.06,0.03
8,PB_only,-0.022863,0.05,0.3,0.45,0.7,0.75,0.85,0.95,0.0,0.0,0.0,0.08,0.03
8,PB_only,-0.022867,0.15,0.2,0.45,0.65,0.7,0.8,0.9,0.0,0.0,0.0,0.06,0.05
8,PB_FED,-0.022867,0.05,0.15,0.35,0.5,0.7,0.75,0.9,0.0,0.0,0.0,0.12,0.03
8,PB_FED,-0.022875,0.15,0.25,0.3,0.6,0.65,0.75,0.95,-0.5,0.0,0.0,0.08,0.05
8,PE_FED,-0.022879,0.05,0.15,0.4,0.7,0.65,0.75,0.9,-0.5,0.0,0.0,0.08,0.03
8,PB_only,-0.022882,0.2,0.25,0.45,0.65,0.65,0.75,0.85,0.0,0.0,0.0,0.06,0.04
8,PB_only,-0.022882,0.2,0.25,0.45,0.65,0.65,0.75,0.85,0.0,0.0,0.0,0.12,0.04
8,PB_FED,-0.022882,0.05,0.2,0.3,0.6,0.7,0.85,0.95,0.0,0.0,0.0,0.12,0.05
8,PB_FED,-0.022882,0.15,0.3,0.35,0.65,0.65,0.75,0.95,-0.5,0.0,0.0,0.06,0.04
8,PB_only,-0.022896,0.05,0.25,0.35,0.65,0.65,0.8,0.9,0.0,0.0,0.0,0.06,0.05
8,PB_only,-0.022907,0.1,0.2,0.45,0.65,0.7,0.8,0.95,0.0,0.0,0.0,0.06,0.03
8,PB_FED,-0.022915,0.1,0.2,0.4,0.6,0.75,0.8,0.9,-0.5,0.0,0.0,0.08,0.04
8,PB_only,-0.022921,0.15,0.2,0.4,0.65,0.75,0.8,0.95,0.0,0.0,0.0,0.1,0.05
8,PB_FED,-0.022944,0.15,0.3,0.35,0.65,0.65,0.8,0.95,-0.5,0.0,0.0,0.12,0.03
6,PB_FED,-0.022945,0.05,0.15,0.3,0.65,0.7,0.75,0.9,-0.5,0.0,0.0,0.08,0.05
8,PB_only,-0.022945,0.15,0.2,0.3,0.6,0.65,0.8,0.9,0.0,0.0,0.0,0.1,0.03
8,PB_FED,-0.022946,0.2,0.25,0.3,0.55,0.7,0.75,0.9,0.0,0.0,0.0,0.12,0.03
8,PB_only,-0.022947,0.05,0.2,0.3,0.6,0.7,0.8,0.85,0.0,0.0,0.0,0.1,0.04
8,PB_only,-0.02295,0.1,0.2,0.4,0.65,0.7,0.85,0.9,0.0,0.0,0.0,0.06,0.05
8,PB_only,-0.022952,0.05,0.2,0.3,0.6,0.65,0.8,0.9,0.0,0.0,0.0,0.08,0.03
8,PB_FED,-0.022962,0.15,0.3,0.35,0.65,0.75,0.85,0.95,0.0,0.0,0.0,0.12,0.03
8,PB_only,-0.02297,0.15,0.2,0.3,0.6,0.75,0.8,0.85,0.0,0.0,0.0,0.06,0.04
8,PB_FED,-0.022972,0.1,0.15,0.45,0.55,0.75,0.8,0.85,0.0,0.0,0.0,0.12,0.04
6,PB_only,-0.022982,0.15,0.2,0.35,0.7,0.65,0.8,0.85,0.0,0.0,0.0,0.08,0.03
6,PB_only,-0.022984,0.1,0.2,0.4,0.7,0.75,0.85,0.9,0.0,0.0,0.0,0.06,0.04
6,PB_FED,-0.022984,0.1,0.15,0.45,0.7,0.7,0.8,0.95,-0.5,0.0,0.0,0.12,0.03
8,PB_only,-0.022985,0.1,0.15,0.45,0.6,0.65,0.75,0.85,0.0,0.0,0.0,0.08,0.03
8,PE_FED,-0.023007,0.05,0.2,0.3,0.7,0.65,0.8,0.95,0.0,0.0,0.0,0.06,0.04
8,PB_only,-0.023009,0.2,0.25,0.35,0.65,0.75,0.8,0.9,0.0,0.0,0.0,0.08,0.04
8,PB_only,-0.023014,0.15,0.25,0.45,0.65,0.7,0.8,0.9,0.0,0.0,0.0,0.06,0.04
8,PB_only,-0.023023,0.15,0.2,0.45,0.65,0.75,0.8,0.85,0.0,0.0,0.0,0.06,0.05
6,PB_only,-0.02303,0.05,0.25,0.3,0.7,0.75,0.85,0.9,0.0,0.0,0.0,0.1,0.05
8,PB_only,-0.023034,0.1,0.15,0.35,0.6,0.65,0.85,0.9,0.0,0.0,0.0,0.06,0.03
8,PB_only,-0.023041,0.05,0.15,0.35,0.6,0.65,0.75,0.85,0.0,0.0,0.0,0.1,0.05
8,PB_only,-0.023043,0.1,0.25,0.3,0.6,0.65,0.75,0.85,0.0,0.0,0.0,0.12,0.03
8,PB_only,-0.023058,0.05,0.15,0.3,0.55,0.65,0.75,0.9,0.0,0.0,0.0,0.1,0.03
8,PB_only,-0.023059,0.05,0.15,0.4,0.6,0.65,0.75,0.9,0.0,0.0,0.0,0.1,0.04
8,PB_FED,-0.023066,0.1,0.2,0.3,0.5,0.7,0.75,0.85,0.0,0.0,0.0,0.08,0.04
8,PB_FED,-0.02307,0.05,0.2,0.35,0.6,0.65,0.85,0.9,0.0,0.0,0.0,0.12,0.05
6,PB_FED,-0.023072,0.05,0.2,0.3,0.7,0.7,0.85,0.95,-0.5,0.0,0.0,0.08,0.03
8,PB_FED,-0.023073,0.1,0.3,0.4,0.65,0.7,0.8,0.9,-0.5,0.0,0.0,0.1,0.05
8,PE_FED,-0.023076,0.1,0.2,0.35,0.7,0.65,0.8,0.95,-0.5,0.0,0.0,0.08,0.04
6,PB_only,-0.023079,0.15,0.25,0.3,0.7,0.7,0.8,0.85,0.0,0.0,0.0,0.12,0.04
8,PB_FED,-0.023089,0.05,0.15,0.3,0.55,0.7,0.8,0.85,-0.5,0.0,0.0,0.08,0.05
6,PB_only,-0.023096,0.1,0.15,0.4,0.7,0.65,0.8,0.85,0.0,0.0,0.0,0.06,0.04
8,PB_FED,-0.023118,0.1,0.3,0.35,0.65,0.65,0.85,0.9,0.0,0.0,0.0,0.08,0.04
6,PB_only,-0.02312,0.1,0.2,0.35,0.7,0.7,0.8,0.85,0.0,0.0,0.0,0.08,0.04
8,PE_FED,-0.023123,0.1,0.15,0.35,0.65,0.7,0.75,0.9,0.0,0.0,0.0,0.1,0.03
8,PB_only,-0.023126,0.1,0.15,0.4,0.6,0.7,0.75,0.9,0.0,0.0,0.0,0.06,0.04
6,PB_only,-0.023133,0.15,0.25,0.35,0.7,0.65,0.75,0.85,0.0,0.0,0.0,0.08,0.03
6,PB_only,-0.023134,0.15,0.2,0.4,0.7,0.7,0.75,0.85,0.0,0.0,0.0,0.06,0.04
8,PB_only,-0.023151,0.05,0.15,0.4,0.6,0.7,0.8,0.85,0.0,0.0,0.0,0.06,0.04
8,PB_only,-0.023152,0.1,0.2,0.45,0.65,0.65,0.75,0.95,0.0,0.0,0.0,0.12,0.04
8,PB_only,-0.023171,0.15,0.2,0.45,0.65,0.75,0.85,0.95,0.0,0.0,0.0,0.06,0.03
6,PB_FED,-0.023178,0.15,0.2,0.3,0.65,0.65,0.75,0.9,-0.5,0.0,0.0,0.08,0.04
8,PB_only,-0.02318,0.05,0.3,0.45,0.7,0.7,0.8,0.95,0.0,0.0,0.0,0.12,0.05
8,PB_FED,-0.023184,0.2,0.25,0.45,0.65,0.75,0.8,0.95,0.0,0.0,0.0,0.06,0.04
8,PB_only,-0.023186,0.1,0.3,0.35,0.65,0.7,0.8,0.85,0.0,0.0,0.0,0.06,0.04
6,PB_only,-0.02319,0.1,0.2,0.35,0.7,0.7,0.8,0.9,0.0,0.0,0.0,0.12,0.03
8,PB_FED,-0.023191,0.05,0.3,0.4,0.65,0.7,0.75,0.9,0.0,0.0,0.0,0.06,0.05
8,PB_only,-0.023196,0.05,0.2,0.35,0.65,0.7,0.85,0.95,0.0,0.0,0.0,0.06,0.04
8,PB_only,-0.023196,0.05,0.25,0.45,0.65,0.65,0.75,0.9,0.0,0.0,0.0,0.06,0.05
6,PB_FED,-0.023199,0.15,0.25,0.3,0.7,0.7,0.8,0.9,-0.5,0.0,0.0,0.1,0.03
8,PE_FED,-0.023204,0.15,0.2,0.35,0.7,0.75,0.85,0.95,-0.5,0.0,0.0,0.1,0.04
8,PB_only,-0.023205,0.1,0.25,0.3,0.65,0.7,0.85,0.95,0.0,0.0,0.0,0.12,0.04
6,PB_FED,-0.023212,0.1,0.15,0.45,0.7,0.75,0.8,0.85,-0.5,0.0,0.0,0.08,0.05
6,PB_FED,-0.023219,0.05,0.2,0.3,0.7,0.75,0.8,0.95,-0.5,0.0,0.0,0.1,0.04
8,PB_only,-0.023219,0.2,0.25,0.3,0.65,0.7,0.85,0.95,0.0,0.0,0.0,0.12,0.03
6,PB_only,-0.023224,0.15,0.2,0.35,0.7,0.65,0.75,0.85,0.0,0.0,0.0,0.12,0.04
8,PB_only,-0.023224,0.1,0.2,0.35,0.65,0.65,0.85,0.95,0.0,0.0,0.0,0.06,0.05
6,PB_FED,-0.023238,0.1,0.15,0.3,0.7,0.65,0.75,0.9,0.0,0.0,0.0,0.08,0.05
8,PB_only,-0.023244,0.05,0.25,0.35,0.65,0.75,0.85,0.95,0.0,0.0,0.0,0.08,0.03
8,PB_FED,-0.023246,0.05,0.2,0.35,0.55,0.65,0.8,0.85,0.0,0.0,0.0,0.12,0.03
6,PB_FED,-0.023248,0.05,0.15,0.45,0.7,0.65,0.8,0.9,-0.5,0.0,0.0,0.1,0.03
6,PB_only,-0.023251,0.05,0.25,0.3,0.7,0.7,0.8,0.9,0.0,0.0,0.0,0.08,0.03
6,PB_FED,-0.023255,0.15,0.2,0.4,0.7,0.65,0.75,0.85,0.0,0.0,0.0,0.06,0.03
8,PB_only,-0.023258,0.2,0.25,0.4,0.65,0.7,0.75,0.9,0.0,0.0,0.0,0.08,0.05
8,PB_only,-0.023271,0.15,0.2,0.35,0.6,0.75,0.8,0.85,0.0,0.0,0.0,0.08,0.03
6,PB_only,-0.023278,0.2,0.25,0.3,0.7,0.75,0.85,0.9,0.0,0.0,0.0,0.06,0.04
8,PB_FED,-0.023279,0.1,0.2,0.35,0.55,0.65,0.75,0.95,0.0,0.0,0.0,0.08,0.05
8,PB_FED,-0.023289,0.1,0.15,0.4,0.5,0.65,0.75,0.85,0.0,0.0,0.0,0.06,0.04
8,PB_FED,-0.023291,0.2,0.25,0.35,0.65,0.7,0.85,0.95,-0.5,0.0,0.0,0.12,0.05
8,PB_only,-0.023293,0.2,0.3,0.4,0.7,0.7,0.85,0.95,0.0,0.0,0.0,0.08,0.05
6,PB_only,-0.023317,0.1,0.15,0.3,0.65,0.75,0.85,0.9,0.0,0.0,0.0,0.1,0.04
6,PB_only,-0.023319,0.15,0.2,0.45,0.7,0.65,0.75,0.85,0.0,0.0,0.0,0.06,0.03
8,PB_only,-0.023319,0.15,0.3,0.4,0.65,0.65,0.8,0.9,0.0,0.0,0.0,0.12,0.03
8,PB_only,-0.023319,0.15,0.3,0.4,0.65,0.65,0.8,0.9,0.0,0.0,0.0,0.08,0.03
8,PB_FED,-0.023328,0.05,0.25,0.35,0.55,0.65,0.75,0.85,0.0,0.0,0.0,0.08,0.03
8,PB_only,-0.023337,0.05,0.25,0.35,0.65,0.75,0.85,0.9,0.0,0.0,0.0,0.12,0.05
8,PB_only,-0.023344,0.15,0.3,0.4,0.65,0.7,0.75,0.9,0.0,0.0,0.0,0.1,0.04
8,PE_FED,-0.023346,0.1,0.2,0.35,0.7,0.7,0.85,0.95,0.0,0.0,0.0,0.1,0.03
8,PB_FED,-0.02335,0.1,0.15,0.35,0.5,0.75,0.8,0.9,0.0,0.0,0.0,0.1,0.03
6,PB_FED,-0.023351,0.15,0.2,0.3,0.65,0.75,0.8,0.9,-0.5,0.0,0.0,0.1,0.03
8,PB_FED,-0.023354,0.15,0.25,0.3,0.55,0.7,0.75,0.95,0.0,0.0,0.0,0.08,0.05
6,PB_only,-0.023357,0.05,0.15,0.45,0.7,0.75,0.8,0.9,0.0,0.0,0.0,0.1,0.03
8,PE_FED,-0.023357,0.05,0.15,0.35,0.7,0.75,0.8,0.9,-0.5,0.0,0.0,0.12,0.05
6,PB_only,-0.023371,0.05,0.2,0.35,0.7,0.7,0.75,0.85,0.0,0.0,0.0,0.06,0.05
6,PB_only,-0.023383,0.1,0.2,0.3,0.7,0.65,0.8,0.9,0.0,0.0,0.0,0.08,0.04
6,PB_only,-0.023387,0.05,0.25,0.3,0.7,0.65,0.85,0.9,0.0,0.0,0.0,0.08,0.05
8,PB_FED,-0.023393,0.1,0.3,0.45,0.65,0.65,0.75,0.95,0.0,0.0,0.0,0.08,0.05
8,PE_only,-0.023397,0.05,0.15,0.3,0.7,0.7,0.75,0.95,0.0,0.0,0.0,0.08,0.04
6,PB_FED,-0.023399,0.05,0.2,0.45,0.7,0.7,0.75,0.85,-0.5,0.0,0.0,0.06,0.04
8,PB_only,-0.023406,0.05,0.15,0.35,0.6,0.7,0.8,0.85,0.0,0.0,0.0,0.06,0.05
8,PB_FED,-0.023407,0.05,0.2,0.35,0.55,0.65,0.75,0.95,0.0,0.0,0.0,0.12,0.03
8,PB_only,-0.023411,0.05,0.15,0.3,0.6,0.65,0.85,0.9,0.0,0.0,0.0,0.08,0.05
8,PB_FED,-0.023412,0.15,0.3,0.4,0.65,0.65,0.85,0.9,0.0,0.0,0.0,0.06,0.05
6,PB_FED,-0.023419,0.1,0.2,0.3,0.65,0.65,0.75,0.85,-0.5,0.0,0.0,0.12,0.05
6,PB_FED,-0.023421,0.15,0.2,0.3,0.65,0.7,0.75,0.85,-0.5,0.0,0.0,0.1,0.05
6,PB_only,-0.023422,0.1,0.2,0.3,0.7,0.75,0.8,0.9,0.0,0.0,0.0,0.1,0.05
6,PB_FED,-0.023427,0.1,0.15,0.45,0.7,0.7,0.85,0.9,-0.5,0.0,0.0,0.12,0.05
6,PB_only,-0.023446,0.05,0.2,0.3,0.7,0.7,0.85,0.95,0.0,0.0,0.0,0.1,0.03
8,PB_only,-0.02345,0.05,0.2,0.4,0.6,0.65,0.75,0.85,0.0,0.0,0.0,0.08,0.03
8,PB_FED,-0.023459,0.15,0.2,0.45,0.55,0.65,0.75,0.9,0.0,0.0,0.0,0.12,0.04
8,PB_FED,-0.023466,0.1,0.25,0.35,0.6,0.65,0.85,0.9,0.0,0.0,0.0,0.12,0.05
8,PB_FED,-0.023467,0.15,0.2,0.3,0.55,0.7,0.85,0.9,0.0,0.0,0.0,0.12,0.05
8,PE_FED,-0.023478,0.1,0.15,0.45,0.7,0.65,0.85,0.95,0.0,0.0,0.0,0.08,0.04
8,PB_only,-0.023479,0.05,0.25,0.35,0.65,0.75,0.8,0.95,0.0,0.0,0.0,0.06,0.05
6,PB_FED,-0.023498,0.1,0.2,0.45,0.7,0.7,0.8,0.85,-0.5,0.0,0.0,0.1,0.05
8,PE_FED,-0.023508,0.1,0.2,0.35,0.7,0.75,0.85,0.95,-0.5,0.0,0.0,0.06,0.05
8,PB_only,-0.023508,0.05,0.15,0.4,0.6,0.65,0.75,0.85,0.0,0.0,0.0,0.12,0.05
6,PB_only,-0.023515,0.1,0.15,0.3,0.65,0.65,0.75,0.9,0.0,0.0,0.0,0.08,0.04
8,PB_only,-0.023515,0.05,0.3,0.45,0.65,0.65,0.75,0.85,0.0,0.0,0.0,0.12,0.03
8,PB_only,-0.023518,0.1,0.25,0.3,0.6,0.65,0.75,0.85,0.0,0.0,0.0,0.08,0.04
8,PB_FED,-0.023519,0.05,0.2,0.45,0.6,0.7,0.8,0.85,0.0,0.0,0.0,0.08,0.05
8,PB_only,-0.02352,0.05,0.3,0.45,0.7,0.75,0.85,0.95,0.0,0.0,0.0,0.06,0.04
8,PB_only,-0.023522,0.2,0.25,0.35,0.65,0.75,0.85,0.9,0.0,0.0,0.0,0.1,0.04
8,PE_FED,-0.023531,0.05,0.15,0.3,0.65,0.7,0.8,0.9,0.0,0.0,0.0,0.1,0.03
8,PB_only,-0.02354,0.15,0.25,0.45,0.65,0.7,0.8,0.9,0.0,0.0,0.0,0.08,0.05
6,PB_only,-0.023542,0.05,0.25,0.35,0.7,0.7,0.75,0.85,0.0,0.0,0.0,0.06,0.04
8,PB_FED,-0.023543,0.2,0.25,0.4,0.65,0.7,0.85,0.95,-0.5,0.0,0.0,0.06,0.04
8,PB_only,-0.023544,0.15,0.3,0.4,0.65,0.65,0.85,0.9,0.0,0.0,0.0,0.12,0.03
6,PB_only,-0.023553,0.05,0.15,0.3,0.65,0.7,0.85,0.9,0.0,0.0,0.0,0.1,0.05
8,PB_only,-0.023553,0.1,0.15,0.3,0.6,0.65,0.85,0.9,0.0,0.0,0.0,0.1,0.05
6,PB_only,-0.023557,0.1,0.2,0.4,0.7,0.75,0.8,0.9,0.0,0.0,0.0,0.12,0.03
6,PB_FED,-0.023571,0.05,0.15,0.4,0.7,0.75,0.8,0.95,-0.5,0.0,0.0,0.06,0.05
8,PB_only,-0.023572,0.15,0.3,0.4,0.65,0.7,0.85,0.9,0.0,0.0,0.0,0.12,0.03
8,PB_FED,-0.023576,0.15,0.25,0.3,0.6,0.7,0.85,0.95,-0.5,0.0,0.0,0.08,0.03
8,PB_FED,-0.023576,0.05,0.15,0.4,0.55,0.7,0.75,0.95,-0.5,0.0,0.0,0.06,0.03
8,PB_only,-0.023605,0.1,0.15,0.4,0.6,0.7,0.75,0.9,0.0,0.0,0.0,0.08,0.05
8,PB_FED,-0.023605,0.1,0.2,0.4,0.55,0.7,0.75,0.95,0.0,0.0,0.0,0.1,0.04
6,PB_only,-0.023606,0.1,0.25,0.4,0.7,0.65,0.75,0.85,0.0,0.0,0.0,0.12,0.03
8,PE_FED,-0.023607,0.1,0.15,0.45,0.7,0.75,0.8,0.9,-0.5,0.0,0.0,0.1,0.04
6,PB_only,-0.023611,0.1,0.15,0.4,0.7,0.7,0.85,0.95,0.0,0.0,0.0,0.06,0.03
8,PB_only,-0.023613,0.15,0.2,0.3,0.6,0.7,0.8,0.9,0.0,0.0,0.0,0.06,0.04
8,PE_FED,-0.023614,0.05,0.15,0.35,0.7,0.7,0.75,0.85,-0.5,0.0,0.0,0.12,0.04
6,PB_FED,-0.023624,0.1,0.15,0.45,0.65,0.7,0.75,0.9,-0.5,0.0,0.0,0.1,0.03
8,PB_only,-0.02363,0.05,0.3,0.35,0.65,0.7,0.85,0.9,0.0,0.0,0.0,0.1,0.03
8,PE_FED,-0.023634,0.15,0.2,0.4,0.65,0.7,0.75,0.95,0.0,0.0,0.0,0.1,0.04
6,PB_FED,-0.023636,0.1,0.15,0.35,0.65,0.75,0.8,0.9,-0.5,0.0,0.0,0.08,0.04
6,PB_only,-0.023638,0.05,0.2,0.35,0.7,0.7,0.75,0.95,0.0,0.0,0.0,0.06,0.03
6,PB_only,-0.023638,0.05,0.2,0.35,0.7,0.7,0.75,0.95,0.0,0.0,0.0,0.12,0.03
8,PB_only,-0.023641,0.15,0.25,0.35,0.6,0.65,0.75,0.85,0.0,0.0,0.0,0.12,0.03
6,PB_FED,-0.023648,0.1,0.15,0.45,0.65,0.75,0.8,0.85,-0.5,0.0,0.0,0.08,0.03
8,PB_only,-0.023652,0.05,0.15,0.45,0.6,0.65,0.8,0.85,0.0,0.0,0.0,0.06,0.03
8,PB_FED,-0.023653,0.05,0.25,0.3,0.55,0.65,0.75,0.85,0.0,0.0,0.0,0.1,0.05
8,PB_only,-0.02366,0.15,0.2,0.45,0.65,0.65,0.8,0.95,0.0,0.0,0.0,0.06,0.04
8,PB_FED,-0.02366,0.1,0.3,0.4,0.65,0.7,0.8,0.95,0.0,0.0,0.0,0.12,0.04
8,PB_only,-0.023661,0.2,0.3,0.4,0.7,0.65,0.8,0.95,0.0,0.0,0.0,0.1,0.04
8,PB_FED,-0.023664,0.2,0.25,0.45,0.6,0.75,0.8,0.9,0.0,0.0,0.0,0.06,0.03
8,PB_only,-0.023683,0.1,0.2,0.3,0.6,0.65,0.8,0.9,0.0,0.0,0.0,0.08,0.04
8,PB_FED,-0.023683,0.15,0.2,0.3,0.5,0.7,0.8,0.85,0.0,0.0,0.0,0.08,0.04
6,PB_only,-0.023692,0.05,0.25,0.3,0.7,0.75,0.8,0.9,0.0,0.0,0.0,0.1,0.04
8,PB_only,-0.023692,0.2,0.25,0.35,0.65,0.65,0.8,0.95,0.0,0.0,0.0,0.06,0.03
8,PB_only,-0.023692,0.2,0.25,0.35,0.65,0.65,0.8,0.95,0.0,0.0,0.0,0.1,0.03
6,PB_only,-0.023693,0.05,0.15,0.4,0.65,0.7,0.85,0.9,0.0,0.0,0.0,0.1,0.03
6,PB_only,-0.023693,0.05,0.15,0.4,0.65,0.75,0.85,0.9,0.0,0.0,0.0,0.1,0.03
8,PB_FED,-0.023705,0.15,0.3,0.45,0.6,0.7,0.75,0.9,0.0,0.0,0.0,0.1,0.03
6,PB_only,-0.023708,0.1,0.15,0.4,0.7,0.65,0.8,0.85,0.0,0.0,0.0,0.06,0.05
6,PB_only,-0.023715,0.15,0.25,0.35,0.7,0.7,0.8,0.9,0.0,0.0,0.0,0.1,0.03
8,PB_only,-0.023717,0.2,0.25,0.4,0.65,0.7,0.8,0.95,0.0,0.0,0.0,0.08,0.03
8,PB_only,-0.023717,0.2,0.25,0.4,0.65,0.7,0.8,0.95,0.0,0.0,0.0,0.1,0.03
8,PB_only,-0.023717,0.05,0.25,0.4,0.65,0.65,0.85,0.9,0.0,0.0,0.0,0.06,0.05
8,PB_FED,-0.023718,0.1,0.3,0.4,0.65,0.75,0.8,0.95,0.0,0.0,0.0,0.12,0.05
8,PE_FED,-0.02373,0.1,0.15,0.4,0.6,0.65,0.75,0.95,0.0,0.0,0.0,0.06,0.05
8,PB_only,-0.023737,0.05,0.3,0.35,0.65,0.7,0.75,0.85,0.0,0.0,0.0,0.08,0.05
6,PB_FED,-0.023745,0.05,0.15,0.35,0.7,0.65,0.75,0.9,0.0,0.0,0.0,0.06,0.03
8,PB_only,-0.023746,0.05,0.25,0.35,0.65,0.65,0.8,0.95,0.0,0.0,0.0,0.08,0.04
6,PB_only,-0.023753,0.1,0.25,0.35,0.7,0.7,0.8,0.85,0.0,0.0,0.0,0.08,0.04
6,PB_only,-0.023753,0.1,0.25,0.35,0.7,0.7,0.8,0.85,0.0,0.0,0.0,0.1,0.04
8,PB_only,-0.023763,0.1,0.2,0.35,0.6,0.65,0.75,0.9,0.0,0.0,0.0,0.1,0.04
6,PB_only,-0.023768,0.2,0.25,0.35,0.7,0.65,0.75,0.85,0.0,0.0,0.0,0.1,0.03
8,PE_only,-0.023773,0.05,0.15,0.4,0.7,0.7,0.75,0.95,0.0,0.0,0.0,0.12,0.05
8,PB_only,-0.023777,0.2,0.3,0.4,0.7,0.65,0.85,0.95,0.0,0.0,0.0,0.1,0.05
8,PB_only,-0.023778,0.05,0.25,0.35,0.6,0.65,0.75,0.85,0.0,0.0,0.0,0.08,0.03
8,PB_only,-0.023793,0.05,0.25,0.3,0.6,0.65,0.8,0.9,0.0,0.0,0.0,0.12,0.03
8,PB_only,-0.023793,0.05,0.25,0.3,0.6,0.65,0.8,0.9,0.0,0.0,0.0,0.08,0.03
8,PB_FED,-0.023797,0.05,0.2,0.3,0.55,0.7,0.85,0.95,0.0,0.0,0.0,0.1,0.03
8,PB_only,-0.023806,0.05,0.2,0.35,0.6,0.7,0.8,0.85,0.0,0.0,0.0,0.06,0.04
8,PB_only,-0.023811,0.05,0.2,0.3,0.6,0.65,0.75,0.95,0.0,0.0,0.0,0.1,0.05
6,PB_only,-0.023817,0.15,0.2,0.4,0.7,0.65,0.8,0.9,0.0,0.0,0.0,0.12,0.03
8,PE_FED,-0.023829,0.05,0.2,0.35,0.7,0.7,0.8,0.9,-0.5,0.0,0.0,0.08,0.03
8,PB_FED,-0.023843,0.15,0.2,0.4,0.55,0.65,0.75,0.95,0.0,0.0,0.0,0.1,0.04
8,PE_FED,-0.023847,0.05,0.15,0.35,0.7,0.75,0.8,0.85,-0.5,0.0,0.0,0.08,0.04
8,PB_only,-0.023847,0.1,0.2,0.4,0.65,0.65,0.85,0.95,0.0,0.0,0.0,0.08,0.04
8,PB_only,-0.02386,0.05,0.15,0.3,0.55,0.7,0.8,0.85,0.0,0.0,0.0,0.06,0.04
6,PB_only,-0.023863,0.05,0.25,0.35,0.7,0.7,0.8,0.85,0.0,0.0,0.0,0.08,0.03
6,PB_only,-0.023867,0.1,0.15,0.3,0.7,0.65,0.85,0.95,0.0,0.0,0.0,0.08,0.04
8,PB_only,-0.023873,0.05,0.25,0.4,0.65,0.75,0.8,0.95,0.0,0.0,0.0,0.06,0.05
8,PE_FED,-0.023874,0.1,0.2,0.4,0.65,0.7,0.75,0.95,0.0,0.0,0.0,0.06,0.05
8,PB_only,-0.023876,0.1,0.25,0.3,0.6,0.75,0.8,0.85,0.0,0.0,0.0,0.06,0.04
6,PB_FED,-0.023887,0.1,0.2,0.3,0.65,0.7,0.75,0.85,0.0,0.0,0.0,0.08,0.03
8,PB_only,-0.023891,0.1,0.15,0.3,0.55,0.65,0.75,0.9,0.0,0.0,0.0,0.06,0.04
6,PB_only,-0.023892,0.1,0.15,0.35,0.7,0.75,0.85,0.95,0.0,0.0,0.0,0.08,0.05
6,PB_only,-0.023896,0.05,0.15,0.35,0.7,0.7,0.85,0.95,0.0,0.0,0.0,0.06,0.05
6,PB_FED,-0.023897,0.1,0.2,0.35,0.7,0.75,0.85,0.95,-0.5,0.0,0.0,0.06,0.04
8,PB_only,-0.023899,0.2,0.3,0.45,0.65,0.65,0.75,0.9,0.0,0.0,0.0,0.1,0.03
8,PB_FED,-0.023899,0.1,0.25,0.4,0.6,0.75,0.85,0.9,0.0,0.0,0.0,0.08,0.05
6,PB_only,-0.023905,0.05,0.15,0.35,0.7,0.65,0.85,0.95,0.0,0.0,0.0,0.1,0.03
8,PB_FED,-0.023906,0.05,0.2,0.4,0.6,0.65,0.8,0.9,-0.5,0.0,0.0,0.12,0.05
6,PB_FED,-0.023908,0.1,0.15,0.45,0.7,0.65,0.8,0.95,-0.5,0.0,0.0,0.06,0.05
8,PE_FED,-0.02391,0.1,0.15,0.45,0.65,0.65,0.85,0.95,0.0,0.0,0.0,0.06,0.03
8,PE_FED,-0.023913,0.05,0.15,0.45,0.65,0.65,0.8,0.95,-0.5,0.0,0.0,0.06,0.04
8,PE_FED,-0.023914,0.1,0.2,0.35,0.7,0.7,0.85,0.95,0.0,0.0,0.0,0.12,0.04
8,PB_FED,-0.023939,0.15,0.3,0.45,0.65,0.7,0.8,0.95,0.0,0.0,0.0,0.08,0.04
8,PE_only,-0.02394,0.1,0.15,0.4,0.7,0.65,0.8,0.95,0.0,0.0,0.0,0.08,0.03
8,PB_FED,-0.023941,0.1,0.3,0.4,0.6,0.65,0.75,0.9,0.0,0.0,0.0,0.1,0.04
8,PE_FED,-0.023942,0.05,0.15,0.35,0.7,0.65,0.75,0.85,-0.5,0.0,0.0,0.1,0.04
8,PB_only,-0.023943,0.1,0.15,0.4,0.6,0.7,0.8,0.85,0.0,0.0,0.0,0.08,0.05
6,PB_FED,-0.023948,0.05,0.2,0.3,0.65,0.65,0.75,0.95,-0.5,0.0,0.0,0.12,0.03
8,PB_only,-0.023949,0.1,0.15,0.3,0.55,0.7,0.8,0.85,0.0,0.0,0.0,0.08,0.03
6,PB_only,-0.023951,0.1,0.2,0.45,0.7,0.7,0.75,0.9,0.0,0.0,0.0,0.08,0.04
8,PB_only,-0.023956,0.05,0.3,0.35,0.65,0.65,0.8,0.9,0.0,0.0,0.0,0.1,0.04
8,PB_only,-0.023957,0.2,0.25,0.35,0.65,0.7,0.85,0.9,0.0,0.0,0.0,0.1,0.05
8,PB_only,-0.023967,0.05,0.25,0.35,0.6,0.7,0.75,0.9,0.0,0.0,0.0,0.1,0.03
8,PE_FED,-0.023971,0.15,0.25,0.45,0.7,0.65,0.75,0.95,0.0,0.0,0.0,0.12,0.03
8,PE_FED,-0.02398,0.1,0.2,0.35,0.7,0.65,0.85,0.95,-0.5,0.0,0.0,0.1,0.05
6,PB_only,-0.023985,0.05,0.2,0.3,0.65,0.65,0.8,0.85,0.0,0.0,0.0,0.12,0.03
8,PE_FED,-0.023992,0.05,0.15,0.35,0.7,0.75,0.8,0.85,-0.5,0.0,0.0,0.1,0.05
8,PB_only,-0.023997,0.05,0.3,0.35,0.65,0.65,0.75,0.95,0.0,0.0,0.0,0.12,0.03
8,PB_only,-0.024008,0.05,0.2,0.45,0.6,0.65,0.75,0.85,0.0,0.0,0.0,0.12,0.03
8,PE_FED,-0.024012,0.1,0.15,0.45,0.7,0.65,0.75,0.9,0.0,0.0,0.0,0.08,0.05
6,PB_only,-0.024026,0.1,0.2,0.4,0.7,0.7,0.8,0.85,0.0,0.0,0.0,0.1,0.05
8,PB_FED,-0.024034,0.1,0.15,0.3,0.5,0.7,0.85,0.9,0.0,0.0,0.0,0.08,0.05
6,PB_only,-0.024045,0.15,0.2,0.35,0.7,0.7,0.75,0.95,0.0,0.0,0.0,0.08,0.04
6,PB_only,-0.024046,0.1,0.2,0.35,0.7,0.7,0.85,0.95,0.0,0.0,0.0,0.12,0.03
6,PB_FED,-0.024046,0.2,0.25,0.3,0.7,0.75,0.85,0.9,-0.5,0.0,0.0,0.06,0.03
6,PB_only,-0.024052,0.15,0.25,0.4,0.7,0.7,0.8,0.9,0.0,0.0,0.0,0.1,0.03
8,PB_FED,-0.024052,0.1,0.2,0.3,0.5,0.7,0.85,0.9,0.0,0.0,0.0,0.08,0.03
8,PB_only,-0.024065,0.05,0.15,0.3,0.6,0.7,0.85,0.95,0.0,0.0,0.0,0.12,0.04
8,PB_FED,-0.024066,0.15,0.3,0.4,0.6,0.65,0.75,0.95,0.0,0.0,0.0,0.08,0.03
6,PB_FED,-0.024067,0.05,0.25,0.35,0.7,0.75,0.8,0.85,-0.5,0.0,0.0,0.08,0.03
6,PB_FED,-0.024068,0.15,0.2,0.3,0.65,0.7,0.8,0.9,-0.5,0.0,0.0,0.1,0.05
6,PB_only,-0.024077,0.1,0.25,0.4,0.7,0.7,0.75,0.9,0.0,0.0,0.0,0.1,0.04
6,PB_FED,-0.024079,0.1,0.2,0.3,0.65,0.7,0.75,0.9,0.0,0.0,0.0,0.1,0.03
8,PB_FED,-0.024098,0.05,0.3,0.45,0.65,0.7,0.75,0.95,-0.5,0.0,0.0,0.08,0.04
8,PB_only,-0.0241,0.2,0.3,0.35,0.65,0.7,0.75,0.85,0.0,0.0,0.0,0.12,0.05
8,PE_FED,-0.024107,0.05,0.15,0.3,0.6,0.65,0.75,0.9,0.0,0.0,0.0,0.1,0.03
8,PB_FED,-0.024107,0.2,0.3,0.35,0.65,0.75,0.8,0.95,-0.5,0.0,0.0,0.1,0.04
8,PB_FED,-0.024109,0.15,0.25,0.35,0.55,0.65,0.75,0.95,0.0,0.0,0.0,0.1,0.05
8,PB_FED,-0.024109,0.15,0.3,0.35,0.65,0.65,0.85,0.95,-0.5,0.0,0.0,0.1,0.04
8,PE_only,-0.02411,0.05,0.15,0.35,0.7,0.65,0.75,0.95,0.0,0.0,0.0,0.06,0.05
8,PB_only,-0.024113,0.15,0.3,0.35,0.65,0.75,0.85,0.9,0.0,0.0,0.0,0.08,0.04
6,PB_FED,-0.024114,0.1,0.15,0.35,0.7,0.65,0.75,0.85,0.0,0.0,0.0,0.08,0.05
8,PB_only,-0.02412,0.05,0.25,0.3,0.6,0.7,0.85,0.9,0.0,0.0,0.0,0.1,0.03
6,PB_only,-0.024122,0.05,0.3,0.35,0.7,0.7,0.85,0.9,0.0,0.0,0.0,0.08,0.03
8,PB_FED,-0.024124,0.15,0.3,0.4,0.65,0.7,0.85,0.95,-0.5,0.0,0.0,0.06,0.04
6,PB_only,-0.024135,0.05,0.15,0.4,0.65,0.7,0.75,0.85,0.0,0.0,0.0,0.12,0.03
6,PB_only,-0.024137,0.05,0.2,0.45,0.7,0.75,0.8,0.9,0.0,0.0,0.0,0.06,0.03
6,PB_only,-0.024137,0.05,0.2,0.45,0.7,0.7,0.8,0.9,0.0,0.0,0.0,0.1,0.03
8,PB_FED,-0.024137,0.15,0.25,0.45,0.55,0.65,0.75,0.85,0.0,0.0,0.0,0.12,0.04
8,PE_only,-0.024146,0.1,0.15,0.45,0.7,0.7,0.8,0.95,0.0,0.0,0.0,0.12,0.03
8,PB_only,-0.024146,0.05,0.25,0.35,0.6,0.75,0.8,0.85,0.0,0.0,0.0,0.08,0.03
6,PB_only,-0.024148,0.1,0.2,0.35,0.7,0.7,0.75,0.95,0.0,0.0,0.0,0.06,0.05
8,PB_FED,-0.024149,0.1,0.15,0.45,0.55,0.65,0.75,0.85,-0.5,0.0,0.0,0.1,0.05
6,PB_only,-0.024155,0.15,0.25,0.35,0.7,0.7,0.8,0.9,0.0,0.0,0.0,0.1,0.04
6,PB_only,-0.024157,0.05,0.15,0.35,0.7,0.65,0.8,0.95,0.0,0.0,0.0,0.06,0.03
6,PB_FED,-0.024157,0.1,0.15,0.45,0.65,0.7,0.8,0.9,-0.5,0.0,0.0,0.12,0.03
8,PB_only,-0.024158,0.2,0.3,0.45,0.7,0.65,0.85,0.95,0.0,0.0,0.0,0.1,0.05
8,PE_FED,-0.024159,0.1,0.15,0.35,0.7,0.75,0.8,0.85,-0.5,0.0,0.0,0.1,0.05
8,PE_FED,-0.024159,0.1,0.15,0.35,0.7,0.75,0.8,0.85,-0.5,0.0,0.0,0.08,0.05
8,PB_only,-0.024159,0.05,0.15,0.4,0.6,0.7,0.8,0.95,0.0,0.0,0.0,0.1,0.03
8,PE_FED,-0.024163,0.05,0.15,0.35,0.7,0.75,0.85,0.9,-0.5,0.0,0.0,0.1,0.05
8,PB_FED,-0.024166,0.05,0.2,0.35,0.55,0.7,0.8,0.85,0.0,0.0,0.0,0.1,0.05
8,PB_FED,-0.024167,0.2,0.3,0.35,0.65,0.75,0.8,0.95,-0.5,0.0,0.0,0.1,0.05
8,PB_only,-0.02417,0.05,0.2,0.4,0.6,0.65,0.75,0.9,0.0,0.0,0.0,0.08,0.04
8,PB_only,-0.02417,0.2,0.25,0.4,0.65,0.75,0.85,0.95,0.0,0.0,0.0,0.06,0.03
6,PB_only,-0.024176,0.1,0.25,0.45,0.7,0.7,0.75,0.9,0.0,0.0,0.0,0.06,0.03
6,PB_only,-0.024185,0.15,0.25,0.3,0.7,0.75,0.8,0.85,0.0,0.0,0.0,0.12,0.05
6,PB_only,-0.02419,0.2,0.25,0.35,0.7,0.65,0.85,0.9,0.0,0.0,0.0,0.1,0.04
8,PB_only,-0.02419,0.1,0.2,0.4,0.6,0.7,0.75,0.9,0.0,0.0,0.0,0.08,0.04
6,PB_FED,-0.024191,0.1,0.15,0.3,0.6,0.65,0.75,0.9,-0.5,0.0,0.0,0.12,0.03
6,PB_FED,-0.024193,0.1,0.2,0.45,0.65,0.7,0.75,0.85,-0.5,0.0,0.0,0.08,0.03
6,PB_FED,-0.024194,0.1,0.2,0.3,0.7,0.7,0.8,0.9,0.0,0.0,0.0,0.06,0.04
8,PB_FED,-0.024195,0.15,0.3,0.4,0.65,0.7,0.85,0.95,-0.5,0.0,0.0,0.1,0.05
8,PB_only,-0.024198,0.05,0.15,0.45,0.6,0.7,0.75,0.9,0.0,0.0,0.0,0.08,0.05
8,PB_FED,-0.024198,0.1,0.2,0.3,0.55,0.65,0.85,0.95,0.0,0.0,0.0,0.1,0.05
8,PE_FED,-0.024203,0.05,0.15,0.4,0.65,0.65,0.75,0.9,-0.5,0.0,0.0,0.1,0.04
8,PE_FED,-0.024207,0.1,0.15,0.4,0.7,0.65,0.75,0.85,0.0,0.0,0.0,0.08,0.05
6,PB_only,-0.024209,0.1,0.25,0.3,0.7,0.7,0.75,0.95,0.0,0.0,0.0,0.06,0.05
8,PB_only,-0.024209,0.1,0.2,0.3,0.6,0.65,0.8,0.9,0.0,0.0,0.0,0.08,0.05
8,PB_FED,-0.024237,0.15,0.25,0.45,0.6,0.65,0.75,0.85,-0.5,0.0,0.0,0.12,0.05
8,PB_only,-0.024239,0.05,0.2,0.4,0.6,0.65,0.8,0.85,0.0,0.0,0.0,0.12,0.04
6,PB_only,-0.024241,0.1,0.15,0.35,0.65,0.7,0.75,0.9,0.0,0.0,0.0,0.1,0.04
6,PB_only,-0.024248,0.05,0.2,0.3,0.7,0.65,0.75,0.95,0.0,0.0,0.0,0.08,0.04
8,PE_FED,-0.024251,0.05,0.2,0.45,0.7,0.75,0.85,0.95,0.0,0.0,0.0,0.1,0.03
8,PE_FED,-0.024252,0.1,0.15,0.45,0.7,0.7,0.8,0.9,-0.5,0.0,0.0,0.1,0.05
8,PB_only,-0.024252,0.05,0.25,0.35,0.65,0.65,0.85,0.95,0.0,0.0,0.0,0.08,0.04
6,PB_only,-0.024253,0.05,0.15,0.45,0.7,0.65,0.8,0.85,0.0,0.0,0.0,0.08,0.05
8,PB_FED,-0.024254,0.05,0.15,0.45,0.55,0.65,0.75,0.9,-0.5,0.0,0.0,0.1,0.04
6,PB_only,-0.024256,0.1,0.15,0.45,0.65,0.7,0.85,0.9,0.0,0.0,0.0,0.06,0.03
8,PB_only,-0.024257,0.15,0.3,0.45,0.65,0.7,0.75,0.9,0.0,0.0,0.0,0.06,0.05
6,PB_FED,-0.024265,0.1,0.15,0.35,0.7,0.7,0.8,0.85,0.0,0.0,0.0,0.06,0.05
6,PB_FED,-0.024279,0.05,0.25,0.35,0.7,0.75,0.8,0.85,-0.5,0.0,0.0,0.06,0.04
6,PB_only,-0.02428,0.1,0.2,0.35,0.7,0.75,0.8,0.95,0.0,0.0,0.0,0.06,0.03
8,PB_only,-0.024281,0.05,0.15,0.4,0.6,0.65,0.75,0.95,0.0,0.0,0.0,0.06,0.04
8,PB_FED,-0.02429,0.1,0.2,0.45,0.6,0.7,0.85,0.95,0.0,0.0,0.0,0.12,0.05
6,PB_only,-0.024293,0.2,0.25,0.35,0.7,0.75,0.8,0.85,0.0,0.0,0.0,0.08,0.04
8,PB_FED,-0.024309,0.05,0.15,0.4,0.5,0.65,0.75,0.95,0.0,0.0,0.0,0.06,0.03
6,PB_FED,-0.024314,0.1,0.2,0.3,0.6,0.65,0.75,0.85,-0.5,0.0,0.0,0.1,0.03
8,PB_FED,-0.024317,0.15,0.2,0.45,0.6,0.75,0.85,0.9,-0.5,0.0,0.0,0.08,0.04
6,PB_only,-0.024328,0.05,0.25,0.35,0.7,0.7,0.8,0.85,0.0,0.0,0.0,0.08,0.05
6,PB_only,-0.024331,0.1,0.15,0.45,0.7,0.75,0.8,0.85,0.0,0.0,0.0,0.06,0.05
6,PB_FED,-0.024335,0.15,0.25,0.3,0.7,0.7,0.8,0.95,-0.5,0.0,0.0,0.08,0.04
8,PB_only,-0.02434,0.1,0.15,0.4,0.6,0.7,0.8,0.9,0.0,0.0,0.0,0.08,0.05
8,PE_only,-0.024341,0.05,0.15,0.45,0.7,0.7,0.8,0.95,0.0,0.0,0.0,0.12,0.04
8,PB_only,-0.024348,0.05,0.25,0.3,0.6,0.65,0.75,0.95,0.0,0.0,0.0,0.12,0.03
8,PB_only,-0.024349,0.15,0.3,0.45,0.65,0.75,0.8,0.9,0.0,0.0,0.0,0.12,0.04
8,PB_only,-0.024349,0.05,0.15,0.35,0.6,0.7,0.85,0.9,0.0,0.0,0.0,0.12,0.05
8,PB_only,-0.024352,0.2,0.25,0.4,0.65,0.7,0.8,0.95,0.0,0.0,0.0,0.08,0.04
8,PB_only,-0.024353,0.15,0.2,0.35,0.6,0.75,0.8,0.9,0.0,0.0,0.0,0.1,0.04
6,PB_FED,-0.024359,0.05,0.15,0.4,0.65,0.75,0.85,0.9,-0.5,0.0,0.0,0.1,0.03
8,PE_FED,-0.024366,0.1,0.15,0.45,0.7,0.7,0.85,0.9,-0.5,0.0,0.0,0.12,0.04
6,PB_FED,-0.024367,0.05,0.2,0.3,0.7,0.7,0.85,0.9,0.0,0.0,0.0,0.12,0.03
8,PB_FED,-0.024369,0.05,0.25,0.4,0.6,0.7,0.85,0.9,0.0,0.0,0.0,0.08,0.04
6,PB_FED,-0.024375,0.2,0.25,0.4,0.7,0.75,0.8,0.85,-0.5,0.0,0.0,0.06,0.03
8,PB_only,-0.024382,0.05,0.25,0.4,0.6,0.65,0.75,0.9,0.0,0.0,0.0,0.06,0.03
8,PE_FED,-0.024383,0.1,0.2,0.45,0.65,0.7,0.75,0.95,0.0,0.0,0.0,0.08,0.04
8,PB_only,-0.02439,0.05,0.15,0.4,0.6,0.75,0.85,0.9,0.0,0.0,0.0,0.06,0.04
8,PB_FED,-0.024394,0.15,0.2,0.45,0.55,0.7,0.8,0.9,0.0,0.0,0.0,0.06,0.04
8,PE_FED,-0.024396,0.05,0.15,0.45,0.6,0.7,0.75,0.95,0.0,0.0,0.0,0.06,0.04
8,PB_FED,-0.024398,0.05,0.2,0.4,0.6,0.75,0.8,0.95,-0.5,0.0,0.0,0.1,0.04
8,PE_FED,-0.024407,0.1,0.15,0.3,0.65,0.7,0.8,0.9,0.0,0.0,0.0,0.06,0.05
6,PB_only,-0.02441,0.1,0.15,0.4,0.7,0.7,0.8,0.95,0.0,0.0,0.0,0.12,0.04
6,PB_only,-0.024412,0.05,0.25,0.4,0.7,0.65,0.85,0.9,0.0,0.0,0.0,0.1,0.05
8,PE_only,-0.024414,0.1,0.15,0.4,0.7,0.75,0.85,0.95,0.0,0.0,0.0,0.1,0.03
8,PB_FED,-0.024421,0.1,0.2,0.4,0.55,0.65,0.8,0.85,-0.5,0.0,0.0,0.08,0.04
8,PB_FED,-0.024425,0.1,0.25,0.3,0.55,0.75,0.8,0.95,0.0,0.0,0.0,0.06,0.04
8,PB_only,-0.024428,0.1,0.3,0.4,0.65,0.7,0.75,0.95,0.0,0.0,0.0,0.08,0.05
8,PB_only,-0.024429,0.1,0.15,0.45,0.6,0.75,0.8,0.9,0.0,0.0,0.0,0.12,0.04
8,PB_only,-0.024432,0.15,0.25,0.35,0.6,0.65,0.8,0.9,0.0,0.0,0.0,0.12,0.03
8,PE_FED,-0.024435,0.05,0.25,0.35,0.7,0.65,0.8,0.95,0.0,0.0,0.0,0.06,0.04
6,PB_only,-0.024445,0.15,0.3,0.35,0.7,0.7,0.75,0.85,0.0,0.0,0.0,0.06,0.03
8,PB_FED,-0.024448,0.1,0.15,0.4,0.55,0.65,0.85,0.9,-0.5,0.0,0.0,0.1,0.04
8,PB_only,-0.02445,0.2,0.3,0.4,0.65,0.65,0.75,0.85,0.0,0.0,0.0,0.12,0.05
8,PB_only,-0.024453,0.15,0.2,0.4,0.6,0.7,0.75,0.85,0.0,0.0,0.0,0.06,0.05
8,PB_only,-0.024456,0.05,0.25,0.3,0.6,0.7,0.8,0.9,0.0,0.0,0.0,0.1,0.04
6,PB_FED,-0.024457,0.1,0.2,0.35,0.7,0.7,0.8,0.9,0.0,0.0,0.0,0.06,0.03
8,PB_FED,-0.02446,0.05,0.25,0.45,0.6,0.7,0.8,0.85,0.0,0.0,0.0,0.12,0.05
6,PB_only,-0.02447,0.2,0.25,0.4,0.7,0.75,0.85,0.9,0.0,0.0,0.0,0.06,0.05
6,PB_only,-0.024471,0.1,0.2,0.45,0.7,0.7,0.75,0.95,0.0,0.0,0.0,0.12,0.03
6,PB_FED,-0.024484,0.05,0.15,0.45,0.65,0.7,0.75,0.9,-0.5,0.0,0.0,0.12,0.04
6,PB_only,-0.024488,0.05,0.15,0.4,0.7,0.65,0.75,0.95,0.0,0.0,0.0,0.08,0.04
8,PB_only,-0.024488,0.05,0.15,0.4,0.55,0.65,0.75,0.9,0.0,0.0,0.0,0.1,0.03
6,PB_only,-0.024492,0.05,0.3,0.4,0.7,0.75,0.85,0.9,0.0,0.0,0.0,0.08,0.03
6,PB_only,-0.024493,0.05,0.15,0.3,0.65,0.75,0.8,0.9,0.0,0.0,0.0,0.12,0.05
8,PB_FED,-0.024495,0.05,0.3,0.4,0.65,0.65,0.85,0.95,-0.5,0.0,0.0,0.08,0.03
8,PB_FED,-0.024499,0.1,0.15,0.45,0.5,0.65,0.75,0.9,0.0,0.0,0.0,0.06,0.05
8,PE_FED,-0.024507,0.05,0.15,0.4,0.7,0.65,0.85,0.9,0.0,0.0,0.0,0.06,0.03
8,PB_FED,-0.024507,0.15,0.3,0.45,0.6,0.65,0.8,0.85,0.0,0.0,0.0,0.1,0.04
8,PE_FED,-0.024513,0.1,0.2,0.35,0.65,0.65,0.75,0.95,-0.5,0.0,0.0,0.1,0.05
6,PB_only,-0.024521,0.1,0.15,0.45,0.7,0.65,0.8,0.9,0.0,0.0,0.0,0.06,0.05
6,PB_FED,-0.024521,0.15,0.2,0.35,0.65,0.65,0.75,0.95,-0.5,0.0,0.0,0.06,0.05
8,PE_FED,-0.024522,0.05,0.25,0.4,0.7,0.75,0.8,0.95,0.0,0.0,0.0,0.1,0.05
8,PB_only,-0.024527,0.2,0.25,0.35,0.65,0.75,0.85,0.95,0.0,0.0,0.0,0.12,0.04
6,PB_FED,-0.024531,0.1,0.15,0.4,0.7,0.65,0.75,0.85,0.0,0.0,0.0,0.1,0.05
8,PB_only,-0.024532,0.05,0.15,0.4,0.6,0.75,0.8,0.85,0.0,0.0,0.0,0.12,0.05
6,PB_only,-0.024535,0.05,0.2,0.45,0.65,0.65,0.85,0.9,0.0,0.0,0.0,0.12,0.03
6,PB_only,-0.024535,0.05,0.2,0.45,0.65,0.65,0.85,0.9,0.0,0.0,0.0,0.06,0.03
6,PB_only,-0.024537,0.05,0.25,0.4,0.7,0.7,0.75,0.9,0.0,0.0,0.0,0.08,0.05
6,PB_only,-0.024537,0.1,0.3,0.45,0.7,0.65,0.85,0.9,0.0,0.0,0.0,0.08,0.03
6,PB_only,-0.024546,0.1,0.2,0.4,0.65,0.65,0.75,0.85,0.0,0.0,0.0,0.1,0.03
8,PE_FED,-0.024547,0.1,0.15,0.45,0.65,0.7,0.85,0.95,0.0,0.0,0.0,0.08,0.05
8,PE_FED,-0.02455,0.1,0.2,0.35,0.6,0.65,0.8,0.95,0.0,0.0,0.0,0.08,0.03
8,PB_only,-0.024552,0.2,0.25,0.3,0.6,0.7,0.8,0.85,0.0,0.0,0.0,0.06,0.03
6,PB_only,-0.024553,0.15,0.2,0.3,0.65,0.7,0.8,0.85,0.0,0.0,0.0,0.1,0.04
6,PB_only,-0.024553,0.15,0.2,0.3,0.65,0.75,0.8,0.85,0.0,0.0,0.0,0.1,0.04
8,PB_FED,-0.024559,0.1,0.25,0.4,0.6,0.65,0.85,0.95,0.0,0.0,0.0,0.1,0.05
8,PB_FED,-0.024562,0.2,0.25,0.45,0.6,0.75,0.8,0.9,0.0,0.0,0.0,0.1,0.05
8,PB_only,-0.024564,0.05,0.15,0.35,0.6,0.65,0.85,0.95,0.0,0.0,0.0,0.12,0.03
6,PB_only,-0.024565,0.1,0.25,0.45,0.7,0.7,0.75,0.9,0.0,0.0,0.0,0.1,0.04
8,PB_only,-0.024567,0.05,0.25,0.35,0.6,0.65,0.8,0.85,0.0,0.0,0.0,0.1,0.04
8,PB_only,-0.024569,0.1,0.25,0.4,0.6,0.75,0.8,0.85,0.0,0.0,0.0,0.12,0.03
6,PB_only,-0.02457,0.05,0.15,0.4,0.7,0.65,0.8,0.95,0.0,0.0,0.0,0.06,0.03
8,PB_FED,-0.02457,0.2,0.25,0.3,0.6,0.75,0.85,0.95,-0.5,0.0,0.0,0.08,0.03
8,PE_FED,-0.024577,0.1,0.2,0.35,0.65,0.75,0.8,0.95,-0.5,0.0,0.0,0.06,0.04
8,PB_only,-0.024583,0.15,0.25,0.3,0.6,0.65,0.75,0.95,0.0,0.0,0.0,0.06,0.05
8,PB_only,-0.024584,0.05,0.15,0.45,0.6,0.65,0.75,0.95,0.0,0.0,0.0,0.08,0.05
8,PB_only,-0.024586,0.15,0.3,0.4,0.65,0.65,0.8,0.95,0.0,0.0,0.0,0.06,0.03
6,PB_FED,-0.024588,0.2,0.25,0.4,0.7,0.7,0.8,0.85,-0.5,0.0,0.0,0.08,0.04
8,PB_only,-0.024595,0.1,0.25,0.35,0.6,0.65,0.8,0.85,0.0,0.0,0.0,0.12,0.04
6,PB_FED,-0.024596,0.15,0.2,0.4,0.65,0.65,0.75,0.95,-0.5,0.0,0.0,0.06,0.03
8,PB_FED,-0.02461,0.15,0.2,0.4,0.6,0.7,0.85,0.95,-0.5,0.0,0.0,0.08,0.05
8,PB_FED,-0.024611,0.1,0.25,0.4,0.55,0.7,0.75,0.95,0.0,0.0,0.0,0.12,0.05
8,PB_only,-0.024615,0.15,0.2,0.45,0.6,0.7,0.8,0.9,0.0,0.0,0.0,0.06,0.03
6,PB_only,-0.024627,0.1,0.15,0.35,0.65,0.7,0.75,0.9,0.0,0.0,0.0,0.06,0.05
8,PE_only,-0.024632,0.1,0.15,0.3,0.7,0.75,0.85,0.95,0.0,0.0,0.0,0.08,0.05
6,PB_only,-0.024633,0.15,0.2,0.35,0.7,0.65,0.85,0.95,0.0,0.0,0.0,0.08,0.03
6,PB_only,-0.024635,0.1,0.15,0.35,0.65,0.65,0.75,0.85,0.0,0.0,0.0,0.1,0.05
8,PB_FED,-0.024635,0.2,0.25,0.35,0.55,0.75,0.8,0.85,0.0,0.0,0.0,0.08,0.04
8,PB_only,-0.024637,0.2,0.3,0.4,0.65,0.7,0.8,0.9,0.0,0.0,0.0,0.12,0.04
8,PB_only,-0.024638,0.1,0.2,0.4,0.6,0.65,0.75,0.85,0.0,0.0,0.0,0.1,0.05
8,PB_only,-0.024644,0.05,0.2,0.3,0.6,0.7,0.85,0.9,0.0,0.0,0.0,0.1,0.05
8,PB_only,-0.024646,0.15,0.2,0.3,0.6,0.7,0.8,0.95,0.0,0.0,0.0,0.06,0.04
8,PB_FED,-0.024658,0.05,0.25,0.3,0.55,0.65,0.8,0.9,-0.5,0.0,0.0,0.08,0.03
8,PB_only,-0.024661,0.1,0.3,0.4,0.65,0.65,0.8,0.9,0.0,0.0,0.0,0.12,0.05
8,PB_only,-0.024662,0.05,0.2,0.4,0.6,0.65,0.75,0.9,0.0,0.0,0.0,0.12,0.05
8,PB_FED,-0.024665,0.05,0.25,0.3,0.55,0.65,0.8,0.85,-0.5,0.0,0.0,0.12,0.04
6,PB_only,-0.024666,0.15,0.25,0.35,0.7,0.7,0.75,0.95,0.0,0.0,0.0,0.06,0.04
8,PB_FED,-0.024677,0.2,0.3,0.45,0.65,0.75,0.8,0.95,0.0,0.0,0.0,0.06,0.05
8,PB_only,-0.024684,0.15,0.2,0.3,0.55,0.75,0.8,0.85,0.0,0.0,0.0,0.06,0.03
8,PE_only,-0.024685,0.05,0.15,0.3,0.7,0.65,0.85,0.95,0.0,0.0,0.0,0.12,0.05
8,PE_only,-0.02469,0.1,0.2,0.4,0.7,0.7,0.75,0.95,0.0,0.0,0.0,0.12,0.03
8,PE_FED,-0.024694,0.05,0.15,0.4,0.65,0.65,0.75,0.85,0.0,0.0,0.0,0.12,0.03
8,PB_only,-0.024698,0.15,0.2,0.3,0.6,0.7,0.8,0.95,0.0,0.0,0.0,0.08,0.05
8,PB_only,-0.024698,0.15,0.2,0.3,0.6,0.65,0.8,0.95,0.0,0.0,0.0,0.06,0.05
6,PB_only,-0.0247,0.05,0.15,0.3,0.65,0.7,0.85,0.95,0.0,0.0,0.0,0.12,0.03
8,PE_only,-0.024709,0.15,0.2,0.3,0.7,0.7,0.75,0.95,0.0,0.0,0.0,0.12,0.04
8,PB_FED,-0.024709,0.15,0.2,0.45,0.55,0.65,0.75,0.85,-0.5,0.0,0.0,0.1,0.04
8,PB_only,-0.024711,0.05,0.2,0.3,0.6,0.7,0.8,0.95,0.0,0.0,0.0,0.12,0.05
8,PB_only,-0.024724,0.1,0.15,0.35,0.6,0.65,0.8,0.95,0.0,0.0,0.0,0.08,0.04
6,PB_only,-0.024725,0.15,0.2,0.45,0.7,0.65,0.8,0.9,0.0,0.0,0.0,0.12,0.04
6,PB_only,-0.024727,0.15,0.25,0.35,0.65,0.65,0.75,0.85,0.0,0.0,0.0,0.06,0.03
6,PB_only,-0.024727,0.05,0.2,0.4,0.7,0.7,0.8,0.95,0.0,0.0,0.0,0.12,0.03
6,PB_only,-0.024729,0.05,0.15,0.3,0.55,0.65,0.8,0.85,0.0,0.0,0.0,0.08,0.03
8,PB_FED,-0.024734,0.15,0.3,0.4,0.6,0.65,0.8,0.85,0.0,0.0,0.0,0.08,0.05
8,PE_FED,-0.02474,0.05,0.15,0.35,0.55,0.7,0.8,0.95,0.0,0.0,0.0,0.12,0.03
8,PB_only,-0.02474,0.15,0.25,0.35,0.6,0.65,0.85,0.9,0.0,0.0,0.0,0.12,0.03
8,PB_FED,-0.024742,0.1,0.15,0.3,0.5,0.7,0.85,0.95,0.0,0.0,0.0,0.08,0.05
6,PB_only,-0.024746,0.1,0.15,0.4,0.65,0.75,0.85,0.9,0.0,0.0,0.0,0.1,0.05
6,PB_only,-0.024747,0.15,0.3,0.4,0.7,0.65,0.75,0.85,0.0,0.0,0.0,0.12,0.03
8,PE_FED,-0.024747,0.1,0.25,0.3,0.65,0.65,0.75,0.95,0.0,0.0,0.0,0.1,0.05
6,PB_only,-0.024753,0.1,0.15,0.45,0.7,0.75,0.85,0.95,0.0,0.0,0.0,0.06,0.04
6,PB_FED,-0.024757,0.05,0.2,0.3,0.65,0.7,0.8,0.85,0.0,0.0,0.0,0.08,0.04
8,PB_only,-0.024757,0.1,0.15,0.35,0.55,0.65,0.75,0.9,0.0,0.0,0.0,0.06,0.04
8,PB_only,-0.02476,0.05,0.2,0.45,0.6,0.7,0.75,0.9,0.0,0.0,0.0,0.06,0.04
6,PB_FED,-0.024761,0.15,0.25,0.35,0.7,0.65,0.8,0.9,-0.5,0.0,0.0,0.12,0.05
6,PB_only,-0.024764,0.05,0.3,0.35,0.7,0.7,0.75,0.85,0.0,0.0,0.0,0.06,0.03
8,PE_FED,-0.024764,0.1,0.15,0.35,0.65,0.65,0.75,0.85,0.0,0.0,0.0,0.08,0.05
6,PB_only,-0.024778,0.1,0.25,0.35,0.7,0.65,0.8,0.85,0.0,0.0,0.0,0.06,0.05
8,PB_only,-0.024779,0.1,0.2,0.45,0.6,0.65,0.8,0.9,0.0,0.0,0.0,0.12,0.03
6,PB_only,-0.024785,0.2,0.25,0.45,0.7,0.75,0.8,0.85,0.0,0.0,0.0,0.1,0.03
6,PB_only,-0.024789,0.05,0.3,0.35,0.7,0.75,0.85,0.9,0.0,0.0,0.0,0.1,0.04
6,PB_only,-0.024791,0.1,0.15,0.45,0.7,0.7,0.85,0.95,0.0,0.0,0.0,0.08,0.05
6,PB_only,-0.024798,0.15,0.25,0.45,0.7,0.7,0.75,0.9,0.0,0.0,0.0,0.12,0.05
6,PB_only,-0.0248,0.05,0.2,0.45,0.7,0.65,0.75,0.85,0.0,0.0,0.0,0.08,0.05
8,PB_FED,-0.024802,0.05,0.25,0.4,0.55,0.7,0.75,0.9,0.0,0.0,0.0,0.08,0.05
8,PB_only,-0.024805,0.05,0.15,0.35,0.55,0.7,0.8,0.9,0.0,0.0,0.0,0.12,0.03
8,PB_FED,-0.024806,0.05,0.2,0.45,0.6,0.75,0.85,0.95,0.0,0.0,0.0,0.12,0.04
8,PB_FED,-0.024813,0.2,0.3,0.45,0.65,0.65,0.85,0.95,0.0,0.0,0.0,0.08,0.03
8,PB_only,-0.02482,0.1,0.15,0.4,0.6,0.7,0.8,0.95,0.0,0.0,0.0,0.12,0.04
6,PB_only,-0.024831,0.15,0.2,0.35,0.7,0.65,0.75,0.95,0.0,0.0,0.0,0.06,0.04
8,PB_only,-0.024832,0.05,0.15,0.4,0.55,0.75,0.8,0.85,0.0,0.0,0.0,0.12,0.03
6,PB_only,-0.024833,0.15,0.2,0.35,0.65,0.7,0.75,0.85,0.0,0.0,0.0,0.06,0.04
8,PB_only,-0.024834,0.1,0.15,0.4,0.6,0.7,0.85,0.9,0.0,0.0,0.0,0.06,0.05
8,PE_only,-0.024837,0.05,0.15,0.45,0.7,0.65,0.75,0.95,0.0,0.0,0.0,0.1,0.05
6,PB_only,-0.024838,0.15,0.25,0.3,0.7,0.75,0.8,0.95,0.0,0.0,0.0,0.12,0.04
8,PE_FED,-0.024838,0.2,0.25,0.45,0.7,0.7,0.8,0.95,0.0,0.0,0.0,0.1,0.03
6,PB_only,-0.024839,0.1,0.15,0.4,0.65,0.7,0.8,0.85,0.0,0.0,0.0,0.1,0.03
8,PB_only,-0.024846,0.15,0.3,0.45,0.65,0.65,0.8,0.9,0.0,0.0,0.0,0.1,0.05
6,PB_only,-0.024856,0.05,0.15,0.3,0.65,0.65,0.75,0.95,0.0,0.0,0.0,0.1,0.04
6,PB_only,-0.024857,0.1,0.15,0.3,0.65,0.75,0.8,0.95,0.0,0.0,0.0,0.12,0.03
8,PE_FED,-0.024859,0.05,0.2,0.3,0.7,0.65,0.8,0.9,-0.5,0.0,0.0,0.06,0.05
6,PB_FED,-0.024868,0.2,0.25,0.3,0.7,0.7,0.85,0.9,-0.5,0.0,0.0,0.08,0.05
6,PB_only,-0.02487,0.15,0.2,0.3,0.7,0.65,0.8,0.95,0.0,0.0,0.0,0.1,0.04
8,PB_FED,-0.024883,0.15,0.25,0.3,0.5,0.7,0.75,0.95,0.0,0.0,0.0,0.1,0.04
6,PB_only,-0.024886,0.1,0.3,0.35,0.7,0.7,0.75,0.85,0.0,0.0,0.0,0.08,0.04
6,PB_only,-0.024905,0.1,0.25,0.3,0.65,0.65,0.85,0.9,0.0,0.0,0.0,0.06,0.04
6,PB_only,-0.024905,0.1,0.2,0.45,0.7,0.7,0.85,0.95,0.0,0.0,0.0,0.12,0.03
8,PB_only,-0.024907,0.1,0.25,0.4,0.6,0.65,0.75,0.9,0.0,0.0,0.0,0.08,0.04
8,PB_only,-0.024907,0.2,0.25,0.4,0.65,0.75,0.85,0.95,0.0,0.0,0.0,0.12,0.05
8,PB_FED,-0.024907,0.1,0.25,0.3,0.55,0.65,0.75,0.95,-0.5,0.0,0.0,0.12,0.04
8,PE_only,-0.024916,0.05,0.15,0.3,0.7,0.65,0.75,0.9,0.0,0.0,0.0,0.08,0.04
8,PE_FED,-0.024919,0.15,0.25,0.35,0.7,0.7,0.85,0.95,0.0,0.0,0.0,0.06,0.04
8,PB_only,-0.024922,0.1,0.15,0.45,0.6,0.65,0.8,0.9,0.0,0.0,0.0,0.08,0.05
6,PB_FED,-0.024934,0.05,0.25,0.3,0.7,0.7,0.8,0.95,-0.5,0.0,0.0,0.1,0.05
6,PB_only,-0.024935,0.15,0.2,0.4,0.7,0.75,0.85,0.95,0.0,0.0,0.0,0.1,0.05
8,PB_only,-0.024936,0.15,0.25,0.3,0.6,0.7,0.8,0.9,0.0,0.0,0.0,0.1,0.05
8,PB_FED,-0.024956,0.2,0.3,0.4,0.6,0.65,0.75,0.85,0.0,0.0,0.0,0.08,0.05
8,PB_only,-0.024957,0.15,0.25,0.4,0.6,0.7,0.75,0.95,0.0,0.0,0.0,0.06,0.03
8,PB_only,-0.024959,0.05,0.3,0.4,0.65,0.65,0.75,0.95,0.0,0.0,0.0,0.06,0.04
8,PE_only,-0.024962,0.05,0.2,0.3,0.7,0.7,0.85,0.95,0.0,0.0,0.0,0.12,0.03
6,PB_only,-0.024964,0.05,0.15,0.45,0.65,0.65,0.85,0.9,0.0,0.0,0.0,0.12,0.04
6,PB_only,-0.024975,0.05,0.2,0.3,0.65,0.65,0.8,0.9,0.0,0.0,0.0,0.1,0.04
8,PB_FED,-0.024976,0.05,0.25,0.45,0.55,0.7,0.75,0.85,0.0,0.0,0.0,0.12,0.04
8,PE_FED,-0.02498,0.1,0.25,0.35,0.7,0.7,0.75,0.9,-0.5,0.0,0.0,0.08,0.04
8,PE_FED,-0.024982,0.15,0.2,0.4,0.65,0.7,0.85,0.95,0.0,0.0,0.0,0.1,0.04
8,PE_FED,-0.024982,0.1,0.15,0.3,0.6,0.7,0.8,0.9,0.0,0.0,0.0,0.12,0.04
6,PB_FED,-0.024984,0.05,0.15,0.3,0.6,0.7,0.8,0.85,-0.5,0.0,0.0,0.06,0.03
6,PB_FED,-0.024987,0.1,0.15,0.45,0.65,0.7,0.75,0.85,0.0,0.0,0.0,0.06,0.03
8,PB_FED,-0.024987,0.2,0.25,0.45,0.6,0.7,0.85,0.9,0.0,0.0,0.0,0.1,0.04
6,PB_only,-0.024988,0.2,0.3,0.35,0.7,0.65,0.75,0.85,0.0,0.0,0.0,0.12,0.03
6,PB_FED,-0.024995,0.1,0.15,0.35,0.65,0.75,0.85,0.95,-0.5,0.0,0.0,0.1,0.04
6,PB_only,-0.024999,0.05,0.2,0.3,0.65,0.7,0.8,0.9,0.0,0.0,0.0,0.12,0.04
8,PB_only,-0.025004,0.2,0.3,0.35,0.65,0.75,0.8,0.85,0.0,0.0,0.0,0.08,0.05
6,PB_FED,-0.025008,0.15,0.25,0.45,0.7,0.7,0.75,0.95,-0.5,0.0,0.0,0.08,0.04
8,PB_only,-0.025008,0.1,0.15,0.4,0.6,0.65,0.85,0.95,0.0,0.0,0.0,0.08,0.03
6,PB_only,-0.02501,0.1,0.25,0.3,0.65,0.75,0.8,0.85,0.0,0.0,0.0,0.08,0.03
8,PB_FED,-0.025016,0.15,0.25,0.35,0.6,0.7,0.85,0.95,-0.5,0.0,0.0,0.08,0.04
6,PB_only,-0.02502,0.1,0.15,0.3,0.6,0.7,0.75,0.9,0.0,0.0,0.0,0.06,0.03
6,PB_only,-0.025032,0.2,0.3,0.35,0.7,0.7,0.75,0.85,0.0,0.0,0.0,0.08,0.03
8,PB_only,-0.025032,0.05,0.2,0.35,0.6,0.65,0.85,0.9,0.0,0.0,0.0,0.06,0.04
8,PB_only,-0.025039,0.05,0.25,0.35,0.6,0.7,0.75,0.9,0.0,0.0,0.0,0.12,0.05
8,PE_FED,-0.02504,0.1,0.15,0.4,0.6,0.75,0.8,0.9,0.0,0.0,0.0,0.06,0.03
6,PB_FED,-0.025052,0.15,0.2,0.3,0.6,0.7,0.75,0.9,0.0,0.0,0.0,0.12,0.03
6,PB_only,-0.025058,0.15,0.25,0.3,0.65,0.65,0.75,0.9,0.0,0.0,0.0,0.12,0.04
8,PB_only,-0.025059,0.1,0.15,0.3,0.5,0.7,0.75,0.9,0.0,0.0,0.0,0.12,0.03
8,PB_only,-0.025066,0.05,0.25,0.4,0.6,0.7,0.8,0.9,0.0,0.0,0.0,0.12,0.03
8,PB_only,-0.025067,0.1,0.15,0.3,0.55,0.7,0.8,0.95,0.0,0.0,0.0,0.12,0.03
8,PE_FED,-0.02507,0.15,0.25,0.3,0.6,0.7,0.75,0.95,0.0,0.0,0.0,0.06,0.03
8,PB_only,-0.025075,0.05,0.15,0.3,0.55,0.75,0.8,0.9,0.0,0.0,0.0,0.1,0.05
8,PE_FED,-0.025085,0.05,0.25,0.35,0.7,0.7,0.75,0.9,0.0,0.0,0.0,0.08,0.04
8,PE_only,-0.025089,0.05,0.15,0.45,0.7,0.65,0.85,0.95,0.0,0.0,0.0,0.1,0.03
8,PB_only,-0.025093,0.15,0.25,0.35,0.6,0.75,0.8,0.9,0.0,0.0,0.0,0.1,0.04
8,PB_only,-0.025112,0.05,0.15,0.4,0.6,0.65,0.8,0.95,0.0,0.0,0.0,0.1,0.04
8,PB_only,-0.025112,0.15,0.2,0.35,0.6,0.75,0.8,0.85,0.0,0.0,0.0,0.06,0.05
8,PB_FED,-0.025113,0.05,0.2,0.45,0.55,0.65,0.8,0.9,0.0,0.0,0.0,0.12,0.04
6,PB_only,-0.025122,0.1,0.3,0.35,0.7,0.75,0.8,0.85,0.0,0.0,0.0,0.06,0.04
8,PB_FED,-0.025122,0.05,0.15,0.45,0.5,0.7,0.8,0.9,0.0,0.0,0.0,0.06,0.03
8,PB_FED,-0.025124,0.05,0.3,0.45,0.6,0.75,0.8,0.85,0.0,0.0,0.0,0.06,0.03
8,PE_FED,-0.025137,0.2,0.25,0.4,0.7,0.7,0.8,0.95,0.0,0.0,0.0,0.12,0.05
8,PB_only,-0.025138,0.05,0.3,0.35,0.65,0.65,0.85,0.95,0.0,0.0,0.0,0.08,0.03
8,PB_only,-0.025141,0.2,0.3,0.35,0.65,0.75,0.85,0.95,0.0,0.0,0.0,0.1,0.03
8,PB_only,-0.025145,0.15,0.25,0.4,0.6,0.75,0.85,0.9,0.0,0.0,0.0,0.06,0.03
6,PB_only,-0.025147,0.05,0.2,0.45,0.7,0.75,0.8,0.85,0.0,0.0,0.0,0.12,0.05
8,PB_FED,-0.025149,0.2,0.3,0.45,0.65,0.65,0.8,0.95,-0.5,0.0,0.0,0.1,0.04
8,PE_FED,-0.025155,0.1,0.2,0.4,0.65,0.75,0.85,0.95,0.0,0.0,0.0,0.08,0.04
8,PB_only,-0.025159,0.15,0.3,0.35,0.65,0.7,0.85,0.95,0.0,0.0,0.0,0.06,0.05
8,PE_only,-0.02516,0.05,0.2,0.3,0.7,0.65,0.8,0.95,0.0,0.0,0.0,0.08,0.05
8,PE_FED,-0.025164,0.15,0.2,0.4,0.7,0.7,0.85,0.9,0.0,0.0,0.0,0.06,0.04
8,PB_FED,-0.025167,0.1,0.25,0.3,0.55,0.65,0.8,0.95,-0.5,0.0,0.0,0.1,0.03
8,PB_FED,-0.025168,0.2,0.25,0.3,0.55,0.65,0.85,0.9,0.0,0.0,0.0,0.1,0.04
6,PB_only,-0.025169,0.1,0.25,0.45,0.65,0.65,0.85,0.9,0.0,0.0,0.0,0.1,0.03
8,PE_only,-0.025174,0.1,0.2,0.35,0.7,0.7,0.75,0.95,0.0,0.0,0.0,0.08,0.05
6,PB_only,-0.025181,0.05,0.2,0.35,0.65,0.65,0.85,0.9,0.0,0.0,0.0,0.08,0.05
8,PE_FED,-0.025189,0.1,0.25,0.35,0.65,0.7,0.8,0.95,0.0,0.0,0.0,0.08,0.04
6,PB_FED,-0.02519,0.05,0.2,0.35,0.65,0.65,0.75,0.9,0.0,0.0,0.0,0.08,0.03
8,PB_only,-0.025192,0.1,0.15,0.45,0.55,0.65,0.75,0.9,0.0,0.0,0.0,0.1,0.03
8,PE_only,-0.025193,0.15,0.2,0.3,0.7,0.65,0.75,0.95,0.0,0.0,0.0,0.12,0.04
8,PB_only,-0.025193,0.1,0.25,0.45,0.6,0.65,0.75,0.85,0.0,0.0,0.0,0.1,0.04
6,PB_FED,-0.025194,0.2,0.3,0.4,0.7,0.65,0.75,0.85,-0.5,0.0,0.0,0.08,0.03
8,PB_only,-0.025197,0.05,0.3,0.45,0.65,0.7,0.8,0.95,0.0,0.0,0.0,0.06,0.03
8,PB_only,-0.025198,0.05,0.3,0.4,0.65,0.75,0.85,0.95,0.0,0.0,0.0,0.1,0.03
6,PB_FED,-0.0252,0.05,0.15,0.3,0.7,0.75,0.85,0.95,0.0,0.0,0.0,0.12,0.05
8,PE_only,-0.0252,0.1,0.2,0.4,0.7,0.7,0.75,0.95,0.0,0.0,0.0,0.1,0.04
8,PB_FED,-0.0252,0.05,0.15,0.35,0.5,0.65,0.75,0.9,-0.5,0.0,0.0,0.1,0.05
6,PB_only,-0.025202,0.1,0.25,0.4,0.7,0.75,0.8,0.85,0.0,0.0,0.0,0.06,0.05
6,PB_only,-0.025205,0.05,0.2,0.35,0.65,0.7,0.85,0.9,0.0,0.0,0.0,0.12,0.05
8,PB_FED,-0.025213,0.1,0.2,0.3,0.5,0.65,0.85,0.9,0.0,0.0,0.0,0.08,0.05
8,PB_only,-0.025217,0.1,0.2,0.3,0.55,0.7,0.8,0.9,0.0,0.0,0.0,0.08,0.03
6,PB_only,-0.025219,0.15,0.25,0.35,0.7,0.7,0.85,0.95,0.0,0.0,0.0,0.06,0.05
6,PB_FED,-0.025222,0.1,0.25,0.45,0.7,0.7,0.75,0.95,-0.5,0.0,0.0,0.08,0.05
8,PE_only,-0.025222,0.1,0.2,0.35,0.7,0.7,0.8,0.95,0.0,0.0,0.0,0.12,0.05
8,PB_FED,-0.025223,0.05,0.2,0.3,0.55,0.75,0.85,0.9,-0.5,0.0,0.0,0.1,0.05
8,PB_only,-0.025231,0.2,0.3,0.4,0.65,0.65,0.75,0.95,0.0,0.0,0.0,0.12,0.04
8,PB_FED,-0.025234,0.15,0.3,0.4,0.6,0.7,0.75,0.85,-0.5,0.0,0.0,0.06,0.05
8,PB_FED,-0.025235,0.05,0.15,0.35,0.5,0.65,0.75,0.95,-0.5,0.0,0.0,0.1,0.03
8,PE_FED,-0.02524,0.2,0.25,0.3,0.7,0.75,0.85,0.95,-0.5,0.0,0.0,0.1,0.04
8,PB_only,-0.025246,0.1,0.2,0.35,0.6,0.75,0.8,0.85,0.0,0.0,0.0,0.06,0.05
8,PB_only,-0.025255,0.1,0.15,0.35,0.55,0.75,0.85,0.9,0.0,0.0,0.0,0.12,0.03
8,PE_FED,-0.025257,0.1,0.15,0.3,0.55,0.65,0.8,0.95,0.0,0.0,0.0,0.08,0.05
8,PB_only,-0.025259,0.15,0.25,0.4,0.6,0.7,0.75,0.9,0.0,0.0,0.0,0.08,0.05
8,PE_FED,-0.02526,0.1,0.15,0.4,0.6,0.65,0.75,0.9,0.0,0.0,0.0,0.1,0.05
6,PB_only,-0.025268,0.05,0.25,0.3,0.65,0.75,0.8,0.85,0.0,0.0,0.0,0.12,0.04
8,PB_FED,-0.025269,0.05,0.3,0.35,0.6,0.65,0.8,0.85,0.0,0.0,0.0,0.06,0.05
8,PE_FED,-0.025271,0.1,0.2,0.4,0.7,0.7,0.75,0.85,-0.5,0.0,0.0,0.06,0.05
8,PB_FED,-0.025271,0.1,0.2,0.45,0.5,0.65,0.75,0.9,0.0,0.0,0.0,0.1,0.04
6,PB_only,-0.025272,0.1,0.25,0.3,0.65,0.65,0.8,0.9,0.0,0.0,0.0,0.08,0.03
6,PB_FED,-0.025272,0.05,0.15,0.35,0.6,0.7,0.75,0.85,-0.5,0.0,0.0,0.06,0.03
6,PB_FED,-0.025273,0.1,0.25,0.4,0.7,0.65,0.85,0.9,-0.5,0.0,0.0,0.12,0.04
8,PB_FED,-0.025273,0.15,0.25,0.3,0.5,0.7,0.75,0.85,-0.5,0.0,0.0,0.12,0.03
8,PE_only,-0.025279,0.15,0.2,0.4,0.7,0.7,0.85,0.95,0.0,0.0,0.0,0.06,0.03
6,PB_only,-0.025285,0.05,0.25,0.35,0.7,0.65,0.75,0.95,0.0,0.0,0.0,0.1,0.05
8,PE_FED,-0.025286,0.05,0.25,0.35,0.7,0.7,0.85,0.95,0.0,0.0,0.0,0.1,0.04
6,PB_FED,-0.02529,0.05,0.25,0.3,0.65,0.7,0.8,0.85,-0.5,0.0,0.0,0.1,0.03
8,PE_FED,-0.025292,0.05,0.2,0.3,0.7,0.65,0.8,0.85,-0.5,0.0,0.0,0.08,0.04
6,PB_FED,-0.025296,0.15,0.2,0.35,0.65,0.75,0.85,0.9,0.0,0.0,0.0,0.12,0.03
8,PB_only,-0.025298,0.2,0.3,0.45,0.65,0.7,0.75,0.95,0.0,0.0,0.0,0.12,0.05
8,PB_only,-0.025298,0.2,0.3,0.45,0.65,0.65,0.75,0.95,0.0,0.0,0.0,0.08,0.05
6,PB_only,-0.025303,0.05,0.15,0.3,0.55,0.65,0.8,0.85,0.0,0.0,0.0,0.12,0.04
6,PB_only,-0.025303,0.05,0.15,0.35,0.65,0.65,0.75,0.95,0.0,0.0,0.0,0.12,0.05
6,PB_only,-0.025303,0.1,0.25,0.35,0.65,0.65,0.75,0.9,0.0,0.0,0.0,0.08,0.03
8,PB_only,-0.025305,0.1,0.3,0.45,0.65,0.75,0.8,0.85,0.0,0.0,0.0,0.08,0.05
8,PB_FED,-0.025307,0.05,0.15,0.45,0.55,0.7,0.8,0.85,-0.5,0.0,0.0,0.06,0.05
6,PB_FED,-0.02531,0.2,0.25,0.4,0.7,0.7,0.8,0.95,-0.5,0.0,0.0,0.12,0.03
8,PE_FED,-0.025311,0.1,0.3,0.35,0.7,0.7,0.8,0.95,-0.5,0.0,0.0,0.08,0.05
8,PB_FED,-0.025311,0.05,0.25,0.35,0.55,0.7,0.75,0.9,-0.5,0.0,0.0,0.06,0.04
8,PE_only,-0.025317,0.05,0.25,0.3,0.7,0.7,0.75,0.95,0.0,0.0,0.0,0.12,0.03
8,PE_FED,-0.025318,0.05,0.15,0.4,0.65,0.65,0.8,0.9,-0.5,0.0,0.0,0.06,0.05
8,PB_only,-0.025321,0.1,0.2,0.3,0.6,0.7,0.85,0.95,0.0,0.0,0.0,0.1,0.04
8,PB_only,-0.025326,0.1,0.3,0.35,0.65,0.75,0.85,0.95,0.0,0.0,0.0,0.08,0.04
8,PE_FED,-0.025333,0.1,0.2,0.3,0.7,0.65,0.8,0.85,-0.5,0.0,0.0,0.08,0.03
6,PB_only,-0.025335,0.05,0.15,0.45,0.65,0.7,0.85,0.9,0.0,0.0,0.0,0.08,0.05
8,PB_only,-0.025335,0.05,0.15,0.45,0.6,0.7,0.85,0.95,0.0,0.0,0.0,0.06,0.03
8,PB_only,-0.025337,0.2,0.25,0.4,0.6,0.65,0.75,0.85,0.0,0.0,0.0,0.12,0.04
6,PB_only,-0.025344,0.05,0.3,0.35,0.7,0.7,0.8,0.85,0.0,0.0,0.0,0.06,0.03
6,PB_only,-0.025354,0.1,0.15,0.35,0.65,0.65,0.75,0.95,0.0,0.0,0.0,0.1,0.05
6,PB_FED,-0.025354,0.1,0.15,0.45,0.65,0.7,0.8,0.95,-0.5,0.0,0.0,0.08,0.05
8,PB_only,-0.025355,0.05,0.2,0.45,0.6,0.65,0.75,0.95,0.0,0.0,0.0,0.1,0.03
6,PB_FED,-0.025362,0.15,0.25,0.45,0.7,0.75,0.85,0.9,-0.5,0.0,0.0,0.12,0.04
6,PB_only,-0.025366,0.15,0.2,0.45,0.7,0.7,0.85,0.95,0.0,0.0,0.0,0.1,0.04
8,PE_only,-0.025367,0.05,0.15,0.4,0.7,0.7,0.75,0.9,0.0,0.0,0.0,0.06,0.05
8,PB_FED,-0.025367,0.2,0.25,0.3,0.6,0.7,0.85,0.95,-0.5,0.0,0.0,0.1,0.05
6,PB_only,-0.025368,0.15,0.25,0.45,0.7,0.75,0.85,0.95,0.0,0.0,0.0,0.08,0.03
6,PB_only,-0.025374,0.05,0.25,0.4,0.7,0.7,0.8,0.95,0.0,0.0,0.0,0.12,0.03
8,PE_only,-0.025375,0.05,0.2,0.4,0.7,0.65,0.75,0.95,0.0,0.0,0.0,0.1,0.04
6,PB_FED,-0.02538,0.1,0.3,0.35,0.7,0.7,0.75,0.95,-0.5,0.0,0.0,0.06,0.03
8,PB_only,-0.025383,0.15,0.3,0.45,0.65,0.7,0.8,0.95,0.0,0.0,0.0,0.08,0.05
6,PB_only,-0.025385,0.2,0.25,0.35,0.65,0.65,0.75,0.85,0.0,0.0,0.0,0.12,0.03
8,PB_only,-0.025386,0.05,0.2,0.4,0.6,0.65,0.75,0.95,0.0,0.0,0.0,0.06,0.04
8,PB_only,-0.025392,0.15,0.2,0.35,0.6,0.75,0.85,0.9,0.0,0.0,0.0,0.1,0.05
6,PB_FED,-0.025393,0.1,0.25,0.45,0.7,0.75,0.8,0.9,-0.5,0.0,0.0,0.12,0.05
6,PB_FED,-0.025395,0.1,0.2,0.3,0.65,0.75,0.8,0.85,0.0,0.0,0.0,0.08,0.05
6,PB_FED,-0.025396,0.05,0.15,0.35,0.6,0.65,0.75,0.9,-0.5,0.0,0.0,0.1,0.03
6,PB_FED,-0.025397,0.2,0.25,0.3,0.65,0.7,0.8,0.85,-0.5,0.0,0.0,0.08,0.03
6,PB_only,-0.025402,0.05,0.2,0.3,0.65,0.65,0.8,0.9,0.0,0.0,0.0,0.12,0.05
8,PB_only,-0.025403,0.05,0.3,0.4,0.65,0.75,0.8,0.95,0.0,0.0,0.0,0.06,0.05
8,PB_only,-0.025403,0.05,0.3,0.4,0.65,0.65,0.8,0.95,0.0,0.0,0.0,0.1,0.05
6,PB_only,-0.025409,0.15,0.2,0.35,0.65,0.7,0.75,0.9,0.0,0.0,0.0,0.1,0.05
6,PB_only,-0.025419,0.2,0.25,0.3,0.65,0.65,0.8,0.85,0.0,0.0,0.0,0.08,0.03
8,PB_FED,-0.025419,0.2,0.25,0.35,0.6,0.75,0.85,0.9,-0.5,0.0,0.0,0.08,0.05
8,PB_only,-0.025426,0.05,0.15,0.45,0.6,0.75,0.8,0.95,0.0,0.0,0.0,0.1,0.04
8,PE_FED,-0.025427,0.1,0.25,0.35,0.6,0.65,0.75,0.95,0.0,0.0,0.0,0.12,0.03
8,PE_only,-0.025433,0.05,0.2,0.45,0.7,0.7,0.75,0.95,0.0,0.0,0.0,0.08,0.04
8,PB_FED,-0.025434,0.1,0.25,0.35,0.5,0.65,0.8,0.9,0.0,0.0,0.0,0.06,0.03
6,PB_FED,-0.025443,0.1,0.2,0.3,0.65,0.65,0.75,0.95,0.0,0.0,0.0,0.12,0.04
6,PB_only,-0.025449,0.05,0.15,0.35,0.65,0.7,0.85,0.95,0.0,0.0,0.0,0.08,0.03
6,PB_only,-0.025451,0.1,0.3,0.4,0.7,0.65,0.75,0.9,0.0,0.0,0.0,0.1,0.03
8,PE_FED,-0.025452,0.2,0.25,0.35,0.7,0.75,0.85,0.95,-0.5,0.0,0.0,0.1,0.05
8,PB_FED,-0.025462,0.1,0.25,0.35,0.5,0.7,0.8,0.9,0.0,0.0,0.0,0.06,0.03
8,PB_FED,-0.025464,0.1,0.2,0.45,0.55,0.7,0.75,0.95,-0.5,0.0,0.0,0.1,0.04
6,PB_FED,-0.025468,0.05,0.25,0.3,0.65,0.75,0.8,0.9,-0.5,0.0,0.0,0.12,0.03
8,PE_FED,-0.02547,0.05,0.2,0.45,0.6,0.65,0.8,0.95,0.0,0.0,0.0,0.1,0.03
8,PB_FED,-0.025471,0.1,0.25,0.35,0.55,0.65,0.85,0.95,0.0,0.0,0.0,0.1,0.03
8,PB_FED,-0.025473,0.05,0.2,0.3,0.5,0.75,0.85,0.9,0.0,0.0,0.0,0.12,0.04
6,PB_FED,-0.025476,0.1,0.25,0.4,0.65,0.65,0.75,0.9,-0.5,0.0,0.0,0.06,0.03
8,PE_only,-0.025476,0.1,0.2,0.3,0.7,0.65,0.8,0.95,0.0,0.0,0.0,0.08,0.05
6,PB_only,-0.025491,0.1,0.2,0.3,0.65,0.75,0.8,0.9,0.0,0.0,0.0,0.1,0.05
8,PE_FED,-0.025495,0.1,0.15,0.4,0.65,0.65,0.75,0.85,-0.5,0.0,0.0,0.12,0.04
8,PB_only,-0.025506,0.05,0.2,0.35,0.55,0.75,0.8,0.85,0.0,0.0,0.0,0.06,0.03
8,PB_FED,-0.025506,0.1,0.25,0.45,0.55,0.65,0.75,0.95,0.0,0.0,0.0,0.06,0.04
8,PB_only,-0.025508,0.1,0.25,0.45,0.6,0.65,0.8,0.9,0.0,0.0,0.0,0.1,0.03
6,PB_only,-0.025516,0.1,0.15,0.3,0.55,0.65,0.8,0.85,0.0,0.0,0.0,0.1,0.04
8,PB_FED,-0.025519,0.15,0.25,0.45,0.6,0.65,0.85,0.95,-0.5,0.0,0.0,0.1,0.03
8,PB_only,-0.02552,0.05,0.3,0.4,0.65,0.65,0.85,0.95,0.0,0.0,0.0,0.1,0.03
8,PB_FED,-0.025521,0.1,0.2,0.35,0.55,0.65,0.8,0.95,-0.5,0.0,0.0,0.12,0.05
8,PE_only,-0.025522,0.05,0.15,0.45,0.7,0.65,0.85,0.95,0.0,0.0,0.0,0.08,0.04
8,PE_FED,-0.025524,0.05,0.2,0.35,0.7,0.7,0.8,0.85,0.0,0.0,0.0,0.08,0.04
8,PE_FED,-0.025526,0.05,0.2,0.3,0.6,0.65,0.75,0.9,0.0,0.0,0.0,0.1,0.03
8,PB_only,-0.025529,0.1,0.2,0.4,0.6,0.65,0.8,0.95,0.0,0.0,0.0,0.08,0.03
8,PB_FED,-0.025533,0.05,0.2,0.3,0.5,0.7,0.8,0.95,0.0,0.0,0.0,0.1,0.05
8,PE_only,-0.025535,0.05,0.15,0.3,0.7,0.65,0.75,0.9,0.0,0.0,0.0,0.08,0.05
8,PB_only,-0.025535,0.2,0.3,0.45,0.65,0.65,0.8,0.9,0.0,0.0,0.0,0.06,0.05
8,PE_FED,-0.025536,0.1,0.25,0.3,0.65,0.7,0.75,0.95,-0.5,0.0,0.0,0.12,0.04
8,PB_only,-0.025536,0.1,0.25,0.45,0.6,0.75,0.8,0.9,0.0,0.0,0.0,0.12,0.03
8,PE_FED,-0.025541,0.1,0.15,0.45,0.65,0.7,0.75,0.85,0.0,0.0,0.0,0.06,0.05
6,PB_only,-0.025545,0.1,0.25,0.35,0.65,0.7,0.85,0.9,0.0,0.0,0.0,0.06,0.04
8,PB_only,-0.025545,0.1,0.2,0.35,0.6,0.7,0.8,0.95,0.0,0.0,0.0,0.12,0.05
8,PB_only,-0.025551,0.2,0.3,0.45,0.65,0.75,0.85,0.9,0.0,0.0,0.0,0.1,0.04
8,PE_FED,-0.025552,0.15,0.25,0.45,0.7,0.7,0.85,0.95,0.0,0.0,0.0,0.08,0.04
6,PB_FED,-0.025555,0.05,0.3,0.4,0.7,0.65,0.75,0.85,-0.5,0.0,0.0,0.12,0.03
6,PB_FED,-0.025556,0.05,0.25,0.35,0.7,0.65,0.8,0.95,-0.5,0.0,0.0,0.1,0.03
6,PB_only,-0.02556,0.2,0.25,0.4,0.7,0.75,0.85,0.95,0.0,0.0,0.0,0.08,0.03
8,PE_only,-0.02556,0.15,0.25,0.4,0.7,0.7,0.75,0.95,0.0,0.0,0.0,0.08,0.03
8,PB_only,-0.025564,0.2,0.3,0.4,0.65,0.65,0.85,0.9,0.0,0.0,0.0,0.08,0.05
8,PB_only,-0.025566,0.15,0.25,0.4,0.6,0.7,0.8,0.85,0.0,0.0,0.0,0.1,0.05
6,PB_only,-0.025568,0.1,0.2,0.4,0.65,0.65,0.85,0.9,0.0,0.0,0.0,0.06,0.05
8,PE_only,-0.025568,0.05,0.2,0.35,0.7,0.7,0.85,0.95,0.0,0.0,0.0,0.08,0.04
8,PE_FED,-0.025569,0.15,0.2,0.3,0.7,0.75,0.85,0.9,0.0,0.0,0.0,0.08,0.05
8,PE_FED,-0.025574,0.1,0.2,0.4,0.7,0.65,0.8,0.85,0.0,0.0,0.0,0.12,0.04
8,PB_FED,-0.025577,0.15,0.2,0.4,0.55,0.7,0.8,0.9,-0.5,0.0,0.0,0.1,0.05
6,PB_only,-0.02558,0.05,0.15,0.45,0.65,0.65,0.75,0.85,0.0,0.0,0.0,0.12,0.05
6,PB_only,-0.025583,0.2,0.25,0.3,0.65,0.7,0.85,0.9,0.0,0.0,0.0,0.12,0.04
8,PB_FED,-0.025583,0.1,0.25,0.3,0.5,0.7,0.8,0.85,0.0,0.0,0.0,0.06,0.05
6,PB_FED,-0.025586,0.1,0.2,0.4,0.65,0.7,0.8,0.85,0.0,0.0,0.0,0.1,0.04
6,PB_only,-0.025589,0.05,0.2,0.45,0.65,0.65,0.75,0.9,0.0,0.0,0.0,0.1,0.03
6,PB_only,-0.025592,0.05,0.25,0.35,0.7,0.65,0.75,0.95,0.0,0.0,0.0,0.12,0.04
6,PB_only,-0.025592,0.1,0.2,0.4,0.65,0.75,0.85,0.9,0.0,0.0,0.0,0.12,0.05
8,PB_only,-0.025592,0.2,0.3,0.4,0.65,0.7,0.85,0.9,0.0,0.0,0.0,0.08,0.05
8,PB_only,-0.025592,0.1,0.2,0.45,0.6,0.7,0.75,0.95,0.0,0.0,0.0,0.1,0.05
6,PB_FED,-0.025593,0.15,0.2,0.4,0.65,0.75,0.8,0.95,-0.5,0.0,0.0,0.08,0.05
8,PE_FED,-0.0256,0.05,0.2,0.4,0.7,0.65,0.85,0.9,-0.5,0.0,0.0,0.1,0.03
6,PB_FED,-0.025607,0.05,0.2,0.4,0.65,0.7,0.8,0.9,-0.5,0.0,0.0,0.12,0.05
8,PE_FED,-0.025607,0.1,0.2,0.3,0.6,0.7,0.75,0.9,0.0,0.0,0.0,0.12,0.04
6,PB_only,-0.025611,0.2,0.25,0.3,0.65,0.7,0.75,0.85,0.0,0.0,0.0,0.06,0.04
8,PB_only,-0.025616,0.15,0.25,0.45,0.6,0.65,0.85,0.9,0.0,0.0,0.0,0.06,0.03
8,PB_only,-0.025618,0.15,0.25,0.4,0.6,0.7,0.75,0.95,0.0,0.0,0.0,0.12,0.05
6,PB_FED,-0.025621,0.15,0.2,0.3,0.65,0.7,0.8,0.95,0.0,0.0,0.0,0.1,0.05
8,PE_only,-0.025629,0.15,0.2,0.35,0.7,0.75,0.85,0.95,0.0,0.0,0.0,0.06,0.04
6,PB_only,-0.025633,0.1,0.2,0.4,0.65,0.7,0.8,0.9,0.0,0.0,0.0,0.1,0.03
8,PB_FED,-0.025639,0.15,0.3,0.35,0.6,0.75,0.85,0.95,0.0,0.0,0.0,0.12,0.04
6,PB_only,-0.025642,0.2,0.25,0.4,0.7,0.7,0.75,0.95,0.0,0.0,0.0,0.12,0.04
6,PB_FED,-0.025645,0.05,0.2,0.35,0.65,0.7,0.75,0.95,0.0,0.0,0.0,0.08,0.03
8,PB_FED,-0.025651,0.05,0.2,0.45,0.6,0.7,0.85,0.95,-0.5,0.0,0.0,0.12,0.04
6,PB_only,-0.025653,0.05,0.15,0.35,0.6,0.65,0.75,0.9,0.0,0.0,0.0,0.08,0.03
8,PB_only,-0.025655,0.05,0.25,0.4,0.6,0.65,0.8,0.9,0.0,0.0,0.0,0.12,0.04
6,PB_only,-0.025659,0.1,0.2,0.4,0.65,0.75,0.8,0.85,0.0,0.0,0.0,0.12,0.04
8,PB_FED,-0.025659,0.05,0.25,0.4,0.55,0.65,0.8,0.85,0.0,0.0,0.0,0.1,0.05
8,PB_only,-0.02566,0.2,0.25,0.3,0.6,0.7,0.8,0.95,0.0,0.0,0.0,0.06,0.03
6,PB_only,-0.025662,0.05,0.2,0.3,0.65,0.75,0.8,0.85,0.0,0.0,0.0,0.12,0.05
8,PB_FED,-0.025668,0.15,0.3,0.4,0.6,0.7,0.8,0.85,-0.5,0.0,0.0,0.12,0.05
8,PE_only,-0.025676,0.05,0.2,0.4,0.7,0.75,0.85,0.95,0.0,0.0,0.0,0.08,0.04
6,PB_only,-0.025678,0.05,0.15,0.35,0.6,0.7,0.75,0.9,0.0,0.0,0.0,0.06,0.03
6,PB_FED,-0.025678,0.05,0.2,0.35,0.7,0.65,0.8,0.9,0.0,0.0,0.0,0.1,0.05
8,PB_FED,-0.025683,0.2,0.25,0.4,0.55,0.7,0.8,0.95,0.0,0.0,0.0,0.12,0.03
6,PB_only,-0.025688,0.1,0.15,0.3,0.65,0.65,0.85,0.95,0.0,0.0,0.0,0.08,0.04
6,PB_only,-0.025691,0.15,0.2,0.45,0.7,0.65,0.8,0.95,0.0,0.0,0.0,0.1,0.03
8,PE_FED,-0.025691,0.05,0.15,0.4,0.65,0.65,0.85,0.9,-0.5,0.0,0.0,0.12,0.04
8,PB_only,-0.025694,0.1,0.2,0.4,0.55,0.7,0.75,0.9,0.0,0.0,0.0,0.06,0.03
8,PE_only,-0.025698,0.15,0.2,0.3,0.7,0.7,0.75,0.9,0.0,0.0,0.0,0.12,0.03
8,PB_only,-0.0257,0.1,0.15,0.3,0.5,0.65,0.75,0.9,0.0,0.0,0.0,0.1,0.04
8,PE_only,-0.025711,0.1,0.2,0.3,0.7,0.65,0.85,0.95,0.0,0.0,0.0,0.1,0.03
6,PB_only,-0.025712,0.1,0.25,0.4,0.65,0.7,0.75,0.9,0.0,0.0,0.0,0.08,0.03
6,PB_only,-0.025716,0.15,0.25,0.3,0.65,0.7,0.8,0.9,0.0,0.0,0.0,0.1,0.04
6,PB_only,-0.025716,0.05,0.3,0.4,0.7,0.7,0.8,0.85,0.0,0.0,0.0,0.1,0.03
6,PB_only,-0.025716,0.15,0.25,0.3,0.65,0.75,0.8,0.9,0.0,0.0,0.0,0.06,0.04
8,PE_only,-0.025723,0.1,0.2,0.45,0.7,0.7,0.75,0.95,0.0,0.0,0.0,0.08,0.04
8,PE_FED,-0.025724,0.15,0.25,0.3,0.7,0.7,0.8,0.9,0.0,0.0,0.0,0.1,0.05
8,PE_only,-0.025734,0.05,0.15,0.45,0.7,0.7,0.8,0.9,0.0,0.0,0.0,0.12,0.04
8,PE_FED,-0.025734,0.1,0.2,0.35,0.65,0.7,0.75,0.85,0.0,0.0,0.0,0.1,0.03
8,PE_FED,-0.025742,0.15,0.25,0.4,0.6,0.65,0.8,0.95,0.0,0.0,0.0,0.12,0.03
6,PB_FED,-0.025743,0.05,0.2,0.3,0.65,0.7,0.8,0.9,0.0,0.0,0.0,0.06,0.05
8,PE_FED,-0.025743,0.1,0.15,0.4,0.6,0.7,0.75,0.85,0.0,0.0,0.0,0.12,0.03
6,PB_FED,-0.025744,0.15,0.2,0.3,0.6,0.65,0.8,0.9,0.0,0.0,0.0,0.12,0.03
8,PB_only,-0.025748,0.05,0.3,0.45,0.65,0.65,0.85,0.9,0.0,0.0,0.0,0.06,0.05
8,PB_only,-0.025748,0.05,0.3,0.45,0.65,0.65,0.85,0.9,0.0,0.0,0.0,0.08,0.05
6,PB_only,-0.025749,0.15,0.2,0.4,0.65,0.65,0.75,0.9,0.0,0.0,0.0,0.1,0.05
6,PB_FED,-0.025755,0.2,0.25,0.4,0.7,0.75,0.85,0.9,-0.5,0.0,0.0,0.12,0.05
8,PB_FED,-0.025765,0.15,0.2,0.35,0.55,0.75,0.85,0.9,-0.5,0.0,0.0,0.06,0.05
6,PB_only,-0.025768,0.1,0.2,0.45,0.65,0.7,0.85,0.9,0.0,0.0,0.0,0.06,0.04
6,PB_FED,-0.025768,0.1,0.25,0.35,0.65,0.7,0.75,0.9,-0.5,0.0,0.0,0.12,0.05
6,PB_only,-0.02577,0.2,0.25,0.3,0.65,0.65,0.75,0.9,0.0,0.0,0.0,0.1,0.04
8,PB_only,-0.025771,0.1,0.2,0.4,0.6,0.75,0.85,0.95,0.0,0.0,0.0,0.06,0.03
8,PE_FED,-0.025773,0.05,0.15,0.35,0.65,0.7,0.85,0.9,0.0,0.0,0.0,0.06,0.05
6,PB_FED,-0.025777,0.1,0.2,0.3,0.6,0.65,0.75,0.9,-0.5,0.0,0.0,0.08,0.05
8,PE_FED,-0.02578,0.05,0.15,0.4,0.6,0.7,0.85,0.95,-0.5,0.0,0.0,0.1,0.03
8,PB_only,-0.025783,0.05,0.2,0.35,0.6,0.65,0.8,0.95,0.0,0.0,0.0,0.06,0.04
8,PB_FED,-0.025784,0.15,0.25,0.4,0.5,0.7,0.8,0.9,0.0,0.0,0.0,0.1,0.03
8,PB_FED,-0.025788,0.15,0.2,0.4,0.5,0.65,0.8,0.9,0.0,0.0,0.0,0.12,0.05
8,PB_FED,-0.025797,0.15,0.3,0.45,0.6,0.7,0.85,0.9,0.0,0.0,0.0,0.06,0.04
8,PB_FED,-0.025802,0.15,0.2,0.45,0.55,0.75,0.8,0.9,-0.5,0.0,0.0,0.12,0.04
8,PE_FED,-0.025805,0.15,0.25,0.3,0.7,0.7,0.75,0.85,-0.5,0.0,0.0,0.08,0.04
8,PB_FED,-0.02581,0.2,0.3,0.4,0.6,0.7,0.8,0.85,-0.5,0.0,0.0,0.08,0.04
6,PB_only,-0.025813,0.1,0.25,0.4,0.65,0.65,0.8,0.85,0.0,0.0,0.0,0.12,0.03
8,PE_FED,-0.025813,0.2,0.25,0.4,0.65,0.7,0.75,0.95,0.0,0.0,0.0,0.06,0.04
6,PB_only,-0.025815,0.05,0.3,0.35,0.65,0.65,0.85,0.9,0.0,0.0,0.0,0.1,0.03
6,PB_only,-0.025816,0.05,0.15,0.45,0.65,0.65,0.8,0.9,0.0,0.0,0.0,0.08,0.04
8,PE_FED,-0.025816,0.05,0.15,0.45,0.6,0.75,0.8,0.9,0.0,0.0,0.0,0.12,0.03
8,PB_only,-0.025816,0.15,0.25,0.3,0.55,0.7,0.75,0.9,0.0,0.0,0.0,0.12,0.04
6,PB_FED,-0.025821,0.1,0.25,0.4,0.65,0.75,0.8,0.85,-0.5,0.0,0.0,0.12,0.04
8,PE_FED,-0.025821,0.15,0.2,0.45,0.7,0.65,0.75,0.85,0.0,0.0,0.0,0.06,0.05
8,PB_only,-0.025823,0.15,0.25,0.3,0.55,0.65,0.8,0.85,0.0,0.0,0.0,0.1,0.03
8,PB_only,-0.025823,0.1,0.25,0.35,0.6,0.65,0.85,0.9,0.0,0.0,0.0,0.06,0.04
6,PB_only,-0.025832,0.2,0.25,0.35,0.7,0.75,0.85,0.95,0.0,0.0,0.0,0.06,0.04
8,PE_FED,-0.025834,0.1,0.25,0.45,0.65,0.75,0.8,0.95,-0.5,0.0,0.0,0.1,0.03
8,PE_FED,-0.025834,0.1,0.25,0.45,0.65,0.75,0.8,0.95,-0.5,0.0,0.0,0.08,0.03
8,PE_FED,-0.025834,0.1,0.25,0.45,0.65,0.7,0.8,0.95,-0.5,0.0,0.0,0.08,0.03
8,PB_only,-0.025835,0.15,0.3,0.35,0.6,0.65,0.8,0.85,0.0,0.0,0.0,0.12,0.03
8,PB_FED,-0.025838,0.1,0.2,0.3,0.5,0.7,0.85,0.95,0.0,0.0,0.0,0.06,0.04
8,PB_only,-0.025843,0.15,0.2,0.45,0.6,0.7,0.85,0.9,0.0,0.0,0.0,0.08,0.04
6,PB_FED,-0.025853,0.1,0.25,0.3,0.7,0.75,0.8,0.85,0.0,0.0,0.0,0.06,0.03
8,PB_FED,-0.025853,0.05,0.15,0.45,0.55,0.65,0.85,0.95,0.0,0.0,0.0,0.08,0.04
8,PB_only,-0.025859,0.1,0.3,0.35,0.6,0.7,0.75,0.85,0.0,0.0,0.0,0.1,0.04
8,PB_only,-0.025861,0.1,0.3,0.4,0.6,0.65,0.75,0.9,0.0,0.0,0.0,0.12,0.03
8,PB_only,-0.025866,0.05,0.2,0.3,0.55,0.7,0.8,0.85,0.0,0.0,0.0,0.1,0.05
8,PB_only,-0.025868,0.1,0.2,0.35,0.55,0.65,0.75,0.9,0.0,0.0,0.0,0.06,0.04
6,PB_only,-0.025869,0.2,0.25,0.35,0.7,0.75,0.85,0.95,0.0,0.0,0.0,0.06,0.05
6,PB_only,-0.02587,0.2,0.25,0.35,0.65,0.7,0.75,0.85,0.0,0.0,0.0,0.12,0.03
8,PB_only,-0.02587,0.15,0.3,0.35,0.6,0.7,0.75,0.9,0.0,0.0,0.0,0.1,0.04
8,PE_FED,-0.025871,0.1,0.2,0.3,0.55,0.75,0.8,0.95,0.0,0.0,0.0,0.06,0.03
8,PE_FED,-0.025871,0.1,0.2,0.3,0.55,0.65,0.8,0.95,0.0,0.0,0.0,0.1,0.03
8,PE_only,-0.025882,0.05,0.25,0.3,0.7,0.75,0.8,0.95,0.0,0.0,0.0,0.06,0.04
8,PE_FED,-0.025891,0.1,0.3,0.4,0.7,0.65,0.75,0.95,-0.5,0.0,0.0,0.08,0.05
6,PB_only,-0.025894,0.1,0.3,0.45,0.7,0.65,0.75,0.9,0.0,0.0,0.0,0.08,0.03
8,PB_only,-0.025895,0.1,0.2,0.35,0.55,0.7,0.75,0.9,0.0,0.0,0.0,0.12,0.04
8,PE_only,-0.025896,0.1,0.15,0.45,0.7,0.65,0.85,0.95,0.0,0.0,0.0,0.1,0.04
8,PE_only,-0.0259,0.15,0.25,0.3,0.7,0.75,0.8,0.95,0.0,0.0,0.0,0.12,0.04
8,PB_FED,-0.025901,0.15,0.2,0.35,0.5,0.7,0.85,0.9,0.0,0.0,0.0,0.08,0.04
8,PB_only,-0.025902,0.15,0.2,0.45,0.55,0.65,0.75,0.85,0.0,0.0,0.0,0.08,0.03
8,PB_only,-0.025902,0.15,0.3,0.45,0.65,0.75,0.85,0.95,0.0,0.0,0.0,0.1,0.05
8,PB_only,-0.025902,0.15,0.3,0.45,0.65,0.7,0.85,0.95,0.0,0.0,0.0,0.12,0.05
8,PB_FED,-0.025902,0.1,0.15,0.45,0.5,0.75,0.8,0.85,0.0,0.0,0.0,0.12,0.05
6,PB_FED,-0.025906,0.2,0.25,0.4,0.7,0.65,0.8,0.95,-0.5,0.0,0.0,0.08,0.03
6,PB_FED,-0.025912,0.15,0.2,0.45,0.65,0.65,0.75,0.85,0.0,0.0,0.0,0.06,0.05
8,PB_only,-0.025915,0.05,0.3,0.4,0.6,0.7,0.75,0.85,0.0,0.0,0.0,0.1,0.03
8,PE_PB_FED,-0.02592,0.1,0.15,0.3,0.65,0.7,0.75,0.95,0.0,0.65,0.7,0.1,0.05
8,PE_FED,-0.025924,0.1,0.2,0.35,0.65,0.7,0.8,0.9,0.0,0.0,0.0,0.1,0.05
6,PB_only,-0.025929,0.1,0.25,0.3,0.65,0.65,0.8,0.85,0.0,0.0,0.0,0.1,0.05
8,PE_FED,-0.025929,0.05,0.15,0.4,0.65,0.7,0.85,0.9,0.0,0.0,0.0,0.08,0.05
8,PB_only,-0.025931,0.1,0.2,0.3,0.55,0.7,0.75,0.95,0.0,0.0,0.0,0.06,0.04
8,PE_FED,-0.025933,0.05,0.2,0.4,0.6,0.7,0.8,0.95,-0.5,0.0,0.0,0.12,0.03
6,PB_only,-0.025938,0.1,0.15,0.4,0.65,0.7,0.8,0.95,0.0,0.0,0.0,0.06,0.03
6,PB_only,-0.025941,0.15,0.25,0.4,0.7,0.65,0.85,0.95,0.0,0.0,0.0,0.06,0.05
8,PE_FED,-0.025945,0.2,0.3,0.4,0.7,0.75,0.8,0.95,-0.5,0.0,0.0,0.1,0.04
6,PB_only,-0.025947,0.1,0.3,0.4,0.7,0.75,0.8,0.9,0.0,0.0,0.0,0.08,0.04
8,PB_FED,-0.025948,0.05,0.15,0.3,0.7,0.7,0.75,0.95,0.5,0.0,0.0,0.1,0.03
6,PB_only,-0.025955,0.05,0.15,0.4,0.65,0.7,0.8,0.95,0.0,0.0,0.0,0.08,0.03
8,PE_FED,-0.025956,0.15,0.2,0.45,0.7,0.7,0.85,0.9,-0.5,0.0,0.0,0.1,0.05
6,PB_FED,-0.025961,0.1,0.25,0.45,0.65,0.65,0.75,0.9,-0.5,0.0,0.0,0.06,0.03
8,PB_only,-0.025963,0.1,0.15,0.35,0.55,0.65,0.75,0.95,0.0,0.0,0.0,0.06,0.04
8,PB_only,-0.025963,0.1,0.15,0.35,0.55,0.65,0.75,0.95,0.0,0.0,0.0,0.12,0.04
8,PB_only,-0.025964,0.15,0.3,0.35,0.6,0.7,0.8,0.85,0.0,0.0,0.0,0.08,0.04
8,PB_FED,-0.025964,0.2,0.25,0.3,0.55,0.75,0.85,0.95,0.0,0.0,0.0,0.12,0.04
8,PB_only,-0.025968,0.15,0.2,0.35,0.55,0.7,0.75,0.95,0.0,0.0,0.0,0.12,0.03
6,PB_FED,-0.025969,0.2,0.25,0.4,0.7,0.65,0.85,0.9,-0.5,0.0,0.0,0.1,0.05
8,PB_only,-0.025969,0.1,0.15,0.35,0.5,0.7,0.75,0.9,0.0,0.0,0.0,0.08,0.03
6,PB_only,-0.025975,0.1,0.25,0.4,0.65,0.7,0.75,0.85,0.0,0.0,0.0,0.06,0.04
8,PE_only,-0.025977,0.05,0.25,0.35,0.7,0.7,0.75,0.95,0.0,0.0,0.0,0.06,0.04
8,PB_FED,-0.02598,0.05,0.3,0.4,0.6,0.65,0.75,0.85,-0.5,0.0,0.0,0.06,0.05
6,PB_only,-0.025984,0.2,0.3,0.35,0.7,0.65,0.8,0.9,0.0,0.0,0.0,0.06,0.03
8,PB_FED,-0.025984,0.15,0.2,0.45,0.5,0.75,0.85,0.9,0.0,0.0,0.0,0.06,0.03
6,PB_only,-0.025985,0.2,0.25,0.45,0.7,0.7,0.85,0.95,0.0,0.0,0.0,0.06,0.03
8,PE_FED,-0.025992,0.1,0.2,0.45,0.7,0.65,0.85,0.9,-0.5,0.0,0.0,0.1,0.04
6,PB_only,-0.025995,0.15,0.2,0.45,0.65,0.7,0.85,0.9,0.0,0.0,0.0,0.06,0.05
6,PB_FED,-0.025997,0.1,0.3,0.35,0.7,0.75,0.8,0.95,-0.5,0.0,0.0,0.12,0.03
6,PB_only,-0.025998,0.15,0.25,0.45,0.7,0.7,0.85,0.95,0.0,0.0,0.0,0.06,0.05
8,PB_FED,-0.026015,0.1,0.3,0.35,0.55,0.65,0.85,0.9,0.0,0.0,0.0,0.1,0.03
8,PB_FED,-0.026018,0.15,0.3,0.45,0.6,0.7,0.8,0.9,-0.5,0.0,0.0,0.06,0.04
6,PB_only,-0.026022,0.15,0.2,0.45,0.65,0.75,0.8,0.9,0.0,0.0,0.0,0.12,0.03
6,PB_only,-0.026023,0.2,0.25,0.35,0.7,0.7,0.8,0.95,0.0,0.0,0.0,0.06,0.04
8,PB_only,-0.026026,0.05,0.15,0.45,0.6,0.7,0.85,0.95,0.0,0.0,0.0,0.08,0.04
6,PB_only,-0.02603,0.2,0.3,0.35,0.7,0.75,0.8,0.9,0.0,0.0,0.0,0.12,0.04
8,PB_FED,-0.026035,0.15,0.3,0.35,0.55,0.7,0.8,0.9,0.0,0.0,0.0,0.1,0.04
8,PE_only,-0.026037,0.1,0.15,0.45,0.65,0.7,0.8,0.95,0.0,0.0,0.0,0.1,0.03
8,PB_only,-0.026039,0.15,0.25,0.4,0.6,0.65,0.85,0.9,0.0,0.0,0.0,0.08,0.04
8,PB_FED,-0.02604,0.1,0.2,0.3,0.5,0.7,0.8,0.9,-0.5,0.0,0.0,0.1,0.05
8,PB_only,-0.026041,0.1,0.2,0.4,0.55,0.65,0.75,0.85,0.0,0.0,0.0,0.06,0.04
8,PE_only,-0.026043,0.05,0.15,0.35,0.7,0.7,0.85,0.9,0.0,0.0,0.0,0.06,0.03
8,PE_FED,-0.026046,0.05,0.25,0.3,0.6,0.7,0.75,0.95,0.0,0.0,0.0,0.1,0.04
6,PB_only,-0.026052,0.2,0.25,0.35,0.7,0.7,0.8,0.95,0.0,0.0,0.0,0.12,0.05
8,PE_PB_FED,-0.026059,0.1,0.15,0.45,0.65,0.7,0.75,0.95,0.0,0.65,0.8,0.1,0.03
6,PB_FED,-0.026069,0.05,0.15,0.45,0.65,0.65,0.85,0.95,-0.5,0.0,0.0,0.1,0.03
8,PE_only,-0.026072,0.05,0.15,0.4,0.65,0.75,0.85,0.95,0.0,0.0,0.0,0.12,0.03
8,PB_FED,-0.026073,0.2,0.3,0.45,0.6,0.7,0.8,0.9,0.0,0.0,0.0,0.12,0.05
8,PB_only,-0.026074,0.05,0.2,0.35,0.6,0.7,0.85,0.95,0.0,0.0,0.0,0.1,0.04
8,PB_FED,-0.026075,0.15,0.25,0.45,0.5,0.7,0.75,0.9,0.0,0.0,0.0,0.1,0.04
6,PB_only,-0.026078,0.05,0.25,0.3,0.6,0.65,0.75,0.85,0.0,0.0,0.0,0.1,0.03
8,PB_FED,-0.026087,0.1,0.3,0.45,0.6,0.75,0.8,0.95,0.0,0.0,0.0,0.1,0.04
8,PE_FED,-0.026094,0.05,0.15,0.4,0.6,0.65,0.8,0.9,0.0,0.0,0.0,0.12,0.05
8,PB_FED,-0.026098,0.2,0.3,0.4,0.6,0.7,0.75,0.85,-0.5,0.0,0.0,0.1,0.05
6,PB_only,-0.026106,0.05,0.2,0.35,0.65,0.65,0.8,0.9,0.0,0.0,0.0,0.08,0.05
6,PB_only,-0.026107,0.15,0.3,0.45,0.7,0.65,0.8,0.85,0.0,0.0,0.0,0.1,0.04
8,PE_only,-0.026107,0.05,0.2,0.35,0.7,0.65,0.85,0.95,0.0,0.0,0.0,0.06,0.05
8,PE_FED,-0.026108,0.2,0.25,0.35,0.65,0.7,0.8,0.95,0.0,0.0,0.0,0.08,0.05
8,PB_only,-0.02611,0.15,0.25,0.4,0.6,0.65,0.8,0.95,0.0,0.0,0.0,0.12,0.03
6,PB_only,-0.026115,0.1,0.25,0.4,0.65,0.65,0.75,0.9,0.0,0.0,0.0,0.06,0.04
8,PB_only,-0.026115,0.15,0.25,0.45,0.6,0.7,0.75,0.95,0.0,0.0,0.0,0.08,0.05
8,PB_only,-0.026116,0.1,0.25,0.3,0.55,0.75,0.8,0.85,0.0,0.0,0.0,0.06,0.04
6,PB_FED,-0.026122,0.05,0.15,0.3,0.55,0.7,0.75,0.85,0.0,0.0,0.0,0.12,0.03
8,PB_FED,-0.026125,0.2,0.25,0.45,0.6,0.75,0.85,0.95,-0.5,0.0,0.0,0.08,0.03
8,PB_FED,-0.02614,0.2,0.3,0.4,0.6,0.65,0.85,0.9,-0.5,0.0,0.0,0.06,0.03
8,PB_FED,-0.026142,0.05,0.25,0.3,0.55,0.75,0.8,0.95,-0.5,0.0,0.0,0.06,0.04
6,PB_only,-0.026143,0.1,0.2,0.35,0.65,0.7,0.8,0.9,0.0,0.0,0.0,0.1,0.05
6,PB_only,-0.026146,0.05,0.25,0.35,0.65,0.65,0.75,0.9,0.0,0.0,0.0,0.12,0.05
8,PE_only,-0.026146,0.05,0.2,0.35,0.65,0.7,0.8,0.95,0.0,0.0,0.0,0.06,0.03
6,PB_FED,-0.026151,0.05,0.2,0.3,0.6,0.7,0.8,0.9,-0.5,0.0,0.0,0.06,0.03
6,PB_only,-0.026155,0.1,0.2,0.35,0.6,0.65,0.75,0.85,0.0,0.0,0.0,0.12,0.03
6,PB_FED,-0.026155,0.1,0.15,0.45,0.65,0.65,0.75,0.95,0.0,0.0,0.0,0.1,0.05
8,PB_only,-0.026155,0.15,0.25,0.35,0.6,0.75,0.8,0.95,0.0,0.0,0.0,0.06,0.05
6,PB_only,-0.026159,0.05,0.2,0.3,0.6,0.65,0.75,0.85,0.0,0.0,0.0,0.12,0.04
8,PE_only,-0.02616,0.05,0.2,0.4,0.7,0.7,0.8,0.9,0.0,0.0,0.0,0.06,0.03
8,PB_only,-0.026172,0.15,0.2,0.3,0.55,0.75,0.8,0.95,0.0,0.0,0.0,0.12,0.03
6,PB_FED,-0.026178,0.05,0.25,0.35,0.65,0.75,0.8,0.9,-0.5,0.0,0.0,0.1,0.03
6,PB_only,-0.02618,0.05,0.2,0.45,0.65,0.65,0.8,0.9,0.0,0.0,0.0,0.06,0.03
6,PB_FED,-0.026181,0.1,0.15,0.45,0.65,0.65,0.8,0.9,0.0,0.0,0.0,0.06,0.04
6,PB_only,-0.026183,0.15,0.25,0.4,0.65,0.65,0.8,0.85,0.0,0.0,0.0,0.12,0.04
6,PB_only,-0.026184,0.15,0.25,0.4,0.7,0.65,0.85,0.95,0.0,0.0,0.0,0.12,0.04
8,PB_FED,-0.026197,0.2,0.25,0.45,0.5,0.65,0.75,0.85,0.0,0.0,0.0,0.1,0.03
6,PB_FED,-0.026198,0.1,0.25,0.3,0.65,0.75,0.8,0.95,-0.5,0.0,0.0,0.12,0.04
6,PB_FED,-0.026198,0.1,0.25,0.3,0.65,0.75,0.8,0.95,-0.5,0.0,0.0,0.1,0.04
8,PB_FED,-0.026198,0.05,0.25,0.4,0.55,0.75,0.85,0.95,0.0,0.0,0.0,0.08,0.03
6,PB_only,-0.0262,0.05,0.15,0.35,0.55,0.75,0.8,0.85,0.0,0.0,0.0,0.08,0.04
6,PB_FED,-0.0262,0.05,0.15,0.3,0.65,0.75,0.85,0.95,0.0,0.0,0.0,0.06,0.04
8,PE_only,-0.0262,0.1,0.25,0.35,0.7,0.65,0.75,0.95,0.0,0.0,0.0,0.12,0.03
8,PE_FED,-0.0262,0.1,0.25,0.35,0.7,0.65,0.75,0.85,0.0,0.0,0.0,0.08,0.04
6,PB_only,-0.026202,0.2,0.25,0.3,0.65,0.7,0.75,0.9,0.0,0.0,0.0,0.1,0.05
8,PE_FED,-0.026204,0.15,0.2,0.35,0.65,0.75,0.85,0.9,0.0,0.0,0.0,0.08,0.03
6,PB_only,-0.026209,0.1,0.25,0.3,0.65,0.75,0.8,0.9,0.0,0.0,0.0,0.08,0.05
6,PB_FED,-0.026209,0.15,0.3,0.45,0.7,0.7,0.75,0.85,-0.5,0.0,0.0,0.06,0.05
6,PB_only,-0.026213,0.15,0.25,0.3,0.65,0.7,0.75,0.95,0.0,0.0,0.0,0.08,0.05
8,PB_only,-0.026214,0.15,0.2,0.4,0.55,0.7,0.8,0.85,0.0,0.0,0.0,0.06,0.03
8,PE_only,-0.026217,0.05,0.2,0.4,0.7,0.65,0.85,0.95,0.0,0.0,0.0,0.1,0.05
8,PE_only,-0.026217,0.05,0.2,0.45,0.7,0.75,0.85,0.95,0.0,0.0,0.0,0.12,0.04
8,PB_FED,-0.026228,0.2,0.3,0.4,0.55,0.65,0.75,0.9,0.0,0.0,0.0,0.1,0.04
6,PB_only,-0.02623,0.05,0.25,0.45,0.65,0.7,0.75,0.85,0.0,0.0,0.0,0.12,0.03
8,PB_FED,-0.026231,0.1,0.25,0.35,0.5,0.7,0.8,0.95,0.0,0.0,0.0,0.1,0.03
6,PB_only,-0.026233,0.15,0.2,0.45,0.65,0.7,0.75,0.85,0.0,0.0,0.0,0.1,0.05
8,PE_FED,-0.026243,0.15,0.2,0.4,0.65,0.7,0.8,0.85,0.0,0.0,0.0,0.06,0.03
6,PB_only,-0.026248,0.05,0.2,0.4,0.65,0.7,0.8,0.85,0.0,0.0,0.0,0.06,0.05
8,PB_only,-0.02625,0.05,0.25,0.3,0.55,0.65,0.75,0.85,0.0,0.0,0.0,0.12,0.05
8,PE_only,-0.026251,0.15,0.2,0.4,0.65,0.7,0.75,0.95,0.0,0.0,0.0,0.1,0.03
8,PB_only,-0.026253,0.05,0.15,0.35,0.55,0.75,0.8,0.85,0.0,0.0,0.0,0.12,0.05
6,PB_only,-0.026254,0.1,0.15,0.45,0.65,0.7,0.8,0.9,0.0,0.0,0.0,0.12,0.05
8,PB_only,-0.026254,0.15,0.2,0.35,0.55,0.7,0.85,0.9,0.0,0.0,0.0,0.08,0.03
6,PB_only,-0.02626,0.15,0.2,0.3,0.65,0.75,0.85,0.95,0.0,0.0,0.0,0.1,0.04
8,PB_only,-0.02626,0.1,0.15,0.3,0.5,0.7,0.75,0.9,0.0,0.0,0.0,0.12,0.05
8,PB_only,-0.026261,0.15,0.25,0.3,0.55,0.7,0.75,0.85,0.0,0.0,0.0,0.08,0.05
6,PB_only,-0.026266,0.1,0.25,0.3,0.65,0.7,0.75,0.95,0.0,0.0,0.0,0.06,0.05
8,PE_FED,-0.026267,0.1,0.2,0.3,0.6,0.7,0.75,0.9,0.0,0.0,0.0,0.12,0.05
8,PB_only,-0.026268,0.05,0.25,0.4,0.6,0.65,0.85,0.9,0.0,0.0,0.0,0.12,0.04
8,PB_only,-0.026268,0.05,0.3,0.4,0.6,0.75,0.8,0.85,0.0,0.0,0.0,0.12,0.03
6,PB_FED,-0.02627,0.05,0.25,0.45,0.7,0.65,0.8,0.9,-0.5,0.0,0.0,0.08,0.05
6,PB_only,-0.026271,0.05,0.25,0.45,0.65,0.65,0.75,0.9,0.0,0.0,0.0,0.1,0.03
6,PB_only,-0.026271,0.2,0.25,0.35,0.7,0.65,0.85,0.95,0.0,0.0,0.0,0.06,0.05
8,PE_only,-0.026274,0.15,0.2,0.3,0.7,0.65,0.75,0.9,0.0,0.0,0.0,0.12,0.04
8,PE_FED,-0.026274,0.15,0.2,0.35,0.6,0.65,0.85,0.95,0.0,0.0,0.0,0.1,0.04
8,PE_FED,-0.026276,0.1,0.25,0.4,0.6,0.65,0.75,0.95,0.0,0.0,0.0,0.12,0.05
6,PB_only,-0.026277,0.15,0.2,0.3,0.6,0.7,0.75,0.85,0.0,0.0,0.0,0.1,0.04
6,PB_only,-0.02628,0.2,0.3,0.4,0.7,0.65,0.8,0.85,0.0,0.0,0.0,0.1,0.04
8,PE_only,-0.026282,0.1,0.2,0.4,0.7,0.7,0.75,0.9,0.0,0.0,0.0,0.06,0.04
8,PE_FED,-0.026284,0.1,0.2,0.4,0.65,0.7,0.75,0.9,-0.5,0.0,0.0,0.06,0.05
8,PB_FED,-0.026286,0.15,0.3,0.4,0.55,0.65,0.75,0.9,-0.5,0.0,0.0,0.08,0.03
6,PB_only,-0.026288,0.1,0.25,0.45,0.65,0.65,0.8,0.85,0.0,0.0,0.0,0.08,0.03
6,PB_only,-0.026291,0.15,0.3,0.4,0.7,0.7,0.75,0.95,0.0,0.0,0.0,0.08,0.05
6,PB_only,-0.026292,0.2,0.3,0.45,0.7,0.75,0.8,0.9,0.0,0.0,0.0,0.08,0.03
8,PE_only,-0.026293,0.05,0.15,0.35,0.65,0.7,0.75,0.9,0.0,0.0,0.0,0.12,0.03
6,PB_only,-0.026294,0.15,0.2,0.3,0.65,0.75,0.8,0.95,0.0,0.0,0.0,0.08,0.04
8,PB_only,-0.026298,0.1,0.15,0.45,0.55,0.65,0.85,0.9,0.0,0.0,0.0,0.08,0.03
6,PB_only,-0.026302,0.05,0.3,0.35,0.7,0.7,0.75,0.95,0.0,0.0,0.0,0.06,0.05
8,PE_only,-0.026302,0.1,0.15,0.3,0.7,0.75,0.8,0.85,0.0,0.0,0.0,0.06,0.03
8,PB_only,-0.026303,0.15,0.25,0.45,0.6,0.7,0.8,0.95,0.0,0.0,0.0,0.1,0.03
8,PE_only,-0.026306,0.15,0.2,0.35,0.7,0.7,0.8,0.9,0.0,0.0,0.0,0.12,0.04
8,PB_only,-0.026307,0.15,0.2,0.4,0.55,0.75,0.8,0.9,0.0,0.0,0.0,0.08,0.03
8,PE_FED,-0.026313,0.05,0.25,0.35,0.6,0.65,0.75,0.95,0.0,0.0,0.0,0.06,0.05
6,PB_only,-0.026318,0.1,0.2,0.35,0.65,0.7,0.85,0.95,0.0,0.0,0.0,0.12,0.03
8,PE_only,-0.026319,0.2,0.25,0.35,0.7,0.7,0.75,0.95,0.0,0.0,0.0,0.08,0.03
8,PE_only,-0.026319,0.2,0.25,0.35,0.7,0.7,0.75,0.95,0.0,0.0,0.0,0.1,0.03
8,PE_FED,-0.026323,0.15,0.25,0.35,0.6,0.65,0.8,0.95,0.0,0.0,0.0,0.12,0.04
6,PB_only,-0.026325,0.1,0.25,0.45,0.7,0.75,0.8,0.95,0.0,0.0,0.0,0.1,0.05
6,PB_only,-0.02633,0.15,0.2,0.3,0.65,0.65,0.8,0.95,0.0,0.0,0.0,0.12,0.05
6,PB_only,-0.026332,0.1,0.2,0.3,0.65,0.75,0.8,0.95,0.0,0.0,0.0,0.06,0.04
6,PB_only,-0.026333,0.1,0.3,0.45,0.7,0.65,0.8,0.9,0.0,0.0,0.0,0.06,0.03
8,PE_only,-0.026335,0.1,0.25,0.4,0.7,0.7,0.75,0.95,0.0,0.0,0.0,0.12,0.04
6,PB_FED,-0.026341,0.2,0.25,0.35,0.7,0.65,0.85,0.95,-0.5,0.0,0.0,0.06,0.05
8,PB_only,-0.026343,0.05,0.25,0.45,0.6,0.7,0.75,0.95,0.0,0.0,0.0,0.12,0.04
8,PB_only,-0.026344,0.05,0.25,0.3,0.55,0.7,0.75,0.9,0.0,0.0,0.0,0.12,0.05
8,PB_only,-0.026345,0.1,0.15,0.3,0.5,0.75,0.85,0.9,0.0,0.0,0.0,0.1,0.03
6,PB_only,-0.026346,0.05,0.25,0.4,0.65,0.65,0.8,0.85,0.0,0.0,0.0,0.08,0.04
8,PE_only,-0.026346,0.1,0.15,0.35,0.65,0.75,0.85,0.95,0.0,0.0,0.0,0.1,0.03
8,PB_only,-0.02635,0.1,0.15,0.4,0.55,0.75,0.8,0.95,0.0,0.0,0.0,0.12,0.03
8,PE_only,-0.026353,0.15,0.2,0.4,0.65,0.75,0.8,0.95,0.0,0.0,0.0,0.06,0.03
6,PB_only,-0.026354,0.2,0.25,0.35,0.65,0.7,0.75,0.9,0.0,0.0,0.0,0.08,0.04
8,PB_only,-0.026354,0.1,0.2,0.35,0.55,0.65,0.85,0.9,0.0,0.0,0.0,0.12,0.03
6,PB_FED,-0.026362,0.05,0.15,0.35,0.6,0.7,0.85,0.9,-0.5,0.0,0.0,0.12,0.03
8,PB_FED,-0.026362,0.05,0.2,0.45,0.5,0.75,0.8,0.85,0.0,0.0,0.0,0.12,0.04
6,PB_only,-0.026368,0.05,0.25,0.4,0.65,0.7,0.8,0.9,0.0,0.0,0.0,0.08,0.03
8,PB_FED,-0.02637,0.15,0.25,0.45,0.5,0.65,0.8,0.9,0.0,0.0,0.0,0.12,0.03
6,PB_only,-0.026384,0.05,0.25,0.3,0.65,0.7,0.85,0.95,0.0,0.0,0.0,0.08,0.03
6,PB_FED,-0.026385,0.05,0.2,0.45,0.7,0.65,0.8,0.9,0.0,0.0,0.0,0.08,0.04
6,PB_FED,-0.026388,0.2,0.25,0.4,0.7,0.75,0.85,0.95,-0.5,0.0,0.0,0.1,0.05
8,PB_only,-0.026391,0.1,0.15,0.35,0.5,0.65,0.75,0.85,0.0,0.0,0.0,0.06,0.04
8,PB_only,-0.026392,0.05,0.25,0.45,0.6,0.65,0.75,0.95,0.0,0.0,0.0,0.1,0.05
8,PB_only,-0.026393,0.05,0.2,0.35,0.55,0.65,0.75,0.95,0.0,0.0,0.0,0.06,0.03
6,PB_only,-0.026398,0.15,0.25,0.4,0.65,0.7,0.75,0.85,0.0,0.0,0.0,0.12,0.05
6,PB_only,-0.026398,0.05,0.25,0.3,0.65,0.75,0.8,0.85,0.0,0.0,0.0,0.08,0.05
8,PB_only,-0.026399,0.05,0.25,0.3,0.6,0.65,0.85,0.95,0.0,0.0,0.0,0.1,0.04
6,PB_only,-0.026402,0.2,0.25,0.3,0.65,0.65,0.8,0.9,0.0,0.0,0.0,0.1,0.04
6,PB_only,-0.026403,0.1,0.2,0.35,0.65,0.75,0.8,0.85,0.0,0.0,0.0,0.06,0.05
8,PE_FED,-0.026406,0.05,0.25,0.35,0.7,0.7,0.8,0.85,-0.5,0.0,0.0,0.08,0.03
6,PB_only,-0.026408,0.05,0.3,0.35,0.65,0.75,0.85,0.9,0.0,0.0,0.0,0.12,0.03
8,PE_only,-0.026409,0.05,0.15,0.35,0.65,0.7,0.75,0.9,0.0,0.0,0.0,0.08,0.04
8,PB_only,-0.02641,0.1,0.25,0.35,0.55,0.65,0.75,0.85,0.0,0.0,0.0,0.08,0.04
8,PB_only,-0.026411,0.05,0.15,0.3,0.5,0.65,0.75,0.95,0.0,0.0,0.0,0.12,0.05
8,PE_FED,-0.026414,0.15,0.25,0.3,0.65,0.65,0.75,0.9,-0.5,0.0,0.0,0.06,0.04
8,PE_PB_FED,-0.026418,0.1,0.15,0.3,0.65,0.65,0.75,0.9,0.0,0.65,0.75,0.1,0.03
8,PB_only,-0.026423,0.15,0.3,0.35,0.6,0.65,0.75,0.95,0.0,0.0,0.0,0.1,0.03
8,PB_FED,-0.026423,0.1,0.2,0.3,0.5,0.65,0.85,0.9,-0.5,0.0,0.0,0.08,0.04
8,PE_only,-0.026424,0.1,0.2,0.35,0.7,0.65,0.85,0.95,0.0,0.0,0.0,0.06,0.05
8,PB_only,-0.026427,0.05,0.15,0.35,0.55,0.75,0.85,0.95,0.0,0.0,0.0,0.06,0.03
8,PE_only,-0.02643,0.15,0.2,0.3,0.7,0.7,0.75,0.9,0.0,0.0,0.0,0.06,0.05
8,PB_only,-0.026432,0.1,0.2,0.4,0.55,0.65,0.8,0.9,0.0,0.0,0.0,0.1,0.03
8,PB_only,-0.026438,0.1,0.2,0.35,0.55,0.65,0.75,0.95,0.0,0.0,0.0,0.12,0.03
8,PE_FED,-0.026443,0.2,0.25,0.4,0.7,0.65,0.8,0.9,0.0,0.0,0.0,0.1,0.04
8,PE_FED,-0.02645,0.1,0.15,0.35,0.55,0.65,0.75,0.95,-0.5,0.0,0.0,0.06,0.03
8,PE_FED,-0.02645,0.15,0.25,0.3,0.6,0.65,0.75,0.9,0.0,0.0,0.0,0.12,0.03
8,PE_FED,-0.026452,0.1,0.2,0.35,0.6,0.65,0.75,0.9,0.0,0.0,0.0,0.08,0.05
8,PB_only,-0.026456,0.1,0.2,0.3,0.55,0.7,0.8,0.9,0.0,0.0,0.0,0.08,0.05
6,PB_FED,-0.026458,0.1,0.15,0.45,0.7,0.7,0.85,0.95,0.0,0.0,0.0,0.06,0.04
8,PB_only,-0.02646,0.1,0.2,0.4,0.55,0.7,0.8,0.9,0.0,0.0,0.0,0.08,0.03
8,PB_only,-0.02646,0.1,0.2,0.4,0.55,0.7,0.8,0.9,0.0,0.0,0.0,0.12,0.03
8,PB_FED,-0.026463,0.15,0.25,0.45,0.55,0.75,0.85,0.9,-0.5,0.0,0.0,0.1,0.03
6,PB_only,-0.026468,0.15,0.3,0.35,0.7,0.7,0.85,0.95,0.0,0.0,0.0,0.12,0.04
6,PB_FED,-0.026468,0.1,0.2,0.35,0.65,0.75,0.85,0.9,0.0,0.0,0.0,0.1,0.04
8,PE_FED,-0.026468,0.1,0.2,0.3,0.6,0.65,0.8,0.95,-0.5,0.0,0.0,0.12,0.05
8,PE_only,-0.026469,0.05,0.25,0.35,0.7,0.65,0.75,0.95,0.0,0.0,0.0,0.06,0.04
8,PE_only,-0.02647,0.1,0.2,0.4,0.7,0.7,0.8,0.9,0.0,0.0,0.0,0.06,0.03
6,PB_FED,-0.026473,0.1,0.3,0.45,0.7,0.65,0.75,0.9,-0.5,0.0,0.0,0.08,0.04
8,PB_only,-0.026479,0.1,0.2,0.45,0.6,0.75,0.8,0.95,0.0,0.0,0.0,0.1,0.05
8,PB_only,-0.026479,0.15,0.25,0.4,0.6,0.65,0.85,0.9,0.0,0.0,0.0,0.08,0.05
6,PB_only,-0.026485,0.05,0.15,0.4,0.65,0.7,0.85,0.95,0.0,0.0,0.0,0.12,0.04
8,PE_FED,-0.026488,0.1,0.25,0.3,0.65,0.65,0.75,0.9,-0.5,0.0,0.0,0.06,0.03
8,PE_PB_FED,-0.026493,0.05,0.15,0.4,0.7,0.7,0.8,0.95,-0.5,0.65,0.8,0.12,0.04
6,PB_only,-0.026495,0.05,0.15,0.4,0.6,0.7,0.75,0.85,0.0,0.0,0.0,0.06,0.04
8,PB_FED,-0.026498,0.05,0.2,0.45,0.5,0.7,0.75,0.95,0.0,0.0,0.0,0.08,0.05
6,PB_FED,-0.026501,0.05,0.15,0.3,0.6,0.75,0.8,0.85,0.0,0.0,0.0,0.06,0.05
8,PE_only,-0.026502,0.05,0.2,0.3,0.65,0.65,0.75,0.95,0.0,0.0,0.0,0.1,0.05
6,PB_only,-0.026503,0.05,0.15,0.35,0.6,0.65,0.75,0.9,0.0,0.0,0.0,0.08,0.05
8,PE_FED,-0.026504,0.1,0.15,0.3,0.6,0.65,0.8,0.85,0.0,0.0,0.0,0.1,0.05
8,PB_only,-0.026507,0.15,0.25,0.4,0.6,0.75,0.85,0.9,0.0,0.0,0.0,0.06,0.05
6,PB_only,-0.026511,0.1,0.2,0.3,0.55,0.65,0.8,0.85,0.0,0.0,0.0,0.12,0.04
6,PB_only,-0.026511,0.1,0.2,0.3,0.55,0.65,0.8,0.85,0.0,0.0,0.0,0.06,0.04
6,PB_only,-0.026513,0.2,0.25,0.35,0.7,0.65,0.85,0.95,0.0,0.0,0.0,0.1,0.04
8,PB_only,-0.026521,0.05,0.3,0.45,0.6,0.65,0.75,0.9,0.0,0.0,0.0,0.08,0.03
6,PB_only,-0.026524,0.05,0.2,0.3,0.65,0.65,0.85,0.95,0.0,0.0,0.0,0.06,0.04
6,PB_only,-0.026524,0.1,0.2,0.4,0.65,0.7,0.8,0.9,0.0,0.0,0.0,0.06,0.05
8,PE_FED,-0.026537,0.1,0.2,0.45,0.6,0.65,0.75,0.9,0.0,0.0,0.0,0.12,0.04
6,PB_FED,-0.026539,0.05,0.15,0.4,0.6,0.75,0.8,0.9,-0.5,0.0,0.0,0.08,0.03
8,PB_only,-0.02654,0.1,0.15,0.4,0.55,0.65,0.8,0.9,0.0,0.0,0.0,0.06,0.05
8,PE_only,-0.026541,0.15,0.25,0.35,0.7,0.65,0.8,0.95,0.0,0.0,0.0,0.1,0.05
8,PE_FED,-0.026541,0.05,0.25,0.45,0.65,0.65,0.85,0.95,0.0,0.0,0.0,0.12,0.03
8,PB_FED,-0.026543,0.2,0.3,0.45,0.6,0.75,0.8,0.95,0.0,0.0,0.0,0.08,0.04
6,PB_FED,-0.026546,0.2,0.3,0.4,0.7,0.75,0.8,0.9,-0.5,0.0,0.0,0.12,0.04
8,PB_only,-0.026547,0.1,0.25,0.35,0.6,0.65,0.8,0.95,0.0,0.0,0.0,0.1,0.04
8,PE_FED,-0.02655,0.05,0.15,0.35,0.6,0.75,0.85,0.9,0.0,0.0,0.0,0.06,0.04
8,PB_FED,-0.026553,0.05,0.2,0.4,0.55,0.7,0.8,0.95,-0.5,0.0,0.0,0.1,0.05
8,PE_only,-0.026554,0.15,0.2,0.3,0.65,0.7,0.75,0.95,0.0,0.0,0.0,0.1,0.04
8,PB_only,-0.02656,0.1,0.3,0.35,0.6,0.65,0.75,0.9,0.0,0.0,0.0,0.08,0.05
8,PB_only,-0.026561,0.05,0.15,0.35,0.55,0.7,0.8,0.95,0.0,0.0,0.0,0.1,0.05
8,PB_only,-0.026561,0.05,0.15,0.35,0.55,0.7,0.85,0.9,0.0,0.0,0.0,0.12,0.05
8,PB_FED,-0.026561,0.1,0.15,0.4,0.5,0.75,0.8,0.95,-0.5,0.0,0.0,0.06,0.04
8,PE_FED,-0.026566,0.05,0.25,0.45,0.7,0.65,0.75,0.9,0.0,0.0,0.0,0.12,0.05
8,PE_PB_FED,-0.026566,0.1,0.15,0.3,0.7,0.75,0.8,0.9,0.0,0.65,0.75,0.08,0.04
8,PB_only,-0.026568,0.1,0.15,0.4,0.55,0.75,0.8,0.9,0.0,0.0,0.0,0.08,0.05
6,PB_only,-0.026571,0.2,0.25,0.45,0.7,0.75,0.85,0.95,0.0,0.0,0.0,0.08,0.04
8,PE_only,-0.026572,0.05,0.2,0.4,0.7,0.7,0.75,0.9,0.0,0.0,0.0,0.08,0.05
6,PB_only,-0.026574,0.2,0.3,0.35,0.7,0.65,0.8,0.85,0.0,0.0,0.0,0.12,0.05
6,PB_only,-0.026574,0.05,0.2,0.4,0.65,0.7,0.75,0.95,0.0,0.0,0.0,0.06,0.04
8,PB_only,-0.026574,0.05,0.2,0.4,0.6,0.65,0.85,0.95,0.0,0.0,0.0,0.06,0.05
6,PB_only,-0.026575,0.05,0.15,0.4,0.6,0.65,0.75,0.9,0.0,0.0,0.0,0.08,0.04
8,PE_FED,-0.026575,0.15,0.2,0.3,0.6,0.7,0.75,0.85,0.0,0.0,0.0,0.12,0.04
6,PB_FED,-0.026576,0.15,0.25,0.3,0.7,0.7,0.85,0.95,0.0,0.0,0.0,0.06,0.03
8,PB_only,-0.026576,0.1,0.3,0.4,0.6,0.75,0.8,0.85,0.0,0.0,0.0,0.12,0.04
8,PE_FED,-0.026578,0.15,0.25,0.45,0.7,0.7,0.85,0.9,-0.5,0.0,0.0,0.1,0.03
8,PB_only,-0.026586,0.2,0.3,0.45,0.65,0.65,0.85,0.95,0.0,0.0,0.0,0.12,0.05
6,PB_FED,-0.026587,0.05,0.2,0.3,0.6,0.65,0.75,0.95,-0.5,0.0,0.0,0.08,0.05
8,PB_FED,-0.02659,0.05,0.3,0.45,0.6,0.65,0.85,0.9,-0.5,0.0,0.0,0.12,0.03
8,PB_only,-0.0266,0.1,0.3,0.45,0.6,0.75,0.8,0.85,0.0,0.0,0.0,0.1,0.03
6,PB_only,-0.026608,0.2,0.25,0.45,0.7,0.7,0.85,0.95,0.0,0.0,0.0,0.08,0.05
6,PB_only,-0.026608,0.2,0.25,0.45,0.7,0.7,0.85,0.95,0.0,0.0,0.0,0.12,0.05
8,PB_only,-0.026611,0.1,0.15,0.35,0.55,0.7,0.8,0.95,0.0,0.0,0.0,0.06,0.04
8,PE_only,-0.026613,0.05,0.15,0.35,0.6,0.65,0.75,0.95,0.0,0.0,0.0,0.06,0.03
8,PB_FED,-0.026617,0.15,0.25,0.35,0.55,0.7,0.8,0.95,-0.5,0.0,0.0,0.1,0.05
8,PE_only,-0.026623,0.05,0.25,0.3,0.7,0.75,0.85,0.95,0.0,0.0,0.0,0.08,0.04
8,PB_FED,-0.026626,0.15,0.3,0.45,0.6,0.75,0.8,0.85,-0.5,0.0,0.0,0.1,0.05
8,PB_only,-0.026628,0.1,0.15,0.35,0.5,0.7,0.75,0.9,0.0,0.0,0.0,0.08,0.04
8,PE_only,-0.026629,0.05,0.25,0.3,0.7,0.65,0.85,0.95,0.0,0.0,0.0,0.1,0.03
6,PB_only,-0.026633,0.15,0.25,0.45,0.65,0.65,0.8,0.9,0.0,0.0,0.0,0.12,0.03
6,PB_only,-0.026641,0.1,0.15,0.3,0.6,0.75,0.8,0.9,0.0,0.0,0.0,0.12,0.05
8,PE_FED,-0.026644,0.1,0.25,0.35,0.65,0.7,0.75,0.9,-0.5,0.0,0.0,0.08,0.03
6,PB_FED,-0.02665,0.05,0.25,0.3,0.65,0.75,0.8,0.95,-0.5,0.0,0.0,0.06,0.04
8,PE_only,-0.026653,0.1,0.2,0.3,0.7,0.7,0.75,0.9,0.0,0.0,0.0,0.1,0.05
8,PB_FED,-0.026662,0.2,0.3,0.4,0.55,0.7,0.8,0.85,0.0,0.0,0.0,0.08,0.04
8,PB_only,-0.026663,0.15,0.25,0.4,0.55,0.7,0.75,0.85,0.0,0.0,0.0,0.06,0.04
6,PB_only,-0.026665,0.1,0.3,0.35,0.7,0.75,0.85,0.95,0.0,0.0,0.0,0.12,0.05
6,PB_FED,-0.026665,0.1,0.15,0.4,0.6,0.75,0.8,0.9,0.0,0.0,0.0,0.1,0.03
6,PB_FED,-0.026666,0.15,0.2,0.4,0.65,0.65,0.8,0.95,0.0,0.0,0.0,0.1,0.05
6,PB_FED,-0.026666,0.1,0.2,0.3,0.65,0.65,0.85,0.95,0.0,0.0,0.0,0.08,0.05
8,PE_only,-0.026669,0.1,0.15,0.3,0.65,0.7,0.75,0.9,0.0,0.0,0.0,0.1,0.04
8,PB_only,-0.026672,0.1,0.15,0.35,0.55,0.75,0.8,0.95,0.0,0.0,0.0,0.06,0.05
6,PB_FED,-0.02668,0.1,0.2,0.35,0.6,0.75,0.8,0.85,0.0,0.0,0.0,0.1,0.04
8,PE_only,-0.026681,0.1,0.25,0.4,0.7,0.75,0.85,0.95,0.0,0.0,0.0,0.08,0.03
8,PE_FED,-0.026681,0.1,0.25,0.4,0.7,0.65,0.85,0.9,0.0,0.0,0.0,0.08,0.04
8,PE_FED,-0.026683,0.1,0.25,0.4,0.7,0.65,0.85,0.9,-0.5,0.0,0.0,0.12,0.04
8,PB_only,-0.026686,0.15,0.25,0.35,0.55,0.7,0.8,0.9,0.0,0.0,0.0,0.08,0.03
8,PB_FED,-0.026689,0.15,0.3,0.35,0.55,0.7,0.8,0.85,-0.5,0.0,0.0,0.08,0.03
8,PE_only,-0.026693,0.05,0.15,0.35,0.65,0.75,0.8,0.9,0.0,0.0,0.0,0.08,0.03
8,PE_FED,-0.026694,0.05,0.15,0.35,0.55,0.7,0.85,0.95,0.0,0.0,0.0,0.08,0.04
8,PB_FED,-0.026698,0.2,0.3,0.45,0.55,0.75,0.8,0.85,0.0,0.0,0.0,0.1,0.03
8,PE_only,-0.026701,0.05,0.15,0.45,0.7,0.7,0.75,0.85,0.0,0.0,0.0,0.1,0.05
8,PE_FED,-0.026704,0.1,0.25,0.35,0.7,0.65,0.8,0.85,-0.5,0.0,0.0,0.08,0.03
6,PB_only,-0.026705,0.1,0.25,0.3,0.6,0.65,0.75,0.9,0.0,0.0,0.0,0.08,0.03
8,PB_only,-0.026707,0.05,0.15,0.4,0.5,0.65,0.75,0.85,0.0,0.0,0.0,0.06,0.04
6,PB_FED,-0.026709,0.1,0.2,0.4,0.65,0.65,0.8,0.95,0.0,0.0,0.0,0.08,0.03
8,PE_only,-0.02671,0.15,0.2,0.35,0.65,0.7,0.75,0.95,0.0,0.0,0.0,0.08,0.04
8,PB_only,-0.026711,0.2,0.3,0.35,0.6,0.65,0.8,0.85,0.0,0.0,0.0,0.12,0.04
8,PB_FED,-0.026711,0.1,0.3,0.45,0.55,0.7,0.8,0.85,0.0,0.0,0.0,0.06,0.04
6,PB_FED,-0.026712,0.15,0.25,0.35,0.65,0.7,0.85,0.95,-0.5,0.0,0.0,0.1,0.03
8,PB_FED,-0.02672,0.15,0.2,0.3,0.7,0.7,0.75,0.85,0.5,0.0,0.0,0.1,0.03
8,PE_only,-0.026723,0.1,0.15,0.45,0.65,0.65,0.8,0.95,0.0,0.0,0.0,0.1,0.05
8,PE_only,-0.026723,0.1,0.15,0.45,0.65,0.7,0.8,0.95,0.0,0.0,0.0,0.12,0.05
8,PB_FED,-0.02673,0.2,0.25,0.45,0.55,0.75,0.8,0.85,0.0,0.0,0.0,0.1,0.05
6,PB_FED,-0.026731,0.05,0.2,0.4,0.65,0.7,0.85,0.95,-0.5,0.0,0.0,0.12,0.05
8,PB_FED,-0.026735,0.05,0.15,0.35,0.5,0.75,0.8,0.95,-0.5,0.0,0.0,0.1,0.05
6,PB_only,-0.026738,0.2,0.25,0.35,0.65,0.65,0.75,0.9,0.0,0.0,0.0,0.06,0.05
8,PE_FED,-0.026738,0.05,0.2,0.4,0.65,0.75,0.85,0.9,0.0,0.0,0.0,0.12,0.03
8,PE_only,-0.02674,0.05,0.15,0.45,0.7,0.65,0.8,0.9,0.0,0.0,0.0,0.06,0.05
8,PE_FED,-0.02674,0.15,0.2,0.35,0.55,0.75,0.8,0.95,0.0,0.0,0.0,0.08,0.05
8,PB_only,-0.026741,0.05,0.25,0.4,0.6,0.7,0.8,0.95,0.0,0.0,0.0,0.12,0.05
6,PB_only,-0.026744,0.1,0.25,0.4,0.65,0.65,0.8,0.9,0.0,0.0,0.0,0.1,0.04
6,PB_only,-0.026744,0.1,0.2,0.3,0.6,0.65,0.8,0.85,0.0,0.0,0.0,0.1,0.04
8,PB_only,-0.026744,0.15,0.2,0.35,0.55,0.65,0.8,0.85,0.0,0.0,0.0,0.06,0.05
8,PE_FED,-0.026753,0.15,0.2,0.45,0.65,0.65,0.8,0.85,0.0,0.0,0.0,0.08,0.03
6,PB_only,-0.026755,0.15,0.3,0.35,0.7,0.65,0.75,0.95,0.0,0.0,0.0,0.12,0.04
8,PB_only,-0.026757,0.15,0.25,0.35,0.6,0.65,0.85,0.95,0.0,0.0,0.0,0.08,0.05
6,PB_only,-0.026766,0.05,0.2,0.4,0.65,0.7,0.85,0.95,0.0,0.0,0.0,0.1,0.03
6,PB_FED,-0.026772,0.15,0.25,0.35,0.65,0.65,0.8,0.95,-0.5,0.0,0.0,0.12,0.05
8,PB_FED,-0.026774,0.05,0.15,0.45,0.5,0.7,0.85,0.9,0.0,0.0,0.0,0.08,0.05
8,PB_only,-0.026777,0.05,0.15,0.3,0.5,0.75,0.8,0.95,0.0,0.0,0.0,0.08,0.03
6,PB_only,-0.026778,0.15,0.2,0.35,0.6,0.65,0.8,0.85,0.0,0.0,0.0,0.12,0.03
8,PB_FED,-0.02678,0.15,0.25,0.45,0.55,0.75,0.85,0.95,0.0,0.0,0.0,0.1,0.04
8,PB_only,-0.026783,0.1,0.15,0.35,0.5,0.65,0.8,0.85,0.0,0.0,0.0,0.06,0.03
6,PB_only,-0.026786,0.05,0.15,0.3,0.55,0.7,0.8,0.95,0.0,0.0,0.0,0.12,0.04
6,PB_only,-0.026786,0.2,0.25,0.45,0.7,0.75,0.8,0.95,0.0,0.0,0.0,0.06,0.05
8,PB_only,-0.026786,0.05,0.3,0.35,0.6,0.65,0.75,0.95,0.0,0.0,0.0,0.1,0.03
6,PB_only,-0.026791,0.15,0.25,0.35,0.65,0.7,0.75,0.95,0.0,0.0,0.0,0.1,0.05
6,PB_FED,-0.026792,0.1,0.3,0.4,0.7,0.75,0.85,0.9,-0.5,0.0,0.0,0.06,0.05
8,PE_only,-0.026793,0.1,0.15,0.4,0.7,0.65,0.85,0.9,0.0,0.0,0.0,0.06,0.04
8,PE_FED,-0.026794,0.05,0.2,0.4,0.6,0.75,0.85,0.95,0.0,0.0,0.0,0.06,0.05
6,PB_FED,-0.026796,0.15,0.25,0.4,0.7,0.65,0.75,0.95,0.0,0.0,0.0,0.12,0.03
8,PE_FED,-0.026796,0.05,0.2,0.45,0.65,0.65,0.8,0.9,0.0,0.0,0.0,0.1,0.05
8,PE_PB_FED,-0.026796,0.05,0.15,0.4,0.65,0.7,0.75,0.9,0.0,0.65,0.7,0.06,0.03
6,PB_only,-0.026797,0.05,0.15,0.3,0.55,0.75,0.85,0.9,0.0,0.0,0.0,0.12,0.05
6,PB_only,-0.0268,0.1,0.25,0.45,0.65,0.75,0.8,0.9,0.0,0.0,0.0,0.1,0.03
8,PB_only,-0.026801,0.05,0.25,0.35,0.55,0.7,0.8,0.9,0.0,0.0,0.0,0.12,0.03
8,PE_only,-0.026802,0.1,0.15,0.4,0.7,0.75,0.8,0.85,0.0,0.0,0.0,0.08,0.05
6,PB_FED,-0.026804,0.1,0.15,0.35,0.6,0.65,0.85,0.9,-0.5,0.0,0.0,0.06,0.05
6,PB_only,-0.026814,0.05,0.15,0.45,0.6,0.7,0.75,0.9,0.0,0.0,0.0,0.08,0.03
8,PE_only,-0.026816,0.2,0.25,0.35,0.7,0.65,0.75,0.95,0.0,0.0,0.0,0.08,0.03
6,PB_only,-0.026819,0.05,0.25,0.35,0.65,0.65,0.8,0.9,0.0,0.0,0.0,0.06,0.05
8,PB_FED,-0.026819,0.1,0.25,0.3,0.5,0.7,0.8,0.95,-0.5,0.0,0.0,0.06,0.03
8,PB_only,-0.026821,0.1,0.15,0.35,0.55,0.65,0.85,0.95,0.0,0.0,0.0,0.1,0.03
8,PB_only,-0.026821,0.1,0.15,0.35,0.55,0.65,0.85,0.95,0.0,0.0,0.0,0.06,0.03
6,PB_only,-0.026824,0.1,0.25,0.45,0.65,0.75,0.8,0.85,0.0,0.0,0.0,0.1,0.04
8,PB_only,-0.026827,0.2,0.25,0.4,0.6,0.65,0.8,0.9,0.0,0.0,0.0,0.12,0.05
6,PB_FED,-0.026829,0.2,0.3,0.35,0.7,0.75,0.85,0.9,-0.5,0.0,0.0,0.12,0.05
8,PE_PB_FED,-0.026836,0.1,0.15,0.45,0.6,0.7,0.75,0.95,0.0,0.65,0.8,0.08,0.03
8,PB_FED,-0.026847,0.05,0.15,0.4,0.5,0.65,0.85,0.95,0.0,0.0,0.0,0.12,0.04
8,PE_only,-0.026848,0.05,0.2,0.35,0.65,0.7,0.8,0.95,0.0,0.0,0.0,0.08,0.05
8,PE_FED,-0.026853,0.05,0.25,0.4,0.65,0.65,0.75,0.9,-0.5,0.0,0.0,0.12,0.04
8,PB_FED,-0.026858,0.05,0.25,0.35,0.55,0.7,0.85,0.9,-0.5,0.0,0.0,0.06,0.04
6,PB_FED,-0.02686,0.1,0.25,0.35,0.7,0.7,0.8,0.9,0.0,0.0,0.0,0.12,0.03
6,PB_FED,-0.026861,0.1,0.25,0.3,0.6,0.7,0.75,0.9,-0.5,0.0,0.0,0.12,0.03
6,PB_only,-0.026868,0.2,0.25,0.3,0.6,0.65,0.75,0.85,0.0,0.0,0.0,0.06,0.03
8,PE_FED,-0.026871,0.05,0.15,0.45,0.6,0.65,0.75,0.85,0.0,0.0,0.0,0.06,0.05
8,PE_FED,-0.026871,0.15,0.3,0.45,0.7,0.65,0.75,0.9,0.0,0.0,0.0,0.1,0.04
8,PB_only,-0.026876,0.05,0.2,0.35,0.5,0.7,0.75,0.85,0.0,0.0,0.0,0.12,0.03
8,PE_FED,-0.026877,0.15,0.2,0.4,0.65,0.7,0.85,0.9,-0.5,0.0,0.0,0.1,0.04
8,PE_FED,-0.026878,0.15,0.2,0.45,0.65,0.65,0.8,0.85,0.0,0.0,0.0,0.1,0.04
8,PB_FED,-0.026879,0.1,0.15,0.3,0.6,0.65,0.75,0.9,0.5,0.0,0.0,0.08,0.03
8,PB_only,-0.026881,0.15,0.2,0.45,0.55,0.7,0.75,0.95,0.0,0.0,0.0,0.08,0.03
8,PE_only,-0.026883,0.15,0.2,0.35,0.65,0.75,0.8,0.95,0.0,0.0,0.0,0.1,0.04
8,PB_only,-0.026885,0.1,0.2,0.35,0.55,0.65,0.8,0.85,0.0,0.0,0.0,0.06,0.05
8,PB_only,-0.026885,0.2,0.25,0.3,0.55,0.75,0.8,0.9,0.0,0.0,0.0,0.06,0.03
8,PB_FED,-0.026885,0.1,0.15,0.4,0.5,0.65,0.85,0.95,-0.5,0.0,0.0,0.1,0.03
8,PB_FED,-0.026892,0.1,0.25,0.45,0.55,0.7,0.8,0.9,-0.5,0.0,0.0,0.06,0.05
6,PB_only,-0.026893,0.05,0.2,0.35,0.55,0.65,0.85,0.9,0.0,0.0,0.0,0.06,0.03
8,PE_only,-0.026893,0.05,0.2,0.3,0.7,0.75,0.85,0.9,0.0,0.0,0.0,0.1,0.04
6,PB_FED,-0.026894,0.1,0.2,0.45,0.6,0.65,0.75,0.85,-0.5,0.0,0.0,0.12,0.04
6,PB_FED,-0.026895,0.1,0.2,0.35,0.6,0.75,0.8,0.9,0.0,0.0,0.0,0.08,0.03
8,PB_FED,-0.026895,0.15,0.2,0.3,0.7,0.7,0.75,0.95,0.5,0.0,0.0,0.06,0.03
6,PB_FED,-0.026897,0.15,0.3,0.35,0.7,0.7,0.85,0.95,-0.5,0.0,0.0,0.12,0.05
8,PE_FED,-0.026898,0.1,0.25,0.4,0.65,0.65,0.75,0.9,-0.5,0.0,0.0,0.1,0.04
8,PB_only,-0.026899,0.1,0.25,0.35,0.6,0.65,0.85,0.95,0.0,0.0,0.0,0.06,0.05
8,PB_FED,-0.026899,0.05,0.3,0.4,0.6,0.7,0.85,0.9,-0.5,0.0,0.0,0.06,0.04
8,PB_FED,-0.026899,0.05,0.25,0.45,0.55,0.65,0.75,0.85,-0.5,0.0,0.0,0.08,0.05
8,PB_only,-0.026903,0.2,0.25,0.3,0.55,0.65,0.8,0.85,0.0,0.0,0.0,0.08,0.04
6,PB_FED,-0.026908,0.05,0.2,0.4,0.7,0.65,0.8,0.95,0.0,0.0,0.0,0.06,0.04
6,PB_FED,-0.026914,0.1,0.25,0.35,0.7,0.65,0.8,0.85,0.0,0.0,0.0,0.06,0.04
6,PB_only,-0.026916,0.05,0.15,0.4,0.6,0.65,0.8,0.85,0.0,0.0,0.0,0.1,0.04
8,PB_only,-0.02692,0.15,0.3,0.4,0.6,0.7,0.8,0.9,0.0,0.0,0.0,0.08,0.04
8,PB_FED,-0.026922,0.1,0.25,0.35,0.5,0.75,0.8,0.95,0.0,0.0,0.0,0.1,0.04
8,PB_only,-0.026925,0.05,0.25,0.35,0.6,0.75,0.85,0.95,0.0,0.0,0.0,0.12,0.05
6,PB_only,-0.026926,0.2,0.25,0.45,0.65,0.75,0.85,0.9,0.0,0.0,0.0,0.12,0.04
6,PB_FED,-0.02693,0.05,0.25,0.45,0.7,0.7,0.85,0.95,-0.5,0.0,0.0,0.1,0.05
8,PB_only,-0.02693,0.2,0.25,0.3,0.55,0.7,0.8,0.85,0.0,0.0,0.0,0.06,0.04
8,PB_only,-0.026935,0.1,0.3,0.35,0.6,0.65,0.75,0.95,0.0,0.0,0.0,0.1,0.05
8,PE_only,-0.026936,0.05,0.15,0.4,0.6,0.65,0.8,0.95,0.0,0.0,0.0,0.08,0.03
8,PE_FED,-0.026936,0.05,0.2,0.45,0.65,0.7,0.75,0.85,0.0,0.0,0.0,0.12,0.05
8,PB_only,-0.02694,0.1,0.15,0.4,0.55,0.75,0.85,0.95,0.0,0.0,0.0,0.08,0.03
6,PB_only,-0.026941,0.05,0.15,0.45,0.6,0.65,0.8,0.85,0.0,0.0,0.0,0.06,0.03
6,PB_FED,-0.026945,0.1,0.15,0.35,0.6,0.75,0.8,0.9,0.0,0.0,0.0,0.08,0.05
6,PB_only,-0.026946,0.05,0.25,0.4,0.65,0.7,0.8,0.85,0.0,0.0,0.0,0.1,0.05
8,PB_FED,-0.026946,0.2,0.25,0.35,0.5,0.7,0.8,0.9,0.0,0.0,0.0,0.1,0.04
6,PB_FED,-0.026947,0.2,0.3,0.35,0.7,0.65,0.75,0.85,0.0,0.0,0.0,0.06,0.03
6,PB_only,-0.026948,0.1,0.15,0.35,0.6,0.75,0.8,0.9,0.0,0.0,0.0,0.06,0.04
8,PE_only,-0.026949,0.1,0.15,0.3,0.65,0.75,0.8,0.9,0.0,0.0,0.0,0.12,0.03
8,PB_only,-0.026949,0.15,0.2,0.35,0.55,0.65,0.75,0.95,0.0,0.0,0.0,0.1,0.04
6,PB_only,-0.02695,0.05,0.15,0.3,0.6,0.75,0.8,0.95,0.0,0.0,0.0,0.1,0.04
8,PB_only,-0.026954,0.05,0.15,0.45,0.55,0.7,0.8,0.95,0.0,0.0,0.0,0.12,0.03
8,PB_FED,-0.026955,0.1,0.25,0.4,0.5,0.65,0.8,0.95,0.0,0.0,0.0,0.08,0.03
6,PB_FED,-0.026957,0.2,0.25,0.45,0.7,0.65,0.75,0.9,0.0,0.0,0.0,0.1,0.03
8,PB_only,-0.026961,0.05,0.15,0.4,0.55,0.75,0.8,0.95,0.0,0.0,0.0,0.08,0.04
8,PB_only,-0.026962,0.15,0.2,0.4,0.55,0.7,0.8,0.9,0.0,0.0,0.0,0.1,0.04
6,PB_only,-0.026969,0.1,0.15,0.35,0.6,0.7,0.75,0.95,0.0,0.0,0.0,0.06,0.05
6,PB_only,-0.026969,0.05,0.3,0.45,0.7,0.65,0.8,0.9,0.0,0.0,0.0,0.06,0.04
8,PE_FED,-0.02697,0.15,0.25,0.35,0.6,0.7,0.8,0.95,-0.5,0.0,0.0,0.06,0.03
6,PB_only,-0.026971,0.15,0.2,0.4,0.6,0.65,0.75,0.9,0.0,0.0,0.0,0.1,0.03
8,PB_FED,-0.026974,0.15,0.3,0.35,0.55,0.75,0.85,0.9,0.0,0.0,0.0,0.06,0.05
6,PB_only,-0.026976,0.1,0.3,0.35,0.65,0.7,0.85,0.9,0.0,0.0,0.0,0.1,0.04
8,PE_FED,-0.026976,0.05,0.25,0.35,0.65,0.65,0.8,0.9,-0.5,0.0,0.0,0.06,0.03
8,PE_FED,-0.02698,0.05,0.2,0.35,0.65,0.65,0.8,0.85,-0.5,0.0,0.0,0.08,0.04
8,PB_only,-0.026981,0.05,0.2,0.35,0.5,0.65,0.75,0.9,0.0,0.0,0.0,0.08,0.03
8,PB_FED,-0.026987,0.15,0.25,0.4,0.5,0.7,0.75,0.85,-0.5,0.0,0.0,0.06,0.04
6,PB_only,-0.026988,0.15,0.25,0.3,0.65,0.7,0.8,0.95,0.0,0.0,0.0,0.08,0.04
6,PB_only,-0.02699,0.1,0.25,0.35,0.65,0.75,0.85,0.95,0.0,0.0,0.0,0.1,0.03
8,PE_only,-0.026992,0.05,0.3,0.4,0.7,0.7,0.75,0.95,0.0,0.0,0.0,0.08,0.03
8,PE_only,-0.026995,0.1,0.2,0.45,0.7,0.75,0.8,0.9,0.0,0.0,0.0,0.06,0.03
6,PB_FED,-0.026996,0.05,0.2,0.3,0.65,0.7,0.85,0.95,0.0,0.0,0.0,0.08,0.05
8,PB_only,-0.026997,0.1,0.3,0.4,0.6,0.65,0.75,0.95,0.0,0.0,0.0,0.12,0.03
8,PB_FED,-0.027,0.2,0.3,0.4,0.55,0.7,0.85,0.9,0.0,0.0,0.0,0.1,0.03
8,PB_only,-0.027001,0.15,0.2,0.35,0.5,0.7,0.75,0.9,0.0,0.0,0.0,0.1,0.03
6,PB_only,-0.027003,0.1,0.15,0.4,0.6,0.7,0.8,0.85,0.0,0.0,0.0,0.1,0.04
6,PB_only,-0.027005,0.1,0.2,0.35,0.65,0.65,0.8,0.95,0.0,0.0,0.0,0.1,0.05
8,PB_only,-0.027006,0.05,0.2,0.35,0.55,0.65,0.75,0.95,0.0,0.0,0.0,0.08,0.04
8,PB_only,-0.027009,0.1,0.2,0.35,0.5,0.7,0.75,0.85,0.0,0.0,0.0,0.12,0.03
6,PB_only,-0.027011,0.1,0.3,0.45,0.65,0.65,0.75,0.85,0.0,0.0,0.0,0.12,0.03
8,PB_only,-0.027019,0.2,0.25,0.35,0.6,0.7,0.85,0.9,0.0,0.0,0.0,0.08,0.05
6,PB_only,-0.027023,0.15,0.25,0.3,0.65,0.7,0.8,0.95,0.0,0.0,0.0,0.12,0.05
8,PE_FED,-0.027024,0.05,0.15,0.3,0.55,0.7,0.75,0.85,0.0,0.0,0.0,0.12,0.04
8,PB_only,-0.027031,0.15,0.2,0.4,0.55,0.65,0.75,0.95,0.0,0.0,0.0,0.1,0.05
6,PB_only,-0.027041,0.05,0.15,0.4,0.55,0.75,0.85,0.9,0.0,0.0,0.0,0.1,0.03
6,PB_only,-0.027041,0.05,0.15,0.4,0.55,0.7,0.85,0.9,0.0,0.0,0.0,0.06,0.03
6,PB_only,-0.027041,0.05,0.15,0.4,0.55,0.75,0.85,0.9,0.0,0.0,0.0,0.08,0.03
6,PB_only,-0.027042,0.05,0.2,0.4,0.65,0.65,0.85,0.95,0.0,0.0,0.0,0.12,0.03
6,PB_only,-0.027043,0.05,0.25,0.3,0.65,0.7,0.85,0.95,0.0,0.0,0.0,0.1,0.05
8,PB_FED,-0.027043,0.1,0.15,0.3,0.6,0.65,0.75,0.85,0.5,0.0,0.0,0.06,0.03
8,PE_only,-0.027044,0.1,0.2,0.4,0.65,0.7,0.75,0.95,0.0,0.0,0.0,0.08,0.04
8,PE_only,-0.027045,0.1,0.25,0.35,0.7,0.65,0.85,0.95,0.0,0.0,0.0,0.1,0.03
8,PE_only,-0.027047,0.05,0.15,0.45,0.65,0.65,0.75,0.9,0.0,0.0,0.0,0.12,0.03
8,PE_FED,-0.027049,0.05,0.3,0.35,0.65,0.7,0.8,0.95,0.0,0.0,0.0,0.08,0.05
8,PB_only,-0.027049,0.2,0.3,0.35,0.6,0.75,0.85,0.9,0.0,0.0,0.0,0.12,0.03
8,PB_only,-0.027049,0.15,0.3,0.45,0.6,0.65,0.85,0.9,0.0,0.0,0.0,0.06,0.03
6,PB_FED,-0.027062,0.15,0.25,0.4,0.65,0.75,0.85,0.95,-0.5,0.0,0.0,0.08,0.03
8,PB_only,-0.027062,0.15,0.2,0.3,0.5,0.75,0.8,0.9,0.0,0.0,0.0,0.1,0.03
6,PB_only,-0.027064,0.1,0.2,0.45,0.65,0.7,0.75,0.95,0.0,0.0,0.0,0.1,0.04
6,PB_only,-0.027068,0.15,0.3,0.4,0.7,0.65,0.75,0.95,0.0,0.0,0.0,0.12,0.04
6,PB_only,-0.027071,0.1,0.3,0.45,0.65,0.75,0.85,0.9,0.0,0.0,0.0,0.1,0.03
8,PE_FED,-0.027073,0.05,0.15,0.3,0.55,0.65,0.8,0.95,-0.5,0.0,0.0,0.12,0.05
6,PB_only,-0.027074,0.1,0.2,0.3,0.55,0.7,0.8,0.9,0.0,0.0,0.0,0.12,0.04
6,PB_only,-0.027075,0.2,0.25,0.4,0.65,0.7,0.75,0.85,0.0,0.0,0.0,0.06,0.05
6,PB_only,-0.027075,0.2,0.25,0.4,0.65,0.7,0.75,0.85,0.0,0.0,0.0,0.1,0.05
6,PB_only,-0.027078,0.05,0.2,0.35,0.6,0.75,0.8,0.85,0.0,0.0,0.0,0.08,0.03
6,PB_FED,-0.027085,0.05,0.15,0.45,0.6,0.65,0.8,0.85,0.0,0.0,0.0,0.12,0.03
8,PB_only,-0.027086,0.1,0.2,0.45,0.6,0.7,0.85,0.95,0.0,0.0,0.0,0.1,0.05
8,PB_FED,-0.02709,0.15,0.3,0.4,0.55,0.65,0.8,0.9,-0.5,0.0,0.0,0.12,0.03
8,PB_FED,-0.027091,0.15,0.2,0.3,0.5,0.65,0.8,0.95,-0.5,0.0,0.0,0.06,0.04
6,PB_only,-0.027092,0.05,0.3,0.45,0.7,0.7,0.75,0.95,0.0,0.0,0.0,0.12,0.04
6,PB_only,-0.027093,0.05,0.15,0.45,0.65,0.7,0.8,0.95,0.0,0.0,0.0,0.06,0.04
8,PE_PB_FED,-0.027095,0.15,0.25,0.35,0.7,0.7,0.75,0.95,0.0,0.65,0.7,0.08,0.03
8,PE_only,-0.027104,0.1,0.25,0.35,0.7,0.75,0.85,0.95,0.0,0.0,0.0,0.06,0.05
8,PB_FED,-0.027104,0.05,0.25,0.45,0.55,0.7,0.75,0.95,-0.5,0.0,0.0,0.12,0.05
6,PB_only,-0.027106,0.15,0.2,0.3,0.6,0.7,0.8,0.9,0.0,0.0,0.0,0.12,0.04
6,PB_only,-0.027109,0.1,0.15,0.45,0.65,0.75,0.8,0.95,0.0,0.0,0.0,0.08,0.05
6,PB_only,-0.02711,0.05,0.25,0.35,0.65,0.7,0.8,0.95,0.0,0.0,0.0,0.06,0.03
6,PB_only,-0.027114,0.05,0.15,0.45,0.65,0.75,0.85,0.95,0.0,0.0,0.0,0.12,0.05
6,PB_only,-0.027114,0.1,0.15,0.4,0.6,0.65,0.75,0.95,0.0,0.0,0.0,0.06,0.03
8,PB_FED,-0.027115,0.1,0.3,0.4,0.55,0.7,0.75,0.9,-0.5,0.0,0.0,0.08,0.05
8,PB_only,-0.027121,0.1,0.2,0.4,0.55,0.75,0.8,0.9,0.0,0.0,0.0,0.08,0.04
8,PE_only,-0.027122,0.1,0.25,0.4,0.7,0.75,0.85,0.95,0.0,0.0,0.0,0.08,0.04
8,PE_only,-0.027128,0.1,0.15,0.35,0.65,0.65,0.8,0.9,0.0,0.0,0.0,0.08,0.03
8,PE_only,-0.027128,0.1,0.15,0.35,0.65,0.7,0.8,0.9,0.0,0.0,0.0,0.08,0.03
6,PB_FED,-0.027132,0.05,0.25,0.35,0.65,0.7,0.85,0.9,-0.5,0.0,0.0,0.12,0.04
8,PE_FED,-0.027137,0.15,0.3,0.45,0.7,0.65,0.8,0.9,-0.5,0.0,0.0,0.12,0.03
6,PB_only,-0.027138,0.15,0.25,0.3,0.6,0.75,0.8,0.85,0.0,0.0,0.0,0.06,0.03
8,PE_only,-0.02714,0.15,0.2,0.3,0.65,0.75,0.85,0.95,0.0,0.0,0.0,0.12,0.03
8,PB_only,-0.027142,0.05,0.15,0.35,0.55,0.7,0.85,0.95,0.0,0.0,0.0,0.1,0.04
8,PB_only,-0.027146,0.1,0.25,0.35,0.55,0.7,0.75,0.85,0.0,0.0,0.0,0.12,0.05
8,PB_FED,-0.027146,0.05,0.2,0.4,0.55,0.7,0.85,0.95,-0.5,0.0,0.0,0.12,0.04
6,PB_only,-0.027147,0.15,0.3,0.4,0.65,0.75,0.85,0.9,0.0,0.0,0.0,0.06,0.04
6,PB_only,-0.027149,0.05,0.15,0.45,0.6,0.7,0.75,0.85,0.0,0.0,0.0,0.1,0.04
6,PB_FED,-0.027149,0.15,0.3,0.4,0.7,0.75,0.85,0.95,-0.5,0.0,0.0,0.12,0.04
8,PB_only,-0.027153,0.15,0.25,0.45,0.55,0.75,0.8,0.85,0.0,0.0,0.0,0.12,0.03
6,PB_FED,-0.027156,0.05,0.2,0.4,0.6,0.7,0.75,0.9,-0.5,0.0,0.0,0.1,0.04
8,PB_only,-0.027158,0.15,0.2,0.45,0.55,0.65,0.85,0.9,0.0,0.0,0.0,0.1,0.03
6,PB_only,-0.027165,0.05,0.25,0.3,0.55,0.7,0.8,0.85,0.0,0.0,0.0,0.08,0.03
6,PB_only,-0.027173,0.15,0.3,0.35,0.65,0.75,0.85,0.9,0.0,0.0,0.0,0.08,0.05
6,PB_only,-0.027174,0.1,0.15,0.45,0.6,0.65,0.75,0.85,0.0,0.0,0.0,0.08,0.04
6,PB_FED,-0.027175,0.05,0.2,0.45,0.65,0.75,0.85,0.95,-0.5,0.0,0.0,0.1,0.04
6,PB_FED,-0.027175,0.15,0.2,0.4,0.6,0.75,0.85,0.9,-0.5,0.0,0.0,0.1,0.03
8,PE_only,-0.027175,0.1,0.2,0.45,0.7,0.75,0.8,0.9,0.0,0.0,0.0,0.12,0.04
8,PE_only,-0.027176,0.1,0.15,0.3,0.65,0.65,0.8,0.9,0.0,0.0,0.0,0.08,0.04
8,PB_FED,-0.027176,0.15,0.25,0.45,0.5,0.7,0.75,0.9,-0.5,0.0,0.0,0.12,0.03
8,PB_only,-0.027178,0.05,0.15,0.4,0.5,0.65,0.8,0.9,0.0,0.0,0.0,0.08,0.03
6,PB_FED,-0.027181,0.1,0.25,0.4,0.65,0.75,0.85,0.95,-0.5,0.0,0.0,0.06,0.03
8,PB_only,-0.027188,0.05,0.2,0.35,0.55,0.75,0.8,0.9,0.0,0.0,0.0,0.06,0.05
6,PB_only,-0.027191,0.05,0.2,0.35,0.55,0.75,0.8,0.85,0.0,0.0,0.0,0.08,0.04
6,PB_FED,-0.027191,0.05,0.25,0.3,0.65,0.75,0.8,0.85,0.0,0.0,0.0,0.06,0.03
8,PE_PB_FED,-0.027196,0.1,0.15,0.4,0.65,0.75,0.8,0.95,-0.5,0.65,0.7,0.06,0.03
6,PB_FED,-0.027198,0.2,0.25,0.35,0.7,0.7,0.8,0.95,0.0,0.0,0.0,0.08,0.03
8,PE_PB_FED,-0.027199,0.1,0.2,0.35,0.7,0.65,0.8,0.95,0.0,0.65,0.8,0.08,0.05
8,PB_FED,-0.027204,0.1,0.15,0.45,0.5,0.75,0.8,0.85,-0.5,0.0,0.0,0.08,0.05
6,PB_only,-0.027205,0.05,0.3,0.35,0.65,0.75,0.8,0.85,0.0,0.0,0.0,0.12,0.03
8,PB_only,-0.027209,0.05,0.15,0.45,0.55,0.65,0.85,0.9,0.0,0.0,0.0,0.1,0.04
6,PB_only,-0.027211,0.05,0.2,0.4,0.6,0.65,0.8,0.85,0.0,0.0,0.0,0.06,0.03
8,PE_FED,-0.027212,0.15,0.25,0.35,0.65,0.65,0.75,0.9,-0.5,0.0,0.0,0.06,0.05
8,PB_only,-0.027212,0.05,0.3,0.45,0.6,0.7,0.8,0.9,0.0,0.0,0.0,0.12,0.03
8,PE_only,-0.027213,0.05,0.2,0.35,0.65,0.7,0.85,0.95,0.0,0.0,0.0,0.08,0.03
8,PB_only,-0.027213,0.1,0.25,0.4,0.55,0.65,0.8,0.9,0.0,0.0,0.0,0.12,0.03
8,PB_FED,-0.027215,0.2,0.25,0.45,0.5,0.65,0.8,0.9,0.0,0.0,0.0,0.1,0.03
8,PB_only,-0.027217,0.1,0.25,0.4,0.6,0.7,0.85,0.95,0.0,0.0,0.0,0.12,0.04
6,PB_only,-0.027221,0.15,0.2,0.35,0.55,0.75,0.8,0.85,0.0,0.0,0.0,0.08,0.04
8,PE_only,-0.027221,0.1,0.2,0.4,0.65,0.65,0.8,0.95,0.0,0.0,0.0,0.08,0.04
8,PE_FED,-0.027225,0.2,0.25,0.45,0.65,0.65,0.75,0.9,0.0,0.0,0.0,0.08,0.04
8,PE_FED,-0.027228,0.05,0.3,0.35,0.7,0.7,0.75,0.9,0.0,0.0,0.0,0.08,0.05
8,PE_FED,-0.027234,0.1,0.2,0.35,0.6,0.65,0.75,0.9,-0.5,0.0,0.0,0.06,0.03
8,PB_only,-0.027236,0.2,0.25,0.3,0.55,0.75,0.85,0.9,0.0,0.0,0.0,0.12,0.03
8,PB_only,-0.027237,0.05,0.15,0.45,0.55,0.7,0.85,0.9,0.0,0.0,0.0,0.08,0.04
6,PB_only,-0.027239,0.05,0.3,0.4,0.65,0.7,0.75,0.85,0.0,0.0,0.0,0.06,0.03
8,PE_only,-0.027239,0.05,0.2,0.35,0.7,0.75,0.8,0.85,0.0,0.0,0.0,0.12,0.03
6,PB_only,-0.027241,0.1,0.25,0.4,0.65,0.65,0.75,0.95,0.0,0.0,0.0,0.12,0.05
6,PB_only,-0.027243,0.05,0.2,0.3,0.55,0.75,0.8,0.95,0.0,0.0,0.0,0.1,0.03
6,PB_only,-0.027248,0.2,0.3,0.35,0.65,0.65,0.8,0.85,0.0,0.0,0.0,0.1,0.03
8,PE_FED,-0.027248,0.15,0.25,0.3,0.65,0.75,0.85,0.9,0.0,0.0,0.0,0.06,0.03
6,PB_only,-0.027253,0.05,0.25,0.3,0.55,0.75,0.8,0.9,0.0,0.0,0.0,0.12,0.03
8,PB_FED,-0.027254,0.05,0.25,0.4,0.5,0.75,0.8,0.95,0.0,0.0,0.0,0.1,0.03
8,PE_FED,-0.027255,0.1,0.25,0.35,0.65,0.7,0.8,0.9,-0.5,0.0,0.0,0.12,0.04
6,PB_only,-0.027264,0.15,0.2,0.35,0.6,0.7,0.8,0.9,0.0,0.0,0.0,0.1,0.03
6,PB_only,-0.027267,0.2,0.25,0.45,0.65,0.65,0.85,0.9,0.0,0.0,0.0,0.1,0.05
6,PB_only,-0.027267,0.05,0.3,0.45,0.65,0.7,0.85,0.9,0.0,0.0,0.0,0.12,0.03
6,PB_only,-0.027268,0.1,0.25,0.45,0.65,0.7,0.8,0.9,0.0,0.0,0.0,0.1,0.04
6,PB_only,-0.027269,0.1,0.2,0.4,0.6,0.65,0.8,0.85,0.0,0.0,0.0,0.12,0.03
8,PB_FED,-0.027273,0.1,0.15,0.45,0.5,0.75,0.8,0.95,-0.5,0.0,0.0,0.06,0.04
6,PB_FED,-0.027274,0.1,0.15,0.45,0.55,0.65,0.75,0.85,0.0,0.0,0.0,0.06,0.03
8,PB_only,-0.027274,0.1,0.25,0.3,0.55,0.65,0.8,0.9,0.0,0.0,0.0,0.12,0.05
6,PB_only,-0.027276,0.05,0.25,0.4,0.65,0.7,0.75,0.95,0.0,0.0,0.0,0.08,0.04
6,PB_only,-0.027278,0.15,0.25,0.45,0.65,0.65,0.8,0.85,0.0,0.0,0.0,0.08,0.05
8,PB_only,-0.027279,0.1,0.25,0.4,0.6,0.7,0.85,0.95,0.0,0.0,0.0,0.08,0.05
6,PB_only,-0.027284,0.1,0.2,0.35,0.55,0.75,0.8,0.9,0.0,0.0,0.0,0.12,0.03
6,PB_only,-0.027284,0.05,0.15,0.35,0.6,0.75,0.8,0.9,0.0,0.0,0.0,0.1,0.05
6,PB_FED,-0.027285,0.15,0.25,0.4,0.65,0.65,0.75,0.9,0.0,0.0,0.0,0.06,0.04
8,PE_only,-0.027287,0.1,0.2,0.4,0.7,0.75,0.8,0.9,0.0,0.0,0.0,0.06,0.05
8,PE_only,-0.027287,0.1,0.2,0.4,0.7,0.75,0.8,0.9,0.0,0.0,0.0,0.08,0.05
6,PB_FED,-0.027288,0.15,0.2,0.45,0.6,0.65,0.75,0.9,0.0,0.0,0.0,0.06,0.05
8,PE_FED,-0.02729,0.2,0.25,0.35,0.65,0.65,0.75,0.9,0.0,0.0,0.0,0.08,0.05
8,PE_PB_FED,-0.027294,0.05,0.15,0.35,0.65,0.7,0.8,0.9,0.0,0.65,0.75,0.08,0.03
8,PB_only,-0.027296,0.1,0.2,0.3,0.5,0.7,0.8,0.85,0.0,0.0,0.0,0.1,0.04
8,PB_only,-0.027299,0.1,0.2,0.4,0.55,0.7,0.8,0.85,0.0,0.0,0.0,0.12,0.05
6,PB_only,-0.027307,0.05,0.25,0.4,0.65,0.7,0.75,0.95,0.0,0.0,0.0,0.08,0.05
8,PB_only,-0.027308,0.1,0.25,0.4,0.55,0.7,0.8,0.85,0.0,0.0,0.0,0.06,0.04
8,PB_only,-0.027309,0.2,0.25,0.4,0.6,0.7,0.8,0.95,0.0,0.0,0.0,0.06,0.04
8,PB_only,-0.027315,0.2,0.25,0.45,0.6,0.7,0.8,0.9,0.0,0.0,0.0,0.06,0.05
8,PB_only,-0.027321,0.15,0.2,0.4,0.55,0.65,0.75,0.95,0.0,0.0,0.0,0.12,0.04
8,PE_only,-0.027322,0.15,0.25,0.3,0.7,0.7,0.8,0.9,0.0,0.0,0.0,0.12,0.04
8,PE_only,-0.027322,0.15,0.2,0.35,0.7,0.65,0.75,0.85,0.0,0.0,0.0,0.06,0.04
8,PB_only,-0.02733,0.1,0.3,0.35,0.6,0.7,0.8,0.9,0.0,0.0,0.0,0.1,0.05
6,PB_only,-0.027332,0.1,0.15,0.4,0.55,0.7,0.8,0.9,0.0,0.0,0.0,0.12,0.04
8,PE_only,-0.027336,0.05,0.2,0.4,0.65,0.7,0.85,0.95,0.0,0.0,0.0,0.08,0.03
8,PE_PB_FED,-0.027337,0.05,0.15,0.4,0.7,0.65,0.75,0.9,-0.5,0.65,0.75,0.06,0.03
6,PB_FED,-0.027338,0.1,0.25,0.3,0.6,0.7,0.8,0.85,-0.5,0.0,0.0,0.06,0.04
8,PE_only,-0.02734,0.05,0.2,0.45,0.65,0.7,0.75,0.95,0.0,0.0,0.0,0.06,0.05
8,PE_only,-0.02734,0.05,0.2,0.45,0.65,0.65,0.75,0.95,0.0,0.0,0.0,0.12,0.05
6,PB_only,-0.027342,0.2,0.3,0.35,0.7,0.65,0.75,0.95,0.0,0.0,0.0,0.1,0.04
8,PB_only,-0.027342,0.15,0.3,0.45,0.6,0.65,0.8,0.9,0.0,0.0,0.0,0.1,0.04
8,PB_FED,-0.027343,0.1,0.15,0.45,0.7,0.7,0.75,0.9,0.5,0.0,0.0,0.08,0.03
6,PB_FED,-0.027348,0.1,0.2,0.4,0.65,0.65,0.85,0.95,0.0,0.0,0.0,0.12,0.03
6,PB_only,-0.027351,0.05,0.2,0.3,0.6,0.65,0.75,0.95,0.0,0.0,0.0,0.06,0.04
8,PE_only,-0.027352,0.1,0.15,0.35,0.65,0.75,0.8,0.9,0.0,0.0,0.0,0.06,0.04
6,PB_only,-0.027353,0.15,0.3,0.35,0.7,0.65,0.8,0.95,0.0,0.0,0.0,0.1,0.04
8,PB_only,-0.027353,0.1,0.3,0.45,0.6,0.75,0.85,0.9,0.0,0.0,0.0,0.06,0.03
8,PB_only,-0.027353,0.1,0.3,0.45,0.6,0.7,0.85,0.9,0.0,0.0,0.0,0.12,0.03
6,PB_FED,-0.027354,0.05,0.2,0.3,0.55,0.75,0.8,0.85,0.0,0.0,0.0,0.08,0.03
6,PB_FED,-0.027359,0.1,0.15,0.4,0.6,0.65,0.8,0.9,0.0,0.0,0.0,0.08,0.05
6,PB_FED,-0.027359,0.1,0.15,0.4,0.6,0.65,0.8,0.9,0.0,0.0,0.0,0.1,0.05
8,PE_only,-0.02736,0.15,0.3,0.4,0.7,0.75,0.8,0.95,0.0,0.0,0.0,0.12,0.04
8,PB_only,-0.02736,0.2,0.25,0.4,0.6,0.75,0.8,0.95,0.0,0.0,0.0,0.12,0.05
6,PB_FED,-0.027362,0.05,0.2,0.35,0.6,0.65,0.8,0.9,-0.5,0.0,0.0,0.06,0.04
6,PB_only,-0.027363,0.05,0.2,0.45,0.65,0.7,0.8,0.95,0.0,0.0,0.0,0.12,0.03
6,PB_only,-0.027364,0.2,0.3,0.45,0.65,0.65,0.75,0.85,0.0,0.0,0.0,0.1,0.03
6,PB_only,-0.027364,0.1,0.25,0.4,0.65,0.75,0.85,0.95,0.0,0.0,0.0,0.08,0.03
6,PB_only,-0.027364,0.1,0.25,0.4,0.65,0.7,0.85,0.95,0.0,0.0,0.0,0.08,0.03
6,PB_only,-0.027365,0.05,0.15,0.45,0.55,0.7,0.8,0.85,0.0,0.0,0.0,0.12,0.03
8,PE_only,-0.02737,0.1,0.2,0.3,0.65,0.75,0.85,0.95,0.0,0.0,0.0,0.12,0.03
8,PE_only,-0.02738,0.1,0.25,0.3,0.7,0.7,0.8,0.9,0.0,0.0,0.0,0.08,0.03
8,PE_FED,-0.02738,0.15,0.2,0.35,0.6,0.75,0.8,0.85,0.0,0.0,0.0,0.08,0.03
8,PE_only,-0.027382,0.15,0.2,0.4,0.7,0.7,0.75,0.85,0.0,0.0,0.0,0.1,0.05
6,PB_only,-0.027384,0.1,0.2,0.45,0.65,0.65,0.75,0.95,0.0,0.0,0.0,0.12,0.04
6,PB_FED,-0.027385,0.15,0.2,0.3,0.55,0.7,0.8,0.85,-0.5,0.0,0.0,0.12,0.04
8,PE_only,-0.027387,0.05,0.3,0.35,0.7,0.7,0.75,0.95,0.0,0.0,0.0,0.06,0.04
6,PB_only,-0.027389,0.1,0.3,0.4,0.65,0.7,0.75,0.85,0.0,0.0,0.0,0.1,0.04
6,PB_only,-0.02739,0.05,0.15,0.45,0.55,0.65,0.8,0.85,0.0,0.0,0.0,0.08,0.04
8,PE_FED,-0.027397,0.2,0.3,0.35,0.65,0.75,0.8,0.95,0.0,0.0,0.0,0.08,0.04
6,PB_FED,-0.027405,0.2,0.25,0.4,0.65,0.65,0.8,0.95,-0.5,0.0,0.0,0.06,0.03
8,PB_only,-0.027408,0.05,0.25,0.3,0.5,0.7,0.75,0.85,0.0,0.0,0.0,0.06,0.04
8,PE_PB_FED,-0.027411,0.05,0.2,0.35,0.7,0.7,0.75,0.95,0.0,0.6,0.8,0.12,0.03
8,PE_FED,-0.027412,0.05,0.25,0.45,0.7,0.65,0.85,0.9,0.0,0.0,0.0,0.12,0.04
8,PE_only,-0.027413,0.2,0.25,0.45,0.7,0.75,0.8,0.95,0.0,0.0,0.0,0.12,0.04
8,PB_only,-0.027416,0.05,0.3,0.4,0.6,0.7,0.75,0.95,0.0,0.0,0.0,0.08,0.04
8,PE_FED,-0.02742,0.1,0.3,0.45,0.7,0.75,0.8,0.9,0.0,0.0,0.0,0.08,0.04
8,PE_only,-0.027422,0.2,0.25,0.35,0.7,0.65,0.8,0.95,0.0,0.0,0.0,0.12,0.05
8,PB_FED,-0.027422,0.15,0.3,0.45,0.6,0.75,0.85,0.95,-0.5,0.0,0.0,0.12,0.04
8,PE_only,-0.027425,0.1,0.15,0.45,0.7,0.65,0.8,0.85,0.0,0.0,0.0,0.12,0.04
6,PB_only,-0.027427,0.15,0.25,0.4,0.65,0.65,0.75,0.95,0.0,0.0,0.0,0.1,0.04
6,PB_FED,-0.027428,0.15,0.3,0.4,0.65,0.7,0.8,0.9,-0.5,0.0,0.0,0.06,0.03
8,PE_only,-0.027435,0.15,0.25,0.4,0.7,0.65,0.85,0.95,0.0,0.0,0.0,0.06,0.05
6,PB_only,-0.027439,0.1,0.3,0.4,0.65,0.75,0.8,0.85,0.0,0.0,0.0,0.1,0.03
6,PB_only,-0.027439,0.15,0.25,0.3,0.6,0.7,0.8,0.85,0.0,0.0,0.0,0.1,0.03
6,PB_only,-0.02744,0.2,0.25,0.3,0.6,0.7,0.75,0.9,0.0,0.0,0.0,0.08,0.03
6,PB_FED,-0.02744,0.1,0.3,0.45,0.65,0.7,0.75,0.85,-0.5,0.0,0.0,0.06,0.03
8,PB_FED,-0.027441,0.15,0.3,0.4,0.55,0.65,0.8,0.95,0.0,0.0,0.0,0.1,0.04
8,PE_only,-0.027445,0.1,0.3,0.35,0.7,0.65,0.8,0.95,0.0,0.0,0.0,0.1,0.03
8,PE_FED,-0.027446,0.1,0.3,0.35,0.7,0.7,0.8,0.9,0.0,0.0,0.0,0.1,0.05
6,PB_only,-0.027447,0.05,0.25,0.3,0.6,0.75,0.8,0.85,0.0,0.0,0.0,0.1,0.04
8,PB_FED,-0.027447,0.1,0.25,0.4,0.5,0.7,0.8,0.85,-0.5,0.0,0.0,0.08,0.04
6,PB_only,-0.027448,0.05,0.15,0.3,0.55,0.75,0.85,0.95,0.0,0.0,0.0,0.08,0.05
8,PE_only,-0.02745,0.05,0.15,0.45,0.65,0.65,0.8,0.9,0.0,0.0,0.0,0.06,0.03
6,PB_only,-0.027453,0.2,0.3,0.45,0.65,0.75,0.85,0.9,0.0,0.0,0.0,0.06,0.03
8,PE_PB_FED,-0.027455,0.1,0.15,0.3,0.7,0.75,0.8,0.9,0.0,0.6,0.7,0.12,0.03
6,PB_only,-0.027464,0.05,0.3,0.35,0.65,0.65,0.8,0.9,0.0,0.0,0.0,0.12,0.03
8,PB_only,-0.027464,0.05,0.15,0.4,0.5,0.65,0.75,0.9,0.0,0.0,0.0,0.08,0.05
8,PE_PB_FED,-0.027465,0.1,0.2,0.35,0.7,0.65,0.85,0.95,0.0,0.65,0.7,0.06,0.03
8,PB_only,-0.027466,0.05,0.3,0.4,0.6,0.7,0.75,0.95,0.0,0.0,0.0,0.08,0.05
6,PB_only,-0.02747,0.1,0.2,0.35,0.6,0.7,0.8,0.85,0.0,0.0,0.0,0.06,0.04
8,PB_FED,-0.027471,0.05,0.25,0.4,0.5,0.65,0.8,0.85,0.0,0.0,0.0,0.06,0.05
8,PE_only,-0.027478,0.1,0.15,0.35,0.65,0.65,0.75,0.9,0.0,0.0,0.0,0.1,0.05
8,PE_FED,-0.027478,0.15,0.2,0.35,0.6,0.65,0.85,0.95,-0.5,0.0,0.0,0.08,0.04
8,PE_PB_FED,-0.027479,0.1,0.25,0.35,0.7,0.7,0.8,0.95,0.0,0.65,0.8,0.12,0.03
8,PB_FED,-0.02748,0.15,0.3,0.4,0.55,0.7,0.75,0.95,-0.5,0.0,0.0,0.1,0.04
8,PB_only,-0.02749,0.15,0.2,0.45,0.55,0.7,0.8,0.9,0.0,0.0,0.0,0.12,0.04
8,PE_FED,-0.027491,0.05,0.15,0.45,0.55,0.7,0.75,0.9,0.0,0.0,0.0,0.06,0.05
8,PE_FED,-0.027492,0.1,0.2,0.4,0.65,0.65,0.8,0.85,-0.5,0.0,0.0,0.06,0.05
6,PB_only,-0.027495,0.2,0.3,0.35,0.7,0.65,0.85,0.95,0.0,0.0,0.0,0.1,0.05
8,PB_FED,-0.027503,0.1,0.2,0.45,0.5,0.75,0.85,0.9,-0.5,0.0,0.0,0.1,0.03
6,PB_only,-0.027504,0.15,0.2,0.3,0.55,0.7,0.8,0.9,0.0,0.0,0.0,0.1,0.05
8,PE_FED,-0.027504,0.1,0.15,0.45,0.55,0.7,0.85,0.95,0.0,0.0,0.0,0.06,0.04
6,PB_FED,-0.027505,0.05,0.15,0.45,0.6,0.7,0.75,0.95,-0.5,0.0,0.0,0.1,0.05
8,PB_only,-0.027505,0.05,0.2,0.4,0.5,0.7,0.75,0.9,0.0,0.0,0.0,0.1,0.03
8,PE_only,-0.027508,0.2,0.25,0.4,0.7,0.65,0.8,0.95,0.0,0.0,0.0,0.06,0.05
8,PE_FED,-0.027508,0.15,0.25,0.35,0.6,0.65,0.85,0.95,0.0,0.0,0.0,0.1,0.04
8,PE_only,-0.027509,0.05,0.25,0.4,0.65,0.65,0.8,0.95,0.0,0.0,0.0,0.1,0.03
6,PB_only,-0.02751,0.2,0.3,0.4,0.65,0.7,0.75,0.85,0.0,0.0,0.0,0.12,0.03
6,PB_only,-0.027516,0.05,0.3,0.35,0.65,0.7,0.8,0.85,0.0,0.0,0.0,0.12,0.03
8,PB_only,-0.027519,0.05,0.2,0.3,0.55,0.75,0.85,0.95,0.0,0.0,0.0,0.06,0.05
6,PB_only,-0.027522,0.1,0.2,0.3,0.55,0.7,0.8,0.9,0.0,0.0,0.0,0.06,0.05
8,PE_only,-0.027522,0.1,0.25,0.35,0.7,0.7,0.8,0.9,0.0,0.0,0.0,0.08,0.03
8,PB_only,-0.027525,0.1,0.25,0.4,0.6,0.65,0.85,0.95,0.0,0.0,0.0,0.06,0.04
8,PE_only,-0.027528,0.2,0.25,0.3,0.7,0.75,0.85,0.95,0.0,0.0,0.0,0.12,0.04
8,PE_only,-0.027536,0.2,0.25,0.4,0.7,0.65,0.75,0.95,0.0,0.0,0.0,0.12,0.05
6,PB_FED,-0.027539,0.15,0.25,0.3,0.6,0.7,0.75,0.85,-0.5,0.0,0.0,0.06,0.05
6,PB_FED,-0.027544,0.05,0.2,0.45,0.6,0.65,0.75,0.9,0.0,0.0,0.0,0.08,0.03
6,PB_only,-0.027545,0.2,0.3,0.45,0.7,0.65,0.8,0.9,0.0,0.0,0.0,0.12,0.05
6,PB_FED,-0.027547,0.05,0.2,0.3,0.6,0.65,0.85,0.9,0.0,0.0,0.0,0.06,0.04
6,PB_only,-0.027548,0.1,0.3,0.45,0.65,0.65,0.75,0.9,0.0,0.0,0.0,0.1,0.03
8,PE_FED,-0.027549,0.2,0.3,0.35,0.7,0.7,0.75,0.9,-0.5,0.0,0.0,0.08,0.05
8,PB_only,-0.027551,0.15,0.25,0.45,0.6,0.7,0.85,0.95,0.0,0.0,0.0,0.08,0.04
6,PB_only,-0.027558,0.1,0.2,0.4,0.6,0.75,0.8,0.85,0.0,0.0,0.0,0.06,0.03
8,PB_only,-0.027558,0.1,0.2,0.4,0.5,0.7,0.75,0.9,0.0,0.0,0.0,0.1,0.03
6,PB_only,-0.027559,0.2,0.3,0.4,0.7,0.75,0.8,0.95,0.0,0.0,0.0,0.06,0.05
6,PB_FED,-0.027559,0.2,0.25,0.45,0.65,0.7,0.8,0.95,-0.5,0.0,0.0,0.1,0.03
8,PB_FED,-0.027563,0.15,0.3,0.45,0.55,0.65,0.8,0.85,-0.5,0.0,0.0,0.12,0.03
8,PE_only,-0.027566,0.1,0.25,0.35,0.65,0.7,0.75,0.95,0.0,0.0,0.0,0.12,0.03
8,PE_FED,-0.027566,0.1,0.15,0.4,0.55,0.7,0.8,0.95,-0.5,0.0,0.0,0.08,0.04
8,PB_only,-0.027568,0.1,0.2,0.3,0.55,0.7,0.85,0.95,0.0,0.0,0.0,0.08,0.04
8,PE_only,-0.027569,0.05,0.15,0.3,0.65,0.65,0.8,0.85,0.0,0.0,0.0,0.06,0.03
8,PE_only,-0.027569,0.1,0.25,0.3,0.7,0.75,0.8,0.9,0.0,0.0,0.0,0.1,0.04
8,PB_FED,-0.027569,0.05,0.25,0.45,0.55,0.75,0.85,0.95,0.0,0.0,0.0,0.12,0.04
6,PB_only,-0.027571,0.15,0.25,0.35,0.65,0.75,0.85,0.95,0.0,0.0,0.0,0.06,0.05
8,PE_PB_FED,-0.027572,0.05,0.2,0.45,0.7,0.7,0.75,0.95,0.0,0.65,0.8,0.08,0.05
6,PB_only,-0.027583,0.1,0.2,0.4,0.65,0.65,0.85,0.95,0.0,0.0,0.0,0.1,0.04
8,PB_FED,-0.027587,0.05,0.2,0.3,0.7,0.65,0.75,0.95,0.5,0.0,0.0,0.1,0.03
8,PE_only,-0.027588,0.05,0.15,0.45,0.6,0.7,0.8,0.95,0.0,0.0,0.0,0.06,0.03
8,PE_only,-0.027589,0.1,0.15,0.45,0.7,0.7,0.85,0.9,0.0,0.0,0.0,0.06,0.05
8,PB_only,-0.02759,0.05,0.25,0.4,0.55,0.65,0.85,0.9,0.0,0.0,0.0,0.12,0.03
6,PB_FED,-0.027591,0.15,0.3,0.45,0.7,0.7,0.85,0.95,-0.5,0.0,0.0,0.12,0.05
8,PB_FED,-0.027592,0.1,0.3,0.35,0.5,0.65,0.75,0.85,0.0,0.0,0.0,0.06,0.05
8,PE_FED,-0.027595,0.1,0.25,0.45,0.65,0.7,0.75,0.85,0.0,0.0,0.0,0.06,0.04
8,PE_FED,-0.027596,0.15,0.3,0.35,0.7,0.75,0.85,0.9,0.0,0.0,0.0,0.08,0.04
8,PB_only,-0.027599,0.1,0.25,0.4,0.55,0.7,0.85,0.9,0.0,0.0,0.0,0.1,0.03
8,PB_FED,-0.027599,0.1,0.25,0.45,0.5,0.7,0.75,0.95,-0.5,0.0,0.0,0.08,0.03
6,PB_only,-0.027604,0.2,0.25,0.35,0.65,0.75,0.85,0.95,0.0,0.0,0.0,0.12,0.03
6,PB_only,-0.027604,0.15,0.2,0.3,0.55,0.7,0.85,0.9,0.0,0.0,0.0,0.12,0.04
8,PB_only,-0.02761,0.15,0.25,0.45,0.55,0.65,0.8,0.85,0.0,0.0,0.0,0.12,0.04
8,PE_FED,-0.027612,0.05,0.25,0.45,0.7,0.65,0.8,0.85,-0.5,0.0,0.0,0.08,0.05
6,PB_only,-0.027616,0.15,0.25,0.45,0.65,0.65,0.75,0.95,0.0,0.0,0.0,0.1,0.05
6,PB_only,-0.027617,0.1,0.15,0.3,0.55,0.75,0.85,0.95,0.0,0.0,0.0,0.12,0.05
6,PB_only,-0.027617,0.1,0.15,0.3,0.55,0.65,0.85,0.95,0.0,0.0,0.0,0.08,0.05
8,PE_FED,-0.027618,0.15,0.3,0.4,0.65,0.65,0.85,0.95,0.0,0.0,0.0,0.06,0.04
8,PB_only,-0.02762,0.2,0.25,0.35,0.6,0.75,0.85,0.95,0.0,0.0,0.0,0.06,0.05
8,PE_PB_FED,-0.027621,0.15,0.2,0.45,0.65,0.65,0.8,0.95,0.0,0.65,0.8,0.08,0.03
6,PB_FED,-0.027624,0.05,0.25,0.35,0.7,0.7,0.85,0.9,0.0,0.0,0.0,0.06,0.03
8,PB_FED,-0.027624,0.15,0.25,0.35,0.5,0.7,0.85,0.95,0.0,0.0,0.0,0.08,0.04
8,PB_only,-0.02763,0.05,0.25,0.3,0.5,0.65,0.75,0.9,0.0,0.0,0.0,0.08,0.04
8,PB_only,-0.02763,0.2,0.25,0.35,0.55,0.75,0.8,0.85,0.0,0.0,0.0,0.08,0.04
8,PE_FED,-0.027631,0.15,0.3,0.35,0.7,0.7,0.8,0.85,0.0,0.0,0.0,0.12,0.03
8,PB_only,-0.027631,0.2,0.25,0.45,0.55,0.65,0.75,0.9,0.0,0.0,0.0,0.08,0.03
6,PB_only,-0.027632,0.05,0.15,0.35,0.6,0.75,0.8,0.85,0.0,0.0,0.0,0.06,0.05
6,PB_FED,-0.027632,0.1,0.2,0.3,0.6,0.75,0.85,0.95,-0.5,0.0,0.0,0.06,0.04
6,PB_only,-0.027634,0.15,0.2,0.4,0.55,0.65,0.8,0.85,0.0,0.0,0.0,0.1,0.04
8,PE_only,-0.027638,0.15,0.2,0.45,0.7,0.7,0.75,0.85,0.0,0.0,0.0,0.12,0.04
8,PB_FED,-0.027639,0.05,0.3,0.4,0.6,0.75,0.85,0.95,-0.5,0.0,0.0,0.08,0.04
8,PE_FED,-0.027644,0.15,0.25,0.4,0.55,0.7,0.75,0.95,0.0,0.0,0.0,0.1,0.05
8,PB_only,-0.027647,0.1,0.3,0.45,0.6,0.75,0.8,0.9,0.0,0.0,0.0,0.08,0.04
8,PB_FED,-0.027647,0.1,0.2,0.45,0.5,0.75,0.8,0.9,-0.5,0.0,0.0,0.08,0.04
8,PE_only,-0.027648,0.1,0.15,0.45,0.65,0.7,0.85,0.95,0.0,0.0,0.0,0.12,0.05
6,PB_FED,-0.02765,0.05,0.2,0.3,0.55,0.65,0.85,0.9,-0.5,0.0,0.0,0.06,0.03
8,PB_FED,-0.027653,0.05,0.15,0.35,0.7,0.7,0.75,0.95,0.5,0.0,0.0,0.08,0.04
8,PE_only,-0.027654,0.2,0.25,0.35,0.7,0.7,0.85,0.95,0.0,0.0,0.0,0.06,0.04
6,PB_only,-0.027655,0.15,0.2,0.4,0.55,0.7,0.8,0.9,0.0,0.0,0.0,0.1,0.03
8,PE_only,-0.027656,0.15,0.25,0.35,0.7,0.65,0.8,0.9,0.0,0.0,0.0,0.08,0.03
8,PE_only,-0.027656,0.15,0.2,0.4,0.7,0.7,0.8,0.85,0.0,0.0,0.0,0.06,0.05
8,PE_FED,-0.027657,0.1,0.2,0.45,0.6,0.7,0.75,0.85,0.0,0.0,0.0,0.06,0.04
8,PE_only,-0.027659,0.15,0.2,0.45,0.7,0.65,0.75,0.9,0.0,0.0,0.0,0.06,0.05
6,PB_only,-0.027663,0.05,0.15,0.3,0.55,0.65,0.85,0.95,0.0,0.0,0.0,0.12,0.04
8,PE_only,-0.027663,0.1,0.2,0.45,0.65,0.7,0.75,0.95,0.0,0.0,0.0,0.08,0.05
6,PB_only,-0.027666,0.05,0.15,0.35,0.55,0.7,0.8,0.95,0.0,0.0,0.0,0.06,0.05
8,PB_only,-0.027668,0.1,0.25,0.3,0.55,0.75,0.85,0.95,0.0,0.0,0.0,0.12,0.03
8,PE_only,-0.027669,0.05,0.2,0.4,0.65,0.65,0.75,0.9,0.0,0.0,0.0,0.1,0.03
6,PB_only,-0.02767,0.2,0.25,0.35,0.65,0.75,0.8,0.95,0.0,0.0,0.0,0.08,0.03
8,PB_only,-0.027677,0.1,0.2,0.4,0.55,0.75,0.8,0.9,0.0,0.0,0.0,0.06,0.05
6,PB_FED,-0.027678,0.05,0.15,0.4,0.6,0.7,0.8,0.95,0.0,0.0,0.0,0.1,0.03
8,PE_only,-0.027681,0.05,0.25,0.3,0.65,0.7,0.75,0.95,0.0,0.0,0.0,0.12,0.04
8,PB_only,-0.027682,0.2,0.3,0.4,0.6,0.7,0.8,0.9,0.0,0.0,0.0,0.1,0.04
8,PB_only,-0.027688,0.1,0.2,0.45,0.55,0.7,0.8,0.9,0.0,0.0,0.0,0.1,0.04
6,PB_only,-0.02769,0.1,0.2,0.45,0.6,0.7,0.75,0.85,0.0,0.0,0.0,0.12,0.03
6,PB_only,-0.02769,0.1,0.2,0.45,0.6,0.7,0.75,0.85,0.0,0.0,0.0,0.1,0.03
8,PB_FED,-0.027692,0.05,0.2,0.35,0.7,0.65,0.75,0.9,0.5,0.0,0.0,0.12,0.03
6,PB_only,-0.027695,0.2,0.3,0.35,0.7,0.65,0.8,0.95,0.0,0.0,0.0,0.08,0.05
6,PB_FED,-0.027695,0.1,0.2,0.3,0.6,0.7,0.85,0.95,-0.5,0.0,0.0,0.1,0.05
8,PB_FED,-0.027698,0.05,0.3,0.35,0.5,0.75,0.8,0.85,0.0,0.0,0.0,0.12,0.03
6,PB_FED,-0.027699,0.15,0.2,0.45,0.55,0.65,0.75,0.85,-0.5,0.0,0.0,0.12,0.03
8,PE_only,-0.0277,0.2,0.25,0.45,0.7,0.75,0.85,0.95,0.0,0.0,0.0,0.08,0.03
8,PB_only,-0.027705,0.15,0.3,0.45,0.6,0.7,0.8,0.95,0.0,0.0,0.0,0.12,0.03
8,PB_only,-0.027705,0.15,0.3,0.45,0.6,0.75,0.8,0.95,0.0,0.0,0.0,0.08,0.03
6,PB_only,-0.027706,0.1,0.3,0.45,0.7,0.65,0.8,0.95,0.0,0.0,0.0,0.08,0.03
6,PB_FED,-0.027706,0.2,0.25,0.45,0.65,0.65,0.75,0.95,-0.5,0.0,0.0,0.12,0.04
8,PB_only,-0.027709,0.05,0.25,0.45,0.55,0.7,0.8,0.85,0.0,0.0,0.0,0.1,0.03
6,PB_only,-0.02771,0.05,0.2,0.35,0.55,0.65,0.8,0.9,0.0,0.0,0.0,0.06,0.04
6,PB_only,-0.027711,0.15,0.2,0.45,0.65,0.7,0.85,0.95,0.0,0.0,0.0,0.06,0.04
6,PB_only,-0.027712,0.05,0.25,0.35,0.65,0.65,0.8,0.95,0.0,0.0,0.0,0.12,0.05
6,PB_FED,-0.027716,0.15,0.2,0.45,0.6,0.65,0.75,0.95,0.0,0.0,0.0,0.12,0.05
8,PE_PB_FED,-0.027716,0.05,0.15,0.35,0.65,0.65,0.8,0.9,0.0,0.65,0.8,0.08,0.04
6,PB_only,-0.027724,0.05,0.15,0.45,0.55,0.7,0.85,0.9,0.0,0.0,0.0,0.12,0.03
6,PB_only,-0.027726,0.15,0.2,0.35,0.55,0.65,0.8,0.9,0.0,0.0,0.0,0.08,0.04
8,PB_FED,-0.027726,0.05,0.15,0.3,0.65,0.7,0.8,0.85,0.5,0.0,0.0,0.08,0.04
6,PB_only,-0.027732,0.2,0.25,0.3,0.65,0.7,0.8,0.95,0.0,0.0,0.0,0.08,0.05
6,PB_FED,-0.027735,0.2,0.3,0.35,0.7,0.65,0.85,0.95,-0.5,0.0,0.0,0.06,0.05
8,PE_FED,-0.027735,0.1,0.15,0.35,0.6,0.7,0.8,0.85,-0.5,0.0,0.0,0.12,0.03
8,PE_FED,-0.027735,0.1,0.15,0.35,0.6,0.75,0.8,0.85,-0.5,0.0,0.0,0.06,0.03
8,PB_only,-0.027735,0.1,0.15,0.4,0.55,0.7,0.85,0.95,0.0,0.0,0.0,0.1,0.05
6,PB_FED,-0.027736,0.05,0.3,0.35,0.65,0.75,0.8,0.85,-0.5,0.0,0.0,0.1,0.04
8,PB_only,-0.02774,0.1,0.15,0.4,0.5,0.75,0.85,0.9,0.0,0.0,0.0,0.12,0.03
6,PB_only,-0.027745,0.1,0.15,0.4,0.55,0.65,0.8,0.9,0.0,0.0,0.0,0.08,0.05
8,PE_FED,-0.027748,0.15,0.25,0.35,0.6,0.75,0.8,0.95,-0.5,0.0,0.0,0.08,0.05
6,PB_only,-0.027752,0.05,0.2,0.4,0.6,0.7,0.8,0.9,0.0,0.0,0.0,0.08,0.03
8,PB_FED,-0.027754,0.15,0.25,0.35,0.5,0.65,0.75,0.95,-0.5,0.0,0.0,0.06,0.04
8,PB_only,-0.027755,0.05,0.15,0.3,0.5,0.65,0.8,0.95,0.0,0.0,0.0,0.08,0.04
6,PB_only,-0.027758,0.2,0.3,0.4,0.65,0.75,0.85,0.9,0.0,0.0,0.0,0.08,0.04
8,PE_only,-0.027759,0.05,0.25,0.3,0.65,0.65,0.75,0.95,0.0,0.0,0.0,0.12,0.05
6,PB_only,-0.027764,0.1,0.25,0.35,0.55,0.65,0.85,0.9,0.0,0.0,0.0,0.12,0.03
6,PB_only,-0.027764,0.1,0.15,0.4,0.6,0.65,0.8,0.9,0.0,0.0,0.0,0.06,0.05
8,PB_FED,-0.027764,0.2,0.3,0.45,0.55,0.75,0.8,0.95,0.0,0.0,0.0,0.1,0.03
8,PE_FED,-0.027766,0.1,0.25,0.4,0.65,0.7,0.85,0.9,0.0,0.0,0.0,0.06,0.03
6,PB_only,-0.027772,0.1,0.15,0.35,0.55,0.7,0.85,0.9,0.0,0.0,0.0,0.1,0.05
8,PE_FED,-0.027772,0.15,0.2,0.45,0.6,0.75,0.8,0.9,0.0,0.0,0.0,0.06,0.05
6,PB_only,-0.027777,0.1,0.15,0.45,0.6,0.65,0.75,0.85,0.0,0.0,0.0,0.1,0.05
6,PB_only,-0.027777,0.1,0.15,0.35,0.55,0.7,0.8,0.95,0.0,0.0,0.0,0.08,0.05
6,PB_FED,-0.027778,0.2,0.25,0.3,0.65,0.7,0.8,0.9,0.0,0.0,0.0,0.12,0.05
8,PE_PB_FED,-0.027779,0.05,0.15,0.45,0.65,0.7,0.85,0.95,0.0,0.65,0.7,0.1,0.03
6,PB_only,-0.027784,0.05,0.15,0.3,0.5,0.65,0.8,0.85,0.0,0.0,0.0,0.06,0.03
8,PE_only,-0.027784,0.05,0.3,0.35,0.7,0.75,0.85,0.95,0.0,0.0,0.0,0.12,0.03
6,PB_FED,-0.027785,0.05,0.25,0.3,0.6,0.7,0.75,0.95,-0.5,0.0,0.0,0.1,0.03
8,PB_only,-0.027788,0.15,0.25,0.4,0.55,0.7,0.75,0.95,0.0,0.0,0.0,0.06,0.05
8,PB_FED,-0.027788,0.15,0.2,0.3,0.7,0.65,0.75,0.95,0.5,0.0,0.0,0.08,0.05
8,PE_FED,-0.027789,0.15,0.25,0.4,0.6,0.7,0.8,0.95,-0.5,0.0,0.0,0.12,0.04
6,PB_only,-0.02779,0.2,0.25,0.3,0.6,0.7,0.75,0.85,0.0,0.0,0.0,0.12,0.04
8,PB_FED,-0.027792,0.15,0.2,0.45,0.5,0.75,0.85,0.95,0.0,0.0,0.0,0.08,0.05
6,PB_only,-0.027798,0.15,0.25,0.35,0.65,0.65,0.85,0.95,0.0,0.0,0.0,0.06,0.04
8,PB_only,-0.027801,0.15,0.25,0.35,0.5,0.7,0.75,0.9,0.0,0.0,0.0,0.06,0.03
8,PE_only,-0.027802,0.15,0.25,0.4,0.7,0.7,0.75,0.9,0.0,0.0,0.0,0.06,0.05
8,PE_only,-0.027802,0.15,0.25,0.4,0.7,0.7,0.75,0.9,0.0,0.0,0.0,0.12,0.05
6,PB_FED,-0.027803,0.1,0.25,0.4,0.65,0.7,0.85,0.95,-0.5,0.0,0.0,0.06,0.04
8,PE_FED,-0.027803,0.05,0.25,0.3,0.65,0.7,0.75,0.85,-0.5,0.0,0.0,0.08,0.03
6,PB_only,-0.027811,0.1,0.25,0.45,0.6,0.65,0.75,0.85,0.0,0.0,0.0,0.1,0.03
8,PB_only,-0.027814,0.2,0.25,0.45,0.6,0.65,0.85,0.9,0.0,0.0,0.0,0.08,0.05
8,PB_only,-0.027814,0.1,0.25,0.45,0.6,0.7,0.85,0.95,0.0,0.0,0.0,0.1,0.05
8,PE_FED,-0.027817,0.05,0.25,0.4,0.6,0.75,0.8,0.9,0.0,0.0,0.0,0.06,0.03
8,PB_only,-0.027818,0.1,0.15,0.3,0.5,0.65,0.85,0.9,0.0,0.0,0.0,0.12,0.05
8,PB_only,-0.027819,0.2,0.3,0.4,0.6,0.7,0.75,0.95,0.0,0.0,0.0,0.06,0.05
8,PE_only,-0.027822,0.1,0.25,0.3,0.7,0.7,0.75,0.9,0.0,0.0,0.0,0.08,0.05
8,PE_PB_FED,-0.027828,0.05,0.15,0.4,0.65,0.7,0.85,0.95,0.0,0.65,0.8,0.1,0.04
6,PB_only,-0.027833,0.2,0.3,0.35,0.65,0.75,0.8,0.85,0.0,0.0,0.0,0.06,0.04
8,PE_only,-0.027841,0.05,0.25,0.45,0.7,0.65,0.85,0.95,0.0,0.0,0.0,0.1,0.04
8,PB_only,-0.027848,0.15,0.2,0.35,0.5,0.7,0.75,0.95,0.0,0.0,0.0,0.06,0.03
6,PB_only,-0.027855,0.05,0.3,0.4,0.65,0.65,0.8,0.9,0.0,0.0,0.0,0.08,0.03
6,PB_only,-0.027856,0.1,0.2,0.35,0.6,0.65,0.75,0.95,0.0,0.0,0.0,0.08,0.05
8,PE_FED,-0.027862,0.1,0.25,0.45,0.7,0.65,0.85,0.9,0.0,0.0,0.0,0.1,0.05
8,PE_only,-0.027866,0.05,0.25,0.3,0.65,0.7,0.8,0.95,0.0,0.0,0.0,0.06,0.04
8,PE_FED,-0.027871,0.05,0.2,0.45,0.6,0.65,0.75,0.9,-0.5,0.0,0.0,0.12,0.03
8,PE_FED,-0.027873,0.1,0.15,0.35,0.6,0.7,0.85,0.9,-0.5,0.0,0.0,0.12,0.03
8,PB_only,-0.027873,0.1,0.15,0.35,0.5,0.7,0.8,0.95,0.0,0.0,0.0,0.12,0.03
6,PB_only,-0.027875,0.1,0.2,0.45,0.65,0.65,0.85,0.95,0.0,0.0,0.0,0.06,0.05
6,PB_only,-0.027877,0.05,0.2,0.3,0.55,0.75,0.8,0.95,0.0,0.0,0.0,0.08,0.05
6,PB_FED,-0.027879,0.15,0.25,0.35,0.6,0.65,0.8,0.85,-0.5,0.0,0.0,0.08,0.04
8,PE_FED,-0.027879,0.1,0.25,0.35,0.6,0.65,0.8,0.95,-0.5,0.0,0.0,0.12,0.04
8,PE_only,-0.027881,0.05,0.3,0.4,0.7,0.75,0.85,0.95,0.0,0.0,0.0,0.12,0.03
6,PB_only,-0.027883,0.1,0.15,0.4,0.55,0.75,0.85,0.9,0.0,0.0,0.0,0.1,0.04
8,PE_only,-0.027889,0.1,0.15,0.35,0.6,0.7,0.8,0.95,0.0,0.0,0.0,0.1,0.04
6,PB_FED,-0.02789,0.1,0.15,0.3,0.5,0.65,0.75,0.9,-0.5,0.0,0.0,0.12,0.03
6,PB_FED,-0.02789,0.1,0.25,0.3,0.65,0.65,0.8,0.9,0.0,0.0,0.0,0.06,0.05
6,PB_FED,-0.027891,0.1,0.15,0.35,0.55,0.7,0.8,0.85,-0.5,0.0,0.0,0.08,0.05
6,PB_only,-0.027894,0.05,0.3,0.4,0.65,0.7,0.8,0.85,0.0,0.0,0.0,0.08,0.04
6,PB_only,-0.027894,0.05,0.3,0.4,0.65,0.7,0.8,0.85,0.0,0.0,0.0,0.12,0.04
8,PE_only,-0.027894,0.15,0.2,0.35,0.65,0.7,0.85,0.95,0.0,0.0,0.0,0.12,0.05
8,PE_FED,-0.027894,0.15,0.2,0.45,0.55,0.7,0.75,0.9,0.0,0.0,0.0,0.06,0.04
8,PE_FED,-0.027897,0.15,0.3,0.35,0.6,0.7,0.8,0.95,0.0,0.0,0.0,0.1,0.05
8,PE_only,-0.027899,0.15,0.2,0.4,0.7,0.7,0.85,0.9,0.0,0.0,0.0,0.1,0.05
6,PB_only,-0.027901,0.2,0.25,0.45,0.65,0.7,0.8,0.85,0.0,0.0,0.0,0.12,0.05
6,PB_FED,-0.027901,0.1,0.25,0.4,0.6,0.65,0.8,0.85,-0.5,0.0,0.0,0.1,0.03
8,PB_only,-0.027901,0.05,0.25,0.45,0.6,0.65,0.85,0.95,0.0,0.0,0.0,0.1,0.05
8,PE_FED,-0.027907,0.15,0.3,0.45,0.7,0.65,0.75,0.85,0.0,0.0,0.0,0.08,0.03
8,PB_only,-0.027907,0.1,0.25,0.35,0.5,0.65,0.75,0.9,0.0,0.0,0.0,0.06,0.03
6,PB_only,-0.027908,0.1,0.3,0.4,0.65,0.65,0.75,0.9,0.0,0.0,0.0,0.12,0.05
6,PB_only,-0.027912,0.1,0.2,0.4,0.6,0.65,0.75,0.9,0.0,0.0,0.0,0.06,0.05
6,PB_only,-0.027914,0.05,0.2,0.45,0.65,0.75,0.8,0.95,0.0,0.0,0.0,0.06,0.04
8,PE_only,-0.027914,0.1,0.2,0.3,0.7,0.75,0.85,0.9,0.0,0.0,0.0,0.08,0.05
8,PB_only,-0.027914,0.05,0.2,0.35,0.55,0.65,0.85,0.95,0.0,0.0,0.0,0.08,0.03
6,PB_only,-0.027916,0.15,0.2,0.4,0.6,0.65,0.75,0.95,0.0,0.0,0.0,0.12,0.03
8,PE_only,-0.027918,0.1,0.2,0.45,0.7,0.7,0.75,0.85,0.0,0.0,0.0,0.06,0.04
8,PE_only,-0.027919,0.15,0.3,0.4,0.7,0.65,0.75,0.95,0.0,0.0,0.0,0.08,0.05
8,PE_only,-0.02792,0.05,0.2,0.3,0.6,0.65,0.8,0.95,0.0,0.0,0.0,0.06,0.03
8,PB_FED,-0.02792,0.1,0.3,0.45,0.5,0.7,0.75,0.95,0.0,0.0,0.0,0.12,0.03
6,PB_FED,-0.027922,0.1,0.3,0.4,0.65,0.7,0.85,0.9,-0.5,0.0,0.0,0.06,0.03
8,PE_only,-0.027928,0.05,0.2,0.45,0.7,0.65,0.75,0.85,0.0,0.0,0.0,0.06,0.03
6,PB_only,-0.027933,0.05,0.15,0.45,0.55,0.7,0.8,0.9,0.0,0.0,0.0,0.06,0.04
8,PE_only,-0.027933,0.05,0.15,0.4,0.65,0.65,0.8,0.85,0.0,0.0,0.0,0.12,0.04
6,PB_only,-0.027936,0.2,0.3,0.35,0.7,0.65,0.8,0.95,0.0,0.0,0.0,0.06,0.04
6,PB_only,-0.027937,0.15,0.25,0.35,0.55,0.65,0.8,0.85,0.0,0.0,0.0,0.12,0.04
6,PB_FED,-0.027937,0.1,0.15,0.4,0.6,0.65,0.8,0.95,0.0,0.0,0.0,0.12,0.05
6,PB_only,-0.027939,0.05,0.2,0.45,0.65,0.65,0.85,0.95,0.0,0.0,0.0,0.1,0.05
8,PE_FED,-0.027939,0.05,0.3,0.4,0.7,0.7,0.75,0.85,0.0,0.0,0.0,0.1,0.04
8,PB_only,-0.027941,0.2,0.3,0.35,0.6,0.65,0.85,0.9,0.0,0.0,0.0,0.08,0.04
8,PB_only,-0.027944,0.15,0.25,0.45,0.55,0.7,0.85,0.9,0.0,0.0,0.0,0.1,0.03
8,PB_only,-0.027945,0.1,0.25,0.3,0.5,0.65,0.8,0.85,0.0,0.0,0.0,0.08,0.03
6,PB_only,-0.027948,0.15,0.3,0.45,0.65,0.7,0.8,0.9,0.0,0.0,0.0,0.1,0.03
8,PE_only,-0.02795,0.05,0.2,0.35,0.65,0.65,0.8,0.9,0.0,0.0,0.0,0.06,0.03
6,PB_FED,-0.027953,0.05,0.3,0.45,0.7,0.65,0.85,0.9,-0.5,0.0,0.0,0.12,0.04
8,PB_FED,-0.027953,0.05,0.2,0.35,0.5,0.75,0.8,0.95,-0.5,0.0,0.0,0.06,0.04
8,PE_FED,-0.027958,0.1,0.2,0.35,0.55,0.7,0.75,0.9,0.0,0.0,0.0,0.1,0.05
8,PB_FED,-0.027958,0.05,0.15,0.45,0.5,0.75,0.85,0.95,-0.5,0.0,0.0,0.1,0.03
8,PE_only,-0.027959,0.2,0.25,0.35,0.7,0.7,0.75,0.9,0.0,0.0,0.0,0.08,0.04
8,PE_only,-0.027959,0.2,0.25,0.35,0.7,0.7,0.75,0.9,0.0,0.0,0.0,0.1,0.04
8,PB_only,-0.02796,0.05,0.3,0.45,0.6,0.65,0.75,0.95,0.0,0.0,0.0,0.1,0.05
6,PB_FED,-0.027961,0.05,0.25,0.3,0.65,0.7,0.85,0.9,0.0,0.0,0.0,0.1,0.03
8,PB_FED,-0.027964,0.05,0.3,0.45,0.55,0.75,0.8,0.9,0.0,0.0,0.0,0.06,0.04
8,PB_only,-0.027965,0.05,0.15,0.45,0.5,0.65,0.8,0.85,0.0,0.0,0.0,0.1,0.04
6,PB_only,-0.027969,0.2,0.3,0.4,0.65,0.7,0.75,0.9,0.0,0.0,0.0,0.12,0.04
8,PB_only,-0.027972,0.05,0.25,0.4,0.55,0.65,0.75,0.95,0.0,0.0,0.0,0.12,0.05
8,PE_only,-0.027973,0.05,0.3,0.35,0.7,0.65,0.8,0.95,0.0,0.0,0.0,0.1,0.05
8,PE_FED,-0.027974,0.1,0.2,0.4,0.6,0.65,0.85,0.9,0.0,0.0,0.0,0.1,0.04
8,PB_only,-0.027975,0.1,0.25,0.3,0.55,0.65,0.85,0.95,0.0,0.0,0.0,0.1,0.03
6,PB_FED,-0.027976,0.2,0.25,0.3,0.6,0.7,0.8,0.85,-0.5,0.0,0.0,0.06,0.04
6,PB_only,-0.027983,0.1,0.15,0.45,0.6,0.75,0.8,0.9,0.0,0.0,0.0,0.1,0.04
8,PB_only,-0.027984,0.1,0.25,0.3,0.5,0.65,0.8,0.9,0.0,0.0,0.0,0.06,0.03
8,PB_only,-0.027987,0.1,0.2,0.35,0.5,0.7,0.8,0.9,0.0,0.0,0.0,0.08,0.03
8,PE_only,-0.027993,0.1,0.15,0.45,0.6,0.7,0.8,0.95,0.0,0.0,0.0,0.08,0.03
8,PE_FED,-0.027996,0.2,0.25,0.45,0.7,0.65,0.85,0.9,-0.5,0.0,0.0,0.08,0.03
8,PE_only,-0.027998,0.15,0.2,0.4,0.65,0.75,0.85,0.95,0.0,0.0,0.0,0.1,0.05
8,PE_only,-0.027998,0.15,0.2,0.4,0.65,0.7,0.85,0.95,0.0,0.0,0.0,0.08,0.05
6,PB_FED,-0.028001,0.15,0.25,0.45,0.7,0.75,0.85,0.9,0.0,0.0,0.0,0.08,0.05
8,PE_only,-0.028006,0.05,0.15,0.35,0.6,0.65,0.85,0.95,0.0,0.0,0.0,0.06,0.03
8,PB_only,-0.028006,0.15,0.3,0.45,0.6,0.65,0.8,0.95,0.0,0.0,0.0,0.1,0.03
8,PE_only,-0.028012,0.05,0.25,0.45,0.7,0.75,0.8,0.9,0.0,0.0,0.0,0.08,0.04
8,PE_only,-0.028012,0.05,0.25,0.45,0.7,0.7,0.8,0.9,0.0,0.0,0.0,0.1,0.04
8,PE_only,-0.028012,0.05,0.25,0.45,0.7,0.7,0.8,0.9,0.0,0.0,0.0,0.06,0.04
8,PE_FED,-0.028012,0.05,0.2,0.35,0.6,0.7,0.85,0.9,0.0,0.0,0.0,0.12,0.03
8,PE_PB_FED,-0.028015,0.05,0.25,0.3,0.65,0.7,0.75,0.95,0.0,0.65,0.8,0.08,0.03
8,PB_only,-0.028016,0.2,0.25,0.45,0.55,0.7,0.75,0.85,0.0,0.0,0.0,0.06,0.04
8,PB_only,-0.028016,0.2,0.25,0.45,0.55,0.7,0.75,0.85,0.0,0.0,0.0,0.1,0.04
6,PB_FED,-0.028018,0.15,0.2,0.4,0.55,0.7,0.75,0.9,-0.5,0.0,0.0,0.1,0.03
8,PB_only,-0.028023,0.05,0.25,0.35,0.55,0.75,0.8,0.9,0.0,0.0,0.0,0.12,0.05
8,PB_only,-0.028024,0.2,0.3,0.4,0.6,0.7,0.8,0.95,0.0,0.0,0.0,0.08,0.03
6,PB_FED,-0.028027,0.15,0.2,0.3,0.55,0.7,0.75,0.95,-0.5,0.0,0.0,0.1,0.05
6,PB_only,-0.028031,0.05,0.3,0.4,0.7,0.65,0.8,0.95,0.0,0.0,0.0,0.06,0.04
8,PE_FED,-0.028032,0.15,0.2,0.4,0.5,0.65,0.75,0.95,0.0,0.0,0.0,0.12,0.03
8,PE_FED,-0.028038,0.2,0.3,0.35,0.7,0.7,0.85,0.9,-0.5,0.0,0.0,0.08,0.04
6,PB_only,-0.02804,0.2,0.3,0.45,0.7,0.65,0.75,0.95,0.0,0.0,0.0,0.12,0.04
8,PB_only,-0.028042,0.1,0.3,0.4,0.6,0.7,0.85,0.95,0.0,0.0,0.0,0.12,0.03
8,PE_FED,-0.028045,0.1,0.3,0.4,0.7,0.75,0.8,0.85,-0.5,0.0,0.0,0.12,0.05
6,PB_only,-0.028046,0.15,0.25,0.4,0.6,0.7,0.75,0.85,0.0,0.0,0.0,0.06,0.04
6,PB_FED,-0.028046,0.15,0.3,0.45,0.7,0.75,0.8,0.85,0.0,0.0,0.0,0.06,0.03
8,PE_only,-0.028046,0.2,0.25,0.4,0.7,0.7,0.75,0.9,0.0,0.0,0.0,0.12,0.04
8,PB_only,-0.028047,0.15,0.2,0.3,0.5,0.65,0.75,0.95,0.0,0.0,0.0,0.1,0.04
8,PB_FED,-0.028048,0.1,0.15,0.4,0.7,0.7,0.8,0.85,0.5,0.0,0.0,0.1,0.04
8,PB_only,-0.02805,0.05,0.2,0.3,0.5,0.7,0.8,0.95,0.0,0.0,0.0,0.08,0.03
8,PB_FED,-0.028051,0.2,0.3,0.45,0.55,0.7,0.75,0.85,-0.5,0.0,0.0,0.06,0.04
8,PB_FED,-0.028051,0.1,0.3,0.4,0.5,0.65,0.75,0.95,0.0,0.0,0.0,0.12,0.05
8,PE_only,-0.028052,0.05,0.15,0.45,0.6,0.7,0.75,0.95,0.0,0.0,0.0,0.12,0.05
6,PB_only,-0.02806,0.05,0.25,0.3,0.6,0.7,0.8,0.85,0.0,0.0,0.0,0.08,0.05
8,PB_only,-0.028063,0.15,0.25,0.3,0.5,0.75,0.8,0.85,0.0,0.0,0.0,0.08,0.04
8,PB_only,-0.028066,0.1,0.3,0.4,0.55,0.7,0.75,0.9,0.0,0.0,0.0,0.1,0.03
6,PB_only,-0.028067,0.15,0.3,0.45,0.7,0.65,0.8,0.95,0.0,0.0,0.0,0.08,0.04
6,PB_FED,-0.028068,0.2,0.3,0.45,0.7,0.7,0.85,0.95,-0.5,0.0,0.0,0.06,0.04
8,PB_only,-0.028069,0.05,0.2,0.4,0.55,0.75,0.85,0.95,0.0,0.0,0.0,0.06,0.03
6,PB_only,-0.028072,0.15,0.2,0.35,0.6,0.65,0.75,0.95,0.0,0.0,0.0,0.08,0.04
6,PB_only,-0.028074,0.05,0.15,0.3,0.5,0.7,0.75,0.9,0.0,0.0,0.0,0.06,0.04
8,PE_only,-0.028074,0.05,0.3,0.45,0.7,0.7,0.8,0.95,0.0,0.0,0.0,0.08,0.05
8,PB_FED,-0.028075,0.15,0.3,0.4,0.55,0.7,0.8,0.9,-0.5,0.0,0.0,0.1,0.05
8,PE_only,-0.028081,0.1,0.15,0.45,0.65,0.7,0.8,0.9,0.0,0.0,0.0,0.06,0.04
8,PE_only,-0.028081,0.15,0.25,0.3,0.7,0.65,0.75,0.9,0.0,0.0,0.0,0.08,0.05
8,PB_only,-0.028081,0.05,0.25,0.45,0.55,0.7,0.75,0.85,0.0,0.0,0.0,0.08,0.05
6,PB_only,-0.028082,0.2,0.25,0.3,0.6,0.65,0.8,0.9,0.0,0.0,0.0,0.08,0.03
8,PB_FED,-0.028082,0.15,0.25,0.35,0.5,0.65,0.8,0.9,-0.5,0.0,0.0,0.12,0.05
6,PB_only,-0.028095,0.2,0.3,0.4,0.65,0.65,0.85,0.9,0.0,0.0,0.0,0.12,0.05
8,PE_only,-0.028098,0.15,0.25,0.35,0.7,0.7,0.8,0.9,0.0,0.0,0.0,0.1,0.05
6,PB_only,-0.028099,0.05,0.25,0.4,0.65,0.75,0.85,0.95,0.0,0.0,0.0,0.1,0.05
6,PB_only,-0.028099,0.05,0.25,0.4,0.65,0.7,0.85,0.95,0.0,0.0,0.0,0.1,0.05
6,PB_only,-0.028102,0.1,0.15,0.3,0.5,0.65,0.8,0.85,0.0,0.0,0.0,0.1,0.03
8,PE_FED,-0.028102,0.2,0.3,0.4,0.65,0.75,0.8,0.95,-0.5,0.0,0.0,0.06,0.05
8,PE_only,-0.028105,0.1,0.15,0.3,0.65,0.65,0.8,0.85,0.0,0.0,0.0,0.08,0.04
8,PE_FED,-0.028105,0.15,0.2,0.45,0.65,0.7,0.85,0.9,-0.5,0.0,0.0,0.08,0.05
8,PB_only,-0.028106,0.1,0.2,0.3,0.5,0.65,0.8,0.85,0.0,0.0,0.0,0.06,0.05
8,PE_only,-0.028107,0.05,0.15,0.3,0.6,0.65,0.75,0.9,0.0,0.0,0.0,0.06,0.04
8,PE_FED,-0.028108,0.1,0.15,0.3,0.55,0.7,0.8,0.85,0.0,0.0,0.0,0.12,0.05
8,PB_FED,-0.028108,0.05,0.15,0.4,0.7,0.75,0.8,0.9,0.5,0.0,0.0,0.12,0.03
8,PB_FED,-0.02811,0.15,0.25,0.4,0.5,0.75,0.85,0.95,0.0,0.0,0.0,0.08,0.05
8,PB_FED,-0.028112,0.05,0.25,0.3,0.5,0.7,0.85,0.95,-0.5,0.0,0.0,0.12,0.03
8,PB_only,-0.028116,0.1,0.2,0.3,0.5,0.65,0.75,0.95,0.0,0.0,0.0,0.06,0.04
6,PB_FED,-0.028118,0.15,0.2,0.35,0.55,0.7,0.8,0.85,-0.5,0.0,0.0,0.06,0.04
6,PB_FED,-0.028119,0.2,0.3,0.45,0.7,0.7,0.85,0.95,-0.5,0.0,0.0,0.1,0.05
8,PB_only,-0.02812,0.05,0.3,0.35,0.55,0.7,0.75,0.85,0.0,0.0,0.0,0.06,0.04
8,PB_only,-0.028121,0.1,0.2,0.4,0.55,0.7,0.8,0.95,0.0,0.0,0.0,0.12,0.04
8,PE_PB_FED,-0.028123,0.15,0.2,0.35,0.7,0.65,0.8,0.95,-0.5,0.65,0.7,0.1,0.05
8,PE_FED,-0.028131,0.05,0.3,0.4,0.65,0.7,0.8,0.9,0.0,0.0,0.0,0.08,0.03
8,PB_only,-0.028132,0.1,0.2,0.35,0.5,0.65,0.8,0.85,0.0,0.0,0.0,0.12,0.04
8,PB_only,-0.028138,0.05,0.2,0.4,0.5,0.7,0.75,0.9,0.0,0.0,0.0,0.06,0.04
6,PB_only,-0.02814,0.15,0.2,0.4,0.6,0.7,0.8,0.9,0.0,0.0,0.0,0.08,0.04
6,PB_only,-0.02814,0.05,0.25,0.35,0.6,0.65,0.8,0.85,0.0,0.0,0.0,0.1,0.04
8,PB_FED,-0.028145,0.2,0.25,0.3,0.5,0.75,0.8,0.95,-0.5,0.0,0.0,0.1,0.03
6,PB_only,-0.028146,0.1,0.25,0.3,0.55,0.7,0.8,0.95,0.0,0.0,0.0,0.06,0.03
6,PB_FED,-0.028148,0.1,0.15,0.3,0.55,0.65,0.8,0.95,-0.5,0.0,0.0,0.12,0.04
8,PB_only,-0.028153,0.1,0.3,0.45,0.6,0.65,0.8,0.9,0.0,0.0,0.0,0.06,0.05
8,PE_only,-0.028157,0.2,0.25,0.35,0.7,0.65,0.85,0.95,0.0,0.0,0.0,0.08,0.04
6,PB_only,-0.028159,0.2,0.3,0.45,0.65,0.75,0.85,0.9,0.0,0.0,0.0,0.06,0.04
8,PB_FED,-0.028159,0.2,0.3,0.35,0.5,0.7,0.8,0.85,0.0,0.0,0.0,0.1,0.04
8,PE_only,-0.028161,0.2,0.25,0.45,0.7,0.75,0.85,0.95,0.0,0.0,0.0,0.06,0.04
6,PB_only,-0.028163,0.05,0.25,0.35,0.6,0.75,0.8,0.85,0.0,0.0,0.0,0.08,0.04
8,PB_only,-0.028167,0.1,0.15,0.35,0.5,0.65,0.8,0.95,0.0,0.0,0.0,0.08,0.03
8,PB_FED,-0.028167,0.2,0.25,0.4,0.5,0.75,0.8,0.85,-0.5,0.0,0.0,0.1,0.03
8,PE_PB_FED,-0.028168,0.05,0.15,0.45,0.7,0.7,0.8,0.9,0.0,0.65,0.7,0.12,0.05
6,PB_FED,-0.028171,0.1,0.2,0.35,0.55,0.7,0.8,0.85,0.0,0.0,0.0,0.12,0.04
8,PB_FED,-0.028176,0.2,0.25,0.4,0.5,0.65,0.85,0.9,0.0,0.0,0.0,0.06,0.04
8,PE_only,-0.028181,0.05,0.2,0.35,0.65,0.7,0.8,0.9,0.0,0.0,0.0,0.1,0.04
8,PB_only,-0.028192,0.1,0.3,0.4,0.6,0.65,0.85,0.9,0.0,0.0,0.0,0.1,0.05
6,PB_only,-0.028193,0.1,0.15,0.3,0.5,0.7,0.75,0.85,0.0,0.0,0.0,0.06,0.04
8,PE_only,-0.028195,0.15,0.3,0.4,0.7,0.7,0.85,0.95,0.0,0.0,0.0,0.1,0.05
6,PB_FED,-0.028197,0.05,0.3,0.35,0.7,0.65,0.85,0.95,-0.5,0.0,0.0,0.1,0.04
6,PB_only,-0.0282,0.15,0.25,0.45,0.6,0.65,0.75,0.9,0.0,0.0,0.0,0.06,0.03
6,PB_FED,-0.0282,0.15,0.25,0.45,0.6,0.65,0.8,0.85,-0.5,0.0,0.0,0.08,0.03
6,PB_only,-0.028205,0.15,0.2,0.35,0.6,0.75,0.8,0.9,0.0,0.0,0.0,0.1,0.05
8,PE_FED,-0.028206,0.15,0.3,0.45,0.7,0.65,0.85,0.9,-0.5,0.0,0.0,0.06,0.04
8,PB_only,-0.028209,0.05,0.25,0.3,0.5,0.7,0.75,0.9,0.0,0.0,0.0,0.06,0.05
8,PB_FED,-0.028209,0.15,0.3,0.4,0.5,0.75,0.8,0.9,0.0,0.0,0.0,0.08,0.04
6,PB_FED,-0.028211,0.15,0.25,0.4,0.65,0.75,0.8,0.9,0.0,0.0,0.0,0.06,0.05
8,PB_only,-0.028212,0.15,0.25,0.3,0.5,0.7,0.75,0.85,0.0,0.0,0.0,0.08,0.05
8,PB_only,-0.028213,0.2,0.25,0.4,0.6,0.65,0.85,0.95,0.0,0.0,0.0,0.06,0.04
6,PB_only,-0.028217,0.1,0.3,0.35,0.65,0.65,0.8,0.9,0.0,0.0,0.0,0.08,0.05
8,PE_only,-0.028217,0.1,0.25,0.3,0.7,0.75,0.8,0.9,0.0,0.0,0.0,0.1,0.05
8,PB_only,-0.02822,0.05,0.2,0.3,0.5,0.65,0.8,0.9,0.0,0.0,0.0,0.12,0.05
6,PB_FED,-0.028224,0.1,0.2,0.4,0.55,0.75,0.8,0.85,-0.5,0.0,0.0,0.12,0.03
8,PB_only,-0.028224,0.2,0.3,0.45,0.6,0.7,0.8,0.85,0.0,0.0,0.0,0.06,0.05
6,PB_only,-0.028228,0.1,0.15,0.4,0.55,0.75,0.8,0.95,0.0,0.0,0.0,0.1,0.05
8,PE_only,-0.028231,0.1,0.15,0.3,0.6,0.7,0.85,0.95,0.0,0.0,0.0,0.06,0.03
8,PE_FED,-0.028231,0.05,0.2,0.4,0.6,0.65,0.85,0.9,0.0,0.0,0.0,0.12,0.03
8,PB_only,-0.028232,0.2,0.3,0.35,0.55,0.65,0.75,0.9,0.0,0.0,0.0,0.06,0.03
8,PE_only,-0.028233,0.1,0.2,0.4,0.65,0.65,0.85,0.95,0.0,0.0,0.0,0.12,0.05
8,PE_only,-0.028234,0.15,0.2,0.35,0.6,0.75,0.8,0.95,0.0,0.0,0.0,0.08,0.03
8,PB_only,-0.028238,0.05,0.25,0.35,0.55,0.75,0.8,0.85,0.0,0.0,0.0,0.08,0.05
6,PB_only,-0.028239,0.1,0.15,0.45,0.6,0.7,0.8,0.85,0.0,0.0,0.0,0.06,0.05
6,PB_FED,-0.028239,0.05,0.2,0.45,0.55,0.65,0.75,0.85,-0.5,0.0,0.0,0.1,0.03
6,PB_only,-0.028241,0.1,0.3,0.35,0.65,0.75,0.8,0.9,0.0,0.0,0.0,0.08,0.05
6,PB_FED,-0.028242,0.05,0.25,0.35,0.65,0.75,0.8,0.85,0.0,0.0,0.0,0.12,0.04
6,PB_only,-0.028243,0.15,0.25,0.35,0.6,0.65,0.75,0.85,0.0,0.0,0.0,0.12,0.05
8,PE_PB_FED,-0.028244,0.15,0.25,0.4,0.7,0.7,0.8,0.95,0.0,0.65,0.75,0.08,0.04
8,PB_only,-0.028244,0.1,0.25,0.4,0.55,0.65,0.75,0.95,0.0,0.0,0.0,0.06,0.04
8,PB_only,-0.028251,0.1,0.2,0.45,0.55,0.7,0.8,0.9,0.0,0.0,0.0,0.12,0.05
8,PB_only,-0.028254,0.2,0.25,0.35,0.55,0.7,0.75,0.95,0.0,0.0,0.0,0.1,0.04
8,PB_only,-0.028255,0.15,0.25,0.3,0.5,0.65,0.75,0.95,0.0,0.0,0.0,0.06,0.03
8,PE_only,-0.028258,0.05,0.3,0.35,0.7,0.65,0.85,0.95,0.0,0.0,0.0,0.08,0.03
8,PB_FED,-0.028258,0.15,0.25,0.4,0.5,0.7,0.8,0.95,-0.5,0.0,0.0,0.12,0.03
6,PB_only,-0.028259,0.1,0.2,0.35,0.55,0.7,0.8,0.9,0.0,0.0,0.0,0.08,0.05
8,PE_FED,-0.028259,0.15,0.3,0.35,0.7,0.7,0.85,0.9,0.0,0.0,0.0,0.06,0.05
8,PE_only,-0.02826,0.05,0.2,0.4,0.7,0.65,0.85,0.9,0.0,0.0,0.0,0.08,0.05
8,PE_only,-0.028263,0.1,0.2,0.45,0.7,0.65,0.75,0.85,0.0,0.0,0.0,0.1,0.03
8,PE_only,-0.028267,0.05,0.15,0.4,0.6,0.7,0.75,0.9,0.0,0.0,0.0,0.12,0.03
8,PE_only,-0.028268,0.1,0.2,0.35,0.6,0.65,0.75,0.95,0.0,0.0,0.0,0.06,0.03
8,PB_FED,-0.028268,0.05,0.15,0.35,0.6,0.65,0.75,0.9,0.5,0.0,0.0,0.12,0.03
8,PE_only,-0.028272,0.05,0.15,0.45,0.65,0.7,0.75,0.85,0.0,0.0,0.0,0.06,0.04
8,PB_only,-0.028273,0.1,0.15,0.4,0.5,0.7,0.8,0.85,0.0,0.0,0.0,0.1,0.05
8,PE_only,-0.028277,0.1,0.2,0.3,0.6,0.7,0.8,0.95,0.0,0.0,0.0,0.08,0.03
8,PE_PB_FED,-0.028279,0.05,0.15,0.4,0.65,0.65,0.85,0.95,-0.5,0.65,0.8,0.08,0.03
8,PB_FED,-0.028282,0.1,0.25,0.45,0.55,0.65,0.85,0.95,-0.5,0.0,0.0,0.1,0.04
8,PB_FED,-0.028285,0.1,0.25,0.3,0.7,0.65,0.8,0.9,0.5,0.0,0.0,0.06,0.03
6,PB_only,-0.028286,0.15,0.25,0.3,0.55,0.75,0.8,0.9,0.0,0.0,0.0,0.06,0.05
8,PE_FED,-0.028289,0.1,0.15,0.4,0.55,0.7,0.85,0.9,0.0,0.0,0.0,0.12,0.04
6,PB_FED,-0.028291,0.2,0.25,0.35,0.65,0.7,0.8,0.95,0.0,0.0,0.0,0.12,0.03
8,PB_only,-0.028295,0.1,0.15,0.35,0.5,0.75,0.85,0.9,0.0,0.0,0.0,0.12,0.04
6,PB_only,-0.028297,0.2,0.25,0.3,0.6,0.65,0.75,0.9,0.0,0.0,0.0,0.12,0.05
8,PB_only,-0.028297,0.15,0.25,0.4,0.55,0.75,0.8,0.9,0.0,0.0,0.0,0.12,0.05
6,PB_only,-0.028298,0.15,0.25,0.3,0.6,0.75,0.8,0.9,0.0,0.0,0.0,0.1,0.05
6,PB_only,-0.028301,0.05,0.2,0.35,0.55,0.7,0.85,0.9,0.0,0.0,0.0,0.06,0.04
6,PB_only,-0.028303,0.05,0.25,0.45,0.65,0.65,0.8,0.95,0.0,0.0,0.0,0.08,0.03
8,PE_only,-0.028303,0.05,0.2,0.35,0.65,0.65,0.75,0.9,0.0,0.0,0.0,0.1,0.05
8,PB_only,-0.028308,0.1,0.2,0.35,0.5,0.65,0.75,0.85,0.0,0.0,0.0,0.1,0.05
6,PB_FED,-0.028309,0.1,0.2,0.35,0.55,0.7,0.8,0.9,-0.5,0.0,0.0,0.06,0.03
8,PE_only,-0.028309,0.15,0.2,0.3,0.65,0.7,0.75,0.9,0.0,0.0,0.0,0.12,0.05
8,PE_only,-0.028309,0.05,0.15,0.45,0.6,0.7,0.8,0.95,0.0,0.0,0.0,0.1,0.05
8,PB_only,-0.028311,0.15,0.2,0.45,0.55,0.75,0.8,0.85,0.0,0.0,0.0,0.1,0.05
6,PB_FED,-0.028313,0.05,0.2,0.3,0.55,0.65,0.75,0.95,-0.5,0.0,0.0,0.08,0.05
8,PB_FED,-0.028315,0.15,0.3,0.35,0.55,0.7,0.85,0.9,-0.5,0.0,0.0,0.08,0.05
8,PB_only,-0.028319,0.2,0.25,0.4,0.55,0.7,0.85,0.9,0.0,0.0,0.0,0.1,0.03
6,PB_only,-0.028321,0.05,0.25,0.35,0.55,0.75,0.85,0.9,0.0,0.0,0.0,0.06,0.03
6,PB_only,-0.028327,0.1,0.25,0.3,0.6,0.65,0.8,0.9,0.0,0.0,0.0,0.1,0.05
6,PB_FED,-0.028328,0.05,0.25,0.35,0.7,0.65,0.8,0.95,0.0,0.0,0.0,0.1,0.03
8,PB_FED,-0.028329,0.1,0.3,0.45,0.5,0.65,0.8,0.9,0.0,0.0,0.0,0.12,0.03
8,PE_FED,-0.02833,0.1,0.25,0.45,0.6,0.65,0.75,0.9,0.0,0.0,0.0,0.1,0.05
6,PB_only,-0.028331,0.1,0.2,0.45,0.55,0.65,0.8,0.85,0.0,0.0,0.0,0.12,0.04
8,PE_only,-0.028331,0.2,0.25,0.35,0.65,0.65,0.8,0.95,0.0,0.0,0.0,0.1,0.03
8,PE_only,-0.028331,0.2,0.25,0.35,0.65,0.65,0.8,0.95,0.0,0.0,0.0,0.12,0.03
6,PB_only,-0.028336,0.1,0.15,0.35,0.55,0.7,0.85,0.95,0.0,0.0,0.0,0.06,0.04
6,PB_only,-0.028338,0.1,0.2,0.45,0.55,0.75,0.8,0.9,0.0,0.0,0.0,0.06,0.03
8,PE_PB_FED,-0.028339,0.1,0.15,0.4,0.6,0.65,0.8,0.95,-0.5,0.65,0.75,0.1,0.03
8,PB_FED,-0.028339,0.05,0.3,0.35,0.55,0.65,0.8,0.9,-0.5,0.0,0.0,0.08,0.05
8,PE_PB_FED,-0.02834,0.05,0.15,0.4,0.7,0.7,0.85,0.95,0.0,0.6,0.7,0.08,0.05
8,PE_only,-0.028342,0.15,0.25,0.3,0.7,0.75,0.8,0.85,0.0,0.0,0.0,0.08,0.04
8,PB_FED,-0.028342,0.15,0.3,0.45,0.5,0.65,0.75,0.85,0.0,0.0,0.0,0.08,0.05
6,PB_only,-0.028345,0.05,0.2,0.45,0.6,0.75,0.8,0.9,0.0,0.0,0.0,0.1,0.03
6,PB_only,-0.028347,0.05,0.25,0.3,0.55,0.7,0.85,0.9,0.0,0.0,0.0,0.1,0.04
8,PE_FED,-0.02835,0.15,0.3,0.35,0.65,0.65,0.8,0.9,0.0,0.0,0.0,0.08,0.05
8,PB_only,-0.028358,0.1,0.3,0.35,0.55,0.65,0.8,0.85,0.0,0.0,0.0,0.06,0.03
8,PB_FED,-0.02836,0.15,0.3,0.45,0.55,0.75,0.8,0.95,-0.5,0.0,0.0,0.06,0.03
8,PB_only,-0.028362,0.1,0.2,0.35,0.55,0.7,0.85,0.95,0.0,0.0,0.0,0.08,0.04
8,PB_only,-0.028362,0.15,0.25,0.3,0.5,0.75,0.85,0.9,0.0,0.0,0.0,0.1,0.03
8,PB_only,-0.028369,0.15,0.2,0.45,0.5,0.65,0.75,0.85,0.0,0.0,0.0,0.06,0.04
8,PB_FED,-0.02837,0.15,0.2,0.35,0.7,0.7,0.75,0.9,0.5,0.0,0.0,0.08,0.05
6,PB_only,-0.028372,0.15,0.25,0.3,0.55,0.65,0.8,0.95,0.0,0.0,0.0,0.1,0.03
8,PE_only,-0.028378,0.1,0.15,0.3,0.6,0.7,0.75,0.9,0.0,0.0,0.0,0.12,0.03
8,PE_only,-0.028378,0.1,0.15,0.3,0.6,0.65,0.75,0.9,0.0,0.0,0.0,0.06,0.03
6,PB_only,-0.028379,0.2,0.3,0.45,0.7,0.65,0.8,0.95,0.0,0.0,0.0,0.1,0.05
8,PE_FED,-0.028381,0.1,0.3,0.45,0.65,0.7,0.85,0.95,0.0,0.0,0.0,0.1,0.04
6,PB_only,-0.028384,0.15,0.25,0.4,0.55,0.7,0.8,0.85,0.0,0.0,0.0,0.06,0.04
8,PE_FED,-0.028385,0.05,0.3,0.4,0.7,0.65,0.75,0.85,-0.5,0.0,0.0,0.12,0.05
6,PB_only,-0.02839,0.05,0.3,0.35,0.65,0.7,0.75,0.95,0.0,0.0,0.0,0.08,0.04
6,PB_only,-0.02839,0.1,0.15,0.35,0.55,0.65,0.85,0.95,0.0,0.0,0.0,0.06,0.05
6,PB_FED,-0.02839,0.15,0.3,0.45,0.65,0.75,0.8,0.95,-0.5,0.0,0.0,0.1,0.03
8,PE_only,-0.02839,0.1,0.15,0.35,0.65,0.7,0.85,0.9,0.0,0.0,0.0,0.06,0.04
8,PB_only,-0.028393,0.05,0.3,0.4,0.6,0.75,0.85,0.9,0.0,0.0,0.0,0.08,0.05
8,PE_FED,-0.0284,0.2,0.25,0.3,0.6,0.65,0.75,0.9,0.0,0.0,0.0,0.12,0.05
8,PE_only,-0.028401,0.05,0.15,0.4,0.65,0.7,0.8,0.85,0.0,0.0,0.0,0.06,0.05
6,PB_FED,-0.028405,0.15,0.2,0.3,0.5,0.7,0.75,0.85,0.0,0.0,0.0,0.12,0.04
8,PB_only,-0.028407,0.2,0.25,0.35,0.55,0.65,0.8,0.85,0.0,0.0,0.0,0.08,0.05
8,PE_FED,-0.02841,0.15,0.3,0.4,0.6,0.65,0.75,0.95,-0.5,0.0,0.0,0.08,0.03
8,PE_only,-0.028413,0.1,0.25,0.4,0.65,0.7,0.8,0.95,0.0,0.0,0.0,0.08,0.04
8,PB_only,-0.028416,0.05,0.15,0.35,0.5,0.75,0.8,0.95,0.0,0.0,0.0,0.1,0.04
8,PE_only,-0.028417,0.05,0.15,0.3,0.6,0.7,0.85,0.95,0.0,0.0,0.0,0.1,0.05
8,PE_only,-0.028419,0.15,0.2,0.4,0.65,0.7,0.8,0.9,0.0,0.0,0.0,0.12,0.04
6,PB_only,-0.028421,0.2,0.3,0.45,0.7,0.65,0.85,0.95,0.0,0.0,0.0,0.08,0.04
8,PE_FED,-0.028428,0.05,0.3,0.35,0.65,0.65,0.85,0.95,-0.5,0.0,0.0,0.08,0.05
6,PB_FED,-0.028429,0.1,0.25,0.3,0.65,0.7,0.8,0.95,0.0,0.0,0.0,0.12,0.04
8,PE_only,-0.028429,0.15,0.3,0.4,0.7,0.7,0.75,0.9,0.0,0.0,0.0,0.12,0.04
8,PB_only,-0.028429,0.05,0.25,0.35,0.55,0.7,0.85,0.95,0.0,0.0,0.0,0.06,0.03
6,PB_only,-0.028431,0.05,0.15,0.35,0.5,0.7,0.75,0.85,0.0,0.0,0.0,0.12,0.03
8,PE_FED,-0.028431,0.2,0.25,0.4,0.65,0.75,0.8,0.85,0.0,0.0,0.0,0.06,0.03
8,PE_only,-0.028432,0.1,0.2,0.45,0.7,0.75,0.8,0.85,0.0,0.0,0.0,0.06,0.05
8,PB_only,-0.028434,0.1,0.2,0.35,0.5,0.7,0.85,0.9,0.0,0.0,0.0,0.06,0.03
8,PB_only,-0.028435,0.1,0.2,0.4,0.5,0.75,0.8,0.9,0.0,0.0,0.0,0.08,0.03
8,PE_only,-0.02844,0.05,0.15,0.3,0.55,0.7,0.75,0.95,0.0,0.0,0.0,0.12,0.03
6,PB_only,-0.028444,0.2,0.25,0.45,0.65,0.75,0.8,0.85,0.0,0.0,0.0,0.12,0.05
8,PE_FED,-0.028447,0.2,0.3,0.4,0.7,0.75,0.8,0.85,-0.5,0.0,0.0,0.12,0.03
6,PB_FED,-0.028455,0.2,0.3,0.4,0.7,0.65,0.8,0.85,0.0,0.0,0.0,0.1,0.04
8,PE_only,-0.028455,0.15,0.2,0.35,0.65,0.7,0.75,0.9,0.0,0.0,0.0,0.1,0.05
8,PE_only,-0.028456,0.1,0.2,0.35,0.6,0.75,0.8,0.95,0.0,0.0,0.0,0.12,0.03
8,PB_only,-0.028457,0.1,0.25,0.3,0.5,0.7,0.85,0.9,0.0,0.0,0.0,0.08,0.03
8,PB_only,-0.028457,0.1,0.25,0.3,0.5,0.75,0.85,0.9,0.0,0.0,0.0,0.08,0.03
8,PE_FED,-0.028458,0.05,0.25,0.4,0.65,0.75,0.85,0.9,-0.5,0.0,0.0,0.06,0.03
8,PB_only,-0.028458,0.05,0.15,0.4,0.5,0.7,0.8,0.9,0.0,0.0,0.0,0.08,0.05
8,PE_only,-0.028464,0.2,0.25,0.45,0.7,0.7,0.75,0.9,0.0,0.0,0.0,0.08,0.04
8,PE_PB_FED,-0.028464,0.1,0.2,0.35,0.7,0.75,0.8,0.95,0.0,0.6,0.7,0.1,0.04
8,PB_only,-0.028467,0.2,0.25,0.45,0.55,0.7,0.75,0.95,0.0,0.0,0.0,0.08,0.03
6,PB_only,-0.028469,0.05,0.2,0.4,0.6,0.7,0.8,0.85,0.0,0.0,0.0,0.08,0.05
8,PE_only,-0.028471,0.05,0.25,0.35,0.7,0.65,0.8,0.9,0.0,0.0,0.0,0.1,0.05
6,PB_only,-0.028472,0.05,0.15,0.3,0.5,0.7,0.8,0.85,0.0,0.0,0.0,0.06,0.04
8,PB_only,-0.028479,0.1,0.25,0.3,0.55,0.65,0.85,0.95,0.0,0.0,0.0,0.08,0.05
8,PE_only,-0.028481,0.05,0.25,0.35,0.65,0.7,0.85,0.95,0.0,0.0,0.0,0.12,0.03
6,PB_only,-0.028482,0.1,0.15,0.3,0.5,0.7,0.75,0.95,0.0,0.0,0.0,0.12,0.03
6,PB_FED,-0.028483,0.15,0.2,0.45,0.55,0.65,0.75,0.9,-0.5,0.0,0.0,0.06,0.03
8,PB_only,-0.028486,0.05,0.25,0.35,0.55,0.75,0.8,0.95,0.0,0.0,0.0,0.06,0.04
8,PE_only,-0.028487,0.05,0.3,0.35,0.7,0.7,0.75,0.9,0.0,0.0,0.0,0.12,0.04
8,PE_only,-0.02849,0.1,0.25,0.4,0.65,0.65,0.8,0.95,0.0,0.0,0.0,0.1,0.05
8,PB_FED,-0.028496,0.2,0.25,0.4,0.5,0.75,0.8,0.9,-0.5,0.0,0.0,0.06,0.03
6,PB_only,-0.028501,0.2,0.25,0.35,0.65,0.65,0.8,0.95,0.0,0.0,0.0,0.1,0.04
6,PB_FED,-0.028501,0.2,0.25,0.3,0.6,0.75,0.85,0.9,-0.5,0.0,0.0,0.12,0.03
6,PB_only,-0.028502,0.2,0.3,0.45,0.65,0.65,0.85,0.9,0.0,0.0,0.0,0.1,0.05
8,PE_FED,-0.028504,0.05,0.3,0.35,0.7,0.65,0.85,0.9,0.0,0.0,0.0,0.06,0.03
8,PB_FED,-0.028504,0.05,0.3,0.4,0.5,0.7,0.8,0.85,0.0,0.0,0.0,0.1,0.03
8,PB_FED,-0.028504,0.15,0.25,0.4,0.5,0.7,0.8,0.9,-0.5,0.0,0.0,0.06,0.05
8,PB_only,-0.028508,0.1,0.3,0.35,0.55,0.65,0.8,0.85,0.0,0.0,0.0,0.12,0.04
8,PB_only,-0.028514,0.05,0.25,0.35,0.5,0.7,0.75,0.9,0.0,0.0,0.0,0.06,0.04
8,PE_FED,-0.028516,0.05,0.15,0.4,0.55,0.7,0.8,0.9,-0.5,0.0,0.0,0.1,0.03
6,PB_FED,-0.028517,0.1,0.2,0.45,0.6,0.65,0.8,0.9,0.0,0.0,0.0,0.08,0.05
8,PE_only,-0.02852,0.15,0.3,0.35,0.7,0.7,0.8,0.9,0.0,0.0,0.0,0.06,0.03
8,PE_only,-0.028521,0.05,0.2,0.35,0.6,0.7,0.75,0.95,0.0,0.0,0.0,0.06,0.04
6,PB_only,-0.028532,0.1,0.25,0.3,0.55,0.75,0.8,0.85,0.0,0.0,0.0,0.1,0.05
8,PE_only,-0.028533,0.15,0.2,0.45,0.65,0.75,0.85,0.95,0.0,0.0,0.0,0.06,0.05
8,PE_PB_FED,-0.028542,0.15,0.2,0.3,0.6,0.65,0.75,0.95,0.0,0.6,0.75,0.12,0.03
8,PE_FED,-0.028548,0.1,0.3,0.45,0.7,0.65,0.75,0.85,0.0,0.0,0.0,0.1,0.05
8,PE_only,-0.028553,0.1,0.2,0.45,0.65,0.65,0.75,0.9,0.0,0.0,0.0,0.1,0.03
6,PB_FED,-0.028557,0.05,0.25,0.4,0.65,0.65,0.75,0.9,0.0,0.0,0.0,0.08,0.04
8,PB_only,-0.028559,0.05,0.15,0.45,0.55,0.65,0.85,0.95,0.0,0.0,0.0,0.06,0.04
8,PE_FED,-0.02856,0.1,0.3,0.45,0.7,0.65,0.8,0.85,0.0,0.0,0.0,0.12,0.03
8,PB_only,-0.028561,0.15,0.2,0.45,0.55,0.75,0.8,0.95,0.0,0.0,0.0,0.06,0.05
6,PB_only,-0.028563,0.2,0.3,0.4,0.65,0.65,0.8,0.9,0.0,0.0,0.0,0.1,0.04
6,PB_FED,-0.028563,0.2,0.25,0.35,0.6,0.65,0.75,0.9,-0.5,0.0,0.0,0.08,0.04
8,PE_FED,-0.028568,0.05,0.25,0.3,0.55,0.7,0.75,0.9,0.0,0.0,0.0,0.08,0.04
8,PB_FED,-0.02857,0.1,0.15,0.35,0.65,0.65,0.8,0.9,0.5,0.0,0.0,0.12,0.04
8,PE_only,-0.028572,0.1,0.15,0.3,0.6,0.65,0.75,0.9,0.0,0.0,0.0,0.12,0.04
8,PB_only,-0.028573,0.1,0.2,0.3,0.5,0.65,0.85,0.9,0.0,0.0,0.0,0.08,0.04
6,PB_only,-0.028579,0.05,0.3,0.35,0.65,0.75,0.85,0.95,0.0,0.0,0.0,0.1,0.03
6,PB_only,-0.028585,0.2,0.25,0.3,0.6,0.65,0.8,0.9,0.0,0.0,0.0,0.06,0.04
8,PE_FED,-0.028586,0.15,0.25,0.3,0.6,0.75,0.8,0.85,0.0,0.0,0.0,0.06,0.04
8,PB_only,-0.028588,0.05,0.3,0.35,0.55,0.7,0.8,0.85,0.0,0.0,0.0,0.06,0.04
8,PE_only,-0.028589,0.15,0.25,0.3,0.7,0.75,0.8,0.85,0.0,0.0,0.0,0.06,0.05
8,PB_only,-0.028589,0.1,0.15,0.45,0.55,0.65,0.85,0.95,0.0,0.0,0.0,0.08,0.04
8,PB_only,-0.028589,0.05,0.25,0.3,0.5,0.7,0.8,0.9,0.0,0.0,0.0,0.1,0.04
6,PB_only,-0.028591,0.2,0.25,0.4,0.65,0.65,0.85,0.95,0.0,0.0,0.0,0.06,0.05
6,PB_only,-0.028593,0.05,0.25,0.4,0.6,0.7,0.8,0.85,0.0,0.0,0.0,0.06,0.03
6,PB_FED,-0.028595,0.2,0.3,0.35,0.7,0.7,0.8,0.85,0.0,0.0,0.0,0.1,0.05
8,PE_only,-0.028597,0.05,0.2,0.35,0.6,0.7,0.75,0.95,0.0,0.0,0.0,0.08,0.05
8,PE_only,-0.0286,0.1,0.25,0.3,0.65,0.65,0.85,0.95,0.0,0.0,0.0,0.08,0.03
8,PE_only,-0.0286,0.1,0.25,0.3,0.65,0.65,0.85,0.95,0.0,0.0,0.0,0.1,0.03
8,PB_only,-0.0286,0.1,0.2,0.3,0.5,0.7,0.85,0.9,0.0,0.0,0.0,0.1,0.04
8,PB_only,-0.028601,0.15,0.2,0.45,0.5,0.7,0.75,0.9,0.0,0.0,0.0,0.1,0.04
8,PB_only,-0.028601,0.15,0.2,0.45,0.5,0.7,0.75,0.9,0.0,0.0,0.0,0.08,0.04
8,PE_PB_FED,-0.028602,0.1,0.15,0.4,0.7,0.75,0.85,0.9,0.0,0.65,0.7,0.06,0.05
6,PB_FED,-0.028603,0.1,0.2,0.4,0.6,0.7,0.8,0.95,0.0,0.0,0.0,0.12,0.05
6,PB_FED,-0.028604,0.15,0.3,0.4,0.65,0.75,0.8,0.95,-0.5,0.0,0.0,0.1,0.05
8,PE_only,-0.028604,0.05,0.15,0.35,0.6,0.7,0.8,0.9,0.0,0.0,0.0,0.12,0.03
6,PB_only,-0.028606,0.1,0.2,0.45,0.6,0.65,0.75,0.85,0.0,0.0,0.0,0.12,0.05
6,PB_FED,-0.028609,0.15,0.25,0.3,0.6,0.65,0.75,0.95,0.0,0.0,0.0,0.1,0.04
8,PE_only,-0.028609,0.15,0.3,0.4,0.7,0.75,0.8,0.9,0.0,0.0,0.0,0.06,0.03
6,PB_only,-0.028611,0.05,0.25,0.4,0.6,0.7,0.8,0.85,0.0,0.0,0.0,0.08,0.04
6,PB_only,-0.028611,0.05,0.2,0.35,0.55,0.7,0.8,0.95,0.0,0.0,0.0,0.06,0.04
6,PB_only,-0.028612,0.05,0.2,0.45,0.6,0.65,0.75,0.95,0.0,0.0,0.0,0.12,0.03
8,PE_FED,-0.028614,0.15,0.25,0.35,0.6,0.7,0.8,0.85,0.0,0.0,0.0,0.06,0.03
6,PB_only,-0.028615,0.05,0.2,0.35,0.55,0.75,0.85,0.95,0.0,0.0,0.0,0.12,0.03
6,PB_only,-0.028615,0.05,0.2,0.35,0.55,0.7,0.85,0.95,0.0,0.0,0.0,0.1,0.03
8,PB_only,-0.028618,0.15,0.2,0.4,0.55,0.7,0.85,0.95,0.0,0.0,0.0,0.1,0.04
8,PE_only,-0.028629,0.05,0.25,0.45,0.7,0.75,0.8,0.9,0.0,0.0,0.0,0.06,0.05
8,PE_only,-0.028629,0.05,0.25,0.45,0.65,0.7,0.8,0.95,0.0,0.0,0.0,0.08,0.04
6,PB_only,-0.028632,0.05,0.25,0.35,0.55,0.7,0.8,0.85,0.0,0.0,0.0,0.08,0.05
8,PB_FED,-0.028635,0.15,0.25,0.45,0.5,0.7,0.85,0.95,0.0,0.0,0.0,0.06,0.04
8,PB_only,-0.028637,0.15,0.3,0.4,0.55,0.65,0.8,0.85,0.0,0.0,0.0,0.06,0.04
6,PB_FED,-0.028638,0.1,0.2,0.35,0.55,0.7,0.85,0.9,-0.5,0.0,0.0,0.08,0.03
6,PB_FED,-0.02864,0.1,0.25,0.3,0.55,0.65,0.8,0.85,-0.5,0.0,0.0,0.12,0.03
8,PE_only,-0.028641,0.15,0.25,0.45,0.65,0.75,0.8,0.95,0.0,0.0,0.0,0.12,0.04
8,PB_only,-0.028644,0.05,0.2,0.4,0.5,0.7,0.75,0.85,0.0,0.0,0.0,0.08,0.05
8,PB_only,-0.028648,0.2,0.3,0.45,0.6,0.75,0.8,0.9,0.0,0.0,0.0,0.12,0.05
6,PB_only,-0.028654,0.2,0.25,0.35,0.6,0.7,0.75,0.95,0.0,0.0,0.0,0.1,0.03
6,PB_only,-0.028654,0.1,0.2,0.35,0.55,0.7,0.85,0.95,0.0,0.0,0.0,0.12,0.03
6,PB_only,-0.028654,0.2,0.25,0.3,0.6,0.65,0.75,0.95,0.0,0.0,0.0,0.1,0.05
8,PE_FED,-0.028657,0.2,0.3,0.35,0.65,0.75,0.8,0.9,0.0,0.0,0.0,0.06,0.04
6,PB_only,-0.028658,0.05,0.25,0.4,0.6,0.65,0.75,0.9,0.0,0.0,0.0,0.08,0.05
8,PB_only,-0.028661,0.05,0.2,0.45,0.55,0.7,0.85,0.95,0.0,0.0,0.0,0.06,0.03
8,PB_only,-0.028662,0.15,0.25,0.35,0.55,0.65,0.8,0.95,0.0,0.0,0.0,0.1,0.04
8,PB_FED,-0.028669,0.05,0.15,0.45,0.5,0.75,0.85,0.95,-0.5,0.0,0.0,0.1,0.04
6,PB_only,-0.028674,0.1,0.2,0.35,0.55,0.7,0.8,0.95,0.0,0.0,0.0,0.08,0.04
8,PE_PB_FED,-0.028676,0.15,0.2,0.35,0.6,0.75,0.8,0.95,0.0,0.65,0.7,0.06,0.04
6,PB_only,-0.028683,0.1,0.3,0.35,0.65,0.65,0.85,0.95,0.0,0.0,0.0,0.12,0.03
6,PB_only,-0.028688,0.15,0.25,0.3,0.55,0.75,0.85,0.95,0.0,0.0,0.0,0.1,0.03
8,PE_FED,-0.028696,0.2,0.3,0.4,0.7,0.75,0.85,0.9,0.0,0.0,0.0,0.06,0.03
8,PB_FED,-0.0287,0.2,0.3,0.35,0.5,0.75,0.8,0.95,0.0,0.0,0.0,0.12,0.03
6,PB_FED,-0.028701,0.05,0.15,0.35,0.55,0.65,0.8,0.9,0.0,0.0,0.0,0.12,0.05
8,PE_only,-0.028704,0.05,0.25,0.45,0.65,0.65,0.8,0.95,0.0,0.0,0.0,0.12,0.05
8,PB_FED,-0.028706,0.1,0.15,0.35,0.7,0.7,0.85,0.9,0.5,0.0,0.0,0.12,0.04
6,PB_only,-0.028709,0.05,0.3,0.35,0.65,0.65,0.75,0.95,0.0,0.0,0.0,0.1,0.04
6,PB_only,-0.028713,0.15,0.25,0.3,0.55,0.7,0.8,0.95,0.0,0.0,0.0,0.06,0.04
6,PB_only,-0.028715,0.2,0.25,0.35,0.55,0.65,0.8,0.9,0.0,0.0,0.0,0.06,0.03
8,PE_only,-0.028715,0.15,0.25,0.35,0.7,0.75,0.8,0.85,0.0,0.0,0.0,0.08,0.05
8,PE_PB_FED,-0.028723,0.15,0.25,0.4,0.65,0.65,0.75,0.95,0.0,0.65,0.75,0.12,0.04
6,PB_only,-0.028729,0.05,0.25,0.4,0.6,0.7,0.75,0.85,0.0,0.0,0.0,0.12,0.05
6,PB_only,-0.028729,0.05,0.25,0.45,0.6,0.65,0.75,0.85,0.0,0.0,0.0,0.06,0.04
8,PE_only,-0.028731,0.05,0.15,0.3,0.55,0.75,0.8,0.95,0.0,0.0,0.0,0.06,0.03
8,PB_only,-0.028733,0.1,0.25,0.35,0.55,0.65,0.85,0.95,0.0,0.0,0.0,0.06,0.03
6,PB_only,-0.028734,0.1,0.2,0.35,0.6,0.65,0.8,0.95,0.0,0.0,0.0,0.12,0.05
8,PE_FED,-0.028735,0.1,0.15,0.45,0.6,0.65,0.85,0.9,-0.5,0.0,0.0,0.12,0.03
6,PB_only,-0.028736,0.05,0.15,0.4,0.55,0.75,0.85,0.95,0.0,0.0,0.0,0.1,0.04
6,PB_only,-0.028744,0.15,0.2,0.3,0.5,0.65,0.75,0.9,0.0,0.0,0.0,0.1,0.03
8,PE_only,-0.028747,0.05,0.15,0.4,0.6,0.7,0.8,0.9,0.0,0.0,0.0,0.12,0.03
8,PE_only,-0.028748,0.1,0.25,0.35,0.7,0.7,0.8,0.85,0.0,0.0,0.0,0.12,0.04
8,PB_only,-0.028748,0.1,0.2,0.45,0.55,0.65,0.8,0.95,0.0,0.0,0.0,0.12,0.05
6,PB_only,-0.028752,0.05,0.25,0.45,0.6,0.7,0.75,0.85,0.0,0.0,0.0,0.06,0.04
6,PB_only,-0.028752,0.2,0.3,0.45,0.65,0.7,0.75,0.85,0.0,0.0,0.0,0.08,0.05
8,PE_PB_FED,-0.028754,0.15,0.25,0.4,0.7,0.65,0.75,0.95,0.0,0.6,0.8,0.08,0.03
8,PE_only,-0.028755,0.15,0.2,0.3,0.6,0.7,0.8,0.95,0.0,0.0,0.0,0.1,0.04
8,PB_only,-0.028758,0.2,0.3,0.4,0.6,0.75,0.85,0.9,0.0,0.0,0.0,0.12,0.05
8,PB_FED,-0.028763,0.05,0.15,0.45,0.5,0.7,0.85,0.95,-0.5,0.0,0.0,0.12,0.05
8,PE_FED,-0.028767,0.05,0.25,0.35,0.55,0.7,0.75,0.9,0.0,0.0,0.0,0.12,0.04
8,PB_FED,-0.028769,0.1,0.25,0.3,0.7,0.65,0.85,0.9,0.5,0.0,0.0,0.08,0.03
6,PB_only,-0.02877,0.05,0.3,0.4,0.65,0.7,0.75,0.95,0.0,0.0,0.0,0.1,0.04
8,PB_FED,-0.028775,0.05,0.15,0.3,0.7,0.75,0.85,0.95,0.5,0.0,0.0,0.12,0.05
8,PB_only,-0.028777,0.1,0.3,0.4,0.55,0.7,0.8,0.85,0.0,0.0,0.0,0.1,0.03
8,PB_FED,-0.028778,0.2,0.25,0.45,0.5,0.75,0.85,0.9,0.0,0.0,0.0,0.06,0.04
6,PB_only,-0.028783,0.1,0.15,0.45,0.6,0.75,0.8,0.85,0.0,0.0,0.0,0.08,0.05
8,PE_only,-0.028783,0.1,0.15,0.3,0.6,0.65,0.85,0.95,0.0,0.0,0.0,0.12,0.04
8,PE_only,-0.028785,0.15,0.3,0.45,0.7,0.7,0.75,0.9,0.0,0.0,0.0,0.08,0.03
8,PE_FED,-0.028786,0.1,0.3,0.45,0.65,0.65,0.75,0.9,-0.5,0.0,0.0,0.1,0.04
8,PE_PB_FED,-0.028786,0.05,0.15,0.35,0.65,0.75,0.8,0.85,0.0,0.65,0.8,0.12,0.04
8,PE_only,-0.028787,0.05,0.25,0.3,0.65,0.65,0.75,0.9,0.0,0.0,0.0,0.1,0.04
8,PB_only,-0.028789,0.15,0.25,0.45,0.55,0.65,0.8,0.9,0.0,0.0,0.0,0.08,0.05
8,PE_FED,-0.02879,0.05,0.25,0.45,0.65,0.7,0.8,0.85,0.0,0.0,0.0,0.08,0.05
8,PB_FED,-0.028791,0.05,0.3,0.35,0.55,0.75,0.8,0.95,-0.5,0.0,0.0,0.06,0.04
6,PB_only,-0.028794,0.05,0.15,0.45,0.55,0.75,0.8,0.95,0.0,0.0,0.0,0.08,0.04
8,PE_FED,-0.028795,0.05,0.2,0.4,0.5,0.65,0.8,0.95,0.0,0.0,0.0,0.1,0.03
6,PB_only,-0.028797,0.15,0.3,0.35,0.6,0.7,0.75,0.85,0.0,0.0,0.0,0.08,0.03
6,PB_FED,-0.028798,0.2,0.25,0.45,0.65,0.7,0.85,0.9,0.0,0.0,0.0,0.08,0.03
6,PB_only,-0.028801,0.05,0.2,0.45,0.6,0.65,0.8,0.9,0.0,0.0,0.0,0.12,0.04
6,PB_only,-0.028801,0.05,0.3,0.4,0.65,0.65,0.75,0.95,0.0,0.0,0.0,0.1,0.05
6,PB_FED,-0.028803,0.1,0.25,0.4,0.65,0.7,0.8,0.85,0.0,0.0,0.0,0.12,0.05
8,PE_PB_FED,-0.028804,0.1,0.15,0.3,0.7,0.65,0.75,0.9,0.0,0.55,0.7,0.12,0.04
6,PB_only,-0.028808,0.1,0.2,0.45,0.6,0.75,0.8,0.9,0.0,0.0,0.0,0.08,0.04
8,PB_only,-0.028809,0.2,0.25,0.45,0.55,0.7,0.75,0.9,0.0,0.0,0.0,0.06,0.05
6,PB_only,-0.028811,0.1,0.15,0.45,0.55,0.75,0.85,0.95,0.0,0.0,0.0,0.06,0.03
6,PB_FED,-0.028816,0.1,0.2,0.3,0.55,0.75,0.85,0.9,-0.5,0.0,0.0,0.1,0.05
8,PE_only,-0.028818,0.15,0.25,0.4,0.7,0.65,0.8,0.85,0.0,0.0,0.0,0.1,0.04
6,PB_only,-0.028823,0.1,0.2,0.4,0.55,0.7,0.85,0.9,0.0,0.0,0.0,0.1,0.04
8,PE_only,-0.028824,0.05,0.2,0.45,0.6,0.75,0.8,0.95,0.0,0.0,0.0,0.06,0.03
6,PB_only,-0.028825,0.05,0.25,0.35,0.55,0.75,0.8,0.95,0.0,0.0,0.0,0.1,0.03
6,PB_only,-0.028825,0.05,0.25,0.35,0.55,0.75,0.8,0.95,0.0,0.0,0.0,0.08,0.03
8,PE_only,-0.028826,0.2,0.25,0.45,0.7,0.75,0.8,0.9,0.0,0.0,0.0,0.08,0.04
8,PE_PB_FED,-0.028829,0.05,0.2,0.45,0.6,0.75,0.8,0.95,0.0,0.65,0.75,0.06,0.03
8,PE_FED,-0.028832,0.2,0.3,0.45,0.7,0.65,0.8,0.9,-0.5,0.0,0.0,0.1,0.05
8,PE_only,-0.028834,0.15,0.2,0.3,0.6,0.65,0.8,0.95,0.0,0.0,0.0,0.08,0.05
8,PB_only,-0.028834,0.15,0.25,0.4,0.55,0.65,0.85,0.9,0.0,0.0,0.0,0.12,0.05
6,PB_only,-0.028836,0.15,0.25,0.4,0.6,0.7,0.75,0.95,0.0,0.0,0.0,0.08,0.04
8,PB_only,-0.028837,0.05,0.3,0.35,0.6,0.65,0.85,0.95,0.0,0.0,0.0,0.06,0.04
8,PB_only,-0.02884,0.05,0.2,0.4,0.5,0.75,0.85,0.9,0.0,0.0,0.0,0.1,0.03
8,PE_only,-0.028841,0.15,0.25,0.3,0.7,0.75,0.85,0.9,0.0,0.0,0.0,0.1,0.05
6,PB_only,-0.028843,0.15,0.25,0.45,0.6,0.65,0.8,0.9,0.0,0.0,0.0,0.12,0.03
8,PB_only,-0.028845,0.2,0.25,0.3,0.5,0.65,0.8,0.9,0.0,0.0,0.0,0.1,0.03
6,PB_FED,-0.028847,0.1,0.3,0.4,0.7,0.7,0.8,0.85,0.0,0.0,0.0,0.12,0.04
8,PE_FED,-0.028849,0.1,0.25,0.4,0.55,0.65,0.85,0.95,0.0,0.0,0.0,0.06,0.03
8,PE_only,-0.028851,0.1,0.25,0.3,0.7,0.7,0.8,0.85,0.0,0.0,0.0,0.1,0.05
8,PE_only,-0.028862,0.1,0.15,0.3,0.6,0.65,0.85,0.95,0.0,0.0,0.0,0.12,0.05
8,PE_FED,-0.028862,0.05,0.3,0.45,0.65,0.7,0.75,0.9,0.0,0.0,0.0,0.12,0.05
6,PB_only,-0.028866,0.15,0.25,0.45,0.6,0.7,0.8,0.9,0.0,0.0,0.0,0.1,0.03
8,PE_only,-0.028867,0.1,0.15,0.3,0.6,0.7,0.8,0.9,0.0,0.0,0.0,0.06,0.03
8,PE_only,-0.028871,0.15,0.3,0.4,0.65,0.75,0.8,0.95,0.0,0.0,0.0,0.08,0.03
8,PE_only,-0.028874,0.1,0.2,0.35,0.6,0.7,0.75,0.95,0.0,0.0,0.0,0.06,0.04
8,PE_PB_FED,-0.028874,0.05,0.15,0.45,0.6,0.65,0.75,0.95,0.0,0.6,0.7,0.06,0.04
8,PE_only,-0.028889,0.2,0.25,0.4,0.65,0.65,0.75,0.95,0.0,0.0,0.0,0.12,0.04
8,PB_only,-0.02889,0.1,0.25,0.4,0.5,0.75,0.8,0.85,0.0,0.0,0.0,0.08,0.03
8,PE_FED,-0.028891,0.15,0.2,0.3,0.5,0.75,0.8,0.95,0.0,0.0,0.0,0.06,0.04
8,PE_FED,-0.028894,0.1,0.25,0.45,0.65,0.7,0.85,0.9,0.0,0.0,0.0,0.08,0.05
6,PB_only,-0.028906,0.2,0.25,0.3,0.6,0.7,0.8,0.95,0.0,0.0,0.0,0.12,0.03
6,PB_FED,-0.028911,0.2,0.25,0.3,0.6,0.7,0.75,0.95,0.0,0.0,0.0,0.08,0.04
6,PB_FED,-0.028915,0.05,0.25,0.45,0.65,0.75,0.85,0.95,-0.5,0.0,0.0,0.1,0.05
6,PB_only,-0.028919,0.15,0.3,0.35,0.65,0.75,0.85,0.95,0.0,0.0,0.0,0.1,0.05
8,PE_only,-0.02892,0.15,0.2,0.35,0.6,0.7,0.8,0.95,0.0,0.0,0.0,0.1,0.04
8,PB_only,-0.02892,0.05,0.15,0.45,0.5,0.75,0.8,0.95,0.0,0.0,0.0,0.12,0.03
8,PB_only,-0.02892,0.05,0.15,0.45,0.5,0.75,0.8,0.95,0.0,0.0,0.0,0.08,0.03
8,PB_only,-0.028924,0.05,0.25,0.4,0.55,0.7,0.8,0.95,0.0,0.0,0.0,0.1,0.04
8,PB_only,-0.028924,0.05,0.25,0.4,0.55,0.7,0.8,0.95,0.0,0.0,0.0,0.12,0.04
6,PB_FED,-0.028925,0.05,0.25,0.35,0.7,0.65,0.8,0.95,0.0,0.0,0.0,0.1,0.04
8,PB_only,-0.028925,0.1,0.3,0.4,0.55,0.7,0.8,0.85,0.0,0.0,0.0,0.1,0.04
8,PE_FED,-0.028931,0.05,0.2,0.3,0.6,0.75,0.85,0.9,-0.5,0.0,0.0,0.08,0.03
6,PB_only,-0.028933,0.05,0.25,0.3,0.55,0.65,0.8,0.95,0.0,0.0,0.0,0.12,0.04
8,PE_PB_FED,-0.028933,0.05,0.2,0.4,0.65,0.75,0.8,0.9,0.0,0.65,0.7,0.12,0.03
6,PB_FED,-0.02894,0.1,0.25,0.45,0.6,0.65,0.8,0.85,-0.5,0.0,0.0,0.08,0.04
8,PB_only,-0.02894,0.15,0.2,0.4,0.5,0.7,0.75,0.95,0.0,0.0,0.0,0.12,0.05
8,PE_only,-0.028941,0.05,0.25,0.35,0.65,0.7,0.75,0.9,0.0,0.0,0.0,0.12,0.04
8,PE_FED,-0.028942,0.2,0.25,0.35,0.65,0.65,0.75,0.85,-0.5,0.0,0.0,0.1,0.05
6,PB_only,-0.028949,0.1,0.25,0.4,0.6,0.75,0.8,0.9,0.0,0.0,0.0,0.12,0.04
8,PB_only,-0.028951,0.05,0.15,0.4,0.5,0.7,0.85,0.95,0.0,0.0,0.0,0.08,0.03
8,PE_only,-0.028953,0.15,0.3,0.4,0.7,0.65,0.75,0.9,0.0,0.0,0.0,0.06,0.04
8,PE_PB_FED,-0.028953,0.05,0.15,0.35,0.7,0.65,0.8,0.85,0.0,0.6,0.8,0.06,0.03
8,PB_only,-0.028955,0.1,0.25,0.35,0.5,0.65,0.8,0.85,0.0,0.0,0.0,0.12,0.04
8,PB_only,-0.028958,0.2,0.25,0.4,0.55,0.65,0.75,0.95,0.0,0.0,0.0,0.06,0.04
6,PB_only,-0.028961,0.05,0.25,0.35,0.55,0.65,0.8,0.9,0.0,0.0,0.0,0.06,0.05
8,PB_FED,-0.028961,0.15,0.25,0.3,0.65,0.65,0.75,0.85,0.5,0.0,0.0,0.08,0.04
8,PE_only,-0.028962,0.1,0.2,0.45,0.65,0.75,0.8,0.9,0.0,0.0,0.0,0.12,0.03
8,PB_only,-0.028962,0.1,0.2,0.35,0.5,0.65,0.8,0.85,0.0,0.0,0.0,0.06,0.05
8,PE_only,-0.028964,0.1,0.2,0.3,0.6,0.65,0.8,0.95,0.0,0.0,0.0,0.08,0.04
8,PE_FED,-0.028969,0.1,0.3,0.45,0.65,0.65,0.75,0.85,0.0,0.0,0.0,0.12,0.03
8,PE_FED,-0.02897,0.05,0.2,0.4,0.5,0.7,0.75,0.95,0.0,0.0,0.0,0.08,0.04
8,PB_only,-0.02897,0.1,0.15,0.45,0.5,0.7,0.8,0.95,0.0,0.0,0.0,0.08,0.03
8,PE_only,-0.028974,0.05,0.3,0.45,0.7,0.7,0.75,0.9,0.0,0.0,0.0,0.08,0.03
8,PE_FED,-0.028977,0.15,0.2,0.35,0.6,0.75,0.85,0.9,-0.5,0.0,0.0,0.12,0.03
8,PE_FED,-0.028979,0.1,0.25,0.45,0.65,0.7,0.85,0.9,-0.5,0.0,0.0,0.08,0.03
8,PE_only,-0.028981,0.05,0.2,0.4,0.6,0.65,0.8,0.95,0.0,0.0,0.0,0.1,0.05
8,PE_PB_FED,-0.028982,0.1,0.15,0.4,0.7,0.75,0.8,0.85,0.0,0.6,0.75,0.06,0.03
6,PB_FED,-0.028983,0.1,0.2,0.3,0.5,0.65,0.75,0.9,0.0,0.0,0.0,0.08,0.04
8,PE_FED,-0.028987,0.15,0.2,0.35,0.6,0.65,0.85,0.9,-0.5,0.0,0.0,0.12,0.04
8,PB_only,-0.028988,0.05,0.3,0.4,0.6,0.7,0.85,0.95,0.0,0.0,0.0,0.08,0.05
6,PB_only,-0.02899,0.2,0.25,0.45,0.65,0.75,0.85,0.95,0.0,0.0,0.0,0.1,0.04
8,PB_only,-0.028997,0.1,0.15,0.4,0.5,0.75,0.8,0.95,0.0,0.0,0.0,0.06,0.04
8,PB_only,-0.028999,0.2,0.3,0.35,0.6,0.75,0.85,0.95,0.0,0.0,0.0,0.1,0.05
8,PE_only,-0.029002,0.05,0.25,0.4,0.7,0.65,0.75,0.85,0.0,0.0,0.0,0.06,0.05
6,PB_only,-0.029004,0.1,0.2,0.45,0.55,0.65,0.8,0.85,0.0,0.0,0.0,0.1,0.05
6,PB_FED,-0.029004,0.05,0.15,0.3,0.5,0.75,0.8,0.85,-0.5,0.0,0.0,0.06,0.04
8,PE_FED,-0.029008,0.05,0.25,0.3,0.55,0.65,0.8,0.9,0.0,0.0,0.0,0.08,0.03
8,PE_FED,-0.029008,0.05,0.2,0.45,0.55,0.75,0.85,0.95,0.0,0.0,0.0,0.08,0.04
8,PB_only,-0.029008,0.2,0.3,0.45,0.6,0.75,0.85,0.95,0.0,0.0,0.0,0.06,0.03
8,PB_only,-0.02901,0.15,0.2,0.3,0.5,0.75,0.85,0.9,0.0,0.0,0.0,0.1,0.05
8,PE_FED,-0.029012,0.05,0.25,0.4,0.65,0.7,0.85,0.9,-0.5,0.0,0.0,0.06,0.05
8,PE_only,-0.029013,0.15,0.25,0.35,0.65,0.65,0.75,0.9,0.0,0.0,0.0,0.12,0.04
8,PB_FED,-0.029017,0.05,0.15,0.35,0.65,0.65,0.8,0.9,0.5,0.0,0.0,0.06,0.04
8,PE_FED,-0.02902,0.1,0.3,0.45,0.65,0.65,0.75,0.85,0.0,0.0,0.0,0.12,0.04
8,PE_FED,-0.029021,0.15,0.2,0.3,0.5,0.65,0.75,0.9,0.0,0.0,0.0,0.1,0.03
8,PB_FED,-0.029021,0.1,0.15,0.4,0.65,0.65,0.8,0.9,0.5,0.0,0.0,0.1,0.04
8,PE_only,-0.029023,0.15,0.25,0.45,0.7,0.7,0.8,0.85,0.0,0.0,0.0,0.1,0.04
8,PB_only,-0.029023,0.1,0.2,0.45,0.5,0.7,0.8,0.9,0.0,0.0,0.0,0.1,0.03
6,PB_only,-0.029031,0.1,0.3,0.4,0.65,0.65,0.85,0.95,0.0,0.0,0.0,0.06,0.03
8,PE_only,-0.029031,0.05,0.25,0.45,0.7,0.7,0.8,0.85,0.0,0.0,0.0,0.1,0.04
8,PB_FED,-0.029031,0.1,0.3,0.4,0.5,0.65,0.8,0.9,-0.5,0.0,0.0,0.06,0.03
8,PE_only,-0.029033,0.05,0.3,0.4,0.65,0.7,0.8,0.95,0.0,0.0,0.0,0.06,0.03
6,PB_only,-0.029034,0.15,0.25,0.4,0.55,0.65,0.8,0.85,0.0,0.0,0.0,0.08,0.05
8,PB_FED,-0.029034,0.1,0.3,0.45,0.5,0.7,0.8,0.9,0.0,0.0,0.0,0.1,0.04
8,PE_only,-0.029035,0.05,0.25,0.45,0.7,0.7,0.85,0.9,0.0,0.0,0.0,0.06,0.03
8,PB_FED,-0.029039,0.05,0.3,0.35,0.5,0.65,0.8,0.95,0.0,0.0,0.0,0.06,0.03
8,PE_only,-0.029043,0.1,0.2,0.3,0.6,0.75,0.8,0.95,0.0,0.0,0.0,0.08,0.05
8,PE_FED,-0.029044,0.2,0.25,0.4,0.65,0.65,0.75,0.85,-0.5,0.0,0.0,0.12,0.05
6,PB_only,-0.029046,0.2,0.25,0.45,0.65,0.7,0.8,0.95,0.0,0.0,0.0,0.08,0.05
8,PB_FED,-0.029047,0.05,0.3,0.35,0.5,0.65,0.75,0.9,-0.5,0.0,0.0,0.08,0.04
6,PB_only,-0.029048,0.05,0.25,0.45,0.6,0.65,0.8,0.9,0.0,0.0,0.0,0.08,0.03
8,PE_only,-0.029054,0.05,0.15,0.3,0.55,0.65,0.75,0.95,0.0,0.0,0.0,0.1,0.04
8,PE_only,-0.029062,0.05,0.25,0.3,0.65,0.65,0.8,0.9,0.0,0.0,0.0,0.12,0.03
8,PB_FED,-0.029064,0.1,0.25,0.3,0.6,0.7,0.75,0.9,0.5,0.0,0.0,0.06,0.03
6,PB_only,-0.029065,0.15,0.25,0.45,0.6,0.65,0.75,0.9,0.0,0.0,0.0,0.08,0.05
6,PB_only,-0.029065,0.15,0.25,0.45,0.6,0.65,0.75,0.9,0.0,0.0,0.0,0.1,0.05
8,PE_only,-0.029065,0.05,0.2,0.35,0.65,0.65,0.8,0.85,0.0,0.0,0.0,0.08,0.04
6,PB_FED,-0.029071,0.1,0.25,0.45,0.6,0.65,0.8,0.9,-0.5,0.0,0.0,0.06,0.03
8,PE_FED,-0.029071,0.2,0.3,0.45,0.7,0.7,0.85,0.9,0.0,0.0,0.0,0.1,0.04
6,PB_FED,-0.029076,0.2,0.3,0.45,0.7,0.75,0.85,0.9,0.0,0.0,0.0,0.1,0.03
6,PB_only,-0.029079,0.15,0.2,0.4,0.55,0.65,0.85,0.9,0.0,0.0,0.0,0.1,0.05
6,PB_only,-0.02908,0.1,0.3,0.4,0.65,0.65,0.8,0.95,0.0,0.0,0.0,0.06,0.03
8,PE_only,-0.029081,0.05,0.3,0.35,0.7,0.7,0.75,0.9,0.0,0.0,0.0,0.08,0.05
8,PE_only,-0.02909,0.1,0.25,0.3,0.7,0.65,0.85,0.9,0.0,0.0,0.0,0.06,0.03
8,PE_FED,-0.029101,0.2,0.25,0.35,0.65,0.75,0.85,0.9,0.0,0.0,0.0,0.12,0.05
6,PB_FED,-0.029102,0.05,0.15,0.45,0.55,0.65,0.75,0.85,0.0,0.0,0.0,0.1,0.05
6,PB_only,-0.029103,0.05,0.25,0.35,0.55,0.75,0.85,0.9,0.0,0.0,0.0,0.12,0.04
6,PB_FED,-0.029103,0.1,0.2,0.45,0.6,0.7,0.85,0.95,0.0,0.0,0.0,0.08,0.03
8,PE_only,-0.029104,0.1,0.25,0.35,0.65,0.65,0.75,0.9,0.0,0.0,0.0,0.06,0.03
6,PB_FED,-0.029111,0.05,0.15,0.3,0.5,0.65,0.75,0.85,-0.5,0.0,0.0,0.12,0.05
8,PE_only,-0.029113,0.1,0.25,0.3,0.65,0.75,0.85,0.95,0.0,0.0,0.0,0.1,0.04
8,PB_FED,-0.029114,0.15,0.2,0.3,0.7,0.65,0.85,0.9,0.5,0.0,0.0,0.08,0.04
8,PE_only,-0.029115,0.15,0.25,0.4,0.65,0.7,0.85,0.95,0.0,0.0,0.0,0.1,0.04
8,PE_FED,-0.029121,0.2,0.25,0.4,0.65,0.7,0.85,0.9,-0.5,0.0,0.0,0.06,0.04
8,PE_FED,-0.029123,0.05,0.2,0.45,0.55,0.7,0.75,0.95,-0.5,0.0,0.0,0.06,0.04
8,PE_only,-0.029124,0.15,0.2,0.35,0.65,0.65,0.8,0.85,0.0,0.0,0.0,0.08,0.03
8,PB_only,-0.029124,0.2,0.25,0.35,0.5,0.65,0.75,0.85,0.0,0.0,0.0,0.08,0.04
8,PE_FED,-0.029128,0.1,0.3,0.4,0.65,0.7,0.8,0.85,0.0,0.0,0.0,0.06,0.03
6,PB_only,-0.029144,0.15,0.25,0.4,0.6,0.65,0.75,0.95,0.0,0.0,0.0,0.08,0.04
8,PE_only,-0.029144,0.1,0.3,0.4,0.7,0.65,0.75,0.9,0.0,0.0,0.0,0.12,0.03
8,PB_FED,-0.029146,0.05,0.15,0.45,0.7,0.65,0.8,0.85,0.5,0.0,0.0,0.08,0.03
8,PB_only,-0.029148,0.15,0.2,0.45,0.5,0.65,0.75,0.95,0.0,0.0,0.0,0.1,0.03
8,PE_only,-0.029151,0.1,0.15,0.45,0.65,0.75,0.8,0.85,0.0,0.0,0.0,0.1,0.03
8,PE_only,-0.029154,0.05,0.2,0.3,0.6,0.75,0.85,0.95,0.0,0.0,0.0,0.1,0.03
6,PB_only,-0.029157,0.1,0.2,0.4,0.55,0.75,0.8,0.95,0.0,0.0,0.0,0.06,0.05
8,PB_FED,-0.029158,0.2,0.25,0.3,0.5,0.65,0.85,0.95,-0.5,0.0,0.0,0.06,0.03
6,PB_FED,-0.029161,0.1,0.15,0.3,0.5,0.75,0.8,0.9,0.0,0.0,0.0,0.06,0.04
8,PE_FED,-0.029161,0.05,0.15,0.3,0.5,0.65,0.75,0.85,0.0,0.0,0.0,0.08,0.03
8,PB_only,-0.029163,0.05,0.15,0.35,0.5,0.7,0.85,0.95,0.0,0.0,0.0,0.08,0.04
8,PE_only,-0.029164,0.2,0.3,0.35,0.7,0.7,0.75,0.9,0.0,0.0,0.0,0.1,0.04
6,PB_FED,-0.029165,0.1,0.3,0.4,0.7,0.7,0.85,0.9,0.0,0.0,0.0,0.08,0.03
6,PB_FED,-0.029165,0.05,0.2,0.45,0.55,0.7,0.75,0.85,0.0,0.0,0.0,0.1,0.04
8,PE_FED,-0.029173,0.05,0.25,0.3,0.6,0.7,0.75,0.9,-0.5,0.0,0.0,0.1,0.05
6,PB_FED,-0.029175,0.05,0.25,0.4,0.65,0.7,0.85,0.9,0.0,0.0,0.0,0.12,0.03
8,PB_FED,-0.029176,0.1,0.15,0.35,0.6,0.7,0.8,0.85,0.5,0.0,0.0,0.12,0.03
8,PE_only,-0.029177,0.05,0.2,0.4,0.65,0.65,0.75,0.85,0.0,0.0,0.0,0.08,0.05
8,PE_only,-0.029179,0.1,0.3,0.45,0.7,0.7,0.75,0.9,0.0,0.0,0.0,0.06,0.04
6,PB_FED,-0.029181,0.15,0.25,0.45,0.65,0.75,0.8,0.95,0.0,0.0,0.0,0.12,0.05
6,PB_FED,-0.029182,0.1,0.25,0.3,0.65,0.65,0.85,0.95,0.0,0.0,0.0,0.1,0.05
6,PB_only,-0.029183,0.1,0.2,0.3,0.5,0.7,0.75,0.85,0.0,0.0,0.0,0.08,0.04
6,PB_only,-0.029184,0.05,0.25,0.45,0.6,0.75,0.8,0.85,0.0,0.0,0.0,0.06,0.04
6,PB_only,-0.029184,0.05,0.25,0.45,0.6,0.7,0.8,0.85,0.0,0.0,0.0,0.1,0.04
8,PE_FED,-0.029185,0.15,0.2,0.3,0.55,0.7,0.85,0.9,0.0,0.0,0.0,0.06,0.04
6,PB_FED,-0.029194,0.15,0.2,0.35,0.5,0.65,0.8,0.85,0.0,0.0,0.0,0.12,0.03
8,PB_only,-0.029198,0.2,0.25,0.35,0.55,0.7,0.85,0.95,0.0,0.0,0.0,0.1,0.03
8,PB_only,-0.029198,0.2,0.25,0.35,0.55,0.75,0.85,0.95,0.0,0.0,0.0,0.06,0.03
8,PE_FED,-0.029199,0.1,0.3,0.4,0.65,0.75,0.85,0.9,0.0,0.0,0.0,0.12,0.04
8,PE_FED,-0.029199,0.05,0.2,0.3,0.5,0.65,0.8,0.95,0.0,0.0,0.0,0.12,0.05
8,PE_only,-0.029202,0.2,0.25,0.3,0.7,0.65,0.75,0.85,0.0,0.0,0.0,0.08,0.04
8,PE_FED,-0.029205,0.1,0.2,0.45,0.55,0.7,0.75,0.95,-0.5,0.0,0.0,0.12,0.04
6,PB_FED,-0.029206,0.1,0.25,0.35,0.6,0.65,0.85,0.9,-0.5,0.0,0.0,0.12,0.04
8,PB_only,-0.029209,0.05,0.25,0.35,0.55,0.75,0.85,0.95,0.0,0.0,0.0,0.06,0.05
8,PB_only,-0.029209,0.05,0.25,0.35,0.55,0.7,0.85,0.95,0.0,0.0,0.0,0.12,0.05
8,PB_only,-0.029211,0.2,0.25,0.3,0.5,0.65,0.75,0.95,0.0,0.0,0.0,0.1,0.03
8,PB_FED,-0.029213,0.2,0.25,0.45,0.5,0.75,0.8,0.85,-0.5,0.0,0.0,0.08,0.04
8,PB_only,-0.029214,0.1,0.15,0.4,0.5,0.7,0.85,0.9,0.0,0.0,0.0,0.08,0.05
6,PB_FED,-0.029216,0.1,0.15,0.45,0.55,0.7,0.8,0.9,-0.5,0.0,0.0,0.06,0.05
6,PB_FED,-0.029217,0.15,0.2,0.3,0.5,0.65,0.75,0.85,-0.5,0.0,0.0,0.1,0.04
8,PB_only,-0.029217,0.15,0.25,0.3,0.5,0.7,0.8,0.9,0.0,0.0,0.0,0.06,0.05
8,PE_only,-0.029218,0.05,0.25,0.35,0.65,0.7,0.8,0.9,0.0,0.0,0.0,0.12,0.03
8,PE_FED,-0.029218,0.2,0.25,0.3,0.6,0.7,0.75,0.85,0.0,0.0,0.0,0.12,0.05
6,PB_only,-0.02922,0.1,0.25,0.4,0.6,0.65,0.8,0.85,0.0,0.0,0.0,0.08,0.05
8,PE_only,-0.02922,0.05,0.2,0.35,0.65,0.7,0.8,0.85,0.0,0.0,0.0,0.06,0.03
8,PE_PB_FED,-0.02922,0.1,0.15,0.35,0.7,0.75,0.85,0.9,0.0,0.6,0.8,0.1,0.04
8,PE_FED,-0.029223,0.05,0.25,0.45,0.55,0.65,0.75,0.9,0.0,0.0,0.0,0.1,0.03
8,PB_only,-0.029233,0.2,0.25,0.3,0.55,0.75,0.85,0.95,0.0,0.0,0.0,0.12,0.04
8,PE_only,-0.029234,0.05,0.25,0.45,0.7,0.65,0.8,0.85,0.0,0.0,0.0,0.08,0.03
6,PB_only,-0.029236,0.2,0.25,0.45,0.6,0.65,0.75,0.85,0.0,0.0,0.0,0.12,0.04
8,PE_FED,-0.029236,0.1,0.15,0.35,0.5,0.75,0.85,0.95,0.0,0.0,0.0,0.1,0.05
8,PB_only,-0.029236,0.05,0.3,0.4,0.6,0.65,0.85,0.95,0.0,0.0,0.0,0.12,0.04
8,PE_FED,-0.029237,0.15,0.3,0.4,0.6,0.65,0.8,0.9,0.0,0.0,0.0,0.06,0.04
6,PB_FED,-0.029239,0.2,0.25,0.35,0.6,0.65,0.8,0.9,-0.5,0.0,0.0,0.08,0.04
8,PB_only,-0.029241,0.05,0.15,0.35,0.5,0.7,0.85,0.95,0.0,0.0,0.0,0.08,0.05
8,PB_only,-0.029242,0.15,0.25,0.4,0.5,0.75,0.8,0.85,0.0,0.0,0.0,0.12,0.04
8,PE_only,-0.029247,0.05,0.25,0.3,0.7,0.65,0.85,0.9,0.0,0.0,0.0,0.06,0.05
8,PB_FED,-0.029247,0.05,0.25,0.3,0.65,0.7,0.75,0.85,0.5,0.0,0.0,0.06,0.04
8,PB_only,-0.029249,0.15,0.3,0.4,0.55,0.7,0.8,0.9,0.0,0.0,0.0,0.06,0.04
8,PB_FED,-0.029249,0.1,0.3,0.4,0.5,0.75,0.8,0.85,-0.5,0.0,0.0,0.06,0.04
8,PE_only,-0.02925,0.15,0.2,0.3,0.65,0.75,0.8,0.85,0.0,0.0,0.0,0.06,0.04
8,PE_FED,-0.02925,0.15,0.25,0.45,0.6,0.7,0.8,0.85,0.0,0.0,0.0,0.08,0.03
8,PE_only,-0.029251,0.1,0.25,0.45,0.7,0.7,0.75,0.85,0.0,0.0,0.0,0.08,0.05
8,PE_only,-0.029252,0.1,0.2,0.4,0.6,0.65,0.8,0.95,0.0,0.0,0.0,0.08,0.04
6,PB_FED,-0.029259,0.05,0.2,0.3,0.55,0.75,0.8,0.95,-0.5,0.0,0.0,0.08,0.05
8,PE_PB_FED,-0.029259,0.05,0.15,0.35,0.7,0.65,0.75,0.95,0.0,0.5,0.75,0.06,0.04
8,PE_FED,-0.029262,0.1,0.25,0.45,0.65,0.75,0.8,0.85,-0.5,0.0,0.0,0.08,0.05
8,PE_PB_FED,-0.029263,0.05,0.15,0.35,0.65,0.65,0.75,0.95,-0.5,0.6,0.7,0.1,0.05
6,PB_only,-0.029266,0.05,0.2,0.3,0.55,0.65,0.75,0.85,0.0,0.0,0.0,0.08,0.03
6,PB_FED,-0.029266,0.15,0.2,0.45,0.55,0.7,0.75,0.85,-0.5,0.0,0.0,0.08,0.05
6,PB_FED,-0.029266,0.15,0.3,0.35,0.6,0.7,0.75,0.85,-0.5,0.0,0.0,0.12,0.04
6,PB_FED,-0.029268,0.05,0.2,0.4,0.55,0.65,0.75,0.95,-0.5,0.0,0.0,0.12,0.03
8,PB_only,-0.02927,0.1,0.25,0.35,0.5,0.7,0.85,0.9,0.0,0.0,0.0,0.06,0.03
8,PB_only,-0.02927,0.1,0.2,0.35,0.5,0.75,0.8,0.9,0.0,0.0,0.0,0.12,0.05
6,PB_FED,-0.029271,0.15,0.3,0.35,0.7,0.65,0.8,0.95,0.0,0.0,0.0,0.08,0.04
6,PB_only,-0.029279,0.05,0.25,0.4,0.6,0.75,0.8,0.95,0.0,0.0,0.0,0.12,0.03
8,PE_only,-0.029284,0.05,0.2,0.45,0.65,0.65,0.75,0.85,0.0,0.0,0.0,0.1,0.03
8,PE_only,-0.029285,0.15,0.2,0.3,0.6,0.65,0.85,0.95,0.0,0.0,0.0,0.12,0.03
8,PE_only,-0.029285,0.1,0.25,0.45,0.7,0.7,0.85,0.9,0.0,0.0,0.0,0.06,0.03
8,PE_only,-0.029285,0.15,0.2,0.3,0.6,0.75,0.85,0.95,0.0,0.0,0.0,0.12,0.03
8,PE_FED,-0.029285,0.1,0.15,0.4,0.5,0.75,0.8,0.9,0.0,0.0,0.0,0.08,0.04
8,PB_FED,-0.029285,0.15,0.25,0.35,0.7,0.7,0.75,0.9,0.5,0.0,0.0,0.06,0.05
6,PB_only,-0.029286,0.05,0.2,0.35,0.55,0.7,0.85,0.95,0.0,0.0,0.0,0.12,0.05
8,PE_PB,-0.02929,0.05,0.2,0.35,0.7,0.7,0.75,0.95,0.0,0.65,0.0,0.1,0.03
8,PE_only,-0.029298,0.05,0.3,0.35,0.7,0.65,0.8,0.9,0.0,0.0,0.0,0.06,0.04
8,PE_PB_FED,-0.0293,0.05,0.25,0.3,0.6,0.7,0.8,0.95,0.0,0.65,0.75,0.08,0.03
6,PB_FED,-0.029307,0.05,0.2,0.4,0.6,0.7,0.85,0.95,-0.5,0.0,0.0,0.08,0.05
8,PB_only,-0.029307,0.15,0.25,0.45,0.55,0.75,0.8,0.95,0.0,0.0,0.0,0.1,0.05
6,PB_only,-0.02931,0.1,0.3,0.35,0.65,0.65,0.8,0.95,0.0,0.0,0.0,0.1,0.04
8,PB_only,-0.029314,0.1,0.3,0.45,0.55,0.65,0.8,0.9,0.0,0.0,0.0,0.1,0.03
6,PB_only,-0.029315,0.05,0.25,0.35,0.6,0.75,0.8,0.85,0.0,0.0,0.0,0.06,0.05
8,PE_only,-0.029315,0.15,0.2,0.45,0.6,0.7,0.75,0.95,0.0,0.0,0.0,0.1,0.04
8,PE_FED,-0.029317,0.1,0.15,0.45,0.6,0.65,0.85,0.9,-0.5,0.0,0.0,0.12,0.05
6,PB_only,-0.02932,0.1,0.15,0.35,0.5,0.7,0.75,0.95,0.0,0.0,0.0,0.1,0.03
6,PB_FED,-0.02932,0.1,0.15,0.45,0.55,0.65,0.8,0.95,-0.5,0.0,0.0,0.08,0.03
8,PE_PB,-0.029324,0.05,0.15,0.35,0.65,0.75,0.8,0.95,0.0,0.65,0.0,0.06,0.03
8,PE_only,-0.029331,0.1,0.25,0.3,0.7,0.65,0.8,0.85,0.0,0.0,0.0,0.1,0.05
8,PE_only,-0.029331,0.1,0.15,0.45,0.6,0.7,0.75,0.9,0.0,0.0,0.0,0.1,0.03
8,PE_FED,-0.029331,0.1,0.15,0.45,0.6,0.75,0.85,0.9,-0.5,0.0,0.0,0.06,0.05
8,PE_only,-0.029335,0.15,0.3,0.45,0.65,0.75,0.8,0.95,0.0,0.0,0.0,0.1,0.03
8,PB_FED,-0.029335,0.05,0.15,0.35,0.6,0.7,0.8,0.9,0.5,0.0,0.0,0.08,0.03
6,PB_only,-0.029336,0.1,0.15,0.35,0.5,0.65,0.85,0.9,0.0,0.0,0.0,0.06,0.03
8,PE_only,-0.029336,0.2,0.25,0.35,0.7,0.75,0.8,0.85,0.0,0.0,0.0,0.08,0.04
6,PB_FED,-0.029337,0.1,0.25,0.35,0.6,0.75,0.8,0.85,0.0,0.0,0.0,0.12,0.04
8,PE_only,-0.029339,0.05,0.2,0.4,0.65,0.7,0.85,0.9,0.0,0.0,0.0,0.08,0.04
8,PB_FED,-0.029339,0.2,0.3,0.4,0.5,0.65,0.8,0.85,0.0,0.0,0.0,0.08,0.05
8,PE_FED,-0.02934,0.15,0.3,0.45,0.65,0.75,0.8,0.85,0.0,0.0,0.0,0.08,0.03
6,PB_FED,-0.029341,0.1,0.3,0.35,0.7,0.65,0.8,0.9,0.0,0.0,0.0,0.1,0.05
8,PE_only,-0.029341,0.15,0.2,0.35,0.65,0.75,0.8,0.85,0.0,0.0,0.0,0.08,0.03
6,PB_only,-0.029342,0.1,0.2,0.35,0.55,0.75,0.85,0.95,0.0,0.0,0.0,0.1,0.05
8,PB_only,-0.029342,0.15,0.25,0.35,0.5,0.7,0.75,0.95,0.0,0.0,0.0,0.06,0.05
8,PE_only,-0.029343,0.1,0.25,0.45,0.7,0.65,0.75,0.85,0.0,0.0,0.0,0.08,0.03
8,PE_only,-0.029343,0.1,0.3,0.4,0.7,0.65,0.8,0.9,0.0,0.0,0.0,0.1,0.03
8,PE_only,-0.029348,0.1,0.25,0.4,0.65,0.65,0.75,0.9,0.0,0.0,0.0,0.08,0.04
6,PB_FED,-0.029352,0.05,0.15,0.35,0.5,0.65,0.75,0.9,0.0,0.0,0.0,0.12,0.04
8,PB_only,-0.029352,0.05,0.3,0.4,0.55,0.65,0.75,0.95,0.0,0.0,0.0,0.08,0.03
8,PE_only,-0.029356,0.15,0.2,0.45,0.65,0.65,0.75,0.85,0.0,0.0,0.0,0.06,0.04
8,PE_FED,-0.029356,0.1,0.15,0.45,0.55,0.7,0.8,0.9,-0.5,0.0,0.0,0.1,0.03
8,PE_FED,-0.029356,0.1,0.15,0.45,0.55,0.65,0.8,0.9,-0.5,0.0,0.0,0.1,0.03
6,PB_only,-0.029357,0.15,0.25,0.35,0.55,0.75,0.8,0.95,0.0,0.0,0.0,0.1,0.04
6,PB_only,-0.029358,0.05,0.2,0.4,0.55,0.65,0.8,0.95,0.0,0.0,0.0,0.12,0.04
8,PB_FED,-0.029359,0.1,0.25,0.45,0.5,0.75,0.8,0.95,-0.5,0.0,0.0,0.06,0.04
8,PB_FED,-0.02936,0.1,0.2,0.35,0.65,0.65,0.85,0.9,0.5,0.0,0.0,0.08,0.03
6,PB_only,-0.029364,0.15,0.25,0.45,0.6,0.7,0.75,0.95,0.0,0.0,0.0,0.08,0.04
8,PE_only,-0.029369,0.1,0.25,0.3,0.65,0.75,0.8,0.9,0.0,0.0,0.0,0.1,0.03
6,PB_only,-0.02937,0.1,0.15,0.3,0.5,0.65,0.75,0.95,0.0,0.0,0.0,0.1,0.04
8,PE_FED,-0.029371,0.05,0.2,0.4,0.55,0.65,0.75,0.9,-0.5,0.0,0.0,0.06,0.03
6,PB_FED,-0.029372,0.2,0.3,0.4,0.65,0.75,0.8,0.85,0.0,0.0,0.0,0.08,0.04
8,PE_only,-0.029376,0.15,0.3,0.4,0.65,0.7,0.75,0.95,0.0,0.0,0.0,0.12,0.05
8,PE_FED,-0.02938,0.05,0.3,0.35,0.6,0.7,0.8,0.9,0.0,0.0,0.0,0.06,0.03
6,PB_only,-0.029381,0.15,0.25,0.3,0.55,0.75,0.85,0.95,0.0,0.0,0.0,0.08,0.05
6,PB_FED,-0.029381,0.05,0.15,0.4,0.55,0.65,0.85,0.9,-0.5,0.0,0.0,0.08,0.04
6,PB_FED,-0.029381,0.1,0.25,0.3,0.6,0.65,0.8,0.9,0.0,0.0,0.0,0.1,0.05
6,PB_FED,-0.029381,0.1,0.15,0.4,0.55,0.7,0.85,0.9,0.0,0.0,0.0,0.06,0.05
8,PB_FED,-0.029382,0.15,0.3,0.35,0.5,0.7,0.85,0.95,0.0,0.0,0.0,0.08,0.04
8,PE_FED,-0.029384,0.1,0.2,0.3,0.55,0.7,0.75,0.9,-0.5,0.0,0.0,0.1,0.04
8,PE_only,-0.029386,0.05,0.15,0.45,0.65,0.65,0.85,0.9,0.0,0.0,0.0,0.08,0.05
8,PE_only,-0.029386,0.2,0.3,0.35,0.7,0.65,0.85,0.95,0.0,0.0,0.0,0.12,0.04
8,PE_only,-0.029386,0.2,0.3,0.35,0.7,0.65,0.85,0.95,0.0,0.0,0.0,0.1,0.04
8,PB_FED,-0.029386,0.15,0.2,0.45,0.7,0.7,0.75,0.9,0.5,0.0,0.0,0.1,0.05
8,PB_FED,-0.029388,0.1,0.25,0.45,0.5,0.7,0.85,0.9,-0.5,0.0,0.0,0.1,0.04
8,PB_FED,-0.029397,0.2,0.25,0.3,0.65,0.7,0.75,0.95,0.5,0.0,0.0,0.1,0.03
8,PE_PB_FED,-0.029398,0.05,0.15,0.3,0.55,0.65,0.8,0.95,0.0,0.6,0.8,0.08,0.04
6,PB_only,-0.029401,0.15,0.25,0.35,0.55,0.75,0.8,0.95,0.0,0.0,0.0,0.08,0.05
6,PB_only,-0.029403,0.15,0.3,0.35,0.6,0.65,0.8,0.9,0.0,0.0,0.0,0.08,0.03
6,PB_only,-0.029407,0.05,0.25,0.35,0.55,0.7,0.85,0.95,0.0,0.0,0.0,0.06,0.03
6,PB_only,-0.029409,0.05,0.3,0.35,0.55,0.65,0.85,0.9,0.0,0.0,0.0,0.08,0.03
8,PE_only,-0.029409,0.05,0.25,0.35,0.6,0.7,0.8,0.95,0.0,0.0,0.0,0.1,0.03
8,PE_only,-0.029413,0.15,0.2,0.3,0.6,0.65,0.75,0.9,0.0,0.0,0.0,0.08,0.03
6,PB_only,-0.029414,0.05,0.15,0.45,0.55,0.75,0.85,0.95,0.0,0.0,0.0,0.12,0.04
6,PB_only,-0.029417,0.05,0.25,0.35,0.6,0.7,0.8,0.95,0.0,0.0,0.0,0.06,0.04
8,PE_only,-0.029417,0.05,0.25,0.45,0.65,0.7,0.75,0.9,0.0,0.0,0.0,0.06,0.03
6,PB_only,-0.029419,0.05,0.25,0.45,0.55,0.75,0.85,0.9,0.0,0.0,0.0,0.1,0.03
8,PB_FED,-0.029423,0.2,0.25,0.45,0.5,0.65,0.75,0.95,-0.5,0.0,0.0,0.12,0.05
8,PE_only,-0.029431,0.05,0.2,0.35,0.6,0.7,0.75,0.9,0.0,0.0,0.0,0.06,0.03
8,PB_FED,-0.029431,0.1,0.2,0.4,0.65,0.7,0.75,0.95,0.5,0.0,0.0,0.12,0.05
8,PE_PB,-0.029432,0.15,0.2,0.3,0.7,0.75,0.8,0.95,0.0,0.65,0.0,0.08,0.03
8,PE_FED,-0.029434,0.1,0.3,0.4,0.55,0.7,0.75,0.95,0.0,0.0,0.0,0.06,0.05
8,PB_only,-0.029436,0.2,0.25,0.45,0.55,0.75,0.8,0.95,0.0,0.0,0.0,0.1,0.03
6,PB_FED,-0.029439,0.05,0.15,0.4,0.5,0.7,0.75,0.9,0.0,0.0,0.0,0.08,0.03
6,PB_only,-0.029441,0.2,0.25,0.35,0.6,0.7,0.8,0.85,0.0,0.0,0.0,0.1,0.05
8,PE_PB,-0.029446,0.05,0.15,0.3,0.7,0.75,0.8,0.9,0.0,0.65,0.0,0.1,0.03
6,PB_FED,-0.029449,0.1,0.25,0.45,0.65,0.65,0.8,0.9,0.0,0.0,0.0,0.1,0.05
8,PE_only,-0.029451,0.05,0.2,0.35,0.65,0.65,0.85,0.9,0.0,0.0,0.0,0.1,0.03
6,PB_FED,-0.029452,0.15,0.25,0.4,0.65,0.75,0.85,0.95,0.0,0.0,0.0,0.08,0.05
6,PB_only,-0.029457,0.05,0.3,0.35,0.65,0.65,0.8,0.95,0.0,0.0,0.0,0.06,0.04
8,PE_only,-0.029458,0.15,0.2,0.35,0.6,0.7,0.85,0.95,0.0,0.0,0.0,0.08,0.03
8,PE_only,-0.029461,0.2,0.3,0.35,0.7,0.65,0.85,0.95,0.0,0.0,0.0,0.12,0.05
6,PB_only,-0.029463,0.05,0.2,0.35,0.5,0.7,0.75,0.9,0.0,0.0,0.0,0.08,0.03
8,PE_only,-0.029463,0.15,0.25,0.35,0.6,0.65,0.8,0.95,0.0,0.0,0.0,0.1,0.03
8,PB_FED,-0.029467,0.15,0.2,0.4,0.65,0.7,0.8,0.9,0.5,0.0,0.0,0.1,0.03
8,PE_only,-0.029475,0.05,0.2,0.4,0.6,0.75,0.85,0.95,0.0,0.0,0.0,0.12,0.03
6,PB_FED,-0.029477,0.15,0.25,0.3,0.6,0.65,0.8,0.95,0.0,0.0,0.0,0.1,0.04
8,PE_only,-0.029477,0.05,0.3,0.45,0.7,0.65,0.75,0.9,0.0,0.0,0.0,0.06,0.03
6,PB_only,-0.029479,0.1,0.2,0.3,0.5,0.7,0.75,0.95,0.0,0.0,0.0,0.08,0.03
6,PB_only,-0.029479,0.2,0.3,0.4,0.65,0.65,0.85,0.95,0.0,0.0,0.0,0.1,0.03
6,PB_FED,-0.02948,0.1,0.3,0.45,0.7,0.65,0.75,0.9,0.0,0.0,0.0,0.12,0.05
8,PE_FED,-0.029481,0.15,0.25,0.45,0.55,0.65,0.8,0.9,0.0,0.0,0.0,0.1,0.03
8,PB_FED,-0.029483,0.2,0.25,0.45,0.5,0.7,0.85,0.95,0.0,0.0,0.0,0.12,0.04
8,PB_only,-0.029484,0.05,0.3,0.45,0.6,0.7,0.85,0.95,0.0,0.0,0.0,0.08,0.05
8,PB_only,-0.029486,0.1,0.25,0.3,0.5,0.75,0.85,0.9,0.0,0.0,0.0,0.08,0.04
8,PE_only,-0.029487,0.05,0.2,0.45,0.6,0.75,0.8,0.95,0.0,0.0,0.0,0.1,0.04
8,PB_FED,-0.029488,0.05,0.15,0.45,0.65,0.7,0.75,0.9,0.5,0.0,0.0,0.08,0.05
6,PB_FED,-0.029492,0.05,0.25,0.4,0.6,0.7,0.75,0.85,0.0,0.0,0.0,0.08,0.03
8,PE_only,-0.029492,0.15,0.25,0.45,0.7,0.7,0.85,0.9,0.0,0.0,0.0,0.12,0.05
6,PB_FED,-0.029493,0.05,0.25,0.4,0.7,0.75,0.85,0.95,0.0,0.0,0.0,0.08,0.04
8,PE_FED,-0.029495,0.1,0.25,0.4,0.55,0.7,0.85,0.95,0.0,0.0,0.0,0.06,0.04
6,PB_only,-0.029498,0.1,0.25,0.35,0.55,0.7,0.85,0.9,0.0,0.0,0.0,0.1,0.05
6,PB_only,-0.029501,0.15,0.3,0.35,0.55,0.65,0.8,0.9,0.0,0.0,0.0,0.12,0.03
6,PB_FED,-0.029504,0.2,0.3,0.35,0.65,0.7,0.85,0.95,-0.5,0.0,0.0,0.06,0.05
6,PB_FED,-0.029505,0.15,0.3,0.45,0.7,0.7,0.8,0.95,0.0,0.0,0.0,0.12,0.04
8,PE_only,-0.029506,0.2,0.3,0.35,0.65,0.65,0.75,0.95,0.0,0.0,0.0,0.08,0.03
8,PE_FED,-0.029508,0.05,0.3,0.4,0.65,0.7,0.8,0.85,0.0,0.0,0.0,0.08,0.03
8,PE_only,-0.029514,0.2,0.25,0.4,0.65,0.7,0.85,0.95,0.0,0.0,0.0,0.12,0.03
6,PB_FED,-0.029522,0.15,0.25,0.45,0.6,0.65,0.75,0.95,0.0,0.0,0.0,0.1,0.03
8,PE_only,-0.029524,0.15,0.25,0.45,0.7,0.65,0.85,0.9,0.0,0.0,0.0,0.08,0.03
8,PE_only,-0.029524,0.15,0.25,0.45,0.7,0.65,0.85,0.9,0.0,0.0,0.0,0.1,0.03
8,PE_PB,-0.029524,0.1,0.15,0.4,0.7,0.65,0.75,0.95,0.0,0.65,0.0,0.12,0.05
6,PB_FED,-0.029527,0.1,0.25,0.4,0.65,0.65,0.8,0.95,0.0,0.0,0.0,0.12,0.05
8,PB_FED,-0.029527,0.15,0.25,0.35,0.7,0.7,0.8,0.85,0.5,0.0,0.0,0.1,0.03
8,PE_FED,-0.029529,0.1,0.2,0.35,0.55,0.7,0.85,0.9,0.0,0.0,0.0,0.12,0.04
8,PE_FED,-0.029531,0.05,0.15,0.35,0.5,0.65,0.75,0.85,0.0,0.0,0.0,0.1,0.04
8,PB_only,-0.029531,0.1,0.25,0.4,0.5,0.65,0.75,0.9,0.0,0.0,0.0,0.1,0.05
6,PB_FED,-0.029533,0.15,0.2,0.4,0.55,0.75,0.8,0.9,-0.5,0.0,0.0,0.1,0.05
6,PB_FED,-0.029538,0.05,0.25,0.35,0.6,0.7,0.75,0.9,0.0,0.0,0.0,0.06,0.04
8,PB_FED,-0.029538,0.1,0.15,0.45,0.65,0.75,0.85,0.9,0.5,0.0,0.0,0.06,0.03
8,PE_only,-0.029539,0.15,0.3,0.4,0.7,0.7,0.75,0.85,0.0,0.0,0.0,0.08,0.04
6,PB_only,-0.029544,0.15,0.3,0.35,0.55,0.75,0.8,0.85,0.0,0.0,0.0,0.08,0.04
6,PB_only,-0.029544,0.15,0.3,0.35,0.55,0.7,0.8,0.85,0.0,0.0,0.0,0.12,0.04
6,PB_FED,-0.029544,0.05,0.3,0.35,0.7,0.75,0.8,0.9,0.0,0.0,0.0,0.1,0.04
8,PB_FED,-0.029545,0.05,0.3,0.35,0.5,0.75,0.85,0.9,0.0,0.0,0.0,0.06,0.04
8,PE_PB_FED,-0.029546,0.05,0.15,0.3,0.6,0.7,0.8,0.85,0.0,0.65,0.8,0.12,0.04
8,PE_only,-0.029547,0.05,0.15,0.4,0.6,0.7,0.75,0.85,0.0,0.0,0.0,0.1,0.03
8,PB_only,-0.029553,0.15,0.2,0.3,0.5,0.7,0.85,0.95,0.0,0.0,0.0,0.06,0.04
8,PE_PB,-0.029555,0.05,0.15,0.35,0.7,0.7,0.75,0.9,0.0,0.65,0.0,0.06,0.04
8,PE_only,-0.029558,0.1,0.15,0.4,0.55,0.75,0.8,0.95,0.0,0.0,0.0,0.1,0.03
8,PE_only,-0.029561,0.05,0.2,0.4,0.6,0.65,0.75,0.9,0.0,0.0,0.0,0.1,0.03
8,PE_only,-0.029565,0.15,0.3,0.4,0.65,0.75,0.8,0.95,0.0,0.0,0.0,0.1,0.05
6,PB_only,-0.029567,0.1,0.2,0.35,0.5,0.7,0.75,0.85,0.0,0.0,0.0,0.1,0.03
8,PE_only,-0.02957,0.15,0.25,0.4,0.6,0.75,0.8,0.95,0.0,0.0,0.0,0.08,0.03
8,PE_only,-0.02957,0.15,0.25,0.4,0.6,0.65,0.8,0.95,0.0,0.0,0.0,0.08,0.03
6,PB_FED,-0.029572,0.15,0.3,0.35,0.65,0.65,0.8,0.95,0.0,0.0,0.0,0.1,0.03
8,PB_FED,-0.029573,0.1,0.15,0.35,0.7,0.65,0.85,0.95,0.5,0.0,0.0,0.06,0.04
8,PE_only,-0.029574,0.15,0.2,0.4,0.6,0.7,0.85,0.95,0.0,0.0,0.0,0.12,0.03
8,PB_only,-0.029574,0.05,0.15,0.45,0.5,0.7,0.8,0.95,0.0,0.0,0.0,0.08,0.04
6,PB_only,-0.029575,0.05,0.15,0.4,0.5,0.7,0.75,0.9,0.0,0.0,0.0,0.06,0.04
6,PB_only,-0.029575,0.15,0.2,0.3,0.5,0.65,0.8,0.9,0.0,0.0,0.0,0.12,0.03
8,PE_PB_FED,-0.029577,0.1,0.25,0.35,0.7,0.65,0.8,0.95,-0.5,0.65,0.75,0.06,0.04
8,PE_FED,-0.029581,0.15,0.3,0.45,0.6,0.65,0.75,0.95,-0.5,0.0,0.0,0.08,0.05
8,PE_PB_FED,-0.029583,0.1,0.25,0.3,0.7,0.7,0.8,0.95,0.0,0.6,0.8,0.12,0.04
8,PB_only,-0.029588,0.1,0.25,0.45,0.55,0.7,0.85,0.9,0.0,0.0,0.0,0.12,0.05
8,PB_FED,-0.029589,0.1,0.15,0.4,0.7,0.7,0.85,0.95,0.5,0.0,0.0,0.1,0.04
6,PB_only,-0.029593,0.15,0.2,0.45,0.55,0.7,0.85,0.95,0.0,0.0,0.0,0.1,0.03
8,PE_only,-0.029593,0.2,0.3,0.4,0.65,0.7,0.75,0.95,0.0,0.0,0.0,0.1,0.03
6,PB_only,-0.0296,0.1,0.15,0.4,0.5,0.7,0.75,0.85,0.0,0.0,0.0,0.12,0.04
8,PE_PB_FED,-0.029601,0.05,0.15,0.3,0.7,0.7,0.8,0.95,-0.5,0.55,0.8,0.06,0.05
6,PB_only,-0.029602,0.05,0.3,0.4,0.65,0.65,0.8,0.95,0.0,0.0,0.0,0.1,0.05
8,PE_only,-0.029604,0.2,0.3,0.4,0.7,0.75,0.8,0.9,0.0,0.0,0.0,0.12,0.04
6,PB_only,-0.02961,0.15,0.25,0.45,0.6,0.7,0.8,0.85,0.0,0.0,0.0,0.06,0.05
8,PB_FED,-0.029611,0.1,0.25,0.3,0.7,0.7,0.8,0.95,0.5,0.0,0.0,0.08,0.04
8,PB_only,-0.029625,0.05,0.2,0.4,0.5,0.65,0.8,0.9,0.0,0.0,0.0,0.08,0.05
8,PB_FED,-0.029627,0.1,0.15,0.4,0.6,0.65,0.8,0.85,0.5,0.0,0.0,0.06,0.03
6,PB_FED,-0.029628,0.1,0.3,0.35,0.7,0.75,0.85,0.9,0.0,0.0,0.0,0.1,0.05
6,PB_only,-0.029629,0.1,0.25,0.3,0.55,0.65,0.85,0.95,0.0,0.0,0.0,0.12,0.04
8,PE_FED,-0.02963,0.15,0.2,0.45,0.6,0.7,0.8,0.85,-0.5,0.0,0.0,0.06,0.04
8,PB_only,-0.029631,0.15,0.25,0.35,0.5,0.7,0.8,0.85,0.0,0.0,0.0,0.1,0.05
6,PB_only,-0.029639,0.15,0.3,0.45,0.6,0.7,0.75,0.85,0.0,0.0,0.0,0.12,0.03
6,PB_FED,-0.029643,0.1,0.3,0.35,0.7,0.75,0.8,0.95,0.0,0.0,0.0,0.06,0.04
8,PE_only,-0.029643,0.05,0.25,0.3,0.6,0.65,0.75,0.95,0.0,0.0,0.0,0.06,0.04
8,PE_PB,-0.029643,0.1,0.15,0.3,0.65,0.75,0.8,0.95,0.0,0.65,0.0,0.08,0.03
6,PB_only,-0.029644,0.2,0.25,0.45,0.55,0.7,0.8,0.9,0.0,0.0,0.0,0.06,0.03
6,PB_FED,-0.029646,0.15,0.3,0.45,0.65,0.65,0.85,0.95,-0.5,0.0,0.0,0.12,0.05
6,PB_FED,-0.029647,0.15,0.25,0.4,0.6,0.7,0.8,0.95,0.0,0.0,0.0,0.12,0.03
8,PB_FED,-0.029647,0.1,0.2,0.35,0.6,0.65,0.75,0.9,0.5,0.0,0.0,0.08,0.04
6,PB_FED,-0.029665,0.15,0.2,0.3,0.55,0.75,0.85,0.95,-0.5,0.0,0.0,0.08,0.05
6,PB_FED,-0.029666,0.05,0.2,0.3,0.5,0.65,0.75,0.85,0.0,0.0,0.0,0.1,0.05
8,PE_FED,-0.029666,0.05,0.25,0.45,0.6,0.7,0.85,0.95,-0.5,0.0,0.0,0.08,0.04
8,PE_FED,-0.029668,0.1,0.25,0.45,0.6,0.65,0.85,0.95,-0.5,0.0,0.0,0.12,0.04
8,PE_FED,-0.029671,0.05,0.2,0.35,0.55,0.75,0.85,0.9,0.0,0.0,0.0,0.08,0.03
6,PB_FED,-0.029672,0.1,0.2,0.35,0.5,0.7,0.75,0.9,-0.5,0.0,0.0,0.12,0.03
8,PE_PB_FED,-0.029673,0.15,0.2,0.3,0.7,0.75,0.8,0.9,-0.5,0.65,0.75,0.06,0.05
8,PE_only,-0.029674,0.05,0.15,0.4,0.6,0.7,0.8,0.9,0.0,0.0,0.0,0.12,0.05
6,PB_only,-0.029677,0.15,0.3,0.45,0.65,0.75,0.8,0.95,0.0,0.0,0.0,0.1,0.05
8,PE_only,-0.029677,0.05,0.3,0.45,0.7,0.65,0.8,0.9,0.0,0.0,0.0,0.08,0.03
8,PE_FED,-0.029679,0.1,0.15,0.45,0.55,0.75,0.8,0.9,-0.5,0.0,0.0,0.12,0.04
8,PE_only,-0.029681,0.2,0.25,0.4,0.7,0.65,0.8,0.85,0.0,0.0,0.0,0.06,0.04
8,PE_only,-0.029683,0.1,0.2,0.35,0.6,0.65,0.85,0.95,0.0,0.0,0.0,0.06,0.03
6,PB_only,-0.029685,0.05,0.2,0.45,0.6,0.75,0.8,0.95,0.0,0.0,0.0,0.08,0.04
8,PB_only,-0.029688,0.1,0.3,0.45,0.55,0.65,0.85,0.9,0.0,0.0,0.0,0.06,0.03
8,PE_only,-0.029695,0.15,0.2,0.4,0.6,0.7,0.75,0.9,0.0,0.0,0.0,0.1,0.03
8,PB_FED,-0.029699,0.05,0.25,0.4,0.5,0.7,0.85,0.9,-0.5,0.0,0.0,0.08,0.05
6,PB_only,-0.0297,0.15,0.2,0.3,0.5,0.75,0.8,0.85,0.0,0.0,0.0,0.06,0.04
6,PB_only,-0.029701,0.15,0.3,0.35,0.6,0.7,0.75,0.85,0.0,0.0,0.0,0.06,0.05
8,PB_only,-0.029704,0.05,0.25,0.4,0.5,0.75,0.85,0.9,0.0,0.0,0.0,0.06,0.03
6,PB_only,-0.029709,0.1,0.3,0.35,0.55,0.7,0.8,0.85,0.0,0.0,0.0,0.08,0.04
6,PB_only,-0.029711,0.05,0.3,0.35,0.6,0.75,0.8,0.9,0.0,0.0,0.0,0.1,0.03
6,PB_only,-0.029716,0.1,0.3,0.35,0.6,0.65,0.8,0.85,0.0,0.0,0.0,0.08,0.04
8,PE_only,-0.029718,0.05,0.2,0.3,0.6,0.65,0.85,0.95,0.0,0.0,0.0,0.06,0.04
6,PB_FED,-0.029723,0.1,0.25,0.4,0.6,0.7,0.8,0.85,0.0,0.0,0.0,0.12,0.03
8,PB_only,-0.029723,0.15,0.25,0.35,0.5,0.75,0.8,0.95,0.0,0.0,0.0,0.1,0.03
8,PB_only,-0.029723,0.15,0.25,0.35,0.5,0.75,0.8,0.95,0.0,0.0,0.0,0.12,0.03
8,PB_only,-0.029724,0.15,0.25,0.3,0.5,0.65,0.8,0.95,0.0,0.0,0.0,0.1,0.05
6,PE_only,-0.029725,0.1,0.15,0.3,0.7,0.75,0.85,0.95,0.0,0.0,0.0,0.08,0.03
8,PE_FED,-0.029729,0.15,0.25,0.4,0.6,0.75,0.85,0.9,0.0,0.0,0.0,0.08,0.05
8,PB_FED,-0.029735,0.05,0.2,0.3,0.6,0.65,0.8,0.85,0.5,0.0,0.0,0.06,0.03
8,PB_only,-0.029736,0.05,0.15,0.4,0.5,0.65,0.85,0.95,0.0,0.0,0.0,0.06,0.05
6,PB_only,-0.029738,0.2,0.25,0.35,0.6,0.65,0.8,0.95,0.0,0.0,0.0,0.08,0.03
8,PE_FED,-0.029739,0.15,0.25,0.4,0.55,0.7,0.75,0.95,-0.5,0.0,0.0,0.12,0.04
8,PE_FED,-0.029739,0.15,0.25,0.4,0.55,0.65,0.75,0.95,-0.5,0.0,0.0,0.06,0.04
6,PB_only,-0.02974,0.05,0.15,0.45,0.5,0.65,0.75,0.9,0.0,0.0,0.0,0.1,0.03
6,PB_only,-0.029741,0.05,0.3,0.45,0.65,0.65,0.8,0.95,0.0,0.0,0.0,0.1,0.03
8,PE_FED,-0.029748,0.1,0.3,0.35,0.65,0.75,0.85,0.9,0.0,0.0,0.0,0.12,0.05
8,PE_FED,-0.02975,0.05,0.2,0.3,0.55,0.75,0.85,0.95,-0.5,0.0,0.0,0.12,0.04
6,PB_FED,-0.029751,0.2,0.25,0.45,0.6,0.7,0.75,0.95,0.0,0.0,0.0,0.1,0.03
8,PE_PB_FED,-0.029751,0.05,0.2,0.35,0.7,0.7,0.75,0.85,-0.5,0.65,0.7,0.06,0.04
6,PB_only,-0.029752,0.1,0.3,0.4,0.6,0.7,0.75,0.9,0.0,0.0,0.0,0.06,0.04
6,PB_only,-0.029755,0.15,0.25,0.4,0.55,0.7,0.85,0.95,0.0,0.0,0.0,0.08,0.03
8,PE_only,-0.029758,0.1,0.25,0.35,0.65,0.7,0.8,0.9,0.0,0.0,0.0,0.06,0.04
8,PE_only,-0.029758,0.1,0.25,0.35,0.65,0.75,0.8,0.9,0.0,0.0,0.0,0.1,0.04
8,PB_FED,-0.029759,0.15,0.3,0.4,0.5,0.7,0.85,0.95,0.0,0.0,0.0,0.06,0.04
8,PE_only,-0.02976,0.05,0.15,0.35,0.6,0.65,0.75,0.85,0.0,0.0,0.0,0.06,0.05
6,PB_FED,-0.029766,0.1,0.3,0.45,0.65,0.7,0.75,0.9,0.0,0.0,0.0,0.06,0.03
6,PB_FED,-0.029771,0.2,0.3,0.45,0.65,0.75,0.8,0.85,0.0,0.0,0.0,0.12,0.04
6,PB_only,-0.029772,0.05,0.2,0.45,0.55,0.65,0.85,0.9,0.0,0.0,0.0,0.12,0.05
6,PB_only,-0.029776,0.05,0.2,0.4,0.55,0.65,0.85,0.95,0.0,0.0,0.0,0.08,0.05
6,PB_only,-0.029776,0.05,0.15,0.35,0.5,0.65,0.75,0.95,0.0,0.0,0.0,0.06,0.05
6,PB_FED,-0.029777,0.15,0.3,0.4,0.65,0.7,0.8,0.9,0.0,0.0,0.0,0.1,0.05
8,PE_only,-0.029778,0.1,0.25,0.4,0.7,0.65,0.85,0.9,0.0,0.0,0.0,0.06,0.05
6,PB_FED,-0.029782,0.05,0.25,0.4,0.7,0.65,0.85,0.95,0.0,0.0,0.0,0.06,0.05
8,PB_only,-0.029783,0.05,0.3,0.4,0.55,0.7,0.8,0.85,0.0,0.0,0.0,0.1,0.05
8,PE_only,-0.029784,0.05,0.15,0.45,0.55,0.65,0.8,0.95,0.0,0.0,0.0,0.06,0.03
6,PB_FED,-0.029785,0.2,0.3,0.45,0.65,0.65,0.85,0.95,-0.5,0.0,0.0,0.08,0.03
8,PE_FED,-0.029785,0.1,0.3,0.35,0.55,0.7,0.8,0.95,0.0,0.0,0.0,0.08,0.05
6,PB_only,-0.029787,0.05,0.2,0.3,0.55,0.7,0.75,0.9,0.0,0.0,0.0,0.12,0.03
8,PE_only,-0.029788,0.1,0.2,0.3,0.65,0.65,0.8,0.85,0.0,0.0,0.0,0.06,0.05
6,PB_only,-0.029789,0.05,0.3,0.35,0.55,0.7,0.8,0.85,0.0,0.0,0.0,0.1,0.04
6,PB_only,-0.029789,0.1,0.3,0.45,0.6,0.65,0.75,0.9,0.0,0.0,0.0,0.06,0.03
8,PB_only,-0.029794,0.05,0.15,0.45,0.5,0.75,0.85,0.9,0.0,0.0,0.0,0.08,0.05
8,PE_only,-0.029795,0.05,0.2,0.3,0.6,0.75,0.85,0.95,0.0,0.0,0.0,0.12,0.05
6,PB_FED,-0.029799,0.15,0.3,0.35,0.65,0.75,0.85,0.9,0.0,0.0,0.0,0.1,0.04
8,PE_only,-0.029807,0.1,0.2,0.4,0.65,0.7,0.85,0.9,0.0,0.0,0.0,0.1,0.03
6,PB_FED,-0.029808,0.1,0.2,0.45,0.55,0.7,0.8,0.9,0.0,0.0,0.0,0.06,0.04
8,PE_only,-0.029814,0.1,0.25,0.4,0.6,0.7,0.8,0.95,0.0,0.0,0.0,0.08,0.03
8,PB_only,-0.029816,0.1,0.25,0.3,0.5,0.75,0.8,0.95,0.0,0.0,0.0,0.1,0.05
8,PE_PB_FED,-0.029819,0.1,0.15,0.3,0.65,0.7,0.75,0.95,0.0,0.5,0.8,0.12,0.04
8,PE_PB_FED,-0.029827,0.15,0.2,0.3,0.65,0.75,0.8,0.85,0.0,0.65,0.7,0.12,0.04
6,PE_only,-0.029832,0.05,0.15,0.3,0.7,0.7,0.85,0.95,0.0,0.0,0.0,0.1,0.04
8,PE_FED,-0.029833,0.05,0.2,0.45,0.6,0.65,0.85,0.9,-0.5,0.0,0.0,0.12,0.04
8,PE_PB_FED,-0.029833,0.1,0.25,0.35,0.65,0.65,0.8,0.95,0.0,0.6,0.75,0.06,0.03
6,PB_only,-0.029836,0.05,0.3,0.35,0.6,0.7,0.8,0.85,0.0,0.0,0.0,0.12,0.04
8,PE_PB_FED,-0.029836,0.1,0.15,0.4,0.65,0.75,0.8,0.9,0.0,0.6,0.7,0.08,0.05
8,PB_only,-0.029839,0.05,0.2,0.4,0.5,0.75,0.85,0.9,0.0,0.0,0.0,0.12,0.04
8,PE_PB,-0.029844,0.05,0.15,0.3,0.7,0.75,0.8,0.9,0.0,0.65,0.0,0.12,0.04
8,PE_FED,-0.029847,0.05,0.3,0.35,0.65,0.65,0.85,0.9,-0.5,0.0,0.0,0.08,0.04
6,PB_only,-0.029849,0.2,0.3,0.4,0.6,0.65,0.8,0.85,0.0,0.0,0.0,0.12,0.03
8,PE_PB,-0.029849,0.1,0.2,0.3,0.7,0.65,0.8,0.95,0.0,0.65,0.0,0.1,0.03
8,PE_only,-0.029854,0.15,0.3,0.45,0.7,0.75,0.8,0.9,0.0,0.0,0.0,0.08,0.05
8,PE_only,-0.029854,0.2,0.25,0.4,0.65,0.65,0.75,0.9,0.0,0.0,0.0,0.12,0.03
6,PB_FED,-0.029858,0.05,0.2,0.4,0.55,0.75,0.8,0.95,0.0,0.0,0.0,0.1,0.03
6,PB_only,-0.029861,0.1,0.25,0.3,0.5,0.65,0.8,0.85,0.0,0.0,0.0,0.08,0.03
8,PE_only,-0.029861,0.1,0.3,0.4,0.65,0.65,0.8,0.95,0.0,0.0,0.0,0.1,0.05
8,PE_only,-0.029862,0.05,0.15,0.4,0.55,0.75,0.8,0.95,0.0,0.0,0.0,0.08,0.05
6,PB_FED,-0.029863,0.05,0.3,0.35,0.6,0.65,0.75,0.9,-0.5,0.0,0.0,0.12,0.03
8,PB_only,-0.029863,0.05,0.3,0.45,0.55,0.65,0.75,0.95,0.0,0.0,0.0,0.08,0.03
8,PE_only,-0.029865,0.15,0.25,0.45,0.6,0.7,0.75,0.95,0.0,0.0,0.0,0.08,0.03
8,PB_FED,-0.029865,0.2,0.3,0.35,0.5,0.65,0.8,0.85,-0.5,0.0,0.0,0.1,0.04
8,PB_only,-0.029871,0.2,0.25,0.4,0.55,0.65,0.85,0.95,0.0,0.0,0.0,0.1,0.03
8,PB_only,-0.029871,0.2,0.3,0.35,0.55,0.65,0.8,0.85,0.0,0.0,0.0,0.12,0.05
6,PB_only,-0.029874,0.05,0.3,0.4,0.6,0.65,0.75,0.9,0.0,0.0,0.0,0.1,0.04
8,PE_only,-0.029882,0.2,0.3,0.45,0.7,0.65,0.85,0.95,0.0,0.0,0.0,0.06,0.04
8,PB_only,-0.029893,0.15,0.3,0.45,0.55,0.7,0.8,0.85,0.0,0.0,0.0,0.08,0.05
6,PB_FED,-0.029896,0.1,0.25,0.4,0.55,0.65,0.75,0.85,0.0,0.0,0.0,0.12,0.03
6,PB_only,-0.029899,0.1,0.25,0.4,0.55,0.65,0.8,0.95,0.0,0.0,0.0,0.06,0.05
8,PE_only,-0.029899,0.05,0.15,0.35,0.6,0.7,0.8,0.85,0.0,0.0,0.0,0.08,0.03
8,PE_only,-0.029899,0.05,0.3,0.35,0.7,0.7,0.8,0.85,0.0,0.0,0.0,0.06,0.04
8,PB_only,-0.0299,0.15,0.3,0.45,0.55,0.65,0.8,0.85,0.0,0.0,0.0,0.06,0.05
8,PB_only,-0.0299,0.2,0.25,0.35,0.5,0.65,0.75,0.9,0.0,0.0,0.0,0.1,0.05
8,PE_only,-0.029901,0.2,0.25,0.4,0.7,0.65,0.75,0.85,0.0,0.0,0.0,0.06,0.05
6,PB_FED,-0.029906,0.2,0.3,0.45,0.65,0.7,0.8,0.9,0.0,0.0,0.0,0.06,0.03
8,PE_PB_FED,-0.029908,0.1,0.2,0.45,0.6,0.65,0.75,0.9,0.0,0.65,0.8,0.12,0.04
8,PE_PB_FED,-0.029911,0.1,0.15,0.4,0.65,0.7,0.85,0.95,0.0,0.55,0.7,0.08,0.03
8,PE_only,-0.029913,0.1,0.2,0.4,0.65,0.65,0.85,0.9,0.0,0.0,0.0,0.06,0.03
8,PB_only,-0.029913,0.2,0.25,0.35,0.5,0.65,0.75,0.95,0.0,0.0,0.0,0.06,0.03
8,PE_only,-0.029915,0.05,0.25,0.3,0.6,0.75,0.8,0.95,0.0,0.0,0.0,0.06,0.04
8,PE_FED,-0.029915,0.1,0.3,0.45,0.65,0.65,0.8,0.9,-0.5,0.0,0.0,0.12,0.05
8,PE_PB_FED,-0.029922,0.05,0.15,0.3,0.55,0.7,0.75,0.95,-0.5,0.65,0.7,0.12,0.05
6,PB_FED,-0.029924,0.05,0.15,0.4,0.5,0.7,0.75,0.85,-0.5,0.0,0.0,0.1,0.04
6,PB_FED,-0.029926,0.1,0.3,0.35,0.6,0.7,0.75,0.9,-0.5,0.0,0.0,0.06,0.05
6,PB_FED,-0.029926,0.2,0.3,0.45,0.65,0.7,0.75,0.9,0.0,0.0,0.0,0.08,0.05
8,PB_only,-0.029927,0.1,0.3,0.4,0.5,0.7,0.75,0.85,0.0,0.0,0.0,0.1,0.03
8,PB_only,-0.029927,0.2,0.25,0.35,0.5,0.7,0.75,0.9,0.0,0.0,0.0,0.06,0.05
8,PB_only,-0.029928,0.2,0.25,0.4,0.5,0.65,0.8,0.85,0.0,0.0,0.0,0.1,0.03
8,PE_only,-0.029938,0.15,0.2,0.3,0.6,0.75,0.85,0.95,0.0,0.0,0.0,0.06,0.05
8,PE_only,-0.029938,0.15,0.2,0.3,0.6,0.7,0.85,0.95,0.0,0.0,0.0,0.1,0.05
8,PE_only,-0.029942,0.05,0.2,0.45,0.65,0.75,0.8,0.85,0.0,0.0,0.0,0.12,0.04
6,PB_FED,-0.029945,0.1,0.15,0.35,0.5,0.7,0.85,0.9,0.0,0.0,0.0,0.08,0.03
8,PE_PB_FED,-0.029945,0.1,0.15,0.35,0.55,0.7,0.85,0.95,0.0,0.65,0.8,0.08,0.05
6,PB_only,-0.029946,0.15,0.25,0.4,0.6,0.65,0.8,0.95,0.0,0.0,0.0,0.1,0.04
8,PE_only,-0.029946,0.2,0.25,0.35,0.65,0.7,0.85,0.95,0.0,0.0,0.0,0.06,0.04
8,PE_only,-0.029949,0.05,0.25,0.3,0.65,0.75,0.8,0.9,0.0,0.0,0.0,0.06,0.05
8,PB_only,-0.029949,0.05,0.25,0.45,0.5,0.7,0.8,0.85,0.0,0.0,0.0,0.08,0.04
8,PE_only,-0.029951,0.15,0.3,0.45,0.65,0.65,0.8,0.95,0.0,0.0,0.0,0.1,0.04
8,PE_PB_FED,-0.029954,0.15,0.3,0.35,0.7,0.7,0.75,0.95,0.0,0.6,0.75,0.08,0.03
6,PB_only,-0.029959,0.1,0.3,0.4,0.6,0.7,0.8,0.9,0.0,0.0,0.0,0.08,0.03
6,PB_FED,-0.029961,0.05,0.2,0.3,0.55,0.7,0.85,0.95,0.0,0.0,0.0,0.12,0.05
6,PB_FED,-0.029963,0.15,0.25,0.3,0.55,0.75,0.8,0.95,-0.5,0.0,0.0,0.08,0.03
6,PB_FED,-0.029966,0.1,0.15,0.3,0.5,0.65,0.85,0.9,-0.5,0.0,0.0,0.06,0.04
8,PE_FED,-0.029971,0.2,0.25,0.35,0.6,0.75,0.85,0.9,0.0,0.0,0.0,0.12,0.04
8,PB_only,-0.029972,0.05,0.25,0.3,0.5,0.65,0.85,0.95,0.0,0.0,0.0,0.12,0.03
8,PE_only,-0.029974,0.05,0.15,0.3,0.55,0.65,0.75,0.9,0.0,0.0,0.0,0.12,0.03
6,PB_only,-0.029977,0.05,0.25,0.45,0.6,0.65,0.8,0.9,0.0,0.0,0.0,0.06,0.05
8,PE_only,-0.029979,0.1,0.15,0.3,0.55,0.65,0.8,0.95,0.0,0.0,0.0,0.06,0.05
8,PB_only,-0.029979,0.15,0.25,0.3,0.5,0.65,0.85,0.95,0.0,0.0,0.0,0.06,0.03
8,PE_FED,-0.02998,0.05,0.25,0.35,0.5,0.75,0.8,0.95,0.0,0.0,0.0,0.06,0.03
8,PE_PB_FED,-0.029985,0.15,0.25,0.35,0.6,0.65,0.8,0.95,0.0,0.65,0.8,0.12,0.04
8,PE_FED,-0.029986,0.05,0.25,0.35,0.6,0.75,0.85,0.9,0.0,0.0,0.0,0.06,0.05
6,PB_FED,-0.029989,0.1,0.15,0.3,0.5,0.75,0.85,0.9,-0.5,0.0,0.0,0.12,0.04
8,PB_only,-0.029989,0.1,0.25,0.45,0.5,0.75,0.8,0.85,0.0,0.0,0.0,0.08,0.04
8,PE_PB_FED,-0.030003,0.1,0.15,0.4,0.6,0.65,0.75,0.9,0.0,0.55,0.7,0.1,0.03
6,PB_FED,-0.030004,0.05,0.25,0.45,0.6,0.7,0.75,0.95,-0.5,0.0,0.0,0.06,0.04
8,PE_only,-0.030005,0.05,0.3,0.4,0.7,0.75,0.85,0.9,0.0,0.0,0.0,0.08,0.03
8,PE_only,-0.030012,0.05,0.2,0.4,0.65,0.75,0.85,0.9,0.0,0.0,0.0,0.06,0.05
8,PE_PB_FED,-0.030012,0.15,0.2,0.35,0.6,0.65,0.75,0.95,-0.5,0.65,0.8,0.12,0.04
8,PE_only,-0.030013,0.2,0.3,0.45,0.7,0.75,0.8,0.9,0.0,0.0,0.0,0.06,0.04
8,PB_FED,-0.030013,0.05,0.25,0.35,0.5,0.65,0.85,0.95,-0.5,0.0,0.0,0.08,0.04
8,PE_PB_FED,-0.030014,0.1,0.15,0.3,0.7,0.65,0.8,0.9,0.0,0.5,0.75,0.12,0.03
8,PE_only,-0.030017,0.1,0.15,0.35,0.6,0.7,0.8,0.9,0.0,0.0,0.0,0.06,0.05
8,PE_PB_FED,-0.030026,0.1,0.2,0.4,0.7,0.75,0.85,0.9,0.0,0.65,0.7,0.1,0.05
6,PB_only,-0.030027,0.15,0.25,0.35,0.55,0.7,0.85,0.95,0.0,0.0,0.0,0.08,0.05
6,PB_only,-0.030027,0.1,0.15,0.45,0.6,0.65,0.85,0.9,0.0,0.0,0.0,0.12,0.03
6,PB_only,-0.030028,0.15,0.3,0.45,0.55,0.65,0.85,0.9,0.0,0.0,0.0,0.06,0.03
8,PE_only,-0.030028,0.1,0.25,0.3,0.6,0.65,0.75,0.95,0.0,0.0,0.0,0.06,0.05
8,PE_FED,-0.030029,0.2,0.3,0.35,0.65,0.7,0.75,0.85,-0.5,0.0,0.0,0.12,0.04
8,PE_only,-0.03003,0.05,0.2,0.45,0.65,0.7,0.85,0.9,0.0,0.0,0.0,0.08,0.03
8,PB_FED,-0.03003,0.1,0.25,0.4,0.7,0.75,0.85,0.9,0.5,0.0,0.0,0.1,0.03
8,PE_PB,-0.030032,0.05,0.15,0.35,0.7,0.65,0.85,0.95,0.0,0.65,0.0,0.06,0.05
8,PB_only,-0.030033,0.2,0.25,0.35,0.5,0.65,0.85,0.9,0.0,0.0,0.0,0.06,0.03
6,PB_only,-0.030034,0.1,0.25,0.45,0.55,0.75,0.8,0.9,0.0,0.0,0.0,0.06,0.05
8,PE_only,-0.030035,0.2,0.25,0.3,0.65,0.65,0.8,0.9,0.0,0.0,0.0,0.12,0.03
8,PE_only,-0.030035,0.15,0.2,0.45,0.65,0.7,0.8,0.85,0.0,0.0,0.0,0.12,0.04
8,PB_only,-0.030037,0.15,0.25,0.4,0.5,0.7,0.8,0.85,0.0,0.0,0.0,0.06,0.05
6,PB_FED,-0.030039,0.15,0.2,0.4,0.55,0.75,0.8,0.95,-0.5,0.0,0.0,0.08,0.05
8,PB_only,-0.030039,0.15,0.3,0.35,0.55,0.75,0.85,0.9,0.0,0.0,0.0,0.1,0.05
8,PE_only,-0.03004,0.05,0.2,0.3,0.6,0.7,0.8,0.9,0.0,0.0,0.0,0.12,0.04
8,PE_FED,-0.03004,0.2,0.25,0.4,0.6,0.75,0.85,0.9,0.0,0.0,0.0,0.1,0.03
8,PE_FED,-0.030046,0.05,0.3,0.45,0.55,0.75,0.8,0.95,0.0,0.0,0.0,0.08,0.03
8,PE_PB_FED,-0.030046,0.05,0.2,0.35,0.7,0.65,0.75,0.9,0.0,0.55,0.75,0.1,0.03
8,PB_only,-0.030049,0.1,0.2,0.45,0.5,0.7,0.8,0.95,0.0,0.0,0.0,0.06,0.03
8,PE_only,-0.03005,0.05,0.3,0.35,0.65,0.7,0.85,0.95,0.0,0.0,0.0,0.12,0.03
8,PB_only,-0.030052,0.15,0.2,0.4,0.5,0.65,0.8,0.95,0.0,0.0,0.0,0.06,0.05
6,PB_only,-0.030057,0.2,0.25,0.35,0.6,0.75,0.8,0.95,0.0,0.0,0.0,0.06,0.04
8,PE_only,-0.030064,0.15,0.25,0.45,0.6,0.75,0.8,0.95,0.0,0.0,0.0,0.08,0.03
8,PE_only,-0.030067,0.05,0.2,0.45,0.6,0.75,0.85,0.95,0.0,0.0,0.0,0.1,0.03
8,PB_FED,-0.030067,0.05,0.15,0.45,0.7,0.75,0.8,0.95,0.5,0.0,0.0,0.12,0.04
8,PE_only,-0.030068,0.1,0.3,0.35,0.7,0.7,0.8,0.85,0.0,0.0,0.0,0.08,0.04
8,PB_FED,-0.03007,0.1,0.15,0.45,0.6,0.65,0.8,0.9,0.5,0.0,0.0,0.12,0.03
8,PE_only,-0.030072,0.2,0.3,0.35,0.65,0.65,0.75,0.95,0.0,0.0,0.0,0.08,0.04
8,PE_PB_FED,-0.030074,0.1,0.3,0.4,0.7,0.7,0.75,0.95,-0.5,0.65,0.75,0.06,0.03
6,PB_FED,-0.030077,0.15,0.25,0.3,0.55,0.65,0.8,0.9,-0.5,0.0,0.0,0.12,0.05
6,PB_FED,-0.030078,0.2,0.3,0.4,0.7,0.65,0.85,0.95,0.0,0.0,0.0,0.12,0.03
6,PB_FED,-0.030078,0.2,0.3,0.4,0.7,0.65,0.85,0.95,0.0,0.0,0.0,0.1,0.03
6,PE_only,-0.03008,0.05,0.15,0.4,0.7,0.75,0.85,0.95,0.0,0.0,0.0,0.1,0.04
8,PE_PB,-0.03008,0.1,0.2,0.4,0.7,0.65,0.8,0.95,0.0,0.65,0.0,0.06,0.03
6,PB_only,-0.030083,0.05,0.25,0.35,0.55,0.65,0.85,0.95,0.0,0.0,0.0,0.08,0.05
8,PE_FED,-0.030086,0.2,0.25,0.4,0.6,0.65,0.85,0.9,0.0,0.0,0.0,0.1,0.04
8,PE_PB,-0.030095,0.05,0.2,0.3,0.7,0.7,0.8,0.95,0.0,0.65,0.0,0.06,0.05
8,PE_FED,-0.030096,0.05,0.3,0.45,0.65,0.65,0.8,0.85,0.0,0.0,0.0,0.12,0.04
6,PB_only,-0.030098,0.2,0.25,0.35,0.6,0.65,0.8,0.95,0.0,0.0,0.0,0.12,0.05
6,PB_FED,-0.030099,0.05,0.25,0.45,0.6,0.65,0.8,0.9,-0.5,0.0,0.0,0.08,0.04
6,PB_only,-0.030103,0.1,0.3,0.4,0.55,0.65,0.8,0.85,0.0,0.0,0.0,0.06,0.04
8,PE_only,-0.030104,0.1,0.15,0.35,0.55,0.75,0.8,0.95,0.0,0.0,0.0,0.1,0.04
8,PE_PB_FED,-0.030105,0.1,0.2,0.3,0.7,0.65,0.8,0.95,-0.5,0.6,0.75,0.06,0.04
8,PE_only,-0.030108,0.1,0.25,0.35,0.6,0.65,0.75,0.95,0.0,0.0,0.0,0.08,0.04
8,PB_only,-0.030112,0.2,0.3,0.45,0.55,0.7,0.75,0.85,0.0,0.0,0.0,0.12,0.05
8,PE_only,-0.030113,0.1,0.25,0.45,0.65,0.65,0.8,0.9,0.0,0.0,0.0,0.06,0.03
8,PE_PB_FED,-0.030116,0.05,0.15,0.35,0.7,0.7,0.75,0.85,-0.5,0.6,0.7,0.12,0.04
8,PB_only,-0.030118,0.15,0.25,0.4,0.5,0.7,0.8,0.95,0.0,0.0,0.0,0.06,0.03
8,PE_FED,-0.03012,0.2,0.25,0.35,0.6,0.65,0.8,0.9,-0.5,0.0,0.0,0.12,0.04
8,PE_PB_FED,-0.03012,0.2,0.25,0.3,0.65,0.65,0.75,0.9,0.0,0.65,0.8,0.12,0.03
8,PB_only,-0.03012,0.15,0.25,0.35,0.5,0.65,0.85,0.9,0.0,0.0,0.0,0.1,0.04
8,PB_FED,-0.030126,0.1,0.2,0.4,0.6,0.65,0.75,0.95,0.5,0.0,0.0,0.06,0.03
6,PE_only,-0.030127,0.05,0.15,0.4,0.7,0.75,0.85,0.95,0.0,0.0,0.0,0.12,0.05
8,PE_only,-0.030131,0.05,0.2,0.3,0.55,0.75,0.8,0.95,0.0,0.0,0.0,0.12,0.03
8,PE_only,-0.030131,0.05,0.2,0.3,0.55,0.75,0.8,0.95,0.0,0.0,0.0,0.06,0.03
6,PB_only,-0.030132,0.1,0.25,0.3,0.5,0.65,0.75,0.9,0.0,0.0,0.0,0.1,0.04
6,PB_only,-0.030133,0.2,0.25,0.35,0.55,0.75,0.85,0.95,0.0,0.0,0.0,0.08,0.03
8,PB_FED,-0.030134,0.05,0.2,0.45,0.7,0.7,0.8,0.85,0.5,0.0,0.0,0.1,0.03
8,PE_PB_FED,-0.030136,0.1,0.15,0.3,0.65,0.65,0.85,0.95,-0.5,0.6,0.8,0.12,0.03
8,PE_only,-0.030139,0.1,0.3,0.4,0.7,0.75,0.85,0.9,0.0,0.0,0.0,0.06,0.03
8,PE_FED,-0.030143,0.2,0.25,0.3,0.55,0.65,0.8,0.95,-0.5,0.0,0.0,0.06,0.03
8,PB_FED,-0.030145,0.1,0.3,0.35,0.5,0.75,0.85,0.95,-0.5,0.0,0.0,0.1,0.03
8,PB_only,-0.030146,0.1,0.3,0.4,0.55,0.65,0.85,0.9,0.0,0.0,0.0,0.08,0.04
8,PE_only,-0.030147,0.15,0.2,0.4,0.65,0.75,0.85,0.9,0.0,0.0,0.0,0.08,0.05
8,PB_only,-0.030147,0.05,0.25,0.45,0.55,0.7,0.85,0.95,0.0,0.0,0.0,0.12,0.04
6,PB_only,-0.030151,0.1,0.25,0.45,0.55,0.7,0.85,0.9,0.0,0.0,0.0,0.08,0.04
6,PB_only,-0.030155,0.1,0.25,0.3,0.5,0.7,0.75,0.9,0.0,0.0,0.0,0.12,0.04
6,PB_only,-0.030156,0.15,0.2,0.35,0.55,0.65,0.75,0.85,0.0,0.0,0.0,0.06,0.03
8,PE_only,-0.030157,0.2,0.25,0.4,0.7,0.65,0.8,0.85,0.0,0.0,0.0,0.06,0.05
8,PE_only,-0.03016,0.1,0.25,0.35,0.65,0.65,0.75,0.85,0.0,0.0,0.0,0.12,0.04
8,PE_only,-0.03016,0.1,0.25,0.35,0.65,0.65,0.75,0.85,0.0,0.0,0.0,0.06,0.04
8,PE_FED,-0.030161,0.05,0.2,0.45,0.55,0.7,0.85,0.95,-0.5,0.0,0.0,0.08,0.03
6,PB_only,-0.030166,0.05,0.25,0.45,0.55,0.65,0.85,0.9,0.0,0.0,0.0,0.1,0.04
6,PB_FED,-0.03017,0.15,0.3,0.35,0.6,0.65,0.8,0.85,-0.5,0.0,0.0,0.08,0.05
8,PE_PB_FED,-0.03017,0.05,0.2,0.45,0.65,0.7,0.8,0.95,0.0,0.6,0.7,0.06,0.04
6,PB_FED,-0.030171,0.2,0.3,0.4,0.7,0.7,0.85,0.95,0.0,0.0,0.0,0.1,0.04
8,PE_FED,-0.030171,0.15,0.25,0.4,0.55,0.75,0.8,0.95,-0.5,0.0,0.0,0.06,0.05
6,PB_FED,-0.030172,0.05,0.2,0.45,0.55,0.7,0.85,0.9,0.0,0.0,0.0,0.1,0.03
8,PE_only,-0.030173,0.15,0.25,0.35,0.65,0.65,0.8,0.9,0.0,0.0,0.0,0.12,0.05
8,PE_only,-0.030182,0.1,0.15,0.35,0.55,0.65,0.8,0.95,0.0,0.0,0.0,0.12,0.05
8,PB_FED,-0.030183,0.05,0.2,0.4,0.7,0.7,0.8,0.9,0.5,0.0,0.0,0.1,0.05
8,PB_only,-0.030184,0.1,0.3,0.45,0.55,0.7,0.8,0.85,0.0,0.0,0.0,0.12,0.05
8,PE_PB_FED,-0.030187,0.15,0.25,0.4,0.7,0.65,0.8,0.95,0.0,0.55,0.7,0.12,0.03
8,PB_only,-0.030189,0.2,0.3,0.45,0.55,0.7,0.75,0.9,0.0,0.0,0.0,0.1,0.05
8,PB_only,-0.03019,0.2,0.25,0.35,0.5,0.7,0.75,0.95,0.0,0.0,0.0,0.12,0.04
6,PB_only,-0.030191,0.2,0.25,0.35,0.55,0.65,0.85,0.9,0.0,0.0,0.0,0.08,0.05
8,PB_only,-0.030191,0.1,0.2,0.4,0.5,0.7,0.8,0.95,0.0,0.0,0.0,0.08,0.05
8,PB_only,-0.030191,0.15,0.3,0.4,0.55,0.75,0.85,0.95,0.0,0.0,0.0,0.12,0.03
8,PB_only,-0.030192,0.05,0.3,0.4,0.55,0.75,0.8,0.9,0.0,0.0,0.0,0.06,0.05
6,PB_only,-0.030199,0.2,0.3,0.45,0.6,0.65,0.75,0.9,0.0,0.0,0.0,0.1,0.03
6,PB_FED,-0.030201,0.15,0.25,0.3,0.6,0.65,0.85,0.95,0.0,0.0,0.0,0.08,0.04
6,PB_only,-0.030203,0.1,0.2,0.3,0.5,0.7,0.8,0.9,0.0,0.0,0.0,0.1,0.04
6,PB_FED,-0.030203,0.1,0.25,0.3,0.55,0.7,0.75,0.85,0.0,0.0,0.0,0.12,0.05
6,PB_FED,-0.030211,0.1,0.3,0.45,0.7,0.75,0.8,0.85,0.0,0.0,0.0,0.08,0.05
6,PB_FED,-0.030211,0.1,0.3,0.45,0.7,0.75,0.8,0.85,0.0,0.0,0.0,0.1,0.05
8,PE_only,-0.030212,0.15,0.2,0.4,0.6,0.7,0.85,0.95,0.0,0.0,0.0,0.08,0.05
6,PB_FED,-0.030215,0.15,0.25,0.35,0.6,0.65,0.85,0.95,0.0,0.0,0.0,0.1,0.03
8,PE_FED,-0.030217,0.1,0.15,0.35,0.55,0.7,0.85,0.9,-0.5,0.0,0.0,0.12,0.03
8,PE_only,-0.030218,0.05,0.2,0.35,0.6,0.65,0.8,0.9,0.0,0.0,0.0,0.12,0.04
6,PB_only,-0.030222,0.2,0.3,0.45,0.6,0.7,0.75,0.9,0.0,0.0,0.0,0.12,0.03
8,PB_FED,-0.030223,0.05,0.3,0.35,0.5,0.75,0.85,0.95,0.0,0.0,0.0,0.12,0.04
6,PB_FED,-0.030224,0.05,0.25,0.3,0.6,0.75,0.85,0.9,0.0,0.0,0.0,0.12,0.04
8,PE_only,-0.030225,0.15,0.25,0.35,0.6,0.65,0.8,0.95,0.0,0.0,0.0,0.1,0.05
8,PE_FED,-0.030231,0.05,0.2,0.3,0.5,0.65,0.75,0.9,0.0,0.0,0.0,0.1,0.05
8,PB_FED,-0.030234,0.05,0.2,0.45,0.65,0.65,0.75,0.9,0.5,0.0,0.0,0.06,0.04
6,PB_only,-0.030235,0.1,0.2,0.35,0.5,0.65,0.85,0.9,0.0,0.0,0.0,0.08,0.03
8,PB_only,-0.030236,0.05,0.2,0.45,0.5,0.65,0.8,0.9,0.0,0.0,0.0,0.12,0.05
8,PE_FED,-0.030241,0.1,0.15,0.3,0.55,0.75,0.8,0.85,-0.5,0.0,0.0,0.08,0.05
8,PE_PB_FED,-0.030241,0.15,0.25,0.3,0.6,0.7,0.75,0.9,0.0,0.65,0.7,0.12,0.04
6,PB_only,-0.030244,0.05,0.3,0.4,0.55,0.7,0.8,0.9,0.0,0.0,0.0,0.06,0.03
6,PB_only,-0.030244,0.05,0.3,0.4,0.55,0.75,0.8,0.9,0.0,0.0,0.0,0.1,0.03
8,PE_PB_FED,-0.030245,0.15,0.25,0.35,0.7,0.7,0.75,0.95,-0.5,0.6,0.75,0.1,0.03
8,PE_only,-0.030246,0.1,0.15,0.35,0.6,0.7,0.75,0.85,0.0,0.0,0.0,0.1,0.05
8,PB_FED,-0.030246,0.2,0.3,0.45,0.5,0.7,0.8,0.95,0.0,0.0,0.0,0.12,0.04
8,PE_PB,-0.030247,0.05,0.15,0.45,0.7,0.7,0.75,0.9,0.0,0.65,0.0,0.08,0.04
8,PB_FED,-0.030249,0.1,0.2,0.3,0.55,0.65,0.75,0.9,0.5,0.0,0.0,0.12,0.04
6,PB_only,-0.030256,0.15,0.2,0.4,0.5,0.65,0.8,0.85,0.0,0.0,0.0,0.06,0.03
8,PE_PB_FED,-0.030259,0.1,0.15,0.3,0.55,0.65,0.75,0.85,0.0,0.65,0.7,0.1,0.05
6,PB_only,-0.03026,0.15,0.2,0.45,0.55,0.7,0.85,0.95,0.0,0.0,0.0,0.06,0.05
8,PE_only,-0.030261,0.05,0.3,0.4,0.7,0.65,0.8,0.85,0.0,0.0,0.0,0.06,0.04
8,PE_only,-0.030262,0.15,0.3,0.45,0.7,0.7,0.8,0.85,0.0,0.0,0.0,0.08,0.03
8,PE_only,-0.030263,0.2,0.25,0.4,0.65,0.65,0.8,0.9,0.0,0.0,0.0,0.1,0.03
6,PB_FED,-0.030273,0.1,0.15,0.35,0.5,0.7,0.8,0.9,0.0,0.0,0.0,0.08,0.05
6,PB_FED,-0.030273,0.05,0.2,0.3,0.5,0.7,0.8,0.85,0.0,0.0,0.0,0.12,0.05
8,PE_PB,-0.030273,0.15,0.2,0.35,0.7,0.7,0.75,0.95,0.0,0.65,0.0,0.12,0.05
8,PE_only,-0.030278,0.05,0.3,0.4,0.7,0.65,0.85,0.9,0.0,0.0,0.0,0.06,0.04
6,PB_only,-0.030287,0.05,0.15,0.3,0.6,0.7,0.85,0.95,0.0,0.0,0.0,0.12,0.04
6,PB_FED,-0.030289,0.1,0.3,0.45,0.7,0.7,0.85,0.9,0.0,0.0,0.0,0.1,0.04
8,PE_only,-0.030296,0.2,0.25,0.3,0.65,0.7,0.8,0.9,0.0,0.0,0.0,0.1,0.04
8,PE_FED,-0.030296,0.15,0.25,0.35,0.6,0.7,0.85,0.9,-0.5,0.0,0.0,0.08,0.03
8,PB_FED,-0.030297,0.05,0.2,0.4,0.65,0.65,0.75,0.95,0.5,0.0,0.0,0.06,0.04
8,PE_PB_FED,-0.030299,0.05,0.2,0.4,0.65,0.75,0.8,0.9,0.0,0.6,0.7,0.06,0.03
6,PB_only,-0.030302,0.05,0.3,0.35,0.55,0.75,0.8,0.9,0.0,0.0,0.0,0.1,0.04
8,PE_FED,-0.030302,0.2,0.3,0.4,0.6,0.7,0.8,0.95,-0.5,0.0,0.0,0.1,0.05
6,PB_only,-0.030303,0.2,0.25,0.45,0.6,0.65,0.8,0.85,0.0,0.0,0.0,0.12,0.05
6,PB_only,-0.030304,0.1,0.25,0.3,0.5,0.7,0.75,0.95,0.0,0.0,0.0,0.1,0.03
8,PB_only,-0.030313,0.1,0.3,0.45,0.55,0.7,0.8,0.95,0.0,0.0,0.0,0.06,0.03
8,PE_only,-0.030314,0.15,0.2,0.45,0.65,0.65,0.8,0.85,0.0,0.0,0.0,0.08,0.05
8,PB_FED,-0.030315,0.1,0.25,0.4,0.6,0.65,0.75,0.9,0.5,0.0,0.0,0.06,0.03
8,PB_only,-0.03032,0.05,0.2,0.4,0.5,0.7,0.85,0.9,0.0,0.0,0.0,0.06,0.05
6,PB_only,-0.030322,0.1,0.2,0.45,0.55,0.75,0.85,0.95,0.0,0.0,0.0,0.06,0.04
8,PE_only,-0.030323,0.05,0.15,0.4,0.6,0.75,0.85,0.9,0.0,0.0,0.0,0.1,0.03
8,PE_PB_FED,-0.030326,0.05,0.25,0.45,0.7,0.65,0.75,0.95,0.0,0.6,0.75,0.12,0.04
8,PB_FED,-0.030333,0.05,0.25,0.3,0.6,0.7,0.75,0.85,0.5,0.0,0.0,0.1,0.04
6,PB_only,-0.030336,0.1,0.3,0.35,0.6,0.75,0.8,0.95,0.0,0.0,0.0,0.08,0.03
6,PE_only,-0.030343,0.1,0.15,0.4,0.7,0.7,0.8,0.95,0.0,0.0,0.0,0.06,0.03
8,PE_only,-0.030346,0.05,0.15,0.4,0.55,0.65,0.75,0.9,0.0,0.0,0.0,0.1,0.03
8,PB_FED,-0.030347,0.2,0.3,0.35,0.5,0.75,0.8,0.9,-0.5,0.0,0.0,0.1,0.04
8,PB_only,-0.03035,0.1,0.3,0.35,0.55,0.65,0.85,0.95,0.0,0.0,0.0,0.06,0.03
8,PE_PB_FED,-0.030353,0.05,0.15,0.3,0.7,0.7,0.75,0.85,-0.5,0.6,0.75,0.08,0.05
6,PB_only,-0.030355,0.1,0.3,0.35,0.55,0.7,0.8,0.85,0.0,0.0,0.0,0.1,0.05
6,PB_only,-0.030358,0.1,0.15,0.3,0.5,0.65,0.8,0.95,0.0,0.0,0.0,0.1,0.04
8,PB_FED,-0.030365,0.1,0.25,0.45,0.7,0.65,0.75,0.95,0.5,0.0,0.0,0.08,0.05
6,PB_only,-0.030367,0.15,0.3,0.35,0.6,0.7,0.8,0.9,0.0,0.0,0.0,0.1,0.05
8,PE_only,-0.030369,0.1,0.15,0.4,0.6,0.65,0.75,0.85,0.0,0.0,0.0,0.12,0.05
6,PB_FED,-0.030372,0.2,0.3,0.35,0.65,0.75,0.8,0.95,0.0,0.0,0.0,0.08,0.04
6,PB_FED,-0.030374,0.15,0.2,0.4,0.55,0.75,0.85,0.95,0.0,0.0,0.0,0.08,0.04
8,PE_only,-0.030374,0.1,0.2,0.4,0.65,0.7,0.85,0.9,0.0,0.0,0.0,0.06,0.05
8,PE_FED,-0.030375,0.05,0.25,0.4,0.55,0.7,0.8,0.9,0.0,0.0,0.0,0.1,0.05
8,PB_FED,-0.030376,0.15,0.2,0.35,0.7,0.75,0.85,0.95,0.5,0.0,0.0,0.08,0.04
8,PE_only,-0.030377,0.15,0.2,0.35,0.6,0.75,0.8,0.9,0.0,0.0,0.0,0.12,0.04
8,PB_FED,-0.030383,0.05,0.2,0.4,0.7,0.75,0.8,0.95,0.5,0.0,0.0,0.06,0.04
8,PB_FED,-0.030383,0.05,0.15,0.45,0.65,0.65,0.8,0.95,0.5,0.0,0.0,0.06,0.03
6,PB_only,-0.030384,0.2,0.25,0.35,0.55,0.65,0.8,0.95,0.0,0.0,0.0,0.06,0.04
6,PB_FED,-0.030388,0.1,0.3,0.45,0.6,0.65,0.85,0.9,-0.5,0.0,0.0,0.08,0.03
6,PB_only,-0.030392,0.15,0.2,0.4,0.5,0.65,0.75,0.85,0.0,0.0,0.0,0.1,0.04
6,PB_only,-0.030393,0.05,0.2,0.45,0.55,0.7,0.85,0.95,0.0,0.0,0.0,0.06,0.05
6,PB_only,-0.030393,0.05,0.2,0.45,0.55,0.75,0.85,0.95,0.0,0.0,0.0,0.12,0.05
6,PB_FED,-0.030394,0.15,0.2,0.35,0.5,0.7,0.8,0.9,0.0,0.0,0.0,0.1,0.04
8,PE_only,-0.030394,0.1,0.2,0.35,0.55,0.7,0.75,0.95,0.0,0.0,0.0,0.08,0.03
6,PB_FED,-0.030396,0.1,0.15,0.35,0.5,0.65,0.8,0.95,0.0,0.0,0.0,0.06,0.03
8,PE_only,-0.030397,0.05,0.25,0.3,0.65,0.65,0.85,0.9,0.0,0.0,0.0,0.1,0.04
8,PE_only,-0.030397,0.05,0.25,0.3,0.65,0.75,0.8,0.85,0.0,0.0,0.0,0.12,0.04
8,PE_FED,-0.030397,0.15,0.2,0.3,0.5,0.7,0.75,0.85,0.0,0.0,0.0,0.1,0.03
8,PE_only,-0.030401,0.15,0.25,0.35,0.65,0.7,0.75,0.85,0.0,0.0,0.0,0.06,0.05
8,PE_only,-0.030411,0.15,0.25,0.3,0.65,0.75,0.8,0.85,0.0,0.0,0.0,0.06,0.03
8,PB_FED,-0.030411,0.1,0.15,0.3,0.5,0.75,0.8,0.85,0.5,0.0,0.0,0.1,0.03
8,PB_only,-0.030412,0.15,0.25,0.4,0.5,0.65,0.8,0.95,0.0,0.0,0.0,0.06,0.03
6,PB_FED,-0.030415,0.05,0.15,0.3,0.5,0.75,0.8,0.95,-0.5,0.0,0.0,0.1,0.04
6,PB_FED,-0.030416,0.05,0.3,0.35,0.6,0.7,0.8,0.85,-0.5,0.0,0.0,0.06,0.03
8,PE_FED,-0.030419,0.1,0.25,0.3,0.5,0.65,0.8,0.95,0.0,0.0,0.0,0.1,0.05
8,PB_FED,-0.030422,0.05,0.3,0.35,0.5,0.75,0.8,0.9,-0.5,0.0,0.0,0.1,0.05
8,PE_only,-0.030423,0.1,0.2,0.3,0.6,0.75,0.8,0.9,0.0,0.0,0.0,0.08,0.04
8,PE_only,-0.030435,0.05,0.25,0.45,0.65,0.65,0.75,0.85,0.0,0.0,0.0,0.08,0.04
8,PE_only,-0.030435,0.2,0.25,0.3,0.65,0.65,0.75,0.9,0.0,0.0,0.0,0.08,0.05
8,PE_PB_FED,-0.030435,0.15,0.2,0.3,0.7,0.65,0.75,0.95,-0.5,0.55,0.8,0.06,0.03
8,PE_FED,-0.030438,0.1,0.25,0.3,0.6,0.65,0.85,0.9,-0.5,0.0,0.0,0.12,0.03
6,PB_only,-0.03044,0.2,0.25,0.45,0.55,0.75,0.8,0.95,0.0,0.0,0.0,0.08,0.03
8,PB_only,-0.030445,0.05,0.25,0.45,0.55,0.65,0.85,0.95,0.0,0.0,0.0,0.08,0.04
8,PB_only,-0.030446,0.05,0.2,0.45,0.5,0.75,0.85,0.9,0.0,0.0,0.0,0.12,0.04
8,PE_PB_FED,-0.030447,0.1,0.25,0.45,0.65,0.75,0.8,0.95,0.0,0.6,0.75,0.12,0.03
6,PB_FED,-0.030449,0.1,0.3,0.45,0.7,0.75,0.8,0.95,0.0,0.0,0.0,0.06,0.05
6,PB_only,-0.030456,0.05,0.3,0.35,0.6,0.65,0.8,0.85,0.0,0.0,0.0,0.12,0.05
8,PE_only,-0.030456,0.05,0.15,0.45,0.55,0.75,0.8,0.95,0.0,0.0,0.0,0.1,0.04
8,PE_only,-0.030456,0.05,0.15,0.45,0.55,0.7,0.8,0.95,0.0,0.0,0.0,0.06,0.04
8,PB_only,-0.030458,0.2,0.3,0.4,0.5,0.65,0.75,0.85,0.0,0.0,0.0,0.06,0.03
8,PE_only,-0.030461,0.05,0.2,0.3,0.55,0.7,0.75,0.95,0.0,0.0,0.0,0.08,0.04
6,PB_only,-0.030464,0.1,0.2,0.3,0.6,0.65,0.85,0.9,0.0,0.0,0.0,0.1,0.04
8,PE_only,-0.030464,0.05,0.15,0.4,0.6,0.65,0.8,0.85,0.0,0.0,0.0,0.1,0.05
8,PB_only,-0.030466,0.1,0.2,0.4,0.5,0.65,0.85,0.95,0.0,0.0,0.0,0.06,0.03
6,PB_FED,-0.030467,0.15,0.2,0.35,0.5,0.65,0.85,0.9,-0.5,0.0,0.0,0.1,0.03
8,PB_only,-0.030467,0.2,0.3,0.45,0.55,0.7,0.8,0.9,0.0,0.0,0.0,0.1,0.04
8,PE_only,-0.030468,0.15,0.25,0.45,0.65,0.65,0.75,0.85,0.0,0.0,0.0,0.06,0.04
6,PB_only,-0.030472,0.1,0.15,0.3,0.6,0.65,0.85,0.95,0.0,0.0,0.0,0.1,0.05
8,PE_PB_FED,-0.030472,0.1,0.15,0.3,0.65,0.7,0.85,0.95,0.0,0.55,0.8,0.1,0.04
8,PE_PB,-0.030479,0.05,0.15,0.35,0.7,0.65,0.75,0.9,0.0,0.65,0.0,0.08,0.05
8,PB_FED,-0.030481,0.05,0.25,0.4,0.5,0.65,0.85,0.95,-0.5,0.0,0.0,0.06,0.04
8,PE_only,-0.030486,0.1,0.25,0.4,0.6,0.65,0.8,0.95,0.0,0.0,0.0,0.1,0.04
8,PE_only,-0.03049,0.15,0.3,0.35,0.7,0.65,0.8,0.85,0.0,0.0,0.0,0.12,0.05
8,PE_PB_FED,-0.030494,0.05,0.15,0.35,0.55,0.65,0.75,0.85,0.0,0.65,0.7,0.1,0.05
8,PE_only,-0.030496,0.05,0.25,0.35,0.65,0.7,0.8,0.85,0.0,0.0,0.0,0.1,0.03
8,PB_only,-0.030497,0.1,0.25,0.3,0.5,0.75,0.85,0.95,0.0,0.0,0.0,0.08,0.04
8,PB_only,-0.030497,0.1,0.25,0.3,0.5,0.75,0.85,0.95,0.0,0.0,0.0,0.06,0.04
8,PB_only,-0.030498,0.1,0.25,0.4,0.5,0.65,0.8,0.9,0.0,0.0,0.0,0.08,0.05
8,PE_PB_FED,-0.030499,0.05,0.25,0.35,0.65,0.65,0.75,0.9,0.0,0.65,0.75,0.12,0.05
8,PB_FED,-0.0305,0.1,0.2,0.3,0.6,0.65,0.8,0.85,0.5,0.0,0.0,0.1,0.05
6,PB_FED,-0.030502,0.1,0.15,0.4,0.5,0.75,0.8,0.9,0.0,0.0,0.0,0.06,0.04
6,PB_only,-0.030503,0.15,0.3,0.35,0.55,0.7,0.8,0.9,0.0,0.0,0.0,0.06,0.05
8,PE_FED,-0.030505,0.1,0.3,0.35,0.6,0.65,0.8,0.85,0.0,0.0,0.0,0.12,0.04
6,PB_only,-0.030506,0.05,0.15,0.35,0.55,0.65,0.75,0.9,0.0,0.0,0.0,0.1,0.05
6,PB_only,-0.030513,0.1,0.15,0.45,0.5,0.7,0.75,0.95,0.0,0.0,0.0,0.1,0.03
6,PB_FED,-0.03052,0.1,0.2,0.45,0.55,0.7,0.8,0.95,0.0,0.0,0.0,0.08,0.04
6,PB_FED,-0.030526,0.05,0.25,0.35,0.6,0.65,0.8,0.9,0.0,0.0,0.0,0.1,0.05
8,PE_FED,-0.030527,0.1,0.3,0.35,0.6,0.75,0.8,0.85,0.0,0.0,0.0,0.08,0.04
8,PB_only,-0.030528,0.05,0.3,0.4,0.5,0.65,0.75,0.85,0.0,0.0,0.0,0.12,0.04
8,PE_FED,-0.03053,0.2,0.3,0.45,0.6,0.7,0.75,0.9,0.0,0.0,0.0,0.1,0.05
6,PB_FED,-0.030531,0.2,0.25,0.35,0.55,0.7,0.8,0.85,-0.5,0.0,0.0,0.1,0.03
8,PB_only,-0.030531,0.15,0.2,0.45,0.5,0.75,0.8,0.95,0.0,0.0,0.0,0.06,0.04
8,PE_only,-0.030533,0.05,0.3,0.4,0.7,0.65,0.85,0.9,0.0,0.0,0.0,0.08,0.03
8,PE_only,-0.030534,0.05,0.2,0.3,0.6,0.7,0.75,0.85,0.0,0.0,0.0,0.06,0.04
8,PB_only,-0.030535,0.1,0.3,0.45,0.55,0.65,0.8,0.9,0.0,0.0,0.0,0.08,0.05
8,PB_only,-0.030542,0.05,0.25,0.35,0.5,0.75,0.8,0.95,0.0,0.0,0.0,0.12,0.05
8,PE_only,-0.030548,0.05,0.25,0.35,0.65,0.65,0.85,0.9,0.0,0.0,0.0,0.08,0.04
8,PE_only,-0.030552,0.15,0.25,0.35,0.65,0.7,0.8,0.85,0.0,0.0,0.0,0.1,0.03
8,PE_PB,-0.030565,0.15,0.2,0.3,0.65,0.65,0.75,0.95,0.0,0.65,0.0,0.12,0.03
8,PB_FED,-0.030565,0.1,0.2,0.4,0.65,0.7,0.8,0.95,0.5,0.0,0.0,0.1,0.04
6,PB_only,-0.03057,0.2,0.3,0.4,0.6,0.75,0.8,0.85,0.0,0.0,0.0,0.1,0.04
8,PE_only,-0.030571,0.15,0.3,0.45,0.7,0.65,0.8,0.85,0.0,0.0,0.0,0.1,0.04
6,PB_only,-0.030573,0.05,0.2,0.35,0.55,0.65,0.75,0.9,0.0,0.0,0.0,0.1,0.03
8,PE_only,-0.030575,0.2,0.3,0.45,0.65,0.7,0.75,0.95,0.0,0.0,0.0,0.1,0.04
6,PB_only,-0.030577,0.05,0.3,0.35,0.55,0.75,0.8,0.95,0.0,0.0,0.0,0.08,0.03
6,PB_only,-0.030578,0.05,0.15,0.4,0.55,0.65,0.75,0.85,0.0,0.0,0.0,0.08,0.04
6,PB_only,-0.030578,0.1,0.25,0.35,0.6,0.65,0.85,0.9,0.0,0.0,0.0,0.1,0.03
6,PB_only,-0.030581,0.15,0.25,0.3,0.5,0.7,0.75,0.85,0.0,0.0,0.0,0.06,0.05
6,PB_FED,-0.030581,0.05,0.25,0.3,0.55,0.75,0.8,0.9,-0.5,0.0,0.0,0.1,0.05
8,PB_only,-0.030588,0.1,0.25,0.35,0.5,0.75,0.8,0.95,0.0,0.0,0.0,0.12,0.05
8,PE_FED,-0.030589,0.15,0.2,0.45,0.55,0.65,0.85,0.95,-0.5,0.0,0.0,0.06,0.04
6,PB_only,-0.030591,0.1,0.15,0.45,0.6,0.75,0.85,0.9,0.0,0.0,0.0,0.12,0.03
8,PE_FED,-0.030592,0.15,0.2,0.45,0.5,0.65,0.85,0.95,0.0,0.0,0.0,0.06,0.03
8,PE_only,-0.030595,0.1,0.3,0.4,0.65,0.7,0.75,0.9,0.0,0.0,0.0,0.12,0.03
6,PB_FED,-0.030599,0.15,0.25,0.4,0.6,0.65,0.85,0.95,0.0,0.0,0.0,0.08,0.03
6,PB_FED,-0.030604,0.15,0.25,0.45,0.55,0.75,0.8,0.85,0.0,0.0,0.0,0.06,0.03
8,PE_PB,-0.03061,0.1,0.15,0.4,0.7,0.65,0.85,0.95,0.0,0.65,0.0,0.12,0.05
8,PB_FED,-0.030611,0.05,0.2,0.35,0.65,0.7,0.8,0.95,0.5,0.0,0.0,0.12,0.04
8,PB_only,-0.030612,0.15,0.25,0.35,0.5,0.65,0.85,0.9,0.0,0.0,0.0,0.06,0.05
8,PB_FED,-0.030618,0.1,0.25,0.45,0.7,0.75,0.8,0.95,0.5,0.0,0.0,0.12,0.03
8,PE_FED,-0.030621,0.05,0.25,0.3,0.55,0.75,0.85,0.95,-0.5,0.0,0.0,0.08,0.03
6,PB_only,-0.030622,0.15,0.3,0.35,0.55,0.75,0.85,0.9,0.0,0.0,0.0,0.12,0.04
8,PE_only,-0.030624,0.1,0.15,0.35,0.6,0.7,0.85,0.9,0.0,0.0,0.0,0.12,0.03
8,PB_only,-0.030628,0.05,0.15,0.45,0.5,0.65,0.85,0.95,0.0,0.0,0.0,0.1,0.04
8,PE_PB_FED,-0.03063,0.1,0.2,0.4,0.7,0.75,0.8,0.85,0.0,0.6,0.7,0.06,0.04
8,PE_PB_FED,-0.030633,0.05,0.25,0.45,0.7,0.65,0.75,0.85,0.0,0.65,0.75,0.08,0.03
6,PB_FED,-0.030635,0.15,0.25,0.35,0.55,0.75,0.8,0.9,0.0,0.0,0.0,0.1,0.04
6,PB_only,-0.030636,0.05,0.2,0.45,0.5,0.7,0.75,0.85,0.0,0.0,0.0,0.12,0.03
6,PB_only,-0.030636,0.05,0.3,0.45,0.6,0.7,0.8,0.9,0.0,0.0,0.0,0.08,0.03
6,PE_only,-0.030638,0.05,0.15,0.45,0.7,0.7,0.85,0.95,0.0,0.0,0.0,0.12,0.04
6,PB_only,-0.030638,0.05,0.3,0.35,0.6,0.75,0.8,0.9,0.0,0.0,0.0,0.08,0.05
8,PE_PB_FED,-0.030641,0.1,0.25,0.4,0.7,0.75,0.85,0.9,0.0,0.65,0.7,0.06,0.04
8,PE_only,-0.030643,0.2,0.3,0.4,0.7,0.7,0.8,0.85,0.0,0.0,0.0,0.1,0.04
6,PB_only,-0.030645,0.05,0.15,0.4,0.6,0.65,0.85,0.9,0.0,0.0,0.0,0.08,0.04
6,PB_only,-0.030647,0.15,0.2,0.4,0.5,0.65,0.85,0.9,0.0,0.0,0.0,0.1,0.03
8,PE_PB,-0.030649,0.05,0.15,0.45,0.7,0.65,0.85,0.95,0.0,0.65,0.0,0.1,0.04
8,PB_only,-0.03065,0.05,0.3,0.4,0.5,0.75,0.8,0.85,0.0,0.0,0.0,0.12,0.03
8,PE_only,-0.030668,0.15,0.2,0.35,0.6,0.65,0.75,0.85,0.0,0.0,0.0,0.08,0.04
6,PB_FED,-0.03067,0.05,0.3,0.4,0.6,0.65,0.75,0.9,-0.5,0.0,0.0,0.12,0.04
6,PB_only,-0.030671,0.05,0.2,0.45,0.5,0.7,0.75,0.9,0.0,0.0,0.0,0.12,0.03
8,PB_only,-0.030671,0.2,0.3,0.4,0.55,0.65,0.8,0.95,0.0,0.0,0.0,0.1,0.03
8,PE_only,-0.030675,0.05,0.25,0.3,0.65,0.75,0.8,0.85,0.0,0.0,0.0,0.06,0.05
6,PE_only,-0.030677,0.1,0.15,0.35,0.7,0.7,0.75,0.95,0.0,0.0,0.0,0.06,0.04
6,PB_only,-0.030678,0.1,0.2,0.3,0.5,0.7,0.8,0.9,0.0,0.0,0.0,0.12,0.05
8,PE_FED,-0.03068,0.2,0.3,0.45,0.6,0.75,0.8,0.95,-0.5,0.0,0.0,0.08,0.04
8,PE_FED,-0.03068,0.2,0.3,0.45,0.6,0.75,0.8,0.95,-0.5,0.0,0.0,0.1,0.04
6,PB_only,-0.030682,0.15,0.25,0.35,0.5,0.7,0.75,0.85,0.0,0.0,0.0,0.1,0.04
8,PB_only,-0.030683,0.1,0.3,0.35,0.5,0.75,0.8,0.85,0.0,0.0,0.0,0.1,0.04
6,PB_only,-0.030687,0.1,0.2,0.4,0.5,0.75,0.8,0.85,0.0,0.0,0.0,0.12,0.03
8,PE_FED,-0.030687,0.1,0.25,0.4,0.5,0.7,0.8,0.95,0.0,0.0,0.0,0.12,0.04
8,PE_FED,-0.030688,0.1,0.25,0.4,0.55,0.65,0.8,0.85,0.0,0.0,0.0,0.08,0.04
6,PB_only,-0.03069,0.05,0.15,0.45,0.5,0.65,0.75,0.9,0.0,0.0,0.0,0.1,0.05
8,PE_PB,-0.03069,0.05,0.15,0.3,0.7,0.75,0.8,0.85,0.0,0.65,0.0,0.06,0.04
6,PB_only,-0.030695,0.15,0.2,0.35,0.55,0.7,0.75,0.85,0.0,0.0,0.0,0.08,0.03
6,PB_FED,-0.0307,0.2,0.3,0.4,0.65,0.75,0.8,0.95,0.0,0.0,0.0,0.06,0.04
8,PB_FED,-0.030704,0.1,0.25,0.4,0.65,0.65,0.75,0.95,0.5,0.0,0.0,0.12,0.04
8,PE_PB_FED,-0.030709,0.15,0.2,0.45,0.6,0.75,0.8,0.95,0.0,0.6,0.8,0.12,0.04
8,PB_FED,-0.030712,0.15,0.2,0.45,0.65,0.7,0.75,0.85,0.5,0.0,0.0,0.12,0.05
6,PE_only,-0.030713,0.1,0.15,0.4,0.7,0.65,0.85,0.95,0.0,0.0,0.0,0.08,0.04
6,PB_only,-0.030714,0.1,0.15,0.4,0.5,0.65,0.75,0.95,0.0,0.0,0.0,0.06,0.04
8,PE_only,-0.030717,0.15,0.3,0.35,0.6,0.65,0.75,0.95,0.0,0.0,0.0,0.1,0.03
6,PB_only,-0.030719,0.05,0.2,0.3,0.6,0.65,0.85,0.9,0.0,0.0,0.0,0.06,0.05
6,PB_only,-0.030719,0.05,0.2,0.4,0.5,0.7,0.75,0.95,0.0,0.0,0.0,0.12,0.03
8,PB_FED,-0.030719,0.05,0.25,0.35,0.7,0.65,0.8,0.9,0.5,0.0,0.0,0.06,0.05
8,PE_only,-0.030726,0.1,0.15,0.4,0.6,0.7,0.85,0.9,0.0,0.0,0.0,0.08,0.04
6,PE_only,-0.03073,0.1,0.15,0.35,0.7,0.7,0.8,0.95,0.0,0.0,0.0,0.06,0.05
6,PB_FED,-0.030732,0.15,0.25,0.3,0.5,0.65,0.75,0.85,0.0,0.0,0.0,0.12,0.04
8,PE_only,-0.030733,0.15,0.25,0.45,0.65,0.7,0.8,0.9,0.0,0.0,0.0,0.12,0.05
8,PE_only,-0.030733,0.15,0.25,0.45,0.65,0.7,0.8,0.9,0.0,0.0,0.0,0.06,0.05
8,PB_only,-0.030737,0.05,0.25,0.45,0.5,0.65,0.8,0.85,0.0,0.0,0.0,0.12,0.05
8,PB_only,-0.030737,0.05,0.25,0.45,0.5,0.65,0.8,0.85,0.0,0.0,0.0,0.06,0.05
6,PB_only,-0.030738,0.1,0.25,0.3,0.55,0.7,0.75,0.9,0.0,0.0,0.0,0.12,0.03
6,PB_FED,-0.030738,0.05,0.25,0.45,0.6,0.7,0.75,0.9,0.0,0.0,0.0,0.12,0.05
6,PB_only,-0.030741,0.05,0.15,0.45,0.5,0.65,0.75,0.95,0.0,0.0,0.0,0.08,0.03
8,PB_only,-0.030743,0.1,0.2,0.35,0.5,0.65,0.85,0.95,0.0,0.0,0.0,0.06,0.04
6,PB_FED,-0.030749,0.15,0.25,0.45,0.6,0.65,0.85,0.9,0.0,0.0,0.0,0.08,0.05
8,PE_PB,-0.030751,0.1,0.15,0.4,0.65,0.65,0.8,0.95,0.0,0.65,0.0,0.06,0.05
8,PB_only,-0.030754,0.15,0.3,0.35,0.5,0.7,0.85,0.9,0.0,0.0,0.0,0.08,0.03
8,PE_only,-0.030756,0.1,0.2,0.4,0.6,0.7,0.75,0.9,0.0,0.0,0.0,0.1,0.05
8,PB_only,-0.030757,0.2,0.25,0.45,0.5,0.7,0.75,0.85,0.0,0.0,0.0,0.12,0.05
6,PB_FED,-0.030758,0.05,0.25,0.4,0.6,0.65,0.8,0.9,0.0,0.0,0.0,0.08,0.04
8,PE_PB_FED,-0.030764,0.05,0.15,0.4,0.5,0.65,0.8,0.95,0.0,0.65,0.75,0.12,0.05
8,PE_PB_FED,-0.030764,0.2,0.25,0.45,0.65,0.75,0.8,0.95,0.0,0.65,0.75,0.08,0.04
8,PE_only,-0.030767,0.1,0.3,0.4,0.65,0.75,0.85,0.95,0.0,0.0,0.0,0.12,0.04
8,PE_only,-0.030767,0.1,0.3,0.45,0.65,0.7,0.85,0.95,0.0,0.0,0.0,0.12,0.03
8,PE_only,-0.030767,0.1,0.3,0.45,0.65,0.65,0.85,0.95,0.0,0.0,0.0,0.06,0.03
8,PE_only,-0.030767,0.1,0.3,0.4,0.65,0.75,0.85,0.95,0.0,0.0,0.0,0.1,0.04
8,PE_PB_FED,-0.030767,0.15,0.3,0.45,0.7,0.75,0.8,0.95,0.0,0.6,0.7,0.1,0.03
8,PB_only,-0.030767,0.05,0.2,0.45,0.5,0.7,0.85,0.95,0.0,0.0,0.0,0.08,0.03
6,PB_FED,-0.030771,0.15,0.25,0.45,0.6,0.75,0.85,0.9,0.0,0.0,0.0,0.12,0.05
8,PB_FED,-0.030777,0.15,0.25,0.45,0.7,0.7,0.8,0.85,0.5,0.0,0.0,0.12,0.04
8,PE_only,-0.030785,0.2,0.3,0.35,0.7,0.75,0.8,0.85,0.0,0.0,0.0,0.12,0.05
8,PE_only,-0.030785,0.2,0.3,0.35,0.7,0.75,0.8,0.85,0.0,0.0,0.0,0.06,0.05
6,PB_only,-0.03079,0.15,0.3,0.4,0.6,0.65,0.8,0.95,0.0,0.0,0.0,0.08,0.03
8,PE_PB_FED,-0.030794,0.1,0.15,0.35,0.5,0.7,0.8,0.95,0.0,0.6,0.7,0.12,0.03
8,PE_only,-0.030796,0.05,0.15,0.35,0.55,0.7,0.8,0.9,0.0,0.0,0.0,0.08,0.03
6,PB_only,-0.030802,0.05,0.25,0.3,0.5,0.65,0.75,0.95,0.0,0.0,0.0,0.08,0.05
6,PB_only,-0.030807,0.15,0.3,0.35,0.6,0.65,0.8,0.95,0.0,0.0,0.0,0.1,0.05
8,PB_only,-0.030811,0.1,0.3,0.4,0.5,0.7,0.75,0.95,0.0,0.0,0.0,0.06,0.03
6,PB_only,-0.030815,0.15,0.25,0.3,0.5,0.75,0.85,0.9,0.0,0.0,0.0,0.08,0.03
6,PE_only,-0.030819,0.1,0.15,0.45,0.7,0.75,0.85,0.95,0.0,0.0,0.0,0.1,0.04
8,PE_only,-0.030819,0.05,0.25,0.35,0.65,0.65,0.8,0.85,0.0,0.0,0.0,0.06,0.05
6,PB_FED,-0.030821,0.1,0.15,0.3,0.5,0.65,0.85,0.95,0.0,0.0,0.0,0.1,0.05
6,PB_FED,-0.030821,0.1,0.15,0.3,0.5,0.65,0.85,0.95,0.0,0.0,0.0,0.12,0.05
8,PE_only,-0.030822,0.1,0.25,0.35,0.65,0.7,0.8,0.85,0.0,0.0,0.0,0.1,0.03
8,PE_only,-0.030826,0.2,0.25,0.35,0.6,0.65,0.75,0.95,0.0,0.0,0.0,0.08,0.04
8,PE_only,-0.030826,0.2,0.25,0.35,0.6,0.7,0.75,0.95,0.0,0.0,0.0,0.08,0.04
6,PB_only,-0.030827,0.15,0.2,0.35,0.5,0.7,0.75,0.95,0.0,0.0,0.0,0.1,0.05
8,PE_only,-0.030828,0.1,0.2,0.4,0.55,0.75,0.8,0.95,0.0,0.0,0.0,0.12,0.03
6,PB_only,-0.030832,0.2,0.25,0.45,0.6,0.75,0.8,0.85,0.0,0.0,0.0,0.12,0.05
8,PE_only,-0.030834,0.2,0.3,0.4,0.65,0.65,0.85,0.95,0.0,0.0,0.0,0.12,0.03
8,PE_PB_FED,-0.030837,0.05,0.25,0.45,0.65,0.7,0.8,0.9,0.0,0.65,0.75,0.08,0.03
6,PB_only,-0.030839,0.15,0.25,0.35,0.5,0.75,0.8,0.85,0.0,0.0,0.0,0.1,0.03
6,PB_FED,-0.030839,0.15,0.2,0.4,0.5,0.7,0.8,0.85,-0.5,0.0,0.0,0.1,0.03
8,PE_PB,-0.030839,0.15,0.2,0.45,0.7,0.7,0.75,0.95,0.0,0.65,0.0,0.06,0.05
8,PB_FED,-0.030839,0.2,0.25,0.45,0.5,0.65,0.85,0.95,-0.5,0.0,0.0,0.1,0.03
8,PB_only,-0.030843,0.15,0.25,0.4,0.5,0.65,0.8,0.95,0.0,0.0,0.0,0.08,0.05
6,PB_FED,-0.030848,0.15,0.25,0.45,0.6,0.65,0.85,0.95,-0.5,0.0,0.0,0.08,0.05
8,PE_FED,-0.030854,0.15,0.25,0.45,0.55,0.7,0.8,0.85,0.0,0.0,0.0,0.1,0.03
6,PB_FED,-0.030857,0.05,0.15,0.35,0.5,0.75,0.8,0.9,-0.5,0.0,0.0,0.1,0.05
8,PB_FED,-0.030857,0.05,0.25,0.45,0.5,0.75,0.85,0.95,-0.5,0.0,0.0,0.12,0.04
8,PB_only,-0.030858,0.1,0.25,0.4,0.5,0.75,0.8,0.85,0.0,0.0,0.0,0.08,0.05
6,PB_only,-0.030861,0.15,0.2,0.4,0.5,0.7,0.8,0.9,0.0,0.0,0.0,0.12,0.03
8,PE_only,-0.030864,0.05,0.25,0.45,0.65,0.65,0.8,0.85,0.0,0.0,0.0,0.08,0.03
8,PE_only,-0.030864,0.05,0.25,0.45,0.65,0.65,0.8,0.85,0.0,0.0,0.0,0.12,0.03
8,PE_PB_FED,-0.030865,0.1,0.15,0.3,0.55,0.65,0.8,0.95,0.0,0.5,0.7,0.08,0.03
8,PE_only,-0.030868,0.2,0.25,0.4,0.65,0.65,0.75,0.85,0.0,0.0,0.0,0.12,0.03
6,PB_only,-0.030869,0.1,0.25,0.4,0.5,0.7,0.75,0.85,0.0,0.0,0.0,0.12,0.03
8,PB_FED,-0.03087,0.1,0.25,0.35,0.65,0.7,0.8,0.9,0.5,0.0,0.0,0.12,0.05
6,PE_only,-0.030872,0.15,0.2,0.3,0.7,0.75,0.85,0.95,0.0,0.0,0.0,0.12,0.04
6,PB_only,-0.030873,0.05,0.25,0.35,0.55,0.65,0.75,0.85,0.0,0.0,0.0,0.1,0.03
8,PE_FED,-0.03088,0.05,0.15,0.4,0.55,0.7,0.85,0.9,-0.5,0.0,0.0,0.1,0.05
8,PE_FED,-0.030881,0.15,0.25,0.45,0.6,0.7,0.8,0.85,-0.5,0.0,0.0,0.12,0.04
8,PB_FED,-0.030881,0.1,0.25,0.4,0.7,0.75,0.8,0.95,0.5,0.0,0.0,0.1,0.05
8,PB_FED,-0.030882,0.1,0.25,0.4,0.7,0.7,0.8,0.85,0.5,0.0,0.0,0.06,0.05
6,PB_only,-0.03089,0.05,0.3,0.4,0.6,0.65,0.75,0.95,0.0,0.0,0.0,0.06,0.04
6,PB_FED,-0.030891,0.05,0.3,0.35,0.6,0.7,0.85,0.9,-0.5,0.0,0.0,0.08,0.03
8,PE_PB_FED,-0.030893,0.1,0.25,0.3,0.7,0.7,0.75,0.95,0.0,0.5,0.7,0.12,0.03
8,PE_only,-0.030894,0.15,0.2,0.3,0.6,0.75,0.8,0.9,0.0,0.0,0.0,0.06,0.05
8,PE_only,-0.030894,0.1,0.15,0.35,0.55,0.7,0.75,0.9,0.0,0.0,0.0,0.1,0.04
6,PB_only,-0.030895,0.15,0.25,0.3,0.5,0.7,0.75,0.95,0.0,0.0,0.0,0.06,0.05
6,PB_only,-0.030897,0.1,0.15,0.3,0.5,0.65,0.85,0.95,0.0,0.0,0.0,0.06,0.05
6,PB_only,-0.030897,0.1,0.15,0.3,0.5,0.75,0.85,0.95,0.0,0.0,0.0,0.12,0.05
8,PE_PB,-0.030898,0.15,0.25,0.4,0.7,0.75,0.8,0.95,0.0,0.65,0.0,0.08,0.03
8,PE_FED,-0.0309,0.05,0.25,0.45,0.55,0.75,0.8,0.95,-0.5,0.0,0.0,0.08,0.05
8,PE_FED,-0.0309,0.05,0.25,0.45,0.55,0.65,0.8,0.95,-0.5,0.0,0.0,0.06,0.05
6,PE_only,-0.030904,0.15,0.2,0.3,0.7,0.7,0.75,0.95,0.0,0.0,0.0,0.08,0.03
8,PB_FED,-0.030907,0.1,0.2,0.45,0.6,0.65,0.75,0.85,0.5,0.0,0.0,0.08,0.04
8,PE_FED,-0.030909,0.05,0.15,0.45,0.55,0.75,0.85,0.9,-0.5,0.0,0.0,0.1,0.04
6,PB_FED,-0.030915,0.05,0.25,0.45,0.6,0.7,0.85,0.9,-0.5,0.0,0.0,0.1,0.05
6,PB_FED,-0.030915,0.1,0.3,0.35,0.6,0.65,0.85,0.9,-0.5,0.0,0.0,0.06,0.04
8,PE_only,-0.030917,0.05,0.2,0.3,0.55,0.65,0.8,0.95,0.0,0.0,0.0,0.1,0.05
8,PE_PB_FED,-0.030918,0.05,0.25,0.4,0.6,0.75,0.8,0.95,0.0,0.6,0.7,0.12,0.03
6,PB_only,-0.030922,0.1,0.15,0.4,0.6,0.75,0.85,0.95,0.0,0.0,0.0,0.1,0.03
8,PB_FED,-0.030925,0.1,0.2,0.35,0.65,0.7,0.85,0.95,0.5,0.0,0.0,0.12,0.04
8,PE_only,-0.030926,0.1,0.25,0.4,0.65,0.7,0.8,0.85,0.0,0.0,0.0,0.12,0.03
8,PE_only,-0.030927,0.2,0.3,0.4,0.7,0.65,0.8,0.85,0.0,0.0,0.0,0.1,0.04
6,PB_only,-0.03093,0.15,0.2,0.35,0.5,0.7,0.8,0.9,0.0,0.0,0.0,0.1,0.04
8,PE_only,-0.030935,0.1,0.2,0.45,0.6,0.75,0.85,0.95,0.0,0.0,0.0,0.12,0.04
6,PB_only,-0.030936,0.1,0.25,0.3,0.5,0.7,0.75,0.95,0.0,0.0,0.0,0.12,0.05
8,PE_only,-0.030938,0.05,0.25,0.35,0.6,0.65,0.75,0.9,0.0,0.0,0.0,0.1,0.04
8,PB_only,-0.030938,0.05,0.2,0.45,0.5,0.7,0.85,0.9,0.0,0.0,0.0,0.1,0.05
8,PE_FED,-0.030939,0.2,0.3,0.45,0.65,0.65,0.85,0.9,-0.5,0.0,0.0,0.12,0.04
8,PE_PB_FED,-0.030939,0.05,0.2,0.35,0.55,0.7,0.75,0.95,0.0,0.55,0.8,0.1,0.03
8,PB_only,-0.03094,0.05,0.25,0.4,0.5,0.7,0.8,0.95,0.0,0.0,0.0,0.06,0.04
8,PB_FED,-0.030941,0.1,0.2,0.4,0.65,0.75,0.85,0.9,0.5,0.0,0.0,0.08,0.04
8,PB_only,-0.030943,0.1,0.2,0.45,0.5,0.65,0.85,0.9,0.0,0.0,0.0,0.06,0.05
6,PB_only,-0.030945,0.1,0.3,0.45,0.6,0.75,0.8,0.9,0.0,0.0,0.0,0.06,0.04
6,PB_only,-0.030946,0.15,0.3,0.4,0.55,0.65,0.8,0.95,0.0,0.0,0.0,0.06,0.03
8,PE_only,-0.030951,0.2,0.25,0.45,0.65,0.65,0.8,0.9,0.0,0.0,0.0,0.08,0.04
6,PB_only,-0.030959,0.1,0.3,0.35,0.6,0.75,0.8,0.95,0.0,0.0,0.0,0.06,0.05
8,PB_only,-0.030963,0.15,0.3,0.4,0.55,0.65,0.85,0.95,0.0,0.0,0.0,0.12,0.05
8,PE_FED,-0.030964,0.05,0.15,0.3,0.5,0.75,0.85,0.95,-0.5,0.0,0.0,0.12,0.04
8,PE_FED,-0.030964,0.05,0.25,0.4,0.55,0.7,0.85,0.95,-0.5,0.0,0.0,0.1,0.03
8,PE_FED,-0.030965,0.2,0.25,0.3,0.55,0.7,0.8,0.95,-0.5,0.0,0.0,0.12,0.05
8,PE_PB_FED,-0.030967,0.1,0.15,0.4,0.7,0.7,0.8,0.85,0.0,0.55,0.7,0.1,0.05
8,PB_FED,-0.030969,0.15,0.2,0.3,0.6,0.7,0.85,0.9,0.5,0.0,0.0,0.06,0.04
8,PE_only,-0.030973,0.15,0.25,0.45,0.65,0.65,0.8,0.85,0.0,0.0,0.0,0.08,0.04
8,PE_PB_FED,-0.030975,0.1,0.25,0.3,0.6,0.65,0.8,0.95,-0.5,0.65,0.7,0.1,0.03
8,PE_only,-0.030977,0.1,0.25,0.45,0.65,0.7,0.75,0.85,0.0,0.0,0.0,0.12,0.03
8,PE_PB_FED,-0.030981,0.05,0.3,0.4,0.7,0.65,0.75,0.9,0.0,0.65,0.7,0.12,0.04
6,PB_only,-0.030984,0.15,0.25,0.3,0.5,0.75,0.8,0.9,0.0,0.0,0.0,0.12,0.04
6,PB_only,-0.030984,0.15,0.25,0.3,0.5,0.75,0.8,0.9,0.0,0.0,0.0,0.06,0.04
6,PB_FED,-0.030984,0.05,0.3,0.45,0.6,0.65,0.75,0.85,-0.5,0.0,0.0,0.08,0.04
8,PB_FED,-0.030987,0.05,0.3,0.45,0.5,0.65,0.85,0.9,-0.5,0.0,0.0,0.06,0.03
6,PB_FED,-0.030993,0.05,0.25,0.3,0.55,0.65,0.8,0.9,0.0,0.0,0.0,0.06,0.04
6,PB_FED,-0.030994,0.05,0.15,0.4,0.5,0.7,0.85,0.9,-0.5,0.0,0.0,0.1,0.03
8,PB_FED,-0.030998,0.2,0.25,0.4,0.7,0.7,0.8,0.85,0.5,0.0,0.0,0.08,0.04
6,PE_only,-0.031003,0.05,0.15,0.35,0.7,0.7,0.75,0.9,0.0,0.0,0.0,0.1,0.03
8,PE_only,-0.031011,0.15,0.3,0.45,0.65,0.75,0.85,0.95,0.0,0.0,0.0,0.12,0.05
8,PB_FED,-0.031011,0.15,0.2,0.4,0.6,0.65,0.75,0.95,0.5,0.0,0.0,0.1,0.04
8,PB_FED,-0.031012,0.2,0.25,0.45,0.7,0.75,0.8,0.9,0.5,0.0,0.0,0.12,0.03
8,PB_FED,-0.031016,0.15,0.25,0.4,0.7,0.7,0.8,0.95,0.5,0.0,0.0,0.1,0.05
6,PB_only,-0.031022,0.15,0.3,0.35,0.6,0.65,0.8,0.95,0.0,0.0,0.0,0.08,0.04
8,PE_only,-0.031025,0.2,0.3,0.45,0.7,0.75,0.8,0.85,0.0,0.0,0.0,0.06,0.03
8,PE_only,-0.031026,0.1,0.25,0.35,0.65,0.65,0.85,0.9,0.0,0.0,0.0,0.08,0.03
8,PE_only,-0.031031,0.2,0.3,0.45,0.7,0.7,0.85,0.9,0.0,0.0,0.0,0.06,0.03
6,PB_only,-0.031032,0.05,0.2,0.3,0.5,0.75,0.85,0.95,0.0,0.0,0.0,0.12,0.03
6,PB_only,-0.031034,0.1,0.3,0.4,0.55,0.65,0.8,0.9,0.0,0.0,0.0,0.12,0.05
6,PB_FED,-0.031034,0.2,0.25,0.35,0.55,0.7,0.75,0.95,0.0,0.0,0.0,0.12,0.05
8,PB_FED,-0.031035,0.1,0.15,0.45,0.65,0.7,0.85,0.95,0.5,0.0,0.0,0.12,0.04
8,PE_FED,-0.031037,0.1,0.2,0.3,0.5,0.75,0.8,0.9,0.0,0.0,0.0,0.06,0.05
6,PB_only,-0.031038,0.1,0.25,0.3,0.5,0.7,0.8,0.9,0.0,0.0,0.0,0.08,0.04
8,PE_only,-0.031039,0.2,0.25,0.3,0.6,0.7,0.8,0.95,0.0,0.0,0.0,0.06,0.05
8,PB_FED,-0.031039,0.05,0.25,0.3,0.6,0.7,0.8,0.95,0.5,0.0,0.0,0.06,0.03
8,PE_PB,-0.031041,0.1,0.15,0.45,0.65,0.65,0.75,0.95,0.0,0.65,0.0,0.06,0.05
8,PE_FED,-0.031041,0.2,0.25,0.35,0.55,0.7,0.8,0.95,-0.5,0.0,0.0,0.1,0.04
8,PE_FED,-0.031044,0.05,0.15,0.3,0.5,0.65,0.85,0.95,-0.5,0.0,0.0,0.06,0.05
8,PE_PB_FED,-0.031045,0.1,0.15,0.45,0.7,0.7,0.75,0.95,-0.5,0.5,0.75,0.1,0.03
6,PB_FED,-0.031054,0.05,0.15,0.45,0.5,0.7,0.8,0.85,-0.5,0.0,0.0,0.12,0.03
8,PB_only,-0.031055,0.15,0.25,0.45,0.5,0.65,0.85,0.9,0.0,0.0,0.0,0.1,0.04
8,PE_only,-0.031062,0.1,0.25,0.4,0.6,0.65,0.85,0.95,0.0,0.0,0.0,0.1,0.03
8,PE_FED,-0.031065,0.1,0.15,0.3,0.5,0.65,0.85,0.9,0.0,0.0,0.0,0.1,0.05
8,PE_only,-0.031068,0.05,0.25,0.3,0.6,0.65,0.8,0.9,0.0,0.0,0.0,0.06,0.03
8,PE_only,-0.031073,0.05,0.3,0.35,0.6,0.7,0.8,0.95,0.0,0.0,0.0,0.06,0.03
6,PB_only,-0.031074,0.15,0.3,0.45,0.55,0.65,0.8,0.85,0.0,0.0,0.0,0.06,0.05
8,PB_only,-0.031075,0.1,0.3,0.45,0.5,0.75,0.8,0.85,0.0,0.0,0.0,0.1,0.03
8,PE_only,-0.03108,0.15,0.2,0.3,0.6,0.65,0.75,0.85,0.0,0.0,0.0,0.12,0.05
6,PB_only,-0.031081,0.15,0.2,0.3,0.5,0.7,0.8,0.95,0.0,0.0,0.0,0.06,0.04
8,PE_PB_FED,-0.031081,0.1,0.15,0.45,0.55,0.7,0.75,0.95,-0.5,0.65,0.8,0.1,0.05
6,PE_only,-0.031083,0.1,0.15,0.35,0.7,0.65,0.75,0.95,0.0,0.0,0.0,0.1,0.05
8,PE_FED,-0.031084,0.15,0.2,0.35,0.5,0.65,0.8,0.9,0.0,0.0,0.0,0.12,0.05
8,PB_FED,-0.031085,0.1,0.25,0.35,0.65,0.7,0.8,0.95,0.5,0.0,0.0,0.06,0.04
6,PB_only,-0.031091,0.1,0.15,0.3,0.5,0.65,0.85,0.95,0.0,0.0,0.0,0.1,0.04
8,PE_PB_FED,-0.031091,0.1,0.3,0.45,0.7,0.7,0.8,0.9,0.0,0.65,0.7,0.06,0.03
8,PE_PB_FED,-0.031092,0.05,0.25,0.4,0.7,0.7,0.8,0.9,0.0,0.6,0.7,0.12,0.04
6,PB_FED,-0.031095,0.2,0.3,0.45,0.6,0.7,0.75,0.9,-0.5,0.0,0.0,0.08,0.05
6,PB_FED,-0.031095,0.05,0.2,0.35,0.5,0.65,0.8,0.9,0.0,0.0,0.0,0.1,0.04
8,PB_FED,-0.031095,0.05,0.25,0.3,0.65,0.7,0.85,0.9,0.5,0.0,0.0,0.1,0.04
6,PB_FED,-0.031098,0.2,0.25,0.4,0.55,0.65,0.8,0.9,0.0,0.0,0.0,0.1,0.03
6,PE_only,-0.031103,0.05,0.2,0.35,0.7,0.75,0.8,0.95,0.0,0.0,0.0,0.06,0.03
8,PE_only,-0.031103,0.05,0.15,0.45,0.6,0.7,0.8,0.85,0.0,0.0,0.0,0.12,0.05
8,PE_only,-0.031103,0.05,0.15,0.45,0.6,0.7,0.8,0.85,0.0,0.0,0.0,0.08,0.05
8,PE_only,-0.031104,0.1,0.2,0.35,0.6,0.7,0.75,0.85,0.0,0.0,0.0,0.1,0.04
8,PE_only,-0.031111,0.05,0.25,0.45,0.65,0.7,0.85,0.9,0.0,0.0,0.0,0.1,0.04
8,PE_FED,-0.031117,0.05,0.25,0.45,0.6,0.75,0.8,0.85,-0.5,0.0,0.0,0.12,0.04
8,PE_FED,-0.031119,0.2,0.25,0.45,0.55,0.7,0.75,0.85,0.0,0.0,0.0,0.12,0.03
6,PB_only,-0.03112,0.05,0.25,0.3,0.55,0.7,0.75,0.9,0.0,0.0,0.0,0.1,0.04
6,PB_FED,-0.031121,0.2,0.25,0.4,0.55,0.75,0.8,0.9,0.0,0.0,0.0,0.12,0.03
6,PB_only,-0.031122,0.1,0.3,0.45,0.55,0.7,0.8,0.9,0.0,0.0,0.0,0.1,0.04
8,PE_only,-0.031124,0.05,0.15,0.35,0.55,0.7,0.8,0.9,0.0,0.0,0.0,0.08,0.04
8,PB_only,-0.031128,0.05,0.3,0.45,0.55,0.7,0.8,0.95,0.0,0.0,0.0,0.08,0.04
6,PB_FED,-0.03113,0.1,0.2,0.35,0.5,0.75,0.8,0.85,0.0,0.0,0.0,0.06,0.05
8,PE_FED,-0.03113,0.15,0.25,0.45,0.5,0.7,0.8,0.95,0.0,0.0,0.0,0.06,0.05
8,PE_only,-0.031133,0.05,0.15,0.45,0.55,0.65,0.85,0.95,0.0,0.0,0.0,0.12,0.03
8,PE_only,-0.031134,0.15,0.25,0.4,0.6,0.65,0.75,0.9,0.0,0.0,0.0,0.08,0.04
8,PE_PB_FED,-0.03114,0.1,0.15,0.35,0.55,0.65,0.75,0.9,0.0,0.55,0.75,0.06,0.04
8,PB_only,-0.031143,0.15,0.3,0.4,0.5,0.7,0.85,0.9,0.0,0.0,0.0,0.08,0.03
6,PB_only,-0.031144,0.1,0.2,0.4,0.5,0.65,0.75,0.85,0.0,0.0,0.0,0.08,0.05
6,PB_only,-0.031145,0.1,0.2,0.3,0.55,0.7,0.75,0.95,0.0,0.0,0.0,0.1,0.04
8,PE_only,-0.031149,0.1,0.3,0.35,0.65,0.7,0.8,0.9,0.0,0.0,0.0,0.06,0.04
8,PB_FED,-0.031152,0.05,0.15,0.45,0.6,0.65,0.8,0.85,0.5,0.0,0.0,0.06,0.04
8,PE_only,-0.031153,0.05,0.25,0.45,0.65,0.75,0.8,0.85,0.0,0.0,0.0,0.06,0.04
6,PE_only,-0.031155,0.05,0.15,0.35,0.7,0.75,0.85,0.9,0.0,0.0,0.0,0.1,0.05
6,PB_only,-0.031155,0.1,0.2,0.35,0.6,0.65,0.85,0.9,0.0,0.0,0.0,0.06,0.04
8,PE_FED,-0.031164,0.2,0.25,0.4,0.6,0.65,0.8,0.85,-0.5,0.0,0.0,0.08,0.03
6,PB_only,-0.031166,0.1,0.2,0.35,0.55,0.7,0.75,0.9,0.0,0.0,0.0,0.1,0.04
8,PB_only,-0.031166,0.2,0.25,0.45,0.5,0.7,0.8,0.9,0.0,0.0,0.0,0.1,0.04
6,PB_only,-0.031168,0.15,0.3,0.35,0.55,0.65,0.85,0.95,0.0,0.0,0.0,0.12,0.03
6,PB_only,-0.031174,0.05,0.2,0.45,0.5,0.7,0.75,0.9,0.0,0.0,0.0,0.1,0.04
6,PB_only,-0.031174,0.15,0.3,0.45,0.55,0.7,0.8,0.95,0.0,0.0,0.0,0.06,0.03
8,PE_only,-0.031175,0.2,0.25,0.3,0.65,0.7,0.75,0.85,0.0,0.0,0.0,0.1,0.05
8,PE_only,-0.031177,0.2,0.25,0.35,0.6,0.75,0.8,0.95,0.0,0.0,0.0,0.1,0.05
8,PE_PB_FED,-0.031178,0.05,0.2,0.35,0.65,0.7,0.8,0.9,-0.5,0.65,0.7,0.06,0.05
6,PB_only,-0.03118,0.05,0.2,0.35,0.5,0.7,0.8,0.95,0.0,0.0,0.0,0.12,0.03
8,PE_only,-0.031185,0.15,0.25,0.45,0.65,0.75,0.8,0.85,0.0,0.0,0.0,0.08,0.04
6,PB_only,-0.031186,0.05,0.15,0.4,0.6,0.65,0.85,0.95,0.0,0.0,0.0,0.12,0.03
6,PB_FED,-0.031188,0.2,0.25,0.35,0.6,0.75,0.85,0.95,0.0,0.0,0.0,0.12,0.04
8,PB_only,-0.031188,0.15,0.3,0.35,0.5,0.65,0.75,0.95,0.0,0.0,0.0,0.06,0.04
6,PB_only,-0.031189,0.1,0.15,0.4,0.55,0.65,0.75,0.95,0.0,0.0,0.0,0.08,0.03
6,PB_only,-0.031189,0.1,0.15,0.35,0.5,0.65,0.8,0.95,0.0,0.0,0.0,0.12,0.04
8,PB_only,-0.031199,0.1,0.3,0.35,0.5,0.75,0.8,0.9,0.0,0.0,0.0,0.12,0.04
8,PB_only,-0.031199,0.1,0.3,0.35,0.5,0.7,0.8,0.9,0.0,0.0,0.0,0.12,0.04
8,PB_only,-0.0312,0.2,0.3,0.4,0.55,0.7,0.85,0.9,0.0,0.0,0.0,0.06,0.05
8,PB_FED,-0.0312,0.05,0.25,0.45,0.65,0.65,0.75,0.9,0.5,0.0,0.0,0.08,0.04
6,PB_FED,-0.031202,0.1,0.2,0.45,0.5,0.65,0.75,0.85,0.0,0.0,0.0,0.12,0.05
8,PE_only,-0.031202,0.2,0.25,0.35,0.65,0.65,0.8,0.85,0.0,0.0,0.0,0.12,0.03
8,PE_only,-0.031207,0.2,0.3,0.35,0.65,0.65,0.75,0.9,0.0,0.0,0.0,0.1,0.04
6,PE_FED,-0.031214,0.05,0.2,0.3,0.7,0.7,0.85,0.95,-0.5,0.0,0.0,0.12,0.04
6,PB_only,-0.031214,0.05,0.25,0.35,0.5,0.65,0.8,0.85,0.0,0.0,0.0,0.12,0.04
8,PB_FED,-0.031218,0.05,0.15,0.3,0.55,0.7,0.8,0.85,0.5,0.0,0.0,0.12,0.05
8,PE_only,-0.031222,0.05,0.2,0.4,0.6,0.65,0.8,0.85,0.0,0.0,0.0,0.06,0.04
8,PE_only,-0.031231,0.05,0.15,0.45,0.55,0.7,0.75,0.9,0.0,0.0,0.0,0.12,0.04
8,PE_FED,-0.031232,0.05,0.2,0.3,0.5,0.65,0.8,0.95,-0.5,0.0,0.0,0.12,0.05
6,PB_only,-0.031234,0.05,0.3,0.35,0.55,0.65,0.85,0.9,0.0,0.0,0.0,0.1,0.05
6,PB_only,-0.031238,0.1,0.2,0.35,0.5,0.65,0.8,0.85,0.0,0.0,0.0,0.06,0.05
8,PE_only,-0.03124,0.15,0.3,0.35,0.65,0.65,0.75,0.85,0.0,0.0,0.0,0.08,0.03
6,PB_only,-0.031247,0.05,0.2,0.35,0.55,0.7,0.75,0.95,0.0,0.0,0.0,0.06,0.03
6,PB_FED,-0.031249,0.05,0.15,0.35,0.5,0.75,0.85,0.95,0.0,0.0,0.0,0.12,0.03
8,PE_only,-0.031249,0.1,0.3,0.35,0.65,0.7,0.75,0.9,0.0,0.0,0.0,0.1,0.05
8,PE_only,-0.03125,0.1,0.25,0.35,0.6,0.65,0.75,0.9,0.0,0.0,0.0,0.1,0.04
8,PB_FED,-0.031251,0.15,0.2,0.4,0.65,0.7,0.85,0.9,0.5,0.0,0.0,0.08,0.05
8,PE_PB_FED,-0.031254,0.2,0.3,0.4,0.65,0.7,0.75,0.95,0.0,0.65,0.75,0.1,0.04
6,PB_FED,-0.031255,0.15,0.2,0.3,0.5,0.7,0.8,0.95,-0.5,0.0,0.0,0.06,0.05
6,PB_FED,-0.031255,0.15,0.2,0.3,0.5,0.65,0.8,0.95,-0.5,0.0,0.0,0.12,0.05
8,PE_only,-0.031255,0.1,0.25,0.4,0.65,0.75,0.8,0.85,0.0,0.0,0.0,0.08,0.05
6,PB_FED,-0.031256,0.05,0.25,0.3,0.55,0.75,0.8,0.9,0.0,0.0,0.0,0.1,0.05
8,PE_PB,-0.031257,0.05,0.2,0.35,0.7,0.65,0.75,0.9,0.0,0.65,0.0,0.1,0.04
6,PB_only,-0.031258,0.05,0.25,0.35,0.5,0.7,0.75,0.9,0.0,0.0,0.0,0.08,0.05
6,PB_only,-0.031261,0.1,0.25,0.3,0.5,0.65,0.8,0.85,0.0,0.0,0.0,0.1,0.05
6,PE_FED,-0.031262,0.1,0.2,0.45,0.7,0.75,0.8,0.95,-0.5,0.0,0.0,0.12,0.05
6,PE_FED,-0.031268,0.1,0.15,0.3,0.65,0.7,0.75,0.95,-0.5,0.0,0.0,0.12,0.05
8,PE_FED,-0.031268,0.15,0.2,0.45,0.5,0.7,0.85,0.95,0.0,0.0,0.0,0.06,0.04
8,PE_FED,-0.03127,0.15,0.2,0.4,0.55,0.7,0.8,0.85,-0.5,0.0,0.0,0.1,0.03
6,PB_only,-0.031272,0.15,0.2,0.4,0.5,0.75,0.85,0.9,0.0,0.0,0.0,0.1,0.03
8,PE_only,-0.031272,0.05,0.15,0.4,0.55,0.7,0.8,0.9,0.0,0.0,0.0,0.12,0.04
6,PB_only,-0.031278,0.1,0.2,0.35,0.5,0.7,0.8,0.95,0.0,0.0,0.0,0.1,0.03
8,PE_PB_FED,-0.031279,0.05,0.2,0.35,0.55,0.65,0.8,0.95,-0.5,0.65,0.75,0.08,0.03
6,PB_FED,-0.031285,0.15,0.3,0.4,0.6,0.75,0.85,0.95,-0.5,0.0,0.0,0.12,0.03
8,PB_FED,-0.031285,0.1,0.25,0.4,0.7,0.75,0.85,0.9,0.5,0.0,0.0,0.06,0.05
8,PB_only,-0.031289,0.1,0.25,0.45,0.5,0.7,0.85,0.9,0.0,0.0,0.0,0.08,0.04
8,PB_FED,-0.031289,0.15,0.25,0.35,0.7,0.7,0.85,0.95,0.5,0.0,0.0,0.08,0.04
8,PE_only,-0.031293,0.2,0.25,0.35,0.65,0.65,0.8,0.85,0.0,0.0,0.0,0.08,0.04
8,PE_only,-0.031294,0.1,0.15,0.35,0.6,0.75,0.85,0.9,0.0,0.0,0.0,0.06,0.05
6,PB_only,-0.031295,0.15,0.25,0.45,0.5,0.65,0.75,0.9,0.0,0.0,0.0,0.1,0.03
8,PE_PB_FED,-0.031301,0.05,0.25,0.3,0.55,0.65,0.8,0.95,0.0,0.65,0.7,0.08,0.04
6,PB_FED,-0.031302,0.1,0.25,0.35,0.55,0.75,0.85,0.9,0.0,0.0,0.0,0.08,0.03
8,PB_only,-0.031305,0.05,0.3,0.4,0.5,0.7,0.75,0.9,0.0,0.0,0.0,0.08,0.05
8,PE_PB,-0.031307,0.05,0.15,0.3,0.65,0.65,0.75,0.85,0.0,0.65,0.0,0.06,0.03
6,PB_only,-0.03131,0.15,0.25,0.35,0.5,0.65,0.75,0.85,0.0,0.0,0.0,0.06,0.05
8,PE_PB_FED,-0.03131,0.1,0.15,0.4,0.55,0.65,0.85,0.95,0.0,0.6,0.75,0.12,0.05
8,PB_only,-0.03131,0.05,0.25,0.4,0.5,0.65,0.85,0.95,0.0,0.0,0.0,0.12,0.03
6,PE_only,-0.031312,0.1,0.2,0.4,0.7,0.7,0.85,0.95,0.0,0.0,0.0,0.08,0.05
8,PE_only,-0.031315,0.2,0.25,0.45,0.65,0.65,0.75,0.85,0.0,0.0,0.0,0.12,0.04
6,PB_only,-0.031317,0.15,0.2,0.3,0.6,0.75,0.85,0.95,0.0,0.0,0.0,0.12,0.04
6,PB_only,-0.031317,0.2,0.3,0.35,0.55,0.7,0.85,0.9,0.0,0.0,0.0,0.12,0.04
8,PE_only,-0.031323,0.1,0.15,0.35,0.55,0.7,0.85,0.95,0.0,0.0,0.0,0.12,0.04
6,PE_FED,-0.031327,0.15,0.2,0.35,0.65,0.65,0.75,0.95,-0.5,0.0,0.0,0.06,0.03
8,PE_only,-0.031329,0.15,0.3,0.4,0.65,0.65,0.75,0.85,0.0,0.0,0.0,0.12,0.03
6,PB_only,-0.031331,0.2,0.25,0.3,0.5,0.7,0.8,0.85,0.0,0.0,0.0,0.08,0.04
6,PB_FED,-0.031334,0.2,0.25,0.3,0.55,0.75,0.8,0.95,-0.5,0.0,0.0,0.1,0.04
6,PB_FED,-0.031335,0.15,0.25,0.45,0.55,0.75,0.8,0.9,-0.5,0.0,0.0,0.1,0.04
6,PB_only,-0.031341,0.1,0.25,0.35,0.5,0.65,0.75,0.95,0.0,0.0,0.0,0.1,0.03
8,PE_only,-0.031343,0.15,0.25,0.4,0.65,0.7,0.85,0.9,0.0,0.0,0.0,0.08,0.05
8,PE_PB,-0.031347,0.05,0.15,0.4,0.6,0.65,0.8,0.95,0.0,0.65,0.0,0.1,0.04
8,PE_PB_FED,-0.03135,0.1,0.25,0.4,0.7,0.65,0.75,0.95,0.0,0.5,0.75,0.08,0.03
8,PB_only,-0.031351,0.1,0.25,0.35,0.5,0.75,0.85,0.95,0.0,0.0,0.0,0.06,0.05
6,PE_only,-0.031357,0.05,0.2,0.3,0.7,0.7,0.75,0.95,0.0,0.0,0.0,0.1,0.04
8,PB_only,-0.031357,0.05,0.3,0.4,0.55,0.75,0.85,0.95,0.0,0.0,0.0,0.1,0.05
8,PE_only,-0.031358,0.05,0.15,0.3,0.55,0.7,0.75,0.85,0.0,0.0,0.0,0.1,0.03
6,PB_only,-0.031359,0.2,0.25,0.3,0.5,0.65,0.75,0.9,0.0,0.0,0.0,0.12,0.05
8,PB_only,-0.031361,0.15,0.3,0.45,0.55,0.75,0.85,0.95,0.0,0.0,0.0,0.08,0.04
8,PE_only,-0.031365,0.05,0.25,0.35,0.55,0.7,0.75,0.95,0.0,0.0,0.0,0.06,0.03
6,PB_only,-0.031366,0.05,0.3,0.45,0.6,0.7,0.8,0.85,0.0,0.0,0.0,0.06,0.05
8,PE_only,-0.031367,0.2,0.25,0.3,0.65,0.75,0.85,0.9,0.0,0.0,0.0,0.1,0.04
8,PB_only,-0.031367,0.15,0.2,0.45,0.5,0.75,0.85,0.95,0.0,0.0,0.0,0.12,0.05
6,PB_only,-0.031371,0.05,0.25,0.3,0.5,0.75,0.8,0.9,0.0,0.0,0.0,0.1,0.05
8,PE_PB_FED,-0.03139,0.05,0.3,0.35,0.7,0.65,0.85,0.95,0.0,0.65,0.7,0.12,0.05
8,PB_only,-0.031391,0.2,0.25,0.45,0.5,0.65,0.75,0.95,0.0,0.0,0.0,0.1,0.04
6,PB_FED,-0.031393,0.2,0.25,0.45,0.55,0.65,0.8,0.85,-0.5,0.0,0.0,0.12,0.04
8,PE_PB_FED,-0.031393,0.15,0.2,0.35,0.7,0.65,0.85,0.9,0.0,0.6,0.7,0.06,0.05
6,PE_FED,-0.031396,0.05,0.15,0.3,0.65,0.65,0.8,0.95,-0.5,0.0,0.0,0.08,0.05
6,PB_only,-0.031396,0.05,0.15,0.45,0.5,0.65,0.8,0.85,0.0,0.0,0.0,0.06,0.05
6,PB_only,-0.031397,0.1,0.2,0.3,0.6,0.75,0.85,0.95,0.0,0.0,0.0,0.1,0.05
8,PE_FED,-0.031398,0.1,0.15,0.35,0.5,0.7,0.85,0.95,-0.5,0.0,0.0,0.06,0.04
6,PE_only,-0.031402,0.1,0.15,0.35,0.7,0.7,0.8,0.9,0.0,0.0,0.0,0.12,0.03
6,PB_only,-0.031402,0.05,0.15,0.4,0.5,0.75,0.8,0.95,0.0,0.0,0.0,0.1,0.05
8,PE_only,-0.031409,0.1,0.15,0.3,0.55,0.75,0.8,0.9,0.0,0.0,0.0,0.08,0.04
6,PB_FED,-0.03141,0.05,0.25,0.45,0.6,0.7,0.8,0.95,0.0,0.0,0.0,0.12,0.03
8,PE_only,-0.03141,0.15,0.25,0.45,0.6,0.65,0.75,0.9,0.0,0.0,0.0,0.08,0.03
8,PE_PB_FED,-0.031412,0.1,0.15,0.45,0.6,0.65,0.75,0.85,-0.5,0.65,0.7,0.12,0.03
8,PE_PB_FED,-0.031414,0.05,0.15,0.35,0.5,0.7,0.75,0.95,-0.5,0.65,0.75,0.12,0.03
8,PB_only,-0.031415,0.2,0.3,0.35,0.5,0.7,0.75,0.9,0.0,0.0,0.0,0.12,0.05
8,PE_PB_FED,-0.031416,0.1,0.2,0.3,0.6,0.7,0.75,0.85,0.0,0.6,0.8,0.06,0.04
8,PE_FED,-0.031417,0.2,0.25,0.3,0.5,0.65,0.75,0.9,0.0,0.0,0.0,0.06,0.03
6,PB_FED,-0.031421,0.05,0.25,0.4,0.55,0.7,0.75,0.9,0.0,0.0,0.0,0.08,0.04
8,PB_only,-0.031423,0.1,0.3,0.45,0.5,0.7,0.8,0.9,0.0,0.0,0.0,0.06,0.03
8,PE_only,-0.031427,0.1,0.25,0.3,0.6,0.75,0.85,0.95,0.0,0.0,0.0,0.06,0.05
6,PE_only,-0.031433,0.1,0.2,0.3,0.7,0.65,0.8,0.95,0.0,0.0,0.0,0.12,0.03
8,PB_only,-0.031433,0.15,0.3,0.45,0.55,0.75,0.85,0.95,0.0,0.0,0.0,0.12,0.05
8,PB_only,-0.031434,0.15,0.3,0.45,0.5,0.65,0.75,0.85,0.0,0.0,0.0,0.06,0.05
6,PB_only,-0.031438,0.15,0.2,0.3,0.55,0.65,0.75,0.95,0.0,0.0,0.0,0.12,0.04
8,PE_PB_FED,-0.031439,0.1,0.25,0.3,0.6,0.7,0.85,0.95,0.0,0.65,0.75,0.1,0.04
6,PE_only,-0.031441,0.05,0.15,0.3,0.7,0.7,0.75,0.9,0.0,0.0,0.0,0.06,0.05
8,PE_only,-0.031442,0.15,0.25,0.35,0.55,0.65,0.75,0.95,0.0,0.0,0.0,0.1,0.03
6,PB_only,-0.031447,0.2,0.25,0.3,0.55,0.65,0.75,0.9,0.0,0.0,0.0,0.08,0.03
6,PB_FED,-0.031447,0.1,0.25,0.45,0.55,0.65,0.8,0.9,-0.5,0.0,0.0,0.08,0.04
8,PE_PB_FED,-0.031449,0.1,0.15,0.3,0.5,0.65,0.75,0.95,-0.5,0.65,0.8,0.06,0.03
8,PB_only,-0.031452,0.2,0.3,0.45,0.55,0.7,0.8,0.95,0.0,0.0,0.0,0.08,0.04
6,PB_only,-0.031454,0.1,0.25,0.45,0.5,0.7,0.75,0.85,0.0,0.0,0.0,0.06,0.03
8,PE_PB_FED,-0.031454,0.1,0.2,0.45,0.65,0.7,0.8,0.95,0.0,0.55,0.75,0.08,0.05
8,PB_FED,-0.031454,0.05,0.25,0.4,0.7,0.75,0.8,0.95,0.5,0.0,0.0,0.12,0.05
8,PB_FED,-0.031454,0.05,0.25,0.4,0.7,0.75,0.8,0.95,0.5,0.0,0.0,0.1,0.05
6,PB_FED,-0.031467,0.05,0.25,0.45,0.55,0.7,0.75,0.85,0.0,0.0,0.0,0.1,0.03
8,PE_FED,-0.031468,0.1,0.2,0.3,0.55,0.75,0.85,0.9,-0.5,0.0,0.0,0.1,0.04
6,PB_FED,-0.03147,0.1,0.2,0.45,0.5,0.7,0.8,0.85,-0.5,0.0,0.0,0.1,0.04
8,PE_only,-0.031474,0.15,0.25,0.3,0.6,0.75,0.8,0.9,0.0,0.0,0.0,0.06,0.04
6,PB_FED,-0.031476,0.15,0.25,0.35,0.5,0.7,0.75,0.85,0.0,0.0,0.0,0.06,0.04
6,PB_only,-0.031481,0.05,0.3,0.4,0.6,0.65,0.8,0.95,0.0,0.0,0.0,0.08,0.05
6,PE_only,-0.031483,0.15,0.2,0.4,0.7,0.65,0.75,0.95,0.0,0.0,0.0,0.06,0.03
8,PB_FED,-0.031486,0.2,0.25,0.45,0.65,0.65,0.75,0.9,0.5,0.0,0.0,0.12,0.04
8,PB_FED,-0.031487,0.2,0.25,0.3,0.65,0.65,0.8,0.95,0.5,0.0,0.0,0.08,0.05
8,PE_only,-0.031489,0.1,0.3,0.45,0.65,0.75,0.8,0.9,0.0,0.0,0.0,0.1,0.03
8,PE_PB,-0.031489,0.1,0.2,0.3,0.7,0.65,0.8,0.9,0.0,0.65,0.0,0.06,0.03
8,PB_FED,-0.031494,0.1,0.25,0.4,0.65,0.75,0.8,0.95,0.5,0.0,0.0,0.1,0.04
8,PE_only,-0.031498,0.1,0.25,0.3,0.55,0.7,0.75,0.95,0.0,0.0,0.0,0.1,0.03
6,PE_only,-0.031499,0.05,0.15,0.3,0.65,0.7,0.8,0.95,0.0,0.0,0.0,0.12,0.03
6,PB_FED,-0.0315,0.15,0.3,0.4,0.55,0.7,0.75,0.85,-0.5,0.0,0.0,0.12,0.04
8,PE_PB,-0.031501,0.1,0.15,0.4,0.7,0.75,0.8,0.85,0.0,0.65,0.0,0.08,0.04
8,PB_FED,-0.031505,0.05,0.2,0.4,0.6,0.75,0.8,0.85,0.5,0.0,0.0,0.08,0.04
8,PB_FED,-0.031505,0.15,0.2,0.35,0.55,0.7,0.75,0.85,0.5,0.0,0.0,0.12,0.04
8,PE_only,-0.031509,0.1,0.25,0.35,0.6,0.7,0.85,0.95,0.0,0.0,0.0,0.06,0.04
6,PB_only,-0.031512,0.1,0.15,0.4,0.5,0.75,0.8,0.95,0.0,0.0,0.0,0.06,0.05
6,PB_only,-0.031517,0.1,0.2,0.4,0.5,0.75,0.8,0.9,0.0,0.0,0.0,0.12,0.04
8,PE_only,-0.031517,0.2,0.25,0.3,0.6,0.75,0.85,0.95,0.0,0.0,0.0,0.12,0.03
6,PB_only,-0.031518,0.05,0.15,0.4,0.6,0.75,0.85,0.95,0.0,0.0,0.0,0.08,0.04
6,PB_FED,-0.031521,0.1,0.3,0.35,0.65,0.65,0.85,0.95,0.0,0.0,0.0,0.08,0.05
6,PE_FED,-0.031522,0.05,0.15,0.35,0.7,0.7,0.75,0.95,0.0,0.0,0.0,0.12,0.03
8,PB_only,-0.031523,0.05,0.25,0.45,0.5,0.7,0.8,0.95,0.0,0.0,0.0,0.06,0.04
6,PB_FED,-0.031526,0.1,0.2,0.45,0.5,0.65,0.8,0.9,-0.5,0.0,0.0,0.08,0.03
8,PE_only,-0.031527,0.1,0.2,0.4,0.55,0.7,0.8,0.95,0.0,0.0,0.0,0.1,0.04
6,PB_only,-0.031528,0.15,0.25,0.3,0.5,0.65,0.8,0.95,0.0,0.0,0.0,0.08,0.03
6,PB_only,-0.031528,0.05,0.2,0.35,0.5,0.65,0.85,0.9,0.0,0.0,0.0,0.12,0.04
6,PB_only,-0.03153,0.1,0.3,0.4,0.6,0.65,0.8,0.95,0.0,0.0,0.0,0.12,0.04
6,PB_only,-0.03153,0.15,0.2,0.45,0.5,0.65,0.8,0.85,0.0,0.0,0.0,0.12,0.04
6,PB_only,-0.031531,0.15,0.2,0.45,0.5,0.65,0.75,0.9,0.0,0.0,0.0,0.08,0.05
8,PE_only,-0.031531,0.2,0.25,0.45,0.65,0.7,0.75,0.85,0.0,0.0,0.0,0.12,0.03
8,PB_FED,-0.031531,0.05,0.25,0.35,0.6,0.65,0.75,0.95,0.5,0.0,0.0,0.06,0.05
8,PE_FED,-0.031534,0.1,0.2,0.35,0.5,0.65,0.8,0.85,0.0,0.0,0.0,0.06,0.03
8,PE_only,-0.031537,0.1,0.2,0.3,0.6,0.75,0.8,0.85,0.0,0.0,0.0,0.12,0.04
8,PE_FED,-0.03154,0.05,0.2,0.35,0.55,0.75,0.85,0.9,-0.5,0.0,0.0,0.1,0.04
6,PE_FED,-0.031545,0.1,0.2,0.35,0.7,0.7,0.75,0.9,-0.5,0.0,0.0,0.08,0.03
8,PE_PB,-0.031545,0.1,0.2,0.3,0.7,0.75,0.85,0.95,0.0,0.65,0.0,0.12,0.05
6,PB_only,-0.031551,0.05,0.2,0.35,0.5,0.75,0.85,0.9,0.0,0.0,0.0,0.1,0.04
8,PE_only,-0.031551,0.1,0.15,0.45,0.55,0.7,0.85,0.95,0.0,0.0,0.0,0.12,0.03
6,PB_only,-0.031552,0.1,0.3,0.45,0.55,0.65,0.8,0.9,0.0,0.0,0.0,0.12,0.05
8,PE_FED,-0.031554,0.05,0.2,0.45,0.55,0.65,0.8,0.9,-0.5,0.0,0.0,0.12,0.05
8,PE_PB_FED,-0.031555,0.1,0.2,0.35,0.7,0.65,0.75,0.95,-0.5,0.55,0.75,0.1,0.04
8,PB_only,-0.031559,0.05,0.3,0.45,0.5,0.7,0.8,0.9,0.0,0.0,0.0,0.06,0.03
8,PE_PB_FED,-0.03156,0.1,0.3,0.45,0.6,0.65,0.8,0.95,0.0,0.65,0.7,0.1,0.03
8,PB_FED,-0.03156,0.05,0.25,0.35,0.65,0.7,0.85,0.95,0.5,0.0,0.0,0.06,0.03
6,PB_only,-0.031564,0.05,0.2,0.35,0.55,0.65,0.75,0.95,0.0,0.0,0.0,0.12,0.03
8,PE_PB_FED,-0.03157,0.15,0.25,0.4,0.7,0.65,0.8,0.85,0.0,0.6,0.7,0.08,0.03
6,PB_only,-0.031574,0.05,0.15,0.35,0.5,0.75,0.85,0.95,0.0,0.0,0.0,0.12,0.05
6,PB_only,-0.03158,0.15,0.3,0.35,0.55,0.75,0.85,0.95,0.0,0.0,0.0,0.06,0.05
6,PB_FED,-0.031581,0.2,0.25,0.4,0.55,0.75,0.8,0.9,-0.5,0.0,0.0,0.08,0.04
6,PE_only,-0.031591,0.05,0.15,0.35,0.65,0.65,0.75,0.95,0.0,0.0,0.0,0.1,0.03
8,PB_FED,-0.031591,0.15,0.25,0.3,0.6,0.7,0.8,0.95,0.5,0.0,0.0,0.12,0.04
8,PE_only,-0.031596,0.1,0.3,0.35,0.6,0.7,0.75,0.95,0.0,0.0,0.0,0.06,0.04
8,PB_only,-0.031596,0.05,0.25,0.45,0.5,0.7,0.85,0.95,0.0,0.0,0.0,0.06,0.03
8,PB_only,-0.031598,0.15,0.3,0.35,0.5,0.65,0.8,0.95,0.0,0.0,0.0,0.12,0.03
6,PB_FED,-0.031599,0.05,0.25,0.4,0.6,0.7,0.85,0.9,0.0,0.0,0.0,0.1,0.05
6,PB_only,-0.031601,0.05,0.15,0.4,0.5,0.65,0.8,0.95,0.0,0.0,0.0,0.12,0.04
6,PE_only,-0.031602,0.15,0.2,0.45,0.7,0.75,0.85,0.95,0.0,0.0,0.0,0.06,0.05
8,PE_only,-0.031613,0.2,0.25,0.4,0.65,0.75,0.8,0.85,0.0,0.0,0.0,0.06,0.04
8,PE_only,-0.031613,0.2,0.25,0.4,0.65,0.75,0.8,0.85,0.0,0.0,0.0,0.08,0.04
8,PB_only,-0.031614,0.2,0.3,0.45,0.55,0.65,0.85,0.9,0.0,0.0,0.0,0.12,0.05
6,PE_only,-0.03162,0.15,0.2,0.35,0.7,0.75,0.85,0.9,0.0,0.0,0.0,0.12,0.04
6,PB_only,-0.031621,0.2,0.3,0.45,0.6,0.7,0.8,0.95,0.0,0.0,0.0,0.08,0.03
8,PE_only,-0.031621,0.05,0.3,0.4,0.6,0.65,0.75,0.95,0.0,0.0,0.0,0.1,0.05
8,PE_only,-0.031621,0.05,0.3,0.4,0.6,0.65,0.75,0.95,0.0,0.0,0.0,0.08,0.05
8,PE_only,-0.031622,0.2,0.25,0.4,0.65,0.65,0.85,0.9,0.0,0.0,0.0,0.06,0.04
8,PE_PB,-0.031622,0.05,0.2,0.35,0.65,0.7,0.8,0.95,0.0,0.65,0.0,0.1,0.05
6,PE_only,-0.031623,0.05,0.15,0.45,0.7,0.7,0.85,0.9,0.0,0.0,0.0,0.1,0.05
6,PB_only,-0.031626,0.1,0.2,0.35,0.55,0.65,0.75,0.95,0.0,0.0,0.0,0.06,0.03
6,PB_only,-0.031627,0.05,0.2,0.35,0.55,0.65,0.75,0.85,0.0,0.0,0.0,0.08,0.05
6,PB_only,-0.031627,0.05,0.2,0.35,0.55,0.65,0.75,0.85,0.0,0.0,0.0,0.12,0.05
8,PB_only,-0.031627,0.15,0.3,0.45,0.5,0.75,0.85,0.9,0.0,0.0,0.0,0.1,0.03
8,PE_FED,-0.031632,0.05,0.3,0.45,0.6,0.7,0.75,0.9,-0.5,0.0,0.0,0.1,0.05
8,PE_PB_FED,-0.031638,0.05,0.25,0.3,0.55,0.65,0.8,0.95,0.0,0.6,0.75,0.12,0.03
8,PE_FED,-0.031639,0.2,0.25,0.4,0.55,0.7,0.75,0.9,-0.5,0.0,0.0,0.12,0.03
8,PB_only,-0.03164,0.2,0.3,0.45,0.55,0.75,0.85,0.9,0.0,0.0,0.0,0.12,0.05
8,PE_PB,-0.031644,0.05,0.2,0.35,0.7,0.65,0.8,0.9,0.0,0.65,0.0,0.12,0.04
6,PB_FED,-0.031646,0.05,0.2,0.45,0.5,0.75,0.8,0.85,-0.5,0.0,0.0,0.06,0.03
6,PB_FED,-0.031658,0.15,0.25,0.35,0.5,0.7,0.75,0.9,0.0,0.0,0.0,0.06,0.04
8,PE_FED,-0.031658,0.2,0.3,0.45,0.6,0.75,0.8,0.85,0.0,0.0,0.0,0.1,0.03
8,PB_only,-0.031658,0.2,0.3,0.35,0.5,0.7,0.75,0.95,0.0,0.0,0.0,0.1,0.04
8,PB_only,-0.031661,0.2,0.3,0.45,0.5,0.7,0.75,0.9,0.0,0.0,0.0,0.06,0.04
6,PB_only,-0.031666,0.1,0.25,0.35,0.5,0.7,0.75,0.95,0.0,0.0,0.0,0.1,0.05
8,PE_PB,-0.031667,0.1,0.15,0.45,0.6,0.7,0.8,0.95,0.0,0.65,0.0,0.1,0.03
8,PE_FED,-0.031668,0.15,0.3,0.35,0.6,0.65,0.8,0.85,-0.5,0.0,0.0,0.06,0.04
6,PE_only,-0.031669,0.05,0.15,0.3,0.65,0.75,0.85,0.95,0.0,0.0,0.0,0.1,0.04
8,PE_only,-0.031669,0.2,0.25,0.35,0.65,0.65,0.85,0.9,0.0,0.0,0.0,0.12,0.03
8,PE_only,-0.031669,0.1,0.15,0.3,0.55,0.65,0.75,0.85,0.0,0.0,0.0,0.1,0.03
8,PE_only,-0.031673,0.1,0.3,0.35,0.6,0.65,0.75,0.95,0.0,0.0,0.0,0.06,0.05
6,PE_only,-0.031678,0.1,0.2,0.3,0.7,0.75,0.85,0.9,0.0,0.0,0.0,0.06,0.04
8,PE_FED,-0.03168,0.15,0.3,0.4,0.5,0.7,0.75,0.95,0.0,0.0,0.0,0.12,0.05
6,PB_only,-0.031681,0.1,0.25,0.45,0.5,0.65,0.8,0.85,0.0,0.0,0.0,0.1,0.03
6,PB_FED,-0.031687,0.15,0.3,0.45,0.6,0.75,0.8,0.95,-0.5,0.0,0.0,0.06,0.05
8,PE_only,-0.031687,0.2,0.3,0.4,0.6,0.65,0.75,0.95,0.0,0.0,0.0,0.12,0.03
6,PE_FED,-0.031691,0.05,0.2,0.35,0.65,0.65,0.8,0.95,-0.5,0.0,0.0,0.1,0.03
6,PB_only,-0.031692,0.2,0.3,0.4,0.55,0.7,0.85,0.9,0.0,0.0,0.0,0.06,0.04
8,PB_FED,-0.031697,0.15,0.2,0.45,0.55,0.65,0.75,0.9,0.5,0.0,0.0,0.06,0.03
8,PE_PB,-0.031698,0.05,0.15,0.3,0.7,0.7,0.8,0.9,0.0,0.6,0.0,0.1,0.04
8,PB_only,-0.031701,0.05,0.25,0.4,0.5,0.7,0.85,0.95,0.0,0.0,0.0,0.08,0.04
8,PE_FED,-0.031705,0.05,0.2,0.35,0.5,0.65,0.8,0.85,0.0,0.0,0.0,0.06,0.03
8,PB_FED,-0.031705,0.05,0.25,0.35,0.65,0.65,0.8,0.95,0.5,0.0,0.0,0.12,0.05
6,PE_FED,-0.031706,0.1,0.15,0.4,0.7,0.65,0.8,0.9,-0.5,0.0,0.0,0.12,0.03
6,PE_FED,-0.031708,0.1,0.2,0.3,0.7,0.7,0.8,0.95,0.0,0.0,0.0,0.1,0.04
6,PB_only,-0.031709,0.1,0.15,0.4,0.5,0.65,0.8,0.95,0.0,0.0,0.0,0.08,0.04
8,PE_FED,-0.031709,0.1,0.3,0.35,0.5,0.7,0.75,0.95,0.0,0.0,0.0,0.06,0.04
6,PE_FED,-0.031711,0.15,0.2,0.4,0.65,0.7,0.75,0.95,0.0,0.0,0.0,0.08,0.03
8,PB_FED,-0.031713,0.05,0.2,0.3,0.5,0.65,0.75,0.85,0.5,0.0,0.0,0.08,0.04
8,PE_FED,-0.031714,0.05,0.3,0.35,0.6,0.65,0.85,0.9,0.0,0.0,0.0,0.08,0.05
8,PE_FED,-0.031715,0.1,0.3,0.4,0.5,0.75,0.8,0.95,0.0,0.0,0.0,0.08,0.03
8,PE_only,-0.031719,0.2,0.25,0.45,0.6,0.75,0.8,0.95,0.0,0.0,0.0,0.1,0.05
8,PE_only,-0.031719,0.2,0.25,0.45,0.6,0.65,0.8,0.95,0.0,0.0,0.0,0.1,0.05
6,PB_only,-0.031721,0.15,0.2,0.4,0.6,0.7,0.85,0.95,0.0,0.0,0.0,0.1,0.03
6,PE_only,-0.031724,0.1,0.15,0.4,0.7,0.65,0.75,0.9,0.0,0.0,0.0,0.06,0.04
6,PE_FED,-0.031726,0.2,0.25,0.3,0.7,0.7,0.75,0.95,-0.5,0.0,0.0,0.1,0.03
8,PE_FED,-0.031729,0.05,0.25,0.45,0.55,0.7,0.85,0.9,0.0,0.0,0.0,0.1,0.03
6,PB_only,-0.031732,0.1,0.15,0.45,0.5,0.7,0.8,0.9,0.0,0.0,0.0,0.1,0.05
8,PE_FED,-0.031734,0.15,0.25,0.3,0.55,0.7,0.75,0.85,-0.5,0.0,0.0,0.12,0.03
8,PE_FED,-0.031736,0.05,0.25,0.45,0.55,0.7,0.85,0.9,0.0,0.0,0.0,0.12,0.04
8,PE_only,-0.031737,0.15,0.3,0.35,0.65,0.7,0.75,0.85,0.0,0.0,0.0,0.06,0.05
8,PE_FED,-0.031741,0.05,0.3,0.4,0.55,0.65,0.75,0.95,-0.5,0.0,0.0,0.1,0.05
8,PE_only,-0.031744,0.1,0.25,0.3,0.6,0.65,0.75,0.9,0.0,0.0,0.0,0.12,0.05
8,PE_only,-0.031744,0.1,0.25,0.3,0.6,0.7,0.75,0.9,0.0,0.0,0.0,0.06,0.05
8,PE_FED,-0.031747,0.05,0.2,0.45,0.5,0.65,0.75,0.95,-0.5,0.0,0.0,0.1,0.05
8,PB_only,-0.03175,0.1,0.25,0.45,0.5,0.65,0.85,0.9,0.0,0.0,0.0,0.06,0.05
6,PB_only,-0.031753,0.1,0.3,0.45,0.6,0.75,0.8,0.85,0.0,0.0,0.0,0.08,0.05
6,PB_FED,-0.031753,0.1,0.25,0.45,0.55,0.65,0.75,0.95,0.0,0.0,0.0,0.08,0.03
8,PB_only,-0.031757,0.05,0.25,0.45,0.5,0.65,0.85,0.9,0.0,0.0,0.0,0.1,0.05
8,PB_only,-0.031758,0.1,0.2,0.45,0.5,0.65,0.85,0.95,0.0,0.0,0.0,0.08,0.04
8,PE_only,-0.031763,0.05,0.2,0.45,0.55,0.75,0.8,0.95,0.0,0.0,0.0,0.12,0.04
6,PE_only,-0.031764,0.1,0.2,0.4,0.7,0.7,0.75,0.95,0.0,0.0,0.0,0.08,0.05
6,PB_only,-0.031764,0.05,0.15,0.45,0.55,0.7,0.75,0.9,0.0,0.0,0.0,0.12,0.05
8,PE_only,-0.031767,0.05,0.25,0.45,0.65,0.7,0.85,0.9,0.0,0.0,0.0,0.08,0.05
8,PE_only,-0.031769,0.1,0.3,0.4,0.6,0.65,0.75,0.95,0.0,0.0,0.0,0.12,0.05
8,PE_FED,-0.031769,0.15,0.3,0.35,0.6,0.75,0.8,0.85,-0.5,0.0,0.0,0.1,0.04
8,PE_only,-0.031771,0.15,0.25,0.4,0.6,0.7,0.75,0.9,0.0,0.0,0.0,0.1,0.05
8,PE_PB,-0.031773,0.05,0.2,0.3,0.6,0.65,0.8,0.95,0.0,0.65,0.0,0.1,0.03
8,PB_only,-0.031777,0.1,0.25,0.45,0.5,0.7,0.85,0.9,0.0,0.0,0.0,0.08,0.05
6,PB_FED,-0.031778,0.1,0.25,0.4,0.5,0.65,0.75,0.85,0.0,0.0,0.0,0.06,0.03
8,PE_PB_FED,-0.03178,0.15,0.2,0.3,0.55,0.7,0.8,0.85,0.0,0.65,0.7,0.12,0.03
6,PE_FED,-0.031784,0.1,0.15,0.3,0.65,0.65,0.85,0.95,-0.5,0.0,0.0,0.12,0.03
8,PE_only,-0.031788,0.1,0.3,0.35,0.65,0.65,0.8,0.9,0.0,0.0,0.0,0.06,0.05
6,PB_only,-0.031789,0.05,0.25,0.4,0.5,0.65,0.8,0.85,0.0,0.0,0.0,0.12,0.04
8,PE_only,-0.031791,0.1,0.25,0.4,0.55,0.65,0.75,0.95,0.0,0.0,0.0,0.06,0.03
8,PE_only,-0.031791,0.1,0.25,0.4,0.55,0.7,0.75,0.95,0.0,0.0,0.0,0.12,0.03
6,PB_FED,-0.031792,0.15,0.3,0.4,0.6,0.7,0.85,0.9,0.0,0.0,0.0,0.08,0.04
6,PB_FED,-0.031793,0.05,0.2,0.45,0.55,0.7,0.85,0.95,0.0,0.0,0.0,0.06,0.05
8,PE_only,-0.031799,0.2,0.3,0.4,0.65,0.7,0.8,0.9,0.0,0.0,0.0,0.1,0.04
6,PE_FED,-0.0318,0.15,0.2,0.4,0.7,0.75,0.8,0.9,-0.5,0.0,0.0,0.08,0.03
6,PB_only,-0.0318,0.1,0.2,0.4,0.6,0.7,0.85,0.95,0.0,0.0,0.0,0.1,0.03
6,PE_only,-0.031802,0.05,0.25,0.4,0.7,0.7,0.85,0.95,0.0,0.0,0.0,0.1,0.03
6,PB_only,-0.031802,0.2,0.25,0.3,0.5,0.7,0.8,0.9,0.0,0.0,0.0,0.1,0.04
8,PB_only,-0.031805,0.15,0.3,0.45,0.5,0.65,0.8,0.9,0.0,0.0,0.0,0.06,0.04
8,PE_only,-0.031806,0.2,0.25,0.35,0.65,0.75,0.8,0.85,0.0,0.0,0.0,0.12,0.05
6,PE_only,-0.031811,0.1,0.25,0.35,0.7,0.7,0.85,0.95,0.0,0.0,0.0,0.1,0.03
8,PE_only,-0.031813,0.15,0.2,0.3,0.55,0.65,0.75,0.9,0.0,0.0,0.0,0.1,0.04
8,PE_PB_FED,-0.031813,0.1,0.3,0.45,0.7,0.75,0.85,0.95,-0.5,0.65,0.7,0.08,0.03
6,PB_only,-0.031814,0.1,0.15,0.4,0.5,0.65,0.85,0.95,0.0,0.0,0.0,0.06,0.03
6,PE_only,-0.031816,0.1,0.15,0.35,0.65,0.65,0.75,0.95,0.0,0.0,0.0,0.1,0.03
6,PB_only,-0.031819,0.15,0.2,0.35,0.55,0.7,0.75,0.95,0.0,0.0,0.0,0.06,0.04
8,PB_only,-0.031821,0.05,0.3,0.35,0.5,0.65,0.8,0.9,0.0,0.0,0.0,0.08,0.05
8,PE_only,-0.031825,0.1,0.2,0.4,0.6,0.75,0.8,0.85,0.0,0.0,0.0,0.08,0.04
8,PE_PB_FED,-0.031827,0.05,0.2,0.45,0.55,0.7,0.75,0.9,0.0,0.65,0.75,0.08,0.05
8,PE_PB,-0.031828,0.05,0.15,0.4,0.6,0.65,0.75,0.95,0.0,0.6,0.0,0.12,0.03
8,PE_PB_FED,-0.03183,0.15,0.3,0.35,0.7,0.65,0.8,0.85,0.0,0.65,0.8,0.08,0.04
8,PE_only,-0.031831,0.2,0.3,0.35,0.65,0.7,0.75,0.9,0.0,0.0,0.0,0.06,0.05
8,PE_only,-0.031834,0.15,0.2,0.35,0.55,0.65,0.85,0.95,0.0,0.0,0.0,0.12,0.03
6,PE_only,-0.031835,0.05,0.15,0.3,0.65,0.7,0.75,0.95,0.0,0.0,0.0,0.1,0.04
8,PE_FED,-0.031836,0.15,0.25,0.3,0.5,0.7,0.75,0.85,0.0,0.0,0.0,0.06,0.04
8,PE_only,-0.031839,0.15,0.3,0.4,0.65,0.65,0.8,0.85,0.0,0.0,0.0,0.12,0.04
8,PE_only,-0.031839,0.05,0.25,0.3,0.6,0.7,0.75,0.85,0.0,0.0,0.0,0.1,0.03
8,PE_PB,-0.03184,0.1,0.15,0.4,0.6,0.7,0.8,0.95,0.0,0.65,0.0,0.06,0.04
6,PB_only,-0.031842,0.15,0.2,0.45,0.5,0.7,0.85,0.9,0.0,0.0,0.0,0.06,0.03
6,PB_only,-0.031844,0.05,0.15,0.45,0.5,0.75,0.85,0.9,0.0,0.0,0.0,0.12,0.04
6,PB_only,-0.031844,0.05,0.15,0.45,0.5,0.7,0.85,0.9,0.0,0.0,0.0,0.12,0.04
8,PE_only,-0.031846,0.05,0.3,0.35,0.65,0.65,0.75,0.85,0.0,0.0,0.0,0.06,0.05
8,PE_only,-0.031846,0.05,0.3,0.35,0.65,0.7,0.75,0.85,0.0,0.0,0.0,0.08,0.05
6,PB_only,-0.031847,0.05,0.3,0.35,0.55,0.65,0.85,0.95,0.0,0.0,0.0,0.08,0.05
8,PE_FED,-0.031853,0.05,0.2,0.4,0.55,0.7,0.8,0.85,-0.5,0.0,0.0,0.08,0.05
6,PB_only,-0.031855,0.05,0.25,0.3,0.5,0.7,0.8,0.95,0.0,0.0,0.0,0.08,0.05
8,PE_PB_FED,-0.031855,0.05,0.15,0.45,0.7,0.65,0.8,0.9,-0.5,0.55,0.75,0.12,0.04
6,PB_FED,-0.031857,0.05,0.2,0.35,0.5,0.7,0.85,0.9,0.0,0.0,0.0,0.12,0.04
6,PE_only,-0.031859,0.15,0.25,0.3,0.7,0.75,0.85,0.95,0.0,0.0,0.0,0.08,0.05
6,PE_only,-0.031866,0.15,0.2,0.35,0.7,0.65,0.75,0.95,0.0,0.0,0.0,0.12,0.05
8,PE_only,-0.031871,0.15,0.25,0.4,0.55,0.75,0.8,0.95,0.0,0.0,0.0,0.08,0.03
6,PB_only,-0.031872,0.15,0.2,0.35,0.5,0.65,0.8,0.95,0.0,0.0,0.0,0.1,0.05
6,PE_only,-0.031873,0.15,0.2,0.35,0.7,0.65,0.8,0.95,0.0,0.0,0.0,0.08,0.04
8,PE_only,-0.031873,0.15,0.2,0.45,0.55,0.75,0.8,0.95,0.0,0.0,0.0,0.06,0.04
8,PE_only,-0.031873,0.15,0.2,0.45,0.6,0.7,0.75,0.85,0.0,0.0,0.0,0.12,0.05
8,PE_PB_FED,-0.031874,0.15,0.25,0.3,0.7,0.7,0.75,0.9,-0.5,0.6,0.7,0.1,0.04
6,PB_only,-0.031882,0.15,0.2,0.3,0.5,0.7,0.85,0.95,0.0,0.0,0.0,0.1,0.05
8,PB_FED,-0.031882,0.05,0.15,0.35,0.55,0.7,0.8,0.9,0.5,0.0,0.0,0.12,0.05
8,PE_only,-0.031883,0.05,0.15,0.3,0.55,0.65,0.8,0.85,0.0,0.0,0.0,0.1,0.04
6,PE_only,-0.031884,0.05,0.15,0.35,0.65,0.7,0.85,0.95,0.0,0.0,0.0,0.06,0.05
6,PE_only,-0.031885,0.1,0.2,0.4,0.7,0.75,0.85,0.9,0.0,0.0,0.0,0.08,0.04
6,PE_only,-0.031885,0.1,0.15,0.35,0.65,0.65,0.8,0.95,0.0,0.0,0.0,0.12,0.03
6,PB_FED,-0.031888,0.15,0.25,0.4,0.55,0.75,0.85,0.95,0.0,0.0,0.0,0.1,0.03
6,PE_only,-0.031889,0.1,0.15,0.4,0.7,0.7,0.75,0.9,0.0,0.0,0.0,0.1,0.05
6,PB_only,-0.03189,0.05,0.2,0.35,0.5,0.7,0.85,0.95,0.0,0.0,0.0,0.08,0.03
6,PE_only,-0.0319,0.1,0.15,0.3,0.65,0.75,0.85,0.95,0.0,0.0,0.0,0.1,0.04
6,PB_only,-0.031911,0.1,0.2,0.4,0.6,0.65,0.85,0.9,0.0,0.0,0.0,0.08,0.05
8,PE_only,-0.031917,0.1,0.15,0.3,0.55,0.7,0.75,0.85,0.0,0.0,0.0,0.1,0.04
8,PE_FED,-0.03192,0.15,0.2,0.45,0.5,0.65,0.75,0.85,0.0,0.0,0.0,0.12,0.05
8,PB_FED,-0.03192,0.1,0.3,0.45,0.7,0.7,0.75,0.9,0.5,0.0,0.0,0.12,0.05
8,PE_PB_FED,-0.03193,0.15,0.25,0.35,0.7,0.65,0.75,0.9,-0.5,0.6,0.8,0.08,0.03
6,PB_only,-0.031931,0.1,0.2,0.35,0.5,0.65,0.8,0.95,0.0,0.0,0.0,0.1,0.05
6,PB_only,-0.031933,0.15,0.2,0.35,0.5,0.75,0.85,0.95,0.0,0.0,0.0,0.12,0.03
6,PB_only,-0.031934,0.1,0.2,0.4,0.6,0.7,0.85,0.9,0.0,0.0,0.0,0.06,0.05
8,PE_PB_FED,-0.03194,0.15,0.25,0.4,0.6,0.7,0.75,0.85,0.0,0.65,0.8,0.1,0.05
8,PB_FED,-0.031945,0.1,0.15,0.4,0.5,0.7,0.8,0.9,0.5,0.0,0.0,0.12,0.03
8,PB_FED,-0.031945,0.1,0.25,0.4,0.6,0.7,0.8,0.85,0.5,0.0,0.0,0.08,0.04
6,PB_FED,-0.031954,0.05,0.3,0.45,0.7,0.65,0.85,0.95,0.0,0.0,0.0,0.1,0.05
8,PE_only,-0.031956,0.15,0.2,0.4,0.55,0.65,0.85,0.95,0.0,0.0,0.0,0.1,0.03
6,PB_only,-0.031957,0.2,0.25,0.3,0.55,0.7,0.75,0.9,0.0,0.0,0.0,0.1,0.04
6,PB_only,-0.031957,0.15,0.2,0.4,0.5,0.65,0.8,0.95,0.0,0.0,0.0,0.08,0.03
8,PE_PB_FED,-0.031958,0.05,0.15,0.45,0.55,0.65,0.75,0.95,0.0,0.5,0.7,0.1,0.05
6,PB_only,-0.031961,0.1,0.25,0.45,0.5,0.65,0.75,0.9,0.0,0.0,0.0,0.12,0.04
6,PB_only,-0.031961,0.15,0.2,0.45,0.5,0.65,0.8,0.9,0.0,0.0,0.0,0.1,0.04
8,PE_PB_FED,-0.031961,0.1,0.2,0.4,0.55,0.7,0.75,0.95,-0.5,0.65,0.75,0.1,0.05
8,PE_PB_FED,-0.031963,0.1,0.3,0.35,0.7,0.7,0.75,0.95,-0.5,0.6,0.8,0.06,0.03
6,PB_only,-0.031966,0.05,0.25,0.3,0.5,0.75,0.85,0.9,0.0,0.0,0.0,0.12,0.05
8,PE_only,-0.031966,0.1,0.2,0.4,0.6,0.65,0.85,0.9,0.0,0.0,0.0,0.1,0.04
8,PE_PB,-0.031966,0.1,0.15,0.45,0.7,0.65,0.75,0.95,0.0,0.6,0.0,0.1,0.04
6,PB_only,-0.031967,0.1,0.2,0.4,0.5,0.65,0.8,0.9,0.0,0.0,0.0,0.1,0.05
6,PB_only,-0.031968,0.05,0.25,0.45,0.55,0.65,0.75,0.85,0.0,0.0,0.0,0.08,0.03
8,PB_only,-0.031968,0.15,0.3,0.35,0.5,0.75,0.8,0.95,0.0,0.0,0.0,0.08,0.04
8,PB_FED,-0.031969,0.05,0.25,0.3,0.5,0.7,0.75,0.9,0.5,0.0,0.0,0.08,0.03
8,PE_only,-0.03197,0.2,0.25,0.45,0.65,0.7,0.8,0.85,0.0,0.0,0.0,0.12,0.03
6,PE_only,-0.031974,0.15,0.25,0.35,0.7,0.7,0.75,0.95,0.0,0.0,0.0,0.12,0.03
6,PB_FED,-0.031975,0.05,0.25,0.45,0.6,0.65,0.85,0.9,0.0,0.0,0.0,0.06,0.04
6,PB_FED,-0.031978,0.1,0.25,0.35,0.5,0.7,0.75,0.95,-0.5,0.0,0.0,0.1,0.03
8,PB_only,-0.031978,0.2,0.3,0.4,0.55,0.65,0.85,0.95,0.0,0.0,0.0,0.06,0.04
8,PE_PB,-0.031984,0.05,0.15,0.45,0.7,0.7,0.8,0.85,0.0,0.65,0.0,0.1,0.05
8,PE_PB_FED,-0.031984,0.1,0.15,0.35,0.65,0.7,0.75,0.85,-0.5,0.6,0.75,0.12,0.05
6,PB_only,-0.031985,0.15,0.25,0.3,0.5,0.7,0.85,0.95,0.0,0.0,0.0,0.12,0.03
6,PB_only,-0.031989,0.2,0.3,0.4,0.55,0.65,0.8,0.95,0.0,0.0,0.0,0.08,0.05
6,PE_only,-0.031993,0.05,0.15,0.45,0.7,0.65,0.75,0.9,0.0,0.0,0.0,0.08,0.03
6,PE_only,-0.031995,0.05,0.2,0.4,0.7,0.65,0.75,0.95,0.0,0.0,0.0,0.12,0.05
8,PE_only,-0.032003,0.15,0.3,0.4,0.65,0.7,0.8,0.85,0.0,0.0,0.0,0.08,0.03
6,PE_only,-0.032007,0.1,0.15,0.4,0.7,0.65,0.8,0.9,0.0,0.0,0.0,0.1,0.04
6,PB_only,-0.032008,0.15,0.2,0.35,0.6,0.75,0.85,0.95,0.0,0.0,0.0,0.08,0.05
8,PB_only,-0.032012,0.05,0.3,0.45,0.5,0.65,0.85,0.9,0.0,0.0,0.0,0.06,0.03
6,PE_only,-0.032013,0.05,0.15,0.45,0.7,0.75,0.8,0.9,0.0,0.0,0.0,0.12,0.04
6,PE_only,-0.032013,0.05,0.15,0.45,0.7,0.75,0.8,0.9,0.0,0.0,0.0,0.08,0.04
8,PE_only,-0.032013,0.15,0.2,0.45,0.6,0.75,0.8,0.85,0.0,0.0,0.0,0.1,0.03
8,PE_PB_FED,-0.032014,0.15,0.25,0.3,0.7,0.75,0.8,0.85,0.0,0.6,0.7,0.08,0.05
8,PB_only,-0.032015,0.1,0.3,0.45,0.5,0.7,0.75,0.95,0.0,0.0,0.0,0.08,0.05
6,PB_only,-0.032018,0.1,0.2,0.4,0.55,0.65,0.75,0.9,0.0,0.0,0.0,0.1,0.05
8,PE_FED,-0.032019,0.05,0.3,0.35,0.55,0.7,0.8,0.9,0.0,0.0,0.0,0.12,0.05
6,PE_only,-0.032022,0.1,0.25,0.3,0.7,0.7,0.8,0.95,0.0,0.0,0.0,0.1,0.03
6,PB_only,-0.032024,0.1,0.25,0.35,0.5,0.7,0.8,0.85,0.0,0.0,0.0,0.06,0.05
8,PE_only,-0.032024,0.05,0.25,0.35,0.6,0.7,0.75,0.85,0.0,0.0,0.0,0.12,0.04
8,PE_PB,-0.032026,0.05,0.2,0.4,0.65,0.65,0.75,0.9,0.0,0.65,0.0,0.1,0.03
8,PB_FED,-0.032028,0.15,0.25,0.45,0.7,0.7,0.85,0.9,0.5,0.0,0.0,0.1,0.05
8,PE_PB,-0.032029,0.1,0.2,0.35,0.65,0.65,0.8,0.95,0.0,0.65,0.0,0.12,0.05
8,PE_PB_FED,-0.032031,0.05,0.2,0.3,0.5,0.65,0.75,0.9,0.0,0.65,0.75,0.12,0.03
8,PE_PB,-0.032034,0.1,0.2,0.35,0.6,0.7,0.75,0.95,0.0,0.65,0.0,0.1,0.03
8,PE_only,-0.032037,0.05,0.25,0.3,0.6,0.75,0.8,0.9,0.0,0.0,0.0,0.08,0.05
6,PB_FED,-0.032038,0.15,0.25,0.3,0.5,0.7,0.8,0.95,0.0,0.0,0.0,0.1,0.03
8,PE_PB_FED,-0.03204,0.15,0.2,0.45,0.55,0.65,0.75,0.9,0.0,0.6,0.75,0.1,0.04
8,PB_FED,-0.032042,0.1,0.25,0.4,0.65,0.65,0.85,0.9,0.5,0.0,0.0,0.12,0.05
6,PB_only,-0.032043,0.05,0.15,0.45,0.5,0.75,0.8,0.95,0.0,0.0,0.0,0.06,0.04
8,PE_PB_FED,-0.032043,0.1,0.2,0.3,0.55,0.7,0.75,0.9,0.0,0.55,0.75,0.08,0.03
6,PB_FED,-0.032044,0.15,0.3,0.45,0.55,0.75,0.8,0.85,-0.5,0.0,0.0,0.12,0.03
6,PE_only,-0.032049,0.1,0.2,0.35,0.7,0.65,0.8,0.95,0.0,0.0,0.0,0.12,0.04
8,PE_PB_FED,-0.03205,0.15,0.25,0.4,0.65,0.65,0.85,0.95,0.0,0.6,0.75,0.08,0.05
8,PE_FED,-0.032058,0.1,0.3,0.35,0.6,0.75,0.8,0.85,-0.5,0.0,0.0,0.12,0.04
8,PE_FED,-0.03206,0.15,0.3,0.35,0.5,0.7,0.8,0.95,0.0,0.0,0.0,0.08,0.04
8,PE_FED,-0.032063,0.05,0.25,0.3,0.55,0.65,0.8,0.9,-0.5,0.0,0.0,0.06,0.05
8,PB_FED,-0.032064,0.05,0.2,0.3,0.55,0.65,0.8,0.9,0.5,0.0,0.0,0.12,0.05
6,PB_only,-0.03207,0.1,0.3,0.4,0.55,0.75,0.85,0.95,0.0,0.0,0.0,0.12,0.04
8,PE_only,-0.03207,0.05,0.15,0.3,0.5,0.65,0.8,0.95,0.0,0.0,0.0,0.1,0.04
6,PB_only,-0.032071,0.1,0.2,0.35,0.6,0.65,0.85,0.95,0.0,0.0,0.0,0.1,0.05
8,PB_FED,-0.032071,0.1,0.15,0.35,0.55,0.65,0.85,0.9,0.5,0.0,0.0,0.08,0.04
8,PE_FED,-0.032072,0.1,0.2,0.3,0.5,0.7,0.85,0.95,-0.5,0.0,0.0,0.06,0.03
8,PE_FED,-0.032073,0.1,0.15,0.4,0.5,0.7,0.75,0.85,-0.5,0.0,0.0,0.12,0.03
8,PB_FED,-0.032082,0.15,0.2,0.4,0.55,0.65,0.75,0.9,0.5,0.0,0.0,0.12,0.05
6,PE_only,-0.032087,0.05,0.2,0.3,0.7,0.75,0.85,0.9,0.0,0.0,0.0,0.06,0.05
6,PE_only,-0.03209,0.05,0.15,0.3,0.7,0.7,0.8,0.85,0.0,0.0,0.0,0.08,0.04
8,PE_PB_FED,-0.032093,0.15,0.2,0.35,0.65,0.75,0.85,0.95,0.0,0.55,0.8,0.08,0.05
6,PE_FED,-0.032096,0.15,0.2,0.4,0.65,0.75,0.8,0.95,-0.5,0.0,0.0,0.1,0.04
8,PE_PB,-0.032099,0.2,0.25,0.4,0.7,0.65,0.8,0.95,0.0,0.65,0.0,0.08,0.03
6,PB_FED,-0.0321,0.1,0.3,0.4,0.6,0.75,0.85,0.95,-0.5,0.0,0.0,0.08,0.04
8,PE_FED,-0.032103,0.15,0.25,0.4,0.5,0.75,0.8,0.95,-0.5,0.0,0.0,0.06,0.03
8,PE_only,-0.032104,0.15,0.2,0.4,0.55,0.7,0.75,0.9,0.0,0.0,0.0,0.08,0.04
6,PB_only,-0.032105,0.05,0.2,0.35,0.55,0.65,0.75,0.95,0.0,0.0,0.0,0.08,0.04
8,PE_FED,-0.032108,0.05,0.25,0.45,0.55,0.7,0.85,0.95,-0.5,0.0,0.0,0.06,0.04
8,PE_only,-0.03211,0.05,0.25,0.4,0.55,0.65,0.75,0.95,0.0,0.0,0.0,0.12,0.04
6,PB_only,-0.032114,0.1,0.3,0.35,0.5,0.7,0.75,0.9,0.0,0.0,0.0,0.12,0.03
8,PE_only,-0.032119,0.1,0.25,0.45,0.65,0.65,0.85,0.9,0.0,0.0,0.0,0.08,0.05
8,PE_only,-0.032119,0.1,0.15,0.35,0.55,0.7,0.75,0.85,0.0,0.0,0.0,0.12,0.04
6,PB_only,-0.032125,0.1,0.15,0.45,0.5,0.7,0.8,0.95,0.0,0.0,0.0,0.06,0.04
8,PE_FED,-0.032128,0.1,0.25,0.4,0.5,0.65,0.85,0.95,0.0,0.0,0.0,0.1,0.04
6,PB_only,-0.032132,0.05,0.25,0.4,0.5,0.75,0.85,0.9,0.0,0.0,0.0,0.08,0.03
8,PE_only,-0.032134,0.1,0.3,0.45,0.65,0.65,0.75,0.85,0.0,0.0,0.0,0.08,0.03
8,PE_only,-0.032134,0.1,0.3,0.4,0.65,0.65,0.75,0.85,0.0,0.0,0.0,0.08,0.05
6,PE_only,-0.032135,0.1,0.2,0.4,0.7,0.65,0.75,0.95,0.0,0.0,0.0,0.12,0.05
6,PB_FED,-0.032135,0.1,0.2,0.4,0.5,0.7,0.85,0.95,0.0,0.0,0.0,0.08,0.03
8,PE_only,-0.032136,0.1,0.25,0.3,0.55,0.65,0.75,0.95,0.0,0.0,0.0,0.1,0.04
8,PE_PB,-0.032139,0.15,0.25,0.45,0.7,0.7,0.8,0.95,0.0,0.65,0.0,0.06,0.04
8,PB_only,-0.03214,0.2,0.25,0.35,0.5,0.75,0.85,0.95,0.0,0.0,0.0,0.08,0.05
8,PE_PB,-0.032141,0.05,0.2,0.45,0.7,0.65,0.8,0.95,0.0,0.6,0.0,0.06,0.03
8,PB_FED,-0.032141,0.05,0.25,0.35,0.65,0.65,0.85,0.9,0.5,0.0,0.0,0.12,0.05
6,PE_FED,-0.032142,0.15,0.2,0.4,0.65,0.75,0.8,0.95,-0.5,0.0,0.0,0.08,0.05
8,PE_PB_FED,-0.032153,0.2,0.3,0.4,0.65,0.65,0.75,0.9,0.0,0.65,0.7,0.1,0.04
6,PB_only,-0.032154,0.05,0.15,0.4,0.5,0.75,0.85,0.95,0.0,0.0,0.0,0.06,0.05
8,PE_PB_FED,-0.032156,0.1,0.25,0.4,0.65,0.7,0.8,0.95,0.0,0.55,0.7,0.12,0.04
6,PB_only,-0.032161,0.15,0.25,0.35,0.5,0.65,0.8,0.9,0.0,0.0,0.0,0.06,0.05
6,PB_only,-0.032162,0.05,0.3,0.45,0.55,0.65,0.8,0.95,0.0,0.0,0.0,0.12,0.05
8,PE_only,-0.032165,0.1,0.3,0.4,0.65,0.65,0.8,0.85,0.0,0.0,0.0,0.12,0.04
8,PE_PB_FED,-0.032165,0.05,0.2,0.4,0.6,0.65,0.8,0.95,-0.5,0.6,0.75,0.06,0.04
8,PE_only,-0.032166,0.2,0.3,0.4,0.65,0.65,0.75,0.85,0.0,0.0,0.0,0.08,0.04
6,PE_only,-0.032167,0.1,0.2,0.45,0.7,0.65,0.8,0.95,0.0,0.0,0.0,0.12,0.03
6,PE_only,-0.032168,0.05,0.15,0.45,0.65,0.75,0.85,0.95,0.0,0.0,0.0,0.1,0.03
8,PE_only,-0.032168,0.05,0.2,0.35,0.55,0.75,0.8,0.9,0.0,0.0,0.0,0.12,0.03
8,PE_PB_FED,-0.032168,0.1,0.25,0.35,0.7,0.65,0.85,0.9,0.0,0.6,0.75,0.06,0.04
8,PE_only,-0.03217,0.05,0.25,0.45,0.6,0.7,0.8,0.9,0.0,0.0,0.0,0.08,0.04
8,PE_only,-0.032173,0.15,0.2,0.3,0.6,0.7,0.85,0.9,0.0,0.0,0.0,0.08,0.05
6,PB_only,-0.032174,0.15,0.25,0.4,0.5,0.7,0.8,0.9,0.0,0.0,0.0,0.12,0.04
8,PB_FED,-0.032174,0.05,0.15,0.35,0.55,0.75,0.8,0.95,0.5,0.0,0.0,0.12,0.05
8,PE_only,-0.032179,0.2,0.25,0.3,0.6,0.75,0.85,0.95,0.0,0.0,0.0,0.08,0.05
8,PB_only,-0.032179,0.1,0.3,0.35,0.5,0.7,0.8,0.95,0.0,0.0,0.0,0.06,0.04
8,PE_only,-0.03218,0.2,0.25,0.35,0.65,0.75,0.85,0.9,0.0,0.0,0.0,0.08,0.05
8,PE_only,-0.03218,0.2,0.25,0.35,0.65,0.75,0.85,0.9,0.0,0.0,0.0,0.12,0.05
6,PB_FED,-0.032182,0.2,0.25,0.35,0.5,0.65,0.75,0.9,-0.5,0.0,0.0,0.06,0.03
6,PB_only,-0.032183,0.1,0.2,0.35,0.55,0.65,0.75,0.95,0.0,0.0,0.0,0.08,0.04
6,PB_only,-0.032183,0.15,0.25,0.4,0.6,0.7,0.85,0.9,0.0,0.0,0.0,0.06,0.04
8,PE_PB,-0.032183,0.1,0.2,0.3,0.6,0.75,0.8,0.95,0.0,0.65,0.0,0.1,0.03
8,PE_only,-0.032187,0.15,0.25,0.4,0.55,0.7,0.75,0.95,0.0,0.0,0.0,0.08,0.04
6,PB_only,-0.032189,0.05,0.2,0.45,0.5,0.65,0.75,0.95,0.0,0.0,0.0,0.08,0.04
6,PB_FED,-0.032193,0.1,0.25,0.45,0.55,0.7,0.8,0.95,-0.5,0.0,0.0,0.12,0.04
6,PB_FED,-0.032195,0.15,0.3,0.4,0.55,0.75,0.8,0.9,0.0,0.0,0.0,0.1,0.03
8,PE_PB_FED,-0.032197,0.1,0.2,0.35,0.7,0.65,0.8,0.85,-0.5,0.6,0.75,0.12,0.03
8,PE_only,-0.032201,0.05,0.3,0.4,0.65,0.75,0.8,0.85,0.0,0.0,0.0,0.08,0.04
8,PE_PB_FED,-0.032203,0.05,0.3,0.4,0.7,0.75,0.8,0.85,0.0,0.65,0.7,0.08,0.03
8,PE_only,-0.032205,0.05,0.25,0.3,0.55,0.65,0.8,0.95,0.0,0.0,0.0,0.12,0.04
8,PE_only,-0.032205,0.05,0.25,0.3,0.55,0.65,0.8,0.95,0.0,0.0,0.0,0.06,0.04
6,PB_only,-0.032207,0.05,0.3,0.45,0.6,0.65,0.8,0.95,0.0,0.0,0.0,0.12,0.04
6,PB_only,-0.032209,0.15,0.2,0.4,0.5,0.75,0.8,0.85,0.0,0.0,0.0,0.1,0.05
6,PB_only,-0.03221,0.1,0.2,0.45,0.55,0.65,0.75,0.85,0.0,0.0,0.0,0.08,0.04
6,PB_only,-0.032221,0.2,0.3,0.45,0.6,0.75,0.8,0.95,0.0,0.0,0.0,0.06,0.05
6,PB_only,-0.032221,0.2,0.3,0.35,0.55,0.7,0.85,0.95,0.0,0.0,0.0,0.12,0.04
8,PE_only,-0.032222,0.2,0.25,0.45,0.6,0.7,0.85,0.95,0.0,0.0,0.0,0.12,0.03
8,PE_PB_FED,-0.032222,0.1,0.2,0.35,0.6,0.7,0.75,0.85,-0.5,0.65,0.8,0.06,0.03
8,PE_only,-0.032223,0.2,0.3,0.45,0.65,0.7,0.8,0.9,0.0,0.0,0.0,0.06,0.04
6,PB_only,-0.032224,0.1,0.15,0.45,0.6,0.7,0.85,0.95,0.0,0.0,0.0,0.06,0.05
8,PE_PB,-0.032228,0.05,0.2,0.3,0.7,0.65,0.8,0.95,0.0,0.6,0.0,0.12,0.04
6,PE_FED,-0.03223,0.05,0.25,0.4,0.7,0.75,0.8,0.95,-0.5,0.0,0.0,0.1,0.04
8,PB_only,-0.032231,0.2,0.25,0.45,0.5,0.7,0.8,0.95,0.0,0.0,0.0,0.12,0.05
6,PB_only,-0.032232,0.1,0.2,0.45,0.55,0.7,0.75,0.85,0.0,0.0,0.0,0.08,0.04
6,PB_only,-0.032232,0.05,0.3,0.4,0.55,0.7,0.85,0.95,0.0,0.0,0.0,0.1,0.04
8,PE_PB,-0.032233,0.05,0.15,0.3,0.65,0.7,0.8,0.85,0.0,0.65,0.0,0.1,0.04
8,PE_PB_FED,-0.032236,0.05,0.25,0.45,0.7,0.75,0.85,0.95,-0.5,0.6,0.7,0.08,0.03
8,PE_PB,-0.032238,0.05,0.2,0.35,0.7,0.65,0.75,0.95,0.0,0.6,0.0,0.12,0.04
8,PB_FED,-0.032239,0.1,0.25,0.45,0.65,0.65,0.8,0.95,0.5,0.0,0.0,0.06,0.05
6,PE_only,-0.03224,0.05,0.15,0.35,0.7,0.7,0.8,0.85,0.0,0.0,0.0,0.06,0.04
8,PE_PB_FED,-0.032248,0.05,0.15,0.35,0.5,0.75,0.85,0.95,0.0,0.65,0.7,0.12,0.05
8,PE_only,-0.032252,0.15,0.25,0.45,0.6,0.65,0.75,0.9,0.0,0.0,0.0,0.08,0.05
8,PE_PB_FED,-0.032253,0.15,0.2,0.35,0.5,0.75,0.8,0.95,0.0,0.6,0.7,0.12,0.03
6,PB_only,-0.032255,0.2,0.3,0.45,0.55,0.75,0.8,0.85,0.0,0.0,0.0,0.08,0.05
8,PB_FED,-0.032258,0.1,0.25,0.35,0.55,0.65,0.75,0.85,0.5,0.0,0.0,0.06,0.04
6,PB_FED,-0.032266,0.1,0.25,0.35,0.5,0.7,0.8,0.85,-0.5,0.0,0.0,0.06,0.03
6,PB_only,-0.032272,0.05,0.25,0.35,0.55,0.65,0.75,0.9,0.0,0.0,0.0,0.12,0.05
8,PE_PB,-0.032272,0.05,0.15,0.4,0.7,0.7,0.8,0.95,0.0,0.55,0.0,0.06,0.05
8,PE_FED,-0.032275,0.05,0.3,0.45,0.55,0.65,0.75,0.95,-0.5,0.0,0.0,0.06,0.05
6,PE_FED,-0.032276,0.05,0.2,0.45,0.65,0.65,0.8,0.95,-0.5,0.0,0.0,0.1,0.03
8,PE_FED,-0.032276,0.1,0.2,0.35,0.5,0.65,0.85,0.95,-0.5,0.0,0.0,0.1,0.03
6,PE_only,-0.032278,0.05,0.15,0.35,0.7,0.65,0.75,0.85,0.0,0.0,0.0,0.08,0.03
8,PE_FED,-0.032288,0.1,0.2,0.4,0.5,0.7,0.75,0.9,-0.5,0.0,0.0,0.08,0.04
6,PB_only,-0.032289,0.15,0.25,0.45,0.5,0.7,0.75,0.9,0.0,0.0,0.0,0.08,0.05
8,PE_only,-0.032289,0.15,0.25,0.35,0.6,0.7,0.8,0.9,0.0,0.0,0.0,0.12,0.05
8,PE_PB_FED,-0.032289,0.05,0.2,0.45,0.7,0.7,0.75,0.85,-0.5,0.6,0.8,0.12,0.04
6,PB_only,-0.03229,0.05,0.2,0.4,0.55,0.7,0.75,0.95,0.0,0.0,0.0,0.06,0.04
8,PE_FED,-0.032293,0.05,0.2,0.45,0.55,0.65,0.85,0.9,-0.5,0.0,0.0,0.1,0.03
8,PB_only,-0.032293,0.1,0.3,0.45,0.5,0.65,0.75,0.95,0.0,0.0,0.0,0.1,0.04
8,PE_FED,-0.0323,0.1,0.2,0.45,0.5,0.65,0.8,0.85,0.0,0.0,0.0,0.1,0.03
8,PE_PB_FED,-0.0323,0.05,0.15,0.3,0.6,0.75,0.8,0.9,-0.5,0.6,0.8,0.06,0.05
6,PB_FED,-0.032302,0.1,0.3,0.35,0.6,0.7,0.85,0.9,0.0,0.0,0.0,0.08,0.04
8,PE_only,-0.032305,0.15,0.2,0.45,0.6,0.75,0.85,0.9,0.0,0.0,0.0,0.12,0.04
8,PE_only,-0.032308,0.1,0.2,0.4,0.55,0.65,0.75,0.9,0.0,0.0,0.0,0.12,0.04
6,PB_only,-0.032314,0.05,0.25,0.4,0.6,0.65,0.85,0.9,0.0,0.0,0.0,0.1,0.04
6,PB_FED,-0.032317,0.05,0.25,0.45,0.55,0.65,0.8,0.9,-0.5,0.0,0.0,0.08,0.05
6,PB_FED,-0.032321,0.1,0.25,0.4,0.5,0.65,0.75,0.9,0.0,0.0,0.0,0.08,0.03
6,PB_only,-0.032322,0.1,0.15,0.45,0.5,0.75,0.85,0.9,0.0,0.0,0.0,0.1,0.05
8,PB_FED,-0.032323,0.1,0.2,0.45,0.55,0.65,0.75,0.9,0.5,0.0,0.0,0.1,0.04
6,PB_only,-0.032325,0.05,0.2,0.4,0.5,0.75,0.8,0.95,0.0,0.0,0.0,0.12,0.04
8,PE_PB_FED,-0.032326,0.05,0.2,0.3,0.7,0.65,0.8,0.85,0.0,0.55,0.8,0.08,0.05
6,PB_FED,-0.032327,0.1,0.3,0.35,0.6,0.75,0.8,0.95,0.0,0.0,0.0,0.1,0.04
6,PB_FED,-0.032327,0.15,0.25,0.35,0.5,0.7,0.8,0.9,-0.5,0.0,0.0,0.1,0.03
8,PE_PB_FED,-0.032328,0.1,0.25,0.45,0.55,0.65,0.75,0.9,0.0,0.65,0.8,0.06,0.04
8,PE_only,-0.032335,0.1,0.25,0.35,0.6,0.7,0.75,0.85,0.0,0.0,0.0,0.08,0.03
6,PE_only,-0.032336,0.05,0.15,0.4,0.7,0.7,0.8,0.85,0.0,0.0,0.0,0.12,0.04
6,PE_FED,-0.032341,0.1,0.25,0.35,0.7,0.75,0.85,0.95,-0.5,0.0,0.0,0.12,0.03
6,PE_FED,-0.032341,0.1,0.25,0.35,0.7,0.7,0.85,0.95,-0.5,0.0,0.0,0.08,0.03
6,PE_only,-0.032344,0.05,0.2,0.45,0.7,0.7,0.85,0.9,0.0,0.0,0.0,0.12,0.03
6,PB_only,-0.032344,0.15,0.3,0.35,0.5,0.65,0.75,0.85,0.0,0.0,0.0,0.1,0.04
6,PB_only,-0.032344,0.15,0.25,0.45,0.55,0.65,0.75,0.9,0.0,0.0,0.0,0.06,0.03
8,PE_only,-0.032345,0.1,0.3,0.45,0.65,0.65,0.8,0.9,0.0,0.0,0.0,0.08,0.05
8,PE_only,-0.032345,0.1,0.3,0.45,0.65,0.7,0.8,0.9,0.0,0.0,0.0,0.08,0.05
6,PB_only,-0.032348,0.15,0.2,0.4,0.5,0.75,0.8,0.95,0.0,0.0,0.0,0.1,0.05
8,PE_FED,-0.03235,0.2,0.3,0.4,0.55,0.7,0.75,0.95,-0.5,0.0,0.0,0.1,0.05
8,PE_only,-0.032352,0.1,0.3,0.45,0.65,0.7,0.75,0.85,0.0,0.0,0.0,0.08,0.03
8,PE_only,-0.032354,0.1,0.3,0.35,0.65,0.7,0.85,0.9,0.0,0.0,0.0,0.08,0.03
6,PE_only,-0.032355,0.05,0.25,0.3,0.7,0.7,0.75,0.95,0.0,0.0,0.0,0.1,0.04
6,PB_FED,-0.032358,0.15,0.25,0.45,0.55,0.75,0.85,0.95,0.0,0.0,0.0,0.06,0.03
8,PE_PB_FED,-0.032358,0.1,0.15,0.3,0.6,0.65,0.75,0.85,0.0,0.5,0.8,0.12,0.04
6,PB_only,-0.032362,0.1,0.2,0.4,0.55,0.7,0.75,0.95,0.0,0.0,0.0,0.12,0.05
6,PB_only,-0.032366,0.2,0.25,0.35,0.5,0.65,0.75,0.95,0.0,0.0,0.0,0.06,0.05
6,PB_only,-0.032367,0.15,0.25,0.45,0.55,0.7,0.75,0.9,0.0,0.0,0.0,0.08,0.03
8,PE_PB_FED,-0.032368,0.1,0.3,0.45,0.6,0.75,0.8,0.95,0.0,0.65,0.8,0.06,0.04
8,PE_only,-0.032373,0.1,0.2,0.3,0.55,0.65,0.8,0.9,0.0,0.0,0.0,0.1,0.03
6,PE_only,-0.032374,0.05,0.15,0.3,0.6,0.65,0.75,0.95,0.0,0.0,0.0,0.12,0.03
6,PB_only,-0.032376,0.05,0.2,0.4,0.5,0.65,0.8,0.95,0.0,0.0,0.0,0.08,0.05
6,PE_only,-0.032377,0.1,0.15,0.4,0.65,0.65,0.75,0.95,0.0,0.0,0.0,0.1,0.05
6,PB_only,-0.032378,0.15,0.25,0.35,0.5,0.75,0.85,0.9,0.0,0.0,0.0,0.08,0.04
8,PE_FED,-0.032378,0.05,0.3,0.45,0.6,0.75,0.85,0.9,0.0,0.0,0.0,0.08,0.05
6,PB_only,-0.032379,0.05,0.2,0.45,0.5,0.75,0.8,0.95,0.0,0.0,0.0,0.06,0.03
8,PE_PB_FED,-0.032379,0.05,0.25,0.35,0.6,0.65,0.75,0.95,-0.5,0.6,0.7,0.08,0.03
6,PB_FED,-0.03238,0.05,0.3,0.35,0.55,0.65,0.75,0.9,0.0,0.0,0.0,0.06,0.03
8,PE_FED,-0.032386,0.1,0.3,0.45,0.5,0.7,0.75,0.95,0.0,0.0,0.0,0.08,0.04
6,PB_FED,-0.032387,0.05,0.3,0.35,0.6,0.7,0.85,0.95,-0.5,0.0,0.0,0.06,0.04
8,PE_PB_FED,-0.032389,0.05,0.2,0.45,0.6,0.65,0.75,0.85,0.0,0.6,0.75,0.08,0.04
8,PE_PB,-0.03239,0.05,0.2,0.45,0.7,0.7,0.75,0.85,0.0,0.65,0.0,0.06,0.03
8,PE_PB,-0.032393,0.1,0.2,0.45,0.7,0.65,0.85,0.95,0.0,0.65,0.0,0.06,0.04
8,PE_only,-0.032397,0.1,0.2,0.3,0.6,0.75,0.85,0.9,0.0,0.0,0.0,0.1,0.05
8,PE_PB_FED,-0.0324,0.05,0.15,0.3,0.5,0.75,0.8,0.9,0.0,0.65,0.7,0.08,0.05
6,PE_FED,-0.032401,0.2,0.25,0.4,0.7,0.7,0.75,0.95,-0.5,0.0,0.0,0.1,0.05
6,PB_only,-0.032401,0.15,0.25,0.35,0.55,0.7,0.75,0.85,0.0,0.0,0.0,0.12,0.05
6,PE_FED,-0.032405,0.2,0.25,0.4,0.7,0.65,0.8,0.95,-0.5,0.0,0.0,0.1,0.03
6,PB_FED,-0.032406,0.05,0.25,0.3,0.5,0.7,0.8,0.9,0.0,0.0,0.0,0.08,0.03
6,PE_only,-0.032407,0.05,0.15,0.4,0.65,0.7,0.85,0.9,0.0,0.0,0.0,0.12,0.04
8,PE_FED,-0.032407,0.15,0.2,0.35,0.5,0.75,0.8,0.9,-0.5,0.0,0.0,0.06,0.03
8,PE_PB_FED,-0.032413,0.1,0.15,0.45,0.65,0.65,0.8,0.95,-0.5,0.5,0.75,0.08,0.03
8,PE_PB_FED,-0.032415,0.05,0.25,0.4,0.6,0.65,0.75,0.95,0.0,0.55,0.75,0.12,0.04
8,PE_only,-0.032416,0.05,0.2,0.4,0.55,0.7,0.85,0.95,0.0,0.0,0.0,0.12,0.04
8,PE_PB,-0.032416,0.1,0.15,0.3,0.7,0.7,0.75,0.95,0.0,0.55,0.0,0.08,0.05
8,PE_PB_FED,-0.032416,0.05,0.2,0.45,0.6,0.7,0.75,0.95,-0.5,0.6,0.7,0.08,0.05
8,PE_PB_FED,-0.032417,0.05,0.2,0.35,0.7,0.7,0.75,0.95,-0.5,0.5,0.75,0.1,0.05
8,PE_only,-0.032421,0.1,0.15,0.3,0.55,0.65,0.8,0.85,0.0,0.0,0.0,0.08,0.04
6,PE_only,-0.032425,0.05,0.25,0.3,0.7,0.75,0.8,0.95,0.0,0.0,0.0,0.1,0.05
8,PE_PB,-0.032425,0.05,0.15,0.3,0.6,0.7,0.75,0.9,0.0,0.65,0.0,0.06,0.05
6,PB_only,-0.032427,0.05,0.3,0.45,0.55,0.65,0.85,0.95,0.0,0.0,0.0,0.06,0.03
8,PE_PB,-0.032428,0.05,0.15,0.3,0.65,0.7,0.85,0.9,0.0,0.65,0.0,0.06,0.04
6,PB_FED,-0.032429,0.05,0.3,0.4,0.6,0.65,0.85,0.95,-0.5,0.0,0.0,0.12,0.03
8,PE_PB_FED,-0.032432,0.15,0.25,0.35,0.55,0.7,0.8,0.9,0.0,0.65,0.8,0.06,0.04
8,PE_FED,-0.032436,0.1,0.3,0.4,0.55,0.7,0.75,0.9,-0.5,0.0,0.0,0.06,0.03
8,PB_FED,-0.032439,0.1,0.2,0.4,0.55,0.7,0.8,0.95,0.5,0.0,0.0,0.08,0.03
6,PB_only,-0.03244,0.15,0.3,0.45,0.55,0.75,0.85,0.95,0.0,0.0,0.0,0.08,0.05
8,PE_FED,-0.032447,0.2,0.3,0.35,0.55,0.75,0.8,0.9,0.0,0.0,0.0,0.08,0.05
8,PE_only,-0.032448,0.05,0.15,0.4,0.5,0.7,0.8,0.95,0.0,0.0,0.0,0.06,0.04
8,PE_PB,-0.032449,0.1,0.15,0.45,0.6,0.75,0.8,0.95,0.0,0.65,0.0,0.06,0.04
8,PE_PB,-0.032452,0.05,0.15,0.45,0.6,0.65,0.75,0.95,0.0,0.6,0.0,0.08,0.03
6,PB_only,-0.032457,0.2,0.25,0.35,0.5,0.65,0.8,0.9,0.0,0.0,0.0,0.06,0.04
6,PE_FED,-0.032458,0.15,0.2,0.35,0.7,0.7,0.75,0.9,0.0,0.0,0.0,0.1,0.04
6,PE_only,-0.032459,0.15,0.2,0.3,0.7,0.7,0.75,0.9,0.0,0.0,0.0,0.12,0.05
8,PB_FED,-0.032461,0.2,0.25,0.4,0.6,0.65,0.75,0.95,0.5,0.0,0.0,0.1,0.05
8,PE_only,-0.032462,0.1,0.3,0.35,0.65,0.65,0.85,0.9,0.0,0.0,0.0,0.1,0.03
6,PE_only,-0.032463,0.1,0.25,0.3,0.7,0.7,0.75,0.95,0.0,0.0,0.0,0.1,0.04
6,PE_only,-0.032464,0.1,0.15,0.4,0.65,0.65,0.8,0.95,0.0,0.0,0.0,0.12,0.04
8,PB_FED,-0.032472,0.2,0.3,0.35,0.65,0.7,0.8,0.9,0.5,0.0,0.0,0.08,0.03
8,PB_FED,-0.032472,0.2,0.3,0.35,0.65,0.75,0.8,0.9,0.5,0.0,0.0,0.06,0.03
6,PE_only,-0.032476,0.1,0.2,0.45,0.7,0.7,0.85,0.9,0.0,0.0,0.0,0.1,0.03
6,PE_FED,-0.032476,0.05,0.15,0.3,0.7,0.65,0.85,0.95,0.0,0.0,0.0,0.1,0.03
6,PE_only,-0.032482,0.1,0.15,0.35,0.7,0.75,0.8,0.85,0.0,0.0,0.0,0.08,0.03
8,PE_PB,-0.032485,0.2,0.25,0.45,0.7,0.65,0.75,0.95,0.0,0.65,0.0,0.06,0.03
6,PE_only,-0.032486,0.05,0.15,0.35,0.65,0.75,0.85,0.9,0.0,0.0,0.0,0.12,0.03
6,PE_FED,-0.032487,0.1,0.2,0.45,0.7,0.7,0.8,0.95,0.0,0.0,0.0,0.06,0.05
6,PE_only,-0.032489,0.05,0.2,0.3,0.65,0.7,0.75,0.95,0.0,0.0,0.0,0.08,0.03
6,PE_only,-0.0325,0.15,0.25,0.3,0.7,0.75,0.85,0.9,0.0,0.0,0.0,0.08,0.03
6,PE_FED,-0.032503,0.05,0.15,0.35,0.7,0.7,0.8,0.85,-0.5,0.0,0.0,0.06,0.03
8,PE_PB,-0.032503,0.1,0.15,0.35,0.65,0.7,0.8,0.95,0.0,0.6,0.0,0.08,0.04
8,PE_only,-0.032505,0.1,0.3,0.35,0.6,0.75,0.85,0.95,0.0,0.0,0.0,0.12,0.03
6,PB_FED,-0.032507,0.2,0.3,0.4,0.55,0.65,0.8,0.85,-0.5,0.0,0.0,0.1,0.04
8,PE_only,-0.032509,0.15,0.2,0.35,0.55,0.75,0.85,0.95,0.0,0.0,0.0,0.06,0.05
8,PE_only,-0.032509,0.15,0.2,0.35,0.55,0.7,0.85,0.95,0.0,0.0,0.0,0.12,0.05
6,PB_only,-0.03251,0.2,0.3,0.35,0.6,0.65,0.85,0.9,0.0,0.0,0.0,0.1,0.03
8,PE_only,-0.032511,0.05,0.2,0.35,0.55,0.7,0.8,0.9,0.0,0.0,0.0,0.08,0.04
8,PE_only,-0.032517,0.2,0.25,0.4,0.55,0.65,0.75,0.95,0.0,0.0,0.0,0.08,0.03
8,PE_FED,-0.03252,0.2,0.3,0.45,0.6,0.65,0.75,0.85,-0.5,0.0,0.0,0.06,0.03
8,PB_only,-0.032521,0.2,0.25,0.4,0.5,0.7,0.85,0.95,0.0,0.0,0.0,0.12,0.05
6,PE_only,-0.032522,0.05,0.15,0.45,0.65,0.7,0.85,0.95,0.0,0.0,0.0,0.06,0.04
8,PE_FED,-0.03253,0.2,0.25,0.4,0.5,0.65,0.8,0.9,0.0,0.0,0.0,0.08,0.03
6,PB_FED,-0.032534,0.15,0.3,0.45,0.55,0.7,0.75,0.85,-0.5,0.0,0.0,0.12,0.05
6,PB_only,-0.032537,0.2,0.25,0.35,0.6,0.7,0.85,0.9,0.0,0.0,0.0,0.12,0.04
8,PE_PB_FED,-0.03254,0.15,0.2,0.3,0.6,0.75,0.8,0.95,0.0,0.5,0.7,0.08,0.04
8,PB_FED,-0.032541,0.1,0.15,0.4,0.5,0.65,0.75,0.85,0.5,0.0,0.0,0.08,0.05
8,PE_PB_FED,-0.032544,0.1,0.25,0.45,0.6,0.7,0.8,0.95,-0.5,0.65,0.75,0.12,0.04
8,PE_PB_FED,-0.032545,0.1,0.2,0.3,0.7,0.75,0.85,0.95,-0.5,0.55,0.8,0.12,0.04
8,PE_FED,-0.032547,0.2,0.3,0.35,0.55,0.65,0.8,0.95,-0.5,0.0,0.0,0.1,0.04
6,PB_only,-0.032553,0.1,0.3,0.4,0.5,0.65,0.75,0.9,0.0,0.0,0.0,0.12,0.03
6,PE_only,-0.032554,0.1,0.15,0.45,0.65,0.65,0.8,0.95,0.0,0.0,0.0,0.1,0.03
6,PB_FED,-0.032555,0.05,0.25,0.45,0.55,0.65,0.75,0.95,0.0,0.0,0.0,0.1,0.05
8,PE_PB_FED,-0.032571,0.2,0.25,0.35,0.65,0.65,0.75,0.95,0.0,0.55,0.8,0.1,0.05
6,PB_only,-0.032575,0.1,0.3,0.4,0.5,0.7,0.75,0.9,0.0,0.0,0.0,0.06,0.03
8,PE_only,-0.032576,0.05,0.15,0.45,0.55,0.65,0.8,0.9,0.0,0.0,0.0,0.08,0.05
6,PB_only,-0.032583,0.1,0.3,0.4,0.5,0.7,0.75,0.85,0.0,0.0,0.0,0.08,0.03
8,PB_only,-0.032584,0.05,0.3,0.45,0.5,0.75,0.8,0.95,0.0,0.0,0.0,0.12,0.03
8,PB_only,-0.032585,0.2,0.3,0.35,0.5,0.75,0.85,0.9,0.0,0.0,0.0,0.08,0.04
8,PE_only,-0.032587,0.1,0.15,0.3,0.5,0.65,0.8,0.95,0.0,0.0,0.0,0.06,0.04
6,PE_only,-0.032589,0.1,0.15,0.3,0.65,0.7,0.85,0.9,0.0,0.0,0.0,0.08,0.03
6,PB_only,-0.032591,0.15,0.25,0.45,0.5,0.65,0.75,0.95,0.0,0.0,0.0,0.08,0.05
6,PE_only,-0.032596,0.15,0.2,0.3,0.65,0.75,0.8,0.95,0.0,0.0,0.0,0.12,0.03
8,PB_FED,-0.032596,0.15,0.2,0.45,0.55,0.65,0.75,0.85,0.5,0.0,0.0,0.1,0.04
8,PE_only,-0.032601,0.1,0.15,0.4,0.55,0.65,0.8,0.85,0.0,0.0,0.0,0.08,0.03
8,PB_FED,-0.032601,0.1,0.2,0.35,0.55,0.65,0.8,0.9,0.5,0.0,0.0,0.12,0.05
8,PE_PB_FED,-0.032603,0.1,0.15,0.45,0.6,0.75,0.8,0.9,0.0,0.55,0.75,0.08,0.05
6,PE_only,-0.032604,0.05,0.25,0.4,0.7,0.7,0.75,0.95,0.0,0.0,0.0,0.12,0.05
8,PE_PB,-0.032604,0.1,0.15,0.3,0.7,0.7,0.75,0.85,0.0,0.6,0.0,0.1,0.03
6,PE_only,-0.032605,0.05,0.25,0.45,0.7,0.75,0.85,0.95,0.0,0.0,0.0,0.12,0.05
6,PE_only,-0.032605,0.05,0.25,0.45,0.7,0.7,0.85,0.95,0.0,0.0,0.0,0.1,0.05
6,PB_only,-0.032605,0.2,0.25,0.4,0.55,0.7,0.75,0.85,0.0,0.0,0.0,0.06,0.03
8,PE_only,-0.032605,0.1,0.25,0.3,0.55,0.75,0.8,0.95,0.0,0.0,0.0,0.06,0.05
8,PE_only,-0.032607,0.15,0.2,0.3,0.5,0.7,0.75,0.95,0.0,0.0,0.0,0.08,0.03
8,PB_FED,-0.03261,0.1,0.2,0.35,0.5,0.7,0.75,0.95,0.5,0.0,0.0,0.06,0.05
6,PE_only,-0.032611,0.05,0.2,0.35,0.7,0.7,0.75,0.9,0.0,0.0,0.0,0.06,0.05
6,PB_only,-0.032611,0.05,0.25,0.3,0.5,0.65,0.85,0.95,0.0,0.0,0.0,0.12,0.05
8,PE_PB,-0.032612,0.05,0.25,0.35,0.7,0.75,0.8,0.95,0.0,0.6,0.0,0.12,0.03
8,PE_PB_FED,-0.032614,0.1,0.15,0.3,0.5,0.65,0.8,0.85,0.0,0.65,0.7,0.08,0.03
8,PE_PB_FED,-0.032615,0.1,0.2,0.3,0.7,0.75,0.85,0.95,-0.5,0.55,0.8,0.12,0.05
8,PB_FED,-0.032616,0.05,0.3,0.4,0.65,0.7,0.75,0.85,0.5,0.0,0.0,0.12,0.04
6,PE_only,-0.032618,0.1,0.15,0.3,0.6,0.65,0.75,0.95,0.0,0.0,0.0,0.08,0.03
8,PB_FED,-0.032622,0.15,0.3,0.35,0.7,0.7,0.85,0.9,0.5,0.0,0.0,0.06,0.04
8,PE_PB_FED,-0.032624,0.1,0.3,0.35,0.7,0.75,0.85,0.95,0.0,0.6,0.8,0.08,0.05
8,PB_only,-0.032631,0.1,0.3,0.4,0.5,0.7,0.8,0.95,0.0,0.0,0.0,0.12,0.05
6,PE_FED,-0.032632,0.05,0.15,0.45,0.7,0.75,0.8,0.9,-0.5,0.0,0.0,0.08,0.05
8,PE_only,-0.032632,0.1,0.25,0.45,0.55,0.75,0.8,0.95,0.0,0.0,0.0,0.1,0.03
8,PE_PB_FED,-0.032635,0.05,0.2,0.3,0.6,0.75,0.8,0.9,0.0,0.55,0.8,0.1,0.04
6,PE_only,-0.032637,0.05,0.2,0.3,0.7,0.65,0.8,0.9,0.0,0.0,0.0,0.1,0.04
8,PB_FED,-0.032641,0.05,0.3,0.45,0.7,0.7,0.75,0.95,0.5,0.0,0.0,0.12,0.04
8,PB_only,-0.032642,0.05,0.3,0.35,0.5,0.65,0.85,0.95,0.0,0.0,0.0,0.06,0.03
8,PE_FED,-0.032643,0.05,0.2,0.35,0.5,0.65,0.75,0.9,-0.5,0.0,0.0,0.08,0.05
8,PE_PB_FED,-0.032643,0.05,0.3,0.45,0.7,0.75,0.8,0.95,-0.5,0.6,0.8,0.1,0.03
6,PB_only,-0.032645,0.1,0.2,0.45,0.5,0.65,0.8,0.95,0.0,0.0,0.0,0.12,0.03
8,PE_only,-0.032645,0.1,0.3,0.4,0.65,0.65,0.8,0.85,0.0,0.0,0.0,0.08,0.05
8,PE_only,-0.032645,0.1,0.3,0.4,0.65,0.75,0.8,0.85,0.0,0.0,0.0,0.06,0.05
8,PB_FED,-0.032645,0.15,0.25,0.35,0.55,0.65,0.8,0.9,0.5,0.0,0.0,0.12,0.03
8,PE_only,-0.032646,0.1,0.15,0.4,0.55,0.65,0.75,0.85,0.0,0.0,0.0,0.08,0.05
8,PE_only,-0.032647,0.1,0.2,0.35,0.55,0.75,0.85,0.95,0.0,0.0,0.0,0.08,0.04
6,PB_FED,-0.03265,0.1,0.3,0.4,0.55,0.65,0.8,0.9,-0.5,0.0,0.0,0.12,0.04
6,PE_FED,-0.032651,0.2,0.25,0.45,0.7,0.65,0.75,0.95,-0.5,0.0,0.0,0.06,0.03
6,PB_only,-0.032658,0.15,0.25,0.4,0.5,0.75,0.8,0.9,0.0,0.0,0.0,0.12,0.05
6,PE_only,-0.03266,0.1,0.25,0.4,0.7,0.7,0.75,0.95,0.0,0.0,0.0,0.1,0.04
6,PB_FED,-0.03266,0.05,0.25,0.35,0.55,0.7,0.85,0.9,0.0,0.0,0.0,0.06,0.05
6,PB_only,-0.03267,0.05,0.3,0.4,0.5,0.7,0.75,0.85,0.0,0.0,0.0,0.08,0.03
6,PB_FED,-0.03267,0.2,0.25,0.35,0.55,0.75,0.85,0.95,-0.5,0.0,0.0,0.06,0.04
6,PE_only,-0.032671,0.1,0.2,0.45,0.7,0.65,0.85,0.9,0.0,0.0,0.0,0.08,0.04
6,PB_FED,-0.032673,0.05,0.25,0.4,0.5,0.65,0.8,0.85,-0.5,0.0,0.0,0.12,0.03
8,PB_FED,-0.032673,0.05,0.15,0.45,0.6,0.7,0.85,0.95,0.5,0.0,0.0,0.08,0.04
6,PB_only,-0.032675,0.1,0.25,0.3,0.5,0.7,0.85,0.95,0.0,0.0,0.0,0.08,0.04
8,PE_only,-0.032676,0.1,0.15,0.35,0.55,0.7,0.8,0.85,0.0,0.0,0.0,0.12,0.03
6,PE_FED,-0.032677,0.05,0.15,0.35,0.65,0.7,0.8,0.9,-0.5,0.0,0.0,0.12,0.03
8,PE_PB_FED,-0.03268,0.1,0.15,0.4,0.65,0.65,0.8,0.9,-0.5,0.55,0.75,0.12,0.04
8,PE_FED,-0.032681,0.1,0.25,0.4,0.5,0.7,0.8,0.9,0.0,0.0,0.0,0.08,0.05
8,PE_FED,-0.032691,0.1,0.15,0.3,0.7,0.75,0.8,0.95,0.5,0.0,0.0,0.06,0.04
6,PE_FED,-0.032692,0.1,0.25,0.35,0.7,0.7,0.85,0.95,-0.5,0.0,0.0,0.1,0.05
8,PE_PB_FED,-0.032692,0.15,0.2,0.35,0.55,0.7,0.75,0.95,0.0,0.5,0.7,0.06,0.05
6,PE_only,-0.032694,0.1,0.15,0.3,0.65,0.7,0.75,0.9,0.0,0.0,0.0,0.06,0.04
8,PE_only,-0.032695,0.1,0.25,0.35,0.55,0.7,0.8,0.95,0.0,0.0,0.0,0.08,0.04
8,PB_FED,-0.032695,0.05,0.25,0.35,0.6,0.75,0.85,0.95,0.5,0.0,0.0,0.06,0.03
6,PB_only,-0.032697,0.15,0.25,0.35,0.5,0.75,0.85,0.95,0.0,0.0,0.0,0.1,0.03
8,PE_PB_FED,-0.032712,0.15,0.3,0.45,0.65,0.7,0.8,0.95,0.0,0.6,0.8,0.12,0.05
8,PE_FED,-0.032714,0.15,0.25,0.35,0.5,0.7,0.8,0.85,0.0,0.0,0.0,0.08,0.03
6,PB_only,-0.032718,0.1,0.3,0.35,0.5,0.65,0.85,0.9,0.0,0.0,0.0,0.08,0.03
6,PE_only,-0.03272,0.1,0.15,0.35,0.65,0.65,0.75,0.9,0.0,0.0,0.0,0.08,0.03
6,PE_FED,-0.032721,0.05,0.15,0.3,0.65,0.65,0.8,0.95,0.0,0.0,0.0,0.08,0.05
8,PB_only,-0.032722,0.2,0.3,0.35,0.5,0.75,0.8,0.85,0.0,0.0,0.0,0.12,0.05
6,PE_only,-0.032728,0.1,0.2,0.45,0.7,0.7,0.75,0.9,0.0,0.0,0.0,0.06,0.03
8,PE_PB,-0.032728,0.05,0.15,0.45,0.65,0.7,0.8,0.95,0.0,0.6,0.0,0.12,0.05
6,PE_only,-0.03273,0.05,0.15,0.45,0.65,0.65,0.75,0.95,0.0,0.0,0.0,0.12,0.05
6,PE_FED,-0.03273,0.15,0.25,0.35,0.7,0.7,0.75,0.9,-0.5,0.0,0.0,0.1,0.03
8,PE_only,-0.03273,0.1,0.2,0.45,0.6,0.65,0.8,0.85,0.0,0.0,0.0,0.1,0.05
6,PB_only,-0.032733,0.1,0.25,0.45,0.5,0.7,0.75,0.95,0.0,0.0,0.0,0.1,0.05
8,PE_FED,-0.032733,0.1,0.15,0.35,0.5,0.65,0.8,0.85,-0.5,0.0,0.0,0.1,0.04
6,PE_only,-0.032742,0.15,0.2,0.35,0.65,0.75,0.8,0.95,0.0,0.0,0.0,0.12,0.03
8,PE_only,-0.032751,0.15,0.25,0.3,0.6,0.7,0.85,0.9,0.0,0.0,0.0,0.1,0.04
8,PE_FED,-0.032751,0.15,0.2,0.4,0.5,0.65,0.75,0.9,-0.5,0.0,0.0,0.06,0.05
8,PE_PB_FED,-0.032751,0.05,0.2,0.35,0.55,0.7,0.75,0.9,-0.5,0.65,0.75,0.08,0.04
8,PE_only,-0.032755,0.05,0.25,0.4,0.6,0.7,0.8,0.85,0.0,0.0,0.0,0.1,0.04
8,PE_FED,-0.032762,0.1,0.3,0.4,0.55,0.75,0.8,0.85,0.0,0.0,0.0,0.12,0.05
8,PE_only,-0.032769,0.1,0.2,0.4,0.55,0.75,0.85,0.95,0.0,0.0,0.0,0.08,0.04
6,PE_FED,-0.032773,0.05,0.2,0.45,0.65,0.75,0.8,0.95,-0.5,0.0,0.0,0.12,0.04
8,PE_FED,-0.032776,0.2,0.25,0.3,0.55,0.65,0.75,0.85,-0.5,0.0,0.0,0.1,0.04
6,PE_only,-0.032778,0.15,0.25,0.3,0.7,0.7,0.75,0.9,0.0,0.0,0.0,0.06,0.03
6,PE_FED,-0.032783,0.05,0.15,0.4,0.65,0.65,0.75,0.95,0.0,0.0,0.0,0.08,0.05
6,PB_FED,-0.032783,0.15,0.3,0.4,0.55,0.7,0.8,0.9,-0.5,0.0,0.0,0.08,0.05
8,PB_only,-0.032784,0.2,0.3,0.35,0.5,0.7,0.8,0.95,0.0,0.0,0.0,0.06,0.04
8,PB_FED,-0.032787,0.1,0.2,0.35,0.55,0.75,0.85,0.95,0.5,0.0,0.0,0.12,0.03
6,PB_only,-0.032789,0.15,0.25,0.45,0.55,0.65,0.75,0.85,0.0,0.0,0.0,0.08,0.04
6,PB_only,-0.03279,0.05,0.25,0.4,0.55,0.7,0.75,0.9,0.0,0.0,0.0,0.06,0.05
8,PB_FED,-0.032791,0.2,0.25,0.3,0.55,0.7,0.75,0.95,0.5,0.0,0.0,0.1,0.04
6,PB_only,-0.032792,0.1,0.25,0.4,0.55,0.7,0.75,0.9,0.0,0.0,0.0,0.1,0.05
6,PB_FED,-0.032792,0.2,0.3,0.35,0.6,0.65,0.85,0.95,0.0,0.0,0.0,0.08,0.05
8,PE_PB,-0.032793,0.05,0.15,0.45,0.6,0.7,0.8,0.95,0.0,0.6,0.0,0.08,0.03
8,PE_PB_FED,-0.032795,0.2,0.25,0.4,0.7,0.7,0.75,0.9,-0.5,0.6,0.75,0.06,0.03
8,PE_only,-0.032797,0.2,0.25,0.45,0.6,0.65,0.8,0.9,0.0,0.0,0.0,0.08,0.03
8,PE_FED,-0.032806,0.05,0.3,0.4,0.55,0.65,0.85,0.95,-0.5,0.0,0.0,0.06,0.03
8,PE_only,-0.032807,0.2,0.3,0.35,0.65,0.7,0.85,0.9,0.0,0.0,0.0,0.08,0.04
8,PE_only,-0.032811,0.05,0.25,0.45,0.6,0.65,0.8,0.9,0.0,0.0,0.0,0.08,0.05
6,PB_only,-0.032813,0.2,0.25,0.4,0.5,0.7,0.85,0.9,0.0,0.0,0.0,0.1,0.03
8,PE_only,-0.032816,0.2,0.3,0.35,0.65,0.75,0.85,0.9,0.0,0.0,0.0,0.1,0.04
6,PE_only,-0.032822,0.1,0.2,0.45,0.7,0.7,0.75,0.9,0.0,0.0,0.0,0.06,0.04
8,PE_only,-0.032823,0.1,0.15,0.3,0.55,0.65,0.85,0.9,0.0,0.0,0.0,0.1,0.03
8,PE_PB,-0.032823,0.2,0.25,0.3,0.7,0.75,0.85,0.95,0.0,0.65,0.0,0.1,0.03
6,PE_only,-0.032825,0.1,0.2,0.4,0.65,0.75,0.85,0.95,0.0,0.0,0.0,0.1,0.03
6,PE_only,-0.032831,0.2,0.25,0.45,0.7,0.7,0.85,0.95,0.0,0.0,0.0,0.08,0.03
6,PB_FED,-0.032832,0.15,0.3,0.45,0.55,0.7,0.85,0.9,-0.5,0.0,0.0,0.1,0.03
8,PE_PB_FED,-0.032835,0.1,0.3,0.35,0.65,0.65,0.8,0.85,0.0,0.65,0.75,0.08,0.03
8,PE_FED,-0.032839,0.15,0.2,0.45,0.5,0.65,0.85,0.95,-0.5,0.0,0.0,0.06,0.03
6,PE_FED,-0.03284,0.05,0.15,0.35,0.7,0.7,0.75,0.9,0.0,0.0,0.0,0.08,0.03
8,PE_FED,-0.03284,0.1,0.3,0.4,0.5,0.7,0.75,0.9,0.0,0.0,0.0,0.1,0.04
8,PE_FED,-0.03284,0.05,0.2,0.35,0.5,0.65,0.8,0.9,-0.5,0.0,0.0,0.12,0.04
8,PE_only,-0.032841,0.2,0.25,0.4,0.55,0.75,0.8,0.95,0.0,0.0,0.0,0.06,0.03
8,PE_only,-0.032843,0.05,0.25,0.35,0.6,0.7,0.85,0.9,0.0,0.0,0.0,0.1,0.03
6,PB_FED,-0.032844,0.1,0.25,0.3,0.5,0.65,0.85,0.9,-0.5,0.0,0.0,0.1,0.04
8,PE_PB_FED,-0.032847,0.05,0.2,0.3,0.65,0.7,0.8,0.85,0.0,0.55,0.7,0.06,0.04
8,PE_PB_FED,-0.032847,0.05,0.2,0.3,0.65,0.7,0.8,0.85,0.0,0.55,0.7,0.12,0.04
6,PB_only,-0.032852,0.05,0.15,0.45,0.5,0.7,0.85,0.95,0.0,0.0,0.0,0.12,0.05
8,PB_FED,-0.032854,0.2,0.25,0.4,0.6,0.75,0.8,0.95,0.5,0.0,0.0,0.12,0.03
6,PB_only,-0.032865,0.05,0.25,0.45,0.5,0.75,0.8,0.9,0.0,0.0,0.0,0.12,0.04
8,PE_FED,-0.032868,0.2,0.3,0.4,0.55,0.65,0.8,0.85,0.0,0.0,0.0,0.08,0.03
8,PE_only,-0.03287,0.15,0.25,0.45,0.6,0.7,0.8,0.9,0.0,0.0,0.0,0.12,0.05
8,PE_only,-0.03287,0.15,0.25,0.45,0.6,0.65,0.8,0.9,0.0,0.0,0.0,0.06,0.05
8,PE_PB_FED,-0.032873,0.1,0.15,0.4,0.7,0.75,0.85,0.95,-0.5,0.5,0.8,0.12,0.04
8,PE_only,-0.032874,0.1,0.25,0.35,0.6,0.75,0.8,0.85,0.0,0.0,0.0,0.06,0.03
6,PB_only,-0.032876,0.1,0.25,0.45,0.5,0.75,0.8,0.9,0.0,0.0,0.0,0.06,0.04
8,PE_PB,-0.032882,0.1,0.15,0.45,0.7,0.65,0.8,0.9,0.0,0.6,0.0,0.08,0.03
8,PE_PB,-0.032883,0.05,0.15,0.4,0.65,0.65,0.8,0.9,0.0,0.6,0.0,0.1,0.03
8,PE_only,-0.032885,0.1,0.2,0.45,0.55,0.65,0.75,0.9,0.0,0.0,0.0,0.06,0.04
6,PE_only,-0.032886,0.15,0.25,0.3,0.7,0.7,0.75,0.9,0.0,0.0,0.0,0.08,0.04
8,PE_FED,-0.032893,0.05,0.25,0.3,0.5,0.65,0.8,0.85,0.0,0.0,0.0,0.1,0.03
8,PE_only,-0.032894,0.05,0.3,0.45,0.65,0.65,0.85,0.9,0.0,0.0,0.0,0.12,0.03
8,PE_only,-0.032896,0.1,0.15,0.45,0.55,0.7,0.75,0.85,0.0,0.0,0.0,0.06,0.04
8,PE_only,-0.032896,0.1,0.15,0.45,0.55,0.7,0.75,0.85,0.0,0.0,0.0,0.08,0.04
6,PE_only,-0.0329,0.05,0.15,0.45,0.7,0.65,0.75,0.85,0.0,0.0,0.0,0.1,0.04
6,PE_only,-0.03291,0.05,0.3,0.35,0.7,0.7,0.85,0.95,0.0,0.0,0.0,0.06,0.03
6,PE_only,-0.03291,0.05,0.3,0.35,0.7,0.75,0.85,0.95,0.0,0.0,0.0,0.12,0.03
6,PE_FED,-0.03291,0.1,0.2,0.3,0.7,0.7,0.8,0.85,-0.5,0.0,0.0,0.08,0.04
8,PE_PB,-0.03291,0.1,0.2,0.4,0.6,0.65,0.75,0.95,0.0,0.65,0.0,0.06,0.05
6,PE_only,-0.032919,0.05,0.15,0.4,0.65,0.65,0.8,0.9,0.0,0.0,0.0,0.12,0.03
8,PE_PB,-0.032924,0.15,0.2,0.4,0.65,0.65,0.8,0.95,0.0,0.6,0.0,0.08,0.03
8,PE_PB,-0.032924,0.15,0.2,0.4,0.65,0.7,0.8,0.95,0.0,0.6,0.0,0.06,0.03
8,PE_FED,-0.032924,0.15,0.2,0.4,0.5,0.75,0.85,0.95,-0.5,0.0,0.0,0.1,0.05
8,PE_PB_FED,-0.032928,0.1,0.25,0.3,0.7,0.7,0.8,0.85,0.0,0.55,0.8,0.1,0.04
6,PB_only,-0.032929,0.05,0.25,0.4,0.55,0.65,0.75,0.85,0.0,0.0,0.0,0.08,0.05
8,PE_PB_FED,-0.032931,0.05,0.15,0.35,0.65,0.65,0.8,0.9,-0.5,0.55,0.7,0.08,0.05
8,PE_PB_FED,-0.032936,0.1,0.2,0.3,0.55,0.75,0.8,0.9,0.0,0.6,0.8,0.06,0.05
6,PB_FED,-0.03294,0.05,0.2,0.45,0.5,0.65,0.8,0.95,0.0,0.0,0.0,0.12,0.05
6,PE_only,-0.032941,0.05,0.2,0.35,0.7,0.7,0.8,0.9,0.0,0.0,0.0,0.12,0.05
8,PE_FED,-0.032941,0.2,0.25,0.3,0.5,0.7,0.75,0.85,0.0,0.0,0.0,0.1,0.04
8,PB_only,-0.032943,0.2,0.3,0.45,0.5,0.75,0.8,0.95,0.0,0.0,0.0,0.12,0.03
8,PE_FED,-0.032946,0.05,0.25,0.3,0.5,0.75,0.8,0.85,0.0,0.0,0.0,0.08,0.03
8,PE_PB,-0.032947,0.05,0.2,0.4,0.65,0.75,0.8,0.9,0.0,0.65,0.0,0.12,0.04
8,PE_PB_FED,-0.03295,0.05,0.2,0.35,0.65,0.75,0.8,0.95,-0.5,0.5,0.8,0.08,0.03
8,PE_only,-0.032952,0.1,0.15,0.4,0.55,0.7,0.8,0.85,0.0,0.0,0.0,0.08,0.04
8,PE_FED,-0.032953,0.1,0.15,0.35,0.7,0.7,0.75,0.9,0.5,0.0,0.0,0.06,0.03
8,PE_PB,-0.032963,0.15,0.3,0.45,0.7,0.65,0.8,0.95,0.0,0.65,0.0,0.1,0.03
8,PE_only,-0.032964,0.1,0.25,0.45,0.6,0.7,0.75,0.85,0.0,0.0,0.0,0.1,0.04
6,PE_only,-0.032967,0.1,0.3,0.4,0.7,0.75,0.85,0.95,0.0,0.0,0.0,0.06,0.03
6,PE_only,-0.032967,0.1,0.3,0.4,0.7,0.7,0.85,0.95,0.0,0.0,0.0,0.08,0.03
6,PE_only,-0.032976,0.05,0.15,0.45,0.65,0.7,0.85,0.9,0.0,0.0,0.0,0.08,0.04
6,PB_only,-0.032982,0.15,0.3,0.35,0.5,0.7,0.75,0.85,0.0,0.0,0.0,0.08,0.05
8,PE_only,-0.032982,0.05,0.2,0.35,0.55,0.7,0.75,0.85,0.0,0.0,0.0,0.1,0.04
8,PE_only,-0.032983,0.05,0.25,0.45,0.6,0.65,0.75,0.85,0.0,0.0,0.0,0.06,0.05
8,PE_only,-0.032983,0.1,0.25,0.4,0.6,0.7,0.8,0.85,0.0,0.0,0.0,0.06,0.03
8,PE_PB_FED,-0.032984,0.05,0.25,0.45,0.6,0.65,0.75,0.95,0.0,0.55,0.8,0.06,0.05
8,PE_only,-0.032987,0.1,0.25,0.3,0.6,0.75,0.85,0.9,0.0,0.0,0.0,0.08,0.03
6,PE_only,-0.032988,0.05,0.2,0.3,0.7,0.7,0.75,0.85,0.0,0.0,0.0,0.08,0.03
6,PB_only,-0.03299,0.15,0.3,0.35,0.5,0.65,0.75,0.85,0.0,0.0,0.0,0.12,0.05
6,PE_FED,-0.032993,0.05,0.15,0.3,0.6,0.65,0.75,0.95,-0.5,0.0,0.0,0.1,0.05
6,PB_only,-0.033,0.15,0.3,0.4,0.5,0.75,0.8,0.85,0.0,0.0,0.0,0.12,0.03
8,PB_only,-0.033,0.05,0.3,0.45,0.5,0.65,0.85,0.9,0.0,0.0,0.0,0.12,0.04
8,PE_PB_FED,-0.033001,0.1,0.15,0.3,0.55,0.7,0.85,0.9,0.0,0.6,0.7,0.12,0.05
8,PE_PB,-0.033009,0.15,0.25,0.3,0.7,0.65,0.8,0.9,0.0,0.65,0.0,0.1,0.04
8,PE_PB_FED,-0.033012,0.15,0.2,0.45,0.6,0.65,0.75,0.9,0.0,0.5,0.75,0.06,0.03
8,PE_PB_FED,-0.033012,0.2,0.25,0.45,0.7,0.65,0.75,0.95,-0.5,0.6,0.75,0.1,0.05
8,PE_FED,-0.033013,0.05,0.2,0.4,0.5,0.65,0.85,0.95,-0.5,0.0,0.0,0.12,0.05
8,PE_only,-0.033015,0.05,0.15,0.3,0.55,0.7,0.85,0.9,0.0,0.0,0.0,0.06,0.05
8,PE_only,-0.033016,0.1,0.15,0.4,0.5,0.75,0.8,0.95,0.0,0.0,0.0,0.1,0.05
8,PE_FED,-0.033019,0.05,0.3,0.4,0.55,0.7,0.85,0.9,0.0,0.0,0.0,0.08,0.03
8,PE_PB_FED,-0.033027,0.05,0.2,0.4,0.65,0.7,0.75,0.9,0.0,0.5,0.7,0.1,0.05
8,PB_FED,-0.033028,0.2,0.25,0.4,0.65,0.7,0.85,0.9,0.5,0.0,0.0,0.12,0.05
6,PE_only,-0.03303,0.05,0.15,0.35,0.65,0.75,0.8,0.9,0.0,0.0,0.0,0.08,0.04
6,PE_FED,-0.03303,0.1,0.25,0.35,0.7,0.7,0.75,0.9,-0.5,0.0,0.0,0.1,0.04
8,PE_PB_FED,-0.033031,0.2,0.3,0.4,0.7,0.65,0.85,0.95,-0.5,0.65,0.8,0.08,0.05
8,PB_FED,-0.033032,0.15,0.3,0.45,0.65,0.7,0.8,0.85,0.5,0.0,0.0,0.06,0.03
8,PE_PB_FED,-0.033033,0.1,0.2,0.3,0.5,0.7,0.75,0.95,-0.5,0.65,0.75,0.1,0.03
8,PE_PB,-0.033036,0.1,0.15,0.35,0.7,0.7,0.75,0.9,0.0,0.55,0.0,0.1,0.03
8,PE_FED,-0.033036,0.05,0.2,0.3,0.5,0.65,0.75,0.85,-0.5,0.0,0.0,0.12,0.04
6,PE_FED,-0.033039,0.1,0.2,0.4,0.65,0.7,0.85,0.95,-0.5,0.0,0.0,0.08,0.04
6,PE_only,-0.03304,0.1,0.15,0.35,0.65,0.75,0.8,0.9,0.0,0.0,0.0,0.08,0.03
8,PE_PB,-0.03304,0.1,0.25,0.4,0.7,0.65,0.75,0.9,0.0,0.65,0.0,0.1,0.04
8,PE_PB_FED,-0.033044,0.05,0.2,0.3,0.55,0.7,0.8,0.9,0.0,0.6,0.7,0.1,0.05
6,PB_only,-0.033046,0.15,0.2,0.4,0.5,0.75,0.85,0.95,0.0,0.0,0.0,0.1,0.04
8,PE_only,-0.033048,0.05,0.2,0.4,0.55,0.7,0.75,0.85,0.0,0.0,0.0,0.06,0.03
6,PE_only,-0.033057,0.15,0.3,0.4,0.7,0.7,0.8,0.95,0.0,0.0,0.0,0.1,0.03
8,PE_FED,-0.033058,0.1,0.2,0.45,0.55,0.7,0.85,0.9,-0.5,0.0,0.0,0.06,0.05
6,PE_only,-0.033062,0.2,0.25,0.3,0.7,0.75,0.8,0.95,0.0,0.0,0.0,0.08,0.04
8,PE_FED,-0.033064,0.2,0.25,0.45,0.55,0.7,0.8,0.9,-0.5,0.0,0.0,0.06,0.04
8,PE_PB,-0.033066,0.05,0.25,0.4,0.65,0.75,0.8,0.95,0.0,0.65,0.0,0.08,0.05
8,PE_only,-0.033067,0.1,0.3,0.35,0.6,0.75,0.8,0.9,0.0,0.0,0.0,0.1,0.03
6,PB_only,-0.033069,0.15,0.2,0.45,0.5,0.7,0.85,0.9,0.0,0.0,0.0,0.12,0.05
6,PE_only,-0.033071,0.15,0.2,0.4,0.7,0.7,0.75,0.85,0.0,0.0,0.0,0.12,0.04
8,PB_FED,-0.033077,0.15,0.3,0.35,0.65,0.75,0.8,0.95,0.5,0.0,0.0,0.12,0.05
6,PE_only,-0.03308,0.05,0.25,0.45,0.7,0.75,0.8,0.95,0.0,0.0,0.0,0.12,0.05
8,PE_only,-0.033081,0.15,0.25,0.35,0.6,0.65,0.8,0.85,0.0,0.0,0.0,0.08,0.05
8,PB_FED,-0.033081,0.15,0.2,0.45,0.5,0.7,0.75,0.95,0.5,0.0,0.0,0.1,0.03
6,PE_only,-0.033082,0.05,0.15,0.45,0.7,0.65,0.8,0.85,0.0,0.0,0.0,0.08,0.03
8,PE_only,-0.033087,0.05,0.25,0.4,0.6,0.7,0.8,0.85,0.0,0.0,0.0,0.12,0.05
6,PE_FED,-0.033088,0.15,0.25,0.3,0.65,0.7,0.75,0.95,-0.5,0.0,0.0,0.1,0.05
8,PE_PB_FED,-0.033089,0.05,0.2,0.45,0.65,0.65,0.85,0.95,-0.5,0.6,0.8,0.08,0.04
8,PE_PB,-0.03309,0.1,0.15,0.45,0.6,0.65,0.85,0.95,0.0,0.65,0.0,0.12,0.03
6,PE_only,-0.033091,0.1,0.2,0.35,0.7,0.75,0.8,0.9,0.0,0.0,0.0,0.06,0.05
6,PE_only,-0.033091,0.1,0.2,0.35,0.7,0.7,0.8,0.9,0.0,0.0,0.0,0.08,0.05
8,PE_PB_FED,-0.033093,0.1,0.15,0.4,0.7,0.7,0.85,0.9,-0.5,0.55,0.7,0.08,0.05
8,PE_PB_FED,-0.033094,0.1,0.2,0.4,0.5,0.65,0.8,0.9,0.0,0.65,0.8,0.1,0.03
6,PE_only,-0.033101,0.05,0.25,0.35,0.7,0.7,0.75,0.9,0.0,0.0,0.0,0.12,0.04
8,PE_FED,-0.033103,0.15,0.3,0.45,0.6,0.65,0.85,0.9,-0.5,0.0,0.0,0.12,0.05
6,PE_only,-0.033105,0.05,0.2,0.3,0.7,0.65,0.75,0.85,0.0,0.0,0.0,0.1,0.04
8,PE_only,-0.033105,0.2,0.3,0.35,0.6,0.75,0.85,0.95,0.0,0.0,0.0,0.1,0.03
8,PE_FED,-0.033105,0.1,0.15,0.3,0.6,0.7,0.8,0.95,0.5,0.0,0.0,0.06,0.03
6,PE_only,-0.033107,0.05,0.2,0.3,0.65,0.65,0.8,0.95,0.0,0.0,0.0,0.06,0.04
6,PE_only,-0.033107,0.05,0.2,0.3,0.65,0.65,0.8,0.95,0.0,0.0,0.0,0.08,0.04
6,PE_only,-0.033108,0.2,0.25,0.3,0.7,0.7,0.8,0.95,0.0,0.0,0.0,0.08,0.05
6,PE_only,-0.033111,0.15,0.2,0.3,0.7,0.7,0.8,0.85,0.0,0.0,0.0,0.06,0.04
6,PE_FED,-0.033113,0.05,0.2,0.4,0.65,0.7,0.85,0.95,-0.5,0.0,0.0,0.1,0.04
8,PE_only,-0.033114,0.05,0.15,0.45,0.55,0.7,0.8,0.85,0.0,0.0,0.0,0.06,0.04
8,PE_only,-0.033114,0.05,0.15,0.45,0.55,0.75,0.8,0.85,0.0,0.0,0.0,0.1,0.04
8,PE_PB_FED,-0.033116,0.15,0.25,0.45,0.65,0.7,0.8,0.9,0.0,0.55,0.75,0.08,0.03
6,PE_only,-0.033117,0.15,0.3,0.35,0.7,0.65,0.85,0.95,0.0,0.0,0.0,0.08,0.03
8,PE_only,-0.033123,0.1,0.15,0.45,0.5,0.65,0.75,0.95,0.0,0.0,0.0,0.12,0.04
8,PE_only,-0.033123,0.1,0.15,0.45,0.5,0.65,0.75,0.95,0.0,0.0,0.0,0.08,0.04
6,PE_only,-0.033131,0.05,0.15,0.4,0.65,0.7,0.8,0.9,0.0,0.0,0.0,0.1,0.04
6,PB_only,-0.033131,0.1,0.2,0.4,0.5,0.7,0.85,0.95,0.0,0.0,0.0,0.1,0.04
6,PB_only,-0.033131,0.1,0.2,0.4,0.5,0.75,0.85,0.95,0.0,0.0,0.0,0.12,0.04
8,PB_FED,-0.033133,0.1,0.25,0.35,0.55,0.75,0.8,0.85,0.5,0.0,0.0,0.08,0.04
6,PE_only,-0.033134,0.1,0.15,0.4,0.55,0.7,0.75,0.95,0.0,0.0,0.0,0.12,0.03
8,PE_PB_FED,-0.033134,0.05,0.3,0.4,0.7,0.65,0.8,0.95,0.0,0.55,0.7,0.08,0.05
8,PE_FED,-0.033136,0.05,0.15,0.3,0.7,0.65,0.75,0.9,0.5,0.0,0.0,0.1,0.03
6,PE_only,-0.033138,0.1,0.15,0.4,0.65,0.65,0.8,0.9,0.0,0.0,0.0,0.06,0.03
6,PB_only,-0.033139,0.05,0.2,0.45,0.5,0.65,0.85,0.9,0.0,0.0,0.0,0.12,0.05
6,PB_FED,-0.033139,0.05,0.25,0.4,0.55,0.7,0.85,0.9,0.0,0.0,0.0,0.08,0.05
6,PE_only,-0.03314,0.15,0.25,0.45,0.7,0.7,0.85,0.9,0.0,0.0,0.0,0.12,0.03
6,PB_only,-0.033141,0.05,0.25,0.4,0.5,0.75,0.8,0.95,0.0,0.0,0.0,0.06,0.04
8,PB_FED,-0.033142,0.1,0.2,0.35,0.55,0.65,0.85,0.95,0.5,0.0,0.0,0.1,0.03
8,PB_FED,-0.033143,0.05,0.3,0.4,0.65,0.7,0.8,0.85,0.5,0.0,0.0,0.06,0.03
6,PB_only,-0.033144,0.1,0.25,0.45,0.5,0.7,0.8,0.95,0.0,0.0,0.0,0.1,0.03
6,PE_only,-0.033152,0.05,0.2,0.3,0.65,0.65,0.8,0.95,0.0,0.0,0.0,0.08,0.05
8,PE_only,-0.033153,0.05,0.25,0.35,0.55,0.7,0.75,0.9,0.0,0.0,0.0,0.12,0.04
6,PE_FED,-0.033156,0.05,0.2,0.4,0.65,0.75,0.85,0.95,-0.5,0.0,0.0,0.06,0.05
8,PE_PB,-0.03316,0.1,0.2,0.35,0.7,0.7,0.8,0.95,0.0,0.55,0.0,0.1,0.03
8,PE_PB,-0.033161,0.05,0.25,0.45,0.7,0.75,0.85,0.95,0.0,0.65,0.0,0.08,0.05
8,PE_FED,-0.033161,0.2,0.25,0.35,0.55,0.75,0.8,0.9,-0.5,0.0,0.0,0.08,0.05
6,PB_only,-0.033164,0.1,0.3,0.35,0.5,0.65,0.75,0.85,0.0,0.0,0.0,0.08,0.05
6,PE_only,-0.033169,0.05,0.15,0.4,0.55,0.7,0.8,0.95,0.0,0.0,0.0,0.08,0.03
6,PE_only,-0.033172,0.2,0.25,0.45,0.7,0.7,0.8,0.95,0.0,0.0,0.0,0.1,0.03
6,PB_FED,-0.033179,0.2,0.3,0.4,0.55,0.65,0.8,0.9,0.0,0.0,0.0,0.12,0.04
6,PE_only,-0.033182,0.05,0.2,0.3,0.7,0.65,0.8,0.9,0.0,0.0,0.0,0.06,0.05
8,PE_PB,-0.033183,0.05,0.2,0.4,0.7,0.65,0.8,0.9,0.0,0.6,0.0,0.12,0.03
8,PE_only,-0.033189,0.05,0.2,0.3,0.55,0.65,0.75,0.85,0.0,0.0,0.0,0.12,0.05
8,PE_only,-0.033189,0.05,0.2,0.4,0.5,0.65,0.8,0.95,0.0,0.0,0.0,0.12,0.03
8,PE_only,-0.03319,0.1,0.25,0.3,0.55,0.75,0.85,0.95,0.0,0.0,0.0,0.1,0.03
8,PE_only,-0.033192,0.15,0.3,0.45,0.65,0.65,0.85,0.9,0.0,0.0,0.0,0.12,0.05
8,PE_PB,-0.033195,0.15,0.2,0.45,0.7,0.75,0.85,0.9,0.0,0.65,0.0,0.06,0.04
6,PE_FED,-0.033197,0.05,0.3,0.35,0.7,0.7,0.75,0.95,-0.5,0.0,0.0,0.06,0.03
8,PE_only,-0.0332,0.15,0.2,0.3,0.55,0.65,0.8,0.9,0.0,0.0,0.0,0.08,0.05
6,PB_only,-0.033207,0.1,0.25,0.4,0.5,0.7,0.8,0.95,0.0,0.0,0.0,0.1,0.05
6,PE_FED,-0.033209,0.15,0.2,0.3,0.65,0.65,0.8,0.9,-0.5,0.0,0.0,0.06,0.04
8,PE_FED,-0.03321,0.2,0.3,0.35,0.55,0.65,0.85,0.9,0.0,0.0,0.0,0.12,0.03
8,PE_PB,-0.033213,0.1,0.2,0.4,0.7,0.7,0.8,0.85,0.0,0.65,0.0,0.06,0.05
6,PB_only,-0.033223,0.05,0.3,0.4,0.6,0.75,0.85,0.9,0.0,0.0,0.0,0.12,0.03
8,PE_FED,-0.033229,0.2,0.25,0.3,0.55,0.65,0.75,0.85,-0.5,0.0,0.0,0.08,0.05
8,PE_PB_FED,-0.033231,0.1,0.2,0.4,0.7,0.7,0.75,0.9,-0.5,0.5,0.7,0.1,0.03
6,PE_only,-0.033235,0.1,0.2,0.45,0.7,0.65,0.85,0.9,0.0,0.0,0.0,0.08,0.05
6,PE_FED,-0.033235,0.15,0.25,0.35,0.7,0.7,0.8,0.9,-0.5,0.0,0.0,0.06,0.04
6,PB_only,-0.033238,0.2,0.3,0.35,0.5,0.75,0.8,0.85,0.0,0.0,0.0,0.1,0.03
8,PE_only,-0.03324,0.2,0.25,0.35,0.6,0.75,0.8,0.9,0.0,0.0,0.0,0.08,0.05
6,PB_only,-0.033244,0.15,0.3,0.35,0.5,0.7,0.85,0.9,0.0,0.0,0.0,0.12,0.03
8,PE_only,-0.033244,0.05,0.15,0.45,0.5,0.7,0.8,0.95,0.0,0.0,0.0,0.06,0.05
8,PB_FED,-0.033244,0.1,0.3,0.35,0.6,0.75,0.8,0.95,0.5,0.0,0.0,0.08,0.03
8,PE_PB,-0.03325,0.15,0.2,0.45,0.65,0.75,0.8,0.9,0.0,0.65,0.0,0.08,0.03
8,PE_PB_FED,-0.033251,0.2,0.25,0.3,0.7,0.65,0.75,0.9,0.0,0.5,0.8,0.12,0.03
6,PE_only,-0.033255,0.05,0.15,0.3,0.65,0.65,0.75,0.85,0.0,0.0,0.0,0.12,0.04
6,PE_FED,-0.033259,0.2,0.25,0.45,0.7,0.65,0.8,0.95,-0.5,0.0,0.0,0.1,0.04
6,PB_only,-0.033259,0.1,0.2,0.45,0.6,0.65,0.85,0.95,0.0,0.0,0.0,0.1,0.04
8,PE_PB,-0.033259,0.1,0.25,0.45,0.7,0.75,0.8,0.9,0.0,0.65,0.0,0.06,0.03
6,PE_only,-0.033263,0.05,0.2,0.35,0.7,0.7,0.75,0.85,0.0,0.0,0.0,0.1,0.05
8,PE_only,-0.033264,0.05,0.15,0.3,0.5,0.75,0.8,0.9,0.0,0.0,0.0,0.1,0.03
8,PE_only,-0.033264,0.05,0.15,0.3,0.5,0.65,0.8,0.9,0.0,0.0,0.0,0.12,0.03
8,PE_PB_FED,-0.033265,0.2,0.25,0.35,0.7,0.7,0.8,0.95,0.0,0.5,0.7,0.08,0.05
6,PE_only,-0.033269,0.05,0.25,0.3,0.7,0.75,0.8,0.9,0.0,0.0,0.0,0.06,0.04
8,PE_PB,-0.033271,0.15,0.2,0.45,0.7,0.75,0.85,0.95,0.0,0.6,0.0,0.1,0.03
6,PE_only,-0.033279,0.05,0.25,0.45,0.7,0.7,0.85,0.9,0.0,0.0,0.0,0.08,0.03
6,PE_only,-0.033282,0.2,0.25,0.4,0.7,0.75,0.8,0.95,0.0,0.0,0.0,0.1,0.05
6,PE_only,-0.033282,0.05,0.15,0.45,0.6,0.7,0.75,0.95,0.0,0.0,0.0,0.06,0.03
8,PE_only,-0.033292,0.15,0.2,0.45,0.55,0.7,0.75,0.9,0.0,0.0,0.0,0.06,0.05
6,PE_only,-0.033295,0.15,0.2,0.35,0.65,0.75,0.8,0.95,0.0,0.0,0.0,0.08,0.05
8,PE_PB_FED,-0.033295,0.15,0.3,0.35,0.6,0.7,0.75,0.9,0.0,0.6,0.8,0.12,0.04
8,PE_PB_FED,-0.033298,0.2,0.3,0.45,0.7,0.7,0.85,0.9,0.0,0.65,0.75,0.08,0.03
8,PB_FED,-0.033299,0.05,0.2,0.45,0.6,0.65,0.85,0.95,0.5,0.0,0.0,0.08,0.03
8,PE_PB_FED,-0.0333,0.15,0.2,0.4,0.7,0.75,0.85,0.95,-0.5,0.5,0.75,0.06,0.03
6,PB_FED,-0.033307,0.1,0.3,0.4,0.55,0.7,0.85,0.9,-0.5,0.0,0.0,0.1,0.04
8,PE_only,-0.033307,0.05,0.2,0.35,0.55,0.65,0.8,0.85,0.0,0.0,0.0,0.12,0.03
6,PE_FED,-0.033308,0.2,0.25,0.3,0.65,0.7,0.8,0.95,-0.5,0.0,0.0,0.08,0.03
8,PE_PB,-0.033308,0.15,0.3,0.35,0.7,0.65,0.8,0.95,0.0,0.65,0.0,0.06,0.05
8,PE_PB_FED,-0.033308,0.15,0.25,0.4,0.65,0.75,0.8,0.95,0.0,0.5,0.7,0.08,0.05
8,PE_only,-0.033311,0.15,0.3,0.35,0.55,0.65,0.8,0.95,0.0,0.0,0.0,0.12,0.03
8,PE_PB_FED,-0.033311,0.05,0.25,0.3,0.55,0.65,0.85,0.95,0.0,0.6,0.8,0.06,0.03
6,PE_PB,-0.033319,0.1,0.15,0.3,0.7,0.7,0.75,0.95,0.0,0.55,0.0,0.08,0.03
6,PB_FED,-0.033319,0.15,0.25,0.3,0.5,0.65,0.85,0.95,-0.5,0.0,0.0,0.08,0.03
8,PE_only,-0.033326,0.1,0.2,0.35,0.55,0.7,0.75,0.85,0.0,0.0,0.0,0.08,0.03
8,PE_only,-0.033327,0.1,0.25,0.45,0.55,0.7,0.8,0.95,0.0,0.0,0.0,0.12,0.04
8,PE_only,-0.033327,0.1,0.25,0.45,0.55,0.75,0.8,0.95,0.0,0.0,0.0,0.12,0.04
8,PE_only,-0.033327,0.1,0.25,0.45,0.55,0.7,0.8,0.95,0.0,0.0,0.0,0.08,0.04
6,PE_only,-0.033328,0.1,0.2,0.4,0.65,0.65,0.75,0.95,0.0,0.0,0.0,0.12,0.04
6,PB_FED,-0.03333,0.1,0.3,0.35,0.6,0.65,0.85,0.95,0.0,0.0,0.0,0.12,0.04
8,PE_FED,-0.033333,0.2,0.25,0.3,0.5,0.65,0.8,0.9,0.0,0.0,0.0,0.06,0.05
6,PB_only,-0.033335,0.15,0.25,0.35,0.5,0.75,0.85,0.95,0.0,0.0,0.0,0.1,0.04
8,PB_FED,-0.033336,0.15,0.3,0.4,0.65,0.75,0.8,0.95,0.5,0.0,0.0,0.06,0.04
6,PE_only,-0.03334,0.1,0.2,0.45,0.65,0.7,0.85,0.95,0.0,0.0,0.0,0.08,0.03
8,PB_FED,-0.033341,0.15,0.3,0.45,0.65,0.65,0.75,0.85,0.5,0.0,0.0,0.08,0.05
8,PB_FED,-0.033342,0.05,0.25,0.35,0.55,0.65,0.75,0.95,0.5,0.0,0.0,0.08,0.04
8,PE_FED,-0.033345,0.2,0.3,0.45,0.6,0.7,0.85,0.9,-0.5,0.0,0.0,0.12,0.03
6,PE_FED,-0.033346,0.05,0.15,0.45,0.6,0.7,0.75,0.95,-0.5,0.0,0.0,0.12,0.03
8,PE_only,-0.033346,0.05,0.2,0.3,0.55,0.75,0.8,0.85,0.0,0.0,0.0,0.12,0.03
6,PE_FED,-0.03335,0.1,0.3,0.35,0.7,0.65,0.75,0.95,-0.5,0.0,0.0,0.12,0.03
6,PE_FED,-0.033353,0.15,0.2,0.35,0.65,0.7,0.85,0.95,0.0,0.0,0.0,0.12,0.04
8,PE_PB_FED,-0.033353,0.05,0.2,0.3,0.7,0.7,0.8,0.85,0.0,0.5,0.7,0.12,0.05
8,PE_only,-0.033356,0.1,0.15,0.3,0.5,0.75,0.85,0.95,0.0,0.0,0.0,0.06,0.03
6,PE_only,-0.033357,0.1,0.15,0.4,0.65,0.7,0.8,0.9,0.0,0.0,0.0,0.12,0.04
6,PE_only,-0.03336,0.1,0.3,0.35,0.7,0.65,0.85,0.95,0.0,0.0,0.0,0.1,0.03
8,PE_PB_FED,-0.033364,0.1,0.25,0.35,0.65,0.7,0.8,0.95,0.0,0.5,0.75,0.12,0.05
6,PB_only,-0.033365,0.1,0.25,0.4,0.5,0.75,0.85,0.9,0.0,0.0,0.0,0.12,0.05
6,PB_only,-0.033365,0.1,0.25,0.4,0.5,0.7,0.85,0.9,0.0,0.0,0.0,0.12,0.05
8,PE_only,-0.033367,0.1,0.25,0.35,0.55,0.75,0.85,0.95,0.0,0.0,0.0,0.08,0.03
8,PB_FED,-0.033368,0.1,0.25,0.45,0.6,0.65,0.8,0.95,0.5,0.0,0.0,0.08,0.05
8,PE_FED,-0.03337,0.05,0.3,0.4,0.55,0.7,0.85,0.95,-0.5,0.0,0.0,0.06,0.04
8,PE_FED,-0.033371,0.2,0.25,0.35,0.55,0.7,0.75,0.85,-0.5,0.0,0.0,0.1,0.05
8,PE_FED,-0.033374,0.1,0.3,0.45,0.5,0.7,0.75,0.9,0.0,0.0,0.0,0.06,0.04
6,PE_only,-0.033376,0.05,0.15,0.4,0.6,0.7,0.8,0.95,0.0,0.0,0.0,0.06,0.04
6,PE_only,-0.033376,0.05,0.15,0.4,0.6,0.65,0.8,0.95,0.0,0.0,0.0,0.12,0.04
6,PB_only,-0.033376,0.1,0.25,0.4,0.55,0.65,0.75,0.95,0.0,0.0,0.0,0.12,0.04
8,PE_FED,-0.033378,0.1,0.3,0.4,0.55,0.75,0.8,0.9,-0.5,0.0,0.0,0.1,0.04
6,PB_only,-0.033381,0.1,0.2,0.4,0.5,0.65,0.85,0.95,0.0,0.0,0.0,0.12,0.04
8,PE_only,-0.033382,0.1,0.3,0.35,0.6,0.7,0.75,0.9,0.0,0.0,0.0,0.1,0.05
6,PE_PB_FED,-0.033388,0.05,0.2,0.4,0.7,0.7,0.8,0.95,-0.5,0.65,0.8,0.1,0.03
8,PE_only,-0.033389,0.2,0.25,0.3,0.55,0.65,0.8,0.95,0.0,0.0,0.0,0.08,0.05
8,PB_FED,-0.033389,0.05,0.2,0.45,0.5,0.65,0.75,0.85,0.5,0.0,0.0,0.12,0.03
6,PE_only,-0.033391,0.05,0.2,0.3,0.65,0.7,0.75,0.9,0.0,0.0,0.0,0.1,0.03
8,PE_PB_FED,-0.033391,0.05,0.15,0.45,0.5,0.75,0.8,0.95,0.0,0.55,0.7,0.1,0.04
8,PE_FED,-0.033392,0.2,0.25,0.35,0.5,0.65,0.75,0.95,-0.5,0.0,0.0,0.12,0.05
8,PE_only,-0.033402,0.1,0.25,0.45,0.55,0.7,0.8,0.95,0.0,0.0,0.0,0.06,0.05
8,PE_FED,-0.033403,0.05,0.3,0.4,0.55,0.7,0.75,0.9,-0.5,0.0,0.0,0.08,0.05
8,PB_FED,-0.033403,0.2,0.3,0.4,0.65,0.65,0.85,0.9,0.5,0.0,0.0,0.1,0.03
8,PB_FED,-0.033405,0.15,0.2,0.45,0.6,0.75,0.85,0.95,0.5,0.0,0.0,0.1,0.05
6,PE_only,-0.033407,0.1,0.15,0.45,0.65,0.7,0.85,0.9,0.0,0.0,0.0,0.12,0.03
6,PB_FED,-0.033408,0.05,0.3,0.35,0.55,0.75,0.8,0.85,-0.5,0.0,0.0,0.06,0.05
8,PE_PB,-0.033408,0.1,0.2,0.4,0.65,0.65,0.75,0.85,0.0,0.65,0.0,0.08,0.03
6,PB_FED,-0.033412,0.2,0.25,0.45,0.5,0.65,0.75,0.95,0.0,0.0,0.0,0.1,0.03
6,PE_only,-0.033414,0.1,0.2,0.35,0.65,0.75,0.8,0.95,0.0,0.0,0.0,0.08,0.04
8,PE_only,-0.033414,0.15,0.3,0.4,0.55,0.75,0.8,0.95,0.0,0.0,0.0,0.08,0.03
6,PE_only,-0.033419,0.05,0.15,0.4,0.6,0.65,0.8,0.95,0.0,0.0,0.0,0.08,0.05
8,PE_only,-0.03342,0.1,0.15,0.45,0.55,0.65,0.8,0.85,0.0,0.0,0.0,0.12,0.04
6,PE_FED,-0.033421,0.1,0.3,0.35,0.7,0.7,0.75,0.95,-0.5,0.0,0.0,0.1,0.05
8,PE_PB,-0.033422,0.1,0.15,0.35,0.7,0.75,0.8,0.9,0.0,0.55,0.0,0.08,0.03
8,PE_PB,-0.033424,0.1,0.15,0.35,0.6,0.75,0.8,0.95,0.0,0.6,0.0,0.1,0.04
8,PE_PB_FED,-0.033426,0.1,0.2,0.45,0.55,0.7,0.75,0.95,0.0,0.5,0.7,0.12,0.05
6,PE_only,-0.033431,0.15,0.3,0.35,0.7,0.7,0.8,0.95,0.0,0.0,0.0,0.06,0.04
8,PE_PB_FED,-0.033431,0.05,0.3,0.45,0.7,0.7,0.8,0.95,0.0,0.55,0.75,0.1,0.05
6,PB_FED,-0.033436,0.1,0.3,0.4,0.55,0.75,0.8,0.95,-0.5,0.0,0.0,0.1,0.05
6,PE_only,-0.033443,0.05,0.15,0.4,0.55,0.7,0.75,0.95,0.0,0.0,0.0,0.06,0.05
6,PE_only,-0.033443,0.05,0.15,0.4,0.55,0.65,0.75,0.95,0.0,0.0,0.0,0.06,0.05
6,PE_only,-0.033445,0.05,0.25,0.3,0.7,0.65,0.8,0.9,0.0,0.0,0.0,0.06,0.03
6,PB_only,-0.033446,0.05,0.3,0.35,0.5,0.7,0.75,0.95,0.0,0.0,0.0,0.1,0.05
6,PE_only,-0.033449,0.05,0.15,0.35,0.65,0.65,0.75,0.85,0.0,0.0,0.0,0.08,0.03
6,PE_only,-0.033449,0.15,0.2,0.3,0.65,0.75,0.85,0.9,0.0,0.0,0.0,0.12,0.04
6,PE_FED,-0.033453,0.1,0.2,0.35,0.6,0.7,0.75,0.95,0.0,0.0,0.0,0.1,0.04
8,PE_PB_FED,-0.033453,0.2,0.25,0.3,0.55,0.75,0.8,0.9,0.0,0.65,0.75,0.06,0.04
8,PE_FED,-0.033454,0.05,0.25,0.45,0.5,0.7,0.8,0.9,0.0,0.0,0.0,0.1,0.05
8,PE_only,-0.033464,0.1,0.3,0.4,0.6,0.65,0.8,0.9,0.0,0.0,0.0,0.12,0.04
6,PE_only,-0.033468,0.05,0.2,0.3,0.6,0.7,0.75,0.95,0.0,0.0,0.0,0.12,0.03
8,PE_FED,-0.033468,0.15,0.2,0.35,0.5,0.65,0.8,0.9,-0.5,0.0,0.0,0.06,0.05
6,PE_only,-0.033472,0.05,0.25,0.4,0.7,0.7,0.8,0.9,0.0,0.0,0.0,0.06,0.04
8,PE_PB,-0.033472,0.05,0.2,0.3,0.65,0.65,0.8,0.85,0.0,0.65,0.0,0.08,0.04
8,PE_PB_FED,-0.033474,0.1,0.15,0.3,0.7,0.7,0.75,0.85,-0.5,0.5,0.8,0.08,0.05
8,PE_only,-0.033478,0.05,0.25,0.3,0.55,0.65,0.85,0.95,0.0,0.0,0.0,0.12,0.04
8,PE_PB_FED,-0.033478,0.2,0.25,0.3,0.55,0.7,0.8,0.95,0.0,0.6,0.75,0.06,0.05
8,PE_PB,-0.033479,0.1,0.15,0.3,0.6,0.65,0.75,0.95,0.0,0.55,0.0,0.08,0.03
8,PE_PB_FED,-0.033479,0.05,0.3,0.45,0.7,0.7,0.75,0.9,0.0,0.55,0.8,0.1,0.03
8,PE_only,-0.033481,0.05,0.15,0.45,0.55,0.65,0.8,0.85,0.0,0.0,0.0,0.06,0.05
6,PE_only,-0.033482,0.05,0.25,0.3,0.65,0.65,0.85,0.95,0.0,0.0,0.0,0.1,0.03
6,PE_only,-0.033486,0.05,0.15,0.3,0.55,0.65,0.8,0.95,0.0,0.0,0.0,0.06,0.05
6,PE_only,-0.033486,0.05,0.2,0.35,0.7,0.7,0.8,0.85,0.0,0.0,0.0,0.06,0.05
8,PB_FED,-0.033487,0.05,0.3,0.45,0.7,0.65,0.8,0.95,0.5,0.0,0.0,0.06,0.03
8,PE_FED,-0.033492,0.05,0.3,0.4,0.55,0.75,0.8,0.9,-0.5,0.0,0.0,0.08,0.04
8,PE_only,-0.033494,0.05,0.2,0.4,0.55,0.65,0.75,0.85,0.0,0.0,0.0,0.12,0.05
6,PE_only,-0.033495,0.1,0.15,0.45,0.6,0.65,0.75,0.95,0.0,0.0,0.0,0.08,0.03
6,PE_only,-0.033495,0.1,0.15,0.45,0.65,0.65,0.85,0.9,0.0,0.0,0.0,0.06,0.03
6,PE_only,-0.033496,0.05,0.2,0.35,0.7,0.75,0.8,0.85,0.0,0.0,0.0,0.06,0.05
6,PE_only,-0.033498,0.05,0.2,0.35,0.7,0.65,0.8,0.85,0.0,0.0,0.0,0.12,0.04
8,PE_PB,-0.033498,0.05,0.2,0.45,0.7,0.65,0.8,0.95,0.0,0.55,0.0,0.12,0.03
6,PE_FED,-0.033499,0.05,0.2,0.3,0.65,0.65,0.85,0.95,0.0,0.0,0.0,0.1,0.04
8,PE_only,-0.033501,0.05,0.25,0.35,0.6,0.75,0.85,0.9,0.0,0.0,0.0,0.08,0.05
8,PB_FED,-0.033506,0.15,0.2,0.35,0.5,0.65,0.8,0.85,0.5,0.0,0.0,0.12,0.04
6,PB_FED,-0.033507,0.05,0.2,0.45,0.5,0.75,0.85,0.95,-0.5,0.0,0.0,0.1,0.03
6,PE_FED,-0.03351,0.2,0.25,0.45,0.7,0.7,0.85,0.95,-0.5,0.0,0.0,0.06,0.04
6,PE_only,-0.033517,0.1,0.15,0.45,0.65,0.7,0.75,0.9,0.0,0.0,0.0,0.08,0.04
6,PB_only,-0.033517,0.15,0.3,0.35,0.55,0.7,0.75,0.95,0.0,0.0,0.0,0.08,0.03
8,PE_only,-0.033521,0.05,0.3,0.45,0.6,0.75,0.85,0.95,0.0,0.0,0.0,0.06,0.04
8,PE_only,-0.033521,0.2,0.3,0.35,0.65,0.65,0.85,0.9,0.0,0.0,0.0,0.08,0.05
6,PE_FED,-0.033524,0.05,0.25,0.3,0.65,0.65,0.8,0.95,-0.5,0.0,0.0,0.06,0.05
6,PB_FED,-0.033526,0.05,0.25,0.35,0.5,0.75,0.8,0.95,-0.5,0.0,0.0,0.1,0.03
6,PB_FED,-0.033529,0.2,0.3,0.45,0.55,0.75,0.85,0.9,0.0,0.0,0.0,0.12,0.03
8,PE_PB_FED,-0.03353,0.15,0.2,0.3,0.5,0.7,0.85,0.95,0.0,0.65,0.7,0.08,0.05
6,PB_only,-0.033533,0.1,0.3,0.4,0.5,0.7,0.75,0.9,0.0,0.0,0.0,0.08,0.05
6,PE_only,-0.033535,0.05,0.25,0.3,0.65,0.65,0.75,0.95,0.0,0.0,0.0,0.08,0.03
8,PE_only,-0.033535,0.2,0.25,0.35,0.55,0.75,0.8,0.95,0.0,0.0,0.0,0.08,0.05
8,PE_PB,-0.033537,0.05,0.25,0.4,0.7,0.7,0.8,0.85,0.0,0.65,0.0,0.1,0.03
8,PE_only,-0.033538,0.1,0.15,0.3,0.55,0.75,0.85,0.9,0.0,0.0,0.0,0.12,0.05
6,PE_only,-0.03354,0.05,0.2,0.35,0.65,0.65,0.75,0.9,0.0,0.0,0.0,0.1,0.03
6,PE_FED,-0.033544,0.05,0.15,0.35,0.65,0.65,0.75,0.85,-0.5,0.0,0.0,0.1,0.03
6,PE_FED,-0.033545,0.1,0.2,0.45,0.65,0.65,0.85,0.95,-0.5,0.0,0.0,0.1,0.05
8,PE_PB_FED,-0.033545,0.05,0.2,0.4,0.7,0.7,0.75,0.85,-0.5,0.55,0.8,0.06,0.05
6,PE_only,-0.033547,0.15,0.2,0.45,0.7,0.7,0.75,0.85,0.0,0.0,0.0,0.1,0.04
8,PE_FED,-0.033551,0.15,0.3,0.45,0.5,0.65,0.85,0.95,0.0,0.0,0.0,0.12,0.03
6,PB_only,-0.033553,0.2,0.3,0.4,0.5,0.65,0.75,0.9,0.0,0.0,0.0,0.1,0.04
6,PB_FED,-0.033557,0.15,0.25,0.35,0.5,0.75,0.85,0.95,0.0,0.0,0.0,0.08,0.03
8,PE_only,-0.033562,0.05,0.3,0.4,0.6,0.65,0.75,0.85,0.0,0.0,0.0,0.1,0.04
6,PE_FED,-0.033563,0.05,0.15,0.4,0.65,0.7,0.8,0.9,-0.5,0.0,0.0,0.06,0.05
6,PE_only,-0.033564,0.2,0.25,0.3,0.7,0.65,0.85,0.9,0.0,0.0,0.0,0.08,0.04
8,PE_FED,-0.033566,0.05,0.25,0.45,0.5,0.7,0.8,0.95,-0.5,0.0,0.0,0.08,0.04
8,PE_only,-0.033567,0.15,0.25,0.3,0.55,0.75,0.85,0.95,0.0,0.0,0.0,0.06,0.04
6,PB_FED,-0.033572,0.05,0.25,0.4,0.5,0.65,0.75,0.95,0.0,0.0,0.0,0.12,0.03
6,PE_only,-0.033573,0.05,0.15,0.35,0.65,0.7,0.8,0.9,0.0,0.0,0.0,0.12,0.05
6,PB_only,-0.033575,0.05,0.3,0.4,0.5,0.7,0.8,0.85,0.0,0.0,0.0,0.08,0.03
8,PE_only,-0.033576,0.2,0.25,0.45,0.6,0.7,0.75,0.85,0.0,0.0,0.0,0.12,0.04
6,PE_only,-0.033579,0.05,0.2,0.45,0.65,0.65,0.85,0.95,0.0,0.0,0.0,0.1,0.04
6,PE_FED,-0.033581,0.1,0.2,0.45,0.7,0.75,0.8,0.85,-0.5,0.0,0.0,0.08,0.04
8,PE_PB,-0.033581,0.05,0.2,0.35,0.7,0.7,0.75,0.85,0.0,0.6,0.0,0.08,0.03
8,PE_PB_FED,-0.033581,0.1,0.15,0.4,0.6,0.65,0.8,0.9,-0.5,0.55,0.75,0.08,0.04
8,PB_FED,-0.033582,0.05,0.25,0.3,0.55,0.75,0.8,0.85,0.5,0.0,0.0,0.1,0.05
8,PE_PB_FED,-0.033585,0.05,0.3,0.35,0.6,0.75,0.85,0.95,0.0,0.65,0.7,0.08,0.04
6,PB_only,-0.033589,0.15,0.3,0.4,0.6,0.65,0.85,0.9,0.0,0.0,0.0,0.1,0.04
8,PB_only,-0.033589,0.15,0.3,0.45,0.5,0.7,0.85,0.95,0.0,0.0,0.0,0.06,0.04
8,PE_FED,-0.033592,0.1,0.25,0.45,0.5,0.7,0.8,0.95,-0.5,0.0,0.0,0.08,0.04
6,PE_only,-0.033595,0.1,0.25,0.3,0.65,0.7,0.85,0.95,0.0,0.0,0.0,0.06,0.03
6,PE_only,-0.033602,0.05,0.25,0.4,0.7,0.65,0.85,0.9,0.0,0.0,0.0,0.06,0.05
8,PE_PB_FED,-0.033604,0.05,0.2,0.35,0.5,0.65,0.8,0.95,-0.5,0.65,0.75,0.1,0.03
8,PE_PB_FED,-0.033605,0.2,0.25,0.3,0.6,0.65,0.85,0.9,0.0,0.65,0.75,0.06,0.03
8,PB_FED,-0.033608,0.2,0.3,0.35,0.6,0.7,0.75,0.95,0.5,0.0,0.0,0.12,0.04
8,PB_FED,-0.033608,0.05,0.15,0.45,0.5,0.7,0.8,0.85,0.5,0.0,0.0,0.06,0.03
6,PE_FED,-0.033612,0.1,0.15,0.3,0.65,0.65,0.85,0.9,-0.5,0.0,0.0,0.12,0.04
6,PB_only,-0.033612,0.2,0.25,0.4,0.5,0.65,0.85,0.9,0.0,0.0,0.0,0.06,0.04
6,PB_only,-0.033612,0.15,0.3,0.4,0.6,0.75,0.85,0.9,0.0,0.0,0.0,0.12,0.04
6,PE_FED,-0.033613,0.1,0.2,0.3,0.65,0.65,0.8,0.9,0.0,0.0,0.0,0.1,0.04
8,PB_FED,-0.033623,0.2,0.25,0.45,0.6,0.7,0.75,0.85,0.5,0.0,0.0,0.12,0.05
6,PB_only,-0.033631,0.1,0.3,0.35,0.6,0.75,0.85,0.95,0.0,0.0,0.0,0.08,0.03
8,PE_FED,-0.033631,0.2,0.3,0.35,0.55,0.75,0.8,0.9,-0.5,0.0,0.0,0.08,0.03
6,PB_only,-0.033632,0.05,0.25,0.45,0.5,0.75,0.8,0.85,0.0,0.0,0.0,0.12,0.05
6,PE_only,-0.033635,0.2,0.25,0.3,0.7,0.7,0.75,0.9,0.0,0.0,0.0,0.08,0.04
6,PE_only,-0.033635,0.2,0.25,0.3,0.7,0.7,0.75,0.9,0.0,0.0,0.0,0.12,0.04
8,PE_only,-0.033636,0.1,0.15,0.45,0.5,0.75,0.8,0.95,0.0,0.0,0.0,0.06,0.04
8,PE_only,-0.033636,0.15,0.2,0.4,0.5,0.65,0.75,0.95,0.0,0.0,0.0,0.12,0.05
6,PE_FED,-0.033637,0.05,0.25,0.45,0.7,0.7,0.75,0.9,-0.5,0.0,0.0,0.1,0.04
6,PE_only,-0.033639,0.05,0.25,0.3,0.65,0.65,0.8,0.95,0.0,0.0,0.0,0.12,0.03
6,PE_only,-0.033642,0.15,0.2,0.45,0.65,0.65,0.75,0.95,0.0,0.0,0.0,0.08,0.04
6,PB_only,-0.033642,0.15,0.25,0.45,0.5,0.7,0.8,0.95,0.0,0.0,0.0,0.12,0.05
8,PE_only,-0.033644,0.15,0.25,0.3,0.55,0.7,0.85,0.95,0.0,0.0,0.0,0.1,0.05
8,PE_only,-0.033646,0.2,0.25,0.4,0.6,0.7,0.8,0.85,0.0,0.0,0.0,0.1,0.03
8,PB_only,-0.033649,0.2,0.3,0.45,0.5,0.75,0.8,0.95,0.0,0.0,0.0,0.06,0.05
8,PE_PB,-0.033651,0.05,0.15,0.4,0.7,0.7,0.8,0.95,0.0,0.5,0.0,0.1,0.04
8,PB_FED,-0.033659,0.1,0.2,0.45,0.5,0.7,0.75,0.95,0.5,0.0,0.0,0.06,0.04
8,PE_PB,-0.03366,0.05,0.2,0.4,0.7,0.7,0.75,0.85,0.0,0.6,0.0,0.1,0.03
8,PE_PB,-0.033661,0.1,0.15,0.3,0.7,0.7,0.8,0.85,0.0,0.6,0.0,0.08,0.05
8,PE_PB,-0.033662,0.1,0.15,0.3,0.65,0.75,0.85,0.9,0.0,0.65,0.0,0.1,0.05
6,PE_FED,-0.033664,0.15,0.3,0.4,0.7,0.7,0.85,0.95,-0.5,0.0,0.0,0.08,0.03
6,PB_FED,-0.033664,0.2,0.25,0.3,0.5,0.7,0.85,0.9,-0.5,0.0,0.0,0.06,0.04
8,PE_only,-0.033664,0.15,0.2,0.35,0.55,0.65,0.8,0.85,0.0,0.0,0.0,0.08,0.04
6,PE_only,-0.033666,0.1,0.15,0.3,0.65,0.7,0.8,0.9,0.0,0.0,0.0,0.12,0.05
8,PB_only,-0.033676,0.2,0.3,0.45,0.5,0.75,0.85,0.95,0.0,0.0,0.0,0.08,0.03
8,PE_only,-0.033677,0.15,0.3,0.35,0.55,0.7,0.75,0.95,0.0,0.0,0.0,0.1,0.05
8,PE_only,-0.033683,0.05,0.2,0.35,0.55,0.7,0.8,0.85,0.0,0.0,0.0,0.08,0.04
8,PE_PB,-0.033683,0.05,0.15,0.35,0.55,0.7,0.85,0.95,0.0,0.65,0.0,0.1,0.03
6,PE_only,-0.033689,0.1,0.2,0.3,0.7,0.65,0.75,0.85,0.0,0.0,0.0,0.12,0.05
8,PE_PB_FED,-0.033689,0.1,0.2,0.4,0.55,0.7,0.8,0.85,0.0,0.6,0.75,0.06,0.04
6,PB_only,-0.033691,0.05,0.3,0.45,0.5,0.65,0.75,0.9,0.0,0.0,0.0,0.08,0.04
8,PE_PB,-0.033694,0.05,0.2,0.35,0.7,0.65,0.75,0.95,0.0,0.55,0.0,0.1,0.05
6,PE_PB,-0.033695,0.05,0.15,0.3,0.7,0.75,0.85,0.95,0.0,0.65,0.0,0.12,0.03
6,PB_FED,-0.033695,0.2,0.3,0.35,0.55,0.75,0.85,0.95,0.0,0.0,0.0,0.1,0.03
6,PE_only,-0.033696,0.1,0.3,0.35,0.7,0.65,0.85,0.95,0.0,0.0,0.0,0.06,0.04
6,PB_FED,-0.033696,0.15,0.25,0.45,0.5,0.75,0.85,0.9,-0.5,0.0,0.0,0.08,0.03
6,PE_only,-0.0337,0.1,0.15,0.4,0.55,0.65,0.75,0.95,0.0,0.0,0.0,0.12,0.05
8,PE_PB,-0.033702,0.15,0.2,0.45,0.65,0.7,0.75,0.9,0.0,0.65,0.0,0.08,0.05
6,PE_only,-0.033712,0.05,0.25,0.4,0.65,0.75,0.85,0.95,0.0,0.0,0.0,0.06,0.03
6,PB_only,-0.033712,0.05,0.2,0.45,0.5,0.7,0.85,0.95,0.0,0.0,0.0,0.08,0.04
8,PE_only,-0.033712,0.1,0.15,0.45,0.5,0.75,0.8,0.95,0.0,0.0,0.0,0.1,0.05
8,PE_only,-0.033713,0.15,0.2,0.35,0.55,0.75,0.8,0.85,0.0,0.0,0.0,0.08,0.03
6,PE_only,-0.033714,0.1,0.3,0.4,0.7,0.7,0.75,0.95,0.0,0.0,0.0,0.08,0.04
8,PB_FED,-0.033714,0.2,0.3,0.35,0.6,0.65,0.75,0.95,0.5,0.0,0.0,0.08,0.05
8,PE_PB,-0.033716,0.1,0.25,0.3,0.7,0.75,0.8,0.85,0.0,0.65,0.0,0.06,0.03
8,PE_PB,-0.033718,0.05,0.15,0.4,0.7,0.7,0.8,0.95,0.0,0.5,0.0,0.1,0.05
6,PB_FED,-0.03372,0.2,0.25,0.35,0.5,0.7,0.8,0.85,-0.5,0.0,0.0,0.12,0.05
6,PB_FED,-0.03372,0.05,0.25,0.3,0.5,0.65,0.85,0.9,0.0,0.0,0.0,0.12,0.04
8,PE_PB,-0.033722,0.1,0.3,0.4,0.7,0.75,0.85,0.95,0.0,0.65,0.0,0.1,0.03
6,PB_only,-0.033726,0.1,0.3,0.45,0.5,0.7,0.75,0.95,0.0,0.0,0.0,0.12,0.03
6,PE_FED,-0.033729,0.1,0.15,0.4,0.65,0.75,0.85,0.95,0.0,0.0,0.0,0.12,0.05
8,PE_only,-0.03373,0.05,0.25,0.35,0.55,0.7,0.85,0.95,0.0,0.0,0.0,0.08,0.05
8,PE_PB_FED,-0.033731,0.1,0.25,0.35,0.55,0.7,0.75,0.95,-0.5,0.6,0.75,0.1,0.03
6,PB_only,-0.033734,0.15,0.3,0.45,0.5,0.75,0.8,0.9,0.0,0.0,0.0,0.12,0.03
6,PE_only,-0.033735,0.15,0.25,0.3,0.7,0.75,0.8,0.9,0.0,0.0,0.0,0.08,0.05
6,PB_only,-0.033739,0.05,0.3,0.45,0.5,0.65,0.85,0.9,0.0,0.0,0.0,0.12,0.03
6,PB_only,-0.033739,0.1,0.2,0.45,0.5,0.7,0.85,0.95,0.0,0.0,0.0,0.12,0.04
8,PE_PB,-0.033739,0.1,0.2,0.4,0.55,0.7,0.75,0.95,0.0,0.65,0.0,0.12,0.03
8,PE_only,-0.03374,0.2,0.3,0.35,0.6,0.65,0.85,0.95,0.0,0.0,0.0,0.08,0.05
8,PE_FED,-0.033741,0.2,0.25,0.3,0.55,0.7,0.85,0.9,-0.5,0.0,0.0,0.08,0.04
8,PE_only,-0.033742,0.05,0.25,0.45,0.55,0.7,0.85,0.95,0.0,0.0,0.0,0.08,0.03
8,PE_only,-0.033745,0.2,0.3,0.4,0.6,0.65,0.8,0.9,0.0,0.0,0.0,0.06,0.03
8,PE_only,-0.03375,0.05,0.3,0.45,0.55,0.65,0.75,0.95,0.0,0.0,0.0,0.06,0.03
6,PE_only,-0.033753,0.05,0.15,0.45,0.6,0.65,0.75,0.95,0.0,0.0,0.0,0.08,0.04
8,PE_PB,-0.033755,0.1,0.15,0.45,0.6,0.7,0.75,0.95,0.0,0.6,0.0,0.06,0.05
8,PE_only,-0.033756,0.15,0.2,0.45,0.55,0.7,0.75,0.85,0.0,0.0,0.0,0.12,0.03
8,PE_only,-0.033758,0.15,0.25,0.45,0.55,0.75,0.85,0.95,0.0,0.0,0.0,0.12,0.03
8,PB_FED,-0.033759,0.15,0.25,0.45,0.55,0.75,0.8,0.9,0.5,0.0,0.0,0.06,0.03
6,PE_only,-0.033761,0.1,0.2,0.45,0.65,0.65,0.85,0.95,0.0,0.0,0.0,0.06,0.05
6,PE_only,-0.033763,0.2,0.3,0.4,0.7,0.7,0.75,0.95,0.0,0.0,0.0,0.12,0.03
6,PB_FED,-0.033764,0.05,0.3,0.35,0.55,0.7,0.85,0.95,-0.5,0.0,0.0,0.12,0.03
6,PE_only,-0.033768,0.2,0.3,0.4,0.7,0.75,0.8,0.95,0.0,0.0,0.0,0.08,0.03
8,PE_PB,-0.033773,0.2,0.25,0.3,0.7,0.7,0.8,0.9,0.0,0.65,0.0,0.12,0.04
6,PB_FED,-0.033775,0.15,0.25,0.35,0.5,0.7,0.85,0.9,-0.5,0.0,0.0,0.1,0.05
6,PB_FED,-0.033775,0.15,0.25,0.35,0.5,0.75,0.85,0.9,-0.5,0.0,0.0,0.08,0.05
6,PE_only,-0.033776,0.05,0.15,0.3,0.65,0.75,0.8,0.85,0.0,0.0,0.0,0.08,0.03
8,PE_only,-0.033778,0.15,0.2,0.3,0.5,0.75,0.8,0.95,0.0,0.0,0.0,0.06,0.04
8,PE_PB,-0.03378,0.1,0.3,0.45,0.7,0.7,0.8,0.95,0.0,0.65,0.0,0.06,0.04
8,PE_PB_FED,-0.033788,0.2,0.25,0.45,0.7,0.75,0.8,0.85,0.0,0.6,0.7,0.08,0.05
6,PE_only,-0.033789,0.05,0.3,0.45,0.7,0.7,0.75,0.95,0.0,0.0,0.0,0.08,0.03
6,PB_only,-0.03379,0.15,0.25,0.45,0.5,0.65,0.85,0.9,0.0,0.0,0.0,0.06,0.05
8,PB_FED,-0.033795,0.2,0.3,0.45,0.6,0.7,0.75,0.85,0.5,0.0,0.0,0.1,0.03
8,PE_PB,-0.033796,0.1,0.15,0.35,0.55,0.7,0.75,0.9,0.0,0.65,0.0,0.1,0.03
6,PE_only,-0.033797,0.05,0.15,0.4,0.55,0.65,0.8,0.95,0.0,0.0,0.0,0.1,0.05
8,PE_only,-0.033801,0.05,0.3,0.45,0.6,0.7,0.8,0.9,0.0,0.0,0.0,0.06,0.04
8,PE_only,-0.033802,0.1,0.15,0.3,0.5,0.75,0.8,0.9,0.0,0.0,0.0,0.08,0.03
6,PE_FED,-0.033805,0.2,0.25,0.3,0.7,0.7,0.75,0.9,-0.5,0.0,0.0,0.1,0.05
6,PB_only,-0.033812,0.15,0.25,0.45,0.5,0.7,0.85,0.9,0.0,0.0,0.0,0.1,0.05
8,PE_PB_FED,-0.033812,0.05,0.25,0.4,0.6,0.7,0.8,0.9,0.0,0.55,0.75,0.1,0.03
8,PB_FED,-0.033814,0.15,0.2,0.45,0.5,0.7,0.75,0.95,0.5,0.0,0.0,0.08,0.04
8,PE_only,-0.033817,0.1,0.15,0.45,0.55,0.7,0.85,0.9,0.0,0.0,0.0,0.06,0.03
8,PE_PB,-0.033817,0.2,0.3,0.35,0.7,0.7,0.75,0.95,0.0,0.65,0.0,0.1,0.05
6,PE_only,-0.033818,0.1,0.2,0.35,0.7,0.65,0.75,0.85,0.0,0.0,0.0,0.12,0.05
6,PE_FED,-0.033819,0.15,0.25,0.4,0.7,0.65,0.75,0.9,-0.5,0.0,0.0,0.1,0.05
6,PE_FED,-0.033819,0.1,0.15,0.35,0.6,0.75,0.85,0.95,-0.5,0.0,0.0,0.08,0.03
8,PE_PB_FED,-0.033824,0.1,0.25,0.3,0.6,0.65,0.75,0.9,-0.5,0.6,0.8,0.12,0.03
8,PE_PB_FED,-0.033825,0.1,0.25,0.3,0.7,0.65,0.75,0.85,-0.5,0.6,0.7,0.12,0.05
8,PB_FED,-0.033827,0.05,0.3,0.45,0.65,0.7,0.8,0.95,0.5,0.0,0.0,0.06,0.03
6,PB_FED,-0.033828,0.05,0.3,0.35,0.55,0.7,0.8,0.95,0.0,0.0,0.0,0.12,0.03
6,PB_FED,-0.033829,0.15,0.25,0.35,0.5,0.65,0.8,0.95,-0.5,0.0,0.0,0.06,0.04
6,PB_FED,-0.033831,0.05,0.25,0.4,0.5,0.7,0.8,0.85,0.0,0.0,0.0,0.08,0.04
8,PE_only,-0.033831,0.1,0.15,0.45,0.55,0.75,0.85,0.9,0.0,0.0,0.0,0.12,0.04
8,PE_PB_FED,-0.033831,0.1,0.25,0.45,0.65,0.65,0.8,0.95,0.0,0.5,0.75,0.08,0.04
8,PE_only,-0.033835,0.05,0.2,0.35,0.5,0.7,0.8,0.95,0.0,0.0,0.0,0.1,0.05
8,PE_only,-0.033836,0.05,0.2,0.45,0.5,0.75,0.8,0.95,0.0,0.0,0.0,0.12,0.03
8,PE_only,-0.033836,0.05,0.2,0.45,0.5,0.65,0.8,0.95,0.0,0.0,0.0,0.08,0.03
8,PE_PB,-0.033836,0.1,0.25,0.4,0.65,0.75,0.85,0.95,0.0,0.65,0.0,0.06,0.03
6,PE_only,-0.033839,0.1,0.2,0.3,0.6,0.7,0.8,0.95,0.0,0.0,0.0,0.1,0.03
6,PE_only,-0.033839,0.1,0.2,0.3,0.6,0.7,0.8,0.95,0.0,0.0,0.0,0.06,0.03
8,PE_PB_FED,-0.033841,0.2,0.25,0.45,0.65,0.75,0.85,0.9,0.0,0.65,0.7,0.08,0.05
8,PE_PB,-0.033846,0.1,0.3,0.35,0.7,0.65,0.85,0.95,0.0,0.65,0.0,0.08,0.03
8,PE_FED,-0.033847,0.05,0.15,0.45,0.5,0.7,0.8,0.85,-0.5,0.0,0.0,0.08,0.05
6,PE_only,-0.033851,0.05,0.2,0.35,0.6,0.75,0.8,0.95,0.0,0.0,0.0,0.12,0.03
8,PE_PB,-0.033851,0.1,0.3,0.4,0.7,0.7,0.75,0.9,0.0,0.65,0.0,0.06,0.03
8,PE_FED,-0.033851,0.2,0.3,0.45,0.55,0.75,0.85,0.95,-0.5,0.0,0.0,0.08,0.03
6,PB_only,-0.033858,0.1,0.25,0.45,0.5,0.7,0.85,0.95,0.0,0.0,0.0,0.06,0.03
6,PE_only,-0.033859,0.05,0.2,0.45,0.7,0.7,0.8,0.85,0.0,0.0,0.0,0.08,0.03
6,PE_FED,-0.033861,0.15,0.25,0.4,0.7,0.65,0.8,0.95,0.0,0.0,0.0,0.1,0.03
6,PE_only,-0.033862,0.05,0.2,0.3,0.65,0.7,0.85,0.9,0.0,0.0,0.0,0.06,0.05
8,PE_PB,-0.033862,0.2,0.25,0.4,0.7,0.75,0.8,0.95,0.0,0.6,0.0,0.06,0.03
8,PE_PB,-0.033863,0.15,0.2,0.35,0.55,0.65,0.8,0.95,0.0,0.65,0.0,0.1,0.03
6,PE_only,-0.033869,0.1,0.2,0.4,0.65,0.7,0.85,0.9,0.0,0.0,0.0,0.08,0.03
8,PE_only,-0.033869,0.1,0.25,0.45,0.55,0.65,0.75,0.9,0.0,0.0,0.0,0.12,0.03
8,PE_only,-0.033872,0.15,0.25,0.45,0.55,0.65,0.75,0.9,0.0,0.0,0.0,0.08,0.04
8,PE_PB,-0.033873,0.15,0.2,0.4,0.6,0.75,0.8,0.95,0.0,0.6,0.0,0.06,0.03
8,PE_PB_FED,-0.03388,0.1,0.3,0.45,0.7,0.75,0.85,0.95,-0.5,0.6,0.7,0.06,0.03
8,PE_only,-0.033881,0.1,0.3,0.45,0.55,0.7,0.75,0.95,0.0,0.0,0.0,0.1,0.03
6,PE_FED,-0.033882,0.1,0.2,0.4,0.6,0.7,0.75,0.95,-0.5,0.0,0.0,0.12,0.05
8,PE_only,-0.033882,0.05,0.2,0.45,0.55,0.65,0.8,0.9,0.0,0.0,0.0,0.12,0.05
8,PE_only,-0.033884,0.05,0.2,0.3,0.55,0.65,0.8,0.85,0.0,0.0,0.0,0.06,0.05
6,PB_only,-0.033887,0.05,0.25,0.45,0.5,0.7,0.85,0.95,0.0,0.0,0.0,0.06,0.03
8,PE_PB,-0.03389,0.2,0.25,0.35,0.7,0.75,0.8,0.9,0.0,0.65,0.0,0.1,0.04
6,PE_only,-0.033892,0.15,0.25,0.45,0.7,0.65,0.75,0.9,0.0,0.0,0.0,0.1,0.04
6,PB_only,-0.033896,0.05,0.25,0.4,0.5,0.75,0.85,0.95,0.0,0.0,0.0,0.1,0.04
6,PE_FED,-0.033898,0.2,0.25,0.45,0.65,0.75,0.8,0.95,-0.5,0.0,0.0,0.12,0.03
6,PE_FED,-0.0339,0.15,0.2,0.3,0.55,0.65,0.75,0.95,0.0,0.0,0.0,0.08,0.03
8,PE_PB_FED,-0.0339,0.1,0.25,0.45,0.65,0.65,0.85,0.9,-0.5,0.65,0.8,0.08,0.04
6,PE_only,-0.033903,0.15,0.3,0.35,0.7,0.65,0.8,0.95,0.0,0.0,0.0,0.12,0.05
8,PE_only,-0.033906,0.15,0.3,0.45,0.55,0.75,0.8,0.95,0.0,0.0,0.0,0.06,0.03
6,PB_only,-0.033908,0.15,0.3,0.4,0.55,0.7,0.75,0.95,0.0,0.0,0.0,0.08,0.03
8,PE_PB,-0.033909,0.15,0.25,0.4,0.7,0.75,0.85,0.9,0.0,0.65,0.0,0.08,0.03
6,PE_FED,-0.03391,0.05,0.2,0.4,0.65,0.7,0.8,0.9,0.0,0.0,0.0,0.06,0.03
8,PE_PB_FED,-0.033912,0.1,0.2,0.4,0.55,0.65,0.75,0.85,-0.5,0.65,0.7,0.08,0.03
6,PB_FED,-0.033914,0.05,0.25,0.35,0.5,0.75,0.8,0.85,-0.5,0.0,0.0,0.06,0.05
6,PE_FED,-0.033915,0.15,0.2,0.45,0.65,0.65,0.85,0.95,0.0,0.0,0.0,0.06,0.04
8,PE_PB,-0.033916,0.1,0.25,0.3,0.7,0.7,0.75,0.85,0.0,0.65,0.0,0.1,0.05
8,PB_FED,-0.033917,0.05,0.3,0.4,0.6,0.65,0.8,0.9,0.5,0.0,0.0,0.08,0.03
6,PE_only,-0.033922,0.15,0.3,0.4,0.7,0.65,0.8,0.95,0.0,0.0,0.0,0.06,0.04
8,PE_FED,-0.033922,0.1,0.3,0.4,0.5,0.7,0.85,0.95,0.0,0.0,0.0,0.1,0.04
8,PE_PB_FED,-0.033923,0.1,0.3,0.35,0.6,0.7,0.8,0.85,0.0,0.65,0.7,0.08,0.03
6,PE_only,-0.033929,0.1,0.15,0.35,0.55,0.65,0.8,0.95,0.0,0.0,0.0,0.1,0.05
6,PE_FED,-0.033932,0.05,0.2,0.4,0.6,0.7,0.75,0.95,-0.5,0.0,0.0,0.1,0.05
6,PB_only,-0.033935,0.05,0.3,0.4,0.5,0.65,0.75,0.95,0.0,0.0,0.0,0.06,0.05
8,PE_only,-0.033939,0.05,0.2,0.35,0.55,0.7,0.85,0.9,0.0,0.0,0.0,0.08,0.03
8,PE_FED,-0.033939,0.2,0.25,0.4,0.5,0.65,0.8,0.95,-0.5,0.0,0.0,0.1,0.04
8,PB_FED,-0.03394,0.15,0.3,0.35,0.6,0.7,0.8,0.9,0.5,0.0,0.0,0.06,0.05
8,PE_only,-0.033941,0.2,0.25,0.4,0.6,0.7,0.85,0.9,0.0,0.0,0.0,0.12,0.03
6,PE_only,-0.033942,0.15,0.2,0.4,0.6,0.75,0.8,0.95,0.0,0.0,0.0,0.1,0.03
6,PE_only,-0.033951,0.05,0.2,0.4,0.6,0.65,0.8,0.95,0.0,0.0,0.0,0.08,0.03
6,PE_only,-0.033951,0.05,0.2,0.4,0.6,0.65,0.8,0.95,0.0,0.0,0.0,0.12,0.03
8,PE_only,-0.033953,0.1,0.2,0.35,0.55,0.75,0.8,0.85,0.0,0.0,0.0,0.06,0.03
6,PE_only,-0.033954,0.05,0.15,0.45,0.55,0.65,0.75,0.95,0.0,0.0,0.0,0.06,0.04
6,PB_only,-0.033954,0.15,0.3,0.4,0.6,0.65,0.85,0.9,0.0,0.0,0.0,0.1,0.05
6,PB_only,-0.033955,0.05,0.3,0.4,0.6,0.7,0.85,0.9,0.0,0.0,0.0,0.06,0.04
8,PE_only,-0.033957,0.15,0.2,0.35,0.5,0.7,0.8,0.95,0.0,0.0,0.0,0.12,0.04
8,PE_only,-0.033958,0.1,0.3,0.45,0.6,0.7,0.75,0.9,0.0,0.0,0.0,0.12,0.05
6,PE_only,-0.033959,0.1,0.15,0.3,0.65,0.7,0.75,0.85,0.0,0.0,0.0,0.06,0.05
8,PE_only,-0.033969,0.05,0.2,0.4,0.5,0.7,0.8,0.95,0.0,0.0,0.0,0.06,0.05
8,PE_only,-0.033971,0.2,0.25,0.3,0.55,0.75,0.85,0.95,0.0,0.0,0.0,0.12,0.03
8,PE_FED,-0.033971,0.2,0.3,0.4,0.55,0.7,0.85,0.95,-0.5,0.0,0.0,0.08,0.04
8,PB_FED,-0.033974,0.15,0.2,0.4,0.5,0.65,0.8,0.85,0.5,0.0,0.0,0.12,0.04
6,PB_only,-0.033976,0.2,0.25,0.45,0.5,0.65,0.8,0.95,0.0,0.0,0.0,0.1,0.03
6,PB_FED,-0.033981,0.2,0.25,0.35,0.5,0.75,0.8,0.95,0.0,0.0,0.0,0.1,0.04
8,PE_PB_FED,-0.033982,0.05,0.15,0.35,0.5,0.65,0.8,0.95,-0.5,0.6,0.75,0.08,0.05
6,PE_only,-0.033985,0.2,0.25,0.45,0.7,0.65,0.75,0.95,0.0,0.0,0.0,0.08,0.04
8,PE_PB_FED,-0.033986,0.1,0.15,0.35,0.5,0.75,0.8,0.9,0.0,0.55,0.7,0.12,0.04
6,PE_only,-0.033989,0.05,0.25,0.35,0.7,0.65,0.75,0.9,0.0,0.0,0.0,0.12,0.05
8,PE_FED,-0.033991,0.2,0.3,0.35,0.55,0.7,0.8,0.9,-0.5,0.0,0.0,0.1,0.04
8,PE_PB_FED,-0.033995,0.15,0.25,0.35,0.6,0.75,0.85,0.9,0.0,0.6,0.8,0.1,0.03
8,PB_FED,-0.034,0.1,0.2,0.35,0.5,0.7,0.8,0.95,0.5,0.0,0.0,0.06,0.05
6,PE_only,-0.034002,0.15,0.2,0.3,0.65,0.7,0.8,0.9,0.0,0.0,0.0,0.12,0.04
8,PE_FED,-0.034004,0.05,0.15,0.45,0.7,0.65,0.8,0.95,0.5,0.0,0.0,0.1,0.04
8,PE_PB,-0.034006,0.05,0.25,0.3,0.65,0.75,0.85,0.95,0.0,0.65,0.0,0.12,0.04
8,PB_FED,-0.034007,0.05,0.3,0.45,0.65,0.7,0.85,0.9,0.5,0.0,0.0,0.1,0.03
8,PE_PB,-0.034009,0.05,0.25,0.35,0.65,0.75,0.8,0.95,0.0,0.6,0.0,0.1,0.03
6,PB_only,-0.034011,0.05,0.3,0.35,0.55,0.65,0.75,0.9,0.0,0.0,0.0,0.06,0.05
6,PB_only,-0.034011,0.05,0.3,0.35,0.55,0.65,0.75,0.9,0.0,0.0,0.0,0.08,0.05
6,PE_FED,-0.034018,0.2,0.25,0.45,0.7,0.65,0.75,0.9,-0.5,0.0,0.0,0.12,0.03
6,PE_only,-0.034019,0.1,0.2,0.45,0.7,0.75,0.8,0.85,0.0,0.0,0.0,0.06,0.03
6,PB_only,-0.034019,0.2,0.25,0.4,0.5,0.65,0.85,0.9,0.0,0.0,0.0,0.08,0.05
6,PE_only,-0.034022,0.05,0.15,0.4,0.65,0.7,0.8,0.85,0.0,0.0,0.0,0.08,0.03
8,PE_FED,-0.034022,0.05,0.3,0.45,0.55,0.65,0.8,0.9,-0.5,0.0,0.0,0.08,0.04
6,PE_only,-0.034026,0.15,0.25,0.3,0.7,0.65,0.75,0.85,0.0,0.0,0.0,0.12,0.04
8,PE_PB_FED,-0.034027,0.1,0.2,0.3,0.6,0.65,0.8,0.95,-0.5,0.5,0.8,0.1,0.03
6,PB_only,-0.034029,0.1,0.3,0.45,0.5,0.65,0.75,0.9,0.0,0.0,0.0,0.1,0.05
8,PE_FED,-0.03403,0.05,0.2,0.4,0.7,0.65,0.8,0.95,0.5,0.0,0.0,0.06,0.03
6,PE_only,-0.034031,0.15,0.2,0.3,0.6,0.7,0.75,0.95,0.0,0.0,0.0,0.08,0.05
6,PE_only,-0.034033,0.1,0.2,0.45,0.7,0.65,0.8,0.9,0.0,0.0,0.0,0.08,0.05
6,PB_only,-0.034035,0.2,0.3,0.4,0.5,0.7,0.75,0.9,0.0,0.0,0.0,0.12,0.05
8,PE_PB_FED,-0.034035,0.05,0.3,0.35,0.7,0.65,0.85,0.9,0.0,0.6,0.7,0.06,0.04
6,PE_only,-0.034038,0.15,0.3,0.35,0.7,0.7,0.85,0.9,0.0,0.0,0.0,0.1,0.05
6,PB_only,-0.034044,0.05,0.3,0.4,0.55,0.65,0.75,0.9,0.0,0.0,0.0,0.1,0.04
8,PE_PB_FED,-0.034047,0.1,0.25,0.4,0.7,0.7,0.85,0.9,0.0,0.55,0.75,0.08,0.05
6,PE_FED,-0.034049,0.05,0.15,0.3,0.6,0.65,0.75,0.9,-0.5,0.0,0.0,0.12,0.04
8,PE_PB_FED,-0.034049,0.15,0.25,0.35,0.65,0.75,0.8,0.95,-0.5,0.55,0.75,0.06,0.05
6,PE_only,-0.03405,0.05,0.25,0.35,0.7,0.7,0.75,0.85,0.0,0.0,0.0,0.12,0.04
8,PE_PB_FED,-0.034054,0.05,0.15,0.45,0.5,0.65,0.75,0.85,0.0,0.6,0.8,0.08,0.04
8,PE_only,-0.034055,0.05,0.3,0.4,0.6,0.65,0.8,0.85,0.0,0.0,0.0,0.06,0.03
6,PE_only,-0.034057,0.15,0.25,0.3,0.7,0.7,0.8,0.85,0.0,0.0,0.0,0.1,0.04
6,PB_only,-0.03406,0.2,0.3,0.4,0.5,0.65,0.8,0.85,0.0,0.0,0.0,0.12,0.04
6,PB_FED,-0.03406,0.05,0.3,0.4,0.6,0.7,0.85,0.95,0.0,0.0,0.0,0.1,0.04
8,PE_PB_FED,-0.034063,0.05,0.15,0.45,0.5,0.65,0.75,0.95,-0.5,0.6,0.8,0.08,0.04
6,PE_only,-0.034066,0.2,0.25,0.35,0.7,0.7,0.8,0.9,0.0,0.0,0.0,0.08,0.04
6,PB_only,-0.034068,0.15,0.3,0.45,0.6,0.65,0.85,0.9,0.0,0.0,0.0,0.06,0.04
6,PE_PB_FED,-0.034071,0.15,0.2,0.3,0.7,0.7,0.75,0.95,0.0,0.65,0.75,0.1,0.05
8,PB_FED,-0.034073,0.1,0.15,0.45,0.55,0.65,0.85,0.95,0.5,0.0,0.0,0.1,0.04
8,PE_PB_FED,-0.034075,0.05,0.25,0.35,0.55,0.7,0.8,0.95,-0.5,0.6,0.7,0.06,0.03
8,PE_only,-0.034076,0.05,0.2,0.45,0.55,0.7,0.75,0.85,0.0,0.0,0.0,0.06,0.05
6,PB_only,-0.034078,0.05,0.3,0.4,0.5,0.65,0.8,0.9,0.0,0.0,0.0,0.08,0.04
8,PE_PB_FED,-0.03408,0.05,0.25,0.3,0.6,0.7,0.8,0.85,-0.5,0.65,0.8,0.06,0.03
6,PE_only,-0.034083,0.05,0.25,0.4,0.65,0.7,0.85,0.95,0.0,0.0,0.0,0.08,0.04
6,PE_FED,-0.034083,0.05,0.15,0.45,0.65,0.75,0.8,0.9,-0.5,0.0,0.0,0.08,0.05
8,PB_only,-0.034083,0.05,0.3,0.45,0.5,0.75,0.85,0.95,0.0,0.0,0.0,0.06,0.05
8,PB_only,-0.034083,0.05,0.3,0.45,0.5,0.65,0.85,0.95,0.0,0.0,0.0,0.08,0.05
8,PE_PB_FED,-0.034092,0.1,0.2,0.4,0.55,0.7,0.85,0.9,0.0,0.6,0.75,0.08,0.03
8,PE_PB_FED,-0.034095,0.1,0.25,0.45,0.55,0.65,0.8,0.85,0.0,0.65,0.8,0.1,0.03
6,PB_only,-0.034096,0.2,0.3,0.4,0.5,0.7,0.75,0.85,0.0,0.0,0.0,0.06,0.05
6,PB_only,-0.034098,0.1,0.3,0.45,0.5,0.65,0.8,0.85,0.0,0.0,0.0,0.06,0.04
6,PE_FED,-0.034106,0.1,0.2,0.4,0.7,0.65,0.75,0.85,0.0,0.0,0.0,0.08,0.05
8,PE_PB_FED,-0.034108,0.1,0.25,0.45,0.65,0.65,0.8,0.85,-0.5,0.65,0.7,0.1,0.05
6,PE_only,-0.03411,0.05,0.25,0.3,0.7,0.65,0.75,0.85,0.0,0.0,0.0,0.06,0.04
6,PE_only,-0.034113,0.15,0.25,0.4,0.65,0.7,0.75,0.95,0.0,0.0,0.0,0.1,0.04
8,PB_FED,-0.034115,0.15,0.25,0.3,0.5,0.75,0.8,0.9,0.5,0.0,0.0,0.1,0.05
8,PB_FED,-0.034116,0.05,0.2,0.45,0.5,0.7,0.75,0.85,0.5,0.0,0.0,0.1,0.04
8,PE_only,-0.034118,0.1,0.25,0.35,0.55,0.7,0.75,0.9,0.0,0.0,0.0,0.12,0.05
8,PB_FED,-0.034119,0.1,0.3,0.45,0.65,0.75,0.8,0.85,0.5,0.0,0.0,0.1,0.05
6,PE_PB,-0.03412,0.05,0.15,0.3,0.7,0.65,0.8,0.95,0.0,0.55,0.0,0.08,0.05
6,PB_only,-0.03412,0.1,0.3,0.45,0.5,0.75,0.8,0.85,0.0,0.0,0.0,0.06,0.04
6,PE_only,-0.034121,0.15,0.25,0.45,0.65,0.7,0.75,0.95,0.0,0.0,0.0,0.1,0.03
8,PE_PB,-0.034121,0.05,0.25,0.3,0.7,0.65,0.8,0.95,0.0,0.55,0.0,0.08,0.03
8,PE_only,-0.034123,0.05,0.3,0.4,0.6,0.7,0.75,0.85,0.0,0.0,0.0,0.1,0.05
8,PE_PB,-0.034123,0.05,0.2,0.35,0.6,0.75,0.8,0.9,0.0,0.65,0.0,0.1,0.04
8,PE_only,-0.034124,0.15,0.25,0.35,0.55,0.65,0.75,0.85,0.0,0.0,0.0,0.06,0.03
6,PB_only,-0.034125,0.2,0.25,0.35,0.5,0.75,0.85,0.95,0.0,0.0,0.0,0.08,0.04
8,PE_PB_FED,-0.034126,0.1,0.15,0.3,0.55,0.7,0.8,0.85,0.0,0.5,0.7,0.1,0.04
6,PE_only,-0.034127,0.15,0.25,0.3,0.65,0.65,0.8,0.95,0.0,0.0,0.0,0.08,0.05
8,PE_only,-0.034127,0.15,0.2,0.35,0.55,0.7,0.85,0.9,0.0,0.0,0.0,0.06,0.04
6,PE_only,-0.034128,0.05,0.25,0.4,0.7,0.7,0.75,0.85,0.0,0.0,0.0,0.06,0.04
8,PE_PB,-0.034129,0.05,0.15,0.35,0.7,0.65,0.85,0.95,0.0,0.5,0.0,0.08,0.03
6,PE_FED,-0.034132,0.1,0.25,0.4,0.7,0.7,0.75,0.95,0.0,0.0,0.0,0.1,0.04
6,PE_FED,-0.034132,0.1,0.25,0.35,0.7,0.7,0.75,0.85,-0.5,0.0,0.0,0.06,0.04
8,PE_FED,-0.034134,0.05,0.2,0.3,0.5,0.65,0.85,0.9,-0.5,0.0,0.0,0.12,0.04
6,PE_only,-0.034138,0.15,0.2,0.35,0.65,0.7,0.8,0.9,0.0,0.0,0.0,0.12,0.04
6,PE_FED,-0.03414,0.1,0.2,0.4,0.65,0.7,0.8,0.9,-0.5,0.0,0.0,0.1,0.05
8,PE_PB_FED,-0.034141,0.05,0.2,0.45,0.6,0.75,0.8,0.9,0.0,0.55,0.7,0.1,0.05
8,PE_PB_FED,-0.034141,0.05,0.2,0.45,0.6,0.7,0.8,0.9,0.0,0.55,0.7,0.12,0.05
8,PE_only,-0.034142,0.05,0.2,0.35,0.5,0.7,0.75,0.9,0.0,0.0,0.0,0.08,0.03
8,PE_PB_FED,-0.034146,0.05,0.2,0.45,0.6,0.7,0.8,0.95,-0.5,0.55,0.7,0.08,0.05
6,PE_only,-0.034149,0.1,0.15,0.35,0.6,0.7,0.75,0.9,0.0,0.0,0.0,0.06,0.03
6,PE_only,-0.034149,0.1,0.2,0.3,0.6,0.65,0.75,0.95,0.0,0.0,0.0,0.12,0.04
6,PB_only,-0.03415,0.15,0.3,0.35,0.6,0.7,0.85,0.95,0.0,0.0,0.0,0.12,0.05
8,PE_PB,-0.03415,0.05,0.15,0.3,0.55,0.65,0.75,0.85,0.0,0.65,0.0,0.06,0.03
8,PE_PB_FED,-0.03415,0.05,0.15,0.45,0.65,0.7,0.75,0.9,-0.5,0.5,0.7,0.08,0.05
8,PE_PB_FED,-0.03415,0.1,0.25,0.3,0.6,0.7,0.85,0.9,0.0,0.6,0.75,0.1,0.04
6,PE_only,-0.034154,0.05,0.25,0.35,0.65,0.65,0.75,0.95,0.0,0.0,0.0,0.08,0.05
8,PE_only,-0.034155,0.15,0.2,0.45,0.5,0.7,0.75,0.95,0.0,0.0,0.0,0.12,0.04
8,PE_FED,-0.034156,0.05,0.2,0.35,0.5,0.75,0.8,0.85,-0.5,0.0,0.0,0.12,0.04
6,PE_only,-0.034157,0.05,0.25,0.3,0.7,0.75,0.8,0.85,0.0,0.0,0.0,0.08,0.03
8,PE_PB_FED,-0.034157,0.05,0.15,0.35,0.55,0.7,0.75,0.9,-0.5,0.5,0.8,0.08,0.03
8,PE_FED,-0.034162,0.2,0.25,0.35,0.5,0.7,0.75,0.9,-0.5,0.0,0.0,0.1,0.03
6,PB_only,-0.034166,0.05,0.3,0.45,0.5,0.65,0.75,0.95,0.0,0.0,0.0,0.12,0.03
6,PE_only,-0.03417,0.15,0.25,0.35,0.7,0.7,0.75,0.85,0.0,0.0,0.0,0.1,0.05
6,PB_only,-0.03417,0.05,0.3,0.35,0.55,0.7,0.75,0.85,0.0,0.0,0.0,0.08,0.05
6,PB_only,-0.03417,0.15,0.3,0.35,0.5,0.75,0.8,0.85,0.0,0.0,0.0,0.12,0.05
8,PE_PB,-0.034171,0.1,0.15,0.45,0.55,0.65,0.8,0.95,0.0,0.65,0.0,0.06,0.04
8,PE_PB_FED,-0.034171,0.1,0.2,0.3,0.7,0.7,0.85,0.95,-0.5,0.5,0.8,0.06,0.05
8,PE_PB,-0.034172,0.1,0.15,0.35,0.7,0.7,0.75,0.85,0.0,0.55,0.0,0.06,0.03
6,PB_only,-0.034177,0.05,0.3,0.4,0.5,0.65,0.75,0.95,0.0,0.0,0.0,0.06,0.04
6,PE_only,-0.034178,0.15,0.25,0.35,0.7,0.75,0.8,0.85,0.0,0.0,0.0,0.1,0.03
8,PB_FED,-0.03418,0.15,0.25,0.35,0.5,0.7,0.8,0.85,0.5,0.0,0.0,0.12,0.03
6,PE_only,-0.034184,0.05,0.3,0.35,0.7,0.65,0.85,0.9,0.0,0.0,0.0,0.1,0.04
8,PE_PB,-0.034186,0.05,0.25,0.45,0.7,0.65,0.75,0.95,0.0,0.6,0.0,0.06,0.05
6,PE_only,-0.03419,0.2,0.3,0.45,0.7,0.75,0.85,0.95,0.0,0.0,0.0,0.1,0.05
6,PE_only,-0.034192,0.1,0.2,0.3,0.6,0.7,0.75,0.95,0.0,0.0,0.0,0.06,0.05
8,PE_PB,-0.034195,0.15,0.2,0.3,0.65,0.75,0.8,0.95,0.0,0.55,0.0,0.08,0.03
6,PE_only,-0.034197,0.1,0.25,0.4,0.65,0.65,0.85,0.95,0.0,0.0,0.0,0.1,0.04
6,PE_FED,-0.034197,0.15,0.25,0.4,0.65,0.7,0.75,0.9,-0.5,0.0,0.0,0.12,0.03
8,PE_only,-0.034202,0.15,0.2,0.4,0.55,0.7,0.85,0.9,0.0,0.0,0.0,0.12,0.03
8,PE_PB,-0.034203,0.2,0.25,0.35,0.7,0.7,0.75,0.85,0.0,0.65,0.0,0.06,0.03
6,PE_only,-0.034205,0.2,0.3,0.35,0.7,0.75,0.8,0.95,0.0,0.0,0.0,0.08,0.05
8,PE_FED,-0.034205,0.2,0.25,0.3,0.5,0.65,0.85,0.9,0.0,0.0,0.0,0.12,0.04
8,PE_only,-0.034206,0.1,0.2,0.45,0.5,0.65,0.8,0.95,0.0,0.0,0.0,0.12,0.03
8,PB_FED,-0.034208,0.1,0.2,0.4,0.55,0.65,0.85,0.95,0.5,0.0,0.0,0.1,0.05
8,PE_PB,-0.034211,0.15,0.2,0.35,0.7,0.75,0.85,0.95,0.0,0.55,0.0,0.1,0.03
8,PB_FED,-0.034213,0.2,0.25,0.35,0.55,0.7,0.85,0.9,0.5,0.0,0.0,0.06,0.03
6,PE_PB_FED,-0.034217,0.05,0.2,0.3,0.65,0.7,0.8,0.95,-0.5,0.65,0.7,0.06,0.03
8,PE_only,-0.034219,0.1,0.3,0.45,0.55,0.7,0.8,0.95,0.0,0.0,0.0,0.08,0.03
6,PE_only,-0.034221,0.05,0.2,0.35,0.55,0.7,0.8,0.95,0.0,0.0,0.0,0.12,0.03
6,PE_only,-0.034222,0.15,0.2,0.35,0.65,0.7,0.75,0.9,0.0,0.0,0.0,0.12,0.05
8,PE_PB_FED,-0.034222,0.05,0.2,0.35,0.5,0.7,0.8,0.95,0.0,0.5,0.7,0.08,0.03
8,PE_only,-0.034223,0.1,0.3,0.35,0.6,0.65,0.75,0.85,0.0,0.0,0.0,0.1,0.05
8,PE_PB,-0.034223,0.05,0.15,0.3,0.6,0.65,0.75,0.95,0.0,0.5,0.0,0.08,0.03
8,PE_only,-0.034227,0.1,0.25,0.4,0.55,0.65,0.75,0.9,0.0,0.0,0.0,0.1,0.05
8,PE_FED,-0.034228,0.05,0.3,0.35,0.5,0.65,0.75,0.95,-0.5,0.0,0.0,0.06,0.04
6,PE_only,-0.03423,0.15,0.25,0.45,0.65,0.65,0.8,0.95,0.0,0.0,0.0,0.08,0.03
8,PE_only,-0.03423,0.2,0.25,0.4,0.55,0.75,0.85,0.95,0.0,0.0,0.0,0.06,0.03
6,PE_only,-0.034235,0.1,0.15,0.45,0.6,0.75,0.8,0.95,0.0,0.0,0.0,0.08,0.05
6,PE_only,-0.034235,0.1,0.15,0.45,0.6,0.75,0.8,0.95,0.0,0.0,0.0,0.12,0.05
6,PE_only,-0.034236,0.15,0.25,0.4,0.7,0.7,0.8,0.85,0.0,0.0,0.0,0.12,0.03
6,PE_only,-0.034237,0.15,0.2,0.45,0.6,0.7,0.75,0.95,0.0,0.0,0.0,0.1,0.03
6,PE_only,-0.034238,0.15,0.25,0.4,0.7,0.7,0.75,0.85,0.0,0.0,0.0,0.1,0.05
6,PB_only,-0.034253,0.1,0.3,0.35,0.6,0.7,0.85,0.95,0.0,0.0,0.0,0.06,0.04
8,PE_PB,-0.034257,0.05,0.15,0.3,0.65,0.65,0.75,0.95,0.0,0.5,0.0,0.08,0.05
6,PE_only,-0.03426,0.05,0.15,0.35,0.6,0.75,0.85,0.95,0.0,0.0,0.0,0.1,0.04
8,PE_only,-0.03426,0.1,0.2,0.45,0.55,0.65,0.8,0.9,0.0,0.0,0.0,0.1,0.05
8,PE_only,-0.03426,0.1,0.2,0.45,0.55,0.75,0.8,0.9,0.0,0.0,0.0,0.12,0.05
8,PE_only,-0.034262,0.15,0.2,0.35,0.55,0.65,0.8,0.85,0.0,0.0,0.0,0.1,0.05
6,PE_only,-0.034263,0.05,0.25,0.35,0.7,0.7,0.75,0.85,0.0,0.0,0.0,0.08,0.05
6,PE_only,-0.034263,0.2,0.3,0.4,0.7,0.75,0.8,0.95,0.0,0.0,0.0,0.08,0.05
6,PE_only,-0.034264,0.05,0.2,0.4,0.6,0.7,0.75,0.95,0.0,0.0,0.0,0.08,0.05
8,PE_only,-0.034267,0.05,0.25,0.3,0.5,0.75,0.8,0.95,0.0,0.0,0.0,0.08,0.03
8,PE_only,-0.034268,0.2,0.3,0.45,0.6,0.65,0.85,0.95,0.0,0.0,0.0,0.1,0.05
6,PB_only,-0.03427,0.2,0.25,0.45,0.55,0.65,0.75,0.95,0.0,0.0,0.0,0.08,0.05
6,PB_only,-0.03427,0.2,0.25,0.45,0.55,0.7,0.75,0.95,0.0,0.0,0.0,0.12,0.05
6,PE_FED,-0.034272,0.15,0.25,0.35,0.65,0.65,0.75,0.9,-0.5,0.0,0.0,0.1,0.04
8,PE_PB_FED,-0.03428,0.1,0.25,0.3,0.65,0.65,0.75,0.9,-0.5,0.55,0.8,0.06,0.03
6,PE_only,-0.034282,0.1,0.25,0.35,0.65,0.7,0.75,0.95,0.0,0.0,0.0,0.1,0.05
8,PB_FED,-0.034282,0.1,0.25,0.45,0.55,0.65,0.8,0.85,0.5,0.0,0.0,0.1,0.04
8,PE_PB_FED,-0.034283,0.2,0.3,0.45,0.65,0.7,0.75,0.9,-0.5,0.65,0.7,0.1,0.04
6,PB_only,-0.034285,0.15,0.3,0.35,0.5,0.65,0.8,0.95,0.0,0.0,0.0,0.12,0.05
6,PE_only,-0.034286,0.05,0.2,0.45,0.6,0.7,0.75,0.95,0.0,0.0,0.0,0.06,0.03
6,PE_PB,-0.03429,0.05,0.15,0.35,0.7,0.7,0.85,0.9,0.0,0.6,0.0,0.08,0.04
6,PE_FED,-0.034293,0.1,0.15,0.35,0.6,0.65,0.85,0.95,-0.5,0.0,0.0,0.1,0.05
6,PE_only,-0.034299,0.05,0.2,0.3,0.55,0.7,0.75,0.95,0.0,0.0,0.0,0.12,0.05
6,PE_only,-0.034299,0.05,0.2,0.3,0.55,0.7,0.75,0.95,0.0,0.0,0.0,0.1,0.05
6,PE_only,-0.0343,0.15,0.25,0.4,0.7,0.65,0.8,0.9,0.0,0.0,0.0,0.1,0.05
8,PE_FED,-0.0343,0.15,0.3,0.45,0.5,0.75,0.8,0.95,-0.5,0.0,0.0,0.1,0.03
6,PE_only,-0.034302,0.05,0.25,0.3,0.7,0.65,0.8,0.85,0.0,0.0,0.0,0.1,0.03
8,PE_PB_FED,-0.034303,0.1,0.2,0.4,0.55,0.7,0.75,0.95,-0.5,0.55,0.75,0.08,0.04
6,PB_only,-0.034305,0.05,0.3,0.35,0.5,0.7,0.85,0.9,0.0,0.0,0.0,0.1,0.04
8,PB_FED,-0.034307,0.2,0.3,0.35,0.65,0.75,0.85,0.9,0.5,0.0,0.0,0.1,0.05
6,PE_only,-0.034309,0.05,0.3,0.4,0.7,0.7,0.85,0.9,0.0,0.0,0.0,0.1,0.05
8,PE_PB,-0.034309,0.1,0.15,0.35,0.55,0.65,0.75,0.95,0.0,0.6,0.0,0.08,0.05
6,PE_only,-0.03431,0.05,0.15,0.4,0.5,0.65,0.75,0.95,0.0,0.0,0.0,0.06,0.03
8,PE_PB_FED,-0.034311,0.1,0.25,0.35,0.6,0.75,0.8,0.85,-0.5,0.65,0.8,0.12,0.03
6,PE_only,-0.034314,0.1,0.2,0.45,0.65,0.7,0.75,0.9,0.0,0.0,0.0,0.08,0.03
8,PE_PB_FED,-0.034314,0.15,0.3,0.4,0.6,0.7,0.8,0.9,-0.5,0.65,0.75,0.1,0.03
6,PE_only,-0.034315,0.1,0.25,0.4,0.65,0.7,0.75,0.95,0.0,0.0,0.0,0.08,0.04
6,PE_only,-0.034319,0.05,0.15,0.4,0.65,0.75,0.8,0.85,0.0,0.0,0.0,0.08,0.05
6,PE_FED,-0.034319,0.15,0.25,0.45,0.65,0.75,0.85,0.95,-0.5,0.0,0.0,0.06,0.03
6,PE_only,-0.03432,0.15,0.2,0.3,0.6,0.75,0.8,0.95,0.0,0.0,0.0,0.08,0.05
6,PB_FED,-0.03432,0.05,0.3,0.4,0.6,0.65,0.85,0.95,0.0,0.0,0.0,0.1,0.04
8,PE_PB,-0.034322,0.05,0.15,0.4,0.7,0.7,0.75,0.85,0.0,0.55,0.0,0.1,0.05
6,PE_FED,-0.034324,0.1,0.15,0.45,0.6,0.65,0.75,0.95,0.0,0.0,0.0,0.06,0.04
8,PE_only,-0.034325,0.2,0.3,0.4,0.55,0.75,0.8,0.95,0.0,0.0,0.0,0.1,0.03
8,PB_FED,-0.034326,0.2,0.3,0.4,0.65,0.75,0.8,0.85,0.5,0.0,0.0,0.06,0.05
6,PE_FED,-0.034329,0.15,0.25,0.3,0.7,0.65,0.75,0.85,-0.5,0.0,0.0,0.12,0.05
8,PE_PB,-0.034335,0.05,0.3,0.45,0.65,0.75,0.8,0.95,0.0,0.65,0.0,0.12,0.03
6,PE_only,-0.034338,0.05,0.25,0.4,0.7,0.65,0.75,0.85,0.0,0.0,0.0,0.12,0.03
6,PE_only,-0.034338,0.15,0.25,0.35,0.7,0.65,0.8,0.85,0.0,0.0,0.0,0.12,0.03
8,PE_PB,-0.034338,0.05,0.15,0.4,0.6,0.65,0.8,0.9,0.0,0.6,0.0,0.12,0.04
6,PE_only,-0.034344,0.2,0.25,0.3,0.7,0.65,0.8,0.9,0.0,0.0,0.0,0.12,0.04
6,PE_only,-0.034345,0.15,0.2,0.4,0.55,0.75,0.8,0.95,0.0,0.0,0.0,0.06,0.03
8,PE_PB_FED,-0.034345,0.2,0.3,0.35,0.6,0.65,0.8,0.95,-0.5,0.65,0.8,0.06,0.04
6,PB_only,-0.034347,0.15,0.25,0.45,0.5,0.7,0.85,0.95,0.0,0.0,0.0,0.12,0.04
8,PE_PB,-0.034347,0.1,0.2,0.45,0.7,0.65,0.85,0.9,0.0,0.65,0.0,0.06,0.05
6,PB_only,-0.034352,0.05,0.3,0.35,0.55,0.65,0.75,0.95,0.0,0.0,0.0,0.08,0.05
6,PE_only,-0.034355,0.05,0.15,0.45,0.55,0.65,0.8,0.95,0.0,0.0,0.0,0.08,0.05
6,PE_only,-0.034358,0.1,0.25,0.4,0.65,0.65,0.75,0.95,0.0,0.0,0.0,0.08,0.05
6,PB_only,-0.034358,0.05,0.3,0.4,0.5,0.7,0.8,0.85,0.0,0.0,0.0,0.06,0.05
6,PE_FED,-0.034359,0.1,0.2,0.3,0.65,0.7,0.8,0.85,-0.5,0.0,0.0,0.06,0.04
8,PE_PB_FED,-0.034359,0.1,0.2,0.3,0.65,0.7,0.85,0.9,-0.5,0.6,0.75,0.08,0.05
6,PE_only,-0.03436,0.1,0.15,0.35,0.6,0.65,0.75,0.9,0.0,0.0,0.0,0.08,0.04
6,PE_PB,-0.034361,0.05,0.15,0.45,0.7,0.7,0.75,0.95,0.0,0.55,0.0,0.08,0.04
6,PE_FED,-0.034361,0.1,0.15,0.45,0.6,0.65,0.75,0.95,0.0,0.0,0.0,0.12,0.05
6,PE_only,-0.034365,0.05,0.15,0.4,0.6,0.65,0.85,0.95,0.0,0.0,0.0,0.12,0.04
6,PE_only,-0.034365,0.05,0.25,0.3,0.65,0.7,0.85,0.9,0.0,0.0,0.0,0.1,0.04
8,PE_PB,-0.034365,0.2,0.25,0.45,0.7,0.75,0.8,0.9,0.0,0.65,0.0,0.08,0.04
8,PE_PB_FED,-0.034365,0.15,0.25,0.45,0.7,0.75,0.85,0.9,0.0,0.55,0.8,0.12,0.05
6,PE_only,-0.034367,0.05,0.15,0.3,0.5,0.65,0.8,0.95,0.0,0.0,0.0,0.08,0.03
8,PE_only,-0.034368,0.1,0.2,0.3,0.5,0.65,0.75,0.9,0.0,0.0,0.0,0.1,0.03
6,PE_only,-0.034372,0.2,0.25,0.3,0.65,0.65,0.8,0.95,0.0,0.0,0.0,0.1,0.03
6,PE_only,-0.034372,0.2,0.25,0.3,0.65,0.7,0.8,0.95,0.0,0.0,0.0,0.12,0.03
6,PE_only,-0.034379,0.1,0.25,0.35,0.7,0.65,0.75,0.85,0.0,0.0,0.0,0.06,0.04
8,PE_only,-0.034383,0.1,0.15,0.35,0.5,0.75,0.8,0.9,0.0,0.0,0.0,0.06,0.04
8,PE_PB,-0.034384,0.1,0.15,0.3,0.7,0.65,0.8,0.95,0.0,0.5,0.0,0.12,0.05
8,PE_PB,-0.034385,0.05,0.15,0.3,0.6,0.7,0.75,0.85,0.0,0.6,0.0,0.06,0.04
6,PE_only,-0.034386,0.1,0.2,0.4,0.65,0.75,0.8,0.9,0.0,0.0,0.0,0.08,0.04
6,PE_FED,-0.034388,0.1,0.25,0.35,0.65,0.75,0.85,0.95,-0.5,0.0,0.0,0.06,0.05
6,PE_only,-0.034391,0.1,0.2,0.45,0.7,0.65,0.75,0.85,0.0,0.0,0.0,0.12,0.05
6,PE_only,-0.034392,0.15,0.3,0.45,0.7,0.65,0.8,0.95,0.0,0.0,0.0,0.08,0.05
8,PE_PB,-0.034392,0.05,0.15,0.35,0.6,0.65,0.75,0.95,0.0,0.5,0.0,0.12,0.03
6,PE_PB,-0.034396,0.05,0.15,0.35,0.7,0.75,0.85,0.95,0.0,0.65,0.0,0.06,0.05
6,PE_PB_FED,-0.034397,0.1,0.2,0.4,0.65,0.7,0.75,0.95,0.0,0.65,0.75,0.08,0.03
6,PE_only,-0.034401,0.05,0.25,0.4,0.65,0.7,0.8,0.95,0.0,0.0,0.0,0.12,0.05
6,PE_PB_FED,-0.034402,0.15,0.2,0.4,0.7,0.7,0.8,0.95,0.0,0.65,0.7,0.1,0.05
6,PE_PB_FED,-0.034406,0.05,0.15,0.4,0.7,0.65,0.75,0.9,-0.5,0.65,0.8,0.1,0.03
8,PE_only,-0.034406,0.1,0.3,0.35,0.6,0.7,0.8,0.85,0.0,0.0,0.0,0.1,0.03
8,PE_PB,-0.034407,0.15,0.2,0.45,0.7,0.7,0.75,0.85,0.0,0.6,0.0,0.08,0.03
8,PE_only,-0.034408,0.05,0.2,0.45,0.55,0.75,0.8,0.85,0.0,0.0,0.0,0.08,0.04
8,PE_PB_FED,-0.034409,0.05,0.25,0.4,0.6,0.65,0.85,0.95,-0.5,0.6,0.75,0.12,0.03
6,PE_FED,-0.034413,0.05,0.2,0.35,0.7,0.65,0.8,0.85,0.0,0.0,0.0,0.06,0.03
8,PB_FED,-0.034416,0.1,0.2,0.4,0.55,0.65,0.85,0.95,0.5,0.0,0.0,0.08,0.04
6,PE_FED,-0.034418,0.05,0.15,0.4,0.6,0.7,0.85,0.95,-0.5,0.0,0.0,0.1,0.05
8,PE_PB,-0.034421,0.05,0.15,0.3,0.65,0.65,0.75,0.85,0.0,0.55,0.0,0.12,0.03
6,PE_FED,-0.034422,0.05,0.25,0.45,0.7,0.7,0.75,0.95,0.0,0.0,0.0,0.12,0.03
8,PE_PB,-0.034422,0.05,0.25,0.45,0.65,0.7,0.8,0.9,0.0,0.65,0.0,0.1,0.03
6,PB_FED,-0.034426,0.05,0.25,0.45,0.5,0.7,0.8,0.9,-0.5,0.0,0.0,0.06,0.04
6,PB_FED,-0.034428,0.15,0.3,0.45,0.55,0.65,0.85,0.95,-0.5,0.0,0.0,0.06,0.05
6,PE_only,-0.034429,0.1,0.3,0.45,0.7,0.75,0.85,0.9,0.0,0.0,0.0,0.06,0.03
6,PE_only,-0.034435,0.1,0.25,0.45,0.65,0.65,0.8,0.95,0.0,0.0,0.0,0.12,0.03
6,PE_only,-0.034436,0.1,0.25,0.35,0.65,0.7,0.8,0.95,0.0,0.0,0.0,0.12,0.05
8,PE_FED,-0.034436,0.2,0.25,0.35,0.5,0.75,0.85,0.9,0.0,0.0,0.0,0.1,0.04
8,PB_FED,-0.034436,0.2,0.25,0.45,0.55,0.7,0.75,0.85,0.5,0.0,0.0,0.06,0.04
8,PE_PB,-0.034441,0.05,0.2,0.3,0.7,0.65,0.75,0.85,0.0,0.6,0.0,0.06,0.05
8,PB_FED,-0.034444,0.15,0.3,0.45,0.6,0.65,0.85,0.9,0.5,0.0,0.0,0.06,0.03
6,PE_only,-0.034445,0.05,0.15,0.3,0.6,0.65,0.8,0.9,0.0,0.0,0.0,0.12,0.04
8,PE_PB_FED,-0.034446,0.1,0.15,0.4,0.5,0.7,0.75,0.9,-0.5,0.6,0.8,0.12,0.03
8,PE_PB_FED,-0.034447,0.05,0.15,0.35,0.5,0.75,0.85,0.95,-0.5,0.65,0.8,0.06,0.05
6,PB_only,-0.034451,0.15,0.3,0.4,0.55,0.7,0.75,0.95,0.0,0.0,0.0,0.06,0.04
6,PE_only,-0.034455,0.1,0.25,0.4,0.7,0.65,0.75,0.85,0.0,0.0,0.0,0.1,0.04
8,PB_FED,-0.034457,0.05,0.3,0.45,0.6,0.7,0.75,0.95,0.5,0.0,0.0,0.12,0.04
6,PE_only,-0.034458,0.15,0.25,0.4,0.7,0.7,0.8,0.85,0.0,0.0,0.0,0.1,0.05
6,PB_FED,-0.034458,0.1,0.25,0.35,0.5,0.7,0.85,0.95,-0.5,0.0,0.0,0.08,0.04
6,PE_FED,-0.034462,0.05,0.25,0.4,0.7,0.7,0.75,0.95,0.0,0.0,0.0,0.08,0.05
8,PE_FED,-0.034463,0.2,0.25,0.3,0.5,0.65,0.85,0.95,-0.5,0.0,0.0,0.08,0.03
6,PE_FED,-0.034466,0.2,0.25,0.45,0.65,0.65,0.8,0.95,-0.5,0.0,0.0,0.08,0.05
6,PB_FED,-0.034466,0.2,0.3,0.45,0.55,0.65,0.8,0.95,-0.5,0.0,0.0,0.08,0.04
8,PB_FED,-0.034467,0.05,0.25,0.45,0.5,0.7,0.75,0.95,0.5,0.0,0.0,0.1,0.03
8,PE_only,-0.034478,0.15,0.2,0.4,0.5,0.7,0.75,0.9,0.0,0.0,0.0,0.12,0.03
6,PE_FED,-0.034485,0.1,0.15,0.3,0.7,0.7,0.85,0.9,0.0,0.0,0.0,0.08,0.05
8,PE_FED,-0.034491,0.15,0.3,0.45,0.5,0.65,0.75,0.95,-0.5,0.0,0.0,0.06,0.04
8,PB_FED,-0.034491,0.15,0.3,0.35,0.6,0.65,0.85,0.95,0.5,0.0,0.0,0.08,0.03
8,PE_PB_FED,-0.034494,0.1,0.15,0.3,0.55,0.7,0.8,0.85,-0.5,0.6,0.75,0.08,0.04
6,PE_PB_FED,-0.034496,0.05,0.15,0.4,0.7,0.7,0.75,0.9,-0.5,0.65,0.7,0.08,0.04
8,PE_PB,-0.034496,0.15,0.25,0.35,0.7,0.65,0.8,0.85,0.0,0.65,0.0,0.12,0.05
6,PE_only,-0.034498,0.1,0.2,0.3,0.55,0.7,0.75,0.95,0.0,0.0,0.0,0.06,0.05
6,PE_FED,-0.034501,0.05,0.15,0.45,0.65,0.65,0.85,0.95,0.0,0.0,0.0,0.08,0.05
8,PE_only,-0.034502,0.05,0.15,0.35,0.5,0.65,0.8,0.9,0.0,0.0,0.0,0.06,0.05
8,PE_PB_FED,-0.034504,0.1,0.15,0.35,0.5,0.7,0.8,0.9,-0.5,0.65,0.7,0.06,0.04
6,PB_only,-0.034505,0.05,0.25,0.45,0.5,0.7,0.85,0.95,0.0,0.0,0.0,0.12,0.04
6,PE_only,-0.034509,0.2,0.25,0.3,0.7,0.7,0.8,0.9,0.0,0.0,0.0,0.08,0.05
8,PE_PB_FED,-0.034511,0.05,0.2,0.35,0.6,0.65,0.85,0.95,0.0,0.5,0.7,0.08,0.04
8,PE_FED,-0.034512,0.2,0.25,0.35,0.5,0.65,0.8,0.85,0.0,0.0,0.0,0.1,0.05
6,PE_FED,-0.034515,0.05,0.2,0.3,0.6,0.7,0.75,0.9,0.0,0.0,0.0,0.06,0.04
8,PE_FED,-0.034515,0.05,0.2,0.35,0.65,0.75,0.8,0.95,0.5,0.0,0.0,0.1,0.03
8,PE_PB_FED,-0.034516,0.05,0.25,0.3,0.5,0.65,0.75,0.9,0.0,0.65,0.7,0.08,0.05
6,PB_only,-0.034518,0.05,0.3,0.35,0.5,0.7,0.8,0.95,0.0,0.0,0.0,0.06,0.05
6,PE_only,-0.03452,0.05,0.2,0.45,0.65,0.65,0.8,0.9,0.0,0.0,0.0,0.06,0.03
6,PE_only,-0.03452,0.05,0.2,0.45,0.65,0.7,0.8,0.9,0.0,0.0,0.0,0.12,0.03
6,PE_only,-0.03452,0.05,0.2,0.45,0.65,0.65,0.8,0.9,0.0,0.0,0.0,0.08,0.03
6,PE_FED,-0.034521,0.1,0.15,0.4,0.6,0.75,0.8,0.9,-0.5,0.0,0.0,0.06,0.03
8,PB_FED,-0.034534,0.15,0.3,0.45,0.6,0.65,0.75,0.85,0.5,0.0,0.0,0.12,0.05
8,PE_PB_FED,-0.034535,0.05,0.2,0.4,0.6,0.65,0.85,0.9,0.0,0.55,0.7,0.08,0.04
8,PE_PB_FED,-0.034543,0.05,0.3,0.35,0.55,0.7,0.75,0.9,0.0,0.6,0.8,0.06,0.03
6,PB_FED,-0.034544,0.05,0.25,0.3,0.5,0.75,0.85,0.95,0.0,0.0,0.0,0.08,0.04
8,PE_only,-0.034545,0.2,0.25,0.35,0.6,0.7,0.85,0.9,0.0,0.0,0.0,0.08,0.05
8,PE_only,-0.03455,0.15,0.3,0.45,0.6,0.65,0.8,0.85,0.0,0.0,0.0,0.06,0.04
6,PE_FED,-0.034551,0.15,0.2,0.4,0.7,0.75,0.85,0.9,0.0,0.0,0.0,0.1,0.05
8,PE_FED,-0.034552,0.1,0.2,0.35,0.65,0.7,0.75,0.95,0.5,0.0,0.0,0.12,0.04
6,PE_only,-0.034554,0.05,0.15,0.3,0.5,0.7,0.75,0.95,0.0,0.0,0.0,0.06,0.05
6,PB_only,-0.034556,0.15,0.3,0.45,0.5,0.7,0.8,0.95,0.0,0.0,0.0,0.1,0.03
8,PE_only,-0.034557,0.05,0.25,0.3,0.55,0.7,0.75,0.85,0.0,0.0,0.0,0.08,0.05
6,PB_only,-0.034558,0.2,0.3,0.4,0.5,0.65,0.75,0.95,0.0,0.0,0.0,0.1,0.04
6,PE_only,-0.034559,0.05,0.2,0.4,0.65,0.65,0.75,0.85,0.0,0.0,0.0,0.1,0.04
6,PE_only,-0.034561,0.15,0.25,0.4,0.65,0.65,0.85,0.9,0.0,0.0,0.0,0.06,0.04
6,PE_only,-0.034565,0.2,0.25,0.3,0.7,0.7,0.75,0.85,0.0,0.0,0.0,0.08,0.04
6,PE_only,-0.034568,0.15,0.2,0.3,0.65,0.7,0.8,0.9,0.0,0.0,0.0,0.12,0.05
8,PE_PB_FED,-0.034569,0.1,0.3,0.4,0.5,0.75,0.8,0.95,0.0,0.65,0.8,0.08,0.03
6,PE_FED,-0.03457,0.1,0.15,0.4,0.65,0.65,0.75,0.85,0.0,0.0,0.0,0.1,0.03
8,PE_only,-0.034571,0.05,0.2,0.35,0.55,0.65,0.85,0.9,0.0,0.0,0.0,0.06,0.05
6,PE_only,-0.034573,0.05,0.2,0.4,0.55,0.7,0.75,0.95,0.0,0.0,0.0,0.06,0.05
8,PE_PB,-0.034575,0.05,0.15,0.3,0.65,0.75,0.8,0.85,0.0,0.6,0.0,0.06,0.05
8,PE_PB_FED,-0.034577,0.05,0.2,0.3,0.55,0.75,0.8,0.85,-0.5,0.65,0.75,0.06,0.04
6,PE_FED,-0.034578,0.15,0.2,0.35,0.65,0.7,0.8,0.85,-0.5,0.0,0.0,0.12,0.05
6,PB_only,-0.034579,0.2,0.25,0.4,0.5,0.7,0.85,0.95,0.0,0.0,0.0,0.08,0.04
6,PE_only,-0.034594,0.05,0.25,0.45,0.65,0.75,0.85,0.95,0.0,0.0,0.0,0.1,0.05
8,PE_PB,-0.034597,0.05,0.2,0.35,0.65,0.7,0.75,0.95,0.0,0.55,0.0,0.1,0.05
8,PE_PB_FED,-0.034599,0.05,0.2,0.4,0.65,0.65,0.8,0.9,-0.5,0.55,0.75,0.1,0.05
6,PE_only,-0.0346,0.05,0.25,0.3,0.65,0.65,0.75,0.9,0.0,0.0,0.0,0.12,0.04
8,PE_only,-0.034603,0.15,0.25,0.3,0.55,0.65,0.8,0.85,0.0,0.0,0.0,0.08,0.03
8,PE_PB_FED,-0.034603,0.1,0.2,0.4,0.55,0.7,0.8,0.9,-0.5,0.6,0.7,0.1,0.03
6,PE_PB,-0.034604,0.05,0.15,0.4,0.55,0.7,0.75,0.95,0.0,0.65,0.0,0.12,0.03
6,PB_FED,-0.034607,0.2,0.3,0.45,0.5,0.7,0.75,0.9,-0.5,0.0,0.0,0.1,0.03
6,PE_only,-0.034608,0.1,0.15,0.4,0.55,0.65,0.85,0.95,0.0,0.0,0.0,0.12,0.03
6,PE_only,-0.034608,0.1,0.2,0.35,0.6,0.75,0.8,0.95,0.0,0.0,0.0,0.1,0.05
6,PE_FED,-0.034611,0.05,0.25,0.4,0.7,0.7,0.8,0.85,-0.5,0.0,0.0,0.12,0.04
6,PE_FED,-0.034612,0.05,0.15,0.3,0.6,0.7,0.75,0.9,-0.5,0.0,0.0,0.12,0.05
6,PB_only,-0.034612,0.1,0.3,0.45,0.55,0.7,0.75,0.95,0.0,0.0,0.0,0.1,0.03
6,PE_FED,-0.034617,0.15,0.3,0.4,0.7,0.7,0.75,0.95,0.0,0.0,0.0,0.1,0.03
8,PE_FED,-0.034628,0.2,0.25,0.35,0.5,0.65,0.85,0.95,-0.5,0.0,0.0,0.1,0.03
6,PB_only,-0.034633,0.05,0.3,0.45,0.5,0.75,0.8,0.9,0.0,0.0,0.0,0.12,0.04
6,PB_only,-0.034634,0.05,0.3,0.4,0.55,0.7,0.75,0.85,0.0,0.0,0.0,0.06,0.05
6,PB_only,-0.034635,0.1,0.3,0.35,0.5,0.65,0.8,0.95,0.0,0.0,0.0,0.08,0.04
8,PE_PB,-0.034635,0.15,0.3,0.35,0.6,0.7,0.75,0.95,0.0,0.65,0.0,0.1,0.03
8,PB_FED,-0.034642,0.2,0.25,0.45,0.55,0.7,0.75,0.95,0.5,0.0,0.0,0.1,0.05
8,PE_only,-0.034643,0.15,0.2,0.35,0.5,0.7,0.75,0.9,0.0,0.0,0.0,0.1,0.04
8,PE_FED,-0.034647,0.15,0.3,0.35,0.5,0.75,0.8,0.85,0.0,0.0,0.0,0.12,0.04
6,PE_only,-0.034651,0.2,0.3,0.45,0.7,0.75,0.8,0.95,0.0,0.0,0.0,0.1,0.05
6,PB_FED,-0.034654,0.05,0.25,0.4,0.5,0.7,0.8,0.95,-0.5,0.0,0.0,0.06,0.05
8,PE_FED,-0.034654,0.05,0.2,0.35,0.7,0.7,0.8,0.95,0.5,0.0,0.0,0.12,0.04
6,PE_PB_FED,-0.034655,0.1,0.15,0.35,0.7,0.75,0.8,0.95,0.0,0.65,0.75,0.12,0.04
6,PE_only,-0.034658,0.1,0.25,0.45,0.65,0.7,0.85,0.95,0.0,0.0,0.0,0.1,0.04
6,PE_only,-0.034658,0.1,0.15,0.4,0.6,0.75,0.8,0.9,0.0,0.0,0.0,0.08,0.03
6,PB_only,-0.034658,0.1,0.3,0.4,0.6,0.75,0.85,0.95,0.0,0.0,0.0,0.1,0.05
8,PE_FED,-0.034658,0.2,0.3,0.35,0.55,0.75,0.8,0.9,-0.5,0.0,0.0,0.12,0.05
8,PE_only,-0.03466,0.05,0.15,0.3,0.5,0.65,0.8,0.85,0.0,0.0,0.0,0.06,0.04
8,PE_PB_FED,-0.034661,0.05,0.3,0.35,0.65,0.7,0.8,0.9,0.0,0.55,0.8,0.06,0.03
6,PB_only,-0.034665,0.1,0.3,0.45,0.6,0.7,0.85,0.9,0.0,0.0,0.0,0.08,0.05
8,PE_PB,-0.034665,0.15,0.2,0.45,0.65,0.7,0.8,0.85,0.0,0.65,0.0,0.1,0.04
6,PE_only,-0.034671,0.15,0.25,0.45,0.7,0.7,0.8,0.85,0.0,0.0,0.0,0.1,0.04
8,PE_PB,-0.034674,0.05,0.25,0.3,0.6,0.7,0.85,0.95,0.0,0.65,0.0,0.12,0.03
6,PE_only,-0.034675,0.15,0.25,0.45,0.7,0.75,0.8,0.85,0.0,0.0,0.0,0.06,0.03
8,PE_PB_FED,-0.034676,0.15,0.2,0.4,0.5,0.65,0.75,0.85,0.0,0.6,0.75,0.08,0.04
8,PB_FED,-0.034676,0.1,0.25,0.4,0.55,0.65,0.85,0.9,0.5,0.0,0.0,0.08,0.04
8,PB_FED,-0.034676,0.15,0.2,0.35,0.5,0.75,0.85,0.9,0.5,0.0,0.0,0.08,0.04
6,PB_FED,-0.034677,0.1,0.3,0.35,0.5,0.65,0.8,0.9,-0.5,0.0,0.0,0.12,0.04
6,PE_only,-0.034682,0.05,0.2,0.35,0.65,0.7,0.8,0.9,0.0,0.0,0.0,0.12,0.05
6,PE_PB,-0.034687,0.05,0.15,0.4,0.7,0.65,0.85,0.9,0.0,0.6,0.0,0.12,0.04
6,PE_FED,-0.03469,0.15,0.2,0.45,0.55,0.7,0.75,0.95,0.0,0.0,0.0,0.08,0.03
6,PE_only,-0.034693,0.15,0.25,0.3,0.6,0.75,0.8,0.95,0.0,0.0,0.0,0.08,0.03
6,PE_FED,-0.034693,0.15,0.25,0.35,0.6,0.65,0.8,0.95,-0.5,0.0,0.0,0.06,0.03
8,PE_only,-0.034694,0.1,0.3,0.35,0.6,0.75,0.85,0.9,0.0,0.0,0.0,0.1,0.04
6,PE_only,-0.034697,0.2,0.3,0.4,0.7,0.65,0.8,0.95,0.0,0.0,0.0,0.1,0.05
8,PE_PB,-0.034697,0.15,0.3,0.4,0.6,0.65,0.75,0.95,0.0,0.65,0.0,0.06,0.03
6,PB_FED,-0.034699,0.15,0.25,0.45,0.5,0.65,0.8,0.95,-0.5,0.0,0.0,0.06,0.04
6,PE_only,-0.034706,0.2,0.3,0.35,0.7,0.65,0.85,0.9,0.0,0.0,0.0,0.08,0.04
8,PE_only,-0.034709,0.2,0.3,0.35,0.6,0.65,0.8,0.85,0.0,0.0,0.0,0.1,0.03
8,PE_only,-0.034712,0.2,0.25,0.4,0.55,0.65,0.8,0.9,0.0,0.0,0.0,0.12,0.03
6,PE_FED,-0.034714,0.15,0.25,0.4,0.65,0.65,0.75,0.95,0.0,0.0,0.0,0.1,0.05
8,PE_only,-0.03472,0.1,0.25,0.3,0.55,0.7,0.8,0.9,0.0,0.0,0.0,0.06,0.05
6,PE_only,-0.034721,0.15,0.2,0.45,0.65,0.75,0.85,0.9,0.0,0.0,0.0,0.1,0.05
6,PB_FED,-0.034723,0.15,0.3,0.4,0.5,0.7,0.85,0.9,0.0,0.0,0.0,0.1,0.03
6,PE_PB_FED,-0.034729,0.1,0.2,0.3,0.7,0.65,0.75,0.9,-0.5,0.65,0.75,0.12,0.03
6,PB_FED,-0.034729,0.15,0.3,0.45,0.5,0.75,0.8,0.85,0.0,0.0,0.0,0.08,0.04
6,PE_PB,-0.03473,0.1,0.15,0.3,0.7,0.75,0.85,0.9,0.0,0.6,0.0,0.08,0.04
6,PE_only,-0.034731,0.2,0.25,0.45,0.7,0.7,0.75,0.9,0.0,0.0,0.0,0.1,0.05
6,PE_FED,-0.034732,0.1,0.25,0.4,0.7,0.65,0.75,0.85,-0.5,0.0,0.0,0.06,0.05
6,PE_only,-0.034733,0.05,0.3,0.45,0.7,0.7,0.85,0.9,0.0,0.0,0.0,0.06,0.05
6,PE_only,-0.034735,0.1,0.15,0.3,0.55,0.65,0.8,0.9,0.0,0.0,0.0,0.12,0.03
8,PE_FED,-0.034743,0.2,0.3,0.4,0.5,0.65,0.85,0.95,0.0,0.0,0.0,0.1,0.04
6,PB_only,-0.034745,0.2,0.3,0.35,0.6,0.75,0.85,0.95,0.0,0.0,0.0,0.1,0.04
8,PE_PB_FED,-0.034745,0.1,0.25,0.45,0.6,0.7,0.8,0.95,0.0,0.5,0.8,0.1,0.05
6,PE_only,-0.034748,0.1,0.25,0.4,0.65,0.65,0.85,0.9,0.0,0.0,0.0,0.12,0.04
8,PE_only,-0.034748,0.2,0.3,0.45,0.6,0.65,0.75,0.85,0.0,0.0,0.0,0.08,0.04
8,PE_only,-0.034752,0.15,0.25,0.4,0.55,0.65,0.8,0.9,0.0,0.0,0.0,0.12,0.05
6,PE_only,-0.034755,0.15,0.3,0.35,0.7,0.65,0.8,0.9,0.0,0.0,0.0,0.08,0.04
6,PE_FED,-0.034755,0.2,0.25,0.4,0.65,0.7,0.75,0.95,0.0,0.0,0.0,0.12,0.05
6,PE_FED,-0.034755,0.05,0.25,0.45,0.7,0.65,0.8,0.95,0.0,0.0,0.0,0.06,0.03
6,PE_only,-0.034756,0.05,0.15,0.4,0.6,0.7,0.75,0.9,0.0,0.0,0.0,0.08,0.05
6,PE_FED,-0.034756,0.15,0.25,0.3,0.65,0.75,0.8,0.95,0.0,0.0,0.0,0.12,0.04
8,PE_PB,-0.034756,0.05,0.25,0.45,0.7,0.75,0.8,0.9,0.0,0.6,0.0,0.08,0.03
6,PB_only,-0.034757,0.15,0.3,0.4,0.55,0.65,0.75,0.95,0.0,0.0,0.0,0.1,0.04
6,PE_only,-0.034758,0.1,0.2,0.4,0.55,0.65,0.75,0.95,0.0,0.0,0.0,0.06,0.05
8,PE_FED,-0.034758,0.1,0.25,0.35,0.5,0.65,0.75,0.85,-0.5,0.0,0.0,0.08,0.04
6,PE_only,-0.03476,0.05,0.25,0.3,0.7,0.65,0.8,0.85,0.0,0.0,0.0,0.06,0.05
6,PE_FED,-0.03476,0.15,0.25,0.45,0.65,0.7,0.75,0.9,-0.5,0.0,0.0,0.1,0.04
8,PE_only,-0.03476,0.05,0.3,0.45,0.55,0.7,0.8,0.95,0.0,0.0,0.0,0.06,0.04
6,PE_only,-0.034762,0.15,0.3,0.4,0.65,0.75,0.85,0.95,0.0,0.0,0.0,0.12,0.03
6,PB_only,-0.034765,0.2,0.3,0.45,0.5,0.7,0.75,0.95,0.0,0.0,0.0,0.1,0.05
8,PE_PB,-0.034766,0.05,0.2,0.45,0.6,0.7,0.85,0.95,0.0,0.65,0.0,0.12,0.04
6,PE_only,-0.034767,0.05,0.2,0.4,0.65,0.75,0.8,0.9,0.0,0.0,0.0,0.12,0.05
6,PE_only,-0.034774,0.15,0.25,0.45,0.65,0.75,0.8,0.95,0.0,0.0,0.0,0.08,0.05
8,PE_only,-0.034774,0.15,0.2,0.45,0.55,0.7,0.85,0.9,0.0,0.0,0.0,0.12,0.03
6,PE_only,-0.034776,0.2,0.3,0.45,0.7,0.75,0.85,0.9,0.0,0.0,0.0,0.08,0.04
6,PE_FED,-0.034784,0.1,0.25,0.45,0.7,0.65,0.8,0.9,-0.5,0.0,0.0,0.1,0.05
8,PE_PB,-0.034784,0.2,0.25,0.4,0.7,0.75,0.8,0.95,0.0,0.6,0.0,0.08,0.05
6,PE_PB,-0.034787,0.05,0.15,0.35,0.65,0.7,0.75,0.95,0.0,0.55,0.0,0.08,0.05
8,PE_only,-0.034793,0.1,0.3,0.45,0.6,0.65,0.75,0.85,0.0,0.0,0.0,0.06,0.05
8,PE_only,-0.034793,0.1,0.3,0.45,0.6,0.7,0.75,0.85,0.0,0.0,0.0,0.08,0.05
8,PE_PB,-0.034793,0.1,0.2,0.3,0.55,0.7,0.75,0.95,0.0,0.6,0.0,0.08,0.03
6,PB_only,-0.034798,0.05,0.3,0.4,0.55,0.7,0.75,0.95,0.0,0.0,0.0,0.12,0.05
8,PE_only,-0.034802,0.2,0.25,0.45,0.55,0.7,0.75,0.9,0.0,0.0,0.0,0.12,0.04
8,PE_FED,-0.034804,0.1,0.15,0.4,0.65,0.7,0.75,0.9,0.5,0.0,0.0,0.06,0.05
8,PE_PB,-0.034807,0.05,0.3,0.4,0.6,0.65,0.75,0.95,0.0,0.65,0.0,0.1,0.03
6,PE_FED,-0.03481,0.15,0.25,0.3,0.7,0.7,0.85,0.95,0.0,0.0,0.0,0.1,0.04
8,PE_PB,-0.034812,0.05,0.3,0.35,0.7,0.65,0.75,0.9,0.0,0.65,0.0,0.1,0.05
8,PE_PB,-0.034813,0.05,0.2,0.4,0.7,0.75,0.8,0.9,0.0,0.55,0.0,0.08,0.04
8,PB_FED,-0.034814,0.1,0.3,0.4,0.6,0.65,0.85,0.95,0.5,0.0,0.0,0.12,0.03
8,PE_PB_FED,-0.034817,0.1,0.3,0.45,0.55,0.7,0.8,0.95,0.0,0.6,0.7,0.1,0.04
6,PE_only,-0.034819,0.15,0.2,0.3,0.6,0.75,0.85,0.95,0.0,0.0,0.0,0.08,0.03
6,PE_only,-0.034819,0.15,0.2,0.3,0.6,0.7,0.85,0.95,0.0,0.0,0.0,0.08,0.03
6,PE_PB,-0.034819,0.05,0.15,0.35,0.55,0.65,0.8,0.95,0.0,0.65,0.0,0.06,0.03
6,PE_only,-0.03482,0.1,0.25,0.35,0.6,0.65,0.75,0.95,0.0,0.0,0.0,0.1,0.03
6,PE_only,-0.034821,0.1,0.3,0.4,0.7,0.65,0.85,0.9,0.0,0.0,0.0,0.1,0.05
6,PE_only,-0.034828,0.05,0.25,0.45,0.65,0.65,0.8,0.95,0.0,0.0,0.0,0.12,0.04
8,PE_PB,-0.034828,0.05,0.15,0.4,0.55,0.7,0.75,0.85,0.0,0.65,0.0,0.08,0.04
6,PE_only,-0.034829,0.2,0.25,0.45,0.65,0.75,0.85,0.95,0.0,0.0,0.0,0.1,0.03
6,PE_FED,-0.034829,0.1,0.25,0.35,0.6,0.75,0.8,0.95,-0.5,0.0,0.0,0.1,0.03
6,PB_only,-0.034831,0.05,0.3,0.4,0.6,0.75,0.85,0.95,0.0,0.0,0.0,0.06,0.05
6,PE_FED,-0.034832,0.05,0.25,0.4,0.7,0.65,0.75,0.85,-0.5,0.0,0.0,0.12,0.05
8,PE_FED,-0.034832,0.1,0.3,0.4,0.5,0.75,0.8,0.95,-0.5,0.0,0.0,0.1,0.05
6,PE_only,-0.034834,0.05,0.25,0.45,0.7,0.65,0.8,0.9,0.0,0.0,0.0,0.08,0.05
6,PE_only,-0.034835,0.15,0.25,0.35,0.6,0.7,0.8,0.95,0.0,0.0,0.0,0.1,0.03
8,PE_PB,-0.034835,0.05,0.2,0.35,0.65,0.65,0.85,0.95,0.0,0.6,0.0,0.08,0.05
6,PE_only,-0.034839,0.1,0.2,0.3,0.55,0.65,0.8,0.95,0.0,0.0,0.0,0.1,0.04
6,PE_only,-0.034841,0.1,0.15,0.45,0.65,0.75,0.8,0.85,0.0,0.0,0.0,0.06,0.03
8,PE_PB_FED,-0.034845,0.1,0.2,0.35,0.65,0.65,0.8,0.9,-0.5,0.5,0.8,0.08,0.03
6,PE_FED,-0.034846,0.2,0.25,0.4,0.7,0.75,0.8,0.85,-0.5,0.0,0.0,0.1,0.03
6,PE_FED,-0.034849,0.15,0.3,0.45,0.65,0.65,0.8,0.95,-0.5,0.0,0.0,0.1,0.03
8,PE_FED,-0.034854,0.15,0.25,0.45,0.5,0.7,0.8,0.9,-0.5,0.0,0.0,0.08,0.04
6,PE_only,-0.034856,0.1,0.2,0.35,0.65,0.7,0.8,0.9,0.0,0.0,0.0,0.06,0.05
8,PE_only,-0.034856,0.05,0.2,0.3,0.5,0.7,0.75,0.9,0.0,0.0,0.0,0.06,0.05
8,PB_FED,-0.034858,0.05,0.3,0.45,0.65,0.65,0.8,0.85,0.5,0.0,0.0,0.08,0.05
6,PB_only,-0.034859,0.2,0.3,0.35,0.5,0.75,0.8,0.85,0.0,0.0,0.0,0.06,0.05
6,PE_PB,-0.034861,0.1,0.15,0.35,0.7,0.75,0.85,0.9,0.0,0.6,0.0,0.08,0.04
6,PE_FED,-0.034861,0.15,0.2,0.4,0.6,0.75,0.85,0.95,0.0,0.0,0.0,0.08,0.04
6,PE_FED,-0.034861,0.05,0.25,0.4,0.7,0.65,0.85,0.9,-0.5,0.0,0.0,0.08,0.03
6,PE_only,-0.034863,0.1,0.25,0.4,0.7,0.65,0.75,0.85,0.0,0.0,0.0,0.06,0.05
8,PE_PB,-0.034866,0.15,0.2,0.3,0.6,0.65,0.8,0.9,0.0,0.65,0.0,0.1,0.05
6,PB_only,-0.034871,0.2,0.3,0.45,0.55,0.65,0.75,0.85,0.0,0.0,0.0,0.08,0.04
6,PE_only,-0.034875,0.1,0.15,0.45,0.65,0.75,0.8,0.85,0.0,0.0,0.0,0.12,0.04
6,PE_only,-0.034876,0.05,0.2,0.3,0.65,0.75,0.8,0.85,0.0,0.0,0.0,0.06,0.03
6,PE_only,-0.034882,0.15,0.2,0.3,0.65,0.75,0.8,0.85,0.0,0.0,0.0,0.12,0.03
6,PB_FED,-0.034884,0.2,0.3,0.35,0.5,0.75,0.8,0.9,0.0,0.0,0.0,0.1,0.04
6,PB_FED,-0.034885,0.1,0.3,0.45,0.55,0.75,0.85,0.9,0.0,0.0,0.0,0.12,0.05
8,PE_only,-0.034887,0.2,0.25,0.35,0.55,0.65,0.75,0.9,0.0,0.0,0.0,0.1,0.05
8,PE_PB,-0.034887,0.1,0.25,0.3,0.55,0.65,0.75,0.95,0.0,0.65,0.0,0.12,0.03
8,PE_only,-0.034888,0.05,0.3,0.35,0.55,0.75,0.85,0.95,0.0,0.0,0.0,0.08,0.03
8,PE_only,-0.034888,0.05,0.3,0.35,0.55,0.65,0.85,0.95,0.0,0.0,0.0,0.1,0.03
8,PE_PB,-0.034888,0.15,0.25,0.4,0.7,0.75,0.85,0.95,0.0,0.6,0.0,0.1,0.05
8,PE_PB,-0.034888,0.1,0.3,0.4,0.65,0.7,0.8,0.95,0.0,0.65,0.0,0.1,0.05
8,PE_PB,-0.034888,0.05,0.2,0.45,0.7,0.75,0.85,0.9,0.0,0.6,0.0,0.08,0.03
6,PE_only,-0.034893,0.05,0.2,0.35,0.65,0.65,0.75,0.85,0.0,0.0,0.0,0.12,0.05
6,PE_only,-0.034898,0.05,0.25,0.35,0.6,0.65,0.8,0.95,0.0,0.0,0.0,0.08,0.03
8,PE_PB,-0.034898,0.2,0.25,0.3,0.7,0.7,0.85,0.95,0.0,0.6,0.0,0.1,0.03
8,PB_FED,-0.034899,0.15,0.3,0.4,0.5,0.7,0.75,0.9,0.5,0.0,0.0,0.1,0.03
6,PE_only,-0.0349,0.05,0.15,0.35,0.55,0.7,0.75,0.9,0.0,0.0,0.0,0.12,0.05
8,PE_FED,-0.034901,0.15,0.25,0.4,0.7,0.7,0.8,0.95,0.5,0.0,0.0,0.06,0.03
8,PE_only,-0.034902,0.15,0.3,0.4,0.55,0.65,0.75,0.9,0.0,0.0,0.0,0.08,0.04
8,PE_only,-0.034906,0.05,0.15,0.35,0.5,0.75,0.8,0.85,0.0,0.0,0.0,0.08,0.03
8,PE_PB,-0.034906,0.15,0.2,0.35,0.65,0.65,0.75,0.85,0.0,0.6,0.0,0.12,0.03
6,PE_only,-0.034912,0.1,0.15,0.35,0.6,0.65,0.75,0.9,0.0,0.0,0.0,0.12,0.05
8,PE_only,-0.034912,0.1,0.2,0.45,0.5,0.65,0.8,0.95,0.0,0.0,0.0,0.12,0.04
6,PE_only,-0.034915,0.05,0.2,0.3,0.65,0.75,0.8,0.85,0.0,0.0,0.0,0.1,0.04
6,PB_only,-0.034917,0.05,0.3,0.45,0.5,0.7,0.8,0.95,0.0,0.0,0.0,0.12,0.03
8,PE_PB_FED,-0.034917,0.05,0.25,0.45,0.6,0.65,0.75,0.85,0.0,0.55,0.7,0.12,0.04
8,PE_PB,-0.034926,0.2,0.25,0.35,0.6,0.7,0.75,0.95,0.0,0.65,0.0,0.08,0.04
8,PE_PB,-0.034927,0.05,0.2,0.35,0.6,0.75,0.8,0.95,0.0,0.55,0.0,0.1,0.03
8,PE_only,-0.034934,0.05,0.2,0.35,0.5,0.75,0.8,0.9,0.0,0.0,0.0,0.06,0.03
8,PE_only,-0.034934,0.05,0.2,0.35,0.5,0.75,0.8,0.9,0.0,0.0,0.0,0.1,0.03
8,PE_PB_FED,-0.034935,0.1,0.3,0.35,0.6,0.65,0.75,0.95,-0.5,0.6,0.75,0.1,0.05
6,PE_only,-0.034938,0.1,0.2,0.4,0.65,0.65,0.8,0.9,0.0,0.0,0.0,0.1,0.05
6,PB_FED,-0.034939,0.2,0.25,0.4,0.5,0.75,0.85,0.9,-0.5,0.0,0.0,0.12,0.05
8,PE_only,-0.034941,0.15,0.25,0.4,0.55,0.65,0.75,0.85,0.0,0.0,0.0,0.08,0.05
8,PE_FED,-0.034943,0.15,0.2,0.3,0.65,0.75,0.8,0.95,0.5,0.0,0.0,0.08,0.04
8,PE_only,-0.034944,0.1,0.3,0.4,0.6,0.75,0.8,0.85,0.0,0.0,0.0,0.12,0.05
6,PE_only,-0.034946,0.05,0.3,0.35,0.65,0.7,0.75,0.95,0.0,0.0,0.0,0.12,0.03
6,PE_only,-0.034948,0.1,0.25,0.4,0.65,0.65,0.75,0.9,0.0,0.0,0.0,0.1,0.04
8,PE_only,-0.034949,0.1,0.2,0.35,0.5,0.75,0.85,0.95,0.0,0.0,0.0,0.08,0.03
8,PE_PB_FED,-0.034949,0.1,0.2,0.3,0.55,0.65,0.85,0.9,-0.5,0.65,0.7,0.08,0.03
6,PB_FED,-0.034951,0.05,0.3,0.35,0.5,0.7,0.75,0.95,-0.5,0.0,0.0,0.06,0.04
8,PE_PB_FED,-0.034951,0.1,0.2,0.35,0.7,0.65,0.8,0.85,-0.5,0.5,0.7,0.06,0.03
8,PE_FED,-0.034953,0.1,0.15,0.3,0.6,0.7,0.75,0.9,0.5,0.0,0.0,0.1,0.05
6,PE_only,-0.03496,0.15,0.2,0.4,0.55,0.7,0.8,0.95,0.0,0.0,0.0,0.1,0.04
6,PB_FED,-0.034963,0.2,0.25,0.4,0.5,0.65,0.8,0.95,-0.5,0.0,0.0,0.06,0.04
6,PB_FED,-0.034964,0.05,0.25,0.4,0.5,0.7,0.8,0.95,0.0,0.0,0.0,0.06,0.04
8,PE_only,-0.034965,0.1,0.2,0.4,0.5,0.7,0.75,0.9,0.0,0.0,0.0,0.06,0.04
8,PE_PB,-0.034966,0.05,0.25,0.3,0.7,0.7,0.75,0.85,0.0,0.6,0.0,0.12,0.04
6,PE_only,-0.034967,0.05,0.25,0.45,0.7,0.65,0.8,0.85,0.0,0.0,0.0,0.12,0.03
6,PE_only,-0.03497,0.1,0.3,0.45,0.7,0.65,0.85,0.9,0.0,0.0,0.0,0.12,0.03
8,PB_FED,-0.03497,0.05,0.3,0.4,0.6,0.65,0.8,0.9,0.5,0.0,0.0,0.08,0.05
6,PE_only,-0.034972,0.1,0.25,0.45,0.65,0.75,0.8,0.95,0.0,0.0,0.0,0.1,0.05
8,PE_PB,-0.034972,0.15,0.2,0.45,0.6,0.7,0.85,0.95,0.0,0.65,0.0,0.08,0.05
8,PE_PB_FED,-0.034972,0.05,0.2,0.3,0.5,0.75,0.8,0.95,0.0,0.5,0.7,0.06,0.04
8,PE_PB,-0.034973,0.15,0.2,0.4,0.65,0.65,0.75,0.85,0.0,0.6,0.0,0.12,0.03
8,PE_FED,-0.034974,0.1,0.3,0.4,0.55,0.65,0.8,0.85,-0.5,0.0,0.0,0.08,0.05
8,PE_PB_FED,-0.034977,0.05,0.25,0.4,0.7,0.75,0.8,0.85,-0.5,0.55,0.8,0.06,0.04
8,PE_PB_FED,-0.034979,0.05,0.2,0.35,0.65,0.75,0.85,0.9,-0.5,0.55,0.7,0.1,0.03
8,PE_PB,-0.034983,0.1,0.25,0.35,0.7,0.75,0.85,0.95,0.0,0.6,0.0,0.06,0.04
8,PB_FED,-0.034987,0.05,0.3,0.45,0.6,0.7,0.8,0.95,0.5,0.0,0.0,0.1,0.03
8,PE_PB_FED,-0.034989,0.1,0.25,0.4,0.65,0.75,0.8,0.85,-0.5,0.6,0.75,0.1,0.03
6,PB_only,-0.034991,0.1,0.3,0.45,0.5,0.7,0.8,0.9,0.0,0.0,0.0,0.06,0.05
6,PE_PB,-0.034993,0.1,0.15,0.35,0.7,0.65,0.75,0.95,0.0,0.65,0.0,0.1,0.05
8,PE_FED,-0.034994,0.05,0.25,0.35,0.5,0.65,0.8,0.9,-0.5,0.0,0.0,0.12,0.05
6,PE_only,-0.034998,0.05,0.25,0.45,0.7,0.75,0.8,0.85,0.0,0.0,0.0,0.1,0.05
8,PE_FED,-0.034998,0.05,0.25,0.3,0.5,0.65,0.75,0.85,-0.5,0.0,0.0,0.1,0.05
6,PB_only,-0.034999,0.2,0.3,0.4,0.55,0.7,0.75,0.85,0.0,0.0,0.0,0.06,0.05
8,PE_only,-0.034999,0.1,0.2,0.45,0.55,0.65,0.85,0.9,0.0,0.0,0.0,0.12,0.04
6,PB_only,-0.035,0.2,0.3,0.45,0.5,0.65,0.75,0.95,0.0,0.0,0.0,0.12,0.04
6,PE_only,-0.035003,0.1,0.25,0.35,0.6,0.7,0.8,0.95,0.0,0.0,0.0,0.1,0.03
6,PB_only,-0.035004,0.2,0.3,0.35,0.6,0.65,0.85,0.95,0.0,0.0,0.0,0.12,0.04
8,PE_PB,-0.035006,0.05,0.2,0.4,0.65,0.65,0.8,0.95,0.0,0.55,0.0,0.06,0.04
6,PE_only,-0.03501,0.1,0.15,0.3,0.55,0.65,0.75,0.9,0.0,0.0,0.0,0.06,0.05
8,PE_PB,-0.035011,0.05,0.25,0.4,0.7,0.7,0.75,0.85,0.0,0.6,0.0,0.06,0.03
8,PE_PB,-0.035012,0.1,0.25,0.3,0.6,0.75,0.85,0.95,0.0,0.65,0.0,0.08,0.03
8,PE_PB,-0.035013,0.15,0.25,0.35,0.65,0.65,0.8,0.95,0.0,0.6,0.0,0.1,0.04
8,PE_only,-0.035015,0.15,0.25,0.35,0.55,0.75,0.8,0.85,0.0,0.0,0.0,0.06,0.03
8,PE_PB_FED,-0.035015,0.05,0.3,0.4,0.65,0.65,0.85,0.95,-0.5,0.6,0.8,0.06,0.03
8,PE_only,-0.035016,0.15,0.25,0.3,0.55,0.7,0.8,0.85,0.0,0.0,0.0,0.06,0.04
6,PE_PB,-0.03502,0.05,0.15,0.3,0.7,0.75,0.8,0.95,0.0,0.6,0.0,0.1,0.04
8,PE_PB,-0.03502,0.2,0.3,0.35,0.7,0.7,0.85,0.95,0.0,0.65,0.0,0.08,0.04
6,PE_only,-0.035021,0.1,0.2,0.35,0.65,0.65,0.8,0.85,0.0,0.0,0.0,0.06,0.03
8,PE_FED,-0.035024,0.1,0.2,0.3,0.65,0.7,0.8,0.95,0.5,0.0,0.0,0.08,0.04
8,PE_only,-0.035025,0.2,0.3,0.4,0.55,0.75,0.8,0.95,0.0,0.0,0.0,0.12,0.04
6,PE_FED,-0.035026,0.05,0.2,0.35,0.6,0.65,0.8,0.9,0.0,0.0,0.0,0.06,0.03
8,PE_FED,-0.035026,0.05,0.15,0.3,0.6,0.75,0.8,0.9,0.5,0.0,0.0,0.08,0.03
8,PE_FED,-0.035026,0.05,0.15,0.3,0.6,0.75,0.8,0.9,0.5,0.0,0.0,0.12,0.03
6,PE_only,-0.035027,0.1,0.15,0.45,0.55,0.7,0.75,0.9,0.0,0.0,0.0,0.08,0.03
6,PE_only,-0.035027,0.1,0.15,0.35,0.55,0.7,0.85,0.95,0.0,0.0,0.0,0.1,0.05
6,PB_FED,-0.035029,0.1,0.3,0.45,0.5,0.7,0.75,0.85,0.0,0.0,0.0,0.1,0.04
8,PE_only,-0.03503,0.1,0.15,0.45,0.5,0.75,0.85,0.95,0.0,0.0,0.0,0.12,0.04
6,PE_PB,-0.035034,0.05,0.15,0.3,0.7,0.75,0.8,0.9,0.0,0.6,0.0,0.1,0.04
6,PE_FED,-0.035035,0.05,0.25,0.35,0.65,0.7,0.75,0.95,0.0,0.0,0.0,0.12,0.05
6,PE_only,-0.035037,0.15,0.3,0.45,0.7,0.7,0.75,0.9,0.0,0.0,0.0,0.12,0.05
8,PE_PB_FED,-0.035037,0.1,0.3,0.35,0.55,0.7,0.75,0.95,0.0,0.5,0.8,0.12,0.03
8,PE_PB,-0.035045,0.05,0.3,0.4,0.65,0.65,0.75,0.9,0.0,0.65,0.0,0.12,0.03
8,PB_FED,-0.035048,0.05,0.25,0.4,0.55,0.65,0.8,0.85,0.5,0.0,0.0,0.08,0.05
8,PE_only,-0.035051,0.1,0.25,0.35,0.5,0.65,0.75,0.95,0.0,0.0,0.0,0.06,0.05
6,PE_FED,-0.035053,0.05,0.15,0.3,0.65,0.7,0.8,0.85,0.0,0.0,0.0,0.1,0.04
8,PE_PB,-0.035058,0.05,0.2,0.4,0.7,0.7,0.8,0.95,0.0,0.5,0.0,0.06,0.04
6,PE_FED,-0.035059,0.15,0.2,0.3,0.6,0.7,0.8,0.9,-0.5,0.0,0.0,0.08,0.04
6,PE_only,-0.03506,0.1,0.25,0.35,0.65,0.65,0.8,0.9,0.0,0.0,0.0,0.06,0.03
8,PE_PB,-0.035062,0.15,0.2,0.4,0.6,0.65,0.8,0.9,0.0,0.65,0.0,0.1,0.05
8,PE_PB,-0.035062,0.15,0.2,0.4,0.6,0.65,0.8,0.9,0.0,0.65,0.0,0.08,0.05
6,PE_only,-0.035063,0.15,0.2,0.4,0.6,0.75,0.85,0.95,0.0,0.0,0.0,0.06,0.03
8,PE_PB,-0.035064,0.1,0.15,0.4,0.5,0.65,0.8,0.95,0.0,0.65,0.0,0.12,0.03
8,PE_PB_FED,-0.035066,0.2,0.3,0.35,0.6,0.65,0.85,0.95,-0.5,0.65,0.7,0.06,0.03
8,PE_PB,-0.035074,0.1,0.3,0.4,0.7,0.65,0.75,0.85,0.0,0.65,0.0,0.1,0.03
8,PE_FED,-0.035079,0.1,0.25,0.3,0.5,0.7,0.75,0.85,-0.5,0.0,0.0,0.12,0.05
6,PE_FED,-0.035081,0.1,0.2,0.35,0.6,0.75,0.8,0.9,0.0,0.0,0.0,0.06,0.04
8,PE_only,-0.035081,0.1,0.2,0.4,0.5,0.75,0.85,0.95,0.0,0.0,0.0,0.1,0.03
8,PE_PB_FED,-0.035081,0.15,0.25,0.35,0.65,0.7,0.85,0.9,0.0,0.55,0.75,0.12,0.05
6,PE_FED,-0.035082,0.1,0.2,0.45,0.7,0.75,0.85,0.9,0.0,0.0,0.0,0.1,0.05
6,PE_only,-0.035086,0.1,0.3,0.45,0.7,0.65,0.75,0.9,0.0,0.0,0.0,0.06,0.03
6,PE_only,-0.035088,0.1,0.25,0.45,0.7,0.65,0.8,0.85,0.0,0.0,0.0,0.08,0.03
8,PB_FED,-0.035088,0.15,0.3,0.45,0.6,0.75,0.85,0.95,0.5,0.0,0.0,0.08,0.03
6,PE_only,-0.035093,0.2,0.25,0.35,0.7,0.65,0.8,0.85,0.0,0.0,0.0,0.06,0.03
6,PE_only,-0.035093,0.15,0.25,0.45,0.65,0.75,0.85,0.9,0.0,0.0,0.0,0.1,0.04
6,PE_FED,-0.035099,0.1,0.3,0.35,0.65,0.7,0.8,0.95,-0.5,0.0,0.0,0.1,0.05
8,PE_only,-0.035099,0.2,0.3,0.4,0.55,0.65,0.8,0.95,0.0,0.0,0.0,0.06,0.05
6,PE_only,-0.0351,0.05,0.2,0.45,0.65,0.65,0.75,0.85,0.0,0.0,0.0,0.12,0.03
8,PE_PB,-0.035101,0.2,0.25,0.3,0.65,0.7,0.8,0.95,0.0,0.6,0.0,0.06,0.03
8,PE_FED,-0.035102,0.15,0.3,0.35,0.5,0.65,0.8,0.85,0.0,0.0,0.0,0.1,0.05
6,PE_only,-0.035105,0.15,0.3,0.35,0.65,0.75,0.85,0.95,0.0,0.0,0.0,0.06,0.05
6,PE_PB,-0.035105,0.05,0.2,0.4,0.7,0.75,0.85,0.95,0.0,0.65,0.0,0.08,0.03
6,PE_only,-0.035106,0.1,0.25,0.45,0.7,0.7,0.8,0.85,0.0,0.0,0.0,0.08,0.05
6,PE_only,-0.035107,0.1,0.2,0.3,0.65,0.75,0.8,0.85,0.0,0.0,0.0,0.12,0.04
8,PE_PB,-0.035108,0.15,0.2,0.45,0.7,0.75,0.8,0.9,0.0,0.55,0.0,0.08,0.03
8,PE_PB,-0.035109,0.05,0.15,0.4,0.55,0.75,0.85,0.95,0.0,0.6,0.0,0.12,0.03
6,PE_FED,-0.035111,0.05,0.25,0.4,0.65,0.7,0.75,0.95,0.0,0.0,0.0,0.06,0.04
8,PE_PB,-0.035111,0.1,0.15,0.3,0.6,0.65,0.85,0.9,0.0,0.65,0.0,0.08,0.05
8,PE_PB,-0.035113,0.05,0.15,0.4,0.5,0.7,0.75,0.95,0.0,0.6,0.0,0.06,0.03
6,PE_PB,-0.035114,0.05,0.15,0.35,0.65,0.7,0.85,0.95,0.0,0.65,0.0,0.1,0.03
6,PE_FED,-0.035114,0.05,0.15,0.45,0.7,0.7,0.8,0.85,0.0,0.0,0.0,0.1,0.03
8,PE_PB_FED,-0.035117,0.1,0.25,0.4,0.6,0.65,0.75,0.85,0.0,0.5,0.7,0.08,0.03
8,PE_only,-0.035118,0.05,0.2,0.3,0.5,0.75,0.8,0.9,0.0,0.0,0.0,0.08,0.04
8,PE_PB_FED,-0.035121,0.15,0.2,0.4,0.5,0.7,0.75,0.95,-0.5,0.6,0.7,0.1,0.05
8,PE_PB_FED,-0.035131,0.2,0.25,0.3,0.7,0.7,0.8,0.95,-0.5,0.5,0.8,0.06,0.05
6,PE_only,-0.035132,0.15,0.25,0.35,0.6,0.65,0.75,0.95,0.0,0.0,0.0,0.06,0.04
6,PE_only,-0.035133,0.05,0.25,0.3,0.65,0.65,0.75,0.9,0.0,0.0,0.0,0.08,0.05
8,PE_PB,-0.035133,0.05,0.3,0.45,0.7,0.65,0.8,0.9,0.0,0.65,0.0,0.06,0.04
6,PE_only,-0.035139,0.05,0.25,0.4,0.65,0.7,0.85,0.9,0.0,0.0,0.0,0.1,0.05
8,PB_FED,-0.035141,0.05,0.2,0.45,0.55,0.65,0.85,0.9,0.5,0.0,0.0,0.12,0.05
8,PE_only,-0.035144,0.15,0.3,0.4,0.6,0.7,0.85,0.9,0.0,0.0,0.0,0.06,0.05
8,PE_PB,-0.035145,0.05,0.2,0.45,0.55,0.75,0.8,0.95,0.0,0.65,0.0,0.08,0.04
8,PE_only,-0.035147,0.15,0.2,0.35,0.5,0.7,0.8,0.9,0.0,0.0,0.0,0.12,0.03
8,PB_FED,-0.035147,0.1,0.25,0.45,0.5,0.65,0.8,0.85,0.5,0.0,0.0,0.06,0.03
8,PE_PB,-0.035148,0.05,0.2,0.3,0.6,0.7,0.8,0.9,0.0,0.6,0.0,0.08,0.03
8,PE_PB_FED,-0.035149,0.15,0.3,0.45,0.65,0.75,0.85,0.95,-0.5,0.6,0.8,0.12,0.03
8,PE_PB_FED,-0.035153,0.2,0.3,0.35,0.65,0.65,0.8,0.95,-0.5,0.6,0.8,0.06,0.05
6,PE_only,-0.035154,0.05,0.3,0.4,0.7,0.7,0.8,0.9,0.0,0.0,0.0,0.06,0.05
6,PE_only,-0.035155,0.15,0.25,0.35,0.65,0.75,0.85,0.9,0.0,0.0,0.0,0.08,0.05
6,PE_FED,-0.035158,0.1,0.2,0.3,0.6,0.7,0.8,0.9,-0.5,0.0,0.0,0.06,0.04
6,PE_FED,-0.035159,0.1,0.15,0.45,0.6,0.7,0.85,0.95,0.0,0.0,0.0,0.1,0.03
6,PE_only,-0.035161,0.05,0.2,0.3,0.65,0.65,0.8,0.85,0.0,0.0,0.0,0.1,0.05
8,PE_PB,-0.035162,0.05,0.2,0.35,0.6,0.75,0.8,0.85,0.0,0.65,0.0,0.1,0.04
8,PB_FED,-0.035163,0.2,0.25,0.35,0.55,0.75,0.8,0.85,0.5,0.0,0.0,0.06,0.05
6,PE_only,-0.035164,0.1,0.3,0.4,0.7,0.75,0.8,0.9,0.0,0.0,0.0,0.06,0.05
6,PB_only,-0.035164,0.1,0.3,0.45,0.6,0.7,0.85,0.95,0.0,0.0,0.0,0.1,0.05
6,PE_only,-0.035166,0.1,0.25,0.3,0.65,0.75,0.8,0.9,0.0,0.0,0.0,0.08,0.04
6,PE_only,-0.035167,0.2,0.25,0.3,0.65,0.65,0.75,0.9,0.0,0.0,0.0,0.08,0.03
6,PB_FED,-0.035167,0.15,0.25,0.45,0.5,0.7,0.85,0.95,0.0,0.0,0.0,0.1,0.05
6,PE_only,-0.03517,0.05,0.15,0.35,0.55,0.65,0.75,0.85,0.0,0.0,0.0,0.12,0.03
6,PE_only,-0.035171,0.05,0.15,0.3,0.55,0.7,0.75,0.85,0.0,0.0,0.0,0.08,0.03
8,PE_only,-0.035173,0.05,0.25,0.45,0.55,0.75,0.8,0.9,0.0,0.0,0.0,0.08,0.05
8,PE_PB,-0.035176,0.15,0.3,0.35,0.7,0.7,0.75,0.85,0.0,0.65,0.0,0.1,0.05
8,PE_PB,-0.035177,0.1,0.2,0.45,0.6,0.75,0.8,0.9,0.0,0.65,0.0,0.06,0.04
8,PE_FED,-0.03518,0.15,0.3,0.45,0.55,0.65,0.8,0.85,-0.5,0.0,0.0,0.08,0.05
8,PE_PB,-0.035181,0.1,0.25,0.3,0.65,0.7,0.8,0.95,0.0,0.6,0.0,0.1,0.05
8,PE_PB_FED,-0.035186,0.05,0.15,0.45,0.5,0.7,0.8,0.85,0.0,0.6,0.7,0.08,0.04
8,PE_PB,-0.035188,0.1,0.15,0.3,0.65,0.65,0.8,0.85,0.0,0.6,0.0,0.1,0.05
6,PE_only,-0.035191,0.05,0.25,0.3,0.55,0.65,0.8,0.95,0.0,0.0,0.0,0.12,0.03
6,PE_only,-0.035193,0.15,0.25,0.4,0.65,0.7,0.8,0.9,0.0,0.0,0.0,0.12,0.04
6,PB_FED,-0.035196,0.2,0.3,0.45,0.5,0.75,0.8,0.85,0.0,0.0,0.0,0.1,0.04
6,PE_only,-0.0352,0.15,0.25,0.45,0.65,0.65,0.75,0.9,0.0,0.0,0.0,0.06,0.04
6,PE_only,-0.0352,0.15,0.25,0.45,0.65,0.7,0.75,0.9,0.0,0.0,0.0,0.08,0.04
6,PE_only,-0.0352,0.05,0.2,0.35,0.6,0.65,0.75,0.9,0.0,0.0,0.0,0.08,0.04
6,PE_FED,-0.0352,0.15,0.2,0.35,0.55,0.7,0.8,0.95,-0.5,0.0,0.0,0.12,0.03
6,PE_only,-0.035201,0.1,0.3,0.35,0.7,0.65,0.75,0.9,0.0,0.0,0.0,0.06,0.05
8,PE_PB,-0.035205,0.05,0.15,0.45,0.55,0.65,0.75,0.9,0.0,0.6,0.0,0.12,0.03
8,PE_only,-0.035208,0.05,0.15,0.3,0.5,0.7,0.85,0.9,0.0,0.0,0.0,0.08,0.04
8,PE_PB_FED,-0.035208,0.05,0.2,0.35,0.55,0.65,0.85,0.95,0.0,0.5,0.75,0.1,0.04
8,PE_PB,-0.035218,0.1,0.2,0.3,0.65,0.65,0.75,0.85,0.0,0.6,0.0,0.12,0.04
8,PE_PB_FED,-0.035218,0.05,0.2,0.4,0.55,0.75,0.8,0.85,-0.5,0.65,0.75,0.08,0.05
6,PE_only,-0.03522,0.1,0.2,0.4,0.6,0.65,0.85,0.95,0.0,0.0,0.0,0.12,0.03
6,PE_only,-0.03522,0.1,0.2,0.4,0.6,0.7,0.85,0.95,0.0,0.0,0.0,0.12,0.03
6,PB_only,-0.03522,0.1,0.3,0.35,0.5,0.65,0.85,0.95,0.0,0.0,0.0,0.08,0.05
8,PE_PB,-0.035223,0.15,0.2,0.3,0.7,0.65,0.75,0.95,0.0,0.5,0.0,0.08,0.04
6,PE_only,-0.035231,0.05,0.3,0.45,0.7,0.65,0.85,0.9,0.0,0.0,0.0,0.12,0.05
6,PE_FED,-0.035232,0.05,0.2,0.4,0.6,0.65,0.85,0.95,0.0,0.0,0.0,0.12,0.05
8,PE_only,-0.035232,0.15,0.25,0.3,0.55,0.75,0.85,0.9,0.0,0.0,0.0,0.06,0.03
8,PE_FED,-0.035241,0.05,0.25,0.3,0.65,0.65,0.75,0.95,0.5,0.0,0.0,0.08,0.03
6,PE_FED,-0.035242,0.1,0.3,0.45,0.7,0.7,0.75,0.95,0.0,0.0,0.0,0.08,0.03
8,PE_only,-0.035243,0.05,0.25,0.35,0.5,0.7,0.8,0.95,0.0,0.0,0.0,0.08,0.05
6,PE_only,-0.035245,0.1,0.25,0.35,0.65,0.65,0.85,0.9,0.0,0.0,0.0,0.12,0.05
8,PE_PB,-0.035247,0.05,0.2,0.4,0.6,0.7,0.8,0.85,0.0,0.65,0.0,0.12,0.04
8,PE_PB,-0.035248,0.1,0.2,0.3,0.55,0.75,0.8,0.95,0.0,0.6,0.0,0.1,0.03
8,PE_PB,-0.035249,0.1,0.2,0.45,0.7,0.65,0.75,0.9,0.0,0.55,0.0,0.12,0.03
8,PE_FED,-0.03525,0.1,0.2,0.3,0.55,0.75,0.8,0.95,0.5,0.0,0.0,0.08,0.03
6,PE_FED,-0.035252,0.1,0.25,0.3,0.6,0.65,0.8,0.95,-0.5,0.0,0.0,0.1,0.04
6,PE_PB,-0.035254,0.05,0.15,0.4,0.65,0.7,0.8,0.95,0.0,0.65,0.0,0.1,0.03
8,PE_PB_FED,-0.035256,0.15,0.25,0.3,0.65,0.7,0.8,0.95,-0.5,0.5,0.75,0.06,0.05
8,PE_PB,-0.035257,0.05,0.25,0.35,0.65,0.7,0.8,0.85,0.0,0.65,0.0,0.12,0.04
6,PE_FED,-0.03526,0.1,0.15,0.35,0.6,0.75,0.8,0.9,0.0,0.0,0.0,0.12,0.04
6,PE_only,-0.035262,0.05,0.2,0.3,0.6,0.7,0.85,0.95,0.0,0.0,0.0,0.06,0.04
6,PE_PB,-0.035267,0.1,0.2,0.35,0.7,0.7,0.75,0.95,0.0,0.55,0.0,0.08,0.05
6,PB_FED,-0.035268,0.2,0.3,0.4,0.5,0.75,0.8,0.9,0.0,0.0,0.0,0.1,0.04
6,PE_only,-0.035273,0.1,0.15,0.3,0.6,0.7,0.8,0.9,0.0,0.0,0.0,0.1,0.05
6,PE_FED,-0.03528,0.05,0.15,0.3,0.6,0.65,0.8,0.9,0.0,0.0,0.0,0.1,0.04
6,PE_only,-0.035282,0.1,0.2,0.45,0.65,0.65,0.75,0.85,0.0,0.0,0.0,0.06,0.04
8,PE_PB_FED,-0.035284,0.2,0.25,0.3,0.7,0.65,0.8,0.95,-0.5,0.5,0.75,0.06,0.04
6,PE_only,-0.035285,0.05,0.15,0.4,0.6,0.65,0.8,0.9,0.0,0.0,0.0,0.1,0.05
6,PE_only,-0.035285,0.05,0.15,0.4,0.6,0.65,0.8,0.9,0.0,0.0,0.0,0.08,0.05
8,PE_only,-0.035289,0.2,0.3,0.35,0.6,0.7,0.85,0.9,0.0,0.0,0.0,0.1,0.03
6,PE_PB,-0.035291,0.05,0.15,0.45,0.7,0.7,0.8,0.95,0.0,0.65,0.0,0.08,0.04
8,PE_PB_FED,-0.035295,0.2,0.25,0.3,0.65,0.75,0.8,0.9,0.0,0.5,0.8,0.1,0.04
6,PE_PB_FED,-0.035296,0.05,0.2,0.45,0.7,0.65,0.8,0.95,0.0,0.65,0.8,0.1,0.05
6,PE_only,-0.035301,0.05,0.2,0.3,0.6,0.75,0.85,0.95,0.0,0.0,0.0,0.08,0.05
6,PB_FED,-0.035301,0.15,0.25,0.45,0.5,0.75,0.85,0.95,-0.5,0.0,0.0,0.08,0.04
6,PE_only,-0.035302,0.1,0.15,0.3,0.5,0.7,0.8,0.95,0.0,0.0,0.0,0.06,0.05
6,PE_only,-0.035304,0.1,0.15,0.3,0.55,0.65,0.75,0.85,0.0,0.0,0.0,0.1,0.03
8,PE_only,-0.035308,0.1,0.3,0.45,0.6,0.7,0.85,0.9,0.0,0.0,0.0,0.06,0.03
8,PE_only,-0.035308,0.1,0.2,0.45,0.5,0.65,0.75,0.9,0.0,0.0,0.0,0.1,0.03
8,PE_PB,-0.035309,0.15,0.3,0.4,0.7,0.65,0.8,0.85,0.0,0.65,0.0,0.06,0.04
8,PB_FED,-0.035314,0.05,0.3,0.35,0.6,0.7,0.85,0.9,0.5,0.0,0.0,0.06,0.05
6,PE_only,-0.035317,0.15,0.2,0.35,0.65,0.7,0.8,0.85,0.0,0.0,0.0,0.08,0.05
6,PE_only,-0.03532,0.1,0.25,0.35,0.6,0.7,0.75,0.95,0.0,0.0,0.0,0.1,0.04
8,PE_only,-0.03532,0.1,0.15,0.4,0.5,0.7,0.75,0.85,0.0,0.0,0.0,0.06,0.05
8,PE_PB,-0.035321,0.05,0.2,0.45,0.6,0.65,0.75,0.9,0.0,0.6,0.0,0.1,0.03
6,PE_only,-0.035328,0.15,0.2,0.3,0.6,0.7,0.85,0.95,0.0,0.0,0.0,0.12,0.05
6,PE_only,-0.035328,0.05,0.15,0.3,0.6,0.7,0.8,0.85,0.0,0.0,0.0,0.12,0.03
8,PE_only,-0.035329,0.15,0.3,0.45,0.55,0.75,0.85,0.95,0.0,0.0,0.0,0.1,0.03
8,PE_only,-0.035331,0.05,0.25,0.35,0.55,0.65,0.85,0.9,0.0,0.0,0.0,0.08,0.03
6,PE_only,-0.035334,0.1,0.3,0.35,0.65,0.7,0.85,0.95,0.0,0.0,0.0,0.12,0.05
8,PE_PB_FED,-0.035335,0.05,0.2,0.3,0.55,0.65,0.8,0.85,0.0,0.5,0.75,0.06,0.03
6,PE_only,-0.035337,0.05,0.15,0.45,0.6,0.75,0.8,0.9,0.0,0.0,0.0,0.1,0.04
8,PB_FED,-0.035339,0.15,0.25,0.45,0.55,0.7,0.8,0.85,0.5,0.0,0.0,0.08,0.05
6,PE_FED,-0.035348,0.15,0.2,0.45,0.6,0.75,0.85,0.95,-0.5,0.0,0.0,0.08,0.04
8,PE_PB_FED,-0.035348,0.05,0.25,0.35,0.65,0.7,0.75,0.9,-0.5,0.5,0.7,0.1,0.03
6,PE_FED,-0.035349,0.15,0.3,0.45,0.65,0.7,0.8,0.95,-0.5,0.0,0.0,0.08,0.04
8,PE_FED,-0.035353,0.1,0.25,0.3,0.5,0.75,0.8,0.85,-0.5,0.0,0.0,0.1,0.03
6,PE_only,-0.035357,0.2,0.25,0.3,0.65,0.65,0.85,0.9,0.0,0.0,0.0,0.06,0.03
8,PE_only,-0.035359,0.05,0.15,0.45,0.5,0.75,0.8,0.9,0.0,0.0,0.0,0.1,0.05
8,PE_PB,-0.035361,0.2,0.25,0.45,0.7,0.75,0.85,0.9,0.0,0.65,0.0,0.06,0.04
6,PE_PB,-0.035362,0.05,0.2,0.3,0.7,0.7,0.75,0.9,0.0,0.55,0.0,0.06,0.03
6,PE_PB,-0.035362,0.05,0.2,0.3,0.7,0.7,0.75,0.9,0.0,0.55,0.0,0.08,0.03
8,PE_only,-0.035362,0.15,0.2,0.35,0.5,0.65,0.85,0.95,0.0,0.0,0.0,0.1,0.04
6,PE_only,-0.035363,0.05,0.3,0.4,0.65,0.7,0.85,0.95,0.0,0.0,0.0,0.12,0.04
6,PE_only,-0.035364,0.05,0.3,0.35,0.65,0.65,0.75,0.95,0.0,0.0,0.0,0.08,0.04
8,PE_only,-0.035364,0.1,0.3,0.35,0.6,0.75,0.85,0.9,0.0,0.0,0.0,0.1,0.05
6,PE_PB_FED,-0.035365,0.15,0.25,0.4,0.7,0.75,0.8,0.95,-0.5,0.65,0.8,0.06,0.04
8,PE_PB,-0.03537,0.05,0.25,0.4,0.7,0.75,0.85,0.95,0.0,0.55,0.0,0.1,0.03
8,PE_PB,-0.035375,0.1,0.15,0.3,0.55,0.7,0.85,0.95,0.0,0.6,0.0,0.1,0.03
8,PE_FED,-0.035377,0.15,0.25,0.3,0.65,0.65,0.8,0.95,0.5,0.0,0.0,0.06,0.03
8,PB_FED,-0.035377,0.2,0.25,0.3,0.5,0.75,0.8,0.95,0.5,0.0,0.0,0.06,0.05
6,PE_only,-0.03538,0.05,0.2,0.35,0.5,0.7,0.75,0.95,0.0,0.0,0.0,0.06,0.03
6,PE_only,-0.035381,0.1,0.2,0.35,0.6,0.65,0.75,0.9,0.0,0.0,0.0,0.08,0.04
6,PE_FED,-0.035381,0.1,0.25,0.45,0.65,0.75,0.8,0.9,-0.5,0.0,0.0,0.08,0.04
6,PE_only,-0.035384,0.1,0.25,0.45,0.6,0.65,0.75,0.95,0.0,0.0,0.0,0.12,0.03
6,PB_FED,-0.035384,0.05,0.25,0.45,0.5,0.7,0.85,0.9,-0.5,0.0,0.0,0.1,0.05
6,PE_FED,-0.035387,0.05,0.15,0.45,0.6,0.65,0.8,0.9,-0.5,0.0,0.0,0.08,0.04
6,PE_FED,-0.035389,0.1,0.3,0.35,0.7,0.65,0.75,0.9,-0.5,0.0,0.0,0.06,0.05
6,PB_only,-0.035389,0.2,0.3,0.4,0.5,0.65,0.8,0.95,0.0,0.0,0.0,0.06,0.05
8,PE_FED,-0.03539,0.2,0.3,0.35,0.55,0.65,0.85,0.9,-0.5,0.0,0.0,0.12,0.04
8,PE_FED,-0.035392,0.1,0.15,0.3,0.7,0.65,0.85,0.9,0.5,0.0,0.0,0.08,0.03
6,PE_only,-0.035395,0.15,0.3,0.4,0.65,0.7,0.8,0.95,0.0,0.0,0.0,0.08,0.04
6,PE_only,-0.035395,0.15,0.3,0.4,0.65,0.7,0.8,0.95,0.0,0.0,0.0,0.06,0.04
8,PE_PB,-0.035397,0.2,0.25,0.35,0.6,0.7,0.8,0.95,0.0,0.65,0.0,0.08,0.05
6,PE_FED,-0.035398,0.2,0.3,0.35,0.65,0.7,0.8,0.95,-0.5,0.0,0.0,0.06,0.04
6,PE_only,-0.0354,0.15,0.25,0.4,0.55,0.75,0.8,0.95,0.0,0.0,0.0,0.08,0.03
8,PE_only,-0.0354,0.05,0.25,0.45,0.5,0.65,0.75,0.95,0.0,0.0,0.0,0.1,0.05
8,PE_PB,-0.035401,0.1,0.25,0.45,0.65,0.65,0.75,0.95,0.0,0.6,0.0,0.12,0.04
8,PE_PB,-0.035402,0.15,0.2,0.45,0.65,0.7,0.75,0.95,0.0,0.55,0.0,0.06,0.04
8,PE_PB_FED,-0.035413,0.2,0.3,0.35,0.6,0.65,0.8,0.95,0.0,0.55,0.7,0.06,0.04
8,PB_FED,-0.035413,0.15,0.3,0.45,0.55,0.7,0.75,0.9,0.5,0.0,0.0,0.12,0.05
8,PE_PB_FED,-0.035414,0.2,0.25,0.45,0.65,0.7,0.8,0.9,0.0,0.55,0.7,0.1,0.05
6,PE_only,-0.035415,0.1,0.25,0.4,0.65,0.75,0.85,0.9,0.0,0.0,0.0,0.12,0.05
8,PE_only,-0.035415,0.1,0.25,0.3,0.5,0.75,0.8,0.95,0.0,0.0,0.0,0.08,0.05
6,PE_PB_FED,-0.035418,0.15,0.2,0.35,0.7,0.7,0.8,0.95,-0.5,0.6,0.8,0.1,0.05
6,PE_only,-0.035421,0.15,0.2,0.45,0.55,0.75,0.8,0.95,0.0,0.0,0.0,0.08,0.04
6,PE_FED,-0.035422,0.1,0.2,0.4,0.6,0.7,0.8,0.9,-0.5,0.0,0.0,0.06,0.04
8,PE_FED,-0.035424,0.05,0.3,0.4,0.5,0.65,0.8,0.85,0.0,0.0,0.0,0.1,0.04
6,PE_only,-0.035425,0.05,0.2,0.35,0.6,0.75,0.85,0.95,0.0,0.0,0.0,0.1,0.04
6,PB_only,-0.035425,0.2,0.3,0.45,0.5,0.75,0.8,0.9,0.0,0.0,0.0,0.06,0.05
8,PE_PB,-0.035427,0.2,0.3,0.4,0.7,0.7,0.75,0.9,0.0,0.65,0.0,0.12,0.05
8,PE_FED,-0.035427,0.05,0.15,0.3,0.5,0.75,0.8,0.95,0.5,0.0,0.0,0.06,0.03
6,PE_FED,-0.035428,0.05,0.15,0.45,0.65,0.65,0.8,0.9,0.0,0.0,0.0,0.08,0.05
6,PE_only,-0.035429,0.1,0.2,0.3,0.6,0.7,0.85,0.95,0.0,0.0,0.0,0.08,0.04
8,PE_only,-0.035429,0.15,0.2,0.45,0.55,0.65,0.85,0.9,0.0,0.0,0.0,0.06,0.05
8,PE_FED,-0.03543,0.2,0.3,0.45,0.55,0.7,0.75,0.85,-0.5,0.0,0.0,0.1,0.05
8,PE_PB_FED,-0.035433,0.05,0.25,0.45,0.55,0.75,0.8,0.95,0.0,0.5,0.8,0.12,0.04
8,PE_PB,-0.035434,0.05,0.15,0.45,0.65,0.75,0.8,0.9,0.0,0.55,0.0,0.12,0.04
8,PE_only,-0.035437,0.15,0.2,0.35,0.5,0.7,0.85,0.95,0.0,0.0,0.0,0.08,0.05
6,PE_only,-0.035438,0.15,0.3,0.4,0.65,0.75,0.8,0.95,0.0,0.0,0.0,0.1,0.05
6,PE_FED,-0.035438,0.05,0.25,0.3,0.7,0.7,0.8,0.9,0.0,0.0,0.0,0.06,0.03
8,PE_PB_FED,-0.035438,0.1,0.25,0.35,0.5,0.7,0.75,0.9,0.0,0.55,0.75,0.06,0.03
6,PE_only,-0.035444,0.15,0.3,0.35,0.7,0.75,0.8,0.85,0.0,0.0,0.0,0.06,0.05
8,PE_only,-0.035445,0.1,0.3,0.45,0.55,0.65,0.75,0.9,0.0,0.0,0.0,0.12,0.03
8,PE_PB_FED,-0.035448,0.1,0.3,0.45,0.55,0.7,0.75,0.95,-0.5,0.65,0.7,0.08,0.04
6,PE_FED,-0.03545,0.15,0.25,0.45,0.65,0.75,0.8,0.95,0.0,0.0,0.0,0.12,0.04
8,PE_only,-0.03545,0.05,0.2,0.4,0.5,0.7,0.8,0.9,0.0,0.0,0.0,0.1,0.04
8,PE_PB_FED,-0.035452,0.05,0.2,0.3,0.5,0.7,0.75,0.9,-0.5,0.65,0.75,0.08,0.05
6,PE_only,-0.035453,0.1,0.3,0.4,0.65,0.7,0.75,0.95,0.0,0.0,0.0,0.08,0.04
6,PE_only,-0.035455,0.1,0.15,0.35,0.5,0.7,0.8,0.95,0.0,0.0,0.0,0.12,0.04
8,PE_only,-0.035458,0.1,0.2,0.3,0.5,0.65,0.85,0.95,0.0,0.0,0.0,0.06,0.05
8,PE_PB_FED,-0.035458,0.2,0.3,0.35,0.55,0.65,0.75,0.9,0.0,0.6,0.7,0.06,0.04
8,PE_only,-0.035463,0.2,0.3,0.35,0.55,0.65,0.75,0.9,0.0,0.0,0.0,0.06,0.03
6,PE_only,-0.035464,0.2,0.25,0.45,0.7,0.65,0.8,0.9,0.0,0.0,0.0,0.08,0.05
6,PE_only,-0.035466,0.05,0.2,0.45,0.55,0.7,0.8,0.95,0.0,0.0,0.0,0.1,0.05
8,PE_PB,-0.035469,0.05,0.25,0.45,0.65,0.7,0.8,0.9,0.0,0.65,0.0,0.06,0.05
8,PE_PB,-0.035469,0.1,0.2,0.4,0.55,0.75,0.8,0.95,0.0,0.6,0.0,0.1,0.03
8,PE_PB,-0.035469,0.1,0.25,0.45,0.65,0.7,0.75,0.95,0.0,0.6,0.0,0.08,0.05
8,PE_FED,-0.035471,0.05,0.15,0.45,0.65,0.75,0.8,0.9,0.5,0.0,0.0,0.1,0.03
8,PE_only,-0.035472,0.1,0.2,0.35,0.5,0.7,0.75,0.9,0.0,0.0,0.0,0.1,0.05
8,PE_PB_FED,-0.035472,0.05,0.25,0.45,0.6,0.75,0.8,0.9,0.0,0.5,0.75,0.06,0.03
6,PE_FED,-0.035473,0.2,0.3,0.4,0.65,0.75,0.8,0.95,-0.5,0.0,0.0,0.1,0.04
8,PE_PB,-0.035473,0.05,0.3,0.4,0.7,0.65,0.8,0.95,0.0,0.6,0.0,0.12,0.05
8,PE_PB,-0.035474,0.05,0.2,0.4,0.7,0.65,0.8,0.85,0.0,0.55,0.0,0.08,0.03
8,PE_only,-0.035477,0.1,0.25,0.3,0.55,0.7,0.85,0.9,0.0,0.0,0.0,0.06,0.03
8,PE_PB_FED,-0.035478,0.15,0.25,0.3,0.7,0.65,0.75,0.85,-0.5,0.5,0.75,0.06,0.03
6,PE_only,-0.035479,0.15,0.3,0.35,0.7,0.65,0.8,0.85,0.0,0.0,0.0,0.06,0.04
8,PE_PB,-0.035479,0.05,0.2,0.35,0.65,0.65,0.85,0.95,0.0,0.55,0.0,0.06,0.03
6,PE_only,-0.035481,0.15,0.3,0.45,0.7,0.7,0.75,0.85,0.0,0.0,0.0,0.1,0.04
6,PE_only,-0.035483,0.1,0.3,0.45,0.65,0.7,0.75,0.95,0.0,0.0,0.0,0.12,0.03
8,PE_PB_FED,-0.035483,0.15,0.2,0.35,0.6,0.7,0.85,0.9,0.0,0.5,0.7,0.08,0.04
8,PE_PB_FED,-0.035484,0.1,0.25,0.35,0.65,0.7,0.8,0.95,-0.5,0.5,0.7,0.08,0.04
6,PE_only,-0.035489,0.2,0.25,0.4,0.6,0.65,0.75,0.95,0.0,0.0,0.0,0.06,0.03
8,PE_PB,-0.035489,0.05,0.25,0.45,0.7,0.75,0.8,0.95,0.0,0.55,0.0,0.08,0.05
6,PB_only,-0.03549,0.05,0.3,0.45,0.5,0.7,0.8,0.95,0.0,0.0,0.0,0.12,0.04
6,PE_only,-0.035492,0.1,0.15,0.35,0.5,0.7,0.8,0.95,0.0,0.0,0.0,0.12,0.05
6,PE_only,-0.035492,0.1,0.15,0.35,0.5,0.75,0.8,0.95,0.0,0.0,0.0,0.06,0.05
6,PE_PB,-0.035492,0.05,0.25,0.3,0.7,0.75,0.8,0.95,0.0,0.55,0.0,0.1,0.03
8,PE_PB_FED,-0.035492,0.1,0.15,0.35,0.5,0.65,0.8,0.9,0.0,0.5,0.8,0.1,0.05
6,PE_only,-0.035493,0.05,0.2,0.4,0.5,0.7,0.75,0.95,0.0,0.0,0.0,0.12,0.03
6,PE_only,-0.035494,0.05,0.25,0.45,0.65,0.65,0.8,0.9,0.0,0.0,0.0,0.08,0.03
6,PE_only,-0.035494,0.05,0.25,0.45,0.65,0.75,0.8,0.9,0.0,0.0,0.0,0.1,0.03
8,PE_PB_FED,-0.035496,0.15,0.2,0.4,0.55,0.65,0.85,0.95,-0.5,0.55,0.75,0.12,0.03
8,PE_PB,-0.035499,0.2,0.25,0.45,0.7,0.7,0.75,0.9,0.0,0.6,0.0,0.12,0.03
8,PE_PB,-0.035501,0.1,0.15,0.3,0.65,0.7,0.75,0.85,0.0,0.55,0.0,0.1,0.04
8,PE_PB,-0.035511,0.05,0.15,0.4,0.55,0.75,0.8,0.95,0.0,0.55,0.0,0.06,0.04
6,PE_only,-0.035513,0.15,0.25,0.4,0.65,0.65,0.75,0.85,0.0,0.0,0.0,0.08,0.04
8,PB_FED,-0.035513,0.1,0.3,0.35,0.5,0.65,0.8,0.9,0.5,0.0,0.0,0.06,0.03
6,PE_only,-0.035518,0.05,0.2,0.4,0.6,0.7,0.85,0.95,0.0,0.0,0.0,0.1,0.04
8,PB_FED,-0.035522,0.2,0.3,0.45,0.65,0.7,0.85,0.95,0.5,0.0,0.0,0.06,0.05
6,PE_FED,-0.035523,0.15,0.2,0.45,0.65,0.65,0.8,0.85,0.0,0.0,0.0,0.1,0.05
6,PE_only,-0.035524,0.1,0.15,0.3,0.55,0.7,0.75,0.85,0.0,0.0,0.0,0.06,0.04
8,PE_FED,-0.035525,0.1,0.15,0.45,0.5,0.7,0.75,0.95,0.5,0.0,0.0,0.1,0.03
8,PE_PB,-0.035528,0.15,0.2,0.3,0.7,0.75,0.8,0.85,0.0,0.55,0.0,0.1,0.03
8,PE_PB,-0.035528,0.1,0.15,0.4,0.65,0.7,0.75,0.85,0.0,0.55,0.0,0.12,0.03
8,PE_only,-0.03553,0.05,0.3,0.45,0.55,0.7,0.85,0.95,0.0,0.0,0.0,0.12,0.03
8,PE_only,-0.035531,0.05,0.3,0.35,0.55,0.75,0.85,0.95,0.0,0.0,0.0,0.08,0.05
8,PE_FED,-0.035531,0.2,0.3,0.4,0.5,0.75,0.8,0.95,-0.5,0.0,0.0,0.06,0.04
8,PE_PB,-0.035533,0.1,0.3,0.4,0.7,0.75,0.8,0.85,0.0,0.65,0.0,0.08,0.04
8,PE_PB_FED,-0.035534,0.1,0.25,0.45,0.6,0.7,0.75,0.9,0.0,0.5,0.7,0.06,0.05
8,PE_only,-0.035537,0.15,0.2,0.35,0.5,0.75,0.8,0.9,0.0,0.0,0.0,0.12,0.04
8,PE_PB,-0.035538,0.1,0.15,0.35,0.55,0.65,0.85,0.95,0.0,0.6,0.0,0.06,0.03
8,PE_PB_FED,-0.035538,0.2,0.3,0.35,0.7,0.75,0.85,0.9,0.0,0.55,0.7,0.06,0.03
6,PE_FED,-0.035539,0.05,0.3,0.45,0.7,0.7,0.8,0.9,-0.5,0.0,0.0,0.1,0.04
8,PE_PB,-0.035539,0.15,0.25,0.35,0.65,0.7,0.85,0.95,0.0,0.6,0.0,0.1,0.03
6,PB_only,-0.03554,0.05,0.3,0.45,0.5,0.75,0.8,0.95,0.0,0.0,0.0,0.12,0.05
8,PE_PB,-0.03554,0.15,0.2,0.3,0.6,0.7,0.85,0.9,0.0,0.65,0.0,0.06,0.03
8,PE_PB,-0.035542,0.1,0.2,0.4,0.7,0.7,0.75,0.85,0.0,0.55,0.0,0.12,0.03
8,PE_PB_FED,-0.035542,0.1,0.25,0.4,0.65,0.65,0.8,0.85,0.0,0.5,0.7,0.1,0.04
8,PE_PB,-0.035543,0.1,0.25,0.4,0.55,0.7,0.8,0.95,0.0,0.65,0.0,0.12,0.03
8,PE_PB,-0.035543,0.1,0.2,0.3,0.7,0.7,0.75,0.9,0.0,0.5,0.0,0.08,0.03
8,PE_PB,-0.035543,0.1,0.25,0.4,0.55,0.7,0.8,0.95,0.0,0.65,0.0,0.1,0.03
6,PE_PB_FED,-0.035544,0.15,0.2,0.4,0.65,0.7,0.8,0.95,0.0,0.6,0.75,0.12,0.03
6,PE_only,-0.035545,0.15,0.3,0.4,0.7,0.65,0.8,0.85,0.0,0.0,0.0,0.1,0.04
6,PE_FED,-0.035547,0.15,0.25,0.45,0.7,0.65,0.75,0.9,0.0,0.0,0.0,0.06,0.04
8,PE_FED,-0.035547,0.1,0.25,0.45,0.7,0.7,0.8,0.95,0.5,0.0,0.0,0.06,0.03
8,PE_PB_FED,-0.035548,0.05,0.15,0.35,0.65,0.7,0.75,0.95,0.5,0.6,0.75,0.08,0.05
6,PE_only,-0.035549,0.1,0.15,0.3,0.6,0.7,0.75,0.85,0.0,0.0,0.0,0.08,0.05
8,PE_PB_FED,-0.03555,0.1,0.3,0.35,0.65,0.7,0.8,0.9,0.0,0.5,0.7,0.08,0.03
8,PE_PB_FED,-0.035552,0.15,0.25,0.35,0.65,0.65,0.85,0.9,0.0,0.5,0.7,0.06,0.03
8,PE_PB,-0.035554,0.05,0.15,0.45,0.65,0.75,0.8,0.95,0.0,0.5,0.0,0.08,0.05
8,PE_PB,-0.035555,0.1,0.15,0.35,0.5,0.7,0.75,0.95,0.0,0.6,0.0,0.1,0.03
8,PE_PB,-0.035555,0.2,0.25,0.3,0.7,0.65,0.8,0.9,0.0,0.6,0.0,0.1,0.03
8,PE_PB,-0.035556,0.1,0.25,0.4,0.6,0.75,0.8,0.9,0.0,0.65,0.0,0.08,0.03
8,PE_PB_FED,-0.035557,0.05,0.2,0.3,0.55,0.65,0.85,0.9,-0.5,0.65,0.8,0.08,0.05
8,PE_PB,-0.035559,0.1,0.2,0.3,0.55,0.7,0.75,0.95,0.0,0.6,0.0,0.1,0.04
8,PE_PB_FED,-0.035559,0.1,0.3,0.4,0.6,0.65,0.75,0.95,-0.5,0.55,0.75,0.1,0.03
6,PB_only,-0.035564,0.05,0.3,0.45,0.6,0.65,0.85,0.95,0.0,0.0,0.0,0.1,0.04
6,PE_PB,-0.035569,0.05,0.2,0.35,0.65,0.7,0.8,0.95,0.0,0.55,0.0,0.08,0.03
6,PE_PB_FED,-0.035571,0.05,0.25,0.45,0.7,0.65,0.8,0.95,-0.5,0.65,0.7,0.08,0.03
6,PB_only,-0.035572,0.2,0.3,0.45,0.6,0.7,0.85,0.95,0.0,0.0,0.0,0.1,0.05
6,PE_FED,-0.035577,0.1,0.3,0.4,0.7,0.7,0.85,0.9,-0.5,0.0,0.0,0.08,0.04
8,PE_PB_FED,-0.03558,0.05,0.25,0.3,0.55,0.65,0.8,0.9,-0.5,0.65,0.7,0.12,0.05
6,PE_only,-0.035582,0.05,0.3,0.4,0.7,0.65,0.8,0.9,0.0,0.0,0.0,0.1,0.05
8,PE_PB,-0.035582,0.05,0.15,0.3,0.6,0.7,0.85,0.9,0.0,0.6,0.0,0.06,0.04
6,PE_only,-0.035583,0.1,0.2,0.35,0.6,0.75,0.85,0.95,0.0,0.0,0.0,0.08,0.04
6,PE_only,-0.035585,0.2,0.3,0.35,0.65,0.75,0.8,0.95,0.0,0.0,0.0,0.12,0.03
6,PE_only,-0.035586,0.1,0.2,0.35,0.5,0.7,0.75,0.95,0.0,0.0,0.0,0.12,0.03
8,PE_only,-0.035586,0.1,0.25,0.35,0.5,0.7,0.8,0.95,0.0,0.0,0.0,0.12,0.05
8,PE_PB,-0.035586,0.05,0.2,0.35,0.6,0.65,0.8,0.85,0.0,0.65,0.0,0.06,0.05
8,PE_PB,-0.035586,0.1,0.15,0.3,0.6,0.7,0.8,0.9,0.0,0.55,0.0,0.1,0.03
8,PE_PB,-0.035586,0.05,0.25,0.45,0.65,0.65,0.8,0.85,0.0,0.65,0.0,0.06,0.04
6,PE_only,-0.035588,0.15,0.2,0.45,0.65,0.75,0.8,0.85,0.0,0.0,0.0,0.1,0.03
6,PE_FED,-0.03559,0.15,0.25,0.35,0.65,0.65,0.8,0.85,-0.5,0.0,0.0,0.12,0.03
8,PB_FED,-0.035591,0.05,0.2,0.4,0.5,0.75,0.85,0.9,0.5,0.0,0.0,0.1,0.05
8,PB_FED,-0.035594,0.1,0.25,0.45,0.5,0.65,0.8,0.95,0.5,0.0,0.0,0.06,0.03
6,PE_only,-0.035595,0.15,0.2,0.45,0.6,0.65,0.75,0.9,0.0,0.0,0.0,0.06,0.03
8,PE_PB_FED,-0.035595,0.1,0.25,0.45,0.65,0.7,0.75,0.95,-0.5,0.5,0.8,0.06,0.05
8,PE_only,-0.035599,0.1,0.3,0.35,0.55,0.65,0.85,0.95,0.0,0.0,0.0,0.08,0.04
8,PE_PB,-0.035599,0.1,0.2,0.3,0.7,0.65,0.75,0.9,0.0,0.55,0.0,0.08,0.05
8,PB_FED,-0.035599,0.15,0.3,0.35,0.55,0.65,0.8,0.9,0.5,0.0,0.0,0.1,0.05
8,PB_FED,-0.035602,0.1,0.3,0.4,0.5,0.7,0.75,0.9,0.5,0.0,0.0,0.12,0.04
6,PE_FED,-0.035603,0.05,0.25,0.35,0.7,0.7,0.8,0.9,0.0,0.0,0.0,0.1,0.03
6,PE_PB,-0.035604,0.05,0.15,0.3,0.7,0.65,0.75,0.85,0.0,0.65,0.0,0.12,0.03
6,PE_only,-0.035607,0.1,0.15,0.4,0.5,0.75,0.8,0.95,0.0,0.0,0.0,0.1,0.05
8,PE_FED,-0.035609,0.15,0.2,0.4,0.6,0.65,0.75,0.9,0.5,0.0,0.0,0.1,0.03
6,PB_only,-0.03561,0.1,0.3,0.4,0.5,0.7,0.85,0.95,0.0,0.0,0.0,0.08,0.04
8,PE_FED,-0.03561,0.1,0.15,0.45,0.55,0.65,0.8,0.95,0.5,0.0,0.0,0.12,0.04
8,PE_FED,-0.035611,0.1,0.2,0.45,0.6,0.7,0.8,0.95,0.5,0.0,0.0,0.08,0.03
8,PE_FED,-0.035611,0.1,0.2,0.45,0.6,0.7,0.8,0.95,0.5,0.0,0.0,0.1,0.03
6,PE_only,-0.035612,0.05,0.15,0.3,0.5,0.65,0.75,0.9,0.0,0.0,0.0,0.06,0.04
8,PE_only,-0.035614,0.2,0.3,0.45,0.6,0.75,0.8,0.85,0.0,0.0,0.0,0.1,0.04
8,PB_FED,-0.035621,0.15,0.3,0.35,0.5,0.65,0.75,0.95,0.5,0.0,0.0,0.06,0.05
8,PE_PB,-0.035622,0.1,0.15,0.4,0.55,0.65,0.85,0.95,0.0,0.6,0.0,0.12,0.03
6,PE_FED,-0.035623,0.1,0.15,0.3,0.55,0.7,0.85,0.95,-0.5,0.0,0.0,0.1,0.03
8,PE_PB,-0.035624,0.15,0.3,0.4,0.7,0.7,0.75,0.95,0.0,0.55,0.0,0.08,0.03
8,PE_only,-0.035632,0.15,0.3,0.45,0.6,0.75,0.85,0.9,0.0,0.0,0.0,0.1,0.05
8,PB_FED,-0.035633,0.2,0.3,0.45,0.6,0.75,0.8,0.9,0.5,0.0,0.0,0.12,0.05
6,PE_only,-0.035634,0.15,0.3,0.35,0.7,0.65,0.75,0.85,0.0,0.0,0.0,0.06,0.05
8,PE_only,-0.035634,0.15,0.3,0.4,0.55,0.65,0.8,0.9,0.0,0.0,0.0,0.12,0.04
8,PE_only,-0.035639,0.05,0.3,0.4,0.55,0.7,0.85,0.95,0.0,0.0,0.0,0.1,0.05
6,PB_only,-0.035641,0.2,0.3,0.45,0.5,0.75,0.85,0.9,0.0,0.0,0.0,0.12,0.04
6,PE_only,-0.035644,0.15,0.2,0.4,0.55,0.7,0.75,0.9,0.0,0.0,0.0,0.1,0.04
6,PE_only,-0.035644,0.15,0.2,0.4,0.55,0.7,0.75,0.9,0.0,0.0,0.0,0.08,0.04
6,PE_only,-0.035645,0.15,0.3,0.35,0.65,0.7,0.75,0.9,0.0,0.0,0.0,0.08,0.03
6,PE_only,-0.035645,0.15,0.3,0.35,0.65,0.65,0.75,0.9,0.0,0.0,0.0,0.06,0.03
8,PE_PB_FED,-0.035645,0.05,0.15,0.45,0.6,0.7,0.85,0.95,-0.5,0.5,0.7,0.08,0.05
8,PE_PB_FED,-0.035649,0.2,0.25,0.3,0.6,0.75,0.8,0.85,-0.5,0.65,0.8,0.08,0.05
8,PB_FED,-0.035651,0.15,0.25,0.45,0.5,0.7,0.85,0.9,0.5,0.0,0.0,0.06,0.03
6,PE_only,-0.035652,0.2,0.3,0.4,0.65,0.75,0.8,0.95,0.0,0.0,0.0,0.06,0.03
6,PE_FED,-0.035652,0.2,0.3,0.45,0.7,0.65,0.75,0.95,0.0,0.0,0.0,0.08,0.05
8,PE_PB_FED,-0.035654,0.05,0.15,0.45,0.5,0.65,0.8,0.95,-0.5,0.5,0.7,0.06,0.03
6,PE_FED,-0.035656,0.05,0.25,0.3,0.65,0.7,0.75,0.9,0.0,0.0,0.0,0.12,0.03
6,PE_only,-0.035657,0.05,0.2,0.3,0.55,0.7,0.8,0.9,0.0,0.0,0.0,0.12,0.03
6,PE_only,-0.035657,0.05,0.2,0.3,0.55,0.75,0.8,0.9,0.0,0.0,0.0,0.08,0.03
6,PE_FED,-0.035658,0.1,0.2,0.45,0.55,0.7,0.75,0.95,-0.5,0.0,0.0,0.1,0.03
8,PE_PB,-0.035659,0.05,0.25,0.45,0.7,0.7,0.75,0.95,0.0,0.5,0.0,0.08,0.03
8,PE_PB,-0.035659,0.15,0.3,0.35,0.65,0.65,0.8,0.95,0.0,0.6,0.0,0.12,0.03
6,PE_FED,-0.035661,0.15,0.2,0.3,0.6,0.65,0.8,0.9,-0.5,0.0,0.0,0.1,0.05
6,PB_only,-0.035661,0.05,0.3,0.45,0.5,0.7,0.85,0.95,0.0,0.0,0.0,0.08,0.03
6,PE_FED,-0.035664,0.05,0.25,0.4,0.6,0.75,0.8,0.95,-0.5,0.0,0.0,0.1,0.05
8,PE_only,-0.035669,0.1,0.2,0.45,0.55,0.65,0.85,0.9,0.0,0.0,0.0,0.12,0.05
8,PE_PB,-0.035669,0.15,0.25,0.3,0.7,0.7,0.75,0.85,0.0,0.6,0.0,0.1,0.05
8,PE_only,-0.035672,0.2,0.25,0.3,0.55,0.65,0.75,0.85,0.0,0.0,0.0,0.06,0.05
6,PE_only,-0.035673,0.1,0.2,0.4,0.6,0.7,0.85,0.95,0.0,0.0,0.0,0.12,0.04
6,PE_PB,-0.035674,0.1,0.2,0.3,0.65,0.7,0.8,0.95,0.0,0.55,0.0,0.06,0.03
6,PE_only,-0.035677,0.2,0.25,0.3,0.55,0.65,0.75,0.95,0.0,0.0,0.0,0.1,0.03
8,PE_PB_FED,-0.035679,0.15,0.3,0.45,0.5,0.7,0.8,0.95,0.0,0.65,0.8,0.12,0.04
6,PE_only,-0.035684,0.1,0.15,0.45,0.55,0.7,0.85,0.95,0.0,0.0,0.0,0.1,0.05
8,PE_only,-0.035684,0.1,0.25,0.35,0.55,0.75,0.85,0.9,0.0,0.0,0.0,0.06,0.04
6,PE_PB,-0.035691,0.05,0.2,0.45,0.7,0.75,0.8,0.95,0.0,0.55,0.0,0.1,0.04
6,PE_FED,-0.035691,0.15,0.25,0.4,0.65,0.7,0.75,0.9,0.0,0.0,0.0,0.12,0.04
6,PE_only,-0.035697,0.05,0.3,0.45,0.7,0.65,0.75,0.9,0.0,0.0,0.0,0.06,0.05
8,PE_PB,-0.035698,0.05,0.2,0.3,0.6,0.65,0.75,0.95,0.0,0.5,0.0,0.08,0.03
8,PE_PB,-0.035699,0.1,0.25,0.3,0.65,0.7,0.85,0.9,0.0,0.65,0.0,0.1,0.04
8,PE_PB,-0.0357,0.1,0.15,0.3,0.5,0.75,0.8,0.95,0.0,0.65,0.0,0.12,0.05
8,PE_PB,-0.0357,0.1,0.15,0.3,0.5,0.75,0.8,0.95,0.0,0.65,0.0,0.06,0.05
8,PE_only,-0.035701,0.1,0.25,0.4,0.5,0.75,0.8,0.95,0.0,0.0,0.0,0.06,0.05
8,PE_PB,-0.035704,0.15,0.25,0.3,0.65,0.65,0.8,0.85,0.0,0.65,0.0,0.08,0.05
6,PE_only,-0.035706,0.05,0.3,0.35,0.7,0.65,0.8,0.85,0.0,0.0,0.0,0.12,0.04
6,PE_only,-0.035708,0.1,0.25,0.3,0.65,0.7,0.75,0.85,0.0,0.0,0.0,0.12,0.04
6,PE_PB,-0.035708,0.05,0.15,0.45,0.7,0.75,0.8,0.9,0.0,0.65,0.0,0.08,0.03
6,PE_only,-0.035711,0.1,0.2,0.4,0.6,0.7,0.85,0.95,0.0,0.0,0.0,0.08,0.05
8,PE_FED,-0.035711,0.05,0.2,0.3,0.7,0.75,0.8,0.9,0.5,0.0,0.0,0.12,0.04
8,PB_FED,-0.035711,0.05,0.25,0.35,0.5,0.65,0.8,0.85,0.5,0.0,0.0,0.12,0.05
6,PE_FED,-0.035714,0.1,0.25,0.35,0.65,0.7,0.75,0.9,0.0,0.0,0.0,0.06,0.04
6,PE_only,-0.035718,0.05,0.25,0.35,0.65,0.7,0.8,0.9,0.0,0.0,0.0,0.1,0.05
6,PE_only,-0.035718,0.05,0.25,0.35,0.65,0.75,0.8,0.9,0.0,0.0,0.0,0.06,0.05
8,PE_FED,-0.035722,0.05,0.2,0.35,0.55,0.75,0.8,0.95,0.5,0.0,0.0,0.06,0.03
8,PE_PB_FED,-0.035722,0.1,0.2,0.3,0.55,0.65,0.8,0.85,-0.5,0.6,0.7,0.06,0.03
6,PE_FED,-0.035728,0.05,0.15,0.3,0.6,0.7,0.75,0.85,0.0,0.0,0.0,0.08,0.04
8,PE_PB,-0.035732,0.05,0.25,0.45,0.7,0.65,0.8,0.95,0.0,0.55,0.0,0.08,0.05
8,PE_PB_FED,-0.035732,0.05,0.3,0.45,0.6,0.65,0.75,0.9,0.0,0.55,0.7,0.12,0.04
6,PE_only,-0.035738,0.2,0.25,0.3,0.65,0.7,0.85,0.9,0.0,0.0,0.0,0.1,0.05
6,PE_PB,-0.035739,0.05,0.15,0.3,0.65,0.75,0.8,0.9,0.0,0.6,0.0,0.12,0.03
8,PE_PB,-0.035739,0.1,0.2,0.3,0.6,0.7,0.75,0.95,0.0,0.55,0.0,0.12,0.05
6,PE_PB,-0.035741,0.1,0.15,0.3,0.7,0.65,0.75,0.85,0.0,0.6,0.0,0.08,0.03
6,PB_only,-0.035751,0.05,0.3,0.45,0.5,0.7,0.85,0.9,0.0,0.0,0.0,0.1,0.05
6,PB_only,-0.035751,0.05,0.3,0.45,0.5,0.75,0.85,0.9,0.0,0.0,0.0,0.08,0.05
8,PE_PB_FED,-0.035752,0.05,0.25,0.3,0.65,0.65,0.85,0.9,-0.5,0.6,0.75,0.12,0.05
8,PE_FED,-0.035754,0.05,0.15,0.3,0.6,0.75,0.85,0.95,0.5,0.0,0.0,0.1,0.04
8,PE_FED,-0.035755,0.05,0.3,0.4,0.5,0.65,0.85,0.9,0.0,0.0,0.0,0.08,0.03
8,PE_only,-0.035757,0.05,0.3,0.4,0.55,0.7,0.8,0.9,0.0,0.0,0.0,0.12,0.04
6,PE_PB,-0.035758,0.15,0.2,0.3,0.7,0.65,0.85,0.95,0.0,0.65,0.0,0.1,0.04
8,PE_FED,-0.035766,0.1,0.3,0.35,0.5,0.7,0.8,0.9,-0.5,0.0,0.0,0.08,0.03
8,PE_PB,-0.035767,0.05,0.2,0.4,0.65,0.65,0.8,0.9,0.0,0.55,0.0,0.12,0.03
8,PE_only,-0.035768,0.05,0.3,0.45,0.6,0.7,0.85,0.9,0.0,0.0,0.0,0.12,0.05
8,PB_FED,-0.03577,0.05,0.25,0.45,0.5,0.7,0.8,0.85,0.5,0.0,0.0,0.06,0.03
8,PE_PB_FED,-0.035772,0.1,0.2,0.45,0.55,0.65,0.85,0.9,0.0,0.55,0.8,0.06,0.03
8,PE_only,-0.035774,0.1,0.3,0.4,0.55,0.75,0.85,0.95,0.0,0.0,0.0,0.1,0.05
6,PE_FED,-0.035777,0.15,0.3,0.35,0.65,0.7,0.75,0.9,-0.5,0.0,0.0,0.12,0.04
8,PE_PB,-0.035779,0.05,0.2,0.45,0.6,0.75,0.85,0.95,0.0,0.6,0.0,0.1,0.03
6,PE_FED,-0.035786,0.05,0.15,0.4,0.6,0.75,0.8,0.85,-0.5,0.0,0.0,0.12,0.03
8,PE_PB,-0.035789,0.05,0.15,0.3,0.65,0.65,0.75,0.9,0.0,0.5,0.0,0.06,0.05
6,PE_FED,-0.035791,0.15,0.3,0.4,0.65,0.7,0.85,0.95,-0.5,0.0,0.0,0.06,0.04
6,PB_FED,-0.035791,0.2,0.3,0.35,0.5,0.65,0.85,0.9,0.0,0.0,0.0,0.06,0.05
6,PE_only,-0.035792,0.1,0.2,0.3,0.6,0.7,0.75,0.9,0.0,0.0,0.0,0.1,0.05
8,PE_PB_FED,-0.035793,0.1,0.25,0.3,0.6,0.75,0.8,0.9,-0.5,0.55,0.8,0.08,0.03
8,PE_PB,-0.035799,0.1,0.2,0.35,0.7,0.65,0.75,0.85,0.0,0.55,0.0,0.1,0.04
6,PE_only,-0.035804,0.05,0.25,0.45,0.6,0.65,0.75,0.95,0.0,0.0,0.0,0.06,0.05
8,PE_only,-0.035805,0.05,0.25,0.3,0.5,0.7,0.85,0.95,0.0,0.0,0.0,0.12,0.03
8,PE_PB,-0.035808,0.05,0.2,0.35,0.7,0.7,0.85,0.9,0.0,0.55,0.0,0.06,0.04
8,PE_PB_FED,-0.035808,0.1,0.25,0.45,0.65,0.7,0.85,0.9,-0.5,0.6,0.8,0.1,0.04
6,PE_FED,-0.035811,0.1,0.25,0.3,0.6,0.65,0.75,0.95,0.0,0.0,0.0,0.06,0.04
6,PE_only,-0.035817,0.15,0.2,0.3,0.6,0.65,0.75,0.85,0.0,0.0,0.0,0.12,0.03
6,PE_FED,-0.03582,0.15,0.25,0.35,0.65,0.65,0.85,0.95,0.0,0.0,0.0,0.12,0.04
8,PE_PB_FED,-0.035821,0.1,0.2,0.3,0.55,0.7,0.75,0.9,-0.5,0.55,0.75,0.08,0.05
8,PE_PB_FED,-0.035821,0.15,0.25,0.4,0.55,0.7,0.75,0.95,-0.5,0.5,0.7,0.12,0.03
6,PE_only,-0.035822,0.05,0.3,0.45,0.65,0.7,0.85,0.95,0.0,0.0,0.0,0.06,0.04
8,PE_PB,-0.035822,0.1,0.2,0.4,0.6,0.75,0.8,0.9,0.0,0.6,0.0,0.06,0.03
6,PE_PB,-0.03583,0.05,0.15,0.4,0.7,0.65,0.75,0.85,0.0,0.65,0.0,0.12,0.03
8,PE_PB,-0.035831,0.05,0.25,0.45,0.7,0.7,0.85,0.95,0.0,0.55,0.0,0.12,0.03
8,PE_PB_FED,-0.035833,0.1,0.3,0.35,0.5,0.65,0.75,0.95,0.0,0.55,0.7,0.06,0.03
6,PE_only,-0.035834,0.1,0.15,0.35,0.5,0.7,0.75,0.9,0.0,0.0,0.0,0.12,0.03
6,PE_FED,-0.035834,0.05,0.25,0.35,0.65,0.7,0.75,0.85,-0.5,0.0,0.0,0.08,0.05
6,PE_only,-0.035836,0.1,0.25,0.35,0.65,0.7,0.75,0.85,0.0,0.0,0.0,0.08,0.04
8,PE_PB_FED,-0.035839,0.1,0.3,0.35,0.55,0.65,0.75,0.95,0.0,0.5,0.75,0.06,0.04
6,PE_FED,-0.035841,0.1,0.15,0.35,0.6,0.75,0.8,0.9,0.0,0.0,0.0,0.08,0.05
6,PE_PB,-0.035843,0.1,0.15,0.35,0.55,0.7,0.8,0.95,0.0,0.65,0.0,0.12,0.05
6,PE_FED,-0.035843,0.05,0.25,0.45,0.6,0.7,0.75,0.95,-0.5,0.0,0.0,0.08,0.04
8,PE_PB,-0.035843,0.05,0.15,0.35,0.6,0.75,0.85,0.95,0.0,0.55,0.0,0.08,0.04
8,PE_PB_FED,-0.035845,0.2,0.25,0.4,0.6,0.75,0.8,0.85,-0.5,0.65,0.8,0.1,0.05
8,PE_only,-0.035848,0.15,0.2,0.4,0.5,0.7,0.75,0.85,0.0,0.0,0.0,0.08,0.03
8,PE_PB_FED,-0.035848,0.15,0.25,0.3,0.5,0.7,0.75,0.85,0.0,0.6,0.75,0.08,0.04
6,PE_PB_FED,-0.035855,0.05,0.2,0.4,0.7,0.75,0.85,0.95,-0.5,0.6,0.75,0.1,0.03
6,PE_FED,-0.035858,0.1,0.15,0.35,0.55,0.7,0.85,0.95,0.0,0.0,0.0,0.12,0.03
6,PE_only,-0.035863,0.2,0.25,0.45,0.65,0.7,0.85,0.9,0.0,0.0,0.0,0.12,0.03
8,PE_only,-0.035863,0.1,0.15,0.45,0.5,0.7,0.8,0.9,0.0,0.0,0.0,0.06,0.05
6,PE_FED,-0.035866,0.05,0.15,0.45,0.6,0.7,0.8,0.9,0.0,0.0,0.0,0.12,0.03
6,PE_FED,-0.035873,0.2,0.25,0.4,0.6,0.65,0.8,0.95,0.0,0.0,0.0,0.08,0.03
8,PE_only,-0.035873,0.15,0.2,0.45,0.5,0.75,0.8,0.9,0.0,0.0,0.0,0.06,0.03
8,PE_PB,-0.035873,0.1,0.2,0.35,0.5,0.7,0.75,0.95,0.0,0.65,0.0,0.1,0.03
6,PE_only,-0.035877,0.2,0.3,0.35,0.65,0.7,0.75,0.95,0.0,0.0,0.0,0.06,0.04
6,PE_only,-0.035879,0.1,0.15,0.4,0.6,0.75,0.8,0.85,0.0,0.0,0.0,0.08,0.03
8,PE_only,-0.035881,0.2,0.25,0.4,0.5,0.65,0.75,0.95,0.0,0.0,0.0,0.06,0.04
6,PE_only,-0.035882,0.2,0.25,0.3,0.65,0.65,0.75,0.9,0.0,0.0,0.0,0.12,0.05
6,PE_only,-0.035883,0.15,0.2,0.45,0.65,0.65,0.8,0.85,0.0,0.0,0.0,0.1,0.05
8,PE_PB_FED,-0.035883,0.15,0.3,0.35,0.6,0.65,0.75,0.9,0.0,0.5,0.8,0.12,0.04
8,PE_PB,-0.035884,0.1,0.15,0.4,0.5,0.75,0.8,0.95,0.0,0.65,0.0,0.1,0.04
8,PE_PB,-0.035886,0.1,0.25,0.35,0.7,0.65,0.85,0.95,0.0,0.55,0.0,0.1,0.03
6,PE_only,-0.035887,0.1,0.3,0.35,0.65,0.65,0.75,0.9,0.0,0.0,0.0,0.1,0.03
6,PE_only,-0.035887,0.05,0.15,0.35,0.55,0.75,0.8,0.85,0.0,0.0,0.0,0.12,0.03
6,PE_only,-0.035887,0.05,0.15,0.35,0.55,0.75,0.8,0.85,0.0,0.0,0.0,0.08,0.03
6,PE_FED,-0.035892,0.1,0.3,0.35,0.7,0.65,0.75,0.85,-0.5,0.0,0.0,0.1,0.03
8,PE_PB_FED,-0.035892,0.2,0.25,0.45,0.6,0.75,0.8,0.85,0.0,0.6,0.7,0.06,0.05
6,PE_only,-0.035894,0.05,0.15,0.35,0.5,0.7,0.85,0.95,0.0,0.0,0.0,0.12,0.03
8,PE_PB_FED,-0.035896,0.1,0.2,0.45,0.5,0.65,0.85,0.9,0.0,0.65,0.75,0.12,0.04
8,PE_PB,-0.035898,0.15,0.2,0.3,0.55,0.7,0.8,0.95,0.0,0.6,0.0,0.12,0.04
6,PE_FED,-0.0359,0.05,0.15,0.45,0.6,0.7,0.85,0.95,0.0,0.0,0.0,0.1,0.05
8,PE_only,-0.0359,0.1,0.25,0.45,0.55,0.7,0.8,0.85,0.0,0.0,0.0,0.1,0.03
8,PE_only,-0.0359,0.1,0.25,0.45,0.55,0.7,0.8,0.85,0.0,0.0,0.0,0.06,0.03
8,PE_only,-0.035903,0.2,0.25,0.4,0.55,0.7,0.75,0.85,0.0,0.0,0.0,0.06,0.05
6,PE_only,-0.035904,0.2,0.3,0.45,0.65,0.65,0.75,0.95,0.0,0.0,0.0,0.06,0.03
8,PE_PB,-0.035905,0.1,0.15,0.45,0.7,0.65,0.85,0.9,0.0,0.55,0.0,0.12,0.04
8,PE_PB,-0.035908,0.1,0.3,0.4,0.7,0.65,0.85,0.9,0.0,0.65,0.0,0.06,0.03
8,PE_PB,-0.035908,0.1,0.2,0.3,0.65,0.7,0.75,0.9,0.0,0.55,0.0,0.08,0.04
6,PE_PB_FED,-0.035914,0.15,0.2,0.3,0.6,0.65,0.8,0.95,0.0,0.65,0.75,0.12,0.05
6,PE_only,-0.035915,0.15,0.3,0.4,0.6,0.65,0.75,0.95,0.0,0.0,0.0,0.08,0.03
6,PE_only,-0.035915,0.15,0.3,0.4,0.6,0.65,0.75,0.95,0.0,0.0,0.0,0.12,0.03
6,PE_PB_FED,-0.035915,0.1,0.15,0.4,0.65,0.65,0.85,0.95,0.0,0.65,0.8,0.08,0.03
8,PE_only,-0.035916,0.15,0.25,0.3,0.5,0.65,0.85,0.95,0.0,0.0,0.0,0.1,0.03
8,PE_PB,-0.03592,0.05,0.15,0.4,0.55,0.65,0.85,0.95,0.0,0.6,0.0,0.06,0.05
8,PE_PB,-0.03592,0.15,0.25,0.4,0.65,0.7,0.8,0.9,0.0,0.6,0.0,0.06,0.03
6,PE_FED,-0.035922,0.15,0.25,0.4,0.65,0.75,0.85,0.95,0.0,0.0,0.0,0.12,0.04
6,PE_PB_FED,-0.035922,0.1,0.15,0.35,0.7,0.7,0.75,0.9,-0.5,0.6,0.7,0.12,0.04
8,PE_PB,-0.035922,0.2,0.25,0.3,0.6,0.65,0.75,0.9,0.0,0.65,0.0,0.08,0.04
8,PE_FED,-0.035922,0.05,0.2,0.45,0.7,0.65,0.85,0.95,0.5,0.0,0.0,0.08,0.03
6,PE_PB_FED,-0.035926,0.05,0.15,0.4,0.7,0.65,0.85,0.95,0.0,0.65,0.75,0.06,0.04
6,PE_only,-0.035929,0.05,0.3,0.4,0.7,0.65,0.75,0.85,0.0,0.0,0.0,0.06,0.05
6,PE_PB_FED,-0.035929,0.15,0.2,0.45,0.65,0.7,0.75,0.9,0.0,0.65,0.8,0.12,0.03
8,PE_PB_FED,-0.03593,0.2,0.3,0.4,0.6,0.75,0.85,0.95,-0.5,0.65,0.8,0.12,0.05
6,PE_only,-0.035931,0.2,0.25,0.35,0.6,0.65,0.75,0.95,0.0,0.0,0.0,0.08,0.04
8,PE_PB_FED,-0.035934,0.1,0.3,0.45,0.6,0.65,0.85,0.95,0.0,0.55,0.8,0.1,0.03
6,PE_only,-0.035937,0.05,0.3,0.45,0.65,0.7,0.75,0.95,0.0,0.0,0.0,0.06,0.05
8,PE_FED,-0.035937,0.05,0.2,0.35,0.55,0.65,0.75,0.95,0.5,0.0,0.0,0.12,0.05
6,PE_only,-0.035938,0.2,0.3,0.4,0.65,0.7,0.85,0.95,0.0,0.0,0.0,0.06,0.05
8,PE_PB_FED,-0.03594,0.05,0.25,0.3,0.55,0.75,0.8,0.95,-0.5,0.55,0.75,0.08,0.04
6,PE_FED,-0.035941,0.05,0.2,0.45,0.65,0.7,0.8,0.85,0.0,0.0,0.0,0.06,0.05
6,PE_FED,-0.035942,0.1,0.2,0.4,0.6,0.7,0.75,0.85,-0.5,0.0,0.0,0.06,0.03
6,PE_FED,-0.035942,0.1,0.15,0.45,0.6,0.7,0.8,0.9,0.0,0.0,0.0,0.12,0.04
8,PE_PB_FED,-0.035942,0.15,0.3,0.45,0.65,0.65,0.85,0.95,0.0,0.5,0.7,0.12,0.03
8,PE_only,-0.035943,0.2,0.3,0.45,0.6,0.7,0.8,0.85,0.0,0.0,0.0,0.06,0.05
6,PB_FED,-0.035944,0.05,0.3,0.45,0.5,0.7,0.75,0.9,0.0,0.0,0.0,0.1,0.05
6,PB_FED,-0.035944,0.05,0.3,0.45,0.5,0.7,0.75,0.9,0.0,0.0,0.0,0.12,0.05
6,PE_only,-0.035945,0.15,0.25,0.45,0.6,0.7,0.8,0.95,0.0,0.0,0.0,0.12,0.04
6,PE_FED,-0.035945,0.1,0.3,0.35,0.65,0.7,0.85,0.95,-0.5,0.0,0.0,0.1,0.05
6,PB_only,-0.035945,0.2,0.3,0.35,0.5,0.65,0.85,0.95,0.0,0.0,0.0,0.12,0.04
8,PE_PB,-0.03595,0.05,0.3,0.4,0.65,0.75,0.85,0.95,0.0,0.65,0.0,0.12,0.05
6,PE_PB,-0.035952,0.1,0.2,0.3,0.7,0.7,0.8,0.9,0.0,0.55,0.0,0.08,0.03
6,PE_PB,-0.035952,0.1,0.2,0.3,0.7,0.7,0.8,0.9,0.0,0.55,0.0,0.06,0.03
6,PE_only,-0.035953,0.05,0.25,0.3,0.65,0.7,0.8,0.85,0.0,0.0,0.0,0.1,0.04
8,PE_PB_FED,-0.035953,0.1,0.2,0.4,0.5,0.75,0.8,0.95,-0.5,0.55,0.75,0.1,0.03
8,PE_only,-0.035955,0.2,0.25,0.4,0.5,0.7,0.75,0.95,0.0,0.0,0.0,0.08,0.05
8,PE_PB_FED,-0.035958,0.1,0.25,0.35,0.65,0.65,0.85,0.9,0.0,0.5,0.7,0.12,0.04
8,PE_only,-0.035959,0.05,0.15,0.45,0.5,0.7,0.8,0.85,0.0,0.0,0.0,0.08,0.04
8,PE_only,-0.035959,0.05,0.25,0.4,0.5,0.65,0.75,0.9,0.0,0.0,0.0,0.06,0.04
8,PB_FED,-0.035959,0.1,0.25,0.4,0.5,0.75,0.85,0.9,0.5,0.0,0.0,0.06,0.04
8,PE_PB_FED,-0.035961,0.1,0.15,0.45,0.55,0.75,0.85,0.95,-0.5,0.5,0.75,0.12,0.03
6,PE_only,-0.035964,0.05,0.25,0.35,0.55,0.75,0.8,0.95,0.0,0.0,0.0,0.12,0.04
8,PE_only,-0.035964,0.05,0.2,0.35,0.5,0.65,0.8,0.9,0.0,0.0,0.0,0.06,0.05
8,PE_PB,-0.035964,0.15,0.2,0.35,0.7,0.75,0.8,0.9,0.0,0.5,0.0,0.1,0.03
6,PE_PB,-0.035965,0.1,0.15,0.35,0.7,0.65,0.8,0.85,0.0,0.55,0.0,0.12,0.03
8,PE_PB_FED,-0.035969,0.2,0.25,0.45,0.65,0.65,0.8,0.95,-0.5,0.5,0.7,0.06,0.03
6,PE_only,-0.03597,0.05,0.25,0.3,0.65,0.75,0.8,0.85,0.0,0.0,0.0,0.1,0.04
8,PE_only,-0.035973,0.15,0.25,0.3,0.55,0.7,0.85,0.9,0.0,0.0,0.0,0.12,0.05
6,PE_only,-0.035974,0.15,0.2,0.4,0.5,0.65,0.8,0.95,0.0,0.0,0.0,0.1,0.03
8,PE_PB,-0.035975,0.1,0.25,0.45,0.7,0.65,0.75,0.85,0.0,0.6,0.0,0.08,0.03
8,PE_PB,-0.035982,0.05,0.25,0.3,0.7,0.75,0.8,0.9,0.0,0.55,0.0,0.08,0.04
6,PE_only,-0.035985,0.15,0.2,0.35,0.5,0.7,0.75,0.95,0.0,0.0,0.0,0.12,0.04
6,PB_only,-0.035986,0.05,0.3,0.4,0.5,0.65,0.85,0.95,0.0,0.0,0.0,0.08,0.04
6,PE_only,-0.035987,0.2,0.25,0.4,0.65,0.7,0.8,0.9,0.0,0.0,0.0,0.06,0.04
8,PE_PB,-0.035987,0.05,0.3,0.4,0.6,0.7,0.8,0.95,0.0,0.65,0.0,0.12,0.05
6,PE_only,-0.035989,0.05,0.3,0.45,0.7,0.75,0.8,0.85,0.0,0.0,0.0,0.12,0.04
6,PE_only,-0.035992,0.2,0.25,0.35,0.65,0.65,0.75,0.9,0.0,0.0,0.0,0.1,0.05
8,PE_FED,-0.035997,0.1,0.25,0.3,0.55,0.65,0.75,0.95,0.5,0.0,0.0,0.06,0.03
8,PE_PB_FED,-0.035997,0.05,0.15,0.4,0.5,0.7,0.85,0.9,0.0,0.55,0.8,0.06,0.04
6,PE_only,-0.035999,0.05,0.3,0.45,0.7,0.65,0.75,0.85,0.0,0.0,0.0,0.08,0.03
6,PE_PB,-0.035999,0.1,0.2,0.4,0.7,0.75,0.8,0.95,0.0,0.6,0.0,0.1,0.03
6,PE_PB,-0.035999,0.1,0.2,0.4,0.7,0.75,0.8,0.95,0.0,0.6,0.0,0.12,0.03
6,PE_FED,-0.035999,0.15,0.25,0.4,0.6,0.7,0.75,0.95,0.0,0.0,0.0,0.1,0.05
6,PE_only,-0.036005,0.05,0.15,0.35,0.55,0.75,0.8,0.85,0.0,0.0,0.0,0.08,0.04
6,PE_only,-0.036006,0.1,0.25,0.3,0.6,0.75,0.85,0.95,0.0,0.0,0.0,0.08,0.03
6,PE_only,-0.036012,0.1,0.2,0.45,0.55,0.65,0.75,0.9,0.0,0.0,0.0,0.12,0.03
8,PE_PB,-0.036014,0.1,0.15,0.45,0.65,0.65,0.8,0.85,0.0,0.6,0.0,0.06,0.05
8,PE_PB_FED,-0.036014,0.2,0.25,0.4,0.7,0.65,0.8,0.85,0.0,0.5,0.75,0.12,0.05
8,PE_PB,-0.036019,0.05,0.15,0.35,0.55,0.7,0.75,0.95,0.0,0.5,0.0,0.06,0.04
8,PE_PB_FED,-0.03602,0.05,0.25,0.3,0.55,0.65,0.8,0.9,0.0,0.5,0.75,0.12,0.04
8,PE_PB,-0.036023,0.05,0.2,0.45,0.65,0.7,0.8,0.9,0.0,0.6,0.0,0.06,0.05
8,PE_PB_FED,-0.036024,0.1,0.2,0.4,0.55,0.65,0.8,0.95,-0.5,0.5,0.7,0.12,0.04
6,PE_only,-0.036027,0.2,0.3,0.35,0.7,0.65,0.8,0.9,0.0,0.0,0.0,0.12,0.05
6,PE_only,-0.036027,0.05,0.3,0.4,0.65,0.75,0.85,0.9,0.0,0.0,0.0,0.1,0.03
8,PE_PB,-0.036028,0.05,0.15,0.35,0.65,0.65,0.75,0.85,0.0,0.5,0.0,0.08,0.04
8,PE_PB,-0.036028,0.05,0.25,0.3,0.65,0.7,0.8,0.9,0.0,0.6,0.0,0.06,0.04
6,PE_only,-0.036029,0.15,0.2,0.3,0.6,0.7,0.75,0.85,0.0,0.0,0.0,0.12,0.04
6,PE_only,-0.03603,0.1,0.3,0.35,0.65,0.65,0.75,0.9,0.0,0.0,0.0,0.06,0.04
6,PE_PB,-0.03603,0.05,0.2,0.3,0.7,0.75,0.85,0.95,0.0,0.55,0.0,0.06,0.04
6,PE_only,-0.036038,0.2,0.3,0.45,0.7,0.75,0.8,0.9,0.0,0.0,0.0,0.1,0.05
6,PE_only,-0.036038,0.2,0.3,0.45,0.7,0.7,0.8,0.9,0.0,0.0,0.0,0.08,0.05
6,PE_only,-0.036039,0.05,0.2,0.4,0.6,0.65,0.75,0.85,0.0,0.0,0.0,0.08,0.03
8,PE_only,-0.036039,0.05,0.2,0.45,0.5,0.7,0.85,0.95,0.0,0.0,0.0,0.12,0.05
8,PE_PB_FED,-0.03604,0.05,0.25,0.35,0.5,0.7,0.8,0.95,-0.5,0.65,0.75,0.1,0.04
6,PE_PB_FED,-0.036041,0.1,0.15,0.45,0.7,0.75,0.8,0.9,0.0,0.65,0.7,0.08,0.03
8,PE_only,-0.036045,0.2,0.3,0.4,0.6,0.65,0.85,0.9,0.0,0.0,0.0,0.08,0.05
8,PE_FED,-0.036046,0.1,0.15,0.35,0.65,0.75,0.8,0.85,0.5,0.0,0.0,0.1,0.03
6,PE_only,-0.036054,0.15,0.25,0.45,0.55,0.65,0.75,0.95,0.0,0.0,0.0,0.1,0.05
8,PE_PB,-0.036057,0.1,0.2,0.45,0.6,0.75,0.8,0.85,0.0,0.65,0.0,0.1,0.03
6,PE_PB,-0.036059,0.1,0.15,0.45,0.55,0.65,0.75,0.95,0.0,0.65,0.0,0.1,0.04
6,PE_FED,-0.036059,0.05,0.15,0.35,0.55,0.75,0.85,0.95,0.0,0.0,0.0,0.08,0.03
6,PE_FED,-0.036061,0.1,0.25,0.4,0.65,0.75,0.85,0.95,0.0,0.0,0.0,0.12,0.05
8,PE_PB_FED,-0.036061,0.1,0.2,0.35,0.5,0.75,0.85,0.95,0.0,0.55,0.8,0.1,0.05
6,PE_only,-0.036063,0.15,0.25,0.4,0.6,0.7,0.85,0.95,0.0,0.0,0.0,0.06,0.03
8,PE_PB,-0.03607,0.15,0.25,0.45,0.6,0.65,0.75,0.95,0.0,0.6,0.0,0.06,0.04
8,PE_only,-0.036074,0.05,0.25,0.45,0.55,0.7,0.8,0.85,0.0,0.0,0.0,0.06,0.05
8,PE_PB_FED,-0.036074,0.2,0.25,0.35,0.65,0.75,0.8,0.9,0.0,0.5,0.75,0.1,0.05
6,PE_only,-0.036075,0.05,0.2,0.4,0.5,0.65,0.75,0.95,0.0,0.0,0.0,0.12,0.05
6,PE_only,-0.036077,0.1,0.25,0.3,0.65,0.75,0.8,0.85,0.0,0.0,0.0,0.1,0.03
6,PE_only,-0.036081,0.15,0.2,0.3,0.55,0.75,0.8,0.9,0.0,0.0,0.0,0.12,0.04
6,PE_only,-0.036082,0.15,0.3,0.4,0.65,0.7,0.8,0.9,0.0,0.0,0.0,0.12,0.03
6,PE_PB_FED,-0.036082,0.05,0.2,0.3,0.7,0.65,0.85,0.9,-0.5,0.65,0.75,0.06,0.04
8,PB_FED,-0.036088,0.15,0.3,0.4,0.5,0.7,0.8,0.9,0.5,0.0,0.0,0.12,0.03
6,PE_PB,-0.036089,0.05,0.15,0.3,0.65,0.7,0.8,0.95,0.0,0.6,0.0,0.06,0.04
6,PE_only,-0.036091,0.05,0.2,0.4,0.55,0.75,0.85,0.95,0.0,0.0,0.0,0.12,0.05
8,PE_PB_FED,-0.036092,0.15,0.25,0.35,0.7,0.65,0.8,0.85,-0.5,0.5,0.7,0.1,0.03
6,PE_PB,-0.036093,0.1,0.15,0.35,0.65,0.75,0.8,0.9,0.0,0.55,0.0,0.12,0.03
6,PE_FED,-0.036098,0.1,0.15,0.3,0.55,0.7,0.85,0.95,-0.5,0.0,0.0,0.1,0.04
6,PE_only,-0.036099,0.05,0.25,0.45,0.55,0.7,0.75,0.95,0.0,0.0,0.0,0.12,0.04
8,PE_PB,-0.036099,0.05,0.15,0.45,0.65,0.7,0.85,0.95,0.0,0.5,0.0,0.08,0.03
8,PE_PB,-0.036099,0.05,0.15,0.45,0.65,0.75,0.85,0.95,0.0,0.5,0.0,0.12,0.03
6,PE_FED,-0.0361,0.15,0.3,0.4,0.7,0.7,0.75,0.9,0.0,0.0,0.0,0.1,0.04
6,PE_PB,-0.036101,0.05,0.15,0.3,0.65,0.7,0.85,0.95,0.0,0.55,0.0,0.1,0.05
6,PE_PB,-0.036101,0.05,0.2,0.3,0.7,0.7,0.8,0.9,0.0,0.65,0.0,0.12,0.03
6,PE_FED,-0.036101,0.15,0.2,0.4,0.6,0.7,0.8,0.85,0.0,0.0,0.0,0.08,0.04
6,PE_only,-0.036102,0.15,0.25,0.3,0.6,0.7,0.75,0.9,0.0,0.0,0.0,0.1,0.04
6,PE_only,-0.036103,0.15,0.2,0.35,0.55,0.7,0.75,0.9,0.0,0.0,0.0,0.1,0.05
8,PE_PB_FED,-0.036103,0.1,0.15,0.45,0.55,0.7,0.8,0.95,0.5,0.65,0.8,0.08,0.03
6,PE_FED,-0.036106,0.1,0.2,0.35,0.6,0.7,0.85,0.9,0.0,0.0,0.0,0.08,0.03
6,PE_PB_FED,-0.036108,0.1,0.2,0.4,0.65,0.7,0.75,0.95,0.0,0.6,0.8,0.06,0.04
6,PE_PB_FED,-0.036109,0.1,0.15,0.35,0.7,0.65,0.75,0.9,-0.5,0.6,0.75,0.1,0.04
8,PE_PB,-0.036109,0.05,0.15,0.4,0.55,0.65,0.75,0.95,0.0,0.5,0.0,0.1,0.04
8,PE_only,-0.036115,0.1,0.2,0.45,0.5,0.65,0.8,0.9,0.0,0.0,0.0,0.06,0.03
6,PE_only,-0.036118,0.1,0.15,0.45,0.55,0.65,0.75,0.85,0.0,0.0,0.0,0.08,0.03
6,PE_FED,-0.036118,0.15,0.3,0.35,0.65,0.75,0.8,0.95,0.0,0.0,0.0,0.06,0.05
8,PE_PB_FED,-0.036118,0.05,0.25,0.3,0.6,0.65,0.8,0.95,-0.5,0.5,0.8,0.08,0.04
8,PE_PB,-0.036119,0.1,0.2,0.4,0.6,0.75,0.8,0.85,0.0,0.65,0.0,0.1,0.05
6,PE_only,-0.036124,0.1,0.3,0.35,0.7,0.65,0.8,0.85,0.0,0.0,0.0,0.08,0.05
6,PE_PB,-0.036125,0.1,0.15,0.4,0.7,0.65,0.75,0.85,0.0,0.65,0.0,0.08,0.03
8,PE_PB,-0.03613,0.1,0.15,0.35,0.6,0.7,0.75,0.9,0.0,0.55,0.0,0.08,0.05
6,PE_only,-0.036133,0.05,0.25,0.45,0.55,0.7,0.75,0.95,0.0,0.0,0.0,0.1,0.05
8,PE_PB_FED,-0.036133,0.15,0.3,0.35,0.55,0.65,0.75,0.9,0.0,0.55,0.75,0.06,0.05
8,PE_PB_FED,-0.036135,0.1,0.25,0.35,0.65,0.7,0.85,0.95,-0.5,0.5,0.75,0.12,0.03
8,PB_FED,-0.036145,0.1,0.2,0.45,0.5,0.65,0.85,0.95,0.5,0.0,0.0,0.1,0.05
8,PE_PB,-0.036155,0.05,0.2,0.45,0.65,0.65,0.75,0.9,0.0,0.55,0.0,0.06,0.04
6,PE_only,-0.036158,0.1,0.2,0.35,0.6,0.65,0.75,0.85,0.0,0.0,0.0,0.12,0.03
6,PE_PB,-0.036159,0.05,0.15,0.45,0.7,0.65,0.75,0.85,0.0,0.6,0.0,0.1,0.03
6,PE_FED,-0.03616,0.05,0.3,0.4,0.7,0.75,0.8,0.85,-0.5,0.0,0.0,0.1,0.03
8,PE_only,-0.036165,0.15,0.2,0.45,0.5,0.75,0.85,0.95,0.0,0.0,0.0,0.08,0.05
6,PE_PB,-0.036166,0.1,0.15,0.4,0.65,0.75,0.8,0.95,0.0,0.65,0.0,0.12,0.05
6,PE_PB,-0.036167,0.05,0.2,0.4,0.7,0.65,0.75,0.9,0.0,0.65,0.0,0.12,0.03
6,PE_FED,-0.036167,0.05,0.15,0.45,0.65,0.7,0.8,0.85,0.0,0.0,0.0,0.06,0.05
6,PE_PB_FED,-0.03617,0.1,0.15,0.4,0.6,0.7,0.75,0.95,0.0,0.65,0.8,0.1,0.05
6,PE_PB_FED,-0.036176,0.15,0.2,0.4,0.7,0.7,0.75,0.85,-0.5,0.65,0.75,0.1,0.05
6,PE_only,-0.036182,0.2,0.3,0.45,0.7,0.7,0.75,0.85,0.0,0.0,0.0,0.06,0.03
6,PE_FED,-0.036186,0.15,0.2,0.35,0.55,0.65,0.75,0.9,0.0,0.0,0.0,0.1,0.05
6,PE_only,-0.036187,0.1,0.25,0.35,0.6,0.65,0.75,0.9,0.0,0.0,0.0,0.1,0.03
8,PE_PB,-0.036188,0.1,0.15,0.45,0.6,0.7,0.75,0.9,0.0,0.55,0.0,0.12,0.04
8,PE_FED,-0.036188,0.15,0.2,0.3,0.55,0.7,0.8,0.95,0.5,0.0,0.0,0.06,0.05
6,PE_PB_FED,-0.036189,0.05,0.15,0.35,0.6,0.65,0.85,0.95,-0.5,0.65,0.8,0.12,0.03
6,PE_PB,-0.03619,0.15,0.2,0.3,0.7,0.7,0.8,0.9,0.0,0.65,0.0,0.06,0.03
8,PE_PB,-0.036193,0.1,0.3,0.4,0.65,0.75,0.8,0.9,0.0,0.65,0.0,0.12,0.04
6,PE_PB,-0.036194,0.05,0.15,0.3,0.7,0.7,0.75,0.95,0.0,0.5,0.0,0.08,0.04
6,PE_only,-0.036197,0.1,0.15,0.45,0.5,0.7,0.8,0.95,0.0,0.0,0.0,0.12,0.04
6,PE_only,-0.036202,0.15,0.25,0.3,0.65,0.75,0.8,0.85,0.0,0.0,0.0,0.06,0.05
6,PE_only,-0.036205,0.1,0.25,0.35,0.65,0.75,0.8,0.85,0.0,0.0,0.0,0.1,0.03
6,PE_PB_FED,-0.036205,0.1,0.15,0.45,0.6,0.65,0.75,0.95,-0.5,0.65,0.8,0.1,0.04
8,PE_PB,-0.036207,0.15,0.25,0.4,0.55,0.75,0.8,0.95,0.0,0.65,0.0,0.1,0.05
8,PE_PB,-0.036207,0.05,0.2,0.35,0.5,0.65,0.75,0.95,0.0,0.65,0.0,0.06,0.04
6,PE_PB_FED,-0.036208,0.15,0.2,0.35,0.7,0.7,0.8,0.85,-0.5,0.65,0.75,0.08,0.05
8,PE_only,-0.036213,0.1,0.3,0.45,0.55,0.65,0.85,0.95,0.0,0.0,0.0,0.06,0.04
8,PE_PB,-0.036213,0.15,0.2,0.4,0.65,0.65,0.75,0.95,0.0,0.5,0.0,0.08,0.04
6,PE_PB,-0.036216,0.05,0.15,0.35,0.65,0.7,0.85,0.95,0.0,0.55,0.0,0.1,0.04
8,PE_only,-0.036216,0.15,0.3,0.35,0.5,0.75,0.8,0.95,0.0,0.0,0.0,0.1,0.03
8,PE_only,-0.036216,0.15,0.3,0.35,0.5,0.75,0.8,0.95,0.0,0.0,0.0,0.06,0.03
6,PE_PB,-0.036218,0.05,0.15,0.4,0.55,0.75,0.85,0.95,0.0,0.65,0.0,0.12,0.03
8,PE_PB,-0.036218,0.05,0.2,0.3,0.6,0.65,0.8,0.85,0.0,0.6,0.0,0.12,0.03
6,PE_PB_FED,-0.036222,0.1,0.2,0.45,0.7,0.65,0.8,0.95,-0.5,0.6,0.8,0.08,0.04
8,PE_PB,-0.036222,0.1,0.3,0.4,0.7,0.65,0.75,0.95,0.0,0.55,0.0,0.1,0.03
6,PE_PB,-0.036223,0.05,0.15,0.3,0.65,0.7,0.75,0.85,0.0,0.55,0.0,0.06,0.03
8,PE_PB,-0.036224,0.1,0.2,0.4,0.7,0.65,0.8,0.9,0.0,0.55,0.0,0.08,0.05
6,PE_only,-0.036225,0.15,0.2,0.3,0.6,0.7,0.8,0.9,0.0,0.0,0.0,0.12,0.05
8,PE_PB,-0.036226,0.1,0.15,0.35,0.55,0.75,0.8,0.9,0.0,0.6,0.0,0.06,0.04
6,PE_only,-0.036229,0.05,0.15,0.45,0.6,0.75,0.8,0.85,0.0,0.0,0.0,0.06,0.03
8,PE_PB,-0.036229,0.1,0.2,0.3,0.6,0.7,0.75,0.95,0.0,0.5,0.0,0.1,0.03
6,PE_FED,-0.036232,0.15,0.25,0.45,0.6,0.75,0.8,0.95,0.0,0.0,0.0,0.12,0.03
8,PE_PB,-0.036233,0.05,0.3,0.35,0.7,0.7,0.85,0.95,0.0,0.6,0.0,0.08,0.04
6,PE_only,-0.036235,0.1,0.2,0.45,0.6,0.75,0.8,0.9,0.0,0.0,0.0,0.08,0.03
6,PE_only,-0.036239,0.1,0.3,0.35,0.65,0.65,0.8,0.9,0.0,0.0,0.0,0.08,0.03
6,PE_only,-0.03624,0.1,0.25,0.4,0.6,0.7,0.85,0.95,0.0,0.0,0.0,0.1,0.03
8,PE_only,-0.036245,0.2,0.25,0.3,0.55,0.65,0.85,0.9,0.0,0.0,0.0,0.12,0.04
6,PE_only,-0.036246,0.15,0.3,0.35,0.65,0.7,0.8,0.9,0.0,0.0,0.0,0.06,0.04
6,PE_FED,-0.03625,0.05,0.2,0.3,0.6,0.75,0.8,0.85,-0.5,0.0,0.0,0.08,0.04
8,PE_PB_FED,-0.03625,0.2,0.3,0.35,0.55,0.65,0.75,0.85,0.0,0.6,0.7,0.1,0.03
6,PE_only,-0.036252,0.1,0.2,0.45,0.6,0.75,0.85,0.95,0.0,0.0,0.0,0.06,0.05
8,PE_PB,-0.036255,0.2,0.25,0.4,0.7,0.65,0.75,0.85,0.0,0.6,0.0,0.08,0.03
6,PE_only,-0.036256,0.2,0.25,0.45,0.55,0.65,0.75,0.95,0.0,0.0,0.0,0.12,0.03
8,PE_only,-0.036256,0.1,0.25,0.45,0.5,0.75,0.8,0.95,0.0,0.0,0.0,0.1,0.05
8,PE_only,-0.036258,0.15,0.2,0.45,0.5,0.75,0.8,0.9,0.0,0.0,0.0,0.06,0.04
6,PE_PB,-0.036263,0.1,0.15,0.35,0.65,0.75,0.85,0.9,0.0,0.65,0.0,0.06,0.03
6,PE_only,-0.036265,0.2,0.3,0.4,0.7,0.65,0.8,0.85,0.0,0.0,0.0,0.08,0.04
8,PE_FED,-0.036266,0.05,0.25,0.35,0.7,0.65,0.8,0.95,0.5,0.0,0.0,0.12,0.04
6,PE_PB_FED,-0.036267,0.05,0.2,0.3,0.65,0.75,0.8,0.95,0.0,0.6,0.75,0.12,0.04
6,PE_FED,-0.036269,0.1,0.3,0.35,0.7,0.7,0.85,0.95,0.0,0.0,0.0,0.08,0.05
6,PE_only,-0.03627,0.1,0.2,0.45,0.55,0.7,0.75,0.9,0.0,0.0,0.0,0.12,0.04
8,PE_PB,-0.036274,0.1,0.2,0.3,0.7,0.65,0.8,0.9,0.0,0.5,0.0,0.06,0.03
8,PE_only,-0.036278,0.1,0.15,0.45,0.5,0.65,0.8,0.85,0.0,0.0,0.0,0.12,0.04
6,PE_only,-0.036281,0.2,0.25,0.3,0.55,0.65,0.75,0.95,0.0,0.0,0.0,0.1,0.05
8,PE_PB,-0.036282,0.1,0.2,0.35,0.6,0.75,0.8,0.95,0.0,0.55,0.0,0.12,0.04
8,PE_PB,-0.036282,0.05,0.2,0.3,0.6,0.65,0.8,0.9,0.0,0.6,0.0,0.12,0.05
8,PE_PB,-0.036283,0.2,0.25,0.35,0.6,0.65,0.8,0.9,0.0,0.65,0.0,0.08,0.03
6,PE_only,-0.036286,0.1,0.15,0.4,0.6,0.65,0.8,0.85,0.0,0.0,0.0,0.08,0.05
8,PE_only,-0.036292,0.1,0.25,0.45,0.55,0.7,0.85,0.9,0.0,0.0,0.0,0.08,0.03
8,PE_PB,-0.036292,0.1,0.3,0.4,0.7,0.7,0.85,0.9,0.0,0.65,0.0,0.12,0.05
6,PE_only,-0.036298,0.15,0.25,0.35,0.65,0.7,0.8,0.85,0.0,0.0,0.0,0.12,0.05
6,PE_only,-0.036298,0.05,0.3,0.35,0.6,0.75,0.8,0.95,0.0,0.0,0.0,0.08,0.03
6,PE_PB_FED,-0.036298,0.1,0.2,0.4,0.6,0.65,0.75,0.95,0.0,0.6,0.75,0.1,0.03
8,PE_PB_FED,-0.036298,0.05,0.25,0.35,0.6,0.65,0.75,0.9,-0.5,0.5,0.8,0.1,0.03
8,PE_PB,-0.0363,0.2,0.25,0.45,0.7,0.65,0.85,0.9,0.0,0.65,0.0,0.08,0.05
8,PE_PB,-0.036307,0.1,0.15,0.3,0.55,0.65,0.85,0.9,0.0,0.65,0.0,0.12,0.04
6,PE_PB_FED,-0.036313,0.1,0.2,0.4,0.7,0.7,0.8,0.9,-0.5,0.6,0.8,0.08,0.03
6,PE_PB_FED,-0.036318,0.1,0.25,0.35,0.7,0.7,0.75,0.95,0.0,0.65,0.8,0.06,0.03
8,PE_only,-0.03632,0.15,0.3,0.4,0.5,0.65,0.8,0.95,0.0,0.0,0.0,0.12,0.03
6,PE_PB,-0.036321,0.1,0.15,0.35,0.6,0.65,0.75,0.95,0.0,0.6,0.0,0.1,0.03
6,PE_FED,-0.036321,0.15,0.3,0.4,0.65,0.75,0.8,0.9,-0.5,0.0,0.0,0.12,0.04
6,PE_FED,-0.036321,0.15,0.3,0.4,0.65,0.65,0.8,0.9,-0.5,0.0,0.0,0.1,0.04
6,PE_only,-0.036322,0.05,0.2,0.35,0.6,0.75,0.8,0.9,0.0,0.0,0.0,0.06,0.05
8,PE_PB_FED,-0.036323,0.05,0.25,0.35,0.55,0.7,0.85,0.9,0.0,0.6,0.8,0.06,0.05
8,PE_PB_FED,-0.036323,0.1,0.2,0.35,0.5,0.65,0.75,0.85,-0.5,0.65,0.75,0.12,0.04
6,PE_PB,-0.036324,0.15,0.2,0.3,0.65,0.75,0.8,0.95,0.0,0.55,0.0,0.08,0.04
6,PE_PB,-0.036324,0.1,0.2,0.35,0.7,0.65,0.8,0.9,0.0,0.55,0.0,0.08,0.03
6,PE_only,-0.036327,0.15,0.2,0.4,0.55,0.65,0.8,0.9,0.0,0.0,0.0,0.1,0.04
8,PE_only,-0.036327,0.2,0.3,0.35,0.55,0.7,0.85,0.95,0.0,0.0,0.0,0.06,0.05
6,PE_PB,-0.036328,0.1,0.15,0.35,0.6,0.75,0.8,0.95,0.0,0.55,0.0,0.06,0.04
6,PE_only,-0.036329,0.1,0.25,0.4,0.65,0.75,0.8,0.85,0.0,0.0,0.0,0.08,0.04
8,PE_PB,-0.036329,0.1,0.2,0.35,0.6,0.65,0.85,0.95,0.0,0.6,0.0,0.06,0.04
8,PE_PB,-0.036329,0.1,0.15,0.3,0.6,0.65,0.85,0.95,0.0,0.55,0.0,0.08,0.05
8,PE_PB_FED,-0.036332,0.15,0.3,0.4,0.7,0.65,0.85,0.95,-0.5,0.5,0.7,0.08,0.03
8,PE_PB,-0.036337,0.05,0.15,0.4,0.55,0.75,0.85,0.95,0.0,0.55,0.0,0.08,0.03
8,PE_PB,-0.036337,0.15,0.25,0.45,0.7,0.65,0.8,0.85,0.0,0.6,0.0,0.1,0.04
6,PE_only,-0.036339,0.2,0.3,0.45,0.65,0.65,0.85,0.95,0.0,0.0,0.0,0.08,0.05
6,PE_FED,-0.03634,0.1,0.3,0.45,0.7,0.7,0.8,0.85,-0.5,0.0,0.0,0.08,0.04
8,PE_FED,-0.03634,0.15,0.2,0.45,0.65,0.75,0.85,0.95,0.5,0.0,0.0,0.06,0.03
8,PE_PB,-0.036344,0.1,0.25,0.45,0.55,0.65,0.75,0.95,0.0,0.65,0.0,0.06,0.04
6,PE_only,-0.036346,0.05,0.25,0.3,0.6,0.65,0.85,0.95,0.0,0.0,0.0,0.12,0.04
8,PE_only,-0.036349,0.2,0.25,0.45,0.55,0.65,0.75,0.85,0.0,0.0,0.0,0.08,0.05
6,PE_PB,-0.036352,0.15,0.2,0.3,0.65,0.75,0.8,0.95,0.0,0.55,0.0,0.08,0.05
8,PE_PB_FED,-0.036352,0.1,0.3,0.45,0.6,0.7,0.8,0.9,0.0,0.55,0.8,0.1,0.04
6,PE_PB,-0.036353,0.15,0.2,0.4,0.7,0.7,0.85,0.95,0.0,0.55,0.0,0.08,0.04
6,PE_FED,-0.036356,0.15,0.25,0.45,0.65,0.65,0.85,0.95,0.0,0.0,0.0,0.06,0.04
8,PE_PB,-0.036356,0.1,0.2,0.4,0.6,0.7,0.8,0.95,0.0,0.55,0.0,0.08,0.04
6,PE_only,-0.03636,0.15,0.2,0.35,0.6,0.7,0.8,0.9,0.0,0.0,0.0,0.08,0.05
6,PE_PB,-0.036361,0.1,0.15,0.4,0.7,0.65,0.8,0.9,0.0,0.6,0.0,0.08,0.05
8,PE_PB,-0.036362,0.05,0.3,0.4,0.7,0.7,0.8,0.9,0.0,0.6,0.0,0.06,0.04
6,PE_only,-0.036367,0.15,0.3,0.45,0.6,0.7,0.75,0.95,0.0,0.0,0.0,0.1,0.03
6,PE_only,-0.036367,0.2,0.3,0.35,0.65,0.65,0.75,0.9,0.0,0.0,0.0,0.12,0.03
6,PE_FED,-0.036367,0.2,0.3,0.4,0.65,0.75,0.85,0.95,-0.5,0.0,0.0,0.06,0.05
8,PE_FED,-0.036367,0.15,0.25,0.35,0.7,0.65,0.75,0.9,0.5,0.0,0.0,0.1,0.04
6,PE_only,-0.036369,0.2,0.25,0.3,0.65,0.65,0.8,0.9,0.0,0.0,0.0,0.06,0.05
6,PE_only,-0.036369,0.15,0.25,0.4,0.65,0.7,0.8,0.85,0.0,0.0,0.0,0.1,0.05
8,PE_only,-0.036369,0.15,0.3,0.45,0.55,0.65,0.75,0.85,0.0,0.0,0.0,0.12,0.04
8,PE_PB,-0.036372,0.05,0.15,0.45,0.6,0.7,0.8,0.9,0.0,0.55,0.0,0.06,0.04
8,PE_PB,-0.036375,0.2,0.25,0.4,0.7,0.7,0.75,0.85,0.0,0.6,0.0,0.12,0.04
6,PE_only,-0.036376,0.2,0.25,0.35,0.55,0.65,0.75,0.95,0.0,0.0,0.0,0.12,0.04
6,PE_only,-0.03638,0.1,0.25,0.45,0.65,0.65,0.8,0.9,0.0,0.0,0.0,0.12,0.05
6,PE_only,-0.03638,0.1,0.25,0.45,0.65,0.7,0.8,0.9,0.0,0.0,0.0,0.12,0.05
6,PE_PB,-0.036383,0.1,0.15,0.4,0.6,0.7,0.75,0.95,0.0,0.6,0.0,0.06,0.03
6,PE_FED,-0.036383,0.2,0.25,0.35,0.7,0.75,0.85,0.9,0.0,0.0,0.0,0.1,0.04
6,PE_FED,-0.036385,0.15,0.2,0.35,0.5,0.65,0.8,0.95,0.0,0.0,0.0,0.12,0.03
6,PE_FED,-0.036387,0.05,0.25,0.4,0.6,0.7,0.75,0.95,0.0,0.0,0.0,0.1,0.04
8,PE_PB,-0.036388,0.05,0.2,0.3,0.6,0.7,0.75,0.85,0.0,0.6,0.0,0.12,0.05
8,PE_PB,-0.036391,0.1,0.3,0.35,0.65,0.7,0.75,0.95,0.0,0.6,0.0,0.1,0.04
8,PE_PB,-0.036395,0.1,0.15,0.45,0.6,0.65,0.8,0.85,0.0,0.6,0.0,0.06,0.04
8,PE_PB_FED,-0.036396,0.2,0.25,0.3,0.65,0.65,0.8,0.95,-0.5,0.5,0.75,0.12,0.05
8,PE_only,-0.036398,0.2,0.25,0.35,0.5,0.75,0.8,0.95,0.0,0.0,0.0,0.08,0.05
6,PE_only,-0.036402,0.05,0.3,0.45,0.65,0.65,0.75,0.9,0.0,0.0,0.0,0.06,0.03
8,PE_only,-0.036403,0.1,0.2,0.35,0.5,0.7,0.8,0.9,0.0,0.0,0.0,0.1,0.05
6,PE_only,-0.036406,0.15,0.2,0.35,0.55,0.65,0.75,0.85,0.0,0.0,0.0,0.06,0.04
6,PE_FED,-0.036412,0.1,0.25,0.45,0.65,0.7,0.8,0.85,-0.5,0.0,0.0,0.12,0.04
8,PE_PB,-0.036417,0.15,0.2,0.45,0.6,0.7,0.8,0.85,0.0,0.65,0.0,0.08,0.05
6,PE_PB,-0.036419,0.15,0.2,0.3,0.7,0.65,0.8,0.9,0.0,0.65,0.0,0.08,0.03
6,PE_PB_FED,-0.036419,0.1,0.2,0.3,0.7,0.7,0.8,0.95,0.0,0.55,0.7,0.1,0.05
8,PE_PB_FED,-0.036419,0.05,0.25,0.45,0.55,0.7,0.75,0.85,0.0,0.55,0.7,0.08,0.05
6,PE_only,-0.036425,0.15,0.2,0.3,0.55,0.7,0.75,0.85,0.0,0.0,0.0,0.08,0.04
8,PE_PB,-0.036426,0.05,0.2,0.3,0.55,0.65,0.8,0.85,0.0,0.65,0.0,0.12,0.03
6,PE_only,-0.036427,0.15,0.2,0.45,0.55,0.75,0.8,0.9,0.0,0.0,0.0,0.1,0.03
8,PE_only,-0.036428,0.1,0.3,0.45,0.55,0.65,0.8,0.9,0.0,0.0,0.0,0.06,0.04
8,PE_PB,-0.036428,0.05,0.15,0.35,0.55,0.7,0.75,0.85,0.0,0.6,0.0,0.1,0.05
8,PE_PB_FED,-0.036429,0.05,0.15,0.3,0.6,0.7,0.8,0.9,0.5,0.65,0.7,0.12,0.03
6,PE_PB_FED,-0.03643,0.1,0.15,0.3,0.7,0.75,0.8,0.85,0.0,0.65,0.7,0.12,0.03
8,PE_only,-0.03643,0.05,0.25,0.3,0.5,0.65,0.85,0.95,0.0,0.0,0.0,0.06,0.04
6,PE_PB_FED,-0.036434,0.05,0.2,0.35,0.65,0.65,0.8,0.95,0.0,0.6,0.8,0.1,0.04
8,PE_PB,-0.036438,0.05,0.25,0.4,0.7,0.65,0.75,0.85,0.0,0.55,0.0,0.12,0.03
6,PE_FED,-0.036439,0.05,0.25,0.4,0.65,0.75,0.8,0.9,0.0,0.0,0.0,0.1,0.03
6,PE_FED,-0.03644,0.1,0.15,0.4,0.55,0.65,0.8,0.9,-0.5,0.0,0.0,0.06,0.03
6,PE_FED,-0.036441,0.2,0.25,0.3,0.7,0.65,0.85,0.9,0.0,0.0,0.0,0.06,0.04
6,PE_only,-0.036442,0.15,0.2,0.4,0.6,0.75,0.8,0.9,0.0,0.0,0.0,0.12,0.05
6,PE_FED,-0.036446,0.15,0.25,0.3,0.65,0.65,0.75,0.85,0.0,0.0,0.0,0.1,0.04
8,PE_PB_FED,-0.036447,0.1,0.2,0.4,0.6,0.75,0.8,0.95,0.5,0.65,0.7,0.1,0.03
6,PE_PB,-0.036453,0.1,0.15,0.3,0.7,0.75,0.8,0.95,0.0,0.5,0.0,0.12,0.03
8,PE_PB,-0.036458,0.05,0.15,0.3,0.55,0.7,0.8,0.95,0.0,0.5,0.0,0.08,0.04
8,PE_PB_FED,-0.036462,0.15,0.2,0.4,0.55,0.65,0.85,0.9,-0.5,0.6,0.7,0.06,0.04
6,PE_only,-0.036464,0.1,0.2,0.3,0.5,0.75,0.8,0.95,0.0,0.0,0.0,0.1,0.04
6,PE_PB,-0.036464,0.15,0.2,0.35,0.65,0.65,0.8,0.95,0.0,0.55,0.0,0.12,0.05
6,PE_PB,-0.036466,0.05,0.15,0.4,0.55,0.75,0.8,0.95,0.0,0.6,0.0,0.12,0.05
6,PE_only,-0.036468,0.1,0.25,0.3,0.6,0.7,0.85,0.95,0.0,0.0,0.0,0.08,0.04
6,PE_only,-0.036468,0.1,0.25,0.3,0.6,0.7,0.85,0.95,0.0,0.0,0.0,0.1,0.04
8,PE_only,-0.036468,0.1,0.3,0.35,0.55,0.65,0.8,0.9,0.0,0.0,0.0,0.12,0.05
8,PE_PB,-0.03647,0.1,0.15,0.3,0.7,0.65,0.75,0.85,0.0,0.5,0.0,0.1,0.05
8,PE_only,-0.036471,0.1,0.2,0.45,0.5,0.65,0.75,0.85,0.0,0.0,0.0,0.12,0.03
6,PE_PB,-0.036475,0.05,0.2,0.4,0.7,0.75,0.8,0.95,0.0,0.6,0.0,0.06,0.05
8,PE_FED,-0.036475,0.1,0.25,0.45,0.7,0.75,0.8,0.95,0.5,0.0,0.0,0.12,0.04
6,PE_PB,-0.036477,0.1,0.2,0.35,0.6,0.65,0.75,0.95,0.0,0.55,0.0,0.06,0.03
8,PE_PB,-0.036477,0.15,0.25,0.3,0.7,0.75,0.8,0.95,0.0,0.5,0.0,0.06,0.04
6,PE_only,-0.036478,0.2,0.25,0.35,0.65,0.65,0.8,0.9,0.0,0.0,0.0,0.08,0.05
6,PE_FED,-0.03648,0.1,0.25,0.4,0.7,0.75,0.85,0.9,0.0,0.0,0.0,0.06,0.04
6,PE_only,-0.036483,0.1,0.25,0.3,0.6,0.75,0.8,0.9,0.0,0.0,0.0,0.1,0.03
8,PE_only,-0.036483,0.05,0.2,0.4,0.5,0.7,0.8,0.85,0.0,0.0,0.0,0.12,0.03
8,PE_FED,-0.036486,0.15,0.25,0.4,0.6,0.7,0.75,0.95,0.5,0.0,0.0,0.1,0.04
6,PE_only,-0.036488,0.1,0.15,0.35,0.55,0.65,0.85,0.9,0.0,0.0,0.0,0.06,0.04
6,PE_only,-0.036491,0.05,0.15,0.45,0.55,0.65,0.8,0.85,0.0,0.0,0.0,0.08,0.04
6,PE_PB,-0.036497,0.05,0.15,0.3,0.7,0.65,0.8,0.85,0.0,0.6,0.0,0.08,0.05
6,PE_only,-0.036498,0.05,0.15,0.4,0.55,0.75,0.8,0.85,0.0,0.0,0.0,0.1,0.05
8,PE_FED,-0.036498,0.15,0.2,0.4,0.55,0.7,0.8,0.95,0.5,0.0,0.0,0.12,0.05
6,PE_only,-0.036499,0.05,0.3,0.35,0.55,0.65,0.75,0.95,0.0,0.0,0.0,0.12,0.03
6,PE_only,-0.0365,0.05,0.2,0.35,0.6,0.7,0.75,0.85,0.0,0.0,0.0,0.12,0.05
6,PE_only,-0.036501,0.1,0.15,0.35,0.55,0.65,0.85,0.9,0.0,0.0,0.0,0.06,0.03
8,PE_PB,-0.036501,0.2,0.25,0.4,0.7,0.65,0.75,0.85,0.0,0.6,0.0,0.08,0.04
6,PE_PB,-0.036502,0.05,0.15,0.4,0.55,0.65,0.8,0.9,0.0,0.65,0.0,0.06,0.03
8,PE_PB,-0.036504,0.05,0.2,0.4,0.7,0.65,0.85,0.95,0.0,0.5,0.0,0.06,0.04
8,PE_only,-0.036505,0.05,0.25,0.3,0.5,0.7,0.85,0.95,0.0,0.0,0.0,0.12,0.05
8,PE_PB_FED,-0.036505,0.15,0.2,0.3,0.5,0.75,0.8,0.95,-0.5,0.55,0.8,0.06,0.05
8,PE_PB,-0.036506,0.15,0.2,0.4,0.5,0.7,0.75,0.95,0.0,0.65,0.0,0.06,0.04
8,PE_FED,-0.036508,0.1,0.2,0.3,0.6,0.7,0.75,0.9,0.5,0.0,0.0,0.06,0.05
8,PE_FED,-0.036509,0.15,0.25,0.35,0.7,0.65,0.8,0.9,0.5,0.0,0.0,0.12,0.03
6,PE_PB_FED,-0.03651,0.1,0.2,0.4,0.7,0.65,0.75,0.85,-0.5,0.65,0.8,0.1,0.05
6,PE_only,-0.036512,0.05,0.25,0.3,0.55,0.7,0.75,0.9,0.0,0.0,0.0,0.06,0.04
8,PE_FED,-0.036513,0.15,0.2,0.4,0.6,0.75,0.85,0.95,0.5,0.0,0.0,0.12,0.03
8,PE_PB_FED,-0.036517,0.05,0.2,0.3,0.7,0.75,0.8,0.9,0.5,0.65,0.75,0.06,0.03
6,PB_only,-0.036518,0.05,0.3,0.45,0.5,0.65,0.85,0.95,0.0,0.0,0.0,0.08,0.04
8,PE_only,-0.036519,0.1,0.2,0.35,0.5,0.65,0.75,0.85,0.0,0.0,0.0,0.08,0.05
8,PE_PB_FED,-0.036522,0.05,0.15,0.3,0.5,0.65,0.8,0.85,-0.5,0.6,0.8,0.08,0.04
8,PE_only,-0.036523,0.1,0.2,0.4,0.5,0.75,0.8,0.9,0.0,0.0,0.0,0.12,0.05
6,PE_only,-0.036528,0.2,0.3,0.35,0.65,0.65,0.75,0.9,0.0,0.0,0.0,0.06,0.04
6,PE_only,-0.036529,0.05,0.25,0.45,0.55,0.7,0.8,0.95,0.0,0.0,0.0,0.12,0.05
8,PE_FED,-0.03653,0.05,0.2,0.3,0.55,0.75,0.8,0.95,0.5,0.0,0.0,0.06,0.05
6,PE_only,-0.036532,0.05,0.25,0.35,0.6,0.7,0.85,0.95,0.0,0.0,0.0,0.12,0.05
8,PE_PB_FED,-0.036534,0.05,0.15,0.35,0.7,0.65,0.75,0.85,0.5,0.65,0.75,0.12,0.04
6,PE_only,-0.036536,0.1,0.15,0.45,0.6,0.7,0.8,0.85,0.0,0.0,0.0,0.08,0.04
6,PE_only,-0.036538,0.2,0.3,0.4,0.65,0.75,0.85,0.9,0.0,0.0,0.0,0.08,0.03
8,PE_PB_FED,-0.036538,0.1,0.2,0.4,0.55,0.65,0.75,0.85,-0.5,0.55,0.75,0.06,0.04
6,PE_only,-0.036541,0.1,0.25,0.45,0.65,0.65,0.8,0.85,0.0,0.0,0.0,0.12,0.03
6,PE_PB,-0.036541,0.15,0.2,0.4,0.7,0.75,0.8,0.95,0.0,0.6,0.0,0.06,0.04
6,PB_FED,-0.036541,0.05,0.3,0.4,0.5,0.7,0.8,0.95,-0.5,0.0,0.0,0.08,0.05
6,PE_only,-0.036543,0.2,0.25,0.4,0.65,0.65,0.8,0.9,0.0,0.0,0.0,0.1,0.05
6,PE_FED,-0.036544,0.1,0.15,0.3,0.5,0.65,0.8,0.95,-0.5,0.0,0.0,0.1,0.03
8,PE_PB,-0.036544,0.05,0.2,0.35,0.6,0.7,0.85,0.95,0.0,0.55,0.0,0.12,0.03
8,PE_only,-0.036548,0.15,0.25,0.3,0.5,0.7,0.85,0.95,0.0,0.0,0.0,0.1,0.04
8,PE_only,-0.036548,0.15,0.25,0.3,0.5,0.65,0.85,0.95,0.0,0.0,0.0,0.12,0.04
6,PE_PB,-0.036549,0.05,0.25,0.3,0.7,0.7,0.85,0.95,0.0,0.55,0.0,0.08,0.03
6,PE_only,-0.036551,0.1,0.25,0.35,0.55,0.65,0.75,0.9,0.0,0.0,0.0,0.08,0.03
8,PE_PB_FED,-0.036551,0.05,0.25,0.4,0.65,0.7,0.8,0.85,-0.5,0.55,0.7,0.1,0.04
6,PE_only,-0.036552,0.1,0.3,0.35,0.65,0.7,0.75,0.9,0.0,0.0,0.0,0.08,0.05
6,PE_only,-0.036552,0.1,0.3,0.45,0.65,0.65,0.75,0.9,0.0,0.0,0.0,0.08,0.04
6,PE_only,-0.036552,0.1,0.3,0.45,0.65,0.7,0.75,0.9,0.0,0.0,0.0,0.06,0.04
6,PB_FED,-0.036552,0.15,0.3,0.4,0.5,0.65,0.85,0.95,0.0,0.0,0.0,0.12,0.04
8,PE_only,-0.036553,0.2,0.3,0.4,0.55,0.75,0.8,0.9,0.0,0.0,0.0,0.1,0.04
6,PE_PB,-0.036555,0.1,0.15,0.4,0.7,0.75,0.8,0.85,0.0,0.65,0.0,0.12,0.04
8,PE_only,-0.036557,0.05,0.3,0.35,0.5,0.7,0.75,0.95,0.0,0.0,0.0,0.08,0.05
8,PE_PB,-0.036558,0.05,0.15,0.45,0.6,0.65,0.85,0.95,0.0,0.55,0.0,0.06,0.04
8,PE_FED,-0.036558,0.05,0.2,0.3,0.65,0.7,0.8,0.9,0.5,0.0,0.0,0.1,0.04
6,PE_only,-0.03656,0.05,0.2,0.45,0.55,0.7,0.85,0.95,0.0,0.0,0.0,0.1,0.04
6,PE_PB,-0.036561,0.1,0.15,0.35,0.65,0.65,0.8,0.95,0.0,0.6,0.0,0.1,0.05
6,PE_PB_FED,-0.036562,0.05,0.15,0.3,0.7,0.65,0.8,0.9,0.0,0.6,0.8,0.12,0.03
8,PB_FED,-0.036563,0.1,0.3,0.45,0.5,0.7,0.75,0.95,0.5,0.0,0.0,0.12,0.05
8,PE_PB_FED,-0.036564,0.2,0.25,0.3,0.55,0.75,0.85,0.95,0.0,0.5,0.75,0.1,0.03
8,PE_FED,-0.036565,0.15,0.3,0.45,0.5,0.75,0.85,0.95,-0.5,0.0,0.0,0.08,0.05
8,PE_only,-0.036567,0.2,0.3,0.35,0.55,0.65,0.75,0.85,0.0,0.0,0.0,0.08,0.03
6,PE_only,-0.036568,0.1,0.25,0.4,0.65,0.65,0.8,0.85,0.0,0.0,0.0,0.1,0.05
8,PE_PB,-0.036574,0.15,0.25,0.35,0.7,0.65,0.85,0.95,0.0,0.55,0.0,0.12,0.05
8,PE_FED,-0.036574,0.05,0.15,0.35,0.5,0.7,0.8,0.95,0.5,0.0,0.0,0.06,0.04
8,PE_PB,-0.036575,0.2,0.25,0.3,0.7,0.7,0.8,0.95,0.0,0.5,0.0,0.12,0.03
8,PE_PB,-0.036577,0.2,0.25,0.3,0.65,0.7,0.8,0.95,0.0,0.55,0.0,0.1,0.03
8,PE_PB,-0.036577,0.15,0.25,0.35,0.7,0.7,0.85,0.9,0.0,0.6,0.0,0.1,0.05
6,PE_FED,-0.036578,0.2,0.25,0.35,0.7,0.65,0.85,0.9,0.0,0.0,0.0,0.1,0.04
6,PE_FED,-0.036582,0.05,0.25,0.3,0.7,0.75,0.85,0.9,0.0,0.0,0.0,0.12,0.03
6,PE_FED,-0.036582,0.15,0.25,0.3,0.6,0.65,0.85,0.95,0.0,0.0,0.0,0.1,0.03
6,PE_only,-0.036583,0.2,0.3,0.35,0.6,0.7,0.75,0.95,0.0,0.0,0.0,0.12,0.03
6,PE_PB,-0.036584,0.05,0.25,0.3,0.7,0.7,0.85,0.95,0.0,0.65,0.0,0.12,0.05
6,PE_PB,-0.036586,0.05,0.15,0.4,0.55,0.7,0.75,0.95,0.0,0.55,0.0,0.08,0.03
8,PE_only,-0.036586,0.05,0.3,0.4,0.55,0.65,0.75,0.85,0.0,0.0,0.0,0.1,0.05
6,PE_only,-0.036593,0.2,0.3,0.4,0.65,0.65,0.75,0.9,0.0,0.0,0.0,0.1,0.04
6,PE_only,-0.036594,0.2,0.3,0.45,0.65,0.7,0.8,0.95,0.0,0.0,0.0,0.1,0.05
8,PE_PB,-0.036596,0.1,0.25,0.35,0.65,0.65,0.85,0.9,0.0,0.65,0.0,0.06,0.05
6,PE_FED,-0.036597,0.2,0.3,0.35,0.65,0.75,0.85,0.95,0.0,0.0,0.0,0.08,0.03
8,PE_PB_FED,-0.036598,0.15,0.3,0.4,0.55,0.65,0.8,0.9,0.0,0.55,0.75,0.12,0.04
6,PE_FED,-0.036599,0.15,0.2,0.4,0.6,0.65,0.8,0.85,-0.5,0.0,0.0,0.06,0.05
6,PE_PB,-0.036605,0.1,0.2,0.4,0.65,0.65,0.8,0.95,0.0,0.55,0.0,0.06,0.04
6,PE_only,-0.036606,0.1,0.15,0.4,0.55,0.7,0.85,0.9,0.0,0.0,0.0,0.12,0.03
8,PE_PB_FED,-0.036606,0.1,0.3,0.35,0.65,0.65,0.85,0.95,0.0,0.5,0.75,0.08,0.05
8,PE_FED,-0.036607,0.1,0.25,0.4,0.6,0.65,0.75,0.95,0.5,0.0,0.0,0.12,0.04
6,PE_FED,-0.036608,0.05,0.2,0.4,0.55,0.65,0.85,0.95,0.0,0.0,0.0,0.1,0.04
8,PE_only,-0.03661,0.15,0.25,0.4,0.5,0.65,0.8,0.9,0.0,0.0,0.0,0.08,0.03
6,PE_PB,-0.036615,0.05,0.15,0.45,0.6,0.75,0.8,0.95,0.0,0.55,0.0,0.1,0.04
8,PE_PB,-0.036616,0.1,0.25,0.35,0.65,0.7,0.85,0.95,0.0,0.6,0.0,0.12,0.05
8,PE_PB,-0.036618,0.05,0.15,0.35,0.55,0.7,0.8,0.95,0.0,0.5,0.0,0.1,0.04
6,PE_only,-0.036619,0.1,0.3,0.45,0.7,0.65,0.8,0.85,0.0,0.0,0.0,0.06,0.05
6,PE_PB_FED,-0.036619,0.1,0.15,0.3,0.7,0.65,0.75,0.95,0.0,0.55,0.7,0.06,0.04
6,PE_only,-0.036621,0.15,0.3,0.35,0.55,0.75,0.8,0.95,0.0,0.0,0.0,0.1,0.03
8,PE_only,-0.036621,0.1,0.3,0.4,0.5,0.75,0.8,0.95,0.0,0.0,0.0,0.12,0.03
6,PE_only,-0.036622,0.15,0.3,0.35,0.6,0.65,0.8,0.95,0.0,0.0,0.0,0.12,0.04
6,PE_FED,-0.036622,0.2,0.3,0.35,0.6,0.7,0.75,0.95,-0.5,0.0,0.0,0.1,0.03
6,PE_only,-0.036625,0.2,0.25,0.45,0.55,0.65,0.8,0.95,0.0,0.0,0.0,0.12,0.03
8,PE_FED,-0.036631,0.2,0.3,0.4,0.5,0.7,0.8,0.9,-0.5,0.0,0.0,0.06,0.03
6,PE_only,-0.036632,0.05,0.25,0.45,0.6,0.65,0.85,0.95,0.0,0.0,0.0,0.1,0.03
8,PE_PB,-0.036633,0.1,0.2,0.45,0.65,0.7,0.8,0.85,0.0,0.6,0.0,0.1,0.03
6,PE_PB,-0.036636,0.1,0.2,0.3,0.6,0.7,0.8,0.95,0.0,0.55,0.0,0.1,0.03
8,PE_PB_FED,-0.036636,0.1,0.25,0.3,0.65,0.7,0.8,0.9,-0.5,0.5,0.7,0.08,0.04
8,PE_FED,-0.036638,0.05,0.15,0.35,0.55,0.65,0.85,0.95,0.5,0.0,0.0,0.08,0.05
8,PE_only,-0.03664,0.1,0.15,0.35,0.5,0.75,0.85,0.9,0.0,0.0,0.0,0.08,0.05
6,PE_FED,-0.036642,0.2,0.25,0.45,0.65,0.7,0.85,0.9,-0.5,0.0,0.0,0.1,0.04
8,PE_FED,-0.036643,0.05,0.15,0.35,0.5,0.75,0.8,0.95,0.5,0.0,0.0,0.12,0.05
6,PE_PB_FED,-0.036644,0.1,0.15,0.4,0.65,0.65,0.75,0.95,-0.5,0.55,0.8,0.08,0.03
8,PE_PB,-0.036644,0.1,0.25,0.45,0.6,0.7,0.75,0.85,0.0,0.65,0.0,0.12,0.03
8,PE_PB,-0.036646,0.15,0.2,0.35,0.65,0.7,0.8,0.95,0.0,0.5,0.0,0.1,0.04
6,PE_FED,-0.036652,0.1,0.2,0.45,0.55,0.75,0.8,0.9,0.0,0.0,0.0,0.1,0.03
8,PE_only,-0.036656,0.1,0.3,0.35,0.5,0.7,0.75,0.95,0.0,0.0,0.0,0.06,0.04
8,PE_PB_FED,-0.036664,0.05,0.3,0.45,0.65,0.7,0.75,0.85,-0.5,0.6,0.75,0.1,0.04
6,PE_PB,-0.036667,0.05,0.2,0.35,0.7,0.65,0.8,0.95,0.0,0.6,0.0,0.1,0.04
6,PE_FED,-0.036668,0.2,0.3,0.45,0.7,0.7,0.85,0.95,0.0,0.0,0.0,0.12,0.05
6,PE_FED,-0.036668,0.2,0.3,0.45,0.7,0.7,0.85,0.95,0.0,0.0,0.0,0.08,0.05
8,PE_PB,-0.03667,0.1,0.2,0.45,0.55,0.7,0.75,0.95,0.0,0.55,0.0,0.12,0.03
6,PE_only,-0.036679,0.1,0.3,0.4,0.6,0.65,0.75,0.95,0.0,0.0,0.0,0.06,0.05
8,PE_PB,-0.03668,0.1,0.25,0.4,0.65,0.7,0.85,0.95,0.0,0.6,0.0,0.12,0.05
8,PE_PB,-0.036681,0.15,0.25,0.4,0.7,0.65,0.8,0.9,0.0,0.55,0.0,0.08,0.04
6,PE_FED,-0.036682,0.05,0.3,0.35,0.65,0.7,0.8,0.95,0.0,0.0,0.0,0.12,0.05
8,PE_PB,-0.036684,0.05,0.2,0.4,0.55,0.65,0.8,0.85,0.0,0.65,0.0,0.1,0.03
6,PE_only,-0.036685,0.1,0.15,0.4,0.6,0.7,0.85,0.9,0.0,0.0,0.0,0.08,0.05
8,PE_PB,-0.036685,0.05,0.15,0.35,0.55,0.75,0.8,0.95,0.0,0.5,0.0,0.12,0.05
8,PE_only,-0.036686,0.15,0.2,0.4,0.5,0.7,0.8,0.85,0.0,0.0,0.0,0.12,0.03
8,PE_PB,-0.036686,0.05,0.15,0.45,0.65,0.65,0.75,0.85,0.0,0.5,0.0,0.08,0.04
8,PB_FED,-0.036689,0.2,0.3,0.45,0.55,0.7,0.8,0.95,0.5,0.0,0.0,0.1,0.03
6,PE_PB,-0.03669,0.1,0.15,0.4,0.7,0.65,0.85,0.9,0.0,0.55,0.0,0.06,0.04
6,PE_PB_FED,-0.03669,0.05,0.15,0.35,0.55,0.65,0.75,0.95,0.0,0.65,0.75,0.08,0.03
8,PE_PB,-0.03669,0.15,0.3,0.35,0.6,0.75,0.8,0.95,0.0,0.6,0.0,0.06,0.03
8,PE_PB,-0.036694,0.2,0.25,0.35,0.7,0.65,0.85,0.95,0.0,0.55,0.0,0.06,0.03
6,PE_FED,-0.036696,0.2,0.25,0.4,0.7,0.65,0.85,0.9,0.0,0.0,0.0,0.06,0.03
8,PB_FED,-0.036703,0.05,0.3,0.4,0.55,0.75,0.8,0.95,0.5,0.0,0.0,0.08,0.04
6,PB_FED,-0.036705,0.05,0.3,0.35,0.5,0.7,0.85,0.9,0.0,0.0,0.0,0.08,0.05
6,PE_only,-0.036707,0.05,0.2,0.35,0.6,0.7,0.8,0.85,0.0,0.0,0.0,0.1,0.04
6,PE_only,-0.036711,0.1,0.2,0.35,0.6,0.65,0.75,0.85,0.0,0.0,0.0,0.1,0.05
6,PE_only,-0.036711,0.1,0.2,0.35,0.6,0.65,0.75,0.85,0.0,0.0,0.0,0.08,0.05
6,PE_only,-0.036711,0.05,0.2,0.3,0.6,0.75,0.85,0.9,0.0,0.0,0.0,0.08,0.03
6,PE_FED,-0.036713,0.2,0.25,0.45,0.65,0.75,0.8,0.85,-0.5,0.0,0.0,0.08,0.03
6,PE_FED,-0.036714,0.1,0.25,0.3,0.6,0.65,0.75,0.9,-0.5,0.0,0.0,0.06,0.05
6,PE_only,-0.036717,0.1,0.2,0.45,0.55,0.65,0.85,0.95,0.0,0.0,0.0,0.08,0.04
6,PE_only,-0.03672,0.2,0.25,0.4,0.65,0.65,0.75,0.85,0.0,0.0,0.0,0.08,0.05
8,PE_PB_FED,-0.036721,0.05,0.15,0.35,0.65,0.65,0.75,0.95,0.5,0.55,0.75,0.06,0.04
8,PE_PB,-0.036722,0.2,0.25,0.4,0.65,0.65,0.85,0.9,0.0,0.65,0.0,0.08,0.03
8,PE_PB_FED,-0.036722,0.1,0.25,0.45,0.6,0.65,0.8,0.85,-0.5,0.6,0.8,0.1,0.04
6,PE_PB,-0.036723,0.1,0.25,0.3,0.7,0.75,0.85,0.95,0.0,0.65,0.0,0.12,0.04
6,PB_FED,-0.036723,0.1,0.3,0.4,0.5,0.65,0.85,0.95,-0.5,0.0,0.0,0.12,0.05
8,PE_PB,-0.036725,0.05,0.25,0.45,0.65,0.65,0.8,0.9,0.0,0.6,0.0,0.12,0.04
8,PE_only,-0.036728,0.05,0.2,0.45,0.5,0.65,0.8,0.9,0.0,0.0,0.0,0.06,0.05
8,PE_PB,-0.036729,0.2,0.25,0.3,0.65,0.65,0.8,0.85,0.0,0.65,0.0,0.06,0.05
6,PE_only,-0.03673,0.05,0.2,0.4,0.6,0.75,0.8,0.85,0.0,0.0,0.0,0.12,0.03
8,PE_FED,-0.03673,0.05,0.25,0.45,0.5,0.75,0.8,0.85,-0.5,0.0,0.0,0.12,0.05
8,PE_PB_FED,-0.03673,0.1,0.3,0.35,0.55,0.75,0.8,0.9,0.0,0.55,0.75,0.12,0.04
8,PE_PB,-0.036731,0.15,0.2,0.35,0.55,0.7,0.75,0.95,0.0,0.55,0.0,0.12,0.05
6,PE_PB,-0.036734,0.05,0.15,0.4,0.6,0.75,0.8,0.9,0.0,0.65,0.0,0.06,0.03
8,PE_only,-0.036737,0.05,0.25,0.4,0.5,0.7,0.85,0.95,0.0,0.0,0.0,0.06,0.04
6,PE_FED,-0.036739,0.05,0.25,0.45,0.65,0.7,0.8,0.85,-0.5,0.0,0.0,0.1,0.05
8,PE_PB_FED,-0.036742,0.1,0.2,0.45,0.65,0.65,0.75,0.95,0.5,0.6,0.75,0.06,0.03
6,PE_only,-0.036745,0.05,0.2,0.3,0.6,0.65,0.85,0.9,0.0,0.0,0.0,0.1,0.04
6,PE_PB,-0.036745,0.1,0.15,0.4,0.7,0.7,0.8,0.85,0.0,0.6,0.0,0.1,0.05
6,PE_only,-0.036748,0.05,0.2,0.35,0.55,0.7,0.8,0.9,0.0,0.0,0.0,0.08,0.05
8,PE_only,-0.036749,0.1,0.15,0.45,0.5,0.7,0.85,0.9,0.0,0.0,0.0,0.1,0.03
6,PE_only,-0.03675,0.1,0.25,0.45,0.6,0.65,0.75,0.9,0.0,0.0,0.0,0.06,0.03
6,PE_only,-0.03675,0.1,0.2,0.3,0.6,0.7,0.8,0.85,0.0,0.0,0.0,0.12,0.04
8,PE_FED,-0.03675,0.05,0.2,0.35,0.65,0.7,0.8,0.9,0.5,0.0,0.0,0.1,0.04
8,PE_only,-0.036757,0.1,0.15,0.4,0.5,0.7,0.85,0.9,0.0,0.0,0.0,0.08,0.05
8,PE_PB_FED,-0.036757,0.1,0.2,0.3,0.7,0.65,0.8,0.95,0.5,0.6,0.8,0.12,0.04
8,PE_PB_FED,-0.036757,0.05,0.25,0.45,0.55,0.75,0.8,0.95,-0.5,0.55,0.7,0.1,0.05
6,PE_FED,-0.036758,0.05,0.15,0.45,0.6,0.7,0.8,0.9,0.0,0.0,0.0,0.06,0.05
8,PE_FED,-0.036758,0.05,0.15,0.3,0.6,0.7,0.8,0.85,0.5,0.0,0.0,0.08,0.03
8,PE_only,-0.036761,0.1,0.3,0.4,0.5,0.65,0.75,0.95,0.0,0.0,0.0,0.06,0.04
8,PE_PB_FED,-0.036761,0.2,0.25,0.3,0.6,0.75,0.85,0.95,0.0,0.5,0.7,0.12,0.04
6,PE_only,-0.036763,0.05,0.2,0.45,0.6,0.7,0.75,0.85,0.0,0.0,0.0,0.1,0.03
6,PE_only,-0.036768,0.2,0.25,0.35,0.65,0.7,0.8,0.85,0.0,0.0,0.0,0.08,0.03
6,PE_only,-0.03678,0.15,0.25,0.35,0.6,0.75,0.8,0.9,0.0,0.0,0.0,0.06,0.04
8,PB_FED,-0.036785,0.15,0.3,0.35,0.5,0.65,0.8,0.9,0.5,0.0,0.0,0.1,0.05
6,PE_only,-0.036791,0.15,0.3,0.35,0.65,0.65,0.8,0.9,0.0,0.0,0.0,0.12,0.05
6,PE_PB,-0.036793,0.1,0.25,0.4,0.7,0.65,0.8,0.95,0.0,0.65,0.0,0.06,0.03
6,PE_FED,-0.036793,0.2,0.25,0.35,0.65,0.7,0.85,0.9,-0.5,0.0,0.0,0.08,0.05
6,PE_FED,-0.036793,0.2,0.25,0.3,0.65,0.7,0.75,0.85,0.0,0.0,0.0,0.12,0.05
6,PE_only,-0.036797,0.1,0.2,0.4,0.6,0.7,0.75,0.85,0.0,0.0,0.0,0.12,0.05
6,PE_PB,-0.036798,0.15,0.2,0.4,0.6,0.7,0.75,0.95,0.0,0.65,0.0,0.1,0.04
6,PE_FED,-0.036798,0.1,0.3,0.45,0.65,0.65,0.8,0.95,0.0,0.0,0.0,0.08,0.05
8,PE_PB,-0.0368,0.05,0.3,0.45,0.6,0.65,0.75,0.9,0.0,0.65,0.0,0.12,0.03
8,PE_PB,-0.0368,0.05,0.25,0.45,0.65,0.7,0.85,0.95,0.0,0.6,0.0,0.06,0.05
8,PE_PB,-0.036801,0.05,0.25,0.3,0.7,0.7,0.8,0.9,0.0,0.5,0.0,0.12,0.03
8,PE_FED,-0.036802,0.1,0.15,0.3,0.55,0.65,0.75,0.85,0.5,0.0,0.0,0.08,0.05
6,PE_PB,-0.036807,0.05,0.2,0.35,0.55,0.7,0.8,0.95,0.0,0.65,0.0,0.06,0.04
8,PE_PB,-0.036809,0.1,0.15,0.45,0.6,0.65,0.75,0.9,0.0,0.55,0.0,0.06,0.05
6,PE_only,-0.036818,0.1,0.2,0.45,0.5,0.7,0.75,0.95,0.0,0.0,0.0,0.12,0.05
6,PE_FED,-0.036818,0.1,0.2,0.3,0.55,0.7,0.85,0.95,-0.5,0.0,0.0,0.1,0.05
6,PE_FED,-0.036818,0.1,0.2,0.3,0.55,0.7,0.85,0.95,-0.5,0.0,0.0,0.06,0.05
6,PE_only,-0.036824,0.05,0.2,0.4,0.6,0.75,0.8,0.85,0.0,0.0,0.0,0.08,0.04
8,PE_PB,-0.036825,0.1,0.3,0.4,0.65,0.7,0.8,0.95,0.0,0.6,0.0,0.1,0.04
6,PE_only,-0.036826,0.05,0.25,0.3,0.55,0.7,0.8,0.9,0.0,0.0,0.0,0.08,0.03
6,PE_only,-0.036827,0.2,0.25,0.35,0.65,0.7,0.8,0.85,0.0,0.0,0.0,0.1,0.04
8,PE_PB_FED,-0.036827,0.05,0.15,0.4,0.5,0.65,0.8,0.85,-0.5,0.6,0.8,0.1,0.04
6,PE_only,-0.036832,0.1,0.3,0.35,0.6,0.65,0.8,0.95,0.0,0.0,0.0,0.06,0.04
8,PE_PB,-0.036833,0.05,0.3,0.4,0.65,0.7,0.8,0.85,0.0,0.65,0.0,0.12,0.03
6,PE_only,-0.036838,0.2,0.25,0.35,0.55,0.7,0.8,0.95,0.0,0.0,0.0,0.12,0.05
6,PE_PB,-0.036838,0.05,0.15,0.4,0.55,0.7,0.85,0.95,0.0,0.65,0.0,0.1,0.04
6,PE_FED,-0.036838,0.1,0.25,0.45,0.65,0.7,0.85,0.9,-0.5,0.0,0.0,0.08,0.05
8,PE_PB_FED,-0.03684,0.05,0.15,0.45,0.7,0.65,0.75,0.95,0.5,0.5,0.75,0.1,0.03
6,PE_FED,-0.036841,0.05,0.25,0.3,0.7,0.65,0.8,0.85,0.0,0.0,0.0,0.08,0.04
8,PE_PB,-0.036841,0.05,0.2,0.35,0.6,0.75,0.8,0.85,0.0,0.6,0.0,0.06,0.04
6,PE_PB,-0.036844,0.05,0.15,0.3,0.55,0.7,0.85,0.95,0.0,0.6,0.0,0.1,0.03
8,PE_only,-0.036846,0.1,0.25,0.3,0.5,0.65,0.85,0.95,0.0,0.0,0.0,0.1,0.05
8,PE_only,-0.036846,0.1,0.25,0.3,0.5,0.75,0.85,0.95,0.0,0.0,0.0,0.08,0.05
8,PB_FED,-0.036846,0.15,0.3,0.4,0.55,0.7,0.85,0.9,0.5,0.0,0.0,0.12,0.05
8,PE_PB,-0.036849,0.05,0.25,0.45,0.6,0.65,0.75,0.85,0.0,0.65,0.0,0.06,0.05
6,PE_only,-0.036851,0.05,0.2,0.4,0.5,0.65,0.75,0.9,0.0,0.0,0.0,0.12,0.03
6,PE_PB,-0.036852,0.15,0.2,0.4,0.7,0.65,0.75,0.85,0.0,0.6,0.0,0.06,0.03
8,PE_PB_FED,-0.036852,0.1,0.2,0.3,0.55,0.65,0.75,0.95,0.5,0.65,0.8,0.12,0.04
6,PE_only,-0.036853,0.1,0.25,0.4,0.5,0.7,0.75,0.95,0.0,0.0,0.0,0.1,0.03
6,PE_only,-0.036853,0.15,0.3,0.45,0.6,0.65,0.75,0.95,0.0,0.0,0.0,0.06,0.04
6,PE_FED,-0.036853,0.15,0.2,0.3,0.5,0.75,0.8,0.95,0.0,0.0,0.0,0.06,0.05
8,PE_PB,-0.036853,0.1,0.2,0.3,0.7,0.65,0.85,0.95,0.0,0.5,0.0,0.12,0.04
6,PE_PB_FED,-0.036856,0.05,0.15,0.4,0.7,0.65,0.75,0.85,-0.5,0.6,0.75,0.06,0.03
6,PE_only,-0.036859,0.15,0.25,0.4,0.6,0.7,0.8,0.9,0.0,0.0,0.0,0.12,0.04
6,PE_FED,-0.036859,0.05,0.2,0.3,0.55,0.65,0.85,0.95,-0.5,0.0,0.0,0.12,0.05
6,PE_PB,-0.036866,0.05,0.25,0.4,0.7,0.7,0.75,0.9,0.0,0.6,0.0,0.08,0.03
6,PE_PB,-0.036869,0.1,0.15,0.45,0.55,0.65,0.75,0.95,0.0,0.6,0.0,0.06,0.04
8,PE_only,-0.03687,0.2,0.3,0.45,0.55,0.7,0.85,0.95,0.0,0.0,0.0,0.12,0.05
6,PE_only,-0.036873,0.1,0.3,0.35,0.6,0.75,0.8,0.95,0.0,0.0,0.0,0.06,0.05
6,PE_PB,-0.036874,0.1,0.25,0.35,0.7,0.75,0.85,0.95,0.0,0.65,0.0,0.08,0.05
6,PE_PB,-0.036877,0.1,0.2,0.4,0.7,0.7,0.8,0.9,0.0,0.65,0.0,0.12,0.04
6,PE_PB,-0.036877,0.05,0.15,0.45,0.7,0.65,0.75,0.85,0.0,0.6,0.0,0.1,0.05
6,PE_PB,-0.036881,0.05,0.2,0.3,0.6,0.75,0.8,0.95,0.0,0.65,0.0,0.06,0.05
8,PE_PB,-0.036881,0.15,0.25,0.45,0.6,0.7,0.8,0.9,0.0,0.65,0.0,0.12,0.05
6,PE_only,-0.036885,0.15,0.3,0.4,0.55,0.65,0.75,0.95,0.0,0.0,0.0,0.08,0.04
6,PE_PB,-0.036886,0.1,0.25,0.45,0.7,0.7,0.75,0.95,0.0,0.65,0.0,0.08,0.03
6,PE_PB_FED,-0.036887,0.1,0.15,0.45,0.7,0.65,0.85,0.9,-0.5,0.65,0.7,0.1,0.05
8,PE_PB_FED,-0.036887,0.15,0.3,0.45,0.7,0.75,0.8,0.85,-0.5,0.55,0.75,0.06,0.04
8,PE_PB_FED,-0.036892,0.1,0.2,0.45,0.5,0.7,0.8,0.9,0.0,0.55,0.7,0.1,0.05
8,PE_only,-0.036895,0.15,0.2,0.3,0.5,0.65,0.85,0.9,0.0,0.0,0.0,0.12,0.04
8,PE_only,-0.036897,0.15,0.25,0.4,0.5,0.7,0.85,0.95,0.0,0.0,0.0,0.1,0.05
6,PE_only,-0.036898,0.15,0.2,0.4,0.5,0.65,0.75,0.9,0.0,0.0,0.0,0.12,0.03
6,PE_only,-0.036904,0.1,0.25,0.4,0.55,0.7,0.75,0.9,0.0,0.0,0.0,0.12,0.04
8,PE_PB,-0.036904,0.1,0.25,0.3,0.55,0.65,0.85,0.95,0.0,0.65,0.0,0.1,0.03
6,PE_only,-0.036906,0.1,0.3,0.4,0.6,0.75,0.8,0.95,0.0,0.0,0.0,0.06,0.04
6,PE_PB_FED,-0.036906,0.1,0.15,0.4,0.7,0.65,0.75,0.85,-0.5,0.6,0.75,0.12,0.03
6,PE_PB,-0.036909,0.1,0.15,0.4,0.55,0.65,0.75,0.95,0.0,0.55,0.0,0.12,0.03
8,PE_PB,-0.036909,0.05,0.25,0.45,0.7,0.65,0.8,0.9,0.0,0.55,0.0,0.08,0.04
8,PE_PB,-0.03691,0.1,0.25,0.4,0.7,0.65,0.75,0.85,0.0,0.55,0.0,0.1,0.03
8,PE_only,-0.036911,0.1,0.3,0.45,0.55,0.7,0.75,0.85,0.0,0.0,0.0,0.12,0.04
8,PE_PB_FED,-0.036912,0.05,0.15,0.45,0.6,0.65,0.85,0.9,-0.5,0.5,0.8,0.08,0.04
6,PE_FED,-0.036913,0.2,0.3,0.45,0.7,0.65,0.8,0.9,0.0,0.0,0.0,0.06,0.03
6,PE_only,-0.036918,0.05,0.15,0.4,0.5,0.7,0.75,0.85,0.0,0.0,0.0,0.1,0.03
6,PE_FED,-0.036921,0.1,0.2,0.45,0.6,0.75,0.8,0.85,-0.5,0.0,0.0,0.08,0.04
8,PE_PB,-0.036921,0.15,0.25,0.3,0.7,0.75,0.8,0.9,0.0,0.55,0.0,0.1,0.05
6,PE_FED,-0.036925,0.2,0.25,0.35,0.6,0.7,0.75,0.9,0.0,0.0,0.0,0.1,0.04
6,PE_FED,-0.036926,0.2,0.25,0.35,0.65,0.7,0.75,0.85,0.0,0.0,0.0,0.1,0.05
8,PE_PB_FED,-0.036926,0.05,0.25,0.3,0.7,0.7,0.85,0.9,-0.5,0.5,0.8,0.08,0.05
8,PE_PB,-0.03693,0.1,0.25,0.35,0.6,0.75,0.85,0.95,0.0,0.6,0.0,0.08,0.03
8,PE_PB_FED,-0.036931,0.05,0.3,0.45,0.6,0.65,0.75,0.95,-0.5,0.55,0.7,0.08,0.05
8,PE_only,-0.036932,0.1,0.2,0.4,0.5,0.7,0.8,0.85,0.0,0.0,0.0,0.06,0.03
6,PE_FED,-0.036935,0.05,0.15,0.35,0.5,0.7,0.75,0.95,-0.5,0.0,0.0,0.1,0.05
6,PE_FED,-0.036935,0.2,0.3,0.45,0.65,0.7,0.8,0.9,-0.5,0.0,0.0,0.1,0.03
6,PE_only,-0.036938,0.1,0.2,0.3,0.6,0.7,0.85,0.9,0.0,0.0,0.0,0.08,0.04
6,PE_only,-0.036946,0.1,0.3,0.4,0.6,0.7,0.8,0.95,0.0,0.0,0.0,0.06,0.05
6,PE_only,-0.036947,0.2,0.25,0.45,0.65,0.7,0.8,0.9,0.0,0.0,0.0,0.06,0.05
6,PE_only,-0.036952,0.15,0.2,0.45,0.6,0.65,0.8,0.9,0.0,0.0,0.0,0.1,0.05
8,PE_PB,-0.036952,0.2,0.25,0.35,0.7,0.75,0.85,0.9,0.0,0.6,0.0,0.12,0.04
8,PE_PB,-0.036952,0.1,0.2,0.45,0.65,0.7,0.75,0.95,0.0,0.5,0.0,0.06,0.05
6,PE_only,-0.036955,0.05,0.25,0.3,0.55,0.7,0.85,0.95,0.0,0.0,0.0,0.12,0.04
8,PE_PB_FED,-0.036955,0.1,0.3,0.45,0.7,0.75,0.8,0.85,0.0,0.5,0.7,0.12,0.05
8,PE_only,-0.036957,0.2,0.25,0.45,0.55,0.7,0.85,0.9,0.0,0.0,0.0,0.1,0.03
8,PE_PB,-0.036957,0.15,0.25,0.45,0.6,0.65,0.75,0.85,0.0,0.65,0.0,0.12,0.05
8,PE_PB,-0.036957,0.15,0.2,0.3,0.6,0.7,0.8,0.85,0.0,0.6,0.0,0.08,0.04
8,PE_PB_FED,-0.036962,0.2,0.25,0.45,0.65,0.7,0.8,0.85,-0.5,0.6,0.8,0.06,0.05
6,PE_PB,-0.036963,0.05,0.15,0.35,0.6,0.65,0.8,0.95,0.0,0.6,0.0,0.06,0.04
8,PE_only,-0.036964,0.15,0.2,0.3,0.5,0.75,0.85,0.9,0.0,0.0,0.0,0.06,0.04
6,PE_only,-0.036965,0.05,0.15,0.3,0.5,0.7,0.8,0.9,0.0,0.0,0.0,0.06,0.05
6,PE_PB_FED,-0.036966,0.1,0.25,0.3,0.65,0.65,0.8,0.95,0.0,0.65,0.7,0.08,0.03
6,PE_PB,-0.036969,0.05,0.2,0.45,0.65,0.7,0.8,0.95,0.0,0.65,0.0,0.1,0.03
6,PE_FED,-0.036969,0.1,0.3,0.4,0.6,0.7,0.75,0.95,-0.5,0.0,0.0,0.08,0.05
6,PE_FED,-0.036969,0.1,0.25,0.4,0.6,0.65,0.85,0.95,0.0,0.0,0.0,0.12,0.03
8,PE_PB,-0.03697,0.05,0.15,0.45,0.55,0.7,0.85,0.95,0.0,0.55,0.0,0.06,0.03
6,PE_only,-0.036974,0.1,0.25,0.45,0.6,0.65,0.75,0.9,0.0,0.0,0.0,0.08,0.04
8,PE_only,-0.036974,0.2,0.25,0.3,0.5,0.7,0.85,0.95,0.0,0.0,0.0,0.12,0.03
8,PE_only,-0.036974,0.2,0.25,0.3,0.5,0.75,0.85,0.95,0.0,0.0,0.0,0.1,0.03
8,PE_only,-0.036974,0.1,0.25,0.45,0.55,0.7,0.85,0.9,0.0,0.0,0.0,0.06,0.05
6,PE_PB,-0.036977,0.1,0.2,0.35,0.7,0.7,0.85,0.95,0.0,0.6,0.0,0.1,0.03
8,PE_FED,-0.036977,0.05,0.2,0.45,0.65,0.65,0.8,0.9,0.5,0.0,0.0,0.1,0.03
6,PE_only,-0.036978,0.05,0.2,0.3,0.5,0.65,0.85,0.95,0.0,0.0,0.0,0.1,0.03
6,PE_PB_FED,-0.036981,0.05,0.2,0.3,0.65,0.65,0.8,0.9,0.0,0.6,0.8,0.08,0.03
6,PE_PB,-0.036982,0.05,0.2,0.4,0.6,0.65,0.75,0.95,0.0,0.55,0.0,0.12,0.04
8,PE_PB_FED,-0.036982,0.1,0.2,0.3,0.7,0.65,0.75,0.9,0.5,0.65,0.75,0.12,0.05
6,PE_only,-0.036985,0.2,0.25,0.3,0.65,0.7,0.8,0.85,0.0,0.0,0.0,0.06,0.05
6,PE_PB,-0.036985,0.05,0.2,0.3,0.65,0.65,0.8,0.9,0.0,0.6,0.0,0.1,0.03
6,PE_FED,-0.036989,0.05,0.25,0.4,0.6,0.75,0.8,0.9,-0.5,0.0,0.0,0.08,0.04
6,PE_only,-0.03699,0.05,0.25,0.3,0.5,0.7,0.75,0.95,0.0,0.0,0.0,0.08,0.04
6,PE_FED,-0.036992,0.1,0.2,0.35,0.55,0.75,0.85,0.95,-0.5,0.0,0.0,0.06,0.05
8,PE_PB_FED,-0.036993,0.05,0.15,0.45,0.65,0.75,0.8,0.95,0.5,0.6,0.8,0.12,0.04
8,PE_only,-0.036994,0.15,0.3,0.35,0.5,0.65,0.8,0.95,0.0,0.0,0.0,0.08,0.05
6,PE_only,-0.036999,0.05,0.15,0.45,0.5,0.65,0.8,0.9,0.0,0.0,0.0,0.1,0.03
6,PE_PB,-0.036999,0.1,0.15,0.4,0.6,0.65,0.8,0.9,0.0,0.65,0.0,0.12,0.03
8,PE_only,-0.037006,0.1,0.3,0.4,0.55,0.75,0.8,0.85,0.0,0.0,0.0,0.1,0.03
6,PE_PB_FED,-0.037008,0.1,0.2,0.3,0.65,0.65,0.75,0.85,0.0,0.65,0.8,0.12,0.05
6,PE_only,-0.037011,0.15,0.25,0.35,0.5,0.65,0.8,0.95,0.0,0.0,0.0,0.12,0.03
8,PE_FED,-0.037011,0.05,0.2,0.35,0.7,0.7,0.8,0.85,0.5,0.0,0.0,0.06,0.03
6,PE_only,-0.037016,0.15,0.25,0.3,0.5,0.65,0.75,0.95,0.0,0.0,0.0,0.08,0.05
8,PE_FED,-0.037016,0.15,0.2,0.45,0.7,0.65,0.75,0.85,0.5,0.0,0.0,0.1,0.04
8,PE_FED,-0.037016,0.2,0.25,0.35,0.65,0.7,0.75,0.95,0.5,0.0,0.0,0.12,0.04
8,PE_only,-0.037017,0.05,0.3,0.45,0.5,0.65,0.8,0.95,0.0,0.0,0.0,0.06,0.03
8,PE_FED,-0.037017,0.05,0.25,0.4,0.6,0.65,0.75,0.95,0.5,0.0,0.0,0.12,0.05
6,PE_PB,-0.037019,0.05,0.2,0.35,0.6,0.7,0.8,0.95,0.0,0.65,0.0,0.12,0.05
8,PE_PB_FED,-0.037021,0.05,0.25,0.45,0.5,0.75,0.8,0.95,-0.5,0.6,0.7,0.1,0.03
8,PE_FED,-0.037024,0.2,0.3,0.4,0.5,0.65,0.85,0.95,-0.5,0.0,0.0,0.06,0.04
6,PB_FED,-0.037025,0.2,0.3,0.35,0.5,0.65,0.85,0.95,-0.5,0.0,0.0,0.12,0.04
6,PE_only,-0.037031,0.2,0.25,0.35,0.6,0.65,0.75,0.9,0.0,0.0,0.0,0.1,0.04
8,PE_FED,-0.037033,0.05,0.25,0.45,0.65,0.65,0.75,0.95,0.5,0.0,0.0,0.1,0.05
8,PE_FED,-0.037035,0.15,0.25,0.3,0.65,0.65,0.8,0.9,0.5,0.0,0.0,0.1,0.03
8,PE_only,-0.037036,0.05,0.3,0.35,0.5,0.7,0.8,0.95,0.0,0.0,0.0,0.08,0.04
8,PE_PB,-0.037036,0.1,0.25,0.3,0.6,0.7,0.75,0.95,0.0,0.55,0.0,0.1,0.04
8,PE_PB,-0.037041,0.05,0.2,0.4,0.7,0.75,0.8,0.85,0.0,0.5,0.0,0.06,0.04
6,PE_PB,-0.037042,0.1,0.2,0.4,0.65,0.65,0.75,0.95,0.0,0.65,0.0,0.06,0.05
8,PE_PB,-0.037042,0.15,0.2,0.35,0.55,0.65,0.75,0.95,0.0,0.5,0.0,0.06,0.03
8,PE_PB_FED,-0.037049,0.1,0.15,0.3,0.55,0.7,0.8,0.95,0.5,0.6,0.8,0.12,0.05
6,PE_only,-0.037051,0.15,0.25,0.3,0.6,0.7,0.75,0.85,0.0,0.0,0.0,0.1,0.04
6,PE_only,-0.037058,0.15,0.25,0.3,0.55,0.65,0.75,0.9,0.0,0.0,0.0,0.08,0.05
6,PE_only,-0.037058,0.15,0.25,0.3,0.55,0.65,0.75,0.9,0.0,0.0,0.0,0.06,0.05
6,PE_only,-0.037062,0.1,0.2,0.4,0.5,0.65,0.75,0.9,0.0,0.0,0.0,0.12,0.03
8,PE_only,-0.037062,0.1,0.3,0.45,0.55,0.65,0.8,0.9,0.0,0.0,0.0,0.12,0.05
8,PE_PB,-0.037063,0.05,0.2,0.4,0.65,0.65,0.75,0.85,0.0,0.55,0.0,0.08,0.05
8,PE_PB,-0.037065,0.05,0.15,0.35,0.65,0.75,0.8,0.85,0.0,0.5,0.0,0.1,0.04
6,PE_only,-0.037066,0.1,0.3,0.45,0.65,0.7,0.75,0.9,0.0,0.0,0.0,0.1,0.05
6,PE_PB,-0.037066,0.1,0.2,0.45,0.7,0.7,0.85,0.9,0.0,0.65,0.0,0.06,0.05
8,PE_PB,-0.037067,0.2,0.25,0.45,0.65,0.75,0.85,0.9,0.0,0.65,0.0,0.1,0.03
8,PE_PB_FED,-0.037067,0.1,0.25,0.3,0.7,0.75,0.8,0.95,0.5,0.65,0.75,0.12,0.04
8,PE_PB,-0.03707,0.1,0.15,0.4,0.5,0.7,0.8,0.95,0.0,0.6,0.0,0.06,0.04
8,PE_FED,-0.03707,0.15,0.2,0.4,0.7,0.7,0.85,0.9,0.5,0.0,0.0,0.1,0.03
8,PE_PB,-0.037072,0.1,0.15,0.45,0.6,0.65,0.75,0.9,0.0,0.5,0.0,0.06,0.03
6,PE_PB_FED,-0.037075,0.05,0.2,0.3,0.65,0.75,0.85,0.9,-0.5,0.65,0.8,0.12,0.03
8,PE_PB,-0.037075,0.05,0.2,0.3,0.6,0.7,0.85,0.9,0.0,0.6,0.0,0.08,0.03
6,PE_PB,-0.037077,0.05,0.2,0.4,0.6,0.75,0.8,0.95,0.0,0.65,0.0,0.06,0.05
8,PE_PB,-0.037078,0.1,0.3,0.45,0.7,0.75,0.8,0.9,0.0,0.6,0.0,0.06,0.04
8,PE_PB_FED,-0.03708,0.2,0.3,0.45,0.6,0.65,0.8,0.85,-0.5,0.65,0.8,0.12,0.03
8,PE_PB,-0.037085,0.05,0.2,0.3,0.55,0.65,0.8,0.9,0.0,0.6,0.0,0.08,0.04
6,PE_PB,-0.037087,0.1,0.2,0.35,0.65,0.75,0.85,0.95,0.0,0.65,0.0,0.06,0.04
6,PE_PB,-0.037087,0.15,0.2,0.45,0.7,0.7,0.75,0.85,0.0,0.55,0.0,0.08,0.03
8,PE_PB_FED,-0.037088,0.05,0.25,0.3,0.6,0.75,0.8,0.85,-0.5,0.55,0.75,0.06,0.03
6,PE_only,-0.037092,0.1,0.25,0.3,0.55,0.75,0.85,0.95,0.0,0.0,0.0,0.06,0.04
6,PE_only,-0.037092,0.1,0.25,0.3,0.55,0.75,0.85,0.95,0.0,0.0,0.0,0.12,0.04
6,PE_FED,-0.037092,0.2,0.25,0.3,0.65,0.75,0.85,0.9,0.0,0.0,0.0,0.12,0.04
8,PE_only,-0.037092,0.15,0.3,0.4,0.5,0.65,0.8,0.95,0.0,0.0,0.0,0.1,0.05
8,PE_PB_FED,-0.037095,0.15,0.25,0.4,0.6,0.65,0.85,0.9,-0.5,0.6,0.7,0.1,0.05
6,PE_PB,-0.037098,0.1,0.2,0.3,0.7,0.65,0.85,0.95,0.0,0.6,0.0,0.12,0.03
8,PE_PB,-0.0371,0.05,0.2,0.4,0.55,0.7,0.8,0.95,0.0,0.55,0.0,0.06,0.05
6,PE_only,-0.037104,0.2,0.25,0.4,0.6,0.65,0.75,0.9,0.0,0.0,0.0,0.08,0.04
6,PE_only,-0.03711,0.15,0.25,0.35,0.55,0.7,0.85,0.95,0.0,0.0,0.0,0.08,0.05
6,PE_FED,-0.03711,0.1,0.25,0.35,0.55,0.65,0.75,0.95,-0.5,0.0,0.0,0.1,0.05
8,PE_PB,-0.037111,0.15,0.2,0.4,0.55,0.65,0.75,0.95,0.0,0.5,0.0,0.12,0.03
8,PE_PB,-0.037115,0.15,0.2,0.3,0.65,0.75,0.8,0.85,0.0,0.55,0.0,0.08,0.03
6,PE_only,-0.037119,0.1,0.15,0.35,0.55,0.7,0.85,0.9,0.0,0.0,0.0,0.12,0.05
8,PE_PB_FED,-0.037119,0.15,0.3,0.45,0.65,0.7,0.85,0.9,-0.5,0.6,0.7,0.06,0.04
8,PE_PB_FED,-0.037122,0.15,0.2,0.4,0.6,0.65,0.85,0.9,-0.5,0.55,0.7,0.06,0.05
6,PE_only,-0.037129,0.05,0.2,0.45,0.6,0.65,0.75,0.85,0.0,0.0,0.0,0.1,0.05
6,PE_FED,-0.037131,0.15,0.25,0.3,0.6,0.65,0.85,0.95,0.0,0.0,0.0,0.1,0.05
8,PE_PB,-0.037131,0.1,0.25,0.35,0.6,0.75,0.8,0.9,0.0,0.6,0.0,0.06,0.03
8,PE_PB_FED,-0.037133,0.15,0.3,0.35,0.5,0.65,0.75,0.9,0.0,0.6,0.7,0.06,0.05
6,PE_only,-0.037134,0.15,0.2,0.45,0.5,0.7,0.8,0.95,0.0,0.0,0.0,0.1,0.04
6,PE_PB,-0.037135,0.15,0.2,0.45,0.6,0.65,0.8,0.95,0.0,0.55,0.0,0.08,0.03
6,PE_FED,-0.037136,0.15,0.3,0.4,0.7,0.7,0.75,0.85,0.0,0.0,0.0,0.08,0.04
6,PE_PB_FED,-0.037136,0.05,0.15,0.4,0.6,0.75,0.85,0.95,0.0,0.65,0.75,0.08,0.03
8,PE_only,-0.037138,0.1,0.2,0.45,0.5,0.65,0.8,0.9,0.0,0.0,0.0,0.06,0.05
8,PE_FED,-0.03714,0.05,0.2,0.4,0.6,0.7,0.75,0.9,0.5,0.0,0.0,0.1,0.05
8,PE_PB_FED,-0.03714,0.1,0.3,0.45,0.6,0.65,0.75,0.9,-0.5,0.6,0.75,0.08,0.05
6,PE_PB,-0.037145,0.15,0.2,0.4,0.6,0.65,0.8,0.95,0.0,0.65,0.0,0.12,0.05
6,PE_FED,-0.037145,0.15,0.25,0.35,0.65,0.75,0.85,0.9,0.0,0.0,0.0,0.08,0.04
6,PE_PB,-0.037146,0.1,0.15,0.3,0.55,0.75,0.85,0.95,0.0,0.6,0.0,0.06,0.03
6,PE_PB,-0.037149,0.1,0.25,0.35,0.7,0.65,0.75,0.95,0.0,0.65,0.0,0.06,0.04
8,PE_only,-0.037149,0.15,0.25,0.45,0.5,0.75,0.8,0.9,0.0,0.0,0.0,0.1,0.03
8,PE_only,-0.037153,0.1,0.2,0.3,0.5,0.7,0.85,0.9,0.0,0.0,0.0,0.12,0.04
8,PE_FED,-0.037154,0.1,0.3,0.45,0.5,0.65,0.75,0.85,-0.5,0.0,0.0,0.12,0.04
8,PE_PB,-0.037158,0.05,0.15,0.3,0.55,0.7,0.85,0.9,0.0,0.6,0.0,0.12,0.04
8,PE_FED,-0.03716,0.05,0.25,0.4,0.65,0.65,0.8,0.95,0.5,0.0,0.0,0.1,0.05
8,PE_PB_FED,-0.037162,0.05,0.3,0.45,0.65,0.7,0.85,0.9,0.0,0.55,0.8,0.12,0.04
8,PE_PB,-0.037163,0.1,0.15,0.35,0.7,0.65,0.8,0.85,0.0,0.5,0.0,0.08,0.05
6,PB_FED,-0.037167,0.1,0.3,0.4,0.5,0.7,0.85,0.95,0.0,0.0,0.0,0.06,0.04
6,PE_PB_FED,-0.037168,0.05,0.15,0.3,0.6,0.65,0.75,0.95,-0.5,0.55,0.75,0.08,0.03
6,PE_PB,-0.037169,0.05,0.2,0.3,0.55,0.7,0.75,0.95,0.0,0.6,0.0,0.1,0.05
6,PE_PB,-0.037169,0.1,0.2,0.3,0.65,0.65,0.75,0.9,0.0,0.6,0.0,0.12,0.04
8,PE_PB,-0.037172,0.05,0.3,0.35,0.7,0.65,0.85,0.95,0.0,0.55,0.0,0.06,0.03
6,PE_only,-0.037174,0.1,0.2,0.4,0.6,0.7,0.85,0.9,0.0,0.0,0.0,0.06,0.04
6,PE_only,-0.037174,0.1,0.25,0.45,0.6,0.65,0.85,0.95,0.0,0.0,0.0,0.12,0.04
6,PE_FED,-0.037174,0.05,0.2,0.45,0.55,0.75,0.85,0.95,0.0,0.0,0.0,0.08,0.05
6,PE_FED,-0.037176,0.1,0.25,0.4,0.55,0.65,0.75,0.95,-0.5,0.0,0.0,0.08,0.04
8,PE_only,-0.037177,0.2,0.3,0.35,0.5,0.7,0.8,0.95,0.0,0.0,0.0,0.1,0.03
6,PE_PB,-0.037178,0.1,0.2,0.35,0.6,0.75,0.8,0.95,0.0,0.65,0.0,0.12,0.04
6,PE_PB,-0.037183,0.15,0.3,0.45,0.7,0.7,0.75,0.95,0.0,0.55,0.0,0.1,0.03
8,PE_PB,-0.037185,0.15,0.3,0.35,0.6,0.65,0.85,0.95,0.0,0.65,0.0,0.12,0.04
6,PE_only,-0.037186,0.1,0.25,0.45,0.6,0.7,0.8,0.9,0.0,0.0,0.0,0.08,0.03
8,PE_PB,-0.037187,0.1,0.2,0.3,0.6,0.7,0.8,0.85,0.0,0.6,0.0,0.1,0.04
6,PE_PB_FED,-0.037189,0.05,0.15,0.3,0.7,0.65,0.75,0.85,-0.5,0.6,0.7,0.08,0.05
6,PE_only,-0.037194,0.15,0.25,0.4,0.55,0.65,0.85,0.95,0.0,0.0,0.0,0.1,0.05
8,PE_PB_FED,-0.037196,0.05,0.25,0.3,0.5,0.7,0.75,0.9,-0.5,0.6,0.8,0.06,0.03
6,PE_PB_FED,-0.037201,0.05,0.2,0.35,0.7,0.75,0.8,0.9,-0.5,0.6,0.8,0.1,0.05
8,PE_PB_FED,-0.037202,0.1,0.15,0.45,0.5,0.65,0.85,0.9,0.0,0.55,0.8,0.06,0.05
6,PE_PB,-0.037206,0.05,0.15,0.4,0.65,0.65,0.8,0.9,0.0,0.65,0.0,0.06,0.05
6,PE_FED,-0.037206,0.05,0.25,0.3,0.6,0.65,0.75,0.85,-0.5,0.0,0.0,0.12,0.04
6,PE_only,-0.037207,0.1,0.25,0.35,0.6,0.65,0.75,0.85,0.0,0.0,0.0,0.12,0.04
6,PE_only,-0.037208,0.05,0.25,0.4,0.55,0.75,0.85,0.95,0.0,0.0,0.0,0.12,0.04
6,PE_only,-0.037213,0.15,0.2,0.35,0.5,0.75,0.85,0.95,0.0,0.0,0.0,0.12,0.03
6,PE_only,-0.037213,0.05,0.3,0.35,0.65,0.65,0.75,0.85,0.0,0.0,0.0,0.1,0.05
6,PE_FED,-0.037217,0.05,0.15,0.45,0.55,0.65,0.8,0.9,0.0,0.0,0.0,0.1,0.03
6,PE_PB,-0.037218,0.05,0.2,0.3,0.7,0.7,0.75,0.85,0.0,0.65,0.0,0.08,0.05
8,PE_only,-0.03722,0.05,0.3,0.4,0.5,0.75,0.8,0.95,0.0,0.0,0.0,0.1,0.05
8,PE_PB_FED,-0.037222,0.1,0.15,0.3,0.55,0.75,0.85,0.9,-0.5,0.5,0.75,0.12,0.03
6,PE_PB,-0.037223,0.1,0.2,0.35,0.65,0.65,0.8,0.95,0.0,0.65,0.0,0.06,0.04
6,PE_only,-0.037224,0.2,0.3,0.45,0.65,0.7,0.8,0.9,0.0,0.0,0.0,0.12,0.03
6,PE_only,-0.037225,0.1,0.25,0.3,0.55,0.7,0.75,0.9,0.0,0.0,0.0,0.06,0.05
8,PE_PB,-0.037227,0.1,0.25,0.35,0.6,0.65,0.75,0.95,0.0,0.55,0.0,0.1,0.05
8,PE_PB,-0.037229,0.1,0.25,0.4,0.6,0.65,0.75,0.95,0.0,0.55,0.0,0.1,0.04
6,PE_PB_FED,-0.03723,0.15,0.2,0.35,0.7,0.7,0.75,0.9,0.0,0.55,0.8,0.06,0.04
6,PE_only,-0.037231,0.1,0.2,0.4,0.55,0.65,0.75,0.85,0.0,0.0,0.0,0.12,0.05
6,PE_PB,-0.037232,0.1,0.2,0.4,0.6,0.65,0.8,0.95,0.0,0.65,0.0,0.1,0.04
6,PE_PB,-0.037232,0.05,0.15,0.35,0.6,0.7,0.8,0.9,0.0,0.55,0.0,0.06,0.04
6,PE_only,-0.037235,0.15,0.2,0.45,0.6,0.7,0.8,0.85,0.0,0.0,0.0,0.06,0.03
8,PE_PB_FED,-0.037235,0.15,0.3,0.4,0.7,0.65,0.85,0.95,-0.5,0.5,0.75,0.1,0.05
6,PE_PB,-0.037238,0.05,0.2,0.3,0.7,0.7,0.8,0.85,0.0,0.55,0.0,0.08,0.05
6,PE_PB,-0.03724,0.15,0.25,0.45,0.7,0.7,0.75,0.95,0.0,0.65,0.0,0.1,0.04
8,PE_FED,-0.037241,0.1,0.2,0.35,0.55,0.7,0.75,0.9,0.5,0.0,0.0,0.1,0.05
8,PE_PB,-0.037242,0.1,0.15,0.4,0.5,0.65,0.75,0.85,0.0,0.65,0.0,0.1,0.03
6,PE_only,-0.037243,0.1,0.25,0.35,0.55,0.65,0.85,0.95,0.0,0.0,0.0,0.12,0.04
8,PE_PB,-0.037243,0.05,0.25,0.3,0.7,0.65,0.75,0.85,0.0,0.55,0.0,0.06,0.05
8,PE_PB_FED,-0.037244,0.1,0.3,0.4,0.65,0.65,0.8,0.85,0.0,0.5,0.75,0.06,0.04
6,PE_PB,-0.037245,0.1,0.15,0.4,0.65,0.75,0.8,0.85,0.0,0.55,0.0,0.08,0.03
6,PE_PB_FED,-0.037245,0.05,0.25,0.35,0.6,0.65,0.8,0.95,-0.5,0.65,0.7,0.12,0.03
8,PE_PB,-0.037249,0.05,0.15,0.3,0.6,0.7,0.85,0.95,0.0,0.5,0.0,0.06,0.04
6,PE_PB,-0.037251,0.05,0.25,0.4,0.7,0.65,0.85,0.9,0.0,0.65,0.0,0.1,0.04
8,PE_PB,-0.037253,0.1,0.25,0.3,0.65,0.75,0.8,0.85,0.0,0.6,0.0,0.1,0.03
6,PE_only,-0.037254,0.15,0.2,0.45,0.6,0.75,0.8,0.85,0.0,0.0,0.0,0.08,0.03
6,PE_FED,-0.037255,0.1,0.25,0.35,0.65,0.75,0.85,0.9,0.0,0.0,0.0,0.06,0.03
6,PE_FED,-0.037256,0.15,0.2,0.3,0.55,0.7,0.85,0.9,0.0,0.0,0.0,0.1,0.03
6,PE_FED,-0.037256,0.15,0.2,0.3,0.55,0.75,0.85,0.9,0.0,0.0,0.0,0.06,0.03
8,PE_PB,-0.037257,0.2,0.25,0.45,0.7,0.65,0.75,0.9,0.0,0.55,0.0,0.1,0.03
8,PE_PB,-0.037267,0.2,0.3,0.35,0.7,0.75,0.8,0.9,0.0,0.6,0.0,0.06,0.04
8,PE_PB_FED,-0.03727,0.2,0.25,0.4,0.5,0.7,0.8,0.95,-0.5,0.65,0.75,0.08,0.05
6,PE_only,-0.037272,0.15,0.3,0.45,0.55,0.7,0.75,0.95,0.0,0.0,0.0,0.08,0.04
6,PE_only,-0.037272,0.1,0.25,0.4,0.5,0.7,0.8,0.95,0.0,0.0,0.0,0.1,0.03
6,PE_only,-0.037272,0.15,0.3,0.45,0.55,0.7,0.75,0.95,0.0,0.0,0.0,0.06,0.04
6,PE_only,-0.037274,0.1,0.15,0.45,0.6,0.7,0.85,0.9,0.0,0.0,0.0,0.1,0.05
6,PE_PB,-0.037274,0.05,0.2,0.3,0.55,0.75,0.85,0.95,0.0,0.65,0.0,0.1,0.03
6,PE_PB,-0.037274,0.05,0.2,0.3,0.55,0.7,0.85,0.95,0.0,0.65,0.0,0.12,0.03
6,PE_PB,-0.037278,0.15,0.25,0.45,0.7,0.7,0.75,0.95,0.0,0.65,0.0,0.1,0.05
6,PE_PB_FED,-0.037282,0.1,0.15,0.4,0.65,0.65,0.8,0.9,0.0,0.6,0.8,0.06,0.03
8,PE_only,-0.037283,0.1,0.3,0.35,0.5,0.65,0.8,0.95,0.0,0.0,0.0,0.12,0.05
8,PB_FED,-0.037283,0.2,0.3,0.4,0.5,0.65,0.8,0.85,0.5,0.0,0.0,0.12,0.03
6,PE_PB,-0.037284,0.05,0.15,0.3,0.7,0.65,0.75,0.9,0.0,0.5,0.0,0.1,0.04
6,PE_PB,-0.037284,0.05,0.15,0.3,0.7,0.65,0.75,0.9,0.0,0.5,0.0,0.08,0.04
8,PE_FED,-0.037284,0.15,0.2,0.45,0.6,0.65,0.75,0.9,0.5,0.0,0.0,0.08,0.05
8,PE_PB,-0.037286,0.1,0.3,0.45,0.65,0.75,0.8,0.95,0.0,0.6,0.0,0.06,0.04
6,PE_FED,-0.037288,0.05,0.15,0.35,0.55,0.7,0.75,0.85,0.0,0.0,0.0,0.08,0.04
6,PE_FED,-0.037292,0.15,0.3,0.4,0.65,0.7,0.8,0.85,-0.5,0.0,0.0,0.12,0.03
6,PE_only,-0.037295,0.05,0.15,0.3,0.5,0.75,0.8,0.85,0.0,0.0,0.0,0.12,0.03
8,PE_only,-0.037295,0.2,0.25,0.45,0.5,0.65,0.75,0.9,0.0,0.0,0.0,0.06,0.03
6,PE_FED,-0.037297,0.05,0.25,0.45,0.6,0.75,0.8,0.95,0.0,0.0,0.0,0.06,0.05
8,PE_PB,-0.037297,0.1,0.15,0.45,0.55,0.65,0.75,0.95,0.0,0.5,0.0,0.12,0.04
8,PE_PB,-0.037297,0.1,0.15,0.45,0.55,0.65,0.75,0.95,0.0,0.5,0.0,0.06,0.04
6,PE_PB,-0.037302,0.1,0.15,0.3,0.65,0.65,0.75,0.85,0.0,0.6,0.0,0.12,0.05
6,PE_only,-0.037306,0.15,0.3,0.45,0.55,0.65,0.75,0.95,0.0,0.0,0.0,0.1,0.05
8,PE_PB,-0.037306,0.2,0.25,0.3,0.55,0.65,0.75,0.9,0.0,0.65,0.0,0.06,0.03
8,PE_PB_FED,-0.037306,0.15,0.2,0.35,0.7,0.7,0.75,0.95,0.5,0.5,0.8,0.06,0.03
8,PE_PB_FED,-0.037307,0.15,0.2,0.35,0.7,0.65,0.75,0.85,0.5,0.65,0.75,0.08,0.03
6,PE_PB,-0.037311,0.05,0.25,0.35,0.65,0.7,0.75,0.95,0.0,0.65,0.0,0.06,0.03
6,PE_PB,-0.037313,0.1,0.2,0.4,0.65,0.75,0.8,0.95,0.0,0.65,0.0,0.06,0.05
8,PE_PB_FED,-0.037315,0.1,0.3,0.35,0.55,0.7,0.75,0.9,-0.5,0.6,0.8,0.1,0.04
8,PE_PB,-0.037316,0.1,0.3,0.45,0.6,0.75,0.85,0.95,0.0,0.65,0.0,0.1,0.03
6,PE_PB,-0.037319,0.05,0.25,0.35,0.7,0.75,0.85,0.95,0.0,0.55,0.0,0.06,0.04
6,PE_PB,-0.037319,0.05,0.2,0.35,0.7,0.65,0.75,0.85,0.0,0.55,0.0,0.06,0.05
8,PE_FED,-0.03732,0.2,0.25,0.3,0.65,0.7,0.75,0.9,0.5,0.0,0.0,0.12,0.03
6,PE_PB,-0.037322,0.1,0.25,0.45,0.7,0.75,0.85,0.95,0.0,0.55,0.0,0.08,0.03
8,PE_PB,-0.037326,0.05,0.3,0.4,0.7,0.65,0.75,0.9,0.0,0.55,0.0,0.06,0.03
6,PE_only,-0.037331,0.2,0.3,0.45,0.6,0.75,0.8,0.95,0.0,0.0,0.0,0.06,0.03
8,PE_only,-0.037332,0.05,0.2,0.3,0.5,0.65,0.85,0.9,0.0,0.0,0.0,0.06,0.05
8,PE_PB,-0.037333,0.1,0.15,0.3,0.5,0.65,0.75,0.95,0.0,0.5,0.0,0.06,0.03
6,PE_FED,-0.037334,0.1,0.15,0.4,0.55,0.75,0.8,0.9,0.0,0.0,0.0,0.08,0.05
8,PE_only,-0.037334,0.2,0.3,0.35,0.5,0.7,0.75,0.95,0.0,0.0,0.0,0.12,0.04
6,PE_only,-0.037335,0.05,0.25,0.35,0.55,0.75,0.8,0.9,0.0,0.0,0.0,0.12,0.04
8,PE_FED,-0.037335,0.1,0.2,0.4,0.5,0.7,0.75,0.95,0.5,0.0,0.0,0.1,0.05
8,PE_PB,-0.037337,0.1,0.25,0.45,0.7,0.75,0.85,0.9,0.0,0.6,0.0,0.06,0.05
6,PE_PB,-0.03734,0.05,0.2,0.4,0.55,0.7,0.75,0.95,0.0,0.6,0.0,0.12,0.04
8,PE_FED,-0.037343,0.1,0.15,0.4,0.5,0.7,0.85,0.95,0.5,0.0,0.0,0.08,0.03
6,PE_only,-0.037345,0.1,0.2,0.4,0.5,0.7,0.75,0.9,0.0,0.0,0.0,0.06,0.04
8,PE_PB_FED,-0.037346,0.05,0.2,0.4,0.6,0.65,0.8,0.85,-0.5,0.5,0.75,0.06,0.04
8,PE_FED,-0.037347,0.15,0.3,0.4,0.65,0.75,0.8,0.95,0.5,0.0,0.0,0.06,0.03
8,PE_PB,-0.037348,0.1,0.25,0.45,0.65,0.7,0.8,0.95,0.0,0.55,0.0,0.06,0.05
8,PE_PB_FED,-0.037348,0.05,0.25,0.4,0.7,0.65,0.85,0.9,-0.5,0.5,0.8,0.06,0.05
6,PE_only,-0.03735,0.15,0.2,0.45,0.55,0.7,0.8,0.9,0.0,0.0,0.0,0.06,0.05
8,PE_PB_FED,-0.037353,0.05,0.3,0.4,0.65,0.7,0.85,0.95,-0.5,0.55,0.75,0.06,0.04
6,PE_PB,-0.037354,0.05,0.15,0.35,0.65,0.65,0.85,0.95,0.0,0.6,0.0,0.12,0.04
8,PE_PB,-0.037354,0.15,0.25,0.45,0.7,0.65,0.75,0.9,0.0,0.55,0.0,0.1,0.05
6,PE_only,-0.037355,0.15,0.25,0.35,0.6,0.75,0.8,0.9,0.0,0.0,0.0,0.1,0.05
6,PE_only,-0.037361,0.2,0.25,0.4,0.6,0.65,0.85,0.95,0.0,0.0,0.0,0.12,0.04
6,PE_only,-0.037361,0.2,0.25,0.4,0.6,0.65,0.85,0.95,0.0,0.0,0.0,0.06,0.04
6,PE_only,-0.037362,0.05,0.15,0.45,0.5,0.7,0.8,0.9,0.0,0.0,0.0,0.12,0.04
8,PE_PB,-0.037364,0.1,0.15,0.35,0.6,0.65,0.75,0.85,0.0,0.5,0.0,0.12,0.03
8,PE_PB,-0.037366,0.1,0.3,0.35,0.65,0.7,0.85,0.95,0.0,0.6,0.0,0.08,0.03
8,PE_PB,-0.037366,0.1,0.3,0.35,0.65,0.7,0.85,0.95,0.0,0.6,0.0,0.12,0.03
8,PE_PB,-0.037368,0.05,0.15,0.45,0.6,0.65,0.75,0.85,0.0,0.5,0.0,0.06,0.03
8,PE_only,-0.03737,0.15,0.25,0.45,0.5,0.7,0.85,0.95,0.0,0.0,0.0,0.06,0.04
6,PE_only,-0.037371,0.05,0.2,0.3,0.55,0.7,0.8,0.85,0.0,0.0,0.0,0.1,0.05
8,PE_PB_FED,-0.037373,0.15,0.2,0.3,0.55,0.75,0.85,0.95,-0.5,0.5,0.75,0.06,0.04
8,PE_PB,-0.037376,0.1,0.2,0.4,0.7,0.75,0.8,0.85,0.0,0.5,0.0,0.06,0.03
6,PE_only,-0.037377,0.15,0.2,0.3,0.5,0.7,0.8,0.9,0.0,0.0,0.0,0.08,0.03
8,PE_PB,-0.037377,0.1,0.3,0.45,0.7,0.7,0.75,0.85,0.0,0.6,0.0,0.12,0.03
8,PE_PB_FED,-0.037377,0.15,0.25,0.4,0.5,0.65,0.85,0.95,0.0,0.55,0.75,0.08,0.04
6,PE_PB,-0.037378,0.05,0.25,0.35,0.7,0.65,0.75,0.9,0.0,0.6,0.0,0.12,0.04
6,PE_only,-0.037385,0.1,0.25,0.3,0.6,0.7,0.8,0.9,0.0,0.0,0.0,0.12,0.05
8,PE_PB,-0.037386,0.1,0.2,0.3,0.6,0.65,0.75,0.9,0.0,0.55,0.0,0.08,0.05
8,PE_PB,-0.037386,0.1,0.2,0.3,0.65,0.65,0.8,0.85,0.0,0.55,0.0,0.08,0.04
8,PE_PB_FED,-0.037387,0.05,0.15,0.3,0.5,0.65,0.75,0.9,0.5,0.65,0.75,0.1,0.03
6,PE_PB_FED,-0.037398,0.15,0.25,0.45,0.7,0.65,0.75,0.95,0.0,0.65,0.8,0.1,0.05
6,PE_PB_FED,-0.0374,0.2,0.25,0.35,0.7,0.7,0.8,0.95,0.0,0.6,0.8,0.12,0.03
8,PE_PB,-0.037404,0.05,0.15,0.4,0.65,0.75,0.85,0.9,0.0,0.5,0.0,0.1,0.03
6,PE_PB,-0.037406,0.05,0.15,0.45,0.55,0.75,0.85,0.95,0.0,0.65,0.0,0.06,0.04
6,PE_PB,-0.037408,0.05,0.15,0.3,0.55,0.65,0.75,0.9,0.0,0.6,0.0,0.08,0.05
8,PE_FED,-0.037409,0.05,0.3,0.4,0.5,0.65,0.8,0.85,-0.5,0.0,0.0,0.06,0.03
8,PE_PB_FED,-0.037411,0.1,0.25,0.4,0.7,0.7,0.8,0.95,0.5,0.65,0.7,0.08,0.05
6,PE_only,-0.037412,0.1,0.3,0.45,0.6,0.65,0.8,0.95,0.0,0.0,0.0,0.08,0.05
6,PE_PB,-0.037412,0.15,0.2,0.4,0.65,0.7,0.75,0.9,0.0,0.65,0.0,0.08,0.04
6,PE_FED,-0.037415,0.2,0.25,0.3,0.55,0.65,0.75,0.95,-0.5,0.0,0.0,0.08,0.05
8,PB_FED,-0.037416,0.15,0.3,0.45,0.5,0.65,0.85,0.9,0.5,0.0,0.0,0.06,0.03
8,PE_PB,-0.037422,0.1,0.3,0.4,0.65,0.75,0.85,0.9,0.0,0.65,0.0,0.08,0.03
6,PE_PB,-0.037424,0.05,0.2,0.4,0.7,0.75,0.85,0.95,0.0,0.6,0.0,0.06,0.05
6,PE_only,-0.037425,0.15,0.2,0.35,0.55,0.75,0.85,0.9,0.0,0.0,0.0,0.08,0.03
8,PE_only,-0.037426,0.2,0.3,0.4,0.5,0.65,0.75,0.95,0.0,0.0,0.0,0.06,0.04
8,PE_only,-0.037429,0.15,0.3,0.4,0.5,0.7,0.75,0.9,0.0,0.0,0.0,0.1,0.03
6,PE_only,-0.037433,0.2,0.3,0.35,0.55,0.65,0.8,0.95,0.0,0.0,0.0,0.1,0.03
6,PE_only,-0.037433,0.2,0.3,0.35,0.55,0.7,0.8,0.95,0.0,0.0,0.0,0.06,0.03
6,PE_only,-0.037434,0.1,0.3,0.35,0.55,0.75,0.8,0.95,0.0,0.0,0.0,0.1,0.04
6,PE_only,-0.037436,0.1,0.15,0.45,0.5,0.7,0.85,0.95,0.0,0.0,0.0,0.06,0.04
6,PE_FED,-0.03744,0.05,0.25,0.35,0.6,0.7,0.75,0.85,-0.5,0.0,0.0,0.06,0.04
6,PE_only,-0.037441,0.05,0.15,0.35,0.5,0.65,0.8,0.85,0.0,0.0,0.0,0.08,0.04
6,PE_only,-0.037444,0.15,0.25,0.45,0.55,0.75,0.8,0.9,0.0,0.0,0.0,0.12,0.03
6,PE_FED,-0.037444,0.05,0.25,0.3,0.6,0.65,0.8,0.9,0.0,0.0,0.0,0.06,0.03
6,PE_PB,-0.037446,0.1,0.2,0.4,0.7,0.7,0.8,0.85,0.0,0.6,0.0,0.12,0.04
8,PE_FED,-0.037448,0.2,0.25,0.45,0.7,0.75,0.8,0.95,0.5,0.0,0.0,0.1,0.04
6,PE_only,-0.03745,0.05,0.2,0.35,0.55,0.75,0.85,0.9,0.0,0.0,0.0,0.1,0.04
8,PE_PB,-0.037453,0.2,0.3,0.35,0.65,0.75,0.8,0.9,0.0,0.65,0.0,0.08,0.05
6,PE_PB,-0.037455,0.1,0.25,0.3,0.6,0.65,0.8,0.95,0.0,0.65,0.0,0.12,0.03
8,PE_FED,-0.037456,0.15,0.25,0.4,0.6,0.65,0.75,0.9,0.5,0.0,0.0,0.06,0.04
6,PE_only,-0.037465,0.1,0.2,0.4,0.5,0.75,0.85,0.95,0.0,0.0,0.0,0.06,0.03
6,PE_only,-0.037465,0.05,0.2,0.35,0.6,0.75,0.85,0.9,0.0,0.0,0.0,0.06,0.05
8,PE_PB_FED,-0.037465,0.15,0.3,0.45,0.5,0.75,0.85,0.95,0.0,0.65,0.7,0.1,0.05
8,PE_FED,-0.037466,0.05,0.2,0.3,0.6,0.65,0.85,0.95,0.5,0.0,0.0,0.1,0.04
8,PE_FED,-0.037466,0.05,0.2,0.3,0.6,0.75,0.85,0.95,0.5,0.0,0.0,0.12,0.04
6,PE_FED,-0.037468,0.2,0.3,0.45,0.6,0.65,0.8,0.95,0.0,0.0,0.0,0.06,0.03
6,PE_only,-0.037469,0.05,0.2,0.35,0.5,0.75,0.8,0.9,0.0,0.0,0.0,0.06,0.03
6,PE_only,-0.03747,0.1,0.2,0.4,0.55,0.7,0.8,0.85,0.0,0.0,0.0,0.08,0.04
8,PE_PB_FED,-0.037471,0.2,0.3,0.35,0.65,0.65,0.85,0.95,0.0,0.5,0.8,0.08,0.05
6,PE_PB,-0.037472,0.05,0.2,0.45,0.65,0.65,0.75,0.9,0.0,0.55,0.0,0.12,0.04
6,PE_FED,-0.037473,0.1,0.3,0.35,0.65,0.65,0.85,0.9,-0.5,0.0,0.0,0.12,0.03
8,PE_PB,-0.037474,0.15,0.25,0.35,0.7,0.75,0.85,0.9,0.0,0.55,0.0,0.08,0.04
8,PE_PB,-0.037475,0.1,0.2,0.35,0.5,0.65,0.75,0.9,0.0,0.65,0.0,0.08,0.03
6,PE_only,-0.037478,0.2,0.25,0.35,0.55,0.7,0.75,0.9,0.0,0.0,0.0,0.08,0.04
6,PE_FED,-0.037483,0.05,0.25,0.3,0.65,0.65,0.8,0.85,0.0,0.0,0.0,0.08,0.04
6,PE_only,-0.037484,0.05,0.2,0.35,0.6,0.7,0.85,0.9,0.0,0.0,0.0,0.06,0.05
6,PE_FED,-0.037486,0.15,0.3,0.4,0.7,0.7,0.85,0.9,0.0,0.0,0.0,0.06,0.03
6,PE_PB,-0.037488,0.05,0.25,0.35,0.6,0.7,0.75,0.95,0.0,0.55,0.0,0.1,0.03
8,PE_PB,-0.037492,0.1,0.3,0.35,0.7,0.65,0.8,0.9,0.0,0.6,0.0,0.08,0.05
6,PE_PB,-0.037493,0.05,0.25,0.45,0.7,0.7,0.8,0.95,0.0,0.65,0.0,0.08,0.05
8,PE_PB,-0.037495,0.05,0.15,0.4,0.6,0.65,0.85,0.95,0.0,0.5,0.0,0.1,0.04
6,PE_PB,-0.037499,0.05,0.25,0.35,0.65,0.75,0.8,0.95,0.0,0.55,0.0,0.12,0.04
6,PE_only,-0.0375,0.1,0.3,0.4,0.65,0.7,0.8,0.85,0.0,0.0,0.0,0.1,0.04
6,PE_PB,-0.037504,0.15,0.25,0.35,0.7,0.7,0.8,0.95,0.0,0.6,0.0,0.06,0.04
8,PE_PB,-0.037506,0.05,0.15,0.45,0.65,0.65,0.85,0.9,0.0,0.55,0.0,0.12,0.05
6,PE_only,-0.037507,0.2,0.3,0.4,0.55,0.75,0.8,0.95,0.0,0.0,0.0,0.12,0.03
6,PE_FED,-0.037507,0.1,0.3,0.35,0.65,0.75,0.8,0.9,0.0,0.0,0.0,0.12,0.04
6,PE_only,-0.037509,0.05,0.3,0.45,0.65,0.7,0.8,0.9,0.0,0.0,0.0,0.12,0.05
6,PE_only,-0.037509,0.1,0.2,0.3,0.55,0.7,0.85,0.9,0.0,0.0,0.0,0.1,0.04
6,PE_FED,-0.03751,0.1,0.15,0.35,0.55,0.65,0.8,0.85,-0.5,0.0,0.0,0.08,0.03
8,PE_PB_FED,-0.037511,0.05,0.3,0.45,0.6,0.75,0.85,0.95,-0.5,0.6,0.8,0.12,0.04
6,PE_PB,-0.037514,0.1,0.2,0.35,0.7,0.65,0.8,0.85,0.0,0.6,0.0,0.12,0.04
6,PE_FED,-0.037514,0.05,0.3,0.35,0.6,0.7,0.8,0.95,0.0,0.0,0.0,0.12,0.03
6,PE_only,-0.037515,0.2,0.3,0.45,0.65,0.7,0.75,0.9,0.0,0.0,0.0,0.06,0.05
6,PE_only,-0.037515,0.2,0.3,0.45,0.65,0.7,0.75,0.9,0.0,0.0,0.0,0.1,0.05
6,PE_PB_FED,-0.037515,0.15,0.2,0.35,0.65,0.75,0.8,0.85,0.0,0.65,0.75,0.1,0.05
6,PE_only,-0.037521,0.2,0.25,0.4,0.55,0.7,0.85,0.95,0.0,0.0,0.0,0.1,0.03
6,PE_PB,-0.037523,0.1,0.25,0.4,0.65,0.65,0.75,0.95,0.0,0.65,0.0,0.1,0.03
6,PE_PB_FED,-0.037523,0.05,0.25,0.4,0.7,0.7,0.85,0.9,-0.5,0.65,0.75,0.08,0.03
6,PE_only,-0.037524,0.15,0.25,0.3,0.5,0.7,0.8,0.95,0.0,0.0,0.0,0.08,0.05
6,PE_only,-0.037525,0.05,0.3,0.45,0.55,0.7,0.75,0.95,0.0,0.0,0.0,0.12,0.04
6,PE_only,-0.037525,0.05,0.2,0.4,0.55,0.7,0.85,0.9,0.0,0.0,0.0,0.08,0.03
6,PE_only,-0.037526,0.05,0.25,0.3,0.5,0.7,0.8,0.95,0.0,0.0,0.0,0.1,0.05
8,PE_PB,-0.037529,0.05,0.2,0.4,0.5,0.7,0.75,0.95,0.0,0.6,0.0,0.12,0.05
6,PE_PB,-0.037535,0.05,0.2,0.4,0.65,0.65,0.8,0.9,0.0,0.55,0.0,0.12,0.04
6,PE_only,-0.037537,0.05,0.25,0.3,0.6,0.7,0.8,0.85,0.0,0.0,0.0,0.1,0.03
6,PE_only,-0.037537,0.15,0.2,0.35,0.5,0.75,0.8,0.9,0.0,0.0,0.0,0.06,0.03
8,PE_PB_FED,-0.037538,0.05,0.25,0.4,0.5,0.7,0.75,0.95,-0.5,0.55,0.7,0.1,0.04
8,PE_PB,-0.037542,0.1,0.2,0.3,0.6,0.65,0.85,0.9,0.0,0.6,0.0,0.1,0.03
8,PE_PB,-0.037545,0.1,0.3,0.35,0.6,0.65,0.85,0.95,0.0,0.65,0.0,0.1,0.05
8,PE_PB,-0.037546,0.1,0.3,0.4,0.7,0.7,0.8,0.85,0.0,0.6,0.0,0.1,0.04
8,PE_FED,-0.037547,0.05,0.2,0.4,0.7,0.65,0.85,0.9,0.5,0.0,0.0,0.06,0.03
6,PE_PB,-0.037552,0.05,0.25,0.4,0.6,0.65,0.75,0.95,0.0,0.55,0.0,0.06,0.03
8,PE_PB,-0.037552,0.2,0.25,0.3,0.65,0.7,0.8,0.95,0.0,0.55,0.0,0.12,0.05
8,PE_PB_FED,-0.037553,0.05,0.15,0.3,0.65,0.7,0.85,0.95,0.5,0.6,0.7,0.06,0.04
6,PE_FED,-0.037556,0.05,0.15,0.4,0.55,0.65,0.8,0.9,0.0,0.0,0.0,0.1,0.05
6,PE_FED,-0.037558,0.2,0.25,0.35,0.65,0.65,0.8,0.85,0.0,0.0,0.0,0.12,0.05
8,PE_PB,-0.037559,0.1,0.25,0.35,0.65,0.65,0.8,0.9,0.0,0.55,0.0,0.06,0.03
8,PE_PB,-0.03756,0.2,0.25,0.3,0.7,0.65,0.75,0.95,0.0,0.5,0.0,0.1,0.05
8,PE_PB,-0.037564,0.05,0.2,0.3,0.65,0.7,0.8,0.85,0.0,0.55,0.0,0.12,0.05
6,PE_FED,-0.037565,0.1,0.25,0.3,0.6,0.65,0.8,0.85,-0.5,0.0,0.0,0.08,0.04
6,PE_PB,-0.037566,0.1,0.2,0.3,0.65,0.65,0.75,0.85,0.0,0.55,0.0,0.06,0.03
6,PE_PB,-0.037566,0.15,0.25,0.4,0.65,0.65,0.8,0.95,0.0,0.65,0.0,0.1,0.03
6,PE_PB,-0.037574,0.15,0.2,0.3,0.65,0.7,0.75,0.9,0.0,0.6,0.0,0.06,0.05
8,PE_PB,-0.037579,0.05,0.15,0.4,0.5,0.7,0.8,0.95,0.0,0.55,0.0,0.06,0.05
8,PE_PB_FED,-0.037579,0.15,0.25,0.35,0.55,0.7,0.8,0.85,0.0,0.5,0.7,0.12,0.05
8,PE_PB_FED,-0.037581,0.2,0.25,0.35,0.7,0.65,0.75,0.85,-0.5,0.5,0.7,0.1,0.05
6,PE_PB,-0.037583,0.05,0.15,0.45,0.65,0.7,0.8,0.85,0.0,0.55,0.0,0.1,0.04
8,PE_PB,-0.037584,0.05,0.25,0.4,0.55,0.7,0.75,0.85,0.0,0.65,0.0,0.12,0.03
6,PE_PB_FED,-0.037585,0.05,0.25,0.3,0.7,0.7,0.75,0.95,-0.5,0.55,0.8,0.06,0.03
6,PE_PB,-0.037586,0.1,0.15,0.35,0.65,0.75,0.85,0.9,0.0,0.6,0.0,0.08,0.03
6,PE_FED,-0.037587,0.1,0.15,0.4,0.55,0.7,0.75,0.85,0.0,0.0,0.0,0.06,0.05
8,PE_PB,-0.03759,0.15,0.2,0.4,0.65,0.65,0.75,0.85,0.0,0.5,0.0,0.06,0.03
6,PE_FED,-0.037596,0.1,0.25,0.35,0.65,0.65,0.8,0.85,0.0,0.0,0.0,0.08,0.05
8,PE_PB_FED,-0.037603,0.2,0.3,0.45,0.55,0.7,0.75,0.95,-0.5,0.6,0.8,0.08,0.05
6,PE_PB,-0.037605,0.05,0.15,0.35,0.55,0.75,0.8,0.85,0.0,0.65,0.0,0.12,0.03
8,PE_PB,-0.037606,0.1,0.25,0.4,0.7,0.7,0.85,0.9,0.0,0.55,0.0,0.1,0.03
6,PE_only,-0.037612,0.2,0.3,0.4,0.65,0.7,0.8,0.9,0.0,0.0,0.0,0.08,0.05
6,PE_FED,-0.037612,0.1,0.2,0.35,0.55,0.7,0.85,0.9,0.0,0.0,0.0,0.1,0.04
8,PE_PB,-0.037612,0.2,0.3,0.4,0.65,0.65,0.8,0.95,0.0,0.6,0.0,0.12,0.05
8,PE_FED,-0.037612,0.15,0.25,0.3,0.65,0.65,0.8,0.9,0.5,0.0,0.0,0.12,0.04
8,PE_PB,-0.037617,0.05,0.2,0.4,0.65,0.75,0.8,0.9,0.0,0.5,0.0,0.1,0.04
8,PE_FED,-0.037617,0.15,0.2,0.3,0.65,0.65,0.8,0.85,0.5,0.0,0.0,0.06,0.04
8,PE_FED,-0.037618,0.1,0.15,0.45,0.55,0.7,0.8,0.9,0.5,0.0,0.0,0.08,0.05
6,PE_only,-0.037619,0.05,0.25,0.45,0.6,0.65,0.75,0.85,0.0,0.0,0.0,0.08,0.04
8,PE_PB_FED,-0.03762,0.1,0.2,0.45,0.7,0.65,0.8,0.95,0.5,0.6,0.75,0.06,0.04
6,PE_FED,-0.037621,0.1,0.25,0.35,0.65,0.75,0.8,0.85,0.0,0.0,0.0,0.06,0.05
6,PE_only,-0.037622,0.05,0.25,0.35,0.55,0.7,0.75,0.85,0.0,0.0,0.0,0.06,0.03
6,PE_PB,-0.037622,0.1,0.2,0.3,0.6,0.65,0.85,0.95,0.0,0.65,0.0,0.08,0.03
6,PE_PB,-0.037622,0.2,0.25,0.4,0.7,0.75,0.85,0.95,0.0,0.65,0.0,0.06,0.05
8,PE_PB,-0.037623,0.05,0.25,0.45,0.6,0.65,0.85,0.9,0.0,0.65,0.0,0.06,0.04
6,PE_only,-0.037624,0.15,0.2,0.3,0.5,0.65,0.85,0.95,0.0,0.0,0.0,0.12,0.05
8,PE_PB_FED,-0.037624,0.15,0.25,0.35,0.6,0.7,0.8,0.95,0.5,0.65,0.7,0.08,0.03
6,PE_FED,-0.037625,0.05,0.25,0.4,0.55,0.75,0.8,0.95,-0.5,0.0,0.0,0.1,0.04
6,PE_PB,-0.037626,0.1,0.15,0.4,0.6,0.65,0.75,0.85,0.0,0.65,0.0,0.08,0.04
8,PE_PB_FED,-0.037627,0.05,0.15,0.4,0.65,0.75,0.8,0.9,0.5,0.6,0.7,0.12,0.04
6,PE_only,-0.037632,0.05,0.25,0.3,0.6,0.7,0.8,0.85,0.0,0.0,0.0,0.06,0.04
6,PE_PB,-0.037633,0.2,0.25,0.35,0.7,0.7,0.75,0.95,0.0,0.65,0.0,0.08,0.04
8,PE_FED,-0.037634,0.05,0.25,0.4,0.7,0.65,0.75,0.9,0.5,0.0,0.0,0.12,0.05
6,PE_only,-0.037637,0.15,0.2,0.35,0.5,0.7,0.75,0.9,0.0,0.0,0.0,0.08,0.05
8,PE_PB,-0.037637,0.1,0.25,0.45,0.55,0.75,0.85,0.95,0.0,0.65,0.0,0.12,0.03
6,PE_FED,-0.037639,0.15,0.3,0.35,0.7,0.65,0.85,0.9,0.0,0.0,0.0,0.12,0.03
6,PE_only,-0.037641,0.1,0.15,0.45,0.5,0.65,0.75,0.85,0.0,0.0,0.0,0.06,0.03
6,PE_FED,-0.037643,0.2,0.25,0.3,0.6,0.65,0.75,0.85,0.0,0.0,0.0,0.08,0.03
8,PE_FED,-0.037643,0.05,0.15,0.45,0.55,0.65,0.75,0.85,0.5,0.0,0.0,0.12,0.04
8,PE_PB,-0.037644,0.1,0.2,0.3,0.6,0.65,0.85,0.9,0.0,0.6,0.0,0.1,0.04
8,PE_PB,-0.037644,0.1,0.3,0.45,0.65,0.7,0.75,0.95,0.0,0.55,0.0,0.08,0.03
8,PE_FED,-0.037644,0.05,0.25,0.35,0.6,0.7,0.8,0.95,0.5,0.0,0.0,0.08,0.05
6,PE_only,-0.037645,0.15,0.3,0.45,0.65,0.75,0.8,0.85,0.0,0.0,0.0,0.12,0.03
8,PE_PB_FED,-0.037649,0.15,0.2,0.4,0.5,0.65,0.8,0.9,-0.5,0.55,0.8,0.08,0.03
6,PE_only,-0.03765,0.05,0.25,0.45,0.55,0.75,0.85,0.95,0.0,0.0,0.0,0.08,0.04
6,PB_FED,-0.03765,0.1,0.15,0.3,0.6,0.7,0.75,0.9,0.5,0.0,0.0,0.1,0.03
6,PE_FED,-0.037652,0.05,0.15,0.4,0.55,0.65,0.75,0.85,-0.5,0.0,0.0,0.12,0.05
8,PE_PB,-0.037656,0.15,0.3,0.35,0.7,0.65,0.85,0.9,0.0,0.6,0.0,0.08,0.04
8,PE_FED,-0.037657,0.2,0.25,0.45,0.65,0.7,0.75,0.95,0.5,0.0,0.0,0.06,0.05
6,PE_FED,-0.037658,0.1,0.3,0.35,0.6,0.75,0.8,0.95,0.0,0.0,0.0,0.08,0.04
6,PE_PB,-0.037659,0.05,0.25,0.3,0.6,0.7,0.8,0.95,0.0,0.55,0.0,0.08,0.03
8,PE_PB,-0.037659,0.1,0.2,0.4,0.55,0.7,0.75,0.9,0.0,0.55,0.0,0.06,0.03
8,PE_PB_FED,-0.037661,0.1,0.2,0.4,0.55,0.65,0.75,0.9,0.5,0.65,0.75,0.1,0.03
6,PE_FED,-0.037662,0.15,0.25,0.45,0.6,0.7,0.75,0.85,-0.5,0.0,0.0,0.06,0.04
6,PE_FED,-0.037663,0.15,0.2,0.4,0.55,0.75,0.85,0.9,0.0,0.0,0.0,0.06,0.04
6,PE_only,-0.037664,0.05,0.3,0.35,0.6,0.65,0.75,0.9,0.0,0.0,0.0,0.06,0.04
6,PE_PB,-0.037666,0.15,0.2,0.4,0.6,0.65,0.8,0.95,0.0,0.6,0.0,0.08,0.03
6,PE_FED,-0.037666,0.2,0.3,0.4,0.6,0.65,0.8,0.95,0.0,0.0,0.0,0.1,0.04
6,PE_PB,-0.037668,0.05,0.15,0.45,0.55,0.7,0.75,0.85,0.0,0.65,0.0,0.08,0.03
6,PE_PB_FED,-0.03767,0.1,0.15,0.45,0.6,0.65,0.75,0.95,0.0,0.6,0.8,0.08,0.05
6,PE_only,-0.037672,0.1,0.3,0.35,0.65,0.65,0.8,0.85,0.0,0.0,0.0,0.12,0.05
6,PE_PB,-0.037672,0.1,0.15,0.35,0.65,0.65,0.85,0.9,0.0,0.55,0.0,0.06,0.03
8,PB_FED,-0.037673,0.1,0.3,0.45,0.55,0.75,0.85,0.95,0.5,0.0,0.0,0.1,0.05
8,PE_PB,-0.037675,0.15,0.3,0.45,0.7,0.7,0.8,0.85,0.0,0.6,0.0,0.08,0.04
8,PE_PB_FED,-0.037677,0.2,0.25,0.4,0.55,0.7,0.85,0.95,0.0,0.5,0.7,0.1,0.04
6,PB_FED,-0.037682,0.1,0.15,0.3,0.65,0.65,0.75,0.85,0.5,0.0,0.0,0.06,0.04
8,PE_only,-0.037685,0.2,0.25,0.45,0.55,0.75,0.85,0.9,0.0,0.0,0.0,0.12,0.05
8,PE_FED,-0.037687,0.05,0.3,0.45,0.7,0.75,0.8,0.95,0.5,0.0,0.0,0.12,0.03
6,PE_only,-0.037688,0.1,0.25,0.3,0.6,0.7,0.8,0.85,0.0,0.0,0.0,0.06,0.03
6,PE_only,-0.037688,0.05,0.2,0.45,0.5,0.7,0.75,0.9,0.0,0.0,0.0,0.08,0.04
8,PE_PB,-0.037688,0.05,0.2,0.45,0.55,0.65,0.75,0.85,0.0,0.6,0.0,0.08,0.03
8,PE_only,-0.037694,0.2,0.25,0.3,0.5,0.75,0.85,0.95,0.0,0.0,0.0,0.06,0.05
6,PE_only,-0.037695,0.1,0.3,0.35,0.65,0.75,0.8,0.85,0.0,0.0,0.0,0.08,0.05
8,PE_PB,-0.037695,0.15,0.3,0.35,0.55,0.65,0.8,0.95,0.0,0.65,0.0,0.08,0.05
6,PE_PB,-0.037696,0.05,0.15,0.45,0.65,0.75,0.8,0.95,0.0,0.5,0.0,0.08,0.03
8,PE_PB,-0.037698,0.1,0.15,0.4,0.55,0.65,0.85,0.95,0.0,0.55,0.0,0.06,0.04
8,PE_PB,-0.037698,0.05,0.2,0.3,0.65,0.75,0.85,0.95,0.0,0.5,0.0,0.08,0.05
6,PE_FED,-0.0377,0.1,0.3,0.35,0.7,0.65,0.8,0.85,0.0,0.0,0.0,0.08,0.03
6,PE_PB,-0.037704,0.05,0.2,0.3,0.6,0.7,0.85,0.95,0.0,0.55,0.0,0.08,0.03
6,PE_only,-0.037707,0.15,0.25,0.45,0.5,0.7,0.75,0.95,0.0,0.0,0.0,0.08,0.05
8,PE_PB,-0.037707,0.05,0.25,0.3,0.55,0.65,0.75,0.9,0.0,0.6,0.0,0.12,0.04
8,PE_PB_FED,-0.037712,0.2,0.3,0.45,0.6,0.65,0.75,0.85,0.0,0.55,0.75,0.12,0.05
8,PE_only,-0.037715,0.1,0.25,0.45,0.5,0.65,0.75,0.85,0.0,0.0,0.0,0.1,0.03
6,PE_only,-0.037716,0.15,0.25,0.4,0.6,0.7,0.8,0.85,0.0,0.0,0.0,0.08,0.03
8,PE_FED,-0.03772,0.1,0.25,0.3,0.65,0.7,0.8,0.9,0.5,0.0,0.0,0.08,0.04
8,PE_PB,-0.037724,0.2,0.25,0.45,0.55,0.7,0.8,0.95,0.0,0.65,0.0,0.1,0.05
8,PB_FED,-0.037725,0.2,0.25,0.4,0.5,0.65,0.85,0.95,0.5,0.0,0.0,0.06,0.04
6,PE_only,-0.037726,0.15,0.25,0.4,0.5,0.7,0.8,0.95,0.0,0.0,0.0,0.1,0.04
6,PE_PB_FED,-0.037732,0.1,0.2,0.4,0.6,0.7,0.85,0.95,0.0,0.6,0.8,0.1,0.03
6,PE_PB,-0.037735,0.05,0.15,0.4,0.5,0.65,0.75,0.9,0.0,0.65,0.0,0.06,0.03
6,PE_FED,-0.037738,0.2,0.25,0.4,0.6,0.75,0.8,0.9,0.0,0.0,0.0,0.06,0.04
8,PE_PB_FED,-0.037739,0.05,0.3,0.4,0.6,0.65,0.8,0.9,-0.5,0.55,0.7,0.06,0.03
6,PE_only,-0.03774,0.1,0.3,0.4,0.65,0.65,0.8,0.85,0.0,0.0,0.0,0.08,0.05
6,PE_only,-0.03774,0.1,0.3,0.4,0.65,0.65,0.8,0.85,0.0,0.0,0.0,0.06,0.05
8,PE_only,-0.03774,0.2,0.25,0.45,0.5,0.75,0.85,0.95,0.0,0.0,0.0,0.08,0.03
8,PE_PB_FED,-0.03774,0.1,0.3,0.4,0.6,0.7,0.8,0.85,-0.5,0.6,0.75,0.12,0.03
8,PE_PB_FED,-0.037742,0.2,0.3,0.4,0.6,0.7,0.75,0.85,-0.5,0.6,0.8,0.08,0.03
6,PE_only,-0.037744,0.15,0.3,0.4,0.6,0.7,0.85,0.95,0.0,0.0,0.0,0.12,0.04
8,PE_PB,-0.037744,0.05,0.3,0.45,0.65,0.7,0.75,0.9,0.0,0.6,0.0,0.06,0.04
8,PE_PB,-0.037744,0.1,0.2,0.4,0.5,0.7,0.8,0.95,0.0,0.6,0.0,0.08,0.03
8,PE_FED,-0.037746,0.05,0.2,0.3,0.7,0.65,0.8,0.85,0.5,0.0,0.0,0.06,0.05
8,PE_only,-0.037749,0.1,0.2,0.45,0.5,0.7,0.8,0.85,0.0,0.0,0.0,0.08,0.04
8,PE_FED,-0.037749,0.15,0.2,0.3,0.55,0.65,0.75,0.85,0.5,0.0,0.0,0.06,0.04
6,PE_PB,-0.03775,0.05,0.25,0.3,0.65,0.7,0.75,0.95,0.0,0.65,0.0,0.12,0.04
6,PE_FED,-0.037752,0.05,0.2,0.3,0.55,0.65,0.8,0.9,-0.5,0.0,0.0,0.12,0.05
8,PE_PB,-0.037752,0.05,0.15,0.4,0.5,0.65,0.75,0.95,0.0,0.5,0.0,0.1,0.04
8,PE_FED,-0.037753,0.15,0.2,0.3,0.5,0.75,0.8,0.95,0.5,0.0,0.0,0.06,0.04
6,PE_only,-0.037755,0.05,0.25,0.3,0.55,0.7,0.8,0.9,0.0,0.0,0.0,0.1,0.05
8,PE_FED,-0.037757,0.15,0.25,0.45,0.7,0.75,0.85,0.95,0.5,0.0,0.0,0.12,0.05
8,PE_PB,-0.037758,0.2,0.3,0.4,0.6,0.7,0.8,0.95,0.0,0.6,0.0,0.06,0.03
6,PE_only,-0.037761,0.1,0.25,0.45,0.55,0.7,0.85,0.95,0.0,0.0,0.0,0.12,0.04
8,PE_PB_FED,-0.037766,0.15,0.25,0.35,0.55,0.7,0.85,0.95,-0.5,0.55,0.75,0.1,0.05
6,PE_only,-0.037769,0.15,0.2,0.3,0.5,0.7,0.8,0.9,0.0,0.0,0.0,0.1,0.04
6,PE_only,-0.037769,0.15,0.3,0.4,0.6,0.75,0.8,0.9,0.0,0.0,0.0,0.1,0.03
6,PE_PB,-0.03777,0.05,0.2,0.3,0.65,0.7,0.75,0.85,0.0,0.6,0.0,0.06,0.04
6,PE_PB,-0.03777,0.05,0.2,0.3,0.65,0.7,0.75,0.85,0.0,0.6,0.0,0.1,0.04
8,PE_only,-0.03777,0.2,0.25,0.35,0.5,0.65,0.85,0.95,0.0,0.0,0.0,0.1,0.04
6,PE_PB,-0.037774,0.15,0.25,0.45,0.7,0.65,0.75,0.9,0.0,0.55,0.0,0.1,0.04
8,PE_PB,-0.037775,0.1,0.25,0.4,0.6,0.65,0.85,0.95,0.0,0.6,0.0,0.1,0.04
8,PE_PB,-0.037775,0.15,0.3,0.45,0.6,0.75,0.85,0.95,0.0,0.65,0.0,0.06,0.05
6,PE_only,-0.037776,0.2,0.25,0.35,0.6,0.65,0.75,0.85,0.0,0.0,0.0,0.06,0.04
8,PE_PB,-0.037777,0.05,0.2,0.3,0.5,0.75,0.8,0.9,0.0,0.65,0.0,0.08,0.03
6,PE_only,-0.03778,0.1,0.2,0.4,0.5,0.65,0.8,0.9,0.0,0.0,0.0,0.08,0.03
6,PE_PB_FED,-0.037783,0.15,0.2,0.4,0.55,0.65,0.75,0.95,0.0,0.6,0.7,0.1,0.04
6,PE_only,-0.037787,0.05,0.25,0.4,0.5,0.7,0.8,0.95,0.0,0.0,0.0,0.06,0.05
6,PE_PB,-0.037788,0.05,0.3,0.4,0.7,0.7,0.8,0.95,0.0,0.55,0.0,0.1,0.05
6,PE_only,-0.037792,0.2,0.3,0.4,0.65,0.7,0.75,0.85,0.0,0.0,0.0,0.1,0.05
8,PE_only,-0.037792,0.05,0.3,0.45,0.55,0.75,0.85,0.9,0.0,0.0,0.0,0.06,0.03
8,PE_only,-0.037792,0.05,0.3,0.45,0.55,0.7,0.85,0.9,0.0,0.0,0.0,0.1,0.03
8,PE_FED,-0.037794,0.1,0.3,0.4,0.65,0.7,0.75,0.95,0.5,0.0,0.0,0.08,0.04
8,PE_FED,-0.037794,0.15,0.3,0.35,0.7,0.75,0.85,0.95,0.5,0.0,0.0,0.12,0.03
6,PE_FED,-0.037795,0.1,0.3,0.4,0.6,0.7,0.8,0.95,0.0,0.0,0.0,0.1,0.05
8,PE_PB,-0.037801,0.15,0.25,0.4,0.7,0.7,0.8,0.85,0.0,0.55,0.0,0.06,0.05
8,PE_PB,-0.037801,0.05,0.3,0.45,0.65,0.65,0.85,0.9,0.0,0.65,0.0,0.1,0.04
8,PE_FED,-0.037801,0.05,0.2,0.3,0.55,0.65,0.8,0.9,0.5,0.0,0.0,0.06,0.04
8,PE_PB_FED,-0.037802,0.15,0.2,0.35,0.55,0.65,0.8,0.9,-0.5,0.5,0.75,0.08,0.05
6,PE_FED,-0.037806,0.1,0.15,0.35,0.55,0.75,0.85,0.9,-0.5,0.0,0.0,0.06,0.04
6,PE_only,-0.037808,0.1,0.2,0.45,0.55,0.7,0.8,0.85,0.0,0.0,0.0,0.08,0.03
6,PE_FED,-0.03781,0.05,0.25,0.4,0.6,0.7,0.85,0.95,0.0,0.0,0.0,0.12,0.05
8,PE_PB,-0.03781,0.15,0.25,0.45,0.7,0.75,0.85,0.9,0.0,0.55,0.0,0.08,0.03
8,PE_PB_FED,-0.03781,0.05,0.15,0.35,0.5,0.65,0.85,0.9,-0.5,0.6,0.7,0.1,0.05
6,PE_only,-0.037811,0.2,0.25,0.35,0.55,0.75,0.8,0.9,0.0,0.0,0.0,0.08,0.03
6,PE_FED,-0.037814,0.1,0.25,0.3,0.55,0.65,0.85,0.95,-0.5,0.0,0.0,0.08,0.03
8,PE_PB,-0.037815,0.1,0.2,0.4,0.65,0.75,0.8,0.85,0.0,0.55,0.0,0.08,0.04
6,PE_PB,-0.037819,0.1,0.15,0.45,0.6,0.65,0.85,0.95,0.0,0.65,0.0,0.06,0.04
8,PE_FED,-0.037819,0.15,0.2,0.3,0.5,0.75,0.8,0.95,0.5,0.0,0.0,0.08,0.05
8,PE_PB_FED,-0.037819,0.05,0.15,0.45,0.5,0.7,0.8,0.95,0.5,0.65,0.75,0.12,0.03
8,PE_PB,-0.03782,0.15,0.2,0.35,0.55,0.7,0.75,0.9,0.0,0.55,0.0,0.08,0.04
6,PE_PB,-0.037821,0.1,0.2,0.35,0.65,0.7,0.75,0.9,0.0,0.6,0.0,0.06,0.05
6,PE_only,-0.037823,0.1,0.25,0.35,0.6,0.7,0.8,0.85,0.0,0.0,0.0,0.08,0.03
6,PE_PB,-0.03783,0.15,0.2,0.3,0.6,0.65,0.85,0.95,0.0,0.55,0.0,0.06,0.03
8,PE_PB,-0.037832,0.2,0.3,0.35,0.65,0.75,0.8,0.85,0.0,0.65,0.0,0.12,0.04
6,PE_PB,-0.037838,0.05,0.2,0.35,0.6,0.65,0.85,0.95,0.0,0.55,0.0,0.08,0.03
6,PB_FED,-0.037838,0.05,0.3,0.45,0.5,0.75,0.85,0.95,-0.5,0.0,0.0,0.06,0.04
6,PE_FED,-0.037839,0.15,0.25,0.3,0.6,0.75,0.8,0.85,-0.5,0.0,0.0,0.06,0.05
8,PE_PB,-0.037839,0.1,0.15,0.45,0.6,0.65,0.8,0.9,0.0,0.5,0.0,0.08,0.03
8,PE_PB,-0.037839,0.1,0.2,0.35,0.6,0.75,0.85,0.95,0.0,0.55,0.0,0.08,0.04
6,PE_PB,-0.037848,0.05,0.2,0.45,0.55,0.7,0.75,0.95,0.0,0.6,0.0,0.1,0.05
6,PE_PB,-0.037852,0.05,0.15,0.45,0.6,0.75,0.85,0.95,0.0,0.55,0.0,0.06,0.04
6,PE_PB,-0.037853,0.15,0.2,0.3,0.65,0.65,0.75,0.95,0.0,0.5,0.0,0.06,0.03
6,PE_only,-0.037856,0.15,0.2,0.45,0.5,0.75,0.85,0.95,0.0,0.0,0.0,0.08,0.03
8,PE_PB,-0.037856,0.2,0.25,0.4,0.6,0.75,0.8,0.85,0.0,0.65,0.0,0.08,0.04
6,PE_PB_FED,-0.037858,0.2,0.25,0.35,0.6,0.65,0.75,0.95,0.0,0.65,0.8,0.08,0.03
8,PE_PB,-0.03786,0.05,0.25,0.45,0.6,0.75,0.8,0.95,0.0,0.55,0.0,0.12,0.05
8,PE_PB,-0.037861,0.2,0.25,0.4,0.65,0.7,0.75,0.9,0.0,0.55,0.0,0.08,0.03
6,PE_only,-0.037862,0.05,0.2,0.45,0.5,0.7,0.85,0.95,0.0,0.0,0.0,0.12,0.03
8,PE_PB,-0.037869,0.05,0.3,0.35,0.6,0.7,0.75,0.9,0.0,0.6,0.0,0.12,0.03
8,PB_FED,-0.037869,0.05,0.3,0.4,0.5,0.75,0.8,0.95,0.5,0.0,0.0,0.1,0.04
8,PE_FED,-0.037872,0.1,0.25,0.4,0.5,0.7,0.75,0.95,0.5,0.0,0.0,0.08,0.03
8,PE_PB_FED,-0.037874,0.2,0.3,0.4,0.65,0.75,0.85,0.9,0.0,0.55,0.8,0.1,0.05
6,PE_PB_FED,-0.037875,0.1,0.15,0.45,0.7,0.65,0.75,0.9,0.0,0.55,0.8,0.08,0.03
8,PE_FED,-0.037875,0.1,0.2,0.45,0.65,0.75,0.8,0.9,0.5,0.0,0.0,0.08,0.05
6,PE_PB,-0.037876,0.1,0.2,0.3,0.65,0.65,0.75,0.85,0.0,0.6,0.0,0.1,0.04
8,PE_PB,-0.037877,0.05,0.25,0.4,0.65,0.65,0.85,0.95,0.0,0.55,0.0,0.1,0.05
6,PE_PB,-0.037878,0.15,0.25,0.3,0.7,0.7,0.75,0.85,0.0,0.65,0.0,0.1,0.03
8,PE_PB_FED,-0.037878,0.1,0.15,0.35,0.55,0.7,0.75,0.85,0.5,0.65,0.75,0.12,0.04
8,PE_FED,-0.037881,0.05,0.25,0.3,0.5,0.7,0.75,0.95,0.5,0.0,0.0,0.12,0.03
6,PE_PB,-0.037882,0.05,0.25,0.3,0.7,0.7,0.75,0.95,0.0,0.5,0.0,0.1,0.03
6,PE_FED,-0.037882,0.15,0.25,0.3,0.55,0.7,0.75,0.9,-0.5,0.0,0.0,0.06,0.04
6,PE_PB,-0.037883,0.15,0.25,0.4,0.7,0.65,0.75,0.85,0.0,0.6,0.0,0.1,0.03
6,PE_PB,-0.037885,0.1,0.25,0.45,0.7,0.65,0.8,0.95,0.0,0.65,0.0,0.12,0.05
8,PE_PB,-0.037887,0.05,0.2,0.45,0.55,0.75,0.8,0.9,0.0,0.6,0.0,0.06,0.04
6,PE_PB,-0.037894,0.05,0.15,0.4,0.55,0.75,0.8,0.95,0.0,0.55,0.0,0.06,0.04
8,PE_PB_FED,-0.037895,0.2,0.25,0.3,0.6,0.7,0.85,0.9,0.0,0.5,0.75,0.06,0.04
8,PE_FED,-0.0379,0.1,0.2,0.45,0.7,0.65,0.8,0.85,0.5,0.0,0.0,0.06,0.04
8,PE_PB,-0.037906,0.15,0.25,0.3,0.55,0.65,0.75,0.95,0.0,0.55,0.0,0.08,0.04
6,PE_only,-0.037907,0.05,0.15,0.45,0.5,0.65,0.8,0.9,0.0,0.0,0.0,0.08,0.05
6,PE_only,-0.037907,0.1,0.25,0.3,0.55,0.7,0.8,0.9,0.0,0.0,0.0,0.06,0.05
6,PE_only,-0.037907,0.05,0.15,0.45,0.5,0.75,0.8,0.9,0.0,0.0,0.0,0.06,0.05
6,PE_PB,-0.037907,0.1,0.2,0.3,0.7,0.7,0.85,0.9,0.0,0.55,0.0,0.08,0.05
6,PE_PB,-0.037908,0.1,0.25,0.3,0.6,0.7,0.75,0.95,0.0,0.65,0.0,0.1,0.05
6,PE_FED,-0.037909,0.15,0.3,0.4,0.7,0.7,0.8,0.85,0.0,0.0,0.0,0.1,0.05
8,PE_only,-0.037909,0.15,0.2,0.45,0.5,0.7,0.8,0.85,0.0,0.0,0.0,0.06,0.05
8,PE_FED,-0.037909,0.15,0.25,0.4,0.55,0.75,0.8,0.95,0.5,0.0,0.0,0.12,0.05
6,PE_PB,-0.03791,0.15,0.2,0.3,0.6,0.65,0.75,0.9,0.0,0.55,0.0,0.12,0.04
8,PE_only,-0.037914,0.05,0.25,0.4,0.5,0.7,0.8,0.85,0.0,0.0,0.0,0.08,0.03
8,PE_PB,-0.037914,0.1,0.25,0.45,0.55,0.65,0.8,0.9,0.0,0.65,0.0,0.06,0.03
8,PE_PB_FED,-0.037915,0.05,0.25,0.4,0.6,0.75,0.85,0.9,0.0,0.5,0.8,0.1,0.05
8,PE_PB,-0.037918,0.2,0.3,0.4,0.7,0.65,0.8,0.95,0.0,0.55,0.0,0.06,0.05
8,PE_FED,-0.03792,0.1,0.25,0.3,0.65,0.7,0.85,0.95,0.5,0.0,0.0,0.1,0.04
6,PE_only,-0.037921,0.1,0.15,0.45,0.5,0.7,0.75,0.85,0.0,0.0,0.0,0.12,0.04
8,PE_PB,-0.037923,0.15,0.25,0.35,0.65,0.7,0.8,0.95,0.0,0.5,0.0,0.12,0.04
6,PE_only,-0.037925,0.1,0.2,0.35,0.5,0.65,0.85,0.95,0.0,0.0,0.0,0.1,0.05
8,PE_only,-0.037925,0.1,0.3,0.45,0.5,0.65,0.8,0.95,0.0,0.0,0.0,0.06,0.05
8,PE_PB_FED,-0.037926,0.15,0.2,0.45,0.65,0.7,0.8,0.9,0.5,0.65,0.75,0.08,0.03
6,PE_PB,-0.037928,0.05,0.25,0.3,0.55,0.7,0.8,0.95,0.0,0.65,0.0,0.12,0.05
8,PE_only,-0.037929,0.1,0.3,0.45,0.55,0.7,0.85,0.9,0.0,0.0,0.0,0.12,0.03
6,PE_FED,-0.037933,0.05,0.3,0.4,0.7,0.65,0.8,0.9,0.0,0.0,0.0,0.12,0.05
6,PE_PB,-0.037934,0.15,0.25,0.4,0.65,0.7,0.75,0.9,0.0,0.6,0.0,0.08,0.03
6,PE_only,-0.037935,0.05,0.3,0.45,0.65,0.75,0.8,0.85,0.0,0.0,0.0,0.06,0.04
8,PE_FED,-0.03794,0.05,0.25,0.45,0.55,0.7,0.8,0.95,0.5,0.0,0.0,0.08,0.03
6,PE_only,-0.037941,0.1,0.3,0.45,0.65,0.7,0.8,0.85,0.0,0.0,0.0,0.06,0.04
8,PE_FED,-0.037943,0.15,0.2,0.45,0.65,0.7,0.75,0.85,0.5,0.0,0.0,0.12,0.05
8,PE_FED,-0.037945,0.05,0.2,0.4,0.6,0.7,0.75,0.85,0.5,0.0,0.0,0.08,0.04
8,PE_FED,-0.037945,0.1,0.25,0.3,0.6,0.65,0.75,0.9,0.5,0.0,0.0,0.08,0.05
6,PE_FED,-0.037946,0.15,0.3,0.35,0.7,0.65,0.8,0.85,0.0,0.0,0.0,0.12,0.05
6,PE_only,-0.037947,0.05,0.25,0.45,0.6,0.75,0.8,0.9,0.0,0.0,0.0,0.08,0.05
6,PE_FED,-0.037958,0.1,0.15,0.45,0.5,0.65,0.8,0.95,0.0,0.0,0.0,0.08,0.04
6,PE_PB,-0.037959,0.15,0.2,0.35,0.7,0.65,0.8,0.85,0.0,0.6,0.0,0.12,0.05
6,PE_FED,-0.037961,0.2,0.25,0.45,0.6,0.7,0.75,0.9,0.0,0.0,0.0,0.12,0.05
8,PE_PB,-0.037962,0.05,0.2,0.4,0.6,0.65,0.75,0.85,0.0,0.55,0.0,0.06,0.05
8,PE_PB,-0.037962,0.1,0.15,0.3,0.55,0.65,0.8,0.9,0.0,0.5,0.0,0.08,0.03
6,PE_only,-0.037963,0.2,0.3,0.35,0.6,0.65,0.75,0.9,0.0,0.0,0.0,0.1,0.03
6,PE_only,-0.037965,0.2,0.25,0.35,0.55,0.7,0.85,0.95,0.0,0.0,0.0,0.06,0.04
6,PE_only,-0.037968,0.15,0.25,0.4,0.55,0.7,0.8,0.9,0.0,0.0,0.0,0.12,0.05
6,PE_PB_FED,-0.03797,0.05,0.15,0.45,0.65,0.75,0.8,0.9,0.0,0.65,0.7,0.1,0.05
8,PE_PB,-0.037971,0.05,0.2,0.3,0.5,0.75,0.8,0.95,0.0,0.55,0.0,0.06,0.03
6,PE_PB,-0.037979,0.05,0.15,0.35,0.7,0.75,0.85,0.95,0.0,0.5,0.0,0.12,0.05
8,PE_PB,-0.037984,0.15,0.25,0.4,0.65,0.65,0.8,0.95,0.0,0.5,0.0,0.12,0.04
8,PE_PB,-0.037985,0.15,0.2,0.45,0.55,0.7,0.75,0.9,0.0,0.55,0.0,0.12,0.03
6,PE_PB_FED,-0.037987,0.15,0.2,0.4,0.65,0.7,0.75,0.9,-0.5,0.6,0.7,0.12,0.05
8,PE_PB,-0.037987,0.05,0.15,0.45,0.65,0.7,0.85,0.9,0.0,0.5,0.0,0.06,0.03
8,PE_PB,-0.037991,0.15,0.2,0.3,0.55,0.65,0.8,0.85,0.0,0.6,0.0,0.1,0.03
8,PE_FED,-0.037991,0.05,0.15,0.35,0.5,0.65,0.8,0.9,0.5,0.0,0.0,0.12,0.04
8,PE_PB,-0.037995,0.1,0.25,0.35,0.7,0.7,0.8,0.9,0.0,0.5,0.0,0.1,0.04
6,PE_only,-0.037996,0.15,0.25,0.4,0.6,0.7,0.85,0.9,0.0,0.0,0.0,0.06,0.03
8,PE_only,-0.037996,0.15,0.25,0.4,0.5,0.65,0.8,0.85,0.0,0.0,0.0,0.06,0.04
6,PE_PB,-0.038,0.15,0.2,0.3,0.65,0.75,0.8,0.85,0.0,0.6,0.0,0.06,0.03
6,PE_only,-0.038001,0.05,0.3,0.45,0.6,0.65,0.75,0.9,0.0,0.0,0.0,0.06,0.03
6,PE_PB_FED,-0.038006,0.1,0.15,0.4,0.55,0.65,0.75,0.9,-0.5,0.65,0.8,0.06,0.03
6,PE_only,-0.038008,0.15,0.3,0.4,0.55,0.7,0.75,0.9,0.0,0.0,0.0,0.12,0.04
8,PE_only,-0.038013,0.1,0.25,0.3,0.5,0.7,0.8,0.85,0.0,0.0,0.0,0.08,0.03
8,PE_PB,-0.038013,0.05,0.2,0.35,0.6,0.65,0.8,0.9,0.0,0.5,0.0,0.08,0.03
6,PE_FED,-0.038014,0.05,0.25,0.4,0.6,0.7,0.8,0.85,-0.5,0.0,0.0,0.08,0.04
8,PE_PB,-0.038015,0.05,0.25,0.45,0.55,0.7,0.8,0.9,0.0,0.65,0.0,0.06,0.04
8,PE_FED,-0.038018,0.1,0.2,0.35,0.55,0.7,0.75,0.85,0.5,0.0,0.0,0.1,0.04
8,PE_PB,-0.038021,0.1,0.3,0.4,0.7,0.65,0.75,0.9,0.0,0.55,0.0,0.12,0.04
8,PE_PB_FED,-0.038021,0.15,0.2,0.3,0.65,0.65,0.75,0.85,0.5,0.65,0.75,0.1,0.04
6,PE_only,-0.038022,0.2,0.3,0.35,0.6,0.7,0.85,0.95,0.0,0.0,0.0,0.12,0.03
8,PB_FED,-0.038025,0.2,0.3,0.45,0.55,0.65,0.85,0.9,0.5,0.0,0.0,0.12,0.04
6,PE_PB,-0.038027,0.05,0.2,0.4,0.55,0.7,0.75,0.9,0.0,0.6,0.0,0.06,0.03
6,PE_PB,-0.038027,0.05,0.3,0.4,0.7,0.75,0.85,0.95,0.0,0.65,0.0,0.12,0.04
8,PE_only,-0.038028,0.1,0.2,0.45,0.5,0.7,0.85,0.9,0.0,0.0,0.0,0.06,0.03
6,PE_only,-0.038029,0.1,0.2,0.45,0.5,0.65,0.85,0.95,0.0,0.0,0.0,0.06,0.03
8,PE_only,-0.038032,0.2,0.3,0.45,0.55,0.7,0.8,0.85,0.0,0.0,0.0,0.1,0.03
6,PE_FED,-0.038033,0.05,0.15,0.35,0.5,0.7,0.75,0.9,-0.5,0.0,0.0,0.06,0.04
6,PE_PB,-0.038035,0.15,0.25,0.35,0.55,0.7,0.8,0.95,0.0,0.65,0.0,0.1,0.04
6,PE_FED,-0.038035,0.1,0.3,0.35,0.6,0.75,0.85,0.95,-0.5,0.0,0.0,0.12,0.04
8,PE_PB_FED,-0.038035,0.05,0.25,0.35,0.6,0.65,0.85,0.95,-0.5,0.5,0.8,0.12,0.05
8,PE_only,-0.038037,0.15,0.25,0.4,0.5,0.75,0.8,0.85,0.0,0.0,0.0,0.12,0.03
6,PE_PB,-0.038042,0.1,0.25,0.35,0.65,0.65,0.75,0.95,0.0,0.65,0.0,0.12,0.04
6,PE_PB,-0.038043,0.1,0.25,0.3,0.7,0.7,0.8,0.85,0.0,0.55,0.0,0.06,0.03
6,PE_only,-0.038046,0.2,0.25,0.35,0.5,0.7,0.75,0.95,0.0,0.0,0.0,0.12,0.05
6,PE_only,-0.038048,0.1,0.15,0.4,0.5,0.7,0.8,0.85,0.0,0.0,0.0,0.12,0.04
6,PE_PB,-0.038048,0.15,0.2,0.3,0.65,0.7,0.75,0.85,0.0,0.65,0.0,0.08,0.04
6,PE_PB,-0.03805,0.05,0.15,0.35,0.6,0.75,0.8,0.85,0.0,0.55,0.0,0.08,0.04
8,PE_FED,-0.038052,0.05,0.25,0.3,0.55,0.7,0.8,0.95,0.5,0.0,0.0,0.1,0.05
6,PE_PB_FED,-0.038054,0.05,0.25,0.35,0.7,0.75,0.85,0.9,-0.5,0.65,0.8,0.08,0.05
6,PE_only,-0.038055,0.2,0.25,0.3,0.55,0.7,0.8,0.9,0.0,0.0,0.0,0.08,0.04
6,PE_FED,-0.038055,0.1,0.2,0.45,0.55,0.7,0.8,0.85,0.0,0.0,0.0,0.1,0.04
8,PE_PB_FED,-0.038055,0.15,0.25,0.35,0.65,0.75,0.8,0.95,0.5,0.65,0.7,0.12,0.05
8,PE_PB_FED,-0.038055,0.1,0.15,0.45,0.65,0.65,0.75,0.85,0.5,0.65,0.8,0.08,0.05
8,PE_PB,-0.038058,0.05,0.25,0.45,0.6,0.7,0.75,0.85,0.0,0.6,0.0,0.06,0.04
6,PE_only,-0.038059,0.15,0.25,0.45,0.6,0.65,0.75,0.85,0.0,0.0,0.0,0.08,0.05
8,PE_only,-0.038059,0.2,0.3,0.4,0.55,0.7,0.85,0.9,0.0,0.0,0.0,0.12,0.04
6,PE_PB,-0.03806,0.1,0.25,0.3,0.55,0.7,0.8,0.95,0.0,0.65,0.0,0.12,0.04
6,PE_PB,-0.038061,0.05,0.25,0.35,0.55,0.65,0.8,0.95,0.0,0.65,0.0,0.08,0.05
8,PE_PB,-0.038061,0.2,0.25,0.3,0.65,0.75,0.8,0.85,0.0,0.6,0.0,0.12,0.03
8,PE_PB,-0.038062,0.15,0.25,0.45,0.7,0.65,0.85,0.9,0.0,0.55,0.0,0.12,0.03
6,PE_FED,-0.038064,0.1,0.25,0.3,0.6,0.65,0.8,0.9,0.0,0.0,0.0,0.06,0.05
6,PE_only,-0.038065,0.1,0.2,0.3,0.5,0.7,0.75,0.85,0.0,0.0,0.0,0.12,0.03
6,PE_only,-0.038071,0.2,0.25,0.3,0.55,0.65,0.75,0.85,0.0,0.0,0.0,0.06,0.03
6,PE_only,-0.038073,0.05,0.25,0.4,0.6,0.7,0.85,0.9,0.0,0.0,0.0,0.08,0.04
6,PE_PB_FED,-0.038073,0.05,0.25,0.35,0.7,0.75,0.8,0.9,0.0,0.65,0.8,0.1,0.03
6,PE_only,-0.038076,0.1,0.25,0.35,0.6,0.75,0.85,0.9,0.0,0.0,0.0,0.12,0.03
8,PE_PB,-0.038077,0.1,0.3,0.4,0.65,0.65,0.75,0.85,0.0,0.6,0.0,0.08,0.03
6,PE_only,-0.038081,0.05,0.25,0.4,0.5,0.65,0.75,0.9,0.0,0.0,0.0,0.08,0.03
8,PE_PB,-0.038082,0.05,0.15,0.45,0.6,0.7,0.85,0.95,0.0,0.5,0.0,0.1,0.04
6,PE_PB,-0.038084,0.05,0.15,0.3,0.55,0.7,0.8,0.9,0.0,0.6,0.0,0.08,0.05
8,PE_PB,-0.038086,0.2,0.3,0.35,0.65,0.7,0.85,0.95,0.0,0.6,0.0,0.06,0.03
6,PE_FED,-0.038092,0.15,0.2,0.35,0.55,0.65,0.85,0.9,0.0,0.0,0.0,0.06,0.05
6,PE_FED,-0.038093,0.05,0.25,0.4,0.6,0.7,0.8,0.9,0.0,0.0,0.0,0.08,0.04
6,PE_PB_FED,-0.038094,0.2,0.3,0.35,0.7,0.75,0.8,0.95,0.0,0.65,0.8,0.12,0.04
8,PE_PB,-0.038095,0.1,0.2,0.35,0.65,0.65,0.8,0.9,0.0,0.5,0.0,0.06,0.04
6,PE_PB,-0.038096,0.05,0.15,0.3,0.6,0.65,0.75,0.85,0.0,0.6,0.0,0.06,0.03
6,PE_FED,-0.038096,0.05,0.25,0.35,0.55,0.7,0.8,0.95,0.0,0.0,0.0,0.06,0.05
6,PE_PB,-0.038099,0.15,0.2,0.45,0.65,0.7,0.85,0.95,0.0,0.55,0.0,0.12,0.04
6,PE_PB_FED,-0.038099,0.05,0.15,0.4,0.7,0.75,0.85,0.95,-0.5,0.5,0.7,0.1,0.03
6,PE_PB_FED,-0.038101,0.1,0.15,0.4,0.7,0.75,0.8,0.9,-0.5,0.55,0.8,0.1,0.05
8,PE_PB,-0.038102,0.1,0.25,0.4,0.6,0.7,0.85,0.9,0.0,0.65,0.0,0.06,0.05
6,PE_only,-0.038106,0.2,0.25,0.4,0.55,0.7,0.75,0.9,0.0,0.0,0.0,0.06,0.05
6,PE_only,-0.038108,0.1,0.25,0.3,0.55,0.7,0.75,0.85,0.0,0.0,0.0,0.12,0.05
6,PE_only,-0.03811,0.05,0.25,0.35,0.6,0.65,0.8,0.85,0.0,0.0,0.0,0.06,0.05
6,PE_only,-0.038111,0.1,0.3,0.35,0.55,0.65,0.85,0.95,0.0,0.0,0.0,0.1,0.03
6,PE_FED,-0.038111,0.05,0.3,0.35,0.65,0.7,0.85,0.9,-0.5,0.0,0.0,0.1,0.05
6,PE_PB_FED,-0.038117,0.15,0.2,0.3,0.7,0.7,0.75,0.95,-0.5,0.5,0.7,0.1,0.04
8,PE_PB_FED,-0.038118,0.15,0.2,0.3,0.5,0.75,0.8,0.95,0.5,0.65,0.8,0.06,0.03
6,PE_PB,-0.03812,0.05,0.25,0.4,0.65,0.7,0.85,0.95,0.0,0.65,0.0,0.1,0.05
6,PE_PB_FED,-0.038122,0.1,0.15,0.45,0.6,0.7,0.75,0.95,0.0,0.55,0.75,0.1,0.03
8,PE_only,-0.038122,0.05,0.25,0.3,0.5,0.75,0.85,0.9,0.0,0.0,0.0,0.12,0.03
8,PE_PB,-0.038126,0.15,0.25,0.4,0.7,0.65,0.8,0.85,0.0,0.55,0.0,0.12,0.05
8,PE_only,-0.038127,0.2,0.3,0.4,0.55,0.7,0.8,0.85,0.0,0.0,0.0,0.08,0.05
6,PE_PB,-0.038129,0.15,0.25,0.3,0.65,0.65,0.75,0.9,0.0,0.6,0.0,0.12,0.04
8,PE_PB_FED,-0.038129,0.05,0.15,0.35,0.55,0.65,0.8,0.9,0.5,0.6,0.75,0.06,0.03
6,PE_PB,-0.03813,0.1,0.2,0.3,0.6,0.75,0.8,0.9,0.0,0.55,0.0,0.06,0.03
8,PE_PB,-0.038132,0.05,0.3,0.4,0.65,0.65,0.8,0.95,0.0,0.55,0.0,0.08,0.04
8,PE_PB,-0.038133,0.1,0.15,0.35,0.65,0.7,0.85,0.9,0.0,0.5,0.0,0.06,0.04
8,PE_PB,-0.038136,0.1,0.25,0.4,0.5,0.7,0.75,0.95,0.0,0.65,0.0,0.1,0.04
6,PE_FED,-0.038137,0.15,0.2,0.35,0.55,0.7,0.85,0.9,0.0,0.0,0.0,0.12,0.05
6,PE_PB,-0.038139,0.05,0.25,0.35,0.7,0.75,0.8,0.85,0.0,0.55,0.0,0.08,0.04
6,PE_PB_FED,-0.03814,0.1,0.2,0.3,0.7,0.75,0.8,0.85,0.0,0.55,0.8,0.1,0.03
6,PE_PB,-0.038144,0.05,0.25,0.3,0.65,0.7,0.8,0.9,0.0,0.6,0.0,0.06,0.03
8,PE_PB,-0.038144,0.05,0.15,0.35,0.5,0.7,0.85,0.95,0.0,0.6,0.0,0.12,0.04
6,PE_FED,-0.038147,0.2,0.25,0.3,0.6,0.7,0.85,0.9,-0.5,0.0,0.0,0.1,0.04
8,PE_FED,-0.038147,0.05,0.2,0.3,0.55,0.65,0.85,0.95,0.5,0.0,0.0,0.06,0.05
6,PE_PB_FED,-0.038153,0.15,0.2,0.3,0.65,0.65,0.85,0.9,0.0,0.6,0.75,0.06,0.03
6,PE_FED,-0.038154,0.1,0.25,0.45,0.6,0.65,0.75,0.85,-0.5,0.0,0.0,0.08,0.05
6,PE_PB,-0.038155,0.1,0.15,0.4,0.5,0.65,0.75,0.95,0.0,0.55,0.0,0.08,0.03
8,PE_PB_FED,-0.038157,0.2,0.25,0.3,0.5,0.7,0.75,0.9,-0.5,0.65,0.8,0.06,0.05
8,PE_PB,-0.038159,0.15,0.25,0.45,0.65,0.75,0.85,0.9,0.0,0.6,0.0,0.1,0.04
8,PE_FED,-0.038159,0.05,0.2,0.45,0.6,0.75,0.8,0.9,0.5,0.0,0.0,0.08,0.04
6,PE_only,-0.038161,0.1,0.25,0.4,0.6,0.75,0.85,0.9,0.0,0.0,0.0,0.12,0.03
6,PE_FED,-0.038162,0.1,0.25,0.3,0.55,0.7,0.75,0.9,0.0,0.0,0.0,0.06,0.04
6,PE_PB,-0.038165,0.1,0.15,0.35,0.55,0.7,0.8,0.95,0.0,0.55,0.0,0.12,0.05
6,PE_PB,-0.038171,0.15,0.3,0.4,0.65,0.65,0.8,0.95,0.0,0.55,0.0,0.06,0.03
6,PE_PB_FED,-0.038172,0.05,0.15,0.35,0.7,0.65,0.75,0.85,-0.5,0.55,0.7,0.12,0.04
8,PE_PB,-0.038174,0.2,0.3,0.4,0.55,0.65,0.75,0.95,0.0,0.65,0.0,0.06,0.04
6,PE_only,-0.038175,0.1,0.15,0.45,0.5,0.7,0.8,0.9,0.0,0.0,0.0,0.12,0.05
6,PE_FED,-0.038178,0.2,0.3,0.4,0.6,0.7,0.85,0.95,0.0,0.0,0.0,0.1,0.03
6,PE_FED,-0.038178,0.2,0.25,0.45,0.6,0.7,0.75,0.85,-0.5,0.0,0.0,0.12,0.04
6,PE_PB_FED,-0.03818,0.15,0.2,0.4,0.6,0.7,0.75,0.85,-0.5,0.65,0.75,0.06,0.04
6,PE_PB,-0.038181,0.15,0.25,0.4,0.7,0.65,0.85,0.95,0.0,0.6,0.0,0.08,0.03
6,PE_FED,-0.038184,0.05,0.15,0.3,0.5,0.75,0.8,0.9,-0.5,0.0,0.0,0.08,0.03
6,PE_PB_FED,-0.038185,0.15,0.2,0.3,0.65,0.65,0.8,0.85,-0.5,0.6,0.75,0.12,0.03
6,PE_only,-0.038186,0.2,0.3,0.35,0.65,0.7,0.8,0.85,0.0,0.0,0.0,0.1,0.05
6,PE_PB,-0.038186,0.1,0.25,0.3,0.65,0.7,0.75,0.9,0.0,0.65,0.0,0.1,0.03
8,PE_PB,-0.038187,0.2,0.3,0.35,0.55,0.65,0.75,0.95,0.0,0.65,0.0,0.06,0.05
8,PE_PB_FED,-0.038187,0.1,0.3,0.45,0.55,0.7,0.8,0.85,0.0,0.55,0.75,0.06,0.03
6,PE_PB,-0.038188,0.15,0.25,0.4,0.65,0.65,0.75,0.9,0.0,0.65,0.0,0.06,0.03
6,PE_only,-0.038189,0.1,0.25,0.45,0.6,0.65,0.8,0.85,0.0,0.0,0.0,0.12,0.03
6,PE_only,-0.038189,0.05,0.2,0.4,0.5,0.7,0.75,0.85,0.0,0.0,0.0,0.1,0.04
6,PE_PB,-0.038191,0.1,0.25,0.35,0.65,0.75,0.85,0.95,0.0,0.65,0.0,0.08,0.04
6,PE_only,-0.038193,0.15,0.25,0.45,0.6,0.75,0.8,0.85,0.0,0.0,0.0,0.1,0.03
6,PE_PB,-0.038196,0.1,0.2,0.3,0.55,0.65,0.75,0.85,0.0,0.65,0.0,0.08,0.03
6,PE_only,-0.038199,0.15,0.3,0.45,0.6,0.7,0.85,0.95,0.0,0.0,0.0,0.06,0.04
6,PE_FED,-0.038199,0.1,0.3,0.45,0.7,0.65,0.8,0.85,0.0,0.0,0.0,0.1,0.03
6,PE_FED,-0.0382,0.1,0.2,0.3,0.55,0.7,0.85,0.9,-0.5,0.0,0.0,0.08,0.03
6,PE_only,-0.038205,0.1,0.25,0.4,0.6,0.7,0.85,0.9,0.0,0.0,0.0,0.1,0.04
6,PE_FED,-0.038207,0.05,0.25,0.45,0.6,0.65,0.8,0.9,0.0,0.0,0.0,0.06,0.03
8,PE_PB,-0.038209,0.05,0.15,0.45,0.55,0.65,0.8,0.85,0.0,0.55,0.0,0.1,0.03
6,PE_PB,-0.03821,0.15,0.2,0.3,0.6,0.7,0.8,0.95,0.0,0.6,0.0,0.12,0.04
8,PE_PB_FED,-0.03821,0.05,0.25,0.45,0.5,0.65,0.8,0.9,-0.5,0.65,0.7,0.12,0.04
8,PE_PB_FED,-0.038213,0.05,0.3,0.4,0.5,0.7,0.75,0.9,-0.5,0.65,0.7,0.12,0.03
6,PE_only,-0.038217,0.1,0.3,0.35,0.6,0.7,0.75,0.9,0.0,0.0,0.0,0.12,0.05
6,PE_PB,-0.038219,0.2,0.25,0.45,0.7,0.65,0.85,0.95,0.0,0.55,0.0,0.08,0.03
8,PE_PB_FED,-0.038219,0.2,0.25,0.45,0.55,0.65,0.85,0.95,-0.5,0.6,0.7,0.06,0.05
6,PE_only,-0.03822,0.1,0.3,0.35,0.6,0.65,0.8,0.9,0.0,0.0,0.0,0.12,0.04
8,PE_PB_FED,-0.03822,0.05,0.25,0.45,0.65,0.75,0.8,0.85,-0.5,0.5,0.75,0.12,0.04
6,PE_only,-0.038221,0.05,0.3,0.4,0.55,0.7,0.75,0.9,0.0,0.0,0.0,0.1,0.04
6,PE_PB,-0.038222,0.1,0.25,0.3,0.65,0.7,0.8,0.95,0.0,0.65,0.0,0.1,0.05
6,PE_FED,-0.038229,0.1,0.2,0.35,0.55,0.75,0.8,0.85,-0.5,0.0,0.0,0.12,0.03
8,PE_PB_FED,-0.038229,0.05,0.25,0.35,0.6,0.7,0.75,0.95,0.5,0.6,0.8,0.1,0.03
8,PE_FED,-0.03823,0.1,0.15,0.4,0.5,0.7,0.85,0.95,0.5,0.0,0.0,0.08,0.04
8,PE_PB_FED,-0.03823,0.1,0.25,0.45,0.55,0.7,0.75,0.95,0.5,0.65,0.8,0.1,0.03
8,PE_PB,-0.038232,0.1,0.2,0.35,0.6,0.65,0.75,0.9,0.0,0.5,0.0,0.08,0.04
8,PE_only,-0.038233,0.05,0.25,0.3,0.5,0.75,0.8,0.85,0.0,0.0,0.0,0.12,0.05
6,PE_FED,-0.038235,0.1,0.2,0.4,0.55,0.65,0.75,0.85,-0.5,0.0,0.0,0.06,0.05
8,PE_PB,-0.038236,0.2,0.3,0.4,0.65,0.65,0.75,0.9,0.0,0.6,0.0,0.08,0.04
8,PE_PB,-0.038236,0.2,0.25,0.4,0.65,0.65,0.75,0.85,0.0,0.6,0.0,0.06,0.05
6,PE_only,-0.038238,0.15,0.3,0.4,0.6,0.65,0.75,0.85,0.0,0.0,0.0,0.12,0.03
6,PE_PB,-0.038239,0.2,0.25,0.4,0.65,0.7,0.75,0.95,0.0,0.55,0.0,0.06,0.05
8,PE_PB,-0.038239,0.05,0.3,0.35,0.6,0.7,0.75,0.9,0.0,0.6,0.0,0.1,0.04
6,PE_only,-0.038241,0.05,0.25,0.3,0.5,0.7,0.85,0.95,0.0,0.0,0.0,0.08,0.03
6,PE_PB_FED,-0.038243,0.05,0.15,0.3,0.7,0.7,0.75,0.85,0.0,0.55,0.8,0.06,0.03
6,PE_FED,-0.038244,0.05,0.2,0.3,0.55,0.65,0.85,0.9,0.0,0.0,0.0,0.1,0.05
6,PE_PB,-0.038256,0.05,0.2,0.45,0.55,0.75,0.8,0.95,0.0,0.6,0.0,0.1,0.05
8,PE_PB,-0.038256,0.05,0.15,0.3,0.5,0.75,0.8,0.95,0.0,0.5,0.0,0.12,0.04
6,PE_PB,-0.038257,0.2,0.25,0.45,0.7,0.75,0.8,0.95,0.0,0.65,0.0,0.12,0.04
8,PE_FED,-0.038257,0.15,0.25,0.3,0.6,0.75,0.8,0.9,0.5,0.0,0.0,0.12,0.04
8,PE_PB,-0.038261,0.15,0.3,0.45,0.7,0.7,0.75,0.95,0.0,0.5,0.0,0.1,0.05
8,PE_FED,-0.038264,0.1,0.25,0.3,0.7,0.7,0.8,0.85,0.5,0.0,0.0,0.08,0.04
6,PE_PB,-0.038269,0.05,0.25,0.35,0.65,0.7,0.8,0.9,0.0,0.6,0.0,0.06,0.03
6,PE_PB,-0.038272,0.1,0.25,0.3,0.65,0.65,0.75,0.9,0.0,0.55,0.0,0.12,0.04
8,PE_PB_FED,-0.038272,0.15,0.25,0.3,0.7,0.65,0.8,0.95,0.5,0.55,0.75,0.12,0.03
6,PE_only,-0.038273,0.15,0.25,0.4,0.55,0.75,0.8,0.85,0.0,0.0,0.0,0.06,0.03
6,PE_only,-0.038273,0.15,0.25,0.4,0.55,0.75,0.8,0.85,0.0,0.0,0.0,0.12,0.03
6,PE_PB,-0.038274,0.1,0.15,0.3,0.55,0.7,0.85,0.9,0.0,0.65,0.0,0.1,0.03
6,PE_FED,-0.038274,0.2,0.25,0.45,0.65,0.75,0.85,0.9,0.0,0.0,0.0,0.06,0.05
8,PE_PB,-0.038277,0.05,0.25,0.45,0.7,0.7,0.75,0.85,0.0,0.5,0.0,0.08,0.04
8,PE_FED,-0.038277,0.15,0.25,0.3,0.55,0.65,0.8,0.9,0.5,0.0,0.0,0.1,0.03
6,PE_only,-0.038278,0.2,0.25,0.45,0.6,0.65,0.75,0.85,0.0,0.0,0.0,0.1,0.04
8,PE_PB_FED,-0.038278,0.1,0.15,0.35,0.5,0.7,0.8,0.9,-0.5,0.5,0.8,0.12,0.05
6,PE_PB_FED,-0.038281,0.05,0.15,0.3,0.65,0.7,0.75,0.9,0.0,0.55,0.75,0.08,0.04
6,PE_PB,-0.038282,0.05,0.15,0.4,0.6,0.65,0.75,0.9,0.0,0.6,0.0,0.06,0.05
6,PE_PB,-0.038287,0.05,0.2,0.35,0.6,0.65,0.8,0.9,0.0,0.65,0.0,0.12,0.04
6,PE_PB_FED,-0.038287,0.05,0.2,0.35,0.6,0.7,0.75,0.85,-0.5,0.65,0.7,0.08,0.04
6,PE_PB,-0.038288,0.05,0.25,0.45,0.7,0.65,0.8,0.9,0.0,0.6,0.0,0.06,0.04
8,PE_PB_FED,-0.03829,0.2,0.3,0.45,0.55,0.75,0.85,0.95,-0.5,0.65,0.75,0.06,0.04
6,PE_FED,-0.038293,0.05,0.25,0.45,0.6,0.75,0.85,0.95,0.0,0.0,0.0,0.1,0.05
6,PE_only,-0.038296,0.1,0.3,0.4,0.6,0.75,0.8,0.9,0.0,0.0,0.0,0.08,0.04
6,PE_PB,-0.038304,0.1,0.2,0.35,0.55,0.65,0.85,0.95,0.0,0.65,0.0,0.08,0.05
6,PE_PB,-0.038307,0.2,0.3,0.35,0.7,0.75,0.8,0.95,0.0,0.65,0.0,0.08,0.03
6,PE_PB,-0.038307,0.1,0.25,0.35,0.65,0.75,0.8,0.95,0.0,0.65,0.0,0.06,0.04
6,PE_FED,-0.038308,0.15,0.2,0.35,0.5,0.75,0.8,0.9,0.0,0.0,0.0,0.12,0.04
8,PE_PB,-0.038308,0.05,0.25,0.35,0.55,0.65,0.8,0.85,0.0,0.65,0.0,0.08,0.04
8,PE_FED,-0.038308,0.1,0.3,0.4,0.65,0.7,0.75,0.9,0.5,0.0,0.0,0.06,0.03
6,PE_only,-0.038309,0.1,0.15,0.4,0.5,0.75,0.85,0.9,0.0,0.0,0.0,0.06,0.03
8,PE_only,-0.038311,0.05,0.25,0.35,0.5,0.65,0.85,0.9,0.0,0.0,0.0,0.1,0.04
6,PE_PB,-0.038314,0.1,0.15,0.45,0.5,0.65,0.8,0.95,0.0,0.65,0.0,0.06,0.04
6,PE_PB,-0.038314,0.1,0.15,0.45,0.5,0.65,0.8,0.95,0.0,0.65,0.0,0.1,0.04
6,PE_FED,-0.038314,0.2,0.3,0.4,0.7,0.65,0.85,0.9,0.0,0.0,0.0,0.12,0.05
6,PE_PB,-0.038315,0.2,0.25,0.4,0.7,0.65,0.8,0.9,0.0,0.6,0.0,0.08,0.03
8,PE_PB,-0.038315,0.2,0.3,0.45,0.55,0.65,0.8,0.95,0.0,0.65,0.0,0.08,0.03
6,PE_only,-0.038318,0.2,0.25,0.35,0.6,0.7,0.75,0.85,0.0,0.0,0.0,0.06,0.05
6,PE_FED,-0.038318,0.2,0.25,0.4,0.6,0.65,0.8,0.9,0.0,0.0,0.0,0.06,0.05
8,PE_PB,-0.03832,0.1,0.25,0.3,0.55,0.65,0.8,0.85,0.0,0.65,0.0,0.08,0.03
8,PE_PB_FED,-0.03832,0.1,0.15,0.3,0.5,0.7,0.75,0.9,0.5,0.65,0.8,0.12,0.05
6,PE_only,-0.038324,0.1,0.15,0.45,0.5,0.65,0.75,0.85,0.0,0.0,0.0,0.1,0.05
8,PE_FED,-0.038324,0.1,0.3,0.45,0.7,0.65,0.8,0.95,0.5,0.0,0.0,0.06,0.05
8,PE_PB_FED,-0.038325,0.1,0.2,0.3,0.7,0.65,0.85,0.9,0.5,0.65,0.7,0.12,0.03
6,PE_PB,-0.038326,0.05,0.25,0.4,0.65,0.65,0.8,0.9,0.0,0.6,0.0,0.06,0.03
6,PE_PB,-0.038333,0.1,0.15,0.3,0.6,0.65,0.85,0.95,0.0,0.6,0.0,0.12,0.04
6,PE_FED,-0.038333,0.05,0.15,0.45,0.55,0.75,0.8,0.85,-0.5,0.0,0.0,0.08,0.03
6,PE_only,-0.038341,0.05,0.15,0.3,0.5,0.75,0.85,0.9,0.0,0.0,0.0,0.08,0.05
6,PE_PB,-0.038341,0.1,0.25,0.3,0.7,0.75,0.85,0.9,0.0,0.6,0.0,0.08,0.03
8,PE_PB_FED,-0.038342,0.1,0.15,0.35,0.7,0.75,0.8,0.85,0.5,0.6,0.8,0.12,0.05
8,PE_PB_FED,-0.038344,0.05,0.15,0.4,0.55,0.7,0.85,0.95,0.5,0.6,0.75,0.08,0.03
6,PB_FED,-0.038346,0.05,0.15,0.45,0.65,0.65,0.75,0.9,0.5,0.0,0.0,0.1,0.04
6,PE_PB,-0.038347,0.05,0.25,0.35,0.7,0.75,0.85,0.9,0.0,0.55,0.0,0.06,0.04
6,PE_FED,-0.038349,0.1,0.15,0.45,0.55,0.65,0.8,0.85,0.0,0.0,0.0,0.06,0.04
8,PE_PB_FED,-0.038349,0.2,0.25,0.4,0.6,0.75,0.85,0.95,-0.5,0.5,0.7,0.08,0.03
8,PE_FED,-0.03835,0.1,0.2,0.45,0.7,0.65,0.8,0.85,0.5,0.0,0.0,0.06,0.05
8,PE_PB,-0.038351,0.2,0.3,0.45,0.7,0.7,0.8,0.9,0.0,0.6,0.0,0.12,0.05
6,PE_PB,-0.038354,0.2,0.25,0.3,0.7,0.65,0.75,0.95,0.0,0.6,0.0,0.12,0.04
6,PE_FED,-0.03836,0.1,0.3,0.4,0.65,0.65,0.75,0.85,0.0,0.0,0.0,0.12,0.05
6,PE_PB,-0.038361,0.1,0.15,0.35,0.7,0.75,0.85,0.95,0.0,0.5,0.0,0.06,0.04
6,PE_only,-0.038367,0.2,0.25,0.3,0.55,0.7,0.75,0.85,0.0,0.0,0.0,0.1,0.04
6,PE_PB_FED,-0.038368,0.05,0.2,0.4,0.6,0.65,0.8,0.85,0.0,0.65,0.7,0.1,0.03
8,PE_only,-0.038369,0.05,0.3,0.4,0.5,0.75,0.8,0.9,0.0,0.0,0.0,0.12,0.03
8,PE_FED,-0.038369,0.05,0.15,0.4,0.55,0.7,0.85,0.9,0.5,0.0,0.0,0.1,0.04
8,PE_only,-0.038373,0.2,0.3,0.4,0.5,0.7,0.75,0.9,0.0,0.0,0.0,0.06,0.03
6,PE_FED,-0.038374,0.1,0.2,0.35,0.55,0.65,0.85,0.9,-0.5,0.0,0.0,0.06,0.03
6,PE_PB,-0.038377,0.05,0.25,0.45,0.65,0.65,0.75,0.9,0.0,0.6,0.0,0.06,0.03
6,PE_PB,-0.038378,0.05,0.15,0.45,0.6,0.7,0.8,0.9,0.0,0.55,0.0,0.12,0.05
6,PE_PB,-0.038378,0.15,0.25,0.3,0.65,0.75,0.85,0.9,0.0,0.65,0.0,0.08,0.04
6,PE_PB,-0.038379,0.15,0.2,0.4,0.7,0.7,0.8,0.95,0.0,0.5,0.0,0.08,0.05
6,PE_PB,-0.038379,0.05,0.25,0.3,0.55,0.7,0.75,0.95,0.0,0.6,0.0,0.1,0.04
6,PE_only,-0.038381,0.15,0.25,0.35,0.5,0.65,0.85,0.95,0.0,0.0,0.0,0.1,0.03
6,PE_only,-0.038385,0.15,0.3,0.35,0.55,0.75,0.85,0.95,0.0,0.0,0.0,0.06,0.04
6,PE_PB,-0.038387,0.05,0.2,0.45,0.65,0.75,0.8,0.9,0.0,0.65,0.0,0.1,0.04
6,PE_PB_FED,-0.038387,0.05,0.15,0.45,0.65,0.75,0.85,0.95,0.0,0.6,0.8,0.1,0.05
6,PE_only,-0.038389,0.15,0.25,0.4,0.55,0.7,0.8,0.85,0.0,0.0,0.0,0.1,0.04
6,PE_PB,-0.038389,0.15,0.25,0.3,0.55,0.7,0.75,0.95,0.0,0.6,0.0,0.06,0.04
6,PE_PB,-0.038392,0.1,0.3,0.4,0.7,0.7,0.85,0.9,0.0,0.65,0.0,0.1,0.03
6,PE_PB,-0.038395,0.1,0.2,0.4,0.55,0.65,0.8,0.9,0.0,0.65,0.0,0.08,0.04
8,PE_PB,-0.038397,0.15,0.2,0.35,0.55,0.65,0.75,0.85,0.0,0.55,0.0,0.06,0.03
8,PE_PB_FED,-0.038398,0.05,0.3,0.35,0.7,0.7,0.8,0.85,-0.5,0.5,0.8,0.08,0.05
8,PE_PB,-0.038401,0.05,0.25,0.35,0.65,0.7,0.75,0.85,0.0,0.55,0.0,0.08,0.05
6,PE_PB,-0.038402,0.1,0.2,0.3,0.55,0.7,0.85,0.95,0.0,0.6,0.0,0.06,0.03
8,PE_PB,-0.038402,0.1,0.25,0.3,0.6,0.7,0.8,0.9,0.0,0.55,0.0,0.08,0.03
8,PE_PB_FED,-0.038402,0.15,0.3,0.45,0.6,0.7,0.8,0.95,-0.5,0.5,0.7,0.08,0.04
6,PE_FED,-0.038404,0.1,0.15,0.35,0.55,0.75,0.85,0.9,-0.5,0.0,0.0,0.08,0.05
8,PE_PB,-0.038405,0.1,0.15,0.3,0.55,0.75,0.85,0.9,0.0,0.6,0.0,0.08,0.05
8,PE_FED,-0.038405,0.2,0.25,0.4,0.7,0.65,0.85,0.95,0.5,0.0,0.0,0.12,0.04
6,PE_only,-0.038407,0.15,0.25,0.3,0.55,0.7,0.85,0.9,0.0,0.0,0.0,0.06,0.03
6,PE_FED,-0.038407,0.1,0.15,0.35,0.5,0.65,0.8,0.9,-0.5,0.0,0.0,0.12,0.03
6,PE_PB,-0.038408,0.1,0.3,0.35,0.7,0.75,0.85,0.9,0.0,0.65,0.0,0.12,0.04
6,PE_PB,-0.038412,0.1,0.2,0.4,0.6,0.7,0.85,0.95,0.0,0.65,0.0,0.08,0.04
8,PE_PB_FED,-0.038413,0.2,0.25,0.35,0.5,0.7,0.8,0.95,-0.5,0.6,0.75,0.06,0.05
6,PE_only,-0.038417,0.05,0.2,0.45,0.5,0.75,0.85,0.95,0.0,0.0,0.0,0.1,0.05
8,PE_FED,-0.038417,0.15,0.25,0.3,0.55,0.7,0.75,0.9,0.5,0.0,0.0,0.1,0.05
6,PE_PB_FED,-0.038421,0.15,0.2,0.35,0.65,0.75,0.8,0.85,-0.5,0.6,0.75,0.08,0.03
8,PE_only,-0.038427,0.15,0.3,0.45,0.5,0.75,0.85,0.95,0.0,0.0,0.0,0.06,0.03
8,PE_FED,-0.038427,0.05,0.2,0.45,0.6,0.7,0.85,0.95,0.5,0.0,0.0,0.12,0.04
8,PE_only,-0.038429,0.05,0.25,0.4,0.5,0.65,0.85,0.9,0.0,0.0,0.0,0.08,0.03
6,PE_PB,-0.038435,0.1,0.2,0.3,0.55,0.7,0.75,0.9,0.0,0.6,0.0,0.08,0.04
6,PE_only,-0.038436,0.05,0.25,0.3,0.55,0.7,0.85,0.9,0.0,0.0,0.0,0.12,0.03
6,PE_FED,-0.038437,0.05,0.2,0.35,0.5,0.65,0.75,0.9,-0.5,0.0,0.0,0.12,0.03
6,PE_only,-0.03844,0.15,0.2,0.45,0.5,0.65,0.75,0.85,0.0,0.0,0.0,0.08,0.03
8,PE_PB,-0.038441,0.1,0.2,0.4,0.65,0.65,0.85,0.95,0.0,0.5,0.0,0.08,0.05
6,PE_PB,-0.038444,0.1,0.2,0.45,0.55,0.65,0.8,0.9,0.0,0.65,0.0,0.12,0.03
6,PE_FED,-0.038445,0.1,0.15,0.4,0.5,0.7,0.75,0.9,0.0,0.0,0.0,0.06,0.05
8,PE_PB_FED,-0.038446,0.1,0.15,0.3,0.55,0.7,0.75,0.9,0.5,0.55,0.75,0.12,0.04
8,PE_only,-0.038447,0.1,0.3,0.35,0.5,0.65,0.8,0.9,0.0,0.0,0.0,0.08,0.03
6,PE_FED,-0.038451,0.2,0.3,0.45,0.65,0.75,0.8,0.85,-0.5,0.0,0.0,0.06,0.05
6,PE_only,-0.038453,0.1,0.15,0.4,0.5,0.65,0.8,0.85,0.0,0.0,0.0,0.08,0.05
6,PE_PB,-0.038454,0.2,0.25,0.35,0.65,0.75,0.8,0.95,0.0,0.55,0.0,0.12,0.04
6,PE_FED,-0.038455,0.2,0.25,0.35,0.6,0.7,0.8,0.85,0.0,0.0,0.0,0.06,0.03
8,PE_PB,-0.038457,0.05,0.2,0.3,0.55,0.65,0.85,0.95,0.0,0.55,0.0,0.1,0.04
8,PE_PB,-0.038459,0.05,0.25,0.4,0.5,0.65,0.8,0.95,0.0,0.65,0.0,0.08,0.04
8,PE_only,-0.038461,0.2,0.3,0.45,0.5,0.7,0.8,0.95,0.0,0.0,0.0,0.1,0.04
8,PE_PB,-0.038461,0.05,0.3,0.4,0.6,0.65,0.85,0.95,0.0,0.6,0.0,0.12,0.03
6,PE_PB,-0.038463,0.15,0.25,0.35,0.7,0.7,0.8,0.85,0.0,0.65,0.0,0.08,0.04
6,PE_PB_FED,-0.038463,0.2,0.25,0.45,0.65,0.65,0.75,0.95,0.0,0.6,0.7,0.06,0.03
6,PE_PB,-0.038465,0.1,0.15,0.45,0.55,0.7,0.75,0.9,0.0,0.6,0.0,0.08,0.05
8,PE_PB,-0.038466,0.05,0.2,0.3,0.55,0.7,0.75,0.9,0.0,0.5,0.0,0.06,0.04
6,PE_only,-0.038469,0.2,0.3,0.35,0.6,0.7,0.8,0.9,0.0,0.0,0.0,0.12,0.03
8,PE_PB,-0.038469,0.1,0.2,0.3,0.55,0.75,0.8,0.85,0.0,0.6,0.0,0.1,0.03
8,PE_PB,-0.038469,0.1,0.3,0.45,0.7,0.7,0.75,0.95,0.0,0.5,0.0,0.1,0.04
6,PE_only,-0.038471,0.1,0.3,0.45,0.6,0.75,0.85,0.95,0.0,0.0,0.0,0.12,0.05
6,PE_only,-0.038471,0.1,0.3,0.45,0.6,0.75,0.85,0.95,0.0,0.0,0.0,0.1,0.05
6,PE_only,-0.038474,0.15,0.25,0.4,0.5,0.75,0.85,0.95,0.0,0.0,0.0,0.08,0.03
8,PE_PB,-0.038476,0.1,0.15,0.3,0.5,0.75,0.8,0.85,0.0,0.65,0.0,0.08,0.04
6,PE_FED,-0.038477,0.2,0.25,0.35,0.6,0.75,0.8,0.85,0.0,0.0,0.0,0.1,0.03
6,PE_PB_FED,-0.038477,0.15,0.2,0.35,0.6,0.75,0.85,0.9,-0.5,0.65,0.8,0.1,0.03
6,PE_only,-0.038479,0.05,0.25,0.3,0.55,0.75,0.85,0.9,0.0,0.0,0.0,0.08,0.04
8,PE_PB,-0.03848,0.05,0.25,0.35,0.55,0.65,0.8,0.95,0.0,0.55,0.0,0.06,0.05
6,PE_only,-0.038482,0.1,0.3,0.35,0.55,0.75,0.8,0.9,0.0,0.0,0.0,0.12,0.03
8,PE_PB_FED,-0.038484,0.15,0.25,0.45,0.6,0.65,0.75,0.95,0.5,0.65,0.7,0.1,0.05
6,PE_FED,-0.038485,0.05,0.25,0.4,0.55,0.7,0.75,0.9,0.0,0.0,0.0,0.08,0.03
8,PE_only,-0.038485,0.05,0.25,0.4,0.5,0.7,0.85,0.9,0.0,0.0,0.0,0.08,0.04
8,PE_PB_FED,-0.038485,0.1,0.3,0.35,0.55,0.65,0.85,0.9,0.0,0.55,0.75,0.08,0.04
6,PE_PB,-0.038486,0.1,0.15,0.4,0.7,0.65,0.8,0.85,0.0,0.5,0.0,0.1,0.03
8,PE_PB,-0.038486,0.1,0.25,0.35,0.6,0.65,0.8,0.85,0.0,0.6,0.0,0.12,0.04
8,PE_FED,-0.03849,0.05,0.3,0.35,0.55,0.7,0.75,0.95,0.5,0.0,0.0,0.08,0.03
8,PE_FED,-0.038492,0.15,0.25,0.35,0.7,0.7,0.85,0.9,0.5,0.0,0.0,0.1,0.04
6,PE_PB,-0.038493,0.15,0.2,0.3,0.55,0.65,0.75,0.95,0.0,0.55,0.0,0.1,0.05
8,PE_PB,-0.038493,0.05,0.15,0.35,0.55,0.7,0.8,0.85,0.0,0.55,0.0,0.1,0.05
8,PE_FED,-0.038496,0.05,0.2,0.3,0.65,0.75,0.8,0.85,0.5,0.0,0.0,0.1,0.05
6,PE_PB,-0.038499,0.05,0.2,0.4,0.65,0.7,0.75,0.95,0.0,0.5,0.0,0.06,0.04
8,PE_PB,-0.038503,0.15,0.2,0.3,0.55,0.7,0.75,0.85,0.0,0.55,0.0,0.06,0.03
6,PE_PB_FED,-0.038504,0.1,0.25,0.35,0.65,0.65,0.8,0.85,-0.5,0.65,0.75,0.1,0.03
8,PE_FED,-0.038505,0.15,0.25,0.35,0.7,0.75,0.85,0.9,0.5,0.0,0.0,0.1,0.04
6,PE_only,-0.038506,0.1,0.15,0.45,0.5,0.7,0.8,0.85,0.0,0.0,0.0,0.08,0.03
6,PE_PB,-0.038506,0.1,0.2,0.45,0.7,0.75,0.8,0.85,0.0,0.65,0.0,0.08,0.05
8,PE_only,-0.038506,0.1,0.3,0.35,0.5,0.65,0.75,0.9,0.0,0.0,0.0,0.08,0.05
8,PE_PB,-0.038506,0.1,0.2,0.4,0.6,0.65,0.85,0.9,0.0,0.6,0.0,0.08,0.05
6,PE_PB,-0.038507,0.15,0.2,0.4,0.65,0.65,0.8,0.9,0.0,0.65,0.0,0.06,0.05
8,PE_PB,-0.038507,0.1,0.25,0.4,0.55,0.7,0.8,0.9,0.0,0.65,0.0,0.12,0.05
6,PE_PB_FED,-0.038508,0.1,0.2,0.4,0.65,0.75,0.85,0.9,0.0,0.6,0.8,0.1,0.04
8,PE_only,-0.038509,0.2,0.3,0.45,0.55,0.7,0.85,0.9,0.0,0.0,0.0,0.1,0.04
8,PE_PB,-0.03851,0.05,0.3,0.45,0.65,0.65,0.85,0.95,0.0,0.6,0.0,0.12,0.05
8,PE_only,-0.038512,0.2,0.25,0.45,0.5,0.65,0.8,0.9,0.0,0.0,0.0,0.08,0.04
8,PE_FED,-0.038512,0.05,0.25,0.4,0.6,0.7,0.8,0.9,0.5,0.0,0.0,0.12,0.03
6,PE_only,-0.038513,0.2,0.3,0.35,0.6,0.7,0.85,0.95,0.0,0.0,0.0,0.08,0.05
6,PE_only,-0.038515,0.05,0.2,0.4,0.5,0.75,0.8,0.9,0.0,0.0,0.0,0.08,0.05
8,PE_PB_FED,-0.038517,0.2,0.25,0.4,0.5,0.7,0.75,0.9,-0.5,0.6,0.8,0.08,0.03
8,PE_PB,-0.038518,0.1,0.2,0.45,0.6,0.65,0.85,0.95,0.0,0.55,0.0,0.06,0.05
8,PE_only,-0.038519,0.15,0.25,0.4,0.5,0.75,0.85,0.9,0.0,0.0,0.0,0.1,0.03
6,PE_PB_FED,-0.03852,0.1,0.25,0.35,0.7,0.7,0.75,0.9,0.0,0.6,0.8,0.06,0.03
8,PE_PB,-0.038522,0.05,0.25,0.3,0.55,0.75,0.8,0.95,0.0,0.5,0.0,0.12,0.03
8,PE_PB_FED,-0.038526,0.1,0.25,0.35,0.55,0.75,0.85,0.9,0.0,0.5,0.7,0.1,0.05
8,PE_PB,-0.038527,0.2,0.25,0.3,0.7,0.65,0.75,0.85,0.0,0.55,0.0,0.08,0.05
6,PE_PB,-0.038528,0.1,0.25,0.35,0.7,0.7,0.75,0.85,0.0,0.55,0.0,0.08,0.05
6,PE_PB,-0.038529,0.05,0.15,0.4,0.5,0.65,0.75,0.95,0.0,0.55,0.0,0.1,0.05
8,PE_PB_FED,-0.038529,0.15,0.25,0.4,0.5,0.7,0.8,0.85,-0.5,0.65,0.75,0.12,0.03
6,PE_PB_FED,-0.03853,0.15,0.3,0.45,0.65,0.7,0.8,0.95,-0.5,0.65,0.8,0.1,0.04
8,PE_PB,-0.03853,0.15,0.25,0.35,0.6,0.65,0.75,0.85,0.0,0.55,0.0,0.06,0.03
8,PE_FED,-0.038533,0.1,0.25,0.35,0.6,0.7,0.8,0.9,0.5,0.0,0.0,0.12,0.04
8,PE_PB_FED,-0.038536,0.05,0.2,0.3,0.55,0.7,0.85,0.9,-0.5,0.5,0.8,0.06,0.03
6,PE_PB,-0.038538,0.1,0.15,0.3,0.6,0.7,0.8,0.85,0.0,0.65,0.0,0.1,0.05
8,PE_only,-0.038538,0.05,0.3,0.35,0.5,0.75,0.85,0.95,0.0,0.0,0.0,0.08,0.04
8,PE_PB,-0.038539,0.15,0.25,0.4,0.55,0.75,0.8,0.85,0.0,0.65,0.0,0.1,0.03
6,PE_PB,-0.038542,0.1,0.25,0.45,0.7,0.7,0.8,0.85,0.0,0.6,0.0,0.06,0.03
8,PE_PB_FED,-0.038542,0.15,0.25,0.3,0.6,0.65,0.75,0.95,0.5,0.6,0.7,0.1,0.04
6,PE_only,-0.038551,0.05,0.2,0.45,0.5,0.65,0.75,0.85,0.0,0.0,0.0,0.1,0.04
6,PE_FED,-0.038551,0.05,0.2,0.45,0.55,0.7,0.8,0.9,-0.5,0.0,0.0,0.06,0.05
8,PE_PB,-0.038555,0.1,0.25,0.45,0.7,0.7,0.75,0.85,0.0,0.5,0.0,0.12,0.03
8,PE_PB,-0.038558,0.1,0.25,0.4,0.6,0.7,0.8,0.85,0.0,0.6,0.0,0.08,0.03
6,PE_only,-0.03856,0.15,0.2,0.35,0.5,0.65,0.75,0.85,0.0,0.0,0.0,0.1,0.05
6,PE_PB_FED,-0.03856,0.05,0.2,0.45,0.65,0.7,0.75,0.9,-0.5,0.6,0.7,0.12,0.05
6,PE_PB,-0.038562,0.15,0.3,0.45,0.7,0.75,0.8,0.95,0.0,0.65,0.0,0.08,0.04
6,PE_only,-0.038564,0.05,0.25,0.35,0.6,0.65,0.85,0.9,0.0,0.0,0.0,0.12,0.05
6,PE_PB_FED,-0.038566,0.05,0.2,0.45,0.6,0.65,0.75,0.95,-0.5,0.55,0.7,0.12,0.03
6,PE_only,-0.038567,0.05,0.3,0.4,0.55,0.65,0.8,0.9,0.0,0.0,0.0,0.08,0.03
8,PE_PB_FED,-0.038567,0.2,0.25,0.3,0.6,0.75,0.85,0.9,0.0,0.5,0.8,0.08,0.05
6,PE_PB,-0.038568,0.05,0.2,0.3,0.5,0.65,0.8,0.95,0.0,0.65,0.0,0.06,0.05
8,PE_PB_FED,-0.038569,0.1,0.25,0.4,0.55,0.65,0.75,0.95,0.5,0.65,0.75,0.08,0.04
6,PE_only,-0.038582,0.1,0.2,0.3,0.5,0.7,0.75,0.85,0.0,0.0,0.0,0.06,0.05
6,PE_PB,-0.038585,0.05,0.25,0.4,0.55,0.7,0.75,0.95,0.0,0.6,0.0,0.08,0.05
8,PE_only,-0.038586,0.1,0.25,0.45,0.5,0.65,0.8,0.85,0.0,0.0,0.0,0.1,0.03
8,PE_PB,-0.038587,0.15,0.2,0.35,0.65,0.75,0.8,0.85,0.0,0.5,0.0,0.06,0.03
6,PE_PB_FED,-0.038588,0.1,0.2,0.35,0.65,0.75,0.85,0.95,0.0,0.55,0.75,0.06,0.05
8,PE_PB,-0.038588,0.1,0.3,0.35,0.6,0.75,0.85,0.95,0.0,0.6,0.0,0.12,0.03
6,PE_PB,-0.038595,0.15,0.25,0.45,0.7,0.65,0.85,0.95,0.0,0.6,0.0,0.06,0.03
8,PE_PB_FED,-0.038598,0.15,0.3,0.35,0.6,0.75,0.85,0.9,0.0,0.5,0.7,0.1,0.04
6,PE_PB,-0.038599,0.15,0.3,0.45,0.7,0.75,0.8,0.95,0.0,0.65,0.0,0.12,0.05
6,PE_PB_FED,-0.038599,0.05,0.2,0.3,0.65,0.7,0.85,0.95,0.0,0.55,0.8,0.06,0.04
6,PE_PB_FED,-0.038601,0.15,0.2,0.35,0.6,0.65,0.85,0.9,-0.5,0.65,0.7,0.08,0.04
8,PE_FED,-0.038602,0.15,0.3,0.45,0.65,0.7,0.75,0.9,0.5,0.0,0.0,0.1,0.03
8,PE_PB_FED,-0.038602,0.05,0.15,0.3,0.6,0.75,0.8,0.9,0.5,0.55,0.7,0.08,0.03
8,PE_FED,-0.038604,0.15,0.2,0.45,0.55,0.75,0.85,0.95,0.5,0.0,0.0,0.08,0.04
6,PE_PB,-0.038606,0.1,0.25,0.3,0.65,0.7,0.8,0.9,0.0,0.65,0.0,0.08,0.03
6,PE_PB,-0.038606,0.15,0.2,0.45,0.65,0.7,0.75,0.85,0.0,0.65,0.0,0.12,0.03
6,PE_PB,-0.038614,0.15,0.3,0.35,0.7,0.75,0.85,0.95,0.0,0.55,0.0,0.12,0.04
6,PE_only,-0.038615,0.15,0.25,0.45,0.6,0.7,0.8,0.85,0.0,0.0,0.0,0.06,0.05
8,PE_FED,-0.038615,0.05,0.3,0.4,0.7,0.75,0.85,0.95,0.5,0.0,0.0,0.1,0.03
6,PE_only,-0.03862,0.15,0.2,0.3,0.5,0.7,0.8,0.85,0.0,0.0,0.0,0.1,0.03
8,PE_PB_FED,-0.03862,0.2,0.25,0.45,0.55,0.75,0.8,0.9,-0.5,0.55,0.7,0.12,0.03
6,PE_PB,-0.038621,0.05,0.15,0.45,0.6,0.7,0.8,0.85,0.0,0.55,0.0,0.12,0.04
8,PE_PB_FED,-0.038621,0.1,0.25,0.45,0.6,0.65,0.85,0.9,-0.5,0.55,0.7,0.08,0.04
6,PE_only,-0.038623,0.15,0.3,0.35,0.55,0.75,0.8,0.9,0.0,0.0,0.0,0.08,0.04
8,PE_FED,-0.038623,0.2,0.3,0.35,0.5,0.7,0.8,0.85,-0.5,0.0,0.0,0.12,0.05
6,PE_only,-0.038625,0.1,0.3,0.35,0.5,0.7,0.8,0.95,0.0,0.0,0.0,0.1,0.03
6,PE_PB,-0.038625,0.05,0.2,0.4,0.6,0.65,0.85,0.95,0.0,0.55,0.0,0.12,0.05
6,PE_FED,-0.038625,0.1,0.3,0.4,0.65,0.65,0.85,0.9,0.0,0.0,0.0,0.08,0.04
8,PE_PB_FED,-0.038625,0.15,0.25,0.3,0.6,0.7,0.75,0.9,0.5,0.65,0.7,0.08,0.04
6,PE_only,-0.038627,0.05,0.2,0.45,0.5,0.7,0.75,0.85,0.0,0.0,0.0,0.12,0.03
6,PE_FED,-0.038628,0.05,0.15,0.4,0.5,0.7,0.85,0.95,-0.5,0.0,0.0,0.08,0.04
6,PE_PB_FED,-0.038628,0.1,0.15,0.45,0.6,0.7,0.75,0.85,-0.5,0.65,0.8,0.08,0.05
8,PE_PB_FED,-0.038628,0.15,0.2,0.3,0.55,0.7,0.8,0.95,0.5,0.6,0.7,0.12,0.05
8,PE_only,-0.03863,0.05,0.3,0.35,0.5,0.75,0.8,0.9,0.0,0.0,0.0,0.06,0.04
6,PE_PB,-0.038631,0.2,0.25,0.3,0.6,0.7,0.8,0.95,0.0,0.55,0.0,0.12,0.03
6,PE_only,-0.038636,0.1,0.3,0.35,0.55,0.7,0.85,0.95,0.0,0.0,0.0,0.06,0.05
6,PE_only,-0.038636,0.1,0.3,0.35,0.55,0.75,0.85,0.95,0.0,0.0,0.0,0.08,0.05
6,PE_PB,-0.038639,0.15,0.2,0.35,0.6,0.75,0.8,0.9,0.0,0.55,0.0,0.06,0.04
6,PE_PB,-0.038641,0.1,0.2,0.35,0.6,0.65,0.75,0.85,0.0,0.55,0.0,0.06,0.03
6,PE_only,-0.038642,0.15,0.2,0.45,0.5,0.7,0.75,0.85,0.0,0.0,0.0,0.08,0.03
8,PE_PB,-0.038647,0.1,0.2,0.35,0.5,0.7,0.75,0.9,0.0,0.6,0.0,0.06,0.03
8,PE_only,-0.038648,0.1,0.25,0.3,0.5,0.75,0.8,0.85,0.0,0.0,0.0,0.06,0.05
8,PE_only,-0.038648,0.05,0.3,0.4,0.5,0.7,0.85,0.95,0.0,0.0,0.0,0.06,0.04
6,PB_FED,-0.038649,0.1,0.15,0.3,0.65,0.65,0.8,0.9,0.5,0.0,0.0,0.08,0.04
6,PE_PB,-0.038651,0.15,0.2,0.4,0.65,0.75,0.85,0.9,0.0,0.55,0.0,0.08,0.03
8,PE_PB,-0.038656,0.05,0.3,0.45,0.65,0.75,0.8,0.95,0.0,0.55,0.0,0.06,0.05
6,PE_PB,-0.038659,0.1,0.3,0.4,0.7,0.65,0.8,0.95,0.0,0.65,0.0,0.06,0.05
6,PE_FED,-0.038659,0.05,0.25,0.4,0.6,0.7,0.8,0.9,0.0,0.0,0.0,0.06,0.05
6,PE_PB,-0.03866,0.1,0.15,0.4,0.6,0.65,0.85,0.9,0.0,0.65,0.0,0.12,0.04
8,PE_only,-0.038662,0.15,0.25,0.4,0.5,0.7,0.8,0.85,0.0,0.0,0.0,0.1,0.05
6,PE_only,-0.038664,0.1,0.15,0.3,0.5,0.75,0.85,0.9,0.0,0.0,0.0,0.12,0.05
6,PE_PB,-0.038664,0.15,0.2,0.3,0.5,0.7,0.8,0.95,0.0,0.6,0.0,0.12,0.03
6,PE_PB,-0.038664,0.15,0.2,0.3,0.5,0.75,0.8,0.95,0.0,0.6,0.0,0.12,0.03
6,PE_only,-0.038668,0.1,0.25,0.45,0.6,0.7,0.85,0.9,0.0,0.0,0.0,0.06,0.03
6,PE_PB,-0.038668,0.15,0.25,0.4,0.7,0.65,0.85,0.9,0.0,0.55,0.0,0.06,0.03
8,PE_PB,-0.038669,0.1,0.25,0.45,0.65,0.7,0.75,0.85,0.0,0.55,0.0,0.1,0.03
8,PE_only,-0.03867,0.2,0.3,0.4,0.55,0.65,0.85,0.9,0.0,0.0,0.0,0.1,0.05
8,PE_only,-0.038674,0.2,0.25,0.4,0.5,0.75,0.8,0.9,0.0,0.0,0.0,0.08,0.05
6,PE_only,-0.038675,0.2,0.25,0.45,0.6,0.65,0.8,0.9,0.0,0.0,0.0,0.12,0.05
6,PE_FED,-0.038676,0.05,0.3,0.4,0.55,0.7,0.75,0.95,0.0,0.0,0.0,0.12,0.03
6,PE_FED,-0.038676,0.05,0.3,0.4,0.55,0.65,0.75,0.95,0.0,0.0,0.0,0.06,0.03
6,PE_PB,-0.038677,0.15,0.3,0.35,0.7,0.7,0.8,0.95,0.0,0.6,0.0,0.06,0.04
6,PE_PB,-0.038678,0.1,0.3,0.45,0.7,0.75,0.8,0.95,0.0,0.6,0.0,0.12,0.03
6,PE_FED,-0.038679,0.15,0.25,0.4,0.55,0.75,0.8,0.9,0.0,0.0,0.0,0.06,0.03
8,PE_PB,-0.038679,0.1,0.15,0.45,0.6,0.7,0.85,0.95,0.0,0.5,0.0,0.08,0.04
6,PE_PB,-0.038683,0.15,0.25,0.4,0.7,0.65,0.85,0.9,0.0,0.6,0.0,0.08,0.03
8,PE_FED,-0.038683,0.1,0.2,0.45,0.65,0.65,0.85,0.9,0.5,0.0,0.0,0.12,0.03
6,PE_PB,-0.038687,0.1,0.15,0.35,0.7,0.65,0.8,0.9,0.0,0.5,0.0,0.12,0.04
6,PE_PB,-0.038689,0.2,0.25,0.45,0.7,0.75,0.85,0.95,0.0,0.55,0.0,0.12,0.05
8,PE_PB,-0.03869,0.15,0.25,0.3,0.6,0.65,0.75,0.85,0.0,0.55,0.0,0.08,0.04
8,PE_PB,-0.038691,0.1,0.25,0.45,0.65,0.75,0.85,0.95,0.0,0.55,0.0,0.12,0.04
6,PE_only,-0.038692,0.15,0.3,0.45,0.6,0.65,0.75,0.85,0.0,0.0,0.0,0.06,0.03
6,PE_PB,-0.038693,0.05,0.25,0.35,0.7,0.65,0.75,0.85,0.0,0.65,0.0,0.08,0.05
6,PE_PB,-0.038695,0.15,0.2,0.35,0.55,0.65,0.8,0.85,0.0,0.65,0.0,0.1,0.03
6,PE_only,-0.038697,0.15,0.25,0.4,0.55,0.75,0.85,0.9,0.0,0.0,0.0,0.12,0.04
6,PE_PB,-0.038699,0.15,0.2,0.4,0.6,0.75,0.8,0.9,0.0,0.55,0.0,0.06,0.04
6,PE_PB_FED,-0.038699,0.05,0.15,0.3,0.55,0.65,0.75,0.9,0.0,0.65,0.8,0.08,0.05
8,PE_PB,-0.038702,0.15,0.2,0.4,0.55,0.75,0.8,0.85,0.0,0.6,0.0,0.1,0.04
8,PE_PB,-0.038704,0.05,0.2,0.4,0.6,0.75,0.85,0.9,0.0,0.55,0.0,0.12,0.03
6,PE_PB_FED,-0.038706,0.05,0.2,0.45,0.6,0.75,0.8,0.9,0.0,0.65,0.75,0.12,0.05
8,PE_PB,-0.03871,0.15,0.25,0.3,0.6,0.65,0.85,0.9,0.0,0.6,0.0,0.12,0.03
6,PE_PB_FED,-0.038711,0.1,0.15,0.35,0.6,0.75,0.85,0.9,-0.5,0.65,0.7,0.06,0.05
6,PE_only,-0.038712,0.1,0.3,0.4,0.6,0.7,0.75,0.85,0.0,0.0,0.0,0.08,0.03
6,PE_only,-0.038713,0.2,0.3,0.35,0.55,0.7,0.85,0.95,0.0,0.0,0.0,0.1,0.03
6,PE_PB,-0.038715,0.15,0.25,0.45,0.65,0.65,0.8,0.9,0.0,0.55,0.0,0.08,0.03
6,PE_PB,-0.038716,0.05,0.2,0.3,0.6,0.65,0.8,0.9,0.0,0.65,0.0,0.06,0.05
6,PE_only,-0.038718,0.1,0.25,0.3,0.55,0.7,0.8,0.85,0.0,0.0,0.0,0.06,0.05
6,PE_FED,-0.038718,0.2,0.3,0.4,0.6,0.75,0.85,0.95,0.0,0.0,0.0,0.1,0.05
6,PE_FED,-0.03872,0.1,0.25,0.35,0.6,0.65,0.85,0.9,0.0,0.0,0.0,0.06,0.03
8,PE_only,-0.03872,0.2,0.3,0.4,0.55,0.7,0.85,0.9,0.0,0.0,0.0,0.06,0.05
8,PE_PB,-0.03872,0.1,0.25,0.45,0.6,0.75,0.8,0.95,0.0,0.5,0.0,0.12,0.03
6,PE_only,-0.038724,0.05,0.3,0.4,0.55,0.7,0.85,0.95,0.0,0.0,0.0,0.1,0.05
8,PE_PB,-0.038725,0.05,0.25,0.3,0.5,0.7,0.75,0.95,0.0,0.6,0.0,0.12,0.04
8,PE_PB_FED,-0.038726,0.15,0.2,0.3,0.65,0.75,0.8,0.95,0.5,0.55,0.7,0.08,0.04
6,PE_PB,-0.038734,0.15,0.25,0.35,0.7,0.75,0.8,0.85,0.0,0.6,0.0,0.1,0.05
8,PB_FED,-0.038734,0.05,0.3,0.45,0.5,0.7,0.85,0.95,0.5,0.0,0.0,0.1,0.03
6,PE_PB_FED,-0.038735,0.1,0.2,0.35,0.6,0.7,0.85,0.95,-0.5,0.6,0.7,0.12,0.05
6,PE_PB,-0.038736,0.1,0.2,0.3,0.65,0.75,0.85,0.9,0.0,0.55,0.0,0.1,0.04
6,PE_only,-0.03874,0.05,0.15,0.45,0.5,0.7,0.85,0.9,0.0,0.0,0.0,0.1,0.04
8,PE_PB,-0.03874,0.15,0.2,0.4,0.6,0.65,0.75,0.9,0.0,0.5,0.0,0.12,0.05
8,PE_FED,-0.03874,0.1,0.25,0.3,0.6,0.7,0.85,0.95,0.5,0.0,0.0,0.08,0.05
8,PE_PB,-0.038744,0.1,0.15,0.45,0.6,0.7,0.85,0.95,0.0,0.5,0.0,0.1,0.05
6,PE_only,-0.038746,0.2,0.25,0.35,0.6,0.7,0.85,0.9,0.0,0.0,0.0,0.06,0.03
6,PE_PB,-0.038746,0.1,0.2,0.4,0.6,0.7,0.75,0.9,0.0,0.55,0.0,0.12,0.05
6,PE_PB,-0.03875,0.15,0.3,0.4,0.7,0.7,0.8,0.95,0.0,0.6,0.0,0.12,0.05
6,PE_PB,-0.03875,0.1,0.3,0.45,0.65,0.7,0.8,0.95,0.0,0.55,0.0,0.06,0.03
6,PE_only,-0.038752,0.15,0.3,0.45,0.6,0.65,0.75,0.85,0.0,0.0,0.0,0.08,0.04
6,PE_PB,-0.038752,0.1,0.2,0.4,0.65,0.65,0.8,0.85,0.0,0.65,0.0,0.12,0.04
6,PE_PB,-0.038752,0.05,0.25,0.4,0.65,0.7,0.8,0.9,0.0,0.55,0.0,0.08,0.04
6,PE_PB_FED,-0.038752,0.1,0.15,0.3,0.5,0.7,0.75,0.95,0.0,0.65,0.7,0.08,0.05
8,PE_PB_FED,-0.038756,0.05,0.15,0.3,0.7,0.65,0.75,0.85,0.5,0.5,0.7,0.08,0.03
6,PE_PB_FED,-0.03876,0.05,0.15,0.45,0.65,0.65,0.75,0.85,-0.5,0.6,0.75,0.1,0.05
8,PE_PB_FED,-0.03876,0.05,0.2,0.3,0.5,0.75,0.8,0.85,-0.5,0.6,0.8,0.12,0.05
6,PE_PB,-0.038761,0.15,0.25,0.4,0.65,0.65,0.75,0.85,0.0,0.6,0.0,0.1,0.03
8,PE_FED,-0.038765,0.15,0.2,0.4,0.6,0.7,0.85,0.9,0.5,0.0,0.0,0.12,0.03
8,PE_PB_FED,-0.038765,0.1,0.3,0.45,0.7,0.75,0.85,0.9,-0.5,0.5,0.7,0.1,0.04
8,PE_PB_FED,-0.038766,0.05,0.15,0.4,0.5,0.7,0.8,0.85,-0.5,0.5,0.75,0.12,0.04
6,PE_only,-0.038769,0.15,0.25,0.3,0.5,0.7,0.85,0.95,0.0,0.0,0.0,0.1,0.04
8,PE_PB,-0.038772,0.05,0.2,0.45,0.65,0.7,0.8,0.9,0.0,0.5,0.0,0.06,0.05
6,PE_PB,-0.038774,0.1,0.3,0.4,0.65,0.65,0.75,0.95,0.0,0.65,0.0,0.1,0.03
6,PE_only,-0.038775,0.05,0.25,0.3,0.5,0.7,0.85,0.95,0.0,0.0,0.0,0.12,0.04
6,PE_PB,-0.038775,0.1,0.25,0.3,0.65,0.7,0.8,0.9,0.0,0.55,0.0,0.06,0.04
8,PE_FED,-0.038775,0.15,0.25,0.35,0.7,0.75,0.8,0.85,0.5,0.0,0.0,0.06,0.05
8,PE_PB,-0.038777,0.2,0.25,0.4,0.55,0.65,0.75,0.9,0.0,0.6,0.0,0.08,0.03
8,PE_PB,-0.038785,0.05,0.25,0.4,0.55,0.7,0.8,0.9,0.0,0.6,0.0,0.12,0.04
8,PE_PB_FED,-0.038785,0.05,0.15,0.35,0.5,0.7,0.85,0.95,0.5,0.65,0.8,0.06,0.03
6,PE_PB,-0.038786,0.05,0.2,0.45,0.6,0.7,0.85,0.95,0.0,0.65,0.0,0.1,0.05
6,PE_FED,-0.038786,0.15,0.25,0.35,0.55,0.65,0.85,0.95,0.0,0.0,0.0,0.08,0.05
6,PE_PB,-0.038787,0.15,0.3,0.4,0.7,0.65,0.75,0.95,0.0,0.6,0.0,0.1,0.04
6,PE_only,-0.038788,0.2,0.3,0.4,0.55,0.75,0.85,0.95,0.0,0.0,0.0,0.1,0.03
6,PE_PB,-0.038789,0.15,0.25,0.3,0.55,0.7,0.8,0.95,0.0,0.6,0.0,0.12,0.04
6,PE_PB_FED,-0.038789,0.2,0.25,0.45,0.6,0.7,0.8,0.95,-0.5,0.65,0.7,0.08,0.05
8,PE_PB,-0.038789,0.05,0.2,0.45,0.55,0.7,0.8,0.95,0.0,0.5,0.0,0.1,0.05
6,PE_only,-0.03879,0.05,0.2,0.4,0.5,0.65,0.8,0.85,0.0,0.0,0.0,0.08,0.04
6,PE_PB,-0.03879,0.2,0.3,0.4,0.7,0.7,0.75,0.95,0.0,0.65,0.0,0.12,0.05
8,PE_only,-0.038791,0.1,0.25,0.4,0.5,0.65,0.85,0.9,0.0,0.0,0.0,0.06,0.04
6,PE_PB,-0.038792,0.2,0.25,0.4,0.65,0.7,0.75,0.95,0.0,0.65,0.0,0.08,0.04
6,PE_only,-0.038796,0.2,0.3,0.35,0.6,0.7,0.8,0.9,0.0,0.0,0.0,0.12,0.04
6,PE_only,-0.0388,0.05,0.25,0.35,0.5,0.65,0.75,0.9,0.0,0.0,0.0,0.06,0.05
8,PE_PB_FED,-0.0388,0.2,0.3,0.45,0.55,0.75,0.8,0.9,-0.5,0.65,0.7,0.06,0.05
6,PE_PB_FED,-0.038804,0.2,0.25,0.35,0.6,0.65,0.8,0.95,0.0,0.65,0.7,0.08,0.04
6,PE_PB,-0.038805,0.15,0.2,0.35,0.5,0.65,0.8,0.95,0.0,0.65,0.0,0.06,0.05
8,PE_FED,-0.038808,0.15,0.3,0.4,0.55,0.65,0.75,0.95,0.5,0.0,0.0,0.1,0.05
6,PB_FED,-0.03881,0.05,0.2,0.3,0.7,0.7,0.75,0.95,0.5,0.0,0.0,0.06,0.03
6,PE_PB,-0.038811,0.1,0.2,0.4,0.6,0.75,0.8,0.9,0.0,0.55,0.0,0.1,0.04
8,PE_FED,-0.038812,0.2,0.25,0.45,0.65,0.7,0.85,0.95,0.5,0.0,0.0,0.1,0.03
6,PE_PB,-0.038815,0.1,0.15,0.4,0.6,0.65,0.75,0.85,0.0,0.6,0.0,0.1,0.04
6,PE_PB_FED,-0.038815,0.05,0.15,0.3,0.65,0.65,0.75,0.9,0.0,0.55,0.7,0.1,0.05
6,PE_PB_FED,-0.038822,0.1,0.15,0.4,0.6,0.65,0.75,0.9,-0.5,0.55,0.75,0.12,0.03
8,PE_FED,-0.038824,0.2,0.3,0.45,0.5,0.75,0.8,0.85,-0.5,0.0,0.0,0.08,0.04
6,PE_PB_FED,-0.038829,0.1,0.15,0.3,0.7,0.65,0.75,0.9,0.0,0.5,0.75,0.06,0.04
6,PE_PB,-0.03883,0.1,0.25,0.35,0.6,0.65,0.8,0.95,0.0,0.6,0.0,0.12,0.03
6,PE_only,-0.038831,0.05,0.25,0.3,0.5,0.65,0.75,0.85,0.0,0.0,0.0,0.06,0.03
8,PE_PB,-0.038831,0.1,0.15,0.4,0.5,0.7,0.85,0.95,0.0,0.6,0.0,0.1,0.05
8,PE_PB_FED,-0.038833,0.1,0.3,0.35,0.5,0.7,0.8,0.9,0.0,0.55,0.7,0.12,0.04
8,PE_PB_FED,-0.038834,0.1,0.2,0.35,0.65,0.75,0.8,0.95,0.5,0.5,0.8,0.12,0.03
6,PE_only,-0.038835,0.2,0.3,0.4,0.5,0.7,0.75,0.95,0.0,0.0,0.0,0.06,0.03
6,PE_PB,-0.038836,0.1,0.2,0.45,0.65,0.75,0.8,0.85,0.0,0.55,0.0,0.12,0.03
6,PE_PB,-0.038836,0.05,0.25,0.3,0.65,0.65,0.8,0.9,0.0,0.65,0.0,0.06,0.04
6,PE_PB_FED,-0.03884,0.1,0.2,0.35,0.6,0.7,0.8,0.95,-0.5,0.55,0.75,0.12,0.05
8,PE_PB,-0.038841,0.05,0.3,0.4,0.55,0.7,0.8,0.9,0.0,0.65,0.0,0.12,0.03
8,PE_PB,-0.038843,0.1,0.25,0.45,0.55,0.7,0.75,0.95,0.0,0.55,0.0,0.1,0.05
6,PE_PB,-0.038844,0.05,0.15,0.3,0.6,0.7,0.8,0.85,0.0,0.6,0.0,0.1,0.03
6,PE_only,-0.038851,0.1,0.3,0.4,0.6,0.7,0.8,0.9,0.0,0.0,0.0,0.06,0.05
8,PE_only,-0.038851,0.1,0.25,0.45,0.5,0.75,0.8,0.85,0.0,0.0,0.0,0.1,0.03
8,PE_PB,-0.038851,0.1,0.2,0.45,0.6,0.65,0.8,0.85,0.0,0.55,0.0,0.1,0.03
6,PE_PB_FED,-0.038852,0.05,0.15,0.3,0.55,0.65,0.75,0.95,-0.5,0.55,0.8,0.12,0.05
6,PE_only,-0.038857,0.1,0.25,0.35,0.5,0.7,0.8,0.9,0.0,0.0,0.0,0.1,0.03
6,PE_PB,-0.038857,0.15,0.3,0.35,0.7,0.7,0.75,0.9,0.0,0.55,0.0,0.1,0.05
6,PE_PB,-0.038857,0.15,0.3,0.35,0.7,0.7,0.75,0.9,0.0,0.55,0.0,0.08,0.05
8,PE_PB_FED,-0.038858,0.1,0.2,0.4,0.5,0.75,0.85,0.95,-0.5,0.5,0.8,0.06,0.03
6,PE_only,-0.038859,0.15,0.2,0.4,0.5,0.65,0.8,0.85,0.0,0.0,0.0,0.1,0.04
6,PE_PB_FED,-0.038859,0.15,0.25,0.35,0.6,0.65,0.75,0.95,-0.5,0.6,0.75,0.1,0.04
6,PE_PB,-0.03886,0.05,0.15,0.3,0.7,0.75,0.85,0.9,0.0,0.5,0.0,0.08,0.04
6,PE_only,-0.038863,0.2,0.3,0.4,0.6,0.65,0.8,0.9,0.0,0.0,0.0,0.06,0.04
6,PE_PB,-0.038864,0.1,0.15,0.4,0.65,0.7,0.85,0.95,0.0,0.5,0.0,0.06,0.03
8,PE_PB,-0.038871,0.2,0.25,0.45,0.65,0.7,0.75,0.95,0.0,0.5,0.0,0.1,0.04
6,PE_PB,-0.038876,0.1,0.3,0.4,0.7,0.75,0.85,0.95,0.0,0.55,0.0,0.1,0.05
6,PE_PB,-0.038877,0.1,0.25,0.3,0.5,0.7,0.75,0.95,0.0,0.65,0.0,0.06,0.03
6,PB_FED,-0.03888,0.1,0.15,0.45,0.7,0.7,0.75,0.85,0.5,0.0,0.0,0.06,0.04
6,PE_PB,-0.038883,0.1,0.2,0.4,0.65,0.65,0.85,0.9,0.0,0.55,0.0,0.08,0.03
6,PE_PB,-0.038884,0.05,0.15,0.3,0.6,0.7,0.75,0.85,0.0,0.6,0.0,0.08,0.05
6,PE_PB,-0.038887,0.05,0.15,0.3,0.55,0.7,0.8,0.85,0.0,0.6,0.0,0.08,0.05
8,PE_FED,-0.03889,0.05,0.25,0.35,0.5,0.7,0.8,0.95,0.5,0.0,0.0,0.06,0.03
6,PB_FED,-0.038892,0.05,0.15,0.4,0.7,0.7,0.75,0.9,0.5,0.0,0.0,0.06,0.03
6,PE_only,-0.038894,0.15,0.3,0.35,0.55,0.7,0.75,0.85,0.0,0.0,0.0,0.06,0.03
6,PE_PB,-0.038896,0.15,0.2,0.35,0.55,0.7,0.8,0.85,0.0,0.65,0.0,0.1,0.03
6,PE_PB,-0.038896,0.15,0.2,0.3,0.5,0.65,0.75,0.9,0.0,0.65,0.0,0.06,0.03
6,PE_PB_FED,-0.038897,0.15,0.2,0.3,0.55,0.7,0.8,0.9,0.0,0.65,0.8,0.08,0.05
6,PB_FED,-0.038897,0.05,0.15,0.35,0.65,0.7,0.75,0.95,0.5,0.0,0.0,0.12,0.04
8,PE_PB_FED,-0.038899,0.1,0.25,0.4,0.7,0.65,0.85,0.95,0.5,0.65,0.7,0.12,0.05
8,PE_PB,-0.038903,0.2,0.25,0.3,0.5,0.7,0.75,0.95,0.0,0.65,0.0,0.06,0.05
8,PE_PB,-0.038905,0.05,0.25,0.45,0.65,0.75,0.8,0.9,0.0,0.5,0.0,0.12,0.03
6,PE_FED,-0.038906,0.1,0.15,0.3,0.5,0.65,0.8,0.9,0.0,0.0,0.0,0.06,0.05
8,PE_PB_FED,-0.038906,0.05,0.25,0.4,0.6,0.65,0.75,0.9,0.5,0.65,0.7,0.06,0.03
8,PE_PB,-0.038909,0.1,0.3,0.45,0.65,0.65,0.8,0.95,0.0,0.55,0.0,0.08,0.05
6,PE_PB,-0.03891,0.05,0.15,0.3,0.65,0.7,0.8,0.9,0.0,0.5,0.0,0.1,0.04
6,PE_PB_FED,-0.03891,0.05,0.2,0.35,0.55,0.7,0.75,0.9,-0.5,0.65,0.8,0.1,0.04
8,PE_PB,-0.03891,0.05,0.2,0.3,0.6,0.65,0.8,0.85,0.0,0.5,0.0,0.1,0.03
8,PE_FED,-0.03891,0.15,0.3,0.4,0.7,0.7,0.75,0.85,0.5,0.0,0.0,0.1,0.03
6,PE_only,-0.038912,0.05,0.3,0.4,0.55,0.75,0.8,0.9,0.0,0.0,0.0,0.06,0.04
6,PE_PB,-0.038914,0.05,0.25,0.3,0.65,0.65,0.8,0.85,0.0,0.55,0.0,0.06,0.03
8,PE_PB_FED,-0.038914,0.1,0.15,0.3,0.7,0.65,0.85,0.9,0.5,0.55,0.75,0.1,0.03
6,PE_PB,-0.038917,0.1,0.15,0.45,0.7,0.75,0.8,0.9,0.0,0.5,0.0,0.06,0.04
6,PE_PB_FED,-0.038917,0.1,0.2,0.45,0.6,0.75,0.85,0.9,0.0,0.65,0.75,0.1,0.03
8,PE_PB_FED,-0.038918,0.05,0.15,0.4,0.6,0.65,0.8,0.85,0.5,0.65,0.75,0.1,0.04
6,PE_PB_FED,-0.038924,0.15,0.25,0.3,0.6,0.65,0.8,0.95,0.0,0.6,0.7,0.12,0.03
8,PE_only,-0.038924,0.05,0.3,0.45,0.5,0.7,0.8,0.9,0.0,0.0,0.0,0.12,0.03
8,PE_only,-0.038924,0.05,0.3,0.45,0.5,0.75,0.8,0.9,0.0,0.0,0.0,0.08,0.03
8,PE_PB,-0.038927,0.1,0.25,0.35,0.5,0.65,0.75,0.9,0.0,0.65,0.0,0.12,0.03
8,PE_only,-0.038931,0.1,0.3,0.4,0.5,0.65,0.8,0.9,0.0,0.0,0.0,0.1,0.04
6,PE_only,-0.038934,0.1,0.2,0.3,0.5,0.7,0.8,0.85,0.0,0.0,0.0,0.1,0.04
6,PE_PB,-0.038934,0.1,0.25,0.4,0.6,0.65,0.85,0.95,0.0,0.65,0.0,0.1,0.03
6,PE_PB,-0.038934,0.15,0.2,0.45,0.6,0.65,0.8,0.9,0.0,0.65,0.0,0.06,0.04
6,PE_PB,-0.038935,0.15,0.25,0.35,0.65,0.7,0.85,0.9,0.0,0.65,0.0,0.06,0.05
6,PE_PB,-0.038935,0.1,0.2,0.45,0.6,0.75,0.85,0.95,0.0,0.65,0.0,0.06,0.04
6,PE_FED,-0.038937,0.05,0.2,0.35,0.5,0.65,0.75,0.85,0.0,0.0,0.0,0.1,0.04
8,PE_PB,-0.038937,0.1,0.2,0.3,0.55,0.7,0.85,0.95,0.0,0.55,0.0,0.06,0.04
8,PE_PB,-0.038937,0.1,0.2,0.3,0.55,0.75,0.85,0.95,0.0,0.55,0.0,0.12,0.04
8,PE_PB,-0.038937,0.1,0.25,0.4,0.65,0.65,0.8,0.9,0.0,0.5,0.0,0.08,0.03
6,PE_PB_FED,-0.038939,0.1,0.25,0.4,0.6,0.7,0.8,0.95,0.0,0.65,0.8,0.08,0.05
6,PE_PB,-0.03894,0.1,0.15,0.45,0.55,0.7,0.75,0.85,0.0,0.6,0.0,0.1,0.04
8,PE_PB,-0.038942,0.1,0.2,0.4,0.55,0.7,0.8,0.85,0.0,0.6,0.0,0.1,0.04
8,PE_PB,-0.038942,0.1,0.25,0.3,0.6,0.75,0.85,0.9,0.0,0.6,0.0,0.08,0.03
6,PE_only,-0.038947,0.2,0.25,0.4,0.55,0.65,0.75,0.85,0.0,0.0,0.0,0.1,0.05
6,PE_FED,-0.038947,0.1,0.3,0.45,0.65,0.7,0.8,0.85,0.0,0.0,0.0,0.08,0.03
6,PE_PB,-0.038948,0.15,0.2,0.3,0.55,0.7,0.85,0.95,0.0,0.6,0.0,0.1,0.04
6,PE_only,-0.038952,0.2,0.3,0.45,0.6,0.7,0.8,0.9,0.0,0.0,0.0,0.12,0.03
6,PE_PB_FED,-0.038952,0.05,0.25,0.3,0.65,0.65,0.75,0.9,-0.5,0.6,0.75,0.08,0.04
6,PE_PB,-0.038956,0.2,0.3,0.4,0.7,0.7,0.85,0.9,0.0,0.65,0.0,0.08,0.03
8,PE_PB,-0.038956,0.15,0.3,0.35,0.7,0.7,0.85,0.9,0.0,0.55,0.0,0.06,0.04
6,PE_only,-0.038959,0.05,0.3,0.35,0.6,0.7,0.75,0.85,0.0,0.0,0.0,0.1,0.05
6,PE_only,-0.03896,0.1,0.2,0.35,0.5,0.75,0.8,0.85,0.0,0.0,0.0,0.06,0.03
8,PE_FED,-0.038965,0.1,0.25,0.45,0.7,0.65,0.75,0.85,0.5,0.0,0.0,0.06,0.05
6,PE_PB_FED,-0.038967,0.1,0.2,0.45,0.7,0.7,0.85,0.9,0.0,0.55,0.75,0.08,0.03
8,PE_PB,-0.038969,0.15,0.3,0.4,0.55,0.65,0.75,0.9,0.0,0.65,0.0,0.1,0.05
6,PE_PB,-0.03897,0.2,0.25,0.35,0.7,0.7,0.8,0.9,0.0,0.6,0.0,0.1,0.05
8,PE_PB_FED,-0.03897,0.05,0.2,0.45,0.5,0.7,0.85,0.9,0.0,0.5,0.75,0.08,0.03
6,PE_only,-0.038975,0.15,0.3,0.35,0.55,0.7,0.75,0.85,0.0,0.0,0.0,0.1,0.04
6,PE_PB_FED,-0.038975,0.1,0.15,0.35,0.7,0.75,0.8,0.9,-0.5,0.5,0.75,0.12,0.04
8,PE_PB,-0.038975,0.2,0.25,0.3,0.7,0.65,0.85,0.95,0.0,0.5,0.0,0.1,0.04
6,PE_PB,-0.03898,0.2,0.3,0.35,0.7,0.65,0.75,0.95,0.0,0.6,0.0,0.1,0.03
8,PE_FED,-0.038982,0.15,0.3,0.4,0.65,0.75,0.8,0.9,0.5,0.0,0.0,0.12,0.03
6,PE_PB_FED,-0.038985,0.15,0.2,0.4,0.7,0.75,0.8,0.85,0.0,0.55,0.7,0.06,0.05
8,PE_FED,-0.038992,0.05,0.2,0.45,0.6,0.65,0.75,0.85,0.5,0.0,0.0,0.06,0.05
6,PE_PB,-0.038996,0.05,0.3,0.35,0.6,0.7,0.75,0.95,0.0,0.55,0.0,0.06,0.03
8,PE_PB,-0.038998,0.15,0.2,0.45,0.5,0.7,0.8,0.95,0.0,0.6,0.0,0.08,0.05
6,PE_PB,-0.039,0.2,0.25,0.4,0.65,0.65,0.85,0.95,0.0,0.55,0.0,0.1,0.03
8,PE_PB,-0.039,0.05,0.25,0.4,0.65,0.75,0.8,0.9,0.0,0.5,0.0,0.12,0.04
6,PE_FED,-0.039007,0.1,0.3,0.45,0.6,0.65,0.75,0.9,-0.5,0.0,0.0,0.12,0.05
8,PE_PB_FED,-0.039008,0.05,0.25,0.45,0.7,0.7,0.75,0.9,0.5,0.6,0.8,0.1,0.03
6,PE_only,-0.039009,0.2,0.25,0.3,0.5,0.7,0.75,0.9,0.0,0.0,0.0,0.1,0.04
8,PE_PB,-0.03901,0.15,0.2,0.4,0.55,0.65,0.85,0.95,0.0,0.55,0.0,0.1,0.05
8,PE_PB,-0.039011,0.15,0.25,0.3,0.55,0.7,0.75,0.85,0.0,0.6,0.0,0.1,0.04
8,PE_PB,-0.039011,0.2,0.3,0.45,0.6,0.65,0.8,0.95,0.0,0.6,0.0,0.08,0.04
6,PE_PB,-0.039012,0.2,0.25,0.4,0.7,0.75,0.8,0.9,0.0,0.6,0.0,0.06,0.05
8,PE_PB,-0.039013,0.05,0.15,0.45,0.55,0.7,0.85,0.95,0.0,0.5,0.0,0.06,0.04
8,PE_PB,-0.039017,0.05,0.25,0.4,0.5,0.7,0.75,0.9,0.0,0.65,0.0,0.06,0.04
8,PE_FED,-0.039017,0.15,0.25,0.35,0.55,0.7,0.8,0.9,0.5,0.0,0.0,0.12,0.04
6,PE_only,-0.039019,0.15,0.3,0.35,0.5,0.75,0.8,0.95,0.0,0.0,0.0,0.08,0.04
8,PE_PB,-0.039021,0.1,0.15,0.45,0.5,0.65,0.75,0.85,0.0,0.6,0.0,0.08,0.03
8,PE_PB,-0.039021,0.05,0.2,0.35,0.5,0.65,0.75,0.85,0.0,0.65,0.0,0.06,0.05
6,PE_PB,-0.039024,0.15,0.25,0.35,0.6,0.75,0.8,0.9,0.0,0.65,0.0,0.08,0.03
8,PE_PB_FED,-0.039024,0.15,0.2,0.3,0.55,0.7,0.75,0.95,0.5,0.55,0.7,0.1,0.05
6,PE_PB,-0.039026,0.1,0.15,0.3,0.5,0.75,0.85,0.95,0.0,0.6,0.0,0.08,0.03
8,PE_PB_FED,-0.039026,0.1,0.15,0.35,0.6,0.65,0.75,0.9,0.5,0.5,0.75,0.08,0.04
6,PE_PB,-0.039027,0.05,0.2,0.4,0.5,0.7,0.75,0.9,0.0,0.65,0.0,0.08,0.03
8,PE_FED,-0.039027,0.15,0.25,0.3,0.7,0.7,0.85,0.9,0.5,0.0,0.0,0.08,0.05
8,PE_only,-0.039028,0.15,0.3,0.45,0.5,0.7,0.85,0.95,0.0,0.0,0.0,0.08,0.04
6,PE_only,-0.03903,0.05,0.25,0.45,0.5,0.65,0.85,0.95,0.0,0.0,0.0,0.1,0.03
8,PE_PB,-0.03903,0.05,0.2,0.45,0.55,0.7,0.8,0.9,0.0,0.55,0.0,0.1,0.04
8,PE_FED,-0.03903,0.1,0.25,0.4,0.6,0.65,0.75,0.85,0.5,0.0,0.0,0.08,0.04
8,PE_only,-0.039032,0.1,0.3,0.4,0.5,0.65,0.75,0.85,0.0,0.0,0.0,0.08,0.04
6,PE_PB,-0.039033,0.05,0.15,0.35,0.55,0.65,0.8,0.85,0.0,0.6,0.0,0.08,0.05
6,PE_PB,-0.039037,0.15,0.25,0.3,0.6,0.7,0.85,0.95,0.0,0.55,0.0,0.06,0.03
6,PE_PB,-0.039037,0.1,0.15,0.3,0.6,0.65,0.85,0.9,0.0,0.65,0.0,0.12,0.05
8,PE_only,-0.039038,0.05,0.25,0.35,0.5,0.75,0.85,0.9,0.0,0.0,0.0,0.12,0.05
6,PE_only,-0.039039,0.2,0.25,0.3,0.55,0.7,0.8,0.85,0.0,0.0,0.0,0.08,0.04
6,PE_only,-0.039039,0.2,0.25,0.3,0.55,0.7,0.8,0.85,0.0,0.0,0.0,0.1,0.04
6,PE_PB_FED,-0.039042,0.05,0.15,0.3,0.6,0.7,0.75,0.85,-0.5,0.6,0.7,0.06,0.05
8,PE_PB,-0.039043,0.2,0.25,0.45,0.6,0.7,0.8,0.95,0.0,0.55,0.0,0.12,0.05
8,PE_PB,-0.039045,0.15,0.25,0.45,0.65,0.75,0.8,0.9,0.0,0.55,0.0,0.1,0.05
6,PE_only,-0.039046,0.2,0.25,0.4,0.55,0.65,0.8,0.85,0.0,0.0,0.0,0.06,0.04
6,PE_PB_FED,-0.039046,0.15,0.2,0.35,0.7,0.7,0.75,0.9,0.0,0.5,0.75,0.08,0.05
6,PE_only,-0.039047,0.15,0.25,0.45,0.55,0.65,0.85,0.9,0.0,0.0,0.0,0.08,0.03
8,PE_PB,-0.039047,0.15,0.2,0.35,0.55,0.75,0.85,0.9,0.0,0.6,0.0,0.06,0.03
6,PE_PB,-0.03905,0.2,0.25,0.4,0.65,0.7,0.75,0.9,0.0,0.65,0.0,0.1,0.03
8,PE_PB,-0.03905,0.05,0.25,0.4,0.55,0.7,0.75,0.95,0.0,0.5,0.0,0.08,0.05
8,PE_PB_FED,-0.039057,0.1,0.25,0.45,0.5,0.7,0.75,0.9,-0.5,0.6,0.8,0.06,0.05
8,PE_PB,-0.03906,0.2,0.25,0.45,0.65,0.75,0.85,0.9,0.0,0.6,0.0,0.08,0.03
8,PE_PB,-0.039061,0.05,0.25,0.4,0.55,0.65,0.75,0.9,0.0,0.55,0.0,0.12,0.04
6,PE_PB_FED,-0.039062,0.05,0.25,0.4,0.55,0.7,0.8,0.95,-0.5,0.65,0.75,0.12,0.03
6,PE_only,-0.039063,0.05,0.25,0.3,0.55,0.75,0.85,0.9,0.0,0.0,0.0,0.1,0.05
6,PE_only,-0.039069,0.2,0.25,0.45,0.5,0.65,0.8,0.95,0.0,0.0,0.0,0.08,0.04
8,PE_PB_FED,-0.039069,0.05,0.25,0.35,0.5,0.75,0.85,0.95,-0.5,0.6,0.75,0.12,0.05
6,PE_FED,-0.03907,0.05,0.3,0.35,0.55,0.7,0.75,0.95,-0.5,0.0,0.0,0.08,0.05
6,PE_PB_FED,-0.03907,0.05,0.2,0.4,0.65,0.75,0.85,0.95,-0.5,0.55,0.8,0.1,0.04
8,PE_PB,-0.039074,0.2,0.25,0.35,0.65,0.65,0.85,0.95,0.0,0.55,0.0,0.06,0.05
6,PE_only,-0.039075,0.2,0.3,0.35,0.55,0.75,0.8,0.9,0.0,0.0,0.0,0.06,0.03
6,PE_PB,-0.039078,0.05,0.15,0.35,0.5,0.75,0.8,0.95,0.0,0.55,0.0,0.06,0.04
8,PE_PB,-0.039078,0.15,0.25,0.45,0.5,0.7,0.8,0.95,0.0,0.65,0.0,0.08,0.04
6,PE_PB,-0.039079,0.05,0.15,0.45,0.55,0.75,0.8,0.85,0.0,0.6,0.0,0.08,0.03
6,PE_PB,-0.03908,0.15,0.3,0.45,0.7,0.65,0.8,0.9,0.0,0.6,0.0,0.08,0.03
6,PE_PB_FED,-0.039081,0.05,0.2,0.3,0.65,0.75,0.85,0.9,0.0,0.6,0.8,0.06,0.05
8,PE_PB,-0.039081,0.2,0.25,0.45,0.6,0.7,0.85,0.95,0.0,0.6,0.0,0.12,0.04
8,PE_PB,-0.039081,0.1,0.15,0.35,0.5,0.65,0.85,0.9,0.0,0.65,0.0,0.06,0.04
8,PE_PB_FED,-0.039082,0.15,0.2,0.35,0.55,0.65,0.8,0.9,0.5,0.65,0.7,0.08,0.04
6,PE_only,-0.039085,0.15,0.3,0.45,0.6,0.75,0.8,0.9,0.0,0.0,0.0,0.1,0.05
6,PE_only,-0.039087,0.15,0.3,0.4,0.6,0.75,0.8,0.85,0.0,0.0,0.0,0.06,0.04
8,PE_FED,-0.039088,0.05,0.2,0.35,0.6,0.65,0.85,0.9,0.5,0.0,0.0,0.12,0.03
6,PE_PB_FED,-0.039091,0.05,0.2,0.3,0.7,0.7,0.75,0.9,0.0,0.5,0.8,0.08,0.05
8,PE_PB,-0.039091,0.2,0.3,0.35,0.7,0.7,0.8,0.95,0.0,0.5,0.0,0.08,0.05
8,PE_FED,-0.039093,0.15,0.2,0.45,0.55,0.7,0.75,0.85,0.5,0.0,0.0,0.08,0.05
6,PE_PB,-0.039096,0.05,0.25,0.45,0.65,0.65,0.8,0.9,0.0,0.65,0.0,0.12,0.03
6,PE_only,-0.0391,0.15,0.3,0.4,0.5,0.75,0.8,0.95,0.0,0.0,0.0,0.1,0.04
8,PE_PB,-0.039102,0.15,0.2,0.4,0.6,0.7,0.85,0.9,0.0,0.55,0.0,0.1,0.04
6,PE_only,-0.039103,0.15,0.25,0.45,0.55,0.75,0.85,0.9,0.0,0.0,0.0,0.06,0.04
6,PE_PB,-0.039103,0.05,0.15,0.3,0.5,0.7,0.75,0.9,0.0,0.6,0.0,0.12,0.05
6,PE_PB,-0.039103,0.05,0.15,0.4,0.55,0.7,0.8,0.85,0.0,0.6,0.0,0.06,0.05
6,PE_PB,-0.039105,0.15,0.2,0.4,0.5,0.7,0.75,0.95,0.0,0.6,0.0,0.12,0.04
6,PE_only,-0.039109,0.05,0.25,0.45,0.6,0.75,0.85,0.9,0.0,0.0,0.0,0.06,0.05
6,PE_only,-0.039113,0.1,0.25,0.35,0.5,0.75,0.85,0.95,0.0,0.0,0.0,0.1,0.05
6,PE_only,-0.039113,0.1,0.25,0.35,0.5,0.75,0.85,0.95,0.0,0.0,0.0,0.06,0.05
8,PE_PB,-0.039113,0.2,0.3,0.35,0.65,0.7,0.75,0.95,0.0,0.5,0.0,0.08,0.03
6,PE_PB,-0.039114,0.1,0.15,0.3,0.7,0.65,0.8,0.9,0.0,0.5,0.0,0.08,0.05
8,PE_PB,-0.039115,0.1,0.2,0.35,0.6,0.65,0.8,0.9,0.0,0.5,0.0,0.08,0.04
8,PE_PB_FED,-0.039115,0.1,0.3,0.45,0.55,0.7,0.85,0.9,0.0,0.55,0.75,0.1,0.04
6,PE_PB,-0.039116,0.05,0.2,0.35,0.55,0.65,0.75,0.85,0.0,0.6,0.0,0.06,0.04
6,PE_only,-0.039117,0.15,0.25,0.45,0.55,0.7,0.85,0.9,0.0,0.0,0.0,0.1,0.04
8,PE_PB,-0.03912,0.15,0.25,0.45,0.7,0.75,0.8,0.85,0.0,0.5,0.0,0.12,0.04
8,PE_PB,-0.039126,0.1,0.2,0.3,0.6,0.65,0.8,0.85,0.0,0.55,0.0,0.08,0.05
6,PE_PB_FED,-0.039128,0.1,0.2,0.45,0.65,0.65,0.85,0.95,0.0,0.55,0.8,0.08,0.04
6,PE_PB_FED,-0.039131,0.1,0.2,0.35,0.55,0.7,0.8,0.95,0.0,0.55,0.75,0.12,0.04
6,PE_PB_FED,-0.039133,0.15,0.2,0.35,0.65,0.75,0.8,0.85,0.0,0.55,0.8,0.12,0.03
8,PE_PB,-0.039133,0.2,0.25,0.4,0.65,0.75,0.85,0.95,0.0,0.55,0.0,0.12,0.05
6,PE_only,-0.039134,0.15,0.2,0.3,0.5,0.65,0.85,0.9,0.0,0.0,0.0,0.06,0.04
6,PE_PB_FED,-0.039136,0.15,0.2,0.4,0.6,0.65,0.75,0.85,-0.5,0.6,0.75,0.12,0.03
8,PE_only,-0.039137,0.05,0.25,0.4,0.5,0.7,0.85,0.9,0.0,0.0,0.0,0.06,0.05
6,PE_PB,-0.039141,0.1,0.15,0.45,0.6,0.65,0.85,0.95,0.0,0.6,0.0,0.12,0.05
6,PE_FED,-0.039141,0.15,0.25,0.4,0.5,0.7,0.8,0.95,0.0,0.0,0.0,0.12,0.03
6,PE_PB,-0.039143,0.2,0.25,0.45,0.7,0.65,0.75,0.9,0.0,0.55,0.0,0.12,0.05
6,PE_PB,-0.039146,0.15,0.25,0.35,0.6,0.75,0.85,0.95,0.0,0.55,0.0,0.08,0.03
6,PE_only,-0.03915,0.2,0.3,0.4,0.55,0.7,0.8,0.9,0.0,0.0,0.0,0.1,0.03
6,PE_only,-0.03915,0.2,0.3,0.45,0.55,0.65,0.85,0.95,0.0,0.0,0.0,0.06,0.03
6,PE_only,-0.039152,0.15,0.25,0.45,0.55,0.7,0.8,0.85,0.0,0.0,0.0,0.1,0.05
6,PE_only,-0.039152,0.15,0.25,0.45,0.55,0.65,0.8,0.85,0.0,0.0,0.0,0.08,0.05
6,PE_PB,-0.039152,0.1,0.25,0.3,0.65,0.7,0.75,0.85,0.0,0.6,0.0,0.06,0.04
8,PE_PB,-0.039157,0.1,0.25,0.3,0.65,0.7,0.85,0.9,0.0,0.55,0.0,0.06,0.03
8,PE_PB,-0.039157,0.1,0.25,0.3,0.65,0.75,0.85,0.9,0.0,0.55,0.0,0.06,0.03
8,PE_only,-0.039158,0.2,0.25,0.45,0.5,0.75,0.8,0.9,0.0,0.0,0.0,0.1,0.05
8,PE_PB_FED,-0.039161,0.15,0.25,0.45,0.5,0.7,0.75,0.9,-0.5,0.55,0.8,0.08,0.04
6,PE_only,-0.039164,0.1,0.3,0.45,0.55,0.7,0.75,0.9,0.0,0.0,0.0,0.08,0.05
6,PE_FED,-0.039164,0.05,0.3,0.35,0.6,0.65,0.75,0.85,-0.5,0.0,0.0,0.12,0.04
6,PE_PB,-0.039166,0.05,0.2,0.4,0.7,0.7,0.85,0.95,0.0,0.5,0.0,0.06,0.04
8,PE_PB,-0.039166,0.1,0.25,0.3,0.5,0.7,0.75,0.9,0.0,0.65,0.0,0.1,0.04
8,PE_PB_FED,-0.039166,0.15,0.25,0.3,0.6,0.65,0.85,0.9,-0.5,0.5,0.7,0.08,0.04
8,PE_FED,-0.039167,0.2,0.25,0.45,0.7,0.7,0.75,0.85,0.5,0.0,0.0,0.08,0.04
8,PE_only,-0.039175,0.15,0.3,0.35,0.5,0.75,0.8,0.9,0.0,0.0,0.0,0.1,0.05
6,PE_PB,-0.039177,0.1,0.3,0.45,0.65,0.65,0.75,0.95,0.0,0.55,0.0,0.06,0.04
6,PE_PB,-0.03918,0.15,0.2,0.35,0.5,0.7,0.75,0.95,0.0,0.55,0.0,0.12,0.03
6,PE_PB,-0.03918,0.15,0.2,0.35,0.5,0.65,0.75,0.95,0.0,0.55,0.0,0.1,0.03
8,PE_PB,-0.03918,0.2,0.25,0.3,0.55,0.65,0.8,0.9,0.0,0.65,0.0,0.08,0.05
6,PE_PB,-0.039183,0.05,0.2,0.45,0.55,0.65,0.8,0.85,0.0,0.65,0.0,0.12,0.03
8,PE_PB,-0.039186,0.15,0.25,0.35,0.7,0.75,0.8,0.85,0.0,0.5,0.0,0.12,0.05
8,PE_PB,-0.039187,0.1,0.3,0.35,0.55,0.65,0.75,0.9,0.0,0.65,0.0,0.1,0.05
8,PE_FED,-0.039187,0.1,0.2,0.35,0.55,0.75,0.8,0.85,0.5,0.0,0.0,0.12,0.04
6,PE_only,-0.03919,0.1,0.25,0.35,0.5,0.65,0.75,0.85,0.0,0.0,0.0,0.12,0.03
8,PE_PB,-0.039191,0.2,0.3,0.4,0.6,0.75,0.8,0.95,0.0,0.55,0.0,0.12,0.03
6,PE_PB,-0.039196,0.1,0.2,0.45,0.7,0.75,0.85,0.95,0.0,0.5,0.0,0.08,0.03
8,PE_FED,-0.039196,0.05,0.15,0.45,0.5,0.7,0.75,0.85,0.5,0.0,0.0,0.12,0.04
6,PE_only,-0.0392,0.05,0.3,0.35,0.6,0.7,0.8,0.85,0.0,0.0,0.0,0.08,0.04
6,PE_PB_FED,-0.0392,0.15,0.2,0.3,0.65,0.65,0.75,0.85,0.0,0.55,0.7,0.1,0.05
6,PE_PB,-0.039202,0.1,0.3,0.45,0.65,0.7,0.75,0.95,0.0,0.55,0.0,0.06,0.05
8,PE_PB_FED,-0.039207,0.15,0.3,0.45,0.5,0.75,0.8,0.9,-0.5,0.65,0.75,0.06,0.03
6,PE_only,-0.039209,0.15,0.2,0.3,0.5,0.7,0.8,0.85,0.0,0.0,0.0,0.1,0.05
6,PE_PB,-0.03921,0.05,0.15,0.4,0.65,0.65,0.85,0.95,0.0,0.5,0.0,0.06,0.05
6,PE_PB,-0.03921,0.15,0.25,0.3,0.55,0.7,0.85,0.95,0.0,0.65,0.0,0.08,0.04
6,PE_FED,-0.039211,0.15,0.25,0.45,0.55,0.75,0.8,0.9,-0.5,0.0,0.0,0.12,0.04
6,PE_PB,-0.039212,0.1,0.2,0.45,0.65,0.7,0.75,0.95,0.0,0.5,0.0,0.08,0.04
8,PE_only,-0.039212,0.05,0.3,0.45,0.5,0.75,0.85,0.95,0.0,0.0,0.0,0.06,0.04
6,PE_PB,-0.039213,0.2,0.25,0.4,0.65,0.75,0.8,0.9,0.0,0.55,0.0,0.1,0.03
8,PE_PB,-0.039215,0.15,0.2,0.3,0.55,0.7,0.8,0.9,0.0,0.55,0.0,0.12,0.05
6,PE_PB,-0.039216,0.05,0.2,0.45,0.65,0.75,0.85,0.95,0.0,0.6,0.0,0.06,0.05
8,PE_FED,-0.039217,0.05,0.2,0.35,0.6,0.7,0.85,0.9,0.5,0.0,0.0,0.06,0.04
8,PE_PB_FED,-0.039217,0.05,0.2,0.35,0.65,0.65,0.75,0.85,0.5,0.6,0.8,0.12,0.03
6,PE_PB,-0.039226,0.15,0.25,0.35,0.5,0.75,0.8,0.95,0.0,0.65,0.0,0.08,0.03
6,PE_PB,-0.039226,0.05,0.2,0.45,0.65,0.75,0.8,0.85,0.0,0.65,0.0,0.08,0.04
8,PE_PB,-0.039229,0.05,0.3,0.35,0.6,0.7,0.75,0.9,0.0,0.55,0.0,0.06,0.03
6,PE_FED,-0.03923,0.1,0.2,0.35,0.5,0.7,0.8,0.85,0.0,0.0,0.0,0.1,0.03
8,PE_PB,-0.039231,0.1,0.2,0.45,0.5,0.65,0.8,0.95,0.0,0.6,0.0,0.06,0.05
6,PE_only,-0.039232,0.05,0.3,0.35,0.5,0.75,0.8,0.95,0.0,0.0,0.0,0.12,0.04
6,PE_PB,-0.039232,0.15,0.2,0.35,0.55,0.65,0.75,0.9,0.0,0.55,0.0,0.12,0.03
6,PE_PB,-0.039232,0.05,0.25,0.35,0.65,0.75,0.8,0.9,0.0,0.55,0.0,0.12,0.05
8,PE_PB_FED,-0.039234,0.05,0.2,0.45,0.6,0.65,0.8,0.95,0.5,0.6,0.7,0.1,0.04
6,PE_only,-0.03924,0.1,0.25,0.45,0.6,0.75,0.85,0.9,0.0,0.0,0.0,0.06,0.05
8,PE_PB,-0.03924,0.15,0.2,0.35,0.6,0.7,0.85,0.95,0.0,0.5,0.0,0.08,0.04
8,PE_PB,-0.039243,0.1,0.25,0.35,0.7,0.75,0.85,0.9,0.0,0.5,0.0,0.08,0.04
6,PE_PB,-0.039245,0.2,0.25,0.35,0.65,0.7,0.85,0.9,0.0,0.65,0.0,0.1,0.03
6,PE_PB,-0.039247,0.1,0.2,0.3,0.6,0.75,0.8,0.85,0.0,0.55,0.0,0.08,0.03
8,PE_PB,-0.039251,0.1,0.2,0.35,0.6,0.75,0.85,0.9,0.0,0.55,0.0,0.1,0.04
6,PE_PB,-0.039252,0.1,0.25,0.45,0.6,0.7,0.75,0.9,0.0,0.65,0.0,0.1,0.03
6,PE_FED,-0.039252,0.05,0.25,0.35,0.5,0.65,0.75,0.95,-0.5,0.0,0.0,0.12,0.05
6,PE_PB_FED,-0.039254,0.15,0.2,0.35,0.5,0.75,0.8,0.95,-0.5,0.65,0.75,0.12,0.03
8,PE_PB,-0.039254,0.1,0.15,0.3,0.6,0.75,0.85,0.9,0.0,0.5,0.0,0.12,0.04
8,PE_only,-0.03926,0.05,0.3,0.35,0.5,0.7,0.8,0.9,0.0,0.0,0.0,0.12,0.05
8,PE_PB,-0.039263,0.1,0.25,0.45,0.65,0.75,0.85,0.95,0.0,0.5,0.0,0.06,0.03
8,PE_PB,-0.039266,0.1,0.15,0.45,0.6,0.65,0.8,0.85,0.0,0.5,0.0,0.08,0.04
8,PE_PB,-0.039267,0.1,0.15,0.4,0.55,0.7,0.85,0.9,0.0,0.55,0.0,0.06,0.04
6,PE_PB,-0.039269,0.15,0.3,0.35,0.7,0.7,0.8,0.9,0.0,0.6,0.0,0.08,0.05
8,PE_PB_FED,-0.039271,0.05,0.15,0.45,0.7,0.75,0.8,0.9,0.5,0.5,0.8,0.08,0.04
6,PE_PB,-0.039274,0.15,0.25,0.4,0.6,0.7,0.75,0.9,0.0,0.55,0.0,0.08,0.04
6,PE_PB_FED,-0.039275,0.05,0.3,0.45,0.7,0.75,0.8,0.95,-0.5,0.6,0.8,0.06,0.04
6,PE_only,-0.039276,0.15,0.25,0.4,0.55,0.75,0.85,0.9,0.0,0.0,0.0,0.12,0.05
6,PE_PB,-0.03928,0.15,0.25,0.3,0.7,0.75,0.8,0.95,0.0,0.5,0.0,0.08,0.05
8,PE_only,-0.03928,0.15,0.25,0.4,0.5,0.75,0.85,0.9,0.0,0.0,0.0,0.06,0.05
8,PE_PB,-0.03928,0.1,0.3,0.35,0.55,0.65,0.75,0.85,0.0,0.65,0.0,0.1,0.03
8,PE_PB,-0.039288,0.05,0.2,0.4,0.6,0.7,0.8,0.9,0.0,0.5,0.0,0.06,0.05
8,PE_only,-0.039289,0.2,0.25,0.3,0.5,0.65,0.85,0.9,0.0,0.0,0.0,0.12,0.03
6,PE_only,-0.039291,0.1,0.25,0.45,0.55,0.75,0.85,0.9,0.0,0.0,0.0,0.08,0.04
6,PE_PB,-0.039295,0.05,0.25,0.4,0.65,0.75,0.8,0.9,0.0,0.6,0.0,0.08,0.05
8,PE_PB,-0.039295,0.15,0.3,0.4,0.55,0.65,0.85,0.95,0.0,0.65,0.0,0.08,0.05
6,PE_PB,-0.039297,0.15,0.2,0.3,0.6,0.7,0.8,0.85,0.0,0.55,0.0,0.06,0.04
8,PE_FED,-0.0393,0.05,0.3,0.35,0.6,0.65,0.75,0.9,0.5,0.0,0.0,0.06,0.03
8,PE_PB,-0.039301,0.1,0.2,0.45,0.5,0.7,0.75,0.9,0.0,0.6,0.0,0.08,0.03
6,PE_PB_FED,-0.039302,0.15,0.2,0.35,0.6,0.65,0.85,0.95,-0.5,0.55,0.75,0.1,0.03
6,PB_FED,-0.039307,0.05,0.15,0.3,0.55,0.65,0.75,0.95,0.5,0.0,0.0,0.06,0.03
8,PE_PB,-0.039307,0.1,0.15,0.4,0.5,0.75,0.8,0.9,0.0,0.6,0.0,0.1,0.05
6,PB_FED,-0.039308,0.05,0.15,0.35,0.65,0.65,0.75,0.95,0.5,0.0,0.0,0.12,0.04
8,PE_PB_FED,-0.039309,0.1,0.2,0.4,0.7,0.7,0.8,0.9,0.5,0.55,0.75,0.06,0.04
6,PE_PB_FED,-0.039313,0.15,0.2,0.4,0.65,0.7,0.75,0.9,-0.5,0.55,0.7,0.1,0.05
6,PE_PB,-0.039315,0.1,0.3,0.35,0.65,0.7,0.75,0.95,0.0,0.65,0.0,0.12,0.05
8,PE_PB,-0.039319,0.05,0.3,0.45,0.6,0.75,0.85,0.9,0.0,0.65,0.0,0.08,0.03
6,PE_only,-0.039324,0.2,0.3,0.4,0.55,0.7,0.85,0.95,0.0,0.0,0.0,0.1,0.05
6,PE_PB,-0.039324,0.1,0.3,0.4,0.7,0.7,0.85,0.95,0.0,0.6,0.0,0.08,0.03
6,PE_PB,-0.039324,0.1,0.15,0.3,0.55,0.65,0.8,0.9,0.0,0.55,0.0,0.06,0.04
6,PE_PB_FED,-0.039327,0.2,0.3,0.4,0.7,0.75,0.8,0.95,0.0,0.6,0.7,0.1,0.04
8,PE_PB_FED,-0.039327,0.15,0.25,0.4,0.6,0.75,0.8,0.85,-0.5,0.5,0.8,0.06,0.05
6,PE_PB,-0.039328,0.05,0.15,0.3,0.65,0.65,0.75,0.85,0.0,0.5,0.0,0.08,0.05
6,PE_PB_FED,-0.039329,0.05,0.25,0.35,0.55,0.7,0.75,0.95,0.0,0.65,0.8,0.08,0.03
6,PE_only,-0.039333,0.15,0.25,0.45,0.5,0.7,0.75,0.9,0.0,0.0,0.0,0.12,0.05
6,PB_FED,-0.039334,0.1,0.2,0.4,0.7,0.65,0.75,0.85,0.5,0.0,0.0,0.12,0.03
6,PE_only,-0.039339,0.15,0.3,0.35,0.55,0.65,0.75,0.85,0.0,0.0,0.0,0.06,0.05
6,PE_only,-0.039339,0.2,0.3,0.4,0.5,0.75,0.8,0.95,0.0,0.0,0.0,0.08,0.03
6,PE_PB,-0.03935,0.1,0.25,0.45,0.65,0.75,0.85,0.95,0.0,0.55,0.0,0.1,0.05
6,PE_PB,-0.039353,0.15,0.3,0.35,0.65,0.65,0.75,0.9,0.0,0.65,0.0,0.06,0.03
6,PE_FED,-0.039353,0.1,0.25,0.4,0.5,0.7,0.75,0.95,0.0,0.0,0.0,0.1,0.05
6,PE_PB_FED,-0.039353,0.1,0.2,0.35,0.55,0.75,0.8,0.9,0.0,0.6,0.7,0.1,0.04
6,PE_only,-0.039354,0.15,0.3,0.4,0.55,0.65,0.8,0.85,0.0,0.0,0.0,0.12,0.03
6,PE_FED,-0.039355,0.15,0.25,0.4,0.55,0.75,0.8,0.9,-0.5,0.0,0.0,0.06,0.05
6,PE_PB,-0.039356,0.15,0.25,0.4,0.65,0.65,0.8,0.9,0.0,0.55,0.0,0.06,0.05
6,PE_PB,-0.039357,0.15,0.3,0.35,0.7,0.65,0.85,0.95,0.0,0.6,0.0,0.1,0.03
6,PE_PB_FED,-0.039359,0.15,0.3,0.35,0.6,0.75,0.8,0.95,0.0,0.65,0.7,0.1,0.03
8,PE_PB,-0.039359,0.05,0.3,0.35,0.65,0.65,0.8,0.85,0.0,0.6,0.0,0.1,0.05
6,PE_PB,-0.03936,0.15,0.2,0.45,0.5,0.7,0.8,0.95,0.0,0.65,0.0,0.08,0.05
6,PE_FED,-0.039361,0.05,0.3,0.4,0.65,0.7,0.8,0.85,0.0,0.0,0.0,0.08,0.05
6,PE_FED,-0.039362,0.2,0.3,0.4,0.6,0.7,0.75,0.85,-0.5,0.0,0.0,0.12,0.04
8,PE_FED,-0.039363,0.1,0.25,0.3,0.65,0.65,0.85,0.9,0.5,0.0,0.0,0.1,0.04
6,PB_FED,-0.039374,0.1,0.2,0.3,0.6,0.65,0.75,0.95,0.5,0.0,0.0,0.12,0.03
6,PE_only,-0.039377,0.05,0.3,0.35,0.55,0.7,0.8,0.9,0.0,0.0,0.0,0.12,0.05
6,PE_FED,-0.039377,0.05,0.2,0.35,0.5,0.7,0.75,0.85,0.0,0.0,0.0,0.08,0.05
6,PE_PB_FED,-0.039379,0.1,0.15,0.35,0.7,0.7,0.75,0.9,0.0,0.5,0.8,0.06,0.05
8,PE_FED,-0.039379,0.05,0.2,0.35,0.6,0.65,0.8,0.85,0.5,0.0,0.0,0.12,0.05
8,PE_PB_FED,-0.03938,0.1,0.15,0.35,0.55,0.7,0.85,0.9,0.5,0.65,0.8,0.1,0.03
6,PB_FED,-0.039381,0.15,0.2,0.4,0.7,0.65,0.75,0.9,0.5,0.0,0.0,0.12,0.03
8,PE_PB,-0.039381,0.1,0.25,0.35,0.55,0.65,0.8,0.85,0.0,0.65,0.0,0.1,0.05
8,PE_PB,-0.039385,0.1,0.2,0.3,0.65,0.75,0.85,0.9,0.0,0.5,0.0,0.08,0.04
8,PE_PB,-0.039387,0.15,0.2,0.4,0.55,0.65,0.8,0.9,0.0,0.5,0.0,0.12,0.03
6,PE_only,-0.039392,0.15,0.3,0.4,0.6,0.7,0.8,0.85,0.0,0.0,0.0,0.1,0.05
6,PE_PB,-0.039392,0.05,0.25,0.4,0.55,0.75,0.85,0.95,0.0,0.65,0.0,0.06,0.04
8,PE_PB,-0.039393,0.1,0.2,0.3,0.55,0.65,0.8,0.85,0.0,0.55,0.0,0.1,0.03
6,PE_FED,-0.039395,0.05,0.25,0.45,0.55,0.7,0.75,0.9,-0.5,0.0,0.0,0.08,0.05
8,PE_PB,-0.039397,0.2,0.25,0.4,0.55,0.65,0.75,0.85,0.0,0.65,0.0,0.06,0.05
6,PE_only,-0.039398,0.2,0.25,0.35,0.55,0.75,0.85,0.9,0.0,0.0,0.0,0.1,0.03
8,PE_FED,-0.0394,0.05,0.15,0.3,0.5,0.75,0.8,0.85,0.5,0.0,0.0,0.06,0.04
6,PE_PB,-0.039401,0.1,0.2,0.35,0.6,0.7,0.8,0.85,0.0,0.65,0.0,0.06,0.04
8,PE_PB_FED,-0.039402,0.15,0.25,0.35,0.5,0.65,0.75,0.85,-0.5,0.55,0.75,0.1,0.03
8,PE_PB,-0.039404,0.15,0.2,0.35,0.5,0.65,0.8,0.95,0.0,0.5,0.0,0.08,0.03
6,PE_PB,-0.039407,0.05,0.25,0.35,0.6,0.7,0.8,0.95,0.0,0.6,0.0,0.06,0.05
6,PE_only,-0.039409,0.05,0.2,0.4,0.5,0.75,0.8,0.85,0.0,0.0,0.0,0.08,0.05
8,PE_only,-0.039414,0.2,0.25,0.3,0.5,0.75,0.85,0.9,0.0,0.0,0.0,0.06,0.04
8,PE_only,-0.039418,0.15,0.3,0.4,0.5,0.65,0.8,0.85,0.0,0.0,0.0,0.08,0.03
6,PE_PB_FED,-0.03942,0.1,0.25,0.45,0.65,0.75,0.85,0.95,0.0,0.65,0.7,0.12,0.05
8,PE_PB,-0.039422,0.15,0.2,0.4,0.5,0.7,0.75,0.9,0.0,0.55,0.0,0.08,0.03
8,PE_PB,-0.039425,0.05,0.3,0.35,0.6,0.75,0.85,0.9,0.0,0.65,0.0,0.1,0.05
6,PE_FED,-0.039426,0.05,0.2,0.4,0.5,0.7,0.85,0.95,-0.5,0.0,0.0,0.1,0.05
6,PE_PB_FED,-0.039426,0.1,0.25,0.35,0.7,0.7,0.75,0.9,0.0,0.6,0.8,0.08,0.05
8,PE_PB,-0.039426,0.05,0.3,0.4,0.7,0.65,0.75,0.85,0.0,0.5,0.0,0.06,0.03
8,PE_PB_FED,-0.039429,0.1,0.25,0.35,0.6,0.65,0.8,0.9,0.5,0.65,0.75,0.1,0.03
6,PE_PB_FED,-0.039434,0.2,0.25,0.3,0.6,0.7,0.75,0.95,-0.5,0.6,0.8,0.1,0.05
8,PE_PB,-0.039434,0.05,0.25,0.45,0.55,0.65,0.75,0.95,0.0,0.5,0.0,0.12,0.04
6,PE_PB,-0.039437,0.15,0.2,0.3,0.55,0.75,0.85,0.9,0.0,0.65,0.0,0.06,0.04
8,PE_PB,-0.039439,0.05,0.3,0.35,0.65,0.65,0.8,0.95,0.0,0.5,0.0,0.1,0.04
8,PE_PB,-0.039439,0.05,0.3,0.35,0.65,0.7,0.8,0.95,0.0,0.5,0.0,0.12,0.04
6,PE_PB,-0.039441,0.15,0.25,0.45,0.65,0.65,0.8,0.85,0.0,0.6,0.0,0.08,0.03
8,PE_PB,-0.039441,0.1,0.2,0.35,0.6,0.7,0.85,0.95,0.0,0.5,0.0,0.12,0.04
8,PE_PB,-0.039441,0.1,0.3,0.45,0.65,0.65,0.75,0.85,0.0,0.6,0.0,0.08,0.05
8,PE_FED,-0.039441,0.15,0.3,0.35,0.55,0.75,0.8,0.95,0.5,0.0,0.0,0.1,0.04
8,PE_PB,-0.039443,0.1,0.25,0.45,0.55,0.65,0.8,0.95,0.0,0.55,0.0,0.1,0.05
8,PE_PB,-0.039445,0.15,0.2,0.3,0.6,0.7,0.8,0.9,0.0,0.5,0.0,0.08,0.05
8,PE_FED,-0.039449,0.2,0.25,0.3,0.55,0.75,0.8,0.9,0.5,0.0,0.0,0.12,0.03
6,PE_PB_FED,-0.03945,0.05,0.2,0.35,0.65,0.75,0.8,0.85,0.0,0.55,0.8,0.12,0.03
6,PE_PB_FED,-0.039452,0.15,0.2,0.45,0.7,0.7,0.75,0.85,-0.5,0.55,0.8,0.12,0.05
8,PE_PB_FED,-0.039452,0.1,0.25,0.35,0.7,0.7,0.8,0.85,0.5,0.65,0.7,0.08,0.03
6,PE_PB,-0.039455,0.05,0.3,0.45,0.7,0.65,0.8,0.9,0.0,0.65,0.0,0.1,0.03
8,PE_PB,-0.039455,0.1,0.3,0.45,0.7,0.7,0.75,0.9,0.0,0.5,0.0,0.06,0.04
8,PE_PB,-0.039456,0.05,0.25,0.45,0.5,0.7,0.75,0.95,0.0,0.6,0.0,0.12,0.04
6,PE_PB,-0.039458,0.1,0.15,0.35,0.55,0.7,0.8,0.9,0.0,0.55,0.0,0.1,0.04
8,PE_FED,-0.039458,0.05,0.25,0.4,0.6,0.65,0.75,0.85,0.5,0.0,0.0,0.08,0.04
6,PB_FED,-0.039459,0.1,0.15,0.35,0.7,0.7,0.8,0.95,0.5,0.0,0.0,0.08,0.03
8,PE_PB,-0.039463,0.15,0.2,0.3,0.5,0.75,0.8,0.85,0.0,0.65,0.0,0.06,0.03
6,PE_only,-0.039465,0.2,0.25,0.35,0.55,0.65,0.85,0.9,0.0,0.0,0.0,0.12,0.04
8,PE_only,-0.039469,0.1,0.3,0.45,0.5,0.75,0.8,0.9,0.0,0.0,0.0,0.08,0.04
6,PE_PB,-0.039474,0.1,0.2,0.3,0.55,0.75,0.85,0.9,0.0,0.65,0.0,0.06,0.03
8,PE_PB_FED,-0.039474,0.15,0.25,0.4,0.5,0.75,0.85,0.9,0.0,0.55,0.7,0.1,0.05
8,PE_PB,-0.039475,0.1,0.2,0.35,0.5,0.7,0.8,0.95,0.0,0.55,0.0,0.1,0.04
8,PE_PB,-0.03948,0.2,0.25,0.45,0.65,0.75,0.85,0.95,0.0,0.55,0.0,0.08,0.04
6,PE_PB_FED,-0.039481,0.05,0.15,0.3,0.7,0.7,0.8,0.85,-0.5,0.5,0.7,0.12,0.04
6,PE_PB_FED,-0.039482,0.1,0.2,0.35,0.6,0.7,0.75,0.85,-0.5,0.6,0.7,0.08,0.04
6,PE_PB,-0.039485,0.2,0.25,0.3,0.7,0.7,0.8,0.85,0.0,0.6,0.0,0.12,0.05
8,PE_PB,-0.039492,0.1,0.3,0.45,0.65,0.7,0.8,0.85,0.0,0.6,0.0,0.12,0.03
6,PE_PB,-0.039493,0.15,0.2,0.45,0.6,0.75,0.8,0.9,0.0,0.65,0.0,0.12,0.05
6,PE_PB_FED,-0.039497,0.05,0.3,0.4,0.7,0.7,0.8,0.9,0.0,0.65,0.75,0.12,0.03
8,PE_PB,-0.039499,0.2,0.3,0.45,0.7,0.7,0.8,0.95,0.0,0.5,0.0,0.1,0.05
6,PE_FED,-0.039502,0.2,0.25,0.3,0.55,0.65,0.75,0.85,-0.5,0.0,0.0,0.08,0.04
8,PE_PB,-0.039503,0.15,0.2,0.45,0.55,0.7,0.75,0.85,0.0,0.55,0.0,0.08,0.04
6,PE_only,-0.039509,0.1,0.2,0.35,0.5,0.65,0.8,0.85,0.0,0.0,0.0,0.06,0.05
8,PE_PB_FED,-0.03951,0.1,0.15,0.45,0.55,0.75,0.8,0.85,0.5,0.65,0.7,0.06,0.03
6,PE_PB_FED,-0.039511,0.2,0.25,0.4,0.6,0.75,0.85,0.95,-0.5,0.65,0.7,0.12,0.04
8,PE_FED,-0.039514,0.05,0.25,0.35,0.55,0.75,0.8,0.9,0.5,0.0,0.0,0.08,0.04
6,PE_FED,-0.039516,0.2,0.3,0.35,0.55,0.7,0.75,0.9,0.0,0.0,0.0,0.08,0.04
6,PE_PB,-0.039517,0.05,0.15,0.3,0.55,0.7,0.75,0.85,0.0,0.55,0.0,0.1,0.05
8,PE_PB,-0.039525,0.1,0.15,0.35,0.55,0.7,0.8,0.85,0.0,0.5,0.0,0.08,0.03
6,PE_PB,-0.039526,0.05,0.2,0.4,0.55,0.75,0.8,0.85,0.0,0.65,0.0,0.1,0.05
6,PE_PB,-0.039531,0.1,0.15,0.35,0.6,0.75,0.8,0.85,0.0,0.6,0.0,0.12,0.04
6,PE_PB,-0.039535,0.15,0.3,0.35,0.6,0.7,0.75,0.95,0.0,0.55,0.0,0.12,0.05
8,PE_FED,-0.039536,0.05,0.3,0.4,0.7,0.7,0.85,0.95,0.5,0.0,0.0,0.12,0.05
8,PE_FED,-0.039539,0.1,0.2,0.45,0.5,0.65,0.8,0.9,0.5,0.0,0.0,0.06,0.03
6,PB_FED,-0.03954,0.1,0.15,0.35,0.65,0.65,0.8,0.95,0.5,0.0,0.0,0.06,0.03
6,PE_PB_FED,-0.039541,0.1,0.3,0.35,0.65,0.7,0.8,0.9,-0.5,0.65,0.8,0.06,0.04
8,PB_FED,-0.039542,0.2,0.3,0.45,0.5,0.7,0.85,0.9,0.5,0.0,0.0,0.1,0.05
6,PE_PB,-0.039544,0.1,0.15,0.35,0.65,0.75,0.85,0.95,0.0,0.5,0.0,0.08,0.05
6,PE_PB,-0.039545,0.2,0.25,0.4,0.7,0.7,0.8,0.85,0.0,0.55,0.0,0.1,0.05
6,PE_PB,-0.039549,0.15,0.25,0.3,0.65,0.65,0.75,0.85,0.0,0.65,0.0,0.1,0.05
8,PE_FED,-0.039555,0.1,0.2,0.45,0.55,0.7,0.8,0.85,0.5,0.0,0.0,0.1,0.03
6,PE_FED,-0.039556,0.05,0.25,0.4,0.5,0.7,0.8,0.95,0.0,0.0,0.0,0.08,0.03
6,PE_FED,-0.039556,0.05,0.25,0.3,0.5,0.7,0.8,0.95,-0.5,0.0,0.0,0.1,0.05
8,PE_FED,-0.039556,0.1,0.25,0.45,0.7,0.7,0.8,0.85,0.5,0.0,0.0,0.12,0.05
8,PE_PB,-0.039557,0.1,0.25,0.3,0.55,0.75,0.85,0.95,0.0,0.55,0.0,0.06,0.03
8,PE_FED,-0.039557,0.15,0.3,0.35,0.6,0.65,0.85,0.95,0.5,0.0,0.0,0.06,0.03
6,PE_PB,-0.039558,0.05,0.3,0.4,0.7,0.65,0.85,0.95,0.0,0.6,0.0,0.08,0.03
6,PE_FED,-0.03956,0.1,0.2,0.35,0.5,0.7,0.85,0.9,0.0,0.0,0.0,0.06,0.03
6,PE_only,-0.039561,0.15,0.3,0.45,0.5,0.75,0.8,0.95,0.0,0.0,0.0,0.06,0.04
6,PE_PB_FED,-0.039562,0.05,0.2,0.35,0.6,0.65,0.8,0.85,-0.5,0.6,0.75,0.06,0.03
8,PE_FED,-0.039562,0.15,0.2,0.4,0.55,0.7,0.85,0.9,0.5,0.0,0.0,0.06,0.04
8,PE_PB,-0.039565,0.15,0.3,0.45,0.55,0.65,0.8,0.95,0.0,0.6,0.0,0.08,0.05
6,PE_PB_FED,-0.039568,0.1,0.2,0.45,0.65,0.65,0.85,0.95,-0.5,0.55,0.7,0.06,0.05
6,PE_only,-0.039569,0.1,0.2,0.45,0.5,0.65,0.8,0.85,0.0,0.0,0.0,0.1,0.04
6,PE_FED,-0.039569,0.15,0.3,0.4,0.6,0.7,0.75,0.85,0.0,0.0,0.0,0.06,0.05
6,PE_only,-0.03957,0.15,0.25,0.3,0.5,0.65,0.8,0.85,0.0,0.0,0.0,0.12,0.03
6,PE_PB_FED,-0.03957,0.1,0.3,0.4,0.6,0.65,0.8,0.95,0.0,0.65,0.7,0.12,0.03
6,PE_only,-0.039571,0.2,0.25,0.4,0.55,0.75,0.85,0.9,0.0,0.0,0.0,0.12,0.04
6,PE_FED,-0.039572,0.2,0.3,0.35,0.6,0.65,0.75,0.85,-0.5,0.0,0.0,0.12,0.05
8,PE_only,-0.039577,0.1,0.3,0.35,0.5,0.65,0.75,0.85,0.0,0.0,0.0,0.06,0.05
8,PE_PB,-0.039577,0.1,0.3,0.45,0.5,0.65,0.75,0.95,0.0,0.65,0.0,0.1,0.03
6,PE_only,-0.039579,0.05,0.25,0.45,0.5,0.7,0.85,0.95,0.0,0.0,0.0,0.12,0.05
6,PE_PB,-0.03958,0.2,0.25,0.4,0.7,0.65,0.75,0.85,0.0,0.65,0.0,0.1,0.05
6,PE_FED,-0.03958,0.15,0.2,0.45,0.5,0.7,0.8,0.9,-0.5,0.0,0.0,0.1,0.03
6,PB_FED,-0.03958,0.1,0.15,0.3,0.65,0.65,0.85,0.9,0.5,0.0,0.0,0.12,0.04
8,PE_PB,-0.03958,0.05,0.25,0.4,0.5,0.75,0.8,0.9,0.0,0.65,0.0,0.06,0.03
6,PE_PB,-0.039583,0.15,0.25,0.4,0.65,0.75,0.8,0.9,0.0,0.65,0.0,0.12,0.05
8,PE_PB_FED,-0.039586,0.15,0.25,0.35,0.7,0.65,0.85,0.95,0.5,0.6,0.7,0.12,0.04
6,PE_PB,-0.039591,0.15,0.2,0.45,0.65,0.7,0.75,0.9,0.0,0.5,0.0,0.12,0.03
6,PE_only,-0.039593,0.05,0.3,0.4,0.6,0.65,0.8,0.85,0.0,0.0,0.0,0.06,0.05
6,PE_PB,-0.039593,0.15,0.2,0.45,0.55,0.65,0.85,0.95,0.0,0.6,0.0,0.1,0.04
8,PE_only,-0.039593,0.2,0.25,0.4,0.5,0.65,0.85,0.9,0.0,0.0,0.0,0.12,0.04
6,PE_PB,-0.039595,0.15,0.2,0.35,0.6,0.75,0.85,0.95,0.0,0.6,0.0,0.12,0.05
8,PE_FED,-0.039595,0.1,0.3,0.45,0.65,0.65,0.85,0.95,0.5,0.0,0.0,0.12,0.03
6,PB_FED,-0.039598,0.15,0.2,0.45,0.7,0.65,0.75,0.95,0.5,0.0,0.0,0.08,0.04
8,PE_PB,-0.039599,0.15,0.2,0.4,0.5,0.7,0.75,0.95,0.0,0.5,0.0,0.12,0.04
6,PE_only,-0.039602,0.2,0.25,0.35,0.5,0.75,0.8,0.9,0.0,0.0,0.0,0.1,0.03
6,PE_PB,-0.039604,0.05,0.3,0.4,0.7,0.75,0.8,0.9,0.0,0.65,0.0,0.1,0.05
6,PE_FED,-0.039605,0.2,0.25,0.3,0.5,0.65,0.8,0.95,0.0,0.0,0.0,0.12,0.04
6,PE_only,-0.039606,0.1,0.2,0.4,0.5,0.65,0.8,0.85,0.0,0.0,0.0,0.1,0.05
8,PE_PB,-0.039607,0.15,0.25,0.3,0.5,0.75,0.8,0.95,0.0,0.6,0.0,0.08,0.04
8,PE_PB,-0.03961,0.1,0.15,0.4,0.55,0.75,0.8,0.85,0.0,0.5,0.0,0.1,0.03
8,PE_FED,-0.039614,0.05,0.25,0.45,0.65,0.75,0.8,0.9,0.5,0.0,0.0,0.08,0.05
8,PE_PB,-0.039617,0.2,0.3,0.4,0.65,0.7,0.8,0.95,0.0,0.5,0.0,0.08,0.03
8,PE_PB,-0.039621,0.05,0.25,0.35,0.55,0.7,0.8,0.85,0.0,0.6,0.0,0.12,0.03
6,PE_only,-0.039625,0.05,0.3,0.4,0.6,0.75,0.8,0.85,0.0,0.0,0.0,0.08,0.05
6,PE_PB,-0.039625,0.1,0.3,0.4,0.65,0.75,0.85,0.95,0.0,0.55,0.0,0.12,0.03
8,PE_PB,-0.039625,0.1,0.3,0.35,0.5,0.65,0.8,0.95,0.0,0.65,0.0,0.08,0.03
8,PE_PB,-0.039627,0.2,0.25,0.3,0.55,0.65,0.75,0.9,0.0,0.6,0.0,0.08,0.05
8,PE_FED,-0.039627,0.1,0.3,0.35,0.55,0.7,0.8,0.95,0.5,0.0,0.0,0.12,0.04
6,PE_PB,-0.03963,0.15,0.2,0.35,0.55,0.75,0.8,0.9,0.0,0.6,0.0,0.06,0.05
8,PE_PB_FED,-0.039633,0.05,0.2,0.4,0.65,0.75,0.85,0.95,0.5,0.6,0.75,0.06,0.04
6,PE_PB,-0.039635,0.15,0.2,0.35,0.6,0.65,0.85,0.9,0.0,0.65,0.0,0.08,0.04
8,PE_PB,-0.039639,0.1,0.25,0.45,0.6,0.75,0.85,0.9,0.0,0.6,0.0,0.06,0.03
6,PE_PB,-0.039642,0.2,0.25,0.4,0.7,0.75,0.8,0.85,0.0,0.6,0.0,0.06,0.05
6,PE_PB,-0.039642,0.05,0.25,0.4,0.55,0.7,0.75,0.9,0.0,0.6,0.0,0.1,0.04
6,PE_PB,-0.039643,0.1,0.25,0.45,0.65,0.65,0.85,0.9,0.0,0.65,0.0,0.12,0.05
6,PE_PB_FED,-0.039644,0.05,0.25,0.3,0.7,0.65,0.8,0.9,-0.5,0.55,0.75,0.1,0.04
6,PE_PB,-0.039648,0.15,0.25,0.45,0.55,0.7,0.75,0.95,0.0,0.55,0.0,0.1,0.03
8,PE_PB,-0.039648,0.05,0.3,0.4,0.6,0.65,0.8,0.85,0.0,0.6,0.0,0.12,0.03
6,PE_PB,-0.039652,0.05,0.25,0.45,0.55,0.7,0.75,0.95,0.0,0.55,0.0,0.1,0.03
8,PE_PB_FED,-0.039652,0.15,0.2,0.4,0.6,0.65,0.75,0.95,0.5,0.5,0.8,0.12,0.04
6,PB_FED,-0.039654,0.15,0.2,0.3,0.7,0.7,0.75,0.95,0.5,0.0,0.0,0.1,0.04
6,PE_only,-0.039655,0.2,0.3,0.45,0.55,0.65,0.85,0.95,0.0,0.0,0.0,0.1,0.04
8,PE_PB_FED,-0.039655,0.1,0.2,0.35,0.55,0.7,0.85,0.95,0.5,0.6,0.7,0.1,0.03
6,PE_PB,-0.039656,0.1,0.2,0.3,0.55,0.7,0.75,0.9,0.0,0.55,0.0,0.08,0.04
6,PB_FED,-0.039657,0.05,0.15,0.3,0.7,0.75,0.8,0.95,0.5,0.0,0.0,0.08,0.04
8,PE_PB_FED,-0.039658,0.15,0.25,0.4,0.6,0.7,0.8,0.95,0.5,0.6,0.8,0.12,0.04
8,PE_PB_FED,-0.039659,0.15,0.2,0.45,0.55,0.75,0.8,0.95,0.5,0.55,0.8,0.1,0.03
6,PB_FED,-0.039661,0.1,0.2,0.3,0.55,0.7,0.75,0.9,0.5,0.0,0.0,0.08,0.03
8,PE_FED,-0.039664,0.05,0.25,0.45,0.55,0.65,0.8,0.9,0.5,0.0,0.0,0.08,0.03
8,PE_PB_FED,-0.039667,0.1,0.15,0.35,0.55,0.65,0.8,0.85,0.5,0.6,0.7,0.12,0.03
8,PE_PB,-0.039674,0.1,0.25,0.3,0.6,0.65,0.75,0.85,0.0,0.55,0.0,0.1,0.05
8,PE_PB_FED,-0.039677,0.15,0.2,0.4,0.65,0.7,0.85,0.9,0.5,0.65,0.8,0.06,0.04
8,PE_PB,-0.039682,0.15,0.25,0.45,0.55,0.7,0.8,0.85,0.0,0.65,0.0,0.12,0.05
6,PE_PB,-0.039685,0.15,0.2,0.45,0.55,0.7,0.75,0.85,0.0,0.6,0.0,0.12,0.03
6,PE_PB,-0.039686,0.15,0.25,0.35,0.65,0.75,0.85,0.9,0.0,0.6,0.0,0.12,0.03
8,PE_PB,-0.039687,0.15,0.2,0.4,0.55,0.65,0.8,0.85,0.0,0.55,0.0,0.1,0.04
6,PE_PB_FED,-0.039693,0.15,0.2,0.3,0.65,0.7,0.8,0.85,0.0,0.55,0.75,0.08,0.05
8,PE_PB,-0.039693,0.1,0.25,0.45,0.5,0.75,0.8,0.95,0.0,0.6,0.0,0.06,0.03
6,PE_PB,-0.039698,0.05,0.25,0.45,0.65,0.7,0.8,0.9,0.0,0.55,0.0,0.1,0.05
6,PE_PB,-0.039698,0.05,0.25,0.45,0.55,0.65,0.75,0.9,0.0,0.6,0.0,0.06,0.03
6,PE_FED,-0.039698,0.1,0.25,0.4,0.5,0.75,0.8,0.95,-0.5,0.0,0.0,0.06,0.04
6,PE_PB,-0.039699,0.15,0.3,0.35,0.55,0.7,0.75,0.9,0.0,0.65,0.0,0.1,0.03
6,PE_PB,-0.039699,0.15,0.2,0.45,0.55,0.65,0.75,0.85,0.0,0.6,0.0,0.06,0.04
6,PE_only,-0.039703,0.15,0.3,0.45,0.6,0.75,0.85,0.9,0.0,0.0,0.0,0.06,0.04
6,PE_only,-0.039703,0.15,0.3,0.45,0.6,0.75,0.85,0.9,0.0,0.0,0.0,0.12,0.04
6,PE_FED,-0.039707,0.05,0.2,0.3,0.5,0.65,0.85,0.9,0.0,0.0,0.0,0.08,0.04
8,PE_only,-0.039707,0.05,0.25,0.45,0.5,0.7,0.85,0.9,0.0,0.0,0.0,0.12,0.05
8,PE_PB,-0.039707,0.15,0.25,0.45,0.65,0.75,0.8,0.9,0.0,0.5,0.0,0.06,0.04
6,PE_PB_FED,-0.039709,0.05,0.25,0.35,0.7,0.7,0.75,0.95,-0.5,0.5,0.8,0.08,0.04
6,PE_PB_FED,-0.039711,0.05,0.2,0.4,0.55,0.75,0.85,0.95,0.0,0.6,0.7,0.06,0.04
6,PE_PB,-0.039712,0.05,0.15,0.45,0.55,0.7,0.85,0.9,0.0,0.6,0.0,0.08,0.04
6,PE_PB,-0.039712,0.2,0.25,0.4,0.65,0.65,0.75,0.9,0.0,0.55,0.0,0.08,0.05
6,PE_only,-0.039715,0.15,0.3,0.4,0.55,0.7,0.8,0.85,0.0,0.0,0.0,0.08,0.04
6,PE_only,-0.039717,0.2,0.25,0.3,0.5,0.7,0.85,0.95,0.0,0.0,0.0,0.12,0.04
6,PE_only,-0.039723,0.05,0.3,0.35,0.55,0.75,0.8,0.85,0.0,0.0,0.0,0.1,0.03
6,PE_PB_FED,-0.039724,0.05,0.2,0.35,0.6,0.7,0.85,0.95,0.0,0.55,0.75,0.12,0.04
8,PE_PB,-0.039726,0.2,0.3,0.45,0.65,0.7,0.75,0.9,0.0,0.55,0.0,0.1,0.03
6,PE_PB_FED,-0.039731,0.15,0.3,0.35,0.65,0.65,0.8,0.9,0.0,0.65,0.7,0.06,0.03
6,PE_only,-0.039733,0.15,0.25,0.4,0.5,0.75,0.8,0.9,0.0,0.0,0.0,0.06,0.05
6,PE_PB,-0.039733,0.1,0.15,0.45,0.5,0.7,0.8,0.9,0.0,0.65,0.0,0.08,0.04
6,PE_PB,-0.039734,0.15,0.2,0.35,0.6,0.7,0.75,0.85,0.0,0.6,0.0,0.06,0.03
6,PE_only,-0.039737,0.15,0.3,0.4,0.55,0.75,0.8,0.85,0.0,0.0,0.0,0.06,0.04
8,PE_PB_FED,-0.039738,0.05,0.3,0.35,0.7,0.7,0.75,0.95,0.5,0.6,0.7,0.08,0.04
8,PE_FED,-0.039739,0.2,0.25,0.35,0.5,0.65,0.75,0.95,0.5,0.0,0.0,0.08,0.05
6,PE_PB,-0.039741,0.15,0.25,0.3,0.6,0.75,0.85,0.95,0.0,0.55,0.0,0.08,0.04
8,PE_PB_FED,-0.039744,0.2,0.3,0.35,0.5,0.65,0.8,0.9,-0.5,0.65,0.8,0.12,0.03
8,PE_PB,-0.039745,0.1,0.25,0.45,0.6,0.65,0.8,0.85,0.0,0.6,0.0,0.06,0.05
6,PE_FED,-0.039747,0.15,0.2,0.45,0.5,0.65,0.85,0.95,-0.5,0.0,0.0,0.06,0.04
8,PE_PB_FED,-0.039747,0.05,0.3,0.35,0.65,0.65,0.85,0.9,-0.5,0.5,0.75,0.06,0.03
8,PE_PB,-0.039748,0.2,0.3,0.45,0.6,0.7,0.8,0.85,0.0,0.65,0.0,0.06,0.04
6,PE_PB,-0.039749,0.15,0.2,0.3,0.55,0.75,0.85,0.95,0.0,0.55,0.0,0.08,0.03
6,PB_FED,-0.03975,0.15,0.2,0.45,0.65,0.7,0.8,0.9,0.5,0.0,0.0,0.08,0.03
6,PB_FED,-0.039752,0.05,0.15,0.4,0.6,0.7,0.75,0.85,0.5,0.0,0.0,0.08,0.03
8,PE_PB,-0.039754,0.2,0.25,0.45,0.6,0.75,0.85,0.95,0.0,0.55,0.0,0.08,0.03
6,PE_PB,-0.039755,0.05,0.3,0.35,0.65,0.7,0.75,0.95,0.0,0.6,0.0,0.12,0.04
6,PB_FED,-0.039755,0.1,0.2,0.3,0.65,0.75,0.8,0.9,0.5,0.0,0.0,0.12,0.04
6,PE_FED,-0.039756,0.05,0.15,0.45,0.5,0.7,0.75,0.85,0.0,0.0,0.0,0.08,0.03
8,PE_PB,-0.039761,0.1,0.2,0.45,0.55,0.75,0.85,0.95,0.0,0.55,0.0,0.06,0.05
8,PE_FED,-0.039762,0.05,0.25,0.35,0.65,0.65,0.8,0.85,0.5,0.0,0.0,0.08,0.04
6,PE_PB,-0.039763,0.05,0.3,0.45,0.6,0.75,0.8,0.95,0.0,0.55,0.0,0.12,0.03
6,PE_PB,-0.039768,0.1,0.15,0.3,0.5,0.7,0.75,0.85,0.0,0.6,0.0,0.06,0.03
8,PE_PB_FED,-0.039768,0.1,0.3,0.4,0.6,0.65,0.75,0.85,-0.5,0.5,0.75,0.12,0.04
6,PE_only,-0.039769,0.05,0.3,0.45,0.6,0.75,0.8,0.85,0.0,0.0,0.0,0.08,0.04
6,PE_PB_FED,-0.039769,0.05,0.25,0.4,0.55,0.65,0.8,0.95,-0.5,0.65,0.8,0.08,0.04
6,PE_PB_FED,-0.039771,0.15,0.2,0.4,0.7,0.7,0.85,0.9,0.0,0.5,0.7,0.08,0.03
6,PE_PB_FED,-0.039772,0.15,0.2,0.35,0.55,0.7,0.8,0.9,0.0,0.55,0.8,0.08,0.03
8,PE_PB,-0.039773,0.05,0.2,0.4,0.55,0.7,0.75,0.85,0.0,0.5,0.0,0.1,0.04
6,PE_PB,-0.039774,0.1,0.2,0.4,0.55,0.7,0.85,0.9,0.0,0.65,0.0,0.1,0.04
6,PE_PB,-0.039775,0.05,0.25,0.35,0.6,0.75,0.8,0.9,0.0,0.55,0.0,0.06,0.04
6,PE_PB,-0.039776,0.05,0.3,0.4,0.65,0.65,0.8,0.9,0.0,0.55,0.0,0.1,0.03
6,PE_PB,-0.039776,0.05,0.3,0.4,0.65,0.7,0.8,0.9,0.0,0.55,0.0,0.12,0.03
8,PE_PB,-0.039776,0.15,0.2,0.3,0.5,0.75,0.8,0.9,0.0,0.6,0.0,0.1,0.04
6,PE_PB_FED,-0.039777,0.05,0.3,0.45,0.65,0.65,0.75,0.95,-0.5,0.6,0.7,0.06,0.03
8,PE_PB_FED,-0.039777,0.1,0.3,0.4,0.5,0.7,0.75,0.85,-0.5,0.65,0.7,0.08,0.04
6,PE_PB_FED,-0.039795,0.15,0.2,0.4,0.55,0.7,0.85,0.95,0.0,0.55,0.8,0.12,0.03
8,PE_PB,-0.039797,0.1,0.15,0.35,0.5,0.75,0.85,0.9,0.0,0.65,0.0,0.06,0.05
6,PE_PB_FED,-0.039799,0.05,0.2,0.45,0.65,0.75,0.85,0.9,0.0,0.6,0.8,0.06,0.05
8,PE_FED,-0.039799,0.2,0.25,0.4,0.5,0.65,0.75,0.95,0.5,0.0,0.0,0.12,0.04
8,PE_PB_FED,-0.039811,0.15,0.25,0.3,0.7,0.65,0.85,0.9,0.5,0.65,0.75,0.12,0.04
6,PE_PB,-0.039812,0.15,0.25,0.35,0.55,0.7,0.75,0.95,0.0,0.55,0.0,0.12,0.05
6,PE_only,-0.039813,0.05,0.3,0.45,0.5,0.7,0.8,0.95,0.0,0.0,0.0,0.06,0.04
6,PB_FED,-0.039813,0.15,0.2,0.35,0.7,0.65,0.75,0.95,0.5,0.0,0.0,0.06,0.05
6,PE_PB_FED,-0.039814,0.05,0.3,0.45,0.65,0.7,0.8,0.95,-0.5,0.6,0.8,0.12,0.03
8,PE_PB_FED,-0.039815,0.15,0.25,0.45,0.55,0.65,0.75,0.85,-0.5,0.5,0.75,0.1,0.05
6,PB_FED,-0.039818,0.1,0.2,0.35,0.6,0.7,0.75,0.85,0.5,0.0,0.0,0.12,0.03
8,PE_PB,-0.03982,0.1,0.25,0.45,0.65,0.7,0.75,0.85,0.0,0.5,0.0,0.06,0.03
8,PE_FED,-0.03982,0.05,0.2,0.3,0.5,0.75,0.85,0.95,0.5,0.0,0.0,0.1,0.04
8,PE_FED,-0.03982,0.05,0.2,0.3,0.5,0.7,0.85,0.95,0.5,0.0,0.0,0.12,0.04
8,PE_PB_FED,-0.039822,0.1,0.25,0.45,0.6,0.75,0.85,0.9,-0.5,0.5,0.7,0.1,0.03
6,PE_FED,-0.039825,0.05,0.15,0.35,0.5,0.65,0.8,0.85,-0.5,0.0,0.0,0.12,0.04
6,PE_only,-0.039826,0.2,0.25,0.45,0.5,0.65,0.85,0.95,0.0,0.0,0.0,0.1,0.03
8,PE_PB_FED,-0.039828,0.05,0.25,0.45,0.5,0.65,0.85,0.9,-0.5,0.65,0.8,0.08,0.03
8,PE_FED,-0.039834,0.15,0.25,0.45,0.6,0.65,0.75,0.85,0.5,0.0,0.0,0.06,0.05
6,PE_PB,-0.039841,0.1,0.2,0.4,0.55,0.65,0.75,0.9,0.0,0.55,0.0,0.12,0.04
6,PE_FED,-0.039841,0.2,0.3,0.35,0.6,0.7,0.85,0.9,-0.5,0.0,0.0,0.1,0.04
8,PE_PB_FED,-0.039843,0.1,0.2,0.3,0.6,0.75,0.85,0.95,0.5,0.6,0.75,0.06,0.04
8,PE_PB,-0.039844,0.1,0.2,0.4,0.5,0.65,0.75,0.85,0.0,0.6,0.0,0.06,0.03
8,PE_PB,-0.039845,0.1,0.3,0.35,0.65,0.65,0.85,0.95,0.0,0.55,0.0,0.08,0.05
6,PE_FED,-0.03985,0.2,0.3,0.4,0.6,0.7,0.85,0.9,-0.5,0.0,0.0,0.08,0.03
6,PE_PB,-0.039856,0.1,0.15,0.3,0.55,0.75,0.8,0.85,0.0,0.55,0.0,0.06,0.03
6,PE_PB_FED,-0.039856,0.1,0.25,0.3,0.6,0.75,0.8,0.85,-0.5,0.65,0.7,0.06,0.03
6,PE_only,-0.039858,0.05,0.3,0.35,0.55,0.75,0.8,0.85,0.0,0.0,0.0,0.08,0.04
6,PE_FED,-0.03986,0.1,0.15,0.45,0.5,0.7,0.75,0.85,-0.5,0.0,0.0,0.1,0.03
8,PE_PB_FED,-0.039861,0.15,0.3,0.35,0.5,0.65,0.8,0.85,0.0,0.55,0.75,0.08,0.04
8,PE_PB_FED,-0.039862,0.05,0.3,0.35,0.55,0.75,0.85,0.9,0.0,0.5,0.7,0.06,0.03
6,PE_PB,-0.039863,0.05,0.25,0.4,0.6,0.7,0.85,0.95,0.0,0.55,0.0,0.1,0.04
6,PE_PB,-0.039865,0.15,0.3,0.45,0.6,0.65,0.8,0.95,0.0,0.65,0.0,0.06,0.04
8,PE_only,-0.039868,0.15,0.3,0.45,0.5,0.65,0.75,0.85,0.0,0.0,0.0,0.06,0.05
6,PE_only,-0.03987,0.2,0.25,0.3,0.5,0.7,0.8,0.9,0.0,0.0,0.0,0.08,0.04
8,PE_PB,-0.039872,0.15,0.25,0.3,0.6,0.7,0.75,0.9,0.0,0.5,0.0,0.1,0.05
6,PE_PB,-0.039882,0.1,0.2,0.45,0.65,0.75,0.8,0.95,0.0,0.5,0.0,0.1,0.05
6,PE_PB,-0.039885,0.1,0.25,0.4,0.65,0.7,0.8,0.85,0.0,0.65,0.0,0.06,0.03
6,PE_PB_FED,-0.039887,0.05,0.15,0.35,0.6,0.75,0.85,0.95,0.0,0.55,0.8,0.08,0.04
8,PE_FED,-0.03989,0.2,0.25,0.45,0.65,0.65,0.75,0.85,0.5,0.0,0.0,0.12,0.04
8,PE_FED,-0.039891,0.1,0.2,0.3,0.5,0.65,0.8,0.9,0.5,0.0,0.0,0.1,0.05
8,PE_FED,-0.039894,0.05,0.15,0.3,0.5,0.65,0.8,0.85,0.5,0.0,0.0,0.1,0.05
8,PE_PB_FED,-0.039895,0.2,0.3,0.4,0.55,0.65,0.8,0.85,0.0,0.5,0.8,0.1,0.04
6,PE_FED,-0.039896,0.2,0.25,0.35,0.55,0.75,0.8,0.85,0.0,0.0,0.0,0.1,0.03
6,PE_PB,-0.039898,0.05,0.25,0.35,0.65,0.7,0.8,0.85,0.0,0.55,0.0,0.08,0.05
6,PE_PB,-0.039899,0.1,0.2,0.35,0.5,0.7,0.8,0.95,0.0,0.55,0.0,0.08,0.03
6,PE_PB,-0.039899,0.05,0.2,0.35,0.65,0.7,0.75,0.9,0.0,0.5,0.0,0.08,0.05
6,PE_only,-0.039907,0.15,0.3,0.35,0.55,0.65,0.85,0.9,0.0,0.0,0.0,0.12,0.04
8,PE_FED,-0.039912,0.2,0.25,0.4,0.65,0.65,0.75,0.85,0.5,0.0,0.0,0.1,0.05
6,PE_PB_FED,-0.039919,0.15,0.2,0.3,0.55,0.7,0.85,0.95,-0.5,0.6,0.75,0.1,0.05
6,PE_PB,-0.039921,0.2,0.25,0.4,0.55,0.65,0.8,0.95,0.0,0.6,0.0,0.1,0.05
8,PE_PB,-0.039923,0.15,0.3,0.45,0.7,0.7,0.85,0.95,0.0,0.5,0.0,0.12,0.05
6,PE_PB,-0.039926,0.2,0.3,0.35,0.65,0.7,0.75,0.95,0.0,0.65,0.0,0.1,0.05
8,PE_PB,-0.039927,0.1,0.2,0.4,0.55,0.65,0.8,0.85,0.0,0.55,0.0,0.06,0.04
6,PE_PB_FED,-0.039932,0.05,0.15,0.4,0.65,0.65,0.75,0.85,0.0,0.55,0.8,0.12,0.05
6,PE_only,-0.039933,0.2,0.3,0.35,0.6,0.75,0.85,0.9,0.0,0.0,0.0,0.06,0.03
6,PE_FED,-0.039933,0.15,0.2,0.3,0.5,0.65,0.75,0.85,-0.5,0.0,0.0,0.08,0.05
6,PE_PB,-0.03994,0.05,0.3,0.4,0.65,0.65,0.85,0.9,0.0,0.65,0.0,0.08,0.03
6,PE_only,-0.039941,0.1,0.25,0.3,0.5,0.65,0.8,0.85,0.0,0.0,0.0,0.08,0.04
6,PE_only,-0.039941,0.05,0.3,0.45,0.6,0.75,0.85,0.9,0.0,0.0,0.0,0.08,0.04
8,PE_PB,-0.039945,0.2,0.25,0.3,0.6,0.65,0.85,0.9,0.0,0.6,0.0,0.1,0.04
8,PE_PB,-0.039947,0.1,0.3,0.45,0.6,0.75,0.85,0.95,0.0,0.6,0.0,0.1,0.05
8,PE_PB_FED,-0.039951,0.1,0.25,0.35,0.5,0.65,0.75,0.95,0.5,0.65,0.75,0.1,0.05
6,PE_PB,-0.039952,0.05,0.15,0.4,0.5,0.7,0.85,0.95,0.0,0.55,0.0,0.06,0.03
6,PE_PB_FED,-0.039952,0.15,0.25,0.35,0.6,0.7,0.75,0.9,0.0,0.65,0.8,0.08,0.05
8,PE_PB,-0.039953,0.05,0.2,0.4,0.55,0.7,0.85,0.95,0.0,0.5,0.0,0.1,0.04
8,PE_PB,-0.039955,0.1,0.25,0.3,0.65,0.7,0.8,0.9,0.0,0.5,0.0,0.08,0.05
6,PE_PB,-0.039956,0.15,0.2,0.35,0.65,0.7,0.8,0.9,0.0,0.5,0.0,0.1,0.03
6,PE_only,-0.039959,0.2,0.3,0.4,0.5,0.65,0.8,0.95,0.0,0.0,0.0,0.06,0.04
6,PE_FED,-0.03996,0.05,0.3,0.45,0.6,0.75,0.8,0.9,0.0,0.0,0.0,0.12,0.04
6,PE_PB_FED,-0.03996,0.15,0.2,0.4,0.6,0.7,0.85,0.9,-0.5,0.6,0.7,0.06,0.04
8,PE_PB,-0.03996,0.1,0.2,0.45,0.55,0.75,0.8,0.85,0.0,0.6,0.0,0.08,0.05
8,PE_PB,-0.039963,0.1,0.3,0.35,0.7,0.65,0.75,0.9,0.0,0.5,0.0,0.08,0.05
6,PE_PB,-0.039964,0.2,0.3,0.4,0.65,0.65,0.75,0.95,0.0,0.65,0.0,0.08,0.05
8,PE_PB,-0.039965,0.15,0.3,0.35,0.7,0.65,0.8,0.85,0.0,0.5,0.0,0.06,0.03
8,PE_PB,-0.039965,0.1,0.15,0.45,0.5,0.65,0.75,0.85,0.0,0.6,0.0,0.1,0.05
8,PE_FED,-0.039966,0.05,0.25,0.4,0.55,0.65,0.85,0.95,0.5,0.0,0.0,0.1,0.04
6,PE_PB,-0.039967,0.1,0.25,0.35,0.6,0.65,0.8,0.9,0.0,0.55,0.0,0.08,0.04
6,PE_FED,-0.039967,0.15,0.3,0.4,0.6,0.75,0.85,0.9,-0.5,0.0,0.0,0.1,0.05
6,PE_FED,-0.039967,0.15,0.3,0.4,0.6,0.7,0.85,0.9,-0.5,0.0,0.0,0.12,0.05
8,PE_PB,-0.039971,0.05,0.3,0.4,0.7,0.65,0.8,0.85,0.0,0.5,0.0,0.12,0.03
8,PE_PB_FED,-0.039971,0.15,0.3,0.45,0.5,0.7,0.75,0.85,-0.5,0.65,0.8,0.06,0.04
6,PE_PB,-0.039972,0.1,0.2,0.4,0.65,0.65,0.85,0.95,0.0,0.5,0.0,0.06,0.03
6,PE_FED,-0.039972,0.1,0.25,0.35,0.5,0.7,0.75,0.9,-0.5,0.0,0.0,0.12,0.03
6,PE_only,-0.039978,0.2,0.3,0.35,0.6,0.75,0.85,0.9,0.0,0.0,0.0,0.1,0.04
6,PE_PB_FED,-0.039978,0.15,0.2,0.4,0.55,0.75,0.8,0.95,-0.5,0.55,0.8,0.12,0.05
8,PE_PB,-0.039978,0.15,0.2,0.35,0.6,0.7,0.8,0.85,0.0,0.5,0.0,0.06,0.04
8,PE_PB,-0.03998,0.05,0.25,0.45,0.6,0.75,0.8,0.9,0.0,0.5,0.0,0.06,0.03
6,PE_only,-0.039985,0.15,0.2,0.4,0.5,0.75,0.85,0.9,0.0,0.0,0.0,0.08,0.05
8,PE_FED,-0.039985,0.15,0.2,0.45,0.5,0.75,0.8,0.9,0.5,0.0,0.0,0.12,0.04
6,PE_PB,-0.039988,0.05,0.15,0.3,0.5,0.7,0.85,0.9,0.0,0.65,0.0,0.12,0.03
6,PE_PB,-0.039989,0.1,0.25,0.4,0.55,0.75,0.8,0.9,0.0,0.6,0.0,0.12,0.03
6,PE_PB,-0.039989,0.1,0.2,0.35,0.55,0.75,0.85,0.95,0.0,0.55,0.0,0.06,0.03
6,PE_PB_FED,-0.039989,0.05,0.2,0.3,0.5,0.75,0.8,0.95,-0.5,0.6,0.7,0.06,0.03
6,PE_PB,-0.03999,0.15,0.3,0.45,0.7,0.7,0.85,0.9,0.0,0.55,0.0,0.08,0.03
6,PE_only,-0.039992,0.1,0.3,0.35,0.6,0.65,0.85,0.9,0.0,0.0,0.0,0.08,0.05
8,PE_PB,-0.039995,0.15,0.2,0.45,0.55,0.65,0.75,0.85,0.0,0.55,0.0,0.08,0.05
6,PB_FED,-0.039997,0.1,0.15,0.35,0.55,0.7,0.75,0.9,0.5,0.0,0.0,0.1,0.04
8,PE_PB,-0.039998,0.05,0.3,0.45,0.65,0.7,0.75,0.9,0.0,0.5,0.0,0.12,0.03
6,PE_PB,-0.039999,0.2,0.3,0.4,0.7,0.65,0.75,0.9,0.0,0.6,0.0,0.12,0.05
6,PE_PB_FED,-0.039999,0.05,0.25,0.45,0.6,0.7,0.75,0.9,0.0,0.65,0.8,0.1,0.03
6,PE_PB_FED,-0.040007,0.1,0.25,0.3,0.65,0.75,0.8,0.95,0.0,0.55,0.75,0.08,0.05
8,PE_PB,-0.040007,0.15,0.3,0.35,0.65,0.7,0.75,0.9,0.0,0.5,0.0,0.06,0.04
8,PE_FED,-0.040007,0.2,0.3,0.35,0.6,0.7,0.8,0.95,0.5,0.0,0.0,0.12,0.05
6,PE_PB,-0.040011,0.15,0.2,0.45,0.55,0.7,0.85,0.9,0.0,0.65,0.0,0.12,0.03
6,PE_PB_FED,-0.040012,0.15,0.2,0.35,0.6,0.75,0.8,0.9,-0.5,0.55,0.7,0.08,0.04
6,PB_FED,-0.040017,0.05,0.15,0.35,0.7,0.75,0.8,0.9,0.5,0.0,0.0,0.12,0.04
6,PE_PB,-0.040018,0.1,0.3,0.35,0.65,0.7,0.8,0.9,0.0,0.65,0.0,0.08,0.03
8,PE_PB,-0.040019,0.2,0.25,0.35,0.6,0.65,0.8,0.85,0.0,0.6,0.0,0.06,0.05
6,PE_PB_FED,-0.04002,0.1,0.2,0.3,0.65,0.65,0.75,0.85,-0.5,0.55,0.7,0.1,0.05
8,PE_PB,-0.04002,0.1,0.2,0.45,0.6,0.7,0.85,0.95,0.0,0.5,0.0,0.06,0.04
6,PE_PB,-0.040022,0.2,0.3,0.4,0.7,0.65,0.8,0.9,0.0,0.65,0.0,0.12,0.04
6,PE_FED,-0.040022,0.05,0.2,0.45,0.5,0.7,0.75,0.85,0.0,0.0,0.0,0.08,0.05
6,PE_PB,-0.040023,0.1,0.25,0.3,0.5,0.65,0.8,0.95,0.0,0.6,0.0,0.1,0.03
6,PE_PB,-0.040025,0.1,0.25,0.4,0.6,0.7,0.75,0.85,0.0,0.65,0.0,0.1,0.04
8,PE_PB_FED,-0.040025,0.1,0.15,0.3,0.5,0.7,0.85,0.9,-0.5,0.5,0.8,0.06,0.05
8,PE_PB_FED,-0.040032,0.1,0.15,0.35,0.7,0.75,0.85,0.9,0.5,0.55,0.8,0.08,0.05
6,PE_PB_FED,-0.040035,0.1,0.15,0.35,0.6,0.65,0.75,0.85,0.0,0.55,0.75,0.08,0.04
6,PE_FED,-0.040041,0.2,0.25,0.3,0.5,0.7,0.75,0.9,0.0,0.0,0.0,0.12,0.04
6,PE_only,-0.040042,0.05,0.25,0.4,0.5,0.7,0.8,0.85,0.0,0.0,0.0,0.12,0.03
6,PE_FED,-0.040042,0.2,0.3,0.4,0.5,0.7,0.75,0.95,0.0,0.0,0.0,0.1,0.03
6,PE_PB_FED,-0.040044,0.05,0.2,0.3,0.55,0.7,0.8,0.85,-0.5,0.65,0.8,0.1,0.03
8,PE_PB,-0.040044,0.15,0.25,0.35,0.55,0.7,0.8,0.85,0.0,0.6,0.0,0.08,0.04
6,PE_PB,-0.040046,0.2,0.25,0.45,0.6,0.7,0.8,0.95,0.0,0.6,0.0,0.1,0.03
8,PE_PB,-0.040047,0.2,0.25,0.45,0.55,0.75,0.8,0.85,0.0,0.65,0.0,0.12,0.03
6,PE_PB,-0.040049,0.1,0.25,0.35,0.7,0.65,0.85,0.95,0.0,0.5,0.0,0.08,0.03
6,PE_only,-0.04005,0.1,0.2,0.35,0.5,0.7,0.85,0.9,0.0,0.0,0.0,0.08,0.05
6,PE_FED,-0.040051,0.1,0.15,0.35,0.5,0.7,0.85,0.9,-0.5,0.0,0.0,0.12,0.04
6,PE_FED,-0.040053,0.05,0.15,0.3,0.5,0.7,0.8,0.85,-0.5,0.0,0.0,0.1,0.05
8,PE_PB_FED,-0.040053,0.15,0.25,0.35,0.5,0.7,0.85,0.95,-0.5,0.5,0.8,0.1,0.03
8,PE_PB_FED,-0.040053,0.05,0.25,0.3,0.5,0.65,0.75,0.95,0.5,0.6,0.75,0.08,0.03
6,PE_PB,-0.040054,0.15,0.2,0.3,0.5,0.7,0.8,0.9,0.0,0.65,0.0,0.08,0.04
6,PE_PB_FED,-0.040054,0.1,0.15,0.35,0.5,0.65,0.85,0.95,0.0,0.65,0.8,0.12,0.03
6,PE_PB,-0.040055,0.05,0.25,0.4,0.6,0.7,0.8,0.9,0.0,0.65,0.0,0.08,0.05
8,PE_PB,-0.040064,0.05,0.25,0.4,0.6,0.75,0.8,0.9,0.0,0.5,0.0,0.08,0.04
6,PE_PB,-0.040067,0.15,0.2,0.35,0.7,0.7,0.8,0.85,0.0,0.5,0.0,0.08,0.05
6,PE_only,-0.04007,0.15,0.3,0.4,0.55,0.7,0.8,0.85,0.0,0.0,0.0,0.1,0.05
6,PE_PB,-0.040072,0.05,0.3,0.4,0.7,0.65,0.85,0.9,0.0,0.55,0.0,0.08,0.03
6,PE_FED,-0.040073,0.05,0.25,0.45,0.5,0.65,0.8,0.95,0.0,0.0,0.0,0.08,0.03
6,PE_PB,-0.040074,0.1,0.3,0.45,0.65,0.75,0.8,0.95,0.0,0.65,0.0,0.08,0.05
8,PE_PB,-0.040074,0.05,0.3,0.35,0.55,0.7,0.8,0.9,0.0,0.6,0.0,0.06,0.03
6,PE_FED,-0.040075,0.15,0.3,0.35,0.55,0.65,0.85,0.95,-0.5,0.0,0.0,0.12,0.04
6,PE_PB,-0.040076,0.1,0.2,0.45,0.55,0.7,0.75,0.85,0.0,0.6,0.0,0.08,0.04
8,PE_PB,-0.040076,0.15,0.25,0.45,0.6,0.7,0.75,0.85,0.0,0.55,0.0,0.06,0.05
6,PE_only,-0.040081,0.1,0.3,0.45,0.6,0.65,0.8,0.85,0.0,0.0,0.0,0.12,0.05
6,PE_FED,-0.040082,0.2,0.25,0.35,0.55,0.75,0.8,0.85,0.0,0.0,0.0,0.12,0.04
8,PE_PB,-0.040085,0.15,0.25,0.35,0.5,0.7,0.75,0.95,0.0,0.5,0.0,0.12,0.03
6,PE_PB_FED,-0.040086,0.15,0.25,0.35,0.65,0.65,0.8,0.95,0.0,0.55,0.8,0.12,0.05
6,PE_FED,-0.040089,0.1,0.15,0.3,0.5,0.7,0.8,0.85,-0.5,0.0,0.0,0.1,0.05
6,PE_FED,-0.040089,0.1,0.25,0.3,0.55,0.75,0.8,0.85,-0.5,0.0,0.0,0.08,0.05
8,PE_PB,-0.040089,0.05,0.25,0.45,0.65,0.75,0.8,0.9,0.0,0.5,0.0,0.12,0.05
6,PE_PB,-0.040091,0.2,0.25,0.3,0.65,0.65,0.8,0.9,0.0,0.6,0.0,0.1,0.05
6,PE_FED,-0.040091,0.05,0.15,0.3,0.5,0.75,0.8,0.85,-0.5,0.0,0.0,0.12,0.05
8,PE_PB,-0.040093,0.1,0.25,0.35,0.7,0.65,0.85,0.9,0.0,0.5,0.0,0.1,0.05
6,PE_PB_FED,-0.040097,0.05,0.2,0.3,0.55,0.65,0.75,0.95,-0.5,0.5,0.7,0.06,0.03
8,PE_FED,-0.040099,0.15,0.2,0.4,0.5,0.65,0.8,0.9,0.5,0.0,0.0,0.06,0.05
6,PE_PB,-0.0401,0.05,0.2,0.45,0.65,0.65,0.85,0.95,0.0,0.5,0.0,0.12,0.03
6,PE_PB,-0.040101,0.15,0.3,0.45,0.65,0.7,0.85,0.9,0.0,0.65,0.0,0.1,0.03
8,PE_PB,-0.040101,0.1,0.15,0.35,0.5,0.65,0.75,0.9,0.0,0.5,0.0,0.12,0.05
6,PE_FED,-0.040103,0.1,0.3,0.35,0.5,0.7,0.75,0.95,0.0,0.0,0.0,0.06,0.03
6,PE_only,-0.040104,0.2,0.3,0.35,0.6,0.65,0.8,0.85,0.0,0.0,0.0,0.1,0.05
6,PE_FED,-0.040107,0.15,0.25,0.45,0.55,0.7,0.8,0.9,0.0,0.0,0.0,0.12,0.05
8,PE_PB,-0.040107,0.15,0.2,0.3,0.5,0.65,0.85,0.95,0.0,0.55,0.0,0.06,0.03
8,PE_PB_FED,-0.040108,0.05,0.25,0.4,0.55,0.7,0.75,0.95,0.5,0.55,0.75,0.06,0.03
8,PE_only,-0.040109,0.2,0.3,0.45,0.5,0.65,0.75,0.85,0.0,0.0,0.0,0.06,0.04
6,PE_FED,-0.04011,0.15,0.3,0.35,0.55,0.75,0.85,0.95,-0.5,0.0,0.0,0.12,0.05
6,PE_only,-0.040111,0.15,0.25,0.35,0.5,0.7,0.8,0.85,0.0,0.0,0.0,0.12,0.04
8,PE_PB,-0.040111,0.1,0.25,0.3,0.5,0.7,0.75,0.95,0.0,0.55,0.0,0.1,0.05
8,PE_FED,-0.040111,0.1,0.2,0.45,0.5,0.75,0.8,0.9,0.5,0.0,0.0,0.12,0.04
6,PE_PB_FED,-0.040112,0.05,0.2,0.45,0.55,0.7,0.85,0.95,-0.5,0.6,0.75,0.12,0.03
6,PE_only,-0.040114,0.2,0.25,0.45,0.5,0.65,0.8,0.9,0.0,0.0,0.0,0.08,0.03
6,PE_FED,-0.040116,0.1,0.15,0.45,0.5,0.65,0.8,0.85,0.0,0.0,0.0,0.12,0.03
6,PE_PB,-0.040118,0.05,0.2,0.35,0.7,0.65,0.8,0.85,0.0,0.5,0.0,0.06,0.05
6,PE_PB,-0.040122,0.1,0.2,0.45,0.5,0.65,0.75,0.9,0.0,0.65,0.0,0.06,0.04
6,PB_FED,-0.040125,0.05,0.2,0.3,0.55,0.65,0.75,0.85,0.5,0.0,0.0,0.1,0.03
8,PE_only,-0.040129,0.1,0.3,0.35,0.5,0.7,0.8,0.85,0.0,0.0,0.0,0.08,0.04
6,PE_PB_FED,-0.04013,0.1,0.25,0.3,0.7,0.7,0.85,0.95,-0.5,0.5,0.8,0.08,0.03
8,PE_PB,-0.04013,0.05,0.2,0.35,0.55,0.7,0.85,0.9,0.0,0.55,0.0,0.1,0.04
6,PE_PB_FED,-0.040133,0.15,0.25,0.4,0.65,0.7,0.8,0.9,-0.5,0.55,0.8,0.12,0.03
6,PE_PB_FED,-0.040137,0.2,0.25,0.4,0.65,0.7,0.85,0.95,0.0,0.6,0.7,0.12,0.04
8,PE_FED,-0.040138,0.15,0.25,0.35,0.5,0.7,0.8,0.9,0.5,0.0,0.0,0.08,0.03
6,PE_PB,-0.040139,0.2,0.3,0.4,0.7,0.7,0.8,0.9,0.0,0.6,0.0,0.06,0.05
8,PE_only,-0.04014,0.15,0.3,0.35,0.5,0.65,0.85,0.9,0.0,0.0,0.0,0.06,0.04
6,PE_only,-0.040141,0.1,0.25,0.3,0.5,0.7,0.8,0.85,0.0,0.0,0.0,0.12,0.04
6,PE_PB,-0.040143,0.2,0.3,0.4,0.7,0.65,0.8,0.85,0.0,0.55,0.0,0.06,0.03
8,PE_FED,-0.040143,0.05,0.25,0.4,0.5,0.65,0.75,0.9,0.5,0.0,0.0,0.08,0.04
6,PE_PB,-0.040144,0.05,0.15,0.3,0.55,0.65,0.8,0.85,0.0,0.55,0.0,0.12,0.05
8,PE_PB,-0.040144,0.1,0.2,0.4,0.55,0.75,0.8,0.85,0.0,0.55,0.0,0.12,0.04
8,PE_PB_FED,-0.040144,0.15,0.25,0.3,0.5,0.7,0.85,0.9,0.0,0.5,0.8,0.08,0.05
6,PE_only,-0.040148,0.1,0.2,0.45,0.5,0.65,0.8,0.85,0.0,0.0,0.0,0.12,0.05
8,PE_FED,-0.040148,0.2,0.25,0.3,0.6,0.65,0.8,0.9,0.5,0.0,0.0,0.1,0.05
8,PE_PB_FED,-0.040149,0.15,0.25,0.3,0.5,0.65,0.75,0.9,0.5,0.65,0.7,0.1,0.03
6,PB_FED,-0.040153,0.05,0.15,0.45,0.6,0.7,0.8,0.85,0.5,0.0,0.0,0.08,0.04
8,PE_PB,-0.040155,0.2,0.25,0.35,0.5,0.7,0.75,0.95,0.0,0.6,0.0,0.06,0.04
8,PE_PB,-0.040162,0.2,0.3,0.45,0.6,0.7,0.85,0.9,0.0,0.65,0.0,0.06,0.04
6,PE_only,-0.040163,0.2,0.3,0.45,0.55,0.7,0.75,0.85,0.0,0.0,0.0,0.1,0.04
6,PE_PB_FED,-0.040163,0.1,0.2,0.45,0.6,0.75,0.8,0.95,0.0,0.5,0.7,0.1,0.04
8,PE_only,-0.040164,0.2,0.25,0.45,0.5,0.75,0.8,0.85,0.0,0.0,0.0,0.1,0.05
6,PE_PB_FED,-0.040165,0.2,0.25,0.4,0.7,0.75,0.8,0.85,0.0,0.6,0.7,0.12,0.04
8,PE_PB,-0.040168,0.2,0.25,0.4,0.6,0.7,0.75,0.85,0.0,0.55,0.0,0.06,0.04
6,PE_only,-0.040169,0.2,0.25,0.45,0.5,0.65,0.75,0.9,0.0,0.0,0.0,0.08,0.05
6,PE_PB,-0.040169,0.1,0.25,0.45,0.55,0.65,0.75,0.85,0.0,0.65,0.0,0.1,0.04
6,PE_PB_FED,-0.040169,0.05,0.2,0.35,0.7,0.65,0.75,0.85,0.0,0.5,0.75,0.1,0.05
6,PE_PB,-0.04017,0.1,0.15,0.3,0.65,0.75,0.8,0.85,0.0,0.5,0.0,0.12,0.05
8,PE_PB,-0.040172,0.1,0.2,0.3,0.5,0.75,0.85,0.95,0.0,0.6,0.0,0.1,0.05
6,PE_PB,-0.040182,0.1,0.2,0.3,0.6,0.75,0.8,0.9,0.0,0.6,0.0,0.08,0.05
8,PE_PB,-0.04019,0.15,0.25,0.3,0.55,0.7,0.75,0.85,0.0,0.55,0.0,0.1,0.04
6,PB_FED,-0.040191,0.1,0.15,0.4,0.6,0.65,0.8,0.9,0.5,0.0,0.0,0.1,0.03
8,PE_PB,-0.040191,0.05,0.25,0.3,0.55,0.75,0.8,0.85,0.0,0.6,0.0,0.12,0.05
6,PE_PB_FED,-0.040192,0.2,0.25,0.45,0.65,0.65,0.75,0.85,0.0,0.65,0.7,0.12,0.05
8,PE_PB,-0.040193,0.05,0.25,0.35,0.6,0.75,0.8,0.85,0.0,0.55,0.0,0.08,0.05
8,PE_PB_FED,-0.040194,0.15,0.25,0.3,0.6,0.65,0.75,0.9,0.5,0.6,0.75,0.08,0.05
8,PE_PB,-0.040197,0.1,0.3,0.45,0.5,0.65,0.8,0.95,0.0,0.65,0.0,0.12,0.03
6,PE_only,-0.040199,0.15,0.25,0.45,0.5,0.7,0.8,0.9,0.0,0.0,0.0,0.06,0.05
8,PE_PB,-0.040199,0.1,0.3,0.45,0.65,0.65,0.8,0.9,0.0,0.55,0.0,0.06,0.04
8,PE_PB,-0.040204,0.2,0.25,0.35,0.55,0.75,0.8,0.85,0.0,0.65,0.0,0.08,0.05
8,PE_FED,-0.040204,0.15,0.25,0.4,0.65,0.65,0.85,0.9,0.5,0.0,0.0,0.08,0.05
6,PE_PB,-0.040205,0.05,0.25,0.45,0.65,0.7,0.85,0.9,0.0,0.6,0.0,0.06,0.03
6,PE_only,-0.040206,0.05,0.25,0.4,0.5,0.7,0.8,0.85,0.0,0.0,0.0,0.12,0.04
8,PE_PB,-0.040206,0.05,0.25,0.45,0.65,0.75,0.85,0.9,0.0,0.55,0.0,0.1,0.05
6,PE_PB,-0.04021,0.1,0.3,0.35,0.7,0.65,0.85,0.9,0.0,0.55,0.0,0.1,0.04
6,PB_FED,-0.04021,0.1,0.15,0.35,0.6,0.75,0.8,0.9,0.5,0.0,0.0,0.1,0.04
6,PE_PB,-0.040211,0.05,0.25,0.4,0.65,0.7,0.8,0.85,0.0,0.65,0.0,0.12,0.05
8,PE_only,-0.040211,0.15,0.3,0.35,0.5,0.75,0.85,0.9,0.0,0.0,0.0,0.1,0.04
6,PE_FED,-0.040212,0.1,0.25,0.45,0.55,0.75,0.8,0.9,0.0,0.0,0.0,0.06,0.05
6,PB_FED,-0.040212,0.05,0.15,0.35,0.6,0.65,0.75,0.85,0.5,0.0,0.0,0.1,0.05
6,PE_PB,-0.040214,0.05,0.2,0.3,0.65,0.75,0.85,0.95,0.0,0.5,0.0,0.12,0.04
6,PB_FED,-0.040215,0.05,0.2,0.3,0.65,0.75,0.8,0.9,0.5,0.0,0.0,0.1,0.05
6,PE_FED,-0.040218,0.1,0.3,0.4,0.5,0.7,0.75,0.95,0.0,0.0,0.0,0.12,0.03
8,PE_PB,-0.04022,0.1,0.25,0.35,0.65,0.65,0.8,0.85,0.0,0.5,0.0,0.1,0.04
8,PE_PB,-0.040226,0.1,0.15,0.35,0.5,0.75,0.8,0.9,0.0,0.55,0.0,0.12,0.05
6,PE_PB,-0.040228,0.05,0.3,0.35,0.6,0.75,0.85,0.95,0.0,0.65,0.0,0.08,0.03
8,PE_PB_FED,-0.04023,0.1,0.25,0.4,0.55,0.7,0.75,0.9,0.5,0.65,0.75,0.12,0.05
8,PE_FED,-0.040234,0.15,0.3,0.4,0.7,0.65,0.85,0.9,0.5,0.0,0.0,0.06,0.04
6,PE_only,-0.040236,0.1,0.3,0.4,0.55,0.75,0.85,0.9,0.0,0.0,0.0,0.1,0.04
8,PE_FED,-0.040236,0.1,0.25,0.35,0.6,0.75,0.85,0.9,0.5,0.0,0.0,0.1,0.03
8,PE_PB_FED,-0.040241,0.1,0.25,0.45,0.65,0.7,0.75,0.95,0.5,0.55,0.75,0.12,0.05
6,PE_PB,-0.040242,0.1,0.3,0.35,0.7,0.75,0.8,0.85,0.0,0.65,0.0,0.12,0.05
6,PB_FED,-0.040247,0.1,0.25,0.45,0.65,0.65,0.75,0.95,0.5,0.0,0.0,0.12,0.05
8,PE_PB,-0.040248,0.05,0.15,0.3,0.55,0.65,0.85,0.9,0.0,0.5,0.0,0.08,0.05
8,PE_PB_FED,-0.040249,0.1,0.15,0.4,0.55,0.75,0.8,0.9,0.5,0.5,0.8,0.12,0.03
8,PE_PB,-0.04025,0.2,0.25,0.45,0.55,0.65,0.8,0.95,0.0,0.55,0.0,0.06,0.05
8,PE_PB,-0.04025,0.2,0.25,0.45,0.55,0.75,0.8,0.95,0.0,0.55,0.0,0.08,0.05
6,PE_PB,-0.040253,0.05,0.2,0.3,0.55,0.75,0.85,0.9,0.0,0.6,0.0,0.1,0.04
8,PE_FED,-0.040254,0.1,0.2,0.45,0.6,0.65,0.85,0.9,0.5,0.0,0.0,0.12,0.05
8,PE_FED,-0.040254,0.15,0.25,0.4,0.55,0.75,0.8,0.85,0.5,0.0,0.0,0.1,0.03
8,PE_PB_FED,-0.040255,0.1,0.2,0.45,0.6,0.65,0.8,0.95,0.5,0.55,0.7,0.06,0.04
6,PE_FED,-0.040256,0.05,0.3,0.45,0.6,0.7,0.85,0.9,-0.5,0.0,0.0,0.08,0.04
6,PE_FED,-0.040258,0.1,0.3,0.35,0.55,0.7,0.85,0.95,-0.5,0.0,0.0,0.12,0.04
6,PE_PB,-0.040265,0.15,0.2,0.45,0.7,0.7,0.75,0.85,0.0,0.5,0.0,0.08,0.05
8,PE_PB,-0.04027,0.1,0.2,0.45,0.5,0.75,0.8,0.9,0.0,0.6,0.0,0.06,0.03
6,PE_PB,-0.040272,0.2,0.3,0.4,0.7,0.75,0.8,0.9,0.0,0.65,0.0,0.12,0.05
6,PB_FED,-0.040272,0.1,0.2,0.3,0.7,0.7,0.8,0.9,0.5,0.0,0.0,0.08,0.05
6,PE_PB,-0.040275,0.05,0.25,0.45,0.6,0.75,0.85,0.95,0.0,0.55,0.0,0.12,0.04
6,PE_PB,-0.040277,0.05,0.25,0.35,0.65,0.75,0.8,0.95,0.0,0.5,0.0,0.06,0.05
6,PE_PB_FED,-0.040277,0.1,0.3,0.4,0.6,0.75,0.8,0.95,0.0,0.65,0.75,0.06,0.05
8,PE_PB,-0.040277,0.15,0.2,0.3,0.5,0.65,0.75,0.85,0.0,0.55,0.0,0.12,0.03
8,PE_PB,-0.040279,0.15,0.2,0.3,0.5,0.7,0.85,0.9,0.0,0.65,0.0,0.12,0.04
6,PE_PB,-0.04028,0.15,0.25,0.35,0.55,0.7,0.8,0.85,0.0,0.65,0.0,0.06,0.04
6,PE_PB,-0.040284,0.15,0.2,0.45,0.6,0.65,0.75,0.85,0.0,0.6,0.0,0.1,0.04
6,PB_FED,-0.040285,0.05,0.25,0.35,0.7,0.65,0.75,0.9,0.5,0.0,0.0,0.08,0.04
6,PE_PB,-0.040286,0.15,0.25,0.3,0.6,0.65,0.8,0.9,0.0,0.55,0.0,0.08,0.05
6,PE_FED,-0.040286,0.05,0.3,0.45,0.6,0.75,0.8,0.85,-0.5,0.0,0.0,0.1,0.04
8,PE_PB,-0.040288,0.05,0.25,0.3,0.55,0.65,0.8,0.9,0.0,0.5,0.0,0.08,0.03
6,PE_PB,-0.040293,0.15,0.3,0.4,0.55,0.65,0.8,0.95,0.0,0.6,0.0,0.1,0.04
6,PE_PB,-0.040296,0.2,0.3,0.4,0.7,0.7,0.8,0.85,0.0,0.55,0.0,0.12,0.04
6,PE_PB,-0.040297,0.2,0.25,0.4,0.6,0.7,0.8,0.9,0.0,0.55,0.0,0.12,0.03
8,PE_PB,-0.040299,0.1,0.3,0.45,0.65,0.65,0.8,0.95,0.0,0.5,0.0,0.08,0.05
6,PE_PB_FED,-0.040301,0.2,0.3,0.45,0.65,0.65,0.75,0.95,0.0,0.6,0.75,0.1,0.04
6,PB_FED,-0.040301,0.05,0.2,0.3,0.7,0.75,0.85,0.9,0.5,0.0,0.0,0.08,0.03
8,PE_PB,-0.040301,0.2,0.3,0.4,0.7,0.7,0.8,0.9,0.0,0.5,0.0,0.06,0.04
6,PE_PB,-0.040302,0.1,0.25,0.3,0.5,0.7,0.75,0.95,0.0,0.6,0.0,0.12,0.04
8,PE_only,-0.040304,0.05,0.3,0.35,0.5,0.65,0.8,0.85,0.0,0.0,0.0,0.1,0.05
6,PE_only,-0.040305,0.05,0.3,0.4,0.55,0.75,0.8,0.85,0.0,0.0,0.0,0.08,0.05
6,PE_PB,-0.040306,0.1,0.2,0.4,0.55,0.65,0.85,0.9,0.0,0.65,0.0,0.12,0.05
8,PE_FED,-0.040308,0.1,0.25,0.35,0.5,0.75,0.85,0.95,0.5,0.0,0.0,0.1,0.03
8,PE_PB,-0.040311,0.05,0.3,0.4,0.6,0.7,0.75,0.9,0.0,0.55,0.0,0.1,0.05
6,PE_PB,-0.040315,0.15,0.25,0.4,0.55,0.65,0.85,0.95,0.0,0.6,0.0,0.08,0.05
8,PE_only,-0.040316,0.15,0.3,0.4,0.5,0.7,0.8,0.85,0.0,0.0,0.0,0.06,0.05
8,PE_PB,-0.040316,0.15,0.2,0.3,0.55,0.75,0.85,0.9,0.0,0.55,0.0,0.06,0.04
6,PE_PB,-0.040319,0.15,0.2,0.45,0.55,0.7,0.75,0.85,0.0,0.6,0.0,0.12,0.05
8,PE_PB,-0.040322,0.15,0.25,0.35,0.55,0.7,0.75,0.9,0.0,0.5,0.0,0.1,0.04
6,PE_PB,-0.040324,0.1,0.2,0.35,0.5,0.7,0.75,0.9,0.0,0.6,0.0,0.12,0.04
8,PE_PB,-0.040326,0.05,0.15,0.3,0.5,0.75,0.85,0.9,0.0,0.6,0.0,0.06,0.05
6,PE_PB,-0.040331,0.1,0.25,0.45,0.65,0.7,0.8,0.85,0.0,0.65,0.0,0.08,0.03
8,PE_PB,-0.040331,0.2,0.25,0.3,0.65,0.75,0.8,0.85,0.0,0.55,0.0,0.1,0.05
6,PE_PB,-0.040332,0.2,0.25,0.35,0.6,0.65,0.75,0.9,0.0,0.65,0.0,0.08,0.05
6,PE_PB,-0.040333,0.1,0.2,0.35,0.7,0.75,0.85,0.9,0.0,0.5,0.0,0.1,0.03
8,PE_PB,-0.040341,0.1,0.25,0.45,0.55,0.65,0.8,0.85,0.0,0.6,0.0,0.08,0.03
8,PE_PB,-0.040341,0.1,0.2,0.45,0.6,0.7,0.8,0.9,0.0,0.5,0.0,0.06,0.05
8,PE_FED,-0.040343,0.15,0.25,0.45,0.55,0.75,0.8,0.9,0.5,0.0,0.0,0.08,0.05
6,PE_PB_FED,-0.040344,0.1,0.2,0.45,0.7,0.7,0.75,0.85,-0.5,0.5,0.7,0.08,0.03
6,PE_PB_FED,-0.040344,0.1,0.25,0.45,0.65,0.65,0.8,0.9,-0.5,0.6,0.8,0.06,0.05
6,PE_PB,-0.040348,0.1,0.2,0.35,0.5,0.65,0.85,0.95,0.0,0.65,0.0,0.1,0.05
6,PE_FED,-0.040349,0.05,0.15,0.3,0.5,0.65,0.85,0.9,0.0,0.0,0.0,0.12,0.05
8,PE_PB,-0.040356,0.1,0.25,0.45,0.55,0.7,0.8,0.9,0.0,0.55,0.0,0.12,0.03
8,PE_PB,-0.040356,0.05,0.3,0.45,0.6,0.7,0.75,0.95,0.0,0.5,0.0,0.1,0.04
8,PE_PB,-0.040357,0.2,0.25,0.4,0.55,0.75,0.85,0.9,0.0,0.65,0.0,0.08,0.04
8,PE_only,-0.04036,0.2,0.3,0.45,0.5,0.7,0.75,0.85,0.0,0.0,0.0,0.06,0.04
6,PE_PB,-0.040361,0.2,0.25,0.45,0.6,0.7,0.8,0.9,0.0,0.65,0.0,0.1,0.03
8,PE_PB,-0.040361,0.1,0.25,0.35,0.5,0.75,0.8,0.9,0.0,0.65,0.0,0.12,0.04
6,PE_PB,-0.040362,0.05,0.2,0.3,0.65,0.7,0.8,0.85,0.0,0.5,0.0,0.08,0.04
6,PE_FED,-0.040368,0.05,0.2,0.35,0.5,0.65,0.8,0.85,-0.5,0.0,0.0,0.06,0.03
6,PE_only,-0.040371,0.2,0.3,0.4,0.55,0.7,0.8,0.85,0.0,0.0,0.0,0.08,0.03
6,PB_FED,-0.040373,0.15,0.2,0.3,0.7,0.65,0.8,0.95,0.5,0.0,0.0,0.08,0.05
6,PB_FED,-0.040373,0.15,0.2,0.3,0.7,0.65,0.8,0.95,0.5,0.0,0.0,0.1,0.05
8,PE_PB,-0.040373,0.15,0.2,0.3,0.5,0.65,0.75,0.85,0.0,0.6,0.0,0.08,0.05
8,PE_FED,-0.040373,0.15,0.2,0.35,0.5,0.65,0.8,0.85,0.5,0.0,0.0,0.1,0.03
8,PE_PB,-0.040382,0.1,0.3,0.4,0.65,0.75,0.8,0.9,0.0,0.55,0.0,0.08,0.05
6,PB_FED,-0.040385,0.05,0.15,0.4,0.6,0.65,0.75,0.95,0.5,0.0,0.0,0.08,0.05
8,PE_PB,-0.040386,0.15,0.2,0.35,0.55,0.65,0.85,0.9,0.0,0.55,0.0,0.08,0.04
8,PE_PB_FED,-0.040386,0.05,0.25,0.45,0.65,0.65,0.8,0.9,0.5,0.65,0.8,0.1,0.04
6,PB_FED,-0.040388,0.1,0.2,0.4,0.65,0.7,0.75,0.95,0.5,0.0,0.0,0.12,0.05
6,PE_PB_FED,-0.04039,0.15,0.25,0.35,0.65,0.65,0.75,0.85,0.0,0.6,0.8,0.12,0.04
6,PE_only,-0.040393,0.05,0.3,0.4,0.5,0.65,0.8,0.9,0.0,0.0,0.0,0.1,0.03
6,PE_PB_FED,-0.040395,0.2,0.25,0.3,0.65,0.7,0.8,0.85,-0.5,0.6,0.75,0.06,0.03
6,PB_FED,-0.040395,0.05,0.2,0.45,0.65,0.7,0.8,0.85,0.5,0.0,0.0,0.1,0.04
8,PE_PB,-0.040396,0.05,0.25,0.4,0.55,0.7,0.8,0.85,0.0,0.6,0.0,0.08,0.05
8,PE_PB,-0.040398,0.1,0.3,0.45,0.6,0.65,0.8,0.95,0.0,0.5,0.0,0.12,0.03
8,PE_PB,-0.040399,0.05,0.3,0.4,0.55,0.7,0.8,0.95,0.0,0.55,0.0,0.08,0.05
8,PE_PB,-0.040403,0.2,0.3,0.45,0.55,0.65,0.75,0.9,0.0,0.65,0.0,0.1,0.05
8,PE_FED,-0.040404,0.1,0.25,0.4,0.5,0.7,0.75,0.9,0.5,0.0,0.0,0.08,0.05
6,PE_only,-0.040405,0.1,0.3,0.45,0.5,0.7,0.75,0.9,0.0,0.0,0.0,0.06,0.04
6,PE_PB,-0.040406,0.1,0.15,0.3,0.5,0.75,0.85,0.9,0.0,0.65,0.0,0.12,0.04
6,PE_only,-0.040408,0.2,0.3,0.45,0.5,0.7,0.8,0.95,0.0,0.0,0.0,0.06,0.05
6,PE_PB_FED,-0.04041,0.1,0.15,0.45,0.6,0.7,0.85,0.95,0.0,0.55,0.75,0.06,0.04
6,PE_PB,-0.040411,0.15,0.2,0.3,0.6,0.7,0.8,0.85,0.0,0.6,0.0,0.08,0.04
8,PE_PB,-0.040411,0.2,0.25,0.35,0.6,0.7,0.75,0.9,0.0,0.5,0.0,0.06,0.04
6,PE_PB_FED,-0.040414,0.05,0.2,0.35,0.6,0.7,0.75,0.9,0.0,0.5,0.8,0.06,0.04
6,PE_PB,-0.040417,0.1,0.2,0.3,0.6,0.65,0.75,0.85,0.0,0.6,0.0,0.06,0.05
6,PB_FED,-0.040423,0.1,0.2,0.3,0.65,0.7,0.8,0.85,0.5,0.0,0.0,0.12,0.05
6,PE_FED,-0.040429,0.2,0.3,0.35,0.6,0.7,0.85,0.9,-0.5,0.0,0.0,0.08,0.05
8,PE_FED,-0.040431,0.05,0.25,0.3,0.6,0.65,0.85,0.9,0.5,0.0,0.0,0.12,0.03
8,PE_PB_FED,-0.040433,0.1,0.3,0.45,0.6,0.7,0.85,0.95,-0.5,0.5,0.75,0.1,0.04
6,PE_PB,-0.040444,0.1,0.2,0.3,0.65,0.7,0.8,0.9,0.0,0.5,0.0,0.08,0.04
6,PE_PB_FED,-0.040444,0.15,0.2,0.4,0.55,0.7,0.8,0.95,0.0,0.5,0.75,0.12,0.05
8,PE_PB,-0.040446,0.15,0.2,0.45,0.55,0.75,0.8,0.85,0.0,0.55,0.0,0.1,0.04
6,PE_PB,-0.040447,0.1,0.3,0.4,0.65,0.65,0.75,0.85,0.0,0.6,0.0,0.12,0.04
6,PE_PB_FED,-0.040448,0.1,0.25,0.45,0.6,0.7,0.8,0.85,-0.5,0.65,0.7,0.12,0.03
6,PB_FED,-0.040453,0.1,0.2,0.3,0.6,0.65,0.8,0.9,0.5,0.0,0.0,0.06,0.04
6,PE_PB,-0.040454,0.05,0.3,0.35,0.55,0.65,0.8,0.9,0.0,0.65,0.0,0.06,0.03
6,PE_PB,-0.040458,0.1,0.25,0.4,0.7,0.65,0.75,0.85,0.0,0.5,0.0,0.1,0.03
6,PE_PB_FED,-0.040472,0.15,0.25,0.35,0.6,0.65,0.75,0.9,-0.5,0.6,0.7,0.12,0.05
8,PE_FED,-0.040475,0.2,0.25,0.4,0.6,0.7,0.75,0.85,0.5,0.0,0.0,0.08,0.05
8,PE_PB_FED,-0.040475,0.1,0.15,0.4,0.6,0.75,0.8,0.85,0.5,0.55,0.75,0.1,0.03
6,PE_PB,-0.040476,0.1,0.25,0.4,0.65,0.7,0.75,0.9,0.0,0.5,0.0,0.06,0.03
6,PB_FED,-0.040476,0.05,0.15,0.3,0.5,0.65,0.75,0.95,0.5,0.0,0.0,0.06,0.03
6,PE_only,-0.040477,0.2,0.3,0.45,0.6,0.65,0.85,0.9,0.0,0.0,0.0,0.06,0.04
6,PE_PB_FED,-0.040477,0.05,0.15,0.45,0.55,0.65,0.75,0.85,0.0,0.65,0.8,0.1,0.05
6,PE_PB,-0.040478,0.15,0.2,0.35,0.5,0.75,0.8,0.9,0.0,0.6,0.0,0.12,0.03
8,PE_FED,-0.040478,0.2,0.25,0.3,0.55,0.65,0.85,0.95,0.5,0.0,0.0,0.08,0.05
6,PE_only,-0.040482,0.15,0.3,0.35,0.5,0.65,0.8,0.9,0.0,0.0,0.0,0.08,0.04
6,PE_PB,-0.040483,0.15,0.2,0.35,0.65,0.75,0.8,0.9,0.0,0.5,0.0,0.08,0.04
8,PE_FED,-0.040483,0.05,0.25,0.45,0.65,0.65,0.85,0.9,0.5,0.0,0.0,0.1,0.03
6,PE_only,-0.040484,0.2,0.25,0.45,0.55,0.65,0.85,0.9,0.0,0.0,0.0,0.12,0.05
6,PE_FED,-0.040488,0.15,0.2,0.35,0.5,0.75,0.8,0.85,-0.5,0.0,0.0,0.08,0.04
8,PB_FED,-0.04049,0.1,0.2,0.3,0.7,0.7,0.75,0.9,1.0,0.0,0.0,0.08,0.03
6,PE_PB,-0.040491,0.15,0.25,0.3,0.6,0.75,0.85,0.9,0.0,0.65,0.0,0.06,0.03
6,PE_PB,-0.040492,0.1,0.15,0.45,0.5,0.65,0.85,0.95,0.0,0.6,0.0,0.12,0.04
6,PE_FED,-0.040497,0.05,0.3,0.35,0.6,0.7,0.85,0.9,0.0,0.0,0.0,0.1,0.04
8,PE_PB_FED,-0.040498,0.1,0.15,0.35,0.65,0.7,0.8,0.85,0.5,0.5,0.7,0.06,0.03
8,PE_PB,-0.040503,0.05,0.3,0.4,0.65,0.75,0.8,0.85,0.0,0.55,0.0,0.08,0.04
6,PE_FED,-0.040506,0.05,0.2,0.3,0.5,0.7,0.85,0.9,-0.5,0.0,0.0,0.12,0.03
6,PE_PB,-0.040508,0.05,0.3,0.35,0.65,0.7,0.75,0.85,0.0,0.6,0.0,0.1,0.04
6,PE_PB,-0.040512,0.1,0.2,0.35,0.7,0.7,0.85,0.9,0.0,0.5,0.0,0.08,0.04
6,PE_PB_FED,-0.040513,0.2,0.3,0.45,0.6,0.7,0.8,0.95,0.0,0.65,0.8,0.12,0.05
6,PE_PB,-0.040515,0.15,0.25,0.45,0.6,0.65,0.8,0.9,0.0,0.65,0.0,0.06,0.05
6,PE_PB,-0.040517,0.15,0.25,0.3,0.6,0.7,0.85,0.9,0.0,0.65,0.0,0.1,0.03
6,PE_PB,-0.040525,0.1,0.3,0.4,0.55,0.65,0.8,0.95,0.0,0.6,0.0,0.1,0.05
8,PE_FED,-0.040525,0.15,0.3,0.35,0.6,0.65,0.85,0.95,0.5,0.0,0.0,0.08,0.05
6,PE_PB_FED,-0.040526,0.2,0.25,0.45,0.55,0.65,0.8,0.95,0.0,0.65,0.75,0.1,0.04
6,PE_only,-0.040527,0.15,0.2,0.45,0.5,0.7,0.85,0.9,0.0,0.0,0.0,0.1,0.05
8,PE_FED,-0.040528,0.1,0.15,0.45,0.5,0.7,0.85,0.9,0.5,0.0,0.0,0.12,0.04
6,PE_PB,-0.04053,0.1,0.25,0.35,0.65,0.7,0.8,0.95,0.0,0.5,0.0,0.08,0.05
8,PE_PB,-0.04053,0.1,0.2,0.45,0.6,0.75,0.85,0.9,0.0,0.55,0.0,0.06,0.05
8,PE_PB,-0.040531,0.2,0.25,0.45,0.5,0.75,0.8,0.95,0.0,0.6,0.0,0.1,0.03
8,PE_PB,-0.040531,0.2,0.25,0.45,0.65,0.65,0.75,0.9,0.0,0.5,0.0,0.1,0.05
6,PE_PB,-0.040532,0.15,0.25,0.45,0.6,0.7,0.85,0.95,0.0,0.6,0.0,0.12,0.03
6,PE_PB,-0.040535,0.1,0.2,0.35,0.6,0.65,0.75,0.85,0.0,0.6,0.0,0.12,0.05
8,PE_PB_FED,-0.040535,0.2,0.3,0.35,0.55,0.65,0.85,0.95,-0.5,0.55,0.75,0.12,0.04
6,PE_PB_FED,-0.040539,0.1,0.25,0.35,0.7,0.65,0.75,0.95,0.0,0.5,0.75,0.08,0.04
6,PE_PB_FED,-0.04054,0.15,0.25,0.45,0.65,0.7,0.8,0.9,0.0,0.6,0.7,0.06,0.04
6,PE_PB,-0.040542,0.05,0.25,0.3,0.55,0.65,0.8,0.85,0.0,0.65,0.0,0.12,0.05
6,PE_PB,-0.040542,0.1,0.2,0.4,0.7,0.75,0.85,0.9,0.0,0.5,0.0,0.06,0.04
8,PE_PB,-0.040543,0.1,0.25,0.4,0.6,0.75,0.8,0.9,0.0,0.5,0.0,0.06,0.04
8,PE_PB,-0.040543,0.1,0.25,0.4,0.6,0.65,0.8,0.9,0.0,0.5,0.0,0.12,0.04
6,PE_PB,-0.040546,0.2,0.25,0.4,0.65,0.75,0.8,0.85,0.0,0.6,0.0,0.1,0.04
8,PE_PB,-0.040547,0.1,0.25,0.45,0.6,0.65,0.75,0.85,0.0,0.5,0.0,0.1,0.03
6,PE_FED,-0.040549,0.15,0.25,0.45,0.55,0.7,0.8,0.85,0.0,0.0,0.0,0.08,0.04
6,PE_PB,-0.040553,0.1,0.25,0.4,0.55,0.75,0.8,0.85,0.0,0.65,0.0,0.12,0.04
6,PE_PB_FED,-0.040554,0.05,0.15,0.45,0.55,0.7,0.8,0.95,0.0,0.5,0.8,0.1,0.03
6,PE_PB_FED,-0.040554,0.1,0.15,0.4,0.55,0.75,0.8,0.85,-0.5,0.6,0.7,0.06,0.03
6,PB_FED,-0.040554,0.1,0.2,0.4,0.7,0.75,0.8,0.9,0.5,0.0,0.0,0.1,0.03
8,PE_PB_FED,-0.040555,0.15,0.25,0.3,0.5,0.65,0.75,0.95,0.5,0.55,0.8,0.1,0.03
6,PE_PB_FED,-0.040557,0.05,0.2,0.4,0.5,0.65,0.75,0.95,0.0,0.55,0.75,0.06,0.05
6,PE_PB,-0.040561,0.2,0.3,0.35,0.55,0.65,0.75,0.9,0.0,0.65,0.0,0.12,0.03
6,PE_PB,-0.040564,0.1,0.2,0.3,0.5,0.7,0.8,0.95,0.0,0.55,0.0,0.06,0.05
6,PE_FED,-0.040566,0.15,0.3,0.4,0.6,0.65,0.85,0.9,0.0,0.0,0.0,0.12,0.05
8,PE_PB,-0.040567,0.2,0.25,0.35,0.55,0.7,0.85,0.95,0.0,0.55,0.0,0.08,0.03
6,PE_PB_FED,-0.040568,0.1,0.15,0.45,0.65,0.7,0.85,0.95,-0.5,0.5,0.75,0.12,0.04
6,PE_only,-0.040569,0.1,0.3,0.35,0.5,0.65,0.85,0.95,0.0,0.0,0.0,0.12,0.05
6,PE_PB,-0.040571,0.05,0.25,0.3,0.6,0.7,0.8,0.9,0.0,0.6,0.0,0.12,0.04
8,PB_FED,-0.040573,0.1,0.15,0.3,0.6,0.7,0.75,0.95,1.0,0.0,0.0,0.06,0.05
8,PE_PB,-0.040577,0.15,0.25,0.35,0.6,0.65,0.85,0.95,0.0,0.5,0.0,0.08,0.04
8,PE_PB,-0.040578,0.1,0.2,0.35,0.5,0.7,0.8,0.85,0.0,0.65,0.0,0.12,0.05
6,PE_PB_FED,-0.040581,0.2,0.3,0.35,0.6,0.65,0.85,0.95,0.0,0.65,0.7,0.08,0.03
8,PE_PB_FED,-0.040583,0.1,0.2,0.45,0.55,0.65,0.8,0.9,0.5,0.65,0.75,0.08,0.05
6,PE_PB,-0.040584,0.2,0.25,0.4,0.7,0.75,0.85,0.95,0.0,0.5,0.0,0.1,0.03
6,PE_PB_FED,-0.040585,0.05,0.2,0.35,0.6,0.7,0.85,0.9,-0.5,0.6,0.7,0.06,0.05
6,PB_FED,-0.040585,0.05,0.25,0.3,0.65,0.65,0.75,0.95,0.5,0.0,0.0,0.08,0.04
6,PE_PB_FED,-0.040588,0.1,0.25,0.4,0.6,0.65,0.75,0.9,0.0,0.6,0.75,0.12,0.04
8,PE_PB,-0.04059,0.2,0.25,0.45,0.6,0.7,0.85,0.95,0.0,0.55,0.0,0.06,0.04
6,PE_only,-0.040593,0.15,0.3,0.4,0.55,0.7,0.85,0.9,0.0,0.0,0.0,0.06,0.05
8,PE_PB,-0.040594,0.15,0.3,0.45,0.55,0.65,0.8,0.85,0.0,0.65,0.0,0.06,0.04
6,PE_PB,-0.040596,0.15,0.2,0.4,0.65,0.65,0.85,0.95,0.0,0.5,0.0,0.08,0.04
6,PE_PB,-0.040597,0.15,0.25,0.4,0.6,0.65,0.75,0.85,0.0,0.55,0.0,0.1,0.05
6,PE_PB_FED,-0.040597,0.05,0.25,0.45,0.7,0.75,0.85,0.95,-0.5,0.5,0.8,0.12,0.03
6,PE_only,-0.040604,0.2,0.3,0.45,0.6,0.75,0.8,0.85,0.0,0.0,0.0,0.12,0.05
6,PE_PB,-0.040607,0.2,0.3,0.4,0.55,0.65,0.75,0.9,0.0,0.65,0.0,0.08,0.03
8,PE_PB,-0.04061,0.2,0.3,0.35,0.6,0.7,0.8,0.95,0.0,0.5,0.0,0.12,0.03
8,PE_PB,-0.040611,0.1,0.25,0.45,0.55,0.65,0.85,0.9,0.0,0.65,0.0,0.08,0.05
8,PE_PB_FED,-0.040614,0.2,0.25,0.3,0.65,0.65,0.8,0.9,0.5,0.6,0.8,0.1,0.03
8,PE_PB,-0.040615,0.05,0.3,0.4,0.55,0.65,0.8,0.9,0.0,0.6,0.0,0.1,0.04
8,PE_PB,-0.040616,0.05,0.2,0.35,0.5,0.75,0.8,0.85,0.0,0.6,0.0,0.1,0.03
6,PE_only,-0.040617,0.05,0.3,0.45,0.5,0.75,0.85,0.95,0.0,0.0,0.0,0.06,0.03
8,PE_PB,-0.040617,0.15,0.2,0.35,0.5,0.65,0.8,0.85,0.0,0.6,0.0,0.06,0.03
8,PE_PB_FED,-0.040619,0.05,0.25,0.4,0.5,0.7,0.8,0.9,-0.5,0.5,0.8,0.1,0.04
8,PE_PB,-0.04062,0.2,0.25,0.3,0.5,0.65,0.8,0.9,0.0,0.65,0.0,0.12,0.03
8,PE_PB,-0.040621,0.15,0.3,0.4,0.7,0.65,0.85,0.9,0.0,0.5,0.0,0.12,0.03
8,PE_PB,-0.040625,0.1,0.2,0.3,0.6,0.65,0.8,0.85,0.0,0.5,0.0,0.06,0.05
8,PE_PB,-0.04063,0.15,0.3,0.4,0.5,0.75,0.8,0.95,0.0,0.6,0.0,0.1,0.03
6,PE_PB,-0.040632,0.15,0.3,0.45,0.7,0.75,0.85,0.9,0.0,0.55,0.0,0.12,0.05
6,PE_PB,-0.040635,0.05,0.3,0.45,0.7,0.75,0.8,0.85,0.0,0.65,0.0,0.12,0.05
8,PE_PB,-0.040636,0.15,0.3,0.4,0.7,0.75,0.85,0.9,0.0,0.5,0.0,0.06,0.04
8,PE_PB_FED,-0.040638,0.15,0.2,0.4,0.55,0.65,0.85,0.95,0.5,0.6,0.75,0.1,0.04
8,PE_PB,-0.040641,0.15,0.25,0.45,0.55,0.65,0.8,0.9,0.0,0.55,0.0,0.06,0.04
6,PE_PB_FED,-0.040642,0.2,0.3,0.45,0.7,0.65,0.85,0.95,-0.5,0.6,0.7,0.1,0.04
6,PE_FED,-0.040646,0.2,0.3,0.35,0.55,0.65,0.85,0.95,-0.5,0.0,0.0,0.12,0.04
8,PE_FED,-0.040646,0.05,0.2,0.45,0.55,0.75,0.85,0.9,0.5,0.0,0.0,0.1,0.04
8,PE_PB_FED,-0.040652,0.1,0.15,0.3,0.5,0.7,0.75,0.85,0.5,0.55,0.7,0.1,0.03
6,PE_only,-0.040653,0.1,0.3,0.4,0.5,0.75,0.85,0.95,0.0,0.0,0.0,0.12,0.05
6,PE_PB_FED,-0.040655,0.15,0.2,0.45,0.55,0.75,0.8,0.9,-0.5,0.6,0.75,0.06,0.04
8,PE_PB,-0.040656,0.05,0.3,0.45,0.6,0.7,0.8,0.85,0.0,0.6,0.0,0.12,0.04
6,PE_PB,-0.040658,0.1,0.3,0.35,0.65,0.75,0.85,0.95,0.0,0.6,0.0,0.06,0.03
6,PE_only,-0.04066,0.1,0.3,0.45,0.55,0.7,0.85,0.9,0.0,0.0,0.0,0.1,0.04
8,PE_PB,-0.040661,0.05,0.25,0.4,0.5,0.65,0.85,0.95,0.0,0.6,0.0,0.06,0.03
8,PE_PB_FED,-0.040661,0.15,0.2,0.35,0.7,0.75,0.8,0.9,0.5,0.5,0.8,0.06,0.05
6,PE_only,-0.040665,0.2,0.3,0.35,0.5,0.65,0.85,0.95,0.0,0.0,0.0,0.06,0.03
6,PE_PB_FED,-0.040665,0.1,0.2,0.45,0.6,0.7,0.75,0.95,-0.5,0.5,0.7,0.08,0.05
8,PE_PB,-0.040666,0.15,0.25,0.3,0.5,0.7,0.75,0.9,0.0,0.55,0.0,0.12,0.03
6,PE_only,-0.04067,0.2,0.25,0.4,0.5,0.7,0.75,0.85,0.0,0.0,0.0,0.08,0.05
8,PE_PB_FED,-0.040672,0.05,0.3,0.45,0.6,0.7,0.8,0.9,-0.5,0.5,0.75,0.06,0.05
6,PE_PB,-0.040673,0.05,0.2,0.3,0.6,0.75,0.85,0.9,0.0,0.6,0.0,0.06,0.04
8,PE_PB_FED,-0.040675,0.2,0.3,0.45,0.65,0.65,0.75,0.95,0.5,0.65,0.75,0.06,0.05
6,PE_only,-0.040676,0.05,0.3,0.45,0.55,0.65,0.8,0.85,0.0,0.0,0.0,0.1,0.05
6,PE_only,-0.040676,0.05,0.3,0.45,0.55,0.7,0.8,0.85,0.0,0.0,0.0,0.06,0.05
8,PE_PB,-0.040676,0.05,0.25,0.4,0.5,0.7,0.8,0.95,0.0,0.55,0.0,0.1,0.05
8,PE_PB_FED,-0.040678,0.05,0.25,0.35,0.65,0.75,0.8,0.95,0.5,0.55,0.7,0.08,0.05
6,PE_PB_FED,-0.040683,0.1,0.25,0.3,0.55,0.7,0.75,0.95,0.0,0.55,0.75,0.06,0.03
8,PE_PB,-0.040686,0.15,0.25,0.3,0.55,0.7,0.75,0.85,0.0,0.55,0.0,0.12,0.05
6,PB_FED,-0.040687,0.05,0.25,0.35,0.7,0.65,0.75,0.95,0.5,0.0,0.0,0.1,0.05
8,PE_PB,-0.040687,0.15,0.25,0.35,0.55,0.75,0.8,0.9,0.0,0.5,0.0,0.1,0.03
6,PE_PB,-0.040689,0.2,0.25,0.45,0.6,0.75,0.85,0.95,0.0,0.65,0.0,0.08,0.04
8,PE_FED,-0.040689,0.1,0.25,0.3,0.5,0.75,0.8,0.9,0.5,0.0,0.0,0.12,0.04
6,PE_only,-0.040693,0.2,0.25,0.4,0.5,0.65,0.8,0.85,0.0,0.0,0.0,0.1,0.03
6,PE_PB,-0.040705,0.15,0.25,0.4,0.6,0.65,0.85,0.9,0.0,0.65,0.0,0.12,0.03
6,PE_PB,-0.040707,0.15,0.2,0.45,0.5,0.7,0.75,0.9,0.0,0.6,0.0,0.1,0.04
8,PE_PB,-0.040708,0.2,0.25,0.3,0.5,0.7,0.75,0.9,0.0,0.65,0.0,0.08,0.05
8,PE_PB,-0.04071,0.05,0.3,0.4,0.65,0.65,0.75,0.85,0.0,0.5,0.0,0.08,0.04
6,PE_only,-0.040714,0.05,0.3,0.45,0.55,0.75,0.8,0.85,0.0,0.0,0.0,0.1,0.05
8,PE_PB,-0.040714,0.05,0.2,0.45,0.6,0.65,0.85,0.9,0.0,0.5,0.0,0.06,0.03
6,PE_PB,-0.040715,0.15,0.3,0.4,0.55,0.75,0.85,0.95,0.0,0.65,0.0,0.1,0.04
8,PE_FED,-0.040724,0.2,0.25,0.4,0.65,0.7,0.85,0.9,0.5,0.0,0.0,0.06,0.04
6,PE_only,-0.040725,0.1,0.3,0.35,0.55,0.75,0.85,0.9,0.0,0.0,0.0,0.06,0.05
8,PE_FED,-0.040737,0.1,0.3,0.45,0.7,0.7,0.8,0.85,0.5,0.0,0.0,0.1,0.04
6,PE_only,-0.040738,0.2,0.3,0.35,0.55,0.65,0.85,0.9,0.0,0.0,0.0,0.06,0.04
6,PE_PB_FED,-0.040739,0.05,0.25,0.3,0.65,0.75,0.8,0.95,-0.5,0.5,0.7,0.08,0.05
8,PE_PB_FED,-0.040744,0.15,0.25,0.4,0.5,0.7,0.75,0.85,-0.5,0.5,0.8,0.06,0.04
6,PE_PB_FED,-0.040745,0.2,0.25,0.35,0.6,0.7,0.85,0.9,-0.5,0.65,0.75,0.08,0.04
6,PE_PB_FED,-0.040746,0.2,0.25,0.45,0.7,0.7,0.85,0.95,0.0,0.55,0.7,0.08,0.04
6,PE_PB_FED,-0.040746,0.1,0.15,0.4,0.55,0.65,0.75,0.9,0.0,0.5,0.8,0.06,0.03
8,PB_FED,-0.040746,0.1,0.2,0.3,0.65,0.7,0.75,0.9,1.0,0.0,0.0,0.06,0.03
6,PE_PB,-0.040748,0.1,0.15,0.45,0.55,0.65,0.75,0.85,0.0,0.55,0.0,0.1,0.05
6,PE_PB,-0.040748,0.05,0.3,0.35,0.55,0.7,0.75,0.9,0.0,0.6,0.0,0.12,0.03
6,PE_PB_FED,-0.04075,0.05,0.15,0.4,0.6,0.75,0.85,0.9,-0.5,0.55,0.8,0.12,0.04
6,PE_PB_FED,-0.04075,0.1,0.15,0.45,0.55,0.7,0.75,0.95,0.0,0.5,0.8,0.06,0.05
6,PE_PB,-0.040751,0.15,0.25,0.35,0.5,0.65,0.85,0.95,0.0,0.65,0.0,0.08,0.03
6,PE_PB_FED,-0.040755,0.15,0.3,0.45,0.55,0.65,0.75,0.95,0.0,0.65,0.8,0.1,0.03
8,PE_PB,-0.040756,0.05,0.25,0.45,0.6,0.75,0.8,0.85,0.0,0.55,0.0,0.06,0.05
6,PE_PB,-0.04076,0.05,0.25,0.35,0.5,0.75,0.85,0.95,0.0,0.65,0.0,0.1,0.03
6,PE_only,-0.040761,0.1,0.3,0.35,0.5,0.65,0.75,0.85,0.0,0.0,0.0,0.08,0.04
6,PE_FED,-0.040762,0.15,0.25,0.4,0.5,0.7,0.85,0.95,-0.5,0.0,0.0,0.08,0.04
8,PE_PB,-0.040762,0.2,0.25,0.4,0.6,0.75,0.8,0.85,0.0,0.55,0.0,0.08,0.03
8,PE_PB,-0.040762,0.2,0.25,0.4,0.6,0.75,0.8,0.85,0.0,0.55,0.0,0.1,0.03
6,PE_FED,-0.040764,0.05,0.3,0.45,0.55,0.65,0.85,0.95,0.0,0.0,0.0,0.06,0.03
8,PE_only,-0.040767,0.2,0.3,0.45,0.5,0.65,0.75,0.85,0.0,0.0,0.0,0.12,0.05
6,PE_PB,-0.040768,0.15,0.2,0.4,0.65,0.7,0.8,0.85,0.0,0.5,0.0,0.08,0.04
8,PE_PB,-0.040769,0.1,0.3,0.45,0.5,0.7,0.75,0.95,0.0,0.6,0.0,0.1,0.03
8,PE_PB_FED,-0.040769,0.2,0.25,0.4,0.5,0.7,0.8,0.85,0.0,0.5,0.75,0.12,0.05
6,PE_PB_FED,-0.040773,0.05,0.25,0.3,0.55,0.75,0.85,0.95,0.0,0.65,0.7,0.1,0.03
6,PE_PB,-0.040774,0.15,0.2,0.45,0.5,0.7,0.85,0.95,0.0,0.65,0.0,0.12,0.05
6,PE_FED,-0.040778,0.1,0.25,0.3,0.5,0.7,0.85,0.95,0.0,0.0,0.0,0.12,0.05
6,PE_PB,-0.040783,0.15,0.2,0.4,0.5,0.65,0.8,0.85,0.0,0.65,0.0,0.1,0.03
8,PE_FED,-0.040787,0.2,0.25,0.4,0.5,0.75,0.8,0.95,0.5,0.0,0.0,0.12,0.05
8,PE_FED,-0.04079,0.05,0.3,0.4,0.7,0.7,0.8,0.85,0.5,0.0,0.0,0.12,0.04
6,PE_PB_FED,-0.040794,0.05,0.2,0.4,0.55,0.7,0.85,0.95,0.0,0.55,0.75,0.08,0.05
8,PE_FED,-0.040799,0.05,0.25,0.4,0.6,0.75,0.85,0.9,0.5,0.0,0.0,0.1,0.03
6,PB_FED,-0.0408,0.1,0.2,0.3,0.55,0.7,0.8,0.9,0.5,0.0,0.0,0.12,0.03
8,PB_FED,-0.040802,0.1,0.15,0.3,0.65,0.7,0.75,0.85,1.0,0.0,0.0,0.06,0.04
6,PE_PB,-0.040804,0.15,0.3,0.35,0.65,0.7,0.75,0.85,0.0,0.55,0.0,0.08,0.05
8,PE_FED,-0.040805,0.05,0.2,0.45,0.5,0.7,0.85,0.95,0.5,0.0,0.0,0.06,0.04
6,PB_FED,-0.040806,0.1,0.15,0.4,0.65,0.75,0.8,0.85,0.5,0.0,0.0,0.08,0.05
6,PB_FED,-0.040806,0.1,0.15,0.4,0.65,0.7,0.8,0.85,0.5,0.0,0.0,0.12,0.05
8,PE_PB,-0.040806,0.15,0.3,0.35,0.55,0.7,0.75,0.95,0.0,0.5,0.0,0.1,0.04
8,PE_PB_FED,-0.040808,0.05,0.25,0.4,0.65,0.65,0.8,0.95,0.5,0.55,0.7,0.1,0.05
8,PE_PB,-0.040809,0.2,0.3,0.35,0.6,0.75,0.8,0.85,0.0,0.6,0.0,0.12,0.03
6,PE_FED,-0.04081,0.1,0.2,0.4,0.5,0.65,0.85,0.9,-0.5,0.0,0.0,0.12,0.04
8,PE_PB,-0.04081,0.2,0.25,0.4,0.6,0.75,0.8,0.9,0.0,0.5,0.0,0.08,0.03
6,PE_PB_FED,-0.040811,0.05,0.2,0.3,0.6,0.7,0.75,0.9,0.0,0.5,0.8,0.12,0.05
6,PB_FED,-0.040813,0.15,0.2,0.35,0.65,0.75,0.8,0.85,0.5,0.0,0.0,0.06,0.04
6,PE_PB,-0.040814,0.15,0.25,0.3,0.65,0.7,0.85,0.95,0.0,0.5,0.0,0.12,0.03
6,PE_PB,-0.040814,0.1,0.25,0.35,0.6,0.7,0.85,0.95,0.0,0.6,0.0,0.06,0.04
6,PE_only,-0.040816,0.1,0.3,0.4,0.55,0.7,0.85,0.9,0.0,0.0,0.0,0.1,0.05
8,PE_PB,-0.040818,0.15,0.25,0.3,0.55,0.7,0.75,0.9,0.0,0.5,0.0,0.12,0.05
6,PE_PB_FED,-0.040822,0.05,0.15,0.45,0.55,0.75,0.85,0.95,0.0,0.55,0.7,0.1,0.03
8,PE_PB,-0.040823,0.1,0.3,0.35,0.6,0.75,0.85,0.9,0.0,0.6,0.0,0.1,0.04
6,PB_FED,-0.040826,0.1,0.15,0.45,0.6,0.7,0.85,0.9,0.5,0.0,0.0,0.12,0.04
6,PE_PB,-0.04083,0.2,0.3,0.4,0.7,0.65,0.85,0.95,0.0,0.6,0.0,0.08,0.04
6,PE_PB,-0.040839,0.15,0.3,0.35,0.65,0.7,0.8,0.85,0.0,0.55,0.0,0.08,0.04
6,PE_PB_FED,-0.040841,0.15,0.2,0.3,0.65,0.75,0.85,0.9,0.0,0.5,0.75,0.06,0.04
8,PE_PB,-0.040845,0.15,0.25,0.35,0.5,0.7,0.8,0.9,0.0,0.6,0.0,0.06,0.03
6,PB_FED,-0.040855,0.15,0.25,0.3,0.65,0.7,0.8,0.85,0.5,0.0,0.0,0.08,0.03
6,PE_PB,-0.040856,0.05,0.2,0.45,0.5,0.65,0.85,0.95,0.0,0.6,0.0,0.1,0.03
8,PE_PB,-0.040856,0.05,0.2,0.3,0.5,0.7,0.75,0.9,0.0,0.5,0.0,0.08,0.05
6,PE_PB_FED,-0.040857,0.2,0.25,0.3,0.65,0.75,0.85,0.9,0.0,0.6,0.75,0.1,0.03
6,PE_PB,-0.040859,0.1,0.15,0.45,0.6,0.7,0.8,0.95,0.0,0.5,0.0,0.1,0.03
6,PE_PB,-0.040859,0.05,0.3,0.4,0.55,0.65,0.75,0.85,0.0,0.65,0.0,0.1,0.03
6,PE_PB,-0.04086,0.15,0.25,0.45,0.7,0.7,0.8,0.9,0.0,0.5,0.0,0.08,0.04
8,PE_PB,-0.04086,0.05,0.3,0.35,0.55,0.75,0.85,0.9,0.0,0.65,0.0,0.12,0.03
6,PE_PB_FED,-0.040862,0.1,0.3,0.35,0.7,0.7,0.75,0.95,-0.5,0.5,0.75,0.12,0.03
6,PE_PB,-0.040864,0.05,0.3,0.35,0.55,0.65,0.85,0.95,0.0,0.65,0.0,0.1,0.04
6,PE_FED,-0.040865,0.05,0.25,0.45,0.5,0.65,0.75,0.9,0.0,0.0,0.0,0.08,0.03
8,PE_PB_FED,-0.040866,0.05,0.2,0.35,0.7,0.65,0.85,0.9,0.5,0.55,0.8,0.1,0.03
6,PE_PB,-0.040867,0.05,0.15,0.45,0.65,0.65,0.85,0.9,0.0,0.5,0.0,0.08,0.04
6,PE_only,-0.040879,0.1,0.3,0.45,0.5,0.7,0.8,0.9,0.0,0.0,0.0,0.12,0.03
6,PE_only,-0.040879,0.1,0.3,0.45,0.5,0.7,0.8,0.9,0.0,0.0,0.0,0.06,0.03
6,PE_PB,-0.040883,0.1,0.25,0.45,0.55,0.65,0.85,0.95,0.0,0.6,0.0,0.12,0.04
6,PE_PB,-0.040884,0.1,0.3,0.45,0.65,0.75,0.8,0.9,0.0,0.65,0.0,0.06,0.04
6,PE_FED,-0.040884,0.1,0.25,0.45,0.5,0.75,0.85,0.95,-0.5,0.0,0.0,0.06,0.03
6,PE_PB,-0.040885,0.15,0.2,0.3,0.5,0.65,0.75,0.85,0.0,0.6,0.0,0.06,0.04
6,PE_PB_FED,-0.040885,0.05,0.2,0.35,0.5,0.7,0.8,0.95,-0.5,0.55,0.8,0.06,0.03
6,PE_PB_FED,-0.040888,0.2,0.25,0.3,0.6,0.65,0.8,0.95,0.0,0.55,0.8,0.1,0.04
6,PE_only,-0.040889,0.2,0.3,0.45,0.55,0.75,0.8,0.85,0.0,0.0,0.0,0.12,0.04
6,PE_PB,-0.040889,0.1,0.2,0.3,0.5,0.7,0.75,0.85,0.0,0.65,0.0,0.1,0.05
6,PE_PB_FED,-0.040892,0.05,0.25,0.3,0.55,0.65,0.75,0.9,-0.5,0.6,0.8,0.08,0.03
6,PB_FED,-0.040893,0.15,0.25,0.3,0.6,0.65,0.75,0.85,0.5,0.0,0.0,0.08,0.04
8,PE_PB,-0.040895,0.15,0.25,0.3,0.55,0.65,0.8,0.85,0.0,0.55,0.0,0.12,0.04
8,PE_FED,-0.040896,0.1,0.25,0.45,0.65,0.7,0.85,0.9,0.5,0.0,0.0,0.1,0.05
8,PB_FED,-0.040897,0.1,0.15,0.3,0.65,0.7,0.8,0.95,1.0,0.0,0.0,0.06,0.03
8,PE_PB,-0.040904,0.1,0.15,0.35,0.5,0.75,0.8,0.85,0.0,0.55,0.0,0.08,0.04
6,PB_FED,-0.040905,0.1,0.15,0.3,0.55,0.75,0.8,0.95,0.5,0.0,0.0,0.08,0.05
8,PE_PB_FED,-0.040906,0.15,0.3,0.35,0.65,0.65,0.8,0.9,0.5,0.65,0.8,0.08,0.04
6,PE_PB,-0.040908,0.2,0.25,0.35,0.6,0.7,0.8,0.9,0.0,0.65,0.0,0.1,0.05
6,PB_FED,-0.04091,0.1,0.2,0.45,0.55,0.7,0.75,0.9,0.5,0.0,0.0,0.1,0.05
8,PE_FED,-0.04091,0.15,0.3,0.4,0.7,0.75,0.85,0.9,0.5,0.0,0.0,0.08,0.05
6,PB_FED,-0.040911,0.05,0.15,0.45,0.6,0.65,0.8,0.85,0.5,0.0,0.0,0.1,0.05
8,PE_PB,-0.040914,0.05,0.3,0.45,0.7,0.65,0.75,0.85,0.0,0.5,0.0,0.12,0.05
8,PE_PB,-0.040914,0.05,0.25,0.4,0.55,0.7,0.75,0.85,0.0,0.5,0.0,0.12,0.03
6,PB_FED,-0.040916,0.1,0.25,0.45,0.65,0.7,0.8,0.85,0.5,0.0,0.0,0.1,0.04
8,PE_PB,-0.040917,0.2,0.3,0.4,0.6,0.7,0.75,0.95,0.0,0.5,0.0,0.12,0.04
6,PE_PB_FED,-0.040918,0.15,0.2,0.35,0.7,0.65,0.8,0.85,-0.5,0.5,0.8,0.12,0.05
6,PE_PB,-0.040921,0.05,0.2,0.4,0.6,0.7,0.8,0.85,0.0,0.6,0.0,0.06,0.05
6,PE_only,-0.040925,0.1,0.3,0.45,0.5,0.7,0.75,0.9,0.0,0.0,0.0,0.12,0.05
6,PE_PB_FED,-0.040931,0.05,0.25,0.35,0.65,0.65,0.8,0.95,0.0,0.5,0.8,0.08,0.03
6,PE_PB,-0.040932,0.15,0.2,0.3,0.65,0.7,0.8,0.9,0.0,0.5,0.0,0.1,0.05
6,PE_PB,-0.040933,0.05,0.25,0.45,0.7,0.75,0.8,0.85,0.0,0.5,0.0,0.06,0.04
8,PE_PB,-0.040933,0.15,0.25,0.35,0.55,0.65,0.75,0.9,0.0,0.5,0.0,0.12,0.05
8,PE_FED,-0.040933,0.1,0.2,0.45,0.55,0.7,0.85,0.9,0.5,0.0,0.0,0.12,0.05
6,PE_PB,-0.040936,0.15,0.25,0.4,0.55,0.65,0.75,0.9,0.0,0.55,0.0,0.06,0.04
6,PE_PB,-0.040941,0.1,0.25,0.45,0.55,0.7,0.8,0.85,0.0,0.65,0.0,0.12,0.04
6,PE_PB,-0.040942,0.1,0.3,0.4,0.6,0.7,0.8,0.9,0.0,0.55,0.0,0.06,0.03
6,PB_FED,-0.040942,0.15,0.2,0.35,0.65,0.65,0.8,0.95,0.5,0.0,0.0,0.1,0.03
8,PE_PB_FED,-0.040943,0.1,0.2,0.3,0.7,0.7,0.75,0.85,0.5,0.5,0.8,0.06,0.05
8,PE_PB,-0.04095,0.2,0.25,0.35,0.5,0.7,0.8,0.95,0.0,0.55,0.0,0.1,0.03
6,PE_PB_FED,-0.040952,0.1,0.25,0.3,0.55,0.7,0.75,0.9,0.0,0.6,0.7,0.06,0.03
8,PE_PB,-0.040957,0.1,0.25,0.45,0.5,0.75,0.8,0.9,0.0,0.65,0.0,0.1,0.04
6,PE_PB_FED,-0.040966,0.2,0.25,0.35,0.6,0.75,0.8,0.85,0.0,0.65,0.7,0.1,0.04
6,PE_PB,-0.040969,0.05,0.25,0.4,0.65,0.65,0.8,0.9,0.0,0.5,0.0,0.06,0.03
6,PE_PB_FED,-0.040973,0.1,0.25,0.4,0.55,0.75,0.8,0.95,0.0,0.6,0.75,0.08,0.04
8,PE_PB,-0.040973,0.15,0.25,0.3,0.55,0.7,0.75,0.85,0.0,0.5,0.0,0.12,0.03
6,PE_PB,-0.040978,0.15,0.2,0.4,0.6,0.7,0.85,0.9,0.0,0.6,0.0,0.1,0.04
8,PE_PB,-0.040981,0.1,0.25,0.4,0.55,0.65,0.8,0.9,0.0,0.5,0.0,0.12,0.03
6,PB_FED,-0.040983,0.1,0.25,0.45,0.7,0.7,0.8,0.9,0.5,0.0,0.0,0.08,0.03
8,PE_PB,-0.040983,0.1,0.3,0.35,0.6,0.65,0.85,0.95,0.0,0.55,0.0,0.1,0.05
6,PE_PB_FED,-0.040987,0.1,0.2,0.3,0.65,0.65,0.8,0.85,-0.5,0.5,0.75,0.12,0.03
8,PE_PB_FED,-0.040987,0.1,0.15,0.35,0.6,0.65,0.85,0.9,0.5,0.55,0.75,0.1,0.03
6,PE_PB_FED,-0.040994,0.05,0.25,0.4,0.55,0.7,0.85,0.95,-0.5,0.65,0.75,0.1,0.04
8,PE_PB,-0.040994,0.15,0.3,0.35,0.6,0.65,0.75,0.9,0.0,0.5,0.0,0.12,0.04
8,PE_FED,-0.040999,0.1,0.25,0.3,0.55,0.7,0.8,0.85,0.5,0.0,0.0,0.06,0.05
8,PE_PB,-0.041002,0.1,0.3,0.4,0.65,0.75,0.85,0.9,0.0,0.55,0.0,0.12,0.03
8,PE_PB,-0.041012,0.05,0.2,0.3,0.5,0.65,0.75,0.85,0.0,0.55,0.0,0.1,0.05
8,PE_PB,-0.041013,0.1,0.3,0.45,0.65,0.7,0.8,0.9,0.0,0.5,0.0,0.08,0.03
6,PE_PB_FED,-0.041015,0.05,0.2,0.45,0.65,0.65,0.85,0.95,-0.5,0.5,0.75,0.12,0.05
8,PE_PB_FED,-0.041017,0.1,0.3,0.4,0.5,0.7,0.75,0.85,-0.5,0.6,0.8,0.12,0.04
6,PE_only,-0.041022,0.2,0.25,0.35,0.5,0.7,0.8,0.85,0.0,0.0,0.0,0.12,0.04
6,PE_only,-0.041022,0.15,0.3,0.45,0.5,0.75,0.8,0.9,0.0,0.0,0.0,0.08,0.04
6,PE_PB_FED,-0.041024,0.2,0.25,0.35,0.6,0.7,0.8,0.95,0.0,0.55,0.75,0.1,0.05
8,PE_FED,-0.041024,0.2,0.25,0.35,0.6,0.75,0.8,0.85,0.5,0.0,0.0,0.06,0.04
6,PE_PB,-0.041026,0.15,0.2,0.4,0.6,0.65,0.8,0.85,0.0,0.6,0.0,0.08,0.05
6,PE_PB_FED,-0.041026,0.1,0.3,0.45,0.65,0.65,0.75,0.95,0.0,0.55,0.7,0.12,0.03
6,PE_PB,-0.041033,0.15,0.2,0.4,0.5,0.65,0.8,0.9,0.0,0.6,0.0,0.06,0.04
8,PE_PB,-0.041034,0.15,0.2,0.45,0.5,0.65,0.85,0.9,0.0,0.65,0.0,0.12,0.04
6,PE_PB,-0.041037,0.1,0.25,0.45,0.6,0.65,0.8,0.85,0.0,0.55,0.0,0.08,0.04
6,PE_PB_FED,-0.041038,0.05,0.15,0.3,0.55,0.65,0.8,0.9,-0.5,0.55,0.8,0.12,0.05
6,PE_PB_FED,-0.041039,0.2,0.25,0.4,0.55,0.7,0.75,0.9,-0.5,0.65,0.8,0.12,0.04
8,PE_PB,-0.041041,0.1,0.15,0.45,0.55,0.7,0.8,0.85,0.0,0.5,0.0,0.1,0.05
8,PE_PB_FED,-0.041045,0.1,0.25,0.4,0.5,0.75,0.8,0.95,0.5,0.65,0.8,0.1,0.05
8,PE_FED,-0.041055,0.05,0.3,0.35,0.65,0.7,0.75,0.85,0.5,0.0,0.0,0.12,0.05
6,PE_PB,-0.041057,0.05,0.3,0.4,0.65,0.65,0.8,0.85,0.0,0.65,0.0,0.06,0.04
8,PE_PB,-0.041057,0.15,0.3,0.45,0.55,0.7,0.8,0.95,0.0,0.5,0.0,0.08,0.03
8,PE_PB,-0.041059,0.1,0.25,0.45,0.55,0.75,0.85,0.95,0.0,0.55,0.0,0.1,0.04
6,PE_PB,-0.041062,0.05,0.25,0.4,0.5,0.7,0.75,0.9,0.0,0.6,0.0,0.12,0.03
6,PE_PB_FED,-0.041063,0.1,0.25,0.35,0.65,0.75,0.8,0.85,0.0,0.6,0.75,0.06,0.04
6,PE_only,-0.041064,0.2,0.3,0.4,0.5,0.7,0.75,0.9,0.0,0.0,0.0,0.08,0.05
6,PE_only,-0.041064,0.2,0.3,0.4,0.5,0.7,0.75,0.9,0.0,0.0,0.0,0.06,0.05
8,PE_PB,-0.041066,0.2,0.25,0.35,0.5,0.65,0.75,0.95,0.0,0.55,0.0,0.12,0.04
6,PE_PB,-0.041069,0.2,0.25,0.35,0.55,0.65,0.75,0.9,0.0,0.6,0.0,0.06,0.05
6,PE_PB_FED,-0.041071,0.05,0.25,0.45,0.7,0.7,0.75,0.9,-0.5,0.5,0.75,0.08,0.04
6,PE_PB_FED,-0.041077,0.2,0.25,0.45,0.65,0.7,0.8,0.9,0.0,0.6,0.8,0.08,0.05
6,PE_PB,-0.041079,0.15,0.25,0.3,0.7,0.75,0.8,0.85,0.0,0.5,0.0,0.12,0.05
6,PB_FED,-0.041079,0.15,0.25,0.3,0.65,0.65,0.85,0.9,0.5,0.0,0.0,0.1,0.03
8,PE_PB,-0.041079,0.05,0.3,0.45,0.55,0.7,0.8,0.95,0.0,0.5,0.0,0.08,0.03
6,PE_PB_FED,-0.041081,0.1,0.25,0.4,0.5,0.7,0.8,0.95,-0.5,0.65,0.75,0.12,0.03
6,PB_FED,-0.041089,0.05,0.15,0.35,0.7,0.75,0.85,0.9,0.5,0.0,0.0,0.08,0.05
6,PE_PB,-0.041095,0.15,0.25,0.45,0.6,0.65,0.75,0.85,0.0,0.6,0.0,0.08,0.03
8,PE_PB_FED,-0.041095,0.1,0.3,0.35,0.7,0.75,0.8,0.95,0.5,0.55,0.75,0.1,0.04
8,PE_PB_FED,-0.041096,0.15,0.2,0.4,0.7,0.7,0.75,0.85,0.5,0.5,0.8,0.06,0.05
6,PE_PB,-0.041098,0.1,0.2,0.4,0.7,0.75,0.85,0.9,0.0,0.5,0.0,0.08,0.05
8,PE_PB_FED,-0.041099,0.05,0.2,0.4,0.6,0.75,0.8,0.85,0.5,0.6,0.8,0.12,0.03
6,PE_only,-0.041101,0.15,0.3,0.45,0.5,0.7,0.75,0.85,0.0,0.0,0.0,0.06,0.03
6,PE_PB,-0.041102,0.2,0.25,0.4,0.6,0.65,0.75,0.85,0.0,0.65,0.0,0.08,0.05
6,PE_PB,-0.041103,0.15,0.25,0.45,0.55,0.65,0.85,0.9,0.0,0.65,0.0,0.12,0.03
6,PE_PB,-0.041106,0.1,0.25,0.35,0.7,0.7,0.75,0.85,0.0,0.5,0.0,0.1,0.05
8,PE_FED,-0.041107,0.15,0.3,0.45,0.65,0.65,0.8,0.85,0.5,0.0,0.0,0.06,0.03
6,PE_only,-0.041108,0.05,0.3,0.45,0.5,0.65,0.75,0.85,0.0,0.0,0.0,0.12,0.03
6,PE_PB,-0.041108,0.15,0.3,0.45,0.6,0.65,0.8,0.9,0.0,0.55,0.0,0.08,0.03
8,PE_PB_FED,-0.041109,0.05,0.25,0.4,0.7,0.65,0.75,0.9,0.5,0.55,0.75,0.12,0.05
6,PE_FED,-0.041116,0.1,0.25,0.45,0.55,0.7,0.85,0.9,-0.5,0.0,0.0,0.06,0.05
6,PE_only,-0.041126,0.05,0.3,0.45,0.5,0.7,0.85,0.95,0.0,0.0,0.0,0.1,0.04
6,PE_PB,-0.041128,0.05,0.3,0.35,0.6,0.65,0.75,0.85,0.0,0.55,0.0,0.08,0.03
6,PE_PB_FED,-0.041129,0.05,0.3,0.45,0.65,0.7,0.85,0.95,0.0,0.65,0.75,0.12,0.05
6,PE_PB_FED,-0.041131,0.05,0.2,0.45,0.7,0.75,0.85,0.9,0.0,0.5,0.75,0.1,0.05
8,PE_PB,-0.041132,0.15,0.2,0.3,0.6,0.75,0.85,0.9,0.0,0.5,0.0,0.12,0.05
6,PE_PB,-0.041141,0.05,0.3,0.35,0.65,0.65,0.75,0.95,0.0,0.5,0.0,0.06,0.04
8,PE_PB,-0.041142,0.1,0.2,0.3,0.5,0.7,0.85,0.95,0.0,0.55,0.0,0.1,0.04
8,PE_FED,-0.041142,0.15,0.25,0.4,0.55,0.75,0.8,0.85,0.5,0.0,0.0,0.06,0.05
6,PE_only,-0.041152,0.05,0.3,0.45,0.5,0.7,0.85,0.95,0.0,0.0,0.0,0.08,0.05
6,PE_PB_FED,-0.041152,0.15,0.2,0.35,0.5,0.65,0.75,0.95,-0.5,0.55,0.75,0.12,0.05
6,PB_FED,-0.041156,0.05,0.25,0.3,0.55,0.7,0.75,0.95,0.5,0.0,0.0,0.12,0.03
8,PE_PB,-0.04116,0.15,0.3,0.35,0.6,0.75,0.85,0.9,0.0,0.6,0.0,0.1,0.05
8,PE_PB_FED,-0.041163,0.05,0.3,0.45,0.5,0.7,0.8,0.85,0.0,0.55,0.75,0.06,0.04
6,PB_FED,-0.041165,0.05,0.15,0.45,0.55,0.75,0.8,0.85,0.5,0.0,0.0,0.1,0.04
6,PE_PB_FED,-0.041167,0.15,0.2,0.45,0.5,0.7,0.85,0.95,0.0,0.6,0.8,0.1,0.03
6,PE_PB_FED,-0.041174,0.05,0.25,0.35,0.55,0.7,0.8,0.95,0.0,0.6,0.8,0.06,0.04
8,PE_PB,-0.041182,0.05,0.2,0.35,0.55,0.7,0.8,0.85,0.0,0.5,0.0,0.12,0.05
6,PE_PB,-0.041186,0.15,0.3,0.35,0.6,0.65,0.8,0.9,0.0,0.55,0.0,0.08,0.04
6,PE_PB,-0.041186,0.15,0.25,0.45,0.6,0.7,0.85,0.95,0.0,0.6,0.0,0.08,0.05
6,PE_FED,-0.041186,0.05,0.2,0.3,0.5,0.7,0.85,0.9,-0.5,0.0,0.0,0.08,0.05
8,PE_PB,-0.041187,0.2,0.25,0.4,0.5,0.65,0.75,0.85,0.0,0.65,0.0,0.08,0.04
8,PE_PB_FED,-0.04119,0.05,0.2,0.3,0.6,0.7,0.8,0.85,0.5,0.6,0.75,0.06,0.04
6,PE_PB_FED,-0.041193,0.15,0.3,0.4,0.65,0.7,0.85,0.9,0.0,0.65,0.75,0.12,0.03
6,PB_FED,-0.041196,0.1,0.15,0.35,0.65,0.65,0.85,0.95,0.5,0.0,0.0,0.12,0.04
8,PE_PB_FED,-0.041196,0.2,0.3,0.35,0.5,0.65,0.8,0.9,0.0,0.5,0.7,0.12,0.05
8,PE_PB,-0.041197,0.05,0.25,0.35,0.5,0.7,0.8,0.9,0.0,0.6,0.0,0.08,0.04
6,PB_FED,-0.041198,0.15,0.2,0.3,0.55,0.65,0.8,0.9,0.5,0.0,0.0,0.08,0.03
8,PE_FED,-0.041204,0.15,0.25,0.45,0.5,0.7,0.75,0.85,0.5,0.0,0.0,0.08,0.03
8,PE_PB,-0.041208,0.1,0.3,0.4,0.5,0.7,0.75,0.95,0.0,0.55,0.0,0.12,0.03
8,PE_FED,-0.041208,0.2,0.3,0.35,0.65,0.7,0.8,0.9,0.5,0.0,0.0,0.1,0.05
8,PE_PB_FED,-0.041208,0.15,0.3,0.35,0.7,0.65,0.8,0.95,0.5,0.55,0.8,0.1,0.05
6,PE_PB,-0.041209,0.2,0.25,0.3,0.65,0.65,0.8,0.95,0.0,0.5,0.0,0.06,0.05
6,PB_FED,-0.041209,0.1,0.2,0.35,0.6,0.75,0.8,0.85,0.5,0.0,0.0,0.06,0.04
6,PE_PB_FED,-0.041212,0.2,0.25,0.4,0.65,0.7,0.75,0.95,0.0,0.5,0.7,0.1,0.05
6,PE_only,-0.041213,0.1,0.25,0.35,0.5,0.65,0.85,0.9,0.0,0.0,0.0,0.06,0.05
6,PE_PB,-0.041214,0.2,0.3,0.45,0.65,0.65,0.75,0.85,0.0,0.6,0.0,0.12,0.03
6,PE_PB_FED,-0.041214,0.15,0.2,0.3,0.5,0.65,0.85,0.95,0.0,0.55,0.7,0.06,0.03
8,PE_PB,-0.041215,0.1,0.25,0.3,0.6,0.75,0.85,0.9,0.0,0.55,0.0,0.08,0.05
6,PE_PB,-0.041223,0.15,0.3,0.35,0.6,0.75,0.85,0.95,0.0,0.55,0.0,0.1,0.04
8,PE_PB,-0.041223,0.1,0.2,0.45,0.6,0.65,0.85,0.9,0.0,0.5,0.0,0.1,0.03
6,PE_PB,-0.041225,0.1,0.3,0.45,0.55,0.7,0.75,0.95,0.0,0.55,0.0,0.1,0.03
6,PB_FED,-0.041233,0.05,0.15,0.3,0.5,0.75,0.8,0.85,0.5,0.0,0.0,0.1,0.03
8,PE_PB_FED,-0.041233,0.1,0.25,0.4,0.65,0.7,0.85,0.9,0.5,0.65,0.75,0.08,0.04
6,PE_PB,-0.041234,0.05,0.15,0.45,0.55,0.65,0.85,0.9,0.0,0.55,0.0,0.12,0.04
8,PE_PB,-0.041234,0.1,0.2,0.45,0.5,0.75,0.85,0.9,0.0,0.65,0.0,0.08,0.03
6,PE_PB,-0.041236,0.1,0.15,0.3,0.5,0.75,0.8,0.9,0.0,0.55,0.0,0.08,0.05
6,PB_FED,-0.041242,0.1,0.25,0.4,0.7,0.65,0.75,0.95,0.5,0.0,0.0,0.12,0.04
8,PE_FED,-0.041242,0.15,0.25,0.4,0.5,0.65,0.85,0.95,0.5,0.0,0.0,0.12,0.04
8,PE_PB_FED,-0.041243,0.15,0.2,0.3,0.6,0.65,0.85,0.95,0.5,0.55,0.8,0.12,0.05
6,PE_only,-0.041246,0.1,0.3,0.35,0.5,0.65,0.8,0.9,0.0,0.0,0.0,0.06,0.05
6,PE_only,-0.041246,0.1,0.3,0.35,0.5,0.7,0.8,0.9,0.0,0.0,0.0,0.12,0.05
6,PE_only,-0.041246,0.05,0.3,0.45,0.5,0.65,0.75,0.85,0.0,0.0,0.0,0.12,0.04
6,PE_only,-0.041257,0.1,0.3,0.45,0.5,0.7,0.8,0.9,0.0,0.0,0.0,0.1,0.04
8,PE_PB_FED,-0.041267,0.1,0.3,0.35,0.6,0.65,0.85,0.9,-0.5,0.5,0.7,0.12,0.04
8,PE_FED,-0.041268,0.15,0.3,0.35,0.5,0.7,0.75,0.9,0.5,0.0,0.0,0.1,0.04
8,PE_PB,-0.041272,0.2,0.3,0.45,0.55,0.65,0.8,0.9,0.0,0.65,0.0,0.1,0.05
6,PE_PB_FED,-0.041275,0.1,0.25,0.4,0.6,0.65,0.75,0.9,0.0,0.55,0.75,0.08,0.03
8,PE_PB,-0.041275,0.15,0.25,0.45,0.55,0.75,0.8,0.9,0.0,0.55,0.0,0.12,0.05
6,PE_PB,-0.041276,0.05,0.3,0.4,0.65,0.75,0.85,0.95,0.0,0.6,0.0,0.1,0.05
8,PE_PB,-0.041284,0.15,0.3,0.4,0.7,0.75,0.85,0.9,0.0,0.5,0.0,0.08,0.05
8,PE_PB,-0.04129,0.15,0.2,0.35,0.5,0.65,0.8,0.9,0.0,0.5,0.0,0.08,0.03
6,PE_PB,-0.041292,0.05,0.25,0.35,0.55,0.65,0.85,0.9,0.0,0.65,0.0,0.08,0.05
6,PB_FED,-0.041296,0.15,0.2,0.45,0.65,0.65,0.85,0.95,0.5,0.0,0.0,0.12,0.03
6,PE_PB,-0.041297,0.2,0.25,0.3,0.55,0.65,0.75,0.9,0.0,0.55,0.0,0.06,0.03
6,PB_FED,-0.0413,0.15,0.2,0.45,0.65,0.65,0.85,0.9,0.5,0.0,0.0,0.06,0.04
6,PE_FED,-0.041302,0.1,0.15,0.45,0.5,0.65,0.85,0.9,-0.5,0.0,0.0,0.12,0.05
6,PE_PB_FED,-0.041307,0.1,0.2,0.3,0.5,0.65,0.8,0.85,0.0,0.65,0.75,0.06,0.04
6,PE_only,-0.04131,0.05,0.3,0.4,0.5,0.75,0.8,0.9,0.0,0.0,0.0,0.08,0.05
6,PE_PB_FED,-0.041314,0.15,0.3,0.4,0.6,0.65,0.75,0.95,0.0,0.55,0.7,0.08,0.03
8,PE_PB_FED,-0.041314,0.2,0.3,0.4,0.7,0.65,0.8,0.9,0.5,0.65,0.75,0.1,0.04
8,PE_PB,-0.041317,0.1,0.15,0.4,0.5,0.75,0.8,0.9,0.0,0.5,0.0,0.1,0.05
8,PE_PB,-0.041317,0.2,0.25,0.35,0.6,0.75,0.8,0.9,0.0,0.5,0.0,0.08,0.04
6,PE_PB,-0.041319,0.05,0.3,0.35,0.6,0.65,0.8,0.9,0.0,0.55,0.0,0.12,0.04
6,PB_FED,-0.04132,0.05,0.2,0.35,0.6,0.65,0.8,0.85,0.5,0.0,0.0,0.1,0.03
6,PE_PB_FED,-0.041321,0.2,0.3,0.4,0.6,0.7,0.8,0.9,0.0,0.65,0.75,0.06,0.04
6,PE_only,-0.041324,0.05,0.3,0.35,0.5,0.65,0.8,0.85,0.0,0.0,0.0,0.06,0.03
8,PE_PB,-0.041324,0.2,0.3,0.35,0.55,0.75,0.8,0.95,0.0,0.55,0.0,0.06,0.05
6,PE_only,-0.041327,0.1,0.3,0.4,0.5,0.7,0.8,0.9,0.0,0.0,0.0,0.08,0.05
8,PB_FED,-0.04133,0.1,0.2,0.4,0.7,0.65,0.75,0.9,1.0,0.0,0.0,0.08,0.03
6,PE_PB,-0.041333,0.1,0.2,0.3,0.5,0.7,0.85,0.95,0.0,0.55,0.0,0.08,0.03
8,PB_FED,-0.041333,0.1,0.2,0.3,0.6,0.65,0.75,0.9,1.0,0.0,0.0,0.1,0.03
6,PB_FED,-0.041342,0.05,0.2,0.35,0.65,0.65,0.8,0.95,0.5,0.0,0.0,0.08,0.05
6,PE_PB,-0.041347,0.05,0.25,0.35,0.55,0.65,0.75,0.9,0.0,0.55,0.0,0.1,0.05
6,PE_FED,-0.041347,0.05,0.3,0.45,0.6,0.75,0.8,0.85,0.0,0.0,0.0,0.1,0.05
6,PE_PB,-0.04135,0.1,0.25,0.45,0.6,0.75,0.85,0.95,0.0,0.6,0.0,0.12,0.05
8,PE_PB,-0.041362,0.1,0.3,0.35,0.65,0.65,0.85,0.95,0.0,0.5,0.0,0.08,0.05
8,PE_PB_FED,-0.041366,0.05,0.25,0.4,0.6,0.7,0.75,0.85,0.5,0.6,0.75,0.08,0.03
8,PE_PB_FED,-0.041368,0.2,0.25,0.3,0.55,0.65,0.85,0.9,-0.5,0.5,0.7,0.08,0.04
6,PE_PB_FED,-0.04137,0.05,0.3,0.4,0.65,0.7,0.85,0.9,-0.5,0.65,0.8,0.1,0.05
6,PB_FED,-0.041373,0.1,0.2,0.4,0.65,0.7,0.8,0.9,0.5,0.0,0.0,0.1,0.05
8,PE_FED,-0.041374,0.1,0.25,0.4,0.5,0.65,0.85,0.95,0.5,0.0,0.0,0.06,0.04
8,PE_PB,-0.041383,0.05,0.25,0.35,0.55,0.65,0.85,0.95,0.0,0.5,0.0,0.08,0.05
8,PE_FED,-0.041384,0.2,0.3,0.4,0.55,0.75,0.8,0.9,0.5,0.0,0.0,0.06,0.03
6,PE_FED,-0.041388,0.2,0.25,0.4,0.5,0.7,0.75,0.9,-0.5,0.0,0.0,0.12,0.05
6,PE_PB,-0.041393,0.05,0.3,0.45,0.6,0.7,0.8,0.95,0.0,0.6,0.0,0.1,0.05
6,PB_FED,-0.041393,0.05,0.2,0.45,0.55,0.65,0.75,0.95,0.5,0.0,0.0,0.12,0.05
6,PE_PB_FED,-0.041398,0.15,0.2,0.35,0.65,0.7,0.85,0.9,-0.5,0.5,0.8,0.06,0.03
6,PE_only,-0.041402,0.15,0.3,0.4,0.5,0.65,0.8,0.85,0.0,0.0,0.0,0.06,0.04
6,PE_PB_FED,-0.041402,0.2,0.25,0.3,0.6,0.7,0.75,0.95,-0.5,0.5,0.8,0.06,0.03
8,PE_FED,-0.04141,0.05,0.2,0.3,0.5,0.65,0.85,0.9,0.5,0.0,0.0,0.1,0.04
6,PE_PB_FED,-0.041414,0.1,0.3,0.45,0.6,0.65,0.75,0.95,0.0,0.6,0.75,0.12,0.05
6,PE_PB_FED,-0.041417,0.05,0.25,0.3,0.6,0.7,0.75,0.95,0.0,0.5,0.8,0.06,0.03
6,PE_PB_FED,-0.041418,0.1,0.3,0.45,0.65,0.7,0.85,0.95,-0.5,0.6,0.7,0.1,0.05
8,PE_PB,-0.041419,0.2,0.25,0.45,0.65,0.75,0.85,0.9,0.0,0.55,0.0,0.1,0.05
6,PE_PB,-0.04142,0.15,0.3,0.45,0.55,0.65,0.85,0.95,0.0,0.6,0.0,0.08,0.03
6,PE_PB,-0.041421,0.2,0.3,0.4,0.65,0.75,0.8,0.85,0.0,0.6,0.0,0.06,0.03
6,PE_only,-0.041431,0.2,0.25,0.35,0.5,0.65,0.8,0.85,0.0,0.0,0.0,0.12,0.05
6,PE_FED,-0.041432,0.1,0.3,0.45,0.55,0.65,0.75,0.85,-0.5,0.0,0.0,0.1,0.03
8,PE_PB_FED,-0.041434,0.1,0.3,0.35,0.65,0.7,0.75,0.85,0.5,0.65,0.75,0.1,0.04
6,PE_only,-0.041437,0.1,0.3,0.4,0.5,0.7,0.75,0.85,0.0,0.0,0.0,0.06,0.05
8,PE_PB,-0.041437,0.05,0.25,0.4,0.5,0.65,0.85,0.95,0.0,0.6,0.0,0.12,0.04
6,PE_PB,-0.04144,0.05,0.25,0.35,0.5,0.7,0.85,0.95,0.0,0.65,0.0,0.1,0.05
8,PE_PB_FED,-0.041442,0.15,0.25,0.4,0.7,0.75,0.8,0.9,0.5,0.5,0.7,0.1,0.04
6,PE_PB_FED,-0.041444,0.1,0.2,0.35,0.55,0.7,0.75,0.9,0.0,0.5,0.8,0.12,0.05
8,PE_PB,-0.041452,0.1,0.3,0.45,0.65,0.7,0.75,0.85,0.0,0.5,0.0,0.1,0.03
6,PE_PB,-0.041454,0.05,0.25,0.4,0.5,0.75,0.8,0.9,0.0,0.65,0.0,0.08,0.04
6,PE_only,-0.041461,0.2,0.3,0.45,0.5,0.65,0.75,0.9,0.0,0.0,0.0,0.06,0.05
6,PB_FED,-0.041461,0.05,0.25,0.45,0.55,0.7,0.75,0.9,0.5,0.0,0.0,0.06,0.03
6,PB_FED,-0.041463,0.05,0.25,0.3,0.65,0.75,0.8,0.95,0.5,0.0,0.0,0.06,0.04
6,PE_FED,-0.041464,0.15,0.25,0.45,0.5,0.7,0.85,0.95,0.0,0.0,0.0,0.1,0.05
6,PE_PB_FED,-0.041467,0.1,0.25,0.35,0.6,0.7,0.75,0.85,0.0,0.6,0.8,0.08,0.04
6,PB_FED,-0.041469,0.1,0.25,0.3,0.6,0.75,0.8,0.9,0.5,0.0,0.0,0.06,0.04
8,PE_PB,-0.041475,0.1,0.25,0.35,0.55,0.75,0.85,0.9,0.0,0.6,0.0,0.08,0.05
8,PE_PB,-0.041477,0.1,0.15,0.4,0.5,0.7,0.8,0.85,0.0,0.55,0.0,0.1,0.05
6,PE_PB_FED,-0.041479,0.2,0.25,0.45,0.6,0.75,0.8,0.95,0.0,0.55,0.8,0.08,0.05
6,PB_FED,-0.041479,0.1,0.25,0.45,0.6,0.75,0.8,0.95,0.5,0.0,0.0,0.08,0.03
8,PE_PB,-0.041479,0.1,0.15,0.35,0.5,0.7,0.85,0.9,0.0,0.55,0.0,0.12,0.04
6,PE_PB,-0.041483,0.05,0.3,0.4,0.55,0.65,0.8,0.9,0.0,0.65,0.0,0.08,0.05
6,PB_FED,-0.041484,0.1,0.25,0.3,0.55,0.7,0.75,0.85,0.5,0.0,0.0,0.06,0.04
8,PE_PB_FED,-0.041486,0.1,0.3,0.35,0.65,0.75,0.85,0.95,0.5,0.65,0.8,0.08,0.05
6,PE_PB_FED,-0.041487,0.15,0.25,0.4,0.55,0.75,0.8,0.9,-0.5,0.65,0.8,0.1,0.05
8,PE_PB_FED,-0.04149,0.05,0.3,0.4,0.7,0.7,0.75,0.9,0.5,0.55,0.7,0.06,0.03
6,PE_FED,-0.041492,0.05,0.25,0.3,0.5,0.65,0.75,0.85,0.0,0.0,0.0,0.06,0.04
8,PE_PB,-0.041492,0.2,0.3,0.45,0.65,0.7,0.8,0.9,0.0,0.55,0.0,0.12,0.05
8,PE_FED,-0.041492,0.2,0.3,0.4,0.65,0.7,0.75,0.85,0.5,0.0,0.0,0.06,0.05
8,PE_FED,-0.041494,0.2,0.25,0.4,0.6,0.65,0.85,0.9,0.5,0.0,0.0,0.08,0.04
8,PE_PB,-0.041499,0.2,0.25,0.3,0.55,0.65,0.8,0.85,0.0,0.6,0.0,0.12,0.05
6,PE_only,-0.041502,0.1,0.3,0.45,0.5,0.7,0.75,0.85,0.0,0.0,0.0,0.08,0.04
6,PB_FED,-0.041504,0.2,0.25,0.45,0.65,0.75,0.8,0.85,0.5,0.0,0.0,0.08,0.03
6,PE_PB,-0.041509,0.2,0.3,0.4,0.6,0.7,0.85,0.95,0.0,0.65,0.0,0.1,0.04
6,PB_FED,-0.041509,0.1,0.25,0.35,0.6,0.65,0.8,0.9,0.5,0.0,0.0,0.1,0.03
6,PE_PB,-0.041511,0.05,0.25,0.35,0.65,0.7,0.85,0.95,0.0,0.5,0.0,0.12,0.05
6,PE_PB_FED,-0.041511,0.1,0.15,0.4,0.5,0.75,0.8,0.9,-0.5,0.65,0.75,0.08,0.05
8,PE_FED,-0.041511,0.05,0.25,0.4,0.55,0.65,0.85,0.9,0.5,0.0,0.0,0.12,0.04
8,PE_FED,-0.041512,0.15,0.3,0.45,0.6,0.65,0.75,0.85,0.5,0.0,0.0,0.12,0.05
6,PE_PB,-0.041513,0.05,0.25,0.35,0.65,0.65,0.8,0.85,0.0,0.5,0.0,0.06,0.04
6,PE_PB_FED,-0.041518,0.2,0.25,0.45,0.6,0.65,0.8,0.9,0.0,0.6,0.8,0.1,0.04
6,PE_PB_FED,-0.041518,0.2,0.25,0.35,0.55,0.65,0.75,0.95,0.0,0.55,0.75,0.12,0.05
8,PE_PB_FED,-0.041519,0.15,0.25,0.3,0.65,0.7,0.85,0.9,0.5,0.65,0.75,0.12,0.05
6,PE_PB,-0.041522,0.15,0.2,0.3,0.5,0.7,0.75,0.85,0.0,0.6,0.0,0.06,0.05
8,PE_PB,-0.041522,0.05,0.25,0.35,0.5,0.7,0.8,0.95,0.0,0.5,0.0,0.1,0.05
6,PE_PB,-0.041528,0.05,0.2,0.45,0.5,0.7,0.85,0.95,0.0,0.6,0.0,0.1,0.04
8,PE_PB_FED,-0.041532,0.1,0.3,0.35,0.6,0.75,0.8,0.95,0.5,0.6,0.7,0.1,0.05
8,PE_PB,-0.041533,0.1,0.25,0.4,0.55,0.65,0.8,0.9,0.0,0.5,0.0,0.12,0.04
6,PE_PB_FED,-0.041537,0.2,0.3,0.45,0.6,0.7,0.85,0.95,-0.5,0.65,0.75,0.12,0.04
8,PE_PB,-0.041538,0.2,0.3,0.45,0.7,0.7,0.8,0.85,0.0,0.5,0.0,0.06,0.04
8,PE_PB,-0.041542,0.1,0.25,0.4,0.55,0.75,0.85,0.9,0.0,0.6,0.0,0.08,0.05
6,PE_PB,-0.041544,0.2,0.25,0.45,0.6,0.75,0.8,0.85,0.0,0.65,0.0,0.08,0.03
6,PE_PB_FED,-0.041546,0.15,0.2,0.35,0.5,0.65,0.8,0.95,-0.5,0.55,0.7,0.12,0.04
8,PE_PB,-0.04155,0.05,0.3,0.35,0.6,0.65,0.75,0.9,0.0,0.5,0.0,0.1,0.05
6,PE_PB,-0.041554,0.05,0.3,0.45,0.65,0.7,0.75,0.95,0.0,0.5,0.0,0.12,0.05
8,PE_PB,-0.041563,0.1,0.25,0.45,0.5,0.65,0.8,0.95,0.0,0.5,0.0,0.12,0.03
6,PE_PB_FED,-0.041564,0.2,0.3,0.35,0.6,0.65,0.8,0.95,0.0,0.55,0.7,0.08,0.03
6,PE_PB,-0.041566,0.05,0.3,0.35,0.65,0.65,0.8,0.85,0.0,0.65,0.0,0.12,0.05
6,PE_PB,-0.041579,0.05,0.3,0.45,0.55,0.65,0.75,0.9,0.0,0.6,0.0,0.1,0.04
6,PE_PB_FED,-0.041581,0.05,0.25,0.35,0.6,0.7,0.75,0.85,0.0,0.6,0.75,0.12,0.03
8,PE_PB,-0.041583,0.2,0.3,0.45,0.65,0.75,0.85,0.95,0.0,0.5,0.0,0.08,0.03
6,PE_FED,-0.041587,0.2,0.25,0.45,0.5,0.65,0.75,0.85,0.0,0.0,0.0,0.06,0.03
6,PE_PB,-0.041588,0.1,0.25,0.45,0.65,0.75,0.8,0.9,0.0,0.5,0.0,0.08,0.03
8,PE_PB,-0.041593,0.05,0.2,0.45,0.5,0.7,0.8,0.85,0.0,0.6,0.0,0.1,0.04
8,PE_PB,-0.041601,0.05,0.3,0.4,0.65,0.65,0.85,0.9,0.0,0.55,0.0,0.06,0.05
6,PE_PB,-0.041603,0.05,0.3,0.35,0.55,0.65,0.75,0.85,0.0,0.65,0.0,0.06,0.05
8,PE_PB,-0.041606,0.1,0.2,0.45,0.55,0.65,0.8,0.85,0.0,0.5,0.0,0.1,0.04
6,PE_PB,-0.041608,0.05,0.3,0.35,0.6,0.65,0.75,0.9,0.0,0.6,0.0,0.1,0.04
6,PE_PB,-0.041609,0.2,0.25,0.45,0.6,0.75,0.8,0.9,0.0,0.6,0.0,0.08,0.03
6,PE_PB_FED,-0.041614,0.05,0.15,0.4,0.5,0.75,0.85,0.95,-0.5,0.6,0.7,0.1,0.05
6,PE_PB,-0.041623,0.05,0.25,0.3,0.65,0.75,0.8,0.85,0.0,0.5,0.0,0.1,0.04
6,PB_FED,-0.041623,0.1,0.15,0.4,0.55,0.65,0.8,0.85,0.5,0.0,0.0,0.08,0.03
8,PE_PB,-0.041623,0.2,0.25,0.4,0.65,0.65,0.85,0.9,0.0,0.5,0.0,0.12,0.03
6,PE_PB,-0.041626,0.2,0.25,0.3,0.5,0.75,0.8,0.95,0.0,0.6,0.0,0.12,0.04
6,PB_FED,-0.041629,0.1,0.25,0.45,0.7,0.7,0.8,0.9,0.5,0.0,0.0,0.06,0.04
6,PE_PB,-0.04163,0.1,0.3,0.4,0.5,0.75,0.8,0.95,0.0,0.65,0.0,0.1,0.04
6,PE_PB,-0.041634,0.2,0.25,0.4,0.6,0.7,0.75,0.9,0.0,0.6,0.0,0.12,0.05
8,PE_PB,-0.041638,0.05,0.3,0.35,0.5,0.7,0.75,0.9,0.0,0.6,0.0,0.08,0.03
8,PE_PB,-0.041641,0.15,0.3,0.45,0.6,0.7,0.75,0.85,0.0,0.55,0.0,0.08,0.05
6,PE_PB_FED,-0.04165,0.05,0.15,0.35,0.5,0.7,0.85,0.95,0.0,0.6,0.7,0.06,0.04
8,PE_FED,-0.04165,0.05,0.3,0.45,0.55,0.7,0.85,0.95,0.5,0.0,0.0,0.1,0.03
6,PE_PB_FED,-0.041654,0.05,0.3,0.45,0.6,0.7,0.8,0.95,-0.5,0.6,0.7,0.1,0.05
6,PB_FED,-0.041658,0.1,0.15,0.3,0.5,0.7,0.8,0.9,0.5,0.0,0.0,0.08,0.04
6,PE_PB_FED,-0.041664,0.15,0.3,0.45,0.7,0.75,0.85,0.9,0.0,0.6,0.8,0.12,0.03
8,PE_PB_FED,-0.041669,0.05,0.25,0.35,0.65,0.65,0.8,0.85,0.5,0.65,0.8,0.1,0.05
8,PE_PB_FED,-0.041672,0.05,0.3,0.45,0.65,0.65,0.75,0.9,0.5,0.6,0.8,0.06,0.03
6,PE_FED,-0.041674,0.15,0.3,0.4,0.55,0.75,0.85,0.9,-0.5,0.0,0.0,0.06,0.04
8,PE_PB,-0.041675,0.15,0.3,0.45,0.55,0.65,0.85,0.95,0.0,0.55,0.0,0.08,0.03
6,PB_FED,-0.041678,0.1,0.25,0.4,0.6,0.65,0.75,0.9,0.5,0.0,0.0,0.08,0.04
6,PE_FED,-0.04168,0.1,0.3,0.35,0.5,0.7,0.75,0.9,0.0,0.0,0.0,0.06,0.04
6,PE_PB,-0.04169,0.15,0.25,0.4,0.65,0.75,0.85,0.95,0.0,0.5,0.0,0.1,0.05
6,PB_FED,-0.041692,0.15,0.2,0.45,0.6,0.7,0.8,0.95,0.5,0.0,0.0,0.12,0.05
8,PE_PB_FED,-0.041693,0.2,0.25,0.45,0.6,0.75,0.8,0.9,0.5,0.65,0.7,0.1,0.04
6,PE_PB,-0.041694,0.05,0.25,0.4,0.6,0.75,0.8,0.85,0.0,0.6,0.0,0.06,0.04
6,PE_only,-0.041696,0.2,0.3,0.45,0.5,0.65,0.85,0.95,0.0,0.0,0.0,0.1,0.04
6,PB_FED,-0.041699,0.05,0.25,0.4,0.7,0.7,0.75,0.95,0.5,0.0,0.0,0.12,0.04
8,PE_PB_FED,-0.041707,0.15,0.2,0.45,0.55,0.65,0.75,0.85,0.5,0.55,0.75,0.06,0.03
8,PE_PB,-0.041711,0.1,0.25,0.4,0.5,0.75,0.8,0.85,0.0,0.65,0.0,0.1,0.04
6,PE_PB,-0.041712,0.05,0.25,0.45,0.7,0.7,0.85,0.9,0.0,0.5,0.0,0.12,0.04
8,PE_PB,-0.041713,0.2,0.25,0.4,0.6,0.75,0.85,0.95,0.0,0.5,0.0,0.08,0.04
6,PE_FED,-0.041719,0.1,0.15,0.35,0.7,0.7,0.75,0.95,0.5,0.0,0.0,0.1,0.03
8,PE_PB,-0.041719,0.15,0.3,0.45,0.55,0.7,0.75,0.85,0.0,0.6,0.0,0.1,0.05
8,PE_PB,-0.041721,0.15,0.2,0.45,0.5,0.7,0.85,0.9,0.0,0.65,0.0,0.08,0.05
6,PE_PB,-0.041722,0.05,0.2,0.35,0.5,0.65,0.75,0.85,0.0,0.55,0.0,0.1,0.04
8,PE_PB,-0.041722,0.2,0.3,0.45,0.55,0.65,0.8,0.95,0.0,0.55,0.0,0.06,0.04
8,PE_PB_FED,-0.041722,0.1,0.15,0.3,0.55,0.75,0.85,0.9,0.5,0.55,0.75,0.1,0.04
8,PE_PB,-0.041723,0.2,0.3,0.35,0.6,0.65,0.85,0.95,0.0,0.55,0.0,0.06,0.05
6,PB_FED,-0.041724,0.2,0.25,0.45,0.6,0.65,0.75,0.95,0.5,0.0,0.0,0.1,0.03
6,PE_PB,-0.041726,0.1,0.3,0.4,0.55,0.7,0.8,0.85,0.0,0.65,0.0,0.12,0.03
6,PE_PB_FED,-0.041727,0.2,0.25,0.4,0.6,0.65,0.8,0.9,0.0,0.55,0.7,0.06,0.03
6,PE_PB,-0.041731,0.2,0.3,0.45,0.65,0.7,0.85,0.95,0.0,0.6,0.0,0.12,0.03
6,PB_FED,-0.041733,0.15,0.25,0.35,0.7,0.7,0.8,0.85,0.5,0.0,0.0,0.1,0.03
6,PE_PB,-0.041735,0.1,0.3,0.45,0.55,0.7,0.75,0.85,0.0,0.65,0.0,0.08,0.04
8,PB_FED,-0.041737,0.15,0.2,0.4,0.7,0.65,0.75,0.85,1.0,0.0,0.0,0.1,0.03
8,PE_only,-0.041748,0.2,0.3,0.45,0.5,0.7,0.85,0.9,0.0,0.0,0.0,0.1,0.04
6,PE_PB,-0.041749,0.1,0.25,0.35,0.65,0.75,0.85,0.95,0.0,0.5,0.0,0.12,0.04
6,PE_PB,-0.041749,0.1,0.25,0.35,0.65,0.7,0.85,0.95,0.0,0.5,0.0,0.08,0.04
6,PE_PB_FED,-0.041757,0.05,0.25,0.4,0.65,0.7,0.8,0.95,0.0,0.5,0.75,0.08,0.05
8,PE_PB,-0.041759,0.2,0.3,0.4,0.55,0.65,0.85,0.9,0.0,0.65,0.0,0.08,0.03
6,PE_PB,-0.041762,0.05,0.3,0.45,0.6,0.65,0.8,0.9,0.0,0.55,0.0,0.06,0.04
6,PE_PB,-0.041763,0.1,0.25,0.3,0.7,0.65,0.85,0.9,0.0,0.5,0.0,0.1,0.04
8,PE_PB,-0.041776,0.2,0.3,0.4,0.6,0.7,0.85,0.95,0.0,0.55,0.0,0.12,0.05
6,PE_PB,-0.041777,0.2,0.25,0.4,0.5,0.7,0.8,0.95,0.0,0.6,0.0,0.08,0.04
6,PE_FED,-0.041777,0.05,0.3,0.4,0.5,0.75,0.8,0.95,0.0,0.0,0.0,0.08,0.05
6,PE_PB,-0.041779,0.15,0.3,0.4,0.7,0.7,0.8,0.9,0.0,0.5,0.0,0.06,0.04
6,PE_PB,-0.041789,0.2,0.25,0.3,0.6,0.75,0.85,0.9,0.0,0.55,0.0,0.12,0.03
6,PE_PB,-0.041789,0.05,0.25,0.45,0.55,0.75,0.8,0.9,0.0,0.55,0.0,0.1,0.03
6,PE_PB,-0.04179,0.2,0.25,0.3,0.7,0.75,0.8,0.9,0.0,0.5,0.0,0.1,0.05
6,PE_PB_FED,-0.041792,0.15,0.25,0.4,0.55,0.7,0.75,0.9,-0.5,0.6,0.75,0.06,0.05
6,PE_PB,-0.041793,0.05,0.25,0.35,0.5,0.75,0.8,0.95,0.0,0.55,0.0,0.1,0.05
6,PB_FED,-0.041793,0.15,0.25,0.3,0.65,0.7,0.8,0.85,0.5,0.0,0.0,0.12,0.05
8,PE_PB,-0.041795,0.1,0.3,0.4,0.65,0.75,0.85,0.9,0.0,0.55,0.0,0.06,0.05
6,PE_only,-0.041798,0.1,0.3,0.45,0.5,0.65,0.8,0.9,0.0,0.0,0.0,0.1,0.05
6,PE_PB,-0.041806,0.15,0.3,0.35,0.55,0.7,0.8,0.95,0.0,0.55,0.0,0.1,0.04
8,PB_FED,-0.041807,0.1,0.2,0.35,0.7,0.7,0.75,0.95,1.0,0.0,0.0,0.1,0.04
6,PE_PB,-0.041808,0.1,0.2,0.4,0.5,0.65,0.8,0.85,0.0,0.65,0.0,0.1,0.05
6,PE_only,-0.041815,0.05,0.3,0.4,0.5,0.7,0.8,0.85,0.0,0.0,0.0,0.08,0.04
6,PE_only,-0.041817,0.15,0.3,0.35,0.5,0.75,0.85,0.9,0.0,0.0,0.0,0.06,0.03
6,PE_PB,-0.041817,0.1,0.2,0.35,0.5,0.65,0.75,0.85,0.0,0.6,0.0,0.12,0.05
6,PE_PB,-0.041819,0.2,0.3,0.4,0.5,0.65,0.75,0.95,0.0,0.65,0.0,0.1,0.04
8,PE_PB,-0.041819,0.1,0.3,0.45,0.6,0.65,0.8,0.85,0.0,0.55,0.0,0.1,0.03
6,PE_PB_FED,-0.041824,0.05,0.15,0.45,0.6,0.65,0.85,0.9,0.0,0.55,0.8,0.08,0.04
8,PE_only,-0.041829,0.2,0.3,0.35,0.5,0.7,0.85,0.9,0.0,0.0,0.0,0.1,0.05
6,PB_FED,-0.041833,0.05,0.15,0.35,0.5,0.7,0.75,0.95,0.5,0.0,0.0,0.1,0.05
6,PE_PB_FED,-0.041839,0.1,0.2,0.3,0.65,0.75,0.8,0.85,-0.5,0.5,0.75,0.1,0.05
6,PE_PB_FED,-0.041847,0.15,0.2,0.4,0.55,0.7,0.8,0.9,-0.5,0.55,0.7,0.12,0.05
8,PE_FED,-0.041848,0.15,0.25,0.35,0.5,0.65,0.8,0.85,0.5,0.0,0.0,0.1,0.03
6,PE_PB_FED,-0.041851,0.15,0.3,0.35,0.7,0.65,0.75,0.85,0.0,0.55,0.7,0.06,0.03
6,PE_PB,-0.041854,0.1,0.25,0.4,0.55,0.7,0.75,0.85,0.0,0.55,0.0,0.06,0.03
6,PE_PB,-0.041856,0.1,0.25,0.45,0.65,0.7,0.75,0.85,0.0,0.5,0.0,0.1,0.03
6,PE_PB,-0.041857,0.05,0.3,0.35,0.6,0.75,0.8,0.85,0.0,0.65,0.0,0.06,0.04
6,PE_PB_FED,-0.041858,0.1,0.15,0.45,0.55,0.7,0.8,0.9,0.0,0.5,0.75,0.06,0.03
8,PE_PB_FED,-0.041858,0.15,0.25,0.4,0.6,0.7,0.85,0.95,0.5,0.55,0.75,0.06,0.03
6,PE_PB,-0.041861,0.15,0.25,0.45,0.5,0.7,0.75,0.9,0.0,0.6,0.0,0.08,0.04
8,PE_PB,-0.041861,0.05,0.3,0.35,0.6,0.65,0.8,0.9,0.0,0.5,0.0,0.08,0.04
6,PE_PB_FED,-0.041862,0.1,0.2,0.4,0.55,0.65,0.75,0.85,-0.5,0.55,0.8,0.1,0.04
8,PE_PB_FED,-0.041868,0.2,0.25,0.35,0.5,0.7,0.8,0.85,-0.5,0.55,0.75,0.12,0.03
6,PE_PB,-0.041871,0.15,0.2,0.3,0.55,0.7,0.85,0.9,0.0,0.55,0.0,0.08,0.04
6,PE_PB,-0.041877,0.1,0.2,0.4,0.5,0.7,0.75,0.85,0.0,0.6,0.0,0.1,0.05
8,PE_FED,-0.04188,0.15,0.2,0.45,0.5,0.65,0.85,0.9,0.5,0.0,0.0,0.08,0.04
6,PE_PB,-0.041881,0.15,0.3,0.45,0.7,0.7,0.75,0.85,0.0,0.5,0.0,0.12,0.03
6,PE_only,-0.041883,0.2,0.25,0.3,0.5,0.75,0.85,0.9,0.0,0.0,0.0,0.1,0.05
6,PE_PB,-0.041888,0.05,0.3,0.35,0.65,0.7,0.85,0.9,0.0,0.55,0.0,0.08,0.05
6,PE_PB,-0.041889,0.1,0.3,0.4,0.7,0.7,0.85,0.95,0.0,0.5,0.0,0.1,0.05
8,PE_PB,-0.041892,0.05,0.25,0.4,0.55,0.7,0.8,0.85,0.0,0.5,0.0,0.08,0.03
6,PE_PB,-0.041894,0.1,0.2,0.3,0.5,0.65,0.75,0.85,0.0,0.55,0.0,0.06,0.04
6,PE_PB_FED,-0.041894,0.05,0.25,0.45,0.7,0.7,0.8,0.9,-0.5,0.5,0.75,0.08,0.05
8,PE_PB,-0.041895,0.1,0.15,0.45,0.5,0.7,0.75,0.85,0.0,0.5,0.0,0.06,0.05
6,PE_PB_FED,-0.041897,0.05,0.25,0.4,0.55,0.7,0.75,0.9,0.0,0.6,0.8,0.1,0.04
8,PE_PB_FED,-0.041898,0.1,0.2,0.35,0.6,0.75,0.8,0.85,0.5,0.55,0.7,0.06,0.03
6,PE_only,-0.0419,0.15,0.3,0.4,0.5,0.75,0.85,0.9,0.0,0.0,0.0,0.06,0.03
6,PE_PB,-0.041902,0.15,0.3,0.45,0.7,0.65,0.75,0.85,0.0,0.5,0.0,0.08,0.03
8,PE_PB,-0.041905,0.15,0.3,0.45,0.55,0.65,0.75,0.85,0.0,0.55,0.0,0.08,0.03
8,PE_PB,-0.041906,0.1,0.3,0.4,0.5,0.65,0.8,0.95,0.0,0.55,0.0,0.12,0.03
8,PE_FED,-0.041907,0.05,0.3,0.35,0.55,0.65,0.85,0.95,0.5,0.0,0.0,0.1,0.05
6,PE_PB,-0.041909,0.1,0.25,0.3,0.55,0.7,0.75,0.85,0.0,0.55,0.0,0.1,0.04
6,PE_FED,-0.041909,0.05,0.25,0.45,0.5,0.7,0.85,0.95,0.0,0.0,0.0,0.12,0.05
8,PE_PB_FED,-0.041909,0.1,0.3,0.4,0.6,0.7,0.8,0.9,0.5,0.65,0.8,0.08,0.04
6,PB_FED,-0.04191,0.05,0.15,0.4,0.65,0.65,0.85,0.95,0.5,0.0,0.0,0.1,0.05
8,PE_PB,-0.041911,0.2,0.25,0.35,0.6,0.65,0.75,0.85,0.0,0.5,0.0,0.06,0.05
6,PE_only,-0.041917,0.15,0.3,0.4,0.5,0.65,0.85,0.9,0.0,0.0,0.0,0.1,0.03
6,PE_PB,-0.04192,0.1,0.15,0.35,0.5,0.7,0.85,0.9,0.0,0.6,0.0,0.06,0.05
6,PE_PB,-0.041929,0.2,0.25,0.35,0.55,0.7,0.75,0.85,0.0,0.6,0.0,0.12,0.05
6,PE_PB,-0.04193,0.1,0.3,0.4,0.5,0.65,0.75,0.9,0.0,0.65,0.0,0.1,0.03
6,PB_FED,-0.041932,0.05,0.15,0.45,0.55,0.75,0.8,0.85,0.5,0.0,0.0,0.12,0.05
6,PB_FED,-0.041936,0.15,0.25,0.3,0.7,0.7,0.85,0.95,0.5,0.0,0.0,0.06,0.03
8,PE_PB_FED,-0.041937,0.05,0.25,0.35,0.55,0.7,0.8,0.9,0.5,0.6,0.8,0.06,0.04
6,PE_PB,-0.04194,0.2,0.3,0.35,0.55,0.75,0.8,0.95,0.0,0.55,0.0,0.12,0.03
6,PE_PB,-0.04194,0.2,0.3,0.35,0.55,0.7,0.8,0.95,0.0,0.55,0.0,0.06,0.03
8,PE_PB,-0.041941,0.15,0.3,0.45,0.65,0.65,0.75,0.85,0.0,0.5,0.0,0.06,0.05
6,PE_PB,-0.041944,0.15,0.25,0.45,0.6,0.7,0.75,0.85,0.0,0.6,0.0,0.08,0.05
8,PE_PB,-0.041944,0.05,0.2,0.3,0.5,0.65,0.85,0.9,0.0,0.6,0.0,0.1,0.05
6,PE_PB,-0.041947,0.15,0.25,0.35,0.5,0.65,0.75,0.85,0.0,0.6,0.0,0.12,0.03
6,PE_PB_FED,-0.041949,0.05,0.25,0.4,0.7,0.7,0.85,0.9,-0.5,0.5,0.8,0.06,0.04
8,PE_PB_FED,-0.041954,0.05,0.15,0.45,0.55,0.7,0.8,0.85,0.5,0.55,0.8,0.08,0.03
8,PE_PB_FED,-0.041956,0.2,0.25,0.4,0.7,0.65,0.85,0.9,0.5,0.6,0.7,0.1,0.03
8,PE_PB,-0.041959,0.2,0.25,0.35,0.6,0.75,0.8,0.9,0.0,0.5,0.0,0.08,0.05
6,PE_PB_FED,-0.041962,0.05,0.15,0.3,0.55,0.75,0.85,0.95,0.0,0.5,0.75,0.06,0.04
6,PE_FED,-0.041966,0.1,0.25,0.3,0.5,0.7,0.8,0.85,0.0,0.0,0.0,0.12,0.04
6,PE_PB_FED,-0.041966,0.05,0.2,0.35,0.5,0.65,0.75,0.9,-0.5,0.55,0.8,0.08,0.03
8,PE_PB_FED,-0.041966,0.05,0.2,0.45,0.55,0.7,0.8,0.95,0.5,0.5,0.7,0.12,0.05
6,PE_PB,-0.04197,0.15,0.25,0.3,0.6,0.7,0.8,0.85,0.0,0.6,0.0,0.08,0.05
6,PE_PB,-0.041971,0.05,0.3,0.35,0.55,0.65,0.8,0.95,0.0,0.55,0.0,0.08,0.05
6,PB_FED,-0.041971,0.1,0.15,0.4,0.6,0.75,0.85,0.9,0.5,0.0,0.0,0.06,0.05
6,PB_FED,-0.04198,0.15,0.3,0.45,0.6,0.7,0.75,0.85,0.5,0.0,0.0,0.08,0.03
6,PE_PB_FED,-0.042002,0.2,0.3,0.45,0.55,0.65,0.75,0.95,-0.5,0.65,0.8,0.06,0.05
8,PE_PB_FED,-0.042006,0.15,0.3,0.45,0.5,0.7,0.8,0.85,-0.5,0.6,0.8,0.06,0.03
8,PE_PB,-0.042008,0.15,0.3,0.45,0.65,0.7,0.8,0.85,0.0,0.5,0.0,0.1,0.03
6,PB_FED,-0.042011,0.1,0.25,0.45,0.6,0.7,0.8,0.9,0.5,0.0,0.0,0.12,0.05
8,PE_PB,-0.042013,0.05,0.25,0.3,0.5,0.65,0.8,0.9,0.0,0.55,0.0,0.06,0.04
6,PE_PB,-0.042019,0.05,0.2,0.4,0.5,0.7,0.85,0.95,0.0,0.55,0.0,0.1,0.05
6,PE_PB,-0.042019,0.05,0.2,0.4,0.5,0.7,0.85,0.95,0.0,0.55,0.0,0.12,0.05
8,PE_FED,-0.04202,0.1,0.3,0.45,0.55,0.75,0.85,0.95,0.5,0.0,0.0,0.12,0.05
6,PE_PB_FED,-0.042022,0.15,0.3,0.45,0.7,0.7,0.85,0.95,0.0,0.55,0.75,0.08,0.05
6,PE_FED,-0.042026,0.2,0.3,0.35,0.55,0.65,0.85,0.9,-0.5,0.0,0.0,0.08,0.03
6,PE_PB,-0.042028,0.2,0.25,0.45,0.55,0.65,0.8,0.85,0.0,0.65,0.0,0.12,0.05
8,PE_PB,-0.042031,0.05,0.2,0.4,0.5,0.65,0.85,0.95,0.0,0.5,0.0,0.1,0.05
8,PE_FED,-0.042031,0.2,0.25,0.35,0.55,0.65,0.85,0.9,0.5,0.0,0.0,0.1,0.04
8,PE_PB_FED,-0.042031,0.05,0.2,0.35,0.65,0.75,0.85,0.9,0.5,0.55,0.8,0.06,0.03
8,PE_PB,-0.042035,0.15,0.25,0.4,0.6,0.75,0.85,0.9,0.0,0.5,0.0,0.12,0.04
6,PE_PB,-0.042037,0.1,0.15,0.4,0.55,0.65,0.8,0.85,0.0,0.5,0.0,0.08,0.03
6,PE_PB,-0.042037,0.15,0.3,0.45,0.7,0.75,0.85,0.95,0.0,0.5,0.0,0.1,0.04
6,PE_PB_FED,-0.04204,0.05,0.3,0.35,0.7,0.7,0.8,0.85,-0.5,0.55,0.75,0.06,0.03
6,PB_FED,-0.042047,0.1,0.25,0.45,0.7,0.7,0.8,0.95,0.5,0.0,0.0,0.08,0.04
6,PB_FED,-0.04205,0.15,0.25,0.35,0.55,0.65,0.75,0.85,0.5,0.0,0.0,0.12,0.03
6,PE_PB_FED,-0.042054,0.05,0.3,0.35,0.6,0.65,0.75,0.9,-0.5,0.6,0.75,0.06,0.04
6,PE_only,-0.042056,0.05,0.3,0.35,0.5,0.65,0.85,0.9,0.0,0.0,0.0,0.1,0.03
6,PE_PB,-0.042058,0.2,0.25,0.45,0.6,0.7,0.85,0.95,0.0,0.6,0.0,0.1,0.04
6,PE_FED,-0.042058,0.2,0.3,0.35,0.5,0.65,0.75,0.9,0.0,0.0,0.0,0.12,0.05
6,PE_PB_FED,-0.042059,0.2,0.3,0.4,0.65,0.7,0.8,0.9,0.0,0.55,0.8,0.1,0.03
6,PE_PB_FED,-0.042062,0.1,0.25,0.35,0.65,0.7,0.8,0.9,0.0,0.5,0.8,0.08,0.03
8,PE_PB,-0.042068,0.2,0.25,0.3,0.5,0.75,0.8,0.85,0.0,0.65,0.0,0.12,0.03
8,PE_PB,-0.042069,0.1,0.15,0.35,0.5,0.65,0.85,0.9,0.0,0.55,0.0,0.08,0.05
6,PE_PB,-0.042071,0.15,0.2,0.3,0.6,0.75,0.8,0.95,0.0,0.5,0.0,0.1,0.05
8,PE_FED,-0.042071,0.05,0.2,0.45,0.5,0.7,0.8,0.85,0.5,0.0,0.0,0.1,0.04
8,PE_PB_FED,-0.042071,0.15,0.3,0.4,0.5,0.75,0.8,0.9,-0.5,0.55,0.75,0.06,0.05
6,PE_PB,-0.042075,0.1,0.25,0.45,0.5,0.7,0.8,0.9,0.0,0.65,0.0,0.12,0.04
6,PE_FED,-0.042082,0.1,0.25,0.3,0.5,0.65,0.85,0.9,0.0,0.0,0.0,0.1,0.03
6,PE_PB_FED,-0.042084,0.1,0.25,0.3,0.5,0.65,0.75,0.95,-0.5,0.55,0.75,0.1,0.03
8,PE_PB_FED,-0.042084,0.15,0.2,0.3,0.6,0.75,0.8,0.85,0.5,0.55,0.8,0.12,0.04
8,PE_PB,-0.042086,0.1,0.3,0.4,0.55,0.65,0.75,0.85,0.0,0.55,0.0,0.08,0.04
8,PE_PB_FED,-0.042086,0.2,0.3,0.4,0.55,0.7,0.85,0.9,-0.5,0.55,0.7,0.06,0.04
6,PB_FED,-0.042095,0.1,0.15,0.3,0.55,0.65,0.85,0.95,0.5,0.0,0.0,0.08,0.04
6,PE_PB_FED,-0.042096,0.2,0.25,0.45,0.55,0.65,0.8,0.9,0.0,0.6,0.8,0.06,0.03
6,PE_FED,-0.042101,0.1,0.3,0.35,0.5,0.65,0.8,0.9,0.0,0.0,0.0,0.1,0.03
6,PE_PB_FED,-0.042102,0.15,0.25,0.35,0.55,0.75,0.85,0.95,0.0,0.6,0.75,0.06,0.04
8,PE_PB_FED,-0.042103,0.1,0.25,0.45,0.55,0.7,0.75,0.95,0.5,0.5,0.7,0.08,0.04
6,PB_FED,-0.042104,0.15,0.2,0.4,0.7,0.75,0.85,0.95,0.5,0.0,0.0,0.08,0.03
6,PE_FED,-0.042112,0.05,0.25,0.35,0.5,0.7,0.75,0.85,0.0,0.0,0.0,0.12,0.05
6,PE_PB,-0.042113,0.15,0.2,0.3,0.65,0.75,0.85,0.9,0.0,0.5,0.0,0.12,0.05
6,PE_PB,-0.042115,0.1,0.2,0.3,0.6,0.65,0.8,0.95,0.0,0.5,0.0,0.06,0.04
6,PE_PB_FED,-0.042116,0.1,0.2,0.35,0.6,0.7,0.75,0.85,-0.5,0.5,0.75,0.12,0.04
8,PE_FED,-0.042123,0.2,0.3,0.35,0.55,0.7,0.75,0.85,0.5,0.0,0.0,0.12,0.04
6,PB_FED,-0.04213,0.1,0.2,0.3,0.55,0.75,0.85,0.95,0.5,0.0,0.0,0.06,0.03
6,PE_PB_FED,-0.042144,0.15,0.3,0.45,0.65,0.65,0.75,0.95,0.0,0.5,0.75,0.06,0.03
8,PE_PB_FED,-0.042144,0.05,0.15,0.45,0.6,0.7,0.8,0.85,0.5,0.5,0.75,0.06,0.03
6,PB_FED,-0.04215,0.15,0.2,0.3,0.55,0.7,0.8,0.9,0.5,0.0,0.0,0.08,0.05
6,PB_FED,-0.042152,0.15,0.25,0.45,0.55,0.7,0.75,0.9,0.5,0.0,0.0,0.1,0.05
8,PE_PB_FED,-0.042155,0.05,0.25,0.45,0.5,0.75,0.85,0.9,-0.5,0.55,0.8,0.1,0.03
6,PE_only,-0.042158,0.05,0.3,0.35,0.5,0.75,0.8,0.85,0.0,0.0,0.0,0.08,0.05
6,PE_PB_FED,-0.042165,0.1,0.2,0.35,0.5,0.7,0.75,0.9,-0.5,0.6,0.7,0.1,0.05
6,PE_PB_FED,-0.042176,0.15,0.3,0.4,0.6,0.75,0.8,0.95,-0.5,0.55,0.8,0.06,0.05
6,PB_FED,-0.042176,0.05,0.25,0.4,0.65,0.7,0.8,0.95,0.5,0.0,0.0,0.08,0.03
8,PE_PB,-0.042183,0.15,0.3,0.4,0.55,0.65,0.8,0.85,0.0,0.6,0.0,0.06,0.05
6,PE_PB_FED,-0.042187,0.2,0.3,0.4,0.6,0.7,0.8,0.9,-0.5,0.6,0.7,0.1,0.03
8,PE_PB_FED,-0.042187,0.1,0.3,0.4,0.55,0.7,0.8,0.95,0.5,0.6,0.8,0.06,0.04
6,PB_FED,-0.042188,0.05,0.25,0.45,0.6,0.65,0.8,0.9,0.5,0.0,0.0,0.08,0.04
8,PB_FED,-0.042192,0.15,0.25,0.35,0.7,0.65,0.75,0.9,1.0,0.0,0.0,0.08,0.03
6,PE_PB,-0.042195,0.05,0.3,0.35,0.6,0.65,0.8,0.9,0.0,0.6,0.0,0.1,0.04
6,PE_only,-0.042197,0.05,0.3,0.4,0.5,0.7,0.8,0.85,0.0,0.0,0.0,0.08,0.05
6,PE_PB,-0.042199,0.15,0.25,0.3,0.5,0.65,0.75,0.9,0.0,0.55,0.0,0.08,0.04
8,PE_PB,-0.042199,0.1,0.3,0.4,0.65,0.7,0.8,0.85,0.0,0.5,0.0,0.1,0.04
8,PE_PB,-0.042199,0.1,0.3,0.4,0.65,0.75,0.8,0.85,0.0,0.5,0.0,0.08,0.04
6,PE_PB_FED,-0.0422,0.1,0.2,0.45,0.5,0.7,0.75,0.9,-0.5,0.6,0.7,0.1,0.04
8,PB_FED,-0.0422,0.05,0.15,0.45,0.65,0.7,0.75,0.9,1.0,0.0,0.0,0.1,0.04
8,PB_FED,-0.042214,0.05,0.15,0.35,0.7,0.75,0.8,0.95,1.0,0.0,0.0,0.08,0.03
6,PE_PB,-0.042216,0.1,0.25,0.45,0.65,0.65,0.8,0.85,0.0,0.5,0.0,0.1,0.04
6,PE_PB_FED,-0.042217,0.2,0.25,0.35,0.55,0.65,0.75,0.85,0.0,0.6,0.7,0.08,0.03
6,PE_PB,-0.042218,0.15,0.2,0.4,0.6,0.65,0.8,0.95,0.0,0.5,0.0,0.12,0.05
6,PE_PB,-0.042219,0.05,0.25,0.45,0.5,0.65,0.8,0.9,0.0,0.6,0.0,0.12,0.03
6,PE_PB,-0.042219,0.1,0.3,0.35,0.6,0.75,0.85,0.95,0.0,0.6,0.0,0.1,0.05
8,PE_PB,-0.042219,0.2,0.3,0.4,0.55,0.65,0.8,0.85,0.0,0.6,0.0,0.1,0.03
6,PE_PB_FED,-0.042223,0.05,0.25,0.45,0.7,0.75,0.8,0.85,-0.5,0.5,0.8,0.12,0.04
6,PB_FED,-0.042224,0.05,0.15,0.4,0.5,0.7,0.75,0.9,0.5,0.0,0.0,0.1,0.04
6,PB_FED,-0.042226,0.1,0.25,0.3,0.65,0.65,0.85,0.95,0.5,0.0,0.0,0.06,0.05
8,PE_PB,-0.042232,0.2,0.3,0.45,0.5,0.65,0.75,0.95,0.0,0.6,0.0,0.1,0.04
6,PE_PB,-0.042234,0.15,0.3,0.4,0.5,0.75,0.8,0.95,0.0,0.6,0.0,0.08,0.05
6,PE_PB,-0.042237,0.15,0.25,0.35,0.5,0.7,0.85,0.95,0.0,0.6,0.0,0.06,0.04
6,PE_PB,-0.04224,0.1,0.2,0.4,0.5,0.75,0.8,0.85,0.0,0.6,0.0,0.12,0.04
6,PB_FED,-0.042241,0.15,0.2,0.3,0.5,0.65,0.75,0.85,0.5,0.0,0.0,0.12,0.04
8,PE_PB,-0.042242,0.1,0.15,0.3,0.5,0.75,0.85,0.9,0.0,0.5,0.0,0.12,0.03
6,PE_PB,-0.042251,0.2,0.3,0.45,0.65,0.65,0.75,0.95,0.0,0.5,0.0,0.06,0.04
6,PE_PB,-0.042251,0.1,0.2,0.4,0.5,0.7,0.85,0.95,0.0,0.55,0.0,0.06,0.05
6,PE_PB,-0.042255,0.1,0.25,0.45,0.55,0.65,0.8,0.85,0.0,0.6,0.0,0.08,0.05
6,PE_PB,-0.042255,0.05,0.3,0.45,0.6,0.65,0.8,0.9,0.0,0.6,0.0,0.08,0.03
6,PE_PB,-0.042255,0.1,0.25,0.4,0.55,0.65,0.8,0.85,0.0,0.55,0.0,0.08,0.03
6,PE_PB,-0.042258,0.05,0.2,0.3,0.5,0.7,0.8,0.9,0.0,0.55,0.0,0.08,0.05
8,PB_FED,-0.042258,0.1,0.2,0.3,0.6,0.7,0.75,0.9,1.0,0.0,0.0,0.1,0.04
6,PB_FED,-0.04226,0.05,0.15,0.4,0.55,0.75,0.85,0.9,0.5,0.0,0.0,0.08,0.03
8,PE_PB,-0.04226,0.1,0.15,0.45,0.5,0.7,0.8,0.85,0.0,0.5,0.0,0.06,0.03
8,PE_FED,-0.04226,0.1,0.3,0.4,0.5,0.75,0.8,0.9,0.5,0.0,0.0,0.06,0.03
8,PE_PB,-0.042263,0.2,0.3,0.4,0.65,0.65,0.8,0.85,0.0,0.5,0.0,0.06,0.03
6,PB_FED,-0.042265,0.15,0.2,0.35,0.65,0.75,0.85,0.95,0.5,0.0,0.0,0.08,0.04
6,PE_PB_FED,-0.042274,0.2,0.3,0.4,0.6,0.65,0.75,0.9,-0.5,0.6,0.8,0.08,0.04
6,PB_FED,-0.042281,0.15,0.3,0.45,0.65,0.7,0.8,0.95,0.5,0.0,0.0,0.08,0.03
6,PE_PB,-0.042285,0.1,0.3,0.4,0.65,0.65,0.75,0.9,0.0,0.5,0.0,0.06,0.04
8,PE_PB,-0.042286,0.05,0.25,0.3,0.5,0.75,0.85,0.9,0.0,0.65,0.0,0.1,0.05
6,PE_PB_FED,-0.042287,0.1,0.3,0.45,0.7,0.65,0.85,0.95,0.0,0.55,0.7,0.08,0.05
6,PE_PB_FED,-0.042292,0.2,0.3,0.4,0.6,0.7,0.75,0.85,-0.5,0.65,0.75,0.06,0.05
6,PE_FED,-0.042297,0.15,0.3,0.45,0.55,0.75,0.8,0.85,0.0,0.0,0.0,0.12,0.05
6,PB_FED,-0.042297,0.1,0.15,0.45,0.5,0.75,0.85,0.9,0.5,0.0,0.0,0.1,0.03
6,PE_PB,-0.0423,0.05,0.15,0.4,0.55,0.65,0.85,0.95,0.0,0.5,0.0,0.08,0.03
6,PE_PB,-0.042308,0.1,0.2,0.45,0.5,0.75,0.85,0.9,0.0,0.65,0.0,0.1,0.03
6,PE_PB,-0.042312,0.1,0.3,0.45,0.65,0.65,0.8,0.95,0.0,0.5,0.0,0.1,0.05
6,PE_PB_FED,-0.042312,0.15,0.3,0.4,0.6,0.65,0.75,0.9,0.0,0.6,0.7,0.1,0.05
6,PB_FED,-0.042312,0.05,0.15,0.45,0.5,0.65,0.8,0.85,0.5,0.0,0.0,0.1,0.03
6,PE_PB,-0.042313,0.05,0.3,0.45,0.5,0.65,0.75,0.95,0.0,0.6,0.0,0.08,0.04
8,PE_PB_FED,-0.042313,0.2,0.3,0.35,0.65,0.65,0.75,0.95,0.5,0.55,0.75,0.12,0.04
6,PE_FED,-0.042316,0.15,0.3,0.35,0.5,0.7,0.8,0.9,-0.5,0.0,0.0,0.06,0.03
8,PE_PB_FED,-0.042316,0.15,0.2,0.3,0.65,0.65,0.85,0.9,0.5,0.5,0.7,0.1,0.03
6,PE_PB,-0.042318,0.1,0.2,0.45,0.65,0.65,0.85,0.9,0.0,0.5,0.0,0.12,0.04
6,PE_PB,-0.04232,0.05,0.2,0.4,0.5,0.65,0.8,0.85,0.0,0.55,0.0,0.12,0.03
6,PE_FED,-0.042322,0.05,0.25,0.35,0.5,0.75,0.85,0.9,-0.5,0.0,0.0,0.06,0.03
8,PE_PB_FED,-0.042326,0.05,0.3,0.35,0.5,0.7,0.8,0.9,-0.5,0.55,0.8,0.06,0.05
6,PB_FED,-0.042327,0.05,0.15,0.3,0.5,0.75,0.8,0.95,0.5,0.0,0.0,0.06,0.05
6,PE_PB_FED,-0.042337,0.05,0.3,0.45,0.65,0.7,0.75,0.95,-0.5,0.5,0.7,0.08,0.03
8,PE_PB,-0.042337,0.2,0.25,0.45,0.5,0.7,0.8,0.95,0.0,0.55,0.0,0.1,0.04
6,PE_PB_FED,-0.042338,0.1,0.3,0.4,0.7,0.65,0.85,0.95,-0.5,0.5,0.8,0.06,0.03
6,PE_FED,-0.042341,0.05,0.3,0.35,0.5,0.7,0.75,0.9,-0.5,0.0,0.0,0.1,0.04
6,PE_PB,-0.042348,0.05,0.2,0.4,0.6,0.75,0.8,0.85,0.0,0.5,0.0,0.08,0.04
8,PE_PB,-0.042354,0.05,0.2,0.3,0.5,0.7,0.85,0.9,0.0,0.55,0.0,0.1,0.04
6,PE_PB_FED,-0.042361,0.05,0.15,0.35,0.6,0.7,0.85,0.9,0.0,0.5,0.8,0.06,0.03
6,PE_PB_FED,-0.042363,0.15,0.3,0.4,0.55,0.7,0.75,0.95,-0.5,0.55,0.75,0.08,0.03
8,PE_PB,-0.042367,0.1,0.2,0.45,0.55,0.7,0.8,0.85,0.0,0.5,0.0,0.1,0.05
6,PE_PB_FED,-0.042372,0.1,0.3,0.4,0.65,0.65,0.75,0.85,0.0,0.6,0.75,0.1,0.05
6,PE_PB_FED,-0.042373,0.15,0.25,0.45,0.7,0.7,0.75,0.85,0.0,0.5,0.8,0.1,0.04
8,PE_PB_FED,-0.042373,0.1,0.25,0.3,0.5,0.65,0.75,0.9,0.5,0.6,0.7,0.06,0.05
6,PE_FED,-0.042374,0.1,0.25,0.45,0.5,0.65,0.75,0.85,-0.5,0.0,0.0,0.1,0.05
6,PE_PB_FED,-0.042381,0.05,0.25,0.45,0.55,0.75,0.85,0.95,-0.5,0.6,0.7,0.12,0.05
6,PE_PB_FED,-0.042384,0.1,0.25,0.4,0.7,0.65,0.8,0.85,0.0,0.5,0.7,0.12,0.03
8,PE_PB,-0.042384,0.2,0.25,0.4,0.55,0.65,0.8,0.9,0.0,0.5,0.0,0.08,0.04
8,PE_PB,-0.042385,0.05,0.25,0.35,0.5,0.75,0.85,0.95,0.0,0.55,0.0,0.12,0.04
8,PE_PB,-0.042385,0.05,0.25,0.35,0.5,0.65,0.85,0.95,0.0,0.55,0.0,0.08,0.04
6,PE_FED,-0.042386,0.1,0.25,0.45,0.5,0.7,0.75,0.85,0.0,0.0,0.0,0.06,0.05
6,PE_FED,-0.042386,0.1,0.25,0.45,0.5,0.7,0.75,0.85,0.0,0.0,0.0,0.08,0.05
8,PE_PB,-0.042386,0.15,0.25,0.45,0.5,0.75,0.85,0.9,0.0,0.65,0.0,0.12,0.03
8,PE_PB_FED,-0.042386,0.05,0.2,0.3,0.55,0.7,0.8,0.85,0.5,0.6,0.7,0.06,0.05
8,PE_PB_FED,-0.04239,0.05,0.15,0.45,0.5,0.7,0.8,0.85,0.5,0.6,0.75,0.1,0.03
8,PE_PB,-0.042392,0.2,0.25,0.35,0.6,0.75,0.8,0.85,0.0,0.5,0.0,0.12,0.04
8,PB_FED,-0.042396,0.05,0.15,0.4,0.55,0.7,0.75,0.9,1.0,0.0,0.0,0.1,0.03
6,PE_PB,-0.042397,0.15,0.3,0.4,0.5,0.65,0.8,0.9,0.0,0.65,0.0,0.1,0.03
6,PB_FED,-0.042397,0.05,0.25,0.35,0.65,0.7,0.85,0.95,0.5,0.0,0.0,0.12,0.03
8,PE_PB_FED,-0.042402,0.05,0.15,0.4,0.5,0.75,0.85,0.9,0.5,0.6,0.75,0.08,0.03
6,PE_PB,-0.042407,0.2,0.25,0.4,0.6,0.7,0.75,0.85,0.0,0.6,0.0,0.06,0.05
6,PE_PB_FED,-0.042409,0.15,0.3,0.4,0.55,0.65,0.75,0.9,0.0,0.6,0.75,0.08,0.03
8,PE_only,-0.042411,0.2,0.3,0.45,0.5,0.75,0.85,0.9,0.0,0.0,0.0,0.1,0.05
6,PE_PB_FED,-0.042419,0.1,0.25,0.45,0.6,0.7,0.75,0.85,0.0,0.6,0.8,0.06,0.05
6,PE_FED,-0.04242,0.1,0.3,0.35,0.5,0.75,0.85,0.95,0.0,0.0,0.0,0.1,0.04
6,PE_PB,-0.042422,0.05,0.25,0.4,0.6,0.7,0.8,0.95,0.0,0.5,0.0,0.12,0.03
8,PE_PB_FED,-0.042424,0.15,0.2,0.4,0.5,0.65,0.8,0.9,0.5,0.6,0.75,0.12,0.05
8,PE_FED,-0.042425,0.2,0.3,0.45,0.55,0.65,0.8,0.9,0.5,0.0,0.0,0.06,0.04
6,PE_PB,-0.04243,0.05,0.3,0.45,0.65,0.65,0.85,0.9,0.0,0.55,0.0,0.08,0.05
8,PE_PB,-0.042431,0.05,0.3,0.4,0.55,0.65,0.8,0.85,0.0,0.55,0.0,0.12,0.03
8,PB_FED,-0.042431,0.05,0.2,0.4,0.65,0.65,0.75,0.9,1.0,0.0,0.0,0.1,0.03
6,PE_PB_FED,-0.042435,0.15,0.2,0.3,0.6,0.75,0.8,0.85,-0.5,0.5,0.7,0.06,0.04
6,PB_FED,-0.042436,0.2,0.25,0.3,0.65,0.7,0.8,0.95,0.5,0.0,0.0,0.08,0.04
6,PE_only,-0.042452,0.15,0.3,0.45,0.5,0.65,0.8,0.85,0.0,0.0,0.0,0.1,0.05
8,PE_PB_FED,-0.042454,0.1,0.3,0.4,0.6,0.65,0.75,0.9,0.5,0.55,0.75,0.1,0.03
6,PB_FED,-0.042455,0.15,0.25,0.45,0.55,0.75,0.8,0.9,0.5,0.0,0.0,0.08,0.03
8,PE_PB_FED,-0.042458,0.15,0.2,0.35,0.6,0.75,0.85,0.95,0.5,0.5,0.8,0.08,0.05
8,PE_PB,-0.042468,0.05,0.3,0.45,0.5,0.65,0.8,0.9,0.0,0.65,0.0,0.1,0.04
8,PE_PB_FED,-0.042473,0.05,0.2,0.3,0.6,0.75,0.8,0.85,0.5,0.55,0.7,0.1,0.04
6,PE_PB,-0.042474,0.1,0.3,0.4,0.7,0.7,0.8,0.9,0.0,0.5,0.0,0.08,0.05
6,PE_PB,-0.042475,0.1,0.3,0.45,0.6,0.75,0.8,0.85,0.0,0.55,0.0,0.06,0.03
6,PE_PB_FED,-0.042478,0.1,0.25,0.4,0.55,0.7,0.75,0.85,-0.5,0.6,0.8,0.1,0.04
8,PE_FED,-0.042483,0.2,0.25,0.4,0.5,0.75,0.85,0.95,0.5,0.0,0.0,0.06,0.04
6,PE_FED,-0.042495,0.2,0.3,0.45,0.5,0.7,0.8,0.9,0.0,0.0,0.0,0.06,0.03
6,PB_FED,-0.042496,0.05,0.25,0.4,0.65,0.65,0.8,0.95,0.5,0.0,0.0,0.08,0.03
8,PE_FED,-0.0425,0.2,0.25,0.3,0.5,0.65,0.8,0.9,0.5,0.0,0.0,0.06,0.05
6,PB_FED,-0.042504,0.05,0.25,0.35,0.6,0.75,0.8,0.85,0.5,0.0,0.0,0.12,0.04
6,PE_PB,-0.042516,0.2,0.3,0.45,0.6,0.65,0.8,0.85,0.0,0.65,0.0,0.06,0.03
8,PE_FED,-0.042517,0.1,0.3,0.35,0.55,0.65,0.8,0.85,0.5,0.0,0.0,0.06,0.04
8,PE_FED,-0.04252,0.15,0.3,0.35,0.5,0.7,0.8,0.9,0.5,0.0,0.0,0.08,0.04
6,PE_PB,-0.042523,0.15,0.3,0.35,0.6,0.7,0.85,0.9,0.0,0.55,0.0,0.08,0.04
6,PE_PB,-0.042533,0.2,0.25,0.45,0.7,0.65,0.8,0.9,0.0,0.5,0.0,0.06,0.05
6,PE_PB,-0.042534,0.2,0.3,0.35,0.55,0.65,0.85,0.95,0.0,0.6,0.0,0.12,0.04
6,PE_PB,-0.042538,0.15,0.3,0.45,0.6,0.65,0.85,0.9,0.0,0.65,0.0,0.08,0.04
8,PE_PB_FED,-0.042539,0.1,0.3,0.45,0.65,0.75,0.8,0.95,0.5,0.5,0.75,0.06,0.03
6,PE_PB,-0.042542,0.2,0.25,0.45,0.55,0.75,0.85,0.95,0.0,0.55,0.0,0.12,0.03
8,PE_PB,-0.042552,0.15,0.3,0.45,0.65,0.75,0.85,0.9,0.0,0.5,0.0,0.12,0.03
6,PB_FED,-0.042554,0.15,0.2,0.4,0.7,0.65,0.85,0.95,0.5,0.0,0.0,0.12,0.05
8,PE_PB_FED,-0.042556,0.2,0.25,0.45,0.65,0.65,0.8,0.9,0.5,0.55,0.75,0.1,0.03
8,PB_FED,-0.042559,0.1,0.2,0.3,0.6,0.65,0.75,0.9,1.0,0.0,0.0,0.08,0.05
8,PE_PB_FED,-0.04256,0.1,0.2,0.3,0.5,0.65,0.8,0.9,0.5,0.55,0.8,0.06,0.04
8,PE_FED,-0.042574,0.05,0.3,0.4,0.6,0.65,0.8,0.85,0.5,0.0,0.0,0.06,0.04
6,PE_PB_FED,-0.042576,0.2,0.25,0.4,0.6,0.75,0.8,0.85,0.0,0.6,0.8,0.08,0.05
6,PB_FED,-0.042576,0.15,0.2,0.4,0.65,0.75,0.85,0.9,0.5,0.0,0.0,0.08,0.05
8,PE_PB,-0.042576,0.2,0.3,0.4,0.55,0.65,0.8,0.95,0.0,0.5,0.0,0.08,0.05
6,PE_PB,-0.042588,0.2,0.3,0.35,0.65,0.65,0.8,0.95,0.0,0.5,0.0,0.1,0.05
6,PB_FED,-0.042592,0.2,0.25,0.3,0.65,0.7,0.85,0.95,0.5,0.0,0.0,0.12,0.03
8,PE_PB,-0.042593,0.1,0.3,0.35,0.6,0.7,0.85,0.95,0.0,0.5,0.0,0.12,0.05
8,PE_PB_FED,-0.042595,0.2,0.3,0.4,0.7,0.7,0.85,0.9,0.5,0.65,0.8,0.1,0.03
6,PE_PB,-0.042601,0.2,0.25,0.35,0.6,0.75,0.85,0.9,0.0,0.55,0.0,0.08,0.05
6,PE_PB_FED,-0.042606,0.2,0.25,0.4,0.7,0.65,0.8,0.85,0.0,0.5,0.8,0.1,0.04
6,PE_FED,-0.042607,0.1,0.3,0.4,0.5,0.7,0.8,0.9,-0.5,0.0,0.0,0.12,0.03
8,PB_FED,-0.042611,0.1,0.15,0.3,0.5,0.65,0.75,0.9,1.0,0.0,0.0,0.1,0.04
8,PE_PB_FED,-0.042616,0.2,0.25,0.3,0.55,0.7,0.8,0.85,0.5,0.65,0.7,0.12,0.03
6,PE_PB_FED,-0.04262,0.2,0.25,0.45,0.6,0.65,0.85,0.95,-0.5,0.55,0.7,0.12,0.04
6,PB_FED,-0.04262,0.1,0.2,0.4,0.55,0.7,0.8,0.95,0.5,0.0,0.0,0.12,0.03
6,PE_FED,-0.042625,0.1,0.15,0.4,0.7,0.7,0.75,0.95,0.5,0.0,0.0,0.1,0.05
6,PE_PB,-0.042633,0.15,0.3,0.45,0.5,0.7,0.8,0.95,0.0,0.6,0.0,0.06,0.04
6,PE_FED,-0.042638,0.15,0.3,0.45,0.55,0.65,0.85,0.9,-0.5,0.0,0.0,0.08,0.05
8,PE_FED,-0.042638,0.2,0.25,0.35,0.5,0.75,0.8,0.9,0.5,0.0,0.0,0.08,0.05
8,PE_FED,-0.042639,0.05,0.3,0.35,0.6,0.75,0.85,0.9,0.5,0.0,0.0,0.08,0.03
6,PE_PB,-0.042642,0.1,0.2,0.4,0.6,0.7,0.8,0.85,0.0,0.5,0.0,0.08,0.04
6,PE_PB,-0.042644,0.05,0.3,0.4,0.6,0.65,0.8,0.85,0.0,0.55,0.0,0.12,0.05
6,PE_PB_FED,-0.04265,0.05,0.15,0.45,0.5,0.7,0.8,0.95,-0.5,0.5,0.8,0.06,0.05
6,PE_PB_FED,-0.042651,0.15,0.25,0.35,0.55,0.7,0.75,0.95,0.0,0.5,0.7,0.1,0.05
6,PE_PB_FED,-0.042656,0.05,0.2,0.35,0.5,0.65,0.85,0.9,0.0,0.65,0.8,0.08,0.05
6,PE_FED,-0.042659,0.1,0.15,0.3,0.7,0.75,0.8,0.95,0.5,0.0,0.0,0.08,0.04
8,PE_PB_FED,-0.04266,0.15,0.3,0.4,0.5,0.7,0.75,0.95,0.5,0.55,0.8,0.1,0.03
6,PE_PB,-0.042664,0.05,0.3,0.45,0.6,0.7,0.85,0.9,0.0,0.65,0.0,0.12,0.03
6,PE_PB_FED,-0.042666,0.15,0.2,0.45,0.55,0.65,0.75,0.85,-0.5,0.55,0.75,0.1,0.05
6,PE_PB,-0.042667,0.2,0.3,0.45,0.65,0.65,0.8,0.85,0.0,0.65,0.0,0.08,0.05
6,PE_PB_FED,-0.042681,0.05,0.15,0.35,0.5,0.65,0.75,0.85,0.0,0.55,0.8,0.1,0.04
6,PB_FED,-0.042684,0.05,0.2,0.3,0.55,0.7,0.85,0.9,0.5,0.0,0.0,0.08,0.04
6,PE_PB,-0.042688,0.1,0.2,0.4,0.55,0.65,0.85,0.9,0.0,0.55,0.0,0.1,0.05
8,PE_PB,-0.042691,0.05,0.3,0.45,0.6,0.65,0.85,0.9,0.0,0.55,0.0,0.06,0.04
8,PE_PB,-0.042692,0.05,0.3,0.35,0.5,0.65,0.75,0.85,0.0,0.6,0.0,0.1,0.03
8,PE_PB,-0.042693,0.1,0.2,0.45,0.5,0.75,0.8,0.9,0.0,0.5,0.0,0.12,0.04
8,PB_FED,-0.042706,0.05,0.15,0.4,0.6,0.7,0.75,0.9,1.0,0.0,0.0,0.12,0.05
6,PE_PB,-0.04271,0.2,0.3,0.45,0.65,0.75,0.8,0.85,0.0,0.65,0.0,0.08,0.05
6,PE_PB_FED,-0.042712,0.2,0.25,0.3,0.65,0.7,0.75,0.85,0.0,0.5,0.8,0.12,0.04
8,PB_FED,-0.042714,0.05,0.2,0.4,0.65,0.65,0.75,0.95,1.0,0.0,0.0,0.08,0.03
8,PE_PB_FED,-0.04272,0.1,0.25,0.35,0.55,0.65,0.8,0.85,0.5,0.6,0.8,0.06,0.03
6,PB_FED,-0.042726,0.05,0.3,0.4,0.7,0.7,0.75,0.85,0.5,0.0,0.0,0.12,0.03
6,PB_FED,-0.042733,0.05,0.3,0.35,0.7,0.7,0.75,0.9,0.5,0.0,0.0,0.12,0.05
6,PB_FED,-0.042737,0.15,0.25,0.35,0.65,0.7,0.85,0.9,0.5,0.0,0.0,0.08,0.04
6,PB_FED,-0.042738,0.1,0.25,0.35,0.7,0.65,0.85,0.95,0.5,0.0,0.0,0.06,0.04
8,PE_PB,-0.042738,0.05,0.3,0.45,0.55,0.7,0.8,0.85,0.0,0.6,0.0,0.06,0.05
6,PB_FED,-0.042741,0.05,0.25,0.45,0.7,0.7,0.8,0.85,0.5,0.0,0.0,0.12,0.05
8,PE_FED,-0.042748,0.2,0.3,0.4,0.55,0.7,0.75,0.85,0.5,0.0,0.0,0.1,0.05
6,PE_PB_FED,-0.042754,0.2,0.25,0.35,0.55,0.75,0.8,0.85,0.0,0.65,0.7,0.08,0.05
6,PB_FED,-0.042755,0.1,0.25,0.4,0.65,0.7,0.8,0.85,0.5,0.0,0.0,0.08,0.05
8,PE_PB_FED,-0.042761,0.1,0.3,0.45,0.7,0.65,0.8,0.95,0.5,0.5,0.8,0.1,0.05
6,PE_PB_FED,-0.04277,0.05,0.25,0.35,0.5,0.7,0.8,0.9,-0.5,0.65,0.75,0.12,0.03
8,PE_PB,-0.04277,0.05,0.25,0.4,0.55,0.7,0.85,0.9,0.0,0.5,0.0,0.06,0.03
6,PE_PB,-0.042778,0.05,0.25,0.4,0.5,0.65,0.8,0.85,0.0,0.6,0.0,0.08,0.03
8,PE_PB_FED,-0.04278,0.1,0.15,0.3,0.5,0.65,0.85,0.9,0.5,0.55,0.8,0.08,0.03
8,PE_PB_FED,-0.042788,0.2,0.25,0.4,0.55,0.65,0.8,0.95,0.5,0.55,0.75,0.08,0.04
6,PB_FED,-0.042789,0.2,0.25,0.3,0.6,0.75,0.85,0.9,0.5,0.0,0.0,0.08,0.03
8,PE_PB,-0.042792,0.1,0.3,0.45,0.55,0.7,0.75,0.85,0.0,0.55,0.0,0.08,0.04
6,PE_PB_FED,-0.042803,0.1,0.15,0.3,0.5,0.75,0.85,0.95,-0.5,0.5,0.75,0.08,0.03
6,PE_PB,-0.042806,0.1,0.25,0.3,0.5,0.65,0.8,0.85,0.0,0.6,0.0,0.06,0.03
6,PE_PB,-0.042813,0.15,0.25,0.4,0.5,0.65,0.8,0.9,0.0,0.55,0.0,0.1,0.03
6,PE_PB_FED,-0.042813,0.1,0.2,0.35,0.5,0.65,0.75,0.85,0.0,0.55,0.75,0.08,0.05
6,PE_PB,-0.042814,0.2,0.25,0.4,0.55,0.7,0.75,0.85,0.0,0.55,0.0,0.1,0.04
6,PE_PB_FED,-0.042818,0.2,0.3,0.35,0.7,0.7,0.75,0.9,-0.5,0.5,0.75,0.08,0.04
6,PE_PB,-0.042824,0.15,0.25,0.35,0.5,0.65,0.8,0.85,0.0,0.65,0.0,0.12,0.05
6,PB_FED,-0.042833,0.1,0.3,0.4,0.65,0.65,0.8,0.9,0.5,0.0,0.0,0.12,0.03
6,PE_FED,-0.042836,0.05,0.25,0.4,0.5,0.7,0.85,0.9,0.0,0.0,0.0,0.08,0.04
6,PE_PB_FED,-0.042836,0.05,0.15,0.45,0.55,0.7,0.75,0.85,0.0,0.5,0.75,0.08,0.04
8,PE_PB_FED,-0.042838,0.15,0.3,0.45,0.7,0.65,0.85,0.9,0.5,0.65,0.75,0.08,0.05
6,PE_PB_FED,-0.04284,0.1,0.3,0.35,0.55,0.7,0.75,0.9,-0.5,0.65,0.75,0.1,0.05
6,PE_PB_FED,-0.042844,0.15,0.2,0.4,0.5,0.75,0.85,0.9,-0.5,0.65,0.75,0.1,0.04
6,PE_FED,-0.042845,0.15,0.3,0.45,0.5,0.75,0.85,0.95,0.0,0.0,0.0,0.12,0.04
6,PE_FED,-0.042845,0.15,0.3,0.45,0.5,0.65,0.85,0.95,0.0,0.0,0.0,0.06,0.04
6,PE_PB,-0.042851,0.15,0.25,0.45,0.55,0.75,0.8,0.9,0.0,0.55,0.0,0.12,0.05
6,PE_PB,-0.042864,0.1,0.25,0.45,0.5,0.7,0.75,0.85,0.0,0.6,0.0,0.08,0.03
8,PE_PB_FED,-0.042864,0.05,0.25,0.35,0.55,0.7,0.85,0.9,0.5,0.65,0.8,0.12,0.03
8,PE_PB,-0.042869,0.05,0.25,0.45,0.6,0.7,0.85,0.9,0.0,0.5,0.0,0.06,0.05
6,PE_FED,-0.04287,0.15,0.3,0.45,0.5,0.7,0.85,0.95,0.0,0.0,0.0,0.08,0.05
6,PE_PB_FED,-0.04288,0.05,0.15,0.4,0.5,0.7,0.8,0.85,0.0,0.6,0.75,0.1,0.04
6,PB_FED,-0.042886,0.15,0.25,0.4,0.7,0.65,0.85,0.9,0.5,0.0,0.0,0.12,0.04
6,PE_PB,-0.042893,0.05,0.25,0.35,0.55,0.7,0.8,0.85,0.0,0.55,0.0,0.08,0.05
8,PE_PB,-0.042897,0.2,0.3,0.45,0.55,0.75,0.8,0.95,0.0,0.5,0.0,0.12,0.04
6,PE_PB,-0.042902,0.2,0.25,0.3,0.6,0.65,0.85,0.9,0.0,0.6,0.0,0.06,0.04
6,PE_PB,-0.042903,0.2,0.3,0.35,0.6,0.75,0.85,0.95,0.0,0.6,0.0,0.08,0.05
6,PE_FED,-0.042904,0.05,0.25,0.35,0.5,0.7,0.8,0.85,0.0,0.0,0.0,0.12,0.05
6,PE_FED,-0.042909,0.2,0.25,0.4,0.5,0.65,0.85,0.9,-0.5,0.0,0.0,0.08,0.04
8,PE_PB,-0.04291,0.2,0.3,0.4,0.5,0.65,0.8,0.9,0.0,0.65,0.0,0.06,0.04
8,PE_PB,-0.042911,0.1,0.25,0.4,0.5,0.65,0.85,0.95,0.0,0.55,0.0,0.08,0.05
6,PE_PB,-0.042912,0.1,0.2,0.3,0.5,0.75,0.8,0.85,0.0,0.55,0.0,0.12,0.04
8,PB_FED,-0.042912,0.15,0.25,0.45,0.7,0.65,0.75,0.95,1.0,0.0,0.0,0.1,0.03
8,PE_PB,-0.042913,0.05,0.25,0.45,0.6,0.65,0.85,0.9,0.0,0.5,0.0,0.12,0.05
6,PE_PB_FED,-0.042914,0.05,0.15,0.3,0.5,0.75,0.85,0.9,0.0,0.6,0.8,0.12,0.04
6,PE_PB_FED,-0.042917,0.15,0.2,0.45,0.5,0.7,0.75,0.85,-0.5,0.6,0.7,0.08,0.03
8,PE_PB,-0.04292,0.15,0.3,0.45,0.55,0.75,0.85,0.95,0.0,0.5,0.0,0.1,0.03
6,PB_FED,-0.042922,0.05,0.2,0.4,0.7,0.75,0.85,0.95,0.5,0.0,0.0,0.1,0.04
6,PE_PB_FED,-0.042924,0.1,0.15,0.3,0.5,0.75,0.8,0.85,0.0,0.55,0.7,0.1,0.03
6,PE_PB,-0.042929,0.2,0.3,0.4,0.65,0.65,0.75,0.9,0.0,0.5,0.0,0.06,0.04
6,PE_FED,-0.042937,0.15,0.3,0.35,0.5,0.7,0.8,0.9,0.0,0.0,0.0,0.1,0.05
6,PB_FED,-0.042944,0.05,0.25,0.45,0.5,0.7,0.75,0.95,0.5,0.0,0.0,0.06,0.03
6,PE_FED,-0.042962,0.15,0.25,0.4,0.5,0.75,0.85,0.9,0.0,0.0,0.0,0.12,0.05
8,PE_PB_FED,-0.042966,0.15,0.3,0.45,0.65,0.75,0.85,0.95,0.5,0.6,0.7,0.12,0.05
8,PB_FED,-0.042967,0.05,0.2,0.35,0.6,0.7,0.75,0.9,1.0,0.0,0.0,0.08,0.03
6,PE_PB,-0.042968,0.05,0.3,0.4,0.6,0.65,0.8,0.85,0.0,0.6,0.0,0.08,0.04
6,PB_FED,-0.042968,0.05,0.2,0.4,0.65,0.65,0.85,0.95,0.5,0.0,0.0,0.12,0.05
8,PE_PB,-0.042969,0.05,0.3,0.45,0.55,0.7,0.85,0.95,0.0,0.5,0.0,0.06,0.03
8,PE_PB,-0.042978,0.2,0.3,0.45,0.65,0.65,0.8,0.85,0.0,0.5,0.0,0.12,0.04
6,PB_FED,-0.042986,0.05,0.2,0.4,0.6,0.65,0.8,0.85,0.5,0.0,0.0,0.08,0.05
8,PB_FED,-0.042987,0.05,0.15,0.45,0.65,0.75,0.8,0.95,1.0,0.0,0.0,0.12,0.03
6,PE_FED,-0.043,0.05,0.3,0.35,0.5,0.65,0.8,0.9,0.0,0.0,0.0,0.08,0.04
6,PB_FED,-0.043004,0.15,0.25,0.4,0.55,0.7,0.75,0.9,0.5,0.0,0.0,0.06,0.04
6,PE_PB,-0.043007,0.15,0.25,0.3,0.5,0.65,0.75,0.85,0.0,0.55,0.0,0.06,0.04
6,PE_only,-0.043008,0.15,0.3,0.45,0.5,0.75,0.85,0.9,0.0,0.0,0.0,0.1,0.05
6,PE_PB_FED,-0.043009,0.15,0.25,0.4,0.6,0.7,0.75,0.85,0.0,0.55,0.7,0.06,0.05
6,PE_PB_FED,-0.04301,0.05,0.15,0.4,0.5,0.7,0.8,0.9,-0.5,0.55,0.75,0.12,0.05
6,PB_FED,-0.04301,0.1,0.3,0.35,0.65,0.7,0.85,0.9,0.5,0.0,0.0,0.1,0.03
8,PE_PB_FED,-0.04301,0.2,0.3,0.45,0.6,0.65,0.8,0.95,0.5,0.6,0.8,0.08,0.04
6,PB_FED,-0.043022,0.15,0.2,0.3,0.5,0.75,0.8,0.95,0.5,0.0,0.0,0.06,0.03
6,PB_FED,-0.043025,0.1,0.25,0.4,0.55,0.65,0.75,0.95,0.5,0.0,0.0,0.06,0.05
6,PE_PB,-0.043028,0.1,0.2,0.3,0.55,0.75,0.8,0.95,0.0,0.5,0.0,0.06,0.04
6,PB_FED,-0.043032,0.05,0.25,0.4,0.7,0.75,0.8,0.95,0.5,0.0,0.0,0.12,0.05
6,PB_FED,-0.043033,0.2,0.3,0.45,0.7,0.7,0.75,0.9,0.5,0.0,0.0,0.12,0.05
8,PE_PB_FED,-0.043042,0.1,0.15,0.45,0.6,0.75,0.8,0.85,0.5,0.5,0.75,0.12,0.05
6,PE_PB,-0.043044,0.05,0.2,0.3,0.6,0.75,0.8,0.9,0.0,0.5,0.0,0.1,0.04
8,PE_PB_FED,-0.043047,0.2,0.25,0.4,0.5,0.65,0.75,0.95,0.5,0.55,0.75,0.06,0.05
6,PE_PB_FED,-0.043056,0.1,0.3,0.35,0.6,0.7,0.8,0.85,-0.5,0.6,0.75,0.12,0.03
6,PE_PB,-0.043057,0.05,0.3,0.35,0.5,0.7,0.85,0.95,0.0,0.65,0.0,0.06,0.05
6,PB_FED,-0.043058,0.1,0.3,0.35,0.7,0.65,0.8,0.95,0.5,0.0,0.0,0.06,0.05
6,PE_PB_FED,-0.04306,0.05,0.15,0.35,0.55,0.65,0.85,0.9,-0.5,0.5,0.7,0.12,0.03
8,PE_PB_FED,-0.04306,0.15,0.3,0.4,0.65,0.7,0.8,0.95,0.5,0.5,0.7,0.08,0.05
6,PE_PB_FED,-0.043064,0.15,0.25,0.3,0.6,0.65,0.75,0.85,-0.5,0.5,0.75,0.12,0.03
6,PB_FED,-0.043064,0.15,0.25,0.3,0.5,0.7,0.75,0.9,0.5,0.0,0.0,0.1,0.04
8,PB_FED,-0.043065,0.15,0.2,0.4,0.65,0.7,0.8,0.95,1.0,0.0,0.0,0.1,0.03
8,PE_FED,-0.043066,0.05,0.3,0.45,0.6,0.7,0.8,0.85,0.5,0.0,0.0,0.06,0.04
6,PE_PB,-0.043069,0.05,0.15,0.45,0.6,0.7,0.75,0.9,0.0,0.5,0.0,0.12,0.04
6,PB_FED,-0.04307,0.05,0.25,0.35,0.6,0.65,0.8,0.95,0.5,0.0,0.0,0.06,0.05
6,PB_FED,-0.043071,0.15,0.25,0.4,0.7,0.75,0.8,0.85,0.5,0.0,0.0,0.08,0.05
6,PE_PB_FED,-0.043072,0.05,0.25,0.4,0.55,0.7,0.85,0.95,-0.5,0.55,0.75,0.1,0.05
6,PB_FED,-0.043079,0.15,0.25,0.4,0.65,0.75,0.8,0.85,0.5,0.0,0.0,0.1,0.05
8,PE_PB_FED,-0.043083,0.05,0.25,0.45,0.55,0.75,0.85,0.95,0.5,0.6,0.7,0.1,0.04
8,PE_PB_FED,-0.043085,0.2,0.25,0.45,0.7,0.65,0.75,0.9,0.5,0.5,0.8,0.1,0.05
8,PE_PB_FED,-0.043088,0.1,0.3,0.45,0.7,0.65,0.8,0.9,0.5,0.55,0.8,0.1,0.04
6,PE_PB,-0.043097,0.15,0.3,0.35,0.6,0.65,0.85,0.9,0.0,0.55,0.0,0.08,0.05
6,PE_PB,-0.043097,0.05,0.25,0.4,0.55,0.75,0.85,0.9,0.0,0.55,0.0,0.1,0.03
6,PE_PB,-0.043098,0.05,0.15,0.4,0.6,0.65,0.75,0.9,0.0,0.5,0.0,0.12,0.05
6,PE_PB,-0.043105,0.15,0.2,0.4,0.55,0.7,0.8,0.95,0.0,0.5,0.0,0.1,0.04
6,PE_PB,-0.043106,0.05,0.3,0.4,0.65,0.75,0.85,0.95,0.0,0.5,0.0,0.08,0.05
8,PE_FED,-0.043106,0.1,0.3,0.4,0.55,0.65,0.8,0.85,0.5,0.0,0.0,0.08,0.05
8,PE_FED,-0.043107,0.15,0.3,0.45,0.55,0.7,0.85,0.9,0.5,0.0,0.0,0.08,0.03
8,PE_PB,-0.043113,0.2,0.3,0.45,0.5,0.7,0.75,0.9,0.0,0.6,0.0,0.12,0.03
8,PE_PB,-0.043123,0.1,0.3,0.35,0.55,0.65,0.85,0.9,0.0,0.6,0.0,0.08,0.05
8,PE_PB_FED,-0.043127,0.2,0.25,0.35,0.7,0.65,0.85,0.95,0.5,0.5,0.75,0.06,0.05
8,PE_PB,-0.043131,0.2,0.3,0.35,0.55,0.65,0.85,0.9,0.0,0.6,0.0,0.08,0.03
6,PE_PB_FED,-0.043133,0.15,0.25,0.35,0.65,0.75,0.8,0.9,0.0,0.5,0.8,0.1,0.05
8,PE_PB_FED,-0.043136,0.15,0.3,0.45,0.5,0.65,0.75,0.95,0.5,0.55,0.7,0.12,0.03
8,PE_PB_FED,-0.043138,0.2,0.3,0.35,0.55,0.75,0.8,0.95,0.5,0.6,0.7,0.08,0.05
6,PE_PB,-0.043142,0.15,0.3,0.45,0.7,0.7,0.85,0.9,0.0,0.5,0.0,0.12,0.04
6,PE_PB,-0.043152,0.05,0.2,0.4,0.55,0.65,0.8,0.85,0.0,0.5,0.0,0.12,0.04
6,PE_PB_FED,-0.043155,0.2,0.3,0.4,0.7,0.7,0.8,0.9,-0.5,0.5,0.8,0.12,0.04
8,PE_FED,-0.043161,0.2,0.3,0.4,0.6,0.65,0.85,0.9,0.5,0.0,0.0,0.1,0.04
8,PE_PB_FED,-0.043163,0.15,0.2,0.3,0.5,0.7,0.8,0.9,0.5,0.55,0.75,0.08,0.05
6,PE_PB,-0.043168,0.1,0.3,0.35,0.55,0.65,0.85,0.9,0.0,0.6,0.0,0.1,0.03
6,PB_FED,-0.043174,0.05,0.3,0.45,0.6,0.75,0.8,0.9,0.5,0.0,0.0,0.08,0.03
8,PE_FED,-0.043176,0.05,0.3,0.45,0.65,0.7,0.85,0.9,0.5,0.0,0.0,0.06,0.05
6,PE_PB_FED,-0.043177,0.05,0.25,0.45,0.55,0.65,0.8,0.85,-0.5,0.6,0.8,0.08,0.03
8,PE_PB_FED,-0.043179,0.15,0.25,0.4,0.5,0.75,0.85,0.9,-0.5,0.5,0.75,0.06,0.05
6,PE_PB,-0.043186,0.05,0.15,0.45,0.55,0.75,0.8,0.85,0.0,0.5,0.0,0.06,0.05
6,PB_FED,-0.043192,0.15,0.3,0.35,0.55,0.65,0.75,0.9,0.5,0.0,0.0,0.1,0.03
6,PE_PB,-0.043197,0.05,0.2,0.45,0.6,0.7,0.75,0.95,0.0,0.5,0.0,0.12,0.04
8,PE_PB_FED,-0.043197,0.15,0.2,0.45,0.65,0.65,0.85,0.9,0.5,0.55,0.7,0.12,0.05
6,PE_PB_FED,-0.043201,0.05,0.2,0.45,0.55,0.65,0.85,0.9,-0.5,0.55,0.7,0.1,0.04
6,PE_PB,-0.043207,0.1,0.25,0.45,0.65,0.65,0.85,0.9,0.0,0.5,0.0,0.12,0.03
6,PE_PB_FED,-0.043209,0.15,0.2,0.45,0.5,0.7,0.85,0.9,0.0,0.6,0.75,0.1,0.04
8,PE_PB_FED,-0.043209,0.2,0.3,0.45,0.6,0.65,0.85,0.9,-0.5,0.5,0.7,0.08,0.05
6,PE_only,-0.043211,0.05,0.3,0.45,0.5,0.65,0.85,0.9,0.0,0.0,0.0,0.12,0.05
6,PE_PB,-0.043211,0.15,0.3,0.35,0.55,0.65,0.85,0.95,0.0,0.55,0.0,0.06,0.04
8,PE_PB_FED,-0.043215,0.2,0.3,0.45,0.5,0.7,0.85,0.9,-0.5,0.65,0.75,0.1,0.05
8,PE_PB_FED,-0.043222,0.15,0.2,0.3,0.6,0.65,0.85,0.9,0.5,0.5,0.75,0.12,0.03
6,PE_only,-0.043226,0.1,0.3,0.45,0.5,0.65,0.85,0.9,0.0,0.0,0.0,0.1,0.05
6,PE_PB_FED,-0.043226,0.05,0.2,0.45,0.55,0.65,0.8,0.85,0.0,0.5,0.8,0.06,0.04
6,PB_FED,-0.04323,0.1,0.25,0.35,0.55,0.75,0.8,0.9,0.5,0.0,0.0,0.06,0.04
6,PE_PB,-0.043242,0.2,0.3,0.45,0.5,0.7,0.75,0.95,0.0,0.55,0.0,0.12,0.03
6,PE_PB,-0.043247,0.2,0.25,0.35,0.65,0.65,0.8,0.85,0.0,0.5,0.0,0.08,0.05
8,PB_FED,-0.043249,0.1,0.15,0.35,0.6,0.65,0.75,0.85,1.0,0.0,0.0,0.1,0.05
8,PE_PB,-0.043251,0.2,0.25,0.45,0.5,0.65,0.75,0.9,0.0,0.5,0.0,0.06,0.03
6,PB_FED,-0.043253,0.1,0.25,0.4,0.6,0.75,0.8,0.95,0.5,0.0,0.0,0.1,0.04
6,PE_PB_FED,-0.043258,0.1,0.2,0.35,0.5,0.7,0.75,0.85,-0.5,0.55,0.75,0.08,0.03
8,PE_FED,-0.04326,0.15,0.3,0.35,0.5,0.65,0.75,0.85,0.5,0.0,0.0,0.08,0.05
8,PE_FED,-0.043262,0.05,0.3,0.45,0.6,0.65,0.85,0.9,0.5,0.0,0.0,0.12,0.03
6,PE_only,-0.043267,0.1,0.3,0.45,0.5,0.7,0.85,0.9,0.0,0.0,0.0,0.12,0.05
8,PB_FED,-0.043267,0.2,0.25,0.4,0.7,0.7,0.75,0.95,1.0,0.0,0.0,0.08,0.03
6,PE_PB,-0.043272,0.15,0.25,0.35,0.6,0.75,0.8,0.95,0.0,0.5,0.0,0.06,0.04
8,PE_PB_FED,-0.043281,0.2,0.25,0.3,0.6,0.7,0.8,0.9,0.5,0.55,0.8,0.06,0.04
8,PE_PB,-0.043282,0.15,0.25,0.45,0.5,0.75,0.85,0.95,0.0,0.5,0.0,0.06,0.03
8,PB_FED,-0.043284,0.1,0.2,0.4,0.65,0.75,0.8,0.95,1.0,0.0,0.0,0.12,0.03
6,PB_FED,-0.043285,0.2,0.3,0.4,0.65,0.65,0.75,0.95,0.5,0.0,0.0,0.1,0.03
8,PE_PB_FED,-0.043285,0.15,0.25,0.3,0.5,0.75,0.8,0.9,0.5,0.55,0.8,0.08,0.03
6,PE_PB,-0.043289,0.15,0.25,0.4,0.55,0.7,0.85,0.9,0.0,0.55,0.0,0.1,0.04
6,PE_PB,-0.043293,0.05,0.2,0.4,0.6,0.7,0.85,0.95,0.0,0.5,0.0,0.08,0.04
6,PE_FED,-0.043293,0.2,0.3,0.35,0.5,0.65,0.8,0.9,-0.5,0.0,0.0,0.12,0.04
6,PE_PB,-0.043294,0.2,0.25,0.4,0.5,0.7,0.85,0.95,0.0,0.6,0.0,0.08,0.04
6,PB_FED,-0.043294,0.15,0.3,0.35,0.6,0.65,0.8,0.9,0.5,0.0,0.0,0.08,0.03
8,PE_PB_FED,-0.043304,0.2,0.25,0.4,0.7,0.65,0.75,0.85,0.5,0.5,0.7,0.12,0.04
8,PE_PB_FED,-0.043311,0.05,0.25,0.3,0.7,0.75,0.85,0.9,0.5,0.5,0.7,0.08,0.04
6,PE_FED,-0.043314,0.1,0.3,0.35,0.5,0.7,0.75,0.85,-0.5,0.0,0.0,0.1,0.04
6,PE_only,-0.043326,0.2,0.3,0.35,0.5,0.65,0.85,0.9,0.0,0.0,0.0,0.12,0.05
6,PE_PB_FED,-0.043326,0.2,0.3,0.45,0.55,0.75,0.85,0.95,0.0,0.6,0.7,0.08,0.03
8,PE_PB_FED,-0.043336,0.05,0.25,0.4,0.5,0.65,0.75,0.9,0.5,0.55,0.7,0.1,0.04
8,PE_PB_FED,-0.04335,0.15,0.3,0.35,0.65,0.7,0.85,0.9,0.5,0.65,0.8,0.1,0.05
8,PE_PB_FED,-0.043352,0.05,0.3,0.35,0.5,0.65,0.75,0.9,0.5,0.65,0.7,0.06,0.04
8,PB_FED,-0.043353,0.1,0.25,0.3,0.6,0.7,0.75,0.95,1.0,0.0,0.0,0.12,0.05
8,PE_PB_FED,-0.043354,0.05,0.25,0.4,0.55,0.7,0.8,0.9,0.5,0.55,0.8,0.08,0.04
6,PE_PB,-0.043362,0.2,0.25,0.45,0.5,0.7,0.8,0.9,0.0,0.65,0.0,0.12,0.05
6,PE_PB_FED,-0.043363,0.05,0.3,0.45,0.65,0.7,0.85,0.9,-0.5,0.6,0.7,0.06,0.05
6,PE_PB,-0.043375,0.05,0.2,0.45,0.5,0.7,0.8,0.85,0.0,0.55,0.0,0.1,0.04
8,PE_PB_FED,-0.043379,0.1,0.2,0.35,0.5,0.75,0.85,0.95,0.5,0.55,0.8,0.06,0.05
8,PE_PB_FED,-0.043382,0.2,0.3,0.4,0.5,0.75,0.8,0.85,-0.5,0.6,0.8,0.1,0.05
6,PB_FED,-0.043383,0.15,0.25,0.3,0.6,0.7,0.85,0.95,0.5,0.0,0.0,0.08,0.05
6,PB_FED,-0.043398,0.05,0.3,0.35,0.7,0.7,0.75,0.85,0.5,0.0,0.0,0.1,0.05
6,PE_PB,-0.043406,0.05,0.25,0.3,0.6,0.7,0.8,0.85,0.0,0.5,0.0,0.08,0.04
6,PE_PB_FED,-0.043407,0.1,0.2,0.35,0.5,0.65,0.85,0.9,-0.5,0.65,0.75,0.12,0.05
6,PB_FED,-0.043412,0.15,0.2,0.35,0.55,0.65,0.8,0.95,0.5,0.0,0.0,0.06,0.04
8,PE_PB,-0.043416,0.2,0.25,0.45,0.55,0.65,0.8,0.9,0.0,0.5,0.0,0.12,0.05
6,PB_FED,-0.04342,0.2,0.25,0.4,0.7,0.75,0.8,0.9,0.5,0.0,0.0,0.08,0.05
8,PE_PB,-0.043422,0.1,0.3,0.45,0.5,0.75,0.8,0.9,0.0,0.6,0.0,0.12,0.03
6,PE_PB_FED,-0.043427,0.2,0.3,0.45,0.5,0.65,0.75,0.95,-0.5,0.65,0.75,0.12,0.03
8,PE_PB_FED,-0.043436,0.1,0.25,0.35,0.7,0.75,0.8,0.85,0.5,0.5,0.7,0.08,0.05
6,PE_PB,-0.043439,0.1,0.2,0.3,0.6,0.7,0.85,0.95,0.0,0.5,0.0,0.12,0.04
6,PE_PB_FED,-0.043443,0.2,0.25,0.35,0.55,0.65,0.75,0.9,-0.5,0.55,0.7,0.1,0.05
6,PE_PB,-0.043444,0.2,0.3,0.35,0.5,0.65,0.75,0.9,0.0,0.65,0.0,0.1,0.05
6,PE_PB,-0.043448,0.2,0.3,0.45,0.55,0.75,0.8,0.9,0.0,0.6,0.0,0.06,0.05
6,PE_PB,-0.04345,0.15,0.2,0.4,0.6,0.7,0.8,0.9,0.0,0.5,0.0,0.1,0.04
6,PE_PB_FED,-0.043459,0.2,0.25,0.45,0.6,0.65,0.85,0.95,0.0,0.5,0.75,0.08,0.03
8,PE_PB_FED,-0.043459,0.05,0.3,0.45,0.7,0.65,0.75,0.9,0.5,0.55,0.8,0.12,0.05
8,PB_FED,-0.043461,0.2,0.25,0.4,0.7,0.65,0.75,0.9,1.0,0.0,0.0,0.08,0.03
8,PE_PB,-0.043464,0.15,0.3,0.45,0.5,0.65,0.75,0.85,0.0,0.6,0.0,0.12,0.04
8,PE_FED,-0.043467,0.2,0.3,0.45,0.6,0.75,0.85,0.9,0.5,0.0,0.0,0.12,0.03
8,PE_PB,-0.043469,0.2,0.3,0.35,0.5,0.75,0.8,0.95,0.0,0.55,0.0,0.08,0.04
8,PE_PB_FED,-0.04347,0.2,0.25,0.45,0.5,0.65,0.8,0.95,0.5,0.55,0.7,0.1,0.03
6,PE_FED,-0.043484,0.1,0.15,0.4,0.7,0.65,0.75,0.9,0.5,0.0,0.0,0.08,0.04
6,PE_PB_FED,-0.043484,0.05,0.2,0.45,0.5,0.65,0.85,0.9,-0.5,0.65,0.75,0.06,0.04
8,PE_PB_FED,-0.043485,0.05,0.15,0.45,0.55,0.65,0.85,0.9,0.5,0.5,0.8,0.1,0.03
8,PE_PB_FED,-0.043487,0.2,0.3,0.4,0.55,0.65,0.8,0.9,0.5,0.65,0.8,0.06,0.04
6,PE_PB,-0.043489,0.05,0.15,0.4,0.55,0.75,0.8,0.9,0.0,0.5,0.0,0.08,0.05
8,PE_PB,-0.04349,0.2,0.3,0.4,0.55,0.65,0.75,0.85,0.0,0.55,0.0,0.06,0.05
6,PE_PB_FED,-0.043491,0.15,0.3,0.35,0.6,0.7,0.75,0.9,-0.5,0.55,0.7,0.06,0.05
6,PB_FED,-0.043493,0.2,0.25,0.35,0.55,0.7,0.75,0.85,0.5,0.0,0.0,0.08,0.04
8,PE_PB_FED,-0.043493,0.2,0.3,0.45,0.7,0.7,0.8,0.85,0.5,0.6,0.75,0.06,0.03
8,PE_PB_FED,-0.043494,0.15,0.25,0.45,0.65,0.65,0.85,0.95,0.5,0.5,0.75,0.1,0.04
6,PE_PB_FED,-0.043495,0.15,0.2,0.45,0.55,0.7,0.8,0.85,0.0,0.5,0.7,0.1,0.05
8,PE_PB_FED,-0.043495,0.05,0.3,0.35,0.6,0.65,0.8,0.85,0.5,0.65,0.75,0.06,0.03
6,PE_PB,-0.043498,0.1,0.2,0.3,0.6,0.7,0.75,0.9,0.0,0.5,0.0,0.1,0.03
6,PB_FED,-0.043504,0.2,0.25,0.4,0.6,0.65,0.75,0.95,0.5,0.0,0.0,0.12,0.04
6,PE_PB,-0.043506,0.1,0.15,0.4,0.6,0.7,0.75,0.9,0.0,0.5,0.0,0.08,0.05
6,PE_PB,-0.043519,0.1,0.25,0.3,0.5,0.65,0.85,0.9,0.0,0.65,0.0,0.06,0.05
6,PE_FED,-0.043521,0.05,0.25,0.45,0.5,0.7,0.8,0.85,0.0,0.0,0.0,0.08,0.05
8,PE_PB,-0.043527,0.15,0.3,0.4,0.6,0.65,0.85,0.9,0.0,0.5,0.0,0.08,0.03
8,PE_PB_FED,-0.043527,0.2,0.25,0.3,0.55,0.7,0.75,0.85,0.5,0.55,0.8,0.08,0.03
8,PE_PB_FED,-0.043528,0.2,0.3,0.45,0.55,0.65,0.8,0.85,-0.5,0.5,0.8,0.06,0.05
6,PE_PB,-0.043538,0.1,0.25,0.45,0.5,0.7,0.75,0.85,0.0,0.6,0.0,0.06,0.05
6,PE_PB_FED,-0.043538,0.05,0.3,0.35,0.55,0.65,0.75,0.85,-0.5,0.65,0.75,0.12,0.04
6,PE_PB_FED,-0.043546,0.15,0.3,0.4,0.55,0.75,0.8,0.9,0.0,0.6,0.7,0.12,0.04
6,PB_FED,-0.043548,0.2,0.3,0.4,0.7,0.7,0.75,0.85,0.5,0.0,0.0,0.1,0.04
8,PE_PB_FED,-0.04355,0.15,0.25,0.35,0.55,0.65,0.75,0.85,0.5,0.55,0.75,0.06,0.05
6,PE_PB_FED,-0.043551,0.1,0.2,0.45,0.5,0.7,0.8,0.85,-0.5,0.65,0.8,0.08,0.05
6,PE_PB_FED,-0.043556,0.2,0.25,0.3,0.5,0.65,0.8,0.9,-0.5,0.65,0.75,0.08,0.04
6,PE_PB,-0.043564,0.2,0.3,0.35,0.7,0.65,0.8,0.85,0.0,0.5,0.0,0.12,0.05
6,PB_FED,-0.043565,0.15,0.25,0.45,0.5,0.7,0.75,0.9,0.5,0.0,0.0,0.08,0.05
6,PE_PB_FED,-0.043568,0.05,0.2,0.3,0.55,0.65,0.85,0.9,-0.5,0.5,0.7,0.12,0.03
8,PE_PB_FED,-0.043573,0.05,0.25,0.3,0.6,0.75,0.8,0.85,0.5,0.55,0.8,0.06,0.03
6,PE_FED,-0.043574,0.2,0.3,0.4,0.5,0.65,0.8,0.85,0.0,0.0,0.0,0.1,0.04
6,PE_PB_FED,-0.043574,0.15,0.2,0.45,0.5,0.7,0.85,0.95,-0.5,0.55,0.75,0.08,0.05
6,PE_PB_FED,-0.043575,0.05,0.15,0.35,0.5,0.75,0.8,0.85,0.0,0.55,0.8,0.08,0.04
6,PB_FED,-0.043578,0.2,0.25,0.35,0.65,0.75,0.85,0.9,0.5,0.0,0.0,0.06,0.04
8,PE_PB_FED,-0.043585,0.15,0.2,0.3,0.5,0.65,0.8,0.85,0.5,0.55,0.75,0.12,0.03
8,PE_FED,-0.043587,0.2,0.25,0.4,0.5,0.75,0.8,0.85,0.5,0.0,0.0,0.08,0.04
6,PE_PB,-0.043596,0.1,0.2,0.4,0.6,0.65,0.85,0.95,0.0,0.5,0.0,0.1,0.04
6,PE_PB,-0.043597,0.2,0.3,0.45,0.65,0.75,0.8,0.9,0.0,0.5,0.0,0.1,0.03
8,PB_FED,-0.043597,0.1,0.15,0.3,0.5,0.75,0.8,0.9,1.0,0.0,0.0,0.1,0.03
8,PE_PB,-0.043599,0.15,0.3,0.4,0.55,0.75,0.8,0.9,0.0,0.5,0.0,0.1,0.05
8,PB_FED,-0.0436,0.1,0.25,0.35,0.65,0.65,0.75,0.9,1.0,0.0,0.0,0.06,0.04
8,PE_PB_FED,-0.043602,0.15,0.25,0.45,0.55,0.7,0.8,0.85,0.5,0.6,0.8,0.12,0.04
8,PE_PB_FED,-0.043609,0.15,0.25,0.3,0.55,0.7,0.8,0.9,0.5,0.5,0.7,0.08,0.04
8,PE_PB,-0.04361,0.15,0.25,0.35,0.5,0.75,0.85,0.95,0.0,0.5,0.0,0.1,0.04
6,PE_PB,-0.043614,0.15,0.25,0.3,0.6,0.75,0.8,0.85,0.0,0.5,0.0,0.08,0.04
6,PE_PB,-0.043617,0.15,0.2,0.3,0.55,0.75,0.85,0.95,0.0,0.5,0.0,0.1,0.03
6,PE_PB_FED,-0.043625,0.1,0.2,0.45,0.5,0.65,0.8,0.9,-0.5,0.55,0.8,0.08,0.04
8,PE_PB,-0.043626,0.05,0.3,0.4,0.5,0.7,0.75,0.9,0.0,0.55,0.0,0.08,0.05
8,PE_PB_FED,-0.043627,0.15,0.3,0.35,0.6,0.75,0.8,0.85,0.5,0.65,0.75,0.06,0.05
6,PE_PB,-0.043628,0.05,0.3,0.45,0.55,0.65,0.8,0.85,0.0,0.6,0.0,0.12,0.05
8,PE_PB,-0.043636,0.05,0.25,0.4,0.5,0.65,0.75,0.85,0.0,0.5,0.0,0.06,0.05
6,PE_PB_FED,-0.043639,0.2,0.25,0.3,0.65,0.75,0.85,0.9,0.0,0.5,0.7,0.08,0.04
6,PE_PB_FED,-0.043641,0.1,0.25,0.35,0.55,0.65,0.8,0.85,0.0,0.6,0.7,0.1,0.05
8,PE_PB_FED,-0.043643,0.15,0.3,0.45,0.55,0.65,0.75,0.85,0.5,0.6,0.75,0.06,0.03
8,PB_FED,-0.043645,0.05,0.2,0.4,0.65,0.7,0.75,0.9,1.0,0.0,0.0,0.06,0.05
8,PE_PB_FED,-0.043649,0.1,0.25,0.3,0.5,0.75,0.85,0.95,0.5,0.55,0.75,0.06,0.03
8,PB_FED,-0.04365,0.15,0.2,0.4,0.7,0.7,0.8,0.95,1.0,0.0,0.0,0.08,0.04
6,PE_PB_FED,-0.043655,0.05,0.25,0.35,0.5,0.75,0.8,0.9,0.0,0.65,0.7,0.08,0.04
6,PE_PB,-0.043663,0.1,0.2,0.45,0.6,0.75,0.8,0.85,0.0,0.5,0.0,0.12,0.05
8,PE_PB,-0.043665,0.05,0.3,0.4,0.5,0.65,0.85,0.9,0.0,0.65,0.0,0.12,0.03
8,PE_PB,-0.04367,0.2,0.3,0.35,0.6,0.7,0.8,0.85,0.0,0.5,0.0,0.06,0.03
6,PE_PB_FED,-0.043676,0.05,0.3,0.4,0.5,0.65,0.75,0.95,-0.5,0.6,0.75,0.06,0.03
6,PB_FED,-0.043681,0.2,0.25,0.3,0.65,0.65,0.85,0.95,0.5,0.0,0.0,0.06,0.04
8,PE_FED,-0.043681,0.05,0.3,0.4,0.55,0.7,0.8,0.85,0.5,0.0,0.0,0.08,0.05
6,PE_PB,-0.043697,0.05,0.2,0.3,0.55,0.7,0.8,0.85,0.0,0.5,0.0,0.12,0.05
6,PE_PB,-0.04371,0.15,0.25,0.4,0.5,0.65,0.8,0.85,0.0,0.6,0.0,0.1,0.05
6,PB_FED,-0.04371,0.05,0.3,0.45,0.65,0.65,0.8,0.85,0.5,0.0,0.0,0.08,0.05
6,PB_FED,-0.043711,0.1,0.3,0.45,0.65,0.7,0.85,0.95,0.5,0.0,0.0,0.08,0.04
6,PB_FED,-0.043712,0.2,0.25,0.3,0.6,0.65,0.85,0.9,0.5,0.0,0.0,0.06,0.04
6,PB_FED,-0.043718,0.1,0.2,0.35,0.5,0.75,0.85,0.9,0.5,0.0,0.0,0.1,0.03
6,PE_PB,-0.043723,0.05,0.2,0.35,0.6,0.65,0.8,0.9,0.0,0.5,0.0,0.12,0.05
6,PE_FED,-0.043726,0.05,0.3,0.45,0.5,0.65,0.8,0.9,-0.5,0.0,0.0,0.08,0.04
6,PB_FED,-0.043735,0.1,0.3,0.45,0.7,0.75,0.8,0.85,0.5,0.0,0.0,0.12,0.05
8,PE_PB,-0.043739,0.1,0.25,0.4,0.5,0.65,0.8,0.85,0.0,0.55,0.0,0.12,0.04
8,PE_PB,-0.043753,0.15,0.3,0.45,0.55,0.75,0.85,0.95,0.0,0.5,0.0,0.06,0.04
6,PB_FED,-0.043755,0.2,0.25,0.35,0.55,0.65,0.8,0.9,0.5,0.0,0.0,0.1,0.03
6,PE_PB_FED,-0.043756,0.1,0.25,0.3,0.6,0.7,0.75,0.85,0.0,0.5,0.75,0.1,0.04
6,PE_FED,-0.043764,0.1,0.3,0.4,0.5,0.75,0.8,0.85,0.0,0.0,0.0,0.08,0.04
6,PE_PB_FED,-0.043766,0.05,0.3,0.45,0.7,0.7,0.8,0.9,0.0,0.5,0.8,0.1,0.04
6,PE_PB,-0.043768,0.15,0.3,0.45,0.6,0.7,0.85,0.9,0.0,0.6,0.0,0.12,0.03
6,PE_PB,-0.043778,0.15,0.2,0.35,0.55,0.65,0.75,0.95,0.0,0.5,0.0,0.08,0.04
6,PE_PB,-0.043779,0.05,0.3,0.35,0.65,0.65,0.8,0.85,0.0,0.5,0.0,0.1,0.05
6,PE_PB,-0.043783,0.15,0.25,0.35,0.55,0.7,0.85,0.9,0.0,0.55,0.0,0.12,0.05
6,PE_FED,-0.043796,0.05,0.15,0.35,0.7,0.75,0.85,0.95,0.5,0.0,0.0,0.08,0.03
6,PE_PB,-0.043803,0.2,0.25,0.3,0.5,0.75,0.85,0.9,0.0,0.65,0.0,0.08,0.04
6,PE_PB,-0.043803,0.2,0.25,0.3,0.5,0.75,0.85,0.9,0.0,0.65,0.0,0.1,0.04
8,PB_FED,-0.043823,0.1,0.15,0.3,0.65,0.7,0.85,0.9,1.0,0.0,0.0,0.08,0.05
6,PE_PB,-0.043826,0.05,0.3,0.35,0.5,0.7,0.8,0.9,0.0,0.6,0.0,0.12,0.04
8,PE_PB_FED,-0.04383,0.2,0.25,0.35,0.7,0.65,0.75,0.85,0.5,0.5,0.7,0.1,0.05
8,PE_FED,-0.043831,0.2,0.3,0.35,0.5,0.7,0.75,0.85,0.5,0.0,0.0,0.06,0.04
6,PE_PB,-0.043835,0.2,0.25,0.4,0.5,0.65,0.75,0.85,0.0,0.55,0.0,0.06,0.03
6,PE_PB_FED,-0.043835,0.2,0.25,0.35,0.55,0.75,0.8,0.85,-0.5,0.6,0.8,0.08,0.05
8,PB_FED,-0.04384,0.15,0.2,0.35,0.55,0.65,0.75,0.95,1.0,0.0,0.0,0.12,0.04
6,PE_PB,-0.043842,0.05,0.2,0.45,0.5,0.65,0.8,0.85,0.0,0.55,0.0,0.12,0.05
8,PE_PB,-0.043845,0.05,0.25,0.3,0.5,0.7,0.85,0.9,0.0,0.55,0.0,0.12,0.03
8,PB_FED,-0.043847,0.05,0.2,0.3,0.7,0.75,0.8,0.95,1.0,0.0,0.0,0.1,0.05
6,PB_FED,-0.043855,0.2,0.25,0.3,0.55,0.75,0.85,0.9,0.5,0.0,0.0,0.06,0.03
8,PE_PB,-0.043856,0.05,0.3,0.45,0.55,0.75,0.85,0.95,0.0,0.5,0.0,0.08,0.05
6,PB_FED,-0.043858,0.2,0.3,0.45,0.7,0.7,0.8,0.85,0.5,0.0,0.0,0.06,0.04
6,PE_PB,-0.043859,0.05,0.25,0.35,0.6,0.75,0.8,0.9,0.0,0.5,0.0,0.06,0.03
6,PE_PB_FED,-0.04386,0.15,0.3,0.4,0.55,0.75,0.85,0.9,0.0,0.65,0.75,0.06,0.03
6,PE_FED,-0.043862,0.15,0.3,0.4,0.5,0.65,0.8,0.85,-0.5,0.0,0.0,0.06,0.04
6,PE_FED,-0.043865,0.2,0.3,0.4,0.5,0.75,0.85,0.9,0.0,0.0,0.0,0.06,0.04
8,PE_PB,-0.043869,0.1,0.3,0.4,0.5,0.7,0.75,0.9,0.0,0.55,0.0,0.12,0.05
8,PB_FED,-0.043871,0.05,0.15,0.45,0.65,0.65,0.8,0.85,1.0,0.0,0.0,0.12,0.03
8,PE_PB_FED,-0.043875,0.05,0.2,0.4,0.6,0.65,0.85,0.9,0.5,0.5,0.8,0.12,0.03
6,PE_PB,-0.043894,0.1,0.25,0.4,0.5,0.7,0.8,0.85,0.0,0.6,0.0,0.06,0.05
6,PE_PB_FED,-0.043895,0.1,0.25,0.35,0.55,0.7,0.75,0.85,-0.5,0.55,0.7,0.06,0.05
6,PE_PB,-0.043897,0.1,0.15,0.35,0.5,0.75,0.8,0.95,0.0,0.5,0.0,0.12,0.03
8,PE_PB,-0.043899,0.2,0.3,0.45,0.55,0.7,0.85,0.95,0.0,0.5,0.0,0.06,0.03
6,PB_FED,-0.043914,0.05,0.15,0.45,0.5,0.7,0.85,0.95,0.5,0.0,0.0,0.12,0.04
6,PE_PB,-0.043921,0.05,0.3,0.45,0.55,0.65,0.85,0.95,0.0,0.55,0.0,0.1,0.04
6,PE_PB,-0.043922,0.1,0.2,0.35,0.55,0.65,0.75,0.95,0.0,0.5,0.0,0.06,0.05
8,PE_PB,-0.043928,0.15,0.25,0.3,0.5,0.65,0.85,0.9,0.0,0.55,0.0,0.1,0.03
8,PE_PB_FED,-0.043928,0.15,0.25,0.4,0.6,0.7,0.85,0.95,0.5,0.5,0.8,0.12,0.04
6,PB_FED,-0.043945,0.1,0.3,0.45,0.55,0.75,0.8,0.95,0.5,0.0,0.0,0.08,0.03
8,PB_FED,-0.043948,0.05,0.2,0.3,0.65,0.75,0.8,0.95,1.0,0.0,0.0,0.08,0.04
8,PB_FED,-0.043953,0.05,0.2,0.35,0.65,0.7,0.75,0.85,1.0,0.0,0.0,0.06,0.04
6,PE_PB_FED,-0.04396,0.05,0.25,0.4,0.65,0.65,0.85,0.9,0.0,0.5,0.7,0.06,0.03
6,PB_FED,-0.043961,0.05,0.25,0.4,0.5,0.7,0.75,0.95,0.5,0.0,0.0,0.08,0.03
8,PE_FED,-0.043963,0.05,0.15,0.4,0.7,0.65,0.75,0.95,1.0,0.0,0.0,0.06,0.04
6,PE_PB_FED,-0.043969,0.1,0.25,0.3,0.5,0.65,0.85,0.95,-0.5,0.55,0.8,0.06,0.03
6,PE_PB,-0.043974,0.05,0.25,0.45,0.5,0.65,0.85,0.9,0.0,0.65,0.0,0.08,0.05
6,PE_PB,-0.043977,0.15,0.3,0.45,0.7,0.65,0.85,0.9,0.0,0.5,0.0,0.06,0.05
6,PB_FED,-0.043982,0.15,0.2,0.3,0.5,0.7,0.85,0.95,0.5,0.0,0.0,0.1,0.03
8,PE_PB_FED,-0.043982,0.05,0.25,0.3,0.5,0.65,0.85,0.95,0.5,0.55,0.8,0.06,0.03
6,PB_FED,-0.043983,0.2,0.25,0.45,0.7,0.75,0.85,0.95,0.5,0.0,0.0,0.12,0.04
6,PE_PB_FED,-0.043986,0.05,0.25,0.3,0.6,0.65,0.8,0.85,-0.5,0.5,0.8,0.12,0.04
6,PE_PB_FED,-0.043991,0.05,0.3,0.4,0.5,0.65,0.8,0.95,0.0,0.65,0.7,0.06,0.04
8,PE_FED,-0.043991,0.1,0.15,0.3,0.55,0.7,0.75,0.95,1.0,0.0,0.0,0.1,0.03
6,PE_PB_FED,-0.043996,0.1,0.3,0.4,0.6,0.7,0.75,0.85,-0.5,0.55,0.7,0.1,0.03
8,PE_PB,-0.043997,0.2,0.3,0.35,0.6,0.7,0.8,0.85,0.0,0.5,0.0,0.1,0.04
8,PE_PB,-0.043997,0.2,0.3,0.35,0.6,0.75,0.8,0.85,0.0,0.5,0.0,0.12,0.04
8,PB_FED,-0.043999,0.05,0.2,0.35,0.6,0.65,0.75,0.95,1.0,0.0,0.0,0.08,0.04
8,PB_FED,-0.044,0.05,0.15,0.3,0.65,0.7,0.85,0.95,1.0,0.0,0.0,0.06,0.04
6,PE_FED,-0.044001,0.1,0.15,0.35,0.7,0.7,0.85,0.95,0.5,0.0,0.0,0.08,0.04
8,PB_FED,-0.044007,0.1,0.2,0.4,0.7,0.7,0.8,0.9,1.0,0.0,0.0,0.08,0.04
6,PE_PB_FED,-0.044014,0.15,0.3,0.45,0.55,0.65,0.85,0.95,0.0,0.6,0.75,0.08,0.05
8,PE_PB,-0.044023,0.05,0.25,0.45,0.5,0.75,0.85,0.95,0.0,0.5,0.0,0.1,0.05
6,PE_FED,-0.044028,0.15,0.3,0.35,0.5,0.7,0.85,0.9,-0.5,0.0,0.0,0.1,0.04
6,PB_FED,-0.04403,0.05,0.2,0.4,0.55,0.7,0.8,0.85,0.5,0.0,0.0,0.06,0.05
6,PE_PB_FED,-0.044033,0.15,0.2,0.3,0.5,0.75,0.85,0.9,-0.5,0.6,0.75,0.12,0.05
8,PE_PB,-0.044036,0.2,0.25,0.45,0.5,0.7,0.75,0.85,0.0,0.55,0.0,0.08,0.04
8,PB_FED,-0.044042,0.15,0.2,0.45,0.6,0.7,0.8,0.95,1.0,0.0,0.0,0.06,0.03
8,PB_FED,-0.044042,0.15,0.2,0.45,0.6,0.75,0.8,0.95,1.0,0.0,0.0,0.1,0.03
8,PE_PB_FED,-0.044048,0.15,0.3,0.45,0.5,0.7,0.75,0.95,0.5,0.55,0.8,0.1,0.04
6,PE_PB_FED,-0.044059,0.15,0.3,0.35,0.55,0.65,0.8,0.85,-0.5,0.65,0.75,0.06,0.05
6,PE_FED,-0.04406,0.1,0.15,0.3,0.65,0.7,0.75,0.9,0.5,0.0,0.0,0.06,0.05
6,PE_PB,-0.044061,0.15,0.25,0.35,0.6,0.65,0.75,0.95,0.0,0.5,0.0,0.08,0.05
8,PE_PB,-0.04407,0.1,0.25,0.45,0.5,0.65,0.8,0.9,0.0,0.5,0.0,0.06,0.04
6,PE_PB,-0.044073,0.1,0.25,0.45,0.5,0.75,0.85,0.95,0.0,0.55,0.0,0.06,0.05
6,PE_PB_FED,-0.044094,0.2,0.3,0.35,0.65,0.7,0.85,0.95,0.0,0.5,0.75,0.06,0.05
6,PE_PB,-0.044095,0.15,0.25,0.4,0.6,0.7,0.75,0.95,0.0,0.5,0.0,0.06,0.05
6,PE_PB_FED,-0.044095,0.1,0.25,0.4,0.55,0.7,0.75,0.85,0.0,0.55,0.7,0.08,0.05
6,PE_PB,-0.044099,0.1,0.2,0.45,0.6,0.65,0.75,0.9,0.0,0.5,0.0,0.06,0.03
6,PB_FED,-0.044099,0.1,0.25,0.4,0.55,0.65,0.8,0.9,0.5,0.0,0.0,0.06,0.05
6,PE_PB_FED,-0.044104,0.05,0.15,0.3,0.5,0.7,0.75,0.85,-0.5,0.5,0.75,0.1,0.05
6,PE_PB,-0.044117,0.05,0.2,0.45,0.55,0.65,0.8,0.9,0.0,0.5,0.0,0.06,0.03
8,PE_PB,-0.044119,0.2,0.3,0.45,0.6,0.7,0.8,0.85,0.0,0.5,0.0,0.12,0.03
8,PE_PB_FED,-0.044122,0.2,0.25,0.45,0.55,0.7,0.85,0.95,0.5,0.55,0.7,0.06,0.03
6,PB_FED,-0.044128,0.15,0.3,0.4,0.65,0.7,0.8,0.95,0.5,0.0,0.0,0.08,0.04
6,PE_PB,-0.044129,0.05,0.25,0.4,0.55,0.75,0.8,0.95,0.0,0.5,0.0,0.06,0.05
6,PB_FED,-0.04413,0.15,0.25,0.35,0.55,0.7,0.8,0.95,0.5,0.0,0.0,0.12,0.05
6,PE_PB,-0.044133,0.15,0.3,0.35,0.5,0.65,0.85,0.95,0.0,0.55,0.0,0.1,0.03
6,PE_PB_FED,-0.044137,0.15,0.2,0.3,0.5,0.75,0.85,0.9,-0.5,0.55,0.8,0.1,0.03
6,PE_PB_FED,-0.044142,0.15,0.25,0.3,0.55,0.7,0.75,0.85,0.0,0.5,0.7,0.06,0.03
6,PE_PB_FED,-0.044145,0.2,0.25,0.4,0.5,0.65,0.75,0.85,0.0,0.6,0.8,0.12,0.03
6,PE_PB,-0.04415,0.1,0.25,0.45,0.5,0.65,0.85,0.9,0.0,0.65,0.0,0.12,0.05
6,PB_FED,-0.044163,0.15,0.3,0.45,0.55,0.7,0.8,0.95,0.5,0.0,0.0,0.12,0.03
6,PE_PB,-0.044165,0.05,0.3,0.4,0.6,0.65,0.85,0.9,0.0,0.6,0.0,0.12,0.05
6,PE_PB,-0.044165,0.2,0.3,0.35,0.6,0.65,0.85,0.9,0.0,0.6,0.0,0.1,0.03
6,PE_PB,-0.044169,0.15,0.25,0.3,0.6,0.75,0.8,0.85,0.0,0.5,0.0,0.08,0.05
8,PB_FED,-0.044169,0.1,0.15,0.35,0.55,0.75,0.8,0.95,1.0,0.0,0.0,0.12,0.05
8,PE_PB,-0.044179,0.05,0.2,0.4,0.5,0.65,0.85,0.9,0.0,0.5,0.0,0.1,0.05
8,PB_FED,-0.044179,0.1,0.15,0.4,0.7,0.65,0.85,0.95,1.0,0.0,0.0,0.08,0.05
6,PE_PB,-0.044181,0.05,0.3,0.45,0.65,0.65,0.8,0.85,0.0,0.5,0.0,0.1,0.05
6,PB_FED,-0.044182,0.05,0.3,0.4,0.7,0.75,0.85,0.9,0.5,0.0,0.0,0.1,0.03
8,PB_FED,-0.044187,0.1,0.25,0.35,0.7,0.75,0.8,0.9,1.0,0.0,0.0,0.06,0.03
6,PE_PB,-0.044189,0.2,0.3,0.35,0.5,0.75,0.8,0.95,0.0,0.55,0.0,0.08,0.05
8,PB_FED,-0.044189,0.05,0.25,0.3,0.7,0.65,0.8,0.9,1.0,0.0,0.0,0.08,0.03
6,PE_PB,-0.04419,0.1,0.15,0.45,0.6,0.75,0.85,0.9,0.0,0.5,0.0,0.06,0.04
6,PE_PB,-0.04419,0.2,0.25,0.3,0.5,0.7,0.75,0.85,0.0,0.55,0.0,0.12,0.04
6,PE_FED,-0.044194,0.1,0.15,0.45,0.6,0.7,0.75,0.95,0.5,0.0,0.0,0.12,0.03
6,PE_PB_FED,-0.044197,0.15,0.2,0.4,0.5,0.75,0.8,0.85,-0.5,0.55,0.75,0.1,0.04
6,PE_PB,-0.044198,0.2,0.3,0.45,0.5,0.65,0.85,0.95,0.0,0.65,0.0,0.12,0.04
6,PE_PB_FED,-0.044198,0.2,0.25,0.4,0.55,0.7,0.75,0.9,-0.5,0.5,0.8,0.06,0.04
8,PB_FED,-0.044204,0.1,0.25,0.4,0.6,0.7,0.75,0.95,1.0,0.0,0.0,0.1,0.05
8,PE_PB,-0.044207,0.2,0.25,0.45,0.5,0.75,0.85,0.95,0.0,0.55,0.0,0.1,0.04
6,PE_FED,-0.044215,0.1,0.15,0.45,0.7,0.7,0.8,0.9,0.5,0.0,0.0,0.06,0.03
6,PE_PB_FED,-0.044217,0.15,0.25,0.45,0.55,0.7,0.8,0.9,0.0,0.5,0.7,0.12,0.03
6,PE_FED,-0.044218,0.05,0.3,0.4,0.5,0.7,0.8,0.85,-0.5,0.0,0.0,0.06,0.03
6,PB_FED,-0.044222,0.15,0.3,0.4,0.7,0.75,0.8,0.95,0.5,0.0,0.0,0.08,0.05
8,PE_PB_FED,-0.044223,0.2,0.3,0.4,0.55,0.65,0.75,0.85,0.5,0.65,0.7,0.12,0.05
8,PB_FED,-0.044229,0.15,0.2,0.4,0.7,0.65,0.8,0.85,1.0,0.0,0.0,0.1,0.04
8,PB_FED,-0.04423,0.05,0.15,0.4,0.6,0.7,0.8,0.9,1.0,0.0,0.0,0.08,0.04
8,PE_FED,-0.044231,0.05,0.15,0.35,0.65,0.7,0.75,0.95,1.0,0.0,0.0,0.06,0.05
6,PE_PB,-0.044237,0.1,0.25,0.3,0.6,0.7,0.8,0.85,0.0,0.5,0.0,0.08,0.05
6,PE_PB_FED,-0.044241,0.1,0.25,0.3,0.65,0.75,0.85,0.9,0.0,0.5,0.8,0.08,0.05
6,PE_PB,-0.044244,0.2,0.3,0.35,0.6,0.75,0.85,0.9,0.0,0.6,0.0,0.08,0.04
6,PE_PB_FED,-0.044244,0.05,0.3,0.45,0.6,0.75,0.85,0.95,-0.5,0.55,0.7,0.06,0.05
6,PE_PB,-0.044253,0.15,0.25,0.4,0.55,0.7,0.8,0.95,0.0,0.5,0.0,0.1,0.04
6,PE_PB_FED,-0.044264,0.15,0.3,0.4,0.5,0.75,0.8,0.95,0.0,0.55,0.7,0.06,0.03
8,PB_FED,-0.044271,0.1,0.3,0.35,0.7,0.7,0.75,0.95,1.0,0.0,0.0,0.08,0.03
8,PB_FED,-0.044272,0.1,0.2,0.45,0.6,0.7,0.8,0.95,1.0,0.0,0.0,0.1,0.03
8,PB_FED,-0.044272,0.1,0.2,0.4,0.65,0.75,0.8,0.9,1.0,0.0,0.0,0.12,0.04
6,PE_PB,-0.044276,0.2,0.3,0.45,0.55,0.7,0.8,0.85,0.0,0.6,0.0,0.08,0.05
6,PB_FED,-0.044277,0.05,0.25,0.4,0.55,0.75,0.8,0.85,0.5,0.0,0.0,0.12,0.04
6,PE_PB,-0.044284,0.15,0.2,0.3,0.55,0.65,0.8,0.9,0.0,0.5,0.0,0.12,0.04
6,PE_PB,-0.044286,0.05,0.3,0.45,0.5,0.7,0.8,0.85,0.0,0.65,0.0,0.08,0.03
6,PE_PB_FED,-0.044287,0.15,0.3,0.35,0.55,0.7,0.75,0.95,-0.5,0.5,0.75,0.06,0.04
8,PE_PB,-0.044287,0.15,0.25,0.35,0.5,0.7,0.85,0.9,0.0,0.55,0.0,0.1,0.04
6,PE_PB,-0.044288,0.2,0.3,0.4,0.5,0.65,0.75,0.9,0.0,0.6,0.0,0.08,0.05
8,PB_FED,-0.044288,0.15,0.25,0.4,0.65,0.75,0.8,0.95,1.0,0.0,0.0,0.08,0.03
6,PE_PB,-0.044299,0.1,0.3,0.45,0.55,0.75,0.85,0.9,0.0,0.6,0.0,0.1,0.05
8,PE_PB_FED,-0.044299,0.15,0.3,0.35,0.55,0.75,0.8,0.85,0.5,0.65,0.8,0.08,0.05
8,PE_PB_FED,-0.044303,0.05,0.3,0.45,0.55,0.75,0.8,0.9,0.5,0.65,0.8,0.06,0.05
8,PE_FED,-0.044309,0.1,0.15,0.4,0.7,0.65,0.75,0.95,1.0,0.0,0.0,0.06,0.05
6,PE_PB,-0.04431,0.2,0.3,0.4,0.5,0.75,0.8,0.9,0.0,0.65,0.0,0.12,0.05
8,PB_FED,-0.044316,0.1,0.15,0.4,0.55,0.7,0.75,0.85,1.0,0.0,0.0,0.06,0.05
6,PE_FED,-0.044345,0.1,0.15,0.45,0.65,0.65,0.75,0.9,0.5,0.0,0.0,0.06,0.04
8,PE_FED,-0.044345,0.05,0.15,0.45,0.65,0.65,0.75,0.95,1.0,0.0,0.0,0.12,0.04
6,PE_PB_FED,-0.044346,0.05,0.3,0.35,0.6,0.7,0.75,0.9,0.0,0.5,0.8,0.12,0.03
6,PB_FED,-0.044349,0.2,0.25,0.3,0.55,0.7,0.8,0.95,0.5,0.0,0.0,0.12,0.05
8,PE_PB_FED,-0.044354,0.15,0.25,0.4,0.5,0.75,0.8,0.85,0.5,0.6,0.8,0.1,0.03
8,PE_PB_FED,-0.04436,0.05,0.15,0.45,0.5,0.65,0.8,0.85,0.5,0.55,0.7,0.06,0.05
6,PE_PB_FED,-0.044361,0.15,0.3,0.4,0.6,0.65,0.75,0.9,0.0,0.5,0.8,0.06,0.04
6,PE_FED,-0.044362,0.05,0.3,0.4,0.5,0.75,0.85,0.9,0.0,0.0,0.0,0.06,0.03
8,PB_FED,-0.044365,0.1,0.25,0.35,0.65,0.7,0.75,0.85,1.0,0.0,0.0,0.12,0.04
6,PE_FED,-0.044366,0.05,0.3,0.35,0.5,0.65,0.85,0.9,-0.5,0.0,0.0,0.1,0.03
6,PB_FED,-0.044366,0.1,0.3,0.4,0.55,0.65,0.75,0.9,0.5,0.0,0.0,0.1,0.05
6,PE_PB_FED,-0.044371,0.05,0.2,0.3,0.5,0.65,0.85,0.9,-0.5,0.55,0.75,0.08,0.04
6,PE_PB_FED,-0.044373,0.1,0.2,0.45,0.5,0.65,0.8,0.85,-0.5,0.6,0.75,0.12,0.05
6,PE_PB_FED,-0.044376,0.15,0.3,0.35,0.5,0.7,0.75,0.9,0.0,0.65,0.7,0.08,0.05
6,PB_FED,-0.044376,0.15,0.3,0.35,0.55,0.7,0.8,0.9,0.5,0.0,0.0,0.08,0.03
6,PE_PB_FED,-0.044377,0.15,0.25,0.45,0.5,0.7,0.75,0.95,0.0,0.5,0.8,0.06,0.05
6,PE_PB,-0.044379,0.1,0.15,0.4,0.55,0.65,0.75,0.85,0.0,0.5,0.0,0.08,0.03
8,PB_FED,-0.044381,0.15,0.2,0.4,0.7,0.75,0.85,0.95,1.0,0.0,0.0,0.08,0.03
6,PE_PB_FED,-0.044387,0.1,0.25,0.4,0.55,0.7,0.85,0.9,-0.5,0.55,0.75,0.12,0.04
6,PE_FED,-0.044394,0.1,0.15,0.35,0.65,0.75,0.85,0.95,0.5,0.0,0.0,0.08,0.04
6,PE_PB_FED,-0.044395,0.15,0.2,0.45,0.5,0.7,0.75,0.9,-0.5,0.5,0.75,0.1,0.05
6,PE_PB,-0.044398,0.1,0.15,0.4,0.55,0.7,0.75,0.9,0.0,0.5,0.0,0.06,0.05
6,PB_FED,-0.044399,0.1,0.2,0.3,0.5,0.75,0.85,0.95,0.5,0.0,0.0,0.06,0.05
8,PE_PB_FED,-0.044401,0.2,0.3,0.35,0.5,0.75,0.8,0.85,-0.5,0.5,0.7,0.06,0.03
8,PB_FED,-0.044408,0.05,0.2,0.3,0.7,0.7,0.85,0.95,1.0,0.0,0.0,0.12,0.03
8,PE_PB,-0.04441,0.2,0.3,0.4,0.55,0.75,0.85,0.95,0.0,0.5,0.0,0.06,0.05
8,PB_FED,-0.044412,0.15,0.2,0.35,0.65,0.75,0.8,0.85,1.0,0.0,0.0,0.06,0.04
6,PE_PB,-0.044417,0.15,0.2,0.35,0.55,0.7,0.75,0.9,0.0,0.5,0.0,0.1,0.03
6,PE_FED,-0.044417,0.1,0.2,0.3,0.7,0.75,0.8,0.95,0.5,0.0,0.0,0.12,0.04
8,PE_FED,-0.044419,0.05,0.15,0.45,0.65,0.65,0.75,0.95,1.0,0.0,0.0,0.12,0.05
8,PE_PB_FED,-0.044421,0.15,0.3,0.35,0.5,0.65,0.75,0.95,0.5,0.5,0.7,0.06,0.04
8,PE_PB_FED,-0.044427,0.15,0.25,0.4,0.55,0.7,0.8,0.85,0.5,0.55,0.8,0.06,0.04
8,PE_PB,-0.04443,0.15,0.3,0.4,0.5,0.7,0.8,0.85,0.0,0.6,0.0,0.12,0.04
8,PE_PB,-0.044433,0.05,0.3,0.35,0.5,0.65,0.75,0.85,0.0,0.5,0.0,0.06,0.03
8,PB_FED,-0.044438,0.15,0.25,0.45,0.55,0.65,0.75,0.9,1.0,0.0,0.0,0.06,0.03
6,PE_PB,-0.044448,0.2,0.25,0.35,0.5,0.65,0.85,0.9,0.0,0.65,0.0,0.12,0.05
8,PB_FED,-0.044453,0.05,0.2,0.4,0.7,0.75,0.8,0.85,1.0,0.0,0.0,0.08,0.03
6,PE_PB,-0.044454,0.1,0.15,0.45,0.5,0.7,0.8,0.95,0.0,0.5,0.0,0.12,0.03
6,PE_PB,-0.044454,0.1,0.15,0.45,0.5,0.7,0.8,0.95,0.0,0.5,0.0,0.06,0.03
8,PE_PB,-0.044458,0.05,0.3,0.35,0.5,0.7,0.85,0.95,0.0,0.55,0.0,0.08,0.05
8,PE_PB,-0.04446,0.2,0.25,0.4,0.5,0.7,0.85,0.9,0.0,0.6,0.0,0.1,0.04
8,PE_PB,-0.044465,0.2,0.25,0.4,0.5,0.7,0.75,0.85,0.0,0.5,0.0,0.08,0.04
6,PE_FED,-0.044467,0.05,0.2,0.35,0.7,0.65,0.75,0.95,0.5,0.0,0.0,0.1,0.03
8,PE_PB,-0.044472,0.15,0.2,0.45,0.5,0.75,0.85,0.9,0.0,0.5,0.0,0.12,0.04
6,PE_FED,-0.044487,0.1,0.15,0.35,0.55,0.75,0.8,0.95,0.5,0.0,0.0,0.1,0.03
6,PB_FED,-0.044496,0.1,0.25,0.45,0.5,0.7,0.8,0.9,0.5,0.0,0.0,0.12,0.05
6,PE_PB,-0.044498,0.15,0.2,0.35,0.6,0.7,0.75,0.9,0.0,0.5,0.0,0.1,0.05
6,PB_FED,-0.044508,0.2,0.25,0.4,0.6,0.65,0.8,0.95,0.5,0.0,0.0,0.12,0.05
6,PE_PB,-0.044511,0.15,0.2,0.4,0.55,0.75,0.85,0.95,0.0,0.5,0.0,0.08,0.05
6,PE_PB_FED,-0.044512,0.1,0.3,0.45,0.6,0.65,0.85,0.9,-0.5,0.6,0.75,0.1,0.05
6,PE_PB_FED,-0.044519,0.15,0.3,0.45,0.55,0.7,0.75,0.85,-0.5,0.6,0.8,0.12,0.04
6,PE_PB,-0.044521,0.05,0.25,0.45,0.55,0.75,0.8,0.95,0.0,0.5,0.0,0.1,0.05
8,PE_PB_FED,-0.044521,0.2,0.25,0.45,0.5,0.65,0.75,0.9,0.5,0.55,0.75,0.08,0.04
6,PE_PB,-0.044528,0.2,0.3,0.35,0.5,0.75,0.8,0.85,0.0,0.65,0.0,0.06,0.03
6,PE_PB,-0.044531,0.1,0.3,0.35,0.5,0.65,0.75,0.85,0.0,0.55,0.0,0.06,0.03
6,PE_PB_FED,-0.044531,0.15,0.3,0.45,0.55,0.65,0.8,0.85,0.0,0.65,0.75,0.06,0.05
6,PE_FED,-0.044538,0.1,0.15,0.4,0.7,0.7,0.75,0.85,0.5,0.0,0.0,0.1,0.03
8,PE_PB,-0.044539,0.1,0.3,0.4,0.55,0.7,0.85,0.9,0.0,0.55,0.0,0.12,0.05
8,PB_FED,-0.044546,0.05,0.2,0.35,0.55,0.7,0.75,0.85,1.0,0.0,0.0,0.1,0.03
8,PE_PB_FED,-0.044564,0.2,0.25,0.45,0.5,0.7,0.8,0.95,0.5,0.55,0.75,0.12,0.05
8,PE_PB_FED,-0.044568,0.05,0.3,0.45,0.7,0.7,0.75,0.85,0.5,0.5,0.7,0.1,0.04
6,PE_PB_FED,-0.04457,0.15,0.3,0.4,0.6,0.7,0.8,0.85,0.0,0.55,0.7,0.1,0.04
6,PB_FED,-0.044573,0.15,0.3,0.45,0.55,0.7,0.85,0.9,0.5,0.0,0.0,0.12,0.03
6,PB_FED,-0.044574,0.2,0.25,0.3,0.55,0.7,0.8,0.85,0.5,0.0,0.0,0.08,0.05
8,PE_PB,-0.044574,0.2,0.3,0.4,0.5,0.7,0.8,0.95,0.0,0.5,0.0,0.1,0.05
6,PE_PB_FED,-0.044585,0.05,0.3,0.45,0.65,0.7,0.85,0.9,0.0,0.55,0.7,0.06,0.03
8,PB_FED,-0.044589,0.15,0.2,0.4,0.5,0.7,0.75,0.95,1.0,0.0,0.0,0.1,0.04
6,PE_PB,-0.044595,0.2,0.3,0.4,0.65,0.7,0.8,0.85,0.0,0.5,0.0,0.1,0.05
8,PE_PB_FED,-0.044596,0.2,0.3,0.4,0.65,0.7,0.8,0.9,0.5,0.5,0.8,0.12,0.03
8,PB_FED,-0.044604,0.1,0.2,0.45,0.5,0.7,0.75,0.9,1.0,0.0,0.0,0.1,0.03
8,PE_PB_FED,-0.044608,0.2,0.3,0.35,0.55,0.7,0.75,0.85,0.5,0.6,0.8,0.12,0.04
6,PE_PB,-0.044609,0.1,0.2,0.35,0.6,0.7,0.75,0.9,0.0,0.5,0.0,0.1,0.05
8,PE_PB,-0.044615,0.15,0.3,0.35,0.5,0.65,0.75,0.85,0.0,0.55,0.0,0.08,0.05
8,PE_PB,-0.044617,0.2,0.3,0.35,0.55,0.75,0.85,0.9,0.0,0.55,0.0,0.1,0.04
8,PB_FED,-0.04462,0.1,0.3,0.4,0.7,0.65,0.75,0.9,1.0,0.0,0.0,0.08,0.03
8,PB_FED,-0.04462,0.1,0.3,0.4,0.7,0.65,0.75,0.9,1.0,0.0,0.0,0.1,0.03
8,PE_FED,-0.044621,0.15,0.3,0.35,0.5,0.75,0.8,0.85,0.5,0.0,0.0,0.1,0.05
6,PE_PB,-0.044625,0.2,0.3,0.4,0.55,0.75,0.8,0.85,0.0,0.55,0.0,0.1,0.03
8,PB_FED,-0.04463,0.05,0.2,0.4,0.55,0.65,0.75,0.95,1.0,0.0,0.0,0.12,0.05
6,PE_PB_FED,-0.044635,0.1,0.2,0.4,0.5,0.65,0.8,0.85,0.0,0.5,0.7,0.1,0.05
8,PB_FED,-0.044636,0.05,0.15,0.4,0.65,0.65,0.85,0.95,1.0,0.0,0.0,0.1,0.03
6,PE_PB,-0.044649,0.15,0.25,0.4,0.6,0.7,0.85,0.95,0.0,0.5,0.0,0.08,0.05
6,PB_FED,-0.044649,0.05,0.25,0.3,0.5,0.7,0.8,0.95,0.5,0.0,0.0,0.12,0.05
6,PB_FED,-0.044649,0.15,0.25,0.45,0.5,0.7,0.8,0.85,0.5,0.0,0.0,0.12,0.04
8,PE_PB,-0.044649,0.2,0.3,0.4,0.5,0.7,0.85,0.9,0.0,0.65,0.0,0.06,0.03
6,PE_PB,-0.04465,0.2,0.3,0.35,0.5,0.65,0.75,0.9,0.0,0.55,0.0,0.06,0.04
6,PE_PB,-0.044654,0.05,0.25,0.4,0.55,0.7,0.8,0.85,0.0,0.5,0.0,0.08,0.04
6,PE_PB,-0.044661,0.2,0.3,0.45,0.65,0.75,0.8,0.9,0.0,0.5,0.0,0.08,0.05
8,PE_PB_FED,-0.044671,0.05,0.3,0.4,0.55,0.7,0.85,0.95,0.5,0.6,0.7,0.06,0.05
6,PE_PB_FED,-0.044681,0.15,0.3,0.4,0.55,0.7,0.8,0.85,-0.5,0.6,0.75,0.08,0.04
6,PB_FED,-0.044683,0.15,0.2,0.4,0.55,0.7,0.85,0.95,0.5,0.0,0.0,0.06,0.04
6,PE_PB,-0.044688,0.2,0.3,0.45,0.5,0.65,0.75,0.9,0.0,0.55,0.0,0.06,0.03
6,PE_PB,-0.044694,0.2,0.3,0.45,0.5,0.75,0.8,0.9,0.0,0.65,0.0,0.08,0.05
8,PE_FED,-0.044703,0.1,0.3,0.4,0.5,0.7,0.85,0.9,0.5,0.0,0.0,0.08,0.03
6,PE_FED,-0.044705,0.1,0.2,0.35,0.7,0.65,0.8,0.95,0.5,0.0,0.0,0.08,0.04
6,PE_PB,-0.044709,0.05,0.2,0.45,0.55,0.7,0.75,0.9,0.0,0.5,0.0,0.08,0.03
8,PB_FED,-0.044711,0.05,0.2,0.35,0.7,0.65,0.8,0.9,1.0,0.0,0.0,0.12,0.04
6,PE_PB_FED,-0.044716,0.1,0.2,0.35,0.5,0.75,0.8,0.9,-0.5,0.5,0.8,0.06,0.05
6,PE_PB,-0.044717,0.1,0.15,0.45,0.5,0.7,0.75,0.95,0.0,0.5,0.0,0.06,0.04
6,PB_FED,-0.044723,0.05,0.3,0.35,0.7,0.75,0.85,0.9,0.5,0.0,0.0,0.06,0.05
8,PE_PB,-0.044725,0.05,0.3,0.45,0.5,0.7,0.8,0.85,0.0,0.6,0.0,0.1,0.03
6,PE_PB_FED,-0.044736,0.1,0.25,0.45,0.5,0.7,0.8,0.9,-0.5,0.55,0.8,0.06,0.03
8,PE_FED,-0.044736,0.05,0.3,0.45,0.55,0.7,0.85,0.9,0.5,0.0,0.0,0.1,0.05
6,PE_PB,-0.044741,0.1,0.2,0.3,0.6,0.65,0.85,0.9,0.0,0.5,0.0,0.12,0.04
6,PE_PB_FED,-0.044742,0.1,0.25,0.35,0.6,0.75,0.85,0.9,0.0,0.5,0.7,0.1,0.03
6,PB_FED,-0.044745,0.15,0.25,0.35,0.55,0.75,0.85,0.9,0.5,0.0,0.0,0.08,0.05
8,PB_FED,-0.044745,0.05,0.2,0.35,0.7,0.75,0.8,0.95,1.0,0.0,0.0,0.12,0.05
6,PB_FED,-0.044746,0.1,0.3,0.35,0.6,0.75,0.85,0.9,0.5,0.0,0.0,0.06,0.04
6,PE_PB,-0.044751,0.05,0.15,0.45,0.55,0.7,0.85,0.9,0.0,0.5,0.0,0.1,0.03
8,PE_PB_FED,-0.044755,0.2,0.3,0.4,0.7,0.7,0.85,0.95,0.5,0.5,0.7,0.12,0.05
6,PE_PB_FED,-0.044756,0.15,0.3,0.4,0.55,0.75,0.85,0.9,0.0,0.6,0.8,0.1,0.03
8,PE_PB,-0.044757,0.2,0.3,0.4,0.5,0.7,0.85,0.9,0.0,0.65,0.0,0.12,0.04
8,PE_PB,-0.044758,0.15,0.3,0.4,0.5,0.7,0.75,0.85,0.0,0.5,0.0,0.08,0.03
8,PE_PB,-0.044759,0.1,0.2,0.4,0.5,0.7,0.85,0.9,0.0,0.5,0.0,0.08,0.05
6,PE_FED,-0.044766,0.15,0.25,0.3,0.7,0.65,0.75,0.95,0.5,0.0,0.0,0.1,0.03
6,PE_PB_FED,-0.044772,0.05,0.2,0.35,0.5,0.65,0.8,0.85,0.0,0.5,0.8,0.08,0.05
8,PB_FED,-0.044776,0.15,0.2,0.3,0.55,0.7,0.8,0.9,1.0,0.0,0.0,0.06,0.04
8,PB_FED,-0.04478,0.05,0.2,0.4,0.7,0.65,0.8,0.85,1.0,0.0,0.0,0.12,0.03
6,PB_FED,-0.044793,0.05,0.2,0.45,0.5,0.7,0.85,0.9,0.5,0.0,0.0,0.08,0.05
6,PE_PB,-0.044795,0.1,0.15,0.4,0.55,0.75,0.85,0.9,0.0,0.5,0.0,0.1,0.04
6,PE_PB_FED,-0.044797,0.15,0.2,0.3,0.5,0.7,0.75,0.85,-0.5,0.5,0.8,0.08,0.05
6,PE_PB,-0.044805,0.2,0.25,0.4,0.5,0.7,0.75,0.85,0.0,0.55,0.0,0.08,0.05
6,PE_PB,-0.044817,0.2,0.3,0.4,0.65,0.7,0.85,0.9,0.0,0.5,0.0,0.1,0.03
6,PB_FED,-0.044817,0.05,0.3,0.4,0.65,0.65,0.8,0.85,0.5,0.0,0.0,0.1,0.05
6,PB_FED,-0.044821,0.1,0.2,0.4,0.5,0.65,0.8,0.95,0.5,0.0,0.0,0.12,0.05
6,PB_FED,-0.04483,0.15,0.3,0.4,0.7,0.7,0.85,0.9,0.5,0.0,0.0,0.08,0.05
8,PE_PB_FED,-0.04483,0.1,0.25,0.35,0.5,0.75,0.85,0.95,0.5,0.55,0.7,0.1,0.04
8,PB_FED,-0.044849,0.15,0.3,0.35,0.6,0.7,0.75,0.95,1.0,0.0,0.0,0.08,0.03
8,PB_FED,-0.044865,0.05,0.2,0.4,0.6,0.75,0.8,0.9,1.0,0.0,0.0,0.1,0.03
6,PB_FED,-0.044866,0.15,0.3,0.35,0.55,0.7,0.8,0.85,0.5,0.0,0.0,0.12,0.03
6,PE_PB_FED,-0.044869,0.05,0.25,0.35,0.5,0.7,0.75,0.9,0.0,0.55,0.8,0.1,0.05
6,PE_PB,-0.044871,0.05,0.15,0.35,0.55,0.75,0.85,0.9,0.0,0.5,0.0,0.1,0.05
6,PE_PB,-0.044872,0.1,0.15,0.35,0.5,0.65,0.75,0.9,0.0,0.5,0.0,0.08,0.03
8,PE_PB,-0.044872,0.15,0.25,0.35,0.5,0.65,0.85,0.9,0.0,0.55,0.0,0.12,0.05
6,PB_FED,-0.04488,0.1,0.3,0.35,0.6,0.65,0.85,0.9,0.5,0.0,0.0,0.06,0.05
6,PB_FED,-0.044884,0.2,0.3,0.35,0.65,0.65,0.85,0.9,0.5,0.0,0.0,0.08,0.04
6,PB_FED,-0.044892,0.05,0.3,0.4,0.6,0.7,0.8,0.85,0.5,0.0,0.0,0.1,0.04
6,PE_PB,-0.044899,0.05,0.25,0.45,0.6,0.65,0.85,0.95,0.0,0.5,0.0,0.08,0.05
8,PB_FED,-0.044904,0.1,0.25,0.3,0.7,0.75,0.85,0.9,1.0,0.0,0.0,0.06,0.03
6,PB_FED,-0.044914,0.1,0.3,0.4,0.5,0.7,0.75,0.9,0.5,0.0,0.0,0.08,0.03
8,PE_PB_FED,-0.044914,0.05,0.25,0.4,0.55,0.75,0.85,0.95,0.5,0.5,0.8,0.1,0.04
8,PB_FED,-0.044918,0.05,0.15,0.35,0.55,0.65,0.75,0.85,1.0,0.0,0.0,0.08,0.05
6,PE_PB,-0.044919,0.15,0.2,0.45,0.55,0.65,0.85,0.95,0.0,0.5,0.0,0.1,0.04
8,PB_FED,-0.044921,0.05,0.15,0.4,0.55,0.7,0.8,0.95,1.0,0.0,0.0,0.08,0.04
8,PB_FED,-0.044923,0.1,0.15,0.45,0.65,0.75,0.85,0.9,1.0,0.0,0.0,0.12,0.04
8,PE_PB_FED,-0.044933,0.1,0.15,0.3,0.7,0.65,0.75,0.95,1.0,0.55,0.7,0.12,0.03
6,PE_PB_FED,-0.044935,0.15,0.25,0.45,0.5,0.65,0.75,0.9,-0.5,0.5,0.7,0.1,0.03
6,PE_PB,-0.044936,0.15,0.2,0.45,0.55,0.7,0.85,0.95,0.0,0.5,0.0,0.1,0.05
8,PE_PB_FED,-0.044937,0.15,0.25,0.4,0.5,0.7,0.85,0.9,0.5,0.65,0.75,0.06,0.05
6,PB_FED,-0.044938,0.15,0.3,0.45,0.5,0.7,0.75,0.95,0.5,0.0,0.0,0.12,0.04
8,PE_PB_FED,-0.044944,0.2,0.25,0.35,0.55,0.75,0.8,0.9,0.5,0.5,0.7,0.06,0.04
6,PB_FED,-0.044949,0.05,0.25,0.35,0.5,0.7,0.8,0.9,0.5,0.0,0.0,0.1,0.04
8,PE_PB_FED,-0.04495,0.15,0.25,0.45,0.55,0.75,0.8,0.9,0.5,0.5,0.75,0.12,0.05
8,PB_FED,-0.044961,0.1,0.15,0.35,0.6,0.65,0.85,0.95,1.0,0.0,0.0,0.12,0.05
6,PE_PB_FED,-0.044972,0.2,0.25,0.3,0.5,0.7,0.85,0.9,-0.5,0.65,0.75,0.1,0.04
6,PE_PB_FED,-0.044973,0.2,0.25,0.35,0.5,0.75,0.8,0.95,-0.5,0.5,0.75,0.08,0.05
6,PE_PB_FED,-0.044976,0.05,0.25,0.3,0.6,0.65,0.85,0.9,-0.5,0.5,0.8,0.08,0.05
6,PE_PB_FED,-0.044979,0.15,0.3,0.4,0.5,0.65,0.75,0.85,0.0,0.65,0.75,0.1,0.04
6,PE_PB,-0.044982,0.15,0.25,0.4,0.55,0.7,0.75,0.95,0.0,0.5,0.0,0.08,0.05
8,PB_FED,-0.044984,0.1,0.15,0.3,0.55,0.65,0.8,0.85,1.0,0.0,0.0,0.06,0.05
8,PB_FED,-0.045002,0.2,0.25,0.35,0.55,0.7,0.75,0.95,1.0,0.0,0.0,0.08,0.03
6,PE_FED,-0.045006,0.05,0.3,0.4,0.5,0.7,0.85,0.9,0.0,0.0,0.0,0.08,0.05
6,PE_PB_FED,-0.045016,0.2,0.3,0.35,0.55,0.7,0.75,0.85,-0.5,0.6,0.8,0.08,0.05
8,PB_FED,-0.045016,0.15,0.2,0.3,0.5,0.65,0.8,0.9,1.0,0.0,0.0,0.08,0.03
8,PE_PB,-0.045017,0.05,0.3,0.45,0.5,0.7,0.8,0.9,0.0,0.5,0.0,0.1,0.03
8,PE_FED,-0.045018,0.05,0.15,0.35,0.7,0.65,0.75,0.9,1.0,0.0,0.0,0.1,0.03
6,PE_FED,-0.045025,0.05,0.15,0.35,0.7,0.7,0.75,0.85,0.5,0.0,0.0,0.06,0.03
8,PE_PB_FED,-0.045028,0.1,0.3,0.45,0.5,0.7,0.75,0.9,0.5,0.6,0.75,0.06,0.05
8,PE_PB,-0.045035,0.1,0.3,0.4,0.5,0.75,0.8,0.9,0.0,0.55,0.0,0.06,0.05
6,PE_PB_FED,-0.045036,0.15,0.3,0.4,0.5,0.7,0.8,0.9,0.0,0.6,0.75,0.06,0.03
8,PB_FED,-0.045037,0.2,0.25,0.35,0.6,0.65,0.75,0.95,1.0,0.0,0.0,0.1,0.05
6,PB_FED,-0.045039,0.15,0.25,0.3,0.5,0.65,0.8,0.95,0.5,0.0,0.0,0.12,0.04
8,PE_PB_FED,-0.045047,0.1,0.3,0.4,0.7,0.7,0.85,0.9,0.5,0.5,0.7,0.06,0.04
6,PE_PB_FED,-0.045051,0.05,0.3,0.45,0.55,0.7,0.8,0.9,-0.5,0.55,0.7,0.12,0.03
6,PE_PB,-0.045064,0.2,0.3,0.45,0.5,0.75,0.85,0.95,0.0,0.6,0.0,0.08,0.04
6,PB_FED,-0.045064,0.05,0.3,0.35,0.7,0.75,0.85,0.95,0.5,0.0,0.0,0.1,0.05
8,PE_PB_FED,-0.045064,0.15,0.25,0.4,0.65,0.7,0.85,0.9,0.5,0.5,0.7,0.08,0.05
8,PE_PB_FED,-0.045066,0.15,0.3,0.35,0.65,0.75,0.8,0.85,0.5,0.5,0.7,0.1,0.03
8,PB_FED,-0.045073,0.15,0.25,0.3,0.6,0.65,0.8,0.9,1.0,0.0,0.0,0.06,0.04
8,PB_FED,-0.045085,0.05,0.25,0.3,0.6,0.75,0.8,0.95,1.0,0.0,0.0,0.06,0.03
8,PE_PB,-0.045088,0.15,0.25,0.35,0.5,0.65,0.8,0.85,0.0,0.5,0.0,0.08,0.05
8,PE_PB_FED,-0.045103,0.05,0.25,0.45,0.6,0.75,0.85,0.9,0.5,0.55,0.7,0.06,0.03
6,PB_FED,-0.045107,0.1,0.3,0.4,0.55,0.65,0.75,0.85,0.5,0.0,0.0,0.1,0.05
6,PE_PB_FED,-0.045111,0.2,0.25,0.4,0.5,0.65,0.75,0.9,0.0,0.5,0.8,0.06,0.04
6,PE_PB,-0.045113,0.05,0.2,0.35,0.55,0.65,0.75,0.85,0.0,0.5,0.0,0.08,0.03
8,PB_FED,-0.045116,0.1,0.2,0.45,0.65,0.65,0.85,0.9,1.0,0.0,0.0,0.12,0.03
6,PE_PB,-0.045119,0.2,0.3,0.45,0.5,0.7,0.75,0.9,0.0,0.55,0.0,0.06,0.04
6,PE_PB,-0.04512,0.1,0.3,0.4,0.6,0.75,0.8,0.85,0.0,0.5,0.0,0.12,0.03
8,PB_FED,-0.045133,0.05,0.15,0.3,0.5,0.7,0.8,0.85,1.0,0.0,0.0,0.1,0.03
8,PB_FED,-0.045139,0.05,0.15,0.3,0.5,0.65,0.8,0.9,1.0,0.0,0.0,0.06,0.04
6,PB_FED,-0.04515,0.2,0.3,0.35,0.7,0.7,0.85,0.9,0.5,0.0,0.0,0.12,0.05
8,PE_PB_FED,-0.04515,0.2,0.3,0.4,0.55,0.75,0.8,0.9,0.5,0.6,0.8,0.12,0.05
6,PE_PB_FED,-0.045153,0.05,0.3,0.35,0.55,0.75,0.85,0.95,0.0,0.55,0.75,0.08,0.04
8,PE_PB_FED,-0.045168,0.2,0.3,0.4,0.65,0.7,0.8,0.85,0.5,0.6,0.7,0.12,0.05
6,PE_PB,-0.045172,0.15,0.3,0.4,0.5,0.7,0.85,0.9,0.0,0.6,0.0,0.12,0.03
6,PE_PB,-0.045173,0.15,0.25,0.45,0.5,0.7,0.8,0.85,0.0,0.55,0.0,0.06,0.05
8,PB_FED,-0.045177,0.05,0.25,0.35,0.6,0.7,0.75,0.9,1.0,0.0,0.0,0.1,0.04
8,PB_FED,-0.04518,0.05,0.2,0.45,0.7,0.7,0.8,0.85,1.0,0.0,0.0,0.12,0.03
6,PE_PB_FED,-0.045182,0.1,0.15,0.4,0.65,0.7,0.75,0.95,0.5,0.6,0.8,0.1,0.03
6,PE_PB,-0.045187,0.05,0.25,0.35,0.55,0.75,0.8,0.85,0.0,0.5,0.0,0.06,0.05
6,PE_PB,-0.04519,0.1,0.3,0.4,0.5,0.75,0.85,0.9,0.0,0.65,0.0,0.1,0.05
8,PB_FED,-0.045196,0.05,0.15,0.45,0.6,0.7,0.85,0.9,1.0,0.0,0.0,0.12,0.03
6,PE_PB,-0.045209,0.05,0.25,0.45,0.55,0.65,0.85,0.95,0.0,0.5,0.0,0.08,0.03
6,PE_PB_FED,-0.045226,0.15,0.3,0.4,0.5,0.7,0.75,0.9,0.0,0.6,0.7,0.12,0.05
8,PE_FED,-0.04523,0.1,0.3,0.45,0.5,0.75,0.85,0.9,0.5,0.0,0.0,0.1,0.03
6,PE_FED,-0.045231,0.1,0.25,0.35,0.65,0.65,0.75,0.95,0.5,0.0,0.0,0.06,0.03
6,PE_PB,-0.045238,0.1,0.15,0.45,0.5,0.7,0.8,0.95,0.0,0.5,0.0,0.1,0.05
8,PE_PB_FED,-0.045239,0.15,0.3,0.45,0.6,0.75,0.85,0.9,0.5,0.6,0.8,0.1,0.04
6,PE_PB,-0.045242,0.2,0.3,0.4,0.5,0.65,0.75,0.85,0.0,0.6,0.0,0.06,0.05
6,PE_PB_FED,-0.045246,0.05,0.3,0.45,0.6,0.65,0.75,0.9,0.0,0.5,0.8,0.12,0.04
6,PE_PB,-0.045247,0.15,0.25,0.3,0.55,0.75,0.8,0.85,0.0,0.5,0.0,0.1,0.05
6,PE_PB,-0.045254,0.1,0.3,0.45,0.65,0.75,0.85,0.9,0.0,0.5,0.0,0.06,0.05
6,PB_FED,-0.04526,0.05,0.3,0.35,0.6,0.7,0.85,0.9,0.5,0.0,0.0,0.1,0.04
8,PE_PB,-0.045262,0.2,0.25,0.4,0.5,0.65,0.85,0.9,0.0,0.55,0.0,0.12,0.03
8,PE_PB,-0.045264,0.1,0.3,0.45,0.5,0.7,0.75,0.9,0.0,0.5,0.0,0.08,0.05
6,PE_PB_FED,-0.045275,0.2,0.3,0.45,0.5,0.75,0.85,0.95,-0.5,0.65,0.8,0.12,0.03
8,PB_FED,-0.045278,0.1,0.25,0.4,0.55,0.65,0.75,0.9,1.0,0.0,0.0,0.08,0.04
6,PB_FED,-0.045286,0.15,0.3,0.35,0.55,0.75,0.8,0.9,0.5,0.0,0.0,0.08,0.05
6,PB_FED,-0.045307,0.05,0.25,0.45,0.5,0.65,0.8,0.95,0.5,0.0,0.0,0.1,0.04
6,PE_PB,-0.045318,0.15,0.25,0.45,0.55,0.65,0.85,0.95,0.0,0.5,0.0,0.08,0.03
6,PE_PB_FED,-0.045318,0.05,0.15,0.35,0.7,0.7,0.75,0.95,0.5,0.65,0.75,0.1,0.03
6,PE_PB,-0.045326,0.15,0.25,0.3,0.5,0.65,0.75,0.95,0.0,0.5,0.0,0.06,0.03
8,PB_FED,-0.045329,0.15,0.25,0.45,0.7,0.75,0.8,0.95,1.0,0.0,0.0,0.08,0.05
6,PB_FED,-0.045343,0.2,0.3,0.45,0.5,0.65,0.75,0.95,0.5,0.0,0.0,0.1,0.03
8,PE_PB_FED,-0.045344,0.15,0.3,0.35,0.55,0.7,0.75,0.85,0.5,0.55,0.8,0.12,0.05
8,PB_FED,-0.045349,0.15,0.25,0.45,0.55,0.65,0.75,0.9,1.0,0.0,0.0,0.08,0.04
8,PE_PB_FED,-0.045352,0.2,0.3,0.45,0.6,0.65,0.8,0.85,0.5,0.6,0.75,0.08,0.03
8,PB_FED,-0.045375,0.15,0.2,0.3,0.6,0.75,0.85,0.95,1.0,0.0,0.0,0.1,0.04
6,PE_PB,-0.045376,0.2,0.25,0.4,0.5,0.7,0.85,0.9,0.0,0.6,0.0,0.1,0.05
6,PE_PB_FED,-0.045382,0.15,0.25,0.4,0.5,0.65,0.85,0.95,0.0,0.5,0.75,0.06,0.03
6,PE_PB,-0.045395,0.05,0.3,0.4,0.5,0.7,0.85,0.9,0.0,0.6,0.0,0.12,0.03
6,PE_PB_FED,-0.045395,0.1,0.3,0.4,0.65,0.65,0.8,0.85,-0.5,0.5,0.75,0.06,0.05
8,PE_PB_FED,-0.045395,0.05,0.15,0.35,0.65,0.75,0.8,0.95,1.0,0.6,0.8,0.06,0.03
6,PE_FED,-0.045408,0.1,0.2,0.4,0.65,0.7,0.75,0.9,0.5,0.0,0.0,0.12,0.03
8,PB_FED,-0.045413,0.05,0.25,0.45,0.6,0.65,0.75,0.85,1.0,0.0,0.0,0.08,0.03
6,PE_PB_FED,-0.045415,0.1,0.15,0.4,0.5,0.7,0.85,0.9,0.0,0.5,0.75,0.08,0.05
6,PB_FED,-0.045415,0.05,0.3,0.35,0.55,0.75,0.85,0.9,0.5,0.0,0.0,0.08,0.03
8,PE_PB_FED,-0.045426,0.15,0.3,0.45,0.5,0.7,0.75,0.9,0.5,0.5,0.75,0.1,0.03
6,PE_PB,-0.04544,0.05,0.15,0.45,0.55,0.75,0.85,0.9,0.0,0.5,0.0,0.1,0.05
6,PB_FED,-0.045445,0.1,0.3,0.45,0.5,0.65,0.75,0.85,0.5,0.0,0.0,0.12,0.05
6,PE_PB,-0.045451,0.1,0.25,0.45,0.55,0.65,0.85,0.95,0.0,0.5,0.0,0.12,0.03
8,PB_FED,-0.045451,0.1,0.25,0.45,0.7,0.65,0.8,0.85,1.0,0.0,0.0,0.08,0.03
8,PB_FED,-0.045453,0.05,0.2,0.4,0.7,0.7,0.85,0.9,1.0,0.0,0.0,0.12,0.03
6,PE_PB,-0.045455,0.05,0.3,0.45,0.5,0.65,0.8,0.9,0.0,0.55,0.0,0.12,0.04
6,PE_FED,-0.045455,0.05,0.2,0.45,0.65,0.65,0.75,0.95,0.5,0.0,0.0,0.06,0.03
8,PB_FED,-0.045467,0.15,0.2,0.3,0.6,0.65,0.8,0.85,1.0,0.0,0.0,0.12,0.05
6,PE_PB_FED,-0.045483,0.05,0.3,0.45,0.65,0.75,0.8,0.85,-0.5,0.5,0.8,0.06,0.04
6,PB_FED,-0.045485,0.15,0.3,0.35,0.5,0.7,0.75,0.9,0.5,0.0,0.0,0.06,0.05
6,PE_PB,-0.045486,0.05,0.25,0.35,0.6,0.7,0.75,0.9,0.0,0.5,0.0,0.12,0.05
6,PB_FED,-0.045505,0.05,0.3,0.4,0.6,0.7,0.85,0.95,0.5,0.0,0.0,0.12,0.03
6,PE_PB_FED,-0.045507,0.1,0.3,0.35,0.6,0.65,0.75,0.85,-0.5,0.5,0.75,0.1,0.04
8,PE_PB,-0.045507,0.2,0.3,0.35,0.5,0.7,0.8,0.9,0.0,0.5,0.0,0.08,0.03
8,PB_FED,-0.045513,0.05,0.2,0.35,0.65,0.75,0.8,0.85,1.0,0.0,0.0,0.06,0.04
8,PE_FED,-0.045516,0.1,0.15,0.35,0.65,0.7,0.75,0.9,1.0,0.0,0.0,0.06,0.03
6,PE_PB_FED,-0.045519,0.05,0.3,0.35,0.5,0.65,0.85,0.95,-0.5,0.6,0.75,0.06,0.03
8,PB_FED,-0.045534,0.05,0.25,0.45,0.7,0.7,0.8,0.95,1.0,0.0,0.0,0.08,0.03
6,PE_PB,-0.045536,0.2,0.3,0.4,0.6,0.65,0.8,0.95,0.0,0.5,0.0,0.12,0.04
6,PE_PB,-0.045546,0.1,0.15,0.35,0.5,0.75,0.8,0.9,0.0,0.5,0.0,0.08,0.03
8,PE_FED,-0.045553,0.05,0.3,0.4,0.5,0.75,0.8,0.85,0.5,0.0,0.0,0.1,0.05
8,PB_FED,-0.045561,0.1,0.25,0.3,0.5,0.65,0.75,0.9,1.0,0.0,0.0,0.08,0.04
8,PE_FED,-0.04559,0.1,0.15,0.35,0.5,0.7,0.75,0.95,1.0,0.0,0.0,0.06,0.04
6,PE_PB_FED,-0.045591,0.05,0.3,0.4,0.5,0.7,0.8,0.95,-0.5,0.55,0.8,0.1,0.05
6,PE_PB,-0.045593,0.1,0.2,0.3,0.55,0.65,0.85,0.9,0.0,0.5,0.0,0.06,0.03
8,PB_FED,-0.045593,0.05,0.15,0.35,0.6,0.75,0.85,0.95,1.0,0.0,0.0,0.06,0.04
6,PE_FED,-0.045602,0.05,0.15,0.35,0.55,0.7,0.75,0.95,0.5,0.0,0.0,0.1,0.04
8,PB_FED,-0.045616,0.05,0.2,0.35,0.65,0.7,0.85,0.95,1.0,0.0,0.0,0.08,0.03
8,PE_PB_FED,-0.045619,0.1,0.3,0.45,0.65,0.7,0.85,0.9,0.5,0.55,0.75,0.06,0.03
6,PE_PB,-0.04562,0.1,0.25,0.45,0.5,0.7,0.85,0.9,0.0,0.55,0.0,0.06,0.04
6,PE_PB,-0.045624,0.05,0.15,0.45,0.5,0.7,0.85,0.95,0.0,0.5,0.0,0.06,0.03
6,PB_FED,-0.045624,0.05,0.25,0.35,0.5,0.7,0.85,0.95,0.5,0.0,0.0,0.12,0.03
6,PE_PB_FED,-0.045638,0.2,0.3,0.45,0.55,0.75,0.8,0.85,-0.5,0.6,0.7,0.12,0.04
6,PE_PB,-0.045646,0.15,0.3,0.35,0.55,0.65,0.75,0.95,0.0,0.5,0.0,0.1,0.03
8,PB_FED,-0.045652,0.15,0.2,0.4,0.55,0.7,0.75,0.85,1.0,0.0,0.0,0.12,0.05
6,PE_PB,-0.045658,0.2,0.25,0.4,0.5,0.7,0.8,0.85,0.0,0.55,0.0,0.08,0.05
6,PE_PB_FED,-0.045669,0.05,0.3,0.35,0.5,0.75,0.8,0.9,-0.5,0.6,0.8,0.06,0.03
6,PE_PB_FED,-0.045676,0.05,0.3,0.4,0.5,0.65,0.8,0.9,0.0,0.6,0.7,0.1,0.03
8,PB_FED,-0.045678,0.1,0.2,0.4,0.7,0.7,0.8,0.85,1.0,0.0,0.0,0.1,0.05
6,PE_FED,-0.045699,0.1,0.15,0.45,0.5,0.65,0.75,0.95,0.5,0.0,0.0,0.1,0.03
6,PE_PB,-0.04572,0.05,0.3,0.35,0.55,0.7,0.75,0.95,0.0,0.5,0.0,0.06,0.03
8,PB_FED,-0.045725,0.05,0.2,0.3,0.5,0.7,0.75,0.85,1.0,0.0,0.0,0.08,0.04
6,PE_PB,-0.04573,0.2,0.25,0.4,0.5,0.75,0.8,0.85,0.0,0.55,0.0,0.1,0.05
8,PB_FED,-0.045732,0.05,0.15,0.3,0.5,0.65,0.85,0.9,1.0,0.0,0.0,0.1,0.03
6,PE_FED,-0.045734,0.1,0.2,0.35,0.65,0.7,0.75,0.9,0.5,0.0,0.0,0.06,0.04
8,PB_FED,-0.045735,0.15,0.2,0.35,0.65,0.75,0.85,0.9,1.0,0.0,0.0,0.06,0.04
8,PB_FED,-0.045737,0.05,0.2,0.4,0.55,0.65,0.8,0.9,1.0,0.0,0.0,0.12,0.03
6,PB_FED,-0.045746,0.2,0.3,0.4,0.55,0.65,0.75,0.95,0.5,0.0,0.0,0.08,0.04
8,PB_FED,-0.045775,0.15,0.25,0.3,0.7,0.65,0.8,0.85,1.0,0.0,0.0,0.1,0.05
8,PB_FED,-0.045782,0.1,0.25,0.4,0.6,0.75,0.8,0.85,1.0,0.0,0.0,0.08,0.03
6,PE_PB,-0.045793,0.05,0.3,0.45,0.5,0.7,0.8,0.85,0.0,0.6,0.0,0.12,0.05
8,PE_PB_FED,-0.045798,0.2,0.3,0.4,0.6,0.7,0.85,0.95,0.5,0.5,0.8,0.12,0.03
6,PE_PB,-0.045807,0.2,0.3,0.45,0.5,0.65,0.8,0.85,0.0,0.6,0.0,0.06,0.04
6,PE_PB,-0.04581,0.15,0.3,0.45,0.6,0.7,0.75,0.95,0.0,0.5,0.0,0.1,0.05
8,PB_FED,-0.045811,0.15,0.25,0.35,0.55,0.7,0.8,0.9,1.0,0.0,0.0,0.06,0.03
6,PE_FED,-0.045821,0.15,0.25,0.35,0.7,0.75,0.8,0.95,0.5,0.0,0.0,0.12,0.04
6,PE_PB_FED,-0.045821,0.15,0.25,0.35,0.55,0.7,0.85,0.9,0.0,0.5,0.7,0.1,0.04
6,PB_FED,-0.045825,0.05,0.2,0.4,0.5,0.7,0.85,0.9,0.5,0.0,0.0,0.12,0.05
8,PB_FED,-0.04583,0.1,0.2,0.4,0.55,0.7,0.8,0.95,1.0,0.0,0.0,0.08,0.05
6,PE_PB_FED,-0.045837,0.1,0.3,0.45,0.5,0.75,0.8,0.95,0.0,0.5,0.7,0.12,0.03
6,PE_PB_FED,-0.045846,0.2,0.25,0.45,0.5,0.7,0.75,0.85,-0.5,0.55,0.75,0.06,0.03
8,PB_FED,-0.045847,0.1,0.25,0.4,0.65,0.65,0.8,0.9,1.0,0.0,0.0,0.12,0.05
6,PE_PB_FED,-0.045853,0.1,0.3,0.35,0.6,0.7,0.8,0.85,-0.5,0.5,0.8,0.12,0.03
8,PE_PB_FED,-0.045857,0.2,0.3,0.4,0.6,0.75,0.85,0.95,0.5,0.55,0.8,0.1,0.04
8,PE_PB_FED,-0.045868,0.2,0.3,0.4,0.5,0.7,0.75,0.85,0.5,0.6,0.75,0.06,0.03
8,PE_PB,-0.045869,0.15,0.25,0.45,0.5,0.75,0.85,0.9,0.0,0.5,0.0,0.12,0.04
8,PE_FED,-0.045869,0.1,0.15,0.4,0.7,0.65,0.75,0.9,1.0,0.0,0.0,0.06,0.04
6,PE_PB,-0.045871,0.1,0.25,0.3,0.5,0.65,0.8,0.95,0.0,0.5,0.0,0.1,0.03
8,PB_FED,-0.045871,0.1,0.15,0.35,0.55,0.75,0.85,0.95,1.0,0.0,0.0,0.08,0.05
8,PB_FED,-0.045873,0.1,0.15,0.35,0.55,0.75,0.8,0.85,1.0,0.0,0.0,0.08,0.05
8,PB_FED,-0.045882,0.1,0.15,0.45,0.5,0.65,0.8,0.9,1.0,0.0,0.0,0.1,0.04
8,PE_PB,-0.045913,0.15,0.3,0.35,0.5,0.7,0.85,0.9,0.0,0.55,0.0,0.08,0.03
6,PB_FED,-0.045914,0.15,0.25,0.35,0.5,0.75,0.8,0.85,0.5,0.0,0.0,0.12,0.05
8,PB_FED,-0.045914,0.05,0.25,0.35,0.65,0.75,0.8,0.85,1.0,0.0,0.0,0.06,0.03
6,PE_PB_FED,-0.045915,0.05,0.25,0.45,0.5,0.7,0.85,0.9,-0.5,0.6,0.75,0.08,0.03
6,PE_PB,-0.045919,0.2,0.25,0.3,0.6,0.7,0.8,0.9,0.0,0.5,0.0,0.06,0.05
8,PE_FED,-0.045934,0.05,0.15,0.35,0.55,0.7,0.75,0.9,1.0,0.0,0.0,0.12,0.03
8,PB_FED,-0.045934,0.1,0.2,0.4,0.65,0.65,0.85,0.95,1.0,0.0,0.0,0.1,0.05
6,PB_FED,-0.04594,0.15,0.3,0.45,0.55,0.7,0.85,0.95,0.5,0.0,0.0,0.12,0.05
8,PE_PB_FED,-0.045942,0.1,0.3,0.4,0.55,0.7,0.75,0.85,0.5,0.5,0.7,0.1,0.04
8,PE_PB,-0.045952,0.2,0.3,0.45,0.5,0.7,0.75,0.9,0.0,0.5,0.0,0.12,0.05
6,PE_PB,-0.045953,0.05,0.25,0.4,0.55,0.7,0.75,0.9,0.0,0.5,0.0,0.08,0.04
6,PE_PB_FED,-0.045966,0.15,0.25,0.3,0.5,0.75,0.85,0.95,0.0,0.5,0.75,0.08,0.04
6,PE_PB,-0.04597,0.1,0.2,0.4,0.55,0.65,0.85,0.9,0.0,0.5,0.0,0.08,0.04
6,PE_PB,-0.045988,0.05,0.3,0.4,0.5,0.65,0.85,0.9,0.0,0.6,0.0,0.06,0.05
6,PE_PB,-0.045989,0.05,0.2,0.3,0.55,0.65,0.75,0.85,0.0,0.5,0.0,0.12,0.05
6,PE_PB_FED,-0.045989,0.2,0.3,0.45,0.6,0.7,0.75,0.85,-0.5,0.5,0.7,0.08,0.03
6,PE_PB,-0.045996,0.2,0.25,0.35,0.6,0.7,0.75,0.9,0.0,0.5,0.0,0.1,0.04
6,PE_PB_FED,-0.045997,0.15,0.3,0.45,0.5,0.7,0.75,0.9,-0.5,0.6,0.8,0.1,0.05
8,PE_FED,-0.046002,0.1,0.15,0.35,0.6,0.7,0.8,0.95,1.0,0.0,0.0,0.1,0.05
8,PE_FED,-0.04601,0.15,0.2,0.3,0.7,0.75,0.8,0.95,1.0,0.0,0.0,0.12,0.03
8,PE_PB_FED,-0.046015,0.1,0.15,0.45,0.7,0.7,0.8,0.95,1.0,0.55,0.75,0.1,0.03
6,PB_FED,-0.04602,0.2,0.25,0.35,0.5,0.7,0.8,0.85,0.5,0.0,0.0,0.1,0.04
8,PB_FED,-0.046025,0.1,0.2,0.45,0.55,0.75,0.8,0.95,1.0,0.0,0.0,0.12,0.04
6,PE_PB,-0.046026,0.15,0.25,0.3,0.55,0.65,0.8,0.9,0.0,0.5,0.0,0.12,0.05
6,PB_FED,-0.046029,0.2,0.3,0.35,0.5,0.65,0.75,0.9,0.5,0.0,0.0,0.12,0.04
8,PE_FED,-0.046032,0.1,0.3,0.45,0.5,0.7,0.85,0.9,0.5,0.0,0.0,0.1,0.05
8,PE_PB,-0.046038,0.15,0.3,0.4,0.5,0.7,0.8,0.85,0.0,0.5,0.0,0.1,0.03
8,PB_FED,-0.04604,0.1,0.25,0.4,0.65,0.75,0.8,0.85,1.0,0.0,0.0,0.06,0.04
6,PE_FED,-0.046046,0.1,0.15,0.35,0.55,0.7,0.8,0.9,0.5,0.0,0.0,0.06,0.03
8,PB_FED,-0.046046,0.2,0.25,0.4,0.7,0.65,0.8,0.85,1.0,0.0,0.0,0.06,0.03
6,PE_FED,-0.046048,0.1,0.15,0.35,0.6,0.65,0.85,0.95,0.5,0.0,0.0,0.08,0.04
8,PE_PB_FED,-0.046053,0.05,0.3,0.45,0.55,0.7,0.8,0.9,0.5,0.5,0.7,0.1,0.03
8,PB_FED,-0.046055,0.15,0.3,0.35,0.55,0.7,0.75,0.9,1.0,0.0,0.0,0.06,0.03
8,PE_FED,-0.046056,0.05,0.15,0.4,0.55,0.65,0.8,0.95,1.0,0.0,0.0,0.12,0.04
8,PB_FED,-0.04606,0.05,0.2,0.45,0.55,0.7,0.75,0.85,1.0,0.0,0.0,0.1,0.04
8,PB_FED,-0.046064,0.05,0.25,0.3,0.5,0.65,0.75,0.95,1.0,0.0,0.0,0.08,0.05
6,PE_PB_FED,-0.046067,0.2,0.3,0.35,0.6,0.65,0.8,0.9,-0.5,0.5,0.75,0.06,0.05
8,PE_PB_FED,-0.046079,0.2,0.3,0.45,0.65,0.7,0.85,0.9,0.5,0.6,0.75,0.1,0.05
6,PB_FED,-0.046086,0.1,0.25,0.35,0.5,0.7,0.85,0.95,0.5,0.0,0.0,0.12,0.04
6,PB_FED,-0.046088,0.15,0.25,0.45,0.5,0.7,0.85,0.95,0.5,0.0,0.0,0.1,0.05
6,PE_PB,-0.046104,0.05,0.15,0.3,0.5,0.65,0.8,0.9,0.0,0.5,0.0,0.06,0.05
6,PE_PB,-0.046109,0.2,0.3,0.45,0.55,0.75,0.8,0.95,0.0,0.5,0.0,0.1,0.03
8,PB_FED,-0.046124,0.15,0.25,0.35,0.5,0.7,0.75,0.9,1.0,0.0,0.0,0.06,0.04
6,PE_PB_FED,-0.046127,0.1,0.3,0.45,0.5,0.65,0.75,0.85,0.0,0.6,0.8,0.08,0.03
8,PE_FED,-0.04613,0.05,0.15,0.4,0.55,0.7,0.8,0.95,1.0,0.0,0.0,0.08,0.05
6,PE_PB,-0.046135,0.2,0.3,0.45,0.5,0.7,0.8,0.9,0.0,0.55,0.0,0.1,0.04
6,PE_PB_FED,-0.046146,0.05,0.3,0.35,0.5,0.7,0.75,0.85,0.0,0.6,0.75,0.08,0.03
6,PE_PB,-0.046158,0.1,0.15,0.35,0.5,0.7,0.85,0.95,0.0,0.5,0.0,0.12,0.04
8,PE_FED,-0.04616,0.05,0.15,0.45,0.55,0.65,0.8,0.95,1.0,0.0,0.0,0.08,0.04
6,PE_FED,-0.046161,0.1,0.15,0.4,0.6,0.75,0.8,0.9,0.5,0.0,0.0,0.12,0.04
8,PE_FED,-0.046161,0.1,0.15,0.4,0.65,0.65,0.75,0.9,1.0,0.0,0.0,0.1,0.04
6,PE_PB,-0.046163,0.2,0.3,0.35,0.5,0.65,0.85,0.9,0.0,0.6,0.0,0.08,0.04
6,PB_FED,-0.046173,0.05,0.25,0.4,0.5,0.7,0.8,0.95,0.5,0.0,0.0,0.08,0.05
8,PB_FED,-0.046188,0.05,0.25,0.3,0.7,0.65,0.85,0.95,1.0,0.0,0.0,0.08,0.03
8,PB_FED,-0.046194,0.15,0.3,0.35,0.65,0.75,0.8,0.9,1.0,0.0,0.0,0.06,0.03
6,PE_PB_FED,-0.046199,0.1,0.15,0.4,0.7,0.7,0.75,0.95,0.5,0.55,0.8,0.06,0.04
8,PE_PB_FED,-0.0462,0.1,0.25,0.45,0.55,0.65,0.85,0.9,0.5,0.5,0.7,0.1,0.03
6,PE_PB,-0.046236,0.15,0.2,0.45,0.5,0.65,0.75,0.9,0.0,0.5,0.0,0.08,0.04
6,PE_PB,-0.046238,0.05,0.25,0.45,0.6,0.7,0.75,0.85,0.0,0.5,0.0,0.1,0.04
6,PE_PB,-0.046252,0.15,0.3,0.45,0.5,0.7,0.85,0.9,0.0,0.6,0.0,0.12,0.05
8,PE_PB,-0.046261,0.2,0.25,0.4,0.5,0.65,0.8,0.85,0.0,0.5,0.0,0.06,0.05
6,PE_FED,-0.046306,0.2,0.25,0.3,0.7,0.65,0.8,0.95,0.5,0.0,0.0,0.1,0.03
8,PB_FED,-0.046307,0.2,0.25,0.3,0.6,0.65,0.75,0.85,1.0,0.0,0.0,0.08,0.05
8,PB_FED,-0.046323,0.05,0.25,0.4,0.55,0.65,0.75,0.95,1.0,0.0,0.0,0.1,0.04
8,PE_FED,-0.046338,0.1,0.15,0.4,0.55,0.65,0.8,0.95,1.0,0.0,0.0,0.08,0.04
8,PB_FED,-0.046339,0.1,0.25,0.45,0.65,0.65,0.8,0.85,1.0,0.0,0.0,0.06,0.04
6,PE_PB_FED,-0.046342,0.2,0.3,0.45,0.55,0.7,0.85,0.95,-0.5,0.5,0.75,0.12,0.03
8,PB_FED,-0.04635,0.15,0.25,0.3,0.5,0.7,0.8,0.95,1.0,0.0,0.0,0.12,0.03
6,PE_PB,-0.046362,0.05,0.25,0.4,0.6,0.65,0.75,0.85,0.0,0.5,0.0,0.08,0.05
6,PE_PB,-0.046362,0.05,0.2,0.4,0.5,0.65,0.8,0.9,0.0,0.5,0.0,0.06,0.04
6,PE_PB_FED,-0.046362,0.05,0.25,0.35,0.5,0.7,0.85,0.95,0.0,0.5,0.8,0.12,0.04
6,PB_FED,-0.046371,0.05,0.3,0.35,0.5,0.7,0.8,0.95,0.5,0.0,0.0,0.08,0.03
6,PE_PB,-0.046376,0.1,0.2,0.45,0.5,0.65,0.75,0.9,0.0,0.5,0.0,0.08,0.04
6,PE_PB,-0.046377,0.2,0.25,0.45,0.6,0.65,0.8,0.9,0.0,0.5,0.0,0.12,0.05
6,PE_PB_FED,-0.046379,0.05,0.25,0.4,0.5,0.65,0.85,0.9,-0.5,0.55,0.8,0.1,0.04
6,PE_PB,-0.046381,0.2,0.25,0.45,0.5,0.65,0.75,0.95,0.0,0.5,0.0,0.1,0.03
6,PE_PB_FED,-0.046384,0.2,0.25,0.45,0.5,0.65,0.8,0.85,0.0,0.55,0.7,0.08,0.04
6,PE_PB_FED,-0.046396,0.1,0.3,0.45,0.5,0.7,0.85,0.95,0.0,0.55,0.8,0.1,0.03
6,PE_PB,-0.046405,0.05,0.25,0.3,0.5,0.75,0.8,0.95,0.0,0.5,0.0,0.08,0.05
6,PE_PB,-0.046408,0.05,0.2,0.4,0.5,0.65,0.75,0.85,0.0,0.5,0.0,0.1,0.04
8,PE_PB_FED,-0.046408,0.15,0.25,0.45,0.5,0.75,0.85,0.95,0.5,0.5,0.7,0.06,0.05
6,PE_PB_FED,-0.046413,0.1,0.3,0.35,0.5,0.65,0.8,0.95,-0.5,0.5,0.7,0.12,0.04
6,PE_PB,-0.046428,0.15,0.3,0.45,0.6,0.65,0.75,0.9,0.0,0.5,0.0,0.08,0.03
6,PE_PB,-0.046433,0.1,0.15,0.4,0.5,0.7,0.75,0.85,0.0,0.5,0.0,0.12,0.04
6,PE_PB,-0.04645,0.05,0.25,0.45,0.5,0.7,0.75,0.95,0.0,0.5,0.0,0.06,0.04
6,PE_PB_FED,-0.046452,0.15,0.3,0.45,0.5,0.65,0.8,0.85,-0.5,0.65,0.7,0.08,0.04
6,PE_PB,-0.046457,0.15,0.2,0.4,0.55,0.7,0.85,0.9,0.0,0.5,0.0,0.08,0.05
6,PE_PB_FED,-0.046462,0.1,0.15,0.4,0.6,0.75,0.8,0.95,0.5,0.65,0.7,0.1,0.05
6,PE_PB,-0.04647,0.1,0.2,0.45,0.5,0.65,0.85,0.95,0.0,0.5,0.0,0.06,0.03
8,PE_PB,-0.046474,0.1,0.3,0.45,0.5,0.7,0.85,0.9,0.0,0.6,0.0,0.1,0.05
8,PE_PB_FED,-0.046474,0.1,0.3,0.35,0.55,0.7,0.85,0.95,0.5,0.5,0.7,0.06,0.04
6,PE_FED,-0.046486,0.1,0.15,0.45,0.6,0.7,0.75,0.9,0.5,0.0,0.0,0.08,0.05
8,PE_FED,-0.046499,0.1,0.15,0.45,0.55,0.65,0.8,0.95,1.0,0.0,0.0,0.1,0.05
6,PE_PB,-0.0465,0.2,0.3,0.35,0.55,0.65,0.75,0.95,0.0,0.5,0.0,0.06,0.03
6,PE_PB,-0.046503,0.05,0.15,0.4,0.5,0.7,0.75,0.85,0.0,0.5,0.0,0.12,0.05
8,PB_FED,-0.046506,0.15,0.3,0.45,0.65,0.65,0.75,0.85,1.0,0.0,0.0,0.06,0.04
6,PE_FED,-0.046509,0.05,0.2,0.35,0.65,0.7,0.85,0.95,0.5,0.0,0.0,0.1,0.03
6,PE_PB_FED,-0.046511,0.2,0.25,0.4,0.5,0.65,0.8,0.85,0.0,0.55,0.7,0.06,0.05
8,PB_FED,-0.046512,0.05,0.2,0.4,0.55,0.7,0.8,0.95,1.0,0.0,0.0,0.06,0.04
6,PE_PB,-0.046526,0.2,0.3,0.4,0.55,0.75,0.8,0.95,0.0,0.5,0.0,0.12,0.04
8,PB_FED,-0.046536,0.05,0.2,0.4,0.7,0.65,0.85,0.95,1.0,0.0,0.0,0.12,0.05
6,PB_FED,-0.046539,0.05,0.25,0.4,0.5,0.75,0.8,0.85,0.5,0.0,0.0,0.12,0.05
8,PE_PB_FED,-0.046546,0.1,0.2,0.35,0.6,0.7,0.75,0.95,1.0,0.65,0.7,0.12,0.03
6,PE_PB,-0.046549,0.2,0.25,0.35,0.55,0.75,0.85,0.95,0.0,0.5,0.0,0.12,0.04
8,PE_FED,-0.04656,0.15,0.25,0.45,0.7,0.65,0.75,0.95,1.0,0.0,0.0,0.1,0.03
6,PE_FED,-0.046581,0.1,0.25,0.4,0.65,0.65,0.8,0.95,0.5,0.0,0.0,0.1,0.04
8,PE_PB_FED,-0.046585,0.15,0.3,0.35,0.5,0.75,0.8,0.85,0.5,0.6,0.75,0.06,0.04
8,PE_FED,-0.046588,0.1,0.2,0.35,0.65,0.65,0.75,0.95,1.0,0.0,0.0,0.1,0.05
6,PE_FED,-0.046598,0.05,0.2,0.3,0.7,0.7,0.75,0.85,0.5,0.0,0.0,0.08,0.03
6,PE_FED,-0.0466,0.05,0.2,0.4,0.7,0.65,0.85,0.95,0.5,0.0,0.0,0.06,0.05
6,PE_PB_FED,-0.046601,0.1,0.15,0.3,0.65,0.7,0.75,0.9,0.5,0.65,0.7,0.12,0.05
6,PE_PB_FED,-0.046605,0.1,0.3,0.4,0.55,0.65,0.75,0.85,-0.5,0.5,0.8,0.1,0.04
8,PB_FED,-0.046615,0.2,0.25,0.35,0.6,0.75,0.8,0.85,1.0,0.0,0.0,0.08,0.03
6,PE_FED,-0.04662,0.05,0.25,0.35,0.7,0.7,0.75,0.9,0.5,0.0,0.0,0.06,0.03
8,PB_FED,-0.046629,0.15,0.25,0.3,0.55,0.65,0.85,0.9,1.0,0.0,0.0,0.1,0.03
8,PB_FED,-0.046636,0.1,0.2,0.3,0.55,0.7,0.85,0.95,1.0,0.0,0.0,0.08,0.05
8,PB_FED,-0.046641,0.05,0.3,0.4,0.6,0.65,0.75,0.9,1.0,0.0,0.0,0.12,0.03
8,PE_FED,-0.046646,0.05,0.15,0.3,0.65,0.75,0.85,0.95,1.0,0.0,0.0,0.1,0.03
6,PE_PB,-0.046651,0.1,0.15,0.35,0.5,0.75,0.8,0.9,0.0,0.5,0.0,0.08,0.05
8,PE_PB_FED,-0.046658,0.1,0.2,0.3,0.7,0.7,0.8,0.95,1.0,0.65,0.7,0.08,0.03
6,PE_PB,-0.046666,0.1,0.3,0.35,0.6,0.75,0.8,0.9,0.0,0.5,0.0,0.08,0.05
8,PB_FED,-0.046669,0.1,0.3,0.35,0.6,0.65,0.75,0.9,1.0,0.0,0.0,0.12,0.05
8,PE_PB,-0.046697,0.2,0.3,0.35,0.5,0.7,0.85,0.9,0.0,0.6,0.0,0.08,0.05
6,PE_FED,-0.046699,0.1,0.2,0.35,0.65,0.7,0.75,0.85,0.5,0.0,0.0,0.08,0.03
8,PE_FED,-0.046711,0.1,0.15,0.35,0.5,0.7,0.75,0.9,1.0,0.0,0.0,0.06,0.03
6,PE_PB,-0.046718,0.1,0.2,0.35,0.5,0.75,0.85,0.95,0.0,0.5,0.0,0.08,0.05
8,PE_PB_FED,-0.046718,0.1,0.15,0.3,0.7,0.75,0.8,0.95,1.0,0.5,0.7,0.08,0.03
8,PE_FED,-0.046725,0.05,0.15,0.4,0.65,0.75,0.8,0.9,1.0,0.0,0.0,0.12,0.03
8,PE_PB,-0.046729,0.1,0.3,0.45,0.5,0.65,0.85,0.9,0.0,0.55,0.0,0.1,0.03
6,PE_FED,-0.046745,0.1,0.15,0.45,0.55,0.7,0.8,0.9,0.5,0.0,0.0,0.1,0.03
8,PB_FED,-0.046748,0.05,0.25,0.45,0.65,0.7,0.8,0.85,1.0,0.0,0.0,0.1,0.03
8,PB_FED,-0.046751,0.1,0.2,0.4,0.6,0.65,0.85,0.9,1.0,0.0,0.0,0.08,0.04
6,PE_PB,-0.046752,0.1,0.2,0.4,0.5,0.65,0.85,0.95,0.0,0.5,0.0,0.1,0.04
6,PE_PB,-0.046752,0.1,0.2,0.4,0.5,0.7,0.85,0.95,0.0,0.5,0.0,0.1,0.04
6,PE_PB,-0.046753,0.1,0.25,0.35,0.5,0.75,0.8,0.95,0.0,0.5,0.0,0.12,0.04
8,PE_PB_FED,-0.046755,0.1,0.25,0.45,0.5,0.65,0.85,0.9,0.5,0.55,0.7,0.08,0.03
6,PE_FED,-0.046757,0.1,0.15,0.45,0.6,0.7,0.85,0.95,0.5,0.0,0.0,0.06,0.05
8,PB_FED,-0.04676,0.1,0.25,0.35,0.7,0.65,0.8,0.85,1.0,0.0,0.0,0.1,0.05
8,PB_FED,-0.046793,0.1,0.2,0.45,0.55,0.65,0.85,0.9,1.0,0.0,0.0,0.06,0.03
6,PE_PB_FED,-0.046795,0.15,0.25,0.35,0.5,0.7,0.8,0.85,-0.5,0.5,0.75,0.08,0.04
8,PE_PB_FED,-0.0468,0.15,0.3,0.45,0.55,0.65,0.85,0.95,0.5,0.5,0.8,0.12,0.04
8,PB_FED,-0.046815,0.15,0.3,0.35,0.7,0.7,0.8,0.85,1.0,0.0,0.0,0.08,0.03
6,PE_PB,-0.046816,0.15,0.25,0.35,0.55,0.75,0.85,0.9,0.0,0.5,0.0,0.08,0.03
6,PE_PB,-0.046817,0.1,0.25,0.3,0.55,0.65,0.85,0.9,0.0,0.5,0.0,0.08,0.03
6,PB_FED,-0.046835,0.1,0.3,0.4,0.5,0.75,0.8,0.9,0.5,0.0,0.0,0.1,0.04
6,PE_FED,-0.046853,0.15,0.25,0.3,0.65,0.65,0.75,0.9,0.5,0.0,0.0,0.06,0.04
8,PB_FED,-0.046857,0.1,0.25,0.3,0.55,0.75,0.85,0.9,1.0,0.0,0.0,0.1,0.03
6,PE_FED,-0.046863,0.05,0.15,0.45,0.6,0.65,0.75,0.9,0.5,0.0,0.0,0.06,0.04
6,PE_FED,-0.046864,0.05,0.2,0.3,0.7,0.7,0.75,0.85,0.5,0.0,0.0,0.06,0.04
6,PE_PB_FED,-0.046869,0.05,0.3,0.45,0.55,0.65,0.85,0.95,-0.5,0.5,0.8,0.08,0.05
6,PE_PB_FED,-0.046875,0.05,0.25,0.45,0.5,0.7,0.85,0.9,-0.5,0.55,0.75,0.1,0.04
8,PE_FED,-0.046878,0.1,0.15,0.35,0.65,0.7,0.8,0.9,1.0,0.0,0.0,0.1,0.03
8,PE_FED,-0.046878,0.1,0.15,0.35,0.65,0.7,0.8,0.9,1.0,0.0,0.0,0.08,0.03
8,PB_FED,-0.046879,0.05,0.15,0.4,0.5,0.7,0.8,0.85,1.0,0.0,0.0,0.06,0.04
6,PE_FED,-0.046888,0.1,0.15,0.3,0.55,0.7,0.75,0.85,0.5,0.0,0.0,0.06,0.04
8,PB_FED,-0.046891,0.1,0.3,0.45,0.65,0.65,0.75,0.85,1.0,0.0,0.0,0.08,0.04
8,PE_PB,-0.046904,0.15,0.3,0.4,0.5,0.75,0.8,0.85,0.0,0.5,0.0,0.1,0.05
8,PE_PB_FED,-0.046909,0.05,0.15,0.4,0.55,0.7,0.8,0.95,1.0,0.55,0.8,0.1,0.03
8,PB_FED,-0.046909,0.05,0.2,0.45,0.7,0.75,0.85,0.95,1.0,0.0,0.0,0.1,0.05
8,PB_FED,-0.046912,0.15,0.2,0.4,0.5,0.7,0.8,0.9,1.0,0.0,0.0,0.08,0.04
8,PB_FED,-0.046926,0.1,0.25,0.3,0.6,0.65,0.8,0.85,1.0,0.0,0.0,0.08,0.05
6,PE_PB,-0.046929,0.2,0.25,0.45,0.6,0.75,0.85,0.9,0.0,0.5,0.0,0.1,0.03
8,PB_FED,-0.046932,0.15,0.3,0.45,0.65,0.65,0.8,0.95,1.0,0.0,0.0,0.08,0.03
6,PE_FED,-0.046942,0.15,0.2,0.35,0.7,0.7,0.85,0.9,0.5,0.0,0.0,0.08,0.03
6,PB_FED,-0.046946,0.05,0.3,0.35,0.5,0.65,0.8,0.9,0.5,0.0,0.0,0.08,0.05
8,PB_FED,-0.046957,0.1,0.2,0.35,0.5,0.7,0.8,0.85,1.0,0.0,0.0,0.1,0.03
8,PB_FED,-0.046972,0.15,0.3,0.4,0.7,0.7,0.8,0.9,1.0,0.0,0.0,0.06,0.04
8,PB_FED,-0.046989,0.1,0.2,0.35,0.5,0.75,0.8,0.9,1.0,0.0,0.0,0.1,0.04
6,PE_PB_FED,-0.047013,0.05,0.3,0.45,0.5,0.7,0.8,0.95,-0.5,0.5,0.7,0.08,0.04
6,PE_FED,-0.047022,0.1,0.15,0.3,0.55,0.75,0.8,0.9,0.5,0.0,0.0,0.06,0.05
8,PB_FED,-0.047025,0.15,0.3,0.4,0.7,0.7,0.75,0.85,1.0,0.0,0.0,0.08,0.05
6,PE_FED,-0.047036,0.1,0.2,0.4,0.6,0.65,0.8,0.95,0.5,0.0,0.0,0.06,0.03
8,PE_FED,-0.047038,0.1,0.15,0.35,0.65,0.65,0.85,0.95,1.0,0.0,0.0,0.08,0.03
6,PE_FED,-0.04705,0.1,0.3,0.35,0.65,0.7,0.8,0.95,0.5,0.0,0.0,0.08,0.03
8,PE_FED,-0.047051,0.15,0.2,0.4,0.6,0.75,0.8,0.95,1.0,0.0,0.0,0.12,0.03
6,PE_PB,-0.047054,0.05,0.2,0.45,0.5,0.7,0.75,0.85,0.0,0.5,0.0,0.08,0.04
6,PE_PB_FED,-0.047069,0.1,0.15,0.4,0.7,0.75,0.85,0.95,0.5,0.55,0.8,0.08,0.03
6,PE_FED,-0.047085,0.1,0.2,0.45,0.6,0.7,0.75,0.95,0.5,0.0,0.0,0.1,0.03
8,PB_FED,-0.047111,0.15,0.25,0.45,0.55,0.65,0.8,0.85,1.0,0.0,0.0,0.08,0.03
6,PE_FED,-0.047112,0.05,0.15,0.45,0.6,0.75,0.8,0.9,0.5,0.0,0.0,0.1,0.03
6,PE_FED,-0.047114,0.1,0.2,0.45,0.7,0.65,0.8,0.9,0.5,0.0,0.0,0.08,0.05
6,PE_PB,-0.047127,0.15,0.25,0.45,0.55,0.7,0.75,0.85,0.0,0.5,0.0,0.12,0.03
6,PE_FED,-0.047128,0.15,0.25,0.4,0.7,0.75,0.85,0.95,0.5,0.0,0.0,0.12,0.05
6,PB_FED,-0.047138,0.2,0.25,0.35,0.5,0.75,0.85,0.9,0.5,0.0,0.0,0.08,0.05
6,PB_FED,-0.047139,0.2,0.3,0.35,0.5,0.7,0.8,0.85,0.5,0.0,0.0,0.12,0.03
6,PE_PB_FED,-0.047158,0.1,0.15,0.35,0.7,0.65,0.75,0.9,0.5,0.55,0.7,0.08,0.04
8,PB_FED,-0.047174,0.15,0.2,0.4,0.55,0.75,0.85,0.95,1.0,0.0,0.0,0.12,0.04
8,PB_FED,-0.047185,0.05,0.2,0.3,0.5,0.75,0.8,0.9,1.0,0.0,0.0,0.06,0.05
6,PE_PB_FED,-0.047187,0.2,0.3,0.35,0.5,0.65,0.85,0.95,-0.5,0.55,0.8,0.06,0.04
6,PE_PB,-0.047188,0.05,0.2,0.3,0.5,0.7,0.8,0.85,0.0,0.5,0.0,0.08,0.04
8,PB_FED,-0.04719,0.05,0.25,0.3,0.7,0.65,0.85,0.9,1.0,0.0,0.0,0.1,0.05
6,PE_FED,-0.047193,0.05,0.25,0.35,0.7,0.7,0.8,0.9,0.5,0.0,0.0,0.08,0.03
8,PB_FED,-0.04721,0.15,0.3,0.35,0.6,0.65,0.8,0.95,1.0,0.0,0.0,0.08,0.03
6,PB_FED,-0.047221,0.15,0.3,0.4,0.5,0.75,0.8,0.85,0.5,0.0,0.0,0.12,0.04
6,PE_PB_FED,-0.047224,0.05,0.15,0.4,0.7,0.7,0.75,0.9,0.5,0.65,0.8,0.06,0.04
8,PE_PB_FED,-0.047229,0.1,0.15,0.45,0.7,0.75,0.8,0.95,1.0,0.55,0.8,0.06,0.05
8,PE_PB_FED,-0.047232,0.2,0.3,0.35,0.6,0.75,0.85,0.9,0.5,0.55,0.7,0.08,0.04
8,PE_PB_FED,-0.047237,0.15,0.2,0.3,0.65,0.75,0.8,0.95,1.0,0.65,0.75,0.06,0.03
8,PB_FED,-0.047243,0.15,0.3,0.45,0.6,0.65,0.8,0.9,1.0,0.0,0.0,0.1,0.03
6,PE_FED,-0.04726,0.15,0.25,0.4,0.7,0.65,0.8,0.9,0.5,0.0,0.0,0.1,0.04
8,PE_PB_FED,-0.04726,0.15,0.2,0.45,0.7,0.65,0.75,0.95,1.0,0.55,0.75,0.06,0.03
8,PB_FED,-0.047264,0.2,0.3,0.45,0.55,0.7,0.75,0.95,1.0,0.0,0.0,0.08,0.03
8,PB_FED,-0.0473,0.05,0.3,0.35,0.7,0.75,0.8,0.95,1.0,0.0,0.0,0.1,0.03
8,PB_FED,-0.047306,0.1,0.2,0.35,0.5,0.7,0.8,0.9,1.0,0.0,0.0,0.1,0.05
8,PB_FED,-0.047327,0.05,0.15,0.45,0.5,0.7,0.8,0.85,1.0,0.0,0.0,0.06,0.04
6,PE_PB,-0.047342,0.1,0.3,0.4,0.6,0.7,0.75,0.85,0.0,0.5,0.0,0.12,0.03
8,PB_FED,-0.047344,0.05,0.25,0.3,0.55,0.7,0.8,0.9,1.0,0.0,0.0,0.06,0.05
8,PE_FED,-0.047376,0.1,0.15,0.45,0.6,0.65,0.8,0.9,1.0,0.0,0.0,0.08,0.03
8,PE_FED,-0.047376,0.15,0.2,0.4,0.55,0.65,0.8,0.95,1.0,0.0,0.0,0.08,0.03
8,PE_FED,-0.047388,0.15,0.25,0.35,0.7,0.65,0.75,0.95,1.0,0.0,0.0,0.06,0.04
6,PE_PB,-0.047405,0.15,0.25,0.3,0.55,0.65,0.75,0.85,0.0,0.5,0.0,0.06,0.05
6,PE_PB_FED,-0.047426,0.1,0.15,0.4,0.5,0.7,0.75,0.95,0.5,0.65,0.75,0.06,0.04
8,PE_FED,-0.047429,0.05,0.2,0.3,0.65,0.75,0.8,0.95,1.0,0.0,0.0,0.1,0.04
6,PE_FED,-0.047434,0.05,0.25,0.4,0.65,0.7,0.8,0.95,0.5,0.0,0.0,0.12,0.05
8,PE_FED,-0.047453,0.05,0.15,0.4,0.7,0.65,0.75,0.85,1.0,0.0,0.0,0.12,0.03
8,PE_FED,-0.047455,0.15,0.25,0.45,0.55,0.7,0.75,0.95,1.0,0.0,0.0,0.1,0.03
6,PE_FED,-0.047464,0.1,0.15,0.4,0.5,0.7,0.75,0.9,0.5,0.0,0.0,0.06,0.05
8,PB_FED,-0.04747,0.1,0.25,0.45,0.55,0.7,0.8,0.9,1.0,0.0,0.0,0.12,0.04
6,PE_FED,-0.047488,0.15,0.2,0.35,0.65,0.65,0.75,0.85,0.5,0.0,0.0,0.12,0.05
8,PB_FED,-0.047499,0.1,0.3,0.45,0.55,0.65,0.75,0.95,1.0,0.0,0.0,0.06,0.05
6,PE_FED,-0.047505,0.15,0.2,0.4,0.65,0.7,0.8,0.85,0.5,0.0,0.0,0.1,0.03
8,PE_PB_FED,-0.047509,0.1,0.3,0.35,0.55,0.65,0.85,0.9,0.5,0.55,0.8,0.06,0.05
6,PE_FED,-0.047511,0.1,0.3,0.4,0.65,0.7,0.75,0.95,0.5,0.0,0.0,0.06,0.05
6,PE_FED,-0.047522,0.15,0.25,0.35,0.7,0.65,0.75,0.85,0.5,0.0,0.0,0.12,0.03
6,PE_PB_FED,-0.047522,0.15,0.3,0.45,0.55,0.75,0.8,0.85,-0.5,0.5,0.7,0.06,0.04
8,PB_FED,-0.047526,0.2,0.25,0.3,0.5,0.7,0.75,0.85,1.0,0.0,0.0,0.08,0.04
6,PE_PB,-0.04753,0.2,0.25,0.4,0.55,0.7,0.75,0.9,0.0,0.5,0.0,0.12,0.05
6,PE_FED,-0.047533,0.15,0.25,0.45,0.7,0.75,0.85,0.95,0.5,0.0,0.0,0.12,0.04
6,PE_FED,-0.047537,0.1,0.25,0.3,0.65,0.75,0.8,0.9,0.5,0.0,0.0,0.06,0.04
8,PB_FED,-0.047544,0.15,0.25,0.45,0.5,0.75,0.8,0.9,1.0,0.0,0.0,0.12,0.03
8,PE_FED,-0.047552,0.05,0.2,0.4,0.65,0.65,0.75,0.9,1.0,0.0,0.0,0.12,0.03
6,PE_PB,-0.047555,0.1,0.25,0.3,0.5,0.75,0.8,0.9,0.0,0.5,0.0,0.08,0.03
6,PE_FED,-0.047557,0.1,0.2,0.3,0.55,0.7,0.75,0.95,0.5,0.0,0.0,0.12,0.04
8,PB_FED,-0.047575,0.05,0.3,0.4,0.6,0.7,0.75,0.9,1.0,0.0,0.0,0.12,0.04
6,PE_FED,-0.047584,0.15,0.2,0.3,0.7,0.7,0.85,0.9,0.5,0.0,0.0,0.12,0.05
8,PE_PB,-0.047586,0.15,0.3,0.45,0.5,0.65,0.85,0.9,0.0,0.5,0.0,0.1,0.04
6,PE_PB_FED,-0.047587,0.15,0.3,0.4,0.5,0.7,0.85,0.9,0.0,0.6,0.7,0.08,0.05
8,PE_PB_FED,-0.047592,0.2,0.3,0.4,0.55,0.7,0.85,0.95,0.5,0.5,0.7,0.12,0.05
8,PE_FED,-0.047603,0.05,0.15,0.4,0.7,0.65,0.8,0.9,1.0,0.0,0.0,0.12,0.05
8,PB_FED,-0.047606,0.1,0.3,0.35,0.55,0.65,0.75,0.9,1.0,0.0,0.0,0.12,0.05
6,PE_PB,-0.047614,0.05,0.3,0.45,0.55,0.65,0.85,0.95,0.0,0.5,0.0,0.12,0.05
8,PE_FED,-0.047625,0.05,0.2,0.4,0.65,0.75,0.8,0.95,1.0,0.0,0.0,0.1,0.04
6,PE_FED,-0.047639,0.2,0.25,0.35,0.7,0.65,0.85,0.95,0.5,0.0,0.0,0.12,0.03
8,PB_FED,-0.047646,0.1,0.15,0.45,0.5,0.75,0.85,0.95,1.0,0.0,0.0,0.1,0.05
8,PB_FED,-0.047649,0.2,0.25,0.45,0.6,0.65,0.8,0.95,1.0,0.0,0.0,0.06,0.04
6,PE_FED,-0.047665,0.05,0.15,0.4,0.55,0.75,0.85,0.95,0.5,0.0,0.0,0.06,0.04
6,PE_FED,-0.047675,0.1,0.2,0.45,0.65,0.75,0.8,0.9,0.5,0.0,0.0,0.06,0.05
8,PE_FED,-0.047675,0.05,0.25,0.35,0.65,0.7,0.8,0.95,1.0,0.0,0.0,0.12,0.03
8,PB_FED,-0.047682,0.05,0.25,0.4,0.7,0.7,0.85,0.95,1.0,0.0,0.0,0.1,0.04
6,PE_PB,-0.047695,0.2,0.3,0.45,0.55,0.65,0.8,0.9,0.0,0.5,0.0,0.08,0.03
6,PE_PB_FED,-0.047715,0.15,0.25,0.45,0.5,0.75,0.85,0.9,-0.5,0.5,0.75,0.08,0.04
8,PE_FED,-0.047715,0.1,0.15,0.45,0.6,0.75,0.85,0.95,1.0,0.0,0.0,0.1,0.03
6,PE_PB_FED,-0.047723,0.1,0.15,0.4,0.6,0.75,0.8,0.9,0.5,0.65,0.7,0.08,0.04
6,PE_PB_FED,-0.047725,0.05,0.3,0.4,0.5,0.7,0.85,0.9,-0.5,0.6,0.8,0.1,0.04
8,PE_FED,-0.047742,0.1,0.2,0.4,0.65,0.75,0.8,0.95,1.0,0.0,0.0,0.06,0.04
8,PE_FED,-0.047744,0.15,0.25,0.35,0.65,0.65,0.75,0.95,1.0,0.0,0.0,0.1,0.05
6,PE_FED,-0.047746,0.1,0.2,0.35,0.6,0.75,0.8,0.95,0.5,0.0,0.0,0.1,0.05
6,PE_PB_FED,-0.047775,0.2,0.3,0.35,0.55,0.75,0.85,0.9,-0.5,0.5,0.7,0.08,0.03
6,PE_FED,-0.047783,0.05,0.2,0.45,0.7,0.65,0.75,0.85,0.5,0.0,0.0,0.08,0.03
6,PE_PB_FED,-0.047813,0.1,0.3,0.45,0.55,0.65,0.85,0.9,-0.5,0.5,0.75,0.06,0.03
6,PE_FED,-0.04782,0.1,0.15,0.4,0.5,0.65,0.8,0.9,0.5,0.0,0.0,0.1,0.04
8,PE_FED,-0.047827,0.1,0.2,0.45,0.65,0.7,0.8,0.95,1.0,0.0,0.0,0.12,0.04
8,PE_PB_FED,-0.047834,0.2,0.25,0.4,0.55,0.7,0.85,0.9,0.5,0.5,0.8,0.08,0.05
8,PB_FED,-0.04784,0.1,0.15,0.45,0.5,0.7,0.85,0.9,1.0,0.0,0.0,0.1,0.04
6,PE_FED,-0.047851,0.15,0.25,0.4,0.65,0.65,0.8,0.9,0.5,0.0,0.0,0.06,0.04
6,PE_PB_FED,-0.047853,0.1,0.2,0.45,0.7,0.75,0.8,0.95,0.5,0.6,0.7,0.12,0.04
6,PE_PB_FED,-0.047853,0.1,0.2,0.3,0.65,0.65,0.75,0.95,0.5,0.55,0.7,0.12,0.05
6,PE_FED,-0.047857,0.15,0.3,0.35,0.65,0.75,0.8,0.95,0.5,0.0,0.0,0.12,0.04
8,PE_PB_FED,-0.047859,0.1,0.25,0.3,0.7,0.7,0.75,0.95,1.0,0.65,0.7,0.12,0.04
6,PE_PB_FED,-0.047862,0.1,0.3,0.45,0.55,0.75,0.85,0.9,0.0,0.5,0.8,0.06,0.04
8,PE_FED,-0.047867,0.1,0.15,0.3,0.6,0.7,0.8,0.9,1.0,0.0,0.0,0.06,0.04
8,PE_FED,-0.047889,0.1,0.25,0.45,0.65,0.7,0.75,0.95,1.0,0.0,0.0,0.08,0.05
8,PE_PB_FED,-0.047889,0.05,0.2,0.4,0.5,0.65,0.75,0.95,1.0,0.6,0.75,0.08,0.03
8,PB_FED,-0.04789,0.1,0.25,0.45,0.65,0.65,0.85,0.9,1.0,0.0,0.0,0.08,0.05
6,PE_FED,-0.047894,0.05,0.25,0.3,0.7,0.65,0.75,0.9,0.5,0.0,0.0,0.1,0.05
8,PE_PB_FED,-0.047894,0.15,0.25,0.3,0.55,0.7,0.75,0.95,1.0,0.65,0.8,0.12,0.03
8,PB_FED,-0.047898,0.1,0.3,0.4,0.5,0.65,0.75,0.95,1.0,0.0,0.0,0.08,0.03
6,PE_PB,-0.047902,0.2,0.3,0.35,0.6,0.7,0.75,0.85,0.0,0.5,0.0,0.1,0.03
6,PE_PB,-0.047912,0.05,0.3,0.35,0.6,0.65,0.75,0.85,0.0,0.5,0.0,0.12,0.05
6,PE_PB_FED,-0.047921,0.1,0.3,0.45,0.5,0.75,0.85,0.9,-0.5,0.6,0.75,0.12,0.04
6,PE_FED,-0.047931,0.05,0.2,0.45,0.65,0.7,0.85,0.95,0.5,0.0,0.0,0.12,0.05
8,PE_PB_FED,-0.047946,0.05,0.2,0.3,0.6,0.7,0.8,0.95,1.0,0.6,0.7,0.12,0.03
6,PE_PB,-0.047947,0.15,0.3,0.35,0.6,0.65,0.85,0.9,0.0,0.5,0.0,0.08,0.05
8,PB_FED,-0.047948,0.1,0.3,0.4,0.7,0.75,0.85,0.95,1.0,0.0,0.0,0.06,0.03
8,PB_FED,-0.04795,0.15,0.25,0.3,0.55,0.7,0.85,0.9,1.0,0.0,0.0,0.08,0.04
6,PE_FED,-0.047956,0.15,0.2,0.35,0.65,0.75,0.85,0.9,0.5,0.0,0.0,0.12,0.04
6,PE_FED,-0.047963,0.05,0.15,0.45,0.55,0.7,0.75,0.9,0.5,0.0,0.0,0.12,0.05
8,PE_FED,-0.047963,0.05,0.25,0.35,0.6,0.7,0.75,0.95,1.0,0.0,0.0,0.12,0.05
6,PE_PB_FED,-0.047964,0.1,0.15,0.35,0.55,0.7,0.75,0.9,0.5,0.6,0.8,0.1,0.04
8,PB_FED,-0.047983,0.2,0.25,0.4,0.7,0.65,0.85,0.9,1.0,0.0,0.0,0.08,0.04
6,PE_PB_FED,-0.047985,0.05,0.15,0.4,0.65,0.7,0.75,0.95,0.5,0.55,0.7,0.06,0.05
6,PE_FED,-0.047988,0.1,0.2,0.3,0.65,0.65,0.8,0.85,0.5,0.0,0.0,0.06,0.05
6,PE_PB_FED,-0.047992,0.15,0.3,0.45,0.5,0.65,0.85,0.9,0.0,0.6,0.8,0.1,0.05
6,PE_PB,-0.047998,0.2,0.3,0.35,0.55,0.65,0.85,0.95,0.0,0.5,0.0,0.08,0.05
8,PB_FED,-0.048009,0.05,0.15,0.4,0.5,0.65,0.8,0.85,1.0,0.0,0.0,0.08,0.05
6,PE_PB,-0.048022,0.2,0.3,0.35,0.6,0.65,0.85,0.9,0.0,0.5,0.0,0.12,0.03
6,PE_PB,-0.048025,0.2,0.25,0.35,0.5,0.65,0.85,0.95,0.0,0.5,0.0,0.1,0.03
6,PE_PB,-0.048026,0.05,0.25,0.4,0.5,0.7,0.8,0.9,0.0,0.5,0.0,0.12,0.04
6,PE_FED,-0.048039,0.05,0.15,0.3,0.6,0.7,0.8,0.85,0.5,0.0,0.0,0.08,0.04
6,PE_PB,-0.048041,0.05,0.25,0.4,0.5,0.65,0.75,0.85,0.0,0.5,0.0,0.08,0.04
8,PB_FED,-0.048043,0.1,0.3,0.45,0.55,0.65,0.75,0.9,1.0,0.0,0.0,0.06,0.05
6,PE_FED,-0.048054,0.1,0.25,0.3,0.55,0.7,0.75,0.95,0.5,0.0,0.0,0.06,0.03
8,PB_FED,-0.048056,0.2,0.3,0.45,0.55,0.7,0.75,0.95,1.0,0.0,0.0,0.1,0.04
6,PE_FED,-0.048063,0.15,0.2,0.45,0.65,0.65,0.75,0.85,0.5,0.0,0.0,0.1,0.05
8,PE_PB_FED,-0.048096,0.1,0.2,0.45,0.55,0.7,0.75,0.95,1.0,0.65,0.7,0.1,0.05
6,PE_PB,-0.048098,0.1,0.2,0.3,0.5,0.75,0.85,0.9,0.0,0.5,0.0,0.1,0.04
8,PE_FED,-0.048106,0.1,0.2,0.35,0.6,0.75,0.8,0.95,1.0,0.0,0.0,0.08,0.05
8,PB_FED,-0.04812,0.05,0.25,0.45,0.6,0.7,0.85,0.95,1.0,0.0,0.0,0.08,0.03
8,PE_FED,-0.048147,0.15,0.3,0.4,0.65,0.7,0.75,0.95,1.0,0.0,0.0,0.12,0.03
8,PB_FED,-0.048154,0.15,0.3,0.35,0.6,0.7,0.8,0.9,1.0,0.0,0.0,0.12,0.05
8,PB_FED,-0.048154,0.15,0.3,0.35,0.6,0.65,0.8,0.9,1.0,0.0,0.0,0.06,0.05
6,PE_FED,-0.048169,0.2,0.3,0.35,0.65,0.65,0.75,0.95,0.5,0.0,0.0,0.1,0.03
6,PE_FED,-0.048203,0.05,0.15,0.45,0.6,0.65,0.75,0.85,0.5,0.0,0.0,0.1,0.04
6,PE_PB_FED,-0.04821,0.1,0.15,0.3,0.65,0.65,0.85,0.9,0.5,0.65,0.7,0.12,0.04
8,PE_FED,-0.048212,0.15,0.25,0.3,0.7,0.7,0.8,0.95,1.0,0.0,0.0,0.06,0.04
6,PE_FED,-0.048219,0.1,0.2,0.35,0.6,0.65,0.75,0.9,0.5,0.0,0.0,0.12,0.04
8,PE_PB_FED,-0.048227,0.05,0.15,0.45,0.55,0.7,0.8,0.95,1.0,0.55,0.8,0.06,0.05
6,PE_FED,-0.048229,0.05,0.15,0.3,0.6,0.75,0.85,0.9,0.5,0.0,0.0,0.12,0.04
8,PB_FED,-0.048234,0.05,0.3,0.35,0.55,0.7,0.75,0.85,1.0,0.0,0.0,0.12,0.03
8,PB_FED,-0.048237,0.2,0.3,0.35,0.7,0.7,0.8,0.9,1.0,0.0,0.0,0.06,0.05
6,PE_FED,-0.048242,0.1,0.15,0.4,0.6,0.7,0.85,0.9,0.5,0.0,0.0,0.12,0.05
6,PE_FED,-0.048246,0.1,0.15,0.45,0.55,0.7,0.75,0.85,0.5,0.0,0.0,0.1,0.05
6,PB_FED,-0.048248,0.1,0.3,0.4,0.5,0.7,0.85,0.95,0.5,0.0,0.0,0.12,0.04
8,PE_FED,-0.048256,0.05,0.25,0.3,0.55,0.75,0.8,0.95,1.0,0.0,0.0,0.1,0.03
8,PE_FED,-0.04826,0.05,0.2,0.45,0.55,0.65,0.75,0.9,1.0,0.0,0.0,0.06,0.03
8,PE_PB_FED,-0.048269,0.05,0.15,0.3,0.55,0.7,0.85,0.95,1.0,0.65,0.7,0.12,0.03
8,PE_FED,-0.04828,0.1,0.2,0.3,0.7,0.7,0.8,0.9,1.0,0.0,0.0,0.1,0.03
6,PE_FED,-0.048294,0.1,0.2,0.3,0.65,0.65,0.85,0.9,0.5,0.0,0.0,0.1,0.05
6,PE_FED,-0.048307,0.15,0.2,0.45,0.6,0.7,0.8,0.95,0.5,0.0,0.0,0.08,0.05
6,PB_FED,-0.048314,0.15,0.3,0.4,0.5,0.75,0.85,0.9,0.5,0.0,0.0,0.12,0.05
6,PE_FED,-0.048315,0.1,0.2,0.45,0.65,0.75,0.8,0.85,0.5,0.0,0.0,0.06,0.04
8,PB_FED,-0.048317,0.05,0.3,0.35,0.6,0.65,0.8,0.9,1.0,0.0,0.0,0.1,0.03
6,PE_PB,-0.048324,0.2,0.3,0.35,0.55,0.65,0.75,0.9,0.0,0.5,0.0,0.12,0.04
8,PE_FED,-0.048326,0.05,0.2,0.3,0.7,0.65,0.75,0.9,1.0,0.0,0.0,0.1,0.05
6,PE_PB,-0.048341,0.1,0.15,0.45,0.5,0.75,0.8,0.85,0.0,0.5,0.0,0.1,0.05
6,PE_FED,-0.048347,0.05,0.2,0.45,0.7,0.75,0.8,0.85,0.5,0.0,0.0,0.06,0.04
8,PE_FED,-0.048347,0.15,0.25,0.35,0.7,0.65,0.8,0.95,1.0,0.0,0.0,0.12,0.04
8,PB_FED,-0.048358,0.2,0.25,0.3,0.55,0.65,0.85,0.95,1.0,0.0,0.0,0.12,0.03
8,PE_FED,-0.048363,0.05,0.15,0.35,0.5,0.7,0.85,0.95,1.0,0.0,0.0,0.1,0.03
6,PE_FED,-0.048365,0.1,0.25,0.35,0.7,0.75,0.85,0.9,0.5,0.0,0.0,0.06,0.04
8,PB_FED,-0.048365,0.15,0.2,0.35,0.5,0.7,0.85,0.95,1.0,0.0,0.0,0.12,0.04
8,PB_FED,-0.048368,0.05,0.25,0.45,0.55,0.7,0.8,0.95,1.0,0.0,0.0,0.12,0.05
6,PE_FED,-0.048375,0.15,0.3,0.35,0.65,0.65,0.85,0.95,0.5,0.0,0.0,0.12,0.03
6,PE_PB_FED,-0.048375,0.1,0.2,0.3,0.65,0.7,0.8,0.95,0.5,0.55,0.75,0.12,0.05
6,PE_FED,-0.048387,0.05,0.25,0.45,0.65,0.75,0.85,0.95,0.5,0.0,0.0,0.12,0.03
6,PE_FED,-0.048389,0.15,0.3,0.45,0.65,0.75,0.8,0.95,0.5,0.0,0.0,0.08,0.05
6,PE_FED,-0.04839,0.15,0.2,0.35,0.6,0.75,0.8,0.9,0.5,0.0,0.0,0.08,0.03
8,PE_PB_FED,-0.048391,0.15,0.2,0.45,0.65,0.7,0.75,0.9,1.0,0.65,0.8,0.12,0.03
6,PE_PB_FED,-0.048393,0.15,0.2,0.45,0.65,0.65,0.75,0.95,0.5,0.6,0.8,0.08,0.03
6,PE_FED,-0.048395,0.15,0.3,0.45,0.65,0.65,0.75,0.9,0.5,0.0,0.0,0.08,0.03
6,PE_PB_FED,-0.048399,0.2,0.3,0.45,0.55,0.75,0.85,0.9,-0.5,0.5,0.8,0.06,0.04
8,PB_FED,-0.048415,0.05,0.25,0.45,0.55,0.65,0.75,0.85,1.0,0.0,0.0,0.08,0.05
6,PE_PB,-0.048419,0.15,0.3,0.45,0.5,0.65,0.75,0.95,0.0,0.5,0.0,0.06,0.05
6,PE_PB_FED,-0.048456,0.1,0.3,0.45,0.5,0.75,0.85,0.9,-0.5,0.6,0.8,0.1,0.05
6,PE_FED,-0.048464,0.15,0.25,0.3,0.65,0.75,0.8,0.85,0.5,0.0,0.0,0.1,0.03
6,PE_FED,-0.048474,0.1,0.15,0.3,0.5,0.7,0.8,0.85,0.5,0.0,0.0,0.06,0.03
6,PE_PB_FED,-0.048476,0.05,0.2,0.4,0.6,0.7,0.8,0.95,0.5,0.65,0.8,0.1,0.03
8,PB_FED,-0.048477,0.05,0.3,0.4,0.6,0.75,0.8,0.9,1.0,0.0,0.0,0.08,0.03
6,PE_FED,-0.048483,0.1,0.3,0.4,0.7,0.75,0.85,0.95,0.5,0.0,0.0,0.1,0.04
8,PE_FED,-0.048489,0.05,0.15,0.45,0.6,0.7,0.85,0.95,1.0,0.0,0.0,0.12,0.04
6,PE_FED,-0.048509,0.1,0.25,0.45,0.7,0.65,0.8,0.85,0.5,0.0,0.0,0.12,0.03
6,PE_FED,-0.048527,0.2,0.25,0.4,0.7,0.75,0.85,0.95,0.5,0.0,0.0,0.06,0.05
8,PE_FED,-0.048531,0.1,0.15,0.3,0.6,0.7,0.85,0.95,1.0,0.0,0.0,0.08,0.05
6,PE_PB_FED,-0.048532,0.05,0.15,0.3,0.55,0.65,0.8,0.95,0.5,0.55,0.7,0.08,0.03
6,PE_FED,-0.048549,0.1,0.15,0.3,0.55,0.7,0.85,0.9,0.5,0.0,0.0,0.12,0.05
6,PE_PB,-0.048556,0.1,0.3,0.45,0.55,0.65,0.75,0.85,0.0,0.5,0.0,0.1,0.03
8,PB_FED,-0.048562,0.2,0.3,0.4,0.7,0.65,0.8,0.85,1.0,0.0,0.0,0.06,0.04
8,PB_FED,-0.048569,0.15,0.25,0.4,0.55,0.65,0.8,0.85,1.0,0.0,0.0,0.08,0.05
8,PE_FED,-0.048572,0.05,0.2,0.4,0.7,0.7,0.85,0.95,1.0,0.0,0.0,0.12,0.03
6,PE_PB_FED,-0.048593,0.1,0.15,0.3,0.7,0.7,0.75,0.85,0.5,0.55,0.75,0.08,0.05
6,PE_FED,-0.048594,0.05,0.3,0.45,0.65,0.65,0.8,0.95,0.5,0.0,0.0,0.08,0.03
6,PE_PB_FED,-0.048615,0.05,0.2,0.35,0.7,0.75,0.8,0.95,0.5,0.6,0.7,0.12,0.04
6,PE_PB,-0.048619,0.15,0.25,0.45,0.5,0.75,0.85,0.95,0.0,0.5,0.0,0.08,0.05
8,PB_FED,-0.048619,0.05,0.3,0.35,0.65,0.7,0.8,0.9,1.0,0.0,0.0,0.06,0.04
8,PB_FED,-0.04862,0.1,0.3,0.45,0.6,0.7,0.8,0.9,1.0,0.0,0.0,0.08,0.04
6,PE_PB_FED,-0.048626,0.2,0.3,0.45,0.5,0.75,0.8,0.9,-0.5,0.5,0.8,0.06,0.04
6,PE_PB,-0.048628,0.05,0.3,0.4,0.55,0.65,0.85,0.9,0.0,0.5,0.0,0.06,0.04
6,PE_PB_FED,-0.048636,0.15,0.25,0.3,0.65,0.75,0.8,0.95,0.5,0.65,0.8,0.12,0.03
6,PE_PB,-0.048648,0.2,0.3,0.45,0.5,0.7,0.8,0.95,0.0,0.5,0.0,0.06,0.03
8,PE_FED,-0.048648,0.1,0.15,0.4,0.6,0.75,0.85,0.95,1.0,0.0,0.0,0.08,0.04
8,PB_FED,-0.048676,0.05,0.3,0.4,0.65,0.65,0.8,0.85,1.0,0.0,0.0,0.12,0.03
8,PB_FED,-0.048691,0.2,0.25,0.4,0.55,0.75,0.8,0.85,1.0,0.0,0.0,0.1,0.04
6,PE_FED,-0.0487,0.1,0.15,0.35,0.5,0.75,0.8,0.85,0.5,0.0,0.0,0.1,0.03
6,PE_FED,-0.048702,0.15,0.25,0.4,0.65,0.7,0.8,0.85,0.5,0.0,0.0,0.1,0.03
6,PE_FED,-0.048709,0.05,0.25,0.4,0.65,0.75,0.85,0.95,0.5,0.0,0.0,0.08,0.05
8,PE_PB_FED,-0.048723,0.05,0.3,0.45,0.55,0.75,0.85,0.9,0.5,0.55,0.7,0.12,0.05
6,PE_FED,-0.048737,0.05,0.15,0.35,0.6,0.75,0.8,0.85,0.5,0.0,0.0,0.06,0.05
6,PE_FED,-0.048743,0.05,0.25,0.35,0.7,0.7,0.75,0.85,0.5,0.0,0.0,0.12,0.05
8,PB_FED,-0.048743,0.2,0.25,0.45,0.5,0.65,0.8,0.9,1.0,0.0,0.0,0.1,0.03
6,PE_FED,-0.04875,0.05,0.2,0.35,0.55,0.7,0.75,0.95,0.5,0.0,0.0,0.1,0.04
6,PE_FED,-0.048761,0.15,0.25,0.4,0.7,0.7,0.8,0.85,0.5,0.0,0.0,0.06,0.05
8,PB_FED,-0.048766,0.15,0.3,0.4,0.65,0.75,0.85,0.95,1.0,0.0,0.0,0.08,0.04
6,PE_FED,-0.048776,0.05,0.25,0.3,0.7,0.65,0.85,0.9,0.5,0.0,0.0,0.12,0.03
6,PE_PB_FED,-0.048778,0.05,0.15,0.3,0.6,0.75,0.8,0.9,0.5,0.6,0.75,0.08,0.03
6,PE_FED,-0.04878,0.1,0.25,0.3,0.65,0.65,0.8,0.85,0.5,0.0,0.0,0.08,0.04
6,PE_PB_FED,-0.048781,0.1,0.2,0.35,0.65,0.65,0.8,0.95,0.5,0.5,0.75,0.08,0.03
8,PE_PB,-0.048798,0.2,0.3,0.4,0.5,0.65,0.85,0.9,0.0,0.5,0.0,0.12,0.05
6,PE_PB,-0.048802,0.1,0.2,0.4,0.5,0.75,0.85,0.9,0.0,0.5,0.0,0.12,0.05
6,PB_FED,-0.048812,0.2,0.3,0.4,0.5,0.75,0.8,0.85,0.5,0.0,0.0,0.1,0.05
8,PE_PB_FED,-0.048812,0.05,0.15,0.35,0.55,0.75,0.8,0.9,1.0,0.65,0.8,0.12,0.04
8,PE_PB_FED,-0.048812,0.05,0.15,0.35,0.55,0.7,0.8,0.9,1.0,0.65,0.8,0.08,0.04
8,PE_FED,-0.048813,0.15,0.3,0.45,0.7,0.65,0.8,0.95,1.0,0.0,0.0,0.08,0.03
8,PE_FED,-0.048813,0.1,0.25,0.3,0.65,0.65,0.8,0.95,1.0,0.0,0.0,0.08,0.05
8,PE_FED,-0.048824,0.15,0.25,0.3,0.5,0.7,0.75,0.95,1.0,0.0,0.0,0.12,0.05
8,PB_FED,-0.048848,0.15,0.3,0.4,0.7,0.75,0.85,0.9,1.0,0.0,0.0,0.12,0.04
8,PE_FED,-0.048849,0.05,0.2,0.3,0.5,0.65,0.8,0.95,1.0,0.0,0.0,0.1,0.05
6,PE_PB_FED,-0.048855,0.1,0.15,0.4,0.5,0.75,0.8,0.9,0.5,0.65,0.7,0.08,0.03
8,PB_FED,-0.048855,0.05,0.25,0.4,0.6,0.7,0.8,0.85,1.0,0.0,0.0,0.12,0.05
6,PE_FED,-0.048862,0.15,0.25,0.45,0.65,0.65,0.8,0.9,0.5,0.0,0.0,0.06,0.05
8,PB_FED,-0.04887,0.15,0.25,0.45,0.5,0.75,0.8,0.9,1.0,0.0,0.0,0.06,0.05
8,PB_FED,-0.048873,0.2,0.3,0.35,0.5,0.7,0.75,0.95,1.0,0.0,0.0,0.06,0.04
8,PE_FED,-0.048879,0.05,0.25,0.3,0.7,0.65,0.75,0.9,1.0,0.0,0.0,0.06,0.04
8,PE_FED,-0.048891,0.05,0.2,0.35,0.5,0.7,0.8,0.95,1.0,0.0,0.0,0.12,0.04
8,PB_FED,-0.048899,0.15,0.3,0.45,0.6,0.7,0.85,0.95,1.0,0.0,0.0,0.08,0.03
6,PE_FED,-0.0489,0.1,0.2,0.35,0.55,0.75,0.85,0.95,0.5,0.0,0.0,0.1,0.03
8,PB_FED,-0.048913,0.15,0.3,0.4,0.55,0.7,0.8,0.9,1.0,0.0,0.0,0.12,0.04
8,PB_FED,-0.048913,0.2,0.3,0.45,0.7,0.75,0.85,0.9,1.0,0.0,0.0,0.12,0.03
8,PB_FED,-0.048917,0.05,0.3,0.35,0.7,0.75,0.8,0.85,1.0,0.0,0.0,0.06,0.04
8,PE_PB_FED,-0.048919,0.05,0.15,0.35,0.7,0.7,0.75,0.85,1.0,0.65,0.7,0.06,0.05
8,PB_FED,-0.048938,0.1,0.25,0.35,0.55,0.75,0.85,0.9,1.0,0.0,0.0,0.1,0.04
8,PE_FED,-0.048949,0.1,0.3,0.45,0.55,0.65,0.75,0.95,1.0,0.0,0.0,0.1,0.03
6,PE_PB_FED,-0.048956,0.1,0.2,0.45,0.7,0.7,0.75,0.85,0.5,0.65,0.7,0.1,0.04
6,PE_PB_FED,-0.048957,0.15,0.2,0.4,0.55,0.7,0.8,0.95,0.5,0.65,0.8,0.08,0.03
8,PB_FED,-0.048957,0.05,0.3,0.35,0.7,0.7,0.85,0.95,1.0,0.0,0.0,0.06,0.03
6,PE_FED,-0.04896,0.1,0.2,0.45,0.55,0.65,0.8,0.95,0.5,0.0,0.0,0.12,0.05
6,PE_FED,-0.048961,0.1,0.25,0.35,0.6,0.75,0.8,0.95,0.5,0.0,0.0,0.1,0.04
6,PE_FED,-0.048971,0.05,0.25,0.45,0.7,0.65,0.75,0.85,0.5,0.0,0.0,0.08,0.03
8,PE_FED,-0.048984,0.2,0.25,0.4,0.55,0.7,0.75,0.95,1.0,0.0,0.0,0.08,0.03
6,PE_PB_FED,-0.049002,0.05,0.15,0.35,0.6,0.65,0.8,0.9,0.5,0.65,0.7,0.1,0.04
8,PE_FED,-0.049009,0.15,0.25,0.35,0.6,0.7,0.75,0.9,1.0,0.0,0.0,0.08,0.03
8,PB_FED,-0.049052,0.05,0.3,0.4,0.65,0.75,0.8,0.9,1.0,0.0,0.0,0.06,0.05
6,PE_FED,-0.04908,0.2,0.3,0.45,0.65,0.65,0.8,0.95,0.5,0.0,0.0,0.12,0.03
6,PE_PB_FED,-0.04909,0.05,0.2,0.4,0.55,0.65,0.8,0.95,0.5,0.65,0.8,0.06,0.03
8,PE_PB_FED,-0.04911,0.1,0.25,0.3,0.6,0.65,0.75,0.95,1.0,0.6,0.8,0.06,0.04
8,PE_PB_FED,-0.049119,0.15,0.2,0.3,0.55,0.65,0.75,0.95,1.0,0.55,0.8,0.12,0.05
6,PE_FED,-0.049127,0.05,0.2,0.4,0.65,0.7,0.8,0.85,0.5,0.0,0.0,0.06,0.05
8,PB_FED,-0.049132,0.2,0.3,0.4,0.5,0.7,0.75,0.95,1.0,0.0,0.0,0.06,0.05
6,PE_PB_FED,-0.049137,0.15,0.25,0.35,0.7,0.75,0.8,0.95,0.5,0.65,0.7,0.1,0.04
6,PE_PB,-0.049139,0.15,0.2,0.45,0.5,0.75,0.85,0.9,0.0,0.5,0.0,0.12,0.05
6,PE_PB_FED,-0.049148,0.1,0.15,0.3,0.5,0.65,0.8,0.9,0.5,0.65,0.8,0.1,0.04
6,PE_PB,-0.049151,0.1,0.3,0.35,0.55,0.65,0.75,0.85,0.0,0.5,0.0,0.1,0.05
8,PE_PB_FED,-0.049174,0.2,0.3,0.35,0.5,0.65,0.8,0.85,0.5,0.5,0.8,0.12,0.03
8,PB_FED,-0.049197,0.05,0.3,0.35,0.65,0.7,0.8,0.85,1.0,0.0,0.0,0.08,0.04
8,PB_FED,-0.049204,0.15,0.3,0.45,0.55,0.7,0.8,0.85,1.0,0.0,0.0,0.12,0.03
8,PB_FED,-0.049229,0.2,0.3,0.45,0.6,0.65,0.8,0.85,1.0,0.0,0.0,0.08,0.03
8,PE_PB_FED,-0.049251,0.1,0.15,0.35,0.5,0.65,0.75,0.9,1.0,0.6,0.8,0.06,0.05
6,PE_PB_FED,-0.049257,0.05,0.25,0.4,0.65,0.7,0.75,0.95,0.5,0.6,0.7,0.12,0.03
8,PB_FED,-0.049261,0.15,0.2,0.45,0.5,0.65,0.85,0.95,1.0,0.0,0.0,0.12,0.04
8,PE_FED,-0.049279,0.1,0.15,0.45,0.5,0.7,0.75,0.85,1.0,0.0,0.0,0.06,0.03
8,PE_PB_FED,-0.049279,0.1,0.2,0.4,0.55,0.65,0.8,0.95,1.0,0.65,0.8,0.1,0.05
8,PE_FED,-0.049282,0.1,0.15,0.4,0.6,0.65,0.75,0.85,1.0,0.0,0.0,0.12,0.05
8,PE_PB,-0.049286,0.2,0.3,0.45,0.5,0.75,0.85,0.9,0.0,0.5,0.0,0.12,0.05
6,PE_FED,-0.049335,0.05,0.25,0.4,0.6,0.7,0.8,0.95,0.5,0.0,0.0,0.06,0.03
6,PE_PB,-0.049342,0.2,0.25,0.3,0.5,0.75,0.8,0.85,0.0,0.5,0.0,0.1,0.03
6,PE_FED,-0.049345,0.15,0.25,0.3,0.55,0.75,0.8,0.95,0.5,0.0,0.0,0.1,0.04
8,PE_PB_FED,-0.049349,0.05,0.15,0.35,0.7,0.7,0.85,0.95,1.0,0.55,0.8,0.12,0.05
6,PE_FED,-0.049355,0.1,0.25,0.3,0.6,0.7,0.85,0.95,0.5,0.0,0.0,0.06,0.03
6,PE_FED,-0.049403,0.05,0.2,0.45,0.6,0.65,0.8,0.95,0.5,0.0,0.0,0.06,0.05
8,PE_FED,-0.049415,0.15,0.25,0.45,0.6,0.7,0.8,0.95,1.0,0.0,0.0,0.1,0.05
6,PE_PB,-0.049418,0.15,0.3,0.35,0.5,0.65,0.85,0.95,0.0,0.5,0.0,0.06,0.03
8,PE_PB_FED,-0.049429,0.05,0.15,0.4,0.65,0.7,0.75,0.85,1.0,0.65,0.8,0.1,0.05
8,PE_PB_FED,-0.049436,0.05,0.25,0.3,0.6,0.7,0.75,0.95,1.0,0.5,0.8,0.1,0.03
6,PE_PB_FED,-0.04944,0.1,0.15,0.3,0.65,0.7,0.85,0.9,0.5,0.55,0.75,0.08,0.03
8,PE_PB_FED,-0.049447,0.05,0.15,0.4,0.65,0.65,0.8,0.9,1.0,0.55,0.75,0.12,0.04
8,PE_FED,-0.049452,0.2,0.25,0.4,0.65,0.75,0.8,0.95,1.0,0.0,0.0,0.06,0.03
6,PE_FED,-0.049457,0.1,0.2,0.4,0.5,0.7,0.75,0.9,0.5,0.0,0.0,0.08,0.03
8,PE_FED,-0.049479,0.1,0.15,0.45,0.65,0.7,0.8,0.85,1.0,0.0,0.0,0.06,0.03
8,PE_PB_FED,-0.049483,0.05,0.25,0.45,0.65,0.65,0.75,0.9,1.0,0.65,0.8,0.06,0.03
6,PE_PB_FED,-0.049517,0.1,0.15,0.45,0.65,0.7,0.85,0.9,0.5,0.6,0.8,0.08,0.03
6,PE_PB_FED,-0.049532,0.1,0.2,0.35,0.7,0.75,0.85,0.95,0.5,0.5,0.7,0.06,0.03
8,PE_FED,-0.04955,0.05,0.3,0.35,0.5,0.65,0.75,0.95,1.0,0.0,0.0,0.08,0.03
6,PE_PB_FED,-0.04956,0.15,0.2,0.3,0.55,0.65,0.8,0.95,0.5,0.65,0.75,0.08,0.05
8,PE_FED,-0.049565,0.1,0.2,0.45,0.55,0.7,0.75,0.9,1.0,0.0,0.0,0.08,0.05
6,PE_PB,-0.049574,0.15,0.25,0.3,0.5,0.65,0.8,0.85,0.0,0.5,0.0,0.06,0.05
8,PE_PB_FED,-0.049577,0.05,0.15,0.3,0.5,0.65,0.75,0.85,1.0,0.65,0.8,0.06,0.03
8,PE_PB_FED,-0.049585,0.15,0.25,0.3,0.65,0.65,0.75,0.95,1.0,0.55,0.75,0.08,0.05
6,PE_FED,-0.04959,0.15,0.2,0.35,0.55,0.75,0.8,0.9,0.5,0.0,0.0,0.06,0.04
8,PB_FED,-0.049594,0.1,0.25,0.45,0.55,0.7,0.85,0.9,1.0,0.0,0.0,0.06,0.05
6,PE_FED,-0.049598,0.15,0.2,0.45,0.55,0.65,0.8,0.9,0.5,0.0,0.0,0.08,0.03
8,PE_FED,-0.049601,0.1,0.2,0.45,0.7,0.7,0.75,0.85,1.0,0.0,0.0,0.06,0.03
8,PE_FED,-0.049601,0.05,0.2,0.35,0.65,0.65,0.8,0.9,1.0,0.0,0.0,0.12,0.04
6,PE_PB_FED,-0.049602,0.15,0.2,0.45,0.7,0.65,0.85,0.95,0.5,0.6,0.75,0.1,0.03
6,PE_FED,-0.049613,0.2,0.25,0.4,0.7,0.75,0.85,0.9,0.5,0.0,0.0,0.08,0.03
6,PE_PB_FED,-0.049621,0.1,0.15,0.4,0.7,0.75,0.8,0.85,0.5,0.55,0.8,0.06,0.05
6,PE_FED,-0.049632,0.2,0.25,0.3,0.7,0.65,0.85,0.9,0.5,0.0,0.0,0.1,0.04
6,PE_FED,-0.049633,0.15,0.2,0.45,0.6,0.7,0.85,0.95,0.5,0.0,0.0,0.1,0.05
6,PE_PB_FED,-0.049636,0.1,0.15,0.3,0.55,0.7,0.85,0.95,0.5,0.55,0.8,0.08,0.05
6,PE_FED,-0.049661,0.1,0.25,0.4,0.55,0.65,0.75,0.9,0.5,0.0,0.0,0.06,0.03
6,PE_FED,-0.049665,0.05,0.25,0.45,0.65,0.7,0.75,0.85,0.5,0.0,0.0,0.06,0.04
6,PE_FED,-0.04967,0.1,0.2,0.45,0.55,0.75,0.8,0.9,0.5,0.0,0.0,0.08,0.03
8,PE_FED,-0.049672,0.1,0.2,0.35,0.65,0.65,0.8,0.9,1.0,0.0,0.0,0.06,0.04
8,PE_FED,-0.049682,0.1,0.25,0.4,0.55,0.75,0.8,0.95,1.0,0.0,0.0,0.1,0.05
8,PB_FED,-0.049683,0.05,0.2,0.4,0.5,0.65,0.85,0.95,1.0,0.0,0.0,0.06,0.05
6,PE_FED,-0.049697,0.1,0.2,0.45,0.6,0.7,0.85,0.95,0.5,0.0,0.0,0.08,0.05
6,PE_FED,-0.049697,0.2,0.25,0.3,0.65,0.65,0.75,0.85,0.5,0.0,0.0,0.08,0.04
8,PE_FED,-0.049697,0.05,0.25,0.35,0.7,0.75,0.85,0.95,1.0,0.0,0.0,0.08,0.03
8,PE_FED,-0.049698,0.1,0.25,0.45,0.55,0.7,0.8,0.95,1.0,0.0,0.0,0.1,0.04
6,PE_FED,-0.049705,0.15,0.3,0.35,0.65,0.7,0.8,0.9,0.5,0.0,0.0,0.06,0.05
6,PE_PB,-0.049721,0.2,0.3,0.35,0.5,0.7,0.75,0.9,0.0,0.5,0.0,0.06,0.04
6,PE_FED,-0.049721,0.15,0.25,0.4,0.6,0.75,0.8,0.9,0.5,0.0,0.0,0.08,0.03
6,PE_PB_FED,-0.049723,0.05,0.2,0.4,0.7,0.65,0.75,0.85,0.5,0.65,0.8,0.1,0.03
8,PB_FED,-0.049723,0.05,0.3,0.4,0.5,0.65,0.75,0.95,1.0,0.0,0.0,0.06,0.04
6,PE_FED,-0.049725,0.15,0.25,0.35,0.65,0.65,0.85,0.9,0.5,0.0,0.0,0.12,0.05
6,PE_FED,-0.049742,0.05,0.3,0.45,0.7,0.7,0.85,0.95,0.5,0.0,0.0,0.1,0.04
8,PE_PB_FED,-0.049747,0.05,0.3,0.45,0.55,0.7,0.75,0.95,1.0,0.65,0.75,0.1,0.03
8,PE_FED,-0.049759,0.2,0.25,0.35,0.6,0.75,0.8,0.95,1.0,0.0,0.0,0.12,0.03
8,PB_FED,-0.049777,0.2,0.3,0.4,0.7,0.75,0.8,0.85,1.0,0.0,0.0,0.1,0.05
6,PE_PB_FED,-0.04978,0.1,0.3,0.4,0.7,0.7,0.8,0.95,0.5,0.55,0.8,0.08,0.03
6,PE_PB_FED,-0.049799,0.05,0.25,0.45,0.7,0.7,0.75,0.95,0.5,0.55,0.7,0.06,0.03
6,PE_PB_FED,-0.04981,0.1,0.25,0.35,0.7,0.65,0.8,0.9,0.5,0.65,0.75,0.06,0.05
8,PE_FED,-0.049812,0.1,0.15,0.35,0.7,0.75,0.8,0.85,1.0,0.0,0.0,0.12,0.05
6,PE_FED,-0.049818,0.1,0.2,0.4,0.55,0.75,0.85,0.95,0.5,0.0,0.0,0.06,0.04
6,PE_PB_FED,-0.04982,0.1,0.15,0.35,0.5,0.7,0.75,0.95,0.5,0.5,0.8,0.08,0.04
8,PE_PB_FED,-0.04983,0.1,0.2,0.4,0.6,0.7,0.75,0.95,1.0,0.5,0.8,0.08,0.05
8,PE_FED,-0.049836,0.1,0.2,0.45,0.7,0.7,0.85,0.95,1.0,0.0,0.0,0.08,0.05
8,PE_PB_FED,-0.049839,0.05,0.2,0.35,0.7,0.7,0.8,0.95,1.0,0.5,0.7,0.12,0.05
6,PE_PB_FED,-0.049841,0.15,0.25,0.4,0.7,0.7,0.8,0.95,0.5,0.6,0.8,0.06,0.05
6,PE_PB_FED,-0.049854,0.1,0.15,0.35,0.6,0.65,0.75,0.9,0.5,0.5,0.75,0.12,0.05
8,PE_PB_FED,-0.049855,0.1,0.3,0.4,0.65,0.7,0.75,0.95,1.0,0.65,0.8,0.1,0.04
8,PB_FED,-0.049881,0.1,0.3,0.35,0.6,0.75,0.85,0.95,1.0,0.0,0.0,0.08,0.05
8,PB_FED,-0.0499,0.1,0.25,0.35,0.5,0.75,0.85,0.95,1.0,0.0,0.0,0.12,0.04
6,PE_PB_FED,-0.049907,0.1,0.3,0.35,0.6,0.65,0.75,0.95,0.5,0.65,0.8,0.06,0.04
8,PE_FED,-0.049908,0.15,0.2,0.35,0.65,0.7,0.75,0.85,1.0,0.0,0.0,0.1,0.03
8,PE_FED,-0.04991,0.1,0.3,0.45,0.55,0.65,0.75,0.95,1.0,0.0,0.0,0.08,0.04
8,PE_FED,-0.049912,0.05,0.25,0.35,0.65,0.65,0.75,0.9,1.0,0.0,0.0,0.08,0.05
6,PE_PB_FED,-0.049927,0.1,0.2,0.45,0.6,0.7,0.8,0.95,0.5,0.5,0.7,0.08,0.03
8,PE_PB_FED,-0.049931,0.15,0.2,0.45,0.65,0.7,0.8,0.95,1.0,0.55,0.7,0.08,0.05
6,PE_FED,-0.049952,0.2,0.3,0.35,0.65,0.75,0.85,0.95,0.5,0.0,0.0,0.12,0.03
8,PE_PB_FED,-0.049952,0.1,0.2,0.45,0.5,0.75,0.8,0.95,1.0,0.65,0.7,0.1,0.04
8,PE_FED,-0.049954,0.05,0.15,0.45,0.65,0.7,0.8,0.85,1.0,0.0,0.0,0.12,0.04
6,PE_PB_FED,-0.049956,0.05,0.15,0.45,0.7,0.75,0.8,0.9,0.5,0.5,0.7,0.12,0.03
8,PE_PB_FED,-0.049965,0.05,0.25,0.3,0.7,0.7,0.75,0.9,1.0,0.6,0.75,0.1,0.04
6,PE_PB_FED,-0.049969,0.1,0.2,0.4,0.65,0.65,0.85,0.9,0.5,0.65,0.8,0.12,0.04
8,PE_FED,-0.049977,0.05,0.2,0.3,0.7,0.7,0.75,0.85,1.0,0.0,0.0,0.06,0.04
6,PE_FED,-0.050013,0.1,0.25,0.45,0.6,0.7,0.75,0.9,0.5,0.0,0.0,0.12,0.04
6,PE_PB_FED,-0.050014,0.05,0.15,0.45,0.7,0.65,0.75,0.85,0.5,0.55,0.8,0.12,0.03
6,PE_FED,-0.050015,0.2,0.25,0.45,0.7,0.65,0.85,0.9,0.5,0.0,0.0,0.1,0.03
8,PE_FED,-0.050017,0.15,0.25,0.45,0.5,0.65,0.75,0.9,1.0,0.0,0.0,0.12,0.03
8,PB_FED,-0.050023,0.2,0.25,0.4,0.55,0.65,0.85,0.9,1.0,0.0,0.0,0.06,0.04
8,PE_FED,-0.050024,0.15,0.3,0.45,0.55,0.75,0.8,0.95,1.0,0.0,0.0,0.06,0.03
8,PE_PB_FED,-0.050027,0.1,0.3,0.45,0.5,0.7,0.85,0.9,0.5,0.5,0.75,0.1,0.04
6,PE_FED,-0.050053,0.05,0.15,0.35,0.5,0.65,0.85,0.9,0.5,0.0,0.0,0.08,0.03
8,PE_FED,-0.050057,0.1,0.2,0.35,0.6,0.75,0.8,0.9,1.0,0.0,0.0,0.06,0.04
8,PE_PB_FED,-0.050059,0.15,0.3,0.4,0.7,0.65,0.75,0.95,1.0,0.6,0.75,0.12,0.05
8,PE_FED,-0.050063,0.15,0.3,0.35,0.65,0.65,0.75,0.9,1.0,0.0,0.0,0.06,0.03
8,PE_PB_FED,-0.050063,0.05,0.25,0.3,0.55,0.75,0.8,0.95,1.0,0.65,0.75,0.1,0.04
6,PE_FED,-0.05007,0.2,0.25,0.35,0.7,0.75,0.8,0.85,0.5,0.0,0.0,0.1,0.05
6,PE_PB_FED,-0.050075,0.05,0.25,0.35,0.7,0.7,0.75,0.95,0.5,0.55,0.75,0.06,0.05
6,PE_PB_FED,-0.050085,0.15,0.25,0.4,0.7,0.7,0.75,0.95,0.5,0.55,0.7,0.12,0.04
6,PE_FED,-0.050087,0.2,0.3,0.35,0.65,0.75,0.8,0.9,0.5,0.0,0.0,0.08,0.03
6,PE_PB_FED,-0.050092,0.05,0.2,0.3,0.55,0.7,0.8,0.95,0.5,0.55,0.75,0.06,0.03
8,PB_FED,-0.050099,0.2,0.25,0.4,0.5,0.65,0.8,0.85,1.0,0.0,0.0,0.1,0.04
6,PE_PB_FED,-0.050103,0.2,0.25,0.3,0.7,0.7,0.8,0.95,0.5,0.65,0.8,0.12,0.04
6,PE_PB,-0.050107,0.15,0.25,0.45,0.5,0.7,0.8,0.85,0.0,0.5,0.0,0.08,0.05
8,PB_FED,-0.050135,0.15,0.3,0.45,0.6,0.65,0.85,0.9,1.0,0.0,0.0,0.06,0.04
8,PE_PB_FED,-0.050148,0.1,0.2,0.4,0.65,0.7,0.75,0.9,1.0,0.6,0.7,0.1,0.05
6,PE_PB_FED,-0.050152,0.15,0.2,0.3,0.7,0.7,0.85,0.9,0.5,0.65,0.8,0.08,0.03
6,PE_FED,-0.050165,0.2,0.3,0.45,0.7,0.7,0.85,0.95,0.5,0.0,0.0,0.12,0.05
8,PE_PB_FED,-0.050165,0.1,0.2,0.45,0.6,0.7,0.8,0.9,1.0,0.65,0.8,0.1,0.03
6,PE_PB_FED,-0.050174,0.1,0.2,0.45,0.55,0.7,0.75,0.9,0.5,0.55,0.8,0.06,0.03
8,PE_FED,-0.050186,0.1,0.3,0.4,0.65,0.7,0.75,0.9,1.0,0.0,0.0,0.1,0.03
6,PE_PB,-0.050188,0.05,0.3,0.4,0.5,0.65,0.8,0.9,0.0,0.5,0.0,0.12,0.04
6,PB_FED,-0.05019,0.05,0.15,0.3,0.6,0.7,0.75,0.95,1.0,0.0,0.0,0.1,0.03
8,PE_FED,-0.050196,0.1,0.25,0.35,0.5,0.65,0.8,0.95,1.0,0.0,0.0,0.1,0.04
8,PB_FED,-0.050197,0.15,0.25,0.4,0.5,0.75,0.85,0.9,1.0,0.0,0.0,0.08,0.04
8,PB_FED,-0.050199,0.1,0.3,0.4,0.6,0.65,0.85,0.9,1.0,0.0,0.0,0.12,0.04
6,PE_FED,-0.050205,0.2,0.25,0.3,0.7,0.7,0.85,0.9,0.5,0.0,0.0,0.06,0.05
6,PE_FED,-0.050214,0.2,0.3,0.45,0.7,0.65,0.85,0.95,0.5,0.0,0.0,0.06,0.04
8,PE_FED,-0.05022,0.15,0.2,0.35,0.65,0.7,0.85,0.95,1.0,0.0,0.0,0.08,0.04
6,PE_PB_FED,-0.050222,0.1,0.15,0.4,0.6,0.75,0.8,0.9,0.5,0.5,0.8,0.08,0.04
8,PE_PB_FED,-0.05023,0.05,0.15,0.35,0.5,0.65,0.75,0.85,1.0,0.6,0.8,0.1,0.03
8,PE_PB_FED,-0.050231,0.1,0.25,0.45,0.7,0.65,0.75,0.95,1.0,0.5,0.75,0.1,0.04
8,PE_PB_FED,-0.050237,0.15,0.25,0.4,0.65,0.7,0.8,0.95,1.0,0.6,0.7,0.1,0.05
6,PE_PB_FED,-0.05024,0.1,0.2,0.3,0.6,0.65,0.8,0.95,0.5,0.5,0.75,0.08,0.05
6,PE_FED,-0.050246,0.1,0.3,0.45,0.55,0.7,0.75,0.95,0.5,0.0,0.0,0.12,0.03
6,PE_PB_FED,-0.050252,0.1,0.2,0.4,0.5,0.65,0.75,0.95,0.5,0.55,0.7,0.1,0.05
8,PE_FED,-0.050273,0.05,0.2,0.35,0.5,0.7,0.8,0.9,1.0,0.0,0.0,0.1,0.03
6,PE_PB_FED,-0.050276,0.1,0.2,0.35,0.65,0.7,0.8,0.85,0.5,0.6,0.8,0.06,0.04
8,PE_PB_FED,-0.050279,0.1,0.2,0.4,0.65,0.75,0.8,0.9,1.0,0.6,0.75,0.08,0.03
8,PE_FED,-0.050283,0.05,0.2,0.4,0.6,0.65,0.75,0.85,1.0,0.0,0.0,0.08,0.03
6,PE_PB_FED,-0.050286,0.1,0.3,0.35,0.55,0.75,0.8,0.95,0.5,0.65,0.75,0.06,0.03
8,PE_PB_FED,-0.050291,0.05,0.15,0.35,0.55,0.65,0.75,0.85,1.0,0.6,0.75,0.1,0.04
6,PE_PB_FED,-0.050294,0.1,0.25,0.45,0.65,0.65,0.85,0.95,0.5,0.65,0.7,0.12,0.05
8,PE_PB_FED,-0.050302,0.1,0.2,0.3,0.7,0.7,0.8,0.9,1.0,0.6,0.75,0.06,0.04
8,PE_PB_FED,-0.05031,0.05,0.15,0.45,0.55,0.7,0.85,0.95,1.0,0.6,0.8,0.12,0.05
8,PE_FED,-0.050329,0.1,0.2,0.35,0.5,0.65,0.8,0.9,1.0,0.0,0.0,0.08,0.03
8,PE_FED,-0.050343,0.1,0.2,0.35,0.65,0.75,0.8,0.9,1.0,0.0,0.0,0.08,0.05
6,PE_FED,-0.050352,0.05,0.25,0.35,0.5,0.7,0.75,0.95,0.5,0.0,0.0,0.1,0.03
8,PB_FED,-0.050365,0.05,0.3,0.4,0.55,0.65,0.8,0.85,1.0,0.0,0.0,0.12,0.03
6,PB_FED,-0.050372,0.1,0.15,0.35,0.7,0.7,0.75,0.95,1.0,0.0,0.0,0.12,0.03
6,PE_PB_FED,-0.050379,0.05,0.15,0.3,0.65,0.7,0.8,0.85,0.5,0.55,0.7,0.1,0.03
6,PE_PB_FED,-0.050396,0.1,0.15,0.4,0.55,0.75,0.85,0.9,0.5,0.6,0.8,0.12,0.03
8,PE_FED,-0.050404,0.1,0.25,0.4,0.65,0.7,0.85,0.95,1.0,0.0,0.0,0.12,0.03
8,PE_FED,-0.050409,0.1,0.2,0.3,0.7,0.7,0.75,0.85,1.0,0.0,0.0,0.12,0.05
6,PE_PB_FED,-0.050423,0.1,0.3,0.45,0.5,0.75,0.85,0.9,-0.5,0.5,0.75,0.08,0.05
6,PE_PB_FED,-0.050426,0.05,0.2,0.4,0.6,0.65,0.75,0.9,0.5,0.6,0.7,0.1,0.04
8,PE_PB_FED,-0.050439,0.05,0.25,0.35,0.6,0.65,0.8,0.95,1.0,0.6,0.75,0.1,0.05
6,PE_FED,-0.05044,0.1,0.25,0.45,0.5,0.75,0.8,0.95,0.5,0.0,0.0,0.08,0.03
8,PE_FED,-0.050441,0.05,0.25,0.45,0.65,0.7,0.85,0.95,1.0,0.0,0.0,0.06,0.03
8,PE_FED,-0.050452,0.05,0.3,0.35,0.65,0.7,0.8,0.95,1.0,0.0,0.0,0.1,0.04
6,PE_PB,-0.050467,0.2,0.25,0.45,0.5,0.7,0.85,0.9,0.0,0.5,0.0,0.06,0.03
8,PB_FED,-0.050469,0.15,0.3,0.4,0.55,0.7,0.85,0.95,1.0,0.0,0.0,0.1,0.04
8,PB_FED,-0.050473,0.1,0.3,0.35,0.5,0.65,0.8,0.85,1.0,0.0,0.0,0.06,0.03
8,PB_FED,-0.05048,0.05,0.3,0.45,0.55,0.7,0.8,0.95,1.0,0.0,0.0,0.1,0.04
8,PE_PB_FED,-0.050484,0.05,0.2,0.4,0.6,0.7,0.75,0.9,1.0,0.5,0.7,0.06,0.03
6,PE_FED,-0.050495,0.15,0.25,0.45,0.5,0.65,0.75,0.95,0.5,0.0,0.0,0.1,0.04
8,PE_PB_FED,-0.050496,0.15,0.25,0.45,0.55,0.7,0.8,0.95,1.0,0.65,0.7,0.06,0.05
8,PE_FED,-0.050501,0.1,0.2,0.35,0.7,0.7,0.75,0.85,1.0,0.0,0.0,0.1,0.05
6,PE_FED,-0.050512,0.15,0.25,0.45,0.5,0.7,0.75,0.95,0.5,0.0,0.0,0.06,0.05
6,PE_PB_FED,-0.050535,0.1,0.25,0.3,0.55,0.7,0.75,0.9,0.5,0.6,0.7,0.1,0.04
6,PE_PB_FED,-0.050543,0.1,0.15,0.3,0.55,0.65,0.8,0.85,0.5,0.6,0.75,0.1,0.05
8,PB_FED,-0.050564,0.2,0.25,0.45,0.55,0.65,0.85,0.9,1.0,0.0,0.0,0.06,0.05
8,PE_PB_FED,-0.050591,0.05,0.2,0.35,0.65,0.7,0.75,0.85,1.0,0.65,0.75,0.1,0.03
8,PE_FED,-0.050616,0.2,0.25,0.45,0.65,0.7,0.8,0.95,1.0,0.0,0.0,0.12,0.04
8,PE_PB_FED,-0.050618,0.15,0.25,0.4,0.6,0.65,0.8,0.95,1.0,0.6,0.7,0.06,0.05
6,PE_FED,-0.050619,0.05,0.25,0.45,0.6,0.7,0.8,0.95,0.5,0.0,0.0,0.08,0.05
6,PE_FED,-0.050646,0.1,0.2,0.3,0.5,0.7,0.75,0.85,0.5,0.0,0.0,0.08,0.03
6,PE_FED,-0.050661,0.05,0.25,0.35,0.55,0.65,0.75,0.9,0.5,0.0,0.0,0.06,0.03
6,PE_FED,-0.050663,0.15,0.25,0.3,0.6,0.65,0.8,0.9,0.5,0.0,0.0,0.1,0.05
8,PE_FED,-0.050664,0.05,0.15,0.4,0.6,0.65,0.8,0.85,1.0,0.0,0.0,0.08,0.05
6,PE_FED,-0.050669,0.15,0.25,0.35,0.6,0.65,0.75,0.85,0.5,0.0,0.0,0.1,0.04
8,PE_FED,-0.05071,0.1,0.3,0.4,0.5,0.75,0.8,0.95,1.0,0.0,0.0,0.08,0.03
8,PE_PB_FED,-0.050727,0.15,0.25,0.35,0.7,0.75,0.8,0.9,1.0,0.6,0.8,0.08,0.03
8,PE_FED,-0.050731,0.05,0.15,0.45,0.55,0.7,0.8,0.85,1.0,0.0,0.0,0.08,0.04
6,PB_FED,-0.050746,0.1,0.15,0.45,0.65,0.7,0.8,0.95,1.0,0.0,0.0,0.12,0.03
8,PE_FED,-0.050755,0.1,0.25,0.3,0.7,0.75,0.85,0.95,1.0,0.0,0.0,0.12,0.05
8,PE_FED,-0.050758,0.15,0.25,0.3,0.65,0.75,0.8,0.9,1.0,0.0,0.0,0.08,0.04
8,PE_FED,-0.050774,0.15,0.25,0.3,0.6,0.75,0.85,0.95,1.0,0.0,0.0,0.12,0.03
6,PE_PB_FED,-0.050776,0.1,0.25,0.45,0.65,0.75,0.8,0.9,0.5,0.6,0.75,0.06,0.04
8,PE_PB_FED,-0.05078,0.1,0.2,0.4,0.65,0.65,0.8,0.95,1.0,0.5,0.7,0.06,0.05
6,PE_FED,-0.050788,0.15,0.2,0.45,0.55,0.65,0.8,0.9,0.5,0.0,0.0,0.1,0.05
8,PE_PB_FED,-0.050788,0.15,0.25,0.45,0.65,0.65,0.75,0.9,1.0,0.65,0.8,0.1,0.05
8,PE_PB_FED,-0.050805,0.05,0.25,0.3,0.6,0.7,0.75,0.9,1.0,0.55,0.8,0.08,0.03
8,PE_FED,-0.050807,0.2,0.3,0.45,0.65,0.7,0.75,0.95,1.0,0.0,0.0,0.08,0.05
6,PE_FED,-0.050812,0.1,0.25,0.4,0.5,0.75,0.8,0.95,0.5,0.0,0.0,0.08,0.05
8,PE_FED,-0.050833,0.1,0.15,0.4,0.55,0.7,0.8,0.85,1.0,0.0,0.0,0.12,0.04
6,PE_FED,-0.050836,0.15,0.3,0.45,0.65,0.65,0.85,0.9,0.5,0.0,0.0,0.06,0.03
6,PE_FED,-0.050836,0.15,0.3,0.45,0.65,0.65,0.85,0.9,0.5,0.0,0.0,0.1,0.03
8,PE_PB_FED,-0.050837,0.1,0.25,0.3,0.65,0.75,0.8,0.95,1.0,0.55,0.8,0.1,0.05
8,PE_PB_FED,-0.050838,0.1,0.15,0.35,0.6,0.7,0.85,0.95,1.0,0.55,0.75,0.08,0.04
8,PB_FED,-0.050873,0.1,0.3,0.35,0.55,0.65,0.85,0.95,1.0,0.0,0.0,0.1,0.05
8,PE_FED,-0.050879,0.1,0.2,0.4,0.7,0.75,0.8,0.85,1.0,0.0,0.0,0.08,0.03
6,PB_FED,-0.050885,0.1,0.15,0.45,0.7,0.65,0.8,0.95,1.0,0.0,0.0,0.06,0.03
8,PE_PB_FED,-0.050892,0.05,0.2,0.45,0.55,0.75,0.85,0.95,1.0,0.65,0.7,0.1,0.03
6,PE_PB_FED,-0.050901,0.1,0.2,0.45,0.65,0.7,0.8,0.9,0.5,0.55,0.75,0.1,0.05
8,PB_FED,-0.050901,0.05,0.3,0.45,0.7,0.7,0.85,0.9,1.0,0.0,0.0,0.08,0.05
6,PE_PB_FED,-0.05091,0.05,0.15,0.45,0.5,0.65,0.8,0.9,0.5,0.65,0.75,0.1,0.03
8,PE_FED,-0.050917,0.1,0.25,0.4,0.7,0.75,0.85,0.95,1.0,0.0,0.0,0.1,0.05
6,PE_FED,-0.050919,0.15,0.25,0.4,0.6,0.75,0.8,0.9,0.5,0.0,0.0,0.08,0.05
8,PE_PB_FED,-0.050923,0.15,0.25,0.35,0.65,0.7,0.8,0.95,1.0,0.55,0.8,0.12,0.05
8,PE_PB_FED,-0.050939,0.15,0.2,0.3,0.65,0.7,0.85,0.95,1.0,0.65,0.8,0.06,0.04
6,PE_FED,-0.050946,0.15,0.3,0.4,0.65,0.75,0.8,0.85,0.5,0.0,0.0,0.1,0.05
6,PE_FED,-0.050949,0.2,0.25,0.3,0.6,0.65,0.8,0.95,0.5,0.0,0.0,0.08,0.05
6,PE_FED,-0.050961,0.05,0.25,0.45,0.5,0.65,0.75,0.95,0.5,0.0,0.0,0.06,0.03
6,PE_FED,-0.050964,0.2,0.3,0.4,0.7,0.75,0.8,0.85,0.5,0.0,0.0,0.12,0.04
6,PE_PB_FED,-0.050982,0.05,0.2,0.4,0.5,0.7,0.75,0.95,0.5,0.6,0.75,0.06,0.04
6,PE_PB_FED,-0.050984,0.15,0.2,0.3,0.55,0.75,0.85,0.95,0.5,0.65,0.75,0.08,0.04
8,PE_PB_FED,-0.050998,0.05,0.25,0.35,0.55,0.7,0.75,0.95,1.0,0.5,0.75,0.08,0.05
6,PE_PB_FED,-0.051009,0.05,0.15,0.45,0.55,0.65,0.8,0.9,0.5,0.55,0.7,0.08,0.03
8,PE_FED,-0.051011,0.15,0.3,0.35,0.7,0.65,0.75,0.9,1.0,0.0,0.0,0.06,0.05
6,PB_FED,-0.051017,0.1,0.15,0.45,0.7,0.7,0.75,0.9,1.0,0.0,0.0,0.08,0.05
6,PE_FED,-0.051021,0.2,0.25,0.45,0.65,0.7,0.8,0.85,0.5,0.0,0.0,0.08,0.04
8,PE_FED,-0.051053,0.15,0.2,0.45,0.65,0.7,0.75,0.85,1.0,0.0,0.0,0.12,0.05
8,PE_FED,-0.051057,0.1,0.2,0.45,0.65,0.65,0.75,0.85,1.0,0.0,0.0,0.06,0.05
8,PE_FED,-0.051059,0.05,0.15,0.45,0.55,0.65,0.85,0.9,1.0,0.0,0.0,0.06,0.04
6,PE_FED,-0.051068,0.15,0.2,0.35,0.6,0.7,0.85,0.9,0.5,0.0,0.0,0.06,0.05
8,PE_FED,-0.051074,0.05,0.3,0.4,0.55,0.65,0.75,0.9,1.0,0.0,0.0,0.12,0.03
6,PE_FED,-0.051083,0.15,0.2,0.45,0.55,0.65,0.8,0.85,0.5,0.0,0.0,0.08,0.03
8,PE_FED,-0.051094,0.1,0.2,0.35,0.55,0.75,0.85,0.95,1.0,0.0,0.0,0.06,0.04
8,PB_FED,-0.051099,0.05,0.3,0.35,0.6,0.75,0.8,0.85,1.0,0.0,0.0,0.12,0.05
8,PE_PB_FED,-0.051161,0.1,0.15,0.35,0.5,0.7,0.75,0.85,1.0,0.55,0.7,0.06,0.03
6,PE_PB_FED,-0.051163,0.15,0.2,0.35,0.55,0.7,0.85,0.95,0.5,0.65,0.75,0.06,0.05
6,PE_FED,-0.051172,0.1,0.3,0.4,0.55,0.7,0.8,0.95,0.5,0.0,0.0,0.1,0.05
6,PE_FED,-0.051177,0.1,0.2,0.35,0.5,0.65,0.75,0.85,0.5,0.0,0.0,0.06,0.04
8,PE_FED,-0.051186,0.2,0.25,0.35,0.55,0.7,0.8,0.95,1.0,0.0,0.0,0.12,0.04
8,PB_FED,-0.051196,0.2,0.25,0.35,0.5,0.7,0.8,0.85,1.0,0.0,0.0,0.06,0.05
8,PE_PB_FED,-0.0512,0.15,0.2,0.4,0.7,0.65,0.85,0.95,1.0,0.6,0.8,0.12,0.05
8,PE_PB_FED,-0.051205,0.05,0.3,0.45,0.5,0.75,0.85,0.9,0.5,0.5,0.7,0.08,0.05
8,PE_PB_FED,-0.05122,0.2,0.25,0.35,0.5,0.65,0.75,0.95,1.0,0.65,0.7,0.06,0.04
8,PE_FED,-0.051251,0.15,0.2,0.35,0.55,0.65,0.75,0.85,1.0,0.0,0.0,0.08,0.04
6,PE_PB_FED,-0.051259,0.05,0.15,0.4,0.5,0.65,0.75,0.9,0.5,0.55,0.75,0.08,0.04
6,PE_PB_FED,-0.051271,0.05,0.15,0.35,0.6,0.7,0.8,0.85,0.5,0.55,0.75,0.1,0.03
6,PE_FED,-0.051281,0.05,0.3,0.4,0.7,0.7,0.85,0.9,0.5,0.0,0.0,0.1,0.05
8,PE_PB_FED,-0.051283,0.1,0.15,0.3,0.65,0.65,0.8,0.85,1.0,0.6,0.8,0.06,0.04
8,PE_FED,-0.051286,0.15,0.25,0.4,0.55,0.65,0.85,0.95,1.0,0.0,0.0,0.06,0.03
6,PE_PB,-0.051289,0.15,0.3,0.45,0.5,0.75,0.8,0.85,0.0,0.5,0.0,0.12,0.03
6,PE_FED,-0.051295,0.1,0.2,0.3,0.55,0.75,0.8,0.85,0.5,0.0,0.0,0.08,0.05
8,PE_PB_FED,-0.051297,0.2,0.25,0.3,0.6,0.65,0.75,0.95,1.0,0.5,0.75,0.08,0.03
6,PE_PB_FED,-0.051299,0.1,0.3,0.4,0.7,0.65,0.85,0.95,0.5,0.6,0.75,0.06,0.05
6,PE_PB_FED,-0.051305,0.1,0.3,0.4,0.65,0.65,0.8,0.95,0.5,0.55,0.8,0.08,0.04
6,PE_PB_FED,-0.051305,0.05,0.2,0.45,0.55,0.65,0.75,0.95,0.5,0.5,0.8,0.1,0.03
8,PE_FED,-0.05131,0.2,0.25,0.4,0.55,0.75,0.8,0.95,1.0,0.0,0.0,0.08,0.05
8,PE_FED,-0.05132,0.05,0.3,0.4,0.7,0.65,0.75,0.9,1.0,0.0,0.0,0.06,0.05
8,PE_FED,-0.051321,0.15,0.3,0.35,0.65,0.7,0.75,0.9,1.0,0.0,0.0,0.1,0.05
8,PE_FED,-0.051326,0.15,0.3,0.35,0.5,0.65,0.75,0.9,1.0,0.0,0.0,0.06,0.03
8,PE_PB_FED,-0.051336,0.05,0.25,0.4,0.55,0.65,0.75,0.9,1.0,0.65,0.7,0.12,0.05
6,PE_PB_FED,-0.051365,0.15,0.25,0.45,0.7,0.7,0.75,0.85,0.5,0.65,0.8,0.1,0.04
6,PE_FED,-0.051367,0.15,0.25,0.45,0.55,0.65,0.8,0.9,0.5,0.0,0.0,0.1,0.04
6,PE_PB_FED,-0.051367,0.05,0.3,0.35,0.7,0.7,0.8,0.95,0.5,0.6,0.75,0.06,0.04
6,PE_PB_FED,-0.051371,0.05,0.25,0.4,0.7,0.65,0.75,0.95,0.5,0.5,0.75,0.1,0.05
8,PB_FED,-0.051372,0.2,0.3,0.4,0.5,0.65,0.8,0.85,1.0,0.0,0.0,0.06,0.03
6,PE_FED,-0.051373,0.05,0.25,0.35,0.6,0.65,0.85,0.95,0.5,0.0,0.0,0.12,0.04
8,PE_PB_FED,-0.0514,0.2,0.25,0.3,0.5,0.75,0.8,0.95,1.0,0.65,0.7,0.1,0.03
6,PE_PB_FED,-0.05142,0.15,0.25,0.35,0.55,0.7,0.8,0.95,0.5,0.55,0.75,0.12,0.03
8,PE_PB_FED,-0.051424,0.05,0.15,0.4,0.55,0.7,0.75,0.85,1.0,0.55,0.75,0.08,0.05
6,PE_PB_FED,-0.051425,0.15,0.25,0.3,0.55,0.7,0.8,0.95,0.5,0.6,0.8,0.12,0.05
8,PE_FED,-0.051428,0.05,0.15,0.35,0.5,0.7,0.85,0.9,1.0,0.0,0.0,0.12,0.03
6,PE_PB_FED,-0.051433,0.05,0.15,0.4,0.65,0.7,0.8,0.9,0.5,0.5,0.7,0.06,0.05
6,PE_PB_FED,-0.051447,0.1,0.2,0.35,0.5,0.75,0.8,0.9,0.5,0.65,0.7,0.08,0.05
8,PE_FED,-0.051449,0.15,0.2,0.4,0.65,0.75,0.8,0.85,1.0,0.0,0.0,0.06,0.03
6,PE_FED,-0.051451,0.1,0.25,0.45,0.55,0.7,0.8,0.9,0.5,0.0,0.0,0.1,0.04
6,PB_FED,-0.051456,0.1,0.15,0.35,0.6,0.7,0.75,0.9,1.0,0.0,0.0,0.08,0.04
6,PE_PB,-0.051466,0.1,0.3,0.45,0.5,0.7,0.8,0.85,0.0,0.5,0.0,0.1,0.03
6,PE_PB_FED,-0.051472,0.15,0.2,0.35,0.5,0.75,0.8,0.95,0.5,0.6,0.8,0.12,0.04
8,PE_PB_FED,-0.051488,0.05,0.15,0.45,0.6,0.7,0.8,0.85,1.0,0.65,0.7,0.06,0.05
8,PE_FED,-0.051494,0.05,0.25,0.35,0.5,0.75,0.8,0.9,1.0,0.0,0.0,0.06,0.03
6,PB_FED,-0.051517,0.05,0.15,0.45,0.65,0.65,0.8,0.9,1.0,0.0,0.0,0.12,0.03
8,PE_PB_FED,-0.051517,0.1,0.25,0.35,0.7,0.75,0.8,0.9,1.0,0.6,0.8,0.08,0.04
6,PE_PB,-0.051518,0.15,0.3,0.4,0.5,0.7,0.85,0.9,0.0,0.5,0.0,0.08,0.03
6,PE_PB_FED,-0.051527,0.1,0.2,0.35,0.65,0.7,0.8,0.85,0.5,0.55,0.8,0.12,0.05
6,PE_FED,-0.051529,0.1,0.25,0.45,0.55,0.75,0.85,0.95,0.5,0.0,0.0,0.12,0.04
8,PE_FED,-0.051534,0.05,0.25,0.45,0.65,0.65,0.85,0.95,1.0,0.0,0.0,0.12,0.05
6,PE_FED,-0.05155,0.05,0.2,0.4,0.6,0.7,0.85,0.9,0.5,0.0,0.0,0.08,0.03
8,PE_PB_FED,-0.05155,0.2,0.25,0.4,0.5,0.65,0.8,0.95,1.0,0.65,0.75,0.1,0.03
8,PE_PB_FED,-0.051555,0.1,0.25,0.35,0.55,0.75,0.8,0.9,1.0,0.65,0.8,0.1,0.03
6,PE_PB_FED,-0.051559,0.05,0.2,0.3,0.6,0.65,0.8,0.9,0.5,0.6,0.75,0.08,0.05
8,PE_PB_FED,-0.051566,0.05,0.25,0.35,0.65,0.75,0.85,0.95,1.0,0.6,0.75,0.1,0.03
8,PE_PB_FED,-0.051569,0.05,0.25,0.35,0.6,0.7,0.85,0.95,1.0,0.65,0.75,0.12,0.03
8,PE_PB_FED,-0.051572,0.05,0.25,0.35,0.7,0.75,0.8,0.9,1.0,0.65,0.75,0.06,0.05
6,PE_FED,-0.051575,0.2,0.25,0.35,0.6,0.65,0.75,0.9,0.5,0.0,0.0,0.06,0.04
6,PE_PB_FED,-0.051577,0.1,0.15,0.3,0.5,0.7,0.75,0.85,0.5,0.5,0.7,0.12,0.03
6,PE_FED,-0.051589,0.2,0.25,0.45,0.6,0.75,0.8,0.95,0.5,0.0,0.0,0.08,0.05
8,PE_FED,-0.05159,0.2,0.3,0.35,0.65,0.65,0.75,0.9,1.0,0.0,0.0,0.08,0.03
6,PE_PB_FED,-0.051596,0.05,0.15,0.3,0.55,0.7,0.75,0.9,0.5,0.5,0.75,0.1,0.05
8,PE_FED,-0.051596,0.05,0.2,0.3,0.5,0.7,0.85,0.95,1.0,0.0,0.0,0.1,0.04
6,PB_FED,-0.051602,0.05,0.2,0.45,0.7,0.65,0.75,0.85,1.0,0.0,0.0,0.12,0.03
6,PE_PB_FED,-0.051609,0.1,0.25,0.45,0.7,0.75,0.85,0.9,0.5,0.6,0.75,0.1,0.04
6,PE_FED,-0.051633,0.05,0.3,0.35,0.6,0.65,0.8,0.95,0.5,0.0,0.0,0.08,0.05
8,PE_PB_FED,-0.051638,0.15,0.3,0.4,0.5,0.7,0.75,0.95,1.0,0.6,0.7,0.1,0.05
6,PE_PB_FED,-0.051648,0.2,0.3,0.35,0.7,0.65,0.8,0.95,0.5,0.65,0.7,0.12,0.04
6,PE_PB_FED,-0.051654,0.05,0.25,0.45,0.55,0.65,0.75,0.95,0.5,0.6,0.8,0.08,0.04
8,PE_FED,-0.051659,0.1,0.15,0.4,0.5,0.75,0.85,0.9,1.0,0.0,0.0,0.08,0.03
8,PE_PB_FED,-0.051663,0.1,0.25,0.45,0.6,0.7,0.75,0.9,1.0,0.6,0.7,0.06,0.05
6,PE_FED,-0.051671,0.05,0.2,0.45,0.6,0.7,0.8,0.85,0.5,0.0,0.0,0.08,0.03
8,PE_PB_FED,-0.051674,0.1,0.25,0.3,0.6,0.75,0.8,0.9,1.0,0.6,0.75,0.12,0.03
6,PE_FED,-0.051676,0.15,0.2,0.35,0.55,0.65,0.85,0.9,0.5,0.0,0.0,0.08,0.05
6,PB_FED,-0.051696,0.15,0.2,0.45,0.7,0.65,0.75,0.85,1.0,0.0,0.0,0.12,0.04
8,PE_FED,-0.0517,0.15,0.3,0.4,0.7,0.7,0.8,0.9,1.0,0.0,0.0,0.12,0.04
8,PB_FED,-0.051724,0.2,0.3,0.35,0.55,0.7,0.8,0.85,1.0,0.0,0.0,0.12,0.05
6,PE_PB,-0.051745,0.15,0.3,0.4,0.5,0.75,0.85,0.9,0.0,0.5,0.0,0.06,0.04
8,PE_FED,-0.051754,0.05,0.25,0.4,0.65,0.7,0.75,0.85,1.0,0.0,0.0,0.06,0.04
6,PB_FED,-0.051757,0.05,0.15,0.45,0.55,0.7,0.75,0.9,1.0,0.0,0.0,0.08,0.04
6,PE_PB_FED,-0.051758,0.05,0.2,0.35,0.7,0.7,0.8,0.85,0.5,0.55,0.7,0.1,0.04
8,PE_FED,-0.05176,0.1,0.2,0.45,0.55,0.65,0.75,0.85,1.0,0.0,0.0,0.08,0.05
6,PE_PB_FED,-0.051767,0.05,0.2,0.45,0.55,0.7,0.8,0.95,0.5,0.55,0.7,0.12,0.04
8,PE_PB_FED,-0.051782,0.15,0.2,0.3,0.55,0.7,0.8,0.9,1.0,0.65,0.8,0.1,0.05
6,PB_FED,-0.051789,0.1,0.15,0.4,0.6,0.65,0.75,0.9,1.0,0.0,0.0,0.12,0.04
8,PE_FED,-0.051792,0.05,0.15,0.4,0.5,0.75,0.8,0.85,1.0,0.0,0.0,0.1,0.05
8,PE_FED,-0.051794,0.15,0.2,0.3,0.5,0.7,0.85,0.95,1.0,0.0,0.0,0.06,0.05
6,PE_PB_FED,-0.051803,0.15,0.3,0.4,0.6,0.75,0.8,0.95,0.5,0.65,0.8,0.12,0.04
6,PE_FED,-0.051804,0.1,0.2,0.45,0.5,0.65,0.75,0.85,0.5,0.0,0.0,0.08,0.04
6,PE_PB_FED,-0.051819,0.1,0.15,0.35,0.6,0.7,0.85,0.9,0.5,0.5,0.8,0.12,0.04
6,PE_PB_FED,-0.051821,0.15,0.2,0.35,0.7,0.7,0.85,0.95,0.5,0.5,0.8,0.06,0.04
6,PE_FED,-0.051837,0.2,0.25,0.45,0.65,0.65,0.85,0.9,0.5,0.0,0.0,0.12,0.05
8,PE_PB_FED,-0.051848,0.15,0.25,0.35,0.65,0.65,0.8,0.95,1.0,0.5,0.8,0.1,0.05
6,PE_PB_FED,-0.05185,0.2,0.25,0.4,0.7,0.7,0.8,0.95,0.5,0.5,0.7,0.08,0.03
8,PE_FED,-0.05186,0.15,0.3,0.35,0.6,0.65,0.8,0.9,1.0,0.0,0.0,0.12,0.03
6,PE_PB_FED,-0.051866,0.1,0.2,0.35,0.65,0.7,0.85,0.9,0.5,0.55,0.75,0.12,0.05
8,PE_FED,-0.051871,0.05,0.15,0.45,0.5,0.7,0.8,0.85,1.0,0.0,0.0,0.06,0.05
8,PE_FED,-0.051876,0.15,0.2,0.45,0.7,0.7,0.85,0.9,1.0,0.0,0.0,0.12,0.04
8,PE_FED,-0.051885,0.05,0.2,0.45,0.5,0.65,0.85,0.95,1.0,0.0,0.0,0.1,0.04
6,PE_PB,-0.051899,0.1,0.3,0.4,0.5,0.65,0.8,0.85,0.0,0.5,0.0,0.1,0.05
6,PE_PB,-0.05191,0.15,0.3,0.45,0.5,0.75,0.85,0.9,0.0,0.5,0.0,0.1,0.03
8,PB_FED,-0.05191,0.15,0.3,0.35,0.5,0.75,0.85,0.95,1.0,0.0,0.0,0.1,0.05
8,PE_PB_FED,-0.051911,0.1,0.15,0.35,0.7,0.65,0.8,0.85,1.0,0.55,0.75,0.08,0.05
8,PE_FED,-0.051918,0.2,0.3,0.35,0.6,0.7,0.75,0.9,1.0,0.0,0.0,0.1,0.03
6,PB_FED,-0.051925,0.05,0.2,0.45,0.7,0.65,0.75,0.9,1.0,0.0,0.0,0.06,0.05
6,PB_FED,-0.051931,0.05,0.15,0.45,0.6,0.75,0.8,0.95,1.0,0.0,0.0,0.12,0.03
8,PE_FED,-0.051937,0.1,0.2,0.4,0.7,0.75,0.8,0.85,1.0,0.0,0.0,0.12,0.05
6,PE_PB_FED,-0.051939,0.2,0.25,0.3,0.7,0.7,0.8,0.9,0.5,0.6,0.8,0.12,0.04
6,PE_FED,-0.051941,0.05,0.2,0.35,0.5,0.7,0.75,0.85,0.5,0.0,0.0,0.12,0.03
8,PE_FED,-0.05195,0.05,0.3,0.4,0.5,0.65,0.8,0.95,1.0,0.0,0.0,0.12,0.04
6,PE_FED,-0.051963,0.1,0.3,0.45,0.5,0.65,0.8,0.95,0.5,0.0,0.0,0.06,0.03
8,PE_PB_FED,-0.051963,0.1,0.2,0.45,0.55,0.65,0.75,0.85,1.0,0.6,0.8,0.08,0.03
8,PE_FED,-0.051964,0.15,0.3,0.45,0.6,0.7,0.8,0.9,1.0,0.0,0.0,0.06,0.03
8,PE_PB_FED,-0.051985,0.2,0.25,0.45,0.65,0.65,0.8,0.95,1.0,0.6,0.7,0.12,0.05
6,PE_PB_FED,-0.052013,0.05,0.25,0.4,0.6,0.7,0.85,0.95,0.5,0.65,0.7,0.1,0.04
8,PE_FED,-0.052017,0.05,0.3,0.4,0.5,0.7,0.8,0.95,1.0,0.0,0.0,0.08,0.05
6,PE_PB_FED,-0.052034,0.15,0.25,0.45,0.7,0.65,0.75,0.9,0.5,0.5,0.7,0.12,0.03
6,PE_FED,-0.052036,0.05,0.25,0.35,0.55,0.7,0.85,0.95,0.5,0.0,0.0,0.12,0.05
6,PE_PB_FED,-0.052039,0.05,0.3,0.35,0.7,0.75,0.8,0.9,0.5,0.6,0.8,0.12,0.03
6,PE_FED,-0.052045,0.15,0.25,0.4,0.6,0.65,0.8,0.85,0.5,0.0,0.0,0.12,0.05
6,PE_FED,-0.052045,0.1,0.25,0.45,0.55,0.65,0.8,0.9,0.5,0.0,0.0,0.08,0.05
6,PE_PB_FED,-0.052046,0.1,0.25,0.3,0.6,0.7,0.8,0.85,0.5,0.6,0.75,0.1,0.04
6,PE_FED,-0.052065,0.05,0.2,0.3,0.55,0.75,0.85,0.9,0.5,0.0,0.0,0.06,0.04
6,PE_PB_FED,-0.052065,0.15,0.3,0.4,0.7,0.65,0.8,0.95,0.5,0.55,0.75,0.08,0.05
6,PB_FED,-0.052073,0.05,0.15,0.45,0.65,0.65,0.75,0.85,1.0,0.0,0.0,0.12,0.05
8,PE_FED,-0.052073,0.2,0.25,0.35,0.6,0.7,0.8,0.9,1.0,0.0,0.0,0.1,0.03
8,PE_PB_FED,-0.052074,0.1,0.3,0.35,0.65,0.7,0.75,0.9,1.0,0.65,0.7,0.1,0.05
6,PE_PB_FED,-0.052081,0.05,0.15,0.45,0.5,0.75,0.8,0.9,0.5,0.65,0.8,0.12,0.05
6,PE_FED,-0.052085,0.15,0.25,0.4,0.5,0.65,0.75,0.85,0.5,0.0,0.0,0.06,0.03
8,PE_FED,-0.052108,0.1,0.3,0.4,0.5,0.65,0.75,0.9,1.0,0.0,0.0,0.08,0.04
6,PE_FED,-0.052146,0.15,0.25,0.35,0.55,0.7,0.85,0.9,0.5,0.0,0.0,0.06,0.03
6,PE_FED,-0.052152,0.05,0.25,0.4,0.55,0.75,0.85,0.95,0.5,0.0,0.0,0.08,0.04
6,PE_PB_FED,-0.052153,0.05,0.25,0.4,0.7,0.75,0.8,0.85,0.5,0.6,0.7,0.1,0.03
8,PE_PB_FED,-0.052164,0.2,0.3,0.35,0.55,0.65,0.75,0.95,1.0,0.55,0.8,0.08,0.03
6,PE_PB_FED,-0.052169,0.05,0.25,0.4,0.5,0.65,0.75,0.95,0.5,0.55,0.8,0.12,0.03
6,PE_FED,-0.052177,0.15,0.25,0.4,0.5,0.75,0.85,0.95,0.5,0.0,0.0,0.12,0.04
6,PE_PB_FED,-0.052178,0.05,0.15,0.45,0.65,0.75,0.8,0.85,0.5,0.5,0.8,0.1,0.03
8,PB_FED,-0.05218,0.15,0.3,0.35,0.5,0.7,0.85,0.9,1.0,0.0,0.0,0.08,0.04
6,PB_FED,-0.052194,0.1,0.2,0.4,0.6,0.7,0.75,0.95,1.0,0.0,0.0,0.06,0.03
8,PE_FED,-0.052206,0.05,0.25,0.35,0.55,0.65,0.8,0.9,1.0,0.0,0.0,0.1,0.05
8,PB_FED,-0.052206,0.1,0.3,0.4,0.5,0.75,0.85,0.95,1.0,0.0,0.0,0.08,0.04
6,PE_FED,-0.052209,0.15,0.3,0.35,0.6,0.75,0.8,0.9,0.5,0.0,0.0,0.08,0.05
8,PE_PB_FED,-0.052212,0.1,0.3,0.45,0.5,0.7,0.75,0.9,1.0,0.65,0.75,0.12,0.03
6,PE_FED,-0.05222,0.1,0.3,0.35,0.6,0.65,0.75,0.85,0.5,0.0,0.0,0.1,0.04
6,PE_PB_FED,-0.052232,0.2,0.25,0.35,0.7,0.7,0.75,0.95,0.5,0.5,0.75,0.12,0.05
6,PB_FED,-0.052235,0.1,0.15,0.45,0.55,0.65,0.8,0.9,1.0,0.0,0.0,0.1,0.03
6,PE_PB_FED,-0.052238,0.15,0.25,0.3,0.55,0.75,0.85,0.95,0.5,0.65,0.7,0.08,0.04
8,PE_PB_FED,-0.052268,0.1,0.2,0.4,0.5,0.65,0.85,0.95,1.0,0.6,0.75,0.1,0.03
6,PB_FED,-0.05227,0.15,0.25,0.3,0.65,0.7,0.75,0.9,1.0,0.0,0.0,0.06,0.03
8,PB_FED,-0.052284,0.05,0.3,0.45,0.55,0.7,0.85,0.95,1.0,0.0,0.0,0.1,0.04
6,PE_PB_FED,-0.052288,0.05,0.2,0.35,0.5,0.7,0.8,0.95,0.5,0.55,0.75,0.06,0.05
6,PE_PB_FED,-0.05229,0.1,0.3,0.45,0.65,0.65,0.8,0.9,0.5,0.55,0.8,0.08,0.03
8,PE_FED,-0.052304,0.1,0.3,0.35,0.7,0.75,0.85,0.95,1.0,0.0,0.0,0.08,0.04
6,PE_PB_FED,-0.052307,0.1,0.25,0.35,0.6,0.7,0.85,0.9,0.5,0.6,0.75,0.1,0.03
6,PB_FED,-0.052312,0.05,0.15,0.45,0.5,0.7,0.75,0.95,1.0,0.0,0.0,0.1,0.04
6,PE_FED,-0.052316,0.1,0.3,0.4,0.5,0.7,0.8,0.95,0.5,0.0,0.0,0.1,0.04
8,PE_FED,-0.052345,0.05,0.2,0.4,0.7,0.7,0.85,0.9,1.0,0.0,0.0,0.06,0.05
6,PE_PB_FED,-0.052354,0.1,0.3,0.35,0.55,0.65,0.75,0.9,0.5,0.55,0.7,0.1,0.03
6,PE_PB_FED,-0.052355,0.05,0.15,0.45,0.6,0.65,0.8,0.85,0.5,0.55,0.7,0.12,0.04
6,PE_PB,-0.05236,0.2,0.3,0.45,0.5,0.75,0.85,0.9,0.0,0.5,0.0,0.12,0.03
6,PE_PB_FED,-0.05237,0.1,0.2,0.45,0.6,0.7,0.85,0.9,0.5,0.55,0.8,0.06,0.03
6,PE_PB,-0.052375,0.1,0.3,0.45,0.5,0.75,0.8,0.85,0.0,0.5,0.0,0.06,0.05
8,PE_FED,-0.052376,0.15,0.25,0.45,0.5,0.7,0.8,0.9,1.0,0.0,0.0,0.12,0.04
6,PB_FED,-0.052384,0.05,0.15,0.4,0.6,0.65,0.75,0.9,1.0,0.0,0.0,0.06,0.04
6,PE_PB_FED,-0.052388,0.2,0.25,0.3,0.5,0.7,0.75,0.95,0.5,0.65,0.8,0.06,0.05
6,PB_FED,-0.05239,0.05,0.2,0.4,0.7,0.65,0.75,0.9,1.0,0.0,0.0,0.06,0.03
8,PE_FED,-0.05239,0.05,0.25,0.45,0.55,0.65,0.85,0.95,1.0,0.0,0.0,0.1,0.04
8,PE_PB_FED,-0.052397,0.05,0.2,0.45,0.55,0.75,0.8,0.9,1.0,0.5,0.7,0.1,0.03
6,PE_PB_FED,-0.052411,0.1,0.25,0.3,0.55,0.65,0.85,0.9,0.5,0.65,0.8,0.06,0.04
6,PE_FED,-0.05244,0.2,0.3,0.35,0.6,0.7,0.8,0.95,0.5,0.0,0.0,0.06,0.05
8,PE_FED,-0.05244,0.1,0.2,0.3,0.6,0.65,0.8,0.85,1.0,0.0,0.0,0.08,0.04
6,PE_PB_FED,-0.052455,0.05,0.25,0.35,0.55,0.7,0.8,0.95,0.5,0.55,0.8,0.08,0.05
8,PB_FED,-0.052455,0.1,0.3,0.4,0.5,0.65,0.8,0.85,1.0,0.0,0.0,0.08,0.05
8,PE_FED,-0.052457,0.1,0.25,0.45,0.5,0.65,0.75,0.85,1.0,0.0,0.0,0.12,0.03
6,PE_PB_FED,-0.052461,0.05,0.2,0.45,0.55,0.75,0.8,0.9,0.5,0.55,0.75,0.06,0.03
6,PE_FED,-0.052464,0.1,0.3,0.35,0.55,0.7,0.85,0.95,0.5,0.0,0.0,0.06,0.04
6,PE_FED,-0.052464,0.15,0.25,0.45,0.6,0.65,0.8,0.85,0.5,0.0,0.0,0.06,0.05
8,PE_FED,-0.052473,0.2,0.3,0.4,0.7,0.75,0.8,0.9,1.0,0.0,0.0,0.08,0.03
8,PE_FED,-0.052491,0.05,0.25,0.4,0.55,0.65,0.75,0.85,1.0,0.0,0.0,0.12,0.04
6,PE_FED,-0.0525,0.15,0.25,0.4,0.55,0.75,0.85,0.9,0.5,0.0,0.0,0.12,0.04
8,PE_FED,-0.052516,0.2,0.25,0.35,0.7,0.7,0.85,0.95,1.0,0.0,0.0,0.1,0.05
8,PE_PB_FED,-0.052539,0.1,0.15,0.45,0.5,0.7,0.85,0.9,1.0,0.65,0.8,0.06,0.03
6,PE_PB_FED,-0.05255,0.1,0.2,0.45,0.55,0.7,0.8,0.85,0.5,0.55,0.75,0.06,0.03
6,PE_PB_FED,-0.052566,0.1,0.2,0.35,0.55,0.75,0.85,0.9,0.5,0.6,0.75,0.12,0.05
8,PE_PB_FED,-0.052579,0.05,0.3,0.4,0.55,0.7,0.8,0.95,1.0,0.6,0.8,0.1,0.05
6,PB_FED,-0.052587,0.1,0.25,0.35,0.7,0.65,0.75,0.9,1.0,0.0,0.0,0.12,0.03
8,PE_PB_FED,-0.05259,0.15,0.2,0.35,0.6,0.7,0.75,0.85,1.0,0.6,0.7,0.1,0.05
6,PB_FED,-0.052611,0.1,0.2,0.3,0.65,0.7,0.8,0.95,1.0,0.0,0.0,0.12,0.03
8,PE_FED,-0.052611,0.15,0.25,0.35,0.7,0.7,0.8,0.85,1.0,0.0,0.0,0.1,0.04
6,PB_FED,-0.052616,0.05,0.15,0.45,0.7,0.65,0.85,0.9,1.0,0.0,0.0,0.08,0.03
6,PE_PB_FED,-0.052639,0.1,0.2,0.3,0.5,0.65,0.8,0.9,0.5,0.55,0.8,0.06,0.05
6,PE_PB_FED,-0.05264,0.15,0.2,0.35,0.55,0.7,0.85,0.9,0.5,0.65,0.7,0.06,0.04
6,PE_PB_FED,-0.052647,0.1,0.2,0.4,0.5,0.75,0.8,0.85,0.5,0.6,0.8,0.06,0.03
6,PE_FED,-0.052648,0.05,0.2,0.3,0.55,0.7,0.85,0.9,0.5,0.0,0.0,0.12,0.05
6,PE_PB_FED,-0.052666,0.05,0.25,0.35,0.65,0.7,0.8,0.85,0.5,0.6,0.75,0.06,0.03
6,PE_PB_FED,-0.052676,0.1,0.2,0.35,0.65,0.7,0.8,0.85,0.5,0.5,0.7,0.1,0.05
6,PE_FED,-0.052677,0.1,0.3,0.35,0.6,0.7,0.75,0.85,0.5,0.0,0.0,0.08,0.05
8,PE_FED,-0.052679,0.2,0.25,0.45,0.65,0.7,0.75,0.85,1.0,0.0,0.0,0.12,0.03
8,PE_FED,-0.052693,0.1,0.2,0.45,0.6,0.7,0.85,0.9,1.0,0.0,0.0,0.06,0.03
6,PE_PB_FED,-0.052706,0.1,0.25,0.35,0.65,0.65,0.8,0.9,0.5,0.5,0.7,0.08,0.05
6,PE_FED,-0.052717,0.2,0.25,0.35,0.5,0.65,0.75,0.9,0.5,0.0,0.0,0.12,0.03
6,PE_PB_FED,-0.052725,0.15,0.2,0.45,0.6,0.65,0.8,0.85,0.5,0.65,0.75,0.12,0.05
6,PE_FED,-0.052732,0.05,0.25,0.4,0.55,0.7,0.8,0.9,0.5,0.0,0.0,0.06,0.05
8,PE_PB_FED,-0.052739,0.05,0.25,0.3,0.65,0.7,0.8,0.9,1.0,0.55,0.8,0.08,0.04
6,PB_FED,-0.052747,0.1,0.15,0.45,0.7,0.7,0.8,0.85,1.0,0.0,0.0,0.1,0.03
6,PE_FED,-0.052751,0.1,0.2,0.45,0.5,0.65,0.8,0.85,0.5,0.0,0.0,0.12,0.04
6,PE_PB_FED,-0.052755,0.05,0.3,0.35,0.65,0.7,0.85,0.95,0.5,0.65,0.7,0.12,0.05
8,PE_FED,-0.052757,0.1,0.3,0.4,0.6,0.75,0.8,0.9,1.0,0.0,0.0,0.1,0.04
6,PE_FED,-0.052775,0.15,0.3,0.35,0.5,0.7,0.85,0.95,0.5,0.0,0.0,0.12,0.03
6,PE_PB_FED,-0.052776,0.1,0.25,0.4,0.65,0.75,0.8,0.9,0.5,0.5,0.7,0.08,0.05
6,PE_PB_FED,-0.052781,0.2,0.25,0.4,0.6,0.7,0.85,0.95,0.5,0.6,0.75,0.12,0.03
6,PE_PB_FED,-0.05279,0.2,0.25,0.4,0.65,0.75,0.8,0.9,0.5,0.55,0.7,0.12,0.03
8,PE_FED,-0.052801,0.1,0.3,0.35,0.55,0.75,0.85,0.95,1.0,0.0,0.0,0.12,0.03
8,PE_FED,-0.052805,0.05,0.2,0.3,0.6,0.75,0.85,0.9,1.0,0.0,0.0,0.12,0.04
8,PE_FED,-0.052816,0.1,0.25,0.3,0.7,0.7,0.85,0.9,1.0,0.0,0.0,0.06,0.04
8,PE_PB_FED,-0.052821,0.1,0.25,0.35,0.65,0.75,0.85,0.95,1.0,0.6,0.75,0.12,0.05
6,PE_PB_FED,-0.052835,0.15,0.25,0.3,0.7,0.65,0.85,0.9,0.5,0.6,0.75,0.06,0.05
8,PE_PB_FED,-0.052842,0.15,0.2,0.45,0.7,0.7,0.85,0.9,1.0,0.6,0.75,0.06,0.03
6,PB_FED,-0.052846,0.1,0.15,0.45,0.5,0.7,0.75,0.85,1.0,0.0,0.0,0.12,0.04
6,PE_PB_FED,-0.052847,0.2,0.3,0.4,0.6,0.65,0.75,0.95,0.5,0.55,0.8,0.12,0.03
6,PE_PB_FED,-0.052853,0.1,0.2,0.45,0.6,0.7,0.8,0.85,0.5,0.5,0.7,0.1,0.03
8,PE_FED,-0.052864,0.15,0.25,0.3,0.7,0.75,0.85,0.9,1.0,0.0,0.0,0.1,0.04
6,PE_FED,-0.052866,0.15,0.25,0.45,0.5,0.7,0.75,0.85,0.5,0.0,0.0,0.06,0.04
6,PE_PB_FED,-0.052888,0.05,0.2,0.3,0.55,0.65,0.85,0.95,0.5,0.5,0.8,0.12,0.03
8,PE_FED,-0.05289,0.15,0.2,0.35,0.5,0.7,0.8,0.85,1.0,0.0,0.0,0.1,0.03
6,PE_PB_FED,-0.052893,0.15,0.25,0.4,0.65,0.75,0.85,0.9,0.5,0.6,0.7,0.1,0.03
8,PE_FED,-0.052895,0.05,0.2,0.4,0.55,0.75,0.8,0.85,1.0,0.0,0.0,0.08,0.04
6,PE_PB_FED,-0.052906,0.2,0.25,0.4,0.6,0.65,0.8,0.95,0.5,0.55,0.7,0.06,0.05
8,PE_PB_FED,-0.052907,0.1,0.25,0.3,0.55,0.7,0.75,0.85,1.0,0.6,0.75,0.06,0.03
8,PE_PB_FED,-0.052917,0.15,0.3,0.35,0.55,0.7,0.8,0.9,1.0,0.65,0.8,0.08,0.03
8,PE_FED,-0.052921,0.1,0.2,0.35,0.5,0.7,0.8,0.85,1.0,0.0,0.0,0.1,0.03
8,PE_PB_FED,-0.052945,0.15,0.25,0.45,0.55,0.75,0.8,0.9,1.0,0.55,0.75,0.12,0.03
6,PE_FED,-0.052959,0.2,0.25,0.3,0.55,0.75,0.85,0.95,0.5,0.0,0.0,0.1,0.04
8,PE_FED,-0.052962,0.15,0.25,0.4,0.7,0.65,0.85,0.9,1.0,0.0,0.0,0.08,0.04
6,PE_PB_FED,-0.052964,0.05,0.2,0.35,0.55,0.65,0.8,0.9,0.5,0.5,0.75,0.06,0.03
6,PE_PB_FED,-0.052975,0.15,0.25,0.3,0.7,0.7,0.85,0.9,0.5,0.55,0.8,0.12,0.04
8,PE_PB_FED,-0.052984,0.05,0.15,0.3,0.5,0.7,0.8,0.85,1.0,0.6,0.75,0.06,0.05
6,PE_PB_FED,-0.052987,0.05,0.2,0.45,0.6,0.75,0.8,0.85,0.5,0.65,0.8,0.12,0.05
6,PE_PB_FED,-0.052989,0.05,0.2,0.45,0.5,0.7,0.85,0.95,0.5,0.6,0.8,0.1,0.03
8,PE_PB_FED,-0.052989,0.1,0.15,0.35,0.65,0.75,0.8,0.85,1.0,0.5,0.8,0.06,0.04
6,PE_PB_FED,-0.052993,0.1,0.3,0.45,0.65,0.7,0.75,0.85,0.5,0.55,0.75,0.06,0.03
8,PE_PB_FED,-0.052993,0.2,0.25,0.35,0.65,0.75,0.8,0.9,1.0,0.6,0.8,0.08,0.03
8,PE_PB_FED,-0.053013,0.15,0.25,0.45,0.65,0.7,0.8,0.9,1.0,0.55,0.7,0.08,0.04
8,PE_FED,-0.053017,0.2,0.3,0.35,0.65,0.65,0.8,0.9,1.0,0.0,0.0,0.06,0.03
6,PE_PB_FED,-0.053037,0.1,0.25,0.4,0.6,0.7,0.8,0.85,0.5,0.55,0.8,0.12,0.04
6,PE_PB_FED,-0.053044,0.05,0.15,0.35,0.55,0.65,0.8,0.85,0.5,0.5,0.75,0.12,0.03
8,PE_FED,-0.053046,0.05,0.25,0.35,0.5,0.7,0.75,0.85,1.0,0.0,0.0,0.06,0.04
8,PE_FED,-0.053048,0.1,0.25,0.35,0.7,0.75,0.8,0.85,1.0,0.0,0.0,0.08,0.05
8,PE_PB_FED,-0.053058,0.15,0.3,0.35,0.6,0.7,0.75,0.9,1.0,0.5,0.7,0.1,0.03
6,PB_FED,-0.053073,0.1,0.25,0.4,0.7,0.65,0.75,0.95,1.0,0.0,0.0,0.08,0.03
8,PE_PB_FED,-0.053088,0.05,0.25,0.4,0.5,0.65,0.8,0.95,1.0,0.5,0.7,0.1,0.04
8,PE_FED,-0.053091,0.05,0.25,0.3,0.65,0.7,0.85,0.9,1.0,0.0,0.0,0.1,0.03
8,PE_PB_FED,-0.053095,0.15,0.2,0.4,0.6,0.75,0.85,0.95,1.0,0.55,0.75,0.08,0.04
6,PB_FED,-0.053097,0.1,0.25,0.45,0.55,0.7,0.75,0.9,1.0,0.0,0.0,0.12,0.03
8,PE_FED,-0.053097,0.15,0.3,0.45,0.55,0.7,0.8,0.9,1.0,0.0,0.0,0.06,0.04
6,PB_FED,-0.053101,0.05,0.15,0.45,0.55,0.65,0.8,0.95,1.0,0.0,0.0,0.12,0.03
6,PB_FED,-0.053102,0.15,0.2,0.3,0.55,0.65,0.75,0.85,1.0,0.0,0.0,0.12,0.03
6,PE_PB_FED,-0.053126,0.05,0.25,0.35,0.55,0.7,0.8,0.9,0.5,0.6,0.8,0.1,0.04
6,PE_PB_FED,-0.053128,0.15,0.3,0.4,0.55,0.65,0.8,0.95,0.5,0.6,0.7,0.06,0.05
6,PB_FED,-0.053136,0.15,0.2,0.3,0.55,0.7,0.75,0.85,1.0,0.0,0.0,0.08,0.03
6,PB_FED,-0.05315,0.05,0.15,0.3,0.65,0.7,0.85,0.95,1.0,0.0,0.0,0.12,0.03
6,PE_FED,-0.053155,0.05,0.3,0.35,0.6,0.65,0.75,0.85,0.5,0.0,0.0,0.06,0.03
6,PB_FED,-0.053155,0.05,0.2,0.45,0.6,0.65,0.75,0.85,1.0,0.0,0.0,0.12,0.04
8,PE_PB_FED,-0.053167,0.15,0.3,0.4,0.6,0.75,0.8,0.9,1.0,0.6,0.75,0.08,0.03
8,PE_PB_FED,-0.053169,0.1,0.25,0.3,0.7,0.65,0.8,0.85,1.0,0.6,0.75,0.08,0.03
8,PE_PB_FED,-0.053173,0.1,0.2,0.3,0.65,0.65,0.8,0.85,1.0,0.65,0.8,0.1,0.05
6,PB_FED,-0.053185,0.15,0.2,0.3,0.7,0.65,0.75,0.85,1.0,0.0,0.0,0.06,0.05
8,PE_FED,-0.053185,0.2,0.25,0.45,0.65,0.65,0.85,0.95,1.0,0.0,0.0,0.12,0.04
6,PE_FED,-0.053187,0.2,0.3,0.45,0.65,0.7,0.85,0.9,0.5,0.0,0.0,0.1,0.05
6,PE_FED,-0.053195,0.1,0.25,0.45,0.5,0.7,0.8,0.9,0.5,0.0,0.0,0.1,0.05
6,PB_FED,-0.053206,0.1,0.15,0.3,0.55,0.65,0.75,0.85,1.0,0.0,0.0,0.06,0.05
8,PE_FED,-0.053209,0.05,0.3,0.4,0.65,0.75,0.8,0.9,1.0,0.0,0.0,0.08,0.05
8,PE_FED,-0.053212,0.05,0.3,0.4,0.65,0.65,0.85,0.95,1.0,0.0,0.0,0.12,0.05
8,PE_PB_FED,-0.053213,0.15,0.3,0.45,0.65,0.75,0.8,0.95,1.0,0.5,0.7,0.1,0.05
6,PE_FED,-0.053214,0.1,0.25,0.3,0.5,0.7,0.8,0.85,0.5,0.0,0.0,0.08,0.04
8,PE_PB_FED,-0.053218,0.1,0.3,0.4,0.55,0.65,0.8,0.95,1.0,0.55,0.75,0.12,0.05
6,PB_FED,-0.053221,0.1,0.2,0.3,0.7,0.7,0.8,0.9,1.0,0.0,0.0,0.1,0.03
8,PE_FED,-0.053243,0.2,0.25,0.45,0.65,0.7,0.85,0.95,1.0,0.0,0.0,0.08,0.05
8,PB_FED,-0.053244,0.2,0.3,0.4,0.5,0.65,0.8,0.85,1.0,0.0,0.0,0.1,0.05
6,PE_FED,-0.053245,0.05,0.2,0.35,0.5,0.65,0.85,0.9,0.5,0.0,0.0,0.08,0.03
8,PE_PB_FED,-0.053248,0.05,0.25,0.45,0.55,0.7,0.85,0.95,1.0,0.65,0.75,0.12,0.05
8,PE_PB_FED,-0.053251,0.05,0.3,0.35,0.7,0.7,0.85,0.95,1.0,0.65,0.7,0.06,0.05
8,PE_FED,-0.053254,0.2,0.3,0.35,0.7,0.65,0.8,0.9,1.0,0.0,0.0,0.06,0.04
8,PE_PB_FED,-0.053254,0.1,0.25,0.35,0.7,0.65,0.8,0.85,1.0,0.6,0.8,0.1,0.03
6,PE_PB_FED,-0.053277,0.1,0.25,0.45,0.6,0.7,0.8,0.85,0.5,0.6,0.7,0.06,0.05
8,PE_PB_FED,-0.053278,0.1,0.2,0.35,0.6,0.75,0.8,0.85,1.0,0.65,0.75,0.12,0.04
6,PE_PB_FED,-0.053279,0.2,0.3,0.35,0.55,0.75,0.8,0.95,0.5,0.6,0.8,0.08,0.03
8,PE_PB_FED,-0.053291,0.15,0.25,0.4,0.7,0.65,0.85,0.9,1.0,0.65,0.75,0.1,0.03
6,PE_PB_FED,-0.053295,0.15,0.25,0.4,0.6,0.7,0.85,0.95,0.5,0.55,0.7,0.06,0.05
6,PE_PB_FED,-0.053299,0.05,0.3,0.4,0.7,0.65,0.75,0.85,0.5,0.65,0.8,0.08,0.05
8,PE_FED,-0.053307,0.2,0.25,0.45,0.55,0.65,0.8,0.9,1.0,0.0,0.0,0.12,0.04
6,PB_FED,-0.053328,0.2,0.25,0.45,0.6,0.65,0.75,0.9,1.0,0.0,0.0,0.08,0.03
6,PE_PB_FED,-0.053372,0.15,0.2,0.45,0.5,0.7,0.75,0.85,0.5,0.6,0.7,0.06,0.03
6,PB_FED,-0.053373,0.15,0.2,0.45,0.55,0.7,0.75,0.85,1.0,0.0,0.0,0.12,0.04
6,PB_FED,-0.053411,0.1,0.15,0.4,0.65,0.7,0.8,0.9,1.0,0.0,0.0,0.1,0.05
6,PB_FED,-0.053429,0.05,0.15,0.45,0.6,0.7,0.85,0.95,1.0,0.0,0.0,0.12,0.03
8,PE_FED,-0.053435,0.05,0.2,0.45,0.55,0.75,0.85,0.9,1.0,0.0,0.0,0.1,0.04
8,PE_FED,-0.053455,0.2,0.3,0.4,0.6,0.7,0.8,0.9,1.0,0.0,0.0,0.06,0.03
6,PB_FED,-0.053463,0.15,0.2,0.35,0.65,0.75,0.8,0.9,1.0,0.0,0.0,0.06,0.03
6,PE_PB_FED,-0.05347,0.15,0.3,0.35,0.7,0.75,0.85,0.9,0.5,0.6,0.8,0.08,0.03
6,PE_FED,-0.053497,0.1,0.25,0.4,0.5,0.7,0.8,0.85,0.5,0.0,0.0,0.08,0.04
6,PB_FED,-0.053501,0.1,0.15,0.35,0.7,0.7,0.8,0.9,1.0,0.0,0.0,0.12,0.05
8,PE_PB_FED,-0.05352,0.05,0.3,0.35,0.65,0.65,0.75,0.9,1.0,0.55,0.75,0.1,0.05
6,PB_FED,-0.053541,0.15,0.2,0.45,0.6,0.75,0.8,0.95,1.0,0.0,0.0,0.08,0.04
8,PE_FED,-0.053547,0.05,0.25,0.4,0.7,0.65,0.85,0.9,1.0,0.0,0.0,0.06,0.05
6,PE_FED,-0.053565,0.1,0.25,0.45,0.5,0.65,0.8,0.85,0.5,0.0,0.0,0.08,0.03
6,PB_FED,-0.053565,0.05,0.2,0.45,0.6,0.75,0.8,0.9,1.0,0.0,0.0,0.12,0.03
6,PE_PB_FED,-0.05357,0.2,0.25,0.3,0.55,0.7,0.75,0.9,0.5,0.6,0.75,0.06,0.05
6,PB_FED,-0.053572,0.1,0.25,0.3,0.55,0.7,0.75,0.9,1.0,0.0,0.0,0.08,0.03
8,PE_FED,-0.053603,0.05,0.2,0.35,0.5,0.7,0.8,0.85,1.0,0.0,0.0,0.08,0.04
6,PE_PB_FED,-0.053609,0.15,0.25,0.35,0.5,0.75,0.85,0.95,0.5,0.65,0.8,0.12,0.04
8,PE_PB_FED,-0.053615,0.1,0.2,0.45,0.7,0.75,0.85,0.9,1.0,0.55,0.8,0.06,0.03
6,PE_PB_FED,-0.053616,0.15,0.25,0.35,0.5,0.65,0.85,0.95,0.5,0.65,0.75,0.06,0.05
6,PE_PB_FED,-0.053629,0.1,0.25,0.3,0.5,0.65,0.85,0.95,0.5,0.55,0.7,0.08,0.04
6,PB_FED,-0.053635,0.1,0.25,0.4,0.7,0.65,0.75,0.85,1.0,0.0,0.0,0.08,0.03
6,PE_PB_FED,-0.053639,0.05,0.15,0.45,0.5,0.7,0.85,0.9,0.5,0.6,0.75,0.06,0.03
6,PE_PB_FED,-0.053645,0.2,0.25,0.45,0.5,0.7,0.75,0.95,0.5,0.6,0.75,0.06,0.05
6,PE_PB_FED,-0.053645,0.2,0.25,0.45,0.5,0.65,0.75,0.95,0.5,0.6,0.75,0.1,0.05
6,PB_FED,-0.053647,0.1,0.15,0.3,0.5,0.7,0.8,0.9,1.0,0.0,0.0,0.06,0.03
6,PB_FED,-0.053651,0.1,0.15,0.3,0.65,0.65,0.8,0.85,1.0,0.0,0.0,0.08,0.05
8,PE_PB_FED,-0.053651,0.2,0.25,0.3,0.65,0.7,0.8,0.9,1.0,0.55,0.75,0.12,0.03
8,PE_FED,-0.053656,0.05,0.2,0.4,0.5,0.75,0.8,0.85,1.0,0.0,0.0,0.12,0.04
6,PE_PB_FED,-0.053664,0.15,0.25,0.3,0.5,0.7,0.75,0.9,0.5,0.55,0.8,0.06,0.04
6,PB_FED,-0.053667,0.05,0.15,0.3,0.7,0.75,0.85,0.95,1.0,0.0,0.0,0.08,0.03
6,PE_PB_FED,-0.053668,0.05,0.2,0.35,0.55,0.7,0.8,0.9,0.5,0.5,0.75,0.08,0.04
8,PE_FED,-0.053671,0.15,0.2,0.35,0.5,0.7,0.85,0.9,1.0,0.0,0.0,0.06,0.03
6,PB_FED,-0.053672,0.1,0.25,0.45,0.65,0.65,0.8,0.95,1.0,0.0,0.0,0.1,0.03
6,PE_PB_FED,-0.053673,0.1,0.2,0.35,0.5,0.65,0.75,0.85,0.5,0.5,0.7,0.12,0.04
6,PB_FED,-0.053705,0.15,0.25,0.45,0.6,0.7,0.75,0.85,1.0,0.0,0.0,0.06,0.04
6,PE_FED,-0.053711,0.15,0.3,0.4,0.55,0.75,0.85,0.9,0.5,0.0,0.0,0.06,0.03
8,PE_PB_FED,-0.053714,0.1,0.25,0.4,0.65,0.75,0.85,0.95,1.0,0.55,0.7,0.12,0.05
6,PE_PB_FED,-0.053725,0.15,0.25,0.4,0.55,0.7,0.85,0.9,0.5,0.65,0.8,0.1,0.03
8,PE_FED,-0.053729,0.15,0.25,0.45,0.6,0.75,0.8,0.85,1.0,0.0,0.0,0.1,0.04
6,PB_FED,-0.053739,0.05,0.15,0.4,0.5,0.7,0.75,0.95,1.0,0.0,0.0,0.1,0.04
8,PE_FED,-0.053755,0.15,0.3,0.4,0.5,0.7,0.8,0.9,1.0,0.0,0.0,0.08,0.04
6,PE_PB_FED,-0.053758,0.2,0.3,0.45,0.7,0.7,0.85,0.95,0.5,0.55,0.7,0.06,0.03
8,PB_FED,-0.053775,0.2,0.3,0.45,0.5,0.75,0.85,0.9,1.0,0.0,0.0,0.06,0.04
8,PE_PB_FED,-0.053777,0.1,0.25,0.45,0.65,0.7,0.85,0.95,1.0,0.55,0.7,0.1,0.05
6,PB_FED,-0.053789,0.1,0.2,0.3,0.5,0.65,0.75,0.95,1.0,0.0,0.0,0.06,0.05
8,PE_FED,-0.053789,0.15,0.3,0.4,0.55,0.7,0.75,0.85,1.0,0.0,0.0,0.1,0.04
8,PE_PB_FED,-0.053793,0.05,0.3,0.4,0.7,0.65,0.8,0.9,1.0,0.5,0.75,0.08,0.03
6,PE_FED,-0.053799,0.15,0.3,0.35,0.5,0.7,0.75,0.85,0.5,0.0,0.0,0.08,0.04
8,PB_FED,-0.053823,0.05,0.3,0.45,0.5,0.75,0.85,0.95,1.0,0.0,0.0,0.1,0.05
8,PE_PB_FED,-0.053839,0.2,0.25,0.35,0.6,0.65,0.8,0.95,1.0,0.5,0.8,0.08,0.04
6,PB_FED,-0.053841,0.1,0.2,0.35,0.5,0.65,0.75,0.9,1.0,0.0,0.0,0.1,0.03
6,PB_FED,-0.053845,0.05,0.15,0.45,0.65,0.7,0.85,0.95,1.0,0.0,0.0,0.08,0.05
6,PE_PB_FED,-0.053848,0.05,0.15,0.45,0.5,0.75,0.8,0.9,0.5,0.5,0.8,0.12,0.04
6,PE_PB_FED,-0.053854,0.05,0.3,0.35,0.55,0.65,0.75,0.9,0.5,0.6,0.8,0.12,0.04
6,PE_PB_FED,-0.053854,0.2,0.25,0.4,0.55,0.65,0.75,0.85,0.5,0.65,0.8,0.08,0.04
6,PE_PB_FED,-0.053862,0.05,0.25,0.4,0.65,0.65,0.8,0.85,0.5,0.55,0.75,0.06,0.04
6,PB_FED,-0.053874,0.15,0.3,0.45,0.6,0.65,0.75,0.95,1.0,0.0,0.0,0.1,0.03
8,PE_PB_FED,-0.053876,0.1,0.3,0.35,0.55,0.7,0.75,0.85,1.0,0.65,0.75,0.12,0.03
8,PE_PB_FED,-0.053888,0.05,0.2,0.35,0.6,0.65,0.85,0.95,1.0,0.5,0.8,0.06,0.05
6,PE_FED,-0.053906,0.2,0.3,0.4,0.6,0.7,0.75,0.85,0.5,0.0,0.0,0.12,0.03
6,PB_FED,-0.053906,0.1,0.25,0.45,0.6,0.75,0.8,0.95,1.0,0.0,0.0,0.06,0.03
6,PB_FED,-0.053916,0.05,0.15,0.3,0.55,0.7,0.8,0.95,1.0,0.0,0.0,0.12,0.05
6,PB_FED,-0.053918,0.1,0.15,0.45,0.5,0.75,0.8,0.95,1.0,0.0,0.0,0.06,0.04
8,PE_PB_FED,-0.05392,0.15,0.3,0.4,0.6,0.75,0.8,0.9,1.0,0.55,0.7,0.06,0.03
6,PB_FED,-0.053924,0.15,0.25,0.3,0.65,0.7,0.8,0.95,1.0,0.0,0.0,0.08,0.03
8,PE_PB_FED,-0.053955,0.05,0.25,0.3,0.55,0.65,0.75,0.85,1.0,0.6,0.8,0.08,0.05
6,PE_PB_FED,-0.053956,0.2,0.3,0.45,0.65,0.75,0.85,0.95,0.5,0.65,0.8,0.06,0.04
8,PE_PB_FED,-0.05396,0.05,0.2,0.45,0.5,0.65,0.8,0.9,1.0,0.55,0.75,0.12,0.05
8,PE_PB_FED,-0.053976,0.1,0.3,0.45,0.65,0.65,0.75,0.85,1.0,0.65,0.8,0.12,0.04
6,PB_FED,-0.053984,0.2,0.25,0.4,0.65,0.7,0.75,0.95,1.0,0.0,0.0,0.08,0.03
6,PB_FED,-0.053991,0.2,0.25,0.3,0.65,0.7,0.75,0.95,1.0,0.0,0.0,0.08,0.05
8,PE_FED,-0.053997,0.2,0.3,0.4,0.6,0.75,0.85,0.95,1.0,0.0,0.0,0.12,0.03
8,PE_PB_FED,-0.054007,0.1,0.25,0.45,0.7,0.7,0.85,0.9,1.0,0.6,0.7,0.12,0.03
8,PE_PB_FED,-0.054009,0.1,0.25,0.45,0.5,0.65,0.85,0.95,1.0,0.65,0.8,0.06,0.04
6,PE_FED,-0.054013,0.15,0.25,0.3,0.5,0.75,0.85,0.9,0.5,0.0,0.0,0.1,0.05
8,PE_FED,-0.054027,0.15,0.3,0.45,0.65,0.7,0.8,0.85,1.0,0.0,0.0,0.12,0.03
6,PE_FED,-0.054035,0.1,0.3,0.45,0.6,0.65,0.8,0.85,0.5,0.0,0.0,0.1,0.05
8,PE_PB_FED,-0.054051,0.2,0.3,0.4,0.5,0.75,0.8,0.95,1.0,0.65,0.75,0.06,0.04
6,PE_FED,-0.054053,0.1,0.3,0.4,0.55,0.65,0.85,0.9,0.5,0.0,0.0,0.1,0.04
6,PE_PB_FED,-0.054055,0.05,0.25,0.45,0.7,0.65,0.8,0.9,0.5,0.5,0.75,0.12,0.05
6,PE_PB_FED,-0.054062,0.2,0.25,0.3,0.5,0.65,0.75,0.95,0.5,0.5,0.8,0.12,0.03
6,PE_PB_FED,-0.054065,0.15,0.3,0.35,0.55,0.7,0.75,0.85,0.5,0.65,0.7,0.08,0.04
8,PE_FED,-0.054065,0.1,0.25,0.35,0.55,0.65,0.85,0.9,1.0,0.0,0.0,0.12,0.03
6,PB_FED,-0.054068,0.1,0.15,0.3,0.55,0.75,0.85,0.95,1.0,0.0,0.0,0.1,0.03
8,PE_PB_FED,-0.054079,0.05,0.25,0.45,0.65,0.7,0.85,0.9,1.0,0.65,0.75,0.1,0.03
8,PE_PB_FED,-0.054109,0.15,0.3,0.45,0.5,0.65,0.75,0.9,1.0,0.5,0.7,0.12,0.03
6,PE_PB_FED,-0.054125,0.1,0.3,0.4,0.7,0.75,0.85,0.9,0.5,0.5,0.75,0.06,0.03
6,PE_PB_FED,-0.054127,0.1,0.3,0.4,0.5,0.7,0.8,0.95,0.5,0.5,0.8,0.12,0.03
6,PB_FED,-0.054128,0.15,0.2,0.3,0.55,0.7,0.8,0.95,1.0,0.0,0.0,0.12,0.03
6,PB_FED,-0.054132,0.05,0.2,0.35,0.55,0.65,0.75,0.95,1.0,0.0,0.0,0.1,0.05
8,PE_FED,-0.054138,0.05,0.3,0.35,0.6,0.7,0.75,0.85,1.0,0.0,0.0,0.12,0.05
6,PE_FED,-0.054142,0.1,0.3,0.45,0.5,0.65,0.75,0.85,0.5,0.0,0.0,0.1,0.03
8,PE_FED,-0.054146,0.15,0.2,0.45,0.5,0.65,0.8,0.85,1.0,0.0,0.0,0.1,0.05
8,PE_FED,-0.054149,0.05,0.3,0.4,0.5,0.65,0.75,0.85,1.0,0.0,0.0,0.1,0.03
6,PE_PB_FED,-0.05415,0.2,0.3,0.4,0.7,0.65,0.75,0.9,0.5,0.55,0.75,0.06,0.05
8,PE_PB_FED,-0.05415,0.2,0.3,0.35,0.65,0.7,0.75,0.9,1.0,0.6,0.7,0.1,0.05
6,PE_PB_FED,-0.054164,0.05,0.3,0.4,0.65,0.65,0.8,0.9,0.5,0.55,0.8,0.1,0.04
6,PE_PB_FED,-0.054196,0.15,0.3,0.35,0.7,0.65,0.85,0.9,0.5,0.55,0.75,0.08,0.03
6,PE_FED,-0.054214,0.2,0.3,0.45,0.6,0.7,0.8,0.9,0.5,0.0,0.0,0.12,0.04
8,PE_PB_FED,-0.054227,0.1,0.2,0.35,0.65,0.7,0.8,0.85,1.0,0.55,0.75,0.08,0.04
8,PE_PB_FED,-0.054228,0.05,0.2,0.3,0.6,0.75,0.85,0.9,1.0,0.65,0.75,0.1,0.05
6,PB_FED,-0.054235,0.15,0.25,0.45,0.7,0.65,0.8,0.95,1.0,0.0,0.0,0.1,0.04
6,PE_PB_FED,-0.05424,0.1,0.25,0.45,0.55,0.65,0.85,0.9,0.5,0.55,0.8,0.12,0.03
8,PE_PB_FED,-0.05424,0.1,0.2,0.4,0.6,0.65,0.75,0.85,1.0,0.5,0.8,0.12,0.05
6,PB_FED,-0.054241,0.05,0.25,0.3,0.55,0.65,0.75,0.95,1.0,0.0,0.0,0.08,0.03
8,PE_FED,-0.054244,0.1,0.25,0.45,0.65,0.7,0.85,0.9,1.0,0.0,0.0,0.06,0.05
6,PE_FED,-0.054248,0.2,0.3,0.35,0.5,0.65,0.8,0.95,0.5,0.0,0.0,0.08,0.04
6,PB_FED,-0.054251,0.15,0.2,0.4,0.6,0.7,0.8,0.95,1.0,0.0,0.0,0.12,0.03
6,PE_FED,-0.054253,0.05,0.3,0.45,0.55,0.65,0.85,0.95,0.5,0.0,0.0,0.12,0.05
8,PE_PB_FED,-0.05427,0.05,0.2,0.45,0.65,0.75,0.8,0.85,1.0,0.55,0.75,0.12,0.04
8,PE_PB_FED,-0.054284,0.05,0.15,0.4,0.6,0.65,0.85,0.9,1.0,0.5,0.75,0.1,0.05
6,PE_FED,-0.05431,0.05,0.3,0.35,0.6,0.7,0.8,0.85,0.5,0.0,0.0,0.12,0.04
8,PE_FED,-0.054325,0.2,0.3,0.45,0.6,0.7,0.75,0.85,1.0,0.0,0.0,0.06,0.03
6,PB_FED,-0.05433,0.05,0.15,0.4,0.6,0.75,0.8,0.95,1.0,0.0,0.0,0.06,0.05
6,PE_PB_FED,-0.054334,0.15,0.25,0.35,0.7,0.65,0.85,0.9,0.5,0.5,0.75,0.1,0.04
8,PE_PB_FED,-0.054335,0.15,0.2,0.4,0.55,0.75,0.8,0.85,1.0,0.55,0.75,0.1,0.03
6,PB_FED,-0.05434,0.2,0.25,0.45,0.6,0.7,0.75,0.9,1.0,0.0,0.0,0.1,0.05
6,PE_FED,-0.054343,0.05,0.3,0.35,0.6,0.75,0.8,0.85,0.5,0.0,0.0,0.06,0.04
6,PB_FED,-0.054352,0.15,0.25,0.45,0.7,0.7,0.8,0.9,1.0,0.0,0.0,0.12,0.03
6,PE_PB_FED,-0.054353,0.2,0.25,0.4,0.5,0.65,0.75,0.9,0.5,0.6,0.7,0.1,0.04
8,PE_FED,-0.05437,0.2,0.3,0.45,0.7,0.65,0.75,0.85,1.0,0.0,0.0,0.1,0.04
6,PE_FED,-0.054395,0.05,0.15,0.4,0.65,0.7,0.8,0.95,1.0,0.0,0.0,0.12,0.03
8,PE_FED,-0.054407,0.15,0.3,0.4,0.5,0.75,0.8,0.9,1.0,0.0,0.0,0.08,0.05
6,PB_FED,-0.054414,0.05,0.25,0.35,0.65,0.65,0.75,0.95,1.0,0.0,0.0,0.1,0.04
6,PB_FED,-0.054416,0.2,0.25,0.3,0.6,0.7,0.75,0.95,1.0,0.0,0.0,0.08,0.04
6,PB_FED,-0.05442,0.15,0.2,0.45,0.7,0.65,0.8,0.85,1.0,0.0,0.0,0.06,0.05
8,PE_PB_FED,-0.054438,0.1,0.2,0.45,0.7,0.7,0.85,0.9,1.0,0.5,0.75,0.06,0.03
8,PE_FED,-0.054444,0.15,0.3,0.45,0.7,0.7,0.85,0.9,1.0,0.0,0.0,0.1,0.04
6,PB_FED,-0.054448,0.1,0.2,0.35,0.5,0.65,0.75,0.95,1.0,0.0,0.0,0.12,0.05
8,PE_FED,-0.054459,0.15,0.3,0.45,0.7,0.65,0.85,0.9,1.0,0.0,0.0,0.12,0.04
6,PE_PB_FED,-0.054461,0.2,0.25,0.45,0.5,0.65,0.85,0.95,0.5,0.65,0.7,0.06,0.03
6,PE_PB_FED,-0.054463,0.05,0.2,0.3,0.6,0.65,0.85,0.9,0.5,0.5,0.7,0.1,0.04
6,PE_PB_FED,-0.05447,0.2,0.25,0.35,0.7,0.65,0.75,0.85,0.5,0.5,0.8,0.06,0.04
8,PE_PB_FED,-0.054483,0.15,0.3,0.45,0.55,0.75,0.8,0.9,1.0,0.65,0.7,0.12,0.05
8,PE_FED,-0.054493,0.15,0.25,0.4,0.55,0.65,0.8,0.85,1.0,0.0,0.0,0.06,0.05
8,PE_FED,-0.054494,0.2,0.3,0.4,0.65,0.75,0.8,0.9,1.0,0.0,0.0,0.06,0.05
8,PE_PB_FED,-0.054499,0.2,0.25,0.4,0.6,0.7,0.85,0.95,1.0,0.65,0.8,0.08,0.04
8,PE_PB_FED,-0.054507,0.15,0.25,0.4,0.6,0.65,0.75,0.85,1.0,0.55,0.7,0.1,0.05
6,PE_PB_FED,-0.054508,0.15,0.3,0.35,0.55,0.7,0.85,0.95,0.5,0.55,0.75,0.12,0.03
6,PB_FED,-0.054511,0.15,0.3,0.35,0.65,0.65,0.75,0.95,1.0,0.0,0.0,0.08,0.03
6,PB_FED,-0.054514,0.05,0.15,0.3,0.7,0.75,0.85,0.95,1.0,0.0,0.0,0.08,0.04
8,PE_PB_FED,-0.054517,0.05,0.25,0.45,0.5,0.75,0.8,0.9,1.0,0.55,0.75,0.08,0.04
6,PB_FED,-0.054524,0.05,0.15,0.35,0.55,0.7,0.75,0.85,1.0,0.0,0.0,0.1,0.05
8,PE_PB_FED,-0.054533,0.1,0.2,0.4,0.7,0.65,0.8,0.85,1.0,0.5,0.7,0.08,0.04
6,PB_FED,-0.054544,0.05,0.15,0.4,0.7,0.65,0.85,0.95,1.0,0.0,0.0,0.12,0.03
6,PE_PB_FED,-0.054546,0.2,0.3,0.45,0.65,0.75,0.85,0.95,0.5,0.55,0.7,0.12,0.03
8,PE_PB_FED,-0.054546,0.15,0.25,0.45,0.5,0.75,0.8,0.9,1.0,0.55,0.8,0.12,0.04
6,PB_FED,-0.054549,0.05,0.25,0.45,0.55,0.7,0.75,0.9,1.0,0.0,0.0,0.06,0.04
6,PE_PB_FED,-0.054551,0.1,0.3,0.45,0.5,0.7,0.75,0.85,0.5,0.65,0.7,0.08,0.04
8,PE_FED,-0.054553,0.15,0.25,0.45,0.55,0.7,0.8,0.85,1.0,0.0,0.0,0.1,0.05
8,PE_PB_FED,-0.054562,0.1,0.25,0.35,0.5,0.7,0.85,0.95,1.0,0.6,0.8,0.12,0.05
6,PE_PB_FED,-0.054568,0.05,0.2,0.4,0.5,0.7,0.8,0.85,0.5,0.6,0.8,0.12,0.04
6,PB_FED,-0.054574,0.1,0.2,0.3,0.7,0.7,0.85,0.95,1.0,0.0,0.0,0.08,0.03
6,PB_FED,-0.054582,0.15,0.2,0.35,0.7,0.65,0.85,0.9,1.0,0.0,0.0,0.12,0.03
8,PE_FED,-0.054582,0.05,0.2,0.35,0.5,0.65,0.85,0.9,1.0,0.0,0.0,0.06,0.05
6,PE_PB_FED,-0.054598,0.05,0.25,0.4,0.5,0.7,0.85,0.95,0.5,0.6,0.8,0.08,0.05
8,PE_PB_FED,-0.054599,0.05,0.25,0.4,0.55,0.7,0.85,0.95,1.0,0.55,0.7,0.08,0.05
8,PE_FED,-0.054605,0.2,0.3,0.4,0.55,0.75,0.8,0.9,1.0,0.0,0.0,0.1,0.04
6,PE_PB_FED,-0.054609,0.05,0.3,0.4,0.65,0.75,0.85,0.95,0.5,0.5,0.75,0.12,0.03
6,PE_FED,-0.05461,0.1,0.3,0.4,0.55,0.65,0.85,0.9,0.5,0.0,0.0,0.1,0.05
8,PE_PB_FED,-0.054617,0.1,0.25,0.4,0.6,0.7,0.85,0.9,1.0,0.65,0.8,0.08,0.03
6,PE_PB_FED,-0.05462,0.2,0.25,0.4,0.65,0.75,0.8,0.9,0.5,0.5,0.8,0.1,0.04
6,PE_PB_FED,-0.054631,0.2,0.25,0.45,0.7,0.7,0.75,0.85,0.5,0.5,0.75,0.1,0.04
6,PE_FED,-0.054651,0.1,0.15,0.4,0.55,0.75,0.8,0.95,1.0,0.0,0.0,0.1,0.03
8,PE_FED,-0.054651,0.2,0.3,0.4,0.65,0.65,0.75,0.85,1.0,0.0,0.0,0.1,0.04
6,PB_FED,-0.054652,0.1,0.25,0.3,0.65,0.75,0.8,0.95,1.0,0.0,0.0,0.1,0.04
8,PE_FED,-0.054663,0.1,0.3,0.4,0.65,0.65,0.85,0.9,1.0,0.0,0.0,0.08,0.03
8,PE_FED,-0.054666,0.1,0.3,0.35,0.5,0.7,0.85,0.95,1.0,0.0,0.0,0.06,0.05
6,PE_PB_FED,-0.05467,0.2,0.25,0.35,0.6,0.75,0.8,0.9,0.5,0.55,0.7,0.06,0.05
6,PB_FED,-0.05467,0.15,0.2,0.3,0.7,0.75,0.8,0.85,1.0,0.0,0.0,0.12,0.04
6,PB_FED,-0.054681,0.1,0.2,0.45,0.55,0.65,0.8,0.95,1.0,0.0,0.0,0.08,0.04
8,PE_PB_FED,-0.054683,0.05,0.2,0.4,0.55,0.65,0.8,0.85,1.0,0.6,0.7,0.1,0.05
8,PE_PB_FED,-0.05469,0.15,0.2,0.4,0.65,0.75,0.8,0.85,1.0,0.55,0.75,0.12,0.05
6,PB_FED,-0.054708,0.1,0.25,0.45,0.6,0.75,0.8,0.85,1.0,0.0,0.0,0.1,0.03
8,PE_PB_FED,-0.05471,0.15,0.2,0.3,0.6,0.7,0.85,0.9,1.0,0.55,0.8,0.1,0.03
6,PE_FED,-0.054719,0.05,0.25,0.45,0.55,0.75,0.85,0.9,0.5,0.0,0.0,0.06,0.05
8,PE_PB_FED,-0.054719,0.05,0.25,0.3,0.6,0.75,0.8,0.85,1.0,0.65,0.7,0.06,0.05
6,PE_FED,-0.054725,0.05,0.25,0.4,0.5,0.75,0.8,0.85,0.5,0.0,0.0,0.1,0.04
6,PE_FED,-0.054728,0.1,0.15,0.45,0.55,0.65,0.8,0.95,1.0,0.0,0.0,0.12,0.03
6,PB_FED,-0.054729,0.05,0.2,0.3,0.7,0.7,0.8,0.85,1.0,0.0,0.0,0.1,0.03
8,PE_PB_FED,-0.054735,0.1,0.25,0.3,0.7,0.65,0.8,0.85,1.0,0.55,0.75,0.08,0.04
6,PE_FED,-0.054747,0.2,0.3,0.4,0.6,0.65,0.75,0.85,0.5,0.0,0.0,0.12,0.05
8,PE_PB_FED,-0.054799,0.05,0.3,0.4,0.5,0.7,0.8,0.9,1.0,0.65,0.75,0.06,0.04
6,PE_PB_FED,-0.054804,0.2,0.3,0.4,0.55,0.65,0.75,0.85,0.5,0.65,0.75,0.1,0.03
6,PB_FED,-0.054809,0.05,0.3,0.45,0.65,0.65,0.75,0.95,1.0,0.0,0.0,0.12,0.05
6,PE_FED,-0.054819,0.1,0.15,0.35,0.65,0.75,0.8,0.95,1.0,0.0,0.0,0.08,0.05
6,PE_FED,-0.054819,0.1,0.15,0.35,0.65,0.7,0.8,0.95,1.0,0.0,0.0,0.08,0.05
6,PE_PB_FED,-0.054819,0.15,0.2,0.3,0.5,0.65,0.8,0.85,0.5,0.55,0.75,0.1,0.04
6,PB_FED,-0.054821,0.1,0.25,0.45,0.6,0.75,0.8,0.9,1.0,0.0,0.0,0.08,0.04
6,PB_FED,-0.054824,0.15,0.25,0.45,0.65,0.65,0.8,0.85,1.0,0.0,0.0,0.08,0.04
6,PE_PB_FED,-0.054826,0.2,0.25,0.45,0.5,0.65,0.75,0.9,0.5,0.55,0.75,0.1,0.03
8,PE_FED,-0.054836,0.1,0.25,0.3,0.5,0.75,0.85,0.9,1.0,0.0,0.0,0.12,0.03
6,PB_FED,-0.054846,0.15,0.2,0.4,0.65,0.75,0.8,0.9,1.0,0.0,0.0,0.12,0.05
8,PE_PB_FED,-0.05485,0.15,0.2,0.35,0.5,0.75,0.8,0.85,1.0,0.65,0.7,0.1,0.05
8,PE_FED,-0.054855,0.1,0.3,0.35,0.55,0.7,0.8,0.85,1.0,0.0,0.0,0.06,0.03
6,PB_FED,-0.054869,0.05,0.15,0.4,0.5,0.65,0.75,0.85,1.0,0.0,0.0,0.08,0.04
6,PB_FED,-0.054869,0.1,0.2,0.3,0.7,0.65,0.85,0.95,1.0,0.0,0.0,0.08,0.05
8,PE_FED,-0.054884,0.1,0.25,0.45,0.6,0.75,0.85,0.9,1.0,0.0,0.0,0.06,0.05
6,PE_PB_FED,-0.0549,0.15,0.25,0.35,0.7,0.65,0.85,0.9,0.5,0.5,0.7,0.08,0.05
6,PB_FED,-0.054902,0.15,0.2,0.4,0.5,0.65,0.75,0.95,1.0,0.0,0.0,0.1,0.05
6,PE_PB_FED,-0.054907,0.1,0.25,0.4,0.55,0.7,0.8,0.85,0.5,0.5,0.8,0.12,0.04
6,PE_PB_FED,-0.054911,0.1,0.25,0.3,0.5,0.75,0.85,0.9,0.5,0.55,0.75,0.1,0.03
6,PE_PB_FED,-0.05494,0.15,0.25,0.3,0.55,0.65,0.85,0.9,0.5,0.6,0.8,0.1,0.05
6,PE_PB_FED,-0.054963,0.05,0.2,0.3,0.5,0.65,0.85,0.95,0.5,0.5,0.7,0.06,0.04
6,PE_FED,-0.054969,0.15,0.3,0.4,0.5,0.75,0.85,0.9,0.5,0.0,0.0,0.06,0.03
6,PE_PB_FED,-0.054969,0.05,0.3,0.4,0.55,0.75,0.8,0.9,0.5,0.55,0.7,0.1,0.03
8,PE_PB_FED,-0.054969,0.05,0.25,0.3,0.6,0.65,0.85,0.9,1.0,0.6,0.8,0.12,0.03
6,PE_PB_FED,-0.054973,0.2,0.25,0.45,0.5,0.65,0.75,0.85,0.5,0.65,0.8,0.12,0.03
6,PB_FED,-0.054973,0.05,0.15,0.35,0.65,0.65,0.85,0.95,1.0,0.0,0.0,0.1,0.05
6,PB_FED,-0.05498,0.1,0.15,0.35,0.6,0.7,0.85,0.9,1.0,0.0,0.0,0.12,0.04
6,PE_FED,-0.054984,0.2,0.3,0.45,0.55,0.65,0.85,0.95,0.5,0.0,0.0,0.12,0.04
6,PE_FED,-0.055013,0.05,0.3,0.35,0.55,0.65,0.85,0.9,0.5,0.0,0.0,0.06,0.03
8,PE_PB_FED,-0.055038,0.15,0.3,0.35,0.65,0.7,0.75,0.85,1.0,0.55,0.75,0.06,0.04
6,PB_FED,-0.05505,0.2,0.25,0.45,0.7,0.65,0.8,0.9,1.0,0.0,0.0,0.12,0.04
6,PB_FED,-0.055064,0.1,0.3,0.35,0.6,0.65,0.75,0.9,1.0,0.0,0.0,0.12,0.03
6,PB_FED,-0.055098,0.1,0.3,0.35,0.6,0.7,0.75,0.9,1.0,0.0,0.0,0.06,0.03
8,PE_PB_FED,-0.055108,0.15,0.3,0.45,0.5,0.75,0.8,0.9,1.0,0.55,0.8,0.08,0.03
6,PE_PB_FED,-0.055118,0.1,0.3,0.45,0.55,0.7,0.85,0.9,0.5,0.6,0.8,0.06,0.03
6,PB_FED,-0.055125,0.05,0.15,0.35,0.5,0.65,0.8,0.95,1.0,0.0,0.0,0.06,0.03
6,PB_FED,-0.055149,0.1,0.2,0.4,0.65,0.75,0.85,0.95,1.0,0.0,0.0,0.1,0.03
6,PE_PB_FED,-0.05517,0.15,0.3,0.4,0.6,0.65,0.85,0.95,0.5,0.5,0.7,0.1,0.03
6,PE_PB_FED,-0.055183,0.2,0.3,0.35,0.5,0.7,0.8,0.95,0.5,0.55,0.8,0.08,0.03
6,PB_FED,-0.055188,0.05,0.25,0.45,0.65,0.7,0.8,0.85,1.0,0.0,0.0,0.12,0.03
6,PE_PB_FED,-0.055209,0.05,0.25,0.45,0.5,0.75,0.8,0.95,0.5,0.5,0.8,0.12,0.04
6,PE_PB_FED,-0.055223,0.2,0.25,0.3,0.55,0.7,0.8,0.9,0.5,0.55,0.8,0.1,0.05
6,PB_FED,-0.055228,0.15,0.2,0.4,0.55,0.7,0.8,0.9,1.0,0.0,0.0,0.08,0.03
6,PB_FED,-0.055239,0.15,0.25,0.4,0.6,0.7,0.75,0.85,1.0,0.0,0.0,0.08,0.04
6,PB_FED,-0.055249,0.1,0.25,0.3,0.7,0.75,0.8,0.95,1.0,0.0,0.0,0.12,0.05
8,PE_FED,-0.055254,0.15,0.25,0.4,0.5,0.75,0.8,0.85,1.0,0.0,0.0,0.12,0.05
8,PE_FED,-0.055258,0.15,0.3,0.45,0.6,0.7,0.85,0.9,1.0,0.0,0.0,0.06,0.03
8,PE_PB_FED,-0.055262,0.05,0.2,0.45,0.65,0.75,0.85,0.9,1.0,0.55,0.8,0.12,0.05
8,PE_FED,-0.055269,0.1,0.25,0.45,0.55,0.75,0.85,0.9,1.0,0.0,0.0,0.12,0.05
6,PE_PB_FED,-0.055276,0.1,0.25,0.35,0.55,0.65,0.85,0.9,0.5,0.5,0.75,0.06,0.04
6,PE_PB_FED,-0.055288,0.2,0.25,0.3,0.55,0.75,0.85,0.9,0.5,0.6,0.8,0.1,0.03
8,PE_PB_FED,-0.055294,0.15,0.3,0.4,0.7,0.75,0.85,0.9,1.0,0.6,0.75,0.12,0.03
6,PB_FED,-0.055306,0.1,0.25,0.3,0.6,0.75,0.8,0.9,1.0,0.0,0.0,0.06,0.04
8,PE_PB_FED,-0.055333,0.2,0.25,0.45,0.55,0.65,0.8,0.9,1.0,0.5,0.75,0.12,0.03
6,PE_PB_FED,-0.055361,0.05,0.3,0.35,0.55,0.75,0.8,0.95,0.5,0.5,0.75,0.1,0.05
8,PE_PB_FED,-0.055361,0.2,0.3,0.4,0.55,0.65,0.8,0.9,1.0,0.65,0.8,0.1,0.04
6,PE_FED,-0.055366,0.2,0.25,0.3,0.5,0.7,0.8,0.85,0.5,0.0,0.0,0.12,0.04
8,PE_PB_FED,-0.055384,0.15,0.25,0.3,0.7,0.65,0.85,0.9,1.0,0.5,0.7,0.08,0.03
6,PE_FED,-0.055386,0.05,0.3,0.4,0.5,0.7,0.75,0.85,0.5,0.0,0.0,0.08,0.04
8,PE_PB_FED,-0.055389,0.1,0.3,0.4,0.7,0.75,0.85,0.95,1.0,0.5,0.8,0.12,0.04
8,PE_PB_FED,-0.055393,0.1,0.3,0.4,0.55,0.7,0.85,0.95,1.0,0.6,0.8,0.1,0.05
6,PB_FED,-0.055401,0.15,0.25,0.45,0.6,0.65,0.85,0.9,1.0,0.0,0.0,0.06,0.03
8,PE_FED,-0.055406,0.05,0.3,0.45,0.7,0.75,0.85,0.9,1.0,0.0,0.0,0.06,0.05
6,PB_FED,-0.055407,0.1,0.15,0.35,0.5,0.7,0.8,0.9,1.0,0.0,0.0,0.1,0.05
6,PE_FED,-0.055425,0.2,0.3,0.4,0.55,0.75,0.8,0.85,0.5,0.0,0.0,0.12,0.03
6,PB_FED,-0.055426,0.1,0.2,0.4,0.7,0.75,0.85,0.9,1.0,0.0,0.0,0.1,0.03
6,PE_PB_FED,-0.055442,0.2,0.25,0.45,0.6,0.7,0.85,0.9,0.5,0.6,0.7,0.08,0.04
8,PE_PB_FED,-0.055456,0.1,0.2,0.3,0.65,0.7,0.85,0.9,1.0,0.5,0.7,0.08,0.04
6,PB_FED,-0.055461,0.15,0.25,0.45,0.6,0.7,0.8,0.85,1.0,0.0,0.0,0.1,0.04
8,PE_FED,-0.055479,0.15,0.3,0.4,0.55,0.75,0.8,0.85,1.0,0.0,0.0,0.1,0.04
6,PE_PB_FED,-0.05548,0.05,0.3,0.45,0.65,0.65,0.8,0.85,0.5,0.55,0.8,0.08,0.03
6,PE_PB_FED,-0.05549,0.05,0.3,0.4,0.6,0.75,0.8,0.9,0.5,0.55,0.8,0.12,0.05
8,PE_FED,-0.055522,0.2,0.3,0.45,0.55,0.65,0.85,0.95,1.0,0.0,0.0,0.08,0.04
6,PB_FED,-0.055527,0.1,0.15,0.4,0.55,0.65,0.85,0.95,1.0,0.0,0.0,0.06,0.03
8,PE_PB_FED,-0.05556,0.1,0.2,0.35,0.5,0.65,0.85,0.9,1.0,0.6,0.7,0.1,0.04
8,PE_PB_FED,-0.055562,0.1,0.3,0.45,0.5,0.65,0.85,0.95,1.0,0.65,0.7,0.08,0.04
8,PE_PB_FED,-0.055563,0.05,0.25,0.35,0.7,0.7,0.85,0.9,1.0,0.55,0.8,0.12,0.05
6,PB_FED,-0.055566,0.15,0.25,0.4,0.6,0.7,0.8,0.9,1.0,0.0,0.0,0.08,0.03
6,PB_FED,-0.055569,0.15,0.2,0.4,0.65,0.65,0.85,0.95,1.0,0.0,0.0,0.08,0.03
6,PE_FED,-0.05558,0.1,0.15,0.3,0.7,0.7,0.85,0.95,1.0,0.0,0.0,0.06,0.03
8,PE_FED,-0.05558,0.15,0.3,0.45,0.5,0.75,0.8,0.85,1.0,0.0,0.0,0.06,0.03
8,PE_FED,-0.05558,0.2,0.3,0.45,0.55,0.7,0.85,0.95,1.0,0.0,0.0,0.12,0.05
8,PE_FED,-0.055599,0.2,0.25,0.3,0.5,0.75,0.8,0.85,1.0,0.0,0.0,0.08,0.03
6,PE_FED,-0.055601,0.05,0.15,0.45,0.5,0.7,0.75,0.95,1.0,0.0,0.0,0.1,0.04
8,PE_PB_FED,-0.055626,0.1,0.2,0.4,0.6,0.65,0.8,0.85,1.0,0.5,0.75,0.12,0.04
6,PE_FED,-0.055628,0.05,0.15,0.3,0.6,0.75,0.8,0.95,1.0,0.0,0.0,0.08,0.04
6,PE_FED,-0.055631,0.05,0.3,0.4,0.55,0.75,0.8,0.85,0.5,0.0,0.0,0.08,0.05
6,PB_FED,-0.05564,0.1,0.3,0.35,0.6,0.65,0.75,0.95,1.0,0.0,0.0,0.06,0.05
6,PE_FED,-0.055648,0.05,0.15,0.3,0.6,0.65,0.8,0.95,1.0,0.0,0.0,0.1,0.05
6,PB_FED,-0.055668,0.15,0.3,0.4,0.7,0.7,0.75,0.85,1.0,0.0,0.0,0.12,0.03
6,PE_FED,-0.055675,0.1,0.15,0.4,0.55,0.65,0.75,0.9,1.0,0.0,0.0,0.08,0.03
8,PE_FED,-0.055681,0.2,0.25,0.35,0.55,0.65,0.8,0.85,1.0,0.0,0.0,0.06,0.04
8,PE_FED,-0.055682,0.2,0.25,0.3,0.65,0.7,0.85,0.9,1.0,0.0,0.0,0.12,0.05
6,PE_PB_FED,-0.055697,0.1,0.3,0.35,0.55,0.75,0.8,0.9,0.5,0.5,0.8,0.12,0.05
6,PB_FED,-0.055704,0.05,0.25,0.4,0.7,0.65,0.8,0.95,1.0,0.0,0.0,0.06,0.03
8,PE_PB_FED,-0.055704,0.1,0.25,0.45,0.65,0.75,0.85,0.9,1.0,0.6,0.8,0.1,0.05
8,PE_PB_FED,-0.055709,0.05,0.25,0.45,0.6,0.75,0.85,0.9,1.0,0.6,0.75,0.06,0.04
6,PE_FED,-0.055721,0.2,0.3,0.4,0.5,0.75,0.8,0.9,0.5,0.0,0.0,0.08,0.04
8,PE_PB_FED,-0.055738,0.2,0.3,0.45,0.6,0.7,0.75,0.85,1.0,0.65,0.75,0.1,0.04
6,PB_FED,-0.055742,0.15,0.25,0.4,0.65,0.75,0.8,0.9,1.0,0.0,0.0,0.08,0.04
6,PB_FED,-0.055744,0.2,0.25,0.3,0.6,0.7,0.8,0.9,1.0,0.0,0.0,0.12,0.03
6,PB_FED,-0.055754,0.15,0.25,0.45,0.7,0.75,0.8,0.85,1.0,0.0,0.0,0.06,0.04
6,PE_PB_FED,-0.055758,0.05,0.3,0.35,0.55,0.65,0.85,0.9,0.5,0.65,0.7,0.08,0.04
6,PE_PB_FED,-0.055776,0.05,0.25,0.3,0.5,0.65,0.75,0.85,0.5,0.55,0.7,0.12,0.05
6,PB_FED,-0.055802,0.05,0.25,0.3,0.6,0.75,0.8,0.95,1.0,0.0,0.0,0.08,0.04
6,PE_PB_FED,-0.055805,0.2,0.3,0.35,0.6,0.7,0.75,0.9,0.5,0.5,0.8,0.12,0.04
8,PE_FED,-0.055817,0.05,0.3,0.35,0.65,0.65,0.85,0.9,1.0,0.0,0.0,0.08,0.05
8,PE_FED,-0.055817,0.05,0.3,0.35,0.65,0.65,0.85,0.9,1.0,0.0,0.0,0.12,0.05
6,PB_FED,-0.055818,0.05,0.2,0.45,0.55,0.7,0.85,0.9,1.0,0.0,0.0,0.06,0.03
6,PE_PB_FED,-0.05586,0.15,0.2,0.35,0.5,0.7,0.85,0.9,0.5,0.55,0.8,0.08,0.05
6,PB_FED,-0.055884,0.05,0.15,0.4,0.7,0.75,0.85,0.9,1.0,0.0,0.0,0.06,0.05
8,PE_FED,-0.055909,0.15,0.3,0.35,0.55,0.65,0.85,0.9,1.0,0.0,0.0,0.08,0.04
6,PB_FED,-0.055917,0.05,0.2,0.35,0.7,0.75,0.85,0.95,1.0,0.0,0.0,0.1,0.03
6,PB_FED,-0.055917,0.05,0.2,0.35,0.7,0.75,0.85,0.95,1.0,0.0,0.0,0.12,0.03
6,PB_FED,-0.055929,0.2,0.25,0.45,0.6,0.7,0.8,0.9,1.0,0.0,0.0,0.1,0.04
6,PB_FED,-0.055932,0.05,0.25,0.35,0.5,0.65,0.75,0.95,1.0,0.0,0.0,0.1,0.03
8,PE_PB_FED,-0.055933,0.05,0.2,0.35,0.65,0.7,0.85,0.9,1.0,0.5,0.8,0.12,0.05
6,PB_FED,-0.055941,0.05,0.2,0.35,0.7,0.7,0.85,0.9,1.0,0.0,0.0,0.06,0.03
8,PE_FED,-0.055946,0.15,0.25,0.4,0.5,0.75,0.85,0.9,1.0,0.0,0.0,0.1,0.05
6,PE_FED,-0.055954,0.05,0.15,0.45,0.6,0.7,0.8,0.95,1.0,0.0,0.0,0.12,0.05
6,PB_FED,-0.055961,0.1,0.2,0.4,0.55,0.7,0.8,0.95,1.0,0.0,0.0,0.1,0.05
8,PE_PB_FED,-0.055966,0.2,0.3,0.4,0.55,0.75,0.8,0.9,1.0,0.6,0.8,0.12,0.04
6,PE_PB_FED,-0.055968,0.2,0.3,0.45,0.7,0.7,0.85,0.9,0.5,0.55,0.7,0.06,0.04
8,PE_PB_FED,-0.055982,0.1,0.25,0.45,0.6,0.75,0.8,0.85,1.0,0.5,0.7,0.1,0.03
8,PE_FED,-0.055992,0.1,0.25,0.45,0.5,0.7,0.85,0.9,1.0,0.0,0.0,0.08,0.05
8,PE_FED,-0.056006,0.2,0.25,0.3,0.55,0.75,0.8,0.85,1.0,0.0,0.0,0.08,0.05
8,PE_PB_FED,-0.056006,0.2,0.25,0.3,0.55,0.65,0.85,0.95,1.0,0.5,0.8,0.08,0.03
6,PB_FED,-0.056009,0.1,0.25,0.35,0.65,0.65,0.85,0.9,1.0,0.0,0.0,0.1,0.03
6,PE_FED,-0.056012,0.2,0.25,0.45,0.5,0.7,0.8,0.85,0.5,0.0,0.0,0.1,0.04
6,PE_FED,-0.056042,0.1,0.15,0.4,0.5,0.65,0.75,0.9,1.0,0.0,0.0,0.08,0.03
6,PB_FED,-0.056071,0.15,0.25,0.4,0.55,0.65,0.75,0.85,1.0,0.0,0.0,0.06,0.04
6,PB_FED,-0.056071,0.05,0.2,0.3,0.55,0.75,0.85,0.95,1.0,0.0,0.0,0.08,0.03
6,PB_FED,-0.056074,0.15,0.25,0.3,0.55,0.7,0.75,0.85,1.0,0.0,0.0,0.12,0.05
6,PB_FED,-0.056075,0.1,0.2,0.4,0.5,0.7,0.8,0.95,1.0,0.0,0.0,0.1,0.03
6,PE_FED,-0.056086,0.05,0.15,0.45,0.7,0.7,0.75,0.9,1.0,0.0,0.0,0.12,0.04
6,PE_FED,-0.056103,0.05,0.15,0.45,0.6,0.7,0.75,0.9,1.0,0.0,0.0,0.1,0.03
6,PB_FED,-0.056117,0.2,0.3,0.35,0.65,0.7,0.75,0.9,1.0,0.0,0.0,0.06,0.04
6,PB_FED,-0.056126,0.1,0.15,0.3,0.5,0.7,0.85,0.9,1.0,0.0,0.0,0.12,0.04
6,PE_FED,-0.056127,0.1,0.15,0.45,0.5,0.75,0.8,0.95,1.0,0.0,0.0,0.1,0.05
6,PE_PB_FED,-0.056128,0.05,0.15,0.45,0.65,0.75,0.8,0.95,1.0,0.65,0.75,0.1,0.03
8,PE_PB_FED,-0.056161,0.2,0.25,0.35,0.6,0.7,0.85,0.9,1.0,0.65,0.8,0.06,0.03
6,PB_FED,-0.056165,0.1,0.2,0.4,0.55,0.65,0.8,0.85,1.0,0.0,0.0,0.08,0.03
6,PB_FED,-0.056166,0.05,0.15,0.4,0.6,0.65,0.85,0.9,1.0,0.0,0.0,0.06,0.05
6,PB_FED,-0.056176,0.05,0.2,0.3,0.7,0.7,0.85,0.9,1.0,0.0,0.0,0.12,0.04
6,PB_FED,-0.056183,0.1,0.3,0.45,0.65,0.7,0.8,0.9,1.0,0.0,0.0,0.08,0.05
8,PE_PB_FED,-0.056186,0.1,0.3,0.35,0.55,0.65,0.85,0.95,1.0,0.55,0.8,0.12,0.05
6,PB_FED,-0.056191,0.05,0.25,0.3,0.6,0.7,0.8,0.9,1.0,0.0,0.0,0.08,0.05
8,PE_PB_FED,-0.056193,0.2,0.25,0.3,0.7,0.7,0.85,0.9,1.0,0.55,0.75,0.08,0.03
6,PB_FED,-0.056206,0.1,0.25,0.45,0.5,0.65,0.8,0.95,1.0,0.0,0.0,0.08,0.03
6,PE_PB_FED,-0.056234,0.15,0.3,0.45,0.55,0.65,0.85,0.9,0.5,0.6,0.75,0.12,0.03
6,PB_FED,-0.056241,0.2,0.25,0.45,0.7,0.75,0.8,0.95,1.0,0.0,0.0,0.12,0.05
8,PE_FED,-0.056266,0.2,0.3,0.45,0.65,0.75,0.8,0.85,1.0,0.0,0.0,0.06,0.04
6,PE_PB_FED,-0.056275,0.2,0.3,0.45,0.6,0.7,0.75,0.85,0.5,0.55,0.8,0.1,0.04
6,PB_FED,-0.056281,0.15,0.25,0.3,0.65,0.7,0.85,0.95,1.0,0.0,0.0,0.12,0.04
8,PE_FED,-0.056301,0.15,0.3,0.4,0.5,0.65,0.85,0.9,1.0,0.0,0.0,0.06,0.03
6,PB_FED,-0.056303,0.1,0.3,0.45,0.5,0.7,0.75,0.95,1.0,0.0,0.0,0.06,0.05
6,PB_FED,-0.056308,0.1,0.25,0.3,0.7,0.65,0.85,0.95,1.0,0.0,0.0,0.08,0.04
8,PE_PB_FED,-0.056308,0.05,0.25,0.3,0.7,0.7,0.85,0.9,1.0,0.5,0.8,0.12,0.05
8,PE_PB_FED,-0.056311,0.05,0.3,0.4,0.5,0.65,0.85,0.95,1.0,0.6,0.7,0.06,0.04
6,PE_PB_FED,-0.056312,0.15,0.25,0.4,0.5,0.7,0.8,0.85,0.5,0.55,0.75,0.06,0.04
8,PE_PB_FED,-0.056313,0.05,0.3,0.35,0.7,0.65,0.85,0.9,1.0,0.55,0.8,0.1,0.03
8,PE_PB_FED,-0.056326,0.2,0.25,0.3,0.5,0.65,0.75,0.85,1.0,0.6,0.7,0.06,0.05
6,PE_PB_FED,-0.056327,0.2,0.25,0.3,0.5,0.7,0.8,0.85,0.5,0.65,0.8,0.06,0.05
6,PB_FED,-0.056327,0.05,0.15,0.4,0.5,0.65,0.8,0.95,1.0,0.0,0.0,0.06,0.04
6,PE_PB_FED,-0.056336,0.05,0.3,0.45,0.55,0.7,0.8,0.85,0.5,0.6,0.7,0.1,0.03
6,PB_FED,-0.056358,0.05,0.15,0.35,0.55,0.65,0.85,0.95,1.0,0.0,0.0,0.1,0.05
6,PB_FED,-0.056386,0.15,0.3,0.45,0.6,0.75,0.8,0.9,1.0,0.0,0.0,0.08,0.04
6,PB_FED,-0.056389,0.15,0.25,0.4,0.65,0.75,0.85,0.95,1.0,0.0,0.0,0.08,0.03
6,PB_FED,-0.056445,0.2,0.25,0.35,0.7,0.65,0.8,0.85,1.0,0.0,0.0,0.12,0.03
8,PE_PB_FED,-0.056459,0.1,0.3,0.45,0.6,0.65,0.8,0.85,1.0,0.65,0.75,0.1,0.05
6,PE_PB_FED,-0.056471,0.15,0.3,0.4,0.55,0.7,0.8,0.9,0.5,0.5,0.7,0.08,0.04
6,PB_FED,-0.05648,0.2,0.3,0.45,0.55,0.65,0.75,0.95,1.0,0.0,0.0,0.12,0.04
6,PE_FED,-0.05649,0.05,0.3,0.45,0.5,0.75,0.8,0.85,0.5,0.0,0.0,0.12,0.03
8,PE_PB_FED,-0.056496,0.2,0.25,0.3,0.65,0.65,0.85,0.9,1.0,0.6,0.8,0.06,0.04
8,PE_PB_FED,-0.056511,0.1,0.3,0.4,0.65,0.75,0.85,0.9,1.0,0.65,0.75,0.08,0.05
6,PB_FED,-0.056527,0.15,0.3,0.4,0.65,0.75,0.8,0.9,1.0,0.0,0.0,0.12,0.03
6,PE_PB_FED,-0.056546,0.05,0.3,0.45,0.6,0.75,0.8,0.85,0.5,0.6,0.75,0.12,0.05
8,PE_PB_FED,-0.056569,0.1,0.3,0.45,0.55,0.75,0.85,0.9,1.0,0.65,0.7,0.1,0.03
6,PB_FED,-0.056573,0.1,0.2,0.3,0.5,0.65,0.85,0.9,1.0,0.0,0.0,0.06,0.03
8,PE_PB_FED,-0.056592,0.05,0.3,0.4,0.55,0.7,0.8,0.85,1.0,0.65,0.7,0.12,0.04
6,PB_FED,-0.056597,0.05,0.25,0.35,0.7,0.7,0.8,0.95,1.0,0.0,0.0,0.12,0.05
6,PB_FED,-0.056597,0.2,0.25,0.45,0.6,0.7,0.8,0.85,1.0,0.0,0.0,0.12,0.04
8,PE_FED,-0.056612,0.05,0.3,0.35,0.5,0.7,0.8,0.85,1.0,0.0,0.0,0.1,0.04
6,PE_PB_FED,-0.056619,0.1,0.15,0.3,0.6,0.7,0.75,0.95,1.0,0.55,0.7,0.08,0.05
8,PE_PB_FED,-0.056633,0.15,0.25,0.35,0.5,0.7,0.8,0.85,1.0,0.6,0.75,0.12,0.05
8,PE_PB_FED,-0.056642,0.15,0.3,0.4,0.55,0.65,0.75,0.85,1.0,0.5,0.7,0.06,0.04
6,PB_FED,-0.056652,0.1,0.25,0.45,0.6,0.75,0.85,0.9,1.0,0.0,0.0,0.12,0.05
6,PB_FED,-0.056652,0.1,0.25,0.45,0.6,0.65,0.85,0.9,1.0,0.0,0.0,0.1,0.05
6,PE_PB_FED,-0.056654,0.05,0.25,0.3,0.5,0.65,0.85,0.9,0.5,0.55,0.8,0.06,0.04
6,PE_PB_FED,-0.056671,0.05,0.25,0.45,0.5,0.75,0.8,0.85,0.5,0.55,0.75,0.12,0.03
6,PB_FED,-0.056681,0.2,0.25,0.4,0.5,0.65,0.75,0.9,1.0,0.0,0.0,0.12,0.03
8,PE_PB_FED,-0.056692,0.2,0.3,0.35,0.5,0.65,0.8,0.9,1.0,0.6,0.75,0.12,0.04
8,PE_FED,-0.0567,0.15,0.3,0.45,0.55,0.75,0.85,0.9,1.0,0.0,0.0,0.06,0.05
6,PE_FED,-0.056706,0.1,0.15,0.45,0.6,0.7,0.75,0.9,1.0,0.0,0.0,0.1,0.05
8,PE_PB_FED,-0.056723,0.1,0.3,0.35,0.5,0.7,0.85,0.95,1.0,0.5,0.75,0.1,0.03
6,PE_PB_FED,-0.056725,0.05,0.3,0.35,0.55,0.75,0.8,0.9,0.5,0.5,0.7,0.12,0.04
6,PB_FED,-0.056769,0.15,0.2,0.3,0.5,0.75,0.85,0.95,1.0,0.0,0.0,0.12,0.03
6,PB_FED,-0.056798,0.05,0.3,0.35,0.55,0.65,0.75,0.9,1.0,0.0,0.0,0.12,0.03
8,PE_PB_FED,-0.056808,0.1,0.3,0.45,0.6,0.75,0.85,0.9,1.0,0.6,0.7,0.1,0.03
6,PB_FED,-0.05683,0.15,0.3,0.4,0.55,0.65,0.75,0.9,1.0,0.0,0.0,0.1,0.04
6,PE_PB_FED,-0.056843,0.05,0.15,0.3,0.65,0.75,0.8,0.95,1.0,0.55,0.7,0.06,0.03
6,PB_FED,-0.056867,0.1,0.25,0.35,0.65,0.75,0.85,0.95,1.0,0.0,0.0,0.06,0.04
6,PB_FED,-0.056887,0.2,0.25,0.4,0.7,0.65,0.8,0.9,1.0,0.0,0.0,0.06,0.05
8,PE_FED,-0.056902,0.2,0.25,0.4,0.5,0.7,0.8,0.85,1.0,0.0,0.0,0.1,0.05
6,PB_FED,-0.056912,0.05,0.2,0.3,0.55,0.75,0.85,0.95,1.0,0.0,0.0,0.1,0.04
8,PE_PB_FED,-0.056922,0.1,0.3,0.35,0.65,0.65,0.8,0.85,1.0,0.55,0.7,0.12,0.04
6,PE_FED,-0.056928,0.05,0.15,0.3,0.6,0.75,0.8,0.9,1.0,0.0,0.0,0.1,0.03
6,PE_FED,-0.056929,0.05,0.15,0.3,0.7,0.75,0.85,0.95,1.0,0.0,0.0,0.12,0.05
6,PB_FED,-0.056939,0.1,0.25,0.3,0.6,0.65,0.8,0.85,1.0,0.0,0.0,0.12,0.05
6,PB_FED,-0.056942,0.05,0.2,0.35,0.55,0.7,0.8,0.85,1.0,0.0,0.0,0.08,0.04
8,PE_FED,-0.056958,0.2,0.25,0.45,0.5,0.75,0.8,0.85,1.0,0.0,0.0,0.08,0.05
6,PE_PB_FED,-0.056993,0.2,0.25,0.4,0.5,0.65,0.8,0.85,0.5,0.55,0.75,0.08,0.03
6,PB_FED,-0.057017,0.1,0.3,0.4,0.55,0.7,0.75,0.85,1.0,0.0,0.0,0.1,0.03
6,PE_PB_FED,-0.057054,0.05,0.25,0.45,0.5,0.7,0.8,0.85,0.5,0.55,0.7,0.12,0.04
6,PE_PB_FED,-0.057058,0.1,0.3,0.35,0.55,0.7,0.8,0.85,0.5,0.5,0.75,0.06,0.05
8,PE_PB_FED,-0.057085,0.15,0.25,0.35,0.5,0.7,0.8,0.85,1.0,0.5,0.75,0.12,0.03
6,PE_PB_FED,-0.057096,0.1,0.15,0.3,0.5,0.65,0.8,0.95,1.0,0.65,0.75,0.12,0.05
8,PE_FED,-0.057117,0.2,0.3,0.35,0.6,0.65,0.85,0.9,1.0,0.0,0.0,0.12,0.04
6,PB_FED,-0.057121,0.2,0.3,0.4,0.55,0.65,0.75,0.9,1.0,0.0,0.0,0.12,0.03
6,PB_FED,-0.057141,0.1,0.3,0.45,0.6,0.65,0.85,0.9,1.0,0.0,0.0,0.12,0.03
6,PB_FED,-0.057176,0.2,0.25,0.3,0.6,0.7,0.85,0.9,1.0,0.0,0.0,0.08,0.03
6,PB_FED,-0.057181,0.1,0.15,0.4,0.5,0.7,0.85,0.95,1.0,0.0,0.0,0.1,0.05
6,PE_PB_FED,-0.057192,0.15,0.25,0.35,0.55,0.75,0.85,0.9,0.5,0.5,0.7,0.06,0.05
6,PB_FED,-0.057202,0.1,0.2,0.45,0.5,0.65,0.85,0.9,1.0,0.0,0.0,0.12,0.04
6,PE_FED,-0.057207,0.15,0.2,0.4,0.7,0.75,0.8,0.95,1.0,0.0,0.0,0.1,0.03
6,PE_PB_FED,-0.057207,0.05,0.15,0.35,0.55,0.7,0.8,0.95,1.0,0.6,0.75,0.1,0.03
6,PB_FED,-0.05721,0.05,0.25,0.4,0.5,0.7,0.75,0.9,1.0,0.0,0.0,0.12,0.05
6,PB_FED,-0.05722,0.05,0.3,0.45,0.55,0.65,0.75,0.85,1.0,0.0,0.0,0.06,0.04
6,PB_FED,-0.057259,0.15,0.25,0.3,0.5,0.7,0.8,0.95,1.0,0.0,0.0,0.08,0.04
8,PE_PB_FED,-0.057299,0.1,0.2,0.45,0.5,0.7,0.8,0.85,1.0,0.5,0.7,0.06,0.05
6,PE_FED,-0.057335,0.1,0.2,0.3,0.65,0.65,0.75,0.95,1.0,0.0,0.0,0.12,0.05
6,PE_PB_FED,-0.057343,0.05,0.15,0.4,0.7,0.75,0.8,0.95,1.0,0.5,0.7,0.1,0.03
8,PE_PB_FED,-0.057346,0.2,0.3,0.35,0.55,0.75,0.8,0.9,1.0,0.55,0.8,0.08,0.05
6,PB_FED,-0.057349,0.15,0.25,0.4,0.6,0.65,0.85,0.95,1.0,0.0,0.0,0.06,0.03
6,PB_FED,-0.057377,0.1,0.3,0.45,0.55,0.7,0.8,0.95,1.0,0.0,0.0,0.06,0.05
6,PB_FED,-0.057386,0.15,0.3,0.35,0.7,0.65,0.85,0.9,1.0,0.0,0.0,0.06,0.03
6,PE_PB_FED,-0.057388,0.1,0.15,0.35,0.65,0.65,0.75,0.9,1.0,0.65,0.8,0.08,0.05
6,PE_FED,-0.057395,0.15,0.2,0.45,0.55,0.7,0.75,0.95,1.0,0.0,0.0,0.08,0.03
8,PE_PB_FED,-0.0574,0.2,0.3,0.35,0.5,0.7,0.8,0.9,1.0,0.5,0.75,0.1,0.03
8,PE_PB_FED,-0.057401,0.2,0.25,0.3,0.6,0.7,0.8,0.85,1.0,0.55,0.75,0.06,0.04
6,PB_FED,-0.057408,0.2,0.3,0.35,0.65,0.65,0.8,0.95,1.0,0.0,0.0,0.12,0.03
6,PE_PB_FED,-0.057416,0.1,0.15,0.4,0.65,0.7,0.75,0.9,1.0,0.65,0.75,0.1,0.05
6,PE_PB_FED,-0.057438,0.15,0.3,0.45,0.5,0.75,0.8,0.9,0.5,0.55,0.8,0.08,0.05
6,PE_FED,-0.05744,0.05,0.15,0.45,0.55,0.7,0.8,0.9,1.0,0.0,0.0,0.08,0.03
6,PB_FED,-0.057448,0.15,0.3,0.35,0.6,0.7,0.75,0.85,1.0,0.0,0.0,0.06,0.05
8,PE_PB_FED,-0.057448,0.15,0.3,0.4,0.6,0.7,0.85,0.9,1.0,0.55,0.7,0.08,0.03
6,PB_FED,-0.057462,0.1,0.25,0.3,0.5,0.65,0.8,0.85,1.0,0.0,0.0,0.1,0.03
6,PB_FED,-0.057473,0.2,0.25,0.4,0.5,0.65,0.75,0.85,1.0,0.0,0.0,0.12,0.03
6,PE_FED,-0.05748,0.05,0.15,0.45,0.55,0.7,0.75,0.9,1.0,0.0,0.0,0.08,0.05
8,PE_PB_FED,-0.057509,0.2,0.25,0.4,0.65,0.75,0.8,0.85,1.0,0.55,0.8,0.1,0.05
8,PE_FED,-0.057513,0.2,0.3,0.35,0.55,0.65,0.85,0.9,1.0,0.0,0.0,0.12,0.04
6,PB_FED,-0.057531,0.2,0.25,0.4,0.65,0.7,0.8,0.85,1.0,0.0,0.0,0.08,0.04
6,PB_FED,-0.057543,0.1,0.25,0.35,0.55,0.7,0.85,0.9,1.0,0.0,0.0,0.06,0.03
6,PE_FED,-0.057548,0.1,0.15,0.3,0.55,0.65,0.85,0.95,1.0,0.0,0.0,0.12,0.04
6,PE_FED,-0.057575,0.1,0.2,0.45,0.65,0.7,0.75,0.95,1.0,0.0,0.0,0.12,0.05
6,PE_FED,-0.057575,0.1,0.2,0.45,0.65,0.7,0.75,0.95,1.0,0.0,0.0,0.08,0.05
6,PE_PB_FED,-0.057614,0.15,0.3,0.35,0.5,0.65,0.8,0.9,0.5,0.5,0.8,0.08,0.04
6,PE_PB_FED,-0.057631,0.1,0.15,0.4,0.65,0.7,0.8,0.9,1.0,0.6,0.75,0.12,0.03
6,PB_FED,-0.057634,0.15,0.25,0.3,0.5,0.65,0.8,0.9,1.0,0.0,0.0,0.12,0.05
6,PE_FED,-0.057646,0.05,0.3,0.45,0.5,0.7,0.85,0.9,0.5,0.0,0.0,0.1,0.05
6,PE_FED,-0.057706,0.1,0.2,0.3,0.6,0.75,0.8,0.95,1.0,0.0,0.0,0.06,0.03
6,PE_FED,-0.057706,0.1,0.2,0.3,0.6,0.75,0.8,0.95,1.0,0.0,0.0,0.1,0.03
8,PE_PB_FED,-0.057716,0.2,0.3,0.4,0.5,0.7,0.85,0.95,1.0,0.6,0.8,0.1,0.04
8,PE_PB_FED,-0.057733,0.1,0.25,0.35,0.55,0.65,0.85,0.9,1.0,0.5,0.8,0.12,0.04
6,PE_FED,-0.057739,0.15,0.25,0.45,0.65,0.65,0.75,0.95,1.0,0.0,0.0,0.08,0.03
8,PE_PB_FED,-0.057782,0.1,0.3,0.45,0.6,0.7,0.85,0.9,1.0,0.6,0.7,0.06,0.05
6,PB_FED,-0.057786,0.05,0.25,0.35,0.65,0.65,0.8,0.85,1.0,0.0,0.0,0.08,0.05
6,PB_FED,-0.057802,0.2,0.25,0.35,0.6,0.75,0.85,0.9,1.0,0.0,0.0,0.08,0.03
8,PE_PB_FED,-0.057811,0.2,0.25,0.3,0.65,0.7,0.85,0.9,1.0,0.5,0.8,0.06,0.03
6,PB_FED,-0.057814,0.1,0.25,0.4,0.6,0.75,0.85,0.95,1.0,0.0,0.0,0.06,0.04
6,PE_PB_FED,-0.057816,0.1,0.15,0.3,0.65,0.65,0.8,0.9,1.0,0.65,0.8,0.06,0.04
6,PB_FED,-0.057817,0.2,0.25,0.35,0.6,0.75,0.8,0.85,1.0,0.0,0.0,0.06,0.04
6,PB_FED,-0.057829,0.1,0.2,0.3,0.5,0.65,0.85,0.95,1.0,0.0,0.0,0.06,0.04
6,PB_FED,-0.057831,0.1,0.25,0.3,0.55,0.65,0.8,0.85,1.0,0.0,0.0,0.08,0.05
6,PB_FED,-0.057836,0.05,0.25,0.35,0.55,0.65,0.8,0.9,1.0,0.0,0.0,0.1,0.05
6,PB_FED,-0.057841,0.1,0.25,0.4,0.7,0.7,0.85,0.9,1.0,0.0,0.0,0.08,0.05
6,PB_FED,-0.057879,0.2,0.3,0.4,0.55,0.7,0.75,0.9,1.0,0.0,0.0,0.1,0.04
6,PE_FED,-0.05788,0.05,0.15,0.35,0.65,0.75,0.8,0.9,1.0,0.0,0.0,0.12,0.05
6,PE_PB_FED,-0.057892,0.1,0.15,0.4,0.6,0.65,0.75,0.9,1.0,0.65,0.8,0.06,0.05
6,PE_FED,-0.057907,0.15,0.2,0.35,0.6,0.65,0.8,0.95,1.0,0.0,0.0,0.06,0.03
6,PE_FED,-0.05791,0.05,0.15,0.35,0.6,0.65,0.85,0.95,1.0,0.0,0.0,0.08,0.05
6,PB_FED,-0.057923,0.15,0.3,0.45,0.55,0.7,0.85,0.95,1.0,0.0,0.0,0.12,0.03
6,PB_FED,-0.05793,0.05,0.2,0.4,0.5,0.65,0.8,0.9,1.0,0.0,0.0,0.12,0.05
6,PE_FED,-0.057943,0.15,0.2,0.4,0.6,0.75,0.8,0.95,1.0,0.0,0.0,0.12,0.03
6,PB_FED,-0.058001,0.15,0.3,0.4,0.65,0.7,0.8,0.85,1.0,0.0,0.0,0.08,0.04
8,PE_PB_FED,-0.058026,0.2,0.3,0.45,0.55,0.75,0.85,0.9,1.0,0.65,0.8,0.08,0.03
6,PB_FED,-0.058041,0.2,0.25,0.45,0.7,0.7,0.85,0.9,1.0,0.0,0.0,0.06,0.05
6,PE_PB_FED,-0.058048,0.1,0.2,0.3,0.65,0.7,0.75,0.95,1.0,0.55,0.7,0.1,0.05
6,PE_PB_FED,-0.05807,0.1,0.2,0.4,0.6,0.7,0.75,0.95,1.0,0.6,0.7,0.08,0.05
6,PB_FED,-0.058085,0.05,0.3,0.4,0.7,0.65,0.8,0.9,1.0,0.0,0.0,0.12,0.04
6,PE_PB_FED,-0.058101,0.2,0.3,0.35,0.55,0.65,0.8,0.85,0.5,0.55,0.8,0.08,0.05
6,PB_FED,-0.058101,0.1,0.3,0.45,0.55,0.75,0.85,0.9,1.0,0.0,0.0,0.1,0.03
6,PE_FED,-0.058121,0.1,0.2,0.35,0.55,0.65,0.75,0.95,1.0,0.0,0.0,0.08,0.05
6,PB_FED,-0.058169,0.05,0.2,0.3,0.5,0.75,0.85,0.9,1.0,0.0,0.0,0.06,0.04
6,PE_FED,-0.058171,0.15,0.2,0.35,0.55,0.7,0.75,0.95,1.0,0.0,0.0,0.1,0.04
6,PB_FED,-0.058197,0.05,0.25,0.45,0.55,0.7,0.8,0.85,1.0,0.0,0.0,0.08,0.05
6,PE_PB_FED,-0.058206,0.1,0.25,0.3,0.7,0.7,0.75,0.95,1.0,0.6,0.7,0.06,0.04
6,PB_FED,-0.058208,0.15,0.25,0.35,0.5,0.65,0.8,0.95,1.0,0.0,0.0,0.06,0.04
8,PE_PB_FED,-0.058214,0.2,0.3,0.4,0.55,0.65,0.75,0.85,1.0,0.5,0.7,0.12,0.04
6,PE_FED,-0.058215,0.15,0.25,0.3,0.7,0.7,0.75,0.95,1.0,0.0,0.0,0.06,0.04
6,PE_PB_FED,-0.058238,0.15,0.3,0.45,0.5,0.7,0.75,0.85,0.5,0.5,0.7,0.06,0.04
6,PE_FED,-0.058244,0.15,0.2,0.45,0.7,0.75,0.8,0.95,1.0,0.0,0.0,0.1,0.05
8,PE_PB_FED,-0.058256,0.1,0.25,0.3,0.55,0.65,0.85,0.9,1.0,0.5,0.7,0.1,0.05
6,PE_FED,-0.058261,0.1,0.15,0.45,0.65,0.7,0.8,0.85,1.0,0.0,0.0,0.12,0.03
6,PE_PB_FED,-0.058268,0.05,0.25,0.35,0.5,0.75,0.8,0.85,0.5,0.5,0.7,0.08,0.05
6,PE_FED,-0.058283,0.1,0.2,0.4,0.7,0.7,0.75,0.9,1.0,0.0,0.0,0.08,0.03
8,PE_PB_FED,-0.058284,0.05,0.3,0.45,0.65,0.7,0.85,0.9,1.0,0.5,0.8,0.1,0.04
6,PB_FED,-0.05832,0.1,0.3,0.4,0.7,0.7,0.85,0.9,1.0,0.0,0.0,0.1,0.03
8,PE_PB_FED,-0.058324,0.1,0.3,0.45,0.5,0.7,0.8,0.85,1.0,0.6,0.8,0.08,0.05
8,PE_PB_FED,-0.058336,0.2,0.25,0.45,0.55,0.7,0.85,0.9,1.0,0.6,0.8,0.08,0.05
6,PE_PB_FED,-0.058365,0.05,0.15,0.4,0.55,0.7,0.75,0.9,1.0,0.6,0.75,0.08,0.03
8,PE_PB_FED,-0.058381,0.2,0.25,0.3,0.55,0.65,0.85,0.9,1.0,0.55,0.75,0.08,0.04
6,PE_PB_FED,-0.058388,0.15,0.2,0.3,0.6,0.7,0.75,0.95,1.0,0.6,0.7,0.08,0.03
6,PE_PB_FED,-0.058396,0.05,0.15,0.4,0.7,0.75,0.85,0.95,1.0,0.6,0.75,0.08,0.03
6,PE_FED,-0.058399,0.15,0.2,0.4,0.65,0.65,0.8,0.95,1.0,0.0,0.0,0.08,0.04
6,PE_PB_FED,-0.058404,0.1,0.15,0.4,0.6,0.65,0.8,0.95,1.0,0.5,0.75,0.1,0.05
6,PB_FED,-0.058405,0.05,0.3,0.35,0.7,0.7,0.8,0.95,1.0,0.0,0.0,0.06,0.05
6,PE_FED,-0.058416,0.1,0.15,0.45,0.7,0.75,0.85,0.9,1.0,0.0,0.0,0.08,0.03
6,PE_PB_FED,-0.058437,0.05,0.15,0.45,0.6,0.7,0.75,0.9,1.0,0.65,0.8,0.1,0.04
6,PB_FED,-0.058439,0.05,0.25,0.35,0.7,0.75,0.85,0.9,1.0,0.0,0.0,0.06,0.05
6,PE_FED,-0.058477,0.15,0.2,0.45,0.65,0.75,0.8,0.95,1.0,0.0,0.0,0.12,0.05
6,PB_FED,-0.058478,0.05,0.3,0.35,0.7,0.65,0.8,0.85,1.0,0.0,0.0,0.12,0.04
6,PB_FED,-0.058478,0.05,0.3,0.35,0.7,0.65,0.8,0.85,1.0,0.0,0.0,0.08,0.04
6,PB_FED,-0.0585,0.05,0.3,0.45,0.5,0.7,0.8,0.95,1.0,0.0,0.0,0.08,0.03
6,PB_FED,-0.058535,0.1,0.25,0.4,0.5,0.65,0.8,0.85,1.0,0.0,0.0,0.08,0.03
6,PE_FED,-0.058545,0.15,0.25,0.4,0.65,0.7,0.75,0.95,1.0,0.0,0.0,0.12,0.04
6,PE_FED,-0.058556,0.15,0.25,0.4,0.65,0.65,0.75,0.95,1.0,0.0,0.0,0.12,0.05
6,PE_FED,-0.058599,0.1,0.2,0.4,0.5,0.75,0.8,0.95,1.0,0.0,0.0,0.12,0.03
6,PB_FED,-0.058632,0.1,0.25,0.35,0.5,0.75,0.85,0.9,1.0,0.0,0.0,0.1,0.03
6,PB_FED,-0.058641,0.2,0.3,0.35,0.65,0.7,0.85,0.95,1.0,0.0,0.0,0.12,0.03
6,PE_FED,-0.058653,0.1,0.15,0.45,0.5,0.7,0.8,0.9,1.0,0.0,0.0,0.06,0.05
6,PE_FED,-0.058653,0.1,0.15,0.45,0.5,0.75,0.8,0.9,1.0,0.0,0.0,0.06,0.05
6,PB_FED,-0.05869,0.15,0.3,0.35,0.55,0.65,0.8,0.95,1.0,0.0,0.0,0.1,0.04
8,PE_PB_FED,-0.05869,0.15,0.3,0.4,0.55,0.7,0.85,0.9,1.0,0.5,0.8,0.06,0.03
6,PE_PB_FED,-0.05871,0.1,0.15,0.35,0.6,0.7,0.85,0.95,1.0,0.65,0.75,0.06,0.04
6,PE_PB_FED,-0.05871,0.1,0.15,0.35,0.6,0.65,0.85,0.95,1.0,0.65,0.7,0.1,0.04
6,PB_FED,-0.058721,0.15,0.3,0.45,0.5,0.75,0.8,0.9,1.0,0.0,0.0,0.12,0.05
6,PB_FED,-0.058722,0.2,0.25,0.45,0.55,0.75,0.85,0.9,1.0,0.0,0.0,0.1,0.05
6,PB_FED,-0.058728,0.2,0.25,0.45,0.5,0.65,0.8,0.85,1.0,0.0,0.0,0.08,0.04
6,PE_PB_FED,-0.058748,0.1,0.2,0.35,0.7,0.7,0.8,0.95,1.0,0.55,0.7,0.1,0.04
6,PE_FED,-0.058765,0.1,0.3,0.35,0.65,0.65,0.75,0.95,1.0,0.0,0.0,0.08,0.03
8,PE_PB_FED,-0.05877,0.2,0.3,0.45,0.7,0.65,0.85,0.9,1.0,0.55,0.75,0.08,0.05
8,PE_PB_FED,-0.058809,0.2,0.3,0.35,0.65,0.7,0.8,0.85,1.0,0.55,0.7,0.12,0.05
6,PE_FED,-0.058819,0.1,0.2,0.35,0.6,0.7,0.8,0.95,1.0,0.0,0.0,0.1,0.05
6,PE_PB_FED,-0.05886,0.05,0.15,0.35,0.55,0.75,0.8,0.95,1.0,0.55,0.8,0.1,0.04
6,PE_PB_FED,-0.058865,0.1,0.3,0.35,0.7,0.75,0.8,0.95,1.0,0.65,0.75,0.06,0.03
6,PE_FED,-0.058928,0.05,0.15,0.4,0.7,0.7,0.85,0.9,1.0,0.0,0.0,0.08,0.03
6,PE_FED,-0.058934,0.1,0.2,0.3,0.55,0.7,0.8,0.95,1.0,0.0,0.0,0.1,0.04
6,PE_FED,-0.058939,0.15,0.25,0.4,0.6,0.75,0.8,0.95,1.0,0.0,0.0,0.12,0.03
6,PE_FED,-0.058939,0.05,0.2,0.45,0.55,0.7,0.8,0.95,1.0,0.0,0.0,0.12,0.03
6,PE_FED,-0.058942,0.1,0.2,0.35,0.7,0.65,0.75,0.9,1.0,0.0,0.0,0.12,0.04
6,PE_FED,-0.059006,0.15,0.2,0.3,0.55,0.75,0.8,0.95,1.0,0.0,0.0,0.12,0.04
6,PE_FED,-0.059012,0.1,0.25,0.3,0.55,0.7,0.8,0.95,1.0,0.0,0.0,0.08,0.03
6,PE_FED,-0.059026,0.1,0.15,0.45,0.65,0.75,0.85,0.9,1.0,0.0,0.0,0.08,0.04
6,PE_FED,-0.059035,0.1,0.25,0.45,0.6,0.7,0.75,0.95,1.0,0.0,0.0,0.06,0.04
6,PE_PB_FED,-0.059035,0.1,0.25,0.45,0.6,0.7,0.8,0.95,1.0,0.6,0.8,0.06,0.03
6,PE_FED,-0.059056,0.15,0.2,0.45,0.7,0.7,0.75,0.9,1.0,0.0,0.0,0.08,0.04
6,PB_FED,-0.059064,0.2,0.25,0.4,0.55,0.75,0.85,0.9,1.0,0.0,0.0,0.08,0.03
6,PE_PB_FED,-0.059084,0.05,0.2,0.4,0.65,0.75,0.8,0.95,1.0,0.65,0.8,0.12,0.05
6,PE_FED,-0.059109,0.05,0.25,0.45,0.55,0.7,0.75,0.95,1.0,0.0,0.0,0.12,0.03
6,PB_FED,-0.059117,0.15,0.25,0.4,0.55,0.7,0.85,0.9,1.0,0.0,0.0,0.12,0.05
6,PE_PB_FED,-0.059123,0.1,0.2,0.3,0.5,0.7,0.75,0.95,1.0,0.55,0.8,0.1,0.05
8,PE_PB_FED,-0.059124,0.05,0.3,0.4,0.5,0.75,0.85,0.9,1.0,0.55,0.8,0.12,0.03
8,PE_PB_FED,-0.05916,0.1,0.3,0.45,0.5,0.65,0.8,0.85,1.0,0.55,0.8,0.12,0.05
6,PE_FED,-0.059177,0.05,0.15,0.4,0.5,0.75,0.8,0.9,1.0,0.0,0.0,0.1,0.05
6,PB_FED,-0.059179,0.2,0.25,0.35,0.5,0.7,0.8,0.95,1.0,0.0,0.0,0.12,0.05
6,PB_FED,-0.05923,0.05,0.3,0.4,0.55,0.65,0.8,0.95,1.0,0.0,0.0,0.08,0.03
6,PE_FED,-0.059238,0.15,0.3,0.4,0.6,0.7,0.75,0.95,1.0,0.0,0.0,0.08,0.03
6,PE_FED,-0.059241,0.1,0.15,0.35,0.5,0.65,0.75,0.85,1.0,0.0,0.0,0.12,0.05
6,PE_PB_FED,-0.059273,0.05,0.2,0.35,0.7,0.65,0.8,0.95,1.0,0.6,0.75,0.06,0.05
6,PB_FED,-0.059276,0.05,0.25,0.35,0.55,0.65,0.8,0.85,1.0,0.0,0.0,0.12,0.05
6,PB_FED,-0.059336,0.2,0.3,0.45,0.7,0.75,0.85,0.9,1.0,0.0,0.0,0.1,0.04
6,PB_FED,-0.059381,0.05,0.3,0.35,0.6,0.75,0.8,0.85,1.0,0.0,0.0,0.06,0.04
6,PE_PB_FED,-0.059402,0.05,0.2,0.4,0.5,0.7,0.75,0.95,1.0,0.55,0.75,0.1,0.03
6,PE_FED,-0.059466,0.1,0.25,0.3,0.5,0.65,0.8,0.95,1.0,0.0,0.0,0.06,0.03
6,PE_PB_FED,-0.059483,0.05,0.25,0.45,0.5,0.7,0.75,0.95,1.0,0.65,0.8,0.1,0.03
6,PE_FED,-0.059505,0.15,0.3,0.4,0.7,0.65,0.75,0.95,1.0,0.0,0.0,0.08,0.05
6,PE_PB_FED,-0.059511,0.05,0.15,0.35,0.55,0.75,0.8,0.95,1.0,0.5,0.8,0.06,0.04
6,PE_FED,-0.059512,0.05,0.15,0.45,0.5,0.7,0.75,0.85,1.0,0.0,0.0,0.06,0.04
6,PE_FED,-0.059534,0.1,0.2,0.35,0.5,0.75,0.8,0.95,1.0,0.0,0.0,0.12,0.05
6,PB_FED,-0.059576,0.1,0.3,0.4,0.55,0.75,0.85,0.95,1.0,0.0,0.0,0.08,0.03
6,PE_FED,-0.059577,0.15,0.2,0.4,0.65,0.65,0.85,0.95,1.0,0.0,0.0,0.06,0.03
6,PE_FED,-0.059618,0.1,0.25,0.45,0.5,0.7,0.75,0.95,1.0,0.0,0.0,0.06,0.04
6,PB_FED,-0.059647,0.05,0.3,0.35,0.65,0.7,0.85,0.95,1.0,0.0,0.0,0.12,0.05
6,PE_FED,-0.059653,0.15,0.2,0.4,0.6,0.7,0.75,0.9,1.0,0.0,0.0,0.12,0.04
6,PE_PB_FED,-0.059701,0.15,0.2,0.35,0.5,0.65,0.75,0.95,1.0,0.55,0.75,0.1,0.03
6,PE_FED,-0.059723,0.05,0.25,0.3,0.55,0.65,0.8,0.95,1.0,0.0,0.0,0.12,0.03
6,PB_FED,-0.059723,0.1,0.3,0.35,0.5,0.75,0.8,0.9,1.0,0.0,0.0,0.08,0.04
6,PE_FED,-0.05973,0.1,0.15,0.3,0.6,0.75,0.8,0.85,1.0,0.0,0.0,0.12,0.05
6,PE_PB_FED,-0.059738,0.1,0.15,0.3,0.6,0.65,0.75,0.85,1.0,0.65,0.75,0.1,0.05
6,PE_PB_FED,-0.059772,0.15,0.3,0.45,0.65,0.7,0.75,0.95,1.0,0.65,0.8,0.1,0.03
6,PE_FED,-0.059792,0.15,0.2,0.45,0.65,0.65,0.75,0.9,1.0,0.0,0.0,0.06,0.05
6,PB_FED,-0.0598,0.2,0.3,0.35,0.55,0.75,0.8,0.9,1.0,0.0,0.0,0.12,0.05
6,PE_PB_FED,-0.059815,0.2,0.3,0.35,0.5,0.7,0.85,0.9,0.5,0.55,0.75,0.06,0.05
6,PE_PB_FED,-0.059816,0.1,0.25,0.3,0.6,0.65,0.8,0.95,1.0,0.6,0.7,0.08,0.04
6,PE_FED,-0.059841,0.05,0.25,0.4,0.7,0.75,0.8,0.95,1.0,0.0,0.0,0.12,0.05
6,PB_FED,-0.059847,0.2,0.3,0.4,0.7,0.65,0.85,0.95,1.0,0.0,0.0,0.12,0.04
6,PE_FED,-0.059871,0.15,0.25,0.35,0.6,0.65,0.8,0.95,1.0,0.0,0.0,0.12,0.04
6,PB_FED,-0.059882,0.2,0.25,0.35,0.5,0.75,0.85,0.95,1.0,0.0,0.0,0.1,0.03
6,PE_PB_FED,-0.059884,0.15,0.2,0.35,0.7,0.65,0.8,0.95,1.0,0.5,0.8,0.08,0.03
6,PB_FED,-0.059886,0.2,0.3,0.35,0.5,0.7,0.8,0.9,1.0,0.0,0.0,0.06,0.03
6,PB_FED,-0.059887,0.2,0.3,0.35,0.65,0.65,0.85,0.9,1.0,0.0,0.0,0.06,0.05
6,PE_PB_FED,-0.0599,0.05,0.25,0.3,0.65,0.7,0.8,0.95,1.0,0.65,0.7,0.06,0.04
6,PE_PB_FED,-0.059903,0.05,0.2,0.35,0.5,0.65,0.75,0.95,1.0,0.5,0.75,0.06,0.03
6,PE_FED,-0.059938,0.15,0.2,0.3,0.7,0.7,0.8,0.9,1.0,0.0,0.0,0.06,0.04
6,PE_PB_FED,-0.059946,0.1,0.25,0.35,0.7,0.65,0.85,0.95,1.0,0.65,0.8,0.06,0.03
6,PE_FED,-0.059951,0.1,0.25,0.4,0.6,0.7,0.75,0.9,1.0,0.0,0.0,0.06,0.03
6,PE_FED,-0.05997,0.05,0.25,0.3,0.7,0.65,0.75,0.9,1.0,0.0,0.0,0.08,0.03
6,PE_FED,-0.059992,0.1,0.2,0.35,0.6,0.65,0.8,0.9,1.0,0.0,0.0,0.12,0.03
6,PE_PB_FED,-0.059995,0.1,0.15,0.35,0.7,0.65,0.8,0.9,1.0,0.5,0.8,0.12,0.05
6,PE_PB_FED,-0.060036,0.1,0.15,0.3,0.55,0.65,0.75,0.85,1.0,0.55,0.7,0.12,0.03
8,PE_PB_FED,-0.060037,0.05,0.3,0.35,0.5,0.7,0.8,0.85,1.0,0.5,0.75,0.12,0.05
6,PE_PB_FED,-0.060045,0.05,0.15,0.35,0.65,0.7,0.75,0.85,1.0,0.65,0.8,0.06,0.04
6,PE_PB_FED,-0.06005,0.1,0.25,0.45,0.6,0.75,0.8,0.95,1.0,0.6,0.75,0.12,0.04
8,PE_PB_FED,-0.060058,0.2,0.3,0.4,0.55,0.7,0.8,0.85,1.0,0.5,0.8,0.12,0.04
6,PE_FED,-0.060065,0.1,0.2,0.45,0.6,0.65,0.8,0.9,1.0,0.0,0.0,0.06,0.03
6,PE_PB_FED,-0.060093,0.1,0.2,0.35,0.6,0.7,0.8,0.9,1.0,0.6,0.7,0.08,0.03
6,PE_PB_FED,-0.060099,0.15,0.2,0.45,0.65,0.7,0.8,0.95,1.0,0.5,0.75,0.12,0.03
6,PE_FED,-0.0601,0.15,0.2,0.35,0.6,0.75,0.85,0.95,1.0,0.0,0.0,0.08,0.03
6,PE_PB_FED,-0.060111,0.15,0.25,0.35,0.7,0.7,0.8,0.95,1.0,0.55,0.8,0.12,0.03
6,PE_PB_FED,-0.060125,0.15,0.25,0.4,0.7,0.7,0.8,0.95,1.0,0.65,0.75,0.08,0.04
6,PE_FED,-0.060154,0.15,0.3,0.45,0.6,0.75,0.8,0.95,1.0,0.0,0.0,0.1,0.03
6,PE_FED,-0.060187,0.1,0.3,0.45,0.6,0.7,0.8,0.95,1.0,0.0,0.0,0.1,0.03
6,PE_FED,-0.06019,0.05,0.15,0.3,0.6,0.65,0.8,0.85,1.0,0.0,0.0,0.06,0.05
6,PE_FED,-0.060219,0.1,0.25,0.35,0.7,0.75,0.8,0.9,1.0,0.0,0.0,0.12,0.03
6,PB_FED,-0.060226,0.15,0.3,0.45,0.5,0.65,0.8,0.85,1.0,0.0,0.0,0.06,0.05
6,PE_FED,-0.060253,0.15,0.25,0.35,0.7,0.7,0.8,0.9,1.0,0.0,0.0,0.06,0.03
6,PE_FED,-0.06026,0.05,0.2,0.4,0.65,0.75,0.8,0.9,1.0,0.0,0.0,0.1,0.03
6,PE_PB_FED,-0.060262,0.05,0.2,0.35,0.65,0.75,0.85,0.95,1.0,0.65,0.7,0.08,0.03
6,PB_FED,-0.060269,0.15,0.25,0.4,0.5,0.7,0.85,0.9,1.0,0.0,0.0,0.08,0.05
6,PB_FED,-0.06027,0.15,0.3,0.35,0.55,0.75,0.85,0.9,1.0,0.0,0.0,0.06,0.04
6,PE_FED,-0.060274,0.15,0.3,0.4,0.7,0.75,0.8,0.95,1.0,0.0,0.0,0.06,0.05
6,PE_FED,-0.060283,0.1,0.25,0.4,0.7,0.65,0.8,0.9,1.0,0.0,0.0,0.08,0.03
6,PB_FED,-0.060285,0.2,0.25,0.4,0.55,0.7,0.85,0.9,1.0,0.0,0.0,0.12,0.05
6,PB_FED,-0.060303,0.2,0.3,0.35,0.55,0.75,0.8,0.85,1.0,0.0,0.0,0.1,0.04
6,PE_FED,-0.060305,0.1,0.2,0.45,0.65,0.65,0.8,0.9,1.0,0.0,0.0,0.06,0.04
6,PB_FED,-0.060317,0.1,0.3,0.4,0.5,0.75,0.8,0.9,1.0,0.0,0.0,0.12,0.05
6,PE_FED,-0.060349,0.05,0.2,0.45,0.7,0.65,0.75,0.9,1.0,0.0,0.0,0.08,0.05
6,PE_PB_FED,-0.060352,0.1,0.15,0.45,0.55,0.7,0.85,0.95,1.0,0.55,0.7,0.06,0.04
6,PB_FED,-0.060357,0.15,0.3,0.35,0.5,0.7,0.85,0.9,1.0,0.0,0.0,0.08,0.03
6,PE_PB_FED,-0.060375,0.1,0.2,0.35,0.7,0.75,0.8,0.9,1.0,0.5,0.8,0.12,0.03
6,PE_FED,-0.060378,0.05,0.3,0.35,0.7,0.65,0.75,0.95,1.0,0.0,0.0,0.06,0.04
6,PE_FED,-0.060388,0.1,0.2,0.35,0.65,0.7,0.85,0.95,1.0,0.0,0.0,0.06,0.05
6,PE_PB_FED,-0.060411,0.1,0.2,0.4,0.55,0.75,0.8,0.9,1.0,0.6,0.75,0.12,0.03
6,PE_FED,-0.060416,0.05,0.25,0.3,0.6,0.65,0.8,0.95,1.0,0.0,0.0,0.06,0.04
6,PB_FED,-0.060469,0.1,0.3,0.45,0.5,0.7,0.85,0.9,1.0,0.0,0.0,0.06,0.05
6,PB_FED,-0.060483,0.2,0.25,0.3,0.5,0.65,0.85,0.9,1.0,0.0,0.0,0.1,0.05
6,PE_FED,-0.060538,0.05,0.3,0.35,0.65,0.65,0.75,0.95,1.0,0.0,0.0,0.06,0.05
6,PE_PB_FED,-0.060544,0.1,0.2,0.4,0.5,0.65,0.85,0.95,1.0,0.65,0.7,0.06,0.03
6,PE_FED,-0.060566,0.15,0.25,0.45,0.65,0.75,0.8,0.9,1.0,0.0,0.0,0.12,0.03
6,PE_FED,-0.060608,0.1,0.2,0.3,0.5,0.65,0.8,0.9,1.0,0.0,0.0,0.06,0.03
6,PE_FED,-0.060611,0.1,0.25,0.45,0.65,0.7,0.85,0.95,1.0,0.0,0.0,0.08,0.03
6,PE_FED,-0.060629,0.1,0.3,0.4,0.65,0.65,0.75,0.9,1.0,0.0,0.0,0.12,0.03
6,PE_FED,-0.060629,0.1,0.3,0.4,0.65,0.65,0.75,0.9,1.0,0.0,0.0,0.1,0.03
6,PE_PB_FED,-0.060635,0.1,0.2,0.4,0.65,0.7,0.85,0.95,1.0,0.6,0.8,0.12,0.04
6,PE_PB_FED,-0.060662,0.05,0.15,0.45,0.5,0.65,0.8,0.9,1.0,0.55,0.7,0.1,0.03
6,PE_FED,-0.060665,0.2,0.25,0.35,0.6,0.65,0.75,0.95,1.0,0.0,0.0,0.1,0.03
6,PE_PB_FED,-0.060679,0.05,0.15,0.45,0.6,0.65,0.8,0.9,1.0,0.6,0.75,0.06,0.05
6,PE_PB_FED,-0.060711,0.05,0.2,0.3,0.6,0.65,0.75,0.9,1.0,0.6,0.7,0.12,0.04
6,PE_PB_FED,-0.060748,0.15,0.2,0.45,0.6,0.7,0.75,0.9,1.0,0.65,0.8,0.12,0.04
6,PE_FED,-0.060759,0.05,0.15,0.35,0.5,0.65,0.8,0.85,1.0,0.0,0.0,0.08,0.04
6,PE_FED,-0.060759,0.05,0.15,0.4,0.55,0.75,0.8,0.85,1.0,0.0,0.0,0.08,0.05
6,PE_FED,-0.060764,0.15,0.3,0.45,0.5,0.65,0.75,0.95,1.0,0.0,0.0,0.06,0.04
6,PE_PB_FED,-0.06077,0.15,0.2,0.35,0.6,0.65,0.75,0.95,1.0,0.5,0.8,0.12,0.04
6,PE_FED,-0.060799,0.05,0.2,0.4,0.6,0.75,0.85,0.95,1.0,0.0,0.0,0.12,0.03
6,PE_PB_FED,-0.060803,0.05,0.2,0.35,0.6,0.65,0.8,0.9,1.0,0.65,0.8,0.08,0.03
6,PE_PB_FED,-0.060812,0.05,0.2,0.4,0.7,0.65,0.75,0.9,1.0,0.55,0.7,0.12,0.04
6,PE_PB_FED,-0.060832,0.1,0.25,0.35,0.5,0.65,0.75,0.9,1.0,0.65,0.7,0.12,0.04
6,PE_FED,-0.060858,0.15,0.2,0.35,0.5,0.65,0.85,0.95,1.0,0.0,0.0,0.12,0.03
6,PE_FED,-0.060877,0.05,0.2,0.45,0.6,0.7,0.85,0.95,1.0,0.0,0.0,0.12,0.03
8,PE_PB_FED,-0.060887,0.05,0.3,0.4,0.5,0.7,0.85,0.9,1.0,0.5,0.75,0.1,0.05
6,PE_FED,-0.06089,0.1,0.2,0.45,0.65,0.65,0.8,0.9,1.0,0.0,0.0,0.06,0.05
6,PE_PB_FED,-0.06089,0.05,0.15,0.4,0.7,0.75,0.8,0.9,1.0,0.5,0.7,0.08,0.05
6,PE_FED,-0.060904,0.2,0.25,0.4,0.55,0.65,0.75,0.95,1.0,0.0,0.0,0.06,0.03
6,PE_PB_FED,-0.060916,0.05,0.2,0.45,0.5,0.7,0.8,0.95,1.0,0.6,0.7,0.08,0.05
6,PE_PB_FED,-0.060937,0.05,0.15,0.45,0.65,0.65,0.85,0.95,1.0,0.5,0.7,0.06,0.05
6,PE_PB_FED,-0.06095,0.15,0.2,0.3,0.6,0.75,0.8,0.9,1.0,0.65,0.8,0.1,0.03
6,PE_PB_FED,-0.060951,0.2,0.25,0.45,0.65,0.75,0.8,0.95,1.0,0.65,0.75,0.12,0.03
6,PE_FED,-0.060961,0.15,0.2,0.3,0.7,0.7,0.75,0.85,1.0,0.0,0.0,0.08,0.04
6,PE_FED,-0.060965,0.2,0.25,0.45,0.55,0.7,0.75,0.95,1.0,0.0,0.0,0.1,0.03
6,PE_FED,-0.060973,0.05,0.15,0.3,0.5,0.7,0.8,0.85,1.0,0.0,0.0,0.06,0.05
8,PE_PB_FED,-0.060973,0.2,0.25,0.4,0.5,0.75,0.85,0.9,1.0,0.5,0.75,0.08,0.05
6,PE_PB_FED,-0.06104,0.15,0.25,0.35,0.6,0.7,0.75,0.95,1.0,0.55,0.8,0.12,0.04
6,PE_FED,-0.061053,0.05,0.3,0.4,0.6,0.65,0.75,0.95,1.0,0.0,0.0,0.06,0.05
6,PE_FED,-0.061053,0.15,0.2,0.4,0.6,0.75,0.85,0.95,1.0,0.0,0.0,0.12,0.05
6,PE_FED,-0.061069,0.1,0.2,0.45,0.6,0.65,0.85,0.95,1.0,0.0,0.0,0.08,0.04
6,PE_FED,-0.061069,0.1,0.2,0.45,0.6,0.75,0.85,0.95,1.0,0.0,0.0,0.12,0.04
6,PE_PB_FED,-0.061074,0.05,0.15,0.4,0.7,0.65,0.85,0.9,1.0,0.6,0.75,0.06,0.03
6,PE_FED,-0.061084,0.05,0.2,0.4,0.55,0.7,0.85,0.95,1.0,0.0,0.0,0.08,0.03
6,PE_PB_FED,-0.061106,0.05,0.2,0.4,0.55,0.65,0.75,0.9,1.0,0.6,0.75,0.12,0.04
6,PE_FED,-0.061155,0.05,0.25,0.3,0.5,0.7,0.8,0.95,1.0,0.0,0.0,0.06,0.04
6,PE_PB_FED,-0.061167,0.2,0.25,0.45,0.65,0.7,0.75,0.95,1.0,0.55,0.7,0.08,0.03
6,PE_PB_FED,-0.061171,0.2,0.25,0.3,0.65,0.65,0.8,0.95,1.0,0.6,0.8,0.06,0.03
6,PE_FED,-0.061172,0.15,0.2,0.3,0.55,0.65,0.85,0.95,1.0,0.0,0.0,0.1,0.05
6,PE_PB_FED,-0.061173,0.1,0.2,0.3,0.65,0.65,0.75,0.85,1.0,0.55,0.8,0.12,0.03
6,PE_PB_FED,-0.061185,0.1,0.3,0.4,0.7,0.65,0.75,0.9,1.0,0.6,0.8,0.1,0.04
6,PE_PB_FED,-0.061208,0.15,0.25,0.45,0.65,0.65,0.75,0.95,1.0,0.5,0.7,0.1,0.05
6,PE_PB_FED,-0.061233,0.05,0.15,0.45,0.65,0.65,0.8,0.85,1.0,0.65,0.7,0.1,0.04
6,PE_PB_FED,-0.061233,0.05,0.3,0.4,0.7,0.65,0.8,0.95,1.0,0.65,0.7,0.06,0.05
6,PE_FED,-0.061242,0.05,0.25,0.3,0.6,0.65,0.75,0.9,1.0,0.0,0.0,0.06,0.04
6,PE_PB_FED,-0.061247,0.1,0.2,0.4,0.6,0.75,0.85,0.95,1.0,0.6,0.75,0.06,0.04
6,PE_FED,-0.06126,0.2,0.25,0.35,0.5,0.7,0.75,0.95,1.0,0.0,0.0,0.08,0.03
6,PB_FED,-0.061272,0.05,0.3,0.45,0.5,0.75,0.85,0.9,1.0,0.0,0.0,0.08,0.04
6,PE_PB_FED,-0.061281,0.05,0.25,0.3,0.6,0.7,0.75,0.9,1.0,0.65,0.8,0.08,0.04
6,PE_FED,-0.061312,0.1,0.2,0.45,0.65,0.65,0.75,0.85,1.0,0.0,0.0,0.08,0.04
6,PE_FED,-0.061351,0.15,0.2,0.45,0.65,0.65,0.75,0.85,1.0,0.0,0.0,0.06,0.04
6,PB_FED,-0.061352,0.2,0.3,0.35,0.55,0.75,0.8,0.85,1.0,0.0,0.0,0.12,0.05
6,PE_FED,-0.061372,0.1,0.25,0.45,0.55,0.7,0.8,0.9,1.0,0.0,0.0,0.06,0.03
6,PE_FED,-0.061387,0.15,0.25,0.45,0.55,0.75,0.8,0.9,1.0,0.0,0.0,0.12,0.03
6,PE_PB_FED,-0.061394,0.05,0.15,0.4,0.6,0.7,0.75,0.85,1.0,0.6,0.8,0.06,0.05
6,PE_FED,-0.061408,0.15,0.2,0.45,0.55,0.65,0.75,0.85,1.0,0.0,0.0,0.08,0.03
6,PE_PB_FED,-0.061409,0.05,0.3,0.35,0.65,0.75,0.8,0.95,1.0,0.65,0.7,0.12,0.05
6,PE_PB_FED,-0.061421,0.15,0.3,0.35,0.7,0.7,0.75,0.95,1.0,0.55,0.75,0.06,0.05
6,PE_PB_FED,-0.061458,0.1,0.3,0.4,0.55,0.65,0.8,0.95,1.0,0.6,0.8,0.1,0.04
6,PE_PB_FED,-0.061483,0.05,0.2,0.4,0.7,0.65,0.85,0.95,1.0,0.6,0.75,0.08,0.04
6,PE_PB_FED,-0.061488,0.2,0.25,0.3,0.7,0.7,0.8,0.95,1.0,0.65,0.8,0.1,0.04
6,PE_PB_FED,-0.061508,0.1,0.2,0.35,0.55,0.65,0.85,0.95,1.0,0.6,0.8,0.08,0.05
6,PE_PB_FED,-0.061529,0.05,0.25,0.4,0.55,0.7,0.75,0.95,1.0,0.5,0.8,0.12,0.05
6,PE_PB_FED,-0.061567,0.05,0.15,0.4,0.55,0.7,0.8,0.9,1.0,0.55,0.75,0.12,0.05
6,PE_FED,-0.06158,0.15,0.2,0.35,0.5,0.65,0.8,0.9,1.0,0.0,0.0,0.06,0.04
6,PE_PB_FED,-0.06164,0.05,0.3,0.45,0.65,0.7,0.75,0.9,1.0,0.65,0.8,0.06,0.03
6,PB_FED,-0.061653,0.05,0.3,0.4,0.55,0.7,0.85,0.9,1.0,0.0,0.0,0.1,0.04
6,PE_PB_FED,-0.061659,0.15,0.2,0.3,0.6,0.65,0.8,0.95,1.0,0.5,0.75,0.1,0.05
6,PE_PB_FED,-0.061666,0.15,0.25,0.3,0.7,0.65,0.85,0.95,1.0,0.6,0.8,0.1,0.03
6,PE_PB_FED,-0.061669,0.15,0.3,0.4,0.65,0.7,0.75,0.95,1.0,0.55,0.75,0.12,0.05
6,PE_PB_FED,-0.061724,0.05,0.2,0.4,0.55,0.7,0.75,0.9,1.0,0.55,0.7,0.06,0.04
6,PE_FED,-0.061732,0.2,0.25,0.4,0.7,0.7,0.8,0.95,1.0,0.0,0.0,0.08,0.05
6,PE_FED,-0.061735,0.05,0.3,0.45,0.5,0.65,0.75,0.95,1.0,0.0,0.0,0.1,0.04
6,PE_PB_FED,-0.061738,0.05,0.25,0.3,0.6,0.7,0.75,0.9,1.0,0.6,0.8,0.06,0.04
6,PE_PB_FED,-0.061753,0.1,0.25,0.4,0.6,0.65,0.85,0.95,1.0,0.65,0.7,0.1,0.05
6,PE_FED,-0.061762,0.2,0.25,0.35,0.55,0.65,0.75,0.95,1.0,0.0,0.0,0.06,0.04
6,PE_PB_FED,-0.06177,0.1,0.2,0.35,0.5,0.75,0.8,0.9,1.0,0.65,0.8,0.1,0.05
6,PE_PB_FED,-0.061773,0.05,0.2,0.35,0.6,0.75,0.85,0.95,1.0,0.65,0.8,0.06,0.05
6,PE_PB_FED,-0.061788,0.1,0.3,0.35,0.6,0.7,0.8,0.95,1.0,0.55,0.7,0.12,0.04
6,PE_FED,-0.0618,0.2,0.25,0.3,0.7,0.65,0.75,0.9,1.0,0.0,0.0,0.1,0.03
6,PE_PB_FED,-0.061804,0.15,0.3,0.4,0.5,0.75,0.8,0.95,1.0,0.65,0.7,0.1,0.03
6,PE_FED,-0.061823,0.05,0.2,0.35,0.55,0.65,0.8,0.9,1.0,0.0,0.0,0.06,0.04
6,PE_FED,-0.061825,0.1,0.25,0.4,0.6,0.65,0.8,0.9,1.0,0.0,0.0,0.12,0.04
6,PE_PB_FED,-0.061845,0.05,0.3,0.45,0.55,0.65,0.8,0.95,1.0,0.6,0.8,0.06,0.03
6,PE_PB_FED,-0.061846,0.1,0.25,0.35,0.5,0.7,0.75,0.9,1.0,0.6,0.75,0.08,0.05
6,PE_PB_FED,-0.061853,0.1,0.25,0.3,0.55,0.7,0.75,0.85,1.0,0.65,0.75,0.08,0.03
6,PE_PB_FED,-0.061856,0.1,0.25,0.3,0.5,0.65,0.75,0.9,1.0,0.55,0.8,0.08,0.04
6,PE_FED,-0.061864,0.15,0.25,0.35,0.65,0.75,0.8,0.9,1.0,0.0,0.0,0.06,0.05
6,PE_PB_FED,-0.061893,0.05,0.2,0.35,0.55,0.75,0.8,0.9,1.0,0.65,0.7,0.12,0.04
6,PE_FED,-0.06194,0.05,0.2,0.35,0.55,0.75,0.85,0.95,1.0,0.0,0.0,0.12,0.04
6,PE_PB_FED,-0.061948,0.05,0.2,0.35,0.6,0.7,0.75,0.85,1.0,0.65,0.75,0.12,0.03
6,PE_FED,-0.061976,0.2,0.25,0.4,0.65,0.75,0.8,0.95,1.0,0.0,0.0,0.08,0.05
6,PE_PB_FED,-0.06198,0.05,0.15,0.45,0.65,0.65,0.85,0.9,1.0,0.55,0.7,0.12,0.03
6,PE_PB_FED,-0.061987,0.05,0.25,0.4,0.6,0.7,0.75,0.9,1.0,0.65,0.8,0.08,0.05
6,PE_FED,-0.062006,0.1,0.25,0.35,0.6,0.7,0.85,0.95,1.0,0.0,0.0,0.12,0.05
6,PE_FED,-0.062009,0.05,0.3,0.4,0.6,0.65,0.8,0.95,1.0,0.0,0.0,0.06,0.05
6,PE_FED,-0.062022,0.05,0.2,0.35,0.65,0.7,0.75,0.85,1.0,0.0,0.0,0.08,0.04
6,PE_FED,-0.062048,0.15,0.2,0.45,0.55,0.65,0.75,0.85,1.0,0.0,0.0,0.12,0.04
6,PE_FED,-0.06206,0.15,0.2,0.4,0.65,0.65,0.85,0.9,1.0,0.0,0.0,0.1,0.03
6,PE_PB_FED,-0.062078,0.05,0.15,0.45,0.5,0.65,0.75,0.85,1.0,0.5,0.8,0.12,0.03
6,PE_FED,-0.062092,0.2,0.3,0.4,0.65,0.65,0.8,0.95,1.0,0.0,0.0,0.08,0.03
6,PE_PB_FED,-0.062113,0.15,0.25,0.3,0.7,0.75,0.85,0.95,1.0,0.65,0.75,0.1,0.04
6,PE_FED,-0.062146,0.2,0.3,0.35,0.65,0.7,0.75,0.95,1.0,0.0,0.0,0.08,0.05
6,PE_FED,-0.062168,0.2,0.3,0.4,0.65,0.7,0.75,0.95,1.0,0.0,0.0,0.1,0.04
6,PE_PB_FED,-0.062176,0.05,0.15,0.4,0.6,0.7,0.8,0.85,1.0,0.55,0.8,0.1,0.03
6,PE_FED,-0.062221,0.1,0.3,0.35,0.6,0.7,0.8,0.9,1.0,0.0,0.0,0.08,0.03
6,PE_PB_FED,-0.062253,0.05,0.25,0.35,0.7,0.65,0.75,0.85,1.0,0.65,0.8,0.1,0.03
6,PE_PB_FED,-0.062282,0.05,0.2,0.35,0.6,0.75,0.85,0.95,1.0,0.6,0.75,0.08,0.04
6,PE_FED,-0.062311,0.05,0.2,0.35,0.5,0.75,0.8,0.9,1.0,0.0,0.0,0.12,0.04
6,PE_PB_FED,-0.062323,0.05,0.2,0.4,0.6,0.75,0.85,0.95,1.0,0.6,0.7,0.12,0.05
6,PE_FED,-0.062338,0.05,0.2,0.45,0.7,0.65,0.75,0.85,1.0,0.0,0.0,0.08,0.05
6,PE_FED,-0.062365,0.1,0.2,0.4,0.5,0.7,0.75,0.85,1.0,0.0,0.0,0.1,0.04
6,PE_FED,-0.062366,0.2,0.25,0.3,0.6,0.65,0.8,0.95,1.0,0.0,0.0,0.1,0.05
6,PE_PB_FED,-0.062403,0.15,0.2,0.3,0.7,0.7,0.75,0.85,1.0,0.65,0.8,0.06,0.05
6,PE_FED,-0.062441,0.1,0.3,0.4,0.7,0.65,0.85,0.95,1.0,0.0,0.0,0.12,0.04
6,PE_FED,-0.062482,0.2,0.25,0.3,0.7,0.65,0.75,0.9,1.0,0.0,0.0,0.1,0.04
6,PE_FED,-0.062488,0.1,0.2,0.4,0.65,0.7,0.85,0.9,1.0,0.0,0.0,0.08,0.04
6,PE_PB_FED,-0.062512,0.1,0.25,0.3,0.55,0.7,0.8,0.9,1.0,0.5,0.7,0.12,0.03
6,PE_PB_FED,-0.062525,0.05,0.25,0.4,0.5,0.65,0.75,0.9,1.0,0.6,0.7,0.12,0.04
6,PE_FED,-0.062541,0.1,0.2,0.35,0.7,0.75,0.8,0.85,1.0,0.0,0.0,0.06,0.05
6,PE_PB_FED,-0.062573,0.15,0.25,0.35,0.6,0.65,0.75,0.9,1.0,0.5,0.8,0.12,0.03
6,PE_PB_FED,-0.06258,0.05,0.25,0.35,0.5,0.7,0.75,0.9,1.0,0.65,0.75,0.1,0.05
6,PB_FED,-0.062591,0.2,0.3,0.35,0.5,0.7,0.8,0.85,1.0,0.0,0.0,0.08,0.05
6,PE_FED,-0.062602,0.2,0.3,0.35,0.6,0.7,0.8,0.95,1.0,0.0,0.0,0.12,0.03
6,PE_FED,-0.06261,0.15,0.3,0.4,0.55,0.65,0.85,0.95,1.0,0.0,0.0,0.08,0.03
6,PE_FED,-0.062631,0.05,0.25,0.45,0.5,0.65,0.75,0.9,1.0,0.0,0.0,0.06,0.05
6,PE_PB_FED,-0.062639,0.15,0.25,0.4,0.65,0.65,0.75,0.85,1.0,0.65,0.8,0.06,0.03
6,PE_FED,-0.062655,0.05,0.3,0.4,0.7,0.65,0.75,0.9,1.0,0.0,0.0,0.06,0.05
6,PE_FED,-0.062685,0.15,0.25,0.3,0.5,0.7,0.85,0.95,1.0,0.0,0.0,0.12,0.05
6,PE_FED,-0.062695,0.2,0.3,0.45,0.6,0.65,0.8,0.95,1.0,0.0,0.0,0.12,0.03
6,PE_FED,-0.0627,0.05,0.25,0.45,0.65,0.7,0.8,0.9,1.0,0.0,0.0,0.06,0.05
6,PE_PB_FED,-0.062704,0.05,0.3,0.45,0.65,0.75,0.8,0.9,1.0,0.65,0.8,0.12,0.03
6,PE_FED,-0.062709,0.2,0.3,0.45,0.6,0.65,0.75,0.95,1.0,0.0,0.0,0.12,0.05
6,PE_FED,-0.062725,0.05,0.25,0.35,0.6,0.65,0.85,0.95,1.0,0.0,0.0,0.12,0.05
6,PE_FED,-0.062728,0.05,0.3,0.45,0.65,0.75,0.8,0.9,1.0,0.0,0.0,0.08,0.03
6,PE_FED,-0.062734,0.1,0.3,0.45,0.65,0.75,0.85,0.95,1.0,0.0,0.0,0.12,0.05
6,PE_FED,-0.062751,0.2,0.25,0.4,0.65,0.65,0.75,0.9,1.0,0.0,0.0,0.06,0.04
6,PE_FED,-0.062758,0.2,0.25,0.4,0.55,0.7,0.75,0.9,1.0,0.0,0.0,0.08,0.03
6,PE_PB_FED,-0.062762,0.2,0.3,0.4,0.65,0.7,0.75,0.95,1.0,0.5,0.7,0.08,0.03
6,PE_FED,-0.062764,0.05,0.2,0.3,0.6,0.7,0.75,0.85,1.0,0.0,0.0,0.08,0.05
6,PE_PB_FED,-0.062767,0.05,0.15,0.35,0.5,0.7,0.75,0.85,1.0,0.5,0.75,0.12,0.04
6,PE_PB_FED,-0.062787,0.1,0.25,0.45,0.65,0.7,0.75,0.85,1.0,0.6,0.8,0.06,0.05
6,PE_FED,-0.062794,0.15,0.2,0.3,0.55,0.65,0.85,0.9,1.0,0.0,0.0,0.06,0.03
6,PB_FED,-0.062802,0.2,0.3,0.4,0.5,0.65,0.85,0.9,1.0,0.0,0.0,0.1,0.04
6,PE_FED,-0.062804,0.1,0.25,0.35,0.7,0.65,0.85,0.9,1.0,0.0,0.0,0.06,0.03
6,PE_PB_FED,-0.062806,0.1,0.3,0.35,0.65,0.65,0.75,0.85,1.0,0.6,0.8,0.1,0.03
6,PE_PB_FED,-0.062809,0.15,0.25,0.35,0.5,0.65,0.8,0.9,1.0,0.65,0.7,0.06,0.03
6,PE_PB_FED,-0.062815,0.15,0.25,0.35,0.55,0.65,0.75,0.9,1.0,0.5,0.8,0.1,0.03
6,PE_FED,-0.062833,0.15,0.2,0.4,0.5,0.65,0.75,0.85,1.0,0.0,0.0,0.08,0.05
6,PE_PB_FED,-0.062836,0.05,0.2,0.3,0.55,0.75,0.85,0.95,1.0,0.5,0.8,0.12,0.03
6,PE_PB_FED,-0.062836,0.05,0.2,0.3,0.55,0.7,0.85,0.95,1.0,0.5,0.7,0.08,0.03
6,PE_FED,-0.062842,0.15,0.25,0.4,0.5,0.75,0.85,0.95,1.0,0.0,0.0,0.1,0.04
6,PE_PB_FED,-0.062853,0.05,0.15,0.3,0.65,0.65,0.85,0.9,1.0,0.5,0.8,0.1,0.04
6,PE_PB_FED,-0.062864,0.05,0.3,0.45,0.7,0.75,0.8,0.9,1.0,0.6,0.75,0.1,0.03
6,PE_FED,-0.062874,0.05,0.25,0.3,0.55,0.7,0.85,0.95,1.0,0.0,0.0,0.08,0.04
6,PE_FED,-0.06288,0.2,0.3,0.35,0.55,0.65,0.8,0.95,1.0,0.0,0.0,0.06,0.03
6,PE_PB_FED,-0.06288,0.15,0.25,0.35,0.65,0.65,0.8,0.9,1.0,0.65,0.75,0.1,0.05
6,PE_PB_FED,-0.062893,0.05,0.3,0.4,0.5,0.75,0.8,0.95,1.0,0.55,0.75,0.1,0.03
6,PE_FED,-0.062899,0.1,0.25,0.45,0.5,0.75,0.85,0.95,1.0,0.0,0.0,0.06,0.04
6,PE_FED,-0.062899,0.05,0.2,0.35,0.6,0.65,0.75,0.85,1.0,0.0,0.0,0.12,0.05
6,PE_PB_FED,-0.062913,0.05,0.15,0.45,0.6,0.65,0.85,0.9,1.0,0.6,0.7,0.06,0.05
6,PE_FED,-0.062915,0.05,0.25,0.4,0.55,0.7,0.8,0.9,1.0,0.0,0.0,0.06,0.04
6,PE_FED,-0.062935,0.05,0.2,0.45,0.65,0.75,0.85,0.9,1.0,0.0,0.0,0.08,0.03
6,PE_PB_FED,-0.062936,0.05,0.15,0.4,0.65,0.75,0.85,0.9,1.0,0.55,0.8,0.08,0.05
6,PE_PB_FED,-0.06295,0.1,0.2,0.35,0.65,0.75,0.8,0.85,1.0,0.6,0.7,0.06,0.05
6,PE_PB_FED,-0.06295,0.2,0.3,0.4,0.65,0.7,0.8,0.95,1.0,0.65,0.75,0.12,0.04
6,PE_PB_FED,-0.062951,0.1,0.2,0.3,0.6,0.65,0.8,0.85,1.0,0.6,0.8,0.08,0.04
6,PB_FED,-0.062956,0.05,0.3,0.4,0.5,0.7,0.85,0.9,1.0,0.0,0.0,0.1,0.05
6,PE_PB_FED,-0.062961,0.15,0.2,0.4,0.55,0.75,0.85,0.95,1.0,0.6,0.8,0.08,0.04
6,PE_FED,-0.062971,0.2,0.25,0.45,0.7,0.75,0.85,0.95,1.0,0.0,0.0,0.06,0.03
6,PE_FED,-0.062991,0.05,0.2,0.45,0.5,0.7,0.8,0.9,1.0,0.0,0.0,0.06,0.05
6,PE_FED,-0.063,0.1,0.25,0.4,0.55,0.65,0.75,0.85,1.0,0.0,0.0,0.08,0.04
6,PE_FED,-0.063019,0.15,0.3,0.4,0.65,0.75,0.8,0.9,1.0,0.0,0.0,0.08,0.05
6,PE_FED,-0.06302,0.1,0.2,0.35,0.6,0.65,0.85,0.9,1.0,0.0,0.0,0.06,0.04
6,PE_PB_FED,-0.06302,0.15,0.2,0.45,0.7,0.75,0.8,0.85,1.0,0.6,0.7,0.12,0.03
6,PE_PB_FED,-0.06303,0.05,0.2,0.4,0.65,0.75,0.85,0.95,1.0,0.5,0.7,0.08,0.04
6,PE_FED,-0.063036,0.15,0.25,0.45,0.55,0.65,0.75,0.85,1.0,0.0,0.0,0.1,0.04
6,PE_FED,-0.063044,0.1,0.25,0.4,0.7,0.7,0.8,0.85,1.0,0.0,0.0,0.06,0.04
6,PE_PB_FED,-0.063054,0.15,0.2,0.35,0.55,0.65,0.75,0.85,1.0,0.65,0.8,0.08,0.04
6,PE_FED,-0.063083,0.1,0.3,0.45,0.6,0.7,0.8,0.9,1.0,0.0,0.0,0.12,0.04
6,PE_FED,-0.063092,0.1,0.25,0.35,0.65,0.7,0.85,0.9,1.0,0.0,0.0,0.12,0.03
6,PE_FED,-0.063107,0.15,0.25,0.4,0.7,0.75,0.8,0.85,1.0,0.0,0.0,0.1,0.04
6,PE_PB_FED,-0.063125,0.15,0.2,0.3,0.5,0.7,0.8,0.9,1.0,0.65,0.8,0.1,0.05
6,PE_FED,-0.06315,0.1,0.25,0.35,0.6,0.7,0.75,0.85,1.0,0.0,0.0,0.12,0.05
6,PE_FED,-0.063162,0.05,0.2,0.35,0.5,0.7,0.75,0.85,1.0,0.0,0.0,0.1,0.04
6,PE_FED,-0.063197,0.2,0.25,0.45,0.7,0.65,0.75,0.9,1.0,0.0,0.0,0.06,0.05
6,PE_PB_FED,-0.063207,0.2,0.25,0.4,0.55,0.65,0.8,0.95,1.0,0.6,0.8,0.12,0.05
6,PE_FED,-0.063221,0.05,0.2,0.4,0.5,0.65,0.75,0.85,1.0,0.0,0.0,0.12,0.04
6,PE_FED,-0.063261,0.15,0.25,0.4,0.7,0.7,0.85,0.9,1.0,0.0,0.0,0.12,0.04
6,PE_FED,-0.063267,0.05,0.25,0.4,0.7,0.7,0.8,0.85,1.0,0.0,0.0,0.12,0.03
6,PE_FED,-0.063269,0.1,0.3,0.4,0.6,0.75,0.85,0.95,1.0,0.0,0.0,0.06,0.05
6,PE_PB_FED,-0.063274,0.05,0.25,0.3,0.6,0.75,0.8,0.9,1.0,0.5,0.75,0.06,0.03
6,PE_PB_FED,-0.063276,0.2,0.3,0.35,0.5,0.7,0.75,0.95,1.0,0.55,0.8,0.08,0.03
6,PE_PB_FED,-0.06328,0.15,0.3,0.45,0.6,0.65,0.75,0.9,1.0,0.6,0.8,0.06,0.04
6,PE_PB_FED,-0.063285,0.15,0.25,0.3,0.55,0.75,0.85,0.95,1.0,0.65,0.7,0.06,0.05
6,PE_FED,-0.063311,0.1,0.3,0.4,0.6,0.7,0.75,0.85,1.0,0.0,0.0,0.08,0.03
6,PE_PB_FED,-0.063327,0.1,0.25,0.4,0.55,0.7,0.85,0.95,1.0,0.55,0.8,0.12,0.05
6,PE_FED,-0.063332,0.2,0.25,0.3,0.55,0.7,0.75,0.9,1.0,0.0,0.0,0.1,0.04
6,PE_PB_FED,-0.06336,0.05,0.25,0.45,0.7,0.7,0.75,0.85,1.0,0.6,0.7,0.12,0.04
6,PE_FED,-0.063362,0.15,0.25,0.35,0.5,0.7,0.75,0.85,1.0,0.0,0.0,0.08,0.04
6,PE_FED,-0.063363,0.15,0.2,0.3,0.5,0.7,0.85,0.9,1.0,0.0,0.0,0.06,0.03
6,PE_PB_FED,-0.063364,0.15,0.3,0.35,0.7,0.75,0.85,0.95,1.0,0.65,0.75,0.1,0.04
6,PE_PB_FED,-0.063366,0.15,0.2,0.45,0.55,0.75,0.8,0.9,1.0,0.55,0.7,0.1,0.04
6,PE_PB_FED,-0.063373,0.1,0.25,0.45,0.55,0.65,0.85,0.95,1.0,0.55,0.8,0.1,0.04
6,PE_PB_FED,-0.063385,0.1,0.25,0.35,0.6,0.75,0.85,0.9,1.0,0.65,0.7,0.06,0.03
6,PE_FED,-0.063388,0.1,0.25,0.45,0.65,0.65,0.8,0.85,1.0,0.0,0.0,0.12,0.04
6,PE_PB_FED,-0.063405,0.1,0.3,0.35,0.7,0.75,0.8,0.9,1.0,0.55,0.7,0.08,0.05
6,PE_FED,-0.063409,0.15,0.2,0.45,0.6,0.7,0.8,0.85,1.0,0.0,0.0,0.06,0.05
6,PE_PB_FED,-0.063412,0.05,0.25,0.4,0.6,0.65,0.75,0.85,1.0,0.6,0.75,0.1,0.03
6,PE_PB_FED,-0.063439,0.2,0.25,0.35,0.55,0.65,0.8,0.95,1.0,0.5,0.75,0.1,0.03
6,PE_PB_FED,-0.063454,0.05,0.25,0.45,0.65,0.65,0.85,0.95,1.0,0.55,0.8,0.08,0.05
6,PE_PB_FED,-0.063473,0.15,0.25,0.3,0.6,0.7,0.85,0.95,1.0,0.6,0.7,0.12,0.05
6,PE_PB_FED,-0.063516,0.15,0.3,0.45,0.55,0.65,0.8,0.95,1.0,0.55,0.8,0.12,0.05
6,PE_PB_FED,-0.063518,0.1,0.2,0.45,0.5,0.65,0.85,0.95,1.0,0.5,0.8,0.1,0.05
6,PE_FED,-0.06352,0.2,0.25,0.3,0.6,0.65,0.8,0.9,1.0,0.0,0.0,0.1,0.03
6,PE_FED,-0.063529,0.15,0.25,0.35,0.7,0.65,0.8,0.85,1.0,0.0,0.0,0.1,0.05
6,PE_PB_FED,-0.06354,0.05,0.2,0.3,0.65,0.65,0.8,0.85,1.0,0.6,0.75,0.12,0.04
6,PE_PB_FED,-0.06355,0.15,0.2,0.3,0.55,0.65,0.85,0.95,1.0,0.55,0.8,0.1,0.04
6,PE_FED,-0.063559,0.15,0.25,0.4,0.55,0.7,0.8,0.85,1.0,0.0,0.0,0.12,0.03
6,PE_FED,-0.063567,0.05,0.25,0.4,0.5,0.65,0.85,0.95,1.0,0.0,0.0,0.1,0.05
6,PE_FED,-0.063579,0.1,0.25,0.4,0.7,0.75,0.8,0.85,1.0,0.0,0.0,0.12,0.05
6,PE_FED,-0.063591,0.05,0.3,0.4,0.65,0.65,0.85,0.95,1.0,0.0,0.0,0.06,0.04
6,PE_FED,-0.063619,0.1,0.25,0.3,0.65,0.7,0.8,0.85,1.0,0.0,0.0,0.06,0.05
6,PE_PB_FED,-0.063637,0.15,0.2,0.4,0.6,0.65,0.8,0.9,1.0,0.5,0.8,0.06,0.04
6,PE_PB_FED,-0.063648,0.2,0.3,0.4,0.6,0.65,0.75,0.95,1.0,0.55,0.7,0.1,0.05
6,PE_FED,-0.063662,0.2,0.3,0.45,0.7,0.7,0.75,0.9,1.0,0.0,0.0,0.06,0.04
6,PE_FED,-0.063671,0.05,0.3,0.45,0.65,0.75,0.85,0.95,1.0,0.0,0.0,0.06,0.04
6,PE_FED,-0.063674,0.05,0.2,0.35,0.55,0.65,0.85,0.9,1.0,0.0,0.0,0.12,0.03
6,PE_PB_FED,-0.063677,0.2,0.3,0.45,0.6,0.7,0.75,0.95,1.0,0.55,0.7,0.12,0.05
6,PE_FED,-0.063716,0.1,0.2,0.45,0.5,0.7,0.8,0.85,1.0,0.0,0.0,0.06,0.04
6,PE_PB_FED,-0.063717,0.2,0.3,0.45,0.65,0.7,0.75,0.95,1.0,0.5,0.8,0.08,0.05
6,PE_PB_FED,-0.06372,0.1,0.25,0.35,0.6,0.65,0.85,0.95,1.0,0.5,0.8,0.08,0.04
6,PE_FED,-0.063728,0.1,0.2,0.4,0.5,0.75,0.8,0.85,1.0,0.0,0.0,0.1,0.04
6,PE_PB_FED,-0.063732,0.1,0.3,0.4,0.65,0.65,0.8,0.9,1.0,0.55,0.75,0.08,0.05
6,PE_FED,-0.063781,0.05,0.2,0.35,0.6,0.65,0.85,0.9,1.0,0.0,0.0,0.08,0.04
6,PE_FED,-0.063782,0.2,0.25,0.4,0.6,0.65,0.75,0.9,1.0,0.0,0.0,0.08,0.05
6,PE_FED,-0.06379,0.15,0.3,0.4,0.5,0.65,0.8,0.9,1.0,0.0,0.0,0.1,0.04
6,PE_FED,-0.063803,0.2,0.25,0.35,0.7,0.7,0.85,0.95,1.0,0.0,0.0,0.06,0.05
6,PE_PB_FED,-0.063849,0.1,0.2,0.4,0.65,0.65,0.85,0.9,1.0,0.55,0.8,0.1,0.05
6,PE_PB_FED,-0.063854,0.1,0.25,0.3,0.5,0.75,0.8,0.9,1.0,0.55,0.75,0.08,0.05
6,PE_FED,-0.063862,0.05,0.3,0.45,0.65,0.7,0.75,0.85,1.0,0.0,0.0,0.06,0.03
6,PE_PB_FED,-0.063864,0.15,0.3,0.35,0.65,0.65,0.8,0.9,1.0,0.6,0.7,0.06,0.04
6,PE_PB_FED,-0.063865,0.15,0.3,0.4,0.7,0.7,0.85,0.95,1.0,0.6,0.75,0.1,0.04
6,PE_PB_FED,-0.063869,0.2,0.3,0.45,0.55,0.65,0.8,0.95,1.0,0.65,0.7,0.12,0.04
6,PE_FED,-0.063886,0.05,0.25,0.4,0.7,0.7,0.8,0.85,1.0,0.0,0.0,0.06,0.04
6,PE_PB_FED,-0.063887,0.1,0.25,0.3,0.5,0.7,0.8,0.9,1.0,0.5,0.7,0.06,0.04
6,PE_FED,-0.0639,0.2,0.25,0.4,0.65,0.75,0.8,0.9,1.0,0.0,0.0,0.12,0.04
6,PE_PB_FED,-0.063905,0.05,0.2,0.45,0.65,0.7,0.85,0.9,1.0,0.6,0.75,0.12,0.04
6,PE_FED,-0.063916,0.05,0.2,0.45,0.5,0.65,0.8,0.85,1.0,0.0,0.0,0.08,0.03
6,PE_PB_FED,-0.063934,0.15,0.3,0.45,0.65,0.75,0.8,0.9,1.0,0.6,0.7,0.08,0.04
6,PE_FED,-0.063937,0.15,0.25,0.35,0.6,0.75,0.8,0.85,1.0,0.0,0.0,0.08,0.04
6,PE_FED,-0.063938,0.15,0.2,0.4,0.5,0.75,0.85,0.9,1.0,0.0,0.0,0.06,0.04
6,PE_PB_FED,-0.06398,0.15,0.3,0.4,0.5,0.75,0.8,0.9,1.0,0.65,0.75,0.12,0.03
6,PE_FED,-0.064026,0.05,0.3,0.4,0.65,0.7,0.8,0.9,1.0,0.0,0.0,0.1,0.05
6,PE_FED,-0.064026,0.15,0.3,0.45,0.7,0.7,0.85,0.9,1.0,0.0,0.0,0.08,0.03
6,PE_PB_FED,-0.064031,0.1,0.2,0.4,0.6,0.75,0.85,0.9,1.0,0.55,0.8,0.08,0.04
6,PE_FED,-0.064057,0.15,0.25,0.45,0.65,0.65,0.85,0.9,1.0,0.0,0.0,0.12,0.05
6,PE_PB_FED,-0.064066,0.05,0.2,0.4,0.7,0.75,0.85,0.9,1.0,0.6,0.8,0.06,0.05
6,PE_FED,-0.064076,0.2,0.25,0.35,0.65,0.75,0.85,0.95,1.0,0.0,0.0,0.08,0.04
6,PE_FED,-0.064082,0.05,0.25,0.3,0.5,0.7,0.75,0.85,1.0,0.0,0.0,0.12,0.04
6,PE_FED,-0.064123,0.1,0.25,0.4,0.6,0.75,0.85,0.9,1.0,0.0,0.0,0.1,0.04
6,PE_FED,-0.064142,0.2,0.3,0.35,0.7,0.7,0.75,0.9,1.0,0.0,0.0,0.1,0.05
6,PE_PB_FED,-0.064209,0.2,0.3,0.35,0.6,0.7,0.8,0.95,1.0,0.5,0.75,0.1,0.03
6,PE_PB_FED,-0.064245,0.05,0.25,0.3,0.7,0.75,0.8,0.85,1.0,0.55,0.7,0.08,0.03
6,PE_PB_FED,-0.064246,0.05,0.2,0.45,0.6,0.7,0.8,0.85,1.0,0.65,0.8,0.06,0.05
6,PE_FED,-0.064269,0.2,0.25,0.45,0.7,0.75,0.8,0.9,1.0,0.0,0.0,0.1,0.05
6,PE_PB_FED,-0.064288,0.15,0.25,0.3,0.5,0.7,0.85,0.95,1.0,0.6,0.75,0.06,0.05
6,PE_PB_FED,-0.064291,0.1,0.3,0.4,0.5,0.75,0.85,0.95,1.0,0.6,0.8,0.12,0.05
6,PE_PB_FED,-0.064294,0.2,0.3,0.4,0.55,0.7,0.8,0.95,1.0,0.6,0.8,0.06,0.05
6,PE_PB_FED,-0.064311,0.2,0.25,0.45,0.65,0.65,0.75,0.9,1.0,0.55,0.7,0.08,0.05
6,PE_PB_FED,-0.064336,0.05,0.25,0.4,0.7,0.7,0.75,0.85,1.0,0.55,0.7,0.06,0.05
6,PE_PB_FED,-0.064364,0.15,0.2,0.35,0.65,0.7,0.8,0.85,1.0,0.5,0.75,0.1,0.03
6,PE_FED,-0.064391,0.1,0.2,0.35,0.5,0.7,0.85,0.9,1.0,0.0,0.0,0.08,0.05
6,PE_PB_FED,-0.064449,0.1,0.3,0.45,0.65,0.7,0.85,0.9,1.0,0.65,0.7,0.1,0.04
6,PE_PB_FED,-0.064453,0.15,0.25,0.35,0.65,0.75,0.85,0.95,1.0,0.5,0.75,0.12,0.05
6,PE_FED,-0.064465,0.05,0.25,0.4,0.55,0.75,0.8,0.85,1.0,0.0,0.0,0.1,0.03
6,PE_FED,-0.064488,0.05,0.25,0.35,0.6,0.75,0.85,0.9,1.0,0.0,0.0,0.1,0.03
6,PE_FED,-0.064506,0.05,0.2,0.3,0.55,0.75,0.85,0.9,1.0,0.0,0.0,0.06,0.05
6,PE_PB_FED,-0.064531,0.2,0.25,0.4,0.55,0.7,0.8,0.95,1.0,0.5,0.8,0.08,0.04
6,PE_FED,-0.064535,0.2,0.3,0.4,0.55,0.7,0.75,0.9,1.0,0.0,0.0,0.06,0.04
6,PE_PB_FED,-0.064538,0.1,0.25,0.45,0.5,0.7,0.8,0.9,1.0,0.5,0.7,0.06,0.05
6,PE_PB_FED,-0.064541,0.1,0.3,0.4,0.6,0.65,0.85,0.9,1.0,0.65,0.8,0.12,0.03
6,PE_FED,-0.064545,0.2,0.25,0.3,0.6,0.75,0.85,0.95,1.0,0.0,0.0,0.08,0.05
6,PE_PB_FED,-0.064565,0.05,0.3,0.45,0.5,0.75,0.8,0.9,1.0,0.6,0.7,0.08,0.03
6,PE_PB_FED,-0.064585,0.05,0.2,0.4,0.6,0.65,0.75,0.85,1.0,0.5,0.7,0.08,0.05
6,PE_PB_FED,-0.0646,0.05,0.25,0.3,0.6,0.7,0.85,0.95,1.0,0.5,0.8,0.1,0.04
6,PE_PB_FED,-0.064601,0.2,0.3,0.35,0.7,0.7,0.8,0.9,1.0,0.65,0.7,0.08,0.04
6,PE_FED,-0.064603,0.2,0.25,0.3,0.7,0.65,0.75,0.85,1.0,0.0,0.0,0.12,0.04
6,PE_PB_FED,-0.064611,0.05,0.2,0.35,0.5,0.7,0.8,0.9,1.0,0.5,0.7,0.06,0.05
6,PE_PB_FED,-0.064615,0.2,0.25,0.35,0.7,0.7,0.85,0.95,1.0,0.5,0.75,0.12,0.03
6,PE_PB_FED,-0.064633,0.2,0.25,0.4,0.7,0.65,0.8,0.9,1.0,0.6,0.8,0.12,0.05
6,PE_PB_FED,-0.064655,0.15,0.25,0.35,0.6,0.65,0.75,0.85,1.0,0.6,0.7,0.12,0.05
6,PE_FED,-0.064659,0.05,0.3,0.45,0.6,0.75,0.8,0.9,1.0,0.0,0.0,0.12,0.05
6,PE_FED,-0.064663,0.15,0.3,0.4,0.7,0.7,0.8,0.85,1.0,0.0,0.0,0.08,0.05
6,PE_PB_FED,-0.064732,0.05,0.25,0.3,0.65,0.75,0.85,0.9,1.0,0.65,0.8,0.08,0.05
6,PE_FED,-0.064745,0.1,0.3,0.4,0.7,0.65,0.8,0.85,1.0,0.0,0.0,0.1,0.05
6,PE_PB_FED,-0.064766,0.15,0.25,0.35,0.7,0.7,0.85,0.9,1.0,0.6,0.8,0.06,0.04
6,PE_FED,-0.064783,0.05,0.25,0.45,0.6,0.7,0.8,0.85,1.0,0.0,0.0,0.12,0.04
6,PE_PB_FED,-0.064786,0.15,0.25,0.4,0.65,0.7,0.8,0.85,1.0,0.55,0.8,0.1,0.03
6,PE_FED,-0.064798,0.2,0.25,0.45,0.55,0.7,0.8,0.9,1.0,0.0,0.0,0.12,0.04
6,PE_FED,-0.064807,0.05,0.25,0.4,0.65,0.7,0.85,0.9,1.0,0.0,0.0,0.08,0.05
6,PE_PB_FED,-0.064834,0.1,0.25,0.4,0.55,0.65,0.8,0.85,1.0,0.6,0.7,0.08,0.05
6,PE_PB_FED,-0.06486,0.15,0.25,0.45,0.5,0.75,0.8,0.9,1.0,0.55,0.75,0.12,0.04
6,PE_PB_FED,-0.064862,0.05,0.3,0.4,0.5,0.7,0.8,0.9,1.0,0.65,0.8,0.08,0.04
6,PE_FED,-0.064902,0.15,0.3,0.35,0.7,0.75,0.85,0.9,1.0,0.0,0.0,0.06,0.05
6,PE_FED,-0.064948,0.1,0.3,0.4,0.6,0.7,0.85,0.9,1.0,0.0,0.0,0.12,0.03
6,PE_FED,-0.064993,0.2,0.3,0.4,0.65,0.7,0.8,0.9,1.0,0.0,0.0,0.06,0.04
6,PE_PB_FED,-0.065039,0.05,0.25,0.35,0.65,0.65,0.8,0.85,1.0,0.6,0.75,0.1,0.05
6,PE_FED,-0.065045,0.05,0.25,0.4,0.55,0.7,0.8,0.85,1.0,0.0,0.0,0.1,0.04
6,PE_PB_FED,-0.065049,0.15,0.3,0.35,0.7,0.65,0.75,0.85,1.0,0.5,0.8,0.12,0.03
6,PE_PB_FED,-0.065066,0.05,0.3,0.35,0.6,0.7,0.8,0.9,1.0,0.6,0.7,0.06,0.05
6,PE_PB_FED,-0.065083,0.15,0.3,0.4,0.5,0.65,0.75,0.9,1.0,0.55,0.7,0.12,0.05
6,PE_PB_FED,-0.065098,0.2,0.3,0.35,0.6,0.65,0.75,0.9,1.0,0.5,0.8,0.06,0.03
6,PE_FED,-0.065105,0.05,0.3,0.45,0.5,0.75,0.85,0.95,1.0,0.0,0.0,0.12,0.04
6,PE_PB_FED,-0.065115,0.1,0.3,0.45,0.55,0.7,0.8,0.85,1.0,0.65,0.75,0.1,0.04
6,PE_PB_FED,-0.065135,0.05,0.25,0.35,0.55,0.65,0.8,0.85,1.0,0.65,0.8,0.12,0.04
6,PE_PB_FED,-0.06519,0.1,0.25,0.4,0.5,0.7,0.85,0.9,1.0,0.6,0.7,0.1,0.04
6,PE_FED,-0.065215,0.1,0.3,0.35,0.65,0.75,0.85,0.9,1.0,0.0,0.0,0.08,0.05
6,PE_FED,-0.065216,0.2,0.25,0.3,0.65,0.75,0.8,0.85,1.0,0.0,0.0,0.08,0.03
6,PE_PB_FED,-0.065294,0.15,0.25,0.3,0.6,0.7,0.8,0.85,1.0,0.65,0.7,0.12,0.05
6,PE_PB_FED,-0.065319,0.05,0.2,0.4,0.5,0.7,0.85,0.9,1.0,0.65,0.7,0.12,0.05
6,PE_FED,-0.065321,0.15,0.3,0.4,0.6,0.7,0.85,0.9,1.0,0.0,0.0,0.08,0.04
6,PE_FED,-0.065343,0.1,0.3,0.35,0.5,0.75,0.8,0.85,1.0,0.0,0.0,0.12,0.03
6,PE_PB_FED,-0.065348,0.15,0.2,0.45,0.5,0.75,0.8,0.85,1.0,0.55,0.7,0.1,0.03
6,PE_PB_FED,-0.065469,0.15,0.25,0.3,0.55,0.75,0.85,0.9,1.0,0.6,0.7,0.12,0.03
6,PE_PB_FED,-0.065506,0.2,0.25,0.3,0.6,0.65,0.85,0.95,1.0,0.5,0.7,0.08,0.03
6,PE_PB_FED,-0.065507,0.1,0.3,0.45,0.7,0.65,0.8,0.85,1.0,0.55,0.7,0.06,0.05
6,PE_PB_FED,-0.06558,0.05,0.3,0.35,0.5,0.75,0.85,0.95,1.0,0.6,0.75,0.12,0.05
6,PE_FED,-0.065592,0.05,0.25,0.3,0.5,0.75,0.85,0.9,1.0,0.0,0.0,0.1,0.04
6,PE_PB_FED,-0.065623,0.05,0.3,0.4,0.5,0.65,0.85,0.95,1.0,0.6,0.8,0.1,0.05
6,PE_PB_FED,-0.065662,0.2,0.3,0.35,0.7,0.7,0.75,0.9,1.0,0.5,0.7,0.08,0.05
6,PE_FED,-0.065667,0.1,0.3,0.35,0.6,0.75,0.8,0.85,1.0,0.0,0.0,0.08,0.05
6,PE_FED,-0.065708,0.2,0.3,0.4,0.5,0.7,0.85,0.95,1.0,0.0,0.0,0.1,0.03
6,PE_FED,-0.065744,0.2,0.25,0.3,0.6,0.65,0.8,0.85,1.0,0.0,0.0,0.08,0.03
6,PE_PB_FED,-0.065775,0.2,0.25,0.45,0.5,0.75,0.85,0.95,1.0,0.55,0.8,0.1,0.03
6,PE_PB_FED,-0.065796,0.05,0.25,0.35,0.5,0.65,0.85,0.9,1.0,0.65,0.75,0.12,0.04
6,PE_PB_FED,-0.065819,0.1,0.3,0.35,0.65,0.75,0.8,0.85,1.0,0.55,0.75,0.12,0.05
6,PE_PB_FED,-0.065848,0.1,0.3,0.4,0.65,0.65,0.8,0.85,1.0,0.5,0.75,0.12,0.04
6,PE_FED,-0.065874,0.1,0.3,0.35,0.55,0.65,0.8,0.85,1.0,0.0,0.0,0.12,0.05
6,PE_FED,-0.065883,0.15,0.3,0.35,0.5,0.7,0.8,0.85,1.0,0.0,0.0,0.08,0.04
6,PE_FED,-0.065909,0.2,0.3,0.45,0.55,0.7,0.8,0.9,1.0,0.0,0.0,0.1,0.04
6,PE_FED,-0.065915,0.05,0.3,0.35,0.7,0.75,0.85,0.9,1.0,0.0,0.0,0.1,0.05
6,PE_PB_FED,-0.065968,0.2,0.25,0.45,0.6,0.75,0.85,0.95,1.0,0.55,0.75,0.1,0.04
6,PE_PB_FED,-0.065982,0.2,0.3,0.35,0.6,0.65,0.85,0.95,1.0,0.55,0.8,0.12,0.03
6,PE_FED,-0.066072,0.05,0.25,0.3,0.5,0.65,0.85,0.9,1.0,0.0,0.0,0.08,0.05
6,PE_PB_FED,-0.066089,0.2,0.3,0.45,0.7,0.75,0.85,0.95,1.0,0.55,0.75,0.12,0.05
6,PE_FED,-0.066099,0.15,0.3,0.4,0.55,0.65,0.85,0.9,1.0,0.0,0.0,0.1,0.05
6,PE_FED,-0.066137,0.2,0.3,0.35,0.7,0.75,0.8,0.85,1.0,0.0,0.0,0.08,0.03
6,PE_FED,-0.066142,0.2,0.25,0.35,0.55,0.7,0.8,0.85,1.0,0.0,0.0,0.08,0.03
6,PE_FED,-0.066187,0.2,0.3,0.4,0.7,0.65,0.75,0.85,1.0,0.0,0.0,0.08,0.05
6,PE_FED,-0.066271,0.2,0.25,0.35,0.6,0.7,0.85,0.9,1.0,0.0,0.0,0.08,0.03
6,PE_FED,-0.066326,0.05,0.3,0.35,0.6,0.7,0.85,0.9,1.0,0.0,0.0,0.06,0.04
6,PE_PB_FED,-0.066407,0.2,0.25,0.35,0.65,0.65,0.75,0.85,1.0,0.5,0.8,0.1,0.04
6,PE_FED,-0.066418,0.2,0.3,0.35,0.55,0.65,0.8,0.9,1.0,0.0,0.0,0.08,0.05
6,PE_PB_FED,-0.066433,0.2,0.25,0.45,0.5,0.7,0.75,0.85,1.0,0.6,0.75,0.12,0.04
6,PE_PB_FED,-0.066465,0.2,0.3,0.35,0.7,0.7,0.75,0.85,1.0,0.5,0.75,0.1,0.03
6,PE_FED,-0.066608,0.2,0.25,0.35,0.65,0.65,0.85,0.9,1.0,0.0,0.0,0.06,0.05
6,PE_PB_FED,-0.066615,0.15,0.2,0.4,0.6,0.65,0.85,0.9,1.0,0.5,0.7,0.12,0.05
6,PE_PB_FED,-0.066626,0.15,0.3,0.45,0.55,0.7,0.85,0.95,1.0,0.5,0.8,0.06,0.04
6,PE_PB_FED,-0.066691,0.05,0.25,0.4,0.5,0.75,0.8,0.85,1.0,0.6,0.7,0.06,0.05
6,PE_PB_FED,-0.066744,0.2,0.25,0.3,0.65,0.65,0.8,0.85,1.0,0.5,0.7,0.08,0.03
6,PE_PB_FED,-0.066844,0.2,0.3,0.35,0.5,0.65,0.85,0.95,1.0,0.55,0.8,0.12,0.03
6,PE_FED,-0.066913,0.05,0.3,0.45,0.6,0.75,0.85,0.9,1.0,0.0,0.0,0.08,0.05
6,PE_PB_FED,-0.066937,0.2,0.25,0.45,0.6,0.65,0.8,0.85,1.0,0.55,0.8,0.12,0.03
6,PE_PB_FED,-0.067057,0.05,0.3,0.45,0.5,0.75,0.8,0.9,1.0,0.5,0.7,0.08,0.05
6,PE_FED,-0.067087,0.2,0.3,0.35,0.55,0.65,0.75,0.85,1.0,0.0,0.0,0.06,0.05
6,PE_PB_FED,-0.067125,0.2,0.3,0.4,0.5,0.75,0.8,0.9,1.0,0.5,0.7,0.12,0.03
6,PE_PB_FED,-0.067131,0.05,0.3,0.4,0.7,0.75,0.85,0.9,1.0,0.55,0.7,0.12,0.05
6,PE_PB_FED,-0.067135,0.2,0.3,0.45,0.55,0.65,0.75,0.85,1.0,0.6,0.75,0.06,0.04
6,PE_PB_FED,-0.067161,0.05,0.3,0.4,0.7,0.75,0.85,0.9,1.0,0.5,0.75,0.1,0.04
6,PE_PB_FED,-0.067173,0.15,0.3,0.45,0.7,0.65,0.85,0.9,1.0,0.55,0.75,0.08,0.05
6,PE_FED,-0.0672,0.05,0.3,0.45,0.55,0.65,0.85,0.9,1.0,0.0,0.0,0.1,0.05
6,PE_PB_FED,-0.067215,0.2,0.3,0.35,0.65,0.75,0.85,0.9,1.0,0.65,0.7,0.12,0.04
6,PE_PB_FED,-0.067229,0.2,0.25,0.3,0.5,0.65,0.8,0.85,1.0,0.65,0.75,0.12,0.04
6,PE_FED,-0.067567,0.2,0.25,0.35,0.55,0.75,0.85,0.9,1.0,0.0,0.0,0.1,0.05
6,PE_FED,-0.067605,0.2,0.3,0.45,0.5,0.7,0.75,0.85,1.0,0.0,0.0,0.08,0.05
6,PE_PB_FED,-0.06761,0.05,0.3,0.45,0.65,0.65,0.8,0.85,1.0,0.5,0.75,0.12,0.05
6,PE_PB_FED,-0.067846,0.2,0.25,0.4,0.55,0.7,0.85,0.9,1.0,0.55,0.8,0.06,0.03
6,PE_PB_FED,-0.067929,0.2,0.3,0.35,0.65,0.65,0.75,0.85,1.0,0.5,0.75,0.12,0.05
6,PE_FED,-0.067947,0.2,0.3,0.45,0.6,0.7,0.85,0.9,1.0,0.0,0.0,0.08,0.04
6,PE_PB_FED,-0.067974,0.2,0.25,0.4,0.55,0.7,0.8,0.85,1.0,0.55,0.75,0.12,0.04
6,PE_PB_FED,-0.067996,0.15,0.25,0.4,0.5,0.65,0.85,0.9,1.0,0.5,0.7,0.06,0.04
6,PE_PB_FED,-0.068073,0.2,0.3,0.45,0.5,0.65,0.8,0.9,1.0,0.55,0.75,0.06,0.05
6,PE_FED,-0.06809,0.2,0.3,0.35,0.6,0.65,0.8,0.85,1.0,0.0,0.0,0.08,0.05
6,PE_FED,-0.06809,0.2,0.3,0.35,0.6,0.65,0.8,0.85,1.0,0.0,0.0,0.06,0.05
6,PE_PB_FED,-0.068305,0.2,0.3,0.35,0.55,0.65,0.75,0.85,1.0,0.5,0.7,0.06,0.04
6,PE_PB_FED,-0.068335,0.15,0.3,0.45,0.5,0.7,0.85,0.9,1.0,0.6,0.75,0.1,0.05
6,PE_FED,-0.068741,0.2,0.3,0.4,0.5,0.65,0.85,0.9,1.0,0.0,0.0,0.12,0.04
6,PE_PB_FED,-0.068951,0.2,0.3,0.4,0.5,0.7,0.8,0.85,1.0,0.6,0.75,0.12,0.04
6,PE_FED,-0.068978,0.2,0.3,0.4,0.5,0.7,0.8,0.85,1.0,0.0,0.0,0.08,0.05
6,PE_PB_FED,-0.069076,0.05,0.3,0.4,0.5,0.7,0.85,0.9,1.0,0.55,0.7,0.06,0.05
