window,feature,strategy_score,pe_buy_floor,pe_buy_low,pe_buy_mid,pe_buy_high,pe_sell_warn,pe_sell_heavy,pe_sell_extreme,fed_buy_threshold,pb_veto_threshold,pb_confirm_threshold,drawdown_standard,drawdown_tight
8,PB_FED,0.030227,0.1,0.15,0.35,0.7,0.7,0.75,0.9,-0.5,0.0,0.0,0.12,0.04
8,PB_FED,0.030166,0.1,0.15,0.35,0.7,0.7,0.75,0.85,-0.5,0.0,0.0,0.1,0.03
8,PB_FED,0.030068,0.1,0.15,0.3,0.7,0.75,0.8,0.9,0.0,0.0,0.0,0.08,0.03
8,PB_FED,0.029938,0.15,0.2,0.3,0.7,0.7,0.75,0.85,0.0,0.0,0.0,0.1,0.04
8,PB_only,0.029824,0.1,0.15,0.3,0.7,0.7,0.75,0.95,0.0,0.0,0.0,0.12,0.03
8,PB_FED,0.029708,0.1,0.2,0.3,0.7,0.65,0.75,0.9,-0.5,0.0,0.0,0.06,0.04
8,PB_FED,0.029655,0.15,0.2,0.3,0.7,0.65,0.75,0.95,0.0,0.0,0.0,0.08,0.03
8,PB_only,0.029419,0.1,0.15,0.3,0.7,0.65,0.75,0.85,0.0,0.0,0.0,0.06,0.03
8,PB_FED,0.029416,0.1,0.2,0.35,0.7,0.65,0.75,0.9,0.0,0.0,0.0,0.06,0.03
8,PB_FED,0.029334,0.1,0.15,0.35,0.7,0.75,0.8,0.85,0.0,0.0,0.0,0.06,0.04
8,PB_FED,0.029299,0.05,0.15,0.35,0.7,0.7,0.75,0.95,0.0,0.0,0.0,0.1,0.04
8,PB_FED,0.029262,0.1,0.15,0.35,0.7,0.75,0.85,0.9,-0.5,0.0,0.0,0.08,0.03
8,PB_FED,0.029252,0.15,0.2,0.35,0.7,0.65,0.75,0.9,-0.5,0.0,0.0,0.08,0.03
8,PB_FED,0.029226,0.1,0.15,0.45,0.7,0.7,0.75,0.9,-0.5,0.0,0.0,0.06,0.03
8,PB_FED,0.029204,0.05,0.15,0.3,0.7,0.7,0.85,0.9,-0.5,0.0,0.0,0.1,0.03
8,PB_FED,0.029118,0.1,0.15,0.35,0.7,0.7,0.75,0.85,-0.5,0.0,0.0,0.12,0.05
8,PB_only,0.029098,0.1,0.15,0.3,0.7,0.7,0.8,0.9,0.0,0.0,0.0,0.1,0.03
8,PB_FED,0.029097,0.15,0.2,0.3,0.7,0.7,0.85,0.9,-0.5,0.0,0.0,0.06,0.03
8,PB_FED,0.028946,0.1,0.15,0.4,0.7,0.7,0.8,0.95,0.0,0.0,0.0,0.06,0.03
8,PB_only,0.028938,0.05,0.15,0.3,0.7,0.7,0.75,0.9,0.0,0.0,0.0,0.08,0.04
8,PB_FED,0.028862,0.1,0.15,0.35,0.7,0.75,0.85,0.95,0.0,0.0,0.0,0.12,0.03
8,PB_FED,0.0288,0.05,0.2,0.3,0.7,0.65,0.75,0.85,-0.5,0.0,0.0,0.1,0.04
8,PB_FED,0.028794,0.1,0.15,0.3,0.7,0.75,0.85,0.95,-0.5,0.0,0.0,0.06,0.04
8,PB_only,0.028728,0.1,0.15,0.3,0.7,0.7,0.75,0.85,0.0,0.0,0.0,0.06,0.05
8,PB_FED,0.028686,0.15,0.2,0.3,0.7,0.65,0.75,0.95,0.0,0.0,0.0,0.12,0.04
8,PB_FED,0.028572,0.05,0.15,0.4,0.7,0.7,0.8,0.85,-0.5,0.0,0.0,0.06,0.04
8,PB_FED,0.028538,0.1,0.2,0.3,0.65,0.7,0.75,0.9,0.0,0.0,0.0,0.08,0.04
8,PB_FED,0.028486,0.15,0.25,0.3,0.7,0.65,0.8,0.85,-0.5,0.0,0.0,0.12,0.04
8,PB_FED,0.028473,0.15,0.25,0.3,0.7,0.75,0.8,0.85,0.0,0.0,0.0,0.08,0.04
8,PB_FED,0.028451,0.1,0.15,0.45,0.7,0.7,0.75,0.9,-0.5,0.0,0.0,0.08,0.05
8,PB_FED,0.028449,0.15,0.2,0.45,0.7,0.7,0.75,0.9,-0.5,0.0,0.0,0.08,0.03
8,PB_only,0.028418,0.1,0.15,0.4,0.7,0.7,0.8,0.85,0.0,0.0,0.0,0.1,0.04
8,PB_FED,0.028401,0.1,0.2,0.45,0.7,0.7,0.75,0.9,0.0,0.0,0.0,0.1,0.03
8,PB_FED,0.028399,0.15,0.2,0.3,0.7,0.7,0.8,0.95,0.0,0.0,0.0,0.08,0.04
8,PB_FED,0.028379,0.15,0.2,0.35,0.7,0.75,0.85,0.9,-0.5,0.0,0.0,0.12,0.03
8,PB_only,0.028375,0.15,0.2,0.3,0.7,0.65,0.75,0.85,0.0,0.0,0.0,0.08,0.04
8,PB_FED,0.028353,0.1,0.15,0.4,0.7,0.7,0.8,0.9,0.0,0.0,0.0,0.08,0.04
8,PB_FED,0.028337,0.1,0.25,0.35,0.7,0.7,0.75,0.95,0.0,0.0,0.0,0.1,0.05
8,PB_FED,0.028312,0.05,0.2,0.35,0.7,0.65,0.75,0.9,0.0,0.0,0.0,0.1,0.04
8,PB_only,0.028301,0.1,0.15,0.3,0.7,0.75,0.85,0.95,0.0,0.0,0.0,0.1,0.03
8,PB_only,0.028282,0.1,0.15,0.35,0.7,0.7,0.85,0.9,0.0,0.0,0.0,0.1,0.03
8,PB_only,0.02826,0.15,0.25,0.3,0.7,0.7,0.75,0.95,0.0,0.0,0.0,0.1,0.03
8,PB_only,0.028239,0.05,0.2,0.3,0.7,0.7,0.75,0.85,0.0,0.0,0.0,0.08,0.03
8,PB_only,0.02819,0.1,0.25,0.3,0.7,0.7,0.75,0.85,0.0,0.0,0.0,0.08,0.03
8,PB_only,0.028079,0.1,0.25,0.3,0.7,0.7,0.75,0.85,0.0,0.0,0.0,0.06,0.04
8,PB_FED,0.028046,0.05,0.2,0.3,0.7,0.75,0.8,0.9,0.0,0.0,0.0,0.1,0.04
8,PB_only,0.028043,0.05,0.15,0.3,0.7,0.7,0.8,0.9,0.0,0.0,0.0,0.12,0.04
8,PB_only,0.028026,0.1,0.15,0.4,0.7,0.65,0.75,0.85,0.0,0.0,0.0,0.06,0.04
8,PB_only,0.028008,0.05,0.15,0.3,0.7,0.65,0.8,0.9,0.0,0.0,0.0,0.12,0.03
8,PB_FED,0.027992,0.15,0.3,0.35,0.7,0.7,0.75,0.95,0.0,0.0,0.0,0.12,0.03
8,PB_only,0.027958,0.1,0.2,0.3,0.7,0.7,0.8,0.85,0.0,0.0,0.0,0.1,0.03
8,PB_only,0.027948,0.05,0.15,0.4,0.7,0.7,0.75,0.85,0.0,0.0,0.0,0.06,0.03
8,PB_FED,0.027919,0.05,0.25,0.3,0.7,0.7,0.75,0.95,-0.5,0.0,0.0,0.06,0.05
8,PB_only,0.027889,0.1,0.25,0.3,0.7,0.7,0.75,0.9,0.0,0.0,0.0,0.1,0.04
8,PB_only,0.027873,0.15,0.2,0.3,0.7,0.7,0.75,0.85,0.0,0.0,0.0,0.12,0.05
8,PB_FED,0.027819,0.05,0.2,0.3,0.7,0.65,0.8,0.9,0.0,0.0,0.0,0.06,0.04
8,PB_only,0.027814,0.15,0.25,0.3,0.7,0.65,0.75,0.85,0.0,0.0,0.0,0.12,0.03
8,PB_only,0.027807,0.1,0.15,0.4,0.7,0.7,0.85,0.9,0.0,0.0,0.0,0.08,0.03
8,PB_only,0.027807,0.1,0.15,0.4,0.7,0.7,0.85,0.9,0.0,0.0,0.0,0.1,0.03
8,PB_only,0.027803,0.15,0.2,0.3,0.7,0.75,0.8,0.95,0.0,0.0,0.0,0.08,0.03
8,PB_only,0.027786,0.1,0.15,0.35,0.7,0.65,0.85,0.9,0.0,0.0,0.0,0.06,0.03
8,PB_FED,0.027724,0.05,0.2,0.35,0.7,0.65,0.75,0.95,-0.5,0.0,0.0,0.12,0.05
8,PB_only,0.027714,0.15,0.25,0.35,0.7,0.7,0.75,0.9,0.0,0.0,0.0,0.1,0.03
8,PB_FED,0.027712,0.1,0.2,0.4,0.7,0.65,0.8,0.85,0.0,0.0,0.0,0.12,0.04
8,PB_only,0.027684,0.05,0.2,0.3,0.7,0.65,0.75,0.85,0.0,0.0,0.0,0.08,0.04
8,PB_FED,0.027632,0.05,0.25,0.3,0.7,0.7,0.75,0.9,-0.5,0.0,0.0,0.08,0.05
8,PB_FED,0.027582,0.2,0.25,0.3,0.65,0.7,0.75,0.95,0.0,0.0,0.0,0.08,0.03
8,PB_only,0.027581,0.1,0.15,0.3,0.7,0.65,0.85,0.9,0.0,0.0,0.0,0.06,0.04
8,PB_FED,0.027561,0.15,0.2,0.4,0.7,0.7,0.75,0.85,0.0,0.0,0.0,0.06,0.05
8,PB_only,0.027519,0.15,0.2,0.35,0.7,0.75,0.85,0.9,0.0,0.0,0.0,0.06,0.03
8,PB_only,0.02751,0.15,0.25,0.35,0.7,0.7,0.8,0.85,0.0,0.0,0.0,0.1,0.04
8,PB_only,0.027498,0.15,0.25,0.3,0.7,0.7,0.85,0.9,0.0,0.0,0.0,0.1,0.03
8,PB_FED,0.027485,0.05,0.25,0.3,0.7,0.7,0.8,0.9,-0.5,0.0,0.0,0.06,0.03
8,PB_FED,0.027458,0.1,0.25,0.35,0.7,0.75,0.85,0.9,-0.5,0.0,0.0,0.12,0.03
8,PB_only,0.027401,0.1,0.2,0.35,0.7,0.75,0.85,0.9,0.0,0.0,0.0,0.08,0.03
8,PB_FED,0.027401,0.1,0.15,0.3,0.65,0.75,0.8,0.9,0.0,0.0,0.0,0.08,0.05
8,PB_only,0.027374,0.05,0.2,0.35,0.7,0.75,0.8,0.85,0.0,0.0,0.0,0.12,0.03
8,PB_FED,0.027363,0.15,0.2,0.3,0.65,0.65,0.8,0.85,-0.5,0.0,0.0,0.12,0.04
8,PB_only,0.027356,0.1,0.25,0.35,0.7,0.7,0.8,0.85,0.0,0.0,0.0,0.1,0.04
8,PB_FED,0.027355,0.05,0.2,0.45,0.7,0.7,0.75,0.9,-0.5,0.0,0.0,0.08,0.03
8,PB_FED,0.027328,0.1,0.15,0.3,0.65,0.65,0.8,0.95,-0.5,0.0,0.0,0.1,0.03
8,PB_only,0.027305,0.1,0.15,0.4,0.7,0.65,0.85,0.9,0.0,0.0,0.0,0.12,0.03
8,PB_FED,0.027286,0.15,0.25,0.4,0.7,0.75,0.8,0.85,0.0,0.0,0.0,0.08,0.04
8,PB_only,0.027274,0.1,0.25,0.3,0.7,0.7,0.75,0.95,0.0,0.0,0.0,0.06,0.04
8,PB_only,0.027258,0.15,0.25,0.4,0.7,0.7,0.75,0.85,0.0,0.0,0.0,0.1,0.03
8,PB_FED,0.027212,0.1,0.2,0.45,0.7,0.65,0.75,0.9,-0.5,0.0,0.0,0.06,0.05
8,PB_only,0.027187,0.1,0.15,0.45,0.7,0.75,0.8,0.9,0.0,0.0,0.0,0.12,0.03
8,PB_FED,0.027177,0.1,0.15,0.3,0.65,0.7,0.8,0.85,-0.5,0.0,0.0,0.12,0.05
8,PB_only,0.027171,0.1,0.15,0.45,0.7,0.65,0.8,0.85,0.0,0.0,0.0,0.1,0.04
8,PB_FED,0.027167,0.1,0.2,0.45,0.7,0.7,0.8,0.9,0.0,0.0,0.0,0.06,0.03
8,PB_only,0.027159,0.1,0.25,0.4,0.7,0.7,0.75,0.9,0.0,0.0,0.0,0.08,0.03
8,PB_FED,0.027146,0.05,0.15,0.35,0.7,0.7,0.85,0.95,-0.5,0.0,0.0,0.06,0.04
8,PB_only,0.027135,0.1,0.2,0.4,0.7,0.65,0.75,0.85,0.0,0.0,0.0,0.12,0.04
8,PB_only,0.02712,0.05,0.15,0.35,0.7,0.65,0.75,0.9,0.0,0.0,0.0,0.1,0.05
8,PB_FED,0.027112,0.15,0.25,0.45,0.7,0.7,0.75,0.85,0.0,0.0,0.0,0.12,0.04
8,PB_only,0.027096,0.15,0.2,0.4,0.7,0.65,0.75,0.9,0.0,0.0,0.0,0.1,0.04
8,PB_only,0.027094,0.15,0.25,0.4,0.7,0.7,0.8,0.85,0.0,0.0,0.0,0.12,0.04
8,PB_FED,0.027083,0.1,0.2,0.3,0.65,0.75,0.85,0.9,0.0,0.0,0.0,0.06,0.03
8,PB_only,0.027072,0.1,0.25,0.3,0.7,0.7,0.75,0.85,0.0,0.0,0.0,0.1,0.05
8,PB_only,0.027057,0.05,0.15,0.35,0.7,0.65,0.75,0.95,0.0,0.0,0.0,0.12,0.05
8,PB_only,0.027038,0.15,0.2,0.4,0.7,0.7,0.75,0.95,0.0,0.0,0.0,0.12,0.05
8,PB_only,0.027008,0.05,0.15,0.45,0.7,0.7,0.8,0.85,0.0,0.0,0.0,0.08,0.04
8,PB_only,0.026995,0.1,0.2,0.35,0.7,0.65,0.8,0.9,0.0,0.0,0.0,0.06,0.03
8,PB_only,0.026995,0.1,0.2,0.35,0.7,0.65,0.8,0.9,0.0,0.0,0.0,0.1,0.03
8,PB_only,0.026976,0.05,0.15,0.4,0.7,0.7,0.8,0.85,0.0,0.0,0.0,0.08,0.03
8,PB_only,0.026961,0.15,0.2,0.4,0.7,0.7,0.8,0.85,0.0,0.0,0.0,0.12,0.03
8,PB_FED,0.026955,0.05,0.15,0.3,0.6,0.7,0.75,0.85,0.0,0.0,0.0,0.08,0.04
8,PB_only,0.026943,0.05,0.15,0.45,0.7,0.7,0.75,0.9,0.0,0.0,0.0,0.06,0.04
8,PB_FED,0.026936,0.2,0.25,0.4,0.7,0.65,0.75,0.95,0.0,0.0,0.0,0.06,0.03
8,PB_only,0.026927,0.1,0.15,0.35,0.7,0.7,0.8,0.95,0.0,0.0,0.0,0.12,0.05
8,PB_FED,0.026925,0.05,0.2,0.3,0.7,0.75,0.85,0.95,0.0,0.0,0.0,0.08,0.04
8,PB_only,0.026923,0.05,0.2,0.3,0.7,0.65,0.85,0.9,0.0,0.0,0.0,0.06,0.03
8,PB_FED,0.026905,0.1,0.2,0.3,0.65,0.65,0.8,0.95,0.0,0.0,0.0,0.06,0.03
8,PB_only,0.026888,0.1,0.2,0.35,0.7,0.65,0.85,0.9,0.0,0.0,0.0,0.12,0.03
8,PB_FED,0.026885,0.15,0.3,0.45,0.7,0.7,0.75,0.95,-0.5,0.0,0.0,0.06,0.03
8,PB_FED,0.026856,0.1,0.15,0.35,0.65,0.65,0.8,0.85,-0.5,0.0,0.0,0.08,0.03
8,PB_only,0.026842,0.05,0.2,0.4,0.7,0.7,0.8,0.85,0.0,0.0,0.0,0.1,0.04
8,PB_FED,0.026833,0.05,0.2,0.45,0.7,0.7,0.8,0.85,-0.5,0.0,0.0,0.06,0.04
8,PB_FED,0.026832,0.1,0.25,0.3,0.7,0.75,0.85,0.95,-0.5,0.0,0.0,0.1,0.05
6,PB_only,0.026826,0.1,0.15,0.3,0.7,0.65,0.75,0.85,0.0,0.0,0.0,0.06,0.03
8,PB_only,0.026822,0.15,0.2,0.35,0.7,0.7,0.85,0.95,0.0,0.0,0.0,0.12,0.03
6,PB_only,0.026819,0.1,0.15,0.3,0.7,0.7,0.75,0.95,0.0,0.0,0.0,0.06,0.05
8,PB_only,0.026803,0.1,0.25,0.35,0.7,0.65,0.8,0.85,0.0,0.0,0.0,0.1,0.04
8,PB_only,0.026791,0.1,0.15,0.3,0.65,0.65,0.8,0.85,0.0,0.0,0.0,0.12,0.04
8,PB_FED,0.026788,0.1,0.3,0.35,0.7,0.75,0.8,0.85,-0.5,0.0,0.0,0.06,0.04
8,PB_FED,0.026776,0.1,0.15,0.3,0.65,0.75,0.85,0.95,0.0,0.0,0.0,0.1,0.04
8,PB_FED,0.026752,0.15,0.3,0.4,0.7,0.7,0.75,0.9,0.0,0.0,0.0,0.1,0.04
8,PB_FED,0.026746,0.1,0.15,0.3,0.6,0.7,0.8,0.85,0.0,0.0,0.0,0.06,0.04
8,PB_only,0.026726,0.05,0.25,0.35,0.7,0.7,0.75,0.85,0.0,0.0,0.0,0.06,0.04
8,PB_FED,0.026711,0.15,0.25,0.3,0.65,0.7,0.8,0.95,0.0,0.0,0.0,0.12,0.03
8,PB_only,0.026709,0.1,0.2,0.35,0.7,0.7,0.85,0.95,0.0,0.0,0.0,0.08,0.03
8,PB_FED,0.026693,0.1,0.25,0.35,0.7,0.65,0.75,0.85,-0.5,0.0,0.0,0.06,0.05
8,PB_only,0.026678,0.05,0.25,0.3,0.7,0.75,0.85,0.9,0.0,0.0,0.0,0.12,0.03
8,PB_only,0.026666,0.1,0.2,0.45,0.7,0.65,0.75,0.9,0.0,0.0,0.0,0.1,0.03
8,PB_FED,0.026653,0.2,0.25,0.4,0.7,0.75,0.8,0.9,-0.5,0.0,0.0,0.12,0.03
8,PB_only,0.026627,0.2,0.25,0.3,0.7,0.7,0.75,0.95,0.0,0.0,0.0,0.08,0.04
8,PB_only,0.026614,0.1,0.25,0.4,0.7,0.65,0.75,0.85,0.0,0.0,0.0,0.1,0.03
8,PB_only,0.026608,0.05,0.15,0.3,0.7,0.75,0.85,0.95,0.0,0.0,0.0,0.06,0.04
8,PB_FED,0.026605,0.15,0.25,0.35,0.7,0.65,0.8,0.95,-0.5,0.0,0.0,0.08,0.03
8,PB_FED,0.02659,0.05,0.2,0.3,0.65,0.75,0.8,0.85,-0.5,0.0,0.0,0.12,0.03
8,PB_only,0.026556,0.1,0.15,0.35,0.7,0.75,0.8,0.85,0.0,0.0,0.0,0.08,0.05
8,PB_only,0.026553,0.05,0.2,0.35,0.7,0.7,0.8,0.85,0.0,0.0,0.0,0.1,0.03
8,PB_only,0.026523,0.15,0.25,0.4,0.7,0.65,0.8,0.85,0.0,0.0,0.0,0.1,0.04
8,PB_FED,0.02652,0.15,0.25,0.3,0.65,0.7,0.75,0.95,-0.5,0.0,0.0,0.1,0.04
8,PB_FED,0.026519,0.15,0.2,0.4,0.7,0.75,0.85,0.95,0.0,0.0,0.0,0.06,0.05
8,PB_only,0.026514,0.1,0.2,0.35,0.7,0.75,0.85,0.9,0.0,0.0,0.0,0.1,0.04
8,PB_only,0.02651,0.1,0.15,0.4,0.7,0.75,0.8,0.95,0.0,0.0,0.0,0.1,0.04
8,PB_only,0.026492,0.1,0.15,0.35,0.7,0.75,0.85,0.95,0.0,0.0,0.0,0.06,0.05
8,PB_FED,0.026484,0.1,0.25,0.35,0.7,0.65,0.75,0.85,0.0,0.0,0.0,0.06,0.05
8,PB_FED,0.026481,0.1,0.2,0.3,0.65,0.75,0.8,0.9,0.0,0.0,0.0,0.12,0.05
8,PB_FED,0.026463,0.05,0.15,0.35,0.7,0.65,0.8,0.95,-0.5,0.0,0.0,0.12,0.04
8,PB_only,0.026455,0.05,0.2,0.3,0.7,0.65,0.75,0.85,0.0,0.0,0.0,0.08,0.05
8,PB_FED,0.026445,0.05,0.15,0.3,0.65,0.65,0.8,0.85,0.0,0.0,0.0,0.08,0.05
8,PB_FED,0.02644,0.1,0.2,0.35,0.7,0.65,0.85,0.95,0.0,0.0,0.0,0.08,0.05
8,PB_FED,0.02643,0.1,0.15,0.45,0.7,0.65,0.85,0.9,-0.5,0.0,0.0,0.12,0.05
8,PB_FED,0.026416,0.1,0.25,0.45,0.7,0.65,0.75,0.9,0.0,0.0,0.0,0.1,0.05
8,PB_FED,0.026416,0.1,0.25,0.3,0.65,0.65,0.8,0.85,-0.5,0.0,0.0,0.08,0.04
8,PB_FED,0.026402,0.15,0.25,0.35,0.7,0.65,0.85,0.9,-0.5,0.0,0.0,0.08,0.04
8,PB_FED,0.026388,0.1,0.2,0.3,0.65,0.75,0.85,0.95,-0.5,0.0,0.0,0.06,0.03
8,PB_only,0.026379,0.1,0.15,0.4,0.7,0.75,0.85,0.9,0.0,0.0,0.0,0.06,0.05
8,PB_only,0.026372,0.1,0.2,0.35,0.7,0.75,0.8,0.9,0.0,0.0,0.0,0.1,0.05
8,PB_FED,0.026369,0.15,0.25,0.4,0.65,0.7,0.75,0.9,0.0,0.0,0.0,0.06,0.04
8,PB_FED,0.026356,0.05,0.15,0.35,0.6,0.65,0.75,0.9,0.0,0.0,0.0,0.06,0.04
8,PB_FED,0.026352,0.05,0.15,0.3,0.65,0.65,0.85,0.95,0.0,0.0,0.0,0.06,0.03
8,PB_only,0.026339,0.1,0.25,0.3,0.7,0.65,0.75,0.85,0.0,0.0,0.0,0.08,0.05
8,PB_FED,0.026334,0.05,0.25,0.4,0.7,0.75,0.8,0.95,0.0,0.0,0.0,0.1,0.03
8,PB_FED,0.026303,0.1,0.25,0.45,0.7,0.7,0.8,0.9,0.0,0.0,0.0,0.12,0.03
8,PB_FED,0.0263,0.1,0.25,0.3,0.65,0.65,0.75,0.9,-0.5,0.0,0.0,0.12,0.05
8,PB_only,0.026291,0.05,0.2,0.35,0.7,0.65,0.8,0.9,0.0,0.0,0.0,0.12,0.03
8,PB_FED,0.026283,0.05,0.15,0.35,0.6,0.7,0.75,0.9,0.0,0.0,0.0,0.06,0.04
8,PB_FED,0.026243,0.1,0.15,0.35,0.65,0.7,0.8,0.95,-0.5,0.0,0.0,0.08,0.04
8,PB_FED,0.026236,0.1,0.25,0.4,0.65,0.7,0.75,0.9,0.0,0.0,0.0,0.06,0.04
8,PB_only,0.026235,0.1,0.2,0.45,0.7,0.7,0.75,0.95,0.0,0.0,0.0,0.08,0.04
8,PB_only,0.02623,0.05,0.15,0.4,0.7,0.7,0.85,0.9,0.0,0.0,0.0,0.12,0.04
8,PB_only,0.026219,0.15,0.3,0.35,0.7,0.7,0.75,0.9,0.0,0.0,0.0,0.12,0.04
8,PB_FED,0.026213,0.2,0.3,0.35,0.7,0.75,0.8,0.85,-0.5,0.0,0.0,0.08,0.03
8,PB_only,0.026209,0.15,0.2,0.4,0.7,0.75,0.85,0.9,0.0,0.0,0.0,0.08,0.04
8,PB_FED,0.026199,0.2,0.25,0.35,0.65,0.65,0.75,0.9,0.0,0.0,0.0,0.12,0.04
6,PB_only,0.026196,0.1,0.15,0.3,0.7,0.65,0.75,0.85,0.0,0.0,0.0,0.06,0.04
8,PE_FED,0.026192,0.1,0.15,0.3,0.7,0.65,0.75,0.95,0.0,0.0,0.0,0.1,0.03
8,PB_FED,0.026192,0.15,0.25,0.4,0.65,0.65,0.75,0.85,0.0,0.0,0.0,0.08,0.03
6,PB_only,0.026183,0.1,0.15,0.4,0.7,0.7,0.75,0.9,0.0,0.0,0.0,0.08,0.03
8,PB_only,0.02618,0.1,0.15,0.3,0.65,0.7,0.75,0.95,0.0,0.0,0.0,0.12,0.05
8,PB_only,0.026164,0.15,0.2,0.3,0.7,0.65,0.85,0.9,0.0,0.0,0.0,0.12,0.05
6,PB_only,0.026163,0.05,0.15,0.3,0.7,0.65,0.75,0.9,0.0,0.0,0.0,0.08,0.04
8,PB_only,0.026134,0.1,0.3,0.35,0.7,0.7,0.8,0.85,0.0,0.0,0.0,0.1,0.04
8,PB_FED,0.026134,0.15,0.3,0.45,0.7,0.7,0.75,0.85,-0.5,0.0,0.0,0.12,0.03
8,PB_FED,0.026126,0.1,0.25,0.3,0.65,0.65,0.85,0.9,0.0,0.0,0.0,0.06,0.03
8,PB_FED,0.026115,0.05,0.15,0.4,0.65,0.65,0.75,0.95,0.0,0.0,0.0,0.08,0.04
8,PB_FED,0.026107,0.05,0.2,0.35,0.7,0.7,0.85,0.95,-0.5,0.0,0.0,0.12,0.05
8,PB_only,0.026102,0.05,0.15,0.4,0.7,0.7,0.8,0.9,0.0,0.0,0.0,0.08,0.05
8,PB_FED,0.026102,0.1,0.15,0.4,0.65,0.7,0.8,0.95,0.0,0.0,0.0,0.1,0.05
6,PB_only,0.026101,0.1,0.15,0.35,0.7,0.7,0.75,0.85,0.0,0.0,0.0,0.08,0.03
8,PB_only,0.026095,0.2,0.25,0.4,0.7,0.65,0.75,0.9,0.0,0.0,0.0,0.08,0.03
8,PB_only,0.026088,0.05,0.2,0.45,0.7,0.7,0.75,0.9,0.0,0.0,0.0,0.1,0.04
8,PB_FED,0.026084,0.2,0.25,0.45,0.7,0.7,0.8,0.95,-0.5,0.0,0.0,0.12,0.03
8,PB_FED,0.026082,0.2,0.25,0.4,0.65,0.65,0.75,0.9,0.0,0.0,0.0,0.1,0.03
6,PB_only,0.026079,0.15,0.2,0.3,0.7,0.65,0.75,0.9,0.0,0.0,0.0,0.12,0.03
8,PB_only,0.026067,0.1,0.25,0.35,0.7,0.65,0.75,0.95,0.0,0.0,0.0,0.08,0.05
8,PB_only,0.026049,0.15,0.2,0.3,0.7,0.65,0.85,0.95,0.0,0.0,0.0,0.06,0.03
8,PB_only,0.026036,0.2,0.25,0.4,0.7,0.65,0.75,0.85,0.0,0.0,0.0,0.12,0.03
8,PB_only,0.026012,0.15,0.2,0.45,0.7,0.7,0.8,0.85,0.0,0.0,0.0,0.08,0.05
8,PB_FED,0.026004,0.15,0.2,0.4,0.7,0.65,0.8,0.95,-0.5,0.0,0.0,0.1,0.04
8,PB_FED,0.025997,0.15,0.25,0.35,0.7,0.65,0.85,0.9,0.0,0.0,0.0,0.12,0.04
8,PB_only,0.025982,0.05,0.15,0.45,0.7,0.65,0.8,0.9,0.0,0.0,0.0,0.12,0.03
8,PB_only,0.02598,0.05,0.2,0.35,0.7,0.7,0.85,0.95,0.0,0.0,0.0,0.1,0.03
8,PB_FED,0.02596,0.15,0.2,0.3,0.65,0.75,0.8,0.9,-0.5,0.0,0.0,0.12,0.05
8,PB_FED,0.02594,0.15,0.25,0.4,0.7,0.75,0.85,0.95,-0.5,0.0,0.0,0.08,0.04
8,PB_FED,0.025935,0.1,0.2,0.4,0.7,0.65,0.8,0.95,-0.5,0.0,0.0,0.1,0.04
8,PB_FED,0.02593,0.1,0.2,0.3,0.6,0.65,0.8,0.9,0.0,0.0,0.0,0.1,0.03
8,PB_only,0.025927,0.15,0.2,0.45,0.7,0.65,0.85,0.9,0.0,0.0,0.0,0.06,0.03
8,PB_FED,0.025922,0.15,0.25,0.4,0.7,0.65,0.8,0.95,-0.5,0.0,0.0,0.1,0.05
6,PB_only,0.025909,0.1,0.15,0.35,0.7,0.7,0.75,0.9,0.0,0.0,0.0,0.08,0.05
8,PB_FED,0.02588,0.1,0.25,0.4,0.7,0.7,0.8,0.85,0.0,0.0,0.0,0.08,0.05
8,PB_FED,0.025876,0.05,0.25,0.4,0.7,0.75,0.85,0.95,-0.5,0.0,0.0,0.06,0.03
8,PB_FED,0.025862,0.1,0.25,0.35,0.65,0.65,0.8,0.9,0.0,0.0,0.0,0.08,0.03
8,PB_only,0.025854,0.15,0.2,0.4,0.7,0.65,0.8,0.85,0.0,0.0,0.0,0.06,0.05
8,PB_only,0.025841,0.2,0.3,0.35,0.7,0.7,0.75,0.85,0.0,0.0,0.0,0.06,0.03
8,PB_only,0.025841,0.2,0.3,0.35,0.7,0.7,0.75,0.85,0.0,0.0,0.0,0.12,0.03
8,PB_only,0.025823,0.05,0.15,0.35,0.7,0.75,0.85,0.95,0.0,0.0,0.0,0.12,0.05
8,PB_only,0.025811,0.1,0.15,0.4,0.65,0.65,0.75,0.85,0.0,0.0,0.0,0.06,0.04
8,PB_only,0.0258,0.15,0.2,0.35,0.7,0.75,0.8,0.85,0.0,0.0,0.0,0.1,0.05
8,PB_FED,0.0258,0.05,0.2,0.3,0.65,0.65,0.8,0.85,-0.5,0.0,0.0,0.1,0.03
8,PB_only,0.025792,0.1,0.15,0.3,0.65,0.7,0.8,0.95,0.0,0.0,0.0,0.12,0.03
8,PB_only,0.025778,0.15,0.25,0.3,0.7,0.65,0.8,0.95,0.0,0.0,0.0,0.1,0.03
8,PB_FED,0.025772,0.05,0.25,0.45,0.7,0.7,0.75,0.9,0.0,0.0,0.0,0.06,0.05
8,PB_only,0.025743,0.15,0.2,0.35,0.7,0.75,0.85,0.95,0.0,0.0,0.0,0.08,0.05
8,PB_only,0.02574,0.2,0.3,0.35,0.7,0.7,0.75,0.85,0.0,0.0,0.0,0.06,0.04
8,PB_FED,0.025725,0.15,0.25,0.35,0.65,0.75,0.8,0.85,-0.5,0.0,0.0,0.06,0.03
8,PB_FED,0.02572,0.15,0.3,0.45,0.7,0.65,0.75,0.85,-0.5,0.0,0.0,0.12,0.04
8,PB_only,0.025712,0.05,0.2,0.4,0.7,0.65,0.85,0.9,0.0,0.0,0.0,0.06,0.03
8,PB_only,0.025712,0.05,0.2,0.4,0.7,0.65,0.85,0.9,0.0,0.0,0.0,0.12,0.03
8,PB_only,0.025711,0.05,0.15,0.4,0.7,0.65,0.85,0.9,0.0,0.0,0.0,0.1,0.04
6,PB_only,0.025701,0.05,0.15,0.35,0.7,0.65,0.75,0.85,0.0,0.0,0.0,0.12,0.03
8,PB_only,0.025692,0.05,0.15,0.35,0.65,0.7,0.75,0.85,0.0,0.0,0.0,0.1,0.04
8,PB_only,0.025681,0.05,0.2,0.3,0.7,0.75,0.8,0.85,0.0,0.0,0.0,0.1,0.05
8,PB_FED,0.025681,0.15,0.25,0.3,0.7,0.65,0.85,0.95,-0.5,0.0,0.0,0.1,0.04
8,PB_FED,0.025672,0.05,0.15,0.3,0.6,0.7,0.75,0.85,0.0,0.0,0.0,0.1,0.05
8,PB_FED,0.025658,0.15,0.2,0.3,0.65,0.75,0.85,0.9,0.0,0.0,0.0,0.06,0.05
6,PB_only,0.025657,0.05,0.2,0.35,0.7,0.7,0.75,0.95,0.0,0.0,0.0,0.06,0.03
6,PB_only,0.025657,0.05,0.2,0.35,0.7,0.7,0.75,0.95,0.0,0.0,0.0,0.12,0.03
8,PB_only,0.025649,0.05,0.25,0.4,0.7,0.7,0.8,0.9,0.0,0.0,0.0,0.1,0.03
8,PB_only,0.025644,0.05,0.15,0.3,0.65,0.65,0.8,0.85,0.0,0.0,0.0,0.08,0.03
8,PB_FED,0.025628,0.05,0.15,0.3,0.7,0.7,0.75,0.95,0.5,0.0,0.0,0.1,0.03
6,PB_only,0.02562,0.1,0.15,0.35,0.7,0.75,0.8,0.85,0.0,0.0,0.0,0.06,0.03
8,PB_only,0.025619,0.1,0.2,0.4,0.7,0.75,0.8,0.95,0.0,0.0,0.0,0.08,0.05
8,PB_FED,0.025616,0.1,0.2,0.4,0.65,0.65,0.8,0.95,0.0,0.0,0.0,0.1,0.03
8,PB_only,0.025599,0.05,0.2,0.3,0.7,0.75,0.85,0.95,0.0,0.0,0.0,0.1,0.05
8,PE_FED,0.025575,0.05,0.15,0.3,0.65,0.75,0.8,0.95,0.0,0.0,0.0,0.1,0.04
8,PB_only,0.025573,0.1,0.25,0.3,0.7,0.75,0.85,0.95,0.0,0.0,0.0,0.08,0.05
8,PB_FED,0.025559,0.2,0.3,0.35,0.7,0.7,0.8,0.9,-0.5,0.0,0.0,0.12,0.04
8,PB_FED,0.025551,0.2,0.25,0.45,0.7,0.7,0.85,0.95,0.0,0.0,0.0,0.1,0.03
8,PB_FED,0.025551,0.2,0.25,0.45,0.7,0.75,0.85,0.95,0.0,0.0,0.0,0.1,0.03
8,PB_only,0.025542,0.15,0.25,0.45,0.7,0.7,0.8,0.95,0.0,0.0,0.0,0.1,0.03
8,PB_only,0.025537,0.1,0.25,0.3,0.65,0.65,0.75,0.85,0.0,0.0,0.0,0.08,0.03
8,PB_FED,0.025533,0.1,0.2,0.45,0.6,0.7,0.75,0.95,0.0,0.0,0.0,0.08,0.03
8,PB_only,0.025529,0.05,0.2,0.3,0.65,0.65,0.75,0.85,0.0,0.0,0.0,0.12,0.04
8,PB_FED,0.025525,0.05,0.2,0.4,0.7,0.7,0.85,0.95,0.0,0.0,0.0,0.1,0.05
8,PB_FED,0.025523,0.1,0.2,0.4,0.6,0.7,0.75,0.9,0.0,0.0,0.0,0.08,0.04
8,PB_FED,0.025512,0.15,0.3,0.35,0.7,0.7,0.85,0.9,-0.5,0.0,0.0,0.08,0.04
8,PB_only,0.025503,0.05,0.2,0.35,0.7,0.65,0.8,0.85,0.0,0.0,0.0,0.06,0.05
8,PE_FED,0.025497,0.1,0.15,0.3,0.65,0.75,0.8,0.95,0.0,0.0,0.0,0.06,0.05
8,PB_FED,0.025497,0.2,0.25,0.35,0.65,0.7,0.75,0.9,0.0,0.0,0.0,0.06,0.05
8,PB_FED,0.025483,0.15,0.25,0.35,0.6,0.7,0.75,0.9,0.0,0.0,0.0,0.06,0.03
8,PB_only,0.025466,0.2,0.3,0.4,0.7,0.7,0.75,0.85,0.0,0.0,0.0,0.08,0.03
8,PB_FED,0.025461,0.1,0.25,0.3,0.65,0.65,0.75,0.85,-0.5,0.0,0.0,0.08,0.05
8,PB_only,0.02546,0.15,0.2,0.3,0.65,0.65,0.8,0.9,0.0,0.0,0.0,0.12,0.03
8,PB_only,0.025447,0.05,0.2,0.3,0.7,0.65,0.8,0.95,0.0,0.0,0.0,0.1,0.05
6,PB_only,0.025442,0.15,0.2,0.35,0.7,0.7,0.75,0.95,0.0,0.0,0.0,0.08,0.04
6,PB_only,0.025441,0.1,0.2,0.35,0.7,0.7,0.75,0.95,0.0,0.0,0.0,0.06,0.05
8,PB_FED,0.025433,0.1,0.15,0.35,0.6,0.75,0.8,0.9,0.0,0.0,0.0,0.06,0.04
8,PB_FED,0.025418,0.2,0.3,0.35,0.7,0.75,0.85,0.95,-0.5,0.0,0.0,0.06,0.03
8,PB_only,0.025397,0.05,0.2,0.4,0.7,0.65,0.8,0.9,0.0,0.0,0.0,0.1,0.04
8,PB_only,0.025376,0.1,0.15,0.45,0.7,0.75,0.85,0.95,0.0,0.0,0.0,0.08,0.04
8,PB_only,0.025371,0.1,0.25,0.45,0.7,0.7,0.75,0.85,0.0,0.0,0.0,0.12,0.05
8,PB_FED,0.025361,0.1,0.2,0.3,0.65,0.65,0.85,0.9,-0.5,0.0,0.0,0.1,0.05
6,PB_only,0.025346,0.15,0.2,0.35,0.7,0.7,0.75,0.85,0.0,0.0,0.0,0.1,0.04
6,PB_only,0.025331,0.1,0.25,0.3,0.7,0.7,0.75,0.95,0.0,0.0,0.0,0.06,0.05
6,PB_only,0.025329,0.15,0.25,0.3,0.7,0.7,0.75,0.85,0.0,0.0,0.0,0.08,0.03
8,PB_only,0.025312,0.05,0.2,0.3,0.65,0.7,0.75,0.9,0.0,0.0,0.0,0.06,0.04
8,PB_FED,0.025302,0.2,0.25,0.35,0.65,0.75,0.8,0.95,0.0,0.0,0.0,0.06,0.03
8,PB_FED,0.025297,0.1,0.25,0.4,0.7,0.65,0.85,0.95,-0.5,0.0,0.0,0.12,0.05
8,PB_only,0.025293,0.2,0.25,0.35,0.7,0.75,0.85,0.9,0.0,0.0,0.0,0.1,0.04
8,PB_FED,0.025293,0.1,0.25,0.4,0.7,0.7,0.85,0.9,0.0,0.0,0.0,0.1,0.05
6,PB_only,0.025282,0.1,0.15,0.35,0.7,0.65,0.8,0.9,0.0,0.0,0.0,0.06,0.03
8,PB_only,0.02528,0.1,0.2,0.35,0.65,0.7,0.75,0.85,0.0,0.0,0.0,0.06,0.04
8,PB_only,0.025271,0.2,0.25,0.3,0.7,0.65,0.85,0.9,0.0,0.0,0.0,0.06,0.04
8,PB_FED,0.025268,0.1,0.2,0.45,0.65,0.65,0.75,0.9,-0.5,0.0,0.0,0.1,0.05
8,PB_FED,0.025262,0.2,0.25,0.35,0.65,0.75,0.8,0.85,0.0,0.0,0.0,0.12,0.03
8,PB_only,0.025259,0.1,0.3,0.4,0.7,0.65,0.75,0.85,0.0,0.0,0.0,0.08,0.04
8,PB_FED,0.025252,0.15,0.3,0.4,0.7,0.7,0.8,0.95,-0.5,0.0,0.0,0.06,0.04
8,PB_only,0.025249,0.1,0.25,0.45,0.7,0.65,0.8,0.9,0.0,0.0,0.0,0.1,0.03
8,PB_only,0.025248,0.05,0.2,0.4,0.7,0.65,0.75,0.85,0.0,0.0,0.0,0.08,0.05
8,PB_FED,0.025232,0.15,0.2,0.45,0.7,0.65,0.85,0.9,0.0,0.0,0.0,0.12,0.05
8,PB_only,0.025217,0.1,0.3,0.4,0.7,0.75,0.8,0.9,0.0,0.0,0.0,0.1,0.03
8,PB_FED,0.025216,0.1,0.2,0.4,0.65,0.65,0.8,0.9,0.0,0.0,0.0,0.06,0.05
8,PB_FED,0.025213,0.2,0.25,0.4,0.7,0.65,0.85,0.9,-0.5,0.0,0.0,0.1,0.04
8,PB_FED,0.025213,0.1,0.25,0.3,0.6,0.7,0.75,0.9,0.0,0.0,0.0,0.12,0.05
8,PB_FED,0.02521,0.15,0.25,0.35,0.7,0.75,0.8,0.85,0.0,0.0,0.0,0.12,0.05
8,PB_FED,0.025194,0.1,0.3,0.35,0.7,0.7,0.8,0.85,0.0,0.0,0.0,0.08,0.03
8,PB_FED,0.02518,0.1,0.15,0.45,0.7,0.65,0.85,0.95,0.0,0.0,0.0,0.06,0.04
8,PB_only,0.025173,0.15,0.25,0.4,0.7,0.7,0.8,0.95,0.0,0.0,0.0,0.08,0.04
8,PB_only,0.025168,0.2,0.3,0.35,0.7,0.7,0.8,0.9,0.0,0.0,0.0,0.06,0.03
8,PB_only,0.025168,0.2,0.3,0.35,0.7,0.75,0.8,0.9,0.0,0.0,0.0,0.06,0.03
8,PB_only,0.025142,0.1,0.15,0.45,0.7,0.65,0.8,0.95,0.0,0.0,0.0,0.08,0.05
8,PB_FED,0.025122,0.15,0.3,0.4,0.7,0.75,0.85,0.9,-0.5,0.0,0.0,0.08,0.04
6,PB_only,0.025108,0.1,0.2,0.3,0.7,0.7,0.75,0.85,0.0,0.0,0.0,0.1,0.05
8,PB_FED,0.025104,0.1,0.15,0.4,0.65,0.65,0.85,0.9,-0.5,0.0,0.0,0.12,0.05
8,PB_only,0.025092,0.15,0.2,0.35,0.7,0.65,0.85,0.95,0.0,0.0,0.0,0.06,0.05
6,PB_only,0.02509,0.05,0.15,0.35,0.7,0.7,0.8,0.85,0.0,0.0,0.0,0.08,0.04
8,PB_only,0.025089,0.05,0.2,0.45,0.7,0.7,0.8,0.85,0.0,0.0,0.0,0.08,0.05
8,PB_FED,0.02508,0.1,0.15,0.3,0.6,0.7,0.8,0.9,-0.5,0.0,0.0,0.1,0.04
8,PB_only,0.025073,0.1,0.15,0.3,0.65,0.65,0.8,0.95,0.0,0.0,0.0,0.08,0.03
8,PB_FED,0.025071,0.1,0.25,0.35,0.7,0.75,0.8,0.85,0.0,0.0,0.0,0.12,0.05
8,PB_only,0.02507,0.1,0.15,0.35,0.65,0.75,0.8,0.9,0.0,0.0,0.0,0.08,0.04
6,PB_only,0.025069,0.1,0.15,0.35,0.7,0.65,0.8,0.85,0.0,0.0,0.0,0.12,0.04
8,PB_FED,0.025049,0.15,0.2,0.3,0.7,0.7,0.75,0.95,0.5,0.0,0.0,0.06,0.03
8,PB_FED,0.025048,0.05,0.2,0.45,0.7,0.65,0.85,0.9,-0.5,0.0,0.0,0.06,0.04
8,PE_FED,0.025036,0.1,0.15,0.35,0.65,0.7,0.8,0.95,0.0,0.0,0.0,0.12,0.05
6,PB_only,0.025031,0.1,0.2,0.45,0.7,0.7,0.75,0.95,0.0,0.0,0.0,0.12,0.03
6,PB_only,0.025022,0.1,0.15,0.3,0.65,0.65,0.75,0.9,0.0,0.0,0.0,0.08,0.04
6,PB_only,0.025019,0.1,0.2,0.35,0.7,0.7,0.8,0.9,0.0,0.0,0.0,0.12,0.03
8,PB_FED,0.025017,0.15,0.2,0.3,0.55,0.65,0.75,0.85,0.0,0.0,0.0,0.1,0.03
8,PB_only,0.025005,0.05,0.2,0.45,0.7,0.65,0.75,0.9,0.0,0.0,0.0,0.08,0.05
6,PB_only,0.025003,0.05,0.2,0.3,0.7,0.75,0.8,0.85,0.0,0.0,0.0,0.08,0.03
8,PB_only,0.024997,0.1,0.25,0.45,0.7,0.75,0.85,0.95,0.0,0.0,0.0,0.08,0.03
8,PB_FED,0.024994,0.1,0.15,0.4,0.65,0.65,0.8,0.95,-0.5,0.0,0.0,0.1,0.04
8,PB_FED,0.024992,0.15,0.3,0.4,0.65,0.65,0.75,0.9,0.0,0.0,0.0,0.1,0.04
8,PB_only,0.024991,0.2,0.3,0.45,0.7,0.7,0.75,0.9,0.0,0.0,0.0,0.1,0.03
8,PB_FED,0.024982,0.05,0.2,0.45,0.7,0.7,0.85,0.9,0.0,0.0,0.0,0.12,0.04
8,PB_only,0.024975,0.2,0.3,0.35,0.7,0.7,0.75,0.95,0.0,0.0,0.0,0.1,0.04
8,PB_FED,0.024964,0.05,0.15,0.3,0.6,0.75,0.8,0.85,-0.5,0.0,0.0,0.06,0.04
8,PB_FED,0.024958,0.15,0.25,0.35,0.65,0.75,0.8,0.95,0.0,0.0,0.0,0.12,0.04
8,PB_only,0.024951,0.15,0.3,0.35,0.7,0.65,0.75,0.95,0.0,0.0,0.0,0.1,0.03
8,PB_FED,0.024945,0.15,0.3,0.35,0.7,0.75,0.85,0.9,0.0,0.0,0.0,0.12,0.04
6,PB_only,0.024944,0.1,0.2,0.35,0.7,0.75,0.8,0.95,0.0,0.0,0.0,0.06,0.03
8,PB_only,0.024939,0.05,0.2,0.4,0.7,0.7,0.8,0.95,0.0,0.0,0.0,0.08,0.04
8,PB_only,0.024938,0.1,0.15,0.4,0.65,0.7,0.75,0.95,0.0,0.0,0.0,0.06,0.05
8,PB_only,0.024927,0.1,0.25,0.3,0.7,0.65,0.85,0.95,0.0,0.0,0.0,0.08,0.05
8,PB_FED,0.024911,0.05,0.2,0.4,0.65,0.75,0.8,0.9,-0.5,0.0,0.0,0.12,0.03
8,PB_only,0.024899,0.2,0.25,0.4,0.7,0.75,0.85,0.9,0.0,0.0,0.0,0.08,0.04
8,PB_FED,0.024893,0.1,0.15,0.45,0.65,0.65,0.8,0.95,-0.5,0.0,0.0,0.1,0.05
8,PB_FED,0.024893,0.2,0.3,0.4,0.7,0.7,0.8,0.9,0.0,0.0,0.0,0.1,0.04
6,PB_only,0.024891,0.15,0.2,0.4,0.7,0.7,0.75,0.85,0.0,0.0,0.0,0.06,0.04
8,PB_only,0.024884,0.15,0.2,0.3,0.65,0.75,0.8,0.9,0.0,0.0,0.0,0.1,0.04
8,PE_FED,0.024882,0.05,0.2,0.35,0.7,0.75,0.8,0.95,-0.5,0.0,0.0,0.1,0.03
8,PB_FED,0.024882,0.1,0.25,0.3,0.55,0.7,0.75,0.95,0.0,0.0,0.0,0.08,0.03
8,PB_only,0.024878,0.1,0.15,0.4,0.65,0.65,0.8,0.85,0.0,0.0,0.0,0.08,0.03
8,PB_FED,0.024877,0.05,0.2,0.4,0.65,0.7,0.8,0.95,-0.5,0.0,0.0,0.1,0.03
8,PB_only,0.024874,0.2,0.25,0.45,0.7,0.7,0.8,0.95,0.0,0.0,0.0,0.08,0.03
8,PB_only,0.024874,0.2,0.25,0.45,0.7,0.7,0.8,0.95,0.0,0.0,0.0,0.06,0.03
6,PB_only,0.024871,0.1,0.2,0.35,0.7,0.7,0.8,0.85,0.0,0.0,0.0,0.08,0.04
8,PB_only,0.024867,0.05,0.25,0.3,0.65,0.7,0.75,0.85,0.0,0.0,0.0,0.12,0.03
8,PB_only,0.024858,0.15,0.25,0.35,0.7,0.65,0.85,0.9,0.0,0.0,0.0,0.12,0.05
8,PB_only,0.024849,0.05,0.15,0.45,0.7,0.65,0.8,0.9,0.0,0.0,0.0,0.08,0.05
6,PB_only,0.024834,0.15,0.25,0.3,0.7,0.7,0.8,0.85,0.0,0.0,0.0,0.12,0.04
8,PB_only,0.024827,0.2,0.25,0.35,0.7,0.7,0.8,0.95,0.0,0.0,0.0,0.06,0.05
8,PB_only,0.02482,0.1,0.15,0.4,0.65,0.75,0.85,0.9,0.0,0.0,0.0,0.12,0.03
8,PB_FED,0.024818,0.2,0.3,0.4,0.7,0.75,0.85,0.9,0.0,0.0,0.0,0.06,0.03
6,PB_only,0.024817,0.1,0.2,0.3,0.7,0.65,0.8,0.9,0.0,0.0,0.0,0.08,0.04
8,PB_only,0.024816,0.05,0.3,0.35,0.7,0.7,0.8,0.9,0.0,0.0,0.0,0.12,0.03
8,PB_FED,0.024814,0.05,0.2,0.35,0.65,0.65,0.75,0.85,-0.5,0.0,0.0,0.12,0.05
8,PB_FED,0.024806,0.15,0.2,0.45,0.65,0.65,0.85,0.9,-0.5,0.0,0.0,0.06,0.03
8,PB_only,0.024798,0.15,0.25,0.45,0.7,0.65,0.75,0.85,0.0,0.0,0.0,0.12,0.05
8,PB_FED,0.024798,0.1,0.25,0.3,0.6,0.7,0.8,0.9,0.0,0.0,0.0,0.08,0.03
8,PB_FED,0.024798,0.15,0.2,0.45,0.6,0.7,0.75,0.9,0.0,0.0,0.0,0.12,0.04
6,PB_only,0.024788,0.15,0.25,0.35,0.7,0.7,0.75,0.95,0.0,0.0,0.0,0.06,0.04
6,PB_only,0.024785,0.15,0.25,0.35,0.7,0.65,0.75,0.85,0.0,0.0,0.0,0.08,0.03
8,PB_FED,0.024772,0.1,0.15,0.35,0.6,0.65,0.8,0.9,0.0,0.0,0.0,0.06,0.05
8,PB_only,0.024766,0.15,0.2,0.4,0.65,0.7,0.75,0.9,0.0,0.0,0.0,0.1,0.04
8,PB_only,0.024766,0.2,0.3,0.35,0.7,0.7,0.8,0.9,0.0,0.0,0.0,0.06,0.04
6,PB_only,0.024761,0.15,0.2,0.35,0.7,0.65,0.75,0.85,0.0,0.0,0.0,0.12,0.04
8,PB_only,0.024742,0.1,0.2,0.4,0.65,0.65,0.75,0.9,0.0,0.0,0.0,0.12,0.04
8,PB_only,0.024729,0.05,0.25,0.4,0.7,0.65,0.8,0.9,0.0,0.0,0.0,0.1,0.04
8,PB_only,0.024728,0.1,0.15,0.35,0.65,0.7,0.8,0.85,0.0,0.0,0.0,0.06,0.05
8,PB_only,0.024726,0.05,0.3,0.35,0.7,0.7,0.85,0.9,0.0,0.0,0.0,0.08,0.03
8,PB_only,0.024723,0.05,0.25,0.3,0.65,0.65,0.75,0.85,0.0,0.0,0.0,0.12,0.04
8,PB_only,0.024702,0.1,0.15,0.3,0.65,0.75,0.8,0.95,0.0,0.0,0.0,0.06,0.05
6,PB_only,0.024699,0.1,0.2,0.3,0.7,0.75,0.8,0.9,0.0,0.0,0.0,0.1,0.05
8,PB_only,0.024687,0.15,0.3,0.45,0.7,0.7,0.75,0.9,0.0,0.0,0.0,0.1,0.05
6,PB_only,0.024671,0.1,0.2,0.3,0.7,0.75,0.85,0.9,0.0,0.0,0.0,0.12,0.03
6,PB_only,0.024671,0.1,0.2,0.3,0.7,0.7,0.85,0.9,0.0,0.0,0.0,0.08,0.03
6,PB_only,0.024669,0.1,0.15,0.3,0.7,0.7,0.85,0.9,0.0,0.0,0.0,0.08,0.04
8,PB_FED,0.024667,0.05,0.25,0.3,0.65,0.65,0.75,0.95,-0.5,0.0,0.0,0.06,0.04
8,PB_FED,0.024656,0.05,0.25,0.45,0.65,0.65,0.75,0.9,0.0,0.0,0.0,0.1,0.04
8,PE_FED,0.024652,0.05,0.15,0.3,0.65,0.7,0.75,0.95,-0.5,0.0,0.0,0.1,0.03
8,PB_only,0.024651,0.05,0.2,0.4,0.7,0.65,0.75,0.95,0.0,0.0,0.0,0.06,0.04
8,PE_FED,0.024648,0.05,0.2,0.3,0.7,0.65,0.8,0.95,0.0,0.0,0.0,0.06,0.04
6,PB_only,0.024639,0.05,0.15,0.35,0.7,0.65,0.8,0.85,0.0,0.0,0.0,0.06,0.03
8,PB_FED,0.024639,0.05,0.2,0.45,0.65,0.7,0.75,0.95,-0.5,0.0,0.0,0.06,0.04
8,PB_FED,0.024639,0.2,0.3,0.45,0.7,0.7,0.85,0.9,-0.5,0.0,0.0,0.08,0.03
8,PB_FED,0.024636,0.2,0.3,0.35,0.7,0.7,0.8,0.9,0.0,0.0,0.0,0.1,0.05
8,PB_FED,0.024631,0.05,0.15,0.3,0.5,0.7,0.75,0.95,0.0,0.0,0.0,0.1,0.03
8,PB_FED,0.024631,0.05,0.15,0.45,0.6,0.7,0.75,0.95,0.0,0.0,0.0,0.08,0.05
8,PB_FED,0.024622,0.1,0.25,0.45,0.65,0.7,0.75,0.95,-0.5,0.0,0.0,0.1,0.05
6,PB_only,0.024611,0.1,0.15,0.4,0.7,0.7,0.85,0.95,0.0,0.0,0.0,0.06,0.03
8,PB_only,0.024606,0.1,0.25,0.3,0.65,0.75,0.8,0.9,0.0,0.0,0.0,0.08,0.03
8,PB_only,0.024602,0.05,0.3,0.35,0.7,0.7,0.8,0.85,0.0,0.0,0.0,0.12,0.03
8,PB_FED,0.024602,0.15,0.2,0.45,0.65,0.75,0.8,0.95,0.0,0.0,0.0,0.06,0.05
8,PB_FED,0.024589,0.05,0.25,0.4,0.7,0.75,0.85,0.95,0.0,0.0,0.0,0.1,0.05
8,PB_only,0.024581,0.05,0.25,0.35,0.7,0.7,0.85,0.9,0.0,0.0,0.0,0.1,0.05
6,PB_only,0.024575,0.1,0.15,0.4,0.7,0.65,0.8,0.85,0.0,0.0,0.0,0.06,0.04
8,PB_only,0.024575,0.1,0.3,0.4,0.7,0.65,0.85,0.9,0.0,0.0,0.0,0.1,0.03
8,PB_only,0.024573,0.15,0.25,0.35,0.65,0.65,0.75,0.9,0.0,0.0,0.0,0.06,0.04
8,PB_only,0.024573,0.2,0.3,0.4,0.7,0.7,0.8,0.85,0.0,0.0,0.0,0.06,0.03
6,PB_only,0.024558,0.1,0.25,0.4,0.7,0.7,0.75,0.9,0.0,0.0,0.0,0.1,0.04
8,PE_FED,0.024555,0.1,0.2,0.35,0.7,0.65,0.8,0.95,-0.5,0.0,0.0,0.08,0.04
8,PB_only,0.024555,0.15,0.2,0.3,0.65,0.7,0.8,0.85,0.0,0.0,0.0,0.08,0.05
8,PB_FED,0.024552,0.05,0.15,0.3,0.6,0.75,0.85,0.9,0.0,0.0,0.0,0.06,0.04
8,PB_only,0.024551,0.15,0.25,0.3,0.65,0.65,0.75,0.9,0.0,0.0,0.0,0.1,0.05
6,PB_only,0.02455,0.1,0.2,0.4,0.7,0.75,0.8,0.9,0.0,0.0,0.0,0.12,0.03
8,PB_only,0.024548,0.1,0.25,0.4,0.7,0.7,0.85,0.95,0.0,0.0,0.0,0.12,0.05
8,PB_only,0.024544,0.05,0.15,0.3,0.65,0.7,0.8,0.9,0.0,0.0,0.0,0.1,0.05
6,PB_only,0.024523,0.1,0.2,0.45,0.7,0.7,0.75,0.9,0.0,0.0,0.0,0.08,0.04
8,PB_FED,0.024519,0.05,0.3,0.4,0.7,0.7,0.75,0.85,-0.5,0.0,0.0,0.06,0.05
8,PB_FED,0.024511,0.2,0.3,0.4,0.7,0.75,0.8,0.95,-0.5,0.0,0.0,0.06,0.05
8,PB_only,0.02451,0.15,0.25,0.35,0.65,0.7,0.75,0.9,0.0,0.0,0.0,0.12,0.04
8,PB_only,0.024506,0.05,0.25,0.3,0.65,0.7,0.75,0.9,0.0,0.0,0.0,0.12,0.04
8,PB_FED,0.024503,0.05,0.15,0.45,0.6,0.7,0.75,0.85,0.0,0.0,0.0,0.1,0.03
8,PB_only,0.024497,0.15,0.2,0.35,0.65,0.65,0.85,0.9,0.0,0.0,0.0,0.06,0.03
8,PB_FED,0.024489,0.05,0.2,0.3,0.65,0.75,0.85,0.95,-0.5,0.0,0.0,0.12,0.04
8,PB_only,0.024486,0.15,0.2,0.45,0.7,0.65,0.8,0.95,0.0,0.0,0.0,0.06,0.05
8,PB_only,0.024486,0.15,0.2,0.45,0.7,0.65,0.8,0.95,0.0,0.0,0.0,0.12,0.05
8,PE_FED,0.024476,0.15,0.2,0.3,0.65,0.7,0.75,0.95,0.0,0.0,0.0,0.06,0.03
8,PE_FED,0.024469,0.15,0.2,0.4,0.7,0.7,0.75,0.95,-0.5,0.0,0.0,0.06,0.05
8,PB_only,0.024466,0.1,0.2,0.45,0.65,0.65,0.75,0.9,0.0,0.0,0.0,0.06,0.03
8,PE_FED,0.024459,0.15,0.2,0.35,0.7,0.75,0.85,0.95,-0.5,0.0,0.0,0.1,0.04
8,PB_only,0.024448,0.15,0.3,0.45,0.7,0.75,0.8,0.95,0.0,0.0,0.0,0.08,0.03
8,PB_only,0.024443,0.1,0.3,0.4,0.7,0.7,0.85,0.95,0.0,0.0,0.0,0.08,0.03
8,PB_only,0.024435,0.15,0.25,0.45,0.7,0.7,0.85,0.9,0.0,0.0,0.0,0.06,0.05
6,PB_only,0.024433,0.15,0.2,0.35,0.7,0.65,0.8,0.85,0.0,0.0,0.0,0.08,0.03
6,PB_only,0.02443,0.05,0.2,0.3,0.7,0.7,0.85,0.95,0.0,0.0,0.0,0.1,0.03
6,PB_only,0.024426,0.15,0.25,0.35,0.7,0.7,0.8,0.9,0.0,0.0,0.0,0.1,0.03
8,PB_only,0.02442,0.05,0.2,0.35,0.65,0.65,0.8,0.85,0.0,0.0,0.0,0.06,0.04
8,PB_only,0.024402,0.1,0.2,0.45,0.65,0.7,0.75,0.9,0.0,0.0,0.0,0.06,0.03
8,PB_only,0.024401,0.15,0.25,0.3,0.65,0.75,0.85,0.9,0.0,0.0,0.0,0.06,0.03
8,PB_only,0.024401,0.05,0.3,0.35,0.7,0.75,0.8,0.95,0.0,0.0,0.0,0.1,0.03
6,PB_only,0.024395,0.05,0.25,0.3,0.7,0.7,0.8,0.9,0.0,0.0,0.0,0.08,0.03
8,PB_FED,0.024385,0.05,0.15,0.3,0.6,0.65,0.85,0.9,-0.5,0.0,0.0,0.1,0.03
6,PB_only,0.024369,0.1,0.2,0.35,0.7,0.7,0.85,0.95,0.0,0.0,0.0,0.12,0.03
8,PB_FED,0.024363,0.2,0.3,0.4,0.7,0.65,0.75,0.85,-0.5,0.0,0.0,0.12,0.05
8,PB_only,0.024356,0.05,0.15,0.4,0.65,0.65,0.75,0.95,0.0,0.0,0.0,0.1,0.03
8,PB_only,0.024353,0.05,0.2,0.3,0.65,0.7,0.75,0.85,0.0,0.0,0.0,0.12,0.05
6,PB_only,0.02435,0.15,0.2,0.45,0.7,0.65,0.75,0.85,0.0,0.0,0.0,0.06,0.03
6,PB_only,0.024339,0.1,0.15,0.4,0.7,0.7,0.8,0.95,0.0,0.0,0.0,0.12,0.04
8,PB_FED,0.024331,0.05,0.15,0.4,0.65,0.75,0.85,0.9,0.0,0.0,0.0,0.06,0.05
8,PB_FED,0.024327,0.15,0.25,0.4,0.65,0.75,0.8,0.9,0.0,0.0,0.0,0.08,0.05
8,PB_FED,0.024315,0.1,0.15,0.35,0.6,0.65,0.85,0.9,0.0,0.0,0.0,0.06,0.04
8,PB_FED,0.024307,0.05,0.15,0.3,0.55,0.65,0.75,0.9,-0.5,0.0,0.0,0.06,0.03
8,PB_FED,0.02429,0.05,0.25,0.4,0.65,0.75,0.8,0.85,-0.5,0.0,0.0,0.12,0.03
6,PB_only,0.024283,0.1,0.25,0.4,0.7,0.65,0.75,0.85,0.0,0.0,0.0,0.12,0.03
8,PB_only,0.024282,0.05,0.3,0.35,0.7,0.7,0.8,0.85,0.0,0.0,0.0,0.12,0.05
8,PB_only,0.024267,0.05,0.15,0.4,0.65,0.65,0.85,0.9,0.0,0.0,0.0,0.06,0.03
6,PB_only,0.024263,0.1,0.15,0.3,0.7,0.75,0.8,0.85,0.0,0.0,0.0,0.12,0.05
8,PB_only,0.024263,0.2,0.3,0.45,0.7,0.7,0.8,0.9,0.0,0.0,0.0,0.12,0.03
8,PB_only,0.024254,0.05,0.2,0.45,0.7,0.75,0.8,0.95,0.0,0.0,0.0,0.1,0.04
8,PB_only,0.02425,0.15,0.2,0.3,0.65,0.65,0.75,0.95,0.0,0.0,0.0,0.1,0.04
8,PB_only,0.024245,0.15,0.2,0.4,0.65,0.7,0.8,0.9,0.0,0.0,0.0,0.08,0.03
6,PB_only,0.024244,0.1,0.15,0.35,0.65,0.7,0.75,0.9,0.0,0.0,0.0,0.1,0.04
8,PB_only,0.024244,0.05,0.2,0.3,0.7,0.65,0.85,0.95,0.0,0.0,0.0,0.1,0.04
8,PB_only,0.02424,0.1,0.25,0.45,0.7,0.7,0.85,0.9,0.0,0.0,0.0,0.08,0.05
8,PB_FED,0.024239,0.2,0.25,0.45,0.7,0.65,0.85,0.95,0.0,0.0,0.0,0.06,0.03
8,PB_only,0.024238,0.15,0.2,0.45,0.65,0.7,0.75,0.85,0.0,0.0,0.0,0.12,0.04
8,PB_only,0.024227,0.1,0.2,0.3,0.65,0.65,0.75,0.95,0.0,0.0,0.0,0.12,0.04
6,PB_FED,0.024222,0.05,0.15,0.3,0.7,0.65,0.85,0.9,-0.5,0.0,0.0,0.1,0.03
8,PB_FED,0.024222,0.05,0.3,0.4,0.7,0.75,0.85,0.95,0.0,0.0,0.0,0.12,0.03
6,PB_only,0.024214,0.1,0.25,0.35,0.7,0.7,0.8,0.85,0.0,0.0,0.0,0.08,0.04
6,PB_only,0.024214,0.1,0.25,0.35,0.7,0.7,0.8,0.85,0.0,0.0,0.0,0.1,0.04
6,PB_only,0.024211,0.2,0.25,0.35,0.7,0.65,0.75,0.85,0.0,0.0,0.0,0.1,0.03
8,PB_only,0.024208,0.1,0.25,0.45,0.7,0.65,0.85,0.9,0.0,0.0,0.0,0.08,0.04
8,PB_only,0.024206,0.05,0.15,0.4,0.65,0.7,0.8,0.85,0.0,0.0,0.0,0.06,0.03
8,PB_only,0.024189,0.2,0.3,0.35,0.7,0.65,0.8,0.9,0.0,0.0,0.0,0.12,0.04
6,PB_only,0.024186,0.05,0.15,0.3,0.7,0.75,0.85,0.9,0.0,0.0,0.0,0.06,0.04
8,PB_only,0.024174,0.05,0.15,0.3,0.65,0.7,0.8,0.95,0.0,0.0,0.0,0.06,0.05
8,PB_only,0.024174,0.05,0.15,0.3,0.65,0.7,0.8,0.95,0.0,0.0,0.0,0.12,0.05
8,PB_FED,0.024172,0.1,0.25,0.45,0.65,0.75,0.8,0.95,-0.5,0.0,0.0,0.1,0.03
8,PB_only,0.024171,0.05,0.15,0.35,0.65,0.7,0.8,0.85,0.0,0.0,0.0,0.12,0.05
8,PB_only,0.024166,0.15,0.2,0.3,0.65,0.65,0.8,0.9,0.0,0.0,0.0,0.1,0.05
6,PB_only,0.024157,0.1,0.25,0.45,0.7,0.7,0.75,0.9,0.0,0.0,0.0,0.06,0.03
8,PB_FED,0.024156,0.1,0.25,0.3,0.6,0.7,0.85,0.9,0.0,0.0,0.0,0.08,0.03
6,PB_only,0.024144,0.05,0.2,0.3,0.7,0.65,0.75,0.95,0.0,0.0,0.0,0.08,0.04
6,PB_only,0.024139,0.1,0.15,0.35,0.7,0.75,0.85,0.95,0.0,0.0,0.0,0.08,0.05
6,PB_only,0.024127,0.15,0.2,0.4,0.7,0.65,0.8,0.9,0.0,0.0,0.0,0.12,0.03
8,PB_only,0.024121,0.1,0.15,0.4,0.65,0.65,0.8,0.85,0.0,0.0,0.0,0.12,0.05
8,PB_FED,0.024119,0.05,0.2,0.4,0.6,0.7,0.75,0.9,0.0,0.0,0.0,0.06,0.05
8,PE_FED,0.024118,0.05,0.15,0.4,0.65,0.75,0.8,0.95,-0.5,0.0,0.0,0.06,0.03
8,PE_FED,0.024115,0.1,0.15,0.45,0.65,0.75,0.8,0.95,0.0,0.0,0.0,0.1,0.03
8,PB_FED,0.024113,0.2,0.25,0.4,0.65,0.65,0.8,0.95,0.0,0.0,0.0,0.06,0.03
8,PB_only,0.024106,0.15,0.25,0.45,0.7,0.7,0.85,0.95,0.0,0.0,0.0,0.12,0.05
8,PB_FED,0.024102,0.1,0.2,0.4,0.55,0.7,0.75,0.9,0.0,0.0,0.0,0.1,0.03
6,PB_only,0.024095,0.05,0.25,0.35,0.7,0.7,0.75,0.85,0.0,0.0,0.0,0.06,0.04
6,PB_only,0.024091,0.15,0.25,0.35,0.7,0.7,0.8,0.9,0.0,0.0,0.0,0.1,0.04
8,PB_only,0.024087,0.15,0.2,0.4,0.65,0.65,0.75,0.95,0.0,0.0,0.0,0.12,0.03
6,PB_only,0.024076,0.1,0.15,0.3,0.65,0.75,0.8,0.95,0.0,0.0,0.0,0.12,0.03
6,PB_only,0.024065,0.05,0.25,0.3,0.7,0.75,0.8,0.9,0.0,0.0,0.0,0.1,0.04
8,PB_only,0.024059,0.1,0.15,0.45,0.65,0.75,0.85,0.9,0.0,0.0,0.0,0.12,0.03
8,PB_FED,0.02404,0.1,0.2,0.35,0.55,0.65,0.75,0.95,0.0,0.0,0.0,0.08,0.05
8,PB_FED,0.02404,0.05,0.15,0.3,0.6,0.7,0.85,0.9,0.0,0.0,0.0,0.08,0.05
8,PE_FED,0.024021,0.1,0.2,0.35,0.7,0.75,0.85,0.95,-0.5,0.0,0.0,0.06,0.05
8,PB_FED,0.024021,0.05,0.3,0.45,0.7,0.75,0.85,0.9,-0.5,0.0,0.0,0.08,0.03
8,PB_FED,0.024021,0.05,0.3,0.45,0.7,0.7,0.85,0.9,-0.5,0.0,0.0,0.1,0.03
8,PB_only,0.024019,0.2,0.25,0.4,0.7,0.7,0.85,0.95,0.0,0.0,0.0,0.12,0.05
6,PB_only,0.024017,0.15,0.25,0.3,0.7,0.75,0.8,0.95,0.0,0.0,0.0,0.12,0.04
8,PB_only,0.024016,0.1,0.15,0.3,0.6,0.7,0.75,0.9,0.0,0.0,0.0,0.12,0.03
8,PB_FED,0.024014,0.1,0.3,0.35,0.65,0.7,0.8,0.9,-0.5,0.0,0.0,0.1,0.03
8,PB_only,0.024013,0.05,0.25,0.4,0.7,0.65,0.8,0.9,0.0,0.0,0.0,0.08,0.05
8,PB_only,0.02401,0.2,0.3,0.4,0.7,0.7,0.85,0.95,0.0,0.0,0.0,0.1,0.03
8,PB_FED,0.024001,0.1,0.2,0.35,0.6,0.7,0.8,0.95,0.0,0.0,0.0,0.08,0.04
8,PB_only,0.024,0.1,0.25,0.45,0.7,0.65,0.8,0.95,0.0,0.0,0.0,0.06,0.03
6,PB_only,0.023996,0.15,0.25,0.4,0.7,0.7,0.8,0.9,0.0,0.0,0.0,0.1,0.03
6,PB_only,0.023995,0.15,0.2,0.35,0.7,0.65,0.75,0.95,0.0,0.0,0.0,0.06,0.04
6,PB_only,0.02399,0.05,0.15,0.35,0.7,0.65,0.8,0.95,0.0,0.0,0.0,0.06,0.03
8,PB_only,0.023984,0.15,0.25,0.4,0.65,0.65,0.8,0.85,0.0,0.0,0.0,0.06,0.04
8,PB_only,0.023974,0.15,0.2,0.4,0.65,0.7,0.85,0.9,0.0,0.0,0.0,0.08,0.03
8,PB_only,0.023974,0.15,0.2,0.4,0.65,0.7,0.85,0.9,0.0,0.0,0.0,0.12,0.03
6,PB_FED,0.023969,0.1,0.15,0.4,0.7,0.7,0.75,0.95,-0.5,0.0,0.0,0.06,0.04
8,PB_FED,0.023962,0.1,0.2,0.3,0.6,0.7,0.85,0.95,0.0,0.0,0.0,0.06,0.04
6,PB_only,0.023957,0.05,0.15,0.45,0.7,0.75,0.8,0.9,0.0,0.0,0.0,0.1,0.03
8,PB_only,0.023955,0.05,0.15,0.3,0.65,0.7,0.85,0.9,0.0,0.0,0.0,0.06,0.05
6,PB_only,0.023949,0.05,0.2,0.35,0.7,0.7,0.75,0.85,0.0,0.0,0.0,0.06,0.05
8,PB_FED,0.02394,0.1,0.25,0.35,0.65,0.65,0.85,0.95,-0.5,0.0,0.0,0.08,0.03
6,PB_only,0.023925,0.1,0.15,0.35,0.65,0.65,0.75,0.95,0.0,0.0,0.0,0.1,0.05
8,PB_FED,0.023914,0.05,0.15,0.45,0.65,0.75,0.85,0.9,0.0,0.0,0.0,0.1,0.04
8,PB_FED,0.02391,0.1,0.3,0.4,0.7,0.65,0.85,0.9,0.0,0.0,0.0,0.1,0.04
6,PB_only,0.023906,0.05,0.2,0.4,0.7,0.7,0.8,0.95,0.0,0.0,0.0,0.12,0.03
8,PB_only,0.023897,0.15,0.3,0.4,0.7,0.75,0.85,0.9,0.0,0.0,0.0,0.08,0.05
8,PB_FED,0.023896,0.1,0.3,0.45,0.65,0.65,0.75,0.95,0.0,0.0,0.0,0.08,0.05
6,PB_only,0.023894,0.1,0.25,0.45,0.7,0.7,0.75,0.9,0.0,0.0,0.0,0.1,0.04
8,PB_FED,0.023892,0.15,0.2,0.45,0.65,0.75,0.85,0.95,0.0,0.0,0.0,0.12,0.04
8,PB_only,0.023889,0.15,0.3,0.45,0.7,0.75,0.85,0.9,0.0,0.0,0.0,0.06,0.04
8,PB_only,0.02388,0.2,0.25,0.45,0.7,0.75,0.8,0.95,0.0,0.0,0.0,0.08,0.05
8,PB_FED,0.023878,0.1,0.25,0.4,0.65,0.75,0.8,0.95,-0.5,0.0,0.0,0.1,0.04
8,PB_only,0.02387,0.05,0.2,0.45,0.7,0.65,0.8,0.95,0.0,0.0,0.0,0.1,0.03
8,PB_FED,0.02387,0.05,0.2,0.45,0.6,0.7,0.75,0.9,0.0,0.0,0.0,0.1,0.04
8,PB_only,0.023852,0.05,0.25,0.35,0.65,0.65,0.75,0.9,0.0,0.0,0.0,0.08,0.04
8,PB_only,0.023847,0.2,0.3,0.45,0.7,0.7,0.75,0.85,0.0,0.0,0.0,0.06,0.05
8,PB_only,0.023835,0.1,0.3,0.4,0.7,0.7,0.8,0.95,0.0,0.0,0.0,0.08,0.04
6,PB_FED,0.023826,0.05,0.15,0.35,0.7,0.65,0.75,0.85,-0.5,0.0,0.0,0.06,0.03
8,PB_only,0.023826,0.05,0.2,0.45,0.7,0.75,0.85,0.95,0.0,0.0,0.0,0.06,0.04
8,PB_FED,0.023815,0.1,0.25,0.45,0.65,0.7,0.8,0.9,-0.5,0.0,0.0,0.08,0.04
8,PB_FED,0.023814,0.15,0.25,0.3,0.55,0.7,0.75,0.95,0.0,0.0,0.0,0.08,0.05
8,PB_FED,0.023814,0.15,0.3,0.35,0.65,0.75,0.85,0.95,0.0,0.0,0.0,0.12,0.03
8,PB_only,0.023809,0.05,0.25,0.4,0.7,0.7,0.85,0.95,0.0,0.0,0.0,0.08,0.05
8,PB_only,0.023807,0.2,0.3,0.35,0.7,0.65,0.8,0.85,0.0,0.0,0.0,0.08,0.05
8,PB_only,0.023803,0.1,0.3,0.35,0.7,0.7,0.85,0.95,0.0,0.0,0.0,0.12,0.04
8,PB_FED,0.023795,0.15,0.25,0.3,0.6,0.65,0.75,0.95,-0.5,0.0,0.0,0.08,0.05
6,PB_FED,0.023793,0.15,0.2,0.35,0.7,0.7,0.75,0.85,-0.5,0.0,0.0,0.1,0.03
6,PB_only,0.023784,0.2,0.25,0.4,0.7,0.7,0.75,0.95,0.0,0.0,0.0,0.12,0.04
8,PB_only,0.023777,0.05,0.25,0.3,0.65,0.65,0.85,0.9,0.0,0.0,0.0,0.08,0.03
8,PB_only,0.023776,0.1,0.15,0.45,0.65,0.65,0.75,0.85,0.0,0.0,0.0,0.06,0.05
6,PB_only,0.023758,0.05,0.15,0.4,0.7,0.65,0.75,0.95,0.0,0.0,0.0,0.08,0.04
8,PB_only,0.023758,0.2,0.25,0.4,0.65,0.7,0.75,0.9,0.0,0.0,0.0,0.12,0.03
8,PB_only,0.023752,0.15,0.3,0.45,0.7,0.7,0.8,0.9,0.0,0.0,0.0,0.12,0.05
8,PB_only,0.02375,0.15,0.2,0.35,0.65,0.65,0.8,0.85,0.0,0.0,0.0,0.08,0.05
8,PE_FED,0.023749,0.1,0.15,0.4,0.6,0.65,0.75,0.95,0.0,0.0,0.0,0.06,0.05
8,PB_FED,0.023747,0.15,0.2,0.3,0.7,0.65,0.75,0.95,0.5,0.0,0.0,0.08,0.05
8,PB_only,0.023745,0.15,0.2,0.4,0.65,0.75,0.8,0.9,0.0,0.0,0.0,0.1,0.04
6,PB_FED,0.023742,0.15,0.2,0.3,0.7,0.75,0.8,0.85,-0.5,0.0,0.0,0.08,0.03
8,PB_only,0.02374,0.05,0.25,0.4,0.65,0.7,0.75,0.9,0.0,0.0,0.0,0.1,0.03
8,PE_FED,0.023737,0.15,0.2,0.4,0.65,0.7,0.75,0.95,0.0,0.0,0.0,0.1,0.04
8,PB_only,0.023737,0.2,0.25,0.3,0.65,0.65,0.75,0.9,0.0,0.0,0.0,0.08,0.05
8,PB_only,0.023734,0.15,0.3,0.4,0.7,0.65,0.8,0.9,0.0,0.0,0.0,0.06,0.05
8,PB_only,0.023733,0.15,0.2,0.3,0.65,0.65,0.8,0.95,0.0,0.0,0.0,0.08,0.05
8,PB_only,0.023733,0.15,0.2,0.3,0.65,0.75,0.8,0.95,0.0,0.0,0.0,0.12,0.05
6,PB_only,0.023725,0.05,0.15,0.4,0.7,0.7,0.85,0.9,0.0,0.0,0.0,0.1,0.03
8,PB_FED,0.023724,0.15,0.3,0.45,0.7,0.75,0.85,0.95,0.0,0.0,0.0,0.12,0.04
8,PB_FED,0.023723,0.1,0.15,0.3,0.6,0.65,0.75,0.9,0.5,0.0,0.0,0.08,0.03
8,PB_only,0.023712,0.05,0.25,0.3,0.65,0.7,0.85,0.9,0.0,0.0,0.0,0.12,0.03
8,PB_only,0.023711,0.1,0.2,0.4,0.65,0.65,0.8,0.9,0.0,0.0,0.0,0.1,0.04
8,PB_FED,0.023701,0.15,0.2,0.3,0.6,0.7,0.75,0.85,-0.5,0.0,0.0,0.1,0.05
8,PB_only,0.0237,0.1,0.2,0.3,0.65,0.75,0.8,0.95,0.0,0.0,0.0,0.1,0.05
6,PB_only,0.023699,0.1,0.15,0.35,0.65,0.7,0.75,0.9,0.0,0.0,0.0,0.06,0.05
8,PB_FED,0.023694,0.1,0.2,0.4,0.6,0.7,0.85,0.95,0.0,0.0,0.0,0.08,0.03
6,PB_only,0.023683,0.2,0.25,0.35,0.7,0.75,0.8,0.85,0.0,0.0,0.0,0.08,0.04
8,PB_only,0.023683,0.05,0.25,0.35,0.65,0.65,0.8,0.85,0.0,0.0,0.0,0.06,0.04
8,PB_only,0.023672,0.2,0.25,0.4,0.65,0.7,0.75,0.85,0.0,0.0,0.0,0.06,0.03
8,PB_only,0.02367,0.2,0.25,0.3,0.65,0.7,0.75,0.9,0.0,0.0,0.0,0.1,0.05
8,PB_FED,0.02367,0.2,0.25,0.3,0.55,0.7,0.75,0.9,0.0,0.0,0.0,0.12,0.03
6,PB_only,0.023659,0.15,0.25,0.35,0.7,0.65,0.85,0.9,0.0,0.0,0.0,0.1,0.03
8,PB_only,0.023653,0.2,0.25,0.35,0.65,0.65,0.8,0.85,0.0,0.0,0.0,0.1,0.04
8,PB_only,0.02365,0.15,0.3,0.4,0.7,0.75,0.8,0.85,0.0,0.0,0.0,0.08,0.05
8,PB_only,0.023647,0.05,0.2,0.45,0.65,0.7,0.75,0.85,0.0,0.0,0.0,0.06,0.03
8,PB_only,0.02364,0.15,0.25,0.4,0.65,0.65,0.8,0.9,0.0,0.0,0.0,0.12,0.03
8,PB_only,0.023638,0.15,0.3,0.4,0.7,0.65,0.8,0.95,0.0,0.0,0.0,0.08,0.03
8,PB_FED,0.023637,0.15,0.3,0.45,0.65,0.7,0.75,0.9,0.0,0.0,0.0,0.12,0.05
6,PB_only,0.023628,0.05,0.15,0.35,0.7,0.7,0.85,0.95,0.0,0.0,0.0,0.06,0.05
8,PB_only,0.023628,0.05,0.25,0.45,0.7,0.7,0.8,0.95,0.0,0.0,0.0,0.06,0.04
6,PB_only,0.023625,0.05,0.25,0.35,0.7,0.65,0.75,0.95,0.0,0.0,0.0,0.1,0.05
6,PB_only,0.023617,0.1,0.15,0.3,0.7,0.65,0.85,0.95,0.0,0.0,0.0,0.08,0.04
8,PB_only,0.023599,0.1,0.2,0.4,0.65,0.7,0.8,0.95,0.0,0.0,0.0,0.06,0.03
8,PB_FED,0.023597,0.1,0.2,0.4,0.55,0.7,0.75,0.95,0.0,0.0,0.0,0.1,0.04
8,PB_FED,0.023589,0.05,0.15,0.3,0.5,0.7,0.75,0.85,0.0,0.0,0.0,0.06,0.03
8,PB_only,0.023587,0.15,0.2,0.35,0.65,0.7,0.85,0.95,0.0,0.0,0.0,0.08,0.03
8,PB_only,0.023586,0.2,0.3,0.35,0.7,0.65,0.85,0.9,0.0,0.0,0.0,0.1,0.04
8,PB_only,0.023583,0.15,0.25,0.45,0.65,0.7,0.75,0.85,0.0,0.0,0.0,0.1,0.04
8,PB_FED,0.023583,0.15,0.2,0.3,0.7,0.7,0.75,0.85,0.5,0.0,0.0,0.1,0.03
8,PB_only,0.023579,0.05,0.3,0.45,0.7,0.7,0.8,0.85,0.0,0.0,0.0,0.1,0.03
8,PB_only,0.023578,0.1,0.25,0.45,0.7,0.65,0.85,0.95,0.0,0.0,0.0,0.06,0.03
8,PB_FED,0.023563,0.05,0.15,0.35,0.7,0.7,0.75,0.95,0.5,0.0,0.0,0.08,0.04
8,PB_FED,0.023563,0.15,0.2,0.4,0.6,0.65,0.75,0.95,-0.5,0.0,0.0,0.1,0.03
8,PB_FED,0.02355,0.05,0.15,0.45,0.6,0.65,0.8,0.85,0.0,0.0,0.0,0.06,0.04
8,PB_only,0.023541,0.1,0.2,0.3,0.65,0.65,0.85,0.9,0.0,0.0,0.0,0.08,0.05
8,PB_FED,0.023541,0.05,0.25,0.35,0.65,0.65,0.85,0.9,0.0,0.0,0.0,0.06,0.04
8,PB_FED,0.023534,0.15,0.3,0.35,0.65,0.65,0.75,0.95,-0.5,0.0,0.0,0.06,0.04
6,PB_only,0.02353,0.15,0.3,0.35,0.7,0.7,0.75,0.85,0.0,0.0,0.0,0.06,0.03
8,PB_FED,0.023525,0.15,0.2,0.35,0.6,0.7,0.8,0.85,-0.5,0.0,0.0,0.1,0.04
6,PB_only,0.02351,0.05,0.15,0.35,0.65,0.65,0.75,0.95,0.0,0.0,0.0,0.12,0.05
6,PB_FED,0.023505,0.1,0.15,0.3,0.7,0.65,0.75,0.9,0.0,0.0,0.0,0.08,0.05
8,PB_only,0.023493,0.1,0.15,0.35,0.65,0.75,0.8,0.85,0.0,0.0,0.0,0.08,0.05
8,PB_FED,0.023493,0.1,0.25,0.4,0.65,0.65,0.85,0.95,-0.5,0.0,0.0,0.08,0.03
6,PB_only,0.023492,0.1,0.2,0.4,0.7,0.7,0.8,0.85,0.0,0.0,0.0,0.1,0.05
6,PB_only,0.023491,0.05,0.25,0.4,0.7,0.7,0.75,0.9,0.0,0.0,0.0,0.08,0.05
6,PB_only,0.023487,0.05,0.2,0.35,0.7,0.75,0.85,0.9,0.0,0.0,0.0,0.1,0.03
6,PB_only,0.023487,0.15,0.25,0.45,0.7,0.7,0.75,0.9,0.0,0.0,0.0,0.12,0.05
6,PB_only,0.023487,0.05,0.2,0.35,0.7,0.75,0.85,0.9,0.0,0.0,0.0,0.12,0.03
6,PB_only,0.023486,0.05,0.15,0.4,0.7,0.65,0.8,0.95,0.0,0.0,0.0,0.06,0.03
8,PB_only,0.023482,0.15,0.3,0.45,0.7,0.75,0.8,0.95,0.0,0.0,0.0,0.06,0.04
8,PB_only,0.023478,0.05,0.25,0.45,0.7,0.7,0.85,0.9,0.0,0.0,0.0,0.1,0.05
6,PB_only,0.023475,0.15,0.2,0.3,0.7,0.65,0.8,0.95,0.0,0.0,0.0,0.1,0.04
6,PB_only,0.02347,0.1,0.15,0.4,0.7,0.65,0.8,0.85,0.0,0.0,0.0,0.06,0.05
8,PB_only,0.023467,0.05,0.25,0.45,0.7,0.65,0.85,0.9,0.0,0.0,0.0,0.06,0.04
8,PB_only,0.02344,0.05,0.25,0.3,0.65,0.65,0.75,0.85,0.0,0.0,0.0,0.1,0.05
8,PB_only,0.023439,0.15,0.25,0.35,0.65,0.65,0.75,0.85,0.0,0.0,0.0,0.1,0.05
8,PB_only,0.023438,0.1,0.3,0.4,0.7,0.75,0.8,0.85,0.0,0.0,0.0,0.1,0.05
8,PE_FED,0.023424,0.1,0.2,0.4,0.65,0.7,0.75,0.95,0.0,0.0,0.0,0.06,0.05
8,PB_FED,0.023423,0.05,0.2,0.35,0.55,0.65,0.75,0.95,0.0,0.0,0.0,0.12,0.03
6,PB_only,0.023419,0.05,0.15,0.3,0.65,0.65,0.75,0.95,0.0,0.0,0.0,0.1,0.04
8,PB_FED,0.023417,0.05,0.3,0.45,0.7,0.75,0.8,0.95,-0.5,0.0,0.0,0.12,0.04
8,PB_only,0.023413,0.15,0.2,0.45,0.65,0.65,0.75,0.95,0.0,0.0,0.0,0.06,0.05
6,PB_only,0.023399,0.05,0.15,0.35,0.7,0.65,0.85,0.95,0.0,0.0,0.0,0.1,0.03
8,PE_FED,0.023399,0.1,0.2,0.35,0.7,0.7,0.85,0.95,0.0,0.0,0.0,0.12,0.04
8,PB_only,0.023398,0.05,0.2,0.4,0.65,0.7,0.75,0.95,0.0,0.0,0.0,0.08,0.04
8,PE_FED,0.023397,0.1,0.15,0.45,0.7,0.65,0.85,0.95,0.0,0.0,0.0,0.08,0.04
6,PB_only,0.023384,0.15,0.25,0.3,0.65,0.65,0.75,0.9,0.0,0.0,0.0,0.12,0.04
6,PB_only,0.023367,0.1,0.3,0.35,0.7,0.7,0.75,0.85,0.0,0.0,0.0,0.08,0.04
6,PB_FED,0.023347,0.05,0.15,0.35,0.7,0.7,0.8,0.95,-0.5,0.0,0.0,0.1,0.03
8,PB_only,0.02333,0.1,0.15,0.35,0.65,0.75,0.85,0.95,0.0,0.0,0.0,0.06,0.05
8,PB_only,0.023324,0.05,0.25,0.4,0.65,0.7,0.75,0.9,0.0,0.0,0.0,0.12,0.04
8,PB_FED,0.023317,0.15,0.3,0.35,0.65,0.65,0.8,0.95,-0.5,0.0,0.0,0.12,0.03
8,PB_FED,0.023309,0.1,0.25,0.35,0.6,0.7,0.85,0.9,0.0,0.0,0.0,0.1,0.03
8,PE_FED,0.023302,0.1,0.2,0.35,0.7,0.65,0.85,0.95,-0.5,0.0,0.0,0.1,0.05
8,PB_only,0.0233,0.05,0.25,0.45,0.7,0.65,0.75,0.95,0.0,0.0,0.0,0.06,0.04
6,PB_only,0.023297,0.1,0.2,0.4,0.65,0.65,0.75,0.85,0.0,0.0,0.0,0.1,0.03
8,PB_FED,0.02329,0.1,0.3,0.4,0.65,0.65,0.85,0.9,0.0,0.0,0.0,0.1,0.03
8,PB_FED,0.02329,0.05,0.15,0.45,0.6,0.7,0.75,0.9,-0.5,0.0,0.0,0.12,0.04
8,PB_FED,0.023289,0.1,0.15,0.35,0.55,0.65,0.8,0.95,0.0,0.0,0.0,0.12,0.03
8,PB_FED,0.02327,0.05,0.15,0.3,0.5,0.7,0.75,0.85,0.0,0.0,0.0,0.06,0.04
6,PB_only,0.023266,0.05,0.2,0.45,0.7,0.75,0.8,0.9,0.0,0.0,0.0,0.06,0.03
6,PB_only,0.023266,0.05,0.2,0.45,0.7,0.7,0.8,0.9,0.0,0.0,0.0,0.1,0.03
6,PB_only,0.023251,0.05,0.25,0.4,0.7,0.7,0.8,0.95,0.0,0.0,0.0,0.12,0.03
8,PB_only,0.023244,0.1,0.2,0.45,0.65,0.65,0.8,0.85,0.0,0.0,0.0,0.12,0.03
8,PB_FED,0.023242,0.1,0.15,0.45,0.6,0.7,0.8,0.85,-0.5,0.0,0.0,0.08,0.04
6,PB_only,0.023228,0.1,0.2,0.45,0.7,0.7,0.85,0.95,0.0,0.0,0.0,0.12,0.03
8,PB_only,0.023227,0.05,0.15,0.3,0.6,0.65,0.75,0.85,0.0,0.0,0.0,0.12,0.04
6,PB_FED,0.023214,0.05,0.15,0.35,0.7,0.65,0.75,0.9,-0.5,0.0,0.0,0.1,0.05
8,PB_FED,0.023212,0.15,0.2,0.3,0.55,0.7,0.85,0.9,0.0,0.0,0.0,0.12,0.03
8,PE_FED,0.02321,0.05,0.15,0.45,0.65,0.65,0.8,0.95,-0.5,0.0,0.0,0.06,0.04
6,PB_only,0.023196,0.15,0.2,0.35,0.7,0.65,0.85,0.95,0.0,0.0,0.0,0.08,0.03
6,PB_only,0.023188,0.15,0.3,0.4,0.7,0.65,0.75,0.85,0.0,0.0,0.0,0.12,0.03
6,PB_only,0.023187,0.15,0.3,0.4,0.7,0.7,0.75,0.95,0.0,0.0,0.0,0.08,0.05
8,PB_FED,0.023184,0.05,0.3,0.4,0.65,0.7,0.75,0.9,0.0,0.0,0.0,0.06,0.05
8,PB_FED,0.023183,0.2,0.25,0.45,0.65,0.75,0.8,0.95,0.0,0.0,0.0,0.06,0.04
8,PE_only,0.023181,0.05,0.15,0.3,0.7,0.7,0.75,0.95,0.0,0.0,0.0,0.08,0.04
8,PB_only,0.023177,0.05,0.2,0.3,0.65,0.75,0.8,0.95,0.0,0.0,0.0,0.1,0.04
8,PB_only,0.023174,0.05,0.15,0.45,0.65,0.75,0.8,0.9,0.0,0.0,0.0,0.12,0.04
8,PB_FED,0.023167,0.1,0.2,0.3,0.6,0.7,0.8,0.9,-0.5,0.0,0.0,0.08,0.05
8,PB_only,0.023165,0.05,0.2,0.35,0.65,0.7,0.8,0.85,0.0,0.0,0.0,0.1,0.05
8,PB_only,0.023165,0.05,0.2,0.35,0.65,0.7,0.8,0.85,0.0,0.0,0.0,0.08,0.05
8,PB_FED,0.023155,0.05,0.2,0.3,0.6,0.7,0.85,0.95,0.0,0.0,0.0,0.12,0.05
8,PE_FED,0.02315,0.05,0.25,0.35,0.7,0.65,0.8,0.95,0.0,0.0,0.0,0.06,0.04
8,PB_FED,0.023139,0.05,0.25,0.35,0.6,0.75,0.8,0.9,0.0,0.0,0.0,0.06,0.03
8,PB_only,0.023136,0.1,0.2,0.45,0.7,0.65,0.85,0.95,0.0,0.0,0.0,0.12,0.04
6,PB_only,0.023135,0.1,0.25,0.35,0.65,0.65,0.75,0.9,0.0,0.0,0.0,0.08,0.03
8,PB_FED,0.023132,0.05,0.15,0.35,0.5,0.7,0.75,0.9,0.0,0.0,0.0,0.12,0.03
8,PB_only,0.023128,0.05,0.15,0.35,0.65,0.7,0.85,0.9,0.0,0.0,0.0,0.1,0.05
8,PB_only,0.023125,0.15,0.2,0.35,0.65,0.75,0.8,0.95,0.0,0.0,0.0,0.06,0.04
6,PB_only,0.023123,0.15,0.2,0.45,0.7,0.65,0.8,0.9,0.0,0.0,0.0,0.12,0.04
8,PB_FED,0.023122,0.1,0.15,0.3,0.6,0.65,0.75,0.85,0.5,0.0,0.0,0.06,0.03
8,PB_FED,0.023109,0.15,0.2,0.35,0.6,0.65,0.8,0.9,-0.5,0.0,0.0,0.1,0.04
6,PB_only,0.023106,0.1,0.15,0.45,0.7,0.65,0.8,0.9,0.0,0.0,0.0,0.06,0.05
8,PE_FED,0.023105,0.1,0.2,0.35,0.65,0.75,0.8,0.95,-0.5,0.0,0.0,0.06,0.04
8,PB_only,0.023102,0.05,0.25,0.35,0.65,0.65,0.75,0.95,0.0,0.0,0.0,0.1,0.05
8,PB_only,0.023099,0.05,0.25,0.45,0.65,0.65,0.75,0.9,0.0,0.0,0.0,0.12,0.03
6,PB_FED,0.023096,0.1,0.2,0.35,0.7,0.75,0.8,0.85,-0.5,0.0,0.0,0.06,0.04
8,PB_only,0.023091,0.2,0.3,0.4,0.7,0.65,0.8,0.9,0.0,0.0,0.0,0.06,0.05
6,PB_only,0.023089,0.15,0.25,0.35,0.65,0.65,0.75,0.85,0.0,0.0,0.0,0.06,0.03
8,PB_only,0.023088,0.1,0.2,0.3,0.65,0.7,0.85,0.95,0.0,0.0,0.0,0.12,0.05
8,PB_FED,0.023079,0.05,0.2,0.3,0.7,0.65,0.75,0.95,0.5,0.0,0.0,0.1,0.03
6,PB_only,0.023073,0.2,0.3,0.35,0.7,0.65,0.75,0.85,0.0,0.0,0.0,0.12,0.03
8,PE_FED,0.023069,0.1,0.25,0.3,0.65,0.65,0.75,0.95,0.0,0.0,0.0,0.1,0.05
8,PB_only,0.023063,0.15,0.25,0.35,0.65,0.65,0.8,0.85,0.0,0.0,0.0,0.06,0.05
6,PB_only,0.023058,0.15,0.2,0.3,0.65,0.7,0.8,0.85,0.0,0.0,0.0,0.1,0.04
6,PB_only,0.023058,0.15,0.2,0.3,0.65,0.75,0.8,0.85,0.0,0.0,0.0,0.1,0.04
8,PB_only,0.023058,0.05,0.3,0.35,0.7,0.65,0.8,0.95,0.0,0.0,0.0,0.1,0.03
6,PB_only,0.023054,0.1,0.3,0.4,0.7,0.65,0.75,0.9,0.0,0.0,0.0,0.1,0.03
8,PB_only,0.023049,0.15,0.2,0.3,0.65,0.65,0.8,0.95,0.0,0.0,0.0,0.08,0.04
8,PB_FED,0.023044,0.2,0.25,0.45,0.65,0.65,0.8,0.9,0.0,0.0,0.0,0.06,0.05
6,PB_FED,0.023036,0.15,0.2,0.4,0.7,0.75,0.8,0.9,-0.5,0.0,0.0,0.12,0.03
8,PB_FED,0.023027,0.15,0.25,0.35,0.55,0.65,0.75,0.95,0.0,0.0,0.0,0.1,0.05
6,PB_only,0.023026,0.15,0.25,0.4,0.7,0.7,0.85,0.9,0.0,0.0,0.0,0.12,0.03
6,PB_only,0.023026,0.15,0.2,0.4,0.7,0.75,0.85,0.95,0.0,0.0,0.0,0.1,0.05
8,PB_only,0.023019,0.1,0.15,0.3,0.6,0.7,0.8,0.85,0.0,0.0,0.0,0.1,0.04
8,PB_FED,0.023014,0.15,0.3,0.4,0.7,0.65,0.85,0.95,0.0,0.0,0.0,0.08,0.04
8,PB_FED,0.023011,0.1,0.2,0.45,0.6,0.7,0.75,0.85,-0.5,0.0,0.0,0.1,0.03
6,PB_only,0.02301,0.1,0.25,0.3,0.65,0.7,0.75,0.95,0.0,0.0,0.0,0.06,0.05
8,PB_only,0.023009,0.05,0.3,0.45,0.7,0.75,0.85,0.95,0.0,0.0,0.0,0.08,0.03
8,PB_FED,0.023008,0.1,0.3,0.4,0.6,0.65,0.75,0.9,0.0,0.0,0.0,0.1,0.04
8,PB_only,0.023004,0.05,0.3,0.4,0.7,0.7,0.8,0.95,0.0,0.0,0.0,0.1,0.05
6,PB_only,0.023001,0.15,0.2,0.35,0.65,0.7,0.75,0.85,0.0,0.0,0.0,0.06,0.04
6,PB_only,0.022998,0.05,0.15,0.4,0.7,0.75,0.85,0.9,0.0,0.0,0.0,0.1,0.04
8,PB_FED,0.022996,0.15,0.3,0.4,0.6,0.65,0.75,0.95,0.0,0.0,0.0,0.08,0.03
8,PB_only,0.022994,0.2,0.25,0.35,0.65,0.7,0.8,0.85,0.0,0.0,0.0,0.06,0.03
6,PB_only,0.02299,0.1,0.15,0.45,0.7,0.75,0.85,0.95,0.0,0.0,0.0,0.06,0.04
6,PB_only,0.022982,0.2,0.3,0.35,0.7,0.7,0.75,0.85,0.0,0.0,0.0,0.08,0.03
6,PB_only,0.02298,0.15,0.25,0.3,0.65,0.7,0.75,0.95,0.0,0.0,0.0,0.08,0.05
6,PB_only,0.02297,0.05,0.25,0.35,0.7,0.7,0.8,0.85,0.0,0.0,0.0,0.08,0.03
8,PB_FED,0.022969,0.15,0.2,0.45,0.55,0.65,0.75,0.9,0.0,0.0,0.0,0.12,0.04
6,PB_FED,0.02296,0.05,0.2,0.3,0.7,0.7,0.85,0.95,-0.5,0.0,0.0,0.08,0.03
6,PB_only,0.022956,0.05,0.15,0.4,0.65,0.7,0.75,0.85,0.0,0.0,0.0,0.12,0.03
6,PB_FED,0.022953,0.15,0.2,0.3,0.65,0.65,0.75,0.9,-0.5,0.0,0.0,0.08,0.04
6,PB_only,0.022952,0.1,0.3,0.35,0.7,0.75,0.8,0.85,0.0,0.0,0.0,0.06,0.04
8,PB_only,0.022952,0.1,0.3,0.35,0.65,0.7,0.8,0.85,0.0,0.0,0.0,0.06,0.04
6,PB_only,0.022951,0.1,0.15,0.45,0.7,0.7,0.85,0.95,0.0,0.0,0.0,0.08,0.05
8,PB_only,0.022947,0.15,0.2,0.3,0.6,0.65,0.75,0.9,0.0,0.0,0.0,0.06,0.03
8,PB_only,0.022945,0.2,0.3,0.4,0.7,0.7,0.85,0.95,0.0,0.0,0.0,0.08,0.05
8,PB_only,0.022939,0.05,0.2,0.4,0.65,0.75,0.8,0.95,0.0,0.0,0.0,0.06,0.03
8,PE_FED,0.022938,0.1,0.2,0.35,0.6,0.65,0.8,0.95,0.0,0.0,0.0,0.08,0.03
6,PB_only,0.022937,0.05,0.2,0.3,0.7,0.7,0.85,0.9,0.0,0.0,0.0,0.1,0.05
8,PB_FED,0.022932,0.1,0.15,0.45,0.7,0.7,0.75,0.9,0.5,0.0,0.0,0.08,0.03
8,PB_only,0.022931,0.1,0.3,0.45,0.7,0.65,0.8,0.9,0.0,0.0,0.0,0.12,0.05
8,PB_only,0.022922,0.2,0.25,0.45,0.65,0.65,0.75,0.85,0.0,0.0,0.0,0.06,0.04
8,PB_only,0.022922,0.2,0.25,0.45,0.65,0.65,0.75,0.85,0.0,0.0,0.0,0.12,0.04
8,PB_FED,0.022921,0.1,0.3,0.4,0.65,0.7,0.8,0.95,0.0,0.0,0.0,0.12,0.04
8,PB_only,0.022916,0.05,0.15,0.35,0.65,0.75,0.8,0.85,0.0,0.0,0.0,0.06,0.05
6,PB_only,0.022906,0.2,0.25,0.35,0.7,0.7,0.8,0.95,0.0,0.0,0.0,0.06,0.04
6,PB_FED,0.022904,0.05,0.15,0.35,0.7,0.65,0.75,0.9,0.0,0.0,0.0,0.06,0.03
8,PB_FED,0.022903,0.1,0.25,0.45,0.65,0.7,0.85,0.9,-0.5,0.0,0.0,0.12,0.04
8,PB_FED,0.022893,0.05,0.2,0.35,0.7,0.65,0.75,0.9,0.5,0.0,0.0,0.12,0.03
6,PB_FED,0.022892,0.1,0.2,0.3,0.65,0.7,0.75,0.9,0.0,0.0,0.0,0.1,0.03
6,PB_only,0.022889,0.15,0.2,0.35,0.65,0.7,0.75,0.9,0.0,0.0,0.0,0.1,0.05
8,PB_only,0.022889,0.05,0.2,0.3,0.65,0.75,0.85,0.9,0.0,0.0,0.0,0.06,0.05
8,PB_only,0.022887,0.1,0.2,0.45,0.65,0.7,0.8,0.95,0.0,0.0,0.0,0.06,0.03
8,PB_only,0.022883,0.15,0.2,0.3,0.6,0.7,0.75,0.9,0.0,0.0,0.0,0.06,0.03
6,PB_only,0.022878,0.05,0.2,0.3,0.65,0.65,0.8,0.85,0.0,0.0,0.0,0.12,0.03
6,PB_only,0.022877,0.2,0.25,0.35,0.7,0.7,0.8,0.95,0.0,0.0,0.0,0.12,0.05
8,PB_only,0.022874,0.05,0.15,0.4,0.65,0.7,0.8,0.95,0.0,0.0,0.0,0.1,0.05
8,PB_only,0.022873,0.15,0.3,0.4,0.65,0.7,0.75,0.9,0.0,0.0,0.0,0.1,0.04
6,PB_only,0.02287,0.1,0.15,0.4,0.65,0.7,0.8,0.95,0.0,0.0,0.0,0.06,0.03
6,PB_only,0.022868,0.15,0.25,0.3,0.7,0.75,0.8,0.85,0.0,0.0,0.0,0.12,0.05
6,PB_only,0.022865,0.05,0.3,0.35,0.7,0.7,0.75,0.95,0.0,0.0,0.0,0.06,0.05
8,PE_FED,0.022864,0.05,0.15,0.45,0.6,0.7,0.75,0.95,0.0,0.0,0.0,0.06,0.04
8,PB_FED,0.02286,0.05,0.25,0.45,0.65,0.7,0.8,0.9,-0.5,0.0,0.0,0.06,0.04
8,PB_FED,0.022859,0.15,0.25,0.3,0.6,0.7,0.8,0.9,-0.5,0.0,0.0,0.1,0.04
8,PE_FED,0.022854,0.1,0.2,0.45,0.65,0.7,0.75,0.95,0.0,0.0,0.0,0.08,0.04
6,PB_only,0.022851,0.1,0.2,0.4,0.7,0.75,0.85,0.9,0.0,0.0,0.0,0.06,0.04
8,PB_FED,0.022846,0.05,0.15,0.4,0.55,0.7,0.75,0.95,-0.5,0.0,0.0,0.06,0.03
6,PB_only,0.022845,0.05,0.15,0.3,0.65,0.7,0.85,0.95,0.0,0.0,0.0,0.12,0.03
8,PB_FED,0.022836,0.1,0.3,0.4,0.65,0.75,0.8,0.95,0.0,0.0,0.0,0.12,0.05
6,PB_only,0.022825,0.15,0.25,0.35,0.7,0.7,0.85,0.95,0.0,0.0,0.0,0.06,0.05
8,PB_FED,0.022824,0.1,0.3,0.35,0.65,0.65,0.85,0.9,0.0,0.0,0.0,0.08,0.04
8,PE_FED,0.022816,0.1,0.25,0.35,0.65,0.7,0.8,0.95,0.0,0.0,0.0,0.08,0.04
8,PE_FED,0.022815,0.1,0.15,0.3,0.55,0.65,0.8,0.95,0.0,0.0,0.0,0.08,0.05
6,PB_only,0.022802,0.05,0.15,0.3,0.65,0.75,0.8,0.9,0.0,0.0,0.0,0.12,0.05
8,PB_FED,0.022793,0.15,0.25,0.45,0.65,0.65,0.85,0.9,0.0,0.0,0.0,0.12,0.05
8,PB_only,0.02279,0.15,0.25,0.35,0.65,0.65,0.85,0.9,0.0,0.0,0.0,0.12,0.04
6,PB_only,0.022785,0.1,0.15,0.35,0.65,0.65,0.75,0.85,0.0,0.0,0.0,0.1,0.05
8,PB_FED,0.022784,0.15,0.3,0.45,0.6,0.7,0.75,0.9,0.0,0.0,0.0,0.1,0.03
6,PB_only,0.022779,0.05,0.3,0.35,0.7,0.7,0.75,0.85,0.0,0.0,0.0,0.06,0.03
6,PB_only,0.022773,0.05,0.25,0.35,0.7,0.65,0.75,0.95,0.0,0.0,0.0,0.12,0.04
8,PB_FED,0.02277,0.2,0.25,0.35,0.65,0.7,0.85,0.95,-0.5,0.0,0.0,0.12,0.05
6,PB_only,0.022761,0.2,0.25,0.4,0.7,0.75,0.85,0.95,0.0,0.0,0.0,0.08,0.03
8,PE_FED,0.02276,0.1,0.2,0.35,0.7,0.7,0.85,0.95,0.0,0.0,0.0,0.1,0.03
8,PE_FED,0.022758,0.1,0.2,0.35,0.65,0.65,0.75,0.95,-0.5,0.0,0.0,0.1,0.05
8,PB_only,0.022753,0.05,0.15,0.35,0.65,0.65,0.85,0.95,0.0,0.0,0.0,0.08,0.05
8,PB_only,0.022749,0.05,0.25,0.45,0.65,0.7,0.75,0.85,0.0,0.0,0.0,0.12,0.04
8,PB_only,0.022749,0.05,0.2,0.45,0.65,0.75,0.8,0.9,0.0,0.0,0.0,0.06,0.03
8,PB_only,0.022745,0.2,0.25,0.35,0.65,0.75,0.8,0.9,0.0,0.0,0.0,0.08,0.04
8,PB_FED,0.022744,0.05,0.15,0.35,0.6,0.65,0.8,0.9,-0.5,0.0,0.0,0.1,0.05
6,PB_only,0.022739,0.1,0.25,0.3,0.65,0.65,0.8,0.9,0.0,0.0,0.0,0.08,0.03
6,PB_only,0.022738,0.05,0.25,0.35,0.7,0.7,0.8,0.85,0.0,0.0,0.0,0.08,0.05
6,PB_FED,0.022736,0.15,0.25,0.3,0.7,0.7,0.8,0.9,-0.5,0.0,0.0,0.1,0.03
6,PB_FED,0.022728,0.05,0.2,0.3,0.7,0.75,0.8,0.95,-0.5,0.0,0.0,0.1,0.04
8,PB_only,0.022722,0.2,0.25,0.3,0.65,0.7,0.85,0.95,0.0,0.0,0.0,0.12,0.03
8,PE_FED,0.022719,0.2,0.25,0.3,0.7,0.75,0.85,0.95,-0.5,0.0,0.0,0.1,0.04
6,PB_only,0.022717,0.15,0.25,0.45,0.7,0.75,0.85,0.95,0.0,0.0,0.0,0.08,0.03
6,PB_only,0.022717,0.2,0.25,0.3,0.65,0.65,0.75,0.9,0.0,0.0,0.0,0.1,0.04
6,PB_only,0.022703,0.2,0.25,0.45,0.7,0.75,0.8,0.85,0.0,0.0,0.0,0.1,0.03
8,PB_FED,0.022695,0.05,0.2,0.35,0.6,0.7,0.8,0.85,0.0,0.0,0.0,0.08,0.05
6,PB_only,0.022692,0.15,0.2,0.45,0.7,0.65,0.8,0.95,0.0,0.0,0.0,0.1,0.03
6,PB_FED,0.022677,0.1,0.15,0.35,0.7,0.65,0.8,0.9,-0.5,0.0,0.0,0.08,0.05
8,PE_FED,0.022677,0.05,0.25,0.4,0.7,0.75,0.8,0.95,0.0,0.0,0.0,0.1,0.05
6,PB_FED,0.022664,0.1,0.15,0.45,0.7,0.7,0.8,0.95,-0.5,0.0,0.0,0.12,0.03
8,PB_FED,0.022653,0.2,0.25,0.3,0.65,0.7,0.75,0.95,0.5,0.0,0.0,0.1,0.03
6,PB_only,0.022652,0.2,0.25,0.3,0.7,0.75,0.85,0.9,0.0,0.0,0.0,0.06,0.04
8,PB_only,0.022651,0.2,0.25,0.4,0.65,0.7,0.75,0.9,0.0,0.0,0.0,0.08,0.05
8,PE_FED,0.02263,0.1,0.15,0.45,0.65,0.7,0.85,0.95,0.0,0.0,0.0,0.08,0.05
8,PB_only,0.022628,0.15,0.2,0.4,0.65,0.75,0.8,0.95,0.0,0.0,0.0,0.1,0.05
8,PB_FED,0.022628,0.15,0.2,0.4,0.55,0.65,0.75,0.95,0.0,0.0,0.0,0.1,0.04
6,PB_only,0.022626,0.05,0.2,0.3,0.65,0.65,0.8,0.9,0.0,0.0,0.0,0.1,0.04
8,PB_only,0.022626,0.15,0.25,0.4,0.65,0.65,0.8,0.85,0.0,0.0,0.0,0.08,0.05
8,PB_only,0.022623,0.05,0.15,0.3,0.6,0.75,0.8,0.85,0.0,0.0,0.0,0.08,0.04
8,PE_FED,0.022614,0.05,0.15,0.35,0.55,0.7,0.8,0.95,0.0,0.0,0.0,0.12,0.03
6,PB_only,0.022596,0.1,0.25,0.4,0.65,0.7,0.75,0.9,0.0,0.0,0.0,0.08,0.03
8,PB_FED,0.022596,0.1,0.2,0.3,0.5,0.7,0.75,0.85,0.0,0.0,0.0,0.08,0.04
8,PE_FED,0.022593,0.15,0.25,0.45,0.7,0.65,0.75,0.95,0.0,0.0,0.0,0.12,0.03
6,PB_FED,0.02259,0.1,0.2,0.3,0.7,0.7,0.8,0.9,0.0,0.0,0.0,0.06,0.04
6,PB_only,0.022573,0.05,0.2,0.3,0.65,0.7,0.8,0.9,0.0,0.0,0.0,0.12,0.04
8,PB_FED,0.022562,0.05,0.25,0.35,0.6,0.7,0.75,0.85,0.0,0.0,0.0,0.1,0.05
8,PB_FED,0.022557,0.1,0.2,0.4,0.6,0.75,0.8,0.9,-0.5,0.0,0.0,0.08,0.04
6,PB_only,0.02255,0.1,0.25,0.35,0.7,0.65,0.8,0.85,0.0,0.0,0.0,0.06,0.05
8,PB_only,0.02252,0.1,0.2,0.3,0.6,0.65,0.75,0.85,0.0,0.0,0.0,0.08,0.04
8,PB_only,0.022506,0.1,0.25,0.45,0.65,0.75,0.85,0.9,0.0,0.0,0.0,0.06,0.03
8,PB_FED,0.022496,0.1,0.25,0.4,0.55,0.7,0.75,0.95,0.0,0.0,0.0,0.12,0.05
8,PE_only,0.022494,0.1,0.15,0.3,0.7,0.75,0.85,0.95,0.0,0.0,0.0,0.08,0.05
8,PB_FED,0.02249,0.1,0.3,0.4,0.65,0.7,0.8,0.9,-0.5,0.0,0.0,0.1,0.05
6,PB_only,0.022485,0.2,0.25,0.35,0.65,0.65,0.75,0.85,0.0,0.0,0.0,0.12,0.03
6,PB_FED,0.022483,0.05,0.15,0.3,0.65,0.7,0.75,0.9,-0.5,0.0,0.0,0.08,0.05
8,PB_only,0.02248,0.1,0.2,0.45,0.65,0.65,0.8,0.85,0.0,0.0,0.0,0.06,0.05
6,PB_only,0.022473,0.15,0.2,0.4,0.65,0.65,0.75,0.9,0.0,0.0,0.0,0.1,0.05
8,PE_FED,0.022465,0.15,0.25,0.35,0.7,0.7,0.85,0.95,0.0,0.0,0.0,0.06,0.04
8,PB_only,0.022465,0.15,0.2,0.45,0.65,0.75,0.85,0.95,0.0,0.0,0.0,0.06,0.03
8,PE_FED,0.022462,0.1,0.3,0.35,0.7,0.7,0.8,0.95,-0.5,0.0,0.0,0.08,0.05
8,PB_FED,0.022462,0.05,0.15,0.4,0.6,0.65,0.8,0.95,-0.5,0.0,0.0,0.12,0.03
8,PB_FED,0.022454,0.2,0.25,0.4,0.65,0.7,0.85,0.95,-0.5,0.0,0.0,0.06,0.04
6,PB_only,0.02245,0.1,0.25,0.3,0.65,0.75,0.8,0.85,0.0,0.0,0.0,0.08,0.03
8,PE_FED,0.022441,0.15,0.2,0.4,0.65,0.7,0.85,0.95,0.0,0.0,0.0,0.1,0.04
8,PB_FED,0.022441,0.15,0.25,0.3,0.6,0.7,0.85,0.95,-0.5,0.0,0.0,0.08,0.03
8,PB_FED,0.022439,0.15,0.3,0.45,0.65,0.7,0.8,0.95,0.0,0.0,0.0,0.08,0.04
6,PB_only,0.022435,0.1,0.3,0.45,0.7,0.65,0.75,0.9,0.0,0.0,0.0,0.08,0.03
8,PB_only,0.022435,0.15,0.2,0.3,0.6,0.7,0.75,0.85,0.0,0.0,0.0,0.12,0.04
8,PB_only,0.02243,0.15,0.3,0.4,0.65,0.65,0.8,0.9,0.0,0.0,0.0,0.12,0.03
8,PB_only,0.02243,0.15,0.3,0.4,0.65,0.65,0.8,0.9,0.0,0.0,0.0,0.08,0.03
8,PB_only,0.022429,0.15,0.25,0.45,0.65,0.7,0.8,0.9,0.0,0.0,0.0,0.06,0.04
6,PB_only,0.022427,0.1,0.15,0.45,0.7,0.75,0.8,0.85,0.0,0.0,0.0,0.06,0.05
8,PB_only,0.022425,0.05,0.25,0.4,0.7,0.65,0.85,0.95,0.0,0.0,0.0,0.12,0.04
6,PB_only,0.022421,0.15,0.2,0.45,0.7,0.7,0.85,0.95,0.0,0.0,0.0,0.1,0.04
8,PB_FED,0.022409,0.05,0.2,0.3,0.55,0.7,0.85,0.95,0.0,0.0,0.0,0.1,0.03
6,PB_only,0.022396,0.15,0.25,0.35,0.65,0.7,0.75,0.95,0.0,0.0,0.0,0.1,0.05
8,PB_only,0.022396,0.05,0.15,0.4,0.65,0.75,0.8,0.85,0.0,0.0,0.0,0.06,0.05
8,PE_FED,0.022395,0.15,0.25,0.3,0.6,0.7,0.75,0.95,0.0,0.0,0.0,0.06,0.03
8,PB_only,0.022395,0.05,0.3,0.45,0.7,0.7,0.8,0.95,0.0,0.0,0.0,0.12,0.05
8,PB_only,0.02239,0.1,0.25,0.3,0.65,0.7,0.85,0.95,0.0,0.0,0.0,0.12,0.04
6,PB_only,0.022385,0.1,0.2,0.3,0.65,0.75,0.8,0.9,0.0,0.0,0.0,0.1,0.05
8,PB_only,0.022385,0.1,0.2,0.35,0.65,0.65,0.85,0.95,0.0,0.0,0.0,0.06,0.05
6,PB_only,0.022383,0.05,0.15,0.4,0.65,0.7,0.8,0.95,0.0,0.0,0.0,0.08,0.03
8,PB_FED,0.022368,0.05,0.3,0.45,0.65,0.7,0.75,0.95,-0.5,0.0,0.0,0.08,0.04
6,PB_only,0.022364,0.1,0.2,0.3,0.65,0.75,0.8,0.95,0.0,0.0,0.0,0.06,0.04
6,PB_only,0.022363,0.1,0.3,0.4,0.7,0.75,0.8,0.9,0.0,0.0,0.0,0.08,0.04
8,PE_FED,0.022363,0.1,0.2,0.4,0.65,0.75,0.85,0.95,0.0,0.0,0.0,0.08,0.04
8,PB_only,0.02236,0.1,0.2,0.45,0.65,0.65,0.75,0.95,0.0,0.0,0.0,0.12,0.04
6,PB_only,0.022358,0.2,0.3,0.35,0.7,0.75,0.8,0.9,0.0,0.0,0.0,0.12,0.04
8,PB_only,0.022353,0.05,0.25,0.4,0.65,0.7,0.75,0.85,0.0,0.0,0.0,0.08,0.05
6,PB_FED,0.022347,0.15,0.2,0.4,0.7,0.65,0.75,0.85,0.0,0.0,0.0,0.06,0.03
6,PB_only,0.022325,0.1,0.25,0.45,0.7,0.75,0.8,0.95,0.0,0.0,0.0,0.1,0.05
8,PE_only,0.022323,0.05,0.15,0.4,0.7,0.7,0.75,0.95,0.0,0.0,0.0,0.12,0.05
6,PB_FED,0.022318,0.1,0.15,0.45,0.7,0.7,0.8,0.9,-0.5,0.0,0.0,0.1,0.04
8,PB_only,0.022316,0.05,0.15,0.4,0.65,0.75,0.85,0.95,0.0,0.0,0.0,0.08,0.04
6,PB_only,0.02231,0.15,0.2,0.3,0.65,0.75,0.8,0.95,0.0,0.0,0.0,0.08,0.04
6,PB_only,0.022302,0.1,0.25,0.4,0.65,0.65,0.75,0.9,0.0,0.0,0.0,0.06,0.04
8,PB_only,0.022294,0.15,0.2,0.45,0.65,0.7,0.8,0.9,0.0,0.0,0.0,0.06,0.05
8,PB_FED,0.022294,0.2,0.3,0.35,0.65,0.75,0.8,0.95,-0.5,0.0,0.0,0.1,0.04
8,PB_only,0.022289,0.05,0.2,0.4,0.65,0.65,0.85,0.9,0.0,0.0,0.0,0.1,0.04
6,PB_only,0.022284,0.2,0.25,0.35,0.7,0.75,0.85,0.95,0.0,0.0,0.0,0.06,0.04
6,PB_only,0.022277,0.1,0.2,0.4,0.65,0.7,0.8,0.9,0.0,0.0,0.0,0.1,0.03
8,PB_FED,0.022275,0.05,0.25,0.35,0.55,0.65,0.75,0.85,0.0,0.0,0.0,0.08,0.03
8,PB_only,0.022273,0.1,0.2,0.4,0.65,0.7,0.85,0.9,0.0,0.0,0.0,0.06,0.05
6,PB_only,0.022269,0.15,0.2,0.3,0.65,0.65,0.8,0.95,0.0,0.0,0.0,0.12,0.05
8,PB_only,0.022261,0.05,0.2,0.45,0.65,0.7,0.8,0.9,0.0,0.0,0.0,0.08,0.04
8,PE_only,0.022259,0.1,0.15,0.4,0.7,0.65,0.8,0.95,0.0,0.0,0.0,0.08,0.03
8,PB_only,0.022253,0.2,0.25,0.4,0.65,0.7,0.8,0.95,0.0,0.0,0.0,0.08,0.03
8,PB_only,0.022253,0.2,0.3,0.4,0.7,0.65,0.85,0.95,0.0,0.0,0.0,0.1,0.05
8,PB_only,0.022253,0.2,0.25,0.4,0.65,0.7,0.8,0.95,0.0,0.0,0.0,0.1,0.03
6,PB_only,0.022245,0.15,0.25,0.3,0.65,0.7,0.8,0.9,0.0,0.0,0.0,0.1,0.04
6,PB_only,0.022245,0.15,0.25,0.3,0.65,0.75,0.8,0.9,0.0,0.0,0.0,0.06,0.04
6,PB_only,0.022245,0.2,0.25,0.35,0.7,0.75,0.85,0.95,0.0,0.0,0.0,0.06,0.05
8,PE_only,0.022236,0.15,0.2,0.3,0.7,0.7,0.75,0.95,0.0,0.0,0.0,0.12,0.04
6,PB_only,0.022228,0.2,0.25,0.3,0.65,0.7,0.75,0.85,0.0,0.0,0.0,0.06,0.04
8,PB_only,0.022228,0.05,0.2,0.4,0.65,0.75,0.8,0.9,0.0,0.0,0.0,0.12,0.05
6,PB_only,0.02222,0.05,0.15,0.45,0.7,0.65,0.8,0.85,0.0,0.0,0.0,0.08,0.05
8,PB_FED,0.022218,0.2,0.3,0.35,0.65,0.75,0.8,0.95,-0.5,0.0,0.0,0.1,0.05
8,PE_FED,0.022217,0.1,0.15,0.45,0.65,0.65,0.85,0.95,0.0,0.0,0.0,0.06,0.03
6,PB_only,0.022209,0.05,0.25,0.3,0.7,0.75,0.85,0.9,0.0,0.0,0.0,0.1,0.05
8,PE_FED,0.022199,0.2,0.25,0.35,0.7,0.75,0.85,0.95,-0.5,0.0,0.0,0.1,0.05
8,PB_only,0.022188,0.1,0.15,0.4,0.6,0.65,0.75,0.85,0.0,0.0,0.0,0.06,0.04
6,PB_only,0.022186,0.2,0.3,0.35,0.7,0.65,0.8,0.9,0.0,0.0,0.0,0.06,0.03
8,PE_FED,0.022185,0.1,0.25,0.3,0.65,0.7,0.75,0.95,-0.5,0.0,0.0,0.12,0.04
8,PB_FED,0.022184,0.05,0.15,0.35,0.6,0.65,0.75,0.9,0.5,0.0,0.0,0.12,0.03
6,PB_only,0.022174,0.1,0.15,0.3,0.65,0.75,0.85,0.9,0.0,0.0,0.0,0.1,0.04
8,PB_FED,0.022171,0.15,0.2,0.35,0.7,0.7,0.75,0.9,0.5,0.0,0.0,0.08,0.05
6,PB_only,0.02217,0.2,0.25,0.45,0.7,0.7,0.85,0.95,0.0,0.0,0.0,0.06,0.03
6,PB_only,0.02217,0.05,0.2,0.4,0.65,0.7,0.75,0.95,0.0,0.0,0.0,0.06,0.04
8,PB_only,0.022148,0.15,0.3,0.4,0.65,0.65,0.85,0.9,0.0,0.0,0.0,0.12,0.03
8,PB_only,0.022147,0.05,0.25,0.35,0.65,0.75,0.85,0.95,0.0,0.0,0.0,0.08,0.03
8,PB_FED,0.022137,0.1,0.15,0.45,0.55,0.75,0.8,0.85,0.0,0.0,0.0,0.12,0.04
8,PE_FED,0.022133,0.2,0.25,0.4,0.7,0.7,0.8,0.95,0.0,0.0,0.0,0.12,0.05
8,PB_FED,0.022131,0.05,0.2,0.35,0.6,0.65,0.85,0.9,0.0,0.0,0.0,0.12,0.05
6,PB_FED,0.022126,0.15,0.2,0.3,0.65,0.75,0.8,0.9,-0.5,0.0,0.0,0.1,0.03
6,PB_FED,0.02212,0.1,0.2,0.35,0.7,0.7,0.8,0.9,0.0,0.0,0.0,0.06,0.03
6,PB_only,0.022119,0.1,0.15,0.4,0.65,0.7,0.8,0.85,0.0,0.0,0.0,0.1,0.03
8,PB_FED,0.022115,0.2,0.25,0.45,0.6,0.75,0.8,0.9,0.0,0.0,0.0,0.06,0.03
8,PB_only,0.022112,0.2,0.3,0.45,0.65,0.65,0.75,0.9,0.0,0.0,0.0,0.1,0.03
8,PB_FED,0.02211,0.05,0.25,0.45,0.65,0.65,0.8,0.85,-0.5,0.0,0.0,0.1,0.05
6,PB_only,0.022108,0.05,0.15,0.35,0.65,0.7,0.85,0.95,0.0,0.0,0.0,0.08,0.03
6,PB_only,0.022107,0.15,0.3,0.35,0.7,0.65,0.75,0.95,0.0,0.0,0.0,0.12,0.04
6,PB_only,0.022102,0.2,0.25,0.3,0.65,0.7,0.75,0.9,0.0,0.0,0.0,0.1,0.05
6,PB_only,0.022097,0.2,0.25,0.35,0.65,0.7,0.75,0.9,0.0,0.0,0.0,0.08,0.04
6,PB_only,0.022089,0.05,0.2,0.45,0.65,0.65,0.75,0.9,0.0,0.0,0.0,0.1,0.03
8,PB_only,0.022085,0.15,0.3,0.4,0.65,0.7,0.85,0.9,0.0,0.0,0.0,0.12,0.03
8,PB_FED,0.022083,0.1,0.2,0.4,0.65,0.7,0.75,0.95,0.5,0.0,0.0,0.12,0.05
8,PB_only,0.022082,0.1,0.15,0.4,0.6,0.7,0.75,0.9,0.0,0.0,0.0,0.06,0.04
8,PB_FED,0.022081,0.1,0.15,0.4,0.5,0.65,0.75,0.85,0.0,0.0,0.0,0.06,0.04
8,PB_FED,0.022068,0.15,0.3,0.4,0.65,0.65,0.85,0.9,0.0,0.0,0.0,0.06,0.05
6,PB_FED,0.022051,0.05,0.2,0.3,0.65,0.65,0.75,0.95,-0.5,0.0,0.0,0.12,0.03
8,PE_only,0.022049,0.05,0.15,0.35,0.7,0.65,0.75,0.95,0.0,0.0,0.0,0.06,0.05
8,PB_only,0.022042,0.05,0.25,0.35,0.65,0.65,0.8,0.9,0.0,0.0,0.0,0.06,0.05
8,PE_FED,0.022033,0.05,0.25,0.35,0.7,0.7,0.85,0.95,0.0,0.0,0.0,0.1,0.04
8,PB_only,0.022026,0.1,0.3,0.4,0.65,0.7,0.75,0.95,0.0,0.0,0.0,0.08,0.05
6,PB_FED,0.022015,0.1,0.2,0.35,0.7,0.75,0.85,0.95,-0.5,0.0,0.0,0.06,0.04
8,PB_only,0.022012,0.05,0.25,0.45,0.65,0.65,0.75,0.9,0.0,0.0,0.0,0.06,0.05
8,PB_only,0.022004,0.05,0.15,0.4,0.6,0.65,0.75,0.85,0.0,0.0,0.0,0.08,0.03
8,PB_only,0.021996,0.1,0.25,0.3,0.6,0.65,0.75,0.85,0.0,0.0,0.0,0.12,0.03
8,PB_only,0.021996,0.05,0.3,0.45,0.7,0.75,0.85,0.95,0.0,0.0,0.0,0.06,0.04
8,PB_only,0.021995,0.2,0.3,0.4,0.7,0.65,0.8,0.95,0.0,0.0,0.0,0.1,0.04
6,PB_only,0.02199,0.05,0.2,0.45,0.7,0.65,0.75,0.85,0.0,0.0,0.0,0.08,0.05
6,PB_only,0.021988,0.05,0.2,0.3,0.65,0.65,0.8,0.9,0.0,0.0,0.0,0.12,0.05
6,PB_FED,0.021987,0.05,0.2,0.35,0.65,0.7,0.75,0.95,0.0,0.0,0.0,0.08,0.03
8,PE_FED,0.021967,0.05,0.25,0.3,0.6,0.7,0.75,0.95,0.0,0.0,0.0,0.1,0.04
8,PB_only,0.021964,0.2,0.25,0.35,0.65,0.75,0.85,0.9,0.0,0.0,0.0,0.1,0.04
8,PB_FED,0.021963,0.15,0.3,0.4,0.65,0.7,0.85,0.95,-0.5,0.0,0.0,0.06,0.04
8,PB_only,0.021954,0.2,0.25,0.35,0.65,0.65,0.8,0.95,0.0,0.0,0.0,0.06,0.03
8,PB_only,0.021954,0.2,0.25,0.35,0.65,0.65,0.8,0.95,0.0,0.0,0.0,0.1,0.03
8,PB_only,0.021951,0.05,0.25,0.4,0.65,0.7,0.8,0.85,0.0,0.0,0.0,0.1,0.05
6,PB_FED,0.021933,0.05,0.15,0.4,0.7,0.75,0.8,0.95,-0.5,0.0,0.0,0.06,0.05
6,PB_only,0.021929,0.1,0.25,0.4,0.65,0.65,0.75,0.95,0.0,0.0,0.0,0.12,0.05
6,PB_only,0.021927,0.1,0.2,0.45,0.65,0.7,0.75,0.95,0.0,0.0,0.0,0.1,0.04
8,PE_FED,0.021926,0.1,0.25,0.35,0.6,0.65,0.75,0.95,0.0,0.0,0.0,0.12,0.03
6,PB_only,0.021921,0.1,0.2,0.4,0.65,0.75,0.8,0.85,0.0,0.0,0.0,0.12,0.04
8,PB_FED,0.021918,0.05,0.15,0.4,0.5,0.65,0.75,0.95,0.0,0.0,0.0,0.06,0.03
8,PE_only,0.021917,0.05,0.15,0.45,0.7,0.7,0.8,0.95,0.0,0.0,0.0,0.12,0.04
8,PB_only,0.021912,0.15,0.2,0.3,0.6,0.75,0.8,0.85,0.0,0.0,0.0,0.06,0.04
8,PE_only,0.021911,0.1,0.15,0.45,0.7,0.7,0.8,0.95,0.0,0.0,0.0,0.12,0.03
6,PB_only,0.021907,0.2,0.25,0.3,0.65,0.65,0.8,0.85,0.0,0.0,0.0,0.08,0.03
6,PB_FED,0.021907,0.15,0.25,0.3,0.7,0.7,0.8,0.95,-0.5,0.0,0.0,0.08,0.04
8,PB_FED,0.021901,0.1,0.15,0.35,0.5,0.75,0.8,0.9,0.0,0.0,0.0,0.1,0.03
6,PB_FED,0.021895,0.15,0.2,0.35,0.65,0.65,0.75,0.95,-0.5,0.0,0.0,0.06,0.05
6,PB_only,0.021888,0.2,0.25,0.45,0.7,0.75,0.8,0.95,0.0,0.0,0.0,0.06,0.05
8,PE_FED,0.02188,0.2,0.25,0.45,0.7,0.7,0.8,0.95,0.0,0.0,0.0,0.1,0.03
8,PB_FED,0.021872,0.15,0.3,0.4,0.65,0.7,0.85,0.95,-0.5,0.0,0.0,0.1,0.05
8,PB_FED,0.02187,0.1,0.25,0.35,0.6,0.65,0.85,0.9,0.0,0.0,0.0,0.12,0.05
8,PE_FED,0.021862,0.2,0.3,0.4,0.7,0.75,0.8,0.95,-0.5,0.0,0.0,0.1,0.04
6,PB_only,0.021847,0.05,0.25,0.3,0.65,0.75,0.8,0.85,0.0,0.0,0.0,0.12,0.04
6,PB_FED,0.021844,0.05,0.2,0.45,0.7,0.7,0.75,0.85,-0.5,0.0,0.0,0.06,0.04
6,PB_only,0.02184,0.15,0.25,0.4,0.7,0.65,0.85,0.95,0.0,0.0,0.0,0.06,0.05
8,PB_only,0.021832,0.05,0.2,0.35,0.65,0.7,0.85,0.95,0.0,0.0,0.0,0.06,0.04
6,PB_FED,0.021823,0.2,0.25,0.3,0.7,0.75,0.85,0.9,-0.5,0.0,0.0,0.06,0.03
6,PB_only,0.021817,0.1,0.25,0.4,0.7,0.75,0.8,0.85,0.0,0.0,0.0,0.06,0.05
8,PB_FED,0.021817,0.1,0.15,0.3,0.6,0.7,0.75,0.95,1.0,0.0,0.0,0.06,0.05
8,PB_only,0.021806,0.05,0.15,0.45,0.65,0.7,0.85,0.9,0.0,0.0,0.0,0.06,0.05
6,PB_only,0.021798,0.1,0.2,0.35,0.65,0.7,0.85,0.95,0.0,0.0,0.0,0.12,0.03
6,PB_only,0.021797,0.1,0.25,0.4,0.65,0.7,0.75,0.85,0.0,0.0,0.0,0.06,0.04
8,PB_only,0.021796,0.15,0.2,0.3,0.6,0.65,0.8,0.9,0.0,0.0,0.0,0.1,0.03
6,PB_only,0.021793,0.05,0.3,0.45,0.7,0.7,0.75,0.95,0.0,0.0,0.0,0.12,0.04
8,PB_FED,0.021792,0.2,0.3,0.45,0.65,0.75,0.8,0.95,0.0,0.0,0.0,0.06,0.05
8,PB_FED,0.021791,0.15,0.25,0.3,0.5,0.7,0.75,0.95,0.0,0.0,0.0,0.1,0.04
6,PB_only,0.02179,0.2,0.25,0.35,0.65,0.7,0.75,0.85,0.0,0.0,0.0,0.12,0.03
6,PB_only,0.021787,0.15,0.25,0.45,0.7,0.7,0.85,0.95,0.0,0.0,0.0,0.06,0.05
8,PB_FED,0.021778,0.1,0.2,0.3,0.55,0.65,0.85,0.95,0.0,0.0,0.0,0.1,0.05
6,PB_FED,0.021775,0.1,0.2,0.45,0.7,0.75,0.8,0.85,-0.5,0.0,0.0,0.12,0.03
8,PE_only,0.021775,0.05,0.15,0.3,0.7,0.65,0.85,0.95,0.0,0.0,0.0,0.12,0.05
8,PB_FED,0.021772,0.1,0.25,0.3,0.55,0.75,0.8,0.95,0.0,0.0,0.0,0.06,0.04
6,PB_only,0.021752,0.2,0.3,0.45,0.7,0.75,0.8,0.9,0.0,0.0,0.0,0.08,0.03
6,PB_FED,0.021738,0.1,0.3,0.35,0.7,0.7,0.75,0.95,-0.5,0.0,0.0,0.06,0.03
8,PE_FED,0.021734,0.1,0.2,0.3,0.55,0.75,0.8,0.95,0.0,0.0,0.0,0.06,0.03
8,PE_FED,0.021734,0.1,0.2,0.3,0.55,0.65,0.8,0.95,0.0,0.0,0.0,0.1,0.03
8,PB_only,0.021732,0.05,0.3,0.35,0.65,0.65,0.75,0.95,0.0,0.0,0.0,0.12,0.03
6,PB_only,0.021729,0.05,0.25,0.35,0.65,0.65,0.75,0.9,0.0,0.0,0.0,0.12,0.05
8,PE_FED,0.021729,0.15,0.25,0.35,0.6,0.65,0.8,0.95,0.0,0.0,0.0,0.12,0.04
6,PB_only,0.021724,0.1,0.2,0.35,0.65,0.7,0.8,0.9,0.0,0.0,0.0,0.1,0.05
8,PB_only,0.021724,0.05,0.3,0.45,0.65,0.65,0.75,0.85,0.0,0.0,0.0,0.12,0.03
6,PB_only,0.021719,0.05,0.25,0.3,0.7,0.65,0.85,0.9,0.0,0.0,0.0,0.08,0.05
8,PB_only,0.021715,0.05,0.15,0.3,0.55,0.65,0.75,0.9,0.0,0.0,0.0,0.1,0.03
8,PB_only,0.021715,0.2,0.3,0.45,0.7,0.65,0.85,0.95,0.0,0.0,0.0,0.1,0.05
8,PB_only,0.021711,0.2,0.25,0.4,0.65,0.75,0.85,0.95,0.0,0.0,0.0,0.06,0.03
6,PB_only,0.021708,0.15,0.3,0.4,0.7,0.65,0.75,0.95,0.0,0.0,0.0,0.12,0.04
6,PB_FED,0.021698,0.1,0.2,0.3,0.65,0.7,0.75,0.85,0.0,0.0,0.0,0.08,0.03
8,PE_FED,0.021697,0.2,0.25,0.4,0.65,0.7,0.75,0.95,0.0,0.0,0.0,0.06,0.04
8,PE_only,0.021691,0.1,0.2,0.35,0.7,0.7,0.8,0.95,0.0,0.0,0.0,0.12,0.05
8,PB_only,0.021684,0.1,0.15,0.45,0.6,0.65,0.75,0.85,0.0,0.0,0.0,0.08,0.03
6,PB_only,0.021681,0.1,0.2,0.35,0.65,0.65,0.8,0.95,0.0,0.0,0.0,0.1,0.05
8,PB_only,0.021681,0.1,0.25,0.3,0.6,0.65,0.75,0.85,0.0,0.0,0.0,0.08,0.04
6,PB_only,0.021672,0.2,0.25,0.35,0.7,0.65,0.85,0.95,0.0,0.0,0.0,0.06,0.05
8,PB_only,0.021667,0.05,0.15,0.4,0.6,0.65,0.75,0.9,0.0,0.0,0.0,0.1,0.04
8,PB_only,0.02166,0.1,0.2,0.35,0.6,0.65,0.75,0.9,0.0,0.0,0.0,0.1,0.04
6,PB_only,0.021659,0.15,0.3,0.35,0.7,0.7,0.85,0.95,0.0,0.0,0.0,0.12,0.04
8,PE_only,0.021658,0.15,0.2,0.3,0.7,0.65,0.75,0.95,0.0,0.0,0.0,0.12,0.04
6,PB_only,0.021651,0.1,0.15,0.3,0.65,0.65,0.85,0.95,0.0,0.0,0.0,0.08,0.04
8,PB_only,0.021651,0.1,0.15,0.35,0.6,0.65,0.85,0.9,0.0,0.0,0.0,0.06,0.03
8,PB_only,0.021649,0.05,0.15,0.4,0.6,0.7,0.75,0.85,0.0,0.0,0.0,0.1,0.04
8,PB_only,0.021649,0.05,0.15,0.4,0.6,0.7,0.75,0.85,0.0,0.0,0.0,0.12,0.04
8,PE_FED,0.021646,0.15,0.25,0.4,0.6,0.65,0.8,0.95,0.0,0.0,0.0,0.12,0.03
8,PB_only,0.021644,0.15,0.25,0.45,0.65,0.7,0.8,0.9,0.0,0.0,0.0,0.08,0.05
6,PB_only,0.02164,0.2,0.25,0.3,0.65,0.65,0.8,0.9,0.0,0.0,0.0,0.1,0.04
8,PB_only,0.02164,0.05,0.25,0.35,0.65,0.75,0.8,0.95,0.0,0.0,0.0,0.06,0.05
8,PB_FED,0.021634,0.1,0.2,0.45,0.6,0.7,0.85,0.95,0.0,0.0,0.0,0.12,0.05
6,PB_only,0.02163,0.05,0.3,0.35,0.7,0.7,0.8,0.85,0.0,0.0,0.0,0.06,0.03
8,PE_FED,0.021622,0.2,0.25,0.35,0.65,0.7,0.8,0.95,0.0,0.0,0.0,0.08,0.05
6,PB_FED,0.021615,0.05,0.2,0.35,0.65,0.65,0.75,0.9,0.0,0.0,0.0,0.08,0.03
8,PB_only,0.021612,0.05,0.3,0.35,0.65,0.7,0.85,0.9,0.0,0.0,0.0,0.1,0.03
6,PB_only,0.021608,0.1,0.25,0.3,0.65,0.75,0.8,0.9,0.0,0.0,0.0,0.08,0.05
6,PB_FED,0.021601,0.05,0.2,0.3,0.7,0.7,0.85,0.9,0.0,0.0,0.0,0.12,0.03
8,PB_only,0.021601,0.2,0.3,0.35,0.65,0.7,0.75,0.85,0.0,0.0,0.0,0.12,0.05
8,PB_only,0.021601,0.15,0.3,0.45,0.65,0.7,0.75,0.9,0.0,0.0,0.0,0.06,0.05
6,PB_only,0.0216,0.15,0.2,0.45,0.65,0.75,0.8,0.9,0.0,0.0,0.0,0.12,0.03
6,PB_only,0.021597,0.1,0.3,0.45,0.7,0.65,0.8,0.9,0.0,0.0,0.0,0.06,0.03
6,PB_only,0.021594,0.2,0.25,0.35,0.7,0.65,0.85,0.9,0.0,0.0,0.0,0.1,0.04
6,PB_only,0.021593,0.2,0.25,0.35,0.65,0.65,0.75,0.9,0.0,0.0,0.0,0.06,0.05
6,PB_FED,0.021589,0.1,0.15,0.35,0.65,0.75,0.8,0.9,-0.5,0.0,0.0,0.08,0.04
6,PB_FED,0.021575,0.1,0.15,0.45,0.65,0.7,0.75,0.9,-0.5,0.0,0.0,0.1,0.03
6,PB_only,0.021569,0.15,0.25,0.3,0.65,0.7,0.8,0.95,0.0,0.0,0.0,0.08,0.04
6,PB_FED,0.021563,0.15,0.25,0.45,0.7,0.7,0.75,0.95,-0.5,0.0,0.0,0.08,0.04
6,PB_only,0.021559,0.2,0.3,0.35,0.7,0.65,0.75,0.95,0.0,0.0,0.0,0.1,0.04
8,PB_FED,0.021559,0.15,0.2,0.3,0.55,0.7,0.85,0.9,0.0,0.0,0.0,0.12,0.05
8,PB_FED,0.021558,0.15,0.3,0.35,0.65,0.65,0.85,0.95,-0.5,0.0,0.0,0.1,0.04
6,PB_FED,0.021545,0.1,0.2,0.3,0.65,0.65,0.75,0.95,0.0,0.0,0.0,0.12,0.04
6,PB_only,0.021531,0.2,0.3,0.4,0.7,0.65,0.8,0.85,0.0,0.0,0.0,0.1,0.04
6,PB_FED,0.021531,0.15,0.2,0.3,0.6,0.7,0.75,0.9,0.0,0.0,0.0,0.12,0.03
6,PB_only,0.021528,0.15,0.25,0.3,0.65,0.7,0.8,0.95,0.0,0.0,0.0,0.12,0.05
8,PB_FED,0.021521,0.05,0.15,0.3,0.65,0.7,0.8,0.85,0.5,0.0,0.0,0.08,0.04
6,PB_only,0.021515,0.1,0.3,0.35,0.7,0.75,0.85,0.95,0.0,0.0,0.0,0.12,0.05
8,PE_only,0.021515,0.1,0.2,0.3,0.7,0.65,0.8,0.95,0.0,0.0,0.0,0.08,0.05
8,PB_FED,0.021513,0.1,0.25,0.3,0.6,0.7,0.75,0.9,0.5,0.0,0.0,0.06,0.03
8,PB_FED,0.021508,0.15,0.25,0.45,0.55,0.65,0.75,0.85,0.0,0.0,0.0,0.12,0.04
8,PB_FED,0.021508,0.2,0.25,0.3,0.6,0.75,0.85,0.95,-0.5,0.0,0.0,0.08,0.03
8,PB_only,0.021504,0.15,0.2,0.45,0.65,0.75,0.8,0.85,0.0,0.0,0.0,0.06,0.05
8,PE_FED,0.021502,0.05,0.2,0.45,0.6,0.65,0.8,0.95,0.0,0.0,0.0,0.1,0.03
6,PB_only,0.021499,0.15,0.3,0.45,0.7,0.65,0.8,0.85,0.0,0.0,0.0,0.1,0.04
6,PB_FED,0.021495,0.05,0.15,0.45,0.7,0.65,0.8,0.9,-0.5,0.0,0.0,0.1,0.03
8,PB_FED,0.021491,0.05,0.25,0.3,0.55,0.65,0.75,0.85,0.0,0.0,0.0,0.1,0.05
8,PB_FED,0.021489,0.1,0.25,0.4,0.6,0.65,0.85,0.95,0.0,0.0,0.0,0.1,0.05
8,PB_only,0.021486,0.15,0.3,0.35,0.65,0.75,0.85,0.9,0.0,0.0,0.0,0.08,0.04
8,PE_only,0.021483,0.1,0.2,0.35,0.7,0.7,0.75,0.95,0.0,0.0,0.0,0.08,0.05
6,PB_only,0.02148,0.05,0.3,0.35,0.7,0.7,0.85,0.9,0.0,0.0,0.0,0.08,0.03
8,PE_only,0.02148,0.1,0.2,0.4,0.7,0.7,0.75,0.95,0.0,0.0,0.0,0.1,0.04
8,PB_FED,0.02148,0.15,0.25,0.3,0.65,0.65,0.75,0.85,0.5,0.0,0.0,0.08,0.04
8,PE_FED,0.021478,0.15,0.25,0.45,0.7,0.7,0.85,0.95,0.0,0.0,0.0,0.08,0.04
8,PB_FED,0.021467,0.05,0.15,0.3,0.5,0.7,0.8,0.85,0.0,0.0,0.0,0.12,0.03
8,PE_FED,0.021465,0.15,0.2,0.35,0.6,0.65,0.85,0.95,0.0,0.0,0.0,0.1,0.04
8,PB_only,0.021464,0.05,0.2,0.3,0.6,0.7,0.8,0.85,0.0,0.0,0.0,0.1,0.04
8,PE_only,0.02146,0.05,0.2,0.3,0.7,0.65,0.8,0.95,0.0,0.0,0.0,0.08,0.05
6,PB_only,0.021459,0.15,0.2,0.3,0.65,0.75,0.85,0.95,0.0,0.0,0.0,0.1,0.04
8,PB_FED,0.021457,0.05,0.2,0.35,0.55,0.65,0.8,0.85,0.0,0.0,0.0,0.12,0.03
8,PB_only,0.021453,0.05,0.3,0.35,0.65,0.65,0.8,0.9,0.0,0.0,0.0,0.1,0.04
8,PB_only,0.021452,0.1,0.15,0.3,0.55,0.65,0.75,0.9,0.0,0.0,0.0,0.06,0.04
8,PE_only,0.021448,0.15,0.2,0.35,0.7,0.75,0.85,0.95,0.0,0.0,0.0,0.06,0.04
8,PB_only,0.021443,0.05,0.3,0.35,0.65,0.7,0.75,0.85,0.0,0.0,0.0,0.08,0.05
8,PE_FED,0.021437,0.1,0.3,0.4,0.7,0.65,0.75,0.95,-0.5,0.0,0.0,0.08,0.05
8,PE_only,0.021432,0.15,0.25,0.3,0.7,0.75,0.8,0.95,0.0,0.0,0.0,0.12,0.04
6,PB_only,0.021423,0.1,0.25,0.4,0.65,0.65,0.8,0.85,0.0,0.0,0.0,0.12,0.03
8,PB_only,0.021418,0.15,0.2,0.35,0.6,0.75,0.8,0.85,0.0,0.0,0.0,0.08,0.03
6,PB_only,0.021414,0.05,0.25,0.4,0.65,0.7,0.75,0.95,0.0,0.0,0.0,0.08,0.04
6,PB_FED,0.021413,0.15,0.2,0.4,0.65,0.65,0.75,0.95,-0.5,0.0,0.0,0.06,0.03
6,PB_only,0.021411,0.05,0.25,0.4,0.65,0.7,0.75,0.95,0.0,0.0,0.0,0.08,0.05
6,PB_FED,0.021409,0.1,0.25,0.45,0.7,0.7,0.75,0.95,-0.5,0.0,0.0,0.08,0.05
6,PB_only,0.021394,0.05,0.15,0.45,0.65,0.65,0.8,0.9,0.0,0.0,0.0,0.08,0.04
6,PB_only,0.021388,0.1,0.3,0.45,0.7,0.65,0.85,0.9,0.0,0.0,0.0,0.08,0.03
6,PB_only,0.02138,0.05,0.25,0.45,0.65,0.65,0.75,0.9,0.0,0.0,0.0,0.1,0.03
8,PB_only,0.021374,0.05,0.25,0.35,0.65,0.75,0.85,0.9,0.0,0.0,0.0,0.12,0.05
8,PB_only,0.021373,0.1,0.15,0.4,0.6,0.7,0.75,0.9,0.0,0.0,0.0,0.08,0.05
8,PE_only,0.021368,0.1,0.2,0.4,0.7,0.7,0.75,0.95,0.0,0.0,0.0,0.12,0.03
8,PE_only,0.021367,0.1,0.15,0.4,0.7,0.75,0.85,0.95,0.0,0.0,0.0,0.1,0.03
6,PB_only,0.021354,0.2,0.3,0.4,0.7,0.75,0.8,0.95,0.0,0.0,0.0,0.06,0.05
8,PB_only,0.021348,0.2,0.25,0.35,0.65,0.7,0.85,0.9,0.0,0.0,0.0,0.1,0.05
8,PB_FED,0.021344,0.2,0.3,0.45,0.65,0.65,0.85,0.95,0.0,0.0,0.0,0.08,0.03
6,PB_only,0.021342,0.05,0.25,0.35,0.65,0.7,0.8,0.95,0.0,0.0,0.0,0.06,0.03
6,PB_FED,0.021329,0.2,0.25,0.4,0.7,0.7,0.8,0.95,-0.5,0.0,0.0,0.12,0.03
8,PB_only,0.021326,0.05,0.2,0.3,0.6,0.65,0.8,0.9,0.0,0.0,0.0,0.08,0.03
8,PE_FED,0.021321,0.05,0.25,0.35,0.6,0.65,0.75,0.95,0.0,0.0,0.0,0.06,0.05
8,PE_FED,0.021318,0.05,0.2,0.45,0.7,0.75,0.85,0.95,0.0,0.0,0.0,0.1,0.03
8,PB_FED,0.021309,0.15,0.2,0.3,0.5,0.7,0.8,0.85,0.0,0.0,0.0,0.08,0.04
6,PB_only,0.021303,0.15,0.25,0.4,0.65,0.65,0.8,0.85,0.0,0.0,0.0,0.12,0.04
6,PB_only,0.021301,0.05,0.15,0.4,0.65,0.7,0.85,0.9,0.0,0.0,0.0,0.1,0.03
6,PB_only,0.021301,0.05,0.15,0.4,0.65,0.75,0.85,0.9,0.0,0.0,0.0,0.1,0.03
8,PE_FED,0.021295,0.1,0.25,0.4,0.6,0.65,0.75,0.95,0.0,0.0,0.0,0.12,0.05
6,PB_only,0.021291,0.05,0.2,0.35,0.65,0.65,0.8,0.9,0.0,0.0,0.0,0.08,0.05
6,PB_only,0.021289,0.2,0.25,0.45,0.7,0.75,0.85,0.95,0.0,0.0,0.0,0.08,0.04
6,PB_only,0.021282,0.15,0.25,0.45,0.65,0.65,0.75,0.95,0.0,0.0,0.0,0.1,0.05
8,PB_only,0.021282,0.15,0.2,0.45,0.65,0.65,0.8,0.95,0.0,0.0,0.0,0.06,0.04
8,PB_only,0.021278,0.15,0.25,0.35,0.6,0.65,0.75,0.85,0.0,0.0,0.0,0.12,0.03
8,PB_FED,0.021274,0.1,0.25,0.4,0.6,0.75,0.85,0.9,0.0,0.0,0.0,0.08,0.05
8,PB_FED,0.021273,0.05,0.15,0.45,0.55,0.65,0.75,0.9,-0.5,0.0,0.0,0.1,0.04
6,PB_only,0.021271,0.05,0.15,0.3,0.65,0.7,0.85,0.9,0.0,0.0,0.0,0.1,0.05
8,PB_FED,0.021271,0.05,0.15,0.3,0.55,0.7,0.8,0.85,-0.5,0.0,0.0,0.08,0.05
6,PB_FED,0.021266,0.1,0.15,0.45,0.7,0.65,0.8,0.95,-0.5,0.0,0.0,0.06,0.05
8,PB_only,0.021263,0.15,0.3,0.45,0.65,0.75,0.8,0.9,0.0,0.0,0.0,0.12,0.04
8,PB_only,0.021263,0.2,0.25,0.4,0.65,0.7,0.8,0.95,0.0,0.0,0.0,0.08,0.04
6,PB_only,0.021253,0.2,0.25,0.4,0.7,0.75,0.85,0.9,0.0,0.0,0.0,0.06,0.05
6,PB_only,0.02125,0.2,0.25,0.45,0.7,0.7,0.85,0.95,0.0,0.0,0.0,0.08,0.05
6,PB_only,0.02125,0.2,0.25,0.45,0.7,0.7,0.85,0.95,0.0,0.0,0.0,0.12,0.05
6,PB_only,0.021238,0.2,0.25,0.35,0.65,0.75,0.8,0.95,0.0,0.0,0.0,0.08,0.03
6,PB_only,0.021228,0.1,0.2,0.4,0.65,0.7,0.8,0.9,0.0,0.0,0.0,0.06,0.05
6,PB_only,0.021227,0.1,0.25,0.3,0.65,0.65,0.8,0.85,0.0,0.0,0.0,0.1,0.05
8,PB_only,0.02122,0.1,0.2,0.3,0.6,0.65,0.8,0.9,0.0,0.0,0.0,0.08,0.04
6,PB_only,0.021218,0.1,0.25,0.4,0.65,0.65,0.8,0.9,0.0,0.0,0.0,0.1,0.04
8,PB_only,0.021218,0.1,0.2,0.4,0.65,0.65,0.85,0.95,0.0,0.0,0.0,0.08,0.04
8,PB_only,0.021218,0.05,0.2,0.3,0.6,0.65,0.75,0.95,0.0,0.0,0.0,0.1,0.05
6,PB_only,0.021215,0.1,0.15,0.45,0.65,0.7,0.8,0.9,0.0,0.0,0.0,0.12,0.05
6,PB_only,0.02121,0.15,0.25,0.4,0.7,0.65,0.85,0.95,0.0,0.0,0.0,0.12,0.04
6,PB_FED,0.021209,0.15,0.2,0.3,0.65,0.7,0.75,0.85,-0.5,0.0,0.0,0.1,0.05
8,PB_FED,0.021208,0.1,0.15,0.4,0.7,0.7,0.8,0.85,0.5,0.0,0.0,0.1,0.04
8,PB_FED,0.021201,0.05,0.25,0.4,0.55,0.7,0.75,0.9,0.0,0.0,0.0,0.08,0.05
8,PB_FED,0.021198,0.15,0.25,0.35,0.7,0.7,0.75,0.9,0.5,0.0,0.0,0.06,0.05
8,PB_FED,0.021198,0.05,0.2,0.45,0.6,0.7,0.8,0.85,0.0,0.0,0.0,0.08,0.05
6,PB_FED,0.021193,0.15,0.2,0.3,0.65,0.7,0.8,0.9,-0.5,0.0,0.0,0.1,0.05
6,PB_only,0.021192,0.05,0.3,0.4,0.7,0.7,0.8,0.85,0.0,0.0,0.0,0.1,0.03
8,PB_only,0.021187,0.2,0.3,0.4,0.65,0.7,0.8,0.9,0.0,0.0,0.0,0.12,0.04
6,PB_only,0.021181,0.1,0.15,0.45,0.65,0.75,0.8,0.95,0.0,0.0,0.0,0.08,0.05
8,PB_only,0.021179,0.05,0.25,0.4,0.65,0.75,0.8,0.95,0.0,0.0,0.0,0.06,0.05
8,PB_FED,0.021178,0.15,0.3,0.45,0.6,0.65,0.8,0.85,0.0,0.0,0.0,0.1,0.04
6,PB_FED,0.021175,0.1,0.2,0.3,0.65,0.65,0.75,0.85,-0.5,0.0,0.0,0.12,0.05
6,PB_only,0.021168,0.05,0.25,0.3,0.65,0.7,0.85,0.95,0.0,0.0,0.0,0.08,0.03
6,PB_only,0.021167,0.05,0.2,0.45,0.7,0.75,0.8,0.85,0.0,0.0,0.0,0.12,0.05
8,PB_FED,0.021152,0.1,0.25,0.3,0.7,0.65,0.8,0.9,0.5,0.0,0.0,0.06,0.03
6,PB_FED,0.021148,0.1,0.15,0.3,0.6,0.65,0.75,0.9,-0.5,0.0,0.0,0.12,0.03
8,PE_only,0.021144,0.05,0.2,0.35,0.7,0.7,0.85,0.95,0.0,0.0,0.0,0.08,0.04
6,PB_only,0.021142,0.15,0.25,0.4,0.65,0.65,0.75,0.95,0.0,0.0,0.0,0.1,0.04
8,PB_FED,0.021142,0.15,0.2,0.45,0.55,0.7,0.8,0.9,0.0,0.0,0.0,0.06,0.04
6,PB_FED,0.021139,0.05,0.25,0.3,0.7,0.7,0.8,0.95,-0.5,0.0,0.0,0.1,0.05
8,PE_PB_FED,0.021138,0.1,0.15,0.3,0.65,0.7,0.75,0.95,0.0,0.65,0.7,0.1,0.05
8,PB_FED,0.021136,0.1,0.2,0.35,0.6,0.65,0.75,0.9,0.5,0.0,0.0,0.08,0.04
8,PB_only,0.021133,0.15,0.2,0.3,0.6,0.7,0.8,0.9,0.0,0.0,0.0,0.06,0.04
8,PE_FED,0.021126,0.1,0.2,0.3,0.6,0.65,0.8,0.95,-0.5,0.0,0.0,0.12,0.05
6,PB_only,0.021123,0.2,0.3,0.35,0.7,0.65,0.8,0.95,0.0,0.0,0.0,0.08,0.05
6,PB_FED,0.02112,0.1,0.15,0.35,0.7,0.65,0.75,0.85,0.0,0.0,0.0,0.08,0.05
8,PB_FED,0.021114,0.05,0.3,0.4,0.65,0.65,0.85,0.95,-0.5,0.0,0.0,0.08,0.03
6,PB_only,0.021113,0.1,0.2,0.45,0.65,0.65,0.75,0.95,0.0,0.0,0.0,0.12,0.04
8,PE_only,0.021106,0.05,0.25,0.3,0.7,0.75,0.8,0.95,0.0,0.0,0.0,0.06,0.04
8,PB_only,0.021104,0.2,0.3,0.4,0.65,0.65,0.75,0.85,0.0,0.0,0.0,0.12,0.05
8,PB_only,0.021103,0.05,0.15,0.4,0.6,0.7,0.8,0.85,0.0,0.0,0.0,0.06,0.04
8,PB_only,0.021099,0.1,0.25,0.3,0.6,0.75,0.8,0.85,0.0,0.0,0.0,0.06,0.04
8,PB_only,0.021098,0.15,0.3,0.4,0.65,0.65,0.8,0.95,0.0,0.0,0.0,0.06,0.03
8,PB_FED,0.021096,0.1,0.2,0.3,0.5,0.7,0.85,0.9,0.0,0.0,0.0,0.08,0.03
8,PB_only,0.021083,0.1,0.2,0.4,0.6,0.7,0.75,0.9,0.0,0.0,0.0,0.08,0.04
8,PB_FED,0.021083,0.05,0.2,0.4,0.6,0.75,0.8,0.95,-0.5,0.0,0.0,0.1,0.04
8,PB_FED,0.021075,0.1,0.2,0.35,0.7,0.7,0.75,0.95,1.0,0.0,0.0,0.1,0.04
6,PB_only,0.021074,0.1,0.25,0.35,0.65,0.75,0.85,0.95,0.0,0.0,0.0,0.1,0.03
8,PB_only,0.021068,0.2,0.25,0.35,0.65,0.75,0.85,0.95,0.0,0.0,0.0,0.12,0.04
6,PB_only,0.021057,0.15,0.3,0.35,0.7,0.65,0.8,0.95,0.0,0.0,0.0,0.1,0.04
8,PB_FED,0.021053,0.05,0.2,0.4,0.6,0.65,0.8,0.9,-0.5,0.0,0.0,0.12,0.05
8,PB_FED,0.021045,0.1,0.2,0.3,0.7,0.7,0.75,0.9,1.0,0.0,0.0,0.08,0.03
6,PB_only,0.021044,0.2,0.25,0.35,0.7,0.65,0.85,0.95,0.0,0.0,0.0,0.1,0.04
8,PE_FED,0.021043,0.1,0.25,0.45,0.65,0.75,0.8,0.95,-0.5,0.0,0.0,0.1,0.03
8,PE_FED,0.021043,0.1,0.25,0.45,0.65,0.75,0.8,0.95,-0.5,0.0,0.0,0.08,0.03
8,PE_FED,0.021043,0.1,0.25,0.45,0.65,0.7,0.8,0.95,-0.5,0.0,0.0,0.08,0.03
6,PB_only,0.021042,0.05,0.2,0.45,0.65,0.65,0.8,0.9,0.0,0.0,0.0,0.06,0.03
6,PB_only,0.021042,0.05,0.3,0.4,0.7,0.75,0.85,0.9,0.0,0.0,0.0,0.08,0.03
6,PB_FED,0.021028,0.1,0.15,0.45,0.7,0.7,0.85,0.9,-0.5,0.0,0.0,0.12,0.05
6,PB_only,0.021022,0.1,0.15,0.45,0.65,0.7,0.85,0.9,0.0,0.0,0.0,0.06,0.03
6,PB_only,0.021019,0.05,0.25,0.4,0.65,0.7,0.8,0.9,0.0,0.0,0.0,0.08,0.03
6,PB_only,0.021008,0.05,0.15,0.45,0.65,0.65,0.75,0.85,0.0,0.0,0.0,0.12,0.05
6,PB_only,0.021007,0.15,0.25,0.45,0.65,0.65,0.8,0.9,0.0,0.0,0.0,0.12,0.03
8,PE_FED,0.020987,0.05,0.15,0.35,0.55,0.7,0.85,0.95,0.0,0.0,0.0,0.08,0.04
6,PB_FED,0.020983,0.05,0.15,0.3,0.7,0.75,0.85,0.95,0.0,0.0,0.0,0.12,0.05
8,PB_FED,0.020977,0.1,0.15,0.45,0.5,0.65,0.75,0.9,0.0,0.0,0.0,0.06,0.05
8,PB_only,0.020972,0.1,0.3,0.4,0.65,0.65,0.8,0.9,0.0,0.0,0.0,0.12,0.05
8,PB_FED,0.020969,0.15,0.2,0.4,0.6,0.7,0.85,0.95,-0.5,0.0,0.0,0.08,0.05
8,PB_only,0.020966,0.05,0.25,0.4,0.65,0.65,0.85,0.9,0.0,0.0,0.0,0.06,0.05
8,PB_only,0.020955,0.2,0.3,0.35,0.65,0.75,0.85,0.95,0.0,0.0,0.0,0.1,0.03
8,PB_only,0.020951,0.05,0.25,0.35,0.65,0.65,0.8,0.95,0.0,0.0,0.0,0.08,0.04
8,PB_only,0.020948,0.05,0.15,0.35,0.6,0.65,0.75,0.85,0.0,0.0,0.0,0.1,0.05
6,PB_FED,0.02094,0.05,0.25,0.35,0.7,0.75,0.8,0.85,-0.5,0.0,0.0,0.06,0.04
8,PE_only,0.020938,0.05,0.15,0.45,0.7,0.65,0.75,0.95,0.0,0.0,0.0,0.1,0.05
8,PB_only,0.020938,0.05,0.2,0.4,0.6,0.65,0.75,0.85,0.0,0.0,0.0,0.08,0.03
8,PB_only,0.020936,0.2,0.3,0.45,0.65,0.7,0.75,0.95,0.0,0.0,0.0,0.12,0.05
8,PB_only,0.020936,0.2,0.3,0.45,0.65,0.65,0.75,0.95,0.0,0.0,0.0,0.08,0.05
8,PB_FED,0.020935,0.05,0.25,0.4,0.6,0.7,0.85,0.9,0.0,0.0,0.0,0.08,0.04
8,PB_FED,0.020931,0.2,0.25,0.45,0.6,0.75,0.8,0.9,0.0,0.0,0.0,0.1,0.05
8,PB_FED,0.020923,0.05,0.2,0.45,0.6,0.75,0.85,0.95,0.0,0.0,0.0,0.12,0.04
8,PB_FED,0.020918,0.2,0.25,0.35,0.55,0.75,0.8,0.85,0.0,0.0,0.0,0.08,0.04
6,PB_FED,0.020912,0.1,0.2,0.45,0.7,0.7,0.8,0.85,-0.5,0.0,0.0,0.1,0.05
8,PE_only,0.02091,0.05,0.2,0.4,0.7,0.75,0.85,0.95,0.0,0.0,0.0,0.08,0.04
6,PB_only,0.020905,0.15,0.2,0.45,0.65,0.7,0.75,0.85,0.0,0.0,0.0,0.1,0.05
6,PB_only,0.020902,0.15,0.25,0.4,0.65,0.7,0.75,0.85,0.0,0.0,0.0,0.12,0.05
6,PB_only,0.020883,0.1,0.25,0.45,0.65,0.75,0.8,0.9,0.0,0.0,0.0,0.1,0.03
8,PB_FED,0.020875,0.15,0.2,0.45,0.7,0.7,0.75,0.9,0.5,0.0,0.0,0.1,0.05
6,PB_FED,0.020873,0.05,0.25,0.35,0.7,0.75,0.8,0.85,-0.5,0.0,0.0,0.08,0.03
6,PB_only,0.02087,0.2,0.25,0.3,0.65,0.7,0.8,0.95,0.0,0.0,0.0,0.08,0.05
8,PB_FED,0.020869,0.05,0.15,0.4,0.7,0.75,0.8,0.9,0.5,0.0,0.0,0.12,0.03
6,PB_FED,0.02086,0.15,0.25,0.35,0.7,0.65,0.8,0.9,-0.5,0.0,0.0,0.12,0.05
6,PB_FED,0.020859,0.2,0.25,0.4,0.7,0.7,0.8,0.85,-0.5,0.0,0.0,0.08,0.04
8,PB_FED,0.020857,0.1,0.25,0.45,0.7,0.65,0.75,0.95,0.5,0.0,0.0,0.08,0.05
8,PB_FED,0.020836,0.05,0.25,0.3,0.65,0.7,0.75,0.85,0.5,0.0,0.0,0.06,0.04
6,PB_only,0.020831,0.1,0.3,0.45,0.7,0.65,0.8,0.95,0.0,0.0,0.0,0.08,0.03
8,PB_only,0.020831,0.15,0.25,0.3,0.6,0.65,0.75,0.95,0.0,0.0,0.0,0.06,0.05
6,PB_only,0.020828,0.2,0.3,0.35,0.7,0.65,0.8,0.85,0.0,0.0,0.0,0.12,0.05
8,PE_FED,0.020826,0.15,0.2,0.35,0.55,0.75,0.8,0.95,0.0,0.0,0.0,0.08,0.05
8,PE_only,0.020825,0.05,0.2,0.4,0.7,0.65,0.75,0.95,0.0,0.0,0.0,0.1,0.04
6,PB_only,0.020822,0.05,0.2,0.45,0.65,0.7,0.8,0.95,0.0,0.0,0.0,0.12,0.03
8,PE_FED,0.020812,0.05,0.2,0.4,0.6,0.7,0.8,0.95,-0.5,0.0,0.0,0.12,0.03
6,PB_FED,0.020811,0.15,0.25,0.4,0.7,0.65,0.75,0.95,0.0,0.0,0.0,0.12,0.03
8,PB_FED,0.020803,0.2,0.25,0.4,0.55,0.7,0.8,0.95,0.0,0.0,0.0,0.12,0.03
8,PE_only,0.020802,0.05,0.25,0.3,0.7,0.7,0.75,0.95,0.0,0.0,0.0,0.12,0.03
8,PE_only,0.020802,0.05,0.2,0.3,0.7,0.7,0.85,0.95,0.0,0.0,0.0,0.12,0.03
6,PB_FED,0.020799,0.2,0.25,0.4,0.7,0.75,0.8,0.85,-0.5,0.0,0.0,0.06,0.03
8,PE_FED,0.020799,0.05,0.3,0.35,0.65,0.7,0.8,0.95,0.0,0.0,0.0,0.08,0.05
8,PB_FED,0.020796,0.1,0.15,0.35,0.65,0.65,0.8,0.9,0.5,0.0,0.0,0.12,0.04
8,PB_only,0.020773,0.05,0.25,0.35,0.6,0.7,0.75,0.9,0.0,0.0,0.0,0.1,0.03
6,PB_FED,0.020772,0.15,0.25,0.3,0.7,0.7,0.85,0.95,0.0,0.0,0.0,0.06,0.03
6,PB_only,0.020768,0.1,0.25,0.45,0.65,0.65,0.8,0.85,0.0,0.0,0.0,0.08,0.03
8,PB_FED,0.020768,0.1,0.25,0.45,0.55,0.65,0.75,0.95,0.0,0.0,0.0,0.06,0.04
6,PB_only,0.020761,0.05,0.2,0.4,0.65,0.7,0.85,0.95,0.0,0.0,0.0,0.1,0.03
8,PB_FED,0.020759,0.1,0.25,0.3,0.55,0.65,0.75,0.95,-0.5,0.0,0.0,0.12,0.04
6,PB_FED,0.020754,0.2,0.25,0.3,0.7,0.7,0.85,0.9,-0.5,0.0,0.0,0.08,0.05
8,PE_only,0.020747,0.1,0.2,0.45,0.7,0.7,0.75,0.95,0.0,0.0,0.0,0.08,0.04
6,PB_only,0.020745,0.05,0.3,0.35,0.7,0.75,0.85,0.9,0.0,0.0,0.0,0.1,0.04
6,PB_FED,0.020745,0.15,0.2,0.3,0.65,0.7,0.8,0.95,0.0,0.0,0.0,0.1,0.05
8,PB_only,0.020744,0.1,0.15,0.3,0.6,0.65,0.85,0.9,0.0,0.0,0.0,0.1,0.05
8,PB_FED,0.020726,0.1,0.2,0.45,0.5,0.65,0.75,0.9,0.0,0.0,0.0,0.1,0.04
6,PB_only,0.020724,0.05,0.25,0.4,0.65,0.65,0.8,0.85,0.0,0.0,0.0,0.08,0.04
8,PB_FED,0.020721,0.1,0.2,0.4,0.6,0.65,0.75,0.95,0.5,0.0,0.0,0.06,0.03
6,PB_only,0.020717,0.05,0.15,0.45,0.65,0.7,0.8,0.95,0.0,0.0,0.0,0.06,0.04
6,PB_only,0.020713,0.1,0.3,0.45,0.65,0.65,0.75,0.85,0.0,0.0,0.0,0.12,0.03
6,PB_FED,0.020709,0.05,0.15,0.45,0.65,0.7,0.75,0.9,-0.5,0.0,0.0,0.12,0.04
8,PB_FED,0.020698,0.15,0.2,0.45,0.6,0.75,0.85,0.9,-0.5,0.0,0.0,0.08,0.04
6,PB_only,0.020686,0.1,0.3,0.45,0.65,0.65,0.75,0.9,0.0,0.0,0.0,0.1,0.03
8,PB_only,0.020678,0.05,0.25,0.35,0.6,0.65,0.75,0.85,0.0,0.0,0.0,0.08,0.03
6,PB_only,0.020671,0.05,0.25,0.45,0.65,0.7,0.75,0.85,0.0,0.0,0.0,0.12,0.03
8,PB_FED,0.020664,0.1,0.2,0.3,0.65,0.7,0.75,0.9,1.0,0.0,0.0,0.06,0.03
8,PB_FED,0.020663,0.15,0.2,0.45,0.55,0.65,0.75,0.85,-0.5,0.0,0.0,0.1,0.04
8,PB_FED,0.020661,0.2,0.3,0.4,0.6,0.65,0.75,0.85,0.0,0.0,0.0,0.08,0.05
6,PB_only,0.020649,0.05,0.15,0.4,0.65,0.7,0.85,0.95,0.0,0.0,0.0,0.12,0.04
8,PB_only,0.020646,0.15,0.25,0.4,0.6,0.7,0.75,0.95,0.0,0.0,0.0,0.06,0.03
6,PB_FED,0.020644,0.2,0.25,0.35,0.7,0.7,0.8,0.95,0.0,0.0,0.0,0.08,0.03
6,PB_only,0.020643,0.05,0.25,0.4,0.7,0.65,0.85,0.9,0.0,0.0,0.0,0.1,0.05
8,PE_only,0.020642,0.15,0.25,0.4,0.7,0.7,0.75,0.95,0.0,0.0,0.0,0.08,0.03
6,PB_only,0.020637,0.1,0.25,0.3,0.65,0.65,0.85,0.9,0.0,0.0,0.0,0.06,0.04
8,PB_FED,0.020636,0.1,0.2,0.4,0.55,0.65,0.8,0.85,-0.5,0.0,0.0,0.08,0.04
8,PB_FED,0.020631,0.15,0.25,0.45,0.6,0.65,0.75,0.85,-0.5,0.0,0.0,0.12,0.05
8,PE_only,0.020627,0.05,0.2,0.45,0.7,0.7,0.75,0.95,0.0,0.0,0.0,0.08,0.04
8,PB_FED,0.020626,0.15,0.3,0.35,0.6,0.75,0.85,0.95,0.0,0.0,0.0,0.12,0.04
8,PB_FED,0.020622,0.15,0.25,0.35,0.6,0.7,0.85,0.95,-0.5,0.0,0.0,0.08,0.04
6,PB_only,0.020615,0.2,0.3,0.45,0.7,0.65,0.75,0.95,0.0,0.0,0.0,0.12,0.04
8,PB_FED,0.020612,0.1,0.2,0.45,0.55,0.7,0.75,0.95,-0.5,0.0,0.0,0.1,0.04
8,PB_only,0.020611,0.05,0.2,0.4,0.6,0.65,0.75,0.9,0.0,0.0,0.0,0.08,0.04
8,PE_FED,0.020605,0.05,0.2,0.4,0.6,0.75,0.85,0.95,0.0,0.0,0.0,0.06,0.05
8,PB_only,0.020604,0.05,0.2,0.35,0.6,0.7,0.8,0.85,0.0,0.0,0.0,0.06,0.04
6,PB_only,0.020599,0.1,0.25,0.4,0.65,0.75,0.85,0.95,0.0,0.0,0.0,0.08,0.03
6,PB_only,0.020599,0.1,0.25,0.4,0.65,0.7,0.85,0.95,0.0,0.0,0.0,0.08,0.03
8,PB_only,0.020587,0.2,0.25,0.4,0.65,0.75,0.85,0.95,0.0,0.0,0.0,0.12,0.05
6,PB_FED,0.020582,0.1,0.15,0.35,0.7,0.7,0.8,0.85,0.0,0.0,0.0,0.06,0.05
8,PE_only,0.020582,0.05,0.25,0.35,0.7,0.7,0.75,0.95,0.0,0.0,0.0,0.06,0.04
6,PB_only,0.020577,0.05,0.2,0.3,0.65,0.75,0.8,0.85,0.0,0.0,0.0,0.12,0.05
8,PE_FED,0.020576,0.2,0.3,0.35,0.65,0.75,0.8,0.95,0.0,0.0,0.0,0.08,0.04
8,PB_only,0.020576,0.2,0.3,0.4,0.65,0.65,0.75,0.95,0.0,0.0,0.0,0.12,0.04
6,PB_only,0.020571,0.05,0.2,0.45,0.65,0.65,0.85,0.9,0.0,0.0,0.0,0.12,0.03
6,PB_only,0.020571,0.05,0.2,0.45,0.65,0.65,0.85,0.9,0.0,0.0,0.0,0.06,0.03
8,PB_FED,0.020571,0.05,0.2,0.35,0.55,0.7,0.8,0.85,0.0,0.0,0.0,0.1,0.05
6,PB_only,0.020564,0.05,0.3,0.45,0.7,0.65,0.8,0.9,0.0,0.0,0.0,0.06,0.04
6,PB_FED,0.020564,0.1,0.15,0.4,0.7,0.65,0.75,0.85,0.0,0.0,0.0,0.1,0.05
8,PE_only,0.020561,0.15,0.2,0.4,0.7,0.7,0.85,0.95,0.0,0.0,0.0,0.06,0.03
8,PB_FED,0.020556,0.2,0.3,0.45,0.65,0.65,0.8,0.95,-0.5,0.0,0.0,0.1,0.04
8,PB_FED,0.020555,0.1,0.15,0.3,0.5,0.7,0.85,0.95,0.0,0.0,0.0,0.08,0.05
8,PB_FED,0.020552,0.2,0.3,0.4,0.55,0.65,0.75,0.9,0.0,0.0,0.0,0.1,0.04
8,PB_only,0.020545,0.15,0.3,0.45,0.65,0.65,0.8,0.9,0.0,0.0,0.0,0.1,0.05
8,PB_only,0.020544,0.1,0.15,0.35,0.55,0.65,0.75,0.9,0.0,0.0,0.0,0.06,0.04
8,PE_only,0.020532,0.1,0.15,0.45,0.7,0.65,0.85,0.95,0.0,0.0,0.0,0.1,0.04
6,PB_only,0.02053,0.05,0.25,0.35,0.65,0.65,0.8,0.9,0.0,0.0,0.0,0.06,0.05
6,PB_only,0.020525,0.1,0.25,0.45,0.65,0.75,0.8,0.85,0.0,0.0,0.0,0.1,0.04
6,PB_FED,0.020525,0.1,0.15,0.45,0.65,0.65,0.75,0.95,0.0,0.0,0.0,0.1,0.05
6,PB_FED,0.020522,0.1,0.25,0.35,0.7,0.7,0.8,0.9,0.0,0.0,0.0,0.12,0.03
6,PB_only,0.020521,0.2,0.3,0.35,0.7,0.65,0.8,0.95,0.0,0.0,0.0,0.06,0.04
8,PB_only,0.020521,0.15,0.3,0.35,0.65,0.7,0.85,0.95,0.0,0.0,0.0,0.06,0.05
6,PB_FED,0.020517,0.1,0.15,0.45,0.65,0.7,0.8,0.9,-0.5,0.0,0.0,0.12,0.03
6,PB_FED,0.020513,0.05,0.2,0.35,0.7,0.65,0.8,0.9,0.0,0.0,0.0,0.1,0.05
6,PB_only,0.020509,0.2,0.3,0.35,0.7,0.65,0.85,0.95,0.0,0.0,0.0,0.1,0.05
6,PB_FED,0.020499,0.1,0.25,0.4,0.65,0.65,0.75,0.9,-0.5,0.0,0.0,0.06,0.03
8,PB_FED,0.020497,0.1,0.25,0.3,0.7,0.65,0.85,0.9,0.5,0.0,0.0,0.08,0.03
8,PE_only,0.020489,0.1,0.25,0.4,0.7,0.7,0.75,0.95,0.0,0.0,0.0,0.12,0.04
6,PB_FED,0.020488,0.1,0.3,0.35,0.7,0.75,0.8,0.95,-0.5,0.0,0.0,0.12,0.03
8,PB_FED,0.02048,0.05,0.25,0.45,0.55,0.7,0.75,0.85,0.0,0.0,0.0,0.12,0.04
8,PB_FED,0.020478,0.05,0.15,0.3,0.7,0.75,0.85,0.95,0.5,0.0,0.0,0.12,0.05
8,PE_only,0.020477,0.05,0.15,0.45,0.7,0.65,0.85,0.95,0.0,0.0,0.0,0.08,0.04
6,PB_only,0.020471,0.1,0.25,0.45,0.65,0.7,0.8,0.9,0.0,0.0,0.0,0.1,0.04
6,PB_only,0.020468,0.1,0.3,0.4,0.65,0.7,0.75,0.85,0.0,0.0,0.0,0.1,0.04
8,PB_only,0.020467,0.05,0.25,0.3,0.6,0.65,0.8,0.9,0.0,0.0,0.0,0.12,0.03
8,PB_only,0.020467,0.05,0.25,0.3,0.6,0.65,0.8,0.9,0.0,0.0,0.0,0.08,0.03
6,PB_only,0.020464,0.05,0.3,0.35,0.65,0.7,0.75,0.95,0.0,0.0,0.0,0.08,0.04
6,PB_only,0.020458,0.1,0.15,0.4,0.65,0.75,0.85,0.9,0.0,0.0,0.0,0.1,0.05
6,PB_FED,0.020458,0.1,0.25,0.3,0.7,0.75,0.8,0.85,0.0,0.0,0.0,0.06,0.03
8,PB_FED,0.020455,0.05,0.25,0.35,0.55,0.7,0.75,0.9,-0.5,0.0,0.0,0.06,0.04
6,PB_only,0.020446,0.2,0.3,0.4,0.65,0.7,0.75,0.9,0.0,0.0,0.0,0.12,0.04
8,PB_only,0.020441,0.1,0.3,0.35,0.65,0.75,0.85,0.95,0.0,0.0,0.0,0.08,0.04
6,PB_only,0.020437,0.2,0.25,0.35,0.65,0.75,0.85,0.95,0.0,0.0,0.0,0.12,0.03
8,PB_FED,0.020435,0.1,0.15,0.3,0.5,0.7,0.85,0.9,0.0,0.0,0.0,0.08,0.05
6,PB_only,0.020434,0.05,0.25,0.35,0.65,0.65,0.8,0.95,0.0,0.0,0.0,0.12,0.05
6,PB_only,0.020431,0.1,0.3,0.4,0.65,0.65,0.75,0.9,0.0,0.0,0.0,0.12,0.05
8,PB_FED,0.020425,0.2,0.25,0.45,0.6,0.7,0.85,0.9,0.0,0.0,0.0,0.1,0.04
6,PB_FED,0.020417,0.1,0.2,0.3,0.6,0.65,0.75,0.85,-0.5,0.0,0.0,0.1,0.03
6,PB_only,0.020416,0.1,0.25,0.45,0.65,0.65,0.85,0.9,0.0,0.0,0.0,0.1,0.03
8,PE_only,0.020408,0.05,0.25,0.3,0.7,0.75,0.85,0.95,0.0,0.0,0.0,0.08,0.04
6,PB_only,0.020406,0.05,0.2,0.4,0.65,0.7,0.8,0.85,0.0,0.0,0.0,0.06,0.05
8,PB_only,0.020406,0.1,0.25,0.35,0.6,0.65,0.8,0.85,0.0,0.0,0.0,0.12,0.04
8,PB_only,0.020405,0.05,0.15,0.35,0.6,0.7,0.8,0.85,0.0,0.0,0.0,0.06,0.05
8,PB_only,0.020395,0.1,0.2,0.3,0.6,0.65,0.8,0.9,0.0,0.0,0.0,0.08,0.05
8,PB_FED,0.020395,0.1,0.15,0.3,0.65,0.7,0.8,0.95,1.0,0.0,0.0,0.06,0.03
8,PB_FED,0.020393,0.05,0.15,0.45,0.65,0.7,0.75,0.9,0.5,0.0,0.0,0.08,0.05
8,PE_only,0.020386,0.15,0.2,0.3,0.65,0.7,0.75,0.95,0.0,0.0,0.0,0.1,0.04
8,PB_only,0.020386,0.1,0.25,0.4,0.6,0.65,0.75,0.9,0.0,0.0,0.0,0.08,0.04
8,PB_only,0.020384,0.15,0.2,0.35,0.6,0.75,0.8,0.9,0.0,0.0,0.0,0.1,0.04
8,PB_FED,0.020382,0.15,0.3,0.4,0.6,0.65,0.8,0.85,0.0,0.0,0.0,0.08,0.05
6,PB_FED,0.020378,0.2,0.3,0.4,0.7,0.65,0.75,0.85,-0.5,0.0,0.0,0.08,0.03
8,PB_only,0.020376,0.05,0.15,0.4,0.6,0.65,0.75,0.85,0.0,0.0,0.0,0.12,0.05
8,PE_FED,0.020375,0.15,0.25,0.35,0.6,0.65,0.85,0.95,0.0,0.0,0.0,0.1,0.04
8,PE_only,0.020374,0.15,0.25,0.35,0.7,0.65,0.8,0.95,0.0,0.0,0.0,0.1,0.05
8,PB_only,0.020374,0.05,0.25,0.3,0.6,0.65,0.75,0.95,0.0,0.0,0.0,0.12,0.03
6,PB_only,0.020373,0.05,0.2,0.3,0.65,0.65,0.85,0.95,0.0,0.0,0.0,0.06,0.04
8,PB_only,0.020373,0.05,0.3,0.4,0.65,0.65,0.75,0.95,0.0,0.0,0.0,0.06,0.04
6,PB_only,0.02037,0.1,0.2,0.35,0.65,0.75,0.8,0.85,0.0,0.0,0.0,0.06,0.05
8,PE_FED,0.020342,0.05,0.15,0.4,0.6,0.7,0.85,0.95,-0.5,0.0,0.0,0.1,0.03
8,PB_only,0.020341,0.05,0.15,0.3,0.55,0.7,0.8,0.85,0.0,0.0,0.0,0.06,0.04
8,PB_FED,0.020337,0.05,0.25,0.3,0.55,0.65,0.8,0.9,-0.5,0.0,0.0,0.08,0.03
8,PB_FED,0.020334,0.05,0.15,0.35,0.5,0.65,0.75,0.95,-0.5,0.0,0.0,0.1,0.03
8,PB_only,0.020333,0.05,0.3,0.4,0.65,0.75,0.85,0.95,0.0,0.0,0.0,0.1,0.03
8,PB_FED,0.020327,0.2,0.25,0.4,0.7,0.7,0.75,0.95,1.0,0.0,0.0,0.08,0.03
8,PB_FED,0.020327,0.05,0.2,0.45,0.55,0.65,0.8,0.9,0.0,0.0,0.0,0.12,0.04
8,PB_only,0.020326,0.05,0.15,0.3,0.6,0.65,0.85,0.9,0.0,0.0,0.0,0.08,0.05
6,PB_only,0.020322,0.2,0.3,0.45,0.65,0.65,0.75,0.85,0.0,0.0,0.0,0.1,0.03
8,PE_FED,0.020319,0.1,0.15,0.35,0.65,0.7,0.75,0.9,0.0,0.0,0.0,0.1,0.03
8,PB_only,0.020318,0.05,0.25,0.4,0.6,0.65,0.75,0.9,0.0,0.0,0.0,0.06,0.03
8,PB_FED,0.020318,0.1,0.25,0.35,0.55,0.65,0.85,0.95,0.0,0.0,0.0,0.1,0.03
8,PB_FED,0.020317,0.2,0.25,0.3,0.6,0.7,0.85,0.95,-0.5,0.0,0.0,0.1,0.05
8,PB_FED,0.020311,0.1,0.15,0.45,0.55,0.65,0.75,0.85,-0.5,0.0,0.0,0.1,0.05
8,PB_only,0.020305,0.05,0.15,0.4,0.6,0.7,0.8,0.95,0.0,0.0,0.0,0.1,0.03
8,PB_only,0.020303,0.05,0.25,0.35,0.65,0.65,0.85,0.95,0.0,0.0,0.0,0.08,0.04
8,PB_FED,0.020301,0.05,0.25,0.3,0.55,0.65,0.8,0.85,-0.5,0.0,0.0,0.12,0.04
8,PB_only,0.020299,0.15,0.25,0.35,0.6,0.65,0.8,0.9,0.0,0.0,0.0,0.12,0.03
8,PB_only,0.020297,0.1,0.15,0.4,0.6,0.7,0.8,0.85,0.0,0.0,0.0,0.08,0.05
8,PB_FED,0.020282,0.2,0.25,0.3,0.55,0.65,0.85,0.9,0.0,0.0,0.0,0.1,0.04
6,PB_only,0.020276,0.2,0.25,0.4,0.65,0.7,0.75,0.85,0.0,0.0,0.0,0.06,0.05
6,PB_only,0.020276,0.2,0.25,0.4,0.65,0.7,0.75,0.85,0.0,0.0,0.0,0.1,0.05
8,PB_FED,0.020276,0.1,0.2,0.3,0.55,0.65,0.75,0.9,0.5,0.0,0.0,0.12,0.04
6,PB_FED,0.020271,0.2,0.25,0.45,0.7,0.65,0.75,0.9,0.0,0.0,0.0,0.1,0.03
6,PB_only,0.020269,0.2,0.3,0.45,0.7,0.65,0.8,0.9,0.0,0.0,0.0,0.12,0.05
6,PB_FED,0.020249,0.1,0.15,0.45,0.7,0.75,0.8,0.85,-0.5,0.0,0.0,0.08,0.05
8,PE_PB_FED,0.020248,0.1,0.15,0.45,0.65,0.7,0.75,0.95,0.0,0.65,0.8,0.1,0.03
6,PB_FED,0.020245,0.05,0.25,0.35,0.7,0.65,0.8,0.95,-0.5,0.0,0.0,0.1,0.03
8,PE_only,0.02024,0.1,0.2,0.35,0.7,0.65,0.85,0.95,0.0,0.0,0.0,0.06,0.05
8,PE_FED,0.020238,0.05,0.15,0.4,0.7,0.65,0.75,0.9,-0.5,0.0,0.0,0.08,0.03
8,PB_only,0.020237,0.05,0.3,0.45,0.65,0.7,0.8,0.95,0.0,0.0,0.0,0.06,0.03
6,PB_FED,0.020235,0.1,0.2,0.45,0.65,0.7,0.75,0.85,-0.5,0.0,0.0,0.08,0.03
8,PB_only,0.020229,0.1,0.15,0.3,0.55,0.7,0.8,0.85,0.0,0.0,0.0,0.08,0.03
8,PB_FED,0.020229,0.1,0.25,0.4,0.6,0.65,0.75,0.9,0.5,0.0,0.0,0.06,0.03
8,PB_FED,0.020221,0.1,0.3,0.45,0.6,0.75,0.8,0.95,0.0,0.0,0.0,0.1,0.04
8,PE_FED,0.02022,0.05,0.15,0.3,0.55,0.65,0.8,0.95,-0.5,0.0,0.0,0.12,0.05
6,PB_FED,0.02021,0.05,0.2,0.3,0.65,0.7,0.8,0.9,0.0,0.0,0.0,0.06,0.05
8,PB_FED,0.020201,0.1,0.15,0.4,0.65,0.65,0.8,0.9,0.5,0.0,0.0,0.1,0.04
8,PB_FED,0.0202,0.1,0.25,0.3,0.7,0.7,0.8,0.95,0.5,0.0,0.0,0.08,0.04
8,PE_only,0.020198,0.1,0.2,0.3,0.7,0.65,0.85,0.95,0.0,0.0,0.0,0.1,0.03
6,PB_FED,0.020196,0.15,0.2,0.3,0.6,0.65,0.8,0.9,0.0,0.0,0.0,0.12,0.03
8,PB_FED,0.020194,0.05,0.25,0.45,0.6,0.7,0.8,0.85,0.0,0.0,0.0,0.12,0.05
6,PB_only,0.020193,0.2,0.3,0.45,0.7,0.65,0.8,0.95,0.0,0.0,0.0,0.1,0.05
6,PB_only,0.020189,0.05,0.25,0.3,0.65,0.7,0.85,0.95,0.0,0.0,0.0,0.1,0.05
8,PB_FED,0.020181,0.1,0.15,0.4,0.55,0.65,0.85,0.9,-0.5,0.0,0.0,0.1,0.04
8,PE_only,0.020172,0.05,0.2,0.35,0.7,0.65,0.85,0.95,0.0,0.0,0.0,0.06,0.05
6,PB_FED,0.020166,0.2,0.25,0.4,0.7,0.65,0.8,0.95,-0.5,0.0,0.0,0.08,0.03
8,PB_FED,0.020159,0.05,0.15,0.35,0.65,0.65,0.8,0.9,0.5,0.0,0.0,0.06,0.04
6,PB_only,0.020157,0.2,0.3,0.35,0.65,0.65,0.8,0.85,0.0,0.0,0.0,0.1,0.03
8,PB_only,0.020154,0.15,0.3,0.45,0.65,0.7,0.8,0.95,0.0,0.0,0.0,0.08,0.05
6,PB_only,0.020149,0.05,0.3,0.35,0.65,0.65,0.8,0.9,0.0,0.0,0.0,0.12,0.03
8,PB_only,0.020148,0.05,0.2,0.45,0.6,0.65,0.75,0.85,0.0,0.0,0.0,0.12,0.03
6,PB_FED,0.020147,0.1,0.25,0.35,0.65,0.7,0.75,0.9,-0.5,0.0,0.0,0.12,0.05
8,PB_FED,0.020138,0.1,0.2,0.4,0.7,0.65,0.75,0.9,1.0,0.0,0.0,0.08,0.03
8,PE_only,0.020137,0.05,0.2,0.45,0.7,0.75,0.85,0.95,0.0,0.0,0.0,0.12,0.04
8,PB_only,0.020135,0.05,0.15,0.4,0.55,0.65,0.75,0.9,0.0,0.0,0.0,0.1,0.03
8,PE_only,0.020132,0.15,0.2,0.35,0.65,0.75,0.8,0.95,0.0,0.0,0.0,0.1,0.04
6,PB_only,0.020125,0.2,0.3,0.4,0.65,0.7,0.75,0.85,0.0,0.0,0.0,0.12,0.03
8,PB_only,0.020113,0.1,0.25,0.4,0.6,0.75,0.8,0.85,0.0,0.0,0.0,0.12,0.03
6,PB_only,0.020107,0.05,0.2,0.4,0.65,0.65,0.85,0.95,0.0,0.0,0.0,0.12,0.03
8,PB_only,0.020106,0.05,0.2,0.4,0.6,0.65,0.8,0.85,0.0,0.0,0.0,0.12,0.04
8,PE_FED,0.020104,0.15,0.25,0.35,0.6,0.7,0.8,0.95,-0.5,0.0,0.0,0.06,0.03
6,PB_FED,0.020099,0.1,0.15,0.35,0.65,0.75,0.85,0.95,-0.5,0.0,0.0,0.1,0.04
6,PB_only,0.020093,0.15,0.25,0.35,0.65,0.75,0.85,0.95,0.0,0.0,0.0,0.06,0.05
6,PB_only,0.020092,0.15,0.3,0.45,0.7,0.65,0.8,0.95,0.0,0.0,0.0,0.08,0.04
8,PB_FED,0.020092,0.05,0.2,0.45,0.65,0.65,0.75,0.9,0.5,0.0,0.0,0.06,0.04
8,PB_FED,0.020091,0.05,0.3,0.45,0.6,0.75,0.8,0.85,0.0,0.0,0.0,0.06,0.03
8,PB_FED,0.020087,0.1,0.25,0.3,0.55,0.65,0.8,0.95,-0.5,0.0,0.0,0.1,0.03
8,PE_FED,0.020077,0.1,0.15,0.35,0.55,0.65,0.75,0.95,-0.5,0.0,0.0,0.06,0.03
8,PE_only,0.020071,0.1,0.15,0.45,0.65,0.7,0.8,0.95,0.0,0.0,0.0,0.1,0.03
8,PE_FED,0.020071,0.15,0.3,0.35,0.6,0.7,0.8,0.95,0.0,0.0,0.0,0.1,0.05
8,PB_only,0.020068,0.05,0.15,0.45,0.6,0.65,0.75,0.95,0.0,0.0,0.0,0.08,0.05
8,PB_only,0.020068,0.05,0.25,0.35,0.6,0.75,0.8,0.85,0.0,0.0,0.0,0.08,0.03
8,PB_FED,0.020066,0.15,0.3,0.4,0.6,0.7,0.75,0.85,-0.5,0.0,0.0,0.06,0.05
8,PE_only,0.020056,0.1,0.25,0.35,0.7,0.65,0.75,0.95,0.0,0.0,0.0,0.12,0.03
8,PE_only,0.02005,0.15,0.2,0.35,0.65,0.7,0.75,0.95,0.0,0.0,0.0,0.08,0.04
8,PE_only,0.020042,0.2,0.25,0.35,0.7,0.7,0.75,0.95,0.0,0.0,0.0,0.08,0.03
8,PE_only,0.020042,0.2,0.25,0.35,0.7,0.7,0.75,0.95,0.0,0.0,0.0,0.1,0.03
8,PB_FED,0.020042,0.1,0.15,0.35,0.7,0.7,0.85,0.9,0.5,0.0,0.0,0.12,0.04
8,PE_FED,0.020039,0.15,0.3,0.4,0.65,0.65,0.85,0.95,0.0,0.0,0.0,0.06,0.04
8,PB_only,0.020038,0.05,0.15,0.45,0.6,0.7,0.75,0.9,0.0,0.0,0.0,0.08,0.05
8,PB_only,0.020037,0.15,0.2,0.3,0.6,0.7,0.8,0.95,0.0,0.0,0.0,0.06,0.04
8,PB_FED,0.020036,0.05,0.2,0.3,0.5,0.7,0.8,0.95,0.0,0.0,0.0,0.1,0.05
6,PB_FED,0.020028,0.1,0.25,0.45,0.7,0.75,0.8,0.9,-0.5,0.0,0.0,0.12,0.05
6,PB_FED,0.020023,0.05,0.2,0.3,0.65,0.7,0.8,0.85,0.0,0.0,0.0,0.08,0.04
8,PB_only,0.020023,0.2,0.3,0.35,0.65,0.75,0.8,0.85,0.0,0.0,0.0,0.08,0.05
8,PB_FED,0.020019,0.1,0.2,0.35,0.65,0.65,0.85,0.9,0.5,0.0,0.0,0.08,0.03
8,PB_only,0.020017,0.1,0.15,0.4,0.6,0.7,0.8,0.9,0.0,0.0,0.0,0.08,0.05
8,PB_only,0.020012,0.05,0.3,0.35,0.65,0.65,0.85,0.95,0.0,0.0,0.0,0.08,0.03
6,PB_only,0.020011,0.05,0.3,0.4,0.65,0.7,0.75,0.95,0.0,0.0,0.0,0.1,0.04
6,PB_only,0.020009,0.1,0.3,0.4,0.65,0.75,0.8,0.85,0.0,0.0,0.0,0.1,0.03
8,PB_only,0.020009,0.1,0.15,0.45,0.6,0.75,0.8,0.9,0.0,0.0,0.0,0.12,0.04
6,PB_only,0.020007,0.05,0.3,0.4,0.65,0.65,0.75,0.95,0.0,0.0,0.0,0.1,0.05
8,PE_only,0.020006,0.1,0.25,0.4,0.7,0.75,0.85,0.95,0.0,0.0,0.0,0.08,0.04
8,PB_only,0.020001,0.05,0.25,0.3,0.6,0.7,0.85,0.9,0.0,0.0,0.0,0.1,0.03
8,PE_only,0.019998,0.05,0.25,0.35,0.7,0.65,0.75,0.95,0.0,0.0,0.0,0.06,0.04
8,PE_only,0.019996,0.05,0.2,0.35,0.65,0.7,0.8,0.95,0.0,0.0,0.0,0.06,0.03
8,PB_FED,0.019996,0.1,0.2,0.3,0.6,0.65,0.75,0.9,1.0,0.0,0.0,0.1,0.03
8,PB_only,0.019995,0.05,0.15,0.4,0.6,0.65,0.75,0.95,0.0,0.0,0.0,0.06,0.04
8,PE_only,0.019992,0.05,0.2,0.3,0.65,0.65,0.75,0.95,0.0,0.0,0.0,0.1,0.05
8,PE_only,0.019989,0.1,0.25,0.35,0.7,0.75,0.85,0.95,0.0,0.0,0.0,0.06,0.05
8,PB_only,0.019988,0.05,0.15,0.3,0.6,0.7,0.85,0.95,0.0,0.0,0.0,0.12,0.04
8,PB_only,0.019984,0.15,0.2,0.4,0.6,0.7,0.75,0.85,0.0,0.0,0.0,0.06,0.05
6,PB_only,0.019982,0.05,0.3,0.4,0.65,0.7,0.75,0.85,0.0,0.0,0.0,0.06,0.03
8,PE_only,0.019981,0.15,0.2,0.4,0.65,0.75,0.8,0.95,0.0,0.0,0.0,0.06,0.03
8,PB_FED,0.019977,0.2,0.25,0.3,0.55,0.75,0.85,0.95,0.0,0.0,0.0,0.12,0.04
6,PB_only,0.019969,0.05,0.2,0.45,0.65,0.75,0.8,0.95,0.0,0.0,0.0,0.06,0.04
8,PB_FED,0.019969,0.05,0.15,0.35,0.5,0.65,0.75,0.9,-0.5,0.0,0.0,0.1,0.05
6,PB_FED,0.019968,0.15,0.2,0.4,0.65,0.75,0.8,0.95,-0.5,0.0,0.0,0.08,0.05
6,PB_only,0.019967,0.1,0.25,0.35,0.65,0.7,0.85,0.9,0.0,0.0,0.0,0.06,0.04
8,PB_only,0.019967,0.15,0.2,0.3,0.6,0.7,0.8,0.95,0.0,0.0,0.0,0.08,0.05
8,PB_only,0.019967,0.15,0.2,0.3,0.6,0.65,0.8,0.95,0.0,0.0,0.0,0.06,0.05
6,PB_FED,0.019953,0.1,0.25,0.4,0.7,0.65,0.85,0.9,-0.5,0.0,0.0,0.12,0.04
8,PB_FED,0.019952,0.05,0.2,0.4,0.65,0.65,0.75,0.95,0.5,0.0,0.0,0.06,0.04
6,PB_FED,0.019949,0.05,0.25,0.3,0.65,0.75,0.8,0.9,-0.5,0.0,0.0,0.12,0.03
8,PE_FED,0.019937,0.05,0.15,0.4,0.65,0.65,0.75,0.9,-0.5,0.0,0.0,0.1,0.04
8,PB_FED,0.019935,0.15,0.2,0.4,0.65,0.7,0.8,0.9,0.5,0.0,0.0,0.1,0.03
8,PE_only,0.019932,0.05,0.2,0.4,0.7,0.65,0.85,0.95,0.0,0.0,0.0,0.1,0.05
8,PE_FED,0.019921,0.15,0.2,0.35,0.6,0.65,0.85,0.95,-0.5,0.0,0.0,0.08,0.04
6,PB_FED,0.019907,0.15,0.2,0.35,0.65,0.75,0.85,0.9,0.0,0.0,0.0,0.12,0.03
6,PB_only,0.019906,0.2,0.25,0.3,0.65,0.7,0.85,0.9,0.0,0.0,0.0,0.12,0.04
8,PB_only,0.019906,0.05,0.2,0.4,0.6,0.65,0.75,0.9,0.0,0.0,0.0,0.12,0.05
8,PE_FED,0.019902,0.1,0.15,0.45,0.7,0.75,0.8,0.9,-0.5,0.0,0.0,0.1,0.04
6,PB_only,0.0199,0.05,0.3,0.4,0.7,0.65,0.8,0.95,0.0,0.0,0.0,0.06,0.04
6,PB_FED,0.019899,0.05,0.15,0.4,0.65,0.75,0.85,0.9,-0.5,0.0,0.0,0.1,0.03
8,PB_FED,0.019895,0.15,0.3,0.35,0.55,0.7,0.8,0.9,0.0,0.0,0.0,0.1,0.04
6,PB_FED,0.019894,0.15,0.25,0.4,0.65,0.65,0.75,0.9,0.0,0.0,0.0,0.06,0.04
8,PB_only,0.019894,0.2,0.3,0.45,0.65,0.65,0.8,0.9,0.0,0.0,0.0,0.06,0.05
8,PB_only,0.019891,0.1,0.15,0.3,0.5,0.7,0.75,0.9,0.0,0.0,0.0,0.12,0.03
8,PB_only,0.019885,0.15,0.25,0.35,0.6,0.65,0.85,0.9,0.0,0.0,0.0,0.12,0.03
8,PE_FED,0.019881,0.05,0.15,0.35,0.7,0.75,0.8,0.9,-0.5,0.0,0.0,0.12,0.05
6,PB_FED,0.019877,0.15,0.25,0.45,0.7,0.75,0.85,0.9,-0.5,0.0,0.0,0.12,0.04
8,PB_FED,0.019877,0.2,0.3,0.4,0.6,0.7,0.8,0.85,-0.5,0.0,0.0,0.08,0.04
8,PB_FED,0.019871,0.15,0.2,0.3,0.7,0.65,0.85,0.9,0.5,0.0,0.0,0.08,0.04
8,PB_FED,0.019869,0.1,0.2,0.35,0.55,0.65,0.8,0.95,-0.5,0.0,0.0,0.12,0.05
8,PE_only,0.019866,0.2,0.25,0.3,0.7,0.75,0.85,0.95,0.0,0.0,0.0,0.12,0.04
8,PB_only,0.019865,0.05,0.25,0.35,0.6,0.65,0.8,0.85,0.0,0.0,0.0,0.1,0.04
8,PB_only,0.019853,0.05,0.3,0.4,0.65,0.75,0.8,0.95,0.0,0.0,0.0,0.06,0.05
8,PB_only,0.019853,0.05,0.3,0.4,0.65,0.65,0.8,0.95,0.0,0.0,0.0,0.1,0.05
8,PB_FED,0.019848,0.1,0.25,0.35,0.5,0.65,0.8,0.9,0.0,0.0,0.0,0.06,0.03
8,PB_only,0.019846,0.1,0.2,0.4,0.6,0.65,0.75,0.85,0.0,0.0,0.0,0.1,0.05
8,PB_only,0.019845,0.2,0.3,0.4,0.65,0.65,0.85,0.9,0.0,0.0,0.0,0.08,0.05
6,PB_only,0.019843,0.05,0.3,0.35,0.65,0.75,0.8,0.85,0.0,0.0,0.0,0.12,0.03
6,PB_only,0.019836,0.2,0.3,0.35,0.65,0.75,0.8,0.85,0.0,0.0,0.0,0.06,0.04
8,PB_FED,0.019836,0.05,0.2,0.45,0.5,0.7,0.75,0.95,0.0,0.0,0.0,0.08,0.05
8,PB_FED,0.019835,0.1,0.15,0.4,0.7,0.7,0.85,0.95,0.5,0.0,0.0,0.1,0.04
8,PE_only,0.019831,0.1,0.15,0.45,0.65,0.65,0.8,0.95,0.0,0.0,0.0,0.1,0.05
8,PE_only,0.019831,0.1,0.15,0.45,0.65,0.7,0.8,0.95,0.0,0.0,0.0,0.12,0.05
8,PB_only,0.019828,0.2,0.3,0.45,0.65,0.75,0.85,0.9,0.0,0.0,0.0,0.1,0.04
8,PE_only,0.019824,0.15,0.3,0.4,0.7,0.75,0.8,0.95,0.0,0.0,0.0,0.12,0.04
6,PB_FED,0.01982,0.1,0.15,0.45,0.65,0.75,0.8,0.85,-0.5,0.0,0.0,0.08,0.03
8,PB_only,0.019817,0.1,0.15,0.3,0.55,0.7,0.8,0.95,0.0,0.0,0.0,0.12,0.03
8,PB_FED,0.019817,0.2,0.3,0.45,0.6,0.75,0.8,0.95,0.0,0.0,0.0,0.08,0.04
8,PB_only,0.019811,0.05,0.25,0.3,0.6,0.7,0.8,0.9,0.0,0.0,0.0,0.1,0.04
8,PE_only,0.019809,0.15,0.2,0.4,0.65,0.7,0.75,0.95,0.0,0.0,0.0,0.1,0.03
8,PE_only,0.019808,0.05,0.15,0.45,0.7,0.65,0.85,0.95,0.0,0.0,0.0,0.1,0.03
6,PB_only,0.019806,0.05,0.25,0.3,0.65,0.75,0.8,0.85,0.0,0.0,0.0,0.08,0.05
8,PB_only,0.019805,0.15,0.2,0.3,0.55,0.75,0.8,0.85,0.0,0.0,0.0,0.06,0.03
8,PB_FED,0.019805,0.05,0.3,0.35,0.6,0.65,0.8,0.85,0.0,0.0,0.0,0.06,0.05
8,PB_FED,0.019805,0.05,0.25,0.35,0.6,0.65,0.75,0.95,0.5,0.0,0.0,0.06,0.05
6,PB_FED,0.019802,0.05,0.3,0.4,0.7,0.65,0.75,0.85,-0.5,0.0,0.0,0.12,0.03
8,PB_FED,0.019799,0.15,0.3,0.4,0.55,0.65,0.75,0.9,-0.5,0.0,0.0,0.08,0.03
8,PE_FED,0.019798,0.1,0.15,0.45,0.55,0.7,0.85,0.95,0.0,0.0,0.0,0.06,0.04
6,PB_FED,0.019793,0.05,0.15,0.35,0.6,0.65,0.75,0.9,-0.5,0.0,0.0,0.1,0.03
6,PB_FED,0.019792,0.2,0.25,0.35,0.7,0.65,0.85,0.95,-0.5,0.0,0.0,0.06,0.05
6,PB_only,0.019791,0.05,0.15,0.45,0.65,0.75,0.85,0.95,0.0,0.0,0.0,0.12,0.05
8,PE_PB_FED,0.019791,0.05,0.15,0.4,0.7,0.7,0.8,0.95,-0.5,0.65,0.8,0.12,0.04
8,PB_only,0.019786,0.1,0.15,0.4,0.6,0.7,0.8,0.95,0.0,0.0,0.0,0.12,0.04
8,PB_only,0.019785,0.05,0.15,0.45,0.6,0.65,0.8,0.85,0.0,0.0,0.0,0.06,0.03
8,PB_FED,0.019782,0.1,0.25,0.35,0.5,0.7,0.8,0.95,0.0,0.0,0.0,0.1,0.03
8,PB_only,0.01978,0.2,0.3,0.4,0.65,0.7,0.85,0.9,0.0,0.0,0.0,0.08,0.05
8,PB_FED,0.019778,0.05,0.25,0.4,0.55,0.75,0.85,0.95,0.0,0.0,0.0,0.08,0.03
8,PB_FED,0.019778,0.1,0.25,0.35,0.5,0.7,0.8,0.9,0.0,0.0,0.0,0.06,0.03
6,PB_FED,0.019773,0.2,0.25,0.4,0.7,0.75,0.85,0.95,-0.5,0.0,0.0,0.1,0.05
6,PB_FED,0.019772,0.1,0.2,0.4,0.65,0.65,0.8,0.95,0.0,0.0,0.0,0.08,0.03
6,PB_FED,0.01977,0.1,0.15,0.45,0.65,0.7,0.75,0.85,0.0,0.0,0.0,0.06,0.03
8,PB_FED,0.019765,0.05,0.15,0.35,0.6,0.7,0.8,0.9,0.5,0.0,0.0,0.08,0.03
8,PB_only,0.019762,0.2,0.25,0.3,0.6,0.7,0.8,0.85,0.0,0.0,0.0,0.06,0.03
8,PE_PB_FED,0.019761,0.1,0.15,0.45,0.6,0.7,0.75,0.95,0.0,0.65,0.8,0.08,0.03
8,PE_FED,0.01976,0.1,0.25,0.35,0.6,0.65,0.8,0.95,-0.5,0.0,0.0,0.12,0.04
6,PB_only,0.019757,0.15,0.3,0.45,0.65,0.7,0.8,0.9,0.0,0.0,0.0,0.1,0.03
6,PB_FED,0.019757,0.2,0.25,0.4,0.7,0.75,0.85,0.9,-0.5,0.0,0.0,0.12,0.05
6,PB_only,0.019756,0.1,0.2,0.4,0.65,0.65,0.85,0.9,0.0,0.0,0.0,0.06,0.05
6,PB_only,0.019756,0.05,0.2,0.35,0.65,0.65,0.85,0.9,0.0,0.0,0.0,0.08,0.05
8,PB_only,0.019756,0.15,0.2,0.45,0.6,0.7,0.8,0.9,0.0,0.0,0.0,0.06,0.03
6,PB_FED,0.019751,0.1,0.25,0.45,0.65,0.65,0.75,0.9,-0.5,0.0,0.0,0.06,0.03
6,PB_only,0.019747,0.2,0.25,0.35,0.65,0.65,0.8,0.95,0.0,0.0,0.0,0.1,0.04
8,PB_only,0.019747,0.05,0.2,0.45,0.6,0.7,0.75,0.9,0.0,0.0,0.0,0.06,0.04
8,PB_FED,0.019742,0.15,0.25,0.45,0.6,0.65,0.85,0.95,-0.5,0.0,0.0,0.1,0.03
8,PB_only,0.019735,0.1,0.2,0.45,0.6,0.65,0.8,0.9,0.0,0.0,0.0,0.12,0.03
6,PB_only,0.019728,0.1,0.15,0.3,0.6,0.7,0.75,0.9,0.0,0.0,0.0,0.06,0.03
8,PE_only,0.01972,0.1,0.2,0.4,0.65,0.65,0.8,0.95,0.0,0.0,0.0,0.08,0.04
8,PB_FED,0.01972,0.05,0.25,0.3,0.6,0.7,0.75,0.85,0.5,0.0,0.0,0.1,0.04
6,PB_only,0.019715,0.05,0.15,0.45,0.65,0.65,0.85,0.9,0.0,0.0,0.0,0.12,0.04
6,PB_FED,0.019715,0.1,0.2,0.3,0.65,0.65,0.85,0.95,0.0,0.0,0.0,0.08,0.05
6,PB_only,0.019713,0.1,0.2,0.4,0.65,0.65,0.85,0.95,0.0,0.0,0.0,0.1,0.04
8,PB_FED,0.019712,0.15,0.25,0.45,0.5,0.7,0.75,0.9,0.0,0.0,0.0,0.1,0.04
6,PB_only,0.019711,0.1,0.3,0.35,0.65,0.65,0.8,0.9,0.0,0.0,0.0,0.08,0.05
6,PB_FED,0.019706,0.05,0.15,0.3,0.65,0.75,0.85,0.95,0.0,0.0,0.0,0.06,0.04
8,PE_only,0.019704,0.05,0.2,0.35,0.65,0.7,0.8,0.95,0.0,0.0,0.0,0.08,0.05
6,PB_only,0.0197,0.1,0.2,0.4,0.65,0.75,0.85,0.9,0.0,0.0,0.0,0.12,0.05
8,PB_only,0.0197,0.1,0.15,0.45,0.55,0.65,0.75,0.9,0.0,0.0,0.0,0.1,0.03
6,PB_only,0.019699,0.05,0.2,0.35,0.65,0.7,0.85,0.9,0.0,0.0,0.0,0.12,0.05
6,PB_only,0.019698,0.05,0.3,0.35,0.65,0.65,0.85,0.9,0.0,0.0,0.0,0.1,0.03
8,PB_FED,0.019694,0.15,0.25,0.3,0.5,0.7,0.75,0.85,-0.5,0.0,0.0,0.12,0.03
8,PB_only,0.019693,0.1,0.25,0.45,0.6,0.65,0.75,0.85,0.0,0.0,0.0,0.1,0.04
8,PB_only,0.019692,0.15,0.25,0.4,0.6,0.7,0.75,0.95,0.0,0.0,0.0,0.12,0.05
8,PB_only,0.019691,0.2,0.25,0.4,0.6,0.65,0.75,0.85,0.0,0.0,0.0,0.12,0.04
6,PB_only,0.01969,0.15,0.2,0.45,0.65,0.7,0.85,0.95,0.0,0.0,0.0,0.06,0.04
6,PB_only,0.019682,0.05,0.3,0.4,0.65,0.65,0.8,0.9,0.0,0.0,0.0,0.08,0.03
8,PE_FED,0.019682,0.05,0.15,0.3,0.6,0.65,0.75,0.9,0.0,0.0,0.0,0.1,0.03
8,PB_FED,0.019681,0.2,0.25,0.45,0.6,0.75,0.85,0.95,-0.5,0.0,0.0,0.08,0.03
6,PB_FED,0.01968,0.1,0.2,0.3,0.6,0.65,0.75,0.9,-0.5,0.0,0.0,0.08,0.05
6,PB_only,0.019673,0.05,0.25,0.4,0.65,0.7,0.8,0.85,0.0,0.0,0.0,0.1,0.05
8,PE_FED,0.019672,0.15,0.25,0.35,0.6,0.75,0.8,0.95,-0.5,0.0,0.0,0.08,0.05
8,PB_only,0.019667,0.15,0.25,0.4,0.6,0.7,0.75,0.9,0.0,0.0,0.0,0.08,0.05
8,PE_FED,0.019664,0.15,0.25,0.4,0.55,0.7,0.75,0.95,0.0,0.0,0.0,0.1,0.05
8,PE_FED,0.019657,0.1,0.25,0.35,0.7,0.7,0.75,0.9,-0.5,0.0,0.0,0.08,0.04
8,PB_FED,0.019657,0.1,0.25,0.4,0.65,0.65,0.75,0.95,0.5,0.0,0.0,0.12,0.04
6,PB_only,0.019656,0.1,0.3,0.35,0.65,0.75,0.8,0.9,0.0,0.0,0.0,0.08,0.05
6,PB_only,0.019649,0.05,0.3,0.35,0.65,0.65,0.75,0.95,0.0,0.0,0.0,0.1,0.04
8,PB_FED,0.019645,0.05,0.2,0.4,0.65,0.65,0.75,0.95,1.0,0.0,0.0,0.08,0.03
8,PE_only,0.019641,0.1,0.2,0.4,0.65,0.7,0.75,0.95,0.0,0.0,0.0,0.08,0.04
8,PB_only,0.019641,0.15,0.25,0.35,0.6,0.75,0.8,0.9,0.0,0.0,0.0,0.1,0.04
8,PE_FED,0.019639,0.15,0.25,0.4,0.6,0.7,0.8,0.95,-0.5,0.0,0.0,0.12,0.04
8,PB_only,0.019634,0.1,0.2,0.45,0.6,0.7,0.75,0.95,0.0,0.0,0.0,0.1,0.05
8,PB_only,0.019627,0.15,0.2,0.35,0.55,0.7,0.75,0.95,0.0,0.0,0.0,0.12,0.03
6,PB_FED,0.019625,0.1,0.3,0.45,0.7,0.65,0.75,0.9,-0.5,0.0,0.0,0.08,0.04
8,PE_only,0.019624,0.1,0.15,0.35,0.65,0.75,0.85,0.95,0.0,0.0,0.0,0.1,0.03
8,PE_FED,0.019622,0.05,0.25,0.45,0.65,0.65,0.85,0.95,0.0,0.0,0.0,0.12,0.03
8,PB_FED,0.01962,0.15,0.3,0.45,0.6,0.7,0.85,0.9,0.0,0.0,0.0,0.06,0.04
6,PB_FED,0.019619,0.1,0.25,0.3,0.65,0.75,0.8,0.95,-0.5,0.0,0.0,0.12,0.04
6,PB_FED,0.019619,0.1,0.25,0.3,0.65,0.75,0.8,0.95,-0.5,0.0,0.0,0.1,0.04
6,PB_FED,0.019614,0.05,0.2,0.45,0.7,0.65,0.8,0.9,0.0,0.0,0.0,0.08,0.04
8,PB_FED,0.019612,0.1,0.3,0.35,0.55,0.65,0.85,0.9,0.0,0.0,0.0,0.1,0.03
8,PB_FED,0.019607,0.2,0.25,0.35,0.6,0.75,0.85,0.9,-0.5,0.0,0.0,0.08,0.05
8,PB_FED,0.019605,0.1,0.2,0.3,0.5,0.7,0.85,0.95,0.0,0.0,0.0,0.06,0.04
6,PB_only,0.019599,0.1,0.2,0.45,0.65,0.65,0.85,0.95,0.0,0.0,0.0,0.06,0.05
8,PB_FED,0.019593,0.1,0.15,0.3,0.65,0.7,0.75,0.85,1.0,0.0,0.0,0.06,0.04
8,PE_only,0.019591,0.2,0.25,0.35,0.7,0.7,0.85,0.95,0.0,0.0,0.0,0.06,0.04
8,PB_only,0.019586,0.1,0.15,0.35,0.6,0.65,0.8,0.95,0.0,0.0,0.0,0.08,0.04
6,PB_FED,0.019582,0.1,0.15,0.45,0.65,0.7,0.8,0.95,-0.5,0.0,0.0,0.08,0.05
8,PB_only,0.019574,0.05,0.3,0.4,0.65,0.65,0.85,0.95,0.0,0.0,0.0,0.1,0.03
8,PB_FED,0.019556,0.15,0.3,0.45,0.6,0.7,0.8,0.9,-0.5,0.0,0.0,0.06,0.04
8,PB_only,0.019554,0.05,0.25,0.35,0.6,0.7,0.75,0.9,0.0,0.0,0.0,0.12,0.05
8,PB_only,0.019547,0.1,0.3,0.4,0.6,0.65,0.75,0.9,0.0,0.0,0.0,0.12,0.03
8,PB_FED,0.019547,0.2,0.3,0.45,0.6,0.7,0.8,0.9,0.0,0.0,0.0,0.12,0.05
6,PB_FED,0.019546,0.2,0.3,0.4,0.7,0.75,0.8,0.9,-0.5,0.0,0.0,0.12,0.04
8,PB_FED,0.019546,0.05,0.15,0.45,0.5,0.7,0.8,0.9,0.0,0.0,0.0,0.06,0.03
6,PB_FED,0.019533,0.15,0.2,0.4,0.65,0.65,0.8,0.95,0.0,0.0,0.0,0.1,0.05
8,PB_only,0.019533,0.15,0.3,0.35,0.6,0.7,0.75,0.9,0.0,0.0,0.0,0.1,0.04
8,PB_only,0.019519,0.05,0.2,0.3,0.6,0.7,0.8,0.95,0.0,0.0,0.0,0.12,0.05
8,PB_only,0.019519,0.15,0.3,0.45,0.65,0.75,0.85,0.95,0.0,0.0,0.0,0.1,0.05
8,PB_only,0.019519,0.15,0.3,0.45,0.65,0.7,0.85,0.95,0.0,0.0,0.0,0.12,0.05
8,PB_only,0.019517,0.1,0.2,0.3,0.55,0.7,0.75,0.95,0.0,0.0,0.0,0.06,0.04
6,PB_FED,0.019516,0.2,0.3,0.35,0.7,0.65,0.75,0.85,0.0,0.0,0.0,0.06,0.03
8,PE_only,0.019516,0.2,0.25,0.35,0.7,0.65,0.8,0.95,0.0,0.0,0.0,0.12,0.05
8,PE_FED,0.019516,0.1,0.15,0.4,0.55,0.7,0.8,0.95,-0.5,0.0,0.0,0.08,0.04
6,PB_only,0.019515,0.05,0.25,0.45,0.65,0.65,0.8,0.95,0.0,0.0,0.0,0.08,0.03
8,PB_only,0.019512,0.1,0.3,0.45,0.65,0.75,0.8,0.85,0.0,0.0,0.0,0.08,0.05
8,PB_FED,0.01951,0.1,0.25,0.45,0.7,0.75,0.8,0.95,0.5,0.0,0.0,0.12,0.03
6,PB_only,0.019508,0.15,0.25,0.45,0.65,0.65,0.8,0.85,0.0,0.0,0.0,0.08,0.05
8,PB_only,0.019504,0.15,0.25,0.3,0.6,0.7,0.8,0.9,0.0,0.0,0.0,0.1,0.05
6,PB_only,0.019499,0.1,0.3,0.4,0.65,0.65,0.8,0.95,0.0,0.0,0.0,0.06,0.03
8,PE_only,0.019498,0.2,0.25,0.45,0.7,0.75,0.8,0.95,0.0,0.0,0.0,0.12,0.04
6,PB_only,0.019484,0.15,0.25,0.35,0.65,0.65,0.85,0.95,0.0,0.0,0.0,0.06,0.04
6,PB_only,0.01947,0.1,0.2,0.45,0.65,0.7,0.85,0.9,0.0,0.0,0.0,0.06,0.04
8,PB_only,0.01947,0.1,0.2,0.35,0.55,0.65,0.75,0.9,0.0,0.0,0.0,0.06,0.04
8,PE_FED,0.019468,0.2,0.3,0.4,0.65,0.75,0.8,0.95,-0.5,0.0,0.0,0.06,0.05
8,PB_only,0.019466,0.1,0.3,0.35,0.6,0.7,0.75,0.85,0.0,0.0,0.0,0.1,0.04
8,PE_only,0.019465,0.2,0.25,0.35,0.7,0.65,0.75,0.95,0.0,0.0,0.0,0.08,0.03
8,PE_FED,0.01945,0.05,0.15,0.3,0.65,0.7,0.8,0.9,0.0,0.0,0.0,0.1,0.03
8,PB_only,0.019448,0.1,0.2,0.4,0.55,0.7,0.75,0.9,0.0,0.0,0.0,0.06,0.03
6,PB_only,0.019446,0.2,0.3,0.4,0.65,0.65,0.8,0.9,0.0,0.0,0.0,0.1,0.04
8,PB_FED,0.019446,0.1,0.3,0.35,0.7,0.7,0.75,0.95,1.0,0.0,0.0,0.08,0.03
8,PB_FED,0.019443,0.15,0.25,0.35,0.7,0.65,0.75,0.9,1.0,0.0,0.0,0.08,0.03
8,PB_only,0.019427,0.05,0.15,0.35,0.6,0.65,0.85,0.95,0.0,0.0,0.0,0.12,0.03
8,PB_only,0.019425,0.1,0.2,0.3,0.55,0.7,0.8,0.9,0.0,0.0,0.0,0.08,0.03
8,PE_FED,0.019418,0.1,0.15,0.45,0.7,0.65,0.75,0.9,0.0,0.0,0.0,0.08,0.05
8,PB_FED,0.019414,0.2,0.3,0.4,0.6,0.65,0.85,0.9,-0.5,0.0,0.0,0.06,0.03
8,PB_only,0.019407,0.1,0.2,0.35,0.55,0.7,0.75,0.9,0.0,0.0,0.0,0.12,0.04
8,PB_FED,0.019406,0.05,0.2,0.45,0.6,0.7,0.85,0.95,-0.5,0.0,0.0,0.12,0.04
8,PB_only,0.019404,0.2,0.25,0.3,0.6,0.7,0.8,0.95,0.0,0.0,0.0,0.06,0.03
8,PB_FED,0.019401,0.15,0.2,0.4,0.6,0.65,0.75,0.95,0.5,0.0,0.0,0.1,0.04
8,PB_FED,0.0194,0.1,0.2,0.3,0.5,0.65,0.85,0.9,0.0,0.0,0.0,0.08,0.05
8,PB_only,0.019395,0.05,0.15,0.4,0.6,0.75,0.85,0.9,0.0,0.0,0.0,0.06,0.04
8,PB_only,0.019392,0.1,0.15,0.4,0.6,0.65,0.85,0.95,0.0,0.0,0.0,0.08,0.03
6,PB_FED,0.019385,0.1,0.15,0.45,0.65,0.65,0.8,0.9,0.0,0.0,0.0,0.06,0.04
8,PB_FED,0.019378,0.15,0.2,0.35,0.7,0.75,0.85,0.95,0.5,0.0,0.0,0.08,0.04
8,PB_FED,0.019368,0.15,0.3,0.4,0.6,0.7,0.8,0.85,-0.5,0.0,0.0,0.12,0.05
8,PE_only,0.019359,0.05,0.15,0.4,0.65,0.75,0.85,0.95,0.0,0.0,0.0,0.12,0.03
6,PB_FED,0.019357,0.05,0.2,0.4,0.65,0.7,0.8,0.9,-0.5,0.0,0.0,0.12,0.05
8,PB_FED,0.019356,0.1,0.15,0.35,0.6,0.7,0.8,0.85,0.5,0.0,0.0,0.12,0.03
8,PB_only,0.019351,0.05,0.15,0.35,0.6,0.7,0.85,0.9,0.0,0.0,0.0,0.12,0.05
6,PB_FED,0.019345,0.1,0.15,0.45,0.7,0.7,0.85,0.95,0.0,0.0,0.0,0.06,0.04
6,PB_FED,0.019341,0.05,0.2,0.3,0.6,0.65,0.75,0.95,-0.5,0.0,0.0,0.08,0.05
8,PB_only,0.01934,0.15,0.25,0.3,0.55,0.7,0.75,0.9,0.0,0.0,0.0,0.12,0.04
8,PB_only,0.019338,0.1,0.2,0.3,0.6,0.7,0.85,0.95,0.0,0.0,0.0,0.1,0.04
8,PB_only,0.019335,0.15,0.25,0.4,0.6,0.75,0.85,0.9,0.0,0.0,0.0,0.06,0.03
8,PE_only,0.019334,0.1,0.25,0.4,0.7,0.75,0.85,0.95,0.0,0.0,0.0,0.08,0.03
8,PE_only,0.019334,0.05,0.3,0.35,0.7,0.7,0.75,0.95,0.0,0.0,0.0,0.06,0.04
8,PE_only,0.019329,0.2,0.25,0.4,0.7,0.65,0.8,0.95,0.0,0.0,0.0,0.06,0.05
6,PB_FED,0.019326,0.05,0.2,0.4,0.7,0.65,0.8,0.95,0.0,0.0,0.0,0.06,0.04
6,PB_FED,0.019315,0.1,0.2,0.35,0.6,0.75,0.8,0.9,0.0,0.0,0.0,0.08,0.03
8,PB_FED,0.019313,0.05,0.2,0.3,0.5,0.75,0.85,0.9,0.0,0.0,0.0,0.12,0.04
8,PB_FED,0.019303,0.1,0.2,0.4,0.65,0.7,0.8,0.95,0.5,0.0,0.0,0.1,0.04
8,PB_FED,0.019303,0.15,0.2,0.4,0.55,0.7,0.8,0.9,-0.5,0.0,0.0,0.1,0.05
8,PE_PB_FED,0.019297,0.1,0.2,0.35,0.7,0.65,0.8,0.95,0.0,0.65,0.8,0.08,0.05
6,PB_FED,0.019286,0.1,0.25,0.35,0.7,0.65,0.8,0.85,0.0,0.0,0.0,0.06,0.04
8,PB_FED,0.019284,0.15,0.2,0.45,0.55,0.75,0.8,0.9,-0.5,0.0,0.0,0.12,0.04
8,PB_FED,0.019279,0.15,0.25,0.45,0.7,0.65,0.75,0.95,1.0,0.0,0.0,0.1,0.03
8,PB_FED,0.019277,0.05,0.15,0.35,0.7,0.75,0.8,0.95,1.0,0.0,0.0,0.08,0.03
6,PB_only,0.019276,0.2,0.25,0.45,0.65,0.7,0.8,0.95,0.0,0.0,0.0,0.08,0.05
8,PB_only,0.019273,0.1,0.15,0.4,0.6,0.7,0.85,0.9,0.0,0.0,0.0,0.06,0.05
8,PB_only,0.019269,0.1,0.15,0.3,0.5,0.65,0.75,0.9,0.0,0.0,0.0,0.1,0.04
8,PB_FED,0.019268,0.1,0.15,0.45,0.65,0.75,0.85,0.9,0.5,0.0,0.0,0.06,0.03
6,PB_only,0.019264,0.05,0.3,0.4,0.65,0.7,0.8,0.85,0.0,0.0,0.0,0.08,0.04
6,PB_only,0.019264,0.05,0.3,0.4,0.65,0.7,0.8,0.85,0.0,0.0,0.0,0.12,0.04
8,PB_only,0.019257,0.1,0.15,0.45,0.6,0.65,0.8,0.9,0.0,0.0,0.0,0.08,0.05
8,PB_FED,0.01925,0.2,0.3,0.4,0.6,0.7,0.75,0.85,-0.5,0.0,0.0,0.1,0.05
6,PB_FED,0.019247,0.2,0.25,0.4,0.7,0.65,0.85,0.9,-0.5,0.0,0.0,0.1,0.05
8,PB_FED,0.019238,0.05,0.2,0.4,0.7,0.75,0.8,0.95,0.5,0.0,0.0,0.06,0.04
8,PB_only,0.019236,0.1,0.2,0.35,0.6,0.7,0.8,0.95,0.0,0.0,0.0,0.12,0.05
8,PB_only,0.019233,0.05,0.15,0.35,0.55,0.7,0.8,0.9,0.0,0.0,0.0,0.12,0.03
8,PB_FED,0.019232,0.15,0.25,0.4,0.5,0.7,0.8,0.9,0.0,0.0,0.0,0.1,0.03
6,PB_FED,0.019225,0.05,0.25,0.35,0.65,0.75,0.8,0.9,-0.5,0.0,0.0,0.1,0.03
8,PB_FED,0.01922,0.05,0.15,0.45,0.7,0.75,0.8,0.95,0.5,0.0,0.0,0.12,0.04
8,PE_only,0.019219,0.15,0.25,0.4,0.7,0.65,0.85,0.95,0.0,0.0,0.0,0.06,0.05
6,PB_FED,0.019217,0.05,0.2,0.3,0.65,0.7,0.85,0.95,0.0,0.0,0.0,0.08,0.05
8,PE_only,0.019214,0.1,0.3,0.35,0.7,0.65,0.8,0.95,0.0,0.0,0.0,0.1,0.03
8,PB_FED,0.019213,0.15,0.25,0.35,0.7,0.7,0.8,0.85,0.5,0.0,0.0,0.1,0.03
8,PB_FED,0.01921,0.1,0.25,0.3,0.6,0.7,0.75,0.95,1.0,0.0,0.0,0.12,0.05
8,PE_PB_FED,0.019204,0.1,0.15,0.4,0.65,0.75,0.8,0.95,-0.5,0.65,0.7,0.06,0.03
8,PB_only,0.019202,0.1,0.15,0.35,0.55,0.75,0.85,0.9,0.0,0.0,0.0,0.12,0.03
8,PB_FED,0.01918,0.05,0.2,0.35,0.65,0.7,0.8,0.95,0.5,0.0,0.0,0.12,0.04
8,PB_FED,0.019177,0.2,0.25,0.45,0.65,0.65,0.75,0.9,0.5,0.0,0.0,0.12,0.04
6,PB_only,0.019173,0.05,0.3,0.35,0.65,0.7,0.8,0.85,0.0,0.0,0.0,0.12,0.03
8,PE_only,0.019171,0.05,0.15,0.35,0.6,0.65,0.75,0.95,0.0,0.0,0.0,0.06,0.03
6,PB_only,0.019169,0.05,0.15,0.45,0.65,0.7,0.85,0.9,0.0,0.0,0.0,0.08,0.05
8,PE_FED,0.019168,0.1,0.3,0.45,0.65,0.7,0.85,0.95,0.0,0.0,0.0,0.1,0.04
6,PB_FED,0.019153,0.05,0.25,0.35,0.7,0.65,0.8,0.95,0.0,0.0,0.0,0.1,0.03
6,PB_FED,0.019144,0.05,0.25,0.35,0.7,0.7,0.85,0.9,0.0,0.0,0.0,0.06,0.03
8,PB_FED,0.019143,0.05,0.2,0.3,0.55,0.75,0.85,0.9,-0.5,0.0,0.0,0.1,0.05
8,PB_only,0.019139,0.1,0.2,0.4,0.6,0.75,0.85,0.95,0.0,0.0,0.0,0.06,0.03
6,PB_FED,0.019137,0.1,0.2,0.4,0.65,0.7,0.8,0.85,0.0,0.0,0.0,0.1,0.04
8,PE_FED,0.019137,0.05,0.3,0.35,0.65,0.65,0.85,0.95,-0.5,0.0,0.0,0.08,0.05
8,PE_only,0.019132,0.05,0.25,0.3,0.65,0.7,0.8,0.95,0.0,0.0,0.0,0.06,0.04
8,PB_FED,0.01913,0.1,0.2,0.45,0.6,0.65,0.75,0.85,0.5,0.0,0.0,0.08,0.04
6,PB_FED,0.019125,0.2,0.25,0.35,0.65,0.7,0.8,0.95,0.0,0.0,0.0,0.12,0.03
8,PE_FED,0.019106,0.1,0.2,0.3,0.6,0.7,0.75,0.9,0.0,0.0,0.0,0.12,0.04
8,PB_only,0.019106,0.05,0.2,0.3,0.6,0.7,0.85,0.9,0.0,0.0,0.0,0.1,0.05
8,PE_only,0.019104,0.05,0.15,0.3,0.7,0.65,0.75,0.9,0.0,0.0,0.0,0.08,0.04
8,PB_only,0.019104,0.1,0.2,0.4,0.6,0.65,0.8,0.95,0.0,0.0,0.0,0.08,0.03
8,PB_FED,0.019095,0.2,0.25,0.4,0.6,0.65,0.75,0.95,0.5,0.0,0.0,0.1,0.05
6,PB_FED,0.019093,0.1,0.25,0.3,0.65,0.7,0.8,0.95,0.0,0.0,0.0,0.12,0.04
8,PB_FED,0.019091,0.05,0.25,0.3,0.6,0.7,0.8,0.95,0.5,0.0,0.0,0.06,0.03
8,PE_FED,0.01909,0.1,0.15,0.3,0.6,0.7,0.8,0.9,0.0,0.0,0.0,0.12,0.04
8,PB_only,0.01909,0.05,0.2,0.45,0.6,0.65,0.75,0.95,0.0,0.0,0.0,0.1,0.03
6,PB_only,0.019088,0.05,0.3,0.35,0.65,0.75,0.85,0.95,0.0,0.0,0.0,0.1,0.03
8,PB_only,0.019088,0.05,0.25,0.4,0.6,0.7,0.8,0.9,0.0,0.0,0.0,0.12,0.03
6,PB_only,0.019086,0.1,0.3,0.35,0.65,0.65,0.85,0.95,0.0,0.0,0.0,0.12,0.03
8,PB_FED,0.019085,0.1,0.25,0.4,0.7,0.75,0.85,0.9,0.5,0.0,0.0,0.1,0.03
8,PE_FED,0.019084,0.1,0.15,0.3,0.65,0.7,0.8,0.9,0.0,0.0,0.0,0.06,0.05
8,PB_FED,0.019079,0.1,0.15,0.35,0.7,0.65,0.85,0.95,0.5,0.0,0.0,0.06,0.04
6,PB_FED,0.019074,0.15,0.25,0.35,0.65,0.7,0.85,0.95,-0.5,0.0,0.0,0.1,0.03
8,PB_only,0.01907,0.15,0.3,0.35,0.6,0.7,0.8,0.85,0.0,0.0,0.0,0.08,0.04
6,PB_FED,0.019069,0.15,0.3,0.35,0.7,0.7,0.85,0.95,-0.5,0.0,0.0,0.12,0.05
8,PE_only,0.019069,0.1,0.15,0.35,0.6,0.7,0.8,0.95,0.0,0.0,0.0,0.1,0.04
6,PB_FED,0.019068,0.05,0.25,0.4,0.65,0.65,0.75,0.9,0.0,0.0,0.0,0.08,0.04
6,PB_FED,0.019067,0.1,0.15,0.4,0.6,0.75,0.8,0.9,0.0,0.0,0.0,0.1,0.03
8,PB_FED,0.019067,0.05,0.25,0.45,0.65,0.65,0.75,0.9,0.5,0.0,0.0,0.08,0.04
6,PB_only,0.019065,0.05,0.25,0.4,0.65,0.75,0.85,0.95,0.0,0.0,0.0,0.1,0.05
6,PB_only,0.019065,0.05,0.25,0.4,0.65,0.7,0.85,0.95,0.0,0.0,0.0,0.1,0.05
8,PB_only,0.019064,0.05,0.15,0.4,0.55,0.75,0.8,0.85,0.0,0.0,0.0,0.12,0.03
8,PE_only,0.019061,0.05,0.25,0.3,0.65,0.7,0.75,0.95,0.0,0.0,0.0,0.12,0.04
8,PE_only,0.019053,0.2,0.25,0.4,0.7,0.65,0.75,0.95,0.0,0.0,0.0,0.12,0.05
6,PB_FED,0.019048,0.1,0.25,0.3,0.65,0.65,0.8,0.9,0.0,0.0,0.0,0.06,0.05
6,PB_only,0.019045,0.05,0.2,0.45,0.65,0.65,0.85,0.95,0.0,0.0,0.0,0.1,0.05
8,PE_only,0.019043,0.05,0.25,0.3,0.7,0.65,0.85,0.95,0.0,0.0,0.0,0.1,0.03
8,PE_FED,0.019042,0.15,0.2,0.3,0.5,0.75,0.8,0.95,0.0,0.0,0.0,0.06,0.04
8,PE_only,0.01904,0.05,0.3,0.4,0.7,0.7,0.75,0.95,0.0,0.0,0.0,0.08,0.03
6,PB_only,0.019034,0.1,0.3,0.35,0.65,0.65,0.8,0.95,0.0,0.0,0.0,0.1,0.04
6,PB_only,0.019034,0.2,0.25,0.4,0.65,0.65,0.85,0.95,0.0,0.0,0.0,0.06,0.05
8,PB_only,0.019021,0.1,0.25,0.45,0.6,0.65,0.8,0.9,0.0,0.0,0.0,0.1,0.03
6,PB_FED,0.019019,0.1,0.2,0.35,0.65,0.75,0.85,0.9,0.0,0.0,0.0,0.1,0.04
8,PB_FED,0.019019,0.1,0.2,0.3,0.6,0.7,0.75,0.9,1.0,0.0,0.0,0.1,0.04
8,PE_FED,0.019018,0.05,0.2,0.35,0.7,0.7,0.8,0.9,-0.5,0.0,0.0,0.08,0.03
6,PB_only,0.019013,0.15,0.2,0.45,0.65,0.7,0.85,0.9,0.0,0.0,0.0,0.06,0.05
8,PE_FED,0.019011,0.05,0.25,0.35,0.7,0.7,0.75,0.9,0.0,0.0,0.0,0.08,0.04
8,PB_FED,0.019011,0.05,0.2,0.4,0.65,0.65,0.75,0.9,1.0,0.0,0.0,0.1,0.03
8,PB_FED,0.019009,0.05,0.25,0.3,0.55,0.75,0.8,0.95,-0.5,0.0,0.0,0.06,0.04
6,PB_only,0.019007,0.2,0.25,0.45,0.65,0.7,0.8,0.85,0.0,0.0,0.0,0.12,0.05
6,PB_FED,0.019007,0.05,0.25,0.3,0.65,0.75,0.8,0.95,-0.5,0.0,0.0,0.06,0.04
8,PB_only,0.019006,0.15,0.25,0.45,0.6,0.7,0.75,0.95,0.0,0.0,0.0,0.08,0.05
8,PB_FED,0.019006,0.15,0.3,0.4,0.55,0.7,0.75,0.95,-0.5,0.0,0.0,0.1,0.04
8,PE_only,0.018994,0.15,0.2,0.3,0.65,0.75,0.85,0.95,0.0,0.0,0.0,0.12,0.03
6,PB_FED,0.018986,0.15,0.3,0.45,0.7,0.7,0.75,0.85,-0.5,0.0,0.0,0.06,0.05
8,PE_only,0.018981,0.05,0.15,0.4,0.6,0.65,0.8,0.95,0.0,0.0,0.0,0.08,0.03
6,PB_FED,0.018979,0.15,0.25,0.35,0.65,0.65,0.8,0.95,-0.5,0.0,0.0,0.12,0.05
8,PE_only,0.018976,0.15,0.2,0.35,0.65,0.7,0.85,0.95,0.0,0.0,0.0,0.12,0.05
8,PB_FED,0.018972,0.05,0.3,0.4,0.6,0.65,0.75,0.85,-0.5,0.0,0.0,0.06,0.05
8,PB_only,0.018971,0.1,0.2,0.4,0.55,0.65,0.75,0.85,0.0,0.0,0.0,0.06,0.04
8,PB_only,0.01896,0.05,0.2,0.35,0.6,0.65,0.85,0.9,0.0,0.0,0.0,0.06,0.04
8,PB_only,0.018959,0.1,0.25,0.45,0.6,0.75,0.8,0.9,0.0,0.0,0.0,0.12,0.03
8,PB_only,0.018958,0.05,0.3,0.45,0.65,0.65,0.85,0.9,0.0,0.0,0.0,0.06,0.05
8,PB_only,0.018958,0.05,0.3,0.45,0.65,0.65,0.85,0.9,0.0,0.0,0.0,0.08,0.05
8,PE_PB_FED,0.018954,0.15,0.25,0.35,0.7,0.7,0.75,0.95,0.0,0.65,0.7,0.08,0.03
6,PB_only,0.018952,0.2,0.3,0.45,0.7,0.65,0.85,0.95,0.0,0.0,0.0,0.08,0.04
8,PB_FED,0.01895,0.15,0.2,0.4,0.5,0.65,0.8,0.9,0.0,0.0,0.0,0.12,0.05
8,PB_only,0.018946,0.05,0.2,0.4,0.6,0.65,0.75,0.95,0.0,0.0,0.0,0.06,0.04
6,PB_FED,0.018934,0.2,0.25,0.3,0.6,0.7,0.75,0.95,0.0,0.0,0.0,0.08,0.04
8,PB_only,0.018932,0.1,0.15,0.35,0.5,0.7,0.75,0.9,0.0,0.0,0.0,0.08,0.03
8,PB_FED,0.018931,0.05,0.15,0.45,0.7,0.65,0.8,0.85,0.5,0.0,0.0,0.08,0.03
8,PB_FED,0.018931,0.1,0.3,0.45,0.5,0.7,0.75,0.95,0.0,0.0,0.0,0.12,0.03
8,PB_FED,0.01892,0.1,0.15,0.45,0.6,0.65,0.8,0.9,0.5,0.0,0.0,0.12,0.03
6,PB_FED,0.018917,0.05,0.15,0.3,0.55,0.7,0.75,0.85,0.0,0.0,0.0,0.12,0.03
8,PB_FED,0.018913,0.05,0.15,0.45,0.55,0.65,0.85,0.95,0.0,0.0,0.0,0.08,0.04
8,PE_only,0.018906,0.1,0.15,0.45,0.65,0.7,0.85,0.95,0.0,0.0,0.0,0.12,0.05
6,PE_only,0.018905,0.1,0.15,0.35,0.7,0.7,0.8,0.95,0.0,0.0,0.0,0.06,0.05
8,PB_FED,0.018894,0.2,0.3,0.4,0.55,0.7,0.8,0.85,0.0,0.0,0.0,0.08,0.04
8,PB_only,0.018891,0.15,0.3,0.35,0.6,0.65,0.75,0.95,0.0,0.0,0.0,0.1,0.03
8,PE_only,0.018882,0.15,0.3,0.4,0.7,0.7,0.85,0.95,0.0,0.0,0.0,0.1,0.05
8,PE_FED,0.018879,0.1,0.15,0.45,0.7,0.7,0.8,0.9,-0.5,0.0,0.0,0.1,0.05
8,PB_only,0.018874,0.2,0.3,0.45,0.65,0.65,0.85,0.95,0.0,0.0,0.0,0.12,0.05
6,PB_FED,0.018872,0.15,0.2,0.45,0.6,0.65,0.75,0.95,0.0,0.0,0.0,0.12,0.05
8,PB_FED,0.018867,0.15,0.2,0.35,0.55,0.75,0.85,0.9,-0.5,0.0,0.0,0.06,0.05
8,PB_FED,0.018865,0.15,0.2,0.35,0.5,0.7,0.85,0.9,0.0,0.0,0.0,0.08,0.04
8,PB_FED,0.018853,0.15,0.2,0.4,0.7,0.65,0.75,0.85,1.0,0.0,0.0,0.1,0.03
8,PB_only,0.01885,0.1,0.15,0.35,0.55,0.65,0.75,0.95,0.0,0.0,0.0,0.06,0.04
8,PB_only,0.01885,0.1,0.15,0.35,0.55,0.65,0.75,0.95,0.0,0.0,0.0,0.12,0.04
8,PB_FED,0.01885,0.1,0.2,0.35,0.65,0.7,0.85,0.95,0.5,0.0,0.0,0.12,0.04
6,PB_FED,0.018846,0.05,0.25,0.45,0.7,0.65,0.8,0.9,-0.5,0.0,0.0,0.08,0.05
8,PB_FED,0.018845,0.1,0.25,0.4,0.7,0.75,0.8,0.95,0.5,0.0,0.0,0.1,0.05
6,PB_only,0.018842,0.05,0.3,0.35,0.65,0.75,0.85,0.9,0.0,0.0,0.0,0.12,0.03
8,PE_only,0.018841,0.05,0.25,0.3,0.65,0.65,0.75,0.95,0.0,0.0,0.0,0.12,0.05
8,PE_PB_FED,0.018841,0.05,0.15,0.4,0.65,0.7,0.85,0.95,0.0,0.65,0.8,0.1,0.04
8,PE_PB_FED,0.01884,0.1,0.25,0.35,0.7,0.7,0.8,0.95,0.0,0.65,0.8,0.12,0.03
8,PB_FED,0.018837,0.1,0.25,0.35,0.65,0.7,0.8,0.95,0.5,0.0,0.0,0.06,0.04
6,PB_FED,0.018833,0.1,0.25,0.3,0.6,0.7,0.75,0.9,-0.5,0.0,0.0,0.12,0.03
8,PE_only,0.018829,0.1,0.25,0.35,0.7,0.65,0.85,0.95,0.0,0.0,0.0,0.1,0.03
6,PE_only,0.018828,0.1,0.15,0.35,0.7,0.7,0.75,0.95,0.0,0.0,0.0,0.06,0.04
8,PB_FED,0.018827,0.15,0.25,0.35,0.55,0.7,0.8,0.95,-0.5,0.0,0.0,0.1,0.05
8,PE_only,0.018824,0.1,0.2,0.3,0.65,0.75,0.85,0.95,0.0,0.0,0.0,0.12,0.03
8,PB_FED,0.018823,0.05,0.2,0.3,0.6,0.65,0.8,0.85,0.5,0.0,0.0,0.06,0.03
8,PB_FED,0.018822,0.1,0.15,0.4,0.6,0.65,0.8,0.85,0.5,0.0,0.0,0.06,0.03
8,PB_only,0.018807,0.15,0.2,0.35,0.6,0.75,0.85,0.9,0.0,0.0,0.0,0.1,0.05
6,PB_only,0.018806,0.15,0.3,0.35,0.65,0.75,0.85,0.95,0.0,0.0,0.0,0.1,0.05
8,PE_only,0.018788,0.2,0.25,0.45,0.7,0.75,0.85,0.95,0.0,0.0,0.0,0.06,0.04
8,PE_only,0.018786,0.1,0.25,0.35,0.65,0.7,0.75,0.95,0.0,0.0,0.0,0.12,0.03
8,PB_FED,0.018784,0.05,0.25,0.4,0.55,0.65,0.8,0.85,0.0,0.0,0.0,0.1,0.05
8,PB_only,0.018774,0.1,0.3,0.35,0.6,0.65,0.75,0.9,0.0,0.0,0.0,0.08,0.05
8,PE_only,0.018773,0.2,0.25,0.35,0.7,0.65,0.85,0.95,0.0,0.0,0.0,0.08,0.04
8,PE_PB_FED,0.018773,0.05,0.25,0.3,0.65,0.7,0.75,0.95,0.0,0.65,0.8,0.08,0.03
6,PB_FED,0.018771,0.1,0.2,0.4,0.65,0.65,0.85,0.95,0.0,0.0,0.0,0.12,0.03
8,PB_only,0.018768,0.1,0.2,0.35,0.55,0.65,0.75,0.95,0.0,0.0,0.0,0.12,0.03
8,PB_FED,0.018764,0.2,0.25,0.45,0.5,0.65,0.75,0.85,0.0,0.0,0.0,0.1,0.03
8,PE_only,0.018758,0.15,0.3,0.4,0.7,0.65,0.75,0.95,0.0,0.0,0.0,0.08,0.05
8,PE_only,0.018756,0.05,0.3,0.35,0.7,0.65,0.8,0.95,0.0,0.0,0.0,0.1,0.05
8,PB_FED,0.018755,0.15,0.25,0.4,0.7,0.7,0.8,0.95,0.5,0.0,0.0,0.1,0.05
6,PB_FED,0.018754,0.05,0.15,0.35,0.6,0.7,0.75,0.85,-0.5,0.0,0.0,0.06,0.03
8,PE_FED,0.018752,0.15,0.2,0.4,0.5,0.65,0.75,0.95,0.0,0.0,0.0,0.12,0.03
8,PB_only,0.018752,0.05,0.15,0.45,0.6,0.7,0.85,0.95,0.0,0.0,0.0,0.06,0.03
8,PE_only,0.018748,0.15,0.2,0.4,0.65,0.75,0.85,0.95,0.0,0.0,0.0,0.1,0.05
8,PE_only,0.018748,0.15,0.2,0.4,0.65,0.7,0.85,0.95,0.0,0.0,0.0,0.08,0.05
8,PB_FED,0.018747,0.05,0.25,0.45,0.55,0.7,0.75,0.95,-0.5,0.0,0.0,0.12,0.05
6,PB_FED,0.018746,0.05,0.2,0.3,0.6,0.7,0.8,0.9,-0.5,0.0,0.0,0.06,0.03
6,PB_FED,0.018739,0.2,0.25,0.3,0.65,0.7,0.8,0.9,0.0,0.0,0.0,0.12,0.05
8,PB_only,0.018736,0.1,0.3,0.35,0.6,0.65,0.75,0.95,0.0,0.0,0.0,0.1,0.05
6,PE_only,0.018725,0.1,0.15,0.4,0.7,0.7,0.8,0.95,0.0,0.0,0.0,0.06,0.03
6,PB_FED,0.018724,0.15,0.3,0.4,0.7,0.75,0.85,0.95,-0.5,0.0,0.0,0.12,0.04
8,PB_only,0.018718,0.1,0.25,0.35,0.6,0.65,0.85,0.9,0.0,0.0,0.0,0.06,0.04
8,PB_only,0.018709,0.15,0.25,0.45,0.6,0.65,0.85,0.9,0.0,0.0,0.0,0.06,0.03
8,PB_FED,0.018708,0.15,0.25,0.45,0.55,0.75,0.85,0.95,0.0,0.0,0.0,0.1,0.04
6,PB_FED,0.018707,0.05,0.2,0.45,0.6,0.65,0.75,0.9,0.0,0.0,0.0,0.08,0.03
6,PB_FED,0.018695,0.2,0.3,0.35,0.7,0.75,0.85,0.9,-0.5,0.0,0.0,0.12,0.05
8,PB_only,0.018692,0.1,0.25,0.35,0.55,0.65,0.75,0.85,0.0,0.0,0.0,0.08,0.04
8,PB_FED,0.018688,0.05,0.15,0.45,0.65,0.65,0.8,0.95,0.5,0.0,0.0,0.06,0.03
8,PB_FED,0.018687,0.1,0.25,0.35,0.5,0.75,0.8,0.95,0.0,0.0,0.0,0.1,0.04
8,PE_FED,0.018682,0.05,0.2,0.3,0.5,0.65,0.8,0.95,0.0,0.0,0.0,0.12,0.05
8,PE_PB_FED,0.018679,0.15,0.2,0.45,0.65,0.65,0.8,0.95,0.0,0.65,0.8,0.08,0.03
8,PB_FED,0.018678,0.1,0.3,0.4,0.5,0.65,0.75,0.95,0.0,0.0,0.0,0.12,0.05
6,PB_FED,0.018677,0.1,0.15,0.35,0.6,0.75,0.8,0.9,0.0,0.0,0.0,0.08,0.05
8,PE_FED,0.018669,0.1,0.15,0.4,0.6,0.65,0.75,0.9,0.0,0.0,0.0,0.1,0.05
8,PB_FED,0.018665,0.15,0.2,0.45,0.65,0.7,0.75,0.85,0.5,0.0,0.0,0.12,0.05
8,PB_only,0.018664,0.05,0.15,0.3,0.55,0.75,0.8,0.9,0.0,0.0,0.0,0.1,0.05
8,PB_FED,0.018664,0.05,0.15,0.45,0.65,0.7,0.75,0.9,1.0,0.0,0.0,0.1,0.04
6,PB_only,0.018662,0.15,0.3,0.45,0.65,0.75,0.8,0.95,0.0,0.0,0.0,0.1,0.05
8,PE_only,0.018659,0.1,0.2,0.45,0.65,0.7,0.75,0.95,0.0,0.0,0.0,0.08,0.05
6,PB_only,0.018658,0.05,0.15,0.35,0.6,0.65,0.75,0.9,0.0,0.0,0.0,0.08,0.03
8,PB_only,0.018651,0.05,0.3,0.4,0.6,0.7,0.75,0.85,0.0,0.0,0.0,0.1,0.03
8,PE_only,0.018648,0.1,0.25,0.4,0.65,0.7,0.8,0.95,0.0,0.0,0.0,0.08,0.04
6,PB_only,0.018646,0.1,0.3,0.4,0.65,0.65,0.85,0.95,0.0,0.0,0.0,0.06,0.03
8,PB_FED,0.018644,0.2,0.3,0.45,0.55,0.75,0.8,0.95,0.0,0.0,0.0,0.1,0.03
6,PB_FED,0.018641,0.05,0.15,0.4,0.6,0.7,0.8,0.95,0.0,0.0,0.0,0.1,0.03
8,PB_only,0.01864,0.15,0.3,0.35,0.6,0.65,0.8,0.85,0.0,0.0,0.0,0.12,0.03
8,PE_only,0.018636,0.05,0.25,0.4,0.65,0.65,0.8,0.95,0.0,0.0,0.0,0.1,0.03
8,PB_only,0.018635,0.15,0.25,0.4,0.6,0.7,0.8,0.85,0.0,0.0,0.0,0.1,0.05
8,PB_FED,0.018633,0.05,0.3,0.45,0.7,0.7,0.75,0.95,0.5,0.0,0.0,0.12,0.04
8,PB_only,0.018621,0.15,0.2,0.45,0.55,0.65,0.75,0.85,0.0,0.0,0.0,0.08,0.03
8,PB_only,0.018621,0.1,0.25,0.3,0.55,0.75,0.8,0.85,0.0,0.0,0.0,0.06,0.04
8,PB_FED,0.01862,0.1,0.25,0.3,0.5,0.7,0.8,0.85,0.0,0.0,0.0,0.06,0.05
6,PB_only,0.018619,0.1,0.3,0.35,0.65,0.7,0.85,0.9,0.0,0.0,0.0,0.1,0.04
8,PE_FED,0.018617,0.05,0.2,0.3,0.7,0.65,0.8,0.9,-0.5,0.0,0.0,0.06,0.05
8,PB_FED,0.018616,0.05,0.2,0.4,0.7,0.7,0.8,0.9,0.5,0.0,0.0,0.1,0.05
8,PB_FED,0.018616,0.05,0.15,0.45,0.55,0.7,0.8,0.85,-0.5,0.0,0.0,0.06,0.05
6,PB_FED,0.018615,0.15,0.25,0.4,0.65,0.75,0.85,0.95,-0.5,0.0,0.0,0.08,0.03
8,PB_FED,0.018603,0.2,0.25,0.4,0.7,0.7,0.8,0.85,0.5,0.0,0.0,0.08,0.04
6,PB_only,0.018602,0.05,0.15,0.35,0.6,0.7,0.75,0.9,0.0,0.0,0.0,0.06,0.03
8,PB_only,0.018601,0.15,0.2,0.35,0.6,0.75,0.8,0.85,0.0,0.0,0.0,0.06,0.05
6,PB_FED,0.018598,0.1,0.25,0.4,0.65,0.75,0.8,0.85,-0.5,0.0,0.0,0.12,0.04
8,PB_FED,0.018598,0.15,0.2,0.35,0.55,0.7,0.75,0.85,0.5,0.0,0.0,0.12,0.04
6,PB_FED,0.018597,0.2,0.25,0.3,0.65,0.7,0.8,0.85,-0.5,0.0,0.0,0.08,0.03
8,PB_only,0.018593,0.15,0.2,0.3,0.55,0.75,0.8,0.95,0.0,0.0,0.0,0.12,0.03
8,PB_FED,0.018591,0.1,0.3,0.45,0.55,0.7,0.8,0.85,0.0,0.0,0.0,0.06,0.04
6,PB_FED,0.018588,0.05,0.25,0.45,0.7,0.7,0.85,0.95,-0.5,0.0,0.0,0.1,0.05
8,PB_FED,0.018583,0.05,0.2,0.4,0.55,0.7,0.8,0.95,-0.5,0.0,0.0,0.1,0.05
8,PE_only,0.018582,0.05,0.2,0.45,0.65,0.7,0.75,0.95,0.0,0.0,0.0,0.06,0.05
8,PE_only,0.018582,0.05,0.2,0.45,0.65,0.65,0.75,0.95,0.0,0.0,0.0,0.12,0.05
8,PB_only,0.018582,0.1,0.2,0.35,0.6,0.75,0.8,0.85,0.0,0.0,0.0,0.06,0.05
8,PB_FED,0.018578,0.15,0.2,0.45,0.5,0.75,0.85,0.9,0.0,0.0,0.0,0.06,0.03
8,PB_only,0.018573,0.05,0.25,0.4,0.6,0.65,0.8,0.9,0.0,0.0,0.0,0.12,0.04
8,PE_only,0.018569,0.1,0.2,0.4,0.65,0.65,0.85,0.95,0.0,0.0,0.0,0.12,0.05
6,PB_only,0.018559,0.05,0.3,0.4,0.65,0.65,0.8,0.95,0.0,0.0,0.0,0.1,0.05
6,PB_FED,0.018559,0.15,0.2,0.45,0.6,0.65,0.75,0.9,0.0,0.0,0.0,0.06,0.05
8,PB_only,0.018551,0.05,0.15,0.4,0.6,0.75,0.8,0.85,0.0,0.0,0.0,0.12,0.05
8,PB_FED,0.01855,0.15,0.3,0.35,0.6,0.7,0.75,0.95,1.0,0.0,0.0,0.08,0.03
8,PB_only,0.018544,0.05,0.15,0.4,0.6,0.65,0.8,0.95,0.0,0.0,0.0,0.1,0.04
8,PB_FED,0.01854,0.2,0.25,0.3,0.55,0.7,0.75,0.95,0.5,0.0,0.0,0.1,0.04
8,PB_only,0.018537,0.05,0.2,0.35,0.55,0.75,0.8,0.85,0.0,0.0,0.0,0.06,0.03
6,PB_FED,0.018534,0.1,0.25,0.4,0.65,0.75,0.85,0.95,-0.5,0.0,0.0,0.06,0.03
8,PB_FED,0.018526,0.2,0.25,0.3,0.65,0.65,0.8,0.95,0.5,0.0,0.0,0.08,0.05
8,PE_PB_FED,0.018523,0.15,0.2,0.35,0.6,0.75,0.8,0.95,0.0,0.65,0.7,0.06,0.04
8,PB_FED,0.018511,0.15,0.25,0.45,0.7,0.7,0.8,0.85,0.5,0.0,0.0,0.12,0.04
8,PB_FED,0.018507,0.1,0.3,0.4,0.55,0.7,0.75,0.9,-0.5,0.0,0.0,0.08,0.05
8,PB_only,0.018499,0.15,0.25,0.35,0.6,0.75,0.8,0.95,0.0,0.0,0.0,0.06,0.05
8,PB_FED,0.018498,0.2,0.3,0.4,0.55,0.7,0.85,0.9,0.0,0.0,0.0,0.1,0.03
6,PB_FED,0.018495,0.15,0.25,0.3,0.6,0.65,0.75,0.95,0.0,0.0,0.0,0.1,0.04
8,PB_FED,0.018488,0.05,0.25,0.4,0.5,0.75,0.8,0.95,0.0,0.0,0.0,0.1,0.03
8,PB_FED,0.018487,0.1,0.25,0.4,0.5,0.65,0.8,0.95,0.0,0.0,0.0,0.08,0.03
6,PB_FED,0.018482,0.05,0.25,0.3,0.65,0.7,0.8,0.85,-0.5,0.0,0.0,0.1,0.03
6,PB_only,0.018481,0.2,0.3,0.45,0.65,0.7,0.75,0.85,0.0,0.0,0.0,0.08,0.05
8,PB_FED,0.018477,0.05,0.25,0.35,0.65,0.7,0.85,0.95,0.5,0.0,0.0,0.06,0.03
6,PB_FED,0.018469,0.1,0.3,0.4,0.7,0.75,0.85,0.9,-0.5,0.0,0.0,0.06,0.05
8,PB_only,0.018469,0.1,0.3,0.4,0.6,0.75,0.8,0.85,0.0,0.0,0.0,0.12,0.04
8,PE_FED,0.018468,0.1,0.15,0.45,0.7,0.7,0.85,0.9,-0.5,0.0,0.0,0.12,0.04
8,PB_FED,0.018466,0.15,0.2,0.45,0.55,0.65,0.75,0.9,0.5,0.0,0.0,0.06,0.03
8,PB_FED,0.018465,0.15,0.25,0.45,0.5,0.65,0.8,0.9,0.0,0.0,0.0,0.12,0.03
6,PB_FED,0.018458,0.15,0.2,0.45,0.65,0.65,0.75,0.85,0.0,0.0,0.0,0.06,0.05
6,PB_only,0.018456,0.2,0.25,0.45,0.65,0.75,0.85,0.95,0.0,0.0,0.0,0.1,0.04
6,PB_only,0.018455,0.1,0.2,0.35,0.6,0.65,0.75,0.85,0.0,0.0,0.0,0.12,0.03
8,PE_only,0.018455,0.05,0.3,0.45,0.7,0.7,0.8,0.95,0.0,0.0,0.0,0.08,0.05
6,PB_FED,0.018445,0.05,0.25,0.3,0.6,0.7,0.75,0.95,-0.5,0.0,0.0,0.1,0.03
8,PB_FED,0.018445,0.1,0.3,0.45,0.7,0.7,0.75,0.9,0.5,0.0,0.0,0.12,0.05
8,PB_only,0.01843,0.15,0.25,0.45,0.6,0.7,0.8,0.95,0.0,0.0,0.0,0.1,0.03
8,PB_only,0.01843,0.05,0.15,0.45,0.6,0.75,0.8,0.95,0.0,0.0,0.0,0.1,0.04
8,PE_only,0.018427,0.1,0.25,0.4,0.65,0.65,0.8,0.95,0.0,0.0,0.0,0.1,0.05
6,PB_only,0.01842,0.05,0.3,0.35,0.65,0.65,0.8,0.95,0.0,0.0,0.0,0.06,0.04
8,PB_FED,0.018419,0.15,0.25,0.35,0.7,0.7,0.85,0.95,0.5,0.0,0.0,0.08,0.04
8,PE_only,0.018416,0.05,0.2,0.35,0.65,0.7,0.85,0.95,0.0,0.0,0.0,0.08,0.03
8,PB_only,0.018413,0.15,0.25,0.4,0.6,0.65,0.8,0.95,0.0,0.0,0.0,0.12,0.03
8,PE_only,0.018412,0.1,0.15,0.3,0.6,0.65,0.85,0.95,0.0,0.0,0.0,0.12,0.04
8,PB_FED,0.018411,0.2,0.3,0.45,0.55,0.75,0.8,0.85,0.0,0.0,0.0,0.1,0.03
8,PE_PB_FED,0.018408,0.05,0.2,0.35,0.7,0.7,0.75,0.95,0.0,0.6,0.8,0.12,0.03
6,PB_FED,0.0184,0.05,0.2,0.4,0.65,0.7,0.85,0.95,-0.5,0.0,0.0,0.12,0.05
8,PB_only,0.018398,0.1,0.15,0.3,0.5,0.7,0.75,0.9,0.0,0.0,0.0,0.12,0.05
8,PB_FED,0.018391,0.05,0.3,0.45,0.6,0.65,0.85,0.9,-0.5,0.0,0.0,0.12,0.03
8,PE_only,0.018389,0.05,0.2,0.3,0.6,0.65,0.8,0.95,0.0,0.0,0.0,0.06,0.03
8,PB_only,0.018385,0.2,0.3,0.35,0.6,0.65,0.8,0.85,0.0,0.0,0.0,0.12,0.04
8,PB_FED,0.018381,0.2,0.25,0.35,0.5,0.7,0.8,0.9,0.0,0.0,0.0,0.1,0.04
6,PB_only,0.018377,0.1,0.3,0.45,0.65,0.75,0.85,0.9,0.0,0.0,0.0,0.1,0.03
8,PB_only,0.018375,0.15,0.2,0.45,0.55,0.7,0.75,0.95,0.0,0.0,0.0,0.08,0.03
8,PB_only,0.018374,0.1,0.15,0.4,0.55,0.75,0.8,0.95,0.0,0.0,0.0,0.12,0.03
6,PB_FED,0.018369,0.2,0.25,0.4,0.65,0.65,0.8,0.95,-0.5,0.0,0.0,0.06,0.03
8,PE_only,0.018368,0.05,0.25,0.45,0.7,0.65,0.85,0.95,0.0,0.0,0.0,0.1,0.04
8,PB_FED,0.018364,0.05,0.2,0.35,0.6,0.7,0.75,0.9,1.0,0.0,0.0,0.08,0.03
8,PE_FED,0.018362,0.05,0.2,0.4,0.5,0.7,0.75,0.95,0.0,0.0,0.0,0.08,0.04
8,PB_FED,0.01836,0.1,0.2,0.3,0.6,0.65,0.75,0.9,1.0,0.0,0.0,0.08,0.05
8,PE_only,0.018358,0.1,0.2,0.3,0.6,0.7,0.8,0.95,0.0,0.0,0.0,0.08,0.03
8,PB_FED,0.018356,0.1,0.2,0.35,0.5,0.7,0.75,0.95,0.5,0.0,0.0,0.06,0.05
8,PE_PB_FED,0.018349,0.05,0.15,0.3,0.55,0.65,0.8,0.95,0.0,0.6,0.8,0.08,0.04
8,PB_FED,0.018348,0.2,0.25,0.45,0.7,0.75,0.8,0.9,0.5,0.0,0.0,0.12,0.03
8,PB_only,0.018347,0.1,0.3,0.4,0.6,0.65,0.75,0.95,0.0,0.0,0.0,0.12,0.03
8,PB_only,0.018342,0.05,0.25,0.45,0.6,0.7,0.75,0.95,0.0,0.0,0.0,0.12,0.04
6,PB_FED,0.018341,0.05,0.15,0.45,0.65,0.65,0.85,0.95,-0.5,0.0,0.0,0.1,0.03
6,PB_FED,0.018337,0.2,0.25,0.45,0.65,0.7,0.8,0.95,-0.5,0.0,0.0,0.1,0.03
8,PB_FED,0.018336,0.05,0.15,0.4,0.55,0.7,0.75,0.9,1.0,0.0,0.0,0.1,0.03
6,PB_FED,0.018333,0.05,0.25,0.3,0.65,0.7,0.85,0.9,0.0,0.0,0.0,0.1,0.03
8,PE_FED,0.018332,0.1,0.15,0.35,0.5,0.75,0.85,0.95,0.0,0.0,0.0,0.1,0.05
8,PE_FED,0.018331,0.15,0.25,0.3,0.65,0.65,0.75,0.9,-0.5,0.0,0.0,0.06,0.04
8,PE_FED,0.018328,0.15,0.3,0.4,0.6,0.65,0.75,0.95,-0.5,0.0,0.0,0.08,0.03
8,PB_FED,0.01832,0.1,0.25,0.4,0.65,0.75,0.8,0.95,0.5,0.0,0.0,0.1,0.04
8,PB_FED,0.018315,0.1,0.25,0.3,0.5,0.7,0.8,0.95,-0.5,0.0,0.0,0.06,0.03
8,PB_only,0.018314,0.05,0.25,0.45,0.6,0.65,0.75,0.95,0.0,0.0,0.0,0.1,0.05
8,PE_FED,0.018309,0.05,0.2,0.4,0.5,0.65,0.8,0.95,0.0,0.0,0.0,0.1,0.03
8,PE_PB_FED,0.018306,0.05,0.2,0.45,0.7,0.7,0.75,0.95,0.0,0.65,0.8,0.08,0.05
8,PE_FED,0.018294,0.05,0.15,0.35,0.7,0.75,0.85,0.9,-0.5,0.0,0.0,0.1,0.05
8,PB_only,0.018294,0.05,0.2,0.35,0.55,0.65,0.75,0.95,0.0,0.0,0.0,0.06,0.03
8,PE_only,0.018292,0.15,0.2,0.3,0.6,0.7,0.8,0.95,0.0,0.0,0.0,0.1,0.04
8,PB_FED,0.018292,0.15,0.2,0.4,0.65,0.7,0.8,0.95,1.0,0.0,0.0,0.1,0.03
8,PB_only,0.018288,0.1,0.15,0.35,0.5,0.65,0.75,0.85,0.0,0.0,0.0,0.06,0.04
8,PE_only,0.018286,0.2,0.25,0.35,0.65,0.65,0.8,0.95,0.0,0.0,0.0,0.1,0.03
8,PE_only,0.018286,0.2,0.25,0.35,0.65,0.65,0.8,0.95,0.0,0.0,0.0,0.12,0.03
8,PB_FED,0.018285,0.15,0.25,0.3,0.6,0.7,0.8,0.95,0.5,0.0,0.0,0.12,0.04
6,PB_FED,0.018284,0.1,0.2,0.3,0.65,0.75,0.8,0.85,0.0,0.0,0.0,0.08,0.05
8,PB_FED,0.018284,0.15,0.25,0.45,0.55,0.75,0.85,0.9,-0.5,0.0,0.0,0.1,0.03
8,PB_FED,0.018283,0.1,0.2,0.3,0.5,0.7,0.8,0.9,-0.5,0.0,0.0,0.1,0.05
8,PB_only,0.018282,0.15,0.25,0.4,0.6,0.65,0.85,0.9,0.0,0.0,0.0,0.08,0.04
6,PB_FED,0.018281,0.05,0.25,0.3,0.65,0.75,0.8,0.85,0.0,0.0,0.0,0.06,0.03
6,PB_FED,0.018281,0.2,0.3,0.35,0.7,0.65,0.85,0.95,-0.5,0.0,0.0,0.06,0.05
8,PB_FED,0.018281,0.15,0.3,0.4,0.55,0.65,0.8,0.9,-0.5,0.0,0.0,0.12,0.03
6,PB_only,0.01828,0.2,0.25,0.45,0.65,0.75,0.85,0.9,0.0,0.0,0.0,0.12,0.04
8,PE_only,0.018277,0.05,0.15,0.3,0.6,0.7,0.85,0.95,0.0,0.0,0.0,0.1,0.05
8,PB_FED,0.01827,0.1,0.15,0.45,0.65,0.7,0.85,0.95,0.5,0.0,0.0,0.12,0.04
6,PB_only,0.018264,0.15,0.3,0.4,0.65,0.75,0.85,0.9,0.0,0.0,0.0,0.06,0.04
6,PB_FED,0.018261,0.05,0.2,0.4,0.6,0.7,0.75,0.9,-0.5,0.0,0.0,0.1,0.04
8,PB_only,0.018257,0.1,0.15,0.35,0.5,0.7,0.75,0.9,0.0,0.0,0.0,0.08,0.04
8,PB_only,0.018257,0.15,0.25,0.3,0.55,0.65,0.8,0.85,0.0,0.0,0.0,0.1,0.03
8,PE_only,0.018254,0.1,0.25,0.3,0.65,0.75,0.85,0.95,0.0,0.0,0.0,0.1,0.04
8,PE_FED,0.018234,0.05,0.2,0.3,0.6,0.65,0.75,0.9,0.0,0.0,0.0,0.1,0.03
8,PE_PB_FED,0.018234,0.1,0.15,0.4,0.6,0.65,0.8,0.95,-0.5,0.65,0.75,0.1,0.03
6,PE_only,0.018231,0.1,0.15,0.35,0.7,0.65,0.75,0.95,0.0,0.0,0.0,0.1,0.05
8,PB_FED,0.018229,0.1,0.25,0.45,0.5,0.7,0.75,0.95,-0.5,0.0,0.0,0.08,0.03
8,PB_FED,0.018229,0.1,0.25,0.4,0.6,0.7,0.75,0.95,1.0,0.0,0.0,0.1,0.05
8,PB_FED,0.018226,0.2,0.25,0.4,0.7,0.65,0.75,0.9,1.0,0.0,0.0,0.08,0.03
8,PB_only,0.018224,0.15,0.2,0.45,0.6,0.7,0.85,0.9,0.0,0.0,0.0,0.08,0.04
8,PB_FED,0.018216,0.1,0.25,0.35,0.65,0.7,0.8,0.9,0.5,0.0,0.0,0.12,0.05
6,PB_FED,0.018214,0.05,0.25,0.35,0.7,0.65,0.8,0.95,0.0,0.0,0.0,0.1,0.04
8,PB_FED,0.018205,0.15,0.3,0.4,0.55,0.65,0.8,0.95,0.0,0.0,0.0,0.1,0.04
8,PB_FED,0.0182,0.2,0.3,0.35,0.6,0.7,0.75,0.95,0.5,0.0,0.0,0.12,0.04
6,PE_only,0.018198,0.15,0.2,0.3,0.7,0.7,0.75,0.95,0.0,0.0,0.0,0.08,0.03
6,PB_only,0.01819,0.05,0.3,0.45,0.65,0.65,0.8,0.95,0.0,0.0,0.0,0.1,0.03
8,PB_only,0.018185,0.1,0.2,0.35,0.55,0.65,0.85,0.9,0.0,0.0,0.0,0.12,0.03
6,PB_only,0.018184,0.15,0.3,0.35,0.65,0.75,0.85,0.9,0.0,0.0,0.0,0.08,0.05
8,PE_only,0.018183,0.1,0.15,0.3,0.6,0.65,0.85,0.95,0.0,0.0,0.0,0.12,0.05
8,PE_only,0.01818,0.2,0.25,0.45,0.7,0.75,0.85,0.95,0.0,0.0,0.0,0.08,0.03
8,PB_only,0.01818,0.05,0.3,0.45,0.6,0.65,0.75,0.9,0.0,0.0,0.0,0.08,0.03
8,PE_only,0.018169,0.1,0.2,0.3,0.6,0.65,0.8,0.95,0.0,0.0,0.0,0.08,0.04
8,PB_only,0.018168,0.15,0.25,0.4,0.55,0.7,0.75,0.85,0.0,0.0,0.0,0.06,0.04
8,PE_only,0.018165,0.15,0.25,0.45,0.65,0.75,0.8,0.95,0.0,0.0,0.0,0.12,0.04
8,PE_PB_FED,0.01816,0.15,0.2,0.3,0.6,0.65,0.75,0.95,0.0,0.6,0.75,0.12,0.03
6,PB_only,0.018159,0.2,0.3,0.4,0.65,0.65,0.85,0.95,0.0,0.0,0.0,0.1,0.03
8,PE_only,0.018158,0.05,0.2,0.4,0.65,0.7,0.85,0.95,0.0,0.0,0.0,0.08,0.03
8,PB_only,0.018158,0.05,0.15,0.3,0.5,0.65,0.75,0.95,0.0,0.0,0.0,0.12,0.05
8,PB_only,0.01815,0.15,0.25,0.3,0.55,0.7,0.75,0.85,0.0,0.0,0.0,0.08,0.05
8,PB_only,0.01815,0.05,0.3,0.35,0.6,0.65,0.75,0.95,0.0,0.0,0.0,0.1,0.03
6,PB_FED,0.018148,0.1,0.15,0.4,0.6,0.65,0.8,0.95,0.0,0.0,0.0,0.12,0.05
8,PE_only,0.018148,0.05,0.3,0.35,0.7,0.75,0.85,0.95,0.0,0.0,0.0,0.12,0.03
8,PE_PB_FED,0.018148,0.15,0.25,0.4,0.7,0.7,0.8,0.95,0.0,0.65,0.75,0.08,0.04
8,PB_only,0.018147,0.05,0.25,0.3,0.55,0.7,0.75,0.9,0.0,0.0,0.0,0.12,0.05
8,PE_PB_FED,0.018139,0.15,0.2,0.35,0.7,0.65,0.8,0.95,-0.5,0.65,0.7,0.1,0.05
8,PB_only,0.018139,0.15,0.2,0.4,0.55,0.65,0.75,0.95,0.0,0.0,0.0,0.1,0.05
6,PB_FED,0.018138,0.1,0.15,0.4,0.6,0.65,0.8,0.9,0.0,0.0,0.0,0.08,0.05
6,PB_FED,0.018138,0.1,0.15,0.4,0.6,0.65,0.8,0.9,0.0,0.0,0.0,0.1,0.05
6,PB_only,0.018133,0.15,0.2,0.3,0.6,0.7,0.75,0.85,0.0,0.0,0.0,0.1,0.04
8,PB_FED,0.018132,0.1,0.15,0.3,0.5,0.75,0.8,0.85,0.5,0.0,0.0,0.1,0.03
8,PE_only,0.01813,0.15,0.2,0.3,0.7,0.65,0.75,0.9,0.0,0.0,0.0,0.12,0.04
8,PE_only,0.018126,0.15,0.2,0.35,0.6,0.75,0.8,0.95,0.0,0.0,0.0,0.08,0.03
6,PB_FED,0.018116,0.05,0.25,0.35,0.6,0.7,0.75,0.9,0.0,0.0,0.0,0.06,0.04
8,PB_FED,0.018114,0.2,0.3,0.35,0.6,0.65,0.75,0.95,0.5,0.0,0.0,0.08,0.05
8,PE_FED,0.01811,0.1,0.25,0.4,0.55,0.7,0.85,0.95,0.0,0.0,0.0,0.06,0.04
8,PE_FED,0.018104,0.1,0.3,0.35,0.55,0.7,0.8,0.95,0.0,0.0,0.0,0.08,0.05
6,PB_only,0.018103,0.1,0.25,0.3,0.6,0.65,0.75,0.9,0.0,0.0,0.0,0.08,0.03
8,PB_FED,0.018103,0.05,0.3,0.4,0.6,0.7,0.85,0.9,-0.5,0.0,0.0,0.06,0.04
8,PB_only,0.018102,0.15,0.2,0.35,0.55,0.7,0.85,0.9,0.0,0.0,0.0,0.08,0.03
8,PB_FED,0.018097,0.05,0.25,0.35,0.7,0.65,0.8,0.9,0.5,0.0,0.0,0.06,0.05
8,PB_FED,0.018095,0.15,0.3,0.45,0.6,0.75,0.85,0.95,-0.5,0.0,0.0,0.12,0.04
8,PE_only,0.018093,0.05,0.15,0.3,0.7,0.65,0.75,0.9,0.0,0.0,0.0,0.08,0.05
8,PB_only,0.018092,0.05,0.3,0.4,0.6,0.75,0.8,0.85,0.0,0.0,0.0,0.12,0.03
8,PB_FED,0.018091,0.1,0.15,0.4,0.5,0.75,0.8,0.95,-0.5,0.0,0.0,0.06,0.04
8,PB_only,0.018089,0.1,0.2,0.4,0.55,0.65,0.8,0.9,0.0,0.0,0.0,0.1,0.03
8,PE_FED,0.018083,0.05,0.2,0.45,0.55,0.75,0.85,0.95,0.0,0.0,0.0,0.08,0.04
8,PB_FED,0.018081,0.1,0.2,0.3,0.6,0.65,0.8,0.85,0.5,0.0,0.0,0.1,0.05
8,PB_only,0.01808,0.1,0.3,0.45,0.6,0.75,0.8,0.85,0.0,0.0,0.0,0.1,0.03
8,PB_FED,0.018079,0.05,0.25,0.4,0.7,0.75,0.8,0.95,0.5,0.0,0.0,0.12,0.05
8,PB_FED,0.018079,0.05,0.25,0.4,0.7,0.75,0.8,0.95,0.5,0.0,0.0,0.1,0.05
8,PE_only,0.018064,0.15,0.2,0.3,0.6,0.65,0.8,0.95,0.0,0.0,0.0,0.08,0.05
8,PB_FED,0.018064,0.1,0.2,0.4,0.65,0.75,0.8,0.95,1.0,0.0,0.0,0.12,0.03
6,PB_FED,0.018062,0.15,0.3,0.45,0.7,0.7,0.85,0.95,-0.5,0.0,0.0,0.12,0.05
6,PB_FED,0.018061,0.1,0.3,0.35,0.7,0.75,0.8,0.95,0.0,0.0,0.0,0.06,0.04
8,PE_FED,0.018061,0.1,0.3,0.4,0.55,0.7,0.75,0.95,0.0,0.0,0.0,0.06,0.05
8,PB_FED,0.018061,0.05,0.2,0.45,0.5,0.75,0.8,0.85,0.0,0.0,0.0,0.12,0.04
8,PB_FED,0.018058,0.15,0.25,0.45,0.5,0.7,0.75,0.9,-0.5,0.0,0.0,0.12,0.03
8,PE_only,0.018052,0.05,0.15,0.45,0.6,0.7,0.8,0.95,0.0,0.0,0.0,0.06,0.03
8,PB_FED,0.018052,0.05,0.2,0.45,0.7,0.7,0.8,0.85,0.5,0.0,0.0,0.1,0.03
6,PB_FED,0.018045,0.1,0.2,0.35,0.6,0.75,0.8,0.85,0.0,0.0,0.0,0.1,0.04
8,PE_PB_FED,0.018044,0.15,0.25,0.4,0.65,0.65,0.75,0.95,0.0,0.65,0.75,0.12,0.04
8,PB_only,0.018041,0.05,0.2,0.35,0.6,0.7,0.85,0.95,0.0,0.0,0.0,0.1,0.04
8,PB_only,0.018039,0.05,0.2,0.35,0.6,0.65,0.8,0.95,0.0,0.0,0.0,0.06,0.04
6,PB_FED,0.018038,0.2,0.25,0.45,0.65,0.65,0.75,0.95,-0.5,0.0,0.0,0.12,0.04
8,PB_FED,0.018038,0.15,0.3,0.35,0.55,0.75,0.85,0.9,0.0,0.0,0.0,0.06,0.05
8,PB_only,0.018036,0.15,0.2,0.4,0.55,0.75,0.8,0.9,0.0,0.0,0.0,0.08,0.03
8,PE_only,0.018031,0.1,0.15,0.45,0.6,0.7,0.8,0.95,0.0,0.0,0.0,0.08,0.03
6,PB_only,0.018029,0.05,0.25,0.3,0.6,0.65,0.75,0.85,0.0,0.0,0.0,0.1,0.03
8,PE_PB_FED,0.018029,0.05,0.25,0.3,0.6,0.7,0.8,0.95,0.0,0.65,0.75,0.08,0.03
8,PB_only,0.018026,0.1,0.2,0.4,0.55,0.7,0.8,0.9,0.0,0.0,0.0,0.08,0.03
8,PB_only,0.018026,0.1,0.2,0.4,0.55,0.7,0.8,0.9,0.0,0.0,0.0,0.12,0.03
8,PB_FED,0.018022,0.2,0.25,0.35,0.55,0.7,0.75,0.95,1.0,0.0,0.0,0.08,0.03
8,PB_FED,0.018008,0.05,0.15,0.4,0.6,0.7,0.75,0.9,1.0,0.0,0.0,0.12,0.05
8,PE_FED,0.018005,0.1,0.2,0.3,0.6,0.7,0.75,0.9,0.0,0.0,0.0,0.12,0.05
6,PB_only,0.017994,0.2,0.25,0.45,0.65,0.75,0.8,0.85,0.0,0.0,0.0,0.12,0.05
8,PE_PB_FED,0.017994,0.05,0.15,0.45,0.6,0.65,0.75,0.95,0.0,0.6,0.7,0.06,0.04
8,PE_only,0.017992,0.15,0.2,0.45,0.65,0.75,0.85,0.95,0.0,0.0,0.0,0.06,0.05
6,PB_FED,0.017988,0.1,0.25,0.3,0.65,0.65,0.85,0.95,0.0,0.0,0.0,0.1,0.05
8,PB_FED,0.017987,0.15,0.3,0.35,0.55,0.7,0.8,0.85,-0.5,0.0,0.0,0.08,0.03
8,PB_FED,0.017983,0.15,0.2,0.4,0.55,0.65,0.75,0.9,0.5,0.0,0.0,0.12,0.05
6,PE_only,0.017982,0.05,0.2,0.3,0.7,0.7,0.75,0.95,0.0,0.0,0.0,0.1,0.04
8,PE_only,0.017978,0.1,0.2,0.35,0.6,0.75,0.8,0.95,0.0,0.0,0.0,0.12,0.03
8,PB_FED,0.017978,0.05,0.25,0.35,0.65,0.65,0.8,0.95,0.5,0.0,0.0,0.12,0.05
8,PE_only,0.017975,0.05,0.15,0.4,0.7,0.7,0.75,0.9,0.0,0.0,0.0,0.06,0.05
6,PB_only,0.017964,0.2,0.3,0.45,0.65,0.75,0.85,0.9,0.0,0.0,0.0,0.06,0.03
8,PB_only,0.017962,0.1,0.2,0.45,0.6,0.75,0.8,0.95,0.0,0.0,0.0,0.1,0.05
6,PE_only,0.017957,0.1,0.2,0.3,0.7,0.65,0.8,0.95,0.0,0.0,0.0,0.12,0.03
6,PB_only,0.017949,0.05,0.2,0.3,0.6,0.65,0.75,0.85,0.0,0.0,0.0,0.12,0.04
8,PB_FED,0.017947,0.15,0.2,0.3,0.6,0.7,0.85,0.9,0.5,0.0,0.0,0.06,0.04
8,PB_FED,0.017946,0.05,0.15,0.35,0.5,0.75,0.8,0.95,-0.5,0.0,0.0,0.1,0.05
8,PE_only,0.017944,0.1,0.2,0.3,0.6,0.75,0.8,0.95,0.0,0.0,0.0,0.08,0.05
8,PE_only,0.017943,0.05,0.3,0.4,0.7,0.75,0.85,0.95,0.0,0.0,0.0,0.12,0.03
8,PE_only,0.017942,0.1,0.2,0.4,0.7,0.7,0.75,0.9,0.0,0.0,0.0,0.06,0.04
6,PB_FED,0.017939,0.15,0.25,0.4,0.65,0.75,0.8,0.9,0.0,0.0,0.0,0.06,0.05
8,PE_only,0.01793,0.15,0.2,0.35,0.6,0.7,0.8,0.95,0.0,0.0,0.0,0.1,0.04
8,PB_FED,0.01793,0.05,0.15,0.45,0.65,0.75,0.8,0.95,1.0,0.0,0.0,0.12,0.03
6,PB_only,0.017928,0.1,0.15,0.35,0.6,0.7,0.75,0.95,0.0,0.0,0.0,0.06,0.05
8,PB_FED,0.017926,0.05,0.2,0.3,0.5,0.65,0.75,0.85,0.5,0.0,0.0,0.08,0.04
8,PB_FED,0.017924,0.15,0.25,0.4,0.5,0.7,0.75,0.85,-0.5,0.0,0.0,0.06,0.04
8,PE_only,0.017922,0.1,0.15,0.3,0.6,0.7,0.85,0.95,0.0,0.0,0.0,0.06,0.03
6,PB_FED,0.017921,0.15,0.3,0.4,0.65,0.7,0.8,0.9,-0.5,0.0,0.0,0.06,0.03
8,PE_only,0.017903,0.15,0.25,0.4,0.65,0.7,0.85,0.95,0.0,0.0,0.0,0.1,0.04
8,PB_FED,0.017891,0.15,0.2,0.45,0.5,0.7,0.75,0.95,0.5,0.0,0.0,0.1,0.03
8,PB_FED,0.017891,0.05,0.25,0.3,0.5,0.7,0.75,0.9,0.5,0.0,0.0,0.08,0.03
8,PE_only,0.017888,0.2,0.25,0.4,0.65,0.65,0.75,0.95,0.0,0.0,0.0,0.12,0.04
6,PB_FED,0.017885,0.2,0.25,0.45,0.6,0.7,0.75,0.95,0.0,0.0,0.0,0.1,0.03
8,PB_FED,0.017885,0.1,0.25,0.35,0.65,0.65,0.75,0.9,1.0,0.0,0.0,0.06,0.04
8,PB_FED,0.017883,0.1,0.2,0.3,0.5,0.65,0.85,0.9,-0.5,0.0,0.0,0.08,0.04
6,PB_FED,0.017879,0.05,0.15,0.4,0.6,0.75,0.8,0.9,-0.5,0.0,0.0,0.08,0.03
8,PB_FED,0.017878,0.1,0.2,0.4,0.65,0.75,0.85,0.9,0.5,0.0,0.0,0.08,0.04
8,PB_only,0.017874,0.15,0.3,0.4,0.6,0.7,0.8,0.9,0.0,0.0,0.0,0.08,0.04
8,PB_only,0.017871,0.1,0.15,0.35,0.55,0.7,0.8,0.95,0.0,0.0,0.0,0.06,0.04
8,PE_only,0.01787,0.1,0.2,0.35,0.6,0.65,0.75,0.95,0.0,0.0,0.0,0.06,0.03
6,PE_only,0.017864,0.15,0.2,0.35,0.7,0.65,0.8,0.95,0.0,0.0,0.0,0.08,0.04
8,PE_FED,0.01786,0.1,0.15,0.4,0.6,0.75,0.8,0.9,0.0,0.0,0.0,0.06,0.03
6,PB_FED,0.017858,0.05,0.15,0.3,0.6,0.7,0.8,0.85,-0.5,0.0,0.0,0.06,0.03
8,PE_only,0.017856,0.1,0.15,0.3,0.65,0.7,0.75,0.9,0.0,0.0,0.0,0.1,0.04
8,PB_only,0.017854,0.1,0.2,0.3,0.55,0.7,0.8,0.9,0.0,0.0,0.0,0.08,0.05
8,PE_PB_FED,0.017839,0.05,0.2,0.45,0.6,0.75,0.8,0.95,0.0,0.65,0.75,0.06,0.03
8,PB_FED,0.017838,0.1,0.15,0.3,0.5,0.65,0.75,0.9,1.0,0.0,0.0,0.1,0.04
6,PB_FED,0.017837,0.1,0.3,0.45,0.7,0.65,0.75,0.9,0.0,0.0,0.0,0.12,0.05
6,PB_only,0.017826,0.2,0.25,0.45,0.65,0.65,0.85,0.9,0.0,0.0,0.0,0.1,0.05
8,PE_only,0.017826,0.15,0.2,0.3,0.7,0.7,0.75,0.9,0.0,0.0,0.0,0.12,0.03
8,PE_only,0.017822,0.05,0.25,0.45,0.65,0.7,0.8,0.95,0.0,0.0,0.0,0.08,0.04
6,PB_FED,0.017821,0.1,0.25,0.4,0.65,0.65,0.8,0.95,0.0,0.0,0.0,0.12,0.05
8,PB_FED,0.01782,0.1,0.2,0.45,0.55,0.65,0.75,0.9,0.5,0.0,0.0,0.1,0.04
8,PB_only,0.01781,0.1,0.15,0.45,0.55,0.65,0.85,0.9,0.0,0.0,0.0,0.08,0.03
6,PB_FED,0.017809,0.1,0.2,0.4,0.6,0.7,0.8,0.95,0.0,0.0,0.0,0.12,0.05
8,PB_only,0.017802,0.1,0.25,0.35,0.6,0.65,0.8,0.95,0.0,0.0,0.0,0.1,0.04
8,PB_FED,0.017792,0.1,0.25,0.35,0.55,0.65,0.75,0.85,0.5,0.0,0.0,0.06,0.04
8,PE_only,0.017786,0.05,0.2,0.35,0.6,0.7,0.75,0.95,0.0,0.0,0.0,0.06,0.04
8,PB_only,0.017786,0.1,0.15,0.35,0.55,0.75,0.8,0.95,0.0,0.0,0.0,0.06,0.05
8,PE_PB_FED,0.017784,0.1,0.2,0.35,0.7,0.75,0.8,0.95,0.0,0.6,0.7,0.1,0.04
8,PE_only,0.01778,0.1,0.2,0.35,0.6,0.7,0.75,0.95,0.0,0.0,0.0,0.06,0.04
8,PE_FED,0.017778,0.05,0.15,0.4,0.65,0.65,0.8,0.9,-0.5,0.0,0.0,0.06,0.05
6,PB_FED,0.017776,0.2,0.3,0.45,0.7,0.7,0.85,0.95,-0.5,0.0,0.0,0.06,0.04
6,PB_FED,0.017775,0.15,0.2,0.3,0.55,0.7,0.75,0.95,-0.5,0.0,0.0,0.1,0.05
8,PB_only,0.017775,0.15,0.25,0.35,0.55,0.7,0.8,0.9,0.0,0.0,0.0,0.08,0.03
6,PB_FED,0.017774,0.05,0.25,0.4,0.7,0.75,0.85,0.95,0.0,0.0,0.0,0.08,0.04
8,PB_FED,0.017774,0.05,0.25,0.45,0.55,0.75,0.85,0.95,0.0,0.0,0.0,0.12,0.04
8,PB_only,0.017769,0.2,0.25,0.3,0.55,0.65,0.8,0.85,0.0,0.0,0.0,0.08,0.04
8,PB_FED,0.017761,0.05,0.2,0.4,0.55,0.7,0.85,0.95,-0.5,0.0,0.0,0.12,0.04
6,PE_only,0.017759,0.05,0.2,0.35,0.7,0.75,0.8,0.95,0.0,0.0,0.0,0.06,0.03
8,PB_only,0.017757,0.15,0.2,0.35,0.55,0.65,0.75,0.95,0.0,0.0,0.0,0.1,0.04
6,PB_FED,0.017754,0.05,0.2,0.3,0.6,0.65,0.85,0.9,0.0,0.0,0.0,0.06,0.04
8,PB_only,0.017754,0.05,0.15,0.35,0.55,0.75,0.85,0.95,0.0,0.0,0.0,0.06,0.03
8,PE_PB_FED,0.017753,0.1,0.2,0.35,0.7,0.65,0.85,0.95,0.0,0.65,0.7,0.06,0.03
8,PB_only,0.017752,0.15,0.2,0.35,0.5,0.7,0.75,0.9,0.0,0.0,0.0,0.1,0.03
8,PB_only,0.017751,0.15,0.25,0.35,0.6,0.65,0.85,0.95,0.0,0.0,0.0,0.08,0.05
8,PB_only,0.017748,0.2,0.3,0.35,0.6,0.75,0.85,0.9,0.0,0.0,0.0,0.12,0.03
8,PB_FED,0.017744,0.05,0.15,0.45,0.6,0.65,0.8,0.85,0.5,0.0,0.0,0.06,0.04
8,PB_FED,0.017737,0.05,0.3,0.4,0.6,0.75,0.85,0.95,-0.5,0.0,0.0,0.08,0.04
8,PE_PB_FED,0.017736,0.05,0.15,0.45,0.65,0.7,0.85,0.95,0.0,0.65,0.7,0.1,0.03
8,PE_only,0.017734,0.15,0.3,0.4,0.65,0.75,0.8,0.95,0.0,0.0,0.0,0.08,0.03
8,PB_only,0.017728,0.05,0.2,0.3,0.55,0.7,0.8,0.85,0.0,0.0,0.0,0.1,0.05
8,PB_FED,0.017725,0.2,0.25,0.45,0.5,0.65,0.8,0.9,0.0,0.0,0.0,0.1,0.03
6,PB_FED,0.017724,0.2,0.3,0.45,0.7,0.7,0.85,0.95,-0.5,0.0,0.0,0.1,0.05
6,PE_only,0.01772,0.1,0.2,0.35,0.7,0.65,0.8,0.95,0.0,0.0,0.0,0.12,0.04
8,PB_only,0.017711,0.1,0.25,0.35,0.6,0.65,0.85,0.95,0.0,0.0,0.0,0.06,0.05
8,PB_only,0.017708,0.2,0.25,0.3,0.55,0.7,0.8,0.85,0.0,0.0,0.0,0.06,0.04
6,PE_only,0.017707,0.05,0.15,0.3,0.65,0.7,0.8,0.95,0.0,0.0,0.0,0.12,0.03
6,PB_only,0.017706,0.05,0.3,0.45,0.65,0.7,0.85,0.9,0.0,0.0,0.0,0.12,0.03
8,PB_FED,0.017706,0.05,0.2,0.4,0.6,0.75,0.8,0.85,0.5,0.0,0.0,0.08,0.04
8,PE_only,0.017705,0.1,0.25,0.3,0.65,0.65,0.85,0.95,0.0,0.0,0.0,0.08,0.03
8,PE_only,0.017705,0.1,0.25,0.3,0.65,0.65,0.85,0.95,0.0,0.0,0.0,0.1,0.03
6,PB_only,0.017704,0.2,0.3,0.4,0.65,0.75,0.85,0.9,0.0,0.0,0.0,0.08,0.04
8,PE_only,0.0177,0.05,0.15,0.45,0.6,0.7,0.8,0.95,0.0,0.0,0.0,0.1,0.05
8,PB_only,0.0177,0.15,0.2,0.4,0.55,0.7,0.8,0.85,0.0,0.0,0.0,0.06,0.03
6,PB_FED,0.017696,0.05,0.3,0.35,0.7,0.75,0.8,0.9,0.0,0.0,0.0,0.1,0.04
8,PE_FED,0.017693,0.1,0.25,0.4,0.55,0.65,0.85,0.95,0.0,0.0,0.0,0.06,0.03
8,PE_only,0.01769,0.05,0.15,0.45,0.6,0.7,0.75,0.95,0.0,0.0,0.0,0.12,0.05
8,PE_FED,0.017687,0.1,0.2,0.4,0.65,0.7,0.75,0.9,-0.5,0.0,0.0,0.06,0.05
6,PB_only,0.017686,0.05,0.15,0.35,0.6,0.65,0.75,0.9,0.0,0.0,0.0,0.08,0.05
6,PE_only,0.017683,0.05,0.15,0.3,0.65,0.7,0.75,0.95,0.0,0.0,0.0,0.1,0.04
8,PB_FED,0.017683,0.05,0.25,0.35,0.55,0.7,0.85,0.9,-0.5,0.0,0.0,0.06,0.04
8,PB_only,0.01768,0.1,0.15,0.3,0.5,0.75,0.85,0.9,0.0,0.0,0.0,0.1,0.03
8,PB_only,0.017679,0.05,0.3,0.4,0.6,0.7,0.75,0.95,0.0,0.0,0.0,0.08,0.04
8,PB_only,0.017679,0.2,0.3,0.4,0.6,0.7,0.75,0.95,0.0,0.0,0.0,0.06,0.05
6,PB_only,0.017678,0.2,0.25,0.3,0.6,0.65,0.75,0.85,0.0,0.0,0.0,0.06,0.03
8,PB_only,0.017677,0.05,0.15,0.45,0.6,0.7,0.85,0.95,0.0,0.0,0.0,0.08,0.04
6,PB_FED,0.017676,0.1,0.3,0.35,0.7,0.65,0.8,0.9,0.0,0.0,0.0,0.1,0.05
8,PB_FED,0.017667,0.1,0.25,0.4,0.7,0.7,0.8,0.85,0.5,0.0,0.0,0.06,0.05
6,PB_FED,0.017664,0.15,0.25,0.45,0.7,0.75,0.85,0.9,0.0,0.0,0.0,0.08,0.05
8,PB_FED,0.01766,0.2,0.25,0.35,0.6,0.65,0.75,0.95,1.0,0.0,0.0,0.1,0.05
6,PB_only,0.017655,0.05,0.15,0.4,0.6,0.65,0.75,0.9,0.0,0.0,0.0,0.08,0.04
8,PE_only,0.017655,0.2,0.3,0.35,0.7,0.65,0.85,0.95,0.0,0.0,0.0,0.12,0.04
8,PE_only,0.017655,0.2,0.3,0.35,0.7,0.65,0.85,0.95,0.0,0.0,0.0,0.1,0.04
8,PB_only,0.017651,0.05,0.3,0.4,0.6,0.7,0.75,0.95,0.0,0.0,0.0,0.08,0.05
8,PB_only,0.017648,0.05,0.25,0.3,0.55,0.65,0.75,0.85,0.0,0.0,0.0,0.12,0.05
6,PB_FED,0.017647,0.05,0.2,0.45,0.65,0.75,0.85,0.95,-0.5,0.0,0.0,0.1,0.04
8,PB_FED,0.017646,0.05,0.2,0.35,0.6,0.65,0.75,0.95,1.0,0.0,0.0,0.08,0.04
8,PB_only,0.017643,0.15,0.25,0.4,0.6,0.65,0.85,0.9,0.0,0.0,0.0,0.08,0.05
8,PE_only,0.017635,0.15,0.2,0.3,0.7,0.7,0.75,0.9,0.0,0.0,0.0,0.06,0.05
8,PB_only,0.017626,0.05,0.25,0.4,0.6,0.65,0.85,0.9,0.0,0.0,0.0,0.12,0.04
6,PB_FED,0.017625,0.05,0.15,0.45,0.6,0.7,0.75,0.95,-0.5,0.0,0.0,0.1,0.05
8,PB_FED,0.017622,0.05,0.3,0.4,0.65,0.7,0.75,0.85,0.5,0.0,0.0,0.12,0.04
6,PB_only,0.017621,0.15,0.2,0.4,0.6,0.65,0.75,0.9,0.0,0.0,0.0,0.1,0.03
8,PB_only,0.017621,0.2,0.25,0.3,0.55,0.75,0.8,0.9,0.0,0.0,0.0,0.06,0.03
8,PB_FED,0.017619,0.05,0.15,0.4,0.5,0.65,0.85,0.95,0.0,0.0,0.0,0.12,0.04
6,PB_FED,0.017605,0.05,0.25,0.35,0.65,0.7,0.85,0.9,-0.5,0.0,0.0,0.12,0.04
8,PE_FED,0.017605,0.1,0.25,0.4,0.65,0.65,0.75,0.9,-0.5,0.0,0.0,0.1,0.04
8,PB_only,0.017605,0.1,0.15,0.4,0.55,0.75,0.85,0.95,0.0,0.0,0.0,0.08,0.03
8,PB_FED,0.017605,0.1,0.2,0.4,0.55,0.7,0.8,0.95,0.5,0.0,0.0,0.08,0.03
8,PE_only,0.017604,0.05,0.25,0.45,0.65,0.65,0.8,0.95,0.0,0.0,0.0,0.12,0.05
6,PB_FED,0.017601,0.05,0.2,0.35,0.6,0.65,0.8,0.9,-0.5,0.0,0.0,0.06,0.04
8,PE_FED,0.0176,0.1,0.2,0.35,0.6,0.65,0.75,0.9,0.0,0.0,0.0,0.08,0.05
8,PE_FED,0.0176,0.1,0.25,0.3,0.5,0.65,0.8,0.95,0.0,0.0,0.0,0.1,0.05
8,PB_only,0.0176,0.2,0.25,0.4,0.6,0.65,0.8,0.9,0.0,0.0,0.0,0.12,0.05
6,PB_FED,0.017596,0.1,0.25,0.4,0.65,0.7,0.85,0.95,-0.5,0.0,0.0,0.06,0.04
8,PB_only,0.017589,0.1,0.15,0.4,0.55,0.65,0.8,0.9,0.0,0.0,0.0,0.06,0.05
8,PE_FED,0.017587,0.1,0.2,0.45,0.6,0.65,0.75,0.9,0.0,0.0,0.0,0.12,0.04
8,PB_FED,0.017582,0.15,0.25,0.35,0.5,0.65,0.75,0.95,-0.5,0.0,0.0,0.06,0.04
8,PB_FED,0.017579,0.05,0.2,0.4,0.55,0.65,0.75,0.95,1.0,0.0,0.0,0.12,0.05
8,PB_only,0.017578,0.15,0.25,0.4,0.6,0.75,0.85,0.9,0.0,0.0,0.0,0.06,0.05
8,PB_only,0.017576,0.1,0.2,0.35,0.5,0.7,0.75,0.85,0.0,0.0,0.0,0.12,0.03
8,PE_FED,0.017574,0.1,0.15,0.35,0.7,0.75,0.8,0.85,-0.5,0.0,0.0,0.1,0.05
8,PE_FED,0.017574,0.1,0.15,0.35,0.7,0.75,0.8,0.85,-0.5,0.0,0.0,0.08,0.05
8,PB_FED,0.017568,0.2,0.25,0.4,0.6,0.75,0.8,0.95,0.5,0.0,0.0,0.12,0.03
6,PB_FED,0.017567,0.1,0.3,0.4,0.7,0.7,0.85,0.9,0.0,0.0,0.0,0.08,0.03
8,PE_only,0.017567,0.05,0.2,0.35,0.6,0.7,0.75,0.95,0.0,0.0,0.0,0.08,0.05
6,PE_only,0.017559,0.1,0.2,0.4,0.7,0.7,0.75,0.95,0.0,0.0,0.0,0.08,0.05
8,PB_FED,0.017557,0.05,0.25,0.3,0.65,0.7,0.85,0.9,0.5,0.0,0.0,0.1,0.04
8,PE_only,0.017556,0.05,0.15,0.35,0.6,0.65,0.85,0.95,0.0,0.0,0.0,0.06,0.03
8,PB_FED,0.017553,0.15,0.25,0.35,0.5,0.7,0.85,0.95,0.0,0.0,0.0,0.08,0.04
6,PE_only,0.017549,0.1,0.25,0.3,0.7,0.7,0.8,0.95,0.0,0.0,0.0,0.1,0.03
8,PE_only,0.01754,0.1,0.2,0.4,0.6,0.65,0.8,0.95,0.0,0.0,0.0,0.08,0.04
6,PB_FED,0.017536,0.05,0.15,0.35,0.6,0.7,0.85,0.9,-0.5,0.0,0.0,0.12,0.03
8,PB_FED,0.017532,0.1,0.25,0.45,0.55,0.7,0.8,0.9,-0.5,0.0,0.0,0.06,0.05
8,PB_FED,0.017527,0.05,0.3,0.45,0.55,0.75,0.8,0.9,0.0,0.0,0.0,0.06,0.04
8,PB_only,0.017525,0.1,0.15,0.4,0.55,0.75,0.8,0.9,0.0,0.0,0.0,0.08,0.05
8,PE_FED,0.017524,0.05,0.15,0.35,0.7,0.7,0.75,0.85,-0.5,0.0,0.0,0.12,0.04
8,PB_FED,0.017519,0.15,0.3,0.45,0.6,0.75,0.8,0.85,-0.5,0.0,0.0,0.1,0.05
8,PE_only,0.017518,0.15,0.2,0.35,0.7,0.7,0.8,0.9,0.0,0.0,0.0,0.12,0.04
8,PE_FED,0.017515,0.1,0.25,0.45,0.6,0.65,0.85,0.95,-0.5,0.0,0.0,0.12,0.04
6,PB_FED,0.017511,0.1,0.3,0.4,0.7,0.7,0.8,0.85,0.0,0.0,0.0,0.12,0.04
8,PE_FED,0.017503,0.05,0.15,0.35,0.7,0.75,0.8,0.85,-0.5,0.0,0.0,0.1,0.05
8,PE_only,0.017501,0.05,0.15,0.3,0.55,0.7,0.75,0.95,0.0,0.0,0.0,0.12,0.03
8,PE_only,0.017498,0.05,0.15,0.35,0.65,0.7,0.75,0.9,0.0,0.0,0.0,0.08,0.04
6,PE_only,0.017496,0.1,0.15,0.35,0.65,0.65,0.8,0.95,0.0,0.0,0.0,0.12,0.03
6,PB_FED,0.017468,0.1,0.2,0.3,0.5,0.65,0.75,0.9,0.0,0.0,0.0,0.08,0.04
8,PE_FED,0.017466,0.15,0.25,0.3,0.7,0.7,0.8,0.9,0.0,0.0,0.0,0.1,0.05
8,PE_FED,0.017466,0.05,0.2,0.3,0.55,0.75,0.85,0.95,-0.5,0.0,0.0,0.12,0.04
8,PB_only,0.017464,0.05,0.2,0.35,0.5,0.65,0.75,0.9,0.0,0.0,0.0,0.08,0.03
8,PE_FED,0.017463,0.05,0.25,0.35,0.5,0.75,0.8,0.95,0.0,0.0,0.0,0.06,0.03
8,PE_only,0.01746,0.1,0.2,0.3,0.7,0.7,0.75,0.9,0.0,0.0,0.0,0.1,0.05
8,PE_FED,0.017459,0.05,0.25,0.4,0.65,0.65,0.75,0.9,-0.5,0.0,0.0,0.12,0.04
8,PB_only,0.017458,0.15,0.3,0.45,0.6,0.65,0.85,0.9,0.0,0.0,0.0,0.06,0.03
6,PE_only,0.017456,0.15,0.2,0.35,0.7,0.65,0.75,0.95,0.0,0.0,0.0,0.12,0.05
6,PB_FED,0.017447,0.05,0.2,0.3,0.55,0.65,0.75,0.95,-0.5,0.0,0.0,0.08,0.05
8,PB_FED,0.017443,0.15,0.2,0.4,0.65,0.7,0.85,0.9,0.5,0.0,0.0,0.08,0.05
8,PE_only,0.017439,0.2,0.3,0.35,0.7,0.65,0.85,0.95,0.0,0.0,0.0,0.12,0.05
8,PE_FED,0.017434,0.15,0.25,0.3,0.6,0.65,0.75,0.9,0.0,0.0,0.0,0.12,0.03
8,PE_only,0.017433,0.05,0.15,0.3,0.55,0.75,0.8,0.95,0.0,0.0,0.0,0.06,0.03
6,PB_FED,0.017431,0.05,0.25,0.35,0.65,0.75,0.8,0.85,0.0,0.0,0.0,0.12,0.04
8,PB_only,0.01743,0.1,0.15,0.35,0.55,0.65,0.85,0.95,0.0,0.0,0.0,0.1,0.03
8,PB_only,0.01743,0.1,0.15,0.35,0.55,0.65,0.85,0.95,0.0,0.0,0.0,0.06,0.03
8,PB_FED,0.01743,0.15,0.2,0.3,0.5,0.65,0.8,0.95,-0.5,0.0,0.0,0.06,0.04
8,PE_only,0.017424,0.05,0.3,0.35,0.7,0.65,0.85,0.95,0.0,0.0,0.0,0.08,0.03
6,PB_only,0.017421,0.1,0.15,0.4,0.6,0.65,0.75,0.95,0.0,0.0,0.0,0.06,0.03
6,PB_FED,0.01742,0.1,0.25,0.3,0.6,0.65,0.8,0.9,0.0,0.0,0.0,0.1,0.05
8,PE_only,0.017419,0.15,0.3,0.4,0.65,0.75,0.8,0.95,0.0,0.0,0.0,0.1,0.05
8,PB_only,0.017416,0.05,0.2,0.4,0.6,0.65,0.85,0.95,0.0,0.0,0.0,0.06,0.05
8,PB_FED,0.017412,0.2,0.3,0.45,0.55,0.7,0.75,0.85,-0.5,0.0,0.0,0.06,0.04
8,PB_FED,0.01741,0.2,0.3,0.35,0.5,0.75,0.8,0.95,0.0,0.0,0.0,0.12,0.03
6,PB_FED,0.017409,0.1,0.15,0.45,0.55,0.65,0.75,0.85,0.0,0.0,0.0,0.06,0.03
8,PE_FED,0.017408,0.1,0.25,0.3,0.65,0.65,0.75,0.9,-0.5,0.0,0.0,0.06,0.03
6,PE_only,0.017407,0.05,0.15,0.3,0.7,0.7,0.85,0.95,0.0,0.0,0.0,0.1,0.04
6,PE_only,0.017402,0.1,0.25,0.3,0.7,0.7,0.75,0.95,0.0,0.0,0.0,0.1,0.04
8,PB_FED,0.017399,0.1,0.15,0.4,0.5,0.65,0.85,0.95,-0.5,0.0,0.0,0.1,0.03
8,PE_only,0.017397,0.05,0.15,0.3,0.55,0.65,0.75,0.95,0.0,0.0,0.0,0.1,0.04
8,PB_FED,0.017397,0.05,0.25,0.45,0.55,0.65,0.75,0.85,-0.5,0.0,0.0,0.08,0.05
6,PB_FED,0.017394,0.15,0.25,0.45,0.6,0.65,0.75,0.95,0.0,0.0,0.0,0.1,0.03
8,PB_only,0.017394,0.05,0.15,0.35,0.55,0.7,0.8,0.95,0.0,0.0,0.0,0.1,0.05
8,PB_only,0.017394,0.05,0.25,0.4,0.6,0.7,0.8,0.95,0.0,0.0,0.0,0.12,0.05
8,PB_FED,0.017391,0.05,0.2,0.4,0.65,0.7,0.75,0.9,1.0,0.0,0.0,0.06,0.05
6,PB_FED,0.017384,0.1,0.3,0.45,0.65,0.7,0.75,0.9,0.0,0.0,0.0,0.06,0.03
8,PB_only,0.017382,0.1,0.3,0.35,0.6,0.7,0.8,0.9,0.0,0.0,0.0,0.1,0.05
8,PE_FED,0.017381,0.05,0.15,0.35,0.7,0.65,0.75,0.85,-0.5,0.0,0.0,0.1,0.04
8,PB_only,0.017381,0.15,0.2,0.4,0.55,0.7,0.8,0.9,0.0,0.0,0.0,0.1,0.04
6,PB_only,0.017378,0.05,0.2,0.3,0.55,0.65,0.75,0.85,0.0,0.0,0.0,0.08,0.03
8,PB_FED,0.017378,0.1,0.25,0.45,0.65,0.65,0.8,0.95,0.5,0.0,0.0,0.06,0.05
8,PB_FED,0.017372,0.15,0.2,0.35,0.55,0.65,0.75,0.95,1.0,0.0,0.0,0.12,0.04
8,PB_only,0.01737,0.1,0.25,0.35,0.55,0.7,0.75,0.85,0.0,0.0,0.0,0.12,0.05
8,PB_only,0.017366,0.15,0.25,0.4,0.55,0.7,0.75,0.95,0.0,0.0,0.0,0.06,0.05
8,PE_PB_FED,0.017365,0.15,0.25,0.35,0.6,0.65,0.8,0.95,0.0,0.65,0.8,0.12,0.04
8,PB_only,0.017364,0.1,0.2,0.4,0.55,0.75,0.8,0.9,0.0,0.0,0.0,0.08,0.04
8,PB_FED,0.017364,0.1,0.25,0.4,0.6,0.7,0.8,0.85,0.5,0.0,0.0,0.08,0.04
6,PE_only,0.017362,0.1,0.15,0.4,0.65,0.65,0.8,0.95,0.0,0.0,0.0,0.12,0.04
8,PB_FED,0.017361,0.15,0.3,0.45,0.55,0.75,0.8,0.95,-0.5,0.0,0.0,0.06,0.03
8,PE_FED,0.017358,0.05,0.25,0.45,0.6,0.7,0.85,0.95,-0.5,0.0,0.0,0.08,0.04
8,PE_only,0.017357,0.15,0.3,0.4,0.65,0.7,0.75,0.95,0.0,0.0,0.0,0.12,0.05
8,PE_PB_FED,0.017357,0.05,0.15,0.4,0.7,0.7,0.85,0.95,0.0,0.6,0.7,0.08,0.05
6,PB_FED,0.017348,0.2,0.25,0.35,0.6,0.65,0.75,0.9,-0.5,0.0,0.0,0.08,0.04
6,PB_FED,0.017346,0.05,0.25,0.4,0.7,0.65,0.85,0.95,0.0,0.0,0.0,0.06,0.05
8,PE_FED,0.017346,0.1,0.2,0.45,0.55,0.7,0.75,0.95,-0.5,0.0,0.0,0.12,0.04
8,PB_FED,0.017345,0.1,0.3,0.35,0.6,0.75,0.8,0.95,0.5,0.0,0.0,0.08,0.03
6,PB_FED,0.017341,0.15,0.3,0.35,0.7,0.65,0.8,0.95,0.0,0.0,0.0,0.08,0.04
8,PB_FED,0.017341,0.2,0.3,0.35,0.65,0.7,0.8,0.9,0.5,0.0,0.0,0.08,0.03
8,PB_FED,0.017341,0.2,0.3,0.35,0.65,0.75,0.8,0.9,0.5,0.0,0.0,0.06,0.03
6,PB_only,0.017336,0.05,0.15,0.4,0.6,0.7,0.75,0.85,0.0,0.0,0.0,0.06,0.04
8,PB_only,0.017331,0.15,0.2,0.35,0.5,0.7,0.75,0.95,0.0,0.0,0.0,0.06,0.03
8,PB_only,0.017328,0.05,0.15,0.4,0.5,0.65,0.75,0.85,0.0,0.0,0.0,0.06,0.04
8,PB_only,0.017328,0.05,0.2,0.35,0.55,0.65,0.75,0.95,0.0,0.0,0.0,0.08,0.04
6,PE_only,0.017324,0.15,0.2,0.4,0.7,0.65,0.75,0.95,0.0,0.0,0.0,0.06,0.03
8,PE_FED,0.017318,0.1,0.2,0.35,0.65,0.7,0.8,0.9,0.0,0.0,0.0,0.1,0.05
8,PB_only,0.01731,0.2,0.25,0.4,0.6,0.7,0.8,0.95,0.0,0.0,0.0,0.06,0.04
6,PB_only,0.017308,0.2,0.25,0.3,0.6,0.7,0.75,0.9,0.0,0.0,0.0,0.08,0.03
8,PE_only,0.017308,0.05,0.2,0.4,0.6,0.65,0.8,0.95,0.0,0.0,0.0,0.1,0.05
8,PE_FED,0.017305,0.15,0.3,0.45,0.6,0.65,0.75,0.95,-0.5,0.0,0.0,0.08,0.05
8,PB_only,0.017302,0.1,0.25,0.4,0.6,0.7,0.85,0.95,0.0,0.0,0.0,0.12,0.04
8,PE_PB_FED,0.017301,0.05,0.15,0.4,0.65,0.65,0.85,0.95,-0.5,0.65,0.8,0.08,0.03
6,PE_only,0.0173,0.1,0.15,0.35,0.65,0.65,0.75,0.95,0.0,0.0,0.0,0.1,0.03
8,PE_only,0.017298,0.05,0.3,0.4,0.65,0.7,0.8,0.95,0.0,0.0,0.0,0.06,0.03
8,PB_FED,0.017297,0.05,0.25,0.35,0.6,0.75,0.85,0.95,0.5,0.0,0.0,0.06,0.03
8,PB_only,0.017295,0.1,0.25,0.4,0.55,0.65,0.8,0.9,0.0,0.0,0.0,0.12,0.03
6,PB_FED,0.017292,0.15,0.25,0.4,0.6,0.7,0.8,0.95,0.0,0.0,0.0,0.12,0.03
8,PB_only,0.017292,0.15,0.3,0.45,0.6,0.65,0.8,0.9,0.0,0.0,0.0,0.1,0.04
8,PB_only,0.017291,0.1,0.25,0.4,0.55,0.7,0.8,0.85,0.0,0.0,0.0,0.06,0.04
8,PE_FED,0.017287,0.05,0.2,0.45,0.55,0.7,0.75,0.95,-0.5,0.0,0.0,0.06,0.04
8,PE_only,0.017281,0.05,0.15,0.45,0.7,0.7,0.8,0.9,0.0,0.0,0.0,0.12,0.04
6,PB_FED,0.01728,0.1,0.2,0.3,0.6,0.75,0.85,0.95,-0.5,0.0,0.0,0.06,0.04
8,PE_only,0.01728,0.05,0.25,0.35,0.65,0.7,0.85,0.95,0.0,0.0,0.0,0.12,0.03
8,PB_FED,0.01728,0.1,0.25,0.4,0.7,0.75,0.85,0.9,0.5,0.0,0.0,0.06,0.05
8,PB_only,0.017266,0.15,0.2,0.4,0.55,0.65,0.75,0.95,0.0,0.0,0.0,0.12,0.04
6,PB_FED,0.017263,0.15,0.3,0.45,0.65,0.75,0.8,0.95,-0.5,0.0,0.0,0.1,0.03
6,PB_FED,0.017253,0.15,0.25,0.45,0.65,0.75,0.8,0.95,0.0,0.0,0.0,0.12,0.05
6,PB_FED,0.017253,0.1,0.2,0.45,0.6,0.65,0.75,0.85,-0.5,0.0,0.0,0.12,0.04
6,PB_only,0.017251,0.2,0.3,0.4,0.65,0.65,0.85,0.9,0.0,0.0,0.0,0.12,0.05
6,PB_FED,0.017248,0.15,0.3,0.45,0.7,0.7,0.8,0.95,0.0,0.0,0.0,0.12,0.04
8,PB_only,0.017244,0.05,0.25,0.35,0.55,0.7,0.8,0.9,0.0,0.0,0.0,0.12,0.03
8,PB_only,0.017241,0.2,0.25,0.4,0.6,0.75,0.8,0.95,0.0,0.0,0.0,0.12,0.05
8,PB_only,0.017236,0.2,0.25,0.45,0.55,0.65,0.75,0.9,0.0,0.0,0.0,0.08,0.03
8,PB_only,0.017236,0.2,0.25,0.35,0.6,0.7,0.85,0.9,0.0,0.0,0.0,0.08,0.05
8,PB_only,0.01723,0.1,0.3,0.45,0.6,0.75,0.85,0.9,0.0,0.0,0.0,0.06,0.03
8,PB_only,0.01723,0.1,0.3,0.45,0.6,0.7,0.85,0.9,0.0,0.0,0.0,0.12,0.03
8,PB_only,0.017226,0.1,0.2,0.4,0.5,0.7,0.75,0.9,0.0,0.0,0.0,0.1,0.03
8,PB_only,0.017225,0.1,0.3,0.4,0.55,0.7,0.75,0.9,0.0,0.0,0.0,0.1,0.03
6,PE_only,0.017219,0.05,0.25,0.3,0.7,0.75,0.8,0.95,0.0,0.0,0.0,0.1,0.05
8,PB_only,0.017218,0.1,0.25,0.4,0.6,0.7,0.85,0.95,0.0,0.0,0.0,0.08,0.05
8,PB_FED,0.017216,0.1,0.3,0.35,0.5,0.65,0.75,0.85,0.0,0.0,0.0,0.06,0.05
8,PB_only,0.017205,0.1,0.2,0.45,0.6,0.7,0.85,0.95,0.0,0.0,0.0,0.1,0.05
8,PB_only,0.017203,0.05,0.25,0.3,0.6,0.65,0.85,0.95,0.0,0.0,0.0,0.1,0.04
6,PB_FED,0.017202,0.1,0.2,0.3,0.6,0.7,0.85,0.95,-0.5,0.0,0.0,0.1,0.05
8,PE_FED,0.017201,0.1,0.15,0.3,0.6,0.7,0.8,0.95,0.5,0.0,0.0,0.06,0.03
8,PE_only,0.017195,0.2,0.25,0.35,0.65,0.7,0.85,0.95,0.0,0.0,0.0,0.06,0.04
8,PB_only,0.017193,0.15,0.3,0.45,0.6,0.7,0.8,0.95,0.0,0.0,0.0,0.12,0.03
8,PB_only,0.017193,0.15,0.3,0.45,0.6,0.75,0.8,0.95,0.0,0.0,0.0,0.08,0.03
8,PB_FED,0.017188,0.05,0.15,0.35,0.55,0.75,0.8,0.95,0.5,0.0,0.0,0.12,0.05
8,PB_FED,0.017188,0.15,0.2,0.45,0.55,0.65,0.75,0.85,0.5,0.0,0.0,0.1,0.04
6,PB_FED,0.017187,0.1,0.3,0.45,0.65,0.7,0.75,0.85,-0.5,0.0,0.0,0.06,0.03
8,PE_FED,0.017186,0.15,0.3,0.45,0.7,0.65,0.75,0.9,0.0,0.0,0.0,0.1,0.04
6,PB_FED,0.017185,0.15,0.2,0.4,0.55,0.7,0.75,0.9,-0.5,0.0,0.0,0.1,0.03
8,PB_only,0.01718,0.15,0.2,0.35,0.55,0.65,0.8,0.85,0.0,0.0,0.0,0.06,0.05
8,PE_PB_FED,0.017179,0.15,0.25,0.4,0.7,0.65,0.75,0.95,0.0,0.6,0.8,0.08,0.03
8,PB_only,0.017178,0.1,0.2,0.35,0.55,0.65,0.8,0.85,0.0,0.0,0.0,0.06,0.05
8,PB_FED,0.017177,0.1,0.2,0.35,0.55,0.75,0.85,0.95,0.5,0.0,0.0,0.12,0.03
8,PB_only,0.017176,0.05,0.2,0.35,0.5,0.7,0.75,0.85,0.0,0.0,0.0,0.12,0.03
8,PE_only,0.017173,0.1,0.3,0.4,0.65,0.65,0.8,0.95,0.0,0.0,0.0,0.1,0.05
6,PB_FED,0.01717,0.15,0.3,0.45,0.7,0.75,0.8,0.85,0.0,0.0,0.0,0.06,0.03
6,PE_only,0.017169,0.15,0.25,0.35,0.7,0.7,0.75,0.95,0.0,0.0,0.0,0.12,0.03
8,PB_only,0.017159,0.2,0.25,0.3,0.55,0.75,0.85,0.9,0.0,0.0,0.0,0.12,0.03
6,PB_only,0.017157,0.1,0.2,0.35,0.6,0.65,0.75,0.95,0.0,0.0,0.0,0.08,0.05
6,PE_only,0.017156,0.05,0.25,0.3,0.7,0.7,0.75,0.95,0.0,0.0,0.0,0.1,0.04
6,PE_only,0.017156,0.05,0.15,0.35,0.65,0.65,0.75,0.95,0.0,0.0,0.0,0.1,0.03
8,PE_FED,0.017156,0.05,0.15,0.4,0.65,0.65,0.85,0.9,-0.5,0.0,0.0,0.12,0.04
8,PB_FED,0.017156,0.2,0.25,0.3,0.5,0.75,0.8,0.95,-0.5,0.0,0.0,0.1,0.03
8,PB_only,0.017155,0.2,0.3,0.4,0.6,0.7,0.8,0.9,0.0,0.0,0.0,0.1,0.04
8,PE_PB_FED,0.017153,0.1,0.15,0.35,0.55,0.7,0.85,0.95,0.0,0.65,0.8,0.08,0.05
6,PB_only,0.017149,0.1,0.2,0.3,0.6,0.65,0.8,0.85,0.0,0.0,0.0,0.1,0.04
8,PB_only,0.017148,0.05,0.25,0.35,0.6,0.75,0.85,0.95,0.0,0.0,0.0,0.12,0.05
8,PE_FED,0.017136,0.05,0.3,0.45,0.55,0.75,0.8,0.95,0.0,0.0,0.0,0.08,0.03
8,PB_FED,0.017136,0.1,0.15,0.45,0.5,0.75,0.8,0.95,-0.5,0.0,0.0,0.06,0.04
6,PB_only,0.017122,0.2,0.3,0.45,0.65,0.75,0.85,0.9,0.0,0.0,0.0,0.06,0.04
8,PB_FED,0.017114,0.15,0.2,0.4,0.5,0.7,0.75,0.95,1.0,0.0,0.0,0.1,0.04
6,PE_only,0.017113,0.1,0.2,0.4,0.7,0.65,0.75,0.95,0.0,0.0,0.0,0.12,0.05
8,PB_only,0.017109,0.05,0.15,0.3,0.5,0.75,0.8,0.95,0.0,0.0,0.0,0.08,0.03
8,PB_FED,0.017108,0.15,0.25,0.4,0.65,0.75,0.8,0.95,1.0,0.0,0.0,0.08,0.03
8,PB_FED,0.017102,0.15,0.2,0.4,0.7,0.7,0.8,0.95,1.0,0.0,0.0,0.08,0.04
8,PB_only,0.017101,0.2,0.3,0.4,0.6,0.7,0.8,0.95,0.0,0.0,0.0,0.08,0.03
6,PB_FED,0.017098,0.15,0.3,0.35,0.65,0.65,0.8,0.95,0.0,0.0,0.0,0.1,0.03
8,PE_FED,0.017088,0.15,0.25,0.4,0.55,0.7,0.75,0.95,-0.5,0.0,0.0,0.12,0.04
8,PE_FED,0.017088,0.15,0.25,0.4,0.55,0.65,0.75,0.95,-0.5,0.0,0.0,0.06,0.04
8,PE_only,0.017085,0.15,0.3,0.45,0.65,0.75,0.8,0.95,0.0,0.0,0.0,0.1,0.03
6,PB_FED,0.017081,0.05,0.3,0.35,0.7,0.65,0.85,0.95,-0.5,0.0,0.0,0.1,0.04
8,PE_FED,0.017081,0.1,0.25,0.35,0.65,0.7,0.75,0.9,-0.5,0.0,0.0,0.08,0.03
8,PE_only,0.017078,0.05,0.2,0.3,0.6,0.65,0.85,0.95,0.0,0.0,0.0,0.06,0.04
8,PB_FED,0.017078,0.1,0.3,0.4,0.7,0.65,0.75,0.9,1.0,0.0,0.0,0.08,0.03
8,PB_FED,0.017078,0.1,0.3,0.4,0.7,0.65,0.75,0.9,1.0,0.0,0.0,0.1,0.03
6,PE_only,0.017075,0.1,0.15,0.4,0.65,0.65,0.75,0.95,0.0,0.0,0.0,0.1,0.05
8,PB_only,0.017075,0.2,0.3,0.35,0.55,0.65,0.75,0.9,0.0,0.0,0.0,0.06,0.03
6,PB_FED,0.01707,0.2,0.3,0.45,0.7,0.75,0.85,0.9,0.0,0.0,0.0,0.1,0.03
8,PE_FED,0.017068,0.1,0.25,0.4,0.5,0.7,0.8,0.95,0.0,0.0,0.0,0.12,0.04
6,PB_FED,0.017062,0.2,0.3,0.4,0.7,0.65,0.8,0.85,0.0,0.0,0.0,0.1,0.04
8,PB_only,0.017061,0.1,0.3,0.45,0.6,0.75,0.8,0.9,0.0,0.0,0.0,0.08,0.04
8,PB_FED,0.017061,0.15,0.3,0.35,0.65,0.75,0.8,0.95,0.5,0.0,0.0,0.12,0.05
8,PE_FED,0.017058,0.2,0.3,0.4,0.6,0.7,0.8,0.95,-0.5,0.0,0.0,0.1,0.05
6,PE_only,0.017055,0.2,0.25,0.3,0.7,0.75,0.8,0.95,0.0,0.0,0.0,0.08,0.04
8,PB_FED,0.017054,0.15,0.2,0.45,0.5,0.75,0.85,0.95,0.0,0.0,0.0,0.08,0.05
6,PB_only,0.017048,0.05,0.15,0.45,0.6,0.7,0.75,0.9,0.0,0.0,0.0,0.08,0.03
6,PB_only,0.017048,0.1,0.15,0.3,0.6,0.75,0.8,0.9,0.0,0.0,0.0,0.12,0.05
8,PE_FED,0.01704,0.15,0.2,0.4,0.7,0.7,0.85,0.9,0.0,0.0,0.0,0.06,0.04
8,PE_FED,0.017039,0.1,0.15,0.3,0.7,0.75,0.8,0.95,0.5,0.0,0.0,0.06,0.04
8,PE_FED,0.017037,0.1,0.15,0.4,0.7,0.65,0.75,0.85,0.0,0.0,0.0,0.08,0.05
8,PB_only,0.017034,0.1,0.25,0.3,0.55,0.75,0.85,0.95,0.0,0.0,0.0,0.12,0.03
8,PE_PB_FED,0.017033,0.1,0.25,0.35,0.7,0.65,0.8,0.95,-0.5,0.65,0.75,0.06,0.04
8,PB_only,0.017031,0.1,0.25,0.3,0.55,0.65,0.8,0.9,0.0,0.0,0.0,0.12,0.05
8,PB_only,0.01703,0.2,0.25,0.35,0.55,0.7,0.75,0.95,0.0,0.0,0.0,0.1,0.04
8,PB_only,0.017028,0.1,0.3,0.4,0.6,0.7,0.85,0.95,0.0,0.0,0.0,0.12,0.03
8,PB_FED,0.017027,0.05,0.15,0.45,0.5,0.7,0.85,0.9,0.0,0.0,0.0,0.08,0.05
8,PB_only,0.017019,0.05,0.15,0.45,0.55,0.7,0.8,0.95,0.0,0.0,0.0,0.12,0.03
6,PB_only,0.017016,0.05,0.2,0.3,0.55,0.7,0.75,0.9,0.0,0.0,0.0,0.12,0.03
8,PE_PB_FED,0.017015,0.1,0.25,0.3,0.7,0.7,0.8,0.95,0.0,0.6,0.8,0.12,0.04
8,PE_only,0.01701,0.15,0.25,0.35,0.6,0.65,0.8,0.95,0.0,0.0,0.0,0.1,0.03
6,PB_FED,0.017007,0.2,0.3,0.35,0.7,0.7,0.8,0.85,0.0,0.0,0.0,0.1,0.05
8,PB_only,0.017007,0.1,0.25,0.35,0.5,0.65,0.75,0.9,0.0,0.0,0.0,0.06,0.03
8,PB_FED,0.017004,0.15,0.3,0.4,0.5,0.75,0.8,0.9,0.0,0.0,0.0,0.08,0.04
8,PB_FED,0.017001,0.05,0.3,0.35,0.5,0.75,0.8,0.85,0.0,0.0,0.0,0.12,0.03
8,PB_only,0.016997,0.2,0.25,0.35,0.55,0.75,0.8,0.85,0.0,0.0,0.0,0.08,0.04
6,PB_FED,0.016987,0.15,0.2,0.4,0.6,0.75,0.85,0.9,-0.5,0.0,0.0,0.1,0.03
8,PE_FED,0.016986,0.05,0.15,0.4,0.6,0.65,0.8,0.9,0.0,0.0,0.0,0.12,0.05
6,PB_FED,0.016985,0.1,0.25,0.45,0.65,0.65,0.8,0.9,0.0,0.0,0.0,0.1,0.05
8,PE_only,0.016985,0.15,0.3,0.45,0.65,0.65,0.8,0.95,0.0,0.0,0.0,0.1,0.04
8,PE_FED,0.01698,0.05,0.15,0.35,0.7,0.75,0.8,0.85,-0.5,0.0,0.0,0.08,0.04
8,PB_only,0.016976,0.15,0.25,0.45,0.55,0.75,0.8,0.85,0.0,0.0,0.0,0.12,0.03
6,PE_only,0.016971,0.1,0.25,0.4,0.7,0.7,0.75,0.95,0.0,0.0,0.0,0.1,0.04
8,PE_only,0.016971,0.2,0.3,0.35,0.65,0.65,0.75,0.95,0.0,0.0,0.0,0.08,0.03
8,PB_FED,0.016966,0.2,0.25,0.45,0.55,0.75,0.8,0.85,0.0,0.0,0.0,0.1,0.05
8,PE_FED,0.016965,0.2,0.25,0.4,0.7,0.65,0.8,0.9,0.0,0.0,0.0,0.1,0.04
8,PE_FED,0.016965,0.15,0.25,0.35,0.65,0.65,0.75,0.9,-0.5,0.0,0.0,0.06,0.05
6,PB_only,0.016964,0.1,0.15,0.35,0.6,0.75,0.8,0.9,0.0,0.0,0.0,0.06,0.04
6,PB_FED,0.016964,0.15,0.25,0.4,0.65,0.75,0.85,0.95,0.0,0.0,0.0,0.08,0.05
6,PB_FED,0.016964,0.15,0.3,0.4,0.65,0.75,0.8,0.95,-0.5,0.0,0.0,0.1,0.05
8,PE_only,0.016963,0.05,0.25,0.3,0.6,0.75,0.8,0.95,0.0,0.0,0.0,0.06,0.04
6,PB_FED,0.016961,0.05,0.25,0.4,0.65,0.7,0.85,0.9,0.0,0.0,0.0,0.12,0.03
8,PE_only,0.016961,0.15,0.2,0.3,0.6,0.75,0.85,0.95,0.0,0.0,0.0,0.06,0.05
8,PE_only,0.016961,0.15,0.2,0.3,0.6,0.7,0.85,0.95,0.0,0.0,0.0,0.1,0.05
8,PE_only,0.01696,0.05,0.25,0.3,0.6,0.65,0.75,0.95,0.0,0.0,0.0,0.06,0.04
8,PB_FED,0.016953,0.1,0.15,0.45,0.5,0.75,0.8,0.85,0.0,0.0,0.0,0.12,0.05
8,PB_only,0.016952,0.05,0.3,0.45,0.6,0.7,0.8,0.9,0.0,0.0,0.0,0.12,0.03
8,PB_only,0.016946,0.05,0.3,0.45,0.6,0.65,0.75,0.95,0.0,0.0,0.0,0.1,0.05
8,PB_only,0.016941,0.2,0.25,0.35,0.6,0.75,0.85,0.95,0.0,0.0,0.0,0.06,0.05
8,PB_FED,0.01694,0.05,0.2,0.3,0.7,0.75,0.8,0.95,1.0,0.0,0.0,0.1,0.05
6,PB_FED,0.016936,0.1,0.15,0.3,0.5,0.65,0.75,0.9,-0.5,0.0,0.0,0.12,0.03
8,PB_only,0.016935,0.15,0.2,0.3,0.5,0.75,0.8,0.9,0.0,0.0,0.0,0.1,0.03
6,PB_FED,0.016932,0.05,0.2,0.3,0.55,0.65,0.85,0.9,-0.5,0.0,0.0,0.06,0.03
8,PE_only,0.016925,0.2,0.3,0.35,0.65,0.65,0.75,0.95,0.0,0.0,0.0,0.08,0.04
8,PB_only,0.016924,0.15,0.25,0.35,0.5,0.7,0.75,0.9,0.0,0.0,0.0,0.06,0.03
6,PE_only,0.016923,0.15,0.2,0.3,0.65,0.75,0.8,0.95,0.0,0.0,0.0,0.12,0.03
8,PB_only,0.016915,0.1,0.2,0.3,0.5,0.7,0.8,0.85,0.0,0.0,0.0,0.1,0.04
6,PB_FED,0.016914,0.1,0.3,0.35,0.7,0.75,0.85,0.9,0.0,0.0,0.0,0.1,0.05
8,PB_FED,0.016911,0.1,0.2,0.45,0.5,0.7,0.75,0.95,0.5,0.0,0.0,0.06,0.04
6,PB_FED,0.016903,0.1,0.2,0.45,0.6,0.65,0.8,0.9,0.0,0.0,0.0,0.08,0.05
6,PB_FED,0.0169,0.1,0.3,0.4,0.65,0.7,0.85,0.9,-0.5,0.0,0.0,0.06,0.03
6,PB_FED,0.016897,0.1,0.2,0.45,0.6,0.7,0.85,0.95,0.0,0.0,0.0,0.08,0.03
6,PB_FED,0.016895,0.15,0.25,0.3,0.6,0.65,0.8,0.95,0.0,0.0,0.0,0.1,0.04
8,PE_PB_FED,0.016895,0.05,0.15,0.35,0.65,0.65,0.75,0.95,-0.5,0.6,0.7,0.1,0.05
8,PE_only,0.016894,0.15,0.2,0.45,0.6,0.7,0.75,0.95,0.0,0.0,0.0,0.1,0.04
8,PE_FED,0.016894,0.2,0.25,0.45,0.65,0.65,0.75,0.9,0.0,0.0,0.0,0.08,0.04
8,PB_FED,0.016894,0.15,0.3,0.4,0.55,0.7,0.8,0.9,-0.5,0.0,0.0,0.1,0.05
8,PB_only,0.01689,0.05,0.15,0.4,0.55,0.75,0.8,0.95,0.0,0.0,0.0,0.08,0.04
8,PE_FED,0.016889,0.05,0.25,0.45,0.7,0.65,0.75,0.9,0.0,0.0,0.0,0.12,0.05
8,PB_FED,0.016889,0.15,0.25,0.4,0.5,0.75,0.85,0.95,0.0,0.0,0.0,0.08,0.05
8,PE_PB_FED,0.016888,0.1,0.25,0.35,0.65,0.65,0.8,0.95,0.0,0.6,0.75,0.06,0.03
8,PB_only,0.016887,0.2,0.25,0.45,0.6,0.7,0.8,0.9,0.0,0.0,0.0,0.06,0.05
6,PB_FED,0.016885,0.05,0.3,0.45,0.7,0.65,0.85,0.9,-0.5,0.0,0.0,0.12,0.04
6,PE_only,0.016881,0.05,0.2,0.4,0.7,0.65,0.75,0.95,0.0,0.0,0.0,0.12,0.05
8,PB_only,0.016881,0.1,0.15,0.35,0.5,0.65,0.8,0.85,0.0,0.0,0.0,0.06,0.03
8,PB_only,0.016881,0.15,0.2,0.45,0.55,0.65,0.85,0.9,0.0,0.0,0.0,0.1,0.03
8,PB_only,0.016881,0.05,0.15,0.35,0.55,0.7,0.85,0.9,0.0,0.0,0.0,0.12,0.05
6,PE_only,0.016879,0.2,0.25,0.3,0.7,0.7,0.8,0.95,0.0,0.0,0.0,0.08,0.05
8,PE_only,0.016878,0.2,0.3,0.45,0.7,0.65,0.85,0.95,0.0,0.0,0.0,0.06,0.04
8,PB_FED,0.016876,0.15,0.25,0.4,0.5,0.7,0.8,0.95,-0.5,0.0,0.0,0.12,0.03
6,PB_only,0.016864,0.1,0.15,0.45,0.6,0.65,0.75,0.85,0.0,0.0,0.0,0.08,0.04
8,PE_only,0.016864,0.05,0.2,0.45,0.6,0.75,0.8,0.95,0.0,0.0,0.0,0.06,0.03
6,PE_only,0.01686,0.05,0.15,0.4,0.7,0.75,0.85,0.95,0.0,0.0,0.0,0.1,0.04
8,PE_PB_FED,0.016855,0.05,0.15,0.3,0.55,0.7,0.75,0.95,-0.5,0.65,0.7,0.12,0.05
8,PE_only,0.016853,0.05,0.2,0.3,0.6,0.75,0.85,0.95,0.0,0.0,0.0,0.12,0.05
6,PB_FED,0.016852,0.1,0.15,0.35,0.6,0.65,0.85,0.9,-0.5,0.0,0.0,0.06,0.05
6,PB_FED,0.016851,0.05,0.15,0.45,0.6,0.65,0.8,0.85,0.0,0.0,0.0,0.12,0.03
6,PB_FED,0.016848,0.1,0.3,0.45,0.7,0.75,0.8,0.95,0.0,0.0,0.0,0.06,0.05
8,PB_FED,0.016845,0.15,0.3,0.45,0.55,0.65,0.8,0.85,-0.5,0.0,0.0,0.12,0.03
8,PE_only,0.016844,0.1,0.15,0.3,0.55,0.65,0.8,0.95,0.0,0.0,0.0,0.06,0.05
8,PE_only,0.016844,0.05,0.2,0.4,0.7,0.7,0.75,0.9,0.0,0.0,0.0,0.08,0.05
8,PB_FED,0.01684,0.05,0.15,0.3,0.55,0.7,0.8,0.85,0.5,0.0,0.0,0.12,0.05
8,PB_only,0.016835,0.2,0.25,0.45,0.55,0.7,0.75,0.95,0.0,0.0,0.0,0.08,0.03
8,PB_FED,0.016834,0.2,0.3,0.35,0.5,0.7,0.8,0.85,0.0,0.0,0.0,0.1,0.04
8,PB_FED,0.016834,0.05,0.2,0.3,0.65,0.75,0.8,0.95,1.0,0.0,0.0,0.08,0.04
8,PB_only,0.016829,0.05,0.25,0.4,0.55,0.65,0.75,0.95,0.0,0.0,0.0,0.12,0.05
6,PE_only,0.016828,0.1,0.15,0.3,0.7,0.75,0.85,0.95,0.0,0.0,0.0,0.08,0.03
8,PB_FED,0.016822,0.15,0.2,0.45,0.6,0.7,0.8,0.95,1.0,0.0,0.0,0.06,0.03
8,PB_FED,0.016822,0.15,0.2,0.45,0.6,0.75,0.8,0.95,1.0,0.0,0.0,0.1,0.03
6,PB_only,0.016821,0.15,0.2,0.3,0.6,0.7,0.8,0.9,0.0,0.0,0.0,0.12,0.04
8,PE_only,0.01682,0.1,0.15,0.3,0.65,0.65,0.8,0.9,0.0,0.0,0.0,0.08,0.04
6,PB_FED,0.016818,0.2,0.3,0.4,0.7,0.7,0.85,0.95,0.0,0.0,0.0,0.1,0.04
8,PE_FED,0.016816,0.2,0.3,0.35,0.7,0.7,0.75,0.9,-0.5,0.0,0.0,0.08,0.05
6,PB_FED,0.016814,0.05,0.2,0.3,0.55,0.75,0.8,0.85,0.0,0.0,0.0,0.08,0.03
8,PE_only,0.016811,0.15,0.25,0.3,0.7,0.7,0.8,0.9,0.0,0.0,0.0,0.12,0.04
8,PE_FED,0.016808,0.1,0.15,0.35,0.65,0.65,0.75,0.85,0.0,0.0,0.0,0.08,0.05
6,PB_only,0.016804,0.1,0.15,0.45,0.6,0.65,0.85,0.9,0.0,0.0,0.0,0.12,0.03
8,PE_only,0.016799,0.05,0.25,0.35,0.6,0.7,0.8,0.95,0.0,0.0,0.0,0.1,0.03
8,PE_FED,0.016799,0.1,0.2,0.45,0.7,0.65,0.85,0.9,-0.5,0.0,0.0,0.1,0.04
6,PB_only,0.016789,0.15,0.2,0.35,0.6,0.65,0.8,0.85,0.0,0.0,0.0,0.12,0.03
8,PB_FED,0.016788,0.1,0.25,0.4,0.5,0.7,0.8,0.85,-0.5,0.0,0.0,0.08,0.04
6,PB_FED,0.016786,0.2,0.25,0.45,0.65,0.7,0.85,0.9,0.0,0.0,0.0,0.08,0.03
8,PE_only,0.016784,0.2,0.3,0.4,0.65,0.7,0.75,0.95,0.0,0.0,0.0,0.1,0.03
8,PB_only,0.016784,0.1,0.2,0.3,0.55,0.7,0.85,0.95,0.0,0.0,0.0,0.08,0.04
8,PB_FED,0.016784,0.05,0.3,0.45,0.6,0.7,0.75,0.95,0.5,0.0,0.0,0.12,0.04
8,PB_only,0.016782,0.05,0.2,0.4,0.5,0.7,0.75,0.9,0.0,0.0,0.0,0.1,0.03
8,PB_FED,0.016781,0.05,0.2,0.35,0.5,0.75,0.8,0.95,-0.5,0.0,0.0,0.06,0.04
8,PE_only,0.016779,0.15,0.25,0.4,0.6,0.75,0.8,0.95,0.0,0.0,0.0,0.08,0.03
8,PE_only,0.016779,0.15,0.25,0.4,0.6,0.65,0.8,0.95,0.0,0.0,0.0,0.08,0.03
8,PE_only,0.016772,0.15,0.2,0.3,0.6,0.65,0.85,0.95,0.0,0.0,0.0,0.12,0.03
8,PE_only,0.016772,0.15,0.2,0.3,0.6,0.75,0.85,0.95,0.0,0.0,0.0,0.12,0.03
8,PB_only,0.016768,0.05,0.25,0.3,0.5,0.65,0.75,0.9,0.0,0.0,0.0,0.08,0.04
8,PE_only,0.016765,0.1,0.25,0.3,0.6,0.65,0.75,0.95,0.0,0.0,0.0,0.06,0.05
8,PB_only,0.016762,0.1,0.25,0.4,0.55,0.7,0.85,0.9,0.0,0.0,0.0,0.1,0.03
8,PE_FED,0.01676,0.1,0.25,0.35,0.65,0.7,0.8,0.9,-0.5,0.0,0.0,0.12,0.04
6,PE_only,0.016751,0.1,0.2,0.45,0.7,0.65,0.8,0.95,0.0,0.0,0.0,0.12,0.03
8,PE_FED,0.016751,0.2,0.25,0.3,0.55,0.65,0.8,0.95,-0.5,0.0,0.0,0.06,0.03
8,PB_FED,0.016751,0.05,0.2,0.3,0.7,0.7,0.85,0.95,1.0,0.0,0.0,0.12,0.03
8,PE_PB_FED,0.016746,0.1,0.15,0.3,0.65,0.65,0.75,0.9,0.0,0.65,0.75,0.1,0.03
8,PE_FED,0.01674,0.05,0.15,0.45,0.6,0.75,0.8,0.9,0.0,0.0,0.0,0.12,0.03
8,PB_FED,0.01674,0.15,0.2,0.45,0.5,0.7,0.75,0.95,0.5,0.0,0.0,0.08,0.04
8,PB_FED,0.016736,0.15,0.3,0.4,0.65,0.75,0.8,0.95,0.5,0.0,0.0,0.06,0.04
6,PB_only,0.016734,0.05,0.2,0.3,0.6,0.65,0.75,0.95,0.0,0.0,0.0,0.06,0.04
6,PE_only,0.01673,0.15,0.2,0.3,0.7,0.75,0.85,0.95,0.0,0.0,0.0,0.12,0.04
6,PB_only,0.016723,0.1,0.25,0.35,0.6,0.65,0.85,0.9,0.0,0.0,0.0,0.1,0.03
8,PE_FED,0.016718,0.2,0.25,0.35,0.65,0.65,0.75,0.9,0.0,0.0,0.0,0.08,0.05
6,PB_only,0.016717,0.15,0.2,0.35,0.55,0.65,0.75,0.85,0.0,0.0,0.0,0.06,0.03
8,PB_FED,0.016716,0.05,0.25,0.35,0.55,0.65,0.75,0.95,0.5,0.0,0.0,0.08,0.04
8,PB_FED,0.016716,0.1,0.3,0.45,0.5,0.65,0.8,0.9,0.0,0.0,0.0,0.12,0.03
8,PB_only,0.016708,0.1,0.2,0.4,0.55,0.7,0.8,0.85,0.0,0.0,0.0,0.12,0.05
8,PE_FED,0.016701,0.15,0.25,0.4,0.55,0.75,0.8,0.95,-0.5,0.0,0.0,0.06,0.05
8,PE_only,0.016693,0.05,0.15,0.35,0.65,0.7,0.75,0.9,0.0,0.0,0.0,0.12,0.03
8,PB_only,0.016693,0.05,0.25,0.3,0.5,0.7,0.75,0.85,0.0,0.0,0.0,0.06,0.04
8,PB_only,0.016691,0.15,0.25,0.45,0.55,0.65,0.8,0.85,0.0,0.0,0.0,0.12,0.04
8,PB_only,0.01669,0.2,0.3,0.35,0.6,0.65,0.85,0.9,0.0,0.0,0.0,0.08,0.04
6,PB_FED,0.016688,0.05,0.15,0.3,0.6,0.75,0.8,0.85,0.0,0.0,0.0,0.06,0.05
6,PE_only,0.016682,0.05,0.15,0.4,0.7,0.75,0.85,0.95,0.0,0.0,0.0,0.12,0.05
6,PB_FED,0.016681,0.2,0.3,0.45,0.65,0.7,0.75,0.9,0.0,0.0,0.0,0.08,0.05
8,PE_only,0.016678,0.05,0.2,0.45,0.6,0.75,0.8,0.95,0.0,0.0,0.0,0.1,0.04
6,PB_FED,0.016677,0.05,0.15,0.35,0.5,0.65,0.75,0.9,0.0,0.0,0.0,0.12,0.04
8,PB_only,0.016677,0.05,0.15,0.35,0.55,0.75,0.8,0.85,0.0,0.0,0.0,0.12,0.05
6,PB_only,0.016675,0.1,0.2,0.4,0.6,0.65,0.75,0.9,0.0,0.0,0.0,0.06,0.05
8,PB_only,0.016675,0.15,0.25,0.45,0.6,0.7,0.85,0.95,0.0,0.0,0.0,0.08,0.04
8,PB_FED,0.01667,0.05,0.2,0.35,0.65,0.7,0.75,0.85,1.0,0.0,0.0,0.06,0.04
6,PB_only,0.016667,0.2,0.3,0.45,0.65,0.65,0.85,0.9,0.0,0.0,0.0,0.1,0.05
8,PE_FED,0.016663,0.1,0.2,0.4,0.7,0.7,0.75,0.85,-0.5,0.0,0.0,0.06,0.05
6,PE_only,0.016661,0.15,0.3,0.35,0.7,0.7,0.8,0.95,0.0,0.0,0.0,0.06,0.04
6,PB_FED,0.016656,0.2,0.3,0.4,0.7,0.65,0.85,0.95,0.0,0.0,0.0,0.12,0.03
6,PB_FED,0.016656,0.2,0.3,0.4,0.7,0.65,0.85,0.95,0.0,0.0,0.0,0.1,0.03
8,PB_only,0.016654,0.2,0.25,0.45,0.55,0.7,0.75,0.85,0.0,0.0,0.0,0.06,0.04
8,PB_only,0.016654,0.2,0.25,0.45,0.55,0.7,0.75,0.85,0.0,0.0,0.0,0.1,0.04
8,PE_only,0.01665,0.05,0.2,0.3,0.6,0.75,0.85,0.95,0.0,0.0,0.0,0.1,0.03
8,PB_FED,0.01665,0.1,0.2,0.45,0.5,0.75,0.8,0.9,-0.5,0.0,0.0,0.08,0.04
8,PE_only,0.016641,0.1,0.25,0.35,0.6,0.65,0.75,0.95,0.0,0.0,0.0,0.08,0.04
6,PE_only,0.01664,0.05,0.2,0.3,0.65,0.65,0.8,0.95,0.0,0.0,0.0,0.06,0.04
6,PE_only,0.01664,0.05,0.2,0.3,0.65,0.65,0.8,0.95,0.0,0.0,0.0,0.08,0.04
8,PB_FED,0.01664,0.05,0.15,0.35,0.55,0.7,0.8,0.9,0.5,0.0,0.0,0.12,0.05
8,PB_only,0.016639,0.05,0.15,0.35,0.55,0.7,0.85,0.95,0.0,0.0,0.0,0.1,0.04
6,PB_FED,0.016638,0.1,0.25,0.3,0.6,0.7,0.8,0.85,-0.5,0.0,0.0,0.06,0.04
6,PB_FED,0.016637,0.15,0.25,0.3,0.6,0.7,0.75,0.85,-0.5,0.0,0.0,0.06,0.05
6,PB_only,0.016632,0.2,0.25,0.3,0.6,0.7,0.75,0.85,0.0,0.0,0.0,0.12,0.04
6,PB_FED,0.016629,0.05,0.3,0.35,0.65,0.75,0.8,0.85,-0.5,0.0,0.0,0.1,0.04
8,PB_FED,0.016628,0.15,0.2,0.4,0.7,0.75,0.85,0.95,1.0,0.0,0.0,0.08,0.03
8,PE_FED,0.016626,0.2,0.3,0.45,0.6,0.75,0.8,0.95,-0.5,0.0,0.0,0.08,0.04
8,PE_FED,0.016626,0.2,0.3,0.45,0.6,0.75,0.8,0.95,-0.5,0.0,0.0,0.1,0.04
8,PB_only,0.016625,0.15,0.2,0.45,0.55,0.7,0.8,0.9,0.0,0.0,0.0,0.12,0.04
6,PB_only,0.016621,0.15,0.2,0.35,0.6,0.7,0.8,0.9,0.0,0.0,0.0,0.1,0.03
8,PB_FED,0.016618,0.05,0.25,0.3,0.5,0.7,0.85,0.95,-0.5,0.0,0.0,0.12,0.03
8,PE_only,0.016617,0.1,0.15,0.35,0.55,0.75,0.8,0.95,0.0,0.0,0.0,0.1,0.04
6,PE_only,0.016615,0.15,0.2,0.35,0.65,0.75,0.8,0.95,0.0,0.0,0.0,0.12,0.03
6,PB_only,0.016612,0.15,0.2,0.4,0.6,0.65,0.75,0.95,0.0,0.0,0.0,0.12,0.03
8,PE_FED,0.01661,0.05,0.3,0.35,0.7,0.7,0.75,0.9,0.0,0.0,0.0,0.08,0.05
8,PE_only,0.016598,0.1,0.25,0.4,0.6,0.7,0.8,0.95,0.0,0.0,0.0,0.08,0.03
8,PE_only,0.016597,0.1,0.25,0.3,0.7,0.75,0.8,0.9,0.0,0.0,0.0,0.1,0.04
8,PB_only,0.016596,0.05,0.3,0.35,0.55,0.7,0.75,0.85,0.0,0.0,0.0,0.06,0.04
6,PB_FED,0.016585,0.05,0.25,0.4,0.6,0.7,0.75,0.85,0.0,0.0,0.0,0.08,0.03
6,PB_only,0.016583,0.1,0.15,0.4,0.6,0.7,0.8,0.85,0.0,0.0,0.0,0.1,0.04
8,PE_only,0.01658,0.15,0.25,0.35,0.6,0.65,0.8,0.95,0.0,0.0,0.0,0.1,0.05
8,PB_FED,0.01658,0.1,0.2,0.45,0.6,0.7,0.8,0.95,1.0,0.0,0.0,0.1,0.03
8,PE_PB_FED,0.016576,0.15,0.2,0.35,0.6,0.65,0.75,0.95,-0.5,0.65,0.8,0.12,0.04
8,PB_only,0.016574,0.05,0.15,0.4,0.5,0.65,0.75,0.9,0.0,0.0,0.0,0.08,0.05
8,PB_only,0.016567,0.05,0.2,0.35,0.55,0.75,0.8,0.9,0.0,0.0,0.0,0.06,0.05
8,PB_FED,0.016565,0.05,0.2,0.3,0.55,0.65,0.8,0.9,0.5,0.0,0.0,0.12,0.05
6,PB_FED,0.016559,0.2,0.3,0.35,0.65,0.75,0.8,0.95,0.0,0.0,0.0,0.08,0.04
8,PB_only,0.016558,0.1,0.2,0.45,0.55,0.7,0.8,0.9,0.0,0.0,0.0,0.1,0.04
8,PB_FED,0.016554,0.1,0.2,0.45,0.5,0.75,0.85,0.9,-0.5,0.0,0.0,0.1,0.03
8,PB_FED,0.016551,0.1,0.25,0.4,0.65,0.65,0.85,0.9,0.5,0.0,0.0,0.12,0.05
8,PB_FED,0.016546,0.05,0.3,0.35,0.55,0.75,0.8,0.95,-0.5,0.0,0.0,0.06,0.04
6,PB_FED,0.016539,0.05,0.15,0.35,0.55,0.65,0.8,0.9,0.0,0.0,0.0,0.12,0.05
8,PB_only,0.016538,0.1,0.25,0.4,0.6,0.65,0.85,0.95,0.0,0.0,0.0,0.06,0.04
8,PE_only,0.016537,0.2,0.25,0.35,0.7,0.7,0.75,0.9,0.0,0.0,0.0,0.08,0.04
8,PE_only,0.016537,0.2,0.25,0.35,0.7,0.7,0.75,0.9,0.0,0.0,0.0,0.1,0.04
6,PE_only,0.016536,0.05,0.25,0.4,0.7,0.7,0.75,0.95,0.0,0.0,0.0,0.12,0.05
8,PB_FED,0.016526,0.05,0.3,0.35,0.5,0.65,0.75,0.9,-0.5,0.0,0.0,0.08,0.04
6,PB_FED,0.016524,0.2,0.25,0.35,0.55,0.7,0.75,0.95,0.0,0.0,0.0,0.12,0.05
8,PB_FED,0.016522,0.15,0.25,0.35,0.55,0.65,0.8,0.9,0.5,0.0,0.0,0.12,0.03
6,PE_only,0.016519,0.1,0.2,0.35,0.65,0.75,0.8,0.95,0.0,0.0,0.0,0.08,0.04
8,PB_FED,0.016511,0.15,0.3,0.35,0.7,0.7,0.85,0.9,0.5,0.0,0.0,0.06,0.04
8,PE_only,0.016502,0.1,0.15,0.4,0.55,0.75,0.8,0.95,0.0,0.0,0.0,0.1,0.03
8,PB_FED,0.016501,0.05,0.3,0.35,0.5,0.65,0.8,0.95,0.0,0.0,0.0,0.06,0.03
8,PE_only,0.0165,0.2,0.25,0.4,0.65,0.7,0.85,0.95,0.0,0.0,0.0,0.12,0.03
8,PE_PB_FED,0.016496,0.1,0.15,0.35,0.5,0.7,0.8,0.95,0.0,0.6,0.7,0.12,0.03
8,PB_FED,0.016496,0.2,0.25,0.4,0.5,0.65,0.85,0.9,0.0,0.0,0.0,0.06,0.04
6,PE_only,0.016494,0.2,0.25,0.4,0.7,0.75,0.8,0.95,0.0,0.0,0.0,0.1,0.05
8,PB_only,0.016491,0.15,0.3,0.45,0.6,0.65,0.8,0.95,0.0,0.0,0.0,0.1,0.03
8,PB_FED,0.016491,0.05,0.3,0.35,0.55,0.65,0.8,0.9,-0.5,0.0,0.0,0.08,0.05
6,PE_only,0.016488,0.05,0.2,0.3,0.65,0.7,0.75,0.95,0.0,0.0,0.0,0.08,0.03
6,PB_only,0.016488,0.05,0.15,0.3,0.6,0.75,0.8,0.95,0.0,0.0,0.0,0.1,0.04
6,PB_only,0.016487,0.2,0.25,0.35,0.6,0.7,0.75,0.95,0.0,0.0,0.0,0.1,0.03
8,PB_only,0.016483,0.1,0.25,0.45,0.6,0.7,0.85,0.95,0.0,0.0,0.0,0.1,0.05
8,PE_PB_FED,0.016482,0.05,0.15,0.35,0.7,0.65,0.75,0.95,0.0,0.5,0.75,0.06,0.04
8,PE_only,0.016478,0.1,0.2,0.4,0.7,0.7,0.8,0.9,0.0,0.0,0.0,0.06,0.03
6,PE_only,0.016477,0.1,0.15,0.4,0.7,0.65,0.85,0.95,0.0,0.0,0.0,0.08,0.04
6,PE_only,0.016477,0.1,0.15,0.45,0.65,0.65,0.8,0.95,0.0,0.0,0.0,0.1,0.03
8,PB_only,0.016477,0.1,0.2,0.4,0.55,0.75,0.8,0.9,0.0,0.0,0.0,0.06,0.05
8,PB_only,0.016473,0.1,0.15,0.35,0.5,0.7,0.8,0.95,0.0,0.0,0.0,0.12,0.03
6,PB_FED,0.01647,0.05,0.2,0.4,0.55,0.75,0.8,0.95,0.0,0.0,0.0,0.1,0.03
8,PB_FED,0.016468,0.1,0.15,0.4,0.5,0.7,0.8,0.9,0.5,0.0,0.0,0.12,0.03
6,PE_only,0.016465,0.05,0.2,0.3,0.65,0.65,0.8,0.95,0.0,0.0,0.0,0.08,0.05
8,PE_FED,0.016464,0.15,0.2,0.3,0.7,0.75,0.85,0.9,0.0,0.0,0.0,0.08,0.05
8,PE_PB_FED,0.016459,0.05,0.15,0.4,0.5,0.65,0.8,0.95,0.0,0.65,0.75,0.12,0.05
8,PB_only,0.016459,0.1,0.25,0.4,0.55,0.65,0.75,0.95,0.0,0.0,0.0,0.06,0.04
8,PB_FED,0.016459,0.05,0.15,0.45,0.5,0.75,0.85,0.95,-0.5,0.0,0.0,0.1,0.03
8,PE_FED,0.016455,0.1,0.25,0.4,0.7,0.65,0.85,0.9,-0.5,0.0,0.0,0.12,0.04
6,PE_only,0.016454,0.15,0.2,0.35,0.65,0.75,0.8,0.95,0.0,0.0,0.0,0.08,0.05
8,PB_FED,0.01645,0.1,0.15,0.35,0.55,0.65,0.85,0.9,0.5,0.0,0.0,0.08,0.04
8,PE_only,0.016445,0.1,0.15,0.35,0.65,0.75,0.8,0.9,0.0,0.0,0.0,0.06,0.04
8,PE_only,0.016445,0.1,0.15,0.35,0.65,0.65,0.75,0.9,0.0,0.0,0.0,0.1,0.05
8,PB_FED,0.016444,0.15,0.25,0.45,0.7,0.7,0.85,0.9,0.5,0.0,0.0,0.1,0.05
6,PB_only,0.01644,0.1,0.15,0.3,0.6,0.65,0.85,0.95,0.0,0.0,0.0,0.1,0.05
8,PE_FED,0.016436,0.15,0.2,0.45,0.7,0.7,0.85,0.9,-0.5,0.0,0.0,0.1,0.05
6,PB_only,0.016426,0.1,0.2,0.3,0.6,0.65,0.85,0.9,0.0,0.0,0.0,0.1,0.04
8,PE_only,0.016426,0.1,0.25,0.3,0.7,0.7,0.75,0.9,0.0,0.0,0.0,0.08,0.05
6,PE_only,0.016423,0.15,0.3,0.4,0.7,0.7,0.8,0.95,0.0,0.0,0.0,0.1,0.03
6,PB_FED,0.016422,0.15,0.2,0.45,0.55,0.65,0.75,0.9,-0.5,0.0,0.0,0.06,0.03
8,PB_only,0.016417,0.1,0.3,0.35,0.55,0.65,0.8,0.85,0.0,0.0,0.0,0.12,0.04
8,PE_FED,0.016414,0.05,0.15,0.3,0.5,0.75,0.85,0.95,-0.5,0.0,0.0,0.12,0.04
8,PB_FED,0.016411,0.2,0.25,0.45,0.55,0.7,0.75,0.95,0.5,0.0,0.0,0.1,0.05
8,PE_only,0.016409,0.1,0.3,0.4,0.65,0.75,0.85,0.95,0.0,0.0,0.0,0.12,0.04
8,PE_only,0.016409,0.1,0.25,0.4,0.6,0.65,0.8,0.95,0.0,0.0,0.0,0.1,0.04
8,PE_only,0.016409,0.1,0.3,0.4,0.65,0.75,0.85,0.95,0.0,0.0,0.0,0.1,0.04
6,PB_only,0.016408,0.1,0.25,0.3,0.55,0.7,0.75,0.9,0.0,0.0,0.0,0.12,0.03
6,PB_only,0.016406,0.05,0.15,0.45,0.6,0.7,0.75,0.85,0.0,0.0,0.0,0.1,0.04
8,PE_only,0.016401,0.15,0.2,0.35,0.6,0.7,0.85,0.95,0.0,0.0,0.0,0.08,0.03
8,PE_PB_FED,0.016392,0.05,0.25,0.3,0.55,0.65,0.8,0.95,0.0,0.65,0.7,0.08,0.04
8,PE_FED,0.016391,0.05,0.15,0.35,0.65,0.7,0.85,0.9,0.0,0.0,0.0,0.06,0.05
8,PE_only,0.01639,0.1,0.15,0.35,0.55,0.65,0.8,0.95,0.0,0.0,0.0,0.12,0.05
8,PE_PB_FED,0.016389,0.1,0.15,0.3,0.65,0.7,0.75,0.95,0.0,0.5,0.8,0.12,0.04
8,PB_FED,0.016387,0.2,0.3,0.45,0.6,0.7,0.75,0.85,0.5,0.0,0.0,0.1,0.03
8,PE_only,0.016384,0.1,0.2,0.45,0.7,0.75,0.8,0.9,0.0,0.0,0.0,0.12,0.04
8,PB_FED,0.016382,0.15,0.3,0.35,0.55,0.7,0.85,0.9,-0.5,0.0,0.0,0.08,0.05
8,PB_FED,0.016382,0.05,0.15,0.45,0.6,0.7,0.85,0.95,0.5,0.0,0.0,0.08,0.04
6,PB_only,0.016381,0.15,0.25,0.3,0.6,0.75,0.8,0.85,0.0,0.0,0.0,0.06,0.03
8,PB_FED,0.016381,0.05,0.3,0.45,0.65,0.7,0.8,0.95,0.5,0.0,0.0,0.06,0.03
6,PB_FED,0.016379,0.1,0.25,0.4,0.65,0.7,0.8,0.85,0.0,0.0,0.0,0.12,0.05
8,PB_FED,0.016379,0.05,0.25,0.35,0.65,0.65,0.85,0.9,0.5,0.0,0.0,0.12,0.05
8,PB_only,0.016378,0.1,0.15,0.4,0.55,0.7,0.85,0.95,0.0,0.0,0.0,0.1,0.05
6,PB_only,0.016376,0.1,0.25,0.45,0.6,0.65,0.75,0.85,0.0,0.0,0.0,0.1,0.03
8,PE_only,0.016371,0.05,0.2,0.4,0.7,0.7,0.8,0.9,0.0,0.0,0.0,0.06,0.03
6,PB_only,0.016367,0.1,0.2,0.35,0.6,0.7,0.8,0.85,0.0,0.0,0.0,0.06,0.04
8,PB_only,0.016364,0.15,0.25,0.3,0.5,0.65,0.75,0.95,0.0,0.0,0.0,0.06,0.03
6,PB_FED,0.016359,0.1,0.2,0.35,0.55,0.7,0.8,0.9,-0.5,0.0,0.0,0.06,0.03
6,PB_FED,0.016358,0.1,0.25,0.4,0.55,0.65,0.75,0.85,0.0,0.0,0.0,0.12,0.03
8,PE_only,0.016352,0.15,0.2,0.4,0.6,0.7,0.85,0.95,0.0,0.0,0.0,0.08,0.05
8,PE_only,0.016352,0.2,0.25,0.4,0.7,0.7,0.75,0.9,0.0,0.0,0.0,0.12,0.04
6,PB_only,0.016346,0.2,0.25,0.3,0.6,0.65,0.75,0.9,0.0,0.0,0.0,0.12,0.05
8,PB_only,0.016345,0.1,0.2,0.3,0.5,0.65,0.75,0.95,0.0,0.0,0.0,0.06,0.04
8,PE_PB_FED,0.016344,0.05,0.2,0.45,0.65,0.7,0.8,0.95,0.0,0.6,0.7,0.06,0.04
8,PB_FED,0.016322,0.05,0.25,0.45,0.5,0.7,0.75,0.95,0.5,0.0,0.0,0.1,0.03
6,PB_FED,0.016321,0.1,0.25,0.35,0.6,0.75,0.8,0.85,0.0,0.0,0.0,0.12,0.04
8,PB_only,0.01632,0.05,0.15,0.4,0.5,0.65,0.8,0.9,0.0,0.0,0.0,0.08,0.03
8,PE_FED,0.016317,0.05,0.15,0.35,0.6,0.75,0.85,0.9,0.0,0.0,0.0,0.06,0.04
8,PB_FED,0.016316,0.05,0.25,0.4,0.5,0.65,0.8,0.85,0.0,0.0,0.0,0.06,0.05
8,PB_only,0.016298,0.1,0.3,0.45,0.6,0.65,0.8,0.9,0.0,0.0,0.0,0.06,0.05
6,PB_only,0.016297,0.15,0.2,0.35,0.6,0.65,0.75,0.95,0.0,0.0,0.0,0.08,0.04
8,PB_only,0.016293,0.1,0.25,0.3,0.55,0.65,0.85,0.95,0.0,0.0,0.0,0.1,0.03
6,PE_only,0.016292,0.1,0.15,0.45,0.7,0.75,0.85,0.95,0.0,0.0,0.0,0.1,0.04
6,PB_only,0.016289,0.1,0.2,0.45,0.6,0.7,0.75,0.85,0.0,0.0,0.0,0.12,0.03
6,PB_only,0.016289,0.1,0.2,0.45,0.6,0.7,0.75,0.85,0.0,0.0,0.0,0.1,0.03
8,PB_only,0.016285,0.05,0.25,0.4,0.55,0.65,0.85,0.9,0.0,0.0,0.0,0.12,0.03
6,PB_only,0.016282,0.1,0.2,0.4,0.6,0.65,0.8,0.85,0.0,0.0,0.0,0.12,0.03
6,PB_FED,0.016278,0.05,0.15,0.4,0.5,0.7,0.75,0.9,0.0,0.0,0.0,0.08,0.03
8,PB_FED,0.016278,0.2,0.25,0.45,0.5,0.65,0.75,0.95,-0.5,0.0,0.0,0.12,0.05
8,PE_only,0.016273,0.1,0.15,0.3,0.65,0.75,0.8,0.9,0.0,0.0,0.0,0.12,0.03
6,PE_only,0.016272,0.1,0.2,0.4,0.65,0.65,0.75,0.95,0.0,0.0,0.0,0.12,0.04
8,PB_only,0.016272,0.1,0.2,0.4,0.55,0.7,0.8,0.95,0.0,0.0,0.0,0.12,0.04
8,PB_only,0.01627,0.05,0.2,0.3,0.55,0.75,0.85,0.95,0.0,0.0,0.0,0.06,0.05
8,PB_FED,0.01627,0.05,0.25,0.3,0.6,0.75,0.8,0.95,1.0,0.0,0.0,0.06,0.03
8,PE_FED,0.016267,0.1,0.2,0.35,0.6,0.65,0.75,0.9,-0.5,0.0,0.0,0.06,0.03
6,PB_FED,0.016263,0.15,0.2,0.45,0.55,0.65,0.75,0.85,-0.5,0.0,0.0,0.12,0.03
6,PB_only,0.016262,0.2,0.25,0.3,0.6,0.65,0.75,0.95,0.0,0.0,0.0,0.1,0.05
6,PB_only,0.016261,0.05,0.15,0.4,0.6,0.65,0.8,0.85,0.0,0.0,0.0,0.1,0.04
8,PE_only,0.016258,0.1,0.2,0.35,0.6,0.65,0.85,0.95,0.0,0.0,0.0,0.06,0.03
8,PB_FED,0.016254,0.15,0.25,0.35,0.5,0.65,0.8,0.9,-0.5,0.0,0.0,0.12,0.05
6,PB_FED,0.016251,0.2,0.3,0.45,0.65,0.7,0.8,0.9,0.0,0.0,0.0,0.06,0.03
8,PE_PB,0.016245,0.1,0.15,0.3,0.65,0.75,0.8,0.95,0.0,0.65,0.0,0.08,0.03
8,PB_only,0.01624,0.15,0.2,0.3,0.5,0.65,0.75,0.95,0.0,0.0,0.0,0.1,0.04
6,PB_FED,0.016238,0.15,0.3,0.4,0.65,0.7,0.8,0.9,0.0,0.0,0.0,0.1,0.05
6,PB_FED,0.016233,0.1,0.2,0.35,0.55,0.7,0.8,0.85,0.0,0.0,0.0,0.12,0.04
6,PB_only,0.01622,0.1,0.2,0.3,0.55,0.7,0.75,0.95,0.0,0.0,0.0,0.1,0.04
6,PB_only,0.016215,0.05,0.2,0.35,0.55,0.65,0.75,0.9,0.0,0.0,0.0,0.1,0.03
8,PB_only,0.016211,0.1,0.3,0.4,0.6,0.65,0.85,0.9,0.0,0.0,0.0,0.1,0.05
8,PE_FED,0.016207,0.2,0.25,0.3,0.55,0.7,0.8,0.95,-0.5,0.0,0.0,0.12,0.05
6,PB_only,0.016198,0.05,0.15,0.3,0.6,0.7,0.85,0.95,0.0,0.0,0.0,0.12,0.04
8,PE_only,0.016192,0.05,0.15,0.4,0.55,0.75,0.8,0.95,0.0,0.0,0.0,0.08,0.05
8,PB_FED,0.016192,0.2,0.3,0.4,0.65,0.65,0.85,0.9,0.5,0.0,0.0,0.1,0.03
8,PB_only,0.016188,0.2,0.25,0.45,0.6,0.65,0.85,0.9,0.0,0.0,0.0,0.08,0.05
8,PB_FED,0.016184,0.1,0.2,0.35,0.55,0.65,0.8,0.9,0.5,0.0,0.0,0.12,0.05
8,PB_FED,0.016183,0.15,0.25,0.45,0.5,0.7,0.85,0.95,0.0,0.0,0.0,0.06,0.04
8,PB_FED,0.016183,0.05,0.25,0.35,0.6,0.7,0.75,0.9,1.0,0.0,0.0,0.1,0.04
8,PB_only,0.016175,0.1,0.25,0.3,0.5,0.65,0.8,0.9,0.0,0.0,0.0,0.06,0.03
8,PB_FED,0.016175,0.1,0.25,0.45,0.6,0.65,0.8,0.95,0.5,0.0,0.0,0.08,0.05
8,PE_FED,0.016173,0.05,0.15,0.3,0.5,0.65,0.85,0.95,-0.5,0.0,0.0,0.06,0.05
8,PE_FED,0.01617,0.05,0.15,0.4,0.7,0.65,0.85,0.9,0.0,0.0,0.0,0.06,0.03
8,PE_only,0.016166,0.05,0.2,0.3,0.7,0.75,0.85,0.9,0.0,0.0,0.0,0.1,0.04
8,PB_FED,0.016162,0.1,0.25,0.35,0.65,0.7,0.75,0.85,1.0,0.0,0.0,0.12,0.04
6,PB_FED,0.01616,0.15,0.2,0.3,0.5,0.7,0.75,0.85,0.0,0.0,0.0,0.12,0.04
6,PB_only,0.016157,0.1,0.15,0.4,0.6,0.75,0.85,0.95,0.0,0.0,0.0,0.1,0.03
8,PB_only,0.016157,0.1,0.2,0.35,0.5,0.7,0.8,0.9,0.0,0.0,0.0,0.08,0.03
8,PE_only,0.016154,0.15,0.25,0.4,0.7,0.7,0.75,0.9,0.0,0.0,0.0,0.06,0.05
8,PE_only,0.016154,0.15,0.25,0.4,0.7,0.7,0.75,0.9,0.0,0.0,0.0,0.12,0.05
8,PE_only,0.016152,0.15,0.2,0.4,0.6,0.7,0.85,0.95,0.0,0.0,0.0,0.12,0.03
6,PB_only,0.016151,0.15,0.25,0.4,0.6,0.7,0.75,0.85,0.0,0.0,0.0,0.06,0.04
8,PE_only,0.016151,0.1,0.15,0.4,0.7,0.65,0.85,0.9,0.0,0.0,0.0,0.06,0.04
8,PB_FED,0.016148,0.2,0.25,0.4,0.5,0.75,0.8,0.9,-0.5,0.0,0.0,0.06,0.03
8,PB_FED,0.016143,0.15,0.25,0.45,0.55,0.65,0.75,0.9,1.0,0.0,0.0,0.06,0.03
8,PB_only,0.016142,0.05,0.2,0.4,0.5,0.7,0.75,0.9,0.0,0.0,0.0,0.06,0.04
8,PE_only,0.016137,0.2,0.3,0.45,0.65,0.7,0.75,0.95,0.0,0.0,0.0,0.1,0.04
6,PB_only,0.016135,0.05,0.2,0.35,0.6,0.75,0.8,0.85,0.0,0.0,0.0,0.08,0.03
6,PB_FED,0.016133,0.2,0.25,0.3,0.6,0.75,0.85,0.9,-0.5,0.0,0.0,0.12,0.03
6,PB_FED,0.016127,0.2,0.3,0.4,0.65,0.75,0.8,0.95,0.0,0.0,0.0,0.06,0.04
6,PB_FED,0.016124,0.05,0.25,0.45,0.6,0.7,0.75,0.9,0.0,0.0,0.0,0.12,0.05
8,PB_FED,0.016113,0.2,0.25,0.4,0.5,0.75,0.8,0.85,-0.5,0.0,0.0,0.1,0.03
6,PB_FED,0.016111,0.1,0.3,0.45,0.7,0.7,0.85,0.9,0.0,0.0,0.0,0.1,0.04
8,PB_FED,0.016111,0.15,0.3,0.45,0.65,0.65,0.75,0.85,0.5,0.0,0.0,0.08,0.05
6,PB_FED,0.016107,0.1,0.15,0.3,0.5,0.75,0.8,0.9,0.0,0.0,0.0,0.06,0.04
6,PB_FED,0.016106,0.1,0.25,0.4,0.6,0.65,0.8,0.85,-0.5,0.0,0.0,0.1,0.03
8,PE_PB_FED,0.016105,0.1,0.15,0.3,0.7,0.75,0.8,0.9,0.0,0.65,0.75,0.08,0.04
6,PB_only,0.016104,0.15,0.25,0.45,0.6,0.65,0.75,0.9,0.0,0.0,0.0,0.06,0.03
8,PB_only,0.016101,0.05,0.15,0.45,0.55,0.65,0.85,0.9,0.0,0.0,0.0,0.1,0.04
8,PE_FED,0.0161,0.15,0.25,0.45,0.5,0.7,0.8,0.95,0.0,0.0,0.0,0.06,0.05
8,PE_FED,0.016099,0.15,0.2,0.4,0.65,0.7,0.85,0.9,-0.5,0.0,0.0,0.1,0.04
8,PE_FED,0.016097,0.05,0.25,0.35,0.65,0.65,0.8,0.9,-0.5,0.0,0.0,0.06,0.03
6,PE_only,0.016095,0.05,0.25,0.45,0.7,0.75,0.8,0.95,0.0,0.0,0.0,0.12,0.05
6,PB_FED,0.016094,0.05,0.25,0.4,0.6,0.65,0.8,0.9,0.0,0.0,0.0,0.08,0.04
6,PB_FED,0.016091,0.2,0.25,0.35,0.6,0.65,0.8,0.9,-0.5,0.0,0.0,0.08,0.04
8,PE_PB_FED,0.016091,0.15,0.2,0.45,0.6,0.75,0.8,0.95,0.0,0.6,0.8,0.12,0.04
6,PB_FED,0.016089,0.15,0.25,0.35,0.6,0.65,0.85,0.95,0.0,0.0,0.0,0.1,0.03
6,PB_FED,0.016088,0.05,0.25,0.35,0.6,0.65,0.8,0.9,0.0,0.0,0.0,0.1,0.05
8,PE_FED,0.016088,0.2,0.25,0.35,0.55,0.7,0.8,0.95,-0.5,0.0,0.0,0.1,0.04
8,PB_only,0.016081,0.15,0.25,0.45,0.55,0.7,0.85,0.9,0.0,0.0,0.0,0.1,0.03
8,PB_only,0.016079,0.1,0.15,0.4,0.5,0.75,0.85,0.9,0.0,0.0,0.0,0.12,0.03
6,PE_only,0.016078,0.05,0.15,0.45,0.65,0.65,0.75,0.95,0.0,0.0,0.0,0.12,0.05
8,PB_only,0.016078,0.1,0.2,0.35,0.5,0.65,0.8,0.85,0.0,0.0,0.0,0.12,0.04
8,PE_FED,0.016065,0.05,0.25,0.3,0.55,0.7,0.75,0.9,0.0,0.0,0.0,0.08,0.04
8,PE_only,0.016064,0.15,0.25,0.45,0.6,0.75,0.8,0.95,0.0,0.0,0.0,0.08,0.03
8,PE_FED,0.016063,0.05,0.15,0.4,0.65,0.7,0.85,0.9,0.0,0.0,0.0,0.08,0.05
6,PB_FED,0.016062,0.05,0.25,0.45,0.65,0.75,0.85,0.95,-0.5,0.0,0.0,0.1,0.05
8,PE_PB,0.016062,0.05,0.15,0.35,0.65,0.75,0.8,0.95,0.0,0.65,0.0,0.06,0.03
8,PE_only,0.016061,0.1,0.2,0.4,0.7,0.75,0.8,0.9,0.0,0.0,0.0,0.06,0.05
8,PE_only,0.016061,0.1,0.2,0.4,0.7,0.75,0.8,0.9,0.0,0.0,0.0,0.08,0.05
8,PE_FED,0.016061,0.1,0.3,0.35,0.5,0.7,0.75,0.95,0.0,0.0,0.0,0.06,0.04
8,PB_FED,0.016061,0.05,0.15,0.3,0.65,0.7,0.85,0.95,1.0,0.0,0.0,0.06,0.04
8,PE_only,0.016059,0.15,0.25,0.3,0.7,0.65,0.75,0.9,0.0,0.0,0.0,0.08,0.05
8,PE_only,0.016058,0.15,0.3,0.4,0.7,0.7,0.75,0.9,0.0,0.0,0.0,0.12,0.04
6,PE_only,0.016056,0.1,0.3,0.4,0.7,0.7,0.75,0.95,0.0,0.0,0.0,0.08,0.04
6,PE_only,0.016056,0.05,0.15,0.45,0.7,0.7,0.85,0.95,0.0,0.0,0.0,0.12,0.04
8,PB_FED,0.016052,0.05,0.2,0.35,0.7,0.75,0.8,0.95,1.0,0.0,0.0,0.12,0.05
6,PB_only,0.016051,0.1,0.2,0.35,0.55,0.7,0.75,0.9,0.0,0.0,0.0,0.1,0.04
6,PB_FED,0.01605,0.05,0.2,0.4,0.55,0.65,0.75,0.95,-0.5,0.0,0.0,0.12,0.03
6,PB_FED,0.01605,0.1,0.15,0.3,0.55,0.65,0.8,0.95,-0.5,0.0,0.0,0.12,0.04
6,PE_only,0.016047,0.15,0.3,0.4,0.7,0.65,0.8,0.95,0.0,0.0,0.0,0.06,0.04
8,PB_only,0.016047,0.15,0.3,0.4,0.55,0.65,0.8,0.85,0.0,0.0,0.0,0.06,0.04
8,PE_PB_FED,0.016041,0.05,0.25,0.4,0.6,0.75,0.8,0.95,0.0,0.6,0.7,0.12,0.03
8,PB_only,0.016038,0.05,0.15,0.45,0.55,0.7,0.85,0.9,0.0,0.0,0.0,0.08,0.04
8,PE_PB_FED,0.016037,0.1,0.2,0.3,0.7,0.65,0.8,0.95,-0.5,0.6,0.75,0.06,0.04
6,PB_only,0.016035,0.05,0.15,0.35,0.55,0.65,0.75,0.9,0.0,0.0,0.0,0.1,0.05
8,PB_only,0.016035,0.05,0.2,0.4,0.55,0.75,0.85,0.95,0.0,0.0,0.0,0.06,0.03
6,PB_FED,0.016034,0.2,0.25,0.3,0.6,0.7,0.8,0.85,-0.5,0.0,0.0,0.06,0.04
8,PB_FED,0.01603,0.1,0.3,0.45,0.5,0.7,0.8,0.9,0.0,0.0,0.0,0.1,0.04
6,PB_FED,0.016029,0.2,0.3,0.35,0.65,0.7,0.85,0.95,-0.5,0.0,0.0,0.06,0.05
8,PB_FED,0.016028,0.15,0.3,0.45,0.5,0.65,0.75,0.85,0.0,0.0,0.0,0.08,0.05
8,PB_FED,0.016024,0.1,0.2,0.35,0.55,0.65,0.85,0.95,0.5,0.0,0.0,0.1,0.03
6,PE_only,0.016021,0.15,0.3,0.35,0.7,0.65,0.8,0.95,0.0,0.0,0.0,0.12,0.05
8,PE_PB_FED,0.016016,0.1,0.25,0.45,0.65,0.75,0.8,0.95,0.0,0.6,0.75,0.12,0.03
8,PE_PB_FED,0.016015,0.15,0.3,0.35,0.7,0.7,0.75,0.95,0.0,0.6,0.75,0.08,0.03
6,PE_only,0.016012,0.2,0.25,0.45,0.7,0.7,0.8,0.95,0.0,0.0,0.0,0.1,0.03
8,PB_only,0.016012,0.1,0.3,0.35,0.55,0.65,0.8,0.85,0.0,0.0,0.0,0.06,0.03
8,PE_PB_FED,0.016011,0.05,0.15,0.3,0.7,0.7,0.8,0.95,-0.5,0.55,0.8,0.06,0.05
8,PE_PB_FED,0.01601,0.1,0.15,0.3,0.65,0.7,0.85,0.95,0.0,0.55,0.8,0.1,0.04
6,PB_FED,0.016007,0.15,0.2,0.3,0.55,0.7,0.8,0.85,-0.5,0.0,0.0,0.12,0.04
8,PE_PB_FED,0.016007,0.1,0.15,0.3,0.55,0.65,0.8,0.95,0.0,0.5,0.7,0.08,0.03
8,PB_only,0.016004,0.2,0.3,0.45,0.6,0.7,0.8,0.85,0.0,0.0,0.0,0.06,0.05
8,PE_only,0.015995,0.1,0.25,0.3,0.7,0.7,0.8,0.9,0.0,0.0,0.0,0.08,0.03
8,PE_only,0.015988,0.05,0.2,0.3,0.55,0.75,0.8,0.95,0.0,0.0,0.0,0.12,0.03
8,PE_only,0.015988,0.05,0.2,0.3,0.55,0.75,0.8,0.95,0.0,0.0,0.0,0.06,0.03
8,PE_FED,0.015987,0.05,0.2,0.3,0.5,0.65,0.8,0.95,-0.5,0.0,0.0,0.12,0.05
6,PB_only,0.015984,0.1,0.2,0.4,0.6,0.75,0.8,0.85,0.0,0.0,0.0,0.06,0.03
8,PB_only,0.015975,0.1,0.2,0.35,0.55,0.7,0.85,0.95,0.0,0.0,0.0,0.08,0.04
8,PE_only,0.015972,0.15,0.25,0.45,0.6,0.7,0.75,0.95,0.0,0.0,0.0,0.08,0.03
6,PB_FED,0.015971,0.15,0.25,0.35,0.6,0.65,0.8,0.85,-0.5,0.0,0.0,0.08,0.04
8,PE_only,0.015965,0.05,0.2,0.4,0.6,0.75,0.85,0.95,0.0,0.0,0.0,0.12,0.03
8,PB_only,0.015965,0.2,0.25,0.4,0.55,0.7,0.85,0.9,0.0,0.0,0.0,0.1,0.03
8,PB_FED,0.015964,0.15,0.2,0.45,0.6,0.75,0.85,0.95,0.5,0.0,0.0,0.1,0.05
8,PE_FED,0.015961,0.05,0.2,0.3,0.7,0.65,0.8,0.85,-0.5,0.0,0.0,0.08,0.04
8,PE_FED,0.015959,0.1,0.15,0.4,0.65,0.65,0.75,0.85,-0.5,0.0,0.0,0.12,0.04
8,PB_FED,0.015959,0.1,0.25,0.35,0.55,0.75,0.8,0.85,0.5,0.0,0.0,0.08,0.04
8,PE_PB_FED,0.015957,0.05,0.15,0.4,0.65,0.7,0.75,0.9,0.0,0.65,0.7,0.06,0.03
8,PB_FED,0.015957,0.1,0.25,0.45,0.55,0.65,0.85,0.95,-0.5,0.0,0.0,0.1,0.04
8,PE_PB_FED,0.015951,0.2,0.25,0.45,0.65,0.75,0.8,0.95,0.0,0.65,0.75,0.08,0.04
8,PE_FED,0.015949,0.15,0.2,0.45,0.55,0.65,0.85,0.95,-0.5,0.0,0.0,0.06,0.04
6,PB_only,0.015946,0.05,0.15,0.35,0.6,0.75,0.8,0.9,0.0,0.0,0.0,0.1,0.05
8,PE_FED,0.015942,0.15,0.25,0.3,0.7,0.7,0.75,0.85,-0.5,0.0,0.0,0.08,0.04
8,PB_only,0.015942,0.15,0.25,0.3,0.5,0.75,0.8,0.85,0.0,0.0,0.0,0.08,0.04
8,PE_FED,0.015941,0.05,0.15,0.45,0.55,0.7,0.75,0.9,0.0,0.0,0.0,0.06,0.05
8,PE_PB_FED,0.01594,0.1,0.3,0.4,0.7,0.7,0.75,0.95,-0.5,0.65,0.75,0.06,0.03
6,PE_only,0.015938,0.15,0.25,0.3,0.65,0.65,0.8,0.95,0.0,0.0,0.0,0.08,0.05
8,PE_FED,0.015938,0.05,0.2,0.45,0.65,0.65,0.8,0.9,0.0,0.0,0.0,0.1,0.05
8,PE_FED,0.015938,0.15,0.2,0.45,0.55,0.7,0.75,0.9,0.0,0.0,0.0,0.06,0.04
8,PE_FED,0.015938,0.15,0.3,0.45,0.7,0.65,0.8,0.9,-0.5,0.0,0.0,0.12,0.03
6,PE_only,0.015935,0.1,0.2,0.4,0.7,0.7,0.85,0.95,0.0,0.0,0.0,0.08,0.05
6,PB_only,0.015935,0.05,0.2,0.35,0.55,0.7,0.75,0.95,0.0,0.0,0.0,0.06,0.03
8,PE_FED,0.015935,0.1,0.2,0.35,0.55,0.7,0.75,0.9,0.0,0.0,0.0,0.1,0.05
8,PE_PB_FED,0.015932,0.1,0.25,0.3,0.6,0.7,0.85,0.95,0.0,0.65,0.75,0.1,0.04
8,PB_FED,0.015929,0.1,0.15,0.4,0.5,0.65,0.75,0.85,0.5,0.0,0.0,0.08,0.05
8,PE_only,0.015927,0.2,0.25,0.3,0.6,0.7,0.8,0.95,0.0,0.0,0.0,0.06,0.05
8,PE_only,0.015922,0.05,0.15,0.3,0.6,0.65,0.75,0.9,0.0,0.0,0.0,0.06,0.04
8,PE_PB_FED,0.015919,0.1,0.25,0.3,0.6,0.65,0.8,0.95,-0.5,0.65,0.7,0.1,0.03
8,PE_only,0.015916,0.05,0.15,0.35,0.65,0.75,0.8,0.9,0.0,0.0,0.0,0.08,0.03
6,PB_only,0.015911,0.15,0.2,0.35,0.55,0.7,0.75,0.85,0.0,0.0,0.0,0.08,0.03
6,PB_only,0.015909,0.1,0.15,0.45,0.6,0.75,0.85,0.9,0.0,0.0,0.0,0.12,0.03
8,PE_only,0.015903,0.05,0.2,0.3,0.55,0.7,0.75,0.95,0.0,0.0,0.0,0.08,0.04
8,PE_only,0.0159,0.1,0.15,0.35,0.65,0.65,0.8,0.9,0.0,0.0,0.0,0.08,0.03
8,PE_only,0.0159,0.1,0.15,0.35,0.65,0.7,0.8,0.9,0.0,0.0,0.0,0.08,0.03
6,PB_only,0.015899,0.05,0.2,0.4,0.6,0.65,0.8,0.85,0.0,0.0,0.0,0.06,0.03
8,PB_FED,0.015897,0.15,0.3,0.35,0.5,0.7,0.85,0.95,0.0,0.0,0.0,0.08,0.04
8,PE_FED,0.015896,0.1,0.3,0.45,0.7,0.75,0.8,0.9,0.0,0.0,0.0,0.08,0.04
6,PB_only,0.015894,0.2,0.25,0.3,0.6,0.65,0.8,0.9,0.0,0.0,0.0,0.08,0.03
8,PE_only,0.015892,0.15,0.2,0.45,0.7,0.65,0.75,0.9,0.0,0.0,0.0,0.06,0.05
8,PE_only,0.015889,0.05,0.3,0.35,0.65,0.7,0.85,0.95,0.0,0.0,0.0,0.12,0.03
8,PB_only,0.015889,0.05,0.25,0.3,0.5,0.7,0.75,0.9,0.0,0.0,0.0,0.06,0.05
6,PB_FED,0.015884,0.05,0.25,0.4,0.55,0.7,0.75,0.9,0.0,0.0,0.0,0.08,0.04
8,PB_FED,0.015881,0.05,0.3,0.45,0.7,0.65,0.8,0.95,0.5,0.0,0.0,0.06,0.03
8,PE_PB_FED,0.015879,0.05,0.25,0.45,0.7,0.65,0.75,0.95,0.0,0.6,0.75,0.12,0.04
8,PB_FED,0.015877,0.05,0.25,0.3,0.5,0.65,0.75,0.95,1.0,0.0,0.0,0.08,0.05
8,PB_only,0.015866,0.05,0.25,0.45,0.6,0.65,0.85,0.95,0.0,0.0,0.0,0.1,0.05
6,PB_only,0.01586,0.05,0.25,0.3,0.6,0.75,0.8,0.85,0.0,0.0,0.0,0.1,0.04
8,PE_PB_FED,0.015859,0.05,0.2,0.35,0.55,0.7,0.75,0.95,0.0,0.55,0.8,0.1,0.03
8,PB_only,0.015857,0.1,0.3,0.4,0.55,0.7,0.8,0.85,0.0,0.0,0.0,0.1,0.04
6,PB_FED,0.015854,0.05,0.25,0.3,0.6,0.75,0.85,0.9,0.0,0.0,0.0,0.12,0.04
6,PE_only,0.015852,0.1,0.15,0.3,0.65,0.75,0.85,0.95,0.0,0.0,0.0,0.1,0.04
8,PB_only,0.015851,0.05,0.2,0.35,0.55,0.65,0.85,0.95,0.0,0.0,0.0,0.08,0.03
8,PE_FED,0.015848,0.2,0.25,0.3,0.6,0.65,0.75,0.9,0.0,0.0,0.0,0.12,0.05
8,PE_only,0.015843,0.2,0.25,0.35,0.6,0.65,0.75,0.95,0.0,0.0,0.0,0.08,0.04
8,PE_only,0.015843,0.2,0.25,0.35,0.6,0.7,0.75,0.95,0.0,0.0,0.0,0.08,0.04
8,PE_PB,0.015841,0.1,0.15,0.4,0.7,0.65,0.75,0.95,0.0,0.65,0.0,0.12,0.05
8,PE_only,0.015837,0.05,0.15,0.45,0.7,0.65,0.8,0.9,0.0,0.0,0.0,0.06,0.05
8,PB_only,0.015837,0.05,0.25,0.35,0.5,0.7,0.75,0.9,0.0,0.0,0.0,0.06,0.04
8,PE_only,0.015833,0.1,0.15,0.3,0.6,0.65,0.75,0.9,0.0,0.0,0.0,0.12,0.04
6,PB_only,0.015832,0.15,0.25,0.4,0.6,0.7,0.75,0.95,0.0,0.0,0.0,0.08,0.04
8,PB_only,0.015828,0.05,0.2,0.3,0.5,0.7,0.8,0.95,0.0,0.0,0.0,0.08,0.03
8,PE_PB,0.015827,0.15,0.2,0.3,0.7,0.75,0.8,0.95,0.0,0.65,0.0,0.08,0.03
8,PE_FED,0.015827,0.1,0.25,0.4,0.7,0.65,0.85,0.9,0.0,0.0,0.0,0.08,0.04
8,PB_FED,0.015823,0.05,0.25,0.3,0.7,0.65,0.8,0.9,1.0,0.0,0.0,0.08,0.03
8,PB_only,0.015812,0.2,0.25,0.45,0.55,0.7,0.75,0.9,0.0,0.0,0.0,0.06,0.05
8,PB_only,0.015812,0.2,0.25,0.4,0.6,0.65,0.85,0.95,0.0,0.0,0.0,0.06,0.04
6,PB_FED,0.015809,0.05,0.2,0.3,0.55,0.7,0.85,0.95,0.0,0.0,0.0,0.12,0.05
8,PE_FED,0.015804,0.15,0.3,0.35,0.5,0.7,0.8,0.95,0.0,0.0,0.0,0.08,0.04
8,PB_only,0.015804,0.2,0.3,0.45,0.6,0.75,0.85,0.95,0.0,0.0,0.0,0.06,0.03
6,PE_only,0.015803,0.15,0.25,0.3,0.7,0.75,0.85,0.95,0.0,0.0,0.0,0.08,0.05
8,PB_only,0.0158,0.1,0.25,0.3,0.55,0.65,0.85,0.95,0.0,0.0,0.0,0.08,0.05
8,PB_only,0.015787,0.05,0.3,0.35,0.55,0.7,0.8,0.85,0.0,0.0,0.0,0.06,0.04
8,PB_only,0.015787,0.15,0.2,0.45,0.5,0.65,0.75,0.85,0.0,0.0,0.0,0.06,0.04
6,PE_only,0.015786,0.2,0.3,0.35,0.7,0.75,0.8,0.95,0.0,0.0,0.0,0.08,0.05
6,PB_FED,0.015784,0.15,0.25,0.3,0.6,0.65,0.85,0.95,0.0,0.0,0.0,0.08,0.04
6,PB_FED,0.015784,0.15,0.3,0.35,0.65,0.75,0.85,0.9,0.0,0.0,0.0,0.1,0.04
6,PB_only,0.015782,0.05,0.15,0.45,0.6,0.65,0.8,0.85,0.0,0.0,0.0,0.06,0.03
8,PE_only,0.015781,0.05,0.3,0.35,0.7,0.7,0.75,0.9,0.0,0.0,0.0,0.12,0.04
8,PE_FED,0.015781,0.05,0.2,0.4,0.7,0.65,0.85,0.9,-0.5,0.0,0.0,0.1,0.03
8,PB_FED,0.015781,0.2,0.25,0.4,0.65,0.7,0.85,0.9,0.5,0.0,0.0,0.12,0.05
8,PB_only,0.01578,0.15,0.2,0.4,0.5,0.7,0.75,0.95,0.0,0.0,0.0,0.12,0.05
6,PB_only,0.015779,0.1,0.15,0.4,0.6,0.65,0.8,0.9,0.0,0.0,0.0,0.06,0.05
8,PE_only,0.015777,0.1,0.2,0.45,0.7,0.75,0.8,0.9,0.0,0.0,0.0,0.06,0.03
8,PE_only,0.015772,0.15,0.3,0.45,0.65,0.75,0.85,0.95,0.0,0.0,0.0,0.12,0.05
8,PB_only,0.01577,0.1,0.15,0.35,0.5,0.65,0.8,0.95,0.0,0.0,0.0,0.08,0.03
6,PE_only,0.015764,0.2,0.3,0.4,0.7,0.75,0.8,0.95,0.0,0.0,0.0,0.08,0.03
8,PE_only,0.015762,0.2,0.25,0.45,0.7,0.7,0.75,0.9,0.0,0.0,0.0,0.08,0.04
8,PE_FED,0.015761,0.1,0.15,0.35,0.5,0.7,0.85,0.95,-0.5,0.0,0.0,0.06,0.04
8,PB_only,0.015758,0.15,0.2,0.45,0.5,0.7,0.75,0.9,0.0,0.0,0.0,0.1,0.04
8,PB_only,0.015758,0.15,0.2,0.45,0.5,0.7,0.75,0.9,0.0,0.0,0.0,0.08,0.04
8,PB_only,0.015752,0.05,0.25,0.35,0.55,0.7,0.85,0.95,0.0,0.0,0.0,0.06,0.03
8,PB_FED,0.01575,0.05,0.25,0.45,0.7,0.7,0.8,0.95,1.0,0.0,0.0,0.08,0.03
8,PE_FED,0.015749,0.1,0.3,0.35,0.7,0.7,0.8,0.9,0.0,0.0,0.0,0.1,0.05
8,PE_PB_FED,0.015749,0.05,0.25,0.3,0.55,0.65,0.8,0.95,0.0,0.6,0.75,0.12,0.03
6,PE_only,0.015746,0.05,0.25,0.3,0.65,0.65,0.8,0.95,0.0,0.0,0.0,0.12,0.03
6,PB_only,0.015744,0.1,0.15,0.45,0.6,0.65,0.75,0.85,0.0,0.0,0.0,0.1,0.05
8,PB_FED,0.015744,0.05,0.2,0.45,0.5,0.65,0.75,0.85,0.5,0.0,0.0,0.12,0.03
8,PE_only,0.01573,0.15,0.2,0.3,0.65,0.7,0.75,0.9,0.0,0.0,0.0,0.12,0.05
6,PB_FED,0.015729,0.05,0.25,0.3,0.55,0.65,0.8,0.9,0.0,0.0,0.0,0.06,0.04
8,PB_only,0.015727,0.1,0.25,0.3,0.5,0.65,0.8,0.85,0.0,0.0,0.0,0.08,0.03
6,PB_only,0.015725,0.15,0.25,0.3,0.6,0.7,0.8,0.85,0.0,0.0,0.0,0.1,0.03
8,PB_only,0.01572,0.15,0.25,0.4,0.55,0.75,0.8,0.9,0.0,0.0,0.0,0.12,0.05
6,PB_only,0.015715,0.1,0.2,0.35,0.6,0.65,0.85,0.9,0.0,0.0,0.0,0.06,0.04
8,PB_FED,0.015714,0.2,0.25,0.45,0.6,0.7,0.75,0.85,0.5,0.0,0.0,0.12,0.05
8,PE_FED,0.015713,0.15,0.2,0.45,0.5,0.7,0.85,0.95,0.0,0.0,0.0,0.06,0.04
8,PB_only,0.015713,0.2,0.3,0.45,0.6,0.75,0.8,0.9,0.0,0.0,0.0,0.12,0.05
8,PB_FED,0.015713,0.1,0.15,0.35,0.6,0.65,0.75,0.85,1.0,0.0,0.0,0.1,0.05
6,PE_only,0.01571,0.05,0.15,0.3,0.65,0.75,0.85,0.95,0.0,0.0,0.0,0.1,0.04
6,PB_FED,0.015706,0.05,0.2,0.45,0.55,0.65,0.75,0.85,-0.5,0.0,0.0,0.1,0.03
8,PE_only,0.015702,0.1,0.25,0.35,0.7,0.7,0.8,0.9,0.0,0.0,0.0,0.08,0.03
8,PB_only,0.015702,0.05,0.25,0.35,0.55,0.75,0.8,0.9,0.0,0.0,0.0,0.12,0.05
8,PB_only,0.015695,0.2,0.3,0.35,0.6,0.75,0.85,0.95,0.0,0.0,0.0,0.1,0.05
6,PE_only,0.015694,0.15,0.2,0.45,0.65,0.65,0.75,0.95,0.0,0.0,0.0,0.08,0.04
8,PB_FED,0.015693,0.1,0.15,0.35,0.55,0.75,0.8,0.95,1.0,0.0,0.0,0.12,0.05
8,PB_only,0.015692,0.1,0.2,0.35,0.5,0.65,0.75,0.85,0.0,0.0,0.0,0.1,0.05
8,PB_only,0.015691,0.15,0.25,0.3,0.5,0.7,0.75,0.85,0.0,0.0,0.0,0.08,0.05
6,PB_FED,0.015682,0.2,0.3,0.4,0.65,0.75,0.8,0.85,0.0,0.0,0.0,0.08,0.04
8,PE_FED,0.015681,0.05,0.25,0.3,0.55,0.75,0.85,0.95,-0.5,0.0,0.0,0.08,0.03
8,PE_FED,0.01568,0.1,0.3,0.4,0.5,0.75,0.8,0.95,0.0,0.0,0.0,0.08,0.03
6,PB_only,0.015677,0.05,0.2,0.4,0.6,0.7,0.8,0.9,0.0,0.0,0.0,0.08,0.03
8,PE_FED,0.015677,0.1,0.15,0.45,0.65,0.7,0.75,0.85,0.0,0.0,0.0,0.06,0.05
8,PB_FED,0.015675,0.1,0.15,0.4,0.7,0.65,0.85,0.95,1.0,0.0,0.0,0.08,0.05
8,PB_only,0.015674,0.1,0.15,0.3,0.5,0.65,0.85,0.9,0.0,0.0,0.0,0.12,0.05
8,PE_FED,0.015672,0.05,0.25,0.45,0.55,0.75,0.8,0.95,-0.5,0.0,0.0,0.08,0.05
8,PE_FED,0.015672,0.05,0.25,0.45,0.55,0.65,0.8,0.95,-0.5,0.0,0.0,0.06,0.05
6,PB_only,0.015671,0.2,0.25,0.3,0.55,0.65,0.75,0.9,0.0,0.0,0.0,0.08,0.03
8,PB_only,0.015671,0.1,0.2,0.45,0.55,0.7,0.8,0.9,0.0,0.0,0.0,0.12,0.05
8,PE_PB_FED,0.015669,0.15,0.25,0.4,0.7,0.65,0.8,0.95,0.0,0.55,0.7,0.12,0.03
8,PB_FED,0.015665,0.1,0.25,0.35,0.7,0.75,0.8,0.9,1.0,0.0,0.0,0.06,0.03
8,PB_only,0.015663,0.2,0.25,0.4,0.55,0.65,0.75,0.95,0.0,0.0,0.0,0.06,0.04
8,PB_FED,0.015659,0.15,0.25,0.4,0.5,0.7,0.8,0.9,-0.5,0.0,0.0,0.06,0.05
6,PB_FED,0.015655,0.05,0.2,0.45,0.55,0.7,0.75,0.85,0.0,0.0,0.0,0.1,0.04
8,PE_FED,0.015654,0.1,0.3,0.45,0.65,0.65,0.75,0.9,-0.5,0.0,0.0,0.1,0.04
8,PB_FED,0.015652,0.1,0.2,0.4,0.7,0.7,0.8,0.9,1.0,0.0,0.0,0.08,0.04
6,PE_only,0.015651,0.2,0.3,0.4,0.7,0.75,0.8,0.95,0.0,0.0,0.0,0.08,0.05
6,PB_FED,0.015651,0.1,0.25,0.3,0.55,0.7,0.75,0.85,0.0,0.0,0.0,0.12,0.05
6,PB_FED,0.015651,0.05,0.25,0.45,0.6,0.7,0.8,0.95,0.0,0.0,0.0,0.12,0.03
8,PE_only,0.015646,0.1,0.25,0.3,0.6,0.75,0.85,0.95,0.0,0.0,0.0,0.06,0.05
6,PB_only,0.015644,0.1,0.15,0.4,0.55,0.65,0.75,0.95,0.0,0.0,0.0,0.08,0.03
6,PB_FED,0.015638,0.05,0.3,0.35,0.6,0.65,0.75,0.9,-0.5,0.0,0.0,0.12,0.03
8,PE_PB,0.015638,0.1,0.2,0.3,0.7,0.65,0.8,0.95,0.0,0.65,0.0,0.1,0.03
6,PB_only,0.015637,0.05,0.25,0.35,0.55,0.65,0.75,0.85,0.0,0.0,0.0,0.1,0.03
8,PE_FED,0.015637,0.15,0.3,0.4,0.5,0.7,0.75,0.95,0.0,0.0,0.0,0.12,0.05
8,PB_FED,0.015637,0.15,0.3,0.45,0.65,0.7,0.8,0.85,0.5,0.0,0.0,0.06,0.03
6,PB_only,0.015635,0.05,0.15,0.4,0.55,0.65,0.75,0.85,0.0,0.0,0.0,0.08,0.04
6,PB_only,0.015632,0.1,0.2,0.3,0.6,0.75,0.85,0.95,0.0,0.0,0.0,0.1,0.05
8,PE_FED,0.015632,0.05,0.25,0.35,0.55,0.7,0.75,0.9,0.0,0.0,0.0,0.12,0.04
8,PE_only,0.015631,0.05,0.15,0.45,0.55,0.65,0.8,0.95,0.0,0.0,0.0,0.06,0.03
6,PB_FED,0.01563,0.1,0.25,0.45,0.6,0.65,0.8,0.9,-0.5,0.0,0.0,0.06,0.03
6,PB_only,0.015626,0.15,0.2,0.4,0.6,0.7,0.8,0.9,0.0,0.0,0.0,0.08,0.04
8,PE_only,0.015622,0.2,0.25,0.35,0.6,0.75,0.8,0.95,0.0,0.0,0.0,0.1,0.05
8,PB_FED,0.015617,0.2,0.25,0.45,0.5,0.75,0.85,0.9,0.0,0.0,0.0,0.06,0.04
8,PB_FED,0.015614,0.1,0.3,0.4,0.5,0.65,0.8,0.9,-0.5,0.0,0.0,0.06,0.03
6,PB_only,0.015612,0.05,0.25,0.3,0.55,0.7,0.75,0.9,0.0,0.0,0.0,0.1,0.04
6,PE_only,0.015607,0.15,0.25,0.4,0.65,0.7,0.75,0.95,0.0,0.0,0.0,0.1,0.04
8,PE_only,0.015605,0.1,0.2,0.45,0.6,0.75,0.85,0.95,0.0,0.0,0.0,0.12,0.04
8,PB_FED,0.015605,0.05,0.2,0.45,0.6,0.65,0.85,0.95,0.5,0.0,0.0,0.08,0.03
6,PB_FED,0.015599,0.1,0.2,0.45,0.55,0.7,0.8,0.9,0.0,0.0,0.0,0.06,0.04
6,PB_only,0.015596,0.15,0.2,0.3,0.6,0.75,0.85,0.95,0.0,0.0,0.0,0.12,0.04
6,PE_only,0.015593,0.05,0.25,0.3,0.65,0.65,0.75,0.95,0.0,0.0,0.0,0.08,0.03
8,PE_only,0.015593,0.1,0.2,0.35,0.55,0.7,0.75,0.95,0.0,0.0,0.0,0.08,0.03
6,PB_only,0.015589,0.15,0.25,0.35,0.6,0.65,0.75,0.85,0.0,0.0,0.0,0.12,0.05
8,PB_FED,0.015587,0.1,0.25,0.4,0.55,0.65,0.75,0.9,1.0,0.0,0.0,0.08,0.04
8,PE_only,0.015586,0.15,0.3,0.35,0.6,0.65,0.75,0.95,0.0,0.0,0.0,0.1,0.03
8,PB_only,0.015582,0.1,0.2,0.35,0.5,0.7,0.85,0.9,0.0,0.0,0.0,0.06,0.03
6,PB_FED,0.015576,0.15,0.25,0.4,0.6,0.65,0.85,0.95,0.0,0.0,0.0,0.08,0.03
8,PE_only,0.015576,0.05,0.15,0.45,0.65,0.65,0.75,0.9,0.0,0.0,0.0,0.12,0.03
8,PE_PB_FED,0.015566,0.1,0.15,0.4,0.55,0.65,0.85,0.95,0.0,0.6,0.75,0.12,0.05
8,PB_only,0.015561,0.1,0.2,0.4,0.5,0.75,0.8,0.9,0.0,0.0,0.0,0.08,0.03
8,PB_only,0.01556,0.05,0.25,0.45,0.55,0.7,0.75,0.85,0.0,0.0,0.0,0.08,0.05
8,PB_FED,0.015555,0.05,0.2,0.35,0.55,0.7,0.75,0.85,1.0,0.0,0.0,0.1,0.03
6,PB_FED,0.015554,0.05,0.25,0.45,0.6,0.7,0.75,0.95,-0.5,0.0,0.0,0.06,0.04
8,PB_only,0.015554,0.05,0.25,0.45,0.55,0.7,0.8,0.85,0.0,0.0,0.0,0.1,0.03
8,PB_FED,0.01555,0.05,0.3,0.4,0.5,0.7,0.8,0.85,0.0,0.0,0.0,0.1,0.03
8,PE_only,0.015549,0.1,0.25,0.3,0.7,0.75,0.8,0.9,0.0,0.0,0.0,0.1,0.05
8,PE_only,0.015547,0.05,0.15,0.35,0.7,0.7,0.85,0.9,0.0,0.0,0.0,0.06,0.03
8,PB_only,0.015547,0.2,0.3,0.4,0.6,0.75,0.85,0.9,0.0,0.0,0.0,0.12,0.05
6,PB_only,0.015543,0.05,0.2,0.3,0.6,0.65,0.85,0.9,0.0,0.0,0.0,0.06,0.05
8,PB_only,0.015541,0.2,0.25,0.35,0.55,0.65,0.8,0.85,0.0,0.0,0.0,0.08,0.05
8,PE_FED,0.015539,0.1,0.2,0.3,0.7,0.65,0.8,0.85,-0.5,0.0,0.0,0.08,0.03
8,PB_only,0.015539,0.1,0.25,0.3,0.5,0.7,0.85,0.9,0.0,0.0,0.0,0.08,0.03
8,PB_only,0.015539,0.1,0.25,0.3,0.5,0.75,0.85,0.9,0.0,0.0,0.0,0.08,0.03
8,PB_FED,0.015537,0.2,0.3,0.45,0.55,0.7,0.75,0.95,1.0,0.0,0.0,0.08,0.03
8,PB_only,0.015535,0.1,0.25,0.35,0.55,0.65,0.85,0.95,0.0,0.0,0.0,0.06,0.03
8,PE_FED,0.015533,0.1,0.25,0.45,0.6,0.65,0.75,0.9,0.0,0.0,0.0,0.1,0.05
6,PB_FED,0.015528,0.05,0.2,0.3,0.55,0.75,0.8,0.95,-0.5,0.0,0.0,0.08,0.05
6,PE_only,0.015523,0.1,0.25,0.35,0.65,0.7,0.8,0.95,0.0,0.0,0.0,0.12,0.05
6,PB_only,0.015523,0.05,0.15,0.4,0.6,0.65,0.85,0.9,0.0,0.0,0.0,0.08,0.04
8,PE_PB_FED,0.015523,0.2,0.3,0.4,0.65,0.7,0.75,0.95,0.0,0.65,0.75,0.1,0.04
6,PB_only,0.01552,0.1,0.15,0.45,0.6,0.75,0.8,0.9,0.0,0.0,0.0,0.1,0.04
6,PB_FED,0.015516,0.1,0.25,0.45,0.55,0.65,0.75,0.95,0.0,0.0,0.0,0.08,0.03
8,PE_only,0.015515,0.1,0.25,0.35,0.6,0.7,0.85,0.95,0.0,0.0,0.0,0.06,0.04
8,PE_only,0.01551,0.15,0.25,0.35,0.7,0.65,0.8,0.9,0.0,0.0,0.0,0.08,0.03
6,PE_only,0.015508,0.2,0.3,0.4,0.7,0.7,0.75,0.95,0.0,0.0,0.0,0.12,0.03
8,PE_PB_FED,0.015503,0.1,0.15,0.3,0.65,0.65,0.85,0.95,-0.5,0.6,0.8,0.12,0.03
8,PE_only,0.015499,0.05,0.2,0.3,0.55,0.65,0.8,0.95,0.0,0.0,0.0,0.1,0.05
6,PB_FED,0.015498,0.15,0.25,0.35,0.55,0.75,0.8,0.9,0.0,0.0,0.0,0.1,0.04
6,PB_only,0.015496,0.1,0.2,0.35,0.55,0.65,0.75,0.95,0.0,0.0,0.0,0.06,0.03
8,PB_only,0.015486,0.05,0.25,0.35,0.55,0.75,0.8,0.95,0.0,0.0,0.0,0.06,0.04
8,PE_only,0.015485,0.15,0.25,0.35,0.7,0.7,0.8,0.9,0.0,0.0,0.0,0.1,0.05
8,PB_only,0.015481,0.05,0.3,0.4,0.6,0.75,0.85,0.9,0.0,0.0,0.0,0.08,0.05
8,PB_only,0.015476,0.15,0.25,0.3,0.5,0.75,0.85,0.9,0.0,0.0,0.0,0.1,0.03
8,PE_only,0.015474,0.2,0.3,0.35,0.7,0.7,0.75,0.9,0.0,0.0,0.0,0.1,0.04
8,PB_only,0.015474,0.15,0.25,0.35,0.5,0.7,0.75,0.95,0.0,0.0,0.0,0.06,0.05
8,PE_PB_FED,0.015469,0.1,0.3,0.45,0.6,0.65,0.8,0.95,0.0,0.65,0.7,0.1,0.03
8,PB_FED,0.015466,0.05,0.3,0.4,0.65,0.7,0.8,0.85,0.5,0.0,0.0,0.06,0.03
8,PE_FED,0.015465,0.2,0.3,0.35,0.7,0.7,0.85,0.9,-0.5,0.0,0.0,0.08,0.04
8,PE_only,0.015462,0.15,0.3,0.4,0.7,0.65,0.75,0.9,0.0,0.0,0.0,0.06,0.04
6,PB_only,0.015461,0.15,0.2,0.35,0.6,0.75,0.8,0.9,0.0,0.0,0.0,0.1,0.05
6,PB_only,0.015459,0.15,0.3,0.35,0.6,0.7,0.75,0.85,0.0,0.0,0.0,0.08,0.03
8,PE_only,0.015459,0.05,0.25,0.3,0.65,0.65,0.75,0.9,0.0,0.0,0.0,0.1,0.04
6,PB_FED,0.015454,0.1,0.3,0.35,0.6,0.7,0.75,0.9,-0.5,0.0,0.0,0.06,0.05
6,PB_FED,0.015453,0.15,0.25,0.45,0.6,0.65,0.8,0.85,-0.5,0.0,0.0,0.08,0.03
8,PB_only,0.015453,0.1,0.3,0.4,0.55,0.7,0.8,0.85,0.0,0.0,0.0,0.1,0.03
6,PB_FED,0.015451,0.1,0.3,0.35,0.65,0.65,0.85,0.95,0.0,0.0,0.0,0.08,0.05
8,PB_only,0.015447,0.15,0.2,0.4,0.55,0.7,0.85,0.95,0.0,0.0,0.0,0.1,0.04
6,PB_only,0.015445,0.05,0.25,0.4,0.6,0.65,0.75,0.9,0.0,0.0,0.0,0.08,0.05
8,PB_only,0.015445,0.15,0.2,0.45,0.55,0.75,0.8,0.95,0.0,0.0,0.0,0.06,0.05
8,PB_FED,0.015444,0.2,0.25,0.45,0.5,0.7,0.85,0.95,0.0,0.0,0.0,0.12,0.04
6,PE_only,0.015443,0.1,0.25,0.35,0.65,0.7,0.75,0.95,0.0,0.0,0.0,0.1,0.05
8,PE_PB,0.015441,0.05,0.2,0.35,0.7,0.7,0.75,0.95,0.0,0.65,0.0,0.1,0.03
6,PE_only,0.015439,0.1,0.25,0.4,0.65,0.7,0.75,0.95,0.0,0.0,0.0,0.08,0.04
6,PB_only,0.015438,0.1,0.25,0.3,0.6,0.65,0.8,0.9,0.0,0.0,0.0,0.1,0.05
8,PB_FED,0.015437,0.05,0.3,0.4,0.6,0.65,0.8,0.9,0.5,0.0,0.0,0.08,0.03
8,PE_FED,0.015435,0.05,0.15,0.4,0.65,0.65,0.75,0.85,0.0,0.0,0.0,0.12,0.03
8,PE_only,0.015433,0.05,0.15,0.45,0.55,0.75,0.8,0.95,0.0,0.0,0.0,0.1,0.04
8,PE_only,0.015433,0.05,0.15,0.45,0.55,0.7,0.8,0.95,0.0,0.0,0.0,0.06,0.04
8,PB_only,0.015423,0.2,0.25,0.3,0.5,0.65,0.75,0.95,0.0,0.0,0.0,0.1,0.03
8,PE_FED,0.015419,0.05,0.15,0.3,0.5,0.75,0.8,0.95,0.5,0.0,0.0,0.06,0.03
8,PE_only,0.015413,0.15,0.2,0.35,0.65,0.7,0.75,0.9,0.0,0.0,0.0,0.1,0.05
8,PB_only,0.015413,0.2,0.25,0.35,0.55,0.7,0.85,0.95,0.0,0.0,0.0,0.1,0.03
8,PB_only,0.015413,0.2,0.25,0.35,0.55,0.75,0.85,0.95,0.0,0.0,0.0,0.06,0.03
8,PB_only,0.01541,0.05,0.3,0.4,0.55,0.65,0.75,0.95,0.0,0.0,0.0,0.08,0.03
6,PB_only,0.015409,0.2,0.25,0.3,0.6,0.65,0.8,0.9,0.0,0.0,0.0,0.06,0.04
8,PB_FED,0.015409,0.05,0.2,0.35,0.65,0.7,0.85,0.95,1.0,0.0,0.0,0.08,0.03
6,PE_only,0.015407,0.15,0.2,0.45,0.7,0.75,0.85,0.95,0.0,0.0,0.0,0.06,0.05
6,PB_FED,0.015405,0.2,0.25,0.35,0.6,0.75,0.85,0.95,0.0,0.0,0.0,0.12,0.04
6,PB_only,0.015403,0.1,0.2,0.4,0.6,0.7,0.85,0.95,0.0,0.0,0.0,0.1,0.03
8,PB_only,0.015401,0.2,0.25,0.35,0.5,0.65,0.75,0.85,0.0,0.0,0.0,0.08,0.04
6,PB_FED,0.015397,0.15,0.3,0.45,0.65,0.65,0.85,0.95,-0.5,0.0,0.0,0.12,0.05
8,PB_FED,0.015396,0.15,0.3,0.4,0.5,0.7,0.85,0.95,0.0,0.0,0.0,0.06,0.04
8,PE_only,0.01539,0.15,0.25,0.35,0.65,0.65,0.75,0.9,0.0,0.0,0.0,0.12,0.04
8,PB_FED,0.015389,0.2,0.25,0.3,0.5,0.65,0.85,0.95,-0.5,0.0,0.0,0.06,0.03
8,PB_only,0.015386,0.1,0.2,0.45,0.55,0.65,0.8,0.95,0.0,0.0,0.0,0.12,0.05
8,PB_FED,0.01538,0.15,0.3,0.35,0.5,0.65,0.75,0.95,0.5,0.0,0.0,0.06,0.05
6,PE_only,0.015378,0.2,0.25,0.45,0.7,0.65,0.75,0.95,0.0,0.0,0.0,0.08,0.04
8,PE_PB_FED,0.015378,0.1,0.15,0.4,0.65,0.7,0.85,0.95,0.0,0.55,0.7,0.08,0.03
8,PE_only,0.015377,0.1,0.15,0.45,0.65,0.7,0.8,0.9,0.0,0.0,0.0,0.06,0.04
8,PE_FED,0.015374,0.1,0.25,0.4,0.5,0.65,0.85,0.95,0.0,0.0,0.0,0.1,0.04
8,PB_FED,0.015374,0.1,0.15,0.45,0.5,0.75,0.8,0.85,-0.5,0.0,0.0,0.08,0.05
8,PB_FED,0.015373,0.1,0.2,0.45,0.5,0.7,0.75,0.9,1.0,0.0,0.0,0.1,0.03
8,PB_only,0.015368,0.1,0.2,0.3,0.5,0.65,0.8,0.85,0.0,0.0,0.0,0.06,0.05
6,PB_FED,0.015365,0.1,0.2,0.35,0.55,0.7,0.85,0.9,-0.5,0.0,0.0,0.08,0.03
8,PB_only,0.015357,0.1,0.15,0.35,0.5,0.75,0.85,0.9,0.0,0.0,0.0,0.12,0.04
6,PB_only,0.015356,0.15,0.2,0.4,0.6,0.7,0.85,0.95,0.0,0.0,0.0,0.1,0.03
8,PE_FED,0.015354,0.15,0.2,0.45,0.5,0.65,0.85,0.95,0.0,0.0,0.0,0.06,0.03
6,PB_only,0.015353,0.05,0.2,0.45,0.6,0.65,0.75,0.95,0.0,0.0,0.0,0.12,0.03
6,PB_FED,0.015351,0.2,0.3,0.45,0.65,0.65,0.85,0.95,-0.5,0.0,0.0,0.08,0.03
6,PE_FED,0.015349,0.05,0.2,0.3,0.7,0.7,0.85,0.95,-0.5,0.0,0.0,0.12,0.04
8,PE_only,0.015349,0.1,0.15,0.35,0.55,0.7,0.85,0.95,0.0,0.0,0.0,0.12,0.04
6,PB_only,0.015345,0.15,0.2,0.35,0.55,0.7,0.75,0.95,0.0,0.0,0.0,0.06,0.04
8,PB_FED,0.015338,0.2,0.25,0.45,0.55,0.7,0.75,0.85,0.5,0.0,0.0,0.06,0.04
8,PE_FED,0.015334,0.05,0.2,0.45,0.55,0.7,0.85,0.95,-0.5,0.0,0.0,0.08,0.03
8,PB_FED,0.015334,0.15,0.3,0.35,0.6,0.7,0.8,0.9,0.5,0.0,0.0,0.06,0.05
6,PB_only,0.015331,0.05,0.15,0.3,0.55,0.65,0.8,0.85,0.0,0.0,0.0,0.08,0.03
6,PB_only,0.015327,0.15,0.25,0.3,0.6,0.75,0.8,0.9,0.0,0.0,0.0,0.1,0.05
8,PB_FED,0.015324,0.05,0.15,0.45,0.5,0.75,0.85,0.95,-0.5,0.0,0.0,0.1,0.04
8,PE_only,0.015323,0.2,0.3,0.4,0.65,0.65,0.85,0.95,0.0,0.0,0.0,0.12,0.03
6,PE_only,0.015319,0.2,0.25,0.3,0.65,0.65,0.8,0.95,0.0,0.0,0.0,0.1,0.03
6,PE_only,0.015319,0.2,0.25,0.3,0.65,0.7,0.8,0.95,0.0,0.0,0.0,0.12,0.03
6,PB_FED,0.015312,0.05,0.2,0.4,0.6,0.7,0.85,0.95,-0.5,0.0,0.0,0.08,0.05
8,PE_only,0.015309,0.05,0.3,0.35,0.6,0.7,0.8,0.95,0.0,0.0,0.0,0.06,0.03
6,PB_FED,0.015308,0.1,0.2,0.35,0.5,0.7,0.75,0.9,-0.5,0.0,0.0,0.12,0.03
8,PE_only,0.01529,0.05,0.25,0.45,0.7,0.75,0.8,0.9,0.0,0.0,0.0,0.08,0.04
8,PE_only,0.01529,0.05,0.25,0.45,0.7,0.7,0.8,0.9,0.0,0.0,0.0,0.1,0.04
8,PE_only,0.01529,0.05,0.25,0.45,0.7,0.7,0.8,0.9,0.0,0.0,0.0,0.06,0.04
6,PB_only,0.015288,0.2,0.25,0.3,0.6,0.7,0.8,0.95,0.0,0.0,0.0,0.12,0.03
8,PE_PB_FED,0.015285,0.05,0.15,0.4,0.7,0.65,0.75,0.9,-0.5,0.65,0.75,0.06,0.03
8,PB_only,0.015284,0.05,0.15,0.3,0.5,0.65,0.8,0.95,0.0,0.0,0.0,0.08,0.04
8,PE_FED,0.01528,0.15,0.2,0.35,0.65,0.75,0.85,0.9,0.0,0.0,0.0,0.08,0.03
8,PB_only,0.015277,0.15,0.25,0.35,0.55,0.65,0.8,0.95,0.0,0.0,0.0,0.1,0.04
8,PB_only,0.015273,0.05,0.15,0.45,0.5,0.65,0.8,0.85,0.0,0.0,0.0,0.1,0.04
6,PB_only,0.015272,0.15,0.2,0.3,0.55,0.65,0.75,0.95,0.0,0.0,0.0,0.12,0.04
6,PE_only,0.015271,0.1,0.25,0.4,0.65,0.65,0.75,0.95,0.0,0.0,0.0,0.08,0.05
8,PB_FED,0.015268,0.05,0.15,0.4,0.65,0.65,0.85,0.95,1.0,0.0,0.0,0.1,0.03
8,PE_only,0.015261,0.1,0.3,0.35,0.6,0.7,0.75,0.95,0.0,0.0,0.0,0.06,0.04
8,PB_only,0.015259,0.15,0.3,0.4,0.55,0.7,0.8,0.9,0.0,0.0,0.0,0.06,0.04
6,PE_only,0.015258,0.15,0.3,0.45,0.7,0.65,0.8,0.95,0.0,0.0,0.0,0.08,0.05
8,PE_only,0.015257,0.05,0.2,0.4,0.65,0.65,0.75,0.9,0.0,0.0,0.0,0.1,0.03
8,PE_only,0.015252,0.05,0.2,0.35,0.65,0.7,0.8,0.9,0.0,0.0,0.0,0.1,0.04
8,PE_PB_FED,0.015252,0.1,0.15,0.45,0.55,0.7,0.75,0.95,-0.5,0.65,0.8,0.1,0.05
8,PB_FED,0.015252,0.15,0.2,0.35,0.5,0.65,0.8,0.85,0.5,0.0,0.0,0.12,0.04
6,PB_FED,0.01525,0.15,0.25,0.3,0.55,0.75,0.8,0.95,-0.5,0.0,0.0,0.08,0.03
6,PB_FED,0.015249,0.1,0.25,0.3,0.55,0.65,0.8,0.85,-0.5,0.0,0.0,0.12,0.03
8,PB_FED,0.015249,0.1,0.2,0.4,0.65,0.75,0.8,0.9,1.0,0.0,0.0,0.12,0.04
6,PB_FED,0.015245,0.15,0.3,0.35,0.6,0.7,0.75,0.85,-0.5,0.0,0.0,0.12,0.04
8,PE_only,0.015239,0.15,0.2,0.4,0.65,0.7,0.8,0.9,0.0,0.0,0.0,0.12,0.04
8,PE_FED,0.015239,0.1,0.2,0.35,0.65,0.7,0.75,0.95,0.5,0.0,0.0,0.12,0.04
8,PE_only,0.015233,0.05,0.2,0.35,0.65,0.65,0.75,0.9,0.0,0.0,0.0,0.1,0.05
8,PE_PB_FED,0.015232,0.15,0.25,0.35,0.7,0.7,0.75,0.95,-0.5,0.6,0.75,0.1,0.03
6,PB_only,0.015231,0.1,0.2,0.35,0.6,0.65,0.8,0.95,0.0,0.0,0.0,0.12,0.05
8,PB_FED,0.015231,0.05,0.2,0.35,0.7,0.65,0.8,0.9,1.0,0.0,0.0,0.12,0.04
8,PE_only,0.015224,0.1,0.2,0.4,0.55,0.75,0.8,0.95,0.0,0.0,0.0,0.12,0.03
8,PB_FED,0.015224,0.15,0.25,0.45,0.55,0.65,0.75,0.9,1.0,0.0,0.0,0.08,0.04
8,PE_FED,0.015217,0.15,0.25,0.45,0.7,0.7,0.85,0.9,-0.5,0.0,0.0,0.1,0.03
6,PE_only,0.015216,0.05,0.25,0.35,0.65,0.65,0.75,0.95,0.0,0.0,0.0,0.08,0.05
6,PB_FED,0.015215,0.15,0.2,0.35,0.55,0.7,0.8,0.85,-0.5,0.0,0.0,0.06,0.04
8,PE_FED,0.015213,0.05,0.15,0.45,0.7,0.65,0.8,0.95,0.5,0.0,0.0,0.1,0.04
8,PB_only,0.01521,0.1,0.25,0.35,0.5,0.65,0.8,0.85,0.0,0.0,0.0,0.12,0.04
8,PE_PB_FED,0.015207,0.1,0.15,0.3,0.5,0.65,0.75,0.95,-0.5,0.65,0.8,0.06,0.03
8,PE_FED,0.015201,0.2,0.3,0.35,0.65,0.75,0.8,0.9,0.0,0.0,0.0,0.06,0.04
8,PE_FED,0.015197,0.15,0.2,0.45,0.7,0.65,0.75,0.85,0.0,0.0,0.0,0.06,0.05
8,PB_only,0.015197,0.05,0.3,0.4,0.6,0.7,0.85,0.95,0.0,0.0,0.0,0.08,0.05
8,PB_FED,0.015197,0.05,0.15,0.45,0.5,0.7,0.85,0.95,-0.5,0.0,0.0,0.12,0.05
8,PB_FED,0.015196,0.1,0.2,0.35,0.5,0.7,0.8,0.95,0.5,0.0,0.0,0.06,0.05
6,PB_only,0.015194,0.05,0.25,0.35,0.6,0.65,0.8,0.85,0.0,0.0,0.0,0.1,0.04
8,PE_only,0.015193,0.1,0.3,0.45,0.65,0.7,0.85,0.95,0.0,0.0,0.0,0.12,0.03
8,PE_only,0.015193,0.1,0.3,0.45,0.65,0.65,0.85,0.95,0.0,0.0,0.0,0.06,0.03
8,PE_only,0.015188,0.1,0.15,0.3,0.6,0.7,0.75,0.9,0.0,0.0,0.0,0.12,0.03
8,PE_only,0.015188,0.1,0.15,0.3,0.6,0.65,0.75,0.9,0.0,0.0,0.0,0.06,0.03
8,PB_only,0.015184,0.05,0.2,0.45,0.55,0.7,0.85,0.95,0.0,0.0,0.0,0.06,0.03
8,PE_FED,0.015182,0.05,0.25,0.4,0.6,0.75,0.8,0.9,0.0,0.0,0.0,0.06,0.03
8,PB_FED,0.015182,0.05,0.3,0.35,0.5,0.75,0.85,0.9,0.0,0.0,0.0,0.06,0.04
8,PE_only,0.015181,0.1,0.3,0.45,0.7,0.7,0.75,0.9,0.0,0.0,0.0,0.06,0.04
8,PB_only,0.01518,0.2,0.25,0.3,0.5,0.65,0.8,0.9,0.0,0.0,0.0,0.1,0.03
8,PE_PB_FED,0.015178,0.05,0.15,0.35,0.65,0.65,0.8,0.9,0.0,0.65,0.8,0.08,0.04
8,PB_only,0.015174,0.1,0.2,0.3,0.5,0.65,0.85,0.9,0.0,0.0,0.0,0.08,0.04
6,PE_only,0.015172,0.2,0.3,0.4,0.7,0.65,0.8,0.95,0.0,0.0,0.0,0.1,0.05
6,PB_FED,0.015167,0.1,0.2,0.45,0.55,0.7,0.8,0.95,0.0,0.0,0.0,0.08,0.04
8,PB_FED,0.015164,0.1,0.3,0.4,0.5,0.75,0.8,0.85,-0.5,0.0,0.0,0.06,0.04
8,PB_only,0.015159,0.1,0.3,0.45,0.55,0.65,0.8,0.9,0.0,0.0,0.0,0.1,0.03
6,PE_only,0.015156,0.05,0.15,0.35,0.65,0.7,0.85,0.95,0.0,0.0,0.0,0.06,0.05
6,PB_only,0.015156,0.2,0.25,0.3,0.55,0.7,0.75,0.9,0.0,0.0,0.0,0.1,0.04
8,PE_PB,0.015148,0.1,0.2,0.4,0.7,0.65,0.8,0.95,0.0,0.65,0.0,0.06,0.03
6,PB_only,0.015145,0.05,0.2,0.35,0.55,0.65,0.75,0.95,0.0,0.0,0.0,0.12,0.03
6,PB_FED,0.015144,0.1,0.25,0.35,0.6,0.65,0.85,0.9,-0.5,0.0,0.0,0.12,0.04
8,PB_FED,0.015142,0.05,0.3,0.45,0.6,0.7,0.8,0.95,0.5,0.0,0.0,0.1,0.03
6,PB_only,0.015141,0.05,0.25,0.35,0.6,0.75,0.8,0.85,0.0,0.0,0.0,0.08,0.04
8,PB_FED,0.015141,0.2,0.3,0.45,0.5,0.7,0.8,0.95,0.0,0.0,0.0,0.12,0.04
6,PB_FED,0.015131,0.1,0.25,0.4,0.6,0.7,0.8,0.85,0.0,0.0,0.0,0.12,0.03
8,PE_only,0.015129,0.05,0.25,0.35,0.65,0.7,0.75,0.9,0.0,0.0,0.0,0.12,0.04
8,PE_PB_FED,0.015129,0.05,0.2,0.35,0.55,0.65,0.8,0.95,-0.5,0.65,0.75,0.08,0.03
8,PB_only,0.015123,0.15,0.2,0.45,0.5,0.65,0.75,0.95,0.0,0.0,0.0,0.1,0.03
8,PE_PB_FED,0.015119,0.15,0.3,0.45,0.7,0.75,0.8,0.95,0.0,0.6,0.7,0.1,0.03
8,PB_FED,0.015113,0.15,0.3,0.35,0.6,0.65,0.85,0.95,0.5,0.0,0.0,0.08,0.03
8,PB_only,0.015112,0.1,0.2,0.3,0.5,0.7,0.85,0.9,0.0,0.0,0.0,0.1,0.04
8,PE_PB,0.015108,0.05,0.2,0.3,0.7,0.7,0.8,0.95,0.0,0.65,0.0,0.06,0.05
6,PB_only,0.015107,0.15,0.25,0.45,0.6,0.65,0.75,0.9,0.0,0.0,0.0,0.08,0.05
6,PB_only,0.015107,0.15,0.25,0.45,0.6,0.65,0.75,0.9,0.0,0.0,0.0,0.1,0.05
8,PE_only,0.015107,0.05,0.2,0.45,0.6,0.75,0.85,0.95,0.0,0.0,0.0,0.1,0.03
8,PE_FED,0.015102,0.1,0.2,0.3,0.55,0.75,0.8,0.95,0.5,0.0,0.0,0.08,0.03
8,PE_FED,0.015101,0.15,0.2,0.45,0.6,0.75,0.8,0.9,0.0,0.0,0.0,0.06,0.05
6,PE_only,0.015099,0.05,0.25,0.4,0.65,0.7,0.8,0.95,0.0,0.0,0.0,0.12,0.05
8,PB_FED,0.015099,0.15,0.3,0.4,0.5,0.7,0.75,0.9,0.5,0.0,0.0,0.1,0.03
6,PB_only,0.015097,0.05,0.15,0.4,0.6,0.65,0.85,0.95,0.0,0.0,0.0,0.12,0.03
6,PE_only,0.01508,0.2,0.3,0.45,0.7,0.75,0.8,0.95,0.0,0.0,0.0,0.1,0.05
6,PB_only,0.01508,0.1,0.15,0.3,0.55,0.65,0.8,0.85,0.0,0.0,0.0,0.1,0.04
8,PE_FED,0.015078,0.05,0.2,0.45,0.6,0.65,0.75,0.9,-0.5,0.0,0.0,0.12,0.03
8,PB_only,0.015072,0.05,0.2,0.3,0.5,0.65,0.8,0.9,0.0,0.0,0.0,0.12,0.05
8,PB_FED,0.015071,0.05,0.15,0.4,0.55,0.7,0.8,0.95,1.0,0.0,0.0,0.08,0.04
8,PB_FED,0.01507,0.15,0.25,0.45,0.7,0.75,0.8,0.95,1.0,0.0,0.0,0.08,0.05
8,PE_PB,0.015068,0.1,0.15,0.4,0.65,0.65,0.8,0.95,0.0,0.65,0.0,0.06,0.05
8,PE_only,0.015065,0.1,0.2,0.3,0.7,0.75,0.85,0.9,0.0,0.0,0.0,0.08,0.05
6,PB_only,0.015063,0.15,0.25,0.45,0.6,0.7,0.75,0.95,0.0,0.0,0.0,0.08,0.04
8,PB_only,0.01506,0.15,0.25,0.45,0.55,0.65,0.8,0.9,0.0,0.0,0.0,0.08,0.05
8,PB_only,0.015058,0.1,0.15,0.4,0.5,0.7,0.8,0.85,0.0,0.0,0.0,0.1,0.05
8,PE_FED,0.015057,0.15,0.3,0.35,0.7,0.75,0.85,0.9,0.0,0.0,0.0,0.08,0.04
8,PE_FED,0.015056,0.15,0.3,0.35,0.65,0.65,0.8,0.9,0.0,0.0,0.0,0.08,0.05
8,PB_only,0.015052,0.05,0.15,0.35,0.5,0.75,0.8,0.95,0.0,0.0,0.0,0.1,0.04
6,PB_FED,0.015045,0.05,0.25,0.3,0.55,0.75,0.8,0.9,0.0,0.0,0.0,0.1,0.05
8,PE_only,0.015044,0.1,0.3,0.35,0.6,0.65,0.75,0.95,0.0,0.0,0.0,0.06,0.05
8,PE_FED,0.015044,0.05,0.3,0.4,0.55,0.65,0.75,0.95,-0.5,0.0,0.0,0.1,0.05
6,PB_only,0.015039,0.15,0.25,0.4,0.6,0.65,0.75,0.95,0.0,0.0,0.0,0.08,0.04
6,PB_FED,0.015035,0.2,0.25,0.4,0.55,0.65,0.8,0.9,0.0,0.0,0.0,0.1,0.03
6,PB_FED,0.015032,0.2,0.3,0.45,0.65,0.75,0.8,0.85,0.0,0.0,0.0,0.12,0.04
8,PB_FED,0.01503,0.05,0.15,0.4,0.6,0.7,0.8,0.9,1.0,0.0,0.0,0.08,0.04
6,PB_only,0.015029,0.1,0.2,0.45,0.6,0.65,0.75,0.85,0.0,0.0,0.0,0.12,0.05
8,PB_only,0.015029,0.2,0.25,0.45,0.55,0.75,0.8,0.95,0.0,0.0,0.0,0.1,0.03
8,PB_FED,0.015022,0.15,0.3,0.35,0.55,0.7,0.75,0.9,1.0,0.0,0.0,0.06,0.03
8,PB_FED,0.015022,0.1,0.2,0.4,0.55,0.65,0.85,0.95,0.5,0.0,0.0,0.1,0.05
6,PB_FED,0.015021,0.1,0.15,0.35,0.5,0.65,0.8,0.95,0.0,0.0,0.0,0.06,0.03
8,PB_only,0.015021,0.1,0.25,0.4,0.5,0.75,0.8,0.85,0.0,0.0,0.0,0.08,0.03
8,PB_FED,0.015017,0.15,0.3,0.45,0.6,0.75,0.85,0.95,0.5,0.0,0.0,0.08,0.03
8,PE_only,0.015014,0.1,0.15,0.4,0.7,0.75,0.8,0.85,0.0,0.0,0.0,0.08,0.05
8,PB_FED,0.015007,0.05,0.3,0.35,0.5,0.75,0.85,0.95,0.0,0.0,0.0,0.12,0.04
8,PE_only,0.015006,0.1,0.25,0.4,0.65,0.65,0.75,0.9,0.0,0.0,0.0,0.08,0.04
8,PB_FED,0.015005,0.1,0.25,0.45,0.5,0.75,0.8,0.95,-0.5,0.0,0.0,0.06,0.04
8,PE_FED,0.015003,0.1,0.3,0.45,0.5,0.7,0.75,0.95,0.0,0.0,0.0,0.08,0.04
6,PB_only,0.015002,0.1,0.3,0.4,0.6,0.7,0.75,0.9,0.0,0.0,0.0,0.06,0.04
8,PB_FED,0.015001,0.1,0.25,0.3,0.5,0.65,0.75,0.9,1.0,0.0,0.0,0.08,0.04
8,PE_FED,0.014996,0.1,0.2,0.3,0.65,0.7,0.8,0.95,0.5,0.0,0.0,0.08,0.04
6,PE_only,0.014995,0.15,0.25,0.45,0.65,0.65,0.8,0.95,0.0,0.0,0.0,0.08,0.03
8,PE_PB_FED,0.014994,0.05,0.15,0.35,0.65,0.7,0.8,0.9,0.0,0.65,0.75,0.08,0.03
8,PE_PB_FED,0.014986,0.05,0.15,0.35,0.5,0.7,0.75,0.95,-0.5,0.65,0.75,0.12,0.03
8,PB_only,0.014986,0.05,0.3,0.35,0.6,0.65,0.85,0.95,0.0,0.0,0.0,0.06,0.04
8,PB_only,0.014985,0.2,0.25,0.3,0.55,0.75,0.85,0.95,0.0,0.0,0.0,0.12,0.04
8,PB_FED,0.014982,0.15,0.25,0.45,0.55,0.75,0.8,0.9,0.5,0.0,0.0,0.06,0.03
8,PE_only,0.014978,0.1,0.2,0.4,0.55,0.7,0.8,0.95,0.0,0.0,0.0,0.1,0.04
6,PB_FED,0.014977,0.2,0.25,0.4,0.55,0.75,0.8,0.9,0.0,0.0,0.0,0.12,0.03
8,PB_FED,0.014973,0.05,0.3,0.45,0.65,0.7,0.85,0.9,0.5,0.0,0.0,0.1,0.03
8,PE_PB_FED,0.014972,0.1,0.3,0.45,0.6,0.75,0.8,0.95,0.0,0.65,0.8,0.06,0.04
8,PB_only,0.014968,0.1,0.25,0.4,0.5,0.65,0.75,0.9,0.0,0.0,0.0,0.1,0.05
8,PE_FED,0.014966,0.1,0.25,0.35,0.7,0.65,0.75,0.85,0.0,0.0,0.0,0.08,0.04
8,PB_FED,0.014958,0.05,0.2,0.45,0.5,0.7,0.75,0.85,0.5,0.0,0.0,0.1,0.04
8,PB_only,0.014956,0.1,0.15,0.45,0.5,0.7,0.8,0.95,0.0,0.0,0.0,0.08,0.03
8,PB_FED,0.014956,0.2,0.25,0.45,0.5,0.75,0.8,0.85,-0.5,0.0,0.0,0.08,0.04
8,PE_FED,0.014954,0.05,0.3,0.45,0.65,0.7,0.75,0.9,0.0,0.0,0.0,0.12,0.05
8,PE_only,0.014953,0.2,0.25,0.45,0.7,0.75,0.8,0.9,0.0,0.0,0.0,0.08,0.04
8,PB_only,0.014953,0.05,0.25,0.4,0.55,0.7,0.8,0.95,0.0,0.0,0.0,0.1,0.04
8,PB_only,0.014953,0.05,0.25,0.4,0.55,0.7,0.8,0.95,0.0,0.0,0.0,0.12,0.04
8,PB_FED,0.014952,0.15,0.2,0.4,0.7,0.65,0.8,0.85,1.0,0.0,0.0,0.1,0.04
8,PB_only,0.01495,0.15,0.25,0.4,0.55,0.65,0.85,0.9,0.0,0.0,0.0,0.12,0.05
6,PB_FED,0.014947,0.15,0.2,0.4,0.55,0.75,0.85,0.95,0.0,0.0,0.0,0.08,0.04
8,PE_FED,0.014945,0.1,0.15,0.3,0.6,0.65,0.8,0.85,0.0,0.0,0.0,0.1,0.05
8,PB_only,0.014944,0.05,0.25,0.3,0.5,0.7,0.8,0.9,0.0,0.0,0.0,0.1,0.04
6,PB_only,0.014942,0.1,0.2,0.35,0.6,0.65,0.85,0.95,0.0,0.0,0.0,0.1,0.05
6,PE_FED,0.014936,0.1,0.15,0.3,0.65,0.7,0.75,0.95,-0.5,0.0,0.0,0.12,0.05
8,PE_FED,0.014931,0.05,0.25,0.4,0.55,0.7,0.85,0.95,-0.5,0.0,0.0,0.1,0.03
8,PB_FED,0.014918,0.1,0.15,0.3,0.5,0.75,0.8,0.9,1.0,0.0,0.0,0.1,0.03
8,PE_PB,0.014915,0.15,0.2,0.3,0.65,0.65,0.75,0.95,0.0,0.65,0.0,0.12,0.03
6,PE_only,0.014914,0.05,0.3,0.45,0.7,0.7,0.75,0.95,0.0,0.0,0.0,0.08,0.03
6,PB_only,0.014914,0.05,0.25,0.45,0.6,0.65,0.75,0.85,0.0,0.0,0.0,0.06,0.04
8,PB_FED,0.014912,0.05,0.25,0.4,0.55,0.65,0.75,0.95,1.0,0.0,0.0,0.1,0.04
8,PE_FED,0.0149,0.05,0.2,0.35,0.65,0.75,0.8,0.95,0.5,0.0,0.0,0.1,0.03
8,PE_PB_FED,0.014892,0.15,0.2,0.3,0.7,0.65,0.75,0.95,-0.5,0.55,0.8,0.06,0.03
6,PB_only,0.014891,0.1,0.25,0.4,0.6,0.75,0.8,0.9,0.0,0.0,0.0,0.12,0.04
6,PB_FED,0.014891,0.05,0.15,0.45,0.55,0.65,0.75,0.85,0.0,0.0,0.0,0.1,0.05
8,PE_FED,0.014891,0.1,0.2,0.3,0.55,0.7,0.75,0.9,-0.5,0.0,0.0,0.1,0.04
8,PE_PB,0.014886,0.05,0.15,0.35,0.7,0.65,0.85,0.95,0.0,0.65,0.0,0.06,0.05
8,PE_FED,0.014884,0.05,0.25,0.3,0.6,0.7,0.75,0.9,-0.5,0.0,0.0,0.1,0.05
8,PB_FED,0.014882,0.05,0.3,0.4,0.6,0.65,0.75,0.9,1.0,0.0,0.0,0.12,0.03
6,PB_only,0.014879,0.15,0.2,0.35,0.6,0.75,0.85,0.95,0.0,0.0,0.0,0.08,0.05
8,PE_PB,0.014866,0.15,0.2,0.35,0.7,0.7,0.75,0.95,0.0,0.65,0.0,0.12,0.05
8,PE_FED,0.014866,0.1,0.2,0.4,0.6,0.65,0.85,0.9,0.0,0.0,0.0,0.1,0.04
6,PB_only,0.014862,0.05,0.25,0.45,0.6,0.7,0.75,0.85,0.0,0.0,0.0,0.06,0.04
6,PB_FED,0.014862,0.1,0.3,0.35,0.6,0.75,0.8,0.95,0.0,0.0,0.0,0.1,0.04
8,PB_FED,0.014862,0.2,0.3,0.35,0.5,0.65,0.8,0.85,-0.5,0.0,0.0,0.1,0.04
6,PB_FED,0.014861,0.1,0.2,0.4,0.55,0.75,0.8,0.85,-0.5,0.0,0.0,0.12,0.03
6,PB_only,0.01486,0.05,0.15,0.3,0.55,0.65,0.8,0.85,0.0,0.0,0.0,0.12,0.04
6,PB_FED,0.01486,0.1,0.15,0.4,0.55,0.7,0.85,0.9,0.0,0.0,0.0,0.06,0.05
8,PE_FED,0.01486,0.05,0.3,0.4,0.65,0.7,0.8,0.9,0.0,0.0,0.0,0.08,0.03
6,PB_only,0.014859,0.1,0.2,0.4,0.55,0.65,0.75,0.9,0.0,0.0,0.0,0.1,0.05
6,PB_only,0.014859,0.2,0.3,0.35,0.6,0.65,0.85,0.9,0.0,0.0,0.0,0.1,0.03
6,PE_only,0.014858,0.15,0.25,0.45,0.65,0.7,0.75,0.95,0.0,0.0,0.0,0.1,0.03
8,PE_only,0.014858,0.1,0.25,0.4,0.6,0.65,0.85,0.95,0.0,0.0,0.0,0.1,0.03
8,PE_FED,0.014858,0.1,0.15,0.3,0.55,0.7,0.75,0.95,1.0,0.0,0.0,0.1,0.03
8,PB_only,0.014856,0.1,0.15,0.45,0.55,0.65,0.85,0.95,0.0,0.0,0.0,0.08,0.04
8,PE_only,0.014852,0.1,0.15,0.45,0.7,0.7,0.85,0.9,0.0,0.0,0.0,0.06,0.05
8,PE_FED,0.01485,0.15,0.3,0.45,0.7,0.65,0.85,0.9,-0.5,0.0,0.0,0.06,0.04
6,PB_only,0.014846,0.2,0.25,0.45,0.6,0.65,0.75,0.85,0.0,0.0,0.0,0.12,0.04
8,PE_FED,0.014846,0.05,0.2,0.4,0.7,0.65,0.8,0.95,0.5,0.0,0.0,0.06,0.03
6,PE_only,0.014845,0.1,0.25,0.35,0.7,0.7,0.85,0.95,0.0,0.0,0.0,0.1,0.03
6,PB_FED,0.014842,0.05,0.25,0.45,0.55,0.65,0.75,0.95,0.0,0.0,0.0,0.1,0.05
8,PE_only,0.014839,0.15,0.3,0.35,0.7,0.7,0.8,0.9,0.0,0.0,0.0,0.06,0.03
8,PB_FED,0.014839,0.1,0.3,0.35,0.5,0.75,0.85,0.95,-0.5,0.0,0.0,0.1,0.03
8,PE_FED,0.014832,0.15,0.2,0.3,0.65,0.75,0.8,0.95,0.5,0.0,0.0,0.08,0.04
6,PE_only,0.014829,0.15,0.25,0.45,0.65,0.75,0.8,0.95,0.0,0.0,0.0,0.08,0.05
8,PE_only,0.014829,0.1,0.3,0.4,0.6,0.65,0.75,0.95,0.0,0.0,0.0,0.12,0.05
6,PB_FED,0.014824,0.15,0.2,0.3,0.55,0.75,0.85,0.95,-0.5,0.0,0.0,0.08,0.05
6,PB_only,0.014823,0.1,0.2,0.45,0.6,0.75,0.8,0.9,0.0,0.0,0.0,0.08,0.04
6,PE_FED,0.014822,0.05,0.15,0.3,0.65,0.65,0.8,0.95,-0.5,0.0,0.0,0.08,0.05
6,PE_only,0.014821,0.1,0.25,0.45,0.65,0.65,0.8,0.95,0.0,0.0,0.0,0.12,0.03
6,PB_only,0.014821,0.05,0.15,0.4,0.6,0.75,0.85,0.95,0.0,0.0,0.0,0.08,0.04
6,PB_FED,0.014819,0.05,0.3,0.4,0.6,0.65,0.75,0.9,-0.5,0.0,0.0,0.12,0.04
8,PE_only,0.014816,0.1,0.15,0.35,0.65,0.7,0.85,0.9,0.0,0.0,0.0,0.06,0.04
6,PB_FED,0.014814,0.1,0.2,0.3,0.55,0.75,0.85,0.9,-0.5,0.0,0.0,0.1,0.05
6,PB_only,0.014806,0.05,0.2,0.45,0.6,0.75,0.8,0.9,0.0,0.0,0.0,0.1,0.03
8,PB_FED,0.014806,0.2,0.25,0.35,0.55,0.7,0.85,0.9,0.5,0.0,0.0,0.06,0.03
6,PB_FED,0.014804,0.05,0.3,0.35,0.55,0.65,0.75,0.9,0.0,0.0,0.0,0.06,0.03
8,PE_only,0.0148,0.05,0.15,0.45,0.65,0.65,0.8,0.9,0.0,0.0,0.0,0.06,0.03
6,PE_FED,0.014799,0.1,0.2,0.45,0.7,0.75,0.8,0.95,-0.5,0.0,0.0,0.12,0.05
6,PB_only,0.014799,0.1,0.2,0.4,0.55,0.7,0.75,0.95,0.0,0.0,0.0,0.12,0.05
8,PB_FED,0.014799,0.2,0.3,0.35,0.65,0.75,0.85,0.9,0.5,0.0,0.0,0.1,0.05
6,PE_FED,0.014792,0.1,0.2,0.3,0.7,0.7,0.8,0.95,0.0,0.0,0.0,0.1,0.04
6,PE_FED,0.01479,0.05,0.25,0.4,0.7,0.75,0.8,0.95,-0.5,0.0,0.0,0.1,0.04
8,PE_only,0.01479,0.05,0.3,0.35,0.7,0.7,0.75,0.9,0.0,0.0,0.0,0.08,0.05
8,PE_only,0.014788,0.2,0.25,0.3,0.6,0.75,0.85,0.95,0.0,0.0,0.0,0.08,0.05
8,PB_FED,0.014788,0.15,0.3,0.45,0.6,0.65,0.75,0.85,0.5,0.0,0.0,0.12,0.05
6,PE_only,0.014785,0.1,0.15,0.4,0.7,0.65,0.75,0.9,0.0,0.0,0.0,0.06,0.04
8,PE_PB_FED,0.014784,0.05,0.3,0.35,0.7,0.65,0.85,0.95,0.0,0.65,0.7,0.12,0.05
8,PB_only,0.014784,0.1,0.15,0.4,0.5,0.75,0.8,0.95,0.0,0.0,0.0,0.06,0.04
8,PE_FED,0.014783,0.1,0.2,0.4,0.7,0.65,0.8,0.85,0.0,0.0,0.0,0.12,0.04
8,PB_only,0.014782,0.05,0.2,0.4,0.5,0.7,0.75,0.85,0.0,0.0,0.0,0.08,0.05
6,PB_only,0.014779,0.05,0.25,0.3,0.6,0.7,0.8,0.85,0.0,0.0,0.0,0.08,0.05
8,PE_FED,0.014778,0.1,0.15,0.45,0.55,0.65,0.8,0.95,0.5,0.0,0.0,0.12,0.04
8,PE_only,0.014777,0.1,0.25,0.3,0.55,0.7,0.75,0.95,0.0,0.0,0.0,0.1,0.03
8,PE_only,0.014768,0.15,0.2,0.4,0.7,0.7,0.85,0.9,0.0,0.0,0.0,0.1,0.05
8,PE_PB_FED,0.014766,0.05,0.15,0.35,0.5,0.75,0.85,0.95,0.0,0.65,0.7,0.12,0.05
6,PB_FED,0.014762,0.15,0.25,0.35,0.5,0.7,0.75,0.9,0.0,0.0,0.0,0.06,0.04
6,PB_FED,0.01476,0.1,0.15,0.35,0.55,0.7,0.8,0.85,-0.5,0.0,0.0,0.08,0.05
8,PE_FED,0.014759,0.05,0.25,0.45,0.7,0.65,0.85,0.9,0.0,0.0,0.0,0.12,0.04
8,PE_PB_FED,0.014751,0.1,0.25,0.3,0.7,0.7,0.75,0.95,0.0,0.5,0.7,0.12,0.03
8,PE_only,0.014749,0.2,0.25,0.45,0.6,0.75,0.8,0.95,0.0,0.0,0.0,0.1,0.05
8,PE_only,0.014749,0.2,0.25,0.45,0.6,0.65,0.8,0.95,0.0,0.0,0.0,0.1,0.05
8,PE_only,0.014746,0.05,0.2,0.35,0.65,0.65,0.8,0.9,0.0,0.0,0.0,0.06,0.03
8,PE_PB_FED,0.014738,0.1,0.2,0.45,0.65,0.7,0.8,0.95,0.0,0.55,0.75,0.08,0.05
8,PB_only,0.014736,0.15,0.2,0.45,0.55,0.75,0.8,0.85,0.0,0.0,0.0,0.1,0.05
6,PB_FED,0.014728,0.05,0.3,0.45,0.7,0.65,0.85,0.95,0.0,0.0,0.0,0.1,0.05
8,PB_only,0.014722,0.05,0.25,0.35,0.55,0.75,0.8,0.85,0.0,0.0,0.0,0.08,0.05
8,PB_only,0.014719,0.2,0.25,0.35,0.5,0.65,0.75,0.95,0.0,0.0,0.0,0.06,0.03
6,PB_only,0.014718,0.1,0.3,0.45,0.6,0.65,0.75,0.9,0.0,0.0,0.0,0.06,0.03
6,PB_only,0.014718,0.05,0.25,0.4,0.6,0.7,0.75,0.85,0.0,0.0,0.0,0.12,0.05
8,PB_only,0.014715,0.1,0.2,0.45,0.5,0.7,0.8,0.9,0.0,0.0,0.0,0.1,0.03
8,PB_only,0.014708,0.15,0.25,0.45,0.55,0.75,0.8,0.95,0.0,0.0,0.0,0.1,0.05
8,PB_only,0.014708,0.1,0.25,0.35,0.5,0.7,0.85,0.9,0.0,0.0,0.0,0.06,0.03
8,PB_FED,0.014707,0.2,0.3,0.4,0.5,0.65,0.8,0.85,0.0,0.0,0.0,0.08,0.05
8,PB_FED,0.0147,0.15,0.3,0.45,0.6,0.65,0.85,0.9,0.5,0.0,0.0,0.06,0.03
8,PE_FED,0.014697,0.1,0.15,0.45,0.5,0.7,0.75,0.95,0.5,0.0,0.0,0.1,0.03
6,PE_only,0.014681,0.15,0.3,0.4,0.65,0.7,0.8,0.95,0.0,0.0,0.0,0.08,0.04
6,PE_only,0.014681,0.15,0.3,0.4,0.65,0.7,0.8,0.95,0.0,0.0,0.0,0.06,0.04
6,PB_FED,0.014681,0.1,0.3,0.45,0.7,0.75,0.8,0.85,0.0,0.0,0.0,0.08,0.05
6,PB_FED,0.014681,0.1,0.3,0.45,0.7,0.75,0.8,0.85,0.0,0.0,0.0,0.1,0.05
8,PE_only,0.014681,0.05,0.25,0.35,0.7,0.65,0.8,0.9,0.0,0.0,0.0,0.1,0.05
6,PB_FED,0.01468,0.1,0.15,0.45,0.55,0.65,0.8,0.95,-0.5,0.0,0.0,0.08,0.03
8,PB_only,0.01468,0.1,0.3,0.45,0.55,0.65,0.85,0.9,0.0,0.0,0.0,0.06,0.03
8,PE_PB_FED,0.014674,0.15,0.2,0.35,0.5,0.75,0.8,0.95,0.0,0.6,0.7,0.12,0.03
6,PB_FED,0.014671,0.1,0.25,0.35,0.55,0.75,0.85,0.9,0.0,0.0,0.0,0.08,0.03
8,PB_only,0.014671,0.05,0.3,0.45,0.55,0.65,0.75,0.95,0.0,0.0,0.0,0.08,0.03
8,PE_only,0.01467,0.05,0.3,0.4,0.6,0.65,0.75,0.95,0.0,0.0,0.0,0.1,0.05
8,PE_only,0.01467,0.05,0.3,0.4,0.6,0.65,0.75,0.95,0.0,0.0,0.0,0.08,0.05
8,PE_FED,0.014669,0.2,0.3,0.35,0.55,0.65,0.8,0.95,-0.5,0.0,0.0,0.1,0.04
8,PB_FED,0.014669,0.15,0.2,0.35,0.65,0.75,0.8,0.85,1.0,0.0,0.0,0.06,0.04
6,PB_FED,0.014668,0.15,0.2,0.4,0.55,0.75,0.8,0.9,-0.5,0.0,0.0,0.1,0.05
6,PE_only,0.014667,0.1,0.25,0.45,0.65,0.75,0.8,0.95,0.0,0.0,0.0,0.1,0.05
8,PB_FED,0.014665,0.1,0.15,0.35,0.6,0.65,0.85,0.95,1.0,0.0,0.0,0.12,0.05
6,PB_FED,0.014664,0.15,0.2,0.3,0.5,0.65,0.75,0.85,-0.5,0.0,0.0,0.1,0.04
8,PE_FED,0.014664,0.2,0.3,0.45,0.7,0.65,0.8,0.9,-0.5,0.0,0.0,0.1,0.05
8,PB_FED,0.014664,0.05,0.2,0.4,0.7,0.75,0.8,0.85,1.0,0.0,0.0,0.08,0.03
6,PB_only,0.014663,0.05,0.15,0.35,0.6,0.75,0.8,0.85,0.0,0.0,0.0,0.06,0.05
6,PB_only,0.014661,0.15,0.25,0.45,0.6,0.65,0.8,0.9,0.0,0.0,0.0,0.12,0.03
8,PB_only,0.01466,0.1,0.3,0.4,0.5,0.7,0.75,0.85,0.0,0.0,0.0,0.1,0.03
6,PB_FED,0.014656,0.05,0.2,0.3,0.5,0.65,0.75,0.85,0.0,0.0,0.0,0.1,0.05
8,PE_only,0.014655,0.15,0.3,0.4,0.7,0.75,0.8,0.9,0.0,0.0,0.0,0.06,0.03
6,PB_only,0.014654,0.1,0.2,0.4,0.6,0.65,0.85,0.9,0.0,0.0,0.0,0.08,0.05
6,PB_FED,0.014653,0.15,0.2,0.35,0.5,0.7,0.8,0.9,0.0,0.0,0.0,0.1,0.04
8,PE_only,0.014652,0.2,0.25,0.3,0.6,0.75,0.85,0.95,0.0,0.0,0.0,0.12,0.03
8,PB_FED,0.014651,0.1,0.3,0.4,0.6,0.65,0.85,0.95,0.5,0.0,0.0,0.12,0.03
8,PB_FED,0.014649,0.2,0.3,0.4,0.65,0.75,0.8,0.85,0.5,0.0,0.0,0.06,0.05
8,PE_only,0.014645,0.15,0.3,0.45,0.7,0.7,0.75,0.9,0.0,0.0,0.0,0.08,0.03
8,PE_only,0.014642,0.1,0.15,0.3,0.7,0.75,0.8,0.85,0.0,0.0,0.0,0.06,0.03
8,PB_FED,0.014641,0.05,0.25,0.45,0.6,0.65,0.75,0.85,1.0,0.0,0.0,0.08,0.03
6,PB_only,0.014639,0.1,0.15,0.45,0.6,0.7,0.8,0.85,0.0,0.0,0.0,0.06,0.05
6,PB_only,0.014639,0.1,0.2,0.35,0.55,0.65,0.75,0.95,0.0,0.0,0.0,0.08,0.04
8,PB_only,0.014638,0.2,0.25,0.35,0.5,0.7,0.75,0.95,0.0,0.0,0.0,0.12,0.04
6,PB_FED,0.014636,0.1,0.25,0.45,0.6,0.65,0.8,0.85,-0.5,0.0,0.0,0.08,0.04
8,PB_FED,0.014633,0.15,0.2,0.3,0.6,0.75,0.85,0.95,1.0,0.0,0.0,0.1,0.04
8,PB_FED,0.01463,0.05,0.3,0.35,0.7,0.75,0.8,0.95,1.0,0.0,0.0,0.1,0.03
8,PE_FED,0.014628,0.15,0.2,0.3,0.6,0.7,0.75,0.85,0.0,0.0,0.0,0.12,0.04
6,PE_only,0.014626,0.05,0.15,0.3,0.7,0.7,0.75,0.9,0.0,0.0,0.0,0.06,0.05
6,PB_FED,0.014626,0.15,0.2,0.4,0.55,0.75,0.8,0.95,-0.5,0.0,0.0,0.08,0.05
8,PE_only,0.014621,0.15,0.2,0.4,0.7,0.7,0.75,0.85,0.0,0.0,0.0,0.1,0.05
8,PB_only,0.014619,0.05,0.15,0.4,0.5,0.7,0.8,0.9,0.0,0.0,0.0,0.08,0.05
8,PB_FED,0.014616,0.05,0.2,0.4,0.6,0.75,0.8,0.9,1.0,0.0,0.0,0.1,0.03
8,PE_FED,0.014613,0.15,0.25,0.3,0.65,0.75,0.85,0.9,0.0,0.0,0.0,0.06,0.03
8,PB_only,0.014612,0.2,0.25,0.35,0.5,0.65,0.75,0.9,0.0,0.0,0.0,0.1,0.05
8,PB_only,0.014611,0.15,0.25,0.4,0.5,0.75,0.8,0.85,0.0,0.0,0.0,0.12,0.04
6,PB_only,0.014609,0.15,0.25,0.45,0.6,0.7,0.8,0.9,0.0,0.0,0.0,0.1,0.03
8,PE_only,0.014606,0.1,0.25,0.3,0.55,0.65,0.75,0.95,0.0,0.0,0.0,0.1,0.04
8,PB_FED,0.014602,0.15,0.2,0.4,0.5,0.65,0.8,0.85,0.5,0.0,0.0,0.12,0.04
6,PB_only,0.014598,0.1,0.2,0.4,0.6,0.7,0.85,0.9,0.0,0.0,0.0,0.06,0.05
8,PE_only,0.014589,0.1,0.2,0.45,0.65,0.65,0.75,0.9,0.0,0.0,0.0,0.1,0.03
8,PE_only,0.014586,0.05,0.15,0.45,0.7,0.7,0.75,0.85,0.0,0.0,0.0,0.1,0.05
6,PB_only,0.014582,0.05,0.25,0.4,0.6,0.7,0.8,0.85,0.0,0.0,0.0,0.08,0.04
8,PE_FED,0.014581,0.1,0.2,0.35,0.65,0.7,0.75,0.85,0.0,0.0,0.0,0.1,0.03
8,PB_only,0.01458,0.2,0.3,0.45,0.55,0.7,0.75,0.9,0.0,0.0,0.0,0.1,0.05
8,PE_FED,0.014579,0.05,0.15,0.4,0.7,0.65,0.75,0.95,1.0,0.0,0.0,0.06,0.04
8,PE_only,0.014569,0.05,0.15,0.3,0.5,0.65,0.8,0.95,0.0,0.0,0.0,0.1,0.04
8,PE_FED,0.014566,0.15,0.3,0.4,0.6,0.65,0.8,0.9,0.0,0.0,0.0,0.06,0.04
8,PB_FED,0.014562,0.2,0.3,0.35,0.5,0.75,0.8,0.9,-0.5,0.0,0.0,0.1,0.04
6,PE_only,0.014558,0.05,0.25,0.45,0.65,0.65,0.8,0.95,0.0,0.0,0.0,0.12,0.04
6,PE_FED,0.014558,0.2,0.25,0.3,0.7,0.7,0.75,0.95,-0.5,0.0,0.0,0.1,0.03
8,PE_PB_FED,0.014556,0.05,0.25,0.4,0.6,0.65,0.75,0.95,0.0,0.55,0.75,0.12,0.04
8,PB_only,0.014554,0.05,0.15,0.4,0.5,0.7,0.85,0.95,0.0,0.0,0.0,0.08,0.03
8,PE_FED,0.014552,0.05,0.2,0.4,0.65,0.75,0.85,0.9,0.0,0.0,0.0,0.12,0.03
6,PB_FED,0.014548,0.1,0.25,0.4,0.5,0.65,0.75,0.9,0.0,0.0,0.0,0.08,0.03
8,PB_only,0.014547,0.05,0.25,0.35,0.55,0.75,0.85,0.95,0.0,0.0,0.0,0.06,0.05
8,PB_only,0.014547,0.05,0.25,0.35,0.55,0.7,0.85,0.95,0.0,0.0,0.0,0.12,0.05
6,PB_FED,0.014546,0.05,0.25,0.45,0.6,0.65,0.8,0.9,-0.5,0.0,0.0,0.08,0.04
8,PB_only,0.014546,0.2,0.25,0.35,0.5,0.7,0.75,0.9,0.0,0.0,0.0,0.06,0.05
8,PE_only,0.014545,0.05,0.15,0.4,0.6,0.7,0.75,0.9,0.0,0.0,0.0,0.12,0.03
8,PE_only,0.014543,0.15,0.25,0.35,0.55,0.65,0.75,0.95,0.0,0.0,0.0,0.1,0.03
8,PE_PB,0.014543,0.1,0.15,0.4,0.7,0.65,0.85,0.95,0.0,0.65,0.0,0.12,0.05
6,PB_only,0.014542,0.15,0.3,0.35,0.6,0.65,0.8,0.9,0.0,0.0,0.0,0.08,0.03
8,PB_FED,0.014542,0.15,0.3,0.45,0.55,0.7,0.75,0.9,0.5,0.0,0.0,0.12,0.05
8,PB_FED,0.014541,0.15,0.25,0.3,0.6,0.65,0.8,0.9,1.0,0.0,0.0,0.06,0.04
8,PE_only,0.014538,0.2,0.3,0.4,0.6,0.65,0.75,0.95,0.0,0.0,0.0,0.12,0.03
8,PE_FED,0.014538,0.1,0.15,0.4,0.6,0.7,0.75,0.85,0.0,0.0,0.0,0.12,0.03
8,PE_FED,0.01453,0.05,0.2,0.35,0.7,0.7,0.8,0.85,0.0,0.0,0.0,0.08,0.04
8,PE_FED,0.014524,0.05,0.2,0.45,0.5,0.65,0.75,0.95,-0.5,0.0,0.0,0.1,0.05
8,PE_PB_FED,0.014524,0.05,0.15,0.45,0.55,0.65,0.75,0.95,0.0,0.5,0.7,0.1,0.05
8,PB_only,0.014523,0.05,0.2,0.4,0.5,0.75,0.85,0.9,0.0,0.0,0.0,0.1,0.03
8,PB_only,0.01452,0.05,0.15,0.45,0.5,0.75,0.8,0.95,0.0,0.0,0.0,0.12,0.03
8,PB_only,0.01452,0.05,0.15,0.45,0.5,0.75,0.8,0.95,0.0,0.0,0.0,0.08,0.03
8,PE_FED,0.014519,0.05,0.2,0.35,0.7,0.7,0.8,0.95,0.5,0.0,0.0,0.12,0.04
8,PB_only,0.014514,0.1,0.3,0.4,0.5,0.7,0.75,0.95,0.0,0.0,0.0,0.06,0.03
6,PE_only,0.01451,0.15,0.3,0.4,0.65,0.75,0.8,0.95,0.0,0.0,0.0,0.1,0.05
6,PB_only,0.014507,0.05,0.3,0.4,0.6,0.65,0.75,0.9,0.0,0.0,0.0,0.1,0.04
8,PB_only,0.014507,0.05,0.3,0.4,0.6,0.65,0.85,0.95,0.0,0.0,0.0,0.12,0.04
8,PE_PB_FED,0.014501,0.1,0.25,0.4,0.65,0.7,0.8,0.95,0.0,0.55,0.7,0.12,0.04
8,PB_FED,0.014501,0.1,0.3,0.45,0.55,0.65,0.75,0.95,1.0,0.0,0.0,0.06,0.05
6,PB_FED,0.014498,0.1,0.15,0.35,0.5,0.7,0.8,0.9,0.0,0.0,0.0,0.08,0.05
8,PE_only,0.014497,0.2,0.3,0.4,0.7,0.75,0.8,0.9,0.0,0.0,0.0,0.12,0.04
8,PE_FED,0.014494,0.15,0.2,0.3,0.5,0.65,0.75,0.9,0.0,0.0,0.0,0.1,0.03
8,PB_FED,0.014489,0.1,0.25,0.45,0.55,0.65,0.8,0.85,0.5,0.0,0.0,0.1,0.04
8,PB_only,0.014487,0.05,0.3,0.45,0.6,0.7,0.85,0.95,0.0,0.0,0.0,0.08,0.05
8,PE_only,0.014484,0.1,0.25,0.35,0.65,0.65,0.75,0.9,0.0,0.0,0.0,0.06,0.03
6,PB_FED,0.014481,0.1,0.15,0.4,0.5,0.75,0.8,0.9,0.0,0.0,0.0,0.06,0.04
8,PB_only,0.01448,0.1,0.2,0.35,0.5,0.65,0.8,0.85,0.0,0.0,0.0,0.06,0.05
8,PE_PB,0.014479,0.05,0.15,0.4,0.6,0.65,0.8,0.95,0.0,0.65,0.0,0.1,0.04
8,PB_only,0.014476,0.1,0.2,0.35,0.5,0.75,0.8,0.9,0.0,0.0,0.0,0.12,0.05
8,PB_FED,0.014476,0.1,0.3,0.45,0.65,0.75,0.8,0.85,0.5,0.0,0.0,0.1,0.05
8,PE_FED,0.014471,0.05,0.25,0.45,0.55,0.7,0.85,0.95,-0.5,0.0,0.0,0.06,0.04
6,PB_only,0.014465,0.05,0.2,0.4,0.55,0.7,0.75,0.95,0.0,0.0,0.0,0.06,0.04
8,PB_FED,0.014461,0.05,0.25,0.3,0.55,0.75,0.8,0.85,0.5,0.0,0.0,0.1,0.05
8,PE_PB,0.01445,0.1,0.15,0.45,0.65,0.65,0.75,0.95,0.0,0.65,0.0,0.06,0.05
8,PB_only,0.014447,0.15,0.25,0.35,0.5,0.75,0.8,0.95,0.0,0.0,0.0,0.1,0.03
8,PB_only,0.014447,0.15,0.25,0.35,0.5,0.75,0.8,0.95,0.0,0.0,0.0,0.12,0.03
8,PE_only,0.014443,0.1,0.3,0.4,0.7,0.65,0.75,0.9,0.0,0.0,0.0,0.12,0.03
8,PE_only,0.014442,0.05,0.3,0.35,0.7,0.65,0.8,0.9,0.0,0.0,0.0,0.06,0.04
6,PB_FED,0.014441,0.15,0.25,0.3,0.5,0.65,0.75,0.85,0.0,0.0,0.0,0.12,0.04
6,PE_FED,0.014439,0.1,0.25,0.35,0.7,0.7,0.85,0.95,-0.5,0.0,0.0,0.1,0.05
6,PE_only,0.014435,0.1,0.3,0.4,0.65,0.7,0.75,0.95,0.0,0.0,0.0,0.08,0.04
8,PE_FED,0.014426,0.15,0.25,0.4,0.5,0.75,0.8,0.95,-0.5,0.0,0.0,0.06,0.03
6,PE_FED,0.014424,0.05,0.15,0.35,0.7,0.7,0.75,0.95,0.0,0.0,0.0,0.12,0.03
8,PB_only,0.014419,0.15,0.3,0.4,0.55,0.75,0.85,0.95,0.0,0.0,0.0,0.12,0.03
8,PE_only,0.014414,0.05,0.25,0.3,0.55,0.65,0.8,0.95,0.0,0.0,0.0,0.12,0.04
8,PE_only,0.014414,0.05,0.25,0.3,0.55,0.65,0.8,0.95,0.0,0.0,0.0,0.06,0.04
8,PB_FED,0.014406,0.1,0.3,0.35,0.6,0.65,0.75,0.9,1.0,0.0,0.0,0.12,0.05
6,PB_only,0.014404,0.05,0.2,0.45,0.6,0.65,0.8,0.9,0.0,0.0,0.0,0.12,0.04
6,PB_FED,0.014404,0.1,0.15,0.35,0.5,0.7,0.85,0.9,0.0,0.0,0.0,0.08,0.03
8,PE_PB_FED,0.014403,0.05,0.2,0.4,0.6,0.65,0.8,0.95,-0.5,0.6,0.75,0.06,0.04
8,PB_FED,0.014402,0.1,0.15,0.3,0.65,0.7,0.85,0.9,1.0,0.0,0.0,0.08,0.05
6,PB_FED,0.014398,0.15,0.2,0.35,0.5,0.65,0.8,0.85,0.0,0.0,0.0,0.12,0.03
8,PE_PB_FED,0.014396,0.1,0.15,0.3,0.7,0.75,0.8,0.9,0.0,0.6,0.7,0.12,0.03
6,PE_only,0.014395,0.05,0.25,0.4,0.7,0.7,0.85,0.95,0.0,0.0,0.0,0.1,0.03
8,PE_FED,0.014394,0.05,0.15,0.3,0.6,0.75,0.85,0.95,0.5,0.0,0.0,0.1,0.04
8,PE_PB_FED,0.014394,0.1,0.2,0.4,0.55,0.7,0.75,0.95,-0.5,0.65,0.75,0.1,0.05
8,PB_only,0.014394,0.1,0.3,0.45,0.55,0.7,0.8,0.95,0.0,0.0,0.0,0.06,0.03
8,PE_FED,0.014392,0.2,0.3,0.4,0.55,0.7,0.75,0.95,-0.5,0.0,0.0,0.1,0.05
8,PE_only,0.014391,0.05,0.25,0.35,0.55,0.7,0.75,0.95,0.0,0.0,0.0,0.06,0.03
6,PB_only,0.01439,0.05,0.25,0.4,0.6,0.75,0.8,0.95,0.0,0.0,0.0,0.12,0.03
6,PB_FED,0.014388,0.15,0.25,0.3,0.55,0.65,0.8,0.9,-0.5,0.0,0.0,0.12,0.05
8,PE_FED,0.014384,0.05,0.15,0.35,0.5,0.7,0.8,0.95,0.5,0.0,0.0,0.06,0.04
8,PB_FED,0.014377,0.15,0.2,0.3,0.55,0.7,0.8,0.9,1.0,0.0,0.0,0.06,0.04
8,PB_only,0.014363,0.05,0.15,0.45,0.55,0.65,0.85,0.95,0.0,0.0,0.0,0.06,0.04
8,PB_only,0.014353,0.15,0.25,0.3,0.5,0.7,0.8,0.9,0.0,0.0,0.0,0.06,0.05
6,PE_only,0.014352,0.05,0.15,0.35,0.7,0.7,0.75,0.9,0.0,0.0,0.0,0.1,0.03
6,PB_only,0.014352,0.15,0.25,0.4,0.6,0.7,0.85,0.9,0.0,0.0,0.0,0.06,0.04
6,PB_FED,0.014352,0.1,0.15,0.45,0.55,0.7,0.8,0.9,-0.5,0.0,0.0,0.06,0.05
8,PE_only,0.014349,0.1,0.15,0.3,0.5,0.65,0.8,0.95,0.0,0.0,0.0,0.06,0.04
8,PB_FED,0.014346,0.1,0.25,0.3,0.7,0.75,0.85,0.9,1.0,0.0,0.0,0.06,0.03
8,PB_FED,0.014343,0.1,0.3,0.4,0.5,0.7,0.75,0.9,0.5,0.0,0.0,0.12,0.04
8,PE_only,0.014332,0.1,0.15,0.3,0.6,0.7,0.8,0.9,0.0,0.0,0.0,0.06,0.03
6,PB_FED,0.014329,0.05,0.2,0.35,0.5,0.65,0.8,0.9,0.0,0.0,0.0,0.1,0.04
8,PE_FED,0.014326,0.05,0.25,0.3,0.65,0.65,0.75,0.95,0.5,0.0,0.0,0.08,0.03
6,PE_only,0.014324,0.1,0.15,0.4,0.7,0.7,0.75,0.9,0.0,0.0,0.0,0.1,0.05
6,PB_FED,0.01432,0.15,0.25,0.4,0.55,0.75,0.85,0.95,0.0,0.0,0.0,0.1,0.03
8,PB_FED,0.014313,0.1,0.25,0.45,0.5,0.7,0.85,0.9,-0.5,0.0,0.0,0.1,0.04
6,PB_only,0.014311,0.05,0.2,0.4,0.6,0.7,0.8,0.85,0.0,0.0,0.0,0.08,0.05
8,PE_FED,0.014309,0.05,0.2,0.35,0.55,0.75,0.8,0.95,0.5,0.0,0.0,0.06,0.03
6,PE_only,0.014307,0.1,0.15,0.3,0.65,0.7,0.75,0.9,0.0,0.0,0.0,0.06,0.04
8,PE_PB,0.014307,0.1,0.15,0.4,0.6,0.7,0.8,0.95,0.0,0.65,0.0,0.06,0.04
6,PB_only,0.014305,0.05,0.2,0.35,0.55,0.65,0.75,0.95,0.0,0.0,0.0,0.08,0.04
8,PB_FED,0.014305,0.15,0.25,0.35,0.5,0.7,0.75,0.9,1.0,0.0,0.0,0.06,0.04
6,PE_only,0.014301,0.05,0.3,0.35,0.65,0.65,0.75,0.95,0.0,0.0,0.0,0.08,0.04
8,PB_only,0.014301,0.15,0.2,0.3,0.5,0.75,0.85,0.9,0.0,0.0,0.0,0.1,0.05
8,PB_FED,0.014288,0.1,0.15,0.4,0.55,0.7,0.75,0.85,1.0,0.0,0.0,0.06,0.05
6,PB_only,0.014287,0.05,0.2,0.35,0.55,0.65,0.75,0.85,0.0,0.0,0.0,0.08,0.05
6,PB_only,0.014287,0.05,0.2,0.35,0.55,0.65,0.75,0.85,0.0,0.0,0.0,0.12,0.05
6,PB_only,0.014284,0.15,0.3,0.45,0.6,0.7,0.75,0.85,0.0,0.0,0.0,0.12,0.03
8,PE_only,0.014282,0.05,0.25,0.45,0.7,0.75,0.8,0.9,0.0,0.0,0.0,0.06,0.05
6,PB_FED,0.01428,0.05,0.2,0.45,0.55,0.7,0.85,0.9,0.0,0.0,0.0,0.1,0.03
8,PE_only,0.014278,0.15,0.2,0.45,0.55,0.75,0.8,0.95,0.0,0.0,0.0,0.06,0.04
8,PE_FED,0.014276,0.1,0.15,0.4,0.55,0.7,0.85,0.9,0.0,0.0,0.0,0.12,0.04
6,PB_only,0.014271,0.2,0.3,0.45,0.6,0.65,0.75,0.9,0.0,0.0,0.0,0.1,0.03
8,PB_FED,0.01427,0.05,0.15,0.35,0.6,0.75,0.85,0.95,1.0,0.0,0.0,0.06,0.04
6,PB_only,0.014267,0.05,0.25,0.35,0.55,0.65,0.75,0.9,0.0,0.0,0.0,0.12,0.05
8,PE_FED,0.014266,0.05,0.3,0.45,0.55,0.65,0.75,0.95,-0.5,0.0,0.0,0.06,0.05
6,PB_only,0.014265,0.1,0.15,0.45,0.6,0.7,0.85,0.95,0.0,0.0,0.0,0.06,0.05
8,PE_only,0.014265,0.15,0.2,0.35,0.7,0.65,0.75,0.85,0.0,0.0,0.0,0.06,0.04
6,PB_only,0.014261,0.15,0.3,0.35,0.6,0.7,0.75,0.85,0.0,0.0,0.0,0.06,0.05
8,PE_FED,0.014257,0.05,0.15,0.45,0.6,0.65,0.75,0.85,0.0,0.0,0.0,0.06,0.05
8,PE_FED,0.014257,0.05,0.15,0.35,0.65,0.7,0.75,0.95,1.0,0.0,0.0,0.06,0.05
6,PE_only,0.014256,0.05,0.15,0.45,0.65,0.7,0.85,0.95,0.0,0.0,0.0,0.06,0.04
6,PE_only,0.01425,0.05,0.25,0.45,0.7,0.75,0.85,0.95,0.0,0.0,0.0,0.12,0.05
6,PE_only,0.01425,0.05,0.25,0.45,0.7,0.7,0.85,0.95,0.0,0.0,0.0,0.1,0.05
8,PE_PB_FED,0.01425,0.1,0.25,0.45,0.6,0.7,0.8,0.95,-0.5,0.65,0.75,0.12,0.04
8,PE_only,0.014247,0.15,0.25,0.3,0.7,0.75,0.85,0.9,0.0,0.0,0.0,0.1,0.05
8,PE_PB,0.014245,0.15,0.25,0.4,0.7,0.75,0.8,0.95,0.0,0.65,0.0,0.08,0.03
6,PB_only,0.014244,0.05,0.15,0.45,0.55,0.7,0.75,0.9,0.0,0.0,0.0,0.12,0.05
8,PE_FED,0.014243,0.1,0.25,0.3,0.55,0.65,0.75,0.95,0.5,0.0,0.0,0.06,0.03
8,PB_FED,0.01424,0.2,0.3,0.45,0.65,0.7,0.85,0.95,0.5,0.0,0.0,0.06,0.05
8,PE_FED,0.014239,0.05,0.25,0.3,0.55,0.65,0.8,0.9,0.0,0.0,0.0,0.08,0.03
8,PE_FED,0.014233,0.1,0.2,0.3,0.5,0.7,0.85,0.95,-0.5,0.0,0.0,0.06,0.03
6,PB_only,0.014227,0.1,0.2,0.45,0.55,0.65,0.75,0.85,0.0,0.0,0.0,0.08,0.04
6,PB_FED,0.014227,0.1,0.3,0.45,0.6,0.65,0.85,0.9,-0.5,0.0,0.0,0.08,0.03
8,PB_only,0.014226,0.2,0.3,0.35,0.55,0.65,0.8,0.85,0.0,0.0,0.0,0.12,0.05
6,PB_only,0.01422,0.2,0.25,0.35,0.6,0.7,0.85,0.9,0.0,0.0,0.0,0.12,0.04
8,PE_PB_FED,0.014219,0.1,0.15,0.3,0.7,0.65,0.75,0.9,0.0,0.55,0.7,0.12,0.04
6,PB_only,0.014218,0.2,0.3,0.45,0.6,0.7,0.75,0.9,0.0,0.0,0.0,0.12,0.03
8,PE_only,0.014213,0.1,0.25,0.35,0.65,0.7,0.8,0.9,0.0,0.0,0.0,0.06,0.04
8,PE_only,0.014213,0.1,0.25,0.35,0.65,0.75,0.8,0.9,0.0,0.0,0.0,0.1,0.04
8,PE_only,0.014213,0.15,0.2,0.4,0.7,0.7,0.8,0.85,0.0,0.0,0.0,0.06,0.05
6,PB_only,0.014212,0.15,0.25,0.45,0.55,0.65,0.75,0.9,0.0,0.0,0.0,0.06,0.03
6,PE_only,0.014211,0.05,0.3,0.35,0.65,0.7,0.75,0.95,0.0,0.0,0.0,0.12,0.03
6,PB_FED,0.014206,0.1,0.15,0.3,0.5,0.65,0.85,0.95,0.0,0.0,0.0,0.1,0.05
6,PB_FED,0.014206,0.1,0.15,0.3,0.5,0.65,0.85,0.95,0.0,0.0,0.0,0.12,0.05
8,PB_only,0.014206,0.2,0.25,0.4,0.55,0.65,0.85,0.95,0.0,0.0,0.0,0.1,0.03
6,PB_only,0.014202,0.1,0.2,0.3,0.55,0.65,0.8,0.85,0.0,0.0,0.0,0.12,0.04
6,PB_only,0.014202,0.1,0.2,0.3,0.55,0.65,0.8,0.85,0.0,0.0,0.0,0.06,0.04
8,PE_only,0.014191,0.15,0.25,0.4,0.55,0.75,0.8,0.95,0.0,0.0,0.0,0.08,0.03
8,PE_FED,0.014191,0.15,0.2,0.45,0.65,0.7,0.85,0.9,-0.5,0.0,0.0,0.08,0.05
8,PE_only,0.014188,0.1,0.25,0.3,0.55,0.75,0.8,0.95,0.0,0.0,0.0,0.06,0.05
6,PB_FED,0.014184,0.15,0.25,0.3,0.5,0.7,0.8,0.95,0.0,0.0,0.0,0.1,0.03
8,PE_FED,0.014183,0.05,0.15,0.45,0.65,0.65,0.75,0.95,1.0,0.0,0.0,0.12,0.04
6,PB_only,0.014175,0.1,0.2,0.45,0.55,0.7,0.75,0.85,0.0,0.0,0.0,0.08,0.04
8,PB_only,0.014174,0.1,0.25,0.3,0.5,0.75,0.85,0.9,0.0,0.0,0.0,0.08,0.04
8,PB_FED,0.014174,0.05,0.25,0.3,0.7,0.65,0.85,0.95,1.0,0.0,0.0,0.08,0.03
8,PE_FED,0.014168,0.15,0.25,0.3,0.65,0.65,0.8,0.95,0.5,0.0,0.0,0.06,0.03
8,PE_PB_FED,0.014168,0.1,0.25,0.4,0.7,0.65,0.75,0.95,0.0,0.5,0.75,0.08,0.03
6,PB_only,0.014167,0.1,0.3,0.35,0.6,0.65,0.8,0.85,0.0,0.0,0.0,0.08,0.04
8,PB_only,0.014167,0.1,0.3,0.4,0.55,0.65,0.85,0.9,0.0,0.0,0.0,0.08,0.04
8,PE_FED,0.014166,0.1,0.25,0.35,0.7,0.65,0.8,0.85,-0.5,0.0,0.0,0.08,0.03
6,PE_only,0.014163,0.1,0.15,0.4,0.7,0.65,0.8,0.9,0.0,0.0,0.0,0.1,0.04
8,PE_FED,0.014163,0.05,0.2,0.35,0.55,0.65,0.75,0.95,0.5,0.0,0.0,0.12,0.05
8,PB_only,0.014163,0.2,0.3,0.45,0.55,0.7,0.75,0.85,0.0,0.0,0.0,0.12,0.05
6,PB_only,0.014158,0.15,0.25,0.45,0.55,0.7,0.75,0.9,0.0,0.0,0.0,0.08,0.03
8,PE_FED,0.014153,0.05,0.2,0.45,0.65,0.7,0.75,0.85,0.0,0.0,0.0,0.12,0.05
6,PE_FED,0.01415,0.2,0.25,0.4,0.7,0.65,0.8,0.95,-0.5,0.0,0.0,0.1,0.03
8,PE_FED,0.014148,0.05,0.15,0.35,0.5,0.75,0.8,0.95,0.5,0.0,0.0,0.12,0.05
8,PE_PB_FED,0.014148,0.15,0.25,0.4,0.65,0.65,0.85,0.95,0.0,0.6,0.75,0.08,0.05
8,PE_PB,0.014143,0.05,0.15,0.45,0.7,0.65,0.85,0.95,0.0,0.65,0.0,0.1,0.04
8,PE_only,0.014141,0.1,0.25,0.4,0.55,0.65,0.75,0.95,0.0,0.0,0.0,0.06,0.03
8,PE_only,0.014141,0.1,0.25,0.4,0.55,0.7,0.75,0.95,0.0,0.0,0.0,0.12,0.03
8,PB_FED,0.01414,0.2,0.3,0.45,0.55,0.7,0.75,0.95,1.0,0.0,0.0,0.1,0.04
8,PE_only,0.01412,0.15,0.25,0.4,0.55,0.7,0.75,0.95,0.0,0.0,0.0,0.08,0.04
6,PE_only,0.014116,0.2,0.3,0.35,0.65,0.75,0.8,0.95,0.0,0.0,0.0,0.12,0.03
6,PE_FED,0.014116,0.2,0.25,0.4,0.7,0.7,0.75,0.95,-0.5,0.0,0.0,0.1,0.05
6,PB_only,0.014113,0.2,0.25,0.35,0.6,0.65,0.8,0.95,0.0,0.0,0.0,0.08,0.03
6,PE_only,0.014112,0.15,0.25,0.3,0.7,0.7,0.75,0.9,0.0,0.0,0.0,0.08,0.04
6,PB_only,0.014112,0.05,0.25,0.45,0.55,0.65,0.75,0.85,0.0,0.0,0.0,0.08,0.03
8,PE_only,0.014111,0.05,0.3,0.45,0.7,0.7,0.75,0.9,0.0,0.0,0.0,0.08,0.03
8,PB_FED,0.014108,0.15,0.25,0.3,0.5,0.75,0.8,0.9,0.5,0.0,0.0,0.1,0.05
8,PB_FED,0.014106,0.1,0.2,0.4,0.55,0.7,0.8,0.95,1.0,0.0,0.0,0.08,0.05
6,PB_only,0.014105,0.05,0.25,0.45,0.6,0.65,0.8,0.9,0.0,0.0,0.0,0.08,0.03
8,PE_only,0.014105,0.05,0.2,0.45,0.55,0.75,0.8,0.95,0.0,0.0,0.0,0.12,0.04
6,PE_only,0.014103,0.1,0.15,0.35,0.7,0.7,0.8,0.9,0.0,0.0,0.0,0.12,0.03
8,PE_FED,0.014102,0.05,0.15,0.3,0.55,0.7,0.75,0.85,0.0,0.0,0.0,0.12,0.04
8,PB_FED,0.014097,0.1,0.3,0.45,0.5,0.7,0.75,0.95,0.5,0.0,0.0,0.12,0.05
8,PE_PB_FED,0.01409,0.05,0.15,0.35,0.65,0.7,0.75,0.95,0.5,0.6,0.75,0.08,0.05
6,PB_only,0.014088,0.05,0.25,0.4,0.6,0.7,0.8,0.85,0.0,0.0,0.0,0.06,0.03
8,PE_PB,0.014088,0.15,0.2,0.45,0.7,0.7,0.75,0.95,0.0,0.65,0.0,0.06,0.05
8,PB_only,0.014088,0.1,0.25,0.3,0.5,0.75,0.8,0.95,0.0,0.0,0.0,0.1,0.05
8,PE_FED,0.014087,0.05,0.2,0.35,0.65,0.65,0.8,0.85,-0.5,0.0,0.0,0.08,0.04
6,PB_FED,0.014086,0.15,0.25,0.45,0.6,0.65,0.85,0.9,0.0,0.0,0.0,0.08,0.05
6,PB_FED,0.014084,0.15,0.2,0.45,0.55,0.7,0.75,0.85,-0.5,0.0,0.0,0.08,0.05
6,PE_only,0.014079,0.2,0.3,0.35,0.65,0.7,0.75,0.95,0.0,0.0,0.0,0.06,0.04
8,PE_FED,0.014073,0.05,0.25,0.35,0.7,0.7,0.8,0.85,-0.5,0.0,0.0,0.08,0.03
8,PB_only,0.014073,0.1,0.3,0.35,0.55,0.65,0.85,0.95,0.0,0.0,0.0,0.06,0.03
6,PE_FED,0.014072,0.05,0.15,0.3,0.65,0.65,0.8,0.95,0.0,0.0,0.0,0.08,0.05
8,PE_only,0.014072,0.15,0.2,0.3,0.6,0.65,0.75,0.9,0.0,0.0,0.0,0.08,0.03
8,PB_only,0.014067,0.1,0.25,0.45,0.55,0.7,0.85,0.9,0.0,0.0,0.0,0.12,0.05
8,PB_only,0.014061,0.05,0.15,0.35,0.5,0.7,0.85,0.95,0.0,0.0,0.0,0.08,0.04
8,PE_FED,0.014058,0.1,0.2,0.4,0.65,0.65,0.8,0.85,-0.5,0.0,0.0,0.06,0.05
8,PE_FED,0.014056,0.15,0.2,0.3,0.55,0.7,0.8,0.95,0.5,0.0,0.0,0.06,0.05
6,PB_only,0.014055,0.05,0.25,0.35,0.6,0.7,0.8,0.95,0.0,0.0,0.0,0.06,0.04
6,PB_FED,0.014054,0.05,0.25,0.45,0.55,0.7,0.75,0.85,0.0,0.0,0.0,0.1,0.03
8,PB_FED,0.014051,0.15,0.25,0.3,0.5,0.7,0.8,0.95,1.0,0.0,0.0,0.12,0.03
6,PB_only,0.014046,0.1,0.2,0.3,0.55,0.7,0.8,0.9,0.0,0.0,0.0,0.12,0.04
6,PB_FED,0.014046,0.05,0.15,0.35,0.5,0.75,0.85,0.95,0.0,0.0,0.0,0.12,0.03
8,PB_FED,0.014046,0.1,0.2,0.4,0.55,0.65,0.85,0.95,0.5,0.0,0.0,0.08,0.04
8,PB_only,0.01404,0.1,0.15,0.4,0.5,0.7,0.85,0.9,0.0,0.0,0.0,0.08,0.05
8,PE_FED,0.014038,0.2,0.25,0.4,0.65,0.7,0.85,0.9,-0.5,0.0,0.0,0.06,0.04
8,PE_FED,0.014038,0.1,0.15,0.4,0.7,0.65,0.75,0.95,1.0,0.0,0.0,0.06,0.05
8,PE_FED,0.014038,0.1,0.15,0.4,0.5,0.75,0.8,0.9,0.0,0.0,0.0,0.08,0.04
8,PE_only,0.014035,0.1,0.25,0.35,0.55,0.7,0.8,0.95,0.0,0.0,0.0,0.08,0.04
8,PE_only,0.014032,0.1,0.25,0.3,0.65,0.75,0.8,0.9,0.0,0.0,0.0,0.1,0.03
8,PB_only,0.014029,0.2,0.3,0.4,0.5,0.65,0.75,0.85,0.0,0.0,0.0,0.06,0.03
6,PB_FED,0.014027,0.15,0.25,0.45,0.6,0.75,0.85,0.9,0.0,0.0,0.0,0.12,0.05
8,PB_only,0.014027,0.15,0.25,0.3,0.5,0.65,0.8,0.95,0.0,0.0,0.0,0.1,0.05
8,PB_only,0.014026,0.15,0.2,0.3,0.5,0.7,0.85,0.95,0.0,0.0,0.0,0.06,0.04
6,PB_FED,0.014024,0.05,0.25,0.4,0.6,0.7,0.85,0.9,0.0,0.0,0.0,0.1,0.05
6,PB_FED,0.014024,0.2,0.3,0.45,0.6,0.7,0.75,0.9,-0.5,0.0,0.0,0.08,0.05
6,PE_only,0.014022,0.15,0.2,0.3,0.7,0.7,0.75,0.9,0.0,0.0,0.0,0.12,0.05
8,PE_FED,0.01402,0.1,0.15,0.35,0.6,0.7,0.85,0.9,-0.5,0.0,0.0,0.12,0.03
8,PB_FED,0.014016,0.1,0.15,0.45,0.55,0.65,0.85,0.95,0.5,0.0,0.0,0.1,0.04
8,PE_FED,0.014013,0.1,0.2,0.45,0.6,0.7,0.8,0.95,0.5,0.0,0.0,0.08,0.03
8,PE_FED,0.014013,0.1,0.2,0.45,0.6,0.7,0.8,0.95,0.5,0.0,0.0,0.1,0.03
8,PE_only,0.01399,0.05,0.15,0.35,0.6,0.7,0.8,0.9,0.0,0.0,0.0,0.12,0.03
6,PB_FED,0.013989,0.05,0.15,0.3,0.5,0.65,0.75,0.85,-0.5,0.0,0.0,0.12,0.05
8,PE_FED,0.013988,0.05,0.25,0.45,0.55,0.65,0.75,0.9,0.0,0.0,0.0,0.1,0.03
8,PB_FED,0.013988,0.05,0.3,0.4,0.6,0.65,0.8,0.9,0.5,0.0,0.0,0.08,0.05
6,PE_FED,0.013982,0.15,0.2,0.35,0.65,0.65,0.75,0.95,-0.5,0.0,0.0,0.06,0.03
8,PB_only,0.013982,0.15,0.3,0.35,0.55,0.75,0.85,0.9,0.0,0.0,0.0,0.1,0.05
8,PB_FED,0.013981,0.1,0.2,0.4,0.65,0.65,0.85,0.95,1.0,0.0,0.0,0.1,0.05
8,PE_PB_FED,0.01398,0.1,0.2,0.35,0.7,0.65,0.75,0.95,-0.5,0.55,0.75,0.1,0.04
8,PB_FED,0.013971,0.05,0.2,0.3,0.5,0.7,0.75,0.85,1.0,0.0,0.0,0.08,0.04
6,PB_only,0.01397,0.1,0.25,0.4,0.55,0.7,0.75,0.9,0.0,0.0,0.0,0.1,0.05
6,PE_only,0.013966,0.2,0.3,0.4,0.65,0.75,0.8,0.95,0.0,0.0,0.0,0.06,0.03
6,PB_only,0.013964,0.1,0.15,0.3,0.5,0.7,0.75,0.95,0.0,0.0,0.0,0.12,0.03
8,PE_PB,0.013963,0.1,0.15,0.45,0.6,0.7,0.8,0.95,0.0,0.65,0.0,0.1,0.03
8,PE_FED,0.013963,0.15,0.2,0.35,0.6,0.65,0.85,0.9,-0.5,0.0,0.0,0.12,0.04
8,PE_PB_FED,0.013963,0.15,0.2,0.3,0.6,0.75,0.8,0.95,0.0,0.5,0.7,0.08,0.04
8,PE_only,0.013961,0.1,0.2,0.35,0.55,0.75,0.85,0.95,0.0,0.0,0.0,0.08,0.04
6,PB_only,0.01396,0.1,0.3,0.4,0.6,0.7,0.8,0.9,0.0,0.0,0.0,0.08,0.03
6,PB_FED,0.013959,0.1,0.25,0.4,0.5,0.65,0.75,0.85,0.0,0.0,0.0,0.06,0.03
6,PB_FED,0.013959,0.05,0.15,0.4,0.55,0.65,0.85,0.9,-0.5,0.0,0.0,0.08,0.04
8,PE_FED,0.013958,0.1,0.25,0.45,0.7,0.65,0.85,0.9,0.0,0.0,0.0,0.1,0.05
8,PB_only,0.013956,0.05,0.15,0.35,0.5,0.7,0.85,0.95,0.0,0.0,0.0,0.08,0.05
8,PE_only,0.013953,0.05,0.25,0.3,0.65,0.65,0.8,0.9,0.0,0.0,0.0,0.12,0.03
8,PE_FED,0.013952,0.05,0.3,0.35,0.6,0.7,0.8,0.9,0.0,0.0,0.0,0.06,0.03
8,PE_PB_FED,0.013951,0.1,0.15,0.45,0.55,0.7,0.8,0.95,0.5,0.65,0.8,0.08,0.03
6,PB_only,0.013948,0.1,0.3,0.35,0.6,0.75,0.8,0.95,0.0,0.0,0.0,0.08,0.03
8,PE_only,0.013946,0.05,0.25,0.4,0.55,0.65,0.75,0.95,0.0,0.0,0.0,0.12,0.04
8,PB_only,0.013945,0.15,0.3,0.45,0.55,0.7,0.8,0.85,0.0,0.0,0.0,0.08,0.05
6,PE_only,0.013944,0.1,0.3,0.35,0.7,0.65,0.85,0.95,0.0,0.0,0.0,0.06,0.04
8,PE_only,0.013934,0.2,0.3,0.45,0.7,0.75,0.8,0.9,0.0,0.0,0.0,0.06,0.04
8,PE_PB,0.013934,0.05,0.2,0.3,0.6,0.65,0.8,0.95,0.0,0.65,0.0,0.1,0.03
8,PB_only,0.013926,0.15,0.25,0.4,0.5,0.7,0.8,0.95,0.0,0.0,0.0,0.06,0.03
6,PB_only,0.013925,0.05,0.25,0.4,0.6,0.65,0.85,0.9,0.0,0.0,0.0,0.1,0.04
8,PE_PB_FED,0.013919,0.05,0.25,0.35,0.6,0.65,0.75,0.95,-0.5,0.6,0.7,0.08,0.03
8,PB_only,0.013918,0.1,0.2,0.45,0.5,0.7,0.8,0.95,0.0,0.0,0.0,0.06,0.03
8,PE_only,0.013916,0.1,0.3,0.4,0.7,0.65,0.8,0.9,0.0,0.0,0.0,0.1,0.03
8,PE_FED,0.013902,0.1,0.3,0.4,0.7,0.75,0.8,0.85,-0.5,0.0,0.0,0.12,0.05
8,PB_FED,0.013899,0.15,0.3,0.45,0.65,0.65,0.75,0.85,1.0,0.0,0.0,0.06,0.04
8,PE_FED,0.013898,0.05,0.15,0.45,0.65,0.65,0.75,0.95,1.0,0.0,0.0,0.12,0.05
8,PB_only,0.013895,0.05,0.3,0.4,0.55,0.7,0.8,0.85,0.0,0.0,0.0,0.1,0.05
6,PB_only,0.013894,0.1,0.25,0.4,0.6,0.65,0.8,0.85,0.0,0.0,0.0,0.08,0.05
6,PB_only,0.013894,0.05,0.15,0.35,0.55,0.75,0.8,0.85,0.0,0.0,0.0,0.08,0.04
6,PB_only,0.013893,0.05,0.3,0.35,0.6,0.75,0.8,0.9,0.0,0.0,0.0,0.1,0.03
8,PB_FED,0.013882,0.05,0.15,0.45,0.65,0.65,0.8,0.85,1.0,0.0,0.0,0.12,0.03
8,PB_FED,0.013879,0.05,0.3,0.4,0.6,0.7,0.75,0.9,1.0,0.0,0.0,0.12,0.04
8,PE_PB,0.013874,0.05,0.2,0.35,0.65,0.7,0.8,0.95,0.0,0.65,0.0,0.1,0.05
8,PB_only,0.013874,0.2,0.3,0.45,0.55,0.7,0.8,0.9,0.0,0.0,0.0,0.1,0.04
8,PB_FED,0.013872,0.05,0.15,0.35,0.55,0.65,0.75,0.85,1.0,0.0,0.0,0.08,0.05
6,PB_only,0.01387,0.15,0.3,0.35,0.55,0.7,0.75,0.95,0.0,0.0,0.0,0.08,0.03
8,PE_PB_FED,0.013867,0.05,0.15,0.45,0.5,0.75,0.8,0.95,0.0,0.55,0.7,0.1,0.04
8,PB_only,0.013864,0.15,0.3,0.45,0.55,0.65,0.8,0.85,0.0,0.0,0.0,0.06,0.05
6,PB_only,0.013859,0.2,0.25,0.4,0.55,0.7,0.75,0.85,0.0,0.0,0.0,0.06,0.03
8,PB_only,0.013858,0.2,0.25,0.35,0.5,0.65,0.85,0.9,0.0,0.0,0.0,0.06,0.03
8,PE_FED,0.013856,0.15,0.3,0.35,0.7,0.7,0.85,0.9,0.0,0.0,0.0,0.06,0.05
8,PE_only,0.013854,0.05,0.2,0.4,0.7,0.65,0.85,0.9,0.0,0.0,0.0,0.08,0.05
8,PE_FED,0.013854,0.1,0.25,0.4,0.65,0.7,0.85,0.9,0.0,0.0,0.0,0.06,0.03
8,PE_FED,0.013849,0.05,0.2,0.3,0.55,0.75,0.8,0.95,0.5,0.0,0.0,0.06,0.05
8,PE_PB_FED,0.013844,0.15,0.3,0.45,0.65,0.7,0.8,0.95,0.0,0.6,0.8,0.12,0.05
8,PE_FED,0.013841,0.05,0.15,0.4,0.55,0.7,0.8,0.9,-0.5,0.0,0.0,0.1,0.03
8,PE_only,0.013836,0.15,0.2,0.35,0.55,0.75,0.85,0.95,0.0,0.0,0.0,0.06,0.05
8,PE_only,0.013836,0.15,0.2,0.35,0.55,0.7,0.85,0.95,0.0,0.0,0.0,0.12,0.05
8,PB_FED,0.013835,0.05,0.25,0.4,0.5,0.7,0.85,0.9,-0.5,0.0,0.0,0.08,0.05
6,PB_only,0.013832,0.2,0.25,0.35,0.6,0.75,0.8,0.95,0.0,0.0,0.0,0.06,0.04
6,PB_only,0.01383,0.2,0.25,0.35,0.6,0.7,0.8,0.85,0.0,0.0,0.0,0.1,0.05
6,PB_FED,0.013825,0.05,0.25,0.3,0.55,0.75,0.8,0.9,-0.5,0.0,0.0,0.1,0.05
6,PE_FED,0.013824,0.1,0.25,0.35,0.7,0.75,0.85,0.95,-0.5,0.0,0.0,0.12,0.03
6,PE_FED,0.013824,0.1,0.25,0.35,0.7,0.7,0.85,0.95,-0.5,0.0,0.0,0.08,0.03
8,PE_only,0.013824,0.1,0.2,0.45,0.65,0.75,0.8,0.9,0.0,0.0,0.0,0.12,0.03
8,PE_PB,0.013821,0.1,0.2,0.3,0.7,0.75,0.85,0.95,0.0,0.65,0.0,0.12,0.05
6,PE_FED,0.013816,0.15,0.2,0.4,0.65,0.75,0.8,0.95,-0.5,0.0,0.0,0.1,0.04
8,PE_PB,0.013814,0.1,0.2,0.3,0.6,0.75,0.8,0.95,0.0,0.65,0.0,0.1,0.03
8,PE_FED,0.013812,0.15,0.25,0.4,0.7,0.7,0.8,0.95,0.5,0.0,0.0,0.06,0.03
8,PE_only,0.013809,0.2,0.25,0.3,0.65,0.7,0.8,0.9,0.0,0.0,0.0,0.1,0.04
6,PB_only,0.013798,0.1,0.2,0.35,0.55,0.75,0.8,0.9,0.0,0.0,0.0,0.12,0.03
8,PB_FED,0.013797,0.05,0.3,0.35,0.5,0.75,0.8,0.9,-0.5,0.0,0.0,0.1,0.05
6,PB_only,0.013795,0.15,0.25,0.35,0.55,0.7,0.75,0.85,0.0,0.0,0.0,0.12,0.05
8,PE_PB,0.013785,0.1,0.2,0.35,0.65,0.65,0.8,0.95,0.0,0.65,0.0,0.12,0.05
8,PE_PB_FED,0.013784,0.15,0.25,0.3,0.6,0.7,0.75,0.9,0.0,0.65,0.7,0.12,0.04
6,PB_only,0.013781,0.2,0.25,0.35,0.6,0.65,0.8,0.95,0.0,0.0,0.0,0.12,0.05
8,PB_FED,0.01378,0.2,0.25,0.3,0.5,0.75,0.8,0.95,0.5,0.0,0.0,0.06,0.05
8,PE_FED,0.013777,0.1,0.2,0.35,0.5,0.65,0.85,0.95,-0.5,0.0,0.0,0.1,0.03
8,PE_FED,0.013777,0.1,0.3,0.4,0.65,0.75,0.85,0.9,0.0,0.0,0.0,0.12,0.04
8,PB_only,0.013777,0.1,0.3,0.45,0.55,0.7,0.8,0.85,0.0,0.0,0.0,0.12,0.05
8,PB_FED,0.013769,0.05,0.25,0.35,0.5,0.65,0.85,0.95,-0.5,0.0,0.0,0.08,0.04
8,PB_only,0.013768,0.1,0.25,0.45,0.5,0.75,0.8,0.85,0.0,0.0,0.0,0.08,0.04
8,PE_FED,0.013766,0.05,0.25,0.45,0.7,0.65,0.8,0.85,-0.5,0.0,0.0,0.08,0.05
6,PE_only,0.013762,0.1,0.3,0.4,0.7,0.75,0.85,0.95,0.0,0.0,0.0,0.06,0.03
6,PE_only,0.013762,0.1,0.3,0.4,0.7,0.7,0.85,0.95,0.0,0.0,0.0,0.08,0.03
6,PB_only,0.013761,0.05,0.25,0.45,0.6,0.75,0.8,0.85,0.0,0.0,0.0,0.06,0.04
6,PB_only,0.013761,0.05,0.25,0.45,0.6,0.7,0.8,0.85,0.0,0.0,0.0,0.1,0.04
6,PB_only,0.013753,0.2,0.3,0.4,0.6,0.65,0.8,0.85,0.0,0.0,0.0,0.12,0.03
8,PB_FED,0.013751,0.1,0.25,0.4,0.55,0.65,0.85,0.9,0.5,0.0,0.0,0.08,0.04
6,PB_FED,0.013748,0.2,0.25,0.3,0.55,0.75,0.8,0.95,-0.5,0.0,0.0,0.1,0.04
8,PB_only,0.013746,0.2,0.3,0.4,0.55,0.65,0.8,0.95,0.0,0.0,0.0,0.1,0.03
8,PB_FED,0.013742,0.15,0.3,0.35,0.65,0.75,0.8,0.9,1.0,0.0,0.0,0.06,0.03
6,PB_FED,0.013736,0.05,0.25,0.3,0.5,0.7,0.8,0.9,0.0,0.0,0.0,0.08,0.03
8,PE_only,0.013735,0.2,0.25,0.3,0.65,0.65,0.75,0.9,0.0,0.0,0.0,0.08,0.05
8,PE_PB_FED,0.013734,0.2,0.25,0.3,0.55,0.7,0.8,0.95,0.0,0.6,0.75,0.06,0.05
6,PB_FED,0.013728,0.15,0.3,0.4,0.6,0.75,0.85,0.95,-0.5,0.0,0.0,0.12,0.03
6,PB_FED,0.013725,0.1,0.3,0.35,0.6,0.7,0.85,0.9,0.0,0.0,0.0,0.08,0.04
8,PE_only,0.013725,0.15,0.2,0.35,0.55,0.65,0.85,0.95,0.0,0.0,0.0,0.12,0.03
8,PB_FED,0.013725,0.15,0.2,0.3,0.5,0.65,0.8,0.9,1.0,0.0,0.0,0.08,0.03
6,PB_FED,0.013717,0.1,0.25,0.35,0.5,0.7,0.75,0.95,-0.5,0.0,0.0,0.1,0.03
8,PB_FED,0.013717,0.1,0.2,0.45,0.55,0.75,0.8,0.95,1.0,0.0,0.0,0.12,0.04
8,PE_PB_FED,0.013715,0.1,0.3,0.35,0.7,0.7,0.75,0.95,-0.5,0.6,0.8,0.06,0.03
8,PE_only,0.013713,0.05,0.15,0.45,0.55,0.65,0.85,0.95,0.0,0.0,0.0,0.12,0.03
8,PE_FED,0.013713,0.05,0.2,0.3,0.5,0.65,0.75,0.9,0.0,0.0,0.0,0.1,0.05
6,PB_only,0.013711,0.05,0.2,0.35,0.55,0.65,0.85,0.9,0.0,0.0,0.0,0.06,0.03
6,PB_only,0.013705,0.1,0.3,0.35,0.6,0.75,0.85,0.95,0.0,0.0,0.0,0.08,0.03
8,PE_only,0.013703,0.05,0.15,0.4,0.5,0.7,0.8,0.95,0.0,0.0,0.0,0.06,0.04
8,PE_PB_FED,0.013702,0.05,0.25,0.45,0.6,0.65,0.75,0.95,0.0,0.55,0.8,0.06,0.05
8,PB_only,0.013701,0.15,0.25,0.35,0.5,0.7,0.8,0.85,0.0,0.0,0.0,0.1,0.05
8,PE_PB_FED,0.013699,0.1,0.2,0.45,0.6,0.65,0.75,0.9,0.0,0.65,0.8,0.12,0.04
8,PB_FED,0.013697,0.05,0.2,0.4,0.7,0.7,0.85,0.9,1.0,0.0,0.0,0.12,0.03
8,PE_PB_FED,0.013696,0.1,0.2,0.3,0.55,0.65,0.75,0.95,0.5,0.65,0.8,0.12,0.04
8,PE_only,0.013694,0.05,0.15,0.4,0.6,0.7,0.8,0.9,0.0,0.0,0.0,0.12,0.03
8,PE_only,0.013694,0.15,0.2,0.45,0.7,0.7,0.75,0.85,0.0,0.0,0.0,0.12,0.04
8,PB_only,0.013692,0.05,0.3,0.4,0.5,0.65,0.75,0.85,0.0,0.0,0.0,0.12,0.04
6,PE_only,0.013688,0.1,0.3,0.45,0.65,0.7,0.75,0.95,0.0,0.0,0.0,0.12,0.03
8,PE_only,0.013687,0.15,0.25,0.3,0.7,0.75,0.8,0.85,0.0,0.0,0.0,0.06,0.05
8,PE_only,0.013687,0.1,0.15,0.45,0.55,0.7,0.85,0.95,0.0,0.0,0.0,0.12,0.03
8,PE_PB_FED,0.013687,0.15,0.2,0.35,0.65,0.75,0.85,0.95,0.0,0.55,0.8,0.08,0.05
6,PB_only,0.013683,0.05,0.15,0.3,0.55,0.7,0.8,0.95,0.0,0.0,0.0,0.12,0.04
8,PE_only,0.013683,0.1,0.2,0.4,0.55,0.75,0.85,0.95,0.0,0.0,0.0,0.08,0.04
8,PE_only,0.01368,0.05,0.2,0.4,0.55,0.7,0.85,0.95,0.0,0.0,0.0,0.12,0.04
6,PB_only,0.013678,0.05,0.2,0.3,0.55,0.75,0.8,0.95,0.0,0.0,0.0,0.1,0.03
8,PB_FED,0.013676,0.15,0.25,0.35,0.5,0.7,0.8,0.85,0.5,0.0,0.0,0.12,0.03
8,PE_only,0.013674,0.1,0.3,0.35,0.6,0.75,0.85,0.95,0.0,0.0,0.0,0.12,0.03
8,PE_PB_FED,0.013668,0.2,0.25,0.35,0.65,0.65,0.75,0.95,0.0,0.55,0.8,0.1,0.05
8,PE_FED,0.013667,0.05,0.2,0.35,0.6,0.7,0.85,0.9,0.0,0.0,0.0,0.12,0.03
8,PE_only,0.013657,0.1,0.15,0.45,0.6,0.7,0.75,0.9,0.0,0.0,0.0,0.1,0.03
8,PE_PB_FED,0.013654,0.05,0.3,0.35,0.6,0.75,0.85,0.95,0.0,0.65,0.7,0.08,0.04
8,PB_FED,0.013652,0.05,0.2,0.4,0.55,0.7,0.8,0.95,1.0,0.0,0.0,0.06,0.04
8,PB_only,0.01365,0.05,0.3,0.4,0.55,0.75,0.8,0.9,0.0,0.0,0.0,0.06,0.05
8,PB_FED,0.013647,0.05,0.2,0.35,0.65,0.75,0.8,0.85,1.0,0.0,0.0,0.06,0.04
6,PE_only,0.013645,0.1,0.2,0.4,0.65,0.75,0.85,0.95,0.0,0.0,0.0,0.1,0.03
6,PB_FED,0.013644,0.15,0.25,0.45,0.6,0.65,0.85,0.95,-0.5,0.0,0.0,0.08,0.05
8,PE_FED,0.013644,0.2,0.25,0.45,0.7,0.65,0.85,0.9,-0.5,0.0,0.0,0.08,0.03
8,PE_FED,0.013643,0.05,0.3,0.4,0.7,0.65,0.75,0.85,-0.5,0.0,0.0,0.12,0.05
8,PE_PB_FED,0.013643,0.15,0.2,0.35,0.55,0.7,0.75,0.95,0.0,0.5,0.7,0.06,0.05
8,PB_FED,0.013643,0.15,0.3,0.45,0.65,0.65,0.8,0.95,1.0,0.0,0.0,0.08,0.03
8,PE_FED,0.013642,0.1,0.3,0.4,0.5,0.7,0.85,0.95,0.0,0.0,0.0,0.1,0.04
6,PE_FED,0.013637,0.05,0.2,0.35,0.65,0.65,0.8,0.95,-0.5,0.0,0.0,0.1,0.03
8,PB_only,0.013637,0.05,0.25,0.4,0.5,0.75,0.85,0.9,0.0,0.0,0.0,0.06,0.03
8,PE_FED,0.013634,0.15,0.2,0.4,0.5,0.75,0.85,0.95,-0.5,0.0,0.0,0.1,0.05
6,PE_FED,0.013633,0.15,0.2,0.4,0.65,0.75,0.8,0.95,-0.5,0.0,0.0,0.08,0.05
6,PB_FED,0.013633,0.05,0.15,0.3,0.5,0.75,0.8,0.95,-0.5,0.0,0.0,0.1,0.04
8,PE_FED,0.013631,0.1,0.15,0.35,0.5,0.7,0.75,0.95,1.0,0.0,0.0,0.06,0.04
8,PE_only,0.01363,0.1,0.15,0.45,0.7,0.65,0.8,0.85,0.0,0.0,0.0,0.12,0.04
8,PE_only,0.013629,0.2,0.25,0.4,0.65,0.65,0.75,0.9,0.0,0.0,0.0,0.12,0.03
8,PE_only,0.013626,0.05,0.25,0.35,0.65,0.7,0.8,0.9,0.0,0.0,0.0,0.12,0.03
8,PE_FED,0.013626,0.2,0.25,0.35,0.6,0.65,0.8,0.9,-0.5,0.0,0.0,0.12,0.04
6,PB_FED,0.013624,0.05,0.15,0.3,0.5,0.75,0.8,0.85,-0.5,0.0,0.0,0.06,0.04
8,PE_PB_FED,0.013623,0.1,0.15,0.3,0.55,0.7,0.8,0.95,0.5,0.6,0.8,0.12,0.05
8,PB_FED,0.013623,0.05,0.15,0.45,0.5,0.7,0.8,0.85,0.5,0.0,0.0,0.06,0.03
8,PB_FED,0.013623,0.05,0.2,0.4,0.7,0.65,0.8,0.85,1.0,0.0,0.0,0.12,0.03
8,PE_PB_FED,0.013622,0.05,0.2,0.45,0.6,0.7,0.75,0.95,-0.5,0.6,0.7,0.08,0.05
6,PB_only,0.01362,0.05,0.15,0.3,0.5,0.7,0.75,0.9,0.0,0.0,0.0,0.06,0.04
8,PB_FED,0.01362,0.1,0.3,0.4,0.5,0.65,0.75,0.95,1.0,0.0,0.0,0.08,0.03
8,PE_FED,0.013619,0.05,0.3,0.4,0.55,0.7,0.85,0.95,-0.5,0.0,0.0,0.06,0.04
8,PB_only,0.013617,0.1,0.3,0.35,0.5,0.75,0.8,0.85,0.0,0.0,0.0,0.1,0.04
8,PE_only,0.013614,0.15,0.3,0.45,0.7,0.75,0.8,0.9,0.0,0.0,0.0,0.08,0.05
6,PB_FED,0.013613,0.05,0.25,0.45,0.6,0.65,0.85,0.9,0.0,0.0,0.0,0.06,0.04
6,PE_only,0.013612,0.05,0.15,0.45,0.65,0.75,0.85,0.95,0.0,0.0,0.0,0.1,0.03
8,PB_only,0.013609,0.1,0.2,0.4,0.5,0.7,0.8,0.95,0.0,0.0,0.0,0.08,0.05
8,PB_only,0.013605,0.1,0.3,0.45,0.55,0.65,0.8,0.9,0.0,0.0,0.0,0.08,0.05
6,PE_FED,0.013597,0.1,0.15,0.3,0.65,0.65,0.85,0.95,-0.5,0.0,0.0,0.12,0.03
8,PE_FED,0.013592,0.15,0.2,0.3,0.55,0.7,0.85,0.9,0.0,0.0,0.0,0.06,0.04
6,PB_only,0.013591,0.1,0.15,0.45,0.6,0.75,0.8,0.85,0.0,0.0,0.0,0.08,0.05
6,PE_only,0.013589,0.1,0.2,0.45,0.7,0.7,0.75,0.9,0.0,0.0,0.0,0.06,0.04
8,PE_FED,0.013587,0.05,0.2,0.4,0.55,0.65,0.75,0.9,-0.5,0.0,0.0,0.06,0.03
8,PB_FED,0.013587,0.1,0.2,0.45,0.65,0.65,0.85,0.9,1.0,0.0,0.0,0.12,0.03
6,PE_only,0.013584,0.2,0.25,0.45,0.7,0.7,0.85,0.95,0.0,0.0,0.0,0.08,0.03
8,PB_only,0.013584,0.15,0.2,0.4,0.5,0.65,0.8,0.95,0.0,0.0,0.0,0.06,0.05
6,PB_FED,0.013582,0.2,0.3,0.35,0.6,0.65,0.85,0.95,0.0,0.0,0.0,0.08,0.05
6,PB_FED,0.013582,0.15,0.25,0.35,0.5,0.7,0.75,0.85,0.0,0.0,0.0,0.06,0.04
8,PE_only,0.013582,0.05,0.2,0.35,0.6,0.7,0.75,0.9,0.0,0.0,0.0,0.06,0.03
8,PB_FED,0.013582,0.05,0.2,0.4,0.7,0.65,0.85,0.95,1.0,0.0,0.0,0.12,0.05
6,PE_only,0.013579,0.05,0.3,0.35,0.7,0.7,0.85,0.95,0.0,0.0,0.0,0.06,0.03
6,PE_only,0.013579,0.05,0.3,0.35,0.7,0.75,0.85,0.95,0.0,0.0,0.0,0.12,0.03
8,PE_only,0.013578,0.05,0.3,0.45,0.7,0.65,0.75,0.9,0.0,0.0,0.0,0.06,0.03
6,PB_only,0.013574,0.05,0.3,0.35,0.6,0.7,0.8,0.85,0.0,0.0,0.0,0.12,0.04
6,PB_only,0.013568,0.05,0.25,0.4,0.55,0.7,0.75,0.9,0.0,0.0,0.0,0.06,0.05
6,PB_FED,0.013562,0.15,0.2,0.35,0.5,0.65,0.85,0.9,-0.5,0.0,0.0,0.1,0.03
8,PE_FED,0.013561,0.05,0.2,0.4,0.5,0.65,0.85,0.95,-0.5,0.0,0.0,0.12,0.05
6,PE_PB,0.013558,0.1,0.15,0.35,0.7,0.65,0.75,0.95,0.0,0.65,0.0,0.1,0.05
6,PB_FED,0.013555,0.15,0.3,0.4,0.55,0.75,0.8,0.9,0.0,0.0,0.0,0.1,0.03
6,PE_only,0.013549,0.15,0.3,0.35,0.7,0.65,0.85,0.95,0.0,0.0,0.0,0.08,0.03
8,PB_FED,0.013547,0.05,0.15,0.3,0.5,0.65,0.8,0.9,1.0,0.0,0.0,0.06,0.04
8,PB_FED,0.013547,0.05,0.2,0.45,0.55,0.7,0.75,0.85,1.0,0.0,0.0,0.1,0.04
8,PE_PB_FED,0.013545,0.1,0.15,0.45,0.7,0.7,0.75,0.95,-0.5,0.5,0.75,0.1,0.03
8,PE_PB,0.013544,0.1,0.15,0.45,0.6,0.75,0.8,0.95,0.0,0.65,0.0,0.06,0.04
8,PE_PB,0.01354,0.1,0.2,0.35,0.6,0.7,0.75,0.95,0.0,0.65,0.0,0.1,0.03
8,PB_only,0.013535,0.15,0.25,0.3,0.5,0.65,0.85,0.95,0.0,0.0,0.0,0.06,0.03
6,PB_FED,0.013528,0.05,0.25,0.4,0.5,0.65,0.75,0.95,0.0,0.0,0.0,0.12,0.03
6,PB_FED,0.013528,0.05,0.15,0.4,0.5,0.7,0.75,0.85,-0.5,0.0,0.0,0.1,0.04
8,PE_PB_FED,0.013528,0.1,0.3,0.45,0.7,0.75,0.85,0.95,-0.5,0.65,0.7,0.08,0.03
8,PB_only,0.013524,0.05,0.2,0.4,0.5,0.65,0.8,0.9,0.0,0.0,0.0,0.08,0.05
6,PE_FED,0.013522,0.2,0.25,0.45,0.7,0.65,0.8,0.95,-0.5,0.0,0.0,0.1,0.04
8,PB_FED,0.013514,0.15,0.3,0.35,0.6,0.65,0.8,0.95,1.0,0.0,0.0,0.08,0.03
8,PE_PB_FED,0.013511,0.05,0.15,0.45,0.7,0.7,0.8,0.9,0.0,0.65,0.7,0.12,0.05
8,PE_only,0.013508,0.1,0.15,0.3,0.65,0.65,0.8,0.85,0.0,0.0,0.0,0.08,0.04
8,PE_FED,0.013504,0.15,0.2,0.4,0.65,0.7,0.8,0.85,0.0,0.0,0.0,0.06,0.03
8,PE_FED,0.013502,0.1,0.3,0.45,0.65,0.65,0.8,0.9,-0.5,0.0,0.0,0.12,0.05
8,PE_FED,0.013496,0.05,0.3,0.35,0.65,0.65,0.85,0.9,-0.5,0.0,0.0,0.08,0.04
6,PE_FED,0.013494,0.05,0.15,0.4,0.65,0.65,0.75,0.95,0.0,0.0,0.0,0.08,0.05
6,PB_FED,0.013493,0.15,0.25,0.45,0.55,0.75,0.85,0.95,0.0,0.0,0.0,0.06,0.03
6,PE_only,0.013491,0.05,0.15,0.45,0.7,0.75,0.8,0.9,0.0,0.0,0.0,0.12,0.04
6,PE_only,0.013491,0.05,0.15,0.45,0.7,0.75,0.8,0.9,0.0,0.0,0.0,0.08,0.04
8,PE_FED,0.013488,0.05,0.25,0.4,0.65,0.7,0.85,0.9,-0.5,0.0,0.0,0.06,0.05
8,PB_only,0.013485,0.2,0.25,0.4,0.5,0.65,0.8,0.85,0.0,0.0,0.0,0.1,0.03
8,PB_FED,0.013485,0.05,0.2,0.4,0.55,0.65,0.8,0.9,1.0,0.0,0.0,0.12,0.03
6,PB_FED,0.013478,0.15,0.3,0.4,0.6,0.7,0.85,0.9,0.0,0.0,0.0,0.08,0.04
8,PE_only,0.013478,0.15,0.2,0.4,0.6,0.7,0.75,0.9,0.0,0.0,0.0,0.1,0.03
8,PB_FED,0.013477,0.1,0.3,0.45,0.65,0.65,0.75,0.85,1.0,0.0,0.0,0.08,0.04
8,PE_PB_FED,0.01347,0.1,0.2,0.3,0.5,0.7,0.75,0.95,-0.5,0.65,0.75,0.1,0.03
6,PE_FED,0.013469,0.1,0.3,0.35,0.7,0.7,0.75,0.95,-0.5,0.0,0.0,0.1,0.05
8,PE_only,0.013466,0.05,0.2,0.3,0.6,0.7,0.8,0.9,0.0,0.0,0.0,0.12,0.04
8,PE_only,0.013465,0.1,0.25,0.3,0.7,0.7,0.8,0.85,0.0,0.0,0.0,0.1,0.05
8,PB_FED,0.013465,0.15,0.2,0.35,0.5,0.75,0.85,0.9,0.5,0.0,0.0,0.08,0.04
6,PB_only,0.013463,0.15,0.25,0.45,0.55,0.65,0.75,0.85,0.0,0.0,0.0,0.08,0.04
8,PB_FED,0.013463,0.05,0.3,0.45,0.65,0.65,0.8,0.85,0.5,0.0,0.0,0.08,0.05
8,PB_only,0.013461,0.05,0.15,0.45,0.5,0.7,0.8,0.95,0.0,0.0,0.0,0.08,0.04
8,PE_only,0.013456,0.1,0.2,0.3,0.6,0.75,0.8,0.9,0.0,0.0,0.0,0.08,0.04
6,PB_only,0.013455,0.05,0.2,0.45,0.6,0.75,0.8,0.95,0.0,0.0,0.0,0.08,0.04
8,PE_only,0.013454,0.15,0.2,0.4,0.55,0.65,0.85,0.95,0.0,0.0,0.0,0.1,0.03
8,PE_only,0.013453,0.05,0.25,0.45,0.65,0.7,0.75,0.9,0.0,0.0,0.0,0.06,0.03
6,PE_only,0.013452,0.05,0.2,0.3,0.7,0.65,0.8,0.9,0.0,0.0,0.0,0.1,0.04
8,PE_only,0.013447,0.2,0.25,0.45,0.6,0.7,0.85,0.95,0.0,0.0,0.0,0.12,0.03
8,PB_FED,0.013438,0.2,0.3,0.45,0.6,0.75,0.8,0.9,0.5,0.0,0.0,0.12,0.05
8,PE_only,0.013432,0.1,0.2,0.45,0.7,0.7,0.75,0.85,0.0,0.0,0.0,0.06,0.04
8,PE_only,0.013421,0.15,0.25,0.35,0.7,0.75,0.8,0.85,0.0,0.0,0.0,0.08,0.05
8,PE_PB_FED,0.013421,0.1,0.15,0.3,0.7,0.65,0.75,0.95,1.0,0.55,0.7,0.12,0.03
6,PE_only,0.013418,0.1,0.25,0.4,0.65,0.65,0.85,0.95,0.0,0.0,0.0,0.1,0.04
6,PB_only,0.013416,0.1,0.15,0.4,0.55,0.7,0.8,0.9,0.0,0.0,0.0,0.12,0.04
8,PE_only,0.013413,0.15,0.2,0.3,0.5,0.7,0.75,0.95,0.0,0.0,0.0,0.08,0.03
8,PB_only,0.013406,0.15,0.25,0.35,0.5,0.65,0.85,0.9,0.0,0.0,0.0,0.1,0.04
6,PE_only,0.013405,0.2,0.25,0.3,0.7,0.7,0.75,0.9,0.0,0.0,0.0,0.08,0.04
6,PE_only,0.013405,0.2,0.25,0.3,0.7,0.7,0.75,0.9,0.0,0.0,0.0,0.12,0.04
8,PE_FED,0.013405,0.15,0.2,0.45,0.65,0.65,0.8,0.85,0.0,0.0,0.0,0.1,0.04
8,PE_FED,0.013403,0.15,0.2,0.4,0.55,0.7,0.8,0.95,0.5,0.0,0.0,0.12,0.05
8,PE_only,0.013402,0.15,0.25,0.3,0.7,0.75,0.8,0.85,0.0,0.0,0.0,0.08,0.04
6,PE_only,0.013401,0.05,0.25,0.35,0.7,0.7,0.75,0.9,0.0,0.0,0.0,0.12,0.04
8,PB_FED,0.013395,0.2,0.3,0.45,0.55,0.7,0.8,0.95,0.5,0.0,0.0,0.1,0.03
8,PE_FED,0.013392,0.1,0.25,0.4,0.6,0.65,0.75,0.95,0.5,0.0,0.0,0.12,0.04
6,PE_only,0.013386,0.15,0.25,0.3,0.7,0.7,0.75,0.9,0.0,0.0,0.0,0.06,0.03
6,PB_FED,0.013386,0.05,0.3,0.35,0.6,0.7,0.85,0.9,-0.5,0.0,0.0,0.08,0.03
8,PB_FED,0.013386,0.1,0.15,0.35,0.55,0.75,0.85,0.95,1.0,0.0,0.0,0.08,0.05
8,PE_only,0.013382,0.05,0.25,0.3,0.65,0.75,0.8,0.9,0.0,0.0,0.0,0.06,0.05
8,PE_only,0.01338,0.05,0.2,0.4,0.65,0.7,0.85,0.9,0.0,0.0,0.0,0.08,0.04
8,PB_FED,0.013373,0.15,0.25,0.35,0.55,0.7,0.8,0.9,1.0,0.0,0.0,0.06,0.03
6,PE_FED,0.013371,0.15,0.25,0.3,0.65,0.7,0.75,0.95,-0.5,0.0,0.0,0.1,0.05
8,PE_FED,0.013369,0.05,0.25,0.4,0.65,0.75,0.85,0.9,-0.5,0.0,0.0,0.06,0.03
8,PB_FED,0.013367,0.05,0.3,0.35,0.6,0.7,0.85,0.9,0.5,0.0,0.0,0.06,0.05
8,PE_FED,0.013362,0.05,0.15,0.35,0.55,0.65,0.85,0.95,0.5,0.0,0.0,0.08,0.05
6,PE_only,0.01336,0.05,0.2,0.35,0.7,0.7,0.75,0.9,0.0,0.0,0.0,0.06,0.05
8,PE_only,0.01336,0.2,0.3,0.35,0.65,0.65,0.75,0.9,0.0,0.0,0.0,0.1,0.04
8,PE_only,0.01336,0.2,0.25,0.3,0.65,0.65,0.8,0.9,0.0,0.0,0.0,0.12,0.03
8,PB_FED,0.01336,0.2,0.25,0.45,0.5,0.65,0.85,0.95,-0.5,0.0,0.0,0.1,0.03
6,PB_FED,0.013359,0.15,0.25,0.45,0.55,0.75,0.8,0.85,0.0,0.0,0.0,0.06,0.03
6,PB_FED,0.013358,0.1,0.3,0.35,0.6,0.65,0.85,0.9,-0.5,0.0,0.0,0.06,0.04
6,PB_FED,0.013357,0.1,0.2,0.4,0.5,0.7,0.85,0.95,0.0,0.0,0.0,0.08,0.03
6,PB_only,0.013355,0.15,0.25,0.4,0.6,0.65,0.8,0.95,0.0,0.0,0.0,0.1,0.04
6,PE_FED,0.013354,0.15,0.2,0.4,0.65,0.7,0.75,0.95,0.0,0.0,0.0,0.08,0.03
6,PB_only,0.013353,0.15,0.2,0.3,0.5,0.65,0.75,0.9,0.0,0.0,0.0,0.1,0.03
8,PE_FED,0.013353,0.2,0.3,0.45,0.6,0.7,0.75,0.9,0.0,0.0,0.0,0.1,0.05
8,PB_FED,0.013353,0.1,0.3,0.35,0.5,0.65,0.8,0.9,0.5,0.0,0.0,0.06,0.03
6,PE_FED,0.013346,0.05,0.15,0.3,0.7,0.65,0.85,0.95,0.0,0.0,0.0,0.1,0.03
8,PE_PB_FED,0.013346,0.1,0.2,0.4,0.6,0.75,0.8,0.95,0.5,0.65,0.7,0.1,0.03
8,PE_FED,0.013344,0.2,0.25,0.35,0.5,0.65,0.75,0.95,-0.5,0.0,0.0,0.12,0.05
6,PB_FED,0.013342,0.05,0.2,0.45,0.55,0.7,0.85,0.95,0.0,0.0,0.0,0.06,0.05
8,PE_only,0.013342,0.2,0.25,0.4,0.55,0.65,0.75,0.95,0.0,0.0,0.0,0.08,0.03
8,PE_FED,0.013337,0.2,0.3,0.45,0.7,0.7,0.85,0.9,0.0,0.0,0.0,0.1,0.04
6,PE_only,0.013336,0.1,0.3,0.35,0.7,0.65,0.85,0.95,0.0,0.0,0.0,0.1,0.03
6,PB_only,0.013335,0.1,0.2,0.3,0.55,0.7,0.8,0.9,0.0,0.0,0.0,0.06,0.05
6,PB_only,0.013335,0.15,0.3,0.4,0.55,0.7,0.75,0.95,0.0,0.0,0.0,0.08,0.03
6,PB_only,0.013334,0.05,0.25,0.3,0.55,0.75,0.8,0.9,0.0,0.0,0.0,0.12,0.03
6,PB_only,0.013332,0.1,0.15,0.3,0.5,0.7,0.75,0.85,0.0,0.0,0.0,0.06,0.04
8,PE_only,0.013325,0.15,0.25,0.35,0.65,0.65,0.8,0.9,0.0,0.0,0.0,0.12,0.05
6,PB_only,0.013321,0.15,0.3,0.35,0.6,0.7,0.8,0.9,0.0,0.0,0.0,0.1,0.05
6,PE_only,0.013317,0.1,0.2,0.45,0.65,0.65,0.85,0.95,0.0,0.0,0.0,0.06,0.05
8,PB_only,0.013316,0.05,0.15,0.4,0.5,0.65,0.85,0.95,0.0,0.0,0.0,0.06,0.05
8,PE_only,0.013314,0.1,0.15,0.4,0.5,0.75,0.8,0.95,0.0,0.0,0.0,0.1,0.05
6,PE_only,0.013313,0.1,0.25,0.3,0.65,0.7,0.85,0.95,0.0,0.0,0.0,0.06,0.03
8,PB_FED,0.013311,0.15,0.3,0.35,0.55,0.65,0.8,0.9,0.5,0.0,0.0,0.1,0.05
8,PE_only,0.01331,0.05,0.2,0.4,0.6,0.65,0.75,0.9,0.0,0.0,0.0,0.1,0.03
8,PB_only,0.01331,0.1,0.25,0.35,0.5,0.75,0.8,0.95,0.0,0.0,0.0,0.12,0.05
8,PE_FED,0.013309,0.15,0.25,0.4,0.6,0.7,0.75,0.95,0.5,0.0,0.0,0.1,0.04
8,PE_only,0.013306,0.05,0.25,0.3,0.7,0.65,0.85,0.9,0.0,0.0,0.0,0.06,0.05
8,PE_only,0.013305,0.1,0.2,0.45,0.7,0.75,0.8,0.85,0.0,0.0,0.0,0.06,0.05
8,PB_only,0.013304,0.05,0.25,0.45,0.55,0.7,0.85,0.95,0.0,0.0,0.0,0.12,0.04
8,PE_PB_FED,0.013299,0.15,0.2,0.3,0.5,0.7,0.85,0.95,0.0,0.65,0.7,0.08,0.05
8,PE_PB_FED,0.013299,0.1,0.3,0.35,0.7,0.75,0.85,0.95,0.0,0.6,0.8,0.08,0.05
6,PE_only,0.013291,0.2,0.3,0.45,0.65,0.65,0.75,0.95,0.0,0.0,0.0,0.06,0.03
8,PB_only,0.01329,0.2,0.3,0.35,0.5,0.7,0.75,0.95,0.0,0.0,0.0,0.1,0.04
6,PE_only,0.013289,0.05,0.3,0.45,0.65,0.7,0.75,0.95,0.0,0.0,0.0,0.06,0.05
8,PB_FED,0.013284,0.1,0.3,0.4,0.7,0.75,0.85,0.95,1.0,0.0,0.0,0.06,0.03
8,PB_FED,0.013284,0.1,0.25,0.4,0.65,0.65,0.8,0.9,1.0,0.0,0.0,0.12,0.05
8,PE_FED,0.013281,0.2,0.25,0.35,0.65,0.75,0.85,0.9,0.0,0.0,0.0,0.12,0.05
6,PB_only,0.013279,0.05,0.3,0.4,0.6,0.75,0.85,0.9,0.0,0.0,0.0,0.12,0.03
8,PB_only,0.013277,0.05,0.25,0.45,0.5,0.7,0.8,0.85,0.0,0.0,0.0,0.08,0.04
6,PE_only,0.013267,0.1,0.15,0.35,0.65,0.65,0.75,0.9,0.0,0.0,0.0,0.08,0.03
8,PE_only,0.013267,0.1,0.25,0.45,0.55,0.75,0.8,0.95,0.0,0.0,0.0,0.1,0.03
6,PB_only,0.013264,0.15,0.2,0.35,0.55,0.75,0.8,0.85,0.0,0.0,0.0,0.08,0.04
8,PE_FED,0.013257,0.1,0.25,0.45,0.65,0.7,0.75,0.85,0.0,0.0,0.0,0.06,0.04
8,PE_FED,0.013256,0.1,0.25,0.45,0.65,0.7,0.85,0.9,0.0,0.0,0.0,0.08,0.05
8,PE_only,0.013255,0.2,0.25,0.3,0.55,0.65,0.8,0.95,0.0,0.0,0.0,0.08,0.05
8,PE_FED,0.01325,0.1,0.25,0.45,0.7,0.7,0.8,0.95,0.5,0.0,0.0,0.06,0.03
6,PE_PB,0.013246,0.05,0.15,0.4,0.65,0.7,0.8,0.95,0.0,0.65,0.0,0.1,0.03
8,PE_FED,0.01324,0.05,0.3,0.4,0.55,0.65,0.85,0.95,-0.5,0.0,0.0,0.06,0.03
8,PE_PB,0.013236,0.05,0.15,0.4,0.6,0.65,0.75,0.95,0.0,0.6,0.0,0.12,0.03
6,PB_only,0.013232,0.15,0.2,0.35,0.55,0.65,0.8,0.9,0.0,0.0,0.0,0.08,0.04
8,PB_FED,0.013232,0.05,0.25,0.35,0.65,0.75,0.8,0.85,1.0,0.0,0.0,0.06,0.03
6,PB_FED,0.013231,0.05,0.3,0.35,0.55,0.7,0.8,0.95,0.0,0.0,0.0,0.12,0.03
8,PB_only,0.013231,0.15,0.25,0.4,0.5,0.65,0.8,0.95,0.0,0.0,0.0,0.06,0.03
6,PB_only,0.01323,0.15,0.25,0.45,0.6,0.7,0.8,0.85,0.0,0.0,0.0,0.06,0.05
8,PE_only,0.01323,0.2,0.25,0.4,0.55,0.75,0.8,0.95,0.0,0.0,0.0,0.06,0.03
8,PE_FED,0.01323,0.1,0.15,0.45,0.55,0.75,0.8,0.9,-0.5,0.0,0.0,0.12,0.04
8,PB_only,0.01323,0.15,0.3,0.35,0.5,0.7,0.85,0.9,0.0,0.0,0.0,0.08,0.03
6,PE_only,0.013229,0.05,0.2,0.45,0.65,0.65,0.85,0.95,0.0,0.0,0.0,0.1,0.04
6,PB_FED,0.013227,0.05,0.3,0.45,0.6,0.65,0.75,0.85,-0.5,0.0,0.0,0.08,0.04
6,PE_only,0.013224,0.2,0.3,0.45,0.7,0.75,0.85,0.95,0.0,0.0,0.0,0.1,0.05
6,PB_FED,0.013224,0.2,0.25,0.4,0.55,0.75,0.8,0.9,-0.5,0.0,0.0,0.08,0.04
8,PE_FED,0.013223,0.1,0.25,0.45,0.5,0.7,0.8,0.95,-0.5,0.0,0.0,0.08,0.04
8,PB_only,0.013218,0.15,0.3,0.4,0.55,0.65,0.85,0.95,0.0,0.0,0.0,0.12,0.05
8,PE_only,0.013216,0.15,0.2,0.35,0.6,0.75,0.8,0.9,0.0,0.0,0.0,0.12,0.04
8,PE_only,0.013215,0.15,0.25,0.3,0.55,0.75,0.85,0.95,0.0,0.0,0.0,0.06,0.04
6,PE_FED,0.013211,0.2,0.25,0.45,0.7,0.7,0.85,0.95,-0.5,0.0,0.0,0.06,0.04
8,PB_FED,0.013209,0.2,0.3,0.35,0.5,0.7,0.75,0.95,1.0,0.0,0.0,0.06,0.04
6,PB_only,0.013205,0.15,0.2,0.3,0.55,0.7,0.8,0.9,0.0,0.0,0.0,0.1,0.05
8,PE_only,0.013204,0.1,0.15,0.35,0.6,0.7,0.8,0.9,0.0,0.0,0.0,0.06,0.05
8,PB_FED,0.013204,0.2,0.25,0.35,0.55,0.75,0.8,0.85,0.5,0.0,0.0,0.06,0.05
8,PB_only,0.0132,0.05,0.2,0.4,0.5,0.75,0.85,0.9,0.0,0.0,0.0,0.12,0.04
8,PE_only,0.013195,0.05,0.2,0.35,0.7,0.75,0.8,0.85,0.0,0.0,0.0,0.12,0.03
8,PB_only,0.013195,0.1,0.25,0.3,0.5,0.75,0.85,0.95,0.0,0.0,0.0,0.08,0.04
8,PB_only,0.013195,0.1,0.25,0.3,0.5,0.75,0.85,0.95,0.0,0.0,0.0,0.06,0.04
6,PB_only,0.013194,0.1,0.25,0.4,0.55,0.65,0.75,0.95,0.0,0.0,0.0,0.12,0.04
8,PE_PB_FED,0.013192,0.05,0.15,0.35,0.65,0.75,0.8,0.95,1.0,0.6,0.8,0.06,0.03
8,PB_FED,0.01319,0.05,0.25,0.4,0.5,0.65,0.85,0.95,-0.5,0.0,0.0,0.06,0.04
8,PB_only,0.013189,0.2,0.3,0.35,0.5,0.7,0.75,0.9,0.0,0.0,0.0,0.12,0.05
6,PB_only,0.013184,0.1,0.25,0.35,0.55,0.65,0.85,0.9,0.0,0.0,0.0,0.12,0.03
8,PE_FED,0.013184,0.2,0.25,0.35,0.65,0.65,0.75,0.85,-0.5,0.0,0.0,0.1,0.05
8,PE_only,0.013183,0.15,0.25,0.45,0.7,0.7,0.85,0.9,0.0,0.0,0.0,0.12,0.05
8,PB_only,0.013183,0.15,0.3,0.35,0.5,0.65,0.75,0.95,0.0,0.0,0.0,0.06,0.04
6,PE_FED,0.013182,0.15,0.25,0.4,0.7,0.65,0.8,0.95,0.0,0.0,0.0,0.1,0.03
8,PE_PB_FED,0.013182,0.05,0.2,0.4,0.65,0.75,0.8,0.9,0.0,0.65,0.7,0.12,0.03
8,PE_PB,0.013181,0.05,0.15,0.35,0.7,0.7,0.75,0.9,0.0,0.65,0.0,0.06,0.04
8,PE_FED,0.01318,0.05,0.2,0.4,0.6,0.65,0.85,0.9,0.0,0.0,0.0,0.12,0.03
8,PB_only,0.013177,0.05,0.25,0.3,0.5,0.65,0.85,0.95,0.0,0.0,0.0,0.12,0.03
6,PE_only,0.013174,0.2,0.3,0.45,0.65,0.7,0.8,0.95,0.0,0.0,0.0,0.1,0.05
8,PE_FED,0.013174,0.1,0.2,0.35,0.55,0.7,0.85,0.9,0.0,0.0,0.0,0.12,0.04
8,PE_only,0.013165,0.2,0.3,0.35,0.6,0.65,0.85,0.95,0.0,0.0,0.0,0.08,0.05
8,PB_only,0.013164,0.15,0.25,0.4,0.5,0.7,0.8,0.85,0.0,0.0,0.0,0.06,0.05
6,PE_only,0.013162,0.05,0.25,0.4,0.65,0.7,0.85,0.95,0.0,0.0,0.0,0.08,0.04
8,PE_PB,0.013153,0.15,0.25,0.45,0.7,0.7,0.8,0.95,0.0,0.65,0.0,0.06,0.04
8,PE_PB,0.013152,0.2,0.25,0.4,0.7,0.65,0.8,0.95,0.0,0.65,0.0,0.08,0.03
8,PB_FED,0.01314,0.15,0.2,0.4,0.55,0.7,0.75,0.85,1.0,0.0,0.0,0.12,0.05
6,PE_FED,0.013135,0.1,0.2,0.45,0.7,0.7,0.8,0.95,0.0,0.0,0.0,0.06,0.05
8,PE_FED,0.013135,0.05,0.25,0.45,0.5,0.7,0.8,0.95,-0.5,0.0,0.0,0.08,0.04
8,PE_PB,0.013133,0.1,0.15,0.35,0.65,0.7,0.8,0.95,0.0,0.6,0.0,0.08,0.04
8,PE_FED,0.013133,0.15,0.25,0.45,0.55,0.65,0.8,0.9,0.0,0.0,0.0,0.1,0.03
8,PB_FED,0.013127,0.1,0.3,0.35,0.55,0.65,0.75,0.9,1.0,0.0,0.0,0.12,0.05
8,PE_PB_FED,0.013121,0.05,0.25,0.3,0.55,0.65,0.85,0.95,0.0,0.6,0.8,0.06,0.03
8,PE_only,0.01312,0.05,0.15,0.3,0.55,0.65,0.75,0.9,0.0,0.0,0.0,0.12,0.03
8,PB_FED,0.013119,0.05,0.3,0.45,0.5,0.65,0.85,0.9,-0.5,0.0,0.0,0.06,0.03
6,PB_only,0.013118,0.1,0.2,0.3,0.5,0.7,0.75,0.95,0.0,0.0,0.0,0.08,0.03
6,PB_only,0.013114,0.15,0.2,0.4,0.55,0.7,0.8,0.9,0.0,0.0,0.0,0.1,0.03
6,PB_only,0.013113,0.2,0.3,0.4,0.6,0.75,0.8,0.85,0.0,0.0,0.0,0.1,0.04
8,PB_FED,0.01311,0.05,0.15,0.45,0.6,0.7,0.85,0.9,1.0,0.0,0.0,0.12,0.03
8,PB_only,0.013108,0.1,0.25,0.4,0.5,0.65,0.8,0.9,0.0,0.0,0.0,0.08,0.05
8,PE_FED,0.013107,0.1,0.15,0.3,0.55,0.7,0.8,0.85,0.0,0.0,0.0,0.12,0.05
8,PE_only,0.013105,0.1,0.15,0.35,0.55,0.7,0.75,0.9,0.0,0.0,0.0,0.1,0.04
6,PB_only,0.013104,0.1,0.15,0.35,0.5,0.7,0.75,0.95,0.0,0.0,0.0,0.1,0.03
8,PE_FED,0.013102,0.1,0.2,0.45,0.6,0.7,0.75,0.85,0.0,0.0,0.0,0.06,0.04
6,PB_only,0.013099,0.1,0.25,0.3,0.55,0.7,0.8,0.95,0.0,0.0,0.0,0.06,0.03
6,PB_FED,0.013099,0.1,0.15,0.3,0.5,0.65,0.85,0.9,-0.5,0.0,0.0,0.06,0.04
8,PB_only,0.013099,0.1,0.2,0.4,0.5,0.65,0.85,0.95,0.0,0.0,0.0,0.06,0.03
8,PE_FED,0.013097,0.05,0.25,0.3,0.65,0.7,0.75,0.85,-0.5,0.0,0.0,0.08,0.03
6,PB_only,0.01309,0.05,0.3,0.4,0.6,0.65,0.75,0.95,0.0,0.0,0.0,0.06,0.04
8,PE_only,0.013086,0.05,0.25,0.3,0.55,0.65,0.85,0.95,0.0,0.0,0.0,0.12,0.04
8,PE_PB_FED,0.013086,0.05,0.3,0.4,0.7,0.65,0.8,0.95,0.0,0.55,0.7,0.08,0.05
6,PE_FED,0.013084,0.05,0.3,0.35,0.7,0.7,0.75,0.95,-0.5,0.0,0.0,0.06,0.03
8,PE_only,0.013082,0.05,0.2,0.35,0.6,0.65,0.8,0.9,0.0,0.0,0.0,0.12,0.04
8,PB_FED,0.013081,0.05,0.25,0.45,0.5,0.75,0.85,0.95,-0.5,0.0,0.0,0.12,0.04
6,PB_FED,0.013079,0.15,0.3,0.45,0.6,0.75,0.8,0.95,-0.5,0.0,0.0,0.06,0.05
8,PE_FED,0.013076,0.05,0.25,0.35,0.7,0.65,0.8,0.95,0.5,0.0,0.0,0.12,0.04
6,PE_only,0.013073,0.05,0.25,0.3,0.65,0.65,0.85,0.95,0.0,0.0,0.0,0.1,0.03
8,PE_only,0.013071,0.1,0.25,0.3,0.7,0.65,0.85,0.9,0.0,0.0,0.0,0.06,0.03
8,PB_FED,0.013069,0.1,0.15,0.45,0.65,0.75,0.85,0.9,1.0,0.0,0.0,0.12,0.04
6,PE_FED,0.013066,0.2,0.25,0.45,0.7,0.65,0.75,0.95,-0.5,0.0,0.0,0.06,0.03
8,PE_FED,0.013066,0.1,0.2,0.4,0.5,0.7,0.75,0.95,0.5,0.0,0.0,0.1,0.05
6,PE_FED,0.013055,0.1,0.3,0.35,0.7,0.65,0.75,0.95,-0.5,0.0,0.0,0.12,0.03
6,PB_FED,0.013055,0.1,0.3,0.35,0.6,0.65,0.85,0.95,0.0,0.0,0.0,0.12,0.04
8,PE_only,0.013053,0.05,0.3,0.45,0.7,0.65,0.8,0.9,0.0,0.0,0.0,0.08,0.03
6,PB_only,0.013051,0.15,0.3,0.4,0.6,0.65,0.85,0.9,0.0,0.0,0.0,0.1,0.04
8,PE_FED,0.013048,0.05,0.2,0.3,0.6,0.75,0.85,0.9,-0.5,0.0,0.0,0.08,0.03
6,PB_only,0.013047,0.1,0.15,0.35,0.55,0.7,0.8,0.95,0.0,0.0,0.0,0.08,0.05
8,PB_FED,0.013045,0.2,0.25,0.3,0.6,0.65,0.75,0.85,1.0,0.0,0.0,0.08,0.05
6,PB_FED,0.013042,0.1,0.15,0.3,0.5,0.75,0.85,0.9,-0.5,0.0,0.0,0.12,0.04
8,PE_only,0.013041,0.1,0.25,0.35,0.6,0.65,0.75,0.9,0.0,0.0,0.0,0.1,0.04
8,PE_only,0.013041,0.1,0.3,0.4,0.65,0.7,0.75,0.9,0.0,0.0,0.0,0.12,0.03
6,PE_only,0.013039,0.05,0.15,0.45,0.7,0.65,0.75,0.9,0.0,0.0,0.0,0.08,0.03
6,PB_only,0.013039,0.15,0.3,0.35,0.6,0.65,0.8,0.95,0.0,0.0,0.0,0.1,0.05
6,PB_only,0.013033,0.05,0.25,0.35,0.6,0.75,0.8,0.85,0.0,0.0,0.0,0.06,0.05
8,PE_only,0.013031,0.2,0.3,0.35,0.6,0.75,0.85,0.95,0.0,0.0,0.0,0.1,0.03
6,PB_FED,0.013014,0.15,0.2,0.3,0.5,0.7,0.8,0.95,-0.5,0.0,0.0,0.06,0.05
6,PB_FED,0.013014,0.15,0.2,0.3,0.5,0.65,0.8,0.95,-0.5,0.0,0.0,0.12,0.05
8,PE_FED,0.013013,0.2,0.25,0.35,0.6,0.75,0.85,0.9,0.0,0.0,0.0,0.12,0.04
8,PB_only,0.013011,0.1,0.3,0.35,0.5,0.75,0.8,0.9,0.0,0.0,0.0,0.12,0.04
8,PB_only,0.013011,0.1,0.3,0.35,0.5,0.7,0.8,0.9,0.0,0.0,0.0,0.12,0.04
6,PB_only,0.01301,0.05,0.2,0.35,0.55,0.75,0.8,0.85,0.0,0.0,0.0,0.08,0.04
6,PE_FED,0.013008,0.1,0.25,0.4,0.7,0.7,0.75,0.95,0.0,0.0,0.0,0.1,0.04
6,PE_only,0.013006,0.05,0.25,0.3,0.7,0.75,0.8,0.9,0.0,0.0,0.0,0.06,0.04
6,PB_only,0.013006,0.1,0.3,0.35,0.6,0.75,0.8,0.95,0.0,0.0,0.0,0.06,0.05
6,PE_FED,0.013005,0.05,0.25,0.3,0.65,0.65,0.8,0.95,-0.5,0.0,0.0,0.06,0.05
8,PE_only,0.013005,0.1,0.25,0.45,0.55,0.7,0.8,0.95,0.0,0.0,0.0,0.12,0.04
8,PE_only,0.013005,0.1,0.25,0.45,0.55,0.75,0.8,0.95,0.0,0.0,0.0,0.12,0.04
8,PE_only,0.013005,0.15,0.3,0.35,0.55,0.65,0.8,0.95,0.0,0.0,0.0,0.12,0.03
8,PE_only,0.013005,0.1,0.25,0.45,0.55,0.7,0.8,0.95,0.0,0.0,0.0,0.08,0.04
6,PB_FED,0.013004,0.15,0.3,0.35,0.6,0.65,0.8,0.85,-0.5,0.0,0.0,0.08,0.05
8,PE_only,0.013003,0.05,0.15,0.3,0.65,0.65,0.8,0.85,0.0,0.0,0.0,0.06,0.03
8,PE_only,0.013001,0.05,0.15,0.4,0.6,0.7,0.8,0.9,0.0,0.0,0.0,0.12,0.05
8,PE_FED,0.013001,0.15,0.2,0.45,0.65,0.65,0.8,0.85,0.0,0.0,0.0,0.08,0.03
6,PB_only,0.013,0.15,0.3,0.4,0.6,0.75,0.85,0.9,0.0,0.0,0.0,0.12,0.04
8,PE_only,0.012991,0.15,0.25,0.3,0.55,0.7,0.85,0.95,0.0,0.0,0.0,0.1,0.05
8,PE_FED,0.01299,0.05,0.15,0.3,0.7,0.65,0.75,0.9,0.5,0.0,0.0,0.1,0.03
6,PB_FED,0.012987,0.2,0.25,0.35,0.5,0.65,0.75,0.9,-0.5,0.0,0.0,0.06,0.03
8,PE_FED,0.012987,0.15,0.2,0.3,0.5,0.75,0.8,0.95,0.5,0.0,0.0,0.06,0.04
6,PB_only,0.012979,0.1,0.2,0.45,0.6,0.65,0.85,0.95,0.0,0.0,0.0,0.1,0.04
8,PE_only,0.012977,0.05,0.25,0.35,0.6,0.65,0.75,0.9,0.0,0.0,0.0,0.1,0.04
6,PB_only,0.012973,0.05,0.2,0.35,0.55,0.65,0.8,0.9,0.0,0.0,0.0,0.06,0.04
8,PE_FED,0.01297,0.2,0.25,0.4,0.5,0.65,0.8,0.95,-0.5,0.0,0.0,0.1,0.04
8,PE_FED,0.01297,0.2,0.3,0.4,0.55,0.7,0.85,0.95,-0.5,0.0,0.0,0.08,0.04
6,PE_only,0.012969,0.1,0.15,0.45,0.65,0.7,0.75,0.9,0.0,0.0,0.0,0.08,0.04
6,PB_FED,0.012968,0.15,0.25,0.45,0.55,0.75,0.8,0.9,-0.5,0.0,0.0,0.1,0.04
8,PE_FED,0.012967,0.2,0.25,0.4,0.65,0.65,0.75,0.85,-0.5,0.0,0.0,0.12,0.05
8,PB_only,0.012967,0.05,0.3,0.4,0.5,0.75,0.8,0.85,0.0,0.0,0.0,0.12,0.03
8,PE_PB_FED,0.012966,0.05,0.3,0.45,0.7,0.75,0.8,0.95,-0.5,0.6,0.8,0.1,0.03
6,PB_only,0.012962,0.05,0.25,0.45,0.6,0.65,0.8,0.9,0.0,0.0,0.0,0.06,0.05
8,PB_FED,0.012962,0.1,0.25,0.45,0.5,0.65,0.8,0.95,0.5,0.0,0.0,0.06,0.03
8,PE_only,0.012961,0.1,0.3,0.35,0.65,0.7,0.8,0.9,0.0,0.0,0.0,0.06,0.04
6,PB_FED,0.012953,0.1,0.25,0.45,0.55,0.65,0.8,0.9,-0.5,0.0,0.0,0.08,0.04
8,PB_FED,0.012953,0.15,0.3,0.4,0.7,0.7,0.8,0.9,1.0,0.0,0.0,0.06,0.04
8,PE_only,0.012949,0.15,0.25,0.4,0.6,0.65,0.75,0.9,0.0,0.0,0.0,0.08,0.04
8,PE_PB_FED,0.012949,0.1,0.2,0.45,0.55,0.7,0.75,0.95,0.0,0.5,0.7,0.12,0.05
6,PE_only,0.012945,0.05,0.15,0.35,0.65,0.75,0.8,0.9,0.0,0.0,0.0,0.08,0.04
8,PB_FED,0.012944,0.15,0.2,0.35,0.65,0.75,0.85,0.9,1.0,0.0,0.0,0.06,0.04
6,PB_FED,0.012942,0.2,0.25,0.45,0.5,0.65,0.75,0.95,0.0,0.0,0.0,0.1,0.03
8,PE_only,0.01294,0.1,0.3,0.35,0.65,0.7,0.75,0.9,0.0,0.0,0.0,0.1,0.05
8,PB_FED,0.012938,0.1,0.25,0.4,0.6,0.75,0.8,0.85,1.0,0.0,0.0,0.08,0.03
8,PE_PB_FED,0.012937,0.2,0.25,0.3,0.65,0.65,0.75,0.9,0.0,0.65,0.8,0.12,0.03
8,PE_only,0.012929,0.05,0.3,0.45,0.6,0.75,0.85,0.95,0.0,0.0,0.0,0.06,0.04
8,PE_only,0.012925,0.2,0.25,0.35,0.55,0.75,0.8,0.95,0.0,0.0,0.0,0.08,0.05
6,PE_only,0.012922,0.1,0.15,0.4,0.65,0.7,0.8,0.9,0.0,0.0,0.0,0.12,0.04
8,PE_only,0.012922,0.1,0.25,0.4,0.7,0.65,0.85,0.9,0.0,0.0,0.0,0.06,0.05
6,PB_only,0.012921,0.15,0.3,0.4,0.6,0.65,0.8,0.95,0.0,0.0,0.0,0.08,0.03
8,PE_FED,0.012919,0.05,0.15,0.4,0.55,0.65,0.8,0.95,1.0,0.0,0.0,0.12,0.04
8,PE_FED,0.012913,0.1,0.15,0.35,0.7,0.7,0.75,0.9,0.5,0.0,0.0,0.06,0.03
8,PE_FED,0.012912,0.1,0.15,0.45,0.55,0.7,0.8,0.9,-0.5,0.0,0.0,0.1,0.03
8,PE_FED,0.012912,0.1,0.15,0.45,0.55,0.65,0.8,0.9,-0.5,0.0,0.0,0.1,0.03
8,PB_FED,0.01291,0.1,0.25,0.4,0.65,0.75,0.8,0.85,1.0,0.0,0.0,0.06,0.04
6,PE_only,0.012902,0.1,0.2,0.45,0.65,0.7,0.85,0.95,0.0,0.0,0.0,0.08,0.03
6,PB_only,0.012902,0.05,0.15,0.3,0.55,0.75,0.85,0.9,0.0,0.0,0.0,0.12,0.05
6,PE_PB,0.012898,0.1,0.15,0.4,0.65,0.75,0.8,0.95,0.0,0.65,0.0,0.12,0.05
6,PB_only,0.012888,0.1,0.15,0.3,0.55,0.75,0.85,0.95,0.0,0.0,0.0,0.12,0.05
6,PB_only,0.012888,0.1,0.15,0.3,0.55,0.65,0.85,0.95,0.0,0.0,0.0,0.08,0.05
8,PE_PB_FED,0.012887,0.05,0.15,0.35,0.65,0.65,0.75,0.95,0.5,0.55,0.75,0.06,0.04
8,PE_only,0.012886,0.1,0.25,0.35,0.7,0.7,0.8,0.85,0.0,0.0,0.0,0.12,0.04
8,PE_only,0.012886,0.2,0.25,0.4,0.65,0.65,0.8,0.9,0.0,0.0,0.0,0.1,0.03
8,PB_only,0.012886,0.15,0.2,0.45,0.5,0.75,0.8,0.95,0.0,0.0,0.0,0.06,0.04
8,PE_only,0.012885,0.05,0.15,0.4,0.65,0.65,0.8,0.85,0.0,0.0,0.0,0.12,0.04
8,PE_PB_FED,0.012885,0.2,0.3,0.4,0.7,0.65,0.85,0.95,-0.5,0.65,0.8,0.08,0.05
8,PB_only,0.012884,0.2,0.3,0.45,0.5,0.7,0.75,0.9,0.0,0.0,0.0,0.06,0.04
8,PB_FED,0.012884,0.05,0.2,0.45,0.7,0.75,0.85,0.95,1.0,0.0,0.0,0.1,0.05
8,PE_only,0.012883,0.15,0.2,0.3,0.5,0.75,0.8,0.95,0.0,0.0,0.0,0.06,0.04
6,PB_FED,0.012881,0.05,0.2,0.3,0.5,0.7,0.8,0.85,0.0,0.0,0.0,0.12,0.05
6,PE_only,0.01288,0.1,0.2,0.35,0.7,0.75,0.8,0.9,0.0,0.0,0.0,0.06,0.05
6,PE_only,0.01288,0.1,0.2,0.35,0.7,0.7,0.8,0.9,0.0,0.0,0.0,0.08,0.05
8,PE_FED,0.012876,0.15,0.2,0.35,0.6,0.75,0.85,0.9,-0.5,0.0,0.0,0.12,0.03
8,PB_only,0.012875,0.05,0.3,0.4,0.5,0.7,0.75,0.9,0.0,0.0,0.0,0.08,0.05
8,PE_only,0.012874,0.1,0.25,0.3,0.7,0.65,0.8,0.85,0.0,0.0,0.0,0.1,0.05
8,PE_FED,0.012874,0.1,0.3,0.45,0.7,0.65,0.75,0.85,0.0,0.0,0.0,0.1,0.05
8,PE_FED,0.012872,0.05,0.3,0.35,0.5,0.65,0.75,0.95,-0.5,0.0,0.0,0.06,0.04
8,PE_only,0.012868,0.1,0.2,0.4,0.6,0.7,0.75,0.9,0.0,0.0,0.0,0.1,0.05
6,PB_FED,0.012867,0.2,0.3,0.4,0.55,0.65,0.8,0.9,0.0,0.0,0.0,0.12,0.04
8,PE_PB,0.012867,0.1,0.15,0.45,0.7,0.65,0.75,0.95,0.0,0.6,0.0,0.1,0.04
6,PB_only,0.012865,0.05,0.15,0.4,0.55,0.75,0.85,0.9,0.0,0.0,0.0,0.1,0.03
6,PB_only,0.012865,0.05,0.15,0.4,0.55,0.7,0.85,0.9,0.0,0.0,0.0,0.06,0.03
6,PB_only,0.012865,0.05,0.15,0.4,0.55,0.75,0.85,0.9,0.0,0.0,0.0,0.08,0.03
8,PE_only,0.012865,0.1,0.15,0.45,0.5,0.65,0.75,0.95,0.0,0.0,0.0,0.12,0.04
8,PE_only,0.012865,0.1,0.15,0.45,0.5,0.65,0.75,0.95,0.0,0.0,0.0,0.08,0.04
8,PB_only,0.012864,0.05,0.25,0.35,0.5,0.75,0.8,0.95,0.0,0.0,0.0,0.12,0.05
8,PB_FED,0.012855,0.1,0.2,0.3,0.55,0.7,0.85,0.95,1.0,0.0,0.0,0.08,0.05
6,PE_FED,0.012854,0.1,0.2,0.4,0.65,0.7,0.85,0.95,-0.5,0.0,0.0,0.08,0.04
8,PE_only,0.012851,0.05,0.15,0.4,0.65,0.7,0.8,0.85,0.0,0.0,0.0,0.06,0.05
8,PE_FED,0.012848,0.1,0.25,0.45,0.65,0.7,0.85,0.9,-0.5,0.0,0.0,0.08,0.03
8,PB_FED,0.012848,0.05,0.3,0.4,0.55,0.75,0.8,0.95,0.5,0.0,0.0,0.08,0.04
6,PE_only,0.012847,0.1,0.2,0.45,0.7,0.7,0.75,0.9,0.0,0.0,0.0,0.06,0.03
8,PE_FED,0.012843,0.05,0.3,0.4,0.7,0.7,0.75,0.85,0.0,0.0,0.0,0.1,0.04
8,PE_FED,0.012836,0.1,0.3,0.35,0.65,0.75,0.85,0.9,0.0,0.0,0.0,0.12,0.05
8,PE_FED,0.012831,0.1,0.15,0.45,0.6,0.65,0.85,0.9,-0.5,0.0,0.0,0.12,0.05
8,PE_only,0.012827,0.1,0.25,0.45,0.65,0.65,0.8,0.9,0.0,0.0,0.0,0.06,0.03
8,PE_PB_FED,0.012823,0.05,0.2,0.35,0.5,0.65,0.8,0.95,-0.5,0.65,0.75,0.1,0.03
8,PE_only,0.012819,0.05,0.25,0.3,0.65,0.65,0.85,0.9,0.0,0.0,0.0,0.1,0.04
8,PB_only,0.012819,0.2,0.25,0.45,0.5,0.7,0.75,0.85,0.0,0.0,0.0,0.12,0.05
8,PE_FED,0.012811,0.2,0.25,0.4,0.6,0.65,0.85,0.9,0.0,0.0,0.0,0.1,0.04
8,PB_FED,0.012806,0.05,0.2,0.45,0.7,0.7,0.8,0.85,1.0,0.0,0.0,0.12,0.03
8,PE_PB_FED,0.012798,0.05,0.15,0.35,0.5,0.65,0.8,0.95,-0.5,0.6,0.75,0.08,0.05
8,PB_only,0.012791,0.1,0.3,0.45,0.5,0.75,0.8,0.85,0.0,0.0,0.0,0.1,0.03
8,PB_FED,0.012791,0.05,0.25,0.4,0.55,0.65,0.8,0.85,0.5,0.0,0.0,0.08,0.05
8,PE_PB_FED,0.01279,0.1,0.15,0.4,0.6,0.65,0.75,0.9,0.0,0.55,0.7,0.1,0.03
8,PE_only,0.012788,0.1,0.25,0.45,0.55,0.7,0.8,0.95,0.0,0.0,0.0,0.06,0.05
8,PE_PB_FED,0.012788,0.05,0.2,0.35,0.5,0.7,0.8,0.95,0.0,0.5,0.7,0.08,0.03
8,PE_PB_FED,0.012787,0.1,0.2,0.3,0.7,0.75,0.85,0.95,-0.5,0.55,0.8,0.12,0.04
8,PE_PB_FED,0.012787,0.1,0.15,0.45,0.65,0.65,0.8,0.95,-0.5,0.5,0.75,0.08,0.03
6,PE_PB,0.012785,0.05,0.15,0.45,0.7,0.7,0.8,0.95,0.0,0.65,0.0,0.08,0.04
8,PE_PB,0.012782,0.1,0.2,0.4,0.6,0.65,0.75,0.95,0.0,0.65,0.0,0.06,0.05
8,PE_FED,0.012782,0.05,0.3,0.35,0.7,0.65,0.85,0.9,0.0,0.0,0.0,0.06,0.03
8,PB_only,0.012782,0.2,0.3,0.45,0.55,0.7,0.8,0.95,0.0,0.0,0.0,0.08,0.04
8,PB_FED,0.01278,0.2,0.3,0.4,0.5,0.7,0.75,0.95,1.0,0.0,0.0,0.06,0.05
8,PB_only,0.012776,0.15,0.25,0.4,0.5,0.65,0.8,0.95,0.0,0.0,0.0,0.08,0.05
8,PE_only,0.012774,0.1,0.25,0.45,0.7,0.7,0.75,0.85,0.0,0.0,0.0,0.08,0.05
8,PE_only,0.012774,0.15,0.3,0.4,0.55,0.75,0.8,0.95,0.0,0.0,0.0,0.08,0.03
6,PB_only,0.012772,0.1,0.15,0.4,0.55,0.65,0.8,0.9,0.0,0.0,0.0,0.08,0.05
8,PE_only,0.012772,0.1,0.25,0.3,0.55,0.75,0.85,0.95,0.0,0.0,0.0,0.1,0.03
8,PE_PB_FED,0.01277,0.05,0.25,0.35,0.65,0.65,0.75,0.9,0.0,0.65,0.75,0.12,0.05
8,PE_PB_FED,0.01277,0.1,0.25,0.35,0.65,0.7,0.8,0.95,0.0,0.5,0.75,0.12,0.05
6,PE_FED,0.012766,0.2,0.25,0.3,0.65,0.7,0.8,0.95,-0.5,0.0,0.0,0.08,0.03
6,PB_only,0.012766,0.05,0.15,0.35,0.55,0.7,0.8,0.95,0.0,0.0,0.0,0.06,0.05
8,PE_FED,0.012765,0.1,0.15,0.45,0.6,0.75,0.85,0.9,-0.5,0.0,0.0,0.06,0.05
6,PB_only,0.012762,0.1,0.3,0.35,0.6,0.7,0.85,0.95,0.0,0.0,0.0,0.06,0.04
6,PB_FED,0.012759,0.05,0.25,0.35,0.55,0.7,0.85,0.9,0.0,0.0,0.0,0.06,0.05
8,PE_FED,0.012757,0.15,0.2,0.3,0.5,0.75,0.8,0.95,0.5,0.0,0.0,0.08,0.05
6,PB_only,0.012755,0.1,0.3,0.45,0.6,0.75,0.8,0.9,0.0,0.0,0.0,0.06,0.04
8,PB_only,0.012754,0.2,0.3,0.4,0.55,0.7,0.85,0.9,0.0,0.0,0.0,0.06,0.05
6,PB_FED,0.012749,0.05,0.3,0.35,0.6,0.7,0.8,0.85,-0.5,0.0,0.0,0.06,0.03
6,PB_only,0.012748,0.05,0.25,0.4,0.55,0.65,0.75,0.85,0.0,0.0,0.0,0.08,0.05
8,PE_only,0.012748,0.1,0.25,0.45,0.7,0.7,0.85,0.9,0.0,0.0,0.0,0.06,0.03
8,PB_only,0.012748,0.1,0.3,0.45,0.5,0.7,0.75,0.95,0.0,0.0,0.0,0.08,0.05
8,PE_only,0.012746,0.2,0.25,0.3,0.7,0.65,0.75,0.85,0.0,0.0,0.0,0.08,0.04
6,PB_only,0.012741,0.05,0.3,0.35,0.6,0.75,0.8,0.9,0.0,0.0,0.0,0.08,0.05
6,PE_FED,0.01274,0.15,0.25,0.3,0.7,0.7,0.85,0.95,0.0,0.0,0.0,0.1,0.04
8,PE_FED,0.01274,0.1,0.15,0.35,0.6,0.7,0.8,0.95,1.0,0.0,0.0,0.1,0.05
8,PE_PB_FED,0.012739,0.1,0.2,0.3,0.7,0.65,0.8,0.95,0.5,0.6,0.8,0.12,0.04
6,PB_only,0.012734,0.15,0.3,0.35,0.6,0.7,0.85,0.95,0.0,0.0,0.0,0.12,0.05
6,PE_only,0.012727,0.05,0.15,0.4,0.65,0.7,0.8,0.9,0.0,0.0,0.0,0.1,0.04
6,PE_only,0.012726,0.1,0.25,0.45,0.65,0.7,0.85,0.95,0.0,0.0,0.0,0.1,0.04
8,PE_only,0.012723,0.2,0.25,0.45,0.65,0.65,0.8,0.9,0.0,0.0,0.0,0.08,0.04
8,PE_FED,0.012723,0.05,0.15,0.45,0.55,0.65,0.8,0.95,1.0,0.0,0.0,0.08,0.04
6,PB_only,0.01272,0.15,0.2,0.4,0.55,0.65,0.8,0.85,0.0,0.0,0.0,0.1,0.04
8,PB_only,0.01272,0.15,0.3,0.4,0.5,0.7,0.85,0.9,0.0,0.0,0.0,0.08,0.03
8,PE_only,0.012717,0.15,0.3,0.35,0.55,0.7,0.75,0.95,0.0,0.0,0.0,0.1,0.05
8,PB_only,0.012717,0.05,0.3,0.45,0.55,0.7,0.8,0.95,0.0,0.0,0.0,0.08,0.04
6,PB_only,0.012714,0.05,0.2,0.3,0.55,0.75,0.8,0.95,0.0,0.0,0.0,0.08,0.05
8,PE_FED,0.012713,0.1,0.15,0.35,0.6,0.7,0.8,0.85,-0.5,0.0,0.0,0.12,0.03
8,PE_FED,0.012713,0.1,0.15,0.35,0.6,0.75,0.8,0.85,-0.5,0.0,0.0,0.06,0.03
6,PB_only,0.012705,0.1,0.15,0.3,0.5,0.65,0.8,0.85,0.0,0.0,0.0,0.1,0.03
6,PE_FED,0.012704,0.1,0.15,0.4,0.65,0.75,0.85,0.95,0.0,0.0,0.0,0.12,0.05
8,PB_FED,0.012702,0.05,0.2,0.45,0.55,0.65,0.85,0.9,0.5,0.0,0.0,0.12,0.05
6,PB_only,0.012699,0.15,0.2,0.3,0.55,0.7,0.85,0.9,0.0,0.0,0.0,0.12,0.04
8,PB_only,0.012698,0.05,0.15,0.45,0.5,0.75,0.85,0.9,0.0,0.0,0.0,0.08,0.05
8,PE_FED,0.012697,0.05,0.25,0.4,0.6,0.65,0.75,0.95,0.5,0.0,0.0,0.12,0.05
8,PB_only,0.012695,0.15,0.25,0.35,0.5,0.65,0.85,0.9,0.0,0.0,0.0,0.06,0.05
6,PE_FED,0.012692,0.05,0.15,0.3,0.6,0.65,0.75,0.95,-0.5,0.0,0.0,0.1,0.05
8,PE_only,0.012687,0.05,0.3,0.4,0.7,0.65,0.85,0.9,0.0,0.0,0.0,0.06,0.04
8,PE_PB,0.012685,0.05,0.2,0.3,0.7,0.65,0.8,0.95,0.0,0.6,0.0,0.12,0.04
8,PE_PB_FED,0.012685,0.05,0.2,0.45,0.65,0.65,0.85,0.95,-0.5,0.6,0.8,0.08,0.04
8,PE_PB_FED,0.01268,0.15,0.2,0.3,0.7,0.75,0.8,0.9,-0.5,0.65,0.75,0.06,0.05
8,PE_FED,0.012679,0.1,0.15,0.45,0.6,0.65,0.85,0.9,-0.5,0.0,0.0,0.12,0.03
6,PB_FED,0.012671,0.15,0.3,0.4,0.55,0.7,0.75,0.85,-0.5,0.0,0.0,0.12,0.04
8,PE_PB,0.012671,0.1,0.2,0.45,0.7,0.65,0.85,0.95,0.0,0.65,0.0,0.06,0.04
8,PE_only,0.012666,0.05,0.25,0.4,0.7,0.65,0.75,0.85,0.0,0.0,0.0,0.06,0.05
6,PB_FED,0.012663,0.1,0.3,0.4,0.6,0.75,0.85,0.95,-0.5,0.0,0.0,0.08,0.04
8,PB_FED,0.012663,0.15,0.3,0.4,0.7,0.7,0.75,0.85,1.0,0.0,0.0,0.08,0.05
8,PE_FED,0.012661,0.15,0.3,0.45,0.5,0.65,0.85,0.95,0.0,0.0,0.0,0.12,0.03
8,PE_FED,0.01266,0.05,0.25,0.4,0.55,0.7,0.8,0.9,0.0,0.0,0.0,0.1,0.05
8,PE_FED,0.012658,0.1,0.15,0.4,0.55,0.65,0.8,0.95,1.0,0.0,0.0,0.08,0.04
8,PE_FED,0.012655,0.2,0.3,0.4,0.7,0.75,0.85,0.9,0.0,0.0,0.0,0.06,0.03
6,PE_only,0.012653,0.1,0.15,0.35,0.65,0.75,0.8,0.9,0.0,0.0,0.0,0.08,0.03
8,PE_FED,0.012653,0.15,0.2,0.35,0.6,0.75,0.8,0.85,0.0,0.0,0.0,0.08,0.03
6,PB_FED,0.01265,0.05,0.15,0.35,0.5,0.75,0.8,0.9,-0.5,0.0,0.0,0.1,0.05
8,PE_FED,0.012649,0.05,0.2,0.45,0.6,0.65,0.85,0.9,-0.5,0.0,0.0,0.12,0.04
8,PE_only,0.012648,0.15,0.25,0.4,0.7,0.65,0.8,0.85,0.0,0.0,0.0,0.1,0.04
6,PB_only,0.012647,0.05,0.15,0.3,0.55,0.75,0.85,0.95,0.0,0.0,0.0,0.08,0.05
6,PB_FED,0.012647,0.2,0.3,0.35,0.55,0.75,0.85,0.95,0.0,0.0,0.0,0.1,0.03
8,PE_FED,0.012646,0.15,0.2,0.45,0.5,0.65,0.85,0.95,-0.5,0.0,0.0,0.06,0.03
8,PE_FED,0.012645,0.2,0.25,0.3,0.6,0.7,0.75,0.85,0.0,0.0,0.0,0.12,0.05
8,PB_only,0.012645,0.15,0.3,0.45,0.55,0.75,0.85,0.95,0.0,0.0,0.0,0.08,0.04
6,PE_only,0.012641,0.15,0.25,0.45,0.7,0.65,0.75,0.9,0.0,0.0,0.0,0.1,0.04
8,PB_only,0.012633,0.05,0.2,0.45,0.5,0.65,0.8,0.9,0.0,0.0,0.0,0.12,0.05
6,PE_only,0.012626,0.05,0.2,0.35,0.7,0.7,0.8,0.9,0.0,0.0,0.0,0.12,0.05
6,PB_FED,0.012626,0.05,0.25,0.45,0.6,0.7,0.85,0.9,-0.5,0.0,0.0,0.1,0.05
8,PE_FED,0.012626,0.05,0.15,0.4,0.55,0.7,0.8,0.95,1.0,0.0,0.0,0.08,0.05
8,PE_PB_FED,0.012624,0.1,0.25,0.35,0.55,0.7,0.75,0.95,-0.5,0.6,0.75,0.1,0.03
6,PB_only,0.012621,0.05,0.15,0.3,0.5,0.65,0.8,0.85,0.0,0.0,0.0,0.06,0.03
6,PB_only,0.012621,0.05,0.3,0.45,0.6,0.7,0.8,0.9,0.0,0.0,0.0,0.08,0.03
6,PE_FED,0.012619,0.1,0.2,0.35,0.6,0.7,0.75,0.95,0.0,0.0,0.0,0.1,0.04
6,PE_FED,0.012616,0.15,0.25,0.3,0.65,0.75,0.8,0.95,0.0,0.0,0.0,0.12,0.04
6,PB_only,0.012614,0.05,0.3,0.4,0.55,0.65,0.75,0.9,0.0,0.0,0.0,0.1,0.04
8,PE_FED,0.012611,0.2,0.3,0.4,0.5,0.65,0.85,0.95,0.0,0.0,0.0,0.1,0.04
8,PE_FED,0.01261,0.05,0.25,0.3,0.5,0.7,0.75,0.95,0.5,0.0,0.0,0.12,0.03
8,PE_PB_FED,0.012606,0.2,0.3,0.35,0.6,0.65,0.8,0.95,-0.5,0.65,0.8,0.06,0.04
8,PE_PB_FED,0.012603,0.1,0.3,0.4,0.5,0.75,0.8,0.95,0.0,0.65,0.8,0.08,0.03
8,PB_FED,0.012602,0.05,0.25,0.4,0.7,0.7,0.85,0.95,1.0,0.0,0.0,0.1,0.04
8,PE_only,0.0126,0.05,0.15,0.45,0.65,0.65,0.85,0.9,0.0,0.0,0.0,0.08,0.05
8,PB_FED,0.0126,0.1,0.25,0.45,0.7,0.65,0.8,0.85,1.0,0.0,0.0,0.08,0.03
6,PE_FED,0.012597,0.05,0.2,0.45,0.65,0.75,0.8,0.95,-0.5,0.0,0.0,0.12,0.04
8,PE_FED,0.012594,0.1,0.25,0.45,0.7,0.75,0.8,0.95,0.5,0.0,0.0,0.12,0.04
6,PE_FED,0.012593,0.15,0.3,0.4,0.7,0.7,0.85,0.95,-0.5,0.0,0.0,0.08,0.03
6,PB_only,0.01259,0.05,0.3,0.35,0.55,0.65,0.75,0.9,0.0,0.0,0.0,0.06,0.05
6,PB_only,0.01259,0.05,0.3,0.35,0.55,0.65,0.75,0.9,0.0,0.0,0.0,0.08,0.05
6,PB_only,0.012587,0.05,0.15,0.35,0.5,0.7,0.75,0.85,0.0,0.0,0.0,0.12,0.03
8,PE_FED,0.012586,0.15,0.25,0.4,0.6,0.75,0.85,0.9,0.0,0.0,0.0,0.08,0.05
8,PE_PB,0.012584,0.1,0.15,0.35,0.6,0.75,0.8,0.95,0.0,0.6,0.0,0.1,0.04
8,PE_PB_FED,0.012582,0.1,0.15,0.35,0.55,0.65,0.75,0.9,0.0,0.55,0.75,0.06,0.04
6,PE_only,0.012575,0.05,0.25,0.4,0.65,0.75,0.85,0.95,0.0,0.0,0.0,0.06,0.03
6,PE_only,0.012569,0.05,0.25,0.4,0.7,0.7,0.8,0.9,0.0,0.0,0.0,0.06,0.04
8,PE_only,0.012567,0.05,0.25,0.45,0.7,0.7,0.85,0.9,0.0,0.0,0.0,0.06,0.03
8,PE_PB_FED,0.012567,0.1,0.2,0.3,0.7,0.75,0.85,0.95,-0.5,0.55,0.8,0.12,0.05
6,PB_only,0.012562,0.2,0.25,0.45,0.6,0.65,0.8,0.85,0.0,0.0,0.0,0.12,0.05
6,PE_FED,0.012561,0.05,0.2,0.4,0.65,0.7,0.85,0.95,-0.5,0.0,0.0,0.1,0.04
6,PE_only,0.01256,0.05,0.2,0.3,0.7,0.65,0.8,0.9,0.0,0.0,0.0,0.06,0.05
8,PB_FED,0.01256,0.15,0.3,0.4,0.5,0.7,0.8,0.9,0.5,0.0,0.0,0.12,0.03
6,PB_only,0.012559,0.1,0.2,0.35,0.55,0.7,0.8,0.9,0.0,0.0,0.0,0.08,0.05
6,PE_only,0.012552,0.1,0.15,0.3,0.65,0.7,0.8,0.9,0.0,0.0,0.0,0.12,0.05
8,PE_PB_FED,0.012548,0.05,0.15,0.45,0.65,0.75,0.8,0.95,0.5,0.6,0.8,0.12,0.04
6,PE_only,0.012547,0.15,0.3,0.35,0.65,0.75,0.85,0.95,0.0,0.0,0.0,0.06,0.05
6,PE_only,0.012547,0.15,0.25,0.3,0.7,0.75,0.8,0.9,0.0,0.0,0.0,0.08,0.05
8,PB_only,0.012546,0.15,0.3,0.45,0.55,0.75,0.85,0.95,0.0,0.0,0.0,0.12,0.05
8,PB_only,0.012545,0.2,0.25,0.45,0.5,0.65,0.75,0.95,0.0,0.0,0.0,0.1,0.04
8,PB_only,0.012544,0.05,0.25,0.45,0.55,0.65,0.85,0.95,0.0,0.0,0.0,0.08,0.04
6,PE_FED,0.012535,0.05,0.2,0.45,0.65,0.65,0.8,0.95,-0.5,0.0,0.0,0.1,0.03
8,PB_FED,0.012535,0.15,0.25,0.45,0.55,0.7,0.8,0.85,0.5,0.0,0.0,0.08,0.05
6,PB_only,0.012533,0.05,0.3,0.35,0.55,0.65,0.75,0.95,0.0,0.0,0.0,0.08,0.05
8,PE_PB_FED,0.012531,0.1,0.3,0.45,0.55,0.7,0.8,0.95,0.0,0.6,0.7,0.1,0.04
8,PB_only,0.012529,0.1,0.2,0.35,0.5,0.65,0.85,0.95,0.0,0.0,0.0,0.06,0.04
8,PE_PB_FED,0.012528,0.05,0.3,0.45,0.7,0.7,0.8,0.95,0.0,0.55,0.75,0.1,0.05
8,PE_only,0.012526,0.1,0.15,0.45,0.5,0.75,0.8,0.95,0.0,0.0,0.0,0.06,0.04
6,PB_only,0.012525,0.15,0.3,0.4,0.6,0.65,0.85,0.9,0.0,0.0,0.0,0.1,0.05
6,PB_FED,0.01252,0.05,0.2,0.35,0.5,0.7,0.85,0.9,0.0,0.0,0.0,0.12,0.04
6,PB_only,0.012518,0.15,0.3,0.4,0.55,0.7,0.75,0.95,0.0,0.0,0.0,0.06,0.04
8,PE_PB_FED,0.012518,0.15,0.25,0.4,0.65,0.75,0.8,0.95,0.0,0.5,0.7,0.08,0.05
6,PB_FED,0.012516,0.1,0.2,0.45,0.5,0.65,0.75,0.85,0.0,0.0,0.0,0.12,0.05
6,PE_only,0.012515,0.15,0.2,0.3,0.65,0.7,0.8,0.9,0.0,0.0,0.0,0.12,0.04
8,PE_only,0.012511,0.1,0.15,0.3,0.5,0.75,0.85,0.95,0.0,0.0,0.0,0.06,0.03
6,PB_FED,0.01251,0.05,0.3,0.4,0.6,0.7,0.85,0.95,0.0,0.0,0.0,0.1,0.04
6,PB_only,0.012509,0.15,0.25,0.35,0.55,0.65,0.8,0.85,0.0,0.0,0.0,0.12,0.04
6,PB_only,0.012503,0.1,0.3,0.45,0.55,0.7,0.75,0.95,0.0,0.0,0.0,0.1,0.03
8,PE_PB,0.012502,0.05,0.15,0.3,0.7,0.75,0.8,0.9,0.0,0.65,0.0,0.12,0.04
8,PB_FED,0.0125,0.2,0.25,0.4,0.7,0.65,0.8,0.85,1.0,0.0,0.0,0.06,0.03
8,PB_only,0.012499,0.05,0.2,0.4,0.5,0.7,0.85,0.9,0.0,0.0,0.0,0.06,0.05
8,PE_FED,0.012497,0.05,0.25,0.35,0.6,0.75,0.85,0.9,0.0,0.0,0.0,0.06,0.05
8,PB_only,0.012497,0.05,0.3,0.4,0.55,0.75,0.85,0.95,0.0,0.0,0.0,0.1,0.05
8,PB_only,0.012495,0.1,0.3,0.45,0.5,0.7,0.8,0.9,0.0,0.0,0.0,0.06,0.03
6,PB_FED,0.012493,0.2,0.25,0.35,0.55,0.7,0.8,0.85,-0.5,0.0,0.0,0.1,0.03
8,PE_only,0.012493,0.05,0.25,0.35,0.65,0.65,0.85,0.9,0.0,0.0,0.0,0.08,0.04
6,PB_only,0.01249,0.2,0.25,0.45,0.55,0.65,0.75,0.95,0.0,0.0,0.0,0.08,0.05
6,PB_only,0.01249,0.2,0.25,0.45,0.55,0.7,0.75,0.95,0.0,0.0,0.0,0.12,0.05
8,PE_PB,0.012488,0.2,0.25,0.45,0.7,0.65,0.75,0.95,0.0,0.65,0.0,0.06,0.03
8,PE_only,0.012482,0.05,0.15,0.45,0.65,0.7,0.75,0.85,0.0,0.0,0.0,0.06,0.04
8,PE_PB_FED,0.012482,0.05,0.2,0.35,0.65,0.75,0.8,0.95,-0.5,0.5,0.8,0.08,0.03
8,PB_only,0.012482,0.05,0.2,0.45,0.5,0.7,0.85,0.95,0.0,0.0,0.0,0.08,0.03
6,PE_only,0.012478,0.2,0.25,0.35,0.7,0.7,0.8,0.9,0.0,0.0,0.0,0.08,0.04
6,PB_only,0.012477,0.1,0.2,0.3,0.5,0.7,0.75,0.85,0.0,0.0,0.0,0.08,0.04
8,PE_only,0.012476,0.15,0.25,0.45,0.65,0.7,0.8,0.9,0.0,0.0,0.0,0.12,0.05
8,PE_only,0.012476,0.15,0.25,0.45,0.65,0.7,0.8,0.9,0.0,0.0,0.0,0.06,0.05
6,PB_only,0.012475,0.15,0.3,0.35,0.6,0.65,0.8,0.95,0.0,0.0,0.0,0.08,0.04
8,PE_only,0.012473,0.15,0.2,0.35,0.5,0.7,0.8,0.95,0.0,0.0,0.0,0.12,0.04
8,PE_FED,0.012472,0.2,0.25,0.35,0.65,0.7,0.75,0.95,0.5,0.0,0.0,0.12,0.04
6,PB_only,0.012466,0.05,0.25,0.3,0.55,0.7,0.8,0.85,0.0,0.0,0.0,0.08,0.03
8,PB_FED,0.012463,0.05,0.3,0.35,0.7,0.7,0.85,0.95,1.0,0.0,0.0,0.06,0.03
8,PE_only,0.012461,0.05,0.25,0.35,0.55,0.7,0.85,0.95,0.0,0.0,0.0,0.08,0.05
8,PE_PB_FED,0.012457,0.05,0.3,0.4,0.7,0.65,0.75,0.9,0.0,0.65,0.7,0.12,0.04
6,PE_only,0.012446,0.1,0.15,0.4,0.65,0.65,0.8,0.9,0.0,0.0,0.0,0.06,0.03
8,PE_PB,0.012446,0.05,0.25,0.4,0.65,0.75,0.8,0.95,0.0,0.65,0.0,0.08,0.05
8,PE_only,0.012445,0.05,0.2,0.4,0.5,0.65,0.8,0.95,0.0,0.0,0.0,0.12,0.03
8,PE_only,0.012443,0.15,0.2,0.4,0.65,0.75,0.85,0.9,0.0,0.0,0.0,0.08,0.05
8,PE_PB,0.012439,0.05,0.15,0.45,0.6,0.65,0.75,0.95,0.0,0.6,0.0,0.08,0.03
8,PE_PB_FED,0.012439,0.05,0.2,0.3,0.5,0.75,0.8,0.95,0.0,0.5,0.7,0.06,0.04
8,PE_only,0.012436,0.15,0.2,0.3,0.6,0.75,0.8,0.9,0.0,0.0,0.0,0.06,0.05
8,PE_PB_FED,0.012436,0.1,0.25,0.3,0.7,0.75,0.8,0.95,0.5,0.65,0.75,0.12,0.04
8,PE_PB_FED,0.012435,0.05,0.25,0.35,0.55,0.7,0.8,0.95,-0.5,0.6,0.7,0.06,0.03
8,PE_PB_FED,0.012434,0.05,0.15,0.45,0.5,0.7,0.8,0.95,0.5,0.65,0.75,0.12,0.03
6,PE_only,0.012433,0.05,0.2,0.3,0.65,0.7,0.75,0.9,0.0,0.0,0.0,0.1,0.03
8,PE_PB_FED,0.012426,0.05,0.2,0.35,0.7,0.7,0.75,0.95,-0.5,0.5,0.75,0.1,0.05
8,PE_PB_FED,0.012423,0.2,0.25,0.45,0.7,0.65,0.75,0.95,-0.5,0.6,0.75,0.1,0.05
6,PB_only,0.012422,0.05,0.3,0.35,0.6,0.65,0.8,0.85,0.0,0.0,0.0,0.12,0.05
6,PB_only,0.012421,0.1,0.15,0.4,0.55,0.75,0.8,0.95,0.0,0.0,0.0,0.1,0.05
8,PB_only,0.012418,0.2,0.25,0.45,0.5,0.7,0.8,0.9,0.0,0.0,0.0,0.1,0.04
8,PE_only,0.012417,0.15,0.25,0.3,0.6,0.75,0.8,0.9,0.0,0.0,0.0,0.06,0.04
8,PE_PB,0.012415,0.05,0.2,0.35,0.7,0.65,0.75,0.95,0.0,0.6,0.0,0.12,0.04
8,PE_FED,0.012409,0.05,0.2,0.3,0.6,0.65,0.85,0.95,0.5,0.0,0.0,0.1,0.04
8,PE_FED,0.012409,0.05,0.2,0.3,0.6,0.75,0.85,0.95,0.5,0.0,0.0,0.12,0.04
8,PE_PB_FED,0.012405,0.05,0.15,0.45,0.5,0.65,0.75,0.95,-0.5,0.6,0.8,0.08,0.04
8,PE_only,0.012403,0.05,0.15,0.45,0.5,0.7,0.8,0.95,0.0,0.0,0.0,0.06,0.05
8,PE_PB_FED,0.012403,0.05,0.25,0.45,0.7,0.75,0.85,0.95,-0.5,0.6,0.7,0.08,0.03
8,PB_FED,0.012398,0.05,0.15,0.3,0.5,0.65,0.85,0.9,1.0,0.0,0.0,0.1,0.03
8,PE_PB_FED,0.012393,0.1,0.2,0.45,0.65,0.65,0.75,0.95,0.5,0.6,0.75,0.06,0.03
8,PB_FED,0.012393,0.2,0.25,0.35,0.6,0.75,0.8,0.85,1.0,0.0,0.0,0.08,0.03
6,PB_only,0.012392,0.15,0.25,0.3,0.55,0.65,0.8,0.95,0.0,0.0,0.0,0.1,0.03
8,PB_FED,0.01239,0.15,0.25,0.45,0.5,0.7,0.85,0.9,0.5,0.0,0.0,0.06,0.03
8,PE_PB,0.012389,0.05,0.15,0.3,0.7,0.75,0.8,0.9,0.0,0.65,0.0,0.1,0.03
8,PE_PB_FED,0.012389,0.1,0.15,0.4,0.7,0.75,0.85,0.9,0.0,0.65,0.7,0.06,0.05
8,PE_only,0.012386,0.1,0.25,0.35,0.55,0.75,0.85,0.95,0.0,0.0,0.0,0.08,0.03
6,PE_FED,0.012383,0.05,0.2,0.4,0.65,0.75,0.85,0.95,-0.5,0.0,0.0,0.06,0.05
8,PB_only,0.012379,0.05,0.25,0.4,0.5,0.7,0.8,0.95,0.0,0.0,0.0,0.06,0.04
6,PE_only,0.012376,0.1,0.3,0.35,0.65,0.7,0.85,0.95,0.0,0.0,0.0,0.12,0.05
6,PB_FED,0.012376,0.05,0.3,0.35,0.6,0.7,0.85,0.95,-0.5,0.0,0.0,0.06,0.04
6,PE_FED,0.01236,0.05,0.25,0.4,0.7,0.7,0.75,0.95,0.0,0.0,0.0,0.08,0.05
6,PB_only,0.01236,0.05,0.3,0.4,0.6,0.7,0.85,0.9,0.0,0.0,0.0,0.06,0.04
6,PB_only,0.012356,0.05,0.2,0.35,0.5,0.7,0.75,0.9,0.0,0.0,0.0,0.08,0.03
6,PB_only,0.012356,0.15,0.3,0.45,0.6,0.65,0.85,0.9,0.0,0.0,0.0,0.06,0.04
8,PB_FED,0.012356,0.1,0.25,0.45,0.65,0.65,0.8,0.85,1.0,0.0,0.0,0.06,0.04
8,PE_FED,0.012352,0.2,0.3,0.4,0.7,0.75,0.8,0.85,-0.5,0.0,0.0,0.12,0.03
8,PE_FED,0.01235,0.15,0.3,0.45,0.7,0.65,0.75,0.85,0.0,0.0,0.0,0.08,0.03
8,PE_FED,0.01235,0.1,0.25,0.4,0.5,0.7,0.75,0.95,0.5,0.0,0.0,0.08,0.03
8,PE_PB_FED,0.01235,0.1,0.15,0.4,0.65,0.75,0.8,0.9,0.0,0.6,0.7,0.08,0.05
8,PB_FED,0.012347,0.1,0.2,0.45,0.5,0.65,0.85,0.95,0.5,0.0,0.0,0.1,0.05
6,PB_only,0.012344,0.15,0.25,0.3,0.55,0.75,0.8,0.9,0.0,0.0,0.0,0.06,0.05
8,PE_only,0.012341,0.2,0.25,0.35,0.7,0.75,0.8,0.85,0.0,0.0,0.0,0.08,0.04
6,PB_only,0.012333,0.1,0.2,0.35,0.55,0.7,0.85,0.95,0.0,0.0,0.0,0.12,0.03
8,PE_PB,0.012333,0.05,0.15,0.45,0.6,0.7,0.8,0.95,0.0,0.6,0.0,0.08,0.03
8,PE_FED,0.012329,0.05,0.25,0.3,0.55,0.7,0.8,0.95,0.5,0.0,0.0,0.1,0.05
8,PB_FED,0.012328,0.1,0.25,0.45,0.5,0.65,0.8,0.85,0.5,0.0,0.0,0.06,0.03
6,PE_only,0.012327,0.2,0.25,0.3,0.7,0.65,0.8,0.9,0.0,0.0,0.0,0.12,0.04
8,PE_only,0.012326,0.05,0.2,0.4,0.65,0.65,0.75,0.85,0.0,0.0,0.0,0.08,0.05
6,PB_FED,0.012324,0.1,0.25,0.45,0.55,0.7,0.8,0.95,-0.5,0.0,0.0,0.12,0.04
8,PE_only,0.012324,0.2,0.3,0.45,0.6,0.65,0.85,0.95,0.0,0.0,0.0,0.1,0.05
8,PE_only,0.012323,0.05,0.15,0.4,0.55,0.65,0.75,0.9,0.0,0.0,0.0,0.1,0.03
8,PE_only,0.012322,0.1,0.2,0.45,0.7,0.65,0.75,0.85,0.0,0.0,0.0,0.1,0.03
8,PE_only,0.012321,0.2,0.3,0.35,0.65,0.7,0.75,0.9,0.0,0.0,0.0,0.06,0.05
8,PE_only,0.012321,0.15,0.25,0.45,0.7,0.7,0.8,0.85,0.0,0.0,0.0,0.1,0.04
6,PB_only,0.012317,0.1,0.2,0.35,0.55,0.7,0.8,0.95,0.0,0.0,0.0,0.08,0.04
8,PB_only,0.012316,0.15,0.3,0.35,0.5,0.65,0.8,0.95,0.0,0.0,0.0,0.12,0.03
8,PE_PB,0.012315,0.15,0.3,0.45,0.7,0.65,0.8,0.95,0.0,0.65,0.0,0.1,0.03
8,PE_only,0.012314,0.15,0.2,0.4,0.5,0.65,0.75,0.95,0.0,0.0,0.0,0.12,0.05
6,PB_only,0.012313,0.1,0.15,0.35,0.55,0.7,0.85,0.9,0.0,0.0,0.0,0.1,0.05
6,PB_only,0.012308,0.2,0.25,0.35,0.55,0.65,0.8,0.9,0.0,0.0,0.0,0.06,0.03
8,PB_only,0.012306,0.1,0.25,0.35,0.5,0.75,0.85,0.95,0.0,0.0,0.0,0.06,0.05
8,PB_only,0.012305,0.05,0.2,0.45,0.5,0.75,0.85,0.9,0.0,0.0,0.0,0.12,0.04
8,PE_only,0.012301,0.1,0.15,0.45,0.5,0.75,0.8,0.95,0.0,0.0,0.0,0.1,0.05
8,PE_FED,0.0123,0.15,0.25,0.3,0.6,0.75,0.8,0.85,0.0,0.0,0.0,0.06,0.04
8,PB_FED,0.012298,0.05,0.25,0.45,0.6,0.7,0.85,0.95,1.0,0.0,0.0,0.08,0.03
8,PE_FED,0.012296,0.05,0.25,0.35,0.6,0.7,0.8,0.95,0.5,0.0,0.0,0.08,0.05
8,PE_PB_FED,0.012296,0.1,0.25,0.45,0.65,0.65,0.8,0.95,0.0,0.5,0.75,0.08,0.04
8,PE_only,0.012295,0.1,0.25,0.3,0.6,0.65,0.75,0.9,0.0,0.0,0.0,0.12,0.05
8,PE_only,0.012295,0.1,0.25,0.3,0.6,0.7,0.75,0.9,0.0,0.0,0.0,0.06,0.05
8,PB_FED,0.012293,0.15,0.2,0.4,0.55,0.75,0.85,0.95,1.0,0.0,0.0,0.12,0.04
6,PB_only,0.012291,0.1,0.15,0.3,0.5,0.65,0.75,0.95,0.0,0.0,0.0,0.1,0.04
8,PE_only,0.012288,0.15,0.3,0.4,0.7,0.7,0.75,0.85,0.0,0.0,0.0,0.08,0.04
6,PB_only,0.012285,0.2,0.3,0.45,0.6,0.7,0.8,0.95,0.0,0.0,0.0,0.08,0.03
8,PE_PB,0.012281,0.15,0.3,0.35,0.7,0.65,0.8,0.95,0.0,0.65,0.0,0.06,0.05
6,PE_only,0.01228,0.05,0.25,0.45,0.65,0.75,0.85,0.95,0.0,0.0,0.0,0.1,0.05
8,PE_only,0.012274,0.1,0.2,0.4,0.65,0.7,0.85,0.9,0.0,0.0,0.0,0.06,0.05
6,PE_FED,0.012271,0.05,0.2,0.3,0.65,0.65,0.85,0.95,0.0,0.0,0.0,0.1,0.04
8,PB_FED,0.012269,0.1,0.3,0.45,0.55,0.65,0.75,0.9,1.0,0.0,0.0,0.06,0.05
6,PE_FED,0.012268,0.15,0.2,0.35,0.65,0.7,0.85,0.95,0.0,0.0,0.0,0.12,0.04
8,PE_PB_FED,0.012265,0.15,0.2,0.3,0.5,0.75,0.8,0.95,0.5,0.65,0.8,0.06,0.03
8,PE_only,0.012263,0.1,0.2,0.3,0.65,0.65,0.8,0.85,0.0,0.0,0.0,0.06,0.05
8,PE_only,0.012263,0.15,0.2,0.3,0.65,0.75,0.8,0.85,0.0,0.0,0.0,0.06,0.04
8,PE_only,0.01226,0.05,0.2,0.35,0.5,0.7,0.8,0.95,0.0,0.0,0.0,0.1,0.05
8,PE_only,0.012254,0.1,0.2,0.4,0.65,0.7,0.85,0.9,0.0,0.0,0.0,0.1,0.03
8,PE_FED,0.012253,0.15,0.3,0.35,0.7,0.7,0.8,0.85,0.0,0.0,0.0,0.12,0.03
6,PE_only,0.012245,0.05,0.15,0.4,0.65,0.65,0.8,0.9,0.0,0.0,0.0,0.12,0.03
6,PB_only,0.012244,0.05,0.15,0.45,0.55,0.65,0.8,0.85,0.0,0.0,0.0,0.08,0.04
8,PE_only,0.012243,0.15,0.2,0.3,0.55,0.65,0.75,0.9,0.0,0.0,0.0,0.1,0.04
6,PB_only,0.012241,0.1,0.2,0.45,0.55,0.75,0.8,0.9,0.0,0.0,0.0,0.06,0.03
8,PE_PB,0.01224,0.05,0.15,0.45,0.7,0.7,0.75,0.9,0.0,0.65,0.0,0.08,0.04
8,PE_FED,0.012238,0.1,0.25,0.45,0.65,0.75,0.8,0.85,-0.5,0.0,0.0,0.08,0.05
8,PE_only,0.012236,0.1,0.3,0.4,0.7,0.75,0.85,0.9,0.0,0.0,0.0,0.06,0.03
8,PE_PB_FED,0.012236,0.1,0.15,0.45,0.7,0.7,0.8,0.95,1.0,0.55,0.75,0.1,0.03
8,PE_FED,0.012233,0.05,0.25,0.4,0.65,0.65,0.8,0.95,0.5,0.0,0.0,0.1,0.05
8,PE_FED,0.012229,0.2,0.3,0.45,0.65,0.65,0.85,0.9,-0.5,0.0,0.0,0.12,0.04
8,PE_FED,0.012227,0.1,0.15,0.4,0.5,0.7,0.85,0.95,0.5,0.0,0.0,0.08,0.04
6,PE_only,0.012226,0.15,0.2,0.35,0.65,0.7,0.75,0.9,0.0,0.0,0.0,0.12,0.05
6,PB_only,0.012226,0.2,0.3,0.35,0.6,0.75,0.85,0.95,0.0,0.0,0.0,0.1,0.04
8,PE_only,0.012225,0.05,0.2,0.4,0.65,0.75,0.85,0.9,0.0,0.0,0.0,0.06,0.05
6,PB_only,0.012224,0.1,0.3,0.4,0.6,0.75,0.85,0.95,0.0,0.0,0.0,0.1,0.05
8,PE_only,0.012223,0.2,0.25,0.4,0.7,0.65,0.75,0.85,0.0,0.0,0.0,0.06,0.05
6,PE_only,0.012222,0.15,0.2,0.35,0.65,0.7,0.8,0.9,0.0,0.0,0.0,0.12,0.04
8,PE_FED,0.012217,0.05,0.25,0.45,0.65,0.65,0.75,0.95,0.5,0.0,0.0,0.1,0.05
8,PE_only,0.012207,0.1,0.15,0.3,0.55,0.75,0.8,0.9,0.0,0.0,0.0,0.08,0.04
6,PB_only,0.012206,0.1,0.15,0.4,0.55,0.75,0.85,0.9,0.0,0.0,0.0,0.1,0.04
8,PE_only,0.012203,0.05,0.2,0.35,0.65,0.65,0.85,0.9,0.0,0.0,0.0,0.1,0.03
8,PE_only,0.012202,0.2,0.3,0.4,0.65,0.7,0.8,0.9,0.0,0.0,0.0,0.1,0.04
6,PB_FED,0.012197,0.15,0.25,0.35,0.5,0.75,0.85,0.95,0.0,0.0,0.0,0.08,0.03
8,PE_PB,0.012197,0.05,0.15,0.45,0.65,0.7,0.8,0.95,0.0,0.6,0.0,0.12,0.05
8,PE_only,0.012196,0.15,0.25,0.45,0.7,0.65,0.85,0.9,0.0,0.0,0.0,0.08,0.03
8,PE_only,0.012196,0.15,0.25,0.45,0.7,0.65,0.85,0.9,0.0,0.0,0.0,0.1,0.03
8,PE_FED,0.012195,0.1,0.15,0.45,0.55,0.65,0.8,0.95,1.0,0.0,0.0,0.1,0.05
8,PB_FED,0.012194,0.15,0.3,0.45,0.6,0.65,0.8,0.9,1.0,0.0,0.0,0.1,0.03
8,PB_only,0.012193,0.15,0.3,0.45,0.5,0.65,0.75,0.85,0.0,0.0,0.0,0.06,0.05
8,PE_only,0.012191,0.05,0.2,0.45,0.7,0.65,0.75,0.85,0.0,0.0,0.0,0.06,0.03
8,PE_only,0.012188,0.1,0.15,0.4,0.6,0.7,0.85,0.9,0.0,0.0,0.0,0.08,0.04
6,PE_only,0.012181,0.05,0.25,0.3,0.65,0.65,0.75,0.9,0.0,0.0,0.0,0.12,0.04
8,PE_FED,0.012179,0.1,0.3,0.4,0.5,0.75,0.8,0.95,-0.5,0.0,0.0,0.1,0.05
8,PB_only,0.012179,0.2,0.3,0.45,0.55,0.65,0.85,0.9,0.0,0.0,0.0,0.12,0.05
8,PE_FED,0.012174,0.2,0.25,0.3,0.5,0.65,0.75,0.9,0.0,0.0,0.0,0.06,0.03
8,PE_PB_FED,0.012172,0.15,0.25,0.35,0.6,0.7,0.8,0.95,0.5,0.65,0.7,0.08,0.03
8,PE_only,0.012169,0.2,0.25,0.3,0.65,0.75,0.85,0.9,0.0,0.0,0.0,0.1,0.04
8,PE_FED,0.012169,0.1,0.2,0.3,0.5,0.75,0.8,0.9,0.0,0.0,0.0,0.06,0.05
8,PE_FED,0.012169,0.1,0.15,0.4,0.5,0.7,0.85,0.95,0.5,0.0,0.0,0.08,0.03
6,PE_only,0.012161,0.05,0.25,0.3,0.7,0.65,0.8,0.9,0.0,0.0,0.0,0.06,0.03
6,PB_only,0.012161,0.1,0.25,0.3,0.5,0.7,0.75,0.95,0.0,0.0,0.0,0.1,0.03
8,PE_FED,0.012157,0.1,0.3,0.45,0.65,0.65,0.75,0.85,0.0,0.0,0.0,0.12,0.04
6,PB_FED,0.012155,0.05,0.3,0.4,0.6,0.65,0.85,0.95,-0.5,0.0,0.0,0.12,0.03
6,PB_only,0.012152,0.1,0.15,0.35,0.55,0.7,0.85,0.95,0.0,0.0,0.0,0.06,0.04
8,PE_FED,0.012152,0.15,0.3,0.45,0.5,0.65,0.75,0.95,-0.5,0.0,0.0,0.06,0.04
8,PB_only,0.012148,0.1,0.2,0.45,0.5,0.65,0.85,0.9,0.0,0.0,0.0,0.06,0.05
6,PB_FED,0.01214,0.05,0.25,0.4,0.55,0.7,0.85,0.9,0.0,0.0,0.0,0.08,0.05
8,PB_FED,0.012138,0.1,0.2,0.4,0.7,0.7,0.8,0.85,1.0,0.0,0.0,0.1,0.05
8,PE_FED,0.012137,0.1,0.15,0.3,0.6,0.7,0.75,0.9,0.5,0.0,0.0,0.1,0.05
8,PE_PB_FED,0.012137,0.05,0.2,0.35,0.7,0.65,0.75,0.9,0.0,0.55,0.75,0.1,0.03
8,PB_FED,0.012137,0.15,0.25,0.3,0.7,0.65,0.8,0.85,1.0,0.0,0.0,0.1,0.05
8,PE_PB_FED,0.012135,0.1,0.15,0.35,0.7,0.75,0.85,0.9,0.0,0.6,0.8,0.1,0.04
6,PE_only,0.012134,0.05,0.25,0.35,0.7,0.65,0.75,0.9,0.0,0.0,0.0,0.12,0.05
6,PB_FED,0.012125,0.1,0.2,0.45,0.5,0.65,0.8,0.9,-0.5,0.0,0.0,0.08,0.03
6,PE_only,0.012118,0.05,0.2,0.35,0.65,0.65,0.75,0.9,0.0,0.0,0.0,0.1,0.03
8,PE_PB,0.012116,0.05,0.2,0.45,0.7,0.65,0.8,0.95,0.0,0.6,0.0,0.06,0.03
6,PE_only,0.012115,0.1,0.15,0.3,0.6,0.65,0.75,0.95,0.0,0.0,0.0,0.08,0.03
8,PE_PB,0.012115,0.1,0.15,0.3,0.7,0.7,0.75,0.95,0.0,0.55,0.0,0.08,0.05
8,PB_only,0.012115,0.2,0.3,0.45,0.55,0.75,0.85,0.9,0.0,0.0,0.0,0.12,0.05
8,PB_only,0.01211,0.15,0.25,0.45,0.5,0.65,0.85,0.9,0.0,0.0,0.0,0.1,0.04
8,PE_FED,0.012108,0.15,0.3,0.45,0.5,0.75,0.8,0.95,-0.5,0.0,0.0,0.1,0.03
6,PE_FED,0.012106,0.15,0.25,0.4,0.65,0.65,0.75,0.95,0.0,0.0,0.0,0.1,0.05
6,PB_only,0.0121,0.15,0.25,0.3,0.55,0.75,0.85,0.95,0.0,0.0,0.0,0.1,0.03
8,PE_PB,0.012097,0.15,0.2,0.4,0.65,0.65,0.8,0.95,0.0,0.6,0.0,0.08,0.03
8,PE_PB,0.012097,0.15,0.2,0.4,0.65,0.7,0.8,0.95,0.0,0.6,0.0,0.06,0.03
8,PB_FED,0.012097,0.05,0.2,0.4,0.5,0.75,0.85,0.9,0.5,0.0,0.0,0.1,0.05
8,PB_FED,0.012094,0.2,0.25,0.3,0.5,0.7,0.75,0.85,1.0,0.0,0.0,0.08,0.04
6,PE_FED,0.012087,0.1,0.15,0.45,0.6,0.65,0.75,0.95,0.0,0.0,0.0,0.06,0.04
8,PB_FED,0.012085,0.05,0.3,0.35,0.55,0.7,0.75,0.85,1.0,0.0,0.0,0.12,0.03
6,PB_only,0.012081,0.1,0.15,0.35,0.55,0.65,0.85,0.95,0.0,0.0,0.0,0.06,0.05
8,PE_FED,0.01208,0.15,0.2,0.3,0.7,0.75,0.8,0.95,1.0,0.0,0.0,0.12,0.03
8,PE_PB_FED,0.01208,0.2,0.25,0.35,0.7,0.7,0.8,0.95,0.0,0.5,0.7,0.08,0.05
8,PB_FED,0.012078,0.15,0.2,0.3,0.6,0.65,0.8,0.85,1.0,0.0,0.0,0.12,0.05
6,PB_only,0.012077,0.15,0.25,0.3,0.55,0.7,0.8,0.95,0.0,0.0,0.0,0.06,0.04
6,PE_FED,0.012071,0.1,0.25,0.35,0.65,0.75,0.85,0.95,-0.5,0.0,0.0,0.06,0.05
8,PE_only,0.012069,0.15,0.3,0.45,0.55,0.75,0.8,0.95,0.0,0.0,0.0,0.06,0.03
8,PE_FED,0.012068,0.05,0.25,0.45,0.65,0.7,0.8,0.85,0.0,0.0,0.0,0.08,0.05
6,PB_FED,0.012067,0.05,0.2,0.45,0.5,0.65,0.8,0.95,0.0,0.0,0.0,0.12,0.05
6,PB_only,0.012064,0.05,0.15,0.45,0.55,0.7,0.8,0.9,0.0,0.0,0.0,0.06,0.04
6,PE_only,0.012057,0.05,0.3,0.4,0.65,0.7,0.85,0.95,0.0,0.0,0.0,0.12,0.04
6,PE_only,0.012049,0.05,0.15,0.35,0.65,0.7,0.8,0.9,0.0,0.0,0.0,0.12,0.05
8,PE_PB_FED,0.012046,0.1,0.2,0.4,0.55,0.7,0.75,0.95,-0.5,0.55,0.75,0.08,0.04
6,PB_FED,0.012041,0.2,0.25,0.35,0.55,0.75,0.85,0.95,-0.5,0.0,0.0,0.06,0.04
6,PB_only,0.012039,0.05,0.15,0.3,0.55,0.65,0.85,0.95,0.0,0.0,0.0,0.12,0.04
8,PE_only,0.012039,0.1,0.2,0.4,0.65,0.65,0.85,0.9,0.0,0.0,0.0,0.06,0.03
8,PB_FED,0.012037,0.05,0.15,0.3,0.5,0.7,0.8,0.85,1.0,0.0,0.0,0.1,0.03
8,PE_FED,0.012034,0.15,0.25,0.4,0.55,0.75,0.8,0.95,0.5,0.0,0.0,0.12,0.05
8,PE_FED,0.012033,0.15,0.2,0.4,0.6,0.75,0.85,0.95,0.5,0.0,0.0,0.12,0.03
8,PE_FED,0.012031,0.05,0.3,0.45,0.6,0.7,0.75,0.9,-0.5,0.0,0.0,0.1,0.05
8,PB_FED,0.01203,0.15,0.25,0.3,0.55,0.65,0.85,0.9,1.0,0.0,0.0,0.1,0.03
6,PB_FED,0.012026,0.2,0.25,0.35,0.5,0.75,0.8,0.95,0.0,0.0,0.0,0.1,0.04
6,PE_only,0.012019,0.05,0.15,0.3,0.6,0.65,0.75,0.95,0.0,0.0,0.0,0.12,0.03
8,PB_only,0.012016,0.15,0.3,0.45,0.5,0.75,0.85,0.9,0.0,0.0,0.0,0.1,0.03
6,PB_only,0.012011,0.05,0.15,0.35,0.5,0.65,0.75,0.95,0.0,0.0,0.0,0.06,0.05
8,PB_FED,0.012011,0.1,0.15,0.45,0.5,0.65,0.8,0.9,1.0,0.0,0.0,0.1,0.04
8,PB_FED,0.01201,0.1,0.15,0.3,0.55,0.65,0.8,0.85,1.0,0.0,0.0,0.06,0.05
6,PB_only,0.012005,0.1,0.25,0.3,0.5,0.65,0.75,0.9,0.0,0.0,0.0,0.1,0.04
8,PE_only,0.012002,0.05,0.3,0.4,0.7,0.75,0.85,0.9,0.0,0.0,0.0,0.08,0.03
8,PE_PB_FED,0.012,0.05,0.15,0.35,0.5,0.75,0.85,0.95,-0.5,0.65,0.8,0.06,0.05
6,PE_only,0.011999,0.15,0.3,0.4,0.65,0.75,0.85,0.95,0.0,0.0,0.0,0.12,0.03
6,PB_only,0.011991,0.1,0.2,0.35,0.5,0.7,0.75,0.85,0.0,0.0,0.0,0.1,0.03
6,PB_only,0.011989,0.05,0.25,0.35,0.55,0.75,0.8,0.95,0.0,0.0,0.0,0.1,0.03
6,PB_only,0.011989,0.05,0.25,0.35,0.55,0.75,0.8,0.95,0.0,0.0,0.0,0.08,0.03
8,PE_PB_FED,0.011988,0.05,0.15,0.3,0.65,0.7,0.85,0.95,0.5,0.6,0.7,0.06,0.04
8,PB_only,0.011983,0.1,0.25,0.45,0.5,0.7,0.85,0.9,0.0,0.0,0.0,0.08,0.04
6,PB_FED,0.011981,0.05,0.15,0.4,0.5,0.7,0.85,0.9,-0.5,0.0,0.0,0.1,0.03
6,PE_FED,0.011978,0.15,0.3,0.4,0.7,0.7,0.75,0.95,0.0,0.0,0.0,0.1,0.03
6,PB_FED,0.011977,0.1,0.3,0.4,0.55,0.65,0.8,0.9,-0.5,0.0,0.0,0.12,0.04
6,PB_only,0.011973,0.05,0.2,0.35,0.55,0.7,0.8,0.95,0.0,0.0,0.0,0.06,0.04
6,PB_only,0.011971,0.05,0.3,0.4,0.6,0.65,0.8,0.95,0.0,0.0,0.0,0.08,0.05
8,PE_PB,0.011971,0.05,0.15,0.35,0.7,0.65,0.75,0.9,0.0,0.65,0.0,0.08,0.05
6,PB_only,0.011968,0.1,0.3,0.4,0.6,0.65,0.8,0.95,0.0,0.0,0.0,0.12,0.04
8,PE_FED,0.011968,0.2,0.3,0.45,0.55,0.75,0.85,0.95,-0.5,0.0,0.0,0.08,0.03
6,PE_only,0.011966,0.1,0.25,0.4,0.65,0.65,0.75,0.9,0.0,0.0,0.0,0.1,0.04
6,PE_PB,0.011964,0.1,0.2,0.35,0.65,0.65,0.8,0.95,0.0,0.65,0.0,0.06,0.04
8,PE_only,0.011961,0.1,0.3,0.45,0.55,0.7,0.75,0.95,0.0,0.0,0.0,0.1,0.03
6,PB_only,0.011959,0.05,0.2,0.35,0.55,0.75,0.85,0.95,0.0,0.0,0.0,0.12,0.03
6,PB_only,0.011959,0.05,0.2,0.35,0.55,0.7,0.85,0.95,0.0,0.0,0.0,0.1,0.03
8,PE_FED,0.011959,0.15,0.3,0.4,0.65,0.75,0.8,0.95,0.5,0.0,0.0,0.06,0.03
8,PE_only,0.011957,0.05,0.2,0.35,0.65,0.65,0.8,0.85,0.0,0.0,0.0,0.08,0.04
6,PB_only,0.011956,0.05,0.3,0.4,0.55,0.7,0.75,0.95,0.0,0.0,0.0,0.12,0.05
6,PB_only,0.011952,0.1,0.25,0.3,0.5,0.7,0.75,0.9,0.0,0.0,0.0,0.12,0.04
8,PB_only,0.011947,0.15,0.3,0.35,0.5,0.75,0.8,0.95,0.0,0.0,0.0,0.08,0.04
8,PE_only,0.011946,0.05,0.2,0.4,0.5,0.7,0.8,0.95,0.0,0.0,0.0,0.06,0.05
8,PE_PB_FED,0.011945,0.1,0.2,0.3,0.6,0.65,0.8,0.95,-0.5,0.5,0.8,0.1,0.03
8,PE_only,0.011941,0.05,0.15,0.45,0.55,0.7,0.75,0.9,0.0,0.0,0.0,0.12,0.04
8,PE_only,0.011941,0.15,0.2,0.45,0.65,0.65,0.75,0.85,0.0,0.0,0.0,0.06,0.04
8,PE_FED,0.011939,0.1,0.3,0.4,0.65,0.7,0.75,0.95,0.5,0.0,0.0,0.08,0.04
8,PE_PB_FED,0.011937,0.05,0.2,0.45,0.6,0.7,0.8,0.95,-0.5,0.55,0.7,0.08,0.05
6,PE_only,0.011935,0.1,0.2,0.4,0.65,0.75,0.8,0.9,0.0,0.0,0.0,0.08,0.04
8,PB_only,0.011934,0.15,0.3,0.45,0.5,0.65,0.8,0.9,0.0,0.0,0.0,0.06,0.04
8,PE_PB,0.011932,0.1,0.15,0.45,0.6,0.65,0.85,0.95,0.0,0.65,0.0,0.12,0.03
6,PB_only,0.011927,0.05,0.15,0.4,0.5,0.7,0.75,0.9,0.0,0.0,0.0,0.06,0.04
8,PE_PB,0.011926,0.1,0.15,0.3,0.6,0.65,0.75,0.95,0.0,0.55,0.0,0.08,0.03
8,PE_PB,0.011922,0.05,0.25,0.35,0.7,0.75,0.8,0.95,0.0,0.6,0.0,0.12,0.03
8,PE_PB,0.011914,0.2,0.25,0.3,0.7,0.75,0.85,0.95,0.0,0.65,0.0,0.1,0.03
8,PB_FED,0.011912,0.1,0.25,0.4,0.5,0.75,0.85,0.9,0.5,0.0,0.0,0.06,0.04
6,PE_FED,0.011909,0.1,0.15,0.45,0.6,0.65,0.75,0.95,0.0,0.0,0.0,0.12,0.05
6,PB_only,0.011908,0.1,0.15,0.35,0.5,0.65,0.85,0.9,0.0,0.0,0.0,0.06,0.03
8,PB_FED,0.011908,0.2,0.25,0.45,0.6,0.65,0.8,0.95,1.0,0.0,0.0,0.06,0.04
8,PE_only,0.011907,0.05,0.25,0.3,0.6,0.65,0.8,0.9,0.0,0.0,0.0,0.06,0.03
8,PE_PB_FED,0.011901,0.05,0.15,0.45,0.7,0.65,0.75,0.95,0.5,0.5,0.75,0.1,0.03
8,PE_only,0.0119,0.1,0.3,0.35,0.65,0.65,0.8,0.9,0.0,0.0,0.0,0.06,0.05
8,PB_only,0.011895,0.1,0.3,0.45,0.5,0.65,0.75,0.95,0.0,0.0,0.0,0.1,0.04
6,PE_only,0.011892,0.15,0.3,0.35,0.7,0.65,0.8,0.9,0.0,0.0,0.0,0.08,0.04
8,PB_only,0.011892,0.1,0.3,0.35,0.5,0.7,0.8,0.95,0.0,0.0,0.0,0.06,0.04
8,PB_only,0.011892,0.1,0.25,0.4,0.5,0.75,0.8,0.85,0.0,0.0,0.0,0.08,0.05
6,PB_only,0.011885,0.15,0.25,0.4,0.55,0.7,0.8,0.85,0.0,0.0,0.0,0.06,0.04
8,PE_only,0.011883,0.2,0.3,0.4,0.55,0.75,0.8,0.95,0.0,0.0,0.0,0.1,0.03
8,PE_only,0.011882,0.15,0.25,0.4,0.6,0.7,0.75,0.9,0.0,0.0,0.0,0.1,0.05
8,PE_only,0.011878,0.05,0.25,0.45,0.7,0.7,0.8,0.85,0.0,0.0,0.0,0.1,0.04
8,PE_only,0.011874,0.2,0.25,0.3,0.55,0.75,0.85,0.95,0.0,0.0,0.0,0.12,0.03
8,PE_only,0.011871,0.05,0.15,0.35,0.55,0.7,0.8,0.9,0.0,0.0,0.0,0.08,0.04
8,PB_only,0.01187,0.05,0.3,0.45,0.5,0.7,0.8,0.9,0.0,0.0,0.0,0.06,0.03
6,PB_only,0.011862,0.1,0.2,0.45,0.55,0.65,0.8,0.85,0.0,0.0,0.0,0.12,0.04
6,PB_only,0.011862,0.05,0.15,0.3,0.5,0.7,0.8,0.85,0.0,0.0,0.0,0.06,0.04
6,PB_FED,0.011853,0.2,0.25,0.45,0.55,0.65,0.8,0.85,-0.5,0.0,0.0,0.12,0.04
8,PE_only,0.011853,0.2,0.25,0.4,0.7,0.65,0.8,0.85,0.0,0.0,0.0,0.06,0.04
8,PE_FED,0.011849,0.05,0.2,0.35,0.55,0.75,0.85,0.9,0.0,0.0,0.0,0.08,0.03
8,PE_only,0.011847,0.05,0.25,0.3,0.5,0.75,0.8,0.95,0.0,0.0,0.0,0.08,0.03
6,PB_only,0.011837,0.05,0.15,0.45,0.55,0.7,0.85,0.9,0.0,0.0,0.0,0.12,0.03
8,PE_only,0.011837,0.1,0.3,0.45,0.55,0.7,0.8,0.95,0.0,0.0,0.0,0.08,0.03
6,PE_FED,0.011834,0.05,0.25,0.45,0.7,0.65,0.8,0.95,0.0,0.0,0.0,0.06,0.03
6,PE_FED,0.011827,0.1,0.2,0.45,0.65,0.65,0.85,0.95,-0.5,0.0,0.0,0.1,0.05
6,PB_FED,0.011824,0.15,0.25,0.35,0.5,0.7,0.8,0.9,-0.5,0.0,0.0,0.1,0.03
8,PE_only,0.011823,0.2,0.25,0.4,0.7,0.65,0.8,0.85,0.0,0.0,0.0,0.06,0.05
8,PE_PB_FED,0.011823,0.15,0.25,0.35,0.65,0.75,0.8,0.95,-0.5,0.55,0.75,0.06,0.05
8,PB_only,0.011821,0.2,0.3,0.4,0.55,0.65,0.85,0.95,0.0,0.0,0.0,0.06,0.04
8,PE_FED,0.011818,0.05,0.2,0.3,0.55,0.65,0.85,0.95,0.5,0.0,0.0,0.06,0.05
6,PE_FED,0.011817,0.05,0.25,0.35,0.65,0.7,0.75,0.95,0.0,0.0,0.0,0.12,0.05
8,PE_FED,0.011814,0.05,0.25,0.45,0.55,0.7,0.8,0.95,0.5,0.0,0.0,0.08,0.03
6,PB_only,0.011812,0.05,0.25,0.35,0.55,0.75,0.85,0.9,0.0,0.0,0.0,0.06,0.03
8,PB_FED,0.011812,0.15,0.3,0.35,0.7,0.7,0.8,0.85,1.0,0.0,0.0,0.08,0.03
6,PE_only,0.011811,0.2,0.25,0.3,0.7,0.7,0.8,0.9,0.0,0.0,0.0,0.08,0.05
6,PB_FED,0.011809,0.05,0.3,0.4,0.6,0.65,0.85,0.95,0.0,0.0,0.0,0.1,0.04
8,PE_only,0.011788,0.05,0.3,0.45,0.55,0.65,0.75,0.95,0.0,0.0,0.0,0.06,0.03
8,PB_only,0.011784,0.15,0.2,0.45,0.5,0.75,0.85,0.95,0.0,0.0,0.0,0.12,0.05
6,PE_PB,0.011781,0.1,0.2,0.4,0.65,0.65,0.75,0.95,0.0,0.65,0.0,0.06,0.05
8,PE_PB,0.011781,0.05,0.15,0.4,0.7,0.7,0.8,0.95,0.0,0.55,0.0,0.06,0.05
6,PB_only,0.01178,0.05,0.3,0.35,0.55,0.7,0.75,0.85,0.0,0.0,0.0,0.08,0.05
6,PE_only,0.011772,0.15,0.25,0.4,0.7,0.65,0.8,0.9,0.0,0.0,0.0,0.1,0.05
6,PB_only,0.011771,0.15,0.2,0.3,0.5,0.65,0.8,0.9,0.0,0.0,0.0,0.12,0.03
8,PE_PB,0.011763,0.15,0.2,0.35,0.55,0.65,0.8,0.95,0.0,0.65,0.0,0.1,0.03
8,PE_PB_FED,0.011762,0.1,0.2,0.35,0.6,0.7,0.75,0.95,1.0,0.65,0.7,0.12,0.03
8,PB_only,0.011759,0.05,0.25,0.45,0.5,0.65,0.8,0.85,0.0,0.0,0.0,0.12,0.05
8,PB_only,0.011759,0.05,0.25,0.45,0.5,0.65,0.8,0.85,0.0,0.0,0.0,0.06,0.05
8,PE_PB,0.011757,0.1,0.2,0.4,0.55,0.7,0.75,0.95,0.0,0.65,0.0,0.12,0.03
8,PE_PB,0.011755,0.1,0.15,0.45,0.55,0.65,0.8,0.95,0.0,0.65,0.0,0.06,0.04
8,PE_PB,0.011753,0.05,0.25,0.3,0.65,0.75,0.85,0.95,0.0,0.65,0.0,0.12,0.04
6,PE_FED,0.011751,0.05,0.25,0.4,0.65,0.7,0.75,0.95,0.0,0.0,0.0,0.06,0.04
8,PE_PB_FED,0.011751,0.05,0.15,0.4,0.55,0.7,0.8,0.95,1.0,0.55,0.8,0.1,0.03
6,PE_FED,0.011747,0.1,0.25,0.3,0.6,0.65,0.75,0.95,0.0,0.0,0.0,0.06,0.04
8,PB_only,0.011746,0.05,0.25,0.4,0.5,0.65,0.85,0.95,0.0,0.0,0.0,0.12,0.03
8,PE_PB_FED,0.011743,0.1,0.25,0.4,0.55,0.65,0.75,0.95,0.5,0.65,0.75,0.08,0.04
8,PE_PB_FED,0.01174,0.1,0.3,0.35,0.55,0.7,0.75,0.95,0.0,0.5,0.8,0.12,0.03
8,PB_FED,0.011738,0.05,0.25,0.35,0.5,0.65,0.8,0.85,0.5,0.0,0.0,0.12,0.05
6,PB_only,0.011733,0.05,0.15,0.45,0.55,0.7,0.8,0.85,0.0,0.0,0.0,0.12,0.03
8,PE_FED,0.011732,0.2,0.3,0.35,0.65,0.7,0.75,0.85,-0.5,0.0,0.0,0.12,0.04
6,PE_PB,0.01173,0.1,0.25,0.4,0.7,0.65,0.8,0.95,0.0,0.65,0.0,0.06,0.03
8,PE_only,0.01173,0.15,0.25,0.35,0.65,0.7,0.75,0.85,0.0,0.0,0.0,0.06,0.05
6,PB_only,0.011727,0.15,0.3,0.4,0.55,0.65,0.75,0.95,0.0,0.0,0.0,0.1,0.04
8,PE_only,0.011726,0.1,0.3,0.35,0.7,0.7,0.8,0.85,0.0,0.0,0.0,0.08,0.04
8,PE_PB,0.011724,0.1,0.3,0.45,0.7,0.7,0.8,0.95,0.0,0.65,0.0,0.06,0.04
8,PE_only,0.011721,0.15,0.2,0.35,0.65,0.65,0.8,0.85,0.0,0.0,0.0,0.08,0.03
6,PB_only,0.011719,0.1,0.15,0.4,0.5,0.7,0.75,0.85,0.0,0.0,0.0,0.12,0.04
8,PE_only,0.01171,0.2,0.25,0.4,0.65,0.65,0.85,0.9,0.0,0.0,0.0,0.06,0.04
8,PE_FED,0.011709,0.15,0.2,0.35,0.5,0.65,0.8,0.9,0.0,0.0,0.0,0.12,0.05
8,PE_FED,0.011709,0.2,0.25,0.3,0.5,0.65,0.85,0.95,-0.5,0.0,0.0,0.08,0.03
8,PE_FED,0.011702,0.15,0.2,0.45,0.65,0.75,0.85,0.95,0.5,0.0,0.0,0.06,0.03
8,PE_FED,0.0117,0.2,0.25,0.4,0.6,0.75,0.85,0.9,0.0,0.0,0.0,0.1,0.03
8,PE_FED,0.0117,0.1,0.25,0.3,0.6,0.65,0.85,0.9,-0.5,0.0,0.0,0.12,0.03
8,PB_FED,0.0117,0.1,0.25,0.3,0.55,0.75,0.85,0.9,1.0,0.0,0.0,0.1,0.03
8,PE_only,0.011698,0.15,0.25,0.45,0.6,0.65,0.75,0.9,0.0,0.0,0.0,0.08,0.03
8,PE_PB_FED,0.011693,0.1,0.25,0.45,0.6,0.7,0.8,0.95,0.0,0.5,0.8,0.1,0.05
6,PB_only,0.011692,0.05,0.2,0.35,0.55,0.7,0.85,0.9,0.0,0.0,0.0,0.06,0.04
8,PE_PB_FED,0.011687,0.1,0.2,0.3,0.7,0.7,0.8,0.95,1.0,0.65,0.7,0.08,0.03
8,PE_FED,0.011686,0.15,0.25,0.35,0.6,0.7,0.85,0.9,-0.5,0.0,0.0,0.08,0.03
8,PB_only,0.011685,0.05,0.15,0.45,0.5,0.65,0.85,0.95,0.0,0.0,0.0,0.1,0.04
8,PB_FED,0.011685,0.15,0.3,0.45,0.6,0.7,0.85,0.95,1.0,0.0,0.0,0.08,0.03
6,PE_PB,0.01168,0.1,0.2,0.4,0.65,0.75,0.8,0.95,0.0,0.65,0.0,0.06,0.05
6,PB_only,0.011678,0.1,0.3,0.45,0.6,0.7,0.85,0.9,0.0,0.0,0.0,0.08,0.05
8,PE_FED,0.011669,0.1,0.25,0.3,0.65,0.7,0.85,0.95,0.5,0.0,0.0,0.1,0.04
6,PE_only,0.011664,0.1,0.2,0.45,0.7,0.65,0.8,0.9,0.0,0.0,0.0,0.08,0.05
8,PE_only,0.011663,0.15,0.2,0.45,0.5,0.7,0.75,0.95,0.0,0.0,0.0,0.12,0.04
8,PE_only,0.011662,0.1,0.25,0.35,0.65,0.65,0.75,0.85,0.0,0.0,0.0,0.12,0.04
8,PE_only,0.011662,0.1,0.25,0.35,0.65,0.65,0.75,0.85,0.0,0.0,0.0,0.06,0.04
8,PE_PB,0.011662,0.1,0.15,0.45,0.6,0.7,0.75,0.95,0.0,0.6,0.0,0.06,0.05
8,PE_PB_FED,0.011662,0.2,0.3,0.35,0.6,0.65,0.8,0.95,0.0,0.55,0.7,0.06,0.04
8,PB_FED,0.01166,0.1,0.2,0.4,0.6,0.65,0.85,0.9,1.0,0.0,0.0,0.08,0.04
8,PE_only,0.011657,0.15,0.3,0.35,0.7,0.65,0.8,0.85,0.0,0.0,0.0,0.12,0.05
8,PE_PB_FED,0.011657,0.1,0.25,0.45,0.55,0.7,0.75,0.95,0.5,0.65,0.8,0.1,0.03
6,PB_FED,0.011656,0.05,0.25,0.45,0.55,0.65,0.8,0.9,-0.5,0.0,0.0,0.08,0.05
8,PE_FED,0.011655,0.05,0.2,0.45,0.7,0.65,0.85,0.95,0.5,0.0,0.0,0.08,0.03
6,PE_FED,0.011654,0.1,0.3,0.35,0.65,0.7,0.8,0.95,-0.5,0.0,0.0,0.1,0.05
8,PE_PB_FED,0.011654,0.1,0.3,0.35,0.6,0.65,0.75,0.95,-0.5,0.6,0.75,0.1,0.05
6,PB_only,0.011653,0.1,0.2,0.4,0.55,0.75,0.8,0.95,0.0,0.0,0.0,0.06,0.05
6,PB_only,0.011649,0.05,0.3,0.4,0.6,0.75,0.85,0.95,0.0,0.0,0.0,0.06,0.05
8,PB_only,0.011645,0.05,0.25,0.45,0.5,0.7,0.85,0.95,0.0,0.0,0.0,0.06,0.03
6,PE_only,0.011643,0.2,0.3,0.4,0.65,0.7,0.85,0.95,0.0,0.0,0.0,0.06,0.05
8,PE_PB_FED,0.011643,0.05,0.2,0.35,0.6,0.65,0.85,0.95,0.0,0.5,0.7,0.08,0.04
8,PE_PB_FED,0.011642,0.05,0.2,0.4,0.65,0.75,0.8,0.9,0.0,0.6,0.7,0.06,0.03
8,PE_FED,0.011641,0.1,0.2,0.35,0.65,0.65,0.75,0.95,1.0,0.0,0.0,0.1,0.05
8,PE_only,0.011636,0.1,0.3,0.45,0.65,0.75,0.8,0.9,0.0,0.0,0.0,0.1,0.03
6,PE_FED,0.011635,0.05,0.25,0.45,0.7,0.7,0.75,0.95,0.0,0.0,0.0,0.12,0.03
8,PE_PB_FED,0.01163,0.1,0.25,0.4,0.7,0.7,0.8,0.95,0.5,0.65,0.7,0.08,0.05
8,PB_FED,0.011628,0.05,0.3,0.35,0.6,0.65,0.8,0.9,1.0,0.0,0.0,0.1,0.03
6,PB_only,0.011624,0.2,0.25,0.45,0.6,0.75,0.8,0.85,0.0,0.0,0.0,0.12,0.05
8,PE_only,0.011618,0.05,0.15,0.35,0.6,0.65,0.75,0.85,0.0,0.0,0.0,0.06,0.05
6,PE_FED,0.011615,0.2,0.25,0.45,0.65,0.75,0.8,0.95,-0.5,0.0,0.0,0.12,0.03
8,PE_only,0.011615,0.2,0.3,0.45,0.65,0.7,0.8,0.9,0.0,0.0,0.0,0.06,0.04
6,PE_only,0.011611,0.2,0.25,0.45,0.65,0.75,0.85,0.95,0.0,0.0,0.0,0.1,0.03
8,PE_PB_FED,0.01161,0.05,0.25,0.35,0.6,0.7,0.75,0.95,0.5,0.6,0.8,0.1,0.03
8,PB_FED,0.01161,0.15,0.3,0.35,0.5,0.65,0.8,0.9,0.5,0.0,0.0,0.1,0.05
8,PB_only,0.011609,0.05,0.3,0.35,0.5,0.65,0.8,0.9,0.0,0.0,0.0,0.08,0.05
8,PE_FED,0.011605,0.15,0.25,0.35,0.6,0.7,0.8,0.85,0.0,0.0,0.0,0.06,0.03
8,PE_only,0.011602,0.15,0.2,0.4,0.55,0.7,0.75,0.9,0.0,0.0,0.0,0.08,0.04
8,PB_only,0.0116,0.05,0.2,0.45,0.5,0.7,0.85,0.9,0.0,0.0,0.0,0.1,0.05
6,PE_only,0.01159,0.15,0.2,0.3,0.65,0.7,0.8,0.9,0.0,0.0,0.0,0.12,0.05
6,PE_only,0.011588,0.2,0.25,0.45,0.7,0.7,0.75,0.9,0.0,0.0,0.0,0.1,0.05
8,PE_PB_FED,0.011584,0.1,0.15,0.4,0.7,0.75,0.85,0.95,-0.5,0.5,0.8,0.12,0.04
6,PE_PB,0.011583,0.1,0.25,0.35,0.7,0.65,0.75,0.95,0.0,0.65,0.0,0.06,0.04
6,PB_only,0.011583,0.2,0.3,0.35,0.6,0.65,0.85,0.95,0.0,0.0,0.0,0.12,0.04
6,PE_only,0.011582,0.1,0.25,0.3,0.65,0.75,0.8,0.9,0.0,0.0,0.0,0.08,0.04
8,PE_PB,0.011582,0.05,0.25,0.45,0.7,0.75,0.85,0.95,0.0,0.65,0.0,0.08,0.05
8,PE_only,0.011578,0.05,0.15,0.35,0.55,0.7,0.8,0.9,0.0,0.0,0.0,0.08,0.03
8,PE_PB_FED,0.011575,0.15,0.25,0.3,0.6,0.65,0.75,0.95,0.5,0.6,0.7,0.1,0.04
6,PB_only,0.011573,0.05,0.25,0.3,0.55,0.7,0.85,0.9,0.0,0.0,0.0,0.1,0.04
8,PE_only,0.01157,0.2,0.3,0.4,0.55,0.75,0.8,0.95,0.0,0.0,0.0,0.12,0.04
8,PE_FED,0.01157,0.2,0.25,0.4,0.65,0.75,0.8,0.85,0.0,0.0,0.0,0.06,0.03
8,PE_FED,0.01157,0.05,0.3,0.35,0.55,0.7,0.75,0.95,0.5,0.0,0.0,0.08,0.03
8,PE_only,0.011564,0.2,0.3,0.35,0.7,0.75,0.8,0.85,0.0,0.0,0.0,0.12,0.05
8,PE_only,0.011564,0.2,0.3,0.35,0.7,0.75,0.8,0.85,0.0,0.0,0.0,0.06,0.05
8,PE_FED,0.011562,0.1,0.15,0.4,0.65,0.7,0.75,0.9,0.5,0.0,0.0,0.06,0.05
8,PE_only,0.011557,0.05,0.25,0.45,0.65,0.7,0.85,0.9,0.0,0.0,0.0,0.1,0.04
8,PE_PB_FED,0.011557,0.1,0.15,0.3,0.7,0.75,0.8,0.95,1.0,0.5,0.7,0.08,0.03
8,PE_FED,0.011552,0.1,0.3,0.45,0.65,0.65,0.75,0.85,0.0,0.0,0.0,0.12,0.03
8,PE_only,0.011549,0.05,0.15,0.4,0.55,0.7,0.8,0.9,0.0,0.0,0.0,0.12,0.04
8,PB_FED,0.011548,0.1,0.2,0.35,0.5,0.75,0.8,0.9,1.0,0.0,0.0,0.1,0.04
6,PB_FED,0.011547,0.05,0.25,0.3,0.5,0.65,0.85,0.9,0.0,0.0,0.0,0.12,0.04
8,PE_only,0.011547,0.1,0.15,0.35,0.6,0.7,0.75,0.85,0.0,0.0,0.0,0.1,0.05
8,PE_PB,0.011545,0.05,0.2,0.35,0.7,0.65,0.75,0.9,0.0,0.65,0.0,0.1,0.04
8,PB_only,0.011538,0.05,0.25,0.45,0.5,0.7,0.8,0.95,0.0,0.0,0.0,0.06,0.04
8,PB_FED,0.011532,0.15,0.3,0.4,0.55,0.7,0.85,0.9,0.5,0.0,0.0,0.12,0.05
8,PB_FED,0.011529,0.15,0.3,0.4,0.65,0.75,0.85,0.95,1.0,0.0,0.0,0.08,0.04
8,PE_PB_FED,0.011528,0.05,0.25,0.45,0.55,0.75,0.8,0.95,0.0,0.5,0.8,0.12,0.04
8,PE_FED,0.011525,0.05,0.25,0.35,0.5,0.7,0.8,0.95,0.5,0.0,0.0,0.06,0.03
6,PB_only,0.011523,0.2,0.3,0.45,0.55,0.65,0.75,0.85,0.0,0.0,0.0,0.08,0.04
8,PE_only,0.011517,0.15,0.25,0.45,0.55,0.75,0.85,0.95,0.0,0.0,0.0,0.12,0.03
8,PE_only,0.011514,0.1,0.2,0.4,0.55,0.65,0.75,0.9,0.0,0.0,0.0,0.12,0.04
6,PB_only,0.011513,0.1,0.15,0.45,0.55,0.75,0.85,0.95,0.0,0.0,0.0,0.06,0.03
8,PE_PB_FED,0.011513,0.15,0.2,0.3,0.55,0.7,0.8,0.95,0.5,0.6,0.7,0.12,0.05
8,PE_FED,0.011512,0.2,0.25,0.4,0.55,0.7,0.75,0.9,-0.5,0.0,0.0,0.12,0.03
8,PE_PB,0.011508,0.2,0.3,0.35,0.7,0.7,0.75,0.95,0.0,0.65,0.0,0.1,0.05
8,PE_PB,0.011506,0.1,0.15,0.35,0.55,0.65,0.75,0.95,0.0,0.6,0.0,0.08,0.05
6,PE_FED,0.011505,0.2,0.25,0.4,0.65,0.7,0.75,0.95,0.0,0.0,0.0,0.12,0.05
8,PE_only,0.011504,0.05,0.3,0.35,0.7,0.7,0.8,0.85,0.0,0.0,0.0,0.06,0.04
8,PE_PB,0.011504,0.15,0.2,0.4,0.6,0.75,0.8,0.95,0.0,0.6,0.0,0.06,0.03
8,PE_FED,0.011502,0.1,0.2,0.4,0.5,0.7,0.75,0.9,-0.5,0.0,0.0,0.08,0.04
8,PB_FED,0.011498,0.05,0.25,0.45,0.5,0.7,0.8,0.85,0.5,0.0,0.0,0.06,0.03
8,PB_FED,0.011497,0.2,0.3,0.35,0.7,0.7,0.8,0.9,1.0,0.0,0.0,0.06,0.05
6,PB_only,0.011491,0.1,0.3,0.45,0.6,0.7,0.85,0.95,0.0,0.0,0.0,0.1,0.05
8,PE_PB_FED,0.011484,0.1,0.25,0.45,0.55,0.65,0.75,0.9,0.0,0.65,0.8,0.06,0.04
6,PB_only,0.011482,0.15,0.3,0.35,0.55,0.65,0.8,0.9,0.0,0.0,0.0,0.12,0.03
8,PB_FED,0.011479,0.05,0.25,0.3,0.55,0.7,0.8,0.9,1.0,0.0,0.0,0.06,0.05
8,PE_only,0.011478,0.05,0.2,0.45,0.5,0.75,0.8,0.95,0.0,0.0,0.0,0.12,0.03
8,PE_only,0.011478,0.05,0.2,0.45,0.5,0.65,0.8,0.95,0.0,0.0,0.0,0.08,0.03
8,PE_FED,0.011474,0.2,0.3,0.4,0.5,0.75,0.8,0.95,-0.5,0.0,0.0,0.06,0.04
6,PE_only,0.011468,0.15,0.25,0.45,0.65,0.65,0.75,0.9,0.0,0.0,0.0,0.06,0.04
6,PE_only,0.011468,0.15,0.25,0.45,0.65,0.7,0.75,0.9,0.0,0.0,0.0,0.08,0.04
8,PB_FED,0.011465,0.1,0.3,0.45,0.55,0.75,0.85,0.95,0.5,0.0,0.0,0.1,0.05
8,PB_FED,0.011465,0.15,0.2,0.4,0.5,0.7,0.8,0.9,1.0,0.0,0.0,0.08,0.04
8,PE_only,0.011463,0.15,0.2,0.35,0.65,0.75,0.8,0.85,0.0,0.0,0.0,0.08,0.03
8,PE_PB_FED,0.011463,0.15,0.3,0.45,0.5,0.7,0.8,0.95,0.0,0.65,0.8,0.12,0.04
6,PB_FED,0.011461,0.05,0.25,0.3,0.5,0.75,0.85,0.95,0.0,0.0,0.0,0.08,0.04
8,PE_only,0.011458,0.1,0.2,0.45,0.5,0.65,0.8,0.95,0.0,0.0,0.0,0.12,0.03
6,PE_PB,0.011457,0.05,0.15,0.3,0.7,0.75,0.85,0.95,0.0,0.65,0.0,0.12,0.03
6,PE_only,0.011453,0.1,0.3,0.35,0.7,0.65,0.75,0.9,0.0,0.0,0.0,0.06,0.05
8,PE_FED,0.011449,0.2,0.25,0.45,0.65,0.7,0.75,0.95,0.5,0.0,0.0,0.06,0.05
8,PE_PB_FED,0.011447,0.1,0.2,0.45,0.7,0.65,0.8,0.95,0.5,0.6,0.75,0.06,0.04
6,PE_FED,0.011445,0.2,0.25,0.45,0.65,0.65,0.8,0.95,-0.5,0.0,0.0,0.08,0.05
8,PB_FED,0.011443,0.05,0.25,0.3,0.7,0.65,0.85,0.9,1.0,0.0,0.0,0.1,0.05
8,PE_only,0.011438,0.1,0.15,0.35,0.6,0.7,0.85,0.9,0.0,0.0,0.0,0.12,0.03
6,PE_only,0.011435,0.05,0.15,0.4,0.6,0.7,0.8,0.95,0.0,0.0,0.0,0.06,0.04
6,PE_only,0.011435,0.05,0.15,0.4,0.6,0.65,0.8,0.95,0.0,0.0,0.0,0.12,0.04
6,PB_only,0.011435,0.1,0.2,0.4,0.55,0.7,0.85,0.9,0.0,0.0,0.0,0.1,0.04
6,PE_only,0.011428,0.1,0.2,0.45,0.65,0.7,0.75,0.9,0.0,0.0,0.0,0.08,0.03
8,PE_only,0.011428,0.1,0.25,0.45,0.7,0.65,0.75,0.85,0.0,0.0,0.0,0.08,0.03
8,PE_FED,0.011428,0.1,0.3,0.4,0.5,0.7,0.75,0.9,0.0,0.0,0.0,0.1,0.04
8,PE_FED,0.011426,0.1,0.3,0.45,0.7,0.65,0.8,0.85,0.0,0.0,0.0,0.12,0.03
8,PE_PB_FED,0.011424,0.2,0.3,0.4,0.65,0.65,0.75,0.9,0.0,0.65,0.7,0.1,0.04
6,PB_only,0.011413,0.15,0.25,0.35,0.55,0.75,0.8,0.95,0.0,0.0,0.0,0.1,0.04
8,PB_FED,0.011411,0.2,0.25,0.3,0.55,0.65,0.85,0.95,1.0,0.0,0.0,0.12,0.03
8,PE_only,0.011402,0.05,0.2,0.45,0.65,0.7,0.85,0.9,0.0,0.0,0.0,0.08,0.03
8,PB_only,0.011402,0.2,0.25,0.35,0.5,0.75,0.85,0.95,0.0,0.0,0.0,0.08,0.05
8,PE_PB_FED,0.011401,0.1,0.3,0.35,0.5,0.65,0.75,0.95,0.0,0.55,0.7,0.06,0.03
8,PE_FED,0.011398,0.05,0.15,0.3,0.5,0.65,0.75,0.85,0.0,0.0,0.0,0.08,0.03
6,PB_FED,0.011389,0.15,0.3,0.4,0.55,0.7,0.8,0.9,-0.5,0.0,0.0,0.08,0.05
8,PE_only,0.011388,0.05,0.3,0.45,0.55,0.7,0.8,0.95,0.0,0.0,0.0,0.06,0.04
6,PE_only,0.011386,0.1,0.2,0.3,0.7,0.75,0.85,0.9,0.0,0.0,0.0,0.06,0.04
8,PE_only,0.011386,0.15,0.25,0.4,0.65,0.7,0.85,0.9,0.0,0.0,0.0,0.08,0.05
6,PB_FED,0.011383,0.2,0.3,0.45,0.55,0.75,0.85,0.9,0.0,0.0,0.0,0.12,0.03
6,PE_only,0.011382,0.15,0.3,0.45,0.7,0.7,0.75,0.9,0.0,0.0,0.0,0.12,0.05
8,PE_PB_FED,0.01138,0.15,0.25,0.35,0.65,0.75,0.8,0.95,0.5,0.65,0.7,0.12,0.05
6,PB_only,0.011379,0.05,0.25,0.35,0.55,0.65,0.8,0.9,0.0,0.0,0.0,0.06,0.05
8,PB_FED,0.011379,0.05,0.3,0.35,0.65,0.7,0.8,0.9,1.0,0.0,0.0,0.06,0.04
8,PB_only,0.011378,0.05,0.25,0.4,0.5,0.7,0.85,0.95,0.0,0.0,0.0,0.08,0.04
6,PE_only,0.011372,0.05,0.3,0.45,0.65,0.7,0.85,0.95,0.0,0.0,0.0,0.06,0.04
8,PB_FED,0.011369,0.05,0.25,0.45,0.55,0.7,0.8,0.95,1.0,0.0,0.0,0.12,0.05
6,PB_only,0.011368,0.2,0.3,0.45,0.6,0.75,0.8,0.95,0.0,0.0,0.0,0.06,0.05
8,PE_FED,0.011366,0.05,0.15,0.35,0.5,0.65,0.75,0.85,0.0,0.0,0.0,0.1,0.04
8,PE_PB_FED,0.011366,0.05,0.2,0.3,0.5,0.65,0.75,0.9,0.0,0.65,0.75,0.12,0.03
6,PE_FED,0.011365,0.1,0.2,0.4,0.6,0.7,0.75,0.95,-0.5,0.0,0.0,0.12,0.05
6,PB_only,0.011356,0.15,0.25,0.35,0.55,0.75,0.8,0.95,0.0,0.0,0.0,0.08,0.05
8,PE_only,0.011353,0.2,0.3,0.4,0.55,0.65,0.8,0.95,0.0,0.0,0.0,0.06,0.05
8,PE_FED,0.011344,0.1,0.15,0.3,0.5,0.65,0.85,0.9,0.0,0.0,0.0,0.1,0.05
8,PE_FED,0.011339,0.2,0.25,0.35,0.5,0.65,0.85,0.95,-0.5,0.0,0.0,0.1,0.03
8,PE_PB_FED,0.011334,0.15,0.2,0.45,0.55,0.65,0.75,0.9,0.0,0.6,0.75,0.1,0.04
8,PB_only,0.011333,0.1,0.25,0.45,0.5,0.65,0.85,0.9,0.0,0.0,0.0,0.06,0.05
6,PB_only,0.011328,0.05,0.2,0.4,0.5,0.7,0.75,0.95,0.0,0.0,0.0,0.12,0.03
8,PE_only,0.011328,0.1,0.15,0.45,0.65,0.75,0.8,0.85,0.0,0.0,0.0,0.1,0.03
8,PB_only,0.011328,0.05,0.3,0.45,0.5,0.65,0.85,0.9,0.0,0.0,0.0,0.06,0.03
8,PE_FED,0.011324,0.05,0.3,0.35,0.55,0.7,0.8,0.9,0.0,0.0,0.0,0.12,0.05
8,PE_PB_FED,0.011322,0.1,0.15,0.3,0.7,0.65,0.8,0.9,0.0,0.5,0.75,0.12,0.03
6,PE_PB,0.011315,0.05,0.2,0.45,0.65,0.7,0.8,0.95,0.0,0.65,0.0,0.1,0.03
6,PE_only,0.011314,0.05,0.15,0.3,0.7,0.7,0.8,0.85,0.0,0.0,0.0,0.08,0.04
8,PE_PB_FED,0.011314,0.05,0.25,0.45,0.65,0.7,0.8,0.9,0.0,0.65,0.75,0.08,0.03
8,PB_FED,0.011313,0.1,0.2,0.45,0.55,0.65,0.85,0.9,1.0,0.0,0.0,0.06,0.03
8,PE_FED,0.011312,0.1,0.15,0.35,0.55,0.7,0.85,0.9,-0.5,0.0,0.0,0.12,0.03
8,PE_FED,0.011311,0.2,0.25,0.45,0.7,0.75,0.8,0.95,0.5,0.0,0.0,0.1,0.04
6,PB_only,0.011309,0.05,0.15,0.45,0.5,0.65,0.75,0.9,0.0,0.0,0.0,0.1,0.03
8,PE_PB_FED,0.011309,0.05,0.2,0.45,0.55,0.7,0.75,0.9,0.0,0.65,0.75,0.08,0.05
8,PE_PB_FED,0.011305,0.05,0.2,0.35,0.65,0.7,0.8,0.9,-0.5,0.65,0.7,0.06,0.05
8,PE_FED,0.011303,0.1,0.2,0.3,0.55,0.75,0.85,0.9,-0.5,0.0,0.0,0.1,0.04
6,PE_FED,0.011301,0.15,0.2,0.3,0.55,0.65,0.75,0.95,0.0,0.0,0.0,0.08,0.03
6,PE_only,0.0113,0.05,0.25,0.3,0.65,0.65,0.75,0.9,0.0,0.0,0.0,0.08,0.05
8,PE_only,0.0113,0.2,0.25,0.4,0.55,0.75,0.85,0.95,0.0,0.0,0.0,0.06,0.03
8,PB_only,0.011297,0.1,0.3,0.4,0.5,0.7,0.8,0.95,0.0,0.0,0.0,0.12,0.05
8,PB_FED,0.011297,0.05,0.3,0.4,0.5,0.65,0.75,0.95,1.0,0.0,0.0,0.06,0.04
6,PB_only,0.011295,0.1,0.2,0.35,0.55,0.75,0.85,0.95,0.0,0.0,0.0,0.1,0.05
6,PB_FED,0.011292,0.05,0.25,0.4,0.5,0.7,0.8,0.95,0.0,0.0,0.0,0.06,0.04
6,PB_only,0.01129,0.15,0.2,0.35,0.5,0.7,0.75,0.95,0.0,0.0,0.0,0.1,0.05
8,PE_only,0.011287,0.1,0.15,0.4,0.6,0.65,0.75,0.85,0.0,0.0,0.0,0.12,0.05
6,PE_FED,0.011284,0.15,0.25,0.45,0.65,0.75,0.8,0.95,0.0,0.0,0.0,0.12,0.04
6,PB_FED,0.011277,0.1,0.2,0.35,0.5,0.75,0.8,0.85,0.0,0.0,0.0,0.06,0.05
8,PE_only,0.011277,0.2,0.3,0.45,0.7,0.7,0.85,0.9,0.0,0.0,0.0,0.06,0.03
6,PB_FED,0.011276,0.1,0.3,0.4,0.55,0.75,0.8,0.95,-0.5,0.0,0.0,0.1,0.05
8,PE_only,0.011275,0.1,0.25,0.3,0.5,0.75,0.8,0.95,0.0,0.0,0.0,0.08,0.05
8,PB_FED,0.011275,0.05,0.3,0.4,0.6,0.75,0.8,0.9,1.0,0.0,0.0,0.08,0.03
6,PB_only,0.01127,0.1,0.15,0.45,0.5,0.7,0.75,0.95,0.0,0.0,0.0,0.1,0.03
6,PE_FED,0.011269,0.05,0.15,0.45,0.65,0.65,0.85,0.95,0.0,0.0,0.0,0.08,0.05
8,PB_only,0.011268,0.1,0.25,0.45,0.5,0.7,0.85,0.9,0.0,0.0,0.0,0.08,0.05
6,PE_only,0.011263,0.15,0.2,0.35,0.7,0.75,0.85,0.9,0.0,0.0,0.0,0.12,0.04
6,PE_PB,0.011262,0.15,0.25,0.4,0.65,0.65,0.8,0.95,0.0,0.65,0.0,0.1,0.03
6,PE_only,0.011259,0.15,0.25,0.4,0.65,0.7,0.8,0.9,0.0,0.0,0.0,0.12,0.04
6,PE_only,0.011258,0.05,0.15,0.4,0.6,0.65,0.8,0.95,0.0,0.0,0.0,0.08,0.05
8,PE_only,0.011256,0.1,0.15,0.35,0.6,0.75,0.85,0.9,0.0,0.0,0.0,0.06,0.05
6,PE_FED,0.011254,0.2,0.3,0.35,0.65,0.7,0.8,0.95,-0.5,0.0,0.0,0.06,0.04
6,PB_only,0.01125,0.05,0.3,0.35,0.55,0.65,0.85,0.9,0.0,0.0,0.0,0.08,0.03
6,PB_only,0.011248,0.1,0.2,0.3,0.5,0.7,0.8,0.9,0.0,0.0,0.0,0.1,0.04
6,PE_FED,0.011246,0.1,0.2,0.35,0.7,0.7,0.75,0.9,-0.5,0.0,0.0,0.08,0.03
8,PE_only,0.011246,0.1,0.25,0.35,0.5,0.65,0.75,0.95,0.0,0.0,0.0,0.06,0.05
6,PB_only,0.011245,0.1,0.25,0.3,0.5,0.7,0.75,0.95,0.0,0.0,0.0,0.12,0.05
8,PE_only,0.011244,0.05,0.25,0.45,0.55,0.7,0.85,0.95,0.0,0.0,0.0,0.08,0.03
8,PE_PB_FED,0.011242,0.05,0.25,0.4,0.6,0.65,0.85,0.95,-0.5,0.6,0.75,0.12,0.03
6,PB_only,0.011241,0.05,0.3,0.45,0.6,0.7,0.8,0.85,0.0,0.0,0.0,0.06,0.05
8,PE_PB_FED,0.011238,0.05,0.2,0.35,0.55,0.65,0.85,0.95,0.0,0.5,0.75,0.1,0.04
8,PB_FED,0.011235,0.05,0.3,0.4,0.5,0.75,0.8,0.95,0.5,0.0,0.0,0.1,0.04
6,PE_PB,0.011231,0.05,0.25,0.3,0.65,0.7,0.75,0.95,0.0,0.65,0.0,0.12,0.04
6,PE_FED,0.011226,0.1,0.25,0.35,0.7,0.7,0.75,0.9,-0.5,0.0,0.0,0.1,0.04
8,PE_PB,0.011215,0.1,0.25,0.4,0.65,0.75,0.85,0.95,0.0,0.65,0.0,0.06,0.03
8,PE_only,0.011213,0.15,0.2,0.45,0.65,0.65,0.8,0.85,0.0,0.0,0.0,0.08,0.05
6,PE_only,0.011212,0.1,0.2,0.35,0.65,0.7,0.8,0.9,0.0,0.0,0.0,0.06,0.05
8,PE_PB,0.011211,0.05,0.15,0.35,0.55,0.7,0.85,0.95,0.0,0.65,0.0,0.1,0.03
6,PE_FED,0.011208,0.1,0.15,0.35,0.6,0.65,0.85,0.95,-0.5,0.0,0.0,0.1,0.05
8,PB_only,0.011207,0.2,0.25,0.45,0.5,0.7,0.8,0.95,0.0,0.0,0.0,0.12,0.05
6,PB_only,0.011204,0.1,0.2,0.35,0.5,0.65,0.85,0.9,0.0,0.0,0.0,0.08,0.03
8,PB_FED,0.011203,0.1,0.25,0.45,0.55,0.7,0.8,0.9,1.0,0.0,0.0,0.12,0.04
8,PE_only,0.011202,0.15,0.25,0.45,0.6,0.65,0.75,0.9,0.0,0.0,0.0,0.08,0.05
8,PE_only,0.011202,0.05,0.2,0.35,0.65,0.7,0.8,0.85,0.0,0.0,0.0,0.06,0.03
6,PE_PB,0.011199,0.1,0.25,0.4,0.65,0.65,0.75,0.95,0.0,0.65,0.0,0.1,0.03
8,PE_PB,0.011197,0.1,0.2,0.35,0.7,0.7,0.8,0.95,0.0,0.55,0.0,0.1,0.03
8,PB_FED,0.011195,0.1,0.15,0.35,0.55,0.75,0.8,0.85,1.0,0.0,0.0,0.08,0.05
6,PB_only,0.011193,0.05,0.25,0.3,0.55,0.65,0.8,0.95,0.0,0.0,0.0,0.12,0.04
6,PE_PB,0.011189,0.05,0.15,0.35,0.7,0.75,0.85,0.95,0.0,0.65,0.0,0.06,0.05
6,PB_only,0.011188,0.05,0.15,0.4,0.55,0.75,0.85,0.95,0.0,0.0,0.0,0.1,0.04
6,PE_only,0.011187,0.2,0.25,0.3,0.65,0.65,0.75,0.9,0.0,0.0,0.0,0.08,0.03
6,PB_only,0.011186,0.05,0.3,0.4,0.55,0.7,0.75,0.85,0.0,0.0,0.0,0.06,0.05
8,PE_only,0.011186,0.1,0.2,0.45,0.5,0.65,0.8,0.95,0.0,0.0,0.0,0.12,0.04
8,PE_only,0.011183,0.1,0.25,0.35,0.65,0.65,0.85,0.9,0.0,0.0,0.0,0.08,0.03
8,PE_FED,0.011183,0.05,0.15,0.3,0.6,0.75,0.8,0.9,0.5,0.0,0.0,0.08,0.03
8,PE_FED,0.011183,0.05,0.15,0.3,0.6,0.75,0.8,0.9,0.5,0.0,0.0,0.12,0.03
8,PE_only,0.011178,0.05,0.15,0.4,0.6,0.75,0.85,0.9,0.0,0.0,0.0,0.1,0.03
6,PE_PB,0.011176,0.05,0.25,0.35,0.65,0.7,0.75,0.95,0.0,0.65,0.0,0.06,0.03
6,PE_FED,0.011176,0.15,0.25,0.35,0.65,0.65,0.85,0.95,0.0,0.0,0.0,0.12,0.04
8,PE_only,0.011176,0.05,0.3,0.4,0.7,0.65,0.85,0.9,0.0,0.0,0.0,0.08,0.03
8,PE_PB_FED,0.011172,0.1,0.2,0.3,0.55,0.7,0.75,0.9,0.0,0.55,0.75,0.08,0.03
6,PE_PB,0.011169,0.1,0.25,0.45,0.7,0.7,0.75,0.95,0.0,0.65,0.0,0.08,0.03
8,PE_only,0.011169,0.1,0.3,0.35,0.55,0.65,0.85,0.95,0.0,0.0,0.0,0.08,0.04
6,PE_FED,0.011163,0.15,0.2,0.45,0.65,0.65,0.85,0.95,0.0,0.0,0.0,0.06,0.04
6,PB_only,0.011161,0.2,0.3,0.4,0.55,0.7,0.75,0.85,0.0,0.0,0.0,0.06,0.05
8,PB_FED,0.011161,0.05,0.25,0.45,0.65,0.7,0.8,0.85,1.0,0.0,0.0,0.1,0.03
8,PE_PB_FED,0.011158,0.1,0.15,0.3,0.55,0.65,0.75,0.85,0.0,0.65,0.7,0.1,0.05
8,PE_PB_FED,0.011158,0.1,0.3,0.35,0.55,0.65,0.75,0.95,0.0,0.5,0.75,0.06,0.04
8,PE_FED,0.011153,0.05,0.2,0.3,0.65,0.75,0.8,0.95,1.0,0.0,0.0,0.1,0.04
6,PE_only,0.01115,0.1,0.2,0.3,0.6,0.7,0.8,0.95,0.0,0.0,0.0,0.1,0.03
6,PE_only,0.01115,0.1,0.2,0.3,0.6,0.7,0.8,0.95,0.0,0.0,0.0,0.06,0.03
6,PE_FED,0.011147,0.05,0.2,0.4,0.6,0.7,0.75,0.95,-0.5,0.0,0.0,0.1,0.05
8,PB_only,0.011147,0.2,0.3,0.35,0.5,0.7,0.8,0.95,0.0,0.0,0.0,0.06,0.04
8,PE_FED,0.011143,0.15,0.3,0.4,0.55,0.65,0.75,0.95,0.5,0.0,0.0,0.1,0.05
6,PB_only,0.01114,0.05,0.15,0.45,0.55,0.75,0.8,0.95,0.0,0.0,0.0,0.08,0.04
8,PE_only,0.01114,0.2,0.25,0.3,0.65,0.7,0.75,0.85,0.0,0.0,0.0,0.1,0.05
6,PE_FED,0.011131,0.1,0.3,0.35,0.7,0.7,0.85,0.95,0.0,0.0,0.0,0.08,0.05
8,PE_PB_FED,0.01113,0.15,0.25,0.3,0.7,0.7,0.75,0.9,-0.5,0.6,0.7,0.1,0.04
6,PB_FED,0.011129,0.05,0.25,0.35,0.5,0.75,0.8,0.95,-0.5,0.0,0.0,0.1,0.03
6,PE_only,0.011128,0.1,0.2,0.3,0.6,0.65,0.75,0.95,0.0,0.0,0.0,0.12,0.04
8,PB_FED,0.011128,0.05,0.2,0.3,0.5,0.75,0.8,0.9,1.0,0.0,0.0,0.06,0.05
6,PB_only,0.011125,0.15,0.25,0.3,0.5,0.7,0.75,0.95,0.0,0.0,0.0,0.06,0.05
8,PE_only,0.011125,0.05,0.25,0.3,0.6,0.75,0.8,0.9,0.0,0.0,0.0,0.08,0.05
6,PE_only,0.011124,0.1,0.3,0.35,0.65,0.65,0.75,0.9,0.0,0.0,0.0,0.06,0.04
6,PE_FED,0.011119,0.05,0.15,0.45,0.6,0.7,0.75,0.95,-0.5,0.0,0.0,0.12,0.03
8,PE_FED,0.011119,0.05,0.3,0.45,0.7,0.75,0.8,0.95,0.5,0.0,0.0,0.12,0.03
6,PE_PB,0.011116,0.1,0.25,0.3,0.65,0.7,0.8,0.95,0.0,0.65,0.0,0.1,0.05
8,PE_FED,0.011115,0.15,0.2,0.4,0.6,0.75,0.8,0.95,1.0,0.0,0.0,0.12,0.03
6,PE_FED,0.011112,0.1,0.3,0.45,0.7,0.7,0.75,0.95,0.0,0.0,0.0,0.08,0.03
8,PE_PB_FED,0.01111,0.1,0.3,0.45,0.55,0.7,0.75,0.95,-0.5,0.65,0.7,0.08,0.04
8,PE_FED,0.011109,0.15,0.25,0.45,0.7,0.65,0.75,0.95,1.0,0.0,0.0,0.1,0.03
8,PB_only,0.011109,0.1,0.2,0.45,0.5,0.65,0.85,0.95,0.0,0.0,0.0,0.08,0.04
8,PE_only,0.011105,0.2,0.3,0.4,0.7,0.7,0.8,0.85,0.0,0.0,0.0,0.1,0.04
8,PB_FED,0.011104,0.15,0.3,0.35,0.6,0.7,0.8,0.9,1.0,0.0,0.0,0.12,0.05
8,PB_FED,0.011104,0.15,0.3,0.35,0.6,0.65,0.8,0.9,1.0,0.0,0.0,0.06,0.05
6,PE_PB,0.011099,0.1,0.25,0.35,0.65,0.65,0.75,0.95,0.0,0.65,0.0,0.12,0.04
8,PE_FED,0.011099,0.1,0.25,0.3,0.6,0.7,0.85,0.95,0.5,0.0,0.0,0.08,0.05
6,PB_FED,0.011098,0.15,0.2,0.4,0.5,0.7,0.8,0.85,-0.5,0.0,0.0,0.1,0.03
8,PE_only,0.011098,0.1,0.2,0.3,0.5,0.65,0.85,0.95,0.0,0.0,0.0,0.06,0.05
8,PE_PB_FED,0.011091,0.2,0.3,0.35,0.65,0.65,0.8,0.95,-0.5,0.6,0.8,0.06,0.05
6,PE_only,0.011089,0.1,0.3,0.4,0.7,0.75,0.8,0.9,0.0,0.0,0.0,0.06,0.05
6,PE_PB,0.011088,0.15,0.25,0.45,0.7,0.7,0.75,0.95,0.0,0.65,0.0,0.1,0.04
8,PE_PB,0.011085,0.05,0.25,0.35,0.65,0.75,0.8,0.95,0.0,0.6,0.0,0.1,0.03
8,PB_only,0.011085,0.05,0.3,0.45,0.5,0.75,0.8,0.95,0.0,0.0,0.0,0.12,0.03
6,PE_FED,0.011084,0.2,0.3,0.4,0.65,0.75,0.8,0.95,-0.5,0.0,0.0,0.1,0.04
8,PE_only,0.011083,0.05,0.25,0.3,0.65,0.75,0.8,0.85,0.0,0.0,0.0,0.06,0.05
8,PE_PB_FED,0.011081,0.15,0.25,0.45,0.6,0.65,0.75,0.95,0.5,0.65,0.7,0.1,0.05
8,PE_PB_FED,0.011078,0.15,0.2,0.4,0.5,0.7,0.75,0.95,-0.5,0.6,0.7,0.1,0.05
8,PB_only,0.011078,0.2,0.3,0.35,0.5,0.75,0.85,0.9,0.0,0.0,0.0,0.08,0.04
6,PB_only,0.011076,0.05,0.25,0.35,0.55,0.7,0.85,0.95,0.0,0.0,0.0,0.06,0.03
8,PE_only,0.011071,0.1,0.3,0.45,0.65,0.65,0.8,0.9,0.0,0.0,0.0,0.08,0.05
8,PE_only,0.011071,0.1,0.3,0.45,0.65,0.7,0.8,0.9,0.0,0.0,0.0,0.08,0.05
8,PB_FED,0.01107,0.1,0.25,0.35,0.7,0.65,0.8,0.85,1.0,0.0,0.0,0.1,0.05
6,PE_FED,0.011067,0.15,0.3,0.45,0.65,0.7,0.8,0.95,-0.5,0.0,0.0,0.08,0.04
8,PB_only,0.011063,0.2,0.3,0.45,0.5,0.75,0.8,0.95,0.0,0.0,0.0,0.12,0.03
8,PE_PB,0.011062,0.15,0.3,0.35,0.6,0.7,0.75,0.95,0.0,0.65,0.0,0.1,0.03
6,PB_only,0.011058,0.15,0.25,0.3,0.55,0.75,0.85,0.95,0.0,0.0,0.0,0.08,0.05
8,PE_PB,0.011058,0.1,0.3,0.4,0.65,0.7,0.8,0.95,0.0,0.65,0.0,0.1,0.05
6,PB_only,0.011057,0.2,0.3,0.45,0.6,0.7,0.85,0.95,0.0,0.0,0.0,0.1,0.05
8,PE_only,0.011056,0.1,0.2,0.4,0.6,0.65,0.85,0.9,0.0,0.0,0.0,0.1,0.04
8,PE_only,0.01105,0.05,0.25,0.45,0.7,0.65,0.8,0.85,0.0,0.0,0.0,0.08,0.03
8,PE_FED,0.011048,0.1,0.3,0.4,0.65,0.7,0.8,0.85,0.0,0.0,0.0,0.06,0.03
8,PE_PB_FED,0.011045,0.05,0.25,0.4,0.7,0.7,0.8,0.9,0.0,0.6,0.7,0.12,0.04
6,PE_only,0.011044,0.2,0.3,0.45,0.65,0.65,0.85,0.95,0.0,0.0,0.0,0.08,0.05
8,PE_FED,0.011041,0.05,0.15,0.45,0.55,0.75,0.85,0.9,-0.5,0.0,0.0,0.1,0.04
6,PE_only,0.01104,0.15,0.2,0.3,0.6,0.7,0.75,0.95,0.0,0.0,0.0,0.08,0.05
8,PE_PB,0.011039,0.05,0.3,0.45,0.65,0.75,0.8,0.95,0.0,0.65,0.0,0.12,0.03
6,PB_only,0.011037,0.1,0.25,0.3,0.55,0.75,0.8,0.85,0.0,0.0,0.0,0.1,0.05
8,PE_PB_FED,0.011035,0.05,0.15,0.35,0.65,0.75,0.8,0.85,0.0,0.65,0.8,0.12,0.04
6,PE_FED,0.011033,0.15,0.3,0.45,0.65,0.65,0.8,0.95,-0.5,0.0,0.0,0.1,0.03
8,PE_PB,0.011032,0.1,0.3,0.4,0.7,0.75,0.85,0.95,0.0,0.65,0.0,0.1,0.03
6,PE_only,0.011031,0.1,0.2,0.4,0.65,0.65,0.8,0.9,0.0,0.0,0.0,0.1,0.05
8,PE_only,0.011026,0.15,0.2,0.45,0.65,0.7,0.8,0.85,0.0,0.0,0.0,0.12,0.04
8,PE_PB_FED,0.01102,0.15,0.2,0.35,0.7,0.7,0.75,0.95,0.5,0.5,0.8,0.06,0.03
8,PE_only,0.011018,0.1,0.15,0.45,0.5,0.75,0.85,0.95,0.0,0.0,0.0,0.12,0.04
6,PE_FED,0.011015,0.15,0.25,0.4,0.6,0.7,0.75,0.95,0.0,0.0,0.0,0.1,0.05
8,PE_only,0.011008,0.05,0.3,0.4,0.7,0.65,0.8,0.85,0.0,0.0,0.0,0.06,0.04
6,PE_FED,0.011007,0.1,0.15,0.4,0.7,0.65,0.8,0.9,-0.5,0.0,0.0,0.12,0.03
6,PE_PB,0.011005,0.1,0.25,0.35,0.65,0.75,0.8,0.95,0.0,0.65,0.0,0.06,0.04
6,PB_only,0.011002,0.1,0.25,0.3,0.5,0.65,0.8,0.85,0.0,0.0,0.0,0.08,0.03
8,PB_FED,0.011002,0.2,0.25,0.4,0.7,0.65,0.85,0.9,1.0,0.0,0.0,0.08,0.04
6,PE_only,0.010999,0.05,0.15,0.35,0.7,0.7,0.8,0.85,0.0,0.0,0.0,0.06,0.04
8,PE_only,0.010999,0.15,0.25,0.45,0.65,0.65,0.75,0.85,0.0,0.0,0.0,0.06,0.04
6,PE_FED,0.010991,0.15,0.3,0.35,0.65,0.75,0.8,0.95,0.0,0.0,0.0,0.06,0.05
6,PB_only,0.010989,0.05,0.25,0.3,0.5,0.65,0.75,0.95,0.0,0.0,0.0,0.08,0.05
8,PE_PB_FED,0.010987,0.1,0.25,0.4,0.7,0.75,0.85,0.9,0.0,0.65,0.7,0.06,0.04
6,PE_only,0.010984,0.05,0.2,0.35,0.65,0.7,0.8,0.9,0.0,0.0,0.0,0.12,0.05
8,PE_only,0.010983,0.15,0.25,0.35,0.6,0.7,0.8,0.9,0.0,0.0,0.0,0.12,0.05
8,PE_FED,0.010979,0.05,0.25,0.3,0.55,0.65,0.8,0.9,-0.5,0.0,0.0,0.06,0.05
8,PE_PB,0.010977,0.1,0.25,0.3,0.55,0.65,0.75,0.95,0.0,0.65,0.0,0.12,0.03
8,PE_PB_FED,0.010977,0.05,0.25,0.3,0.55,0.75,0.8,0.95,-0.5,0.55,0.75,0.08,0.04
6,PE_only,0.010969,0.05,0.2,0.3,0.6,0.7,0.75,0.95,0.0,0.0,0.0,0.12,0.03
6,PB_only,0.010969,0.05,0.25,0.35,0.55,0.7,0.8,0.85,0.0,0.0,0.0,0.08,0.05
8,PE_PB_FED,0.010967,0.1,0.3,0.45,0.7,0.75,0.85,0.95,-0.5,0.6,0.7,0.06,0.03
6,PB_FED,0.010964,0.05,0.3,0.35,0.55,0.7,0.85,0.95,-0.5,0.0,0.0,0.12,0.03
6,PB_only,0.010963,0.15,0.2,0.3,0.5,0.75,0.8,0.85,0.0,0.0,0.0,0.06,0.04
6,PB_only,0.010962,0.15,0.3,0.35,0.55,0.75,0.8,0.85,0.0,0.0,0.0,0.08,0.04
6,PB_only,0.010962,0.15,0.3,0.35,0.55,0.7,0.8,0.85,0.0,0.0,0.0,0.12,0.04
8,PE_FED,0.01096,0.05,0.3,0.35,0.6,0.65,0.85,0.9,0.0,0.0,0.0,0.08,0.05
8,PB_FED,0.01096,0.2,0.3,0.4,0.7,0.65,0.8,0.85,1.0,0.0,0.0,0.06,0.04
6,PE_only,0.010956,0.1,0.2,0.3,0.6,0.7,0.75,0.95,0.0,0.0,0.0,0.06,0.05
8,PE_only,0.010954,0.15,0.2,0.35,0.5,0.65,0.85,0.95,0.0,0.0,0.0,0.1,0.04
6,PE_FED,0.01095,0.15,0.25,0.4,0.65,0.75,0.85,0.95,0.0,0.0,0.0,0.12,0.04
6,PE_only,0.010946,0.1,0.2,0.4,0.7,0.75,0.85,0.9,0.0,0.0,0.0,0.08,0.04
6,PB_only,0.010942,0.1,0.3,0.35,0.55,0.7,0.8,0.85,0.0,0.0,0.0,0.08,0.04
6,PB_only,0.010938,0.05,0.2,0.35,0.55,0.7,0.85,0.95,0.0,0.0,0.0,0.12,0.05
8,PE_FED,0.010938,0.1,0.15,0.3,0.55,0.75,0.8,0.85,-0.5,0.0,0.0,0.08,0.05
8,PE_PB,0.010936,0.1,0.3,0.35,0.7,0.65,0.85,0.95,0.0,0.65,0.0,0.08,0.03
6,PE_PB,0.010931,0.15,0.25,0.45,0.7,0.7,0.75,0.95,0.0,0.65,0.0,0.1,0.05
6,PE_only,0.010927,0.15,0.2,0.3,0.6,0.75,0.8,0.95,0.0,0.0,0.0,0.08,0.05
8,PE_PB,0.010925,0.15,0.3,0.4,0.6,0.65,0.75,0.95,0.0,0.65,0.0,0.06,0.03
8,PE_FED,0.010925,0.15,0.2,0.45,0.6,0.7,0.8,0.85,-0.5,0.0,0.0,0.06,0.04
6,PB_only,0.010921,0.15,0.2,0.4,0.5,0.65,0.75,0.85,0.0,0.0,0.0,0.1,0.04
8,PE_PB,0.010921,0.2,0.25,0.35,0.6,0.7,0.75,0.95,0.0,0.65,0.0,0.08,0.04
8,PE_FED,0.01092,0.1,0.3,0.4,0.55,0.7,0.75,0.9,-0.5,0.0,0.0,0.06,0.03
8,PE_FED,0.01092,0.05,0.2,0.45,0.6,0.7,0.85,0.95,0.5,0.0,0.0,0.12,0.04
8,PE_FED,0.010913,0.15,0.2,0.45,0.55,0.75,0.85,0.95,0.5,0.0,0.0,0.08,0.04
8,PE_only,0.010906,0.05,0.25,0.35,0.5,0.7,0.8,0.95,0.0,0.0,0.0,0.08,0.05
8,PE_FED,0.010902,0.15,0.2,0.4,0.55,0.65,0.8,0.95,1.0,0.0,0.0,0.08,0.03
8,PE_PB_FED,0.010901,0.1,0.2,0.4,0.7,0.75,0.85,0.9,0.0,0.65,0.7,0.1,0.05
8,PB_only,0.010901,0.2,0.25,0.4,0.5,0.7,0.85,0.95,0.0,0.0,0.0,0.12,0.05
6,PB_only,0.010897,0.2,0.25,0.45,0.55,0.7,0.8,0.9,0.0,0.0,0.0,0.06,0.03
6,PB_FED,0.010897,0.2,0.3,0.4,0.55,0.65,0.8,0.85,-0.5,0.0,0.0,0.1,0.04
8,PE_PB_FED,0.010895,0.15,0.2,0.3,0.55,0.7,0.75,0.95,0.5,0.55,0.7,0.1,0.05
6,PB_FED,0.010894,0.15,0.3,0.45,0.55,0.7,0.75,0.85,-0.5,0.0,0.0,0.12,0.05
8,PE_FED,0.010894,0.1,0.3,0.35,0.55,0.7,0.8,0.95,0.5,0.0,0.0,0.12,0.04
8,PE_PB_FED,0.010894,0.2,0.3,0.35,0.6,0.65,0.85,0.95,-0.5,0.65,0.7,0.06,0.03
6,PE_only,0.010892,0.2,0.25,0.3,0.65,0.65,0.75,0.9,0.0,0.0,0.0,0.12,0.05
6,PB_only,0.010892,0.15,0.2,0.4,0.55,0.65,0.85,0.9,0.0,0.0,0.0,0.1,0.05
8,PE_only,0.010891,0.05,0.25,0.45,0.6,0.7,0.8,0.9,0.0,0.0,0.0,0.08,0.04
8,PE_only,0.01089,0.05,0.2,0.45,0.65,0.65,0.75,0.85,0.0,0.0,0.0,0.1,0.03
8,PE_only,0.01089,0.15,0.3,0.45,0.7,0.65,0.8,0.85,0.0,0.0,0.0,0.1,0.04
8,PE_only,0.010884,0.05,0.25,0.3,0.65,0.75,0.8,0.85,0.0,0.0,0.0,0.12,0.04
8,PE_only,0.010882,0.1,0.25,0.35,0.5,0.7,0.8,0.95,0.0,0.0,0.0,0.12,0.05
6,PE_only,0.010872,0.1,0.25,0.35,0.65,0.65,0.8,0.9,0.0,0.0,0.0,0.06,0.03
8,PE_PB,0.010868,0.1,0.2,0.3,0.55,0.7,0.75,0.95,0.0,0.6,0.0,0.08,0.03
6,PB_only,0.010864,0.15,0.25,0.4,0.55,0.7,0.85,0.95,0.0,0.0,0.0,0.08,0.03
6,PE_PB,0.010863,0.2,0.25,0.35,0.7,0.7,0.75,0.95,0.0,0.65,0.0,0.08,0.04
8,PB_FED,0.010863,0.05,0.15,0.4,0.5,0.7,0.8,0.85,1.0,0.0,0.0,0.06,0.04
6,PE_only,0.010861,0.1,0.3,0.45,0.7,0.65,0.75,0.9,0.0,0.0,0.0,0.06,0.03
8,PB_FED,0.01086,0.15,0.3,0.45,0.5,0.65,0.85,0.9,0.5,0.0,0.0,0.06,0.03
8,PE_FED,0.010859,0.15,0.3,0.35,0.55,0.75,0.8,0.95,0.5,0.0,0.0,0.1,0.04
8,PE_FED,0.010857,0.05,0.2,0.35,0.55,0.75,0.85,0.9,-0.5,0.0,0.0,0.1,0.04
6,PE_FED,0.010855,0.1,0.25,0.3,0.6,0.65,0.8,0.95,-0.5,0.0,0.0,0.1,0.04
6,PE_only,0.010853,0.05,0.15,0.35,0.7,0.75,0.85,0.9,0.0,0.0,0.0,0.1,0.05
6,PB_only,0.010835,0.1,0.25,0.4,0.55,0.65,0.8,0.95,0.0,0.0,0.0,0.06,0.05
6,PB_only,0.010827,0.1,0.3,0.45,0.6,0.75,0.8,0.85,0.0,0.0,0.0,0.08,0.05
8,PE_only,0.010827,0.15,0.2,0.3,0.6,0.65,0.75,0.85,0.0,0.0,0.0,0.12,0.05
6,PE_FED,0.010826,0.15,0.3,0.4,0.65,0.7,0.85,0.95,-0.5,0.0,0.0,0.06,0.04
8,PE_FED,0.010824,0.1,0.3,0.45,0.7,0.65,0.8,0.95,0.5,0.0,0.0,0.06,0.05
8,PB_only,0.010816,0.05,0.25,0.45,0.5,0.65,0.85,0.9,0.0,0.0,0.0,0.1,0.05
6,PB_FED,0.010808,0.15,0.3,0.45,0.55,0.75,0.8,0.85,-0.5,0.0,0.0,0.12,0.03
8,PE_PB_FED,0.010808,0.1,0.3,0.45,0.7,0.7,0.8,0.9,0.0,0.65,0.7,0.06,0.03
6,PB_only,0.010807,0.05,0.25,0.35,0.55,0.75,0.85,0.9,0.0,0.0,0.0,0.12,0.04
8,PE_PB_FED,0.010807,0.15,0.2,0.3,0.65,0.75,0.8,0.95,1.0,0.65,0.75,0.06,0.03
8,PE_PB_FED,0.010805,0.05,0.2,0.35,0.55,0.7,0.75,0.9,-0.5,0.65,0.75,0.08,0.04
8,PB_FED,0.010805,0.1,0.2,0.35,0.5,0.7,0.8,0.9,1.0,0.0,0.0,0.1,0.05
8,PE_only,0.010804,0.15,0.2,0.35,0.6,0.65,0.75,0.85,0.0,0.0,0.0,0.08,0.04
8,PE_FED,0.010804,0.05,0.15,0.4,0.55,0.7,0.85,0.9,-0.5,0.0,0.0,0.1,0.05
6,PE_only,0.010801,0.05,0.15,0.4,0.7,0.7,0.8,0.85,0.0,0.0,0.0,0.12,0.04
6,PE_only,0.010795,0.05,0.2,0.4,0.65,0.75,0.8,0.9,0.0,0.0,0.0,0.12,0.05
6,PE_FED,0.010795,0.1,0.15,0.35,0.6,0.75,0.85,0.95,-0.5,0.0,0.0,0.08,0.03
8,PE_only,0.010794,0.05,0.3,0.35,0.55,0.75,0.85,0.95,0.0,0.0,0.0,0.08,0.05
8,PE_PB,0.010793,0.1,0.2,0.3,0.7,0.65,0.8,0.9,0.0,0.65,0.0,0.06,0.03
8,PE_FED,0.010793,0.05,0.2,0.4,0.65,0.75,0.8,0.95,1.0,0.0,0.0,0.1,0.04
6,PE_FED,0.010789,0.1,0.25,0.4,0.65,0.75,0.85,0.95,0.0,0.0,0.0,0.12,0.05
8,PE_FED,0.010783,0.2,0.3,0.35,0.55,0.75,0.8,0.9,0.0,0.0,0.0,0.08,0.05
8,PE_PB_FED,0.010778,0.1,0.15,0.45,0.7,0.75,0.8,0.95,1.0,0.55,0.8,0.06,0.05
8,PE_only,0.010775,0.05,0.25,0.35,0.65,0.65,0.8,0.85,0.0,0.0,0.0,0.06,0.05
6,PB_FED,0.010773,0.1,0.2,0.45,0.5,0.7,0.8,0.85,-0.5,0.0,0.0,0.1,0.04
8,PE_only,0.010768,0.2,0.3,0.4,0.7,0.65,0.8,0.85,0.0,0.0,0.0,0.1,0.04
6,PB_only,0.010765,0.2,0.25,0.35,0.55,0.75,0.85,0.95,0.0,0.0,0.0,0.08,0.03
6,PE_only,0.010763,0.15,0.2,0.3,0.7,0.7,0.8,0.85,0.0,0.0,0.0,0.06,0.04
6,PE_FED,0.010761,0.15,0.25,0.35,0.7,0.7,0.8,0.9,-0.5,0.0,0.0,0.06,0.04
8,PE_PB_FED,0.010761,0.15,0.25,0.3,0.7,0.65,0.8,0.95,0.5,0.55,0.75,0.12,0.03
6,PB_only,0.010757,0.15,0.2,0.45,0.55,0.7,0.85,0.95,0.0,0.0,0.0,0.1,0.03
8,PE_PB_FED,0.010757,0.05,0.15,0.3,0.6,0.7,0.8,0.85,0.0,0.65,0.8,0.12,0.04
8,PE_PB_FED,0.010756,0.05,0.15,0.35,0.5,0.7,0.85,0.95,0.5,0.65,0.8,0.06,0.03
6,PB_FED,0.010754,0.15,0.3,0.45,0.55,0.7,0.85,0.9,-0.5,0.0,0.0,0.1,0.03
6,PB_only,0.010751,0.1,0.15,0.4,0.5,0.65,0.75,0.95,0.0,0.0,0.0,0.06,0.04
8,PE_PB,0.010749,0.15,0.2,0.3,0.65,0.75,0.8,0.95,0.0,0.55,0.0,0.08,0.03
6,PE_only,0.010748,0.1,0.2,0.3,0.7,0.65,0.75,0.85,0.0,0.0,0.0,0.12,0.05
6,PE_only,0.010748,0.05,0.3,0.4,0.7,0.7,0.8,0.9,0.0,0.0,0.0,0.06,0.05
8,PB_FED,0.010747,0.2,0.3,0.4,0.5,0.65,0.8,0.85,0.5,0.0,0.0,0.12,0.03
6,PE_FED,0.010744,0.05,0.15,0.4,0.6,0.7,0.85,0.95,-0.5,0.0,0.0,0.1,0.05
8,PE_only,0.010743,0.05,0.2,0.3,0.6,0.7,0.75,0.85,0.0,0.0,0.0,0.06,0.04
8,PE_PB_FED,0.010742,0.05,0.25,0.35,0.5,0.7,0.8,0.95,-0.5,0.65,0.75,0.1,0.04
8,PE_FED,0.01074,0.05,0.2,0.35,0.5,0.65,0.75,0.9,-0.5,0.0,0.0,0.08,0.05
6,PE_only,0.010739,0.15,0.2,0.4,0.7,0.7,0.75,0.85,0.0,0.0,0.0,0.12,0.04
6,PE_FED,0.010736,0.15,0.25,0.45,0.65,0.75,0.85,0.95,-0.5,0.0,0.0,0.06,0.03
8,PE_PB_FED,0.010736,0.1,0.2,0.35,0.5,0.75,0.85,0.95,0.0,0.55,0.8,0.1,0.05
8,PE_PB,0.01073,0.1,0.15,0.4,0.5,0.65,0.8,0.95,0.0,0.65,0.0,0.12,0.03
8,PE_FED,0.010728,0.05,0.2,0.45,0.55,0.65,0.8,0.9,-0.5,0.0,0.0,0.12,0.05
8,PE_only,0.010727,0.15,0.2,0.35,0.5,0.7,0.85,0.95,0.0,0.0,0.0,0.08,0.05
8,PE_FED,0.010725,0.1,0.2,0.4,0.65,0.75,0.8,0.95,1.0,0.0,0.0,0.06,0.04
8,PE_PB,0.010722,0.2,0.25,0.4,0.7,0.75,0.8,0.95,0.0,0.6,0.0,0.06,0.03
8,PE_PB_FED,0.010722,0.05,0.2,0.4,0.5,0.65,0.75,0.95,1.0,0.6,0.75,0.08,0.03
8,PE_PB_FED,0.01072,0.15,0.25,0.35,0.55,0.7,0.8,0.9,0.0,0.65,0.8,0.06,0.04
6,PE_FED,0.010718,0.1,0.3,0.35,0.65,0.7,0.85,0.95,-0.5,0.0,0.0,0.1,0.05
8,PE_only,0.010717,0.1,0.3,0.4,0.55,0.75,0.85,0.95,0.0,0.0,0.0,0.1,0.05
8,PE_only,0.010715,0.2,0.3,0.35,0.65,0.75,0.85,0.9,0.0,0.0,0.0,0.1,0.04
8,PE_only,0.010711,0.2,0.3,0.35,0.65,0.7,0.85,0.9,0.0,0.0,0.0,0.08,0.04
8,PE_only,0.010711,0.2,0.25,0.35,0.65,0.75,0.85,0.9,0.0,0.0,0.0,0.08,0.05
8,PE_only,0.010711,0.2,0.25,0.35,0.65,0.75,0.85,0.9,0.0,0.0,0.0,0.12,0.05
8,PB_only,0.010704,0.05,0.3,0.35,0.5,0.65,0.85,0.95,0.0,0.0,0.0,0.06,0.03
6,PE_FED,0.010702,0.05,0.25,0.4,0.6,0.7,0.75,0.95,0.0,0.0,0.0,0.1,0.04
8,PE_only,0.010702,0.05,0.2,0.45,0.65,0.75,0.8,0.85,0.0,0.0,0.0,0.12,0.04
8,PE_only,0.010701,0.1,0.2,0.45,0.55,0.65,0.75,0.9,0.0,0.0,0.0,0.06,0.04
8,PE_FED,0.0107,0.1,0.3,0.45,0.5,0.7,0.75,0.9,0.0,0.0,0.0,0.06,0.04
6,PB_only,0.010695,0.05,0.2,0.4,0.55,0.65,0.8,0.95,0.0,0.0,0.0,0.12,0.04
8,PE_only,0.010695,0.15,0.3,0.45,0.7,0.7,0.8,0.85,0.0,0.0,0.0,0.08,0.03
8,PE_only,0.010693,0.15,0.25,0.3,0.65,0.75,0.8,0.85,0.0,0.0,0.0,0.06,0.03
8,PE_only,0.010689,0.05,0.3,0.35,0.55,0.75,0.85,0.95,0.0,0.0,0.0,0.08,0.03
8,PE_only,0.010689,0.05,0.3,0.35,0.55,0.65,0.85,0.95,0.0,0.0,0.0,0.1,0.03
6,PE_only,0.010685,0.05,0.2,0.35,0.7,0.7,0.75,0.85,0.0,0.0,0.0,0.1,0.05
6,PE_only,0.01068,0.15,0.3,0.35,0.65,0.7,0.75,0.9,0.0,0.0,0.0,0.08,0.03
6,PE_only,0.01068,0.15,0.3,0.35,0.65,0.65,0.75,0.9,0.0,0.0,0.0,0.06,0.03
8,PE_PB_FED,0.010677,0.05,0.15,0.4,0.55,0.7,0.85,0.95,0.5,0.6,0.75,0.08,0.03
6,PE_FED,0.010676,0.15,0.2,0.4,0.7,0.75,0.8,0.9,-0.5,0.0,0.0,0.08,0.03
6,PE_only,0.010675,0.15,0.2,0.4,0.6,0.75,0.8,0.95,0.0,0.0,0.0,0.1,0.03
6,PB_only,0.010674,0.1,0.25,0.35,0.5,0.65,0.75,0.95,0.0,0.0,0.0,0.1,0.03
6,PB_only,0.010673,0.15,0.25,0.35,0.5,0.7,0.75,0.85,0.0,0.0,0.0,0.1,0.04
6,PE_only,0.010671,0.05,0.25,0.45,0.7,0.65,0.8,0.9,0.0,0.0,0.0,0.08,0.05
6,PE_PB,0.01067,0.1,0.25,0.45,0.7,0.65,0.8,0.95,0.0,0.65,0.0,0.12,0.05
6,PB_only,0.010666,0.1,0.25,0.35,0.55,0.7,0.85,0.9,0.0,0.0,0.0,0.1,0.05
6,PB_only,0.010665,0.15,0.25,0.4,0.55,0.65,0.8,0.85,0.0,0.0,0.0,0.08,0.05
8,PE_only,0.010662,0.05,0.15,0.4,0.6,0.7,0.75,0.85,0.0,0.0,0.0,0.1,0.03
6,PB_FED,0.010661,0.2,0.3,0.35,0.5,0.75,0.8,0.9,0.0,0.0,0.0,0.1,0.04
6,PE_only,0.01066,0.1,0.15,0.35,0.7,0.75,0.8,0.85,0.0,0.0,0.0,0.08,0.03
8,PE_PB,0.010659,0.05,0.3,0.4,0.6,0.65,0.75,0.95,0.0,0.65,0.0,0.1,0.03
8,PE_only,0.010656,0.1,0.25,0.4,0.65,0.75,0.8,0.85,0.0,0.0,0.0,0.08,0.05
8,PE_FED,0.010656,0.05,0.2,0.3,0.5,0.75,0.85,0.95,0.5,0.0,0.0,0.1,0.04
8,PE_FED,0.010656,0.05,0.2,0.3,0.5,0.7,0.85,0.95,0.5,0.0,0.0,0.12,0.04
8,PE_FED,0.010654,0.15,0.25,0.45,0.6,0.7,0.8,0.85,0.0,0.0,0.0,0.08,0.03
8,PB_FED,0.010654,0.1,0.3,0.45,0.6,0.7,0.8,0.9,1.0,0.0,0.0,0.08,0.04
6,PE_only,0.010651,0.2,0.25,0.35,0.65,0.65,0.75,0.9,0.0,0.0,0.0,0.1,0.05
8,PE_PB_FED,0.01065,0.05,0.15,0.35,0.55,0.65,0.75,0.85,0.0,0.65,0.7,0.1,0.05
6,PB_only,0.010647,0.05,0.3,0.45,0.6,0.65,0.8,0.95,0.0,0.0,0.0,0.12,0.04
6,PE_FED,0.010644,0.15,0.25,0.35,0.7,0.7,0.75,0.9,-0.5,0.0,0.0,0.1,0.03
8,PE_PB_FED,0.010644,0.15,0.2,0.3,0.65,0.75,0.8,0.95,0.5,0.55,0.7,0.08,0.04
6,PE_FED,0.010643,0.15,0.25,0.35,0.6,0.65,0.8,0.95,-0.5,0.0,0.0,0.06,0.03
8,PE_FED,0.010637,0.05,0.25,0.45,0.55,0.7,0.85,0.9,0.0,0.0,0.0,0.12,0.04
8,PE_PB,0.010634,0.05,0.2,0.45,0.6,0.7,0.85,0.95,0.0,0.65,0.0,0.12,0.04
8,PE_FED,0.010632,0.05,0.25,0.35,0.65,0.7,0.8,0.95,1.0,0.0,0.0,0.12,0.03
8,PB_FED,0.01063,0.05,0.3,0.35,0.7,0.75,0.8,0.85,1.0,0.0,0.0,0.06,0.04
6,PE_only,0.010629,0.1,0.15,0.45,0.6,0.65,0.75,0.95,0.0,0.0,0.0,0.08,0.03
8,PB_FED,0.010628,0.15,0.2,0.35,0.5,0.7,0.85,0.95,1.0,0.0,0.0,0.12,0.04
8,PE_PB_FED,0.010624,0.05,0.2,0.35,0.7,0.7,0.75,0.85,-0.5,0.65,0.7,0.06,0.04
8,PE_PB_FED,0.010624,0.1,0.25,0.35,0.5,0.65,0.75,0.95,0.5,0.65,0.75,0.1,0.05
8,PE_FED,0.010621,0.1,0.3,0.35,0.6,0.65,0.8,0.85,0.0,0.0,0.0,0.12,0.04
8,PE_PB_FED,0.010616,0.1,0.3,0.4,0.6,0.65,0.75,0.95,-0.5,0.55,0.75,0.1,0.03
8,PE_only,0.010615,0.05,0.25,0.45,0.65,0.65,0.75,0.85,0.0,0.0,0.0,0.08,0.04
8,PE_only,0.010614,0.1,0.2,0.3,0.55,0.65,0.8,0.9,0.0,0.0,0.0,0.1,0.03
8,PE_only,0.010614,0.1,0.25,0.4,0.5,0.75,0.8,0.95,0.0,0.0,0.0,0.06,0.05
6,PE_only,0.010608,0.05,0.2,0.35,0.6,0.75,0.8,0.95,0.0,0.0,0.0,0.12,0.03
8,PE_PB_FED,0.010608,0.05,0.2,0.3,0.6,0.7,0.8,0.95,1.0,0.6,0.7,0.12,0.03
6,PE_only,0.010607,0.2,0.3,0.35,0.65,0.65,0.75,0.9,0.0,0.0,0.0,0.06,0.04
8,PE_only,0.010604,0.1,0.3,0.35,0.6,0.7,0.75,0.9,0.0,0.0,0.0,0.1,0.05
8,PB_FED,0.010604,0.15,0.25,0.45,0.5,0.75,0.8,0.9,1.0,0.0,0.0,0.12,0.03
6,PE_FED,0.010602,0.2,0.3,0.45,0.7,0.65,0.75,0.95,0.0,0.0,0.0,0.08,0.05
6,PB_FED,0.010602,0.05,0.25,0.4,0.5,0.7,0.8,0.85,0.0,0.0,0.0,0.08,0.04
8,PE_PB,0.010599,0.1,0.15,0.3,0.5,0.75,0.8,0.95,0.0,0.65,0.0,0.12,0.05
8,PE_PB,0.010599,0.1,0.15,0.3,0.5,0.75,0.8,0.95,0.0,0.65,0.0,0.06,0.05
6,PE_FED,0.010598,0.1,0.25,0.35,0.6,0.75,0.8,0.95,-0.5,0.0,0.0,0.1,0.03
8,PB_FED,0.010598,0.1,0.25,0.3,0.6,0.65,0.8,0.85,1.0,0.0,0.0,0.08,0.05
8,PE_FED,0.010593,0.15,0.3,0.45,0.65,0.75,0.8,0.85,0.0,0.0,0.0,0.08,0.03
8,PE_FED,0.010591,0.05,0.3,0.4,0.65,0.7,0.8,0.85,0.0,0.0,0.0,0.08,0.03
8,PE_PB_FED,0.010591,0.05,0.25,0.3,0.5,0.65,0.75,0.95,0.5,0.6,0.75,0.08,0.03
8,PE_PB,0.01059,0.05,0.2,0.35,0.7,0.65,0.8,0.9,0.0,0.65,0.0,0.12,0.04
6,PB_only,0.010589,0.1,0.2,0.45,0.55,0.65,0.8,0.85,0.0,0.0,0.0,0.1,0.05
8,PE_only,0.010587,0.05,0.15,0.4,0.6,0.65,0.8,0.85,0.0,0.0,0.0,0.1,0.05
8,PE_only,0.010587,0.1,0.2,0.35,0.5,0.75,0.85,0.95,0.0,0.0,0.0,0.08,0.03
8,PE_PB,0.01058,0.1,0.2,0.3,0.55,0.75,0.8,0.95,0.0,0.6,0.0,0.1,0.03
6,PB_FED,0.010579,0.1,0.25,0.3,0.5,0.65,0.85,0.9,-0.5,0.0,0.0,0.1,0.04
6,PE_only,0.010571,0.1,0.15,0.3,0.65,0.7,0.75,0.85,0.0,0.0,0.0,0.06,0.05
8,PE_only,0.010568,0.2,0.25,0.35,0.65,0.65,0.85,0.9,0.0,0.0,0.0,0.12,0.03
6,PB_only,0.010563,0.1,0.25,0.3,0.55,0.65,0.85,0.95,0.0,0.0,0.0,0.12,0.04
8,PE_FED,0.010562,0.1,0.2,0.45,0.65,0.7,0.8,0.95,1.0,0.0,0.0,0.12,0.04
8,PE_PB_FED,0.010561,0.2,0.3,0.4,0.6,0.75,0.85,0.95,-0.5,0.65,0.8,0.12,0.05
6,PE_PB,0.010556,0.05,0.25,0.45,0.7,0.7,0.8,0.95,0.0,0.65,0.0,0.08,0.05
8,PE_PB_FED,0.010553,0.05,0.15,0.3,0.5,0.75,0.8,0.9,0.0,0.65,0.7,0.08,0.05
6,PE_only,0.010551,0.1,0.2,0.35,0.6,0.75,0.8,0.95,0.0,0.0,0.0,0.1,0.05
6,PE_FED,0.010546,0.15,0.2,0.35,0.7,0.7,0.75,0.9,0.0,0.0,0.0,0.1,0.04
8,PE_only,0.010545,0.05,0.3,0.4,0.55,0.7,0.85,0.95,0.0,0.0,0.0,0.1,0.05
8,PE_only,0.010542,0.1,0.25,0.45,0.65,0.65,0.85,0.9,0.0,0.0,0.0,0.08,0.05
8,PE_FED,0.010542,0.15,0.25,0.35,0.7,0.65,0.75,0.95,1.0,0.0,0.0,0.06,0.04
8,PE_PB,0.010541,0.05,0.15,0.3,0.6,0.7,0.75,0.9,0.0,0.65,0.0,0.06,0.05
8,PE_PB_FED,0.01054,0.05,0.15,0.45,0.5,0.65,0.8,0.95,-0.5,0.5,0.7,0.06,0.03
8,PE_PB,0.010537,0.05,0.15,0.3,0.6,0.65,0.75,0.95,0.0,0.5,0.0,0.08,0.03
6,PE_only,0.010536,0.05,0.15,0.35,0.6,0.75,0.85,0.95,0.0,0.0,0.0,0.1,0.04
6,PE_only,0.010536,0.05,0.2,0.3,0.7,0.65,0.75,0.85,0.0,0.0,0.0,0.1,0.04
8,PB_FED,0.010536,0.1,0.15,0.45,0.5,0.75,0.85,0.95,1.0,0.0,0.0,0.1,0.05
8,PE_only,0.010535,0.05,0.25,0.35,0.55,0.7,0.75,0.9,0.0,0.0,0.0,0.12,0.04
8,PE_PB_FED,0.010534,0.05,0.2,0.45,0.6,0.65,0.8,0.95,0.5,0.6,0.7,0.1,0.04
8,PE_only,0.010533,0.15,0.25,0.3,0.6,0.7,0.85,0.9,0.0,0.0,0.0,0.1,0.04
6,PB_FED,0.010532,0.15,0.25,0.3,0.5,0.65,0.85,0.95,-0.5,0.0,0.0,0.08,0.03
6,PE_FED,0.01053,0.15,0.2,0.4,0.6,0.75,0.85,0.95,0.0,0.0,0.0,0.08,0.04
8,PE_FED,0.010529,0.05,0.3,0.45,0.65,0.65,0.8,0.85,0.0,0.0,0.0,0.12,0.04
8,PE_FED,0.010528,0.15,0.2,0.4,0.6,0.65,0.75,0.9,0.5,0.0,0.0,0.1,0.03
8,PE_FED,0.010527,0.15,0.25,0.45,0.55,0.7,0.75,0.95,1.0,0.0,0.0,0.1,0.03
8,PE_only,0.010525,0.15,0.3,0.35,0.65,0.7,0.75,0.85,0.0,0.0,0.0,0.06,0.05
6,PE_only,0.010524,0.1,0.15,0.45,0.6,0.75,0.8,0.95,0.0,0.0,0.0,0.08,0.05
6,PE_only,0.010524,0.1,0.15,0.45,0.6,0.75,0.8,0.95,0.0,0.0,0.0,0.12,0.05
6,PB_only,0.010522,0.2,0.25,0.3,0.5,0.65,0.75,0.9,0.0,0.0,0.0,0.12,0.05
8,PE_PB,0.010521,0.2,0.25,0.35,0.6,0.7,0.8,0.95,0.0,0.65,0.0,0.08,0.05
8,PE_PB,0.010512,0.15,0.2,0.45,0.6,0.7,0.85,0.95,0.0,0.65,0.0,0.08,0.05
8,PE_PB,0.010511,0.05,0.2,0.45,0.7,0.65,0.8,0.95,0.0,0.55,0.0,0.12,0.03
6,PB_only,0.010509,0.1,0.25,0.35,0.5,0.7,0.75,0.95,0.0,0.0,0.0,0.1,0.05
6,PE_only,0.010508,0.05,0.15,0.45,0.6,0.65,0.75,0.95,0.0,0.0,0.0,0.08,0.04
8,PE_PB,0.010508,0.05,0.2,0.35,0.7,0.65,0.75,0.95,0.0,0.55,0.0,0.1,0.05
6,PE_only,0.010507,0.05,0.2,0.45,0.65,0.65,0.8,0.9,0.0,0.0,0.0,0.06,0.03
6,PE_only,0.010507,0.05,0.2,0.45,0.65,0.7,0.8,0.9,0.0,0.0,0.0,0.12,0.03
6,PE_only,0.010507,0.05,0.2,0.45,0.65,0.65,0.8,0.9,0.0,0.0,0.0,0.08,0.03
8,PE_PB,0.010506,0.05,0.25,0.3,0.6,0.7,0.85,0.95,0.0,0.65,0.0,0.12,0.03
8,PB_FED,0.010502,0.2,0.3,0.45,0.55,0.65,0.85,0.9,0.5,0.0,0.0,0.12,0.04
8,PE_PB_FED,0.010501,0.15,0.3,0.35,0.6,0.7,0.75,0.9,0.0,0.6,0.8,0.12,0.04
6,PE_only,0.0105,0.2,0.25,0.4,0.65,0.7,0.8,0.9,0.0,0.0,0.0,0.06,0.04
8,PE_PB,0.010496,0.15,0.25,0.35,0.65,0.65,0.8,0.95,0.0,0.6,0.0,0.1,0.04
6,PE_only,0.010494,0.05,0.15,0.3,0.65,0.65,0.75,0.85,0.0,0.0,0.0,0.12,0.04
6,PB_only,0.010489,0.05,0.2,0.45,0.5,0.7,0.75,0.9,0.0,0.0,0.0,0.12,0.03
6,PE_only,0.010488,0.1,0.3,0.35,0.65,0.65,0.75,0.9,0.0,0.0,0.0,0.1,0.03
6,PB_only,0.010485,0.1,0.2,0.3,0.5,0.7,0.8,0.9,0.0,0.0,0.0,0.12,0.05
8,PE_only,0.010482,0.05,0.2,0.35,0.55,0.7,0.8,0.9,0.0,0.0,0.0,0.08,0.04
8,PE_FED,0.010482,0.05,0.15,0.3,0.65,0.75,0.85,0.95,1.0,0.0,0.0,0.1,0.03
6,PE_only,0.010476,0.1,0.2,0.35,0.7,0.65,0.75,0.85,0.0,0.0,0.0,0.12,0.05
6,PE_only,0.010474,0.2,0.25,0.45,0.7,0.65,0.8,0.9,0.0,0.0,0.0,0.08,0.05
8,PE_PB,0.010474,0.1,0.25,0.3,0.6,0.75,0.85,0.95,0.0,0.65,0.0,0.08,0.03
6,PB_only,0.010473,0.15,0.3,0.45,0.55,0.65,0.85,0.9,0.0,0.0,0.0,0.06,0.03
8,PE_only,0.010471,0.15,0.2,0.3,0.6,0.7,0.85,0.9,0.0,0.0,0.0,0.08,0.05
8,PE_FED,0.010469,0.2,0.25,0.35,0.5,0.65,0.75,0.95,0.5,0.0,0.0,0.08,0.05
8,PE_FED,0.010466,0.15,0.25,0.45,0.7,0.75,0.85,0.95,0.5,0.0,0.0,0.12,0.05
8,PE_PB,0.010464,0.1,0.25,0.3,0.65,0.7,0.8,0.95,0.0,0.6,0.0,0.1,0.05
6,PE_only,0.010463,0.2,0.3,0.4,0.65,0.65,0.75,0.9,0.0,0.0,0.0,0.1,0.04
8,PE_FED,0.010457,0.15,0.2,0.4,0.5,0.65,0.75,0.9,-0.5,0.0,0.0,0.06,0.05
6,PE_only,0.010455,0.05,0.15,0.45,0.6,0.7,0.75,0.95,0.0,0.0,0.0,0.06,0.03
6,PE_only,0.010454,0.05,0.15,0.35,0.7,0.65,0.75,0.85,0.0,0.0,0.0,0.08,0.03
8,PE_PB_FED,0.010449,0.15,0.25,0.35,0.7,0.65,0.75,0.9,-0.5,0.6,0.8,0.08,0.03
6,PE_only,0.010442,0.15,0.3,0.35,0.65,0.7,0.8,0.9,0.0,0.0,0.0,0.06,0.04
8,PE_PB,0.010442,0.05,0.25,0.3,0.7,0.65,0.8,0.95,0.0,0.55,0.0,0.08,0.03
6,PB_only,0.010441,0.1,0.3,0.4,0.55,0.65,0.8,0.85,0.0,0.0,0.0,0.06,0.04
6,PB_only,0.01044,0.1,0.15,0.3,0.5,0.65,0.8,0.95,0.0,0.0,0.0,0.1,0.04
6,PB_only,0.010439,0.05,0.3,0.35,0.55,0.7,0.8,0.85,0.0,0.0,0.0,0.1,0.04
6,PB_only,0.010437,0.15,0.2,0.4,0.5,0.65,0.85,0.9,0.0,0.0,0.0,0.1,0.03
6,PE_only,0.010436,0.15,0.25,0.3,0.6,0.75,0.8,0.95,0.0,0.0,0.0,0.08,0.03
6,PB_FED,0.010436,0.1,0.3,0.4,0.55,0.7,0.85,0.9,-0.5,0.0,0.0,0.1,0.04
6,PE_PB,0.010434,0.05,0.15,0.35,0.65,0.7,0.85,0.95,0.0,0.65,0.0,0.1,0.03
6,PB_only,0.010428,0.1,0.25,0.4,0.5,0.7,0.75,0.85,0.0,0.0,0.0,0.12,0.03
8,PE_FED,0.010428,0.2,0.25,0.4,0.5,0.65,0.75,0.95,0.5,0.0,0.0,0.12,0.04
8,PE_PB_FED,0.010426,0.1,0.2,0.4,0.5,0.75,0.8,0.95,-0.5,0.55,0.75,0.1,0.03
8,PE_PB_FED,0.010424,0.05,0.3,0.4,0.65,0.65,0.85,0.95,-0.5,0.6,0.8,0.06,0.03
8,PB_FED,0.010419,0.05,0.3,0.4,0.65,0.75,0.8,0.9,1.0,0.0,0.0,0.06,0.05
8,PE_PB,0.010417,0.1,0.2,0.3,0.55,0.7,0.75,0.95,0.0,0.6,0.0,0.1,0.04
6,PB_FED,0.010415,0.05,0.2,0.45,0.5,0.75,0.8,0.85,-0.5,0.0,0.0,0.06,0.03
6,PE_FED,0.010411,0.05,0.3,0.35,0.65,0.7,0.8,0.95,0.0,0.0,0.0,0.12,0.05
8,PE_only,0.010411,0.05,0.25,0.45,0.65,0.7,0.85,0.9,0.0,0.0,0.0,0.08,0.05
8,PE_PB,0.010411,0.15,0.2,0.45,0.7,0.75,0.85,0.95,0.0,0.6,0.0,0.1,0.03
8,PE_only,0.010408,0.05,0.15,0.35,0.6,0.7,0.8,0.85,0.0,0.0,0.0,0.08,0.03
8,PE_only,0.010402,0.15,0.25,0.35,0.65,0.7,0.8,0.85,0.0,0.0,0.0,0.1,0.03
8,PE_FED,0.010399,0.1,0.3,0.35,0.6,0.75,0.8,0.85,0.0,0.0,0.0,0.08,0.04
8,PE_only,0.010394,0.1,0.2,0.35,0.6,0.7,0.75,0.85,0.0,0.0,0.0,0.1,0.04
6,PB_only,0.010392,0.15,0.25,0.35,0.55,0.7,0.85,0.95,0.0,0.0,0.0,0.08,0.05
8,PE_PB_FED,0.010392,0.05,0.15,0.3,0.6,0.75,0.8,0.9,-0.5,0.6,0.8,0.06,0.05
8,PE_FED,0.01039,0.1,0.2,0.3,0.6,0.7,0.75,0.9,0.5,0.0,0.0,0.06,0.05
6,PE_only,0.010389,0.05,0.2,0.4,0.6,0.65,0.8,0.95,0.0,0.0,0.0,0.08,0.03
6,PE_only,0.010389,0.05,0.2,0.4,0.6,0.65,0.8,0.95,0.0,0.0,0.0,0.12,0.03
8,PE_PB_FED,0.010389,0.1,0.2,0.3,0.7,0.7,0.85,0.95,-0.5,0.5,0.8,0.06,0.05
8,PE_PB,0.010386,0.2,0.3,0.35,0.7,0.7,0.85,0.95,0.0,0.65,0.0,0.08,0.04
8,PE_FED,0.010382,0.05,0.25,0.3,0.55,0.75,0.8,0.95,1.0,0.0,0.0,0.1,0.03
6,PB_only,0.010381,0.1,0.2,0.35,0.5,0.7,0.8,0.95,0.0,0.0,0.0,0.1,0.03
8,PE_PB_FED,0.010377,0.15,0.2,0.45,0.7,0.65,0.75,0.95,1.0,0.55,0.75,0.06,0.03
6,PE_only,0.010372,0.15,0.25,0.35,0.7,0.7,0.75,0.85,0.0,0.0,0.0,0.1,0.05
6,PB_FED,0.01037,0.05,0.15,0.45,0.5,0.7,0.8,0.85,-0.5,0.0,0.0,0.12,0.03
8,PE_only,0.01037,0.1,0.2,0.3,0.6,0.75,0.85,0.9,0.0,0.0,0.0,0.1,0.05
8,PE_PB_FED,0.01037,0.15,0.2,0.4,0.7,0.75,0.85,0.95,-0.5,0.5,0.75,0.06,0.03
6,PB_only,0.010369,0.05,0.3,0.35,0.55,0.75,0.8,0.9,0.0,0.0,0.0,0.1,0.04
8,PE_only,0.010369,0.15,0.2,0.45,0.6,0.75,0.85,0.9,0.0,0.0,0.0,0.12,0.04
8,PE_PB_FED,0.010366,0.1,0.25,0.3,0.7,0.7,0.75,0.95,1.0,0.65,0.7,0.12,0.04
6,PB_FED,0.010363,0.05,0.25,0.4,0.5,0.65,0.8,0.85,-0.5,0.0,0.0,0.12,0.03
8,PE_only,0.010362,0.1,0.3,0.4,0.6,0.65,0.8,0.9,0.0,0.0,0.0,0.12,0.04
8,PB_FED,0.010357,0.05,0.3,0.45,0.5,0.7,0.85,0.95,0.5,0.0,0.0,0.1,0.03
8,PE_FED,0.010353,0.1,0.2,0.35,0.6,0.75,0.8,0.95,1.0,0.0,0.0,0.08,0.05
6,PB_only,0.010347,0.15,0.2,0.4,0.5,0.65,0.8,0.85,0.0,0.0,0.0,0.06,0.03
6,PE_only,0.010341,0.05,0.2,0.35,0.7,0.7,0.8,0.85,0.0,0.0,0.0,0.06,0.05
6,PE_only,0.01034,0.05,0.2,0.35,0.7,0.75,0.8,0.85,0.0,0.0,0.0,0.06,0.05
6,PE_only,0.010337,0.05,0.3,0.45,0.7,0.65,0.75,0.9,0.0,0.0,0.0,0.06,0.05
6,PB_only,0.010335,0.05,0.3,0.35,0.55,0.75,0.8,0.95,0.0,0.0,0.0,0.08,0.03
8,PE_PB_FED,0.010333,0.05,0.2,0.3,0.6,0.75,0.8,0.9,0.0,0.55,0.8,0.1,0.04
6,PE_only,0.010328,0.05,0.3,0.4,0.7,0.65,0.8,0.9,0.0,0.0,0.0,0.1,0.05
6,PE_only,0.010325,0.1,0.3,0.45,0.65,0.65,0.75,0.9,0.0,0.0,0.0,0.08,0.04
6,PE_only,0.010325,0.1,0.3,0.45,0.65,0.7,0.75,0.9,0.0,0.0,0.0,0.06,0.04
6,PB_only,0.010324,0.2,0.25,0.45,0.55,0.75,0.8,0.95,0.0,0.0,0.0,0.08,0.03
6,PB_only,0.010319,0.15,0.2,0.35,0.5,0.7,0.8,0.9,0.0,0.0,0.0,0.1,0.04
8,PE_PB,0.010319,0.05,0.2,0.45,0.55,0.75,0.8,0.95,0.0,0.65,0.0,0.08,0.04
6,PE_only,0.010317,0.2,0.3,0.35,0.7,0.65,0.8,0.9,0.0,0.0,0.0,0.12,0.05
8,PE_only,0.010315,0.2,0.25,0.35,0.65,0.65,0.8,0.85,0.0,0.0,0.0,0.08,0.04
6,PB_only,0.010313,0.05,0.3,0.4,0.55,0.7,0.8,0.9,0.0,0.0,0.0,0.06,0.03
6,PB_only,0.010313,0.05,0.3,0.4,0.55,0.75,0.8,0.9,0.0,0.0,0.0,0.1,0.03
6,PE_PB,0.010304,0.15,0.2,0.3,0.7,0.65,0.85,0.95,0.0,0.65,0.0,0.1,0.04
8,PB_FED,0.010303,0.2,0.25,0.4,0.5,0.65,0.85,0.95,0.5,0.0,0.0,0.06,0.04
6,PE_only,0.010299,0.05,0.15,0.4,0.6,0.65,0.85,0.95,0.0,0.0,0.0,0.12,0.04
8,PB_FED,0.010299,0.2,0.3,0.45,0.7,0.75,0.85,0.9,1.0,0.0,0.0,0.12,0.03
6,PB_only,0.010298,0.05,0.3,0.45,0.6,0.65,0.85,0.95,0.0,0.0,0.0,0.1,0.04
8,PE_PB_FED,0.010297,0.05,0.25,0.3,0.6,0.65,0.8,0.95,-0.5,0.5,0.8,0.08,0.04
6,PB_only,0.010294,0.05,0.2,0.4,0.55,0.65,0.85,0.95,0.0,0.0,0.0,0.08,0.05
6,PB_only,0.010293,0.1,0.25,0.3,0.5,0.7,0.8,0.9,0.0,0.0,0.0,0.08,0.04
8,PE_only,0.010293,0.15,0.25,0.45,0.65,0.65,0.8,0.85,0.0,0.0,0.0,0.08,0.04
8,PE_PB_FED,0.01029,0.15,0.25,0.3,0.65,0.7,0.8,0.95,-0.5,0.5,0.75,0.06,0.05
8,PE_only,0.010286,0.1,0.2,0.4,0.5,0.75,0.85,0.95,0.0,0.0,0.0,0.1,0.03
6,PB_only,0.010284,0.15,0.25,0.3,0.5,0.7,0.75,0.85,0.0,0.0,0.0,0.06,0.05
8,PB_FED,0.010279,0.15,0.3,0.4,0.55,0.7,0.8,0.9,1.0,0.0,0.0,0.12,0.04
6,PB_FED,0.010273,0.05,0.3,0.35,0.5,0.7,0.75,0.95,-0.5,0.0,0.0,0.06,0.04
8,PE_PB_FED,0.010268,0.1,0.2,0.35,0.65,0.75,0.8,0.95,0.5,0.5,0.8,0.12,0.03
6,PB_only,0.010264,0.15,0.2,0.4,0.5,0.7,0.8,0.9,0.0,0.0,0.0,0.12,0.03
8,PE_only,0.010253,0.1,0.3,0.35,0.6,0.75,0.8,0.9,0.0,0.0,0.0,0.1,0.03
8,PE_only,0.010253,0.2,0.25,0.4,0.5,0.65,0.75,0.95,0.0,0.0,0.0,0.06,0.04
6,PE_only,0.010251,0.1,0.3,0.35,0.65,0.7,0.75,0.9,0.0,0.0,0.0,0.08,0.05
6,PB_only,0.010249,0.05,0.25,0.45,0.55,0.75,0.85,0.9,0.0,0.0,0.0,0.1,0.03
8,PE_PB,0.010242,0.2,0.25,0.3,0.65,0.7,0.8,0.95,0.0,0.6,0.0,0.06,0.03
8,PE_FED,0.010239,0.1,0.25,0.4,0.5,0.7,0.8,0.9,0.0,0.0,0.0,0.08,0.05
8,PE_only,0.010238,0.05,0.2,0.35,0.55,0.75,0.8,0.9,0.0,0.0,0.0,0.12,0.03
8,PE_PB,0.010238,0.05,0.2,0.4,0.65,0.65,0.75,0.9,0.0,0.65,0.0,0.1,0.03
8,PE_FED,0.010236,0.05,0.25,0.35,0.6,0.7,0.75,0.95,1.0,0.0,0.0,0.12,0.05
6,PE_only,0.010235,0.05,0.2,0.4,0.6,0.7,0.75,0.95,0.0,0.0,0.0,0.08,0.05
6,PB_only,0.010233,0.1,0.25,0.45,0.55,0.75,0.8,0.9,0.0,0.0,0.0,0.06,0.05
8,PE_PB,0.010233,0.05,0.2,0.35,0.6,0.75,0.8,0.95,0.0,0.55,0.0,0.1,0.03
8,PE_PB,0.010233,0.1,0.15,0.4,0.5,0.75,0.8,0.95,0.0,0.65,0.0,0.1,0.04
8,PB_FED,0.010233,0.15,0.25,0.45,0.55,0.65,0.8,0.85,1.0,0.0,0.0,0.08,0.03
8,PE_PB,0.01023,0.05,0.15,0.4,0.5,0.7,0.75,0.95,0.0,0.6,0.0,0.06,0.03
8,PE_PB_FED,0.010229,0.1,0.25,0.35,0.65,0.7,0.8,0.95,-0.5,0.5,0.7,0.08,0.04
8,PE_PB,0.010228,0.05,0.25,0.45,0.7,0.65,0.75,0.95,0.0,0.6,0.0,0.06,0.05
6,PE_only,0.010225,0.15,0.25,0.4,0.7,0.7,0.75,0.85,0.0,0.0,0.0,0.1,0.05
8,PE_FED,0.010224,0.05,0.2,0.35,0.5,0.65,0.8,0.9,-0.5,0.0,0.0,0.12,0.04
8,PB_FED,0.010223,0.15,0.25,0.3,0.55,0.7,0.85,0.9,1.0,0.0,0.0,0.08,0.04
8,PE_PB,0.010221,0.1,0.25,0.4,0.55,0.7,0.8,0.95,0.0,0.65,0.0,0.12,0.03
8,PE_PB,0.010221,0.1,0.25,0.4,0.55,0.7,0.8,0.95,0.0,0.65,0.0,0.1,0.03
8,PE_PB_FED,0.010221,0.15,0.25,0.3,0.55,0.7,0.75,0.95,1.0,0.65,0.8,0.12,0.03
8,PE_PB_FED,0.010214,0.15,0.25,0.4,0.6,0.7,0.8,0.95,0.5,0.6,0.8,0.12,0.04
8,PB_FED,0.010212,0.05,0.3,0.35,0.65,0.7,0.8,0.85,1.0,0.0,0.0,0.08,0.04
6,PB_only,0.010211,0.05,0.25,0.35,0.5,0.7,0.75,0.9,0.0,0.0,0.0,0.08,0.05
8,PE_only,0.01021,0.2,0.25,0.45,0.65,0.65,0.75,0.85,0.0,0.0,0.0,0.12,0.04
6,PB_only,0.010208,0.05,0.15,0.45,0.5,0.65,0.75,0.95,0.0,0.0,0.0,0.08,0.03
8,PB_only,0.0102,0.2,0.3,0.35,0.5,0.75,0.8,0.85,0.0,0.0,0.0,0.12,0.05
6,PE_only,0.010198,0.15,0.25,0.3,0.7,0.65,0.75,0.85,0.0,0.0,0.0,0.12,0.04
8,PE_only,0.010195,0.2,0.25,0.35,0.65,0.75,0.8,0.85,0.0,0.0,0.0,0.12,0.05
8,PE_only,0.010187,0.1,0.25,0.35,0.65,0.7,0.8,0.85,0.0,0.0,0.0,0.1,0.03
8,PE_PB_FED,0.010186,0.05,0.15,0.3,0.7,0.7,0.75,0.85,-0.5,0.6,0.75,0.08,0.05
8,PE_only,0.010184,0.1,0.3,0.45,0.55,0.65,0.85,0.95,0.0,0.0,0.0,0.06,0.04
6,PB_only,0.010183,0.15,0.25,0.3,0.5,0.75,0.8,0.9,0.0,0.0,0.0,0.12,0.04
6,PB_only,0.010183,0.15,0.25,0.3,0.5,0.75,0.8,0.9,0.0,0.0,0.0,0.06,0.04
8,PE_PB,0.010181,0.1,0.15,0.35,0.5,0.7,0.75,0.95,0.0,0.6,0.0,0.1,0.03
6,PE_PB,0.01018,0.1,0.3,0.4,0.7,0.65,0.8,0.95,0.0,0.65,0.0,0.06,0.05
6,PB_only,0.01018,0.15,0.3,0.35,0.55,0.7,0.8,0.9,0.0,0.0,0.0,0.06,0.05
6,PB_only,0.010179,0.1,0.3,0.35,0.5,0.7,0.75,0.9,0.0,0.0,0.0,0.12,0.03
8,PE_only,0.010176,0.2,0.3,0.35,0.55,0.7,0.85,0.95,0.0,0.0,0.0,0.06,0.05
6,PE_FED,0.010175,0.15,0.25,0.45,0.65,0.65,0.85,0.95,0.0,0.0,0.0,0.06,0.04
6,PE_FED,0.010173,0.2,0.25,0.3,0.7,0.7,0.75,0.9,-0.5,0.0,0.0,0.1,0.05
8,PE_PB,0.010168,0.05,0.15,0.35,0.6,0.65,0.75,0.95,0.0,0.5,0.0,0.12,0.03
8,PB_FED,0.010168,0.1,0.3,0.35,0.6,0.75,0.85,0.95,1.0,0.0,0.0,0.08,0.05
8,PE_PB,0.010161,0.1,0.25,0.4,0.7,0.65,0.75,0.9,0.0,0.65,0.0,0.1,0.04
6,PB_only,0.01016,0.05,0.15,0.45,0.55,0.75,0.85,0.95,0.0,0.0,0.0,0.12,0.04
6,PE_only,0.010158,0.05,0.2,0.3,0.7,0.75,0.85,0.9,0.0,0.0,0.0,0.06,0.05
8,PE_only,0.010158,0.2,0.25,0.4,0.65,0.65,0.75,0.85,0.0,0.0,0.0,0.12,0.03
6,PE_only,0.010156,0.05,0.15,0.45,0.7,0.65,0.75,0.85,0.0,0.0,0.0,0.1,0.04
6,PE_PB,0.010154,0.2,0.25,0.4,0.65,0.7,0.75,0.95,0.0,0.65,0.0,0.08,0.04
6,PB_FED,0.010152,0.05,0.2,0.45,0.5,0.75,0.85,0.95,-0.5,0.0,0.0,0.1,0.03
8,PE_FED,0.010152,0.05,0.3,0.4,0.55,0.7,0.75,0.9,-0.5,0.0,0.0,0.08,0.05
6,PE_PB,0.01015,0.2,0.3,0.35,0.7,0.75,0.8,0.95,0.0,0.65,0.0,0.08,0.03
6,PB_only,0.010147,0.2,0.25,0.35,0.55,0.65,0.8,0.95,0.0,0.0,0.0,0.06,0.04
6,PB_only,0.010143,0.05,0.15,0.45,0.5,0.65,0.75,0.9,0.0,0.0,0.0,0.1,0.05
6,PB_FED,0.010137,0.2,0.3,0.4,0.5,0.75,0.8,0.9,0.0,0.0,0.0,0.1,0.04
6,PE_only,0.010134,0.05,0.25,0.35,0.65,0.7,0.8,0.9,0.0,0.0,0.0,0.1,0.05
6,PE_only,0.010134,0.05,0.25,0.35,0.65,0.75,0.8,0.9,0.0,0.0,0.0,0.06,0.05
6,PE_only,0.010132,0.15,0.25,0.35,0.6,0.7,0.8,0.95,0.0,0.0,0.0,0.1,0.03
6,PE_PB,0.010129,0.2,0.25,0.45,0.7,0.75,0.8,0.95,0.0,0.65,0.0,0.12,0.04
8,PE_PB,0.010129,0.05,0.15,0.3,0.65,0.65,0.75,0.95,0.0,0.5,0.0,0.08,0.05
8,PE_only,0.010123,0.1,0.3,0.35,0.65,0.7,0.85,0.9,0.0,0.0,0.0,0.08,0.03
8,PE_FED,0.010123,0.05,0.2,0.35,0.5,0.7,0.8,0.95,1.0,0.0,0.0,0.12,0.04
8,PE_PB,0.010118,0.05,0.15,0.3,0.7,0.7,0.8,0.9,0.0,0.6,0.0,0.1,0.04
8,PE_only,0.010115,0.05,0.25,0.45,0.5,0.65,0.75,0.95,0.0,0.0,0.0,0.1,0.05
8,PE_PB_FED,0.010114,0.05,0.15,0.45,0.55,0.7,0.8,0.95,1.0,0.55,0.8,0.06,0.05
6,PE_only,0.010113,0.15,0.25,0.35,0.6,0.65,0.75,0.95,0.0,0.0,0.0,0.06,0.04
8,PE_PB_FED,0.010113,0.1,0.2,0.4,0.55,0.65,0.8,0.95,-0.5,0.5,0.7,0.12,0.04
8,PB_FED,0.010112,0.1,0.2,0.35,0.5,0.7,0.8,0.85,1.0,0.0,0.0,0.1,0.03
8,PE_FED,0.01011,0.1,0.25,0.45,0.65,0.7,0.75,0.95,1.0,0.0,0.0,0.08,0.05
8,PB_only,0.010107,0.2,0.3,0.45,0.5,0.75,0.85,0.95,0.0,0.0,0.0,0.08,0.03
8,PE_only,0.010106,0.05,0.3,0.35,0.65,0.65,0.75,0.85,0.0,0.0,0.0,0.06,0.05
8,PE_only,0.010106,0.05,0.3,0.35,0.65,0.7,0.75,0.85,0.0,0.0,0.0,0.08,0.05
8,PE_FED,0.010104,0.15,0.3,0.35,0.7,0.75,0.85,0.95,0.5,0.0,0.0,0.12,0.03
6,PB_FED,0.010103,0.1,0.25,0.35,0.5,0.7,0.8,0.85,-0.5,0.0,0.0,0.06,0.03
8,PE_only,0.010095,0.15,0.3,0.45,0.55,0.75,0.85,0.95,0.0,0.0,0.0,0.1,0.03
6,PE_PB,0.010093,0.1,0.3,0.4,0.65,0.65,0.75,0.95,0.0,0.65,0.0,0.1,0.03
6,PB_only,0.010092,0.05,0.2,0.35,0.5,0.7,0.8,0.95,0.0,0.0,0.0,0.12,0.03
8,PE_only,0.010091,0.1,0.3,0.4,0.65,0.65,0.75,0.85,0.0,0.0,0.0,0.08,0.05
6,PB_only,0.01009,0.15,0.25,0.45,0.5,0.65,0.75,0.9,0.0,0.0,0.0,0.1,0.03
8,PE_only,0.01009,0.15,0.25,0.45,0.6,0.7,0.8,0.9,0.0,0.0,0.0,0.12,0.05
8,PE_only,0.01009,0.15,0.25,0.45,0.6,0.65,0.8,0.9,0.0,0.0,0.0,0.06,0.05
8,PE_FED,0.010089,0.2,0.25,0.4,0.5,0.65,0.8,0.9,0.0,0.0,0.0,0.08,0.03
8,PB_FED,0.010087,0.1,0.25,0.45,0.65,0.65,0.85,0.9,1.0,0.0,0.0,0.08,0.05
6,PE_only,0.010086,0.05,0.15,0.45,0.7,0.7,0.85,0.9,0.0,0.0,0.0,0.1,0.05
8,PE_PB,0.010086,0.1,0.2,0.4,0.55,0.75,0.8,0.95,0.0,0.6,0.0,0.1,0.03
6,PB_FED,0.010085,0.1,0.3,0.45,0.5,0.7,0.75,0.85,0.0,0.0,0.0,0.1,0.04
8,PE_PB_FED,0.010084,0.15,0.3,0.45,0.65,0.75,0.85,0.95,-0.5,0.6,0.8,0.12,0.03
8,PE_PB_FED,0.010083,0.15,0.2,0.3,0.5,0.75,0.8,0.95,-0.5,0.55,0.8,0.06,0.05
6,PE_only,0.010082,0.15,0.2,0.45,0.7,0.7,0.75,0.85,0.0,0.0,0.0,0.1,0.04
8,PB_FED,0.010081,0.15,0.3,0.4,0.7,0.75,0.85,0.9,1.0,0.0,0.0,0.12,0.04
8,PE_only,0.010078,0.05,0.25,0.35,0.65,0.7,0.8,0.85,0.0,0.0,0.0,0.1,0.03
8,PE_PB_FED,0.010075,0.05,0.15,0.35,0.7,0.65,0.8,0.85,0.0,0.6,0.8,0.06,0.03
6,PE_only,0.010073,0.2,0.3,0.45,0.7,0.75,0.8,0.9,0.0,0.0,0.0,0.1,0.05
6,PE_only,0.010073,0.2,0.3,0.45,0.7,0.7,0.8,0.9,0.0,0.0,0.0,0.08,0.05
8,PE_PB_FED,0.010066,0.1,0.2,0.45,0.55,0.7,0.75,0.95,1.0,0.65,0.7,0.1,0.05
6,PB_only,0.01006,0.15,0.2,0.3,0.5,0.7,0.8,0.95,0.0,0.0,0.0,0.06,0.04
8,PE_FED,0.01006,0.15,0.2,0.35,0.5,0.75,0.8,0.9,-0.5,0.0,0.0,0.06,0.03
8,PE_only,0.010059,0.2,0.25,0.35,0.6,0.75,0.8,0.9,0.0,0.0,0.0,0.08,0.05
8,PE_only,0.010054,0.15,0.25,0.3,0.5,0.7,0.85,0.95,0.0,0.0,0.0,0.1,0.04
8,PE_only,0.010054,0.15,0.25,0.3,0.5,0.65,0.85,0.95,0.0,0.0,0.0,0.12,0.04
8,PE_FED,0.010054,0.15,0.25,0.35,0.65,0.65,0.75,0.95,1.0,0.0,0.0,0.1,0.05
6,PB_FED,0.01005,0.15,0.25,0.35,0.5,0.65,0.8,0.95,-0.5,0.0,0.0,0.06,0.04
6,PB_only,0.010048,0.05,0.25,0.35,0.55,0.65,0.85,0.95,0.0,0.0,0.0,0.08,0.05
8,PE_PB_FED,0.010044,0.15,0.2,0.3,0.65,0.75,0.8,0.85,0.0,0.65,0.7,0.12,0.04
8,PE_PB,0.010042,0.15,0.2,0.3,0.55,0.7,0.8,0.95,0.0,0.6,0.0,0.12,0.04
8,PE_only,0.010041,0.2,0.25,0.45,0.6,0.65,0.8,0.9,0.0,0.0,0.0,0.08,0.03
6,PE_only,0.010038,0.1,0.25,0.35,0.6,0.7,0.8,0.95,0.0,0.0,0.0,0.1,0.03
6,PB_FED,0.010038,0.1,0.3,0.45,0.55,0.75,0.85,0.9,0.0,0.0,0.0,0.12,0.05
8,PE_FED,0.010036,0.05,0.2,0.3,0.5,0.65,0.8,0.95,1.0,0.0,0.0,0.1,0.05
8,PE_only,0.010034,0.2,0.3,0.45,0.7,0.75,0.8,0.85,0.0,0.0,0.0,0.06,0.03
8,PE_only,0.010034,0.2,0.25,0.4,0.5,0.7,0.75,0.95,0.0,0.0,0.0,0.08,0.05
8,PE_PB_FED,0.010031,0.15,0.25,0.4,0.55,0.7,0.75,0.95,-0.5,0.5,0.7,0.12,0.03
6,PE_only,0.01003,0.15,0.25,0.3,0.7,0.7,0.8,0.85,0.0,0.0,0.0,0.1,0.04
8,PE_only,0.010029,0.15,0.25,0.45,0.65,0.75,0.8,0.85,0.0,0.0,0.0,0.08,0.04
8,PE_PB,0.010023,0.05,0.2,0.35,0.65,0.65,0.85,0.95,0.0,0.6,0.0,0.08,0.05
6,PB_FED,0.010019,0.05,0.3,0.45,0.5,0.7,0.75,0.9,0.0,0.0,0.0,0.1,0.05
6,PB_FED,0.010019,0.05,0.3,0.45,0.5,0.7,0.75,0.9,0.0,0.0,0.0,0.12,0.05
6,PE_only,0.010016,0.2,0.3,0.35,0.65,0.65,0.75,0.9,0.0,0.0,0.0,0.12,0.03
6,PB_only,0.010011,0.2,0.25,0.35,0.55,0.65,0.85,0.9,0.0,0.0,0.0,0.08,0.05
6,PE_only,0.010004,0.05,0.15,0.4,0.65,0.7,0.85,0.9,0.0,0.0,0.0,0.12,0.04
8,PE_PB,0.010003,0.05,0.2,0.35,0.65,0.7,0.75,0.95,0.0,0.55,0.0,0.1,0.05
8,PB_FED,0.01,0.05,0.25,0.45,0.55,0.65,0.75,0.85,1.0,0.0,0.0,0.08,0.05
8,PE_FED,0.009999,0.1,0.3,0.4,0.55,0.75,0.8,0.9,-0.5,0.0,0.0,0.1,0.04
8,PE_FED,0.009998,0.1,0.15,0.35,0.65,0.65,0.85,0.95,1.0,0.0,0.0,0.08,0.03
6,PE_PB,0.009997,0.15,0.3,0.45,0.7,0.75,0.8,0.95,0.0,0.65,0.0,0.08,0.04
8,PB_only,0.009997,0.05,0.3,0.45,0.5,0.65,0.85,0.9,0.0,0.0,0.0,0.12,0.04
6,PE_FED,0.009995,0.1,0.3,0.45,0.65,0.65,0.8,0.95,0.0,0.0,0.0,0.08,0.05
8,PE_only,0.009995,0.05,0.25,0.3,0.5,0.65,0.85,0.95,0.0,0.0,0.0,0.06,0.04
6,PE_only,0.009994,0.05,0.2,0.3,0.7,0.7,0.75,0.85,0.0,0.0,0.0,0.08,0.03
6,PE_only,0.009992,0.1,0.25,0.35,0.6,0.65,0.75,0.95,0.0,0.0,0.0,0.1,0.03
8,PE_FED,0.00999,0.15,0.25,0.35,0.7,0.65,0.75,0.9,0.5,0.0,0.0,0.1,0.04
6,PB_FED,0.009987,0.1,0.15,0.3,0.6,0.7,0.75,0.9,0.5,0.0,0.0,0.1,0.03
8,PE_PB,0.009987,0.05,0.15,0.4,0.55,0.75,0.8,0.95,0.0,0.55,0.0,0.06,0.04
6,PE_only,0.009986,0.1,0.25,0.35,0.6,0.7,0.75,0.95,0.0,0.0,0.0,0.1,0.04
8,PE_PB,0.009984,0.05,0.15,0.4,0.7,0.7,0.8,0.95,0.0,0.5,0.0,0.1,0.04
6,PE_FED,0.009978,0.05,0.15,0.35,0.7,0.7,0.75,0.9,0.0,0.0,0.0,0.08,0.03
6,PE_only,0.009977,0.2,0.25,0.3,0.65,0.65,0.8,0.9,0.0,0.0,0.0,0.06,0.05
6,PE_FED,0.009977,0.05,0.2,0.4,0.6,0.65,0.85,0.95,0.0,0.0,0.0,0.12,0.05
8,PE_only,0.009977,0.15,0.3,0.35,0.65,0.65,0.75,0.85,0.0,0.0,0.0,0.08,0.03
6,PB_only,0.009976,0.05,0.2,0.45,0.5,0.7,0.75,0.9,0.0,0.0,0.0,0.1,0.04
8,PE_only,0.009974,0.1,0.25,0.4,0.65,0.7,0.8,0.85,0.0,0.0,0.0,0.12,0.03
8,PE_FED,0.009971,0.2,0.25,0.4,0.7,0.65,0.85,0.95,0.5,0.0,0.0,0.12,0.04
6,PE_FED,0.00997,0.15,0.25,0.4,0.7,0.65,0.75,0.9,-0.5,0.0,0.0,0.1,0.05
8,PE_PB_FED,0.009969,0.1,0.3,0.45,0.6,0.65,0.85,0.95,0.0,0.55,0.8,0.1,0.03
6,PB_FED,0.009968,0.2,0.3,0.45,0.5,0.7,0.75,0.9,-0.5,0.0,0.0,0.1,0.03
8,PE_only,0.009966,0.15,0.3,0.35,0.5,0.75,0.8,0.95,0.0,0.0,0.0,0.1,0.03
8,PE_only,0.009966,0.15,0.3,0.35,0.5,0.75,0.8,0.95,0.0,0.0,0.0,0.06,0.03
6,PE_FED,0.009962,0.05,0.25,0.45,0.7,0.7,0.75,0.9,-0.5,0.0,0.0,0.1,0.04
6,PE_FED,0.00996,0.2,0.25,0.4,0.6,0.65,0.8,0.95,0.0,0.0,0.0,0.08,0.03
8,PE_PB_FED,0.00996,0.1,0.2,0.3,0.6,0.75,0.85,0.95,0.5,0.6,0.75,0.06,0.04
6,PE_FED,0.009958,0.2,0.3,0.4,0.65,0.75,0.85,0.95,-0.5,0.0,0.0,0.06,0.05
8,PE_FED,0.009958,0.05,0.2,0.3,0.7,0.75,0.8,0.9,0.5,0.0,0.0,0.12,0.04
8,PE_only,0.009953,0.1,0.2,0.3,0.6,0.75,0.8,0.85,0.0,0.0,0.0,0.12,0.04
8,PE_PB_FED,0.009953,0.2,0.25,0.3,0.7,0.65,0.8,0.95,-0.5,0.5,0.75,0.06,0.04
8,PE_FED,0.009937,0.1,0.25,0.4,0.55,0.65,0.8,0.85,0.0,0.0,0.0,0.08,0.04
8,PB_only,0.009935,0.2,0.3,0.45,0.5,0.75,0.8,0.95,0.0,0.0,0.0,0.06,0.05
8,PB_FED,0.009935,0.05,0.15,0.45,0.5,0.7,0.8,0.85,1.0,0.0,0.0,0.06,0.04
6,PE_only,0.009926,0.1,0.2,0.45,0.7,0.65,0.85,0.9,0.0,0.0,0.0,0.08,0.04
6,PB_only,0.009919,0.15,0.25,0.3,0.5,0.75,0.85,0.9,0.0,0.0,0.0,0.08,0.03
8,PE_FED,0.009918,0.05,0.3,0.45,0.6,0.75,0.85,0.9,0.0,0.0,0.0,0.08,0.05
6,PE_only,0.009912,0.15,0.2,0.45,0.6,0.7,0.75,0.95,0.0,0.0,0.0,0.1,0.03
6,PE_FED,0.009912,0.15,0.25,0.45,0.6,0.75,0.8,0.95,0.0,0.0,0.0,0.12,0.03
6,PE_only,0.009911,0.1,0.2,0.3,0.6,0.7,0.85,0.95,0.0,0.0,0.0,0.08,0.04
8,PE_PB,0.009909,0.1,0.15,0.3,0.55,0.7,0.85,0.95,0.0,0.6,0.0,0.1,0.03
8,PE_FED,0.009909,0.15,0.3,0.45,0.5,0.75,0.85,0.95,-0.5,0.0,0.0,0.08,0.05
8,PE_only,0.009906,0.1,0.3,0.35,0.65,0.65,0.85,0.9,0.0,0.0,0.0,0.1,0.03
6,PB_only,0.009901,0.1,0.2,0.4,0.5,0.75,0.8,0.85,0.0,0.0,0.0,0.12,0.03
6,PE_only,0.009896,0.15,0.25,0.4,0.7,0.7,0.8,0.85,0.0,0.0,0.0,0.1,0.05
6,PE_only,0.009895,0.05,0.25,0.35,0.7,0.7,0.75,0.85,0.0,0.0,0.0,0.08,0.05
6,PE_FED,0.009895,0.1,0.15,0.45,0.6,0.7,0.85,0.95,0.0,0.0,0.0,0.1,0.03
8,PE_only,0.009894,0.2,0.25,0.35,0.5,0.75,0.8,0.95,0.0,0.0,0.0,0.08,0.05
8,PE_PB_FED,0.009891,0.15,0.2,0.45,0.55,0.75,0.8,0.95,0.5,0.55,0.8,0.1,0.03
8,PE_PB_FED,0.00989,0.05,0.15,0.3,0.5,0.65,0.75,0.9,0.5,0.65,0.75,0.1,0.03
8,PB_FED,0.009886,0.05,0.3,0.4,0.65,0.65,0.8,0.85,1.0,0.0,0.0,0.12,0.03
6,PE_FED,0.009885,0.05,0.15,0.45,0.6,0.7,0.85,0.95,0.0,0.0,0.0,0.1,0.05
8,PE_FED,0.009879,0.2,0.25,0.45,0.55,0.7,0.8,0.9,-0.5,0.0,0.0,0.06,0.04
6,PE_only,0.009877,0.15,0.3,0.4,0.65,0.7,0.8,0.9,0.0,0.0,0.0,0.12,0.03
8,PE_only,0.009874,0.1,0.3,0.35,0.5,0.7,0.75,0.95,0.0,0.0,0.0,0.06,0.04
8,PE_only,0.009871,0.2,0.25,0.35,0.65,0.65,0.8,0.85,0.0,0.0,0.0,0.12,0.03
6,PE_only,0.009867,0.15,0.25,0.3,0.7,0.75,0.85,0.9,0.0,0.0,0.0,0.08,0.03
6,PB_only,0.009865,0.05,0.2,0.3,0.5,0.75,0.85,0.95,0.0,0.0,0.0,0.12,0.03
8,PE_PB,0.009864,0.05,0.3,0.4,0.6,0.7,0.8,0.95,0.0,0.65,0.0,0.12,0.05
8,PE_PB,0.009864,0.2,0.25,0.4,0.7,0.75,0.8,0.95,0.0,0.6,0.0,0.08,0.05
6,PE_only,0.00986,0.1,0.3,0.35,0.65,0.65,0.8,0.9,0.0,0.0,0.0,0.08,0.03
6,PB_only,0.009857,0.05,0.2,0.45,0.5,0.7,0.75,0.85,0.0,0.0,0.0,0.12,0.03
8,PE_PB,0.009857,0.1,0.25,0.35,0.7,0.75,0.85,0.95,0.0,0.6,0.0,0.06,0.04
8,PE_PB,0.009856,0.1,0.25,0.45,0.65,0.65,0.75,0.95,0.0,0.6,0.0,0.12,0.04
6,PB_only,0.009848,0.1,0.15,0.3,0.5,0.65,0.85,0.95,0.0,0.0,0.0,0.06,0.05
6,PB_only,0.009848,0.1,0.15,0.3,0.5,0.75,0.85,0.95,0.0,0.0,0.0,0.12,0.05
8,PE_PB_FED,0.009847,0.15,0.25,0.3,0.5,0.65,0.75,0.95,0.5,0.55,0.8,0.1,0.03
8,PE_FED,0.009842,0.15,0.25,0.3,0.7,0.7,0.8,0.95,1.0,0.0,0.0,0.06,0.04
8,PE_PB_FED,0.009841,0.1,0.2,0.3,0.55,0.75,0.8,0.9,0.0,0.6,0.8,0.06,0.05
6,PE_PB,0.00984,0.15,0.3,0.45,0.7,0.75,0.8,0.95,0.0,0.65,0.0,0.12,0.05
6,PE_FED,0.009839,0.05,0.25,0.4,0.6,0.75,0.8,0.95,-0.5,0.0,0.0,0.1,0.05
8,PB_FED,0.009833,0.2,0.25,0.4,0.55,0.75,0.8,0.85,1.0,0.0,0.0,0.1,0.04
8,PE_only,0.009831,0.2,0.25,0.4,0.65,0.75,0.8,0.85,0.0,0.0,0.0,0.06,0.04
8,PE_only,0.009831,0.2,0.25,0.4,0.65,0.75,0.8,0.85,0.0,0.0,0.0,0.08,0.04
6,PE_PB,0.00983,0.1,0.3,0.35,0.65,0.7,0.75,0.95,0.0,0.65,0.0,0.12,0.05
6,PB_only,0.009827,0.1,0.2,0.45,0.55,0.75,0.85,0.95,0.0,0.0,0.0,0.06,0.04
6,PE_FED,0.009819,0.15,0.25,0.3,0.6,0.65,0.85,0.95,0.0,0.0,0.0,0.1,0.05
6,PE_only,0.009815,0.05,0.2,0.35,0.7,0.65,0.8,0.85,0.0,0.0,0.0,0.12,0.04
8,PE_PB_FED,0.009815,0.2,0.25,0.3,0.7,0.7,0.8,0.95,-0.5,0.5,0.8,0.06,0.05
8,PE_PB_FED,0.009815,0.05,0.25,0.4,0.55,0.7,0.75,0.95,0.5,0.55,0.75,0.06,0.03
8,PE_only,0.009813,0.05,0.25,0.45,0.6,0.65,0.8,0.9,0.0,0.0,0.0,0.08,0.05
8,PE_FED,0.009811,0.15,0.2,0.3,0.5,0.7,0.75,0.85,0.0,0.0,0.0,0.1,0.03
8,PE_FED,0.009807,0.15,0.25,0.45,0.6,0.7,0.8,0.85,-0.5,0.0,0.0,0.12,0.04
8,PE_FED,0.009805,0.05,0.15,0.45,0.65,0.75,0.8,0.9,0.5,0.0,0.0,0.1,0.03
8,PE_PB_FED,0.009804,0.2,0.25,0.3,0.55,0.75,0.8,0.9,0.0,0.65,0.75,0.06,0.04
6,PE_only,0.009803,0.05,0.25,0.35,0.6,0.65,0.8,0.95,0.0,0.0,0.0,0.08,0.03
8,PE_only,0.009801,0.1,0.25,0.45,0.65,0.7,0.75,0.85,0.0,0.0,0.0,0.12,0.03
8,PE_FED,0.009798,0.2,0.3,0.35,0.6,0.7,0.8,0.95,0.5,0.0,0.0,0.12,0.05
8,PE_only,0.009794,0.15,0.2,0.3,0.55,0.65,0.8,0.9,0.0,0.0,0.0,0.08,0.05
8,PE_only,0.009791,0.15,0.3,0.4,0.65,0.65,0.75,0.85,0.0,0.0,0.0,0.12,0.03
6,PB_only,0.009788,0.1,0.3,0.35,0.55,0.7,0.8,0.85,0.0,0.0,0.0,0.1,0.05
8,PE_FED,0.009788,0.2,0.3,0.4,0.5,0.65,0.85,0.95,-0.5,0.0,0.0,0.06,0.04
6,PB_FED,0.009787,0.2,0.25,0.3,0.5,0.7,0.85,0.9,-0.5,0.0,0.0,0.06,0.04
8,PE_PB_FED,0.009787,0.05,0.15,0.35,0.7,0.7,0.75,0.85,-0.5,0.6,0.7,0.12,0.04
8,PE_FED,0.009785,0.05,0.3,0.4,0.55,0.75,0.8,0.9,-0.5,0.0,0.0,0.08,0.04
6,PB_only,0.00978,0.2,0.25,0.35,0.5,0.65,0.75,0.95,0.0,0.0,0.0,0.06,0.05
8,PE_only,0.00978,0.15,0.25,0.3,0.5,0.65,0.85,0.95,0.0,0.0,0.0,0.1,0.03
6,PE_only,0.009779,0.15,0.2,0.3,0.6,0.7,0.85,0.95,0.0,0.0,0.0,0.12,0.05
8,PE_FED,0.009779,0.05,0.25,0.4,0.55,0.65,0.85,0.95,0.5,0.0,0.0,0.1,0.04
8,PE_only,0.009778,0.1,0.25,0.45,0.5,0.75,0.8,0.95,0.0,0.0,0.0,0.1,0.05
8,PE_PB,0.009778,0.1,0.2,0.35,0.5,0.7,0.75,0.95,0.0,0.65,0.0,0.1,0.03
8,PE_PB,0.009775,0.05,0.15,0.4,0.7,0.7,0.8,0.95,0.0,0.5,0.0,0.1,0.05
6,PE_FED,0.009771,0.05,0.15,0.45,0.7,0.75,0.8,0.9,-0.5,0.0,0.0,0.08,0.05
8,PE_only,0.00977,0.05,0.25,0.3,0.5,0.7,0.85,0.95,0.0,0.0,0.0,0.12,0.05
8,PE_only,0.009764,0.15,0.3,0.4,0.65,0.65,0.8,0.85,0.0,0.0,0.0,0.12,0.04
8,PE_PB,0.009762,0.15,0.25,0.3,0.7,0.65,0.8,0.9,0.0,0.65,0.0,0.1,0.04
6,PE_FED,0.009761,0.15,0.2,0.45,0.55,0.7,0.75,0.95,0.0,0.0,0.0,0.08,0.03
8,PE_PB,0.009761,0.05,0.2,0.4,0.65,0.65,0.8,0.95,0.0,0.55,0.0,0.06,0.04
6,PB_only,0.00976,0.1,0.2,0.4,0.5,0.65,0.75,0.85,0.0,0.0,0.0,0.08,0.05
6,PE_PB,0.009756,0.05,0.2,0.4,0.7,0.75,0.85,0.95,0.0,0.65,0.0,0.08,0.03
8,PE_FED,0.009754,0.2,0.25,0.3,0.5,0.65,0.8,0.9,0.0,0.0,0.0,0.06,0.05
8,PE_only,0.009752,0.15,0.2,0.45,0.55,0.7,0.75,0.9,0.0,0.0,0.0,0.06,0.05
8,PE_PB_FED,0.009748,0.05,0.15,0.45,0.7,0.65,0.8,0.9,-0.5,0.55,0.75,0.12,0.04
8,PE_PB,0.009747,0.1,0.15,0.3,0.7,0.65,0.8,0.95,0.0,0.5,0.0,0.12,0.05
8,PE_only,0.009745,0.1,0.25,0.3,0.5,0.65,0.85,0.95,0.0,0.0,0.0,0.1,0.05
8,PE_only,0.009745,0.1,0.25,0.3,0.5,0.75,0.85,0.95,0.0,0.0,0.0,0.08,0.05
8,PB_only,0.009744,0.15,0.3,0.45,0.5,0.7,0.85,0.95,0.0,0.0,0.0,0.06,0.04
6,PE_only,0.009741,0.05,0.25,0.45,0.65,0.65,0.8,0.9,0.0,0.0,0.0,0.08,0.03
6,PE_only,0.009741,0.05,0.25,0.45,0.65,0.75,0.8,0.9,0.0,0.0,0.0,0.1,0.03
6,PE_only,0.00974,0.1,0.25,0.35,0.7,0.65,0.75,0.85,0.0,0.0,0.0,0.06,0.04
8,PE_PB_FED,0.00974,0.05,0.15,0.3,0.6,0.7,0.8,0.9,0.5,0.65,0.7,0.12,0.03
6,PB_only,0.009739,0.15,0.3,0.4,0.55,0.65,0.8,0.95,0.0,0.0,0.0,0.06,0.03
6,PB_only,0.009739,0.15,0.2,0.45,0.55,0.7,0.85,0.95,0.0,0.0,0.0,0.06,0.05
8,PE_PB_FED,0.009739,0.1,0.25,0.45,0.65,0.7,0.75,0.95,-0.5,0.5,0.8,0.06,0.05
6,PB_FED,0.009737,0.05,0.2,0.3,0.7,0.7,0.75,0.95,0.5,0.0,0.0,0.06,0.03
6,PE_only,0.009736,0.2,0.25,0.35,0.65,0.65,0.8,0.9,0.0,0.0,0.0,0.08,0.05
6,PE_only,0.009733,0.05,0.25,0.3,0.7,0.65,0.75,0.85,0.0,0.0,0.0,0.06,0.04
8,PE_PB_FED,0.009733,0.15,0.2,0.4,0.55,0.65,0.85,0.95,-0.5,0.55,0.75,0.12,0.03
6,PB_only,0.009732,0.1,0.2,0.4,0.5,0.75,0.8,0.9,0.0,0.0,0.0,0.12,0.04
6,PB_only,0.009731,0.1,0.25,0.45,0.55,0.7,0.85,0.9,0.0,0.0,0.0,0.08,0.04
8,PE_only,0.00973,0.1,0.3,0.45,0.6,0.7,0.75,0.9,0.0,0.0,0.0,0.12,0.05
6,PE_only,0.009728,0.2,0.25,0.3,0.7,0.7,0.75,0.85,0.0,0.0,0.0,0.08,0.04
8,PE_PB,0.009725,0.1,0.2,0.3,0.6,0.7,0.75,0.95,0.0,0.55,0.0,0.12,0.05
6,PB_FED,0.009724,0.15,0.3,0.4,0.5,0.7,0.85,0.9,0.0,0.0,0.0,0.1,0.03
8,PE_only,0.009724,0.15,0.3,0.4,0.5,0.65,0.8,0.95,0.0,0.0,0.0,0.12,0.03
6,PE_only,0.009723,0.05,0.2,0.3,0.6,0.7,0.85,0.95,0.0,0.0,0.0,0.06,0.04
8,PE_only,0.009723,0.15,0.25,0.45,0.55,0.65,0.75,0.9,0.0,0.0,0.0,0.08,0.04
8,PE_only,0.009716,0.05,0.15,0.45,0.6,0.7,0.8,0.85,0.0,0.0,0.0,0.12,0.05
8,PE_only,0.009716,0.05,0.15,0.45,0.6,0.7,0.8,0.85,0.0,0.0,0.0,0.08,0.05
8,PE_PB,0.009716,0.15,0.3,0.35,0.65,0.65,0.8,0.95,0.0,0.6,0.0,0.12,0.03
8,PE_only,0.009711,0.05,0.25,0.3,0.5,0.7,0.85,0.95,0.0,0.0,0.0,0.12,0.03
8,PE_PB_FED,0.009702,0.05,0.2,0.3,0.55,0.7,0.8,0.9,0.0,0.6,0.7,0.1,0.05
8,PE_only,0.009701,0.2,0.3,0.4,0.65,0.65,0.75,0.85,0.0,0.0,0.0,0.08,0.04
8,PE_FED,0.009699,0.1,0.2,0.35,0.55,0.7,0.75,0.9,0.5,0.0,0.0,0.1,0.05
8,PE_PB_FED,0.009693,0.05,0.15,0.45,0.6,0.7,0.85,0.95,-0.5,0.5,0.7,0.08,0.05
6,PE_only,0.009689,0.2,0.25,0.3,0.7,0.65,0.85,0.9,0.0,0.0,0.0,0.08,0.04
6,PB_FED,0.009688,0.2,0.3,0.45,0.55,0.65,0.8,0.95,-0.5,0.0,0.0,0.08,0.04
8,PE_FED,0.009688,0.2,0.25,0.35,0.55,0.75,0.8,0.9,-0.5,0.0,0.0,0.08,0.05
6,PB_only,0.009682,0.15,0.2,0.45,0.5,0.65,0.75,0.9,0.0,0.0,0.0,0.08,0.05
6,PE_FED,0.009677,0.2,0.3,0.45,0.7,0.7,0.85,0.95,0.0,0.0,0.0,0.12,0.05
6,PE_FED,0.009677,0.2,0.3,0.45,0.7,0.7,0.85,0.95,0.0,0.0,0.0,0.08,0.05
8,PE_FED,0.009675,0.15,0.3,0.4,0.65,0.7,0.75,0.95,1.0,0.0,0.0,0.12,0.03
6,PB_only,0.009674,0.1,0.3,0.4,0.55,0.65,0.8,0.9,0.0,0.0,0.0,0.12,0.05
6,PB_only,0.009672,0.15,0.3,0.35,0.55,0.75,0.85,0.9,0.0,0.0,0.0,0.12,0.04
8,PE_PB,0.009665,0.05,0.15,0.3,0.65,0.7,0.85,0.9,0.0,0.65,0.0,0.06,0.04
6,PE_PB,0.009663,0.2,0.3,0.4,0.7,0.7,0.75,0.95,0.0,0.65,0.0,0.12,0.05
8,PE_only,0.009659,0.05,0.3,0.45,0.55,0.7,0.85,0.95,0.0,0.0,0.0,0.12,0.03
6,PE_only,0.009655,0.05,0.25,0.35,0.7,0.7,0.75,0.85,0.0,0.0,0.0,0.12,0.04
8,PE_FED,0.009654,0.15,0.25,0.35,0.7,0.65,0.8,0.95,1.0,0.0,0.0,0.12,0.04
6,PB_FED,0.009651,0.15,0.25,0.45,0.5,0.7,0.85,0.95,0.0,0.0,0.0,0.1,0.05
8,PE_only,0.009651,0.05,0.25,0.45,0.65,0.75,0.8,0.85,0.0,0.0,0.0,0.06,0.04
8,PE_PB,0.009651,0.1,0.25,0.45,0.65,0.7,0.75,0.95,0.0,0.6,0.0,0.08,0.05
6,PB_only,0.009647,0.15,0.25,0.35,0.5,0.75,0.8,0.85,0.0,0.0,0.0,0.1,0.03
6,PE_FED,0.009644,0.15,0.2,0.3,0.65,0.65,0.8,0.9,-0.5,0.0,0.0,0.06,0.04
6,PE_PB_FED,0.009644,0.1,0.15,0.35,0.7,0.75,0.8,0.95,0.0,0.65,0.75,0.12,0.04
8,PB_FED,0.00964,0.2,0.25,0.45,0.5,0.65,0.8,0.9,1.0,0.0,0.0,0.1,0.03
6,PE_FED,0.009639,0.1,0.3,0.35,0.6,0.75,0.8,0.95,0.0,0.0,0.0,0.08,0.04
8,PE_PB_FED,0.009638,0.05,0.3,0.35,0.7,0.7,0.75,0.95,0.5,0.6,0.7,0.08,0.04
8,PE_FED,0.009637,0.15,0.3,0.35,0.6,0.65,0.8,0.85,-0.5,0.0,0.0,0.06,0.04
8,PE_PB_FED,0.009635,0.1,0.15,0.4,0.7,0.75,0.8,0.85,0.0,0.6,0.75,0.06,0.03
8,PE_only,0.009628,0.1,0.3,0.4,0.5,0.65,0.75,0.95,0.0,0.0,0.0,0.06,0.04
8,PB_FED,0.009624,0.05,0.3,0.45,0.55,0.7,0.8,0.95,1.0,0.0,0.0,0.1,0.04
6,PE_only,0.009621,0.1,0.15,0.3,0.65,0.7,0.85,0.9,0.0,0.0,0.0,0.08,0.03
6,PE_only,0.009616,0.1,0.2,0.45,0.7,0.65,0.75,0.85,0.0,0.0,0.0,0.12,0.05
6,PB_only,0.009613,0.1,0.3,0.4,0.5,0.65,0.75,0.9,0.0,0.0,0.0,0.12,0.03
8,PE_PB_FED,0.009611,0.1,0.25,0.4,0.7,0.65,0.85,0.95,0.5,0.65,0.7,0.12,0.05
8,PE_PB,0.009608,0.15,0.25,0.4,0.7,0.75,0.85,0.95,0.0,0.6,0.0,0.1,0.05
8,PE_FED,0.009599,0.05,0.2,0.3,0.65,0.7,0.8,0.9,0.5,0.0,0.0,0.1,0.04
6,PE_only,0.009598,0.15,0.2,0.3,0.65,0.75,0.85,0.9,0.0,0.0,0.0,0.12,0.04
6,PB_only,0.009598,0.1,0.15,0.35,0.5,0.65,0.8,0.95,0.0,0.0,0.0,0.12,0.04
6,PE_FED,0.00959,0.15,0.25,0.35,0.65,0.65,0.75,0.9,-0.5,0.0,0.0,0.1,0.04
6,PE_only,0.009588,0.2,0.25,0.4,0.65,0.65,0.8,0.9,0.0,0.0,0.0,0.1,0.05
6,PB_only,0.009587,0.05,0.2,0.45,0.55,0.65,0.85,0.9,0.0,0.0,0.0,0.12,0.05
8,PE_PB_FED,0.009579,0.15,0.2,0.4,0.6,0.65,0.75,0.95,0.5,0.5,0.8,0.12,0.04
6,PE_only,0.009576,0.1,0.25,0.4,0.7,0.65,0.75,0.85,0.0,0.0,0.0,0.1,0.04
8,PE_only,0.009575,0.05,0.2,0.4,0.6,0.65,0.8,0.85,0.0,0.0,0.0,0.06,0.04
6,PE_only,0.009573,0.1,0.25,0.45,0.65,0.65,0.8,0.9,0.0,0.0,0.0,0.12,0.05
6,PE_only,0.009573,0.1,0.25,0.45,0.65,0.7,0.8,0.9,0.0,0.0,0.0,0.12,0.05
6,PB_only,0.009571,0.15,0.3,0.45,0.55,0.7,0.8,0.95,0.0,0.0,0.0,0.06,0.03
8,PE_FED,0.009571,0.05,0.25,0.45,0.55,0.7,0.85,0.9,0.0,0.0,0.0,0.1,0.03
6,PB_FED,0.009569,0.15,0.3,0.45,0.55,0.65,0.85,0.95,-0.5,0.0,0.0,0.06,0.05
6,PE_only,0.009566,0.1,0.2,0.35,0.6,0.75,0.85,0.95,0.0,0.0,0.0,0.08,0.04
6,PB_FED,0.009566,0.05,0.15,0.35,0.65,0.7,0.75,0.95,0.5,0.0,0.0,0.12,0.04
8,PE_PB,0.009563,0.15,0.25,0.4,0.55,0.75,0.8,0.95,0.0,0.65,0.0,0.1,0.05
8,PE_PB,0.009562,0.05,0.15,0.4,0.55,0.75,0.85,0.95,0.0,0.6,0.0,0.12,0.03
8,PE_only,0.009561,0.15,0.3,0.45,0.65,0.65,0.85,0.9,0.0,0.0,0.0,0.12,0.05
8,PE_PB_FED,0.009561,0.05,0.25,0.45,0.55,0.75,0.8,0.95,-0.5,0.55,0.7,0.1,0.05
6,PB_only,0.00956,0.1,0.3,0.4,0.5,0.7,0.75,0.9,0.0,0.0,0.0,0.06,0.03
8,PE_PB,0.009556,0.05,0.3,0.4,0.65,0.75,0.85,0.95,0.0,0.65,0.0,0.12,0.05
8,PE_only,0.009554,0.05,0.3,0.35,0.5,0.7,0.75,0.95,0.0,0.0,0.0,0.08,0.05
6,PE_only,0.009552,0.05,0.2,0.3,0.6,0.75,0.85,0.95,0.0,0.0,0.0,0.08,0.05
6,PB_only,0.009551,0.1,0.25,0.45,0.5,0.65,0.75,0.9,0.0,0.0,0.0,0.12,0.04
8,PE_only,0.009548,0.15,0.2,0.45,0.5,0.75,0.85,0.95,0.0,0.0,0.0,0.08,0.05
8,PE_FED,0.009548,0.15,0.25,0.3,0.5,0.7,0.75,0.95,1.0,0.0,0.0,0.12,0.05
8,PE_PB,0.009547,0.1,0.15,0.35,0.55,0.65,0.85,0.95,0.0,0.6,0.0,0.06,0.03
8,PE_only,0.009544,0.2,0.3,0.35,0.65,0.65,0.85,0.9,0.0,0.0,0.0,0.08,0.05
8,PE_only,0.009543,0.15,0.2,0.45,0.6,0.7,0.75,0.85,0.0,0.0,0.0,0.12,0.05
8,PE_PB_FED,0.009543,0.1,0.15,0.45,0.6,0.75,0.8,0.9,0.0,0.55,0.75,0.08,0.05
6,PE_only,0.009541,0.05,0.2,0.45,0.6,0.7,0.75,0.95,0.0,0.0,0.0,0.06,0.03
6,PE_only,0.009537,0.1,0.25,0.4,0.7,0.65,0.75,0.85,0.0,0.0,0.0,0.06,0.05
8,PE_only,0.009536,0.1,0.3,0.4,0.5,0.75,0.8,0.95,0.0,0.0,0.0,0.12,0.03
6,PE_only,0.009535,0.15,0.3,0.35,0.65,0.65,0.8,0.9,0.0,0.0,0.0,0.12,0.05
8,PE_only,0.009531,0.1,0.15,0.3,0.55,0.7,0.75,0.85,0.0,0.0,0.0,0.1,0.04
6,PE_PB,0.009525,0.1,0.25,0.3,0.7,0.75,0.85,0.95,0.0,0.65,0.0,0.12,0.04
6,PB_only,0.009524,0.1,0.3,0.45,0.55,0.7,0.8,0.9,0.0,0.0,0.0,0.1,0.04
6,PB_FED,0.009523,0.1,0.15,0.3,0.65,0.65,0.75,0.85,0.5,0.0,0.0,0.06,0.04
6,PB_only,0.009521,0.15,0.25,0.3,0.5,0.65,0.8,0.95,0.0,0.0,0.0,0.08,0.03
8,PE_only,0.00952,0.05,0.15,0.45,0.55,0.65,0.8,0.9,0.0,0.0,0.0,0.08,0.05
6,PE_FED,0.009509,0.05,0.25,0.45,0.6,0.7,0.75,0.95,-0.5,0.0,0.0,0.08,0.04
6,PB_FED,0.009507,0.1,0.25,0.35,0.5,0.7,0.85,0.95,-0.5,0.0,0.0,0.08,0.04
8,PE_only,0.009505,0.1,0.3,0.4,0.65,0.65,0.8,0.85,0.0,0.0,0.0,0.12,0.04
6,PE_only,0.009501,0.15,0.2,0.3,0.6,0.75,0.85,0.95,0.0,0.0,0.0,0.08,0.03
6,PE_only,0.009501,0.15,0.2,0.3,0.6,0.7,0.85,0.95,0.0,0.0,0.0,0.08,0.03
6,PE_PB_FED,0.009499,0.15,0.2,0.3,0.7,0.7,0.75,0.95,0.0,0.65,0.75,0.1,0.05
6,PB_only,0.009499,0.2,0.25,0.3,0.5,0.7,0.8,0.9,0.0,0.0,0.0,0.1,0.04
6,PB_FED,0.009496,0.05,0.25,0.4,0.5,0.7,0.8,0.95,-0.5,0.0,0.0,0.06,0.05
8,PE_only,0.009494,0.1,0.25,0.35,0.55,0.7,0.75,0.9,0.0,0.0,0.0,0.12,0.05
8,PE_PB_FED,0.009489,0.1,0.2,0.45,0.6,0.65,0.8,0.95,0.5,0.55,0.7,0.06,0.04
6,PB_FED,0.009488,0.1,0.3,0.35,0.5,0.65,0.8,0.9,-0.5,0.0,0.0,0.12,0.04
6,PE_only,0.009487,0.05,0.25,0.4,0.7,0.7,0.75,0.85,0.0,0.0,0.0,0.06,0.04
8,PE_FED,0.009485,0.1,0.25,0.3,0.65,0.65,0.8,0.95,1.0,0.0,0.0,0.08,0.05
6,PB_only,0.009484,0.15,0.25,0.35,0.5,0.65,0.75,0.85,0.0,0.0,0.0,0.06,0.05
8,PE_only,0.00948,0.05,0.3,0.45,0.6,0.7,0.8,0.9,0.0,0.0,0.0,0.06,0.04
6,PE_only,0.009474,0.05,0.15,0.35,0.65,0.65,0.75,0.85,0.0,0.0,0.0,0.08,0.03
6,PE_PB,0.009472,0.1,0.2,0.35,0.65,0.75,0.85,0.95,0.0,0.65,0.0,0.06,0.04
6,PE_FED,0.009469,0.15,0.25,0.3,0.6,0.65,0.85,0.95,0.0,0.0,0.0,0.1,0.03
6,PE_only,0.009465,0.1,0.3,0.45,0.65,0.7,0.75,0.9,0.0,0.0,0.0,0.1,0.05
8,PE_PB_FED,0.009464,0.1,0.15,0.4,0.65,0.65,0.8,0.9,-0.5,0.55,0.75,0.12,0.04
8,PE_PB,0.00946,0.05,0.2,0.35,0.5,0.65,0.75,0.95,0.0,0.65,0.0,0.06,0.04
8,PE_only,0.009449,0.2,0.3,0.4,0.6,0.65,0.8,0.9,0.0,0.0,0.0,0.06,0.03
8,PE_PB_FED,0.009448,0.1,0.25,0.4,0.5,0.75,0.8,0.95,0.5,0.65,0.8,0.1,0.05
8,PE_FED,0.009445,0.2,0.25,0.4,0.6,0.65,0.8,0.85,-0.5,0.0,0.0,0.08,0.03
8,PE_only,0.009443,0.15,0.3,0.35,0.5,0.65,0.8,0.95,0.0,0.0,0.0,0.08,0.05
8,PE_only,0.009439,0.1,0.25,0.3,0.6,0.75,0.85,0.9,0.0,0.0,0.0,0.08,0.03
8,PE_only,0.009439,0.05,0.25,0.45,0.65,0.65,0.8,0.85,0.0,0.0,0.0,0.08,0.03
8,PE_only,0.009439,0.05,0.25,0.45,0.65,0.65,0.8,0.85,0.0,0.0,0.0,0.12,0.03
8,PE_PB,0.009438,0.05,0.2,0.4,0.65,0.75,0.8,0.9,0.0,0.65,0.0,0.12,0.04
6,PB_only,0.009436,0.1,0.15,0.4,0.5,0.75,0.8,0.95,0.0,0.0,0.0,0.06,0.05
8,PE_FED,0.00943,0.05,0.25,0.45,0.6,0.75,0.8,0.85,-0.5,0.0,0.0,0.12,0.04
8,PE_FED,0.009425,0.2,0.3,0.35,0.55,0.7,0.8,0.9,-0.5,0.0,0.0,0.1,0.04
8,PE_only,0.009421,0.05,0.2,0.45,0.5,0.7,0.85,0.95,0.0,0.0,0.0,0.12,0.05
8,PE_PB_FED,0.009421,0.2,0.25,0.3,0.6,0.75,0.85,0.95,0.0,0.5,0.7,0.12,0.04
8,PE_PB,0.009416,0.1,0.25,0.45,0.55,0.65,0.75,0.95,0.0,0.65,0.0,0.06,0.04
8,PE_only,0.00941,0.1,0.3,0.4,0.65,0.65,0.8,0.85,0.0,0.0,0.0,0.08,0.05
8,PE_only,0.00941,0.1,0.3,0.4,0.65,0.75,0.8,0.85,0.0,0.0,0.0,0.06,0.05
8,PE_PB_FED,0.009406,0.15,0.25,0.4,0.5,0.65,0.85,0.95,0.0,0.55,0.75,0.08,0.04
8,PE_PB_FED,0.009405,0.1,0.2,0.35,0.55,0.7,0.85,0.95,0.5,0.6,0.7,0.1,0.03
8,PE_PB,0.009401,0.05,0.15,0.4,0.55,0.65,0.85,0.95,0.0,0.6,0.0,0.06,0.05
6,PB_only,0.009399,0.1,0.25,0.45,0.5,0.7,0.75,0.85,0.0,0.0,0.0,0.06,0.03
8,PE_PB_FED,0.009399,0.1,0.25,0.3,0.6,0.65,0.75,0.9,-0.5,0.6,0.8,0.12,0.03
8,PE_only,0.009396,0.05,0.3,0.35,0.5,0.7,0.8,0.95,0.0,0.0,0.0,0.08,0.04
8,PE_FED,0.00939,0.1,0.15,0.3,0.6,0.7,0.85,0.95,1.0,0.0,0.0,0.08,0.05
8,PE_PB,0.009389,0.15,0.25,0.45,0.6,0.65,0.75,0.95,0.0,0.6,0.0,0.06,0.04
8,PE_PB,0.009388,0.05,0.15,0.3,0.7,0.75,0.8,0.85,0.0,0.65,0.0,0.06,0.04
8,PE_FED,0.009384,0.15,0.25,0.4,0.6,0.65,0.75,0.9,0.5,0.0,0.0,0.06,0.04
6,PB_only,0.009367,0.15,0.2,0.4,0.5,0.75,0.85,0.9,0.0,0.0,0.0,0.1,0.03
8,PE_FED,0.009366,0.15,0.3,0.35,0.6,0.75,0.8,0.85,-0.5,0.0,0.0,0.1,0.04
6,PB_only,0.009365,0.1,0.2,0.35,0.5,0.65,0.8,0.95,0.0,0.0,0.0,0.1,0.05
6,PE_only,0.009364,0.1,0.2,0.4,0.6,0.7,0.85,0.95,0.0,0.0,0.0,0.12,0.04
6,PE_only,0.00936,0.05,0.2,0.35,0.6,0.75,0.85,0.95,0.0,0.0,0.0,0.1,0.04
8,PE_PB,0.009356,0.1,0.15,0.4,0.55,0.65,0.85,0.95,0.0,0.6,0.0,0.12,0.03
8,PE_FED,0.009356,0.1,0.3,0.45,0.55,0.65,0.75,0.95,1.0,0.0,0.0,0.1,0.03
6,PE_only,0.009355,0.05,0.15,0.4,0.65,0.75,0.8,0.85,0.0,0.0,0.0,0.08,0.05
6,PE_FED,0.009353,0.05,0.15,0.35,0.65,0.7,0.8,0.9,-0.5,0.0,0.0,0.12,0.03
6,PE_FED,0.009353,0.1,0.15,0.35,0.55,0.7,0.85,0.95,0.0,0.0,0.0,0.12,0.03
8,PE_PB_FED,0.00935,0.1,0.25,0.3,0.6,0.65,0.75,0.95,1.0,0.6,0.8,0.06,0.04
8,PE_PB,0.009349,0.1,0.2,0.35,0.6,0.65,0.85,0.95,0.0,0.6,0.0,0.06,0.04
6,PE_only,0.009348,0.05,0.3,0.45,0.65,0.65,0.75,0.9,0.0,0.0,0.0,0.06,0.03
8,PE_FED,0.009348,0.05,0.15,0.45,0.6,0.7,0.85,0.95,1.0,0.0,0.0,0.12,0.04
8,PE_PB_FED,0.009347,0.2,0.25,0.4,0.7,0.7,0.75,0.9,-0.5,0.6,0.75,0.06,0.03
8,PE_only,0.009345,0.1,0.2,0.4,0.6,0.75,0.8,0.85,0.0,0.0,0.0,0.08,0.04
6,PE_PB_FED,0.009344,0.1,0.2,0.4,0.65,0.7,0.75,0.95,0.0,0.65,0.75,0.08,0.03
6,PE_only,0.009341,0.05,0.25,0.3,0.7,0.65,0.8,0.85,0.0,0.0,0.0,0.06,0.05
8,PE_FED,0.009341,0.2,0.25,0.4,0.5,0.75,0.8,0.95,0.5,0.0,0.0,0.12,0.05
6,PB_only,0.009337,0.2,0.25,0.3,0.5,0.7,0.8,0.85,0.0,0.0,0.0,0.08,0.04
8,PE_PB,0.009337,0.05,0.3,0.4,0.7,0.65,0.8,0.95,0.0,0.6,0.0,0.12,0.05
6,PE_only,0.009336,0.2,0.25,0.35,0.6,0.65,0.75,0.95,0.0,0.0,0.0,0.08,0.04
8,PE_PB,0.009336,0.1,0.2,0.35,0.6,0.75,0.8,0.95,0.0,0.55,0.0,0.12,0.04
8,PE_PB_FED,0.009335,0.1,0.2,0.4,0.5,0.65,0.8,0.9,0.0,0.65,0.8,0.1,0.03
8,PE_PB,0.009329,0.05,0.15,0.35,0.6,0.75,0.85,0.95,0.0,0.55,0.0,0.08,0.04
6,PE_FED,0.009326,0.15,0.2,0.45,0.6,0.75,0.85,0.95,-0.5,0.0,0.0,0.08,0.04
6,PE_PB_FED,0.009324,0.1,0.15,0.4,0.6,0.7,0.75,0.95,0.0,0.65,0.8,0.1,0.05
6,PB_only,0.009322,0.05,0.2,0.45,0.55,0.7,0.85,0.95,0.0,0.0,0.0,0.06,0.05
6,PB_only,0.009322,0.05,0.2,0.45,0.55,0.75,0.85,0.95,0.0,0.0,0.0,0.12,0.05
8,PE_FED,0.009322,0.1,0.15,0.4,0.6,0.75,0.85,0.95,1.0,0.0,0.0,0.08,0.04
6,PB_only,0.009309,0.05,0.25,0.45,0.55,0.65,0.85,0.9,0.0,0.0,0.0,0.1,0.04
6,PB_only,0.009303,0.15,0.3,0.35,0.55,0.65,0.85,0.95,0.0,0.0,0.0,0.12,0.03
8,PE_FED,0.0093,0.1,0.15,0.45,0.6,0.75,0.85,0.95,1.0,0.0,0.0,0.1,0.03
6,PB_FED,0.009299,0.15,0.25,0.45,0.5,0.75,0.85,0.9,-0.5,0.0,0.0,0.08,0.03
8,PE_only,0.009296,0.2,0.3,0.45,0.55,0.7,0.85,0.95,0.0,0.0,0.0,0.12,0.05
8,PE_PB,0.009291,0.15,0.2,0.35,0.7,0.75,0.85,0.95,0.0,0.55,0.0,0.1,0.03
8,PE_only,0.009287,0.2,0.25,0.45,0.65,0.7,0.75,0.85,0.0,0.0,0.0,0.12,0.03
8,PE_PB_FED,0.009287,0.2,0.3,0.45,0.65,0.7,0.75,0.9,-0.5,0.65,0.7,0.1,0.04
6,PB_only,0.009283,0.1,0.15,0.3,0.5,0.65,0.85,0.95,0.0,0.0,0.0,0.1,0.04
8,PE_FED,0.009281,0.05,0.2,0.4,0.6,0.7,0.75,0.9,0.5,0.0,0.0,0.1,0.05
8,PE_PB_FED,0.009278,0.1,0.25,0.35,0.7,0.65,0.85,0.9,0.0,0.6,0.75,0.06,0.04
8,PE_only,0.009277,0.1,0.3,0.35,0.5,0.65,0.8,0.95,0.0,0.0,0.0,0.12,0.05
8,PE_only,0.009275,0.05,0.25,0.4,0.5,0.7,0.85,0.95,0.0,0.0,0.0,0.06,0.04
8,PE_PB_FED,0.009274,0.2,0.25,0.45,0.65,0.65,0.8,0.95,-0.5,0.5,0.7,0.06,0.03
8,PE_FED,0.009271,0.05,0.3,0.4,0.7,0.75,0.85,0.95,0.5,0.0,0.0,0.1,0.03
8,PE_FED,0.009269,0.15,0.3,0.35,0.6,0.65,0.85,0.95,0.5,0.0,0.0,0.06,0.03
6,PE_only,0.009263,0.15,0.25,0.35,0.7,0.75,0.8,0.85,0.0,0.0,0.0,0.1,0.03
6,PE_only,0.009262,0.05,0.15,0.45,0.7,0.65,0.8,0.85,0.0,0.0,0.0,0.08,0.03
6,PB_FED,0.00926,0.05,0.25,0.45,0.5,0.7,0.8,0.9,-0.5,0.0,0.0,0.06,0.04
8,PE_PB_FED,0.009258,0.05,0.2,0.4,0.65,0.75,0.85,0.95,0.5,0.6,0.75,0.06,0.04
6,PE_only,0.009255,0.1,0.2,0.45,0.7,0.7,0.85,0.9,0.0,0.0,0.0,0.1,0.03
8,PE_PB_FED,0.009253,0.05,0.3,0.45,0.6,0.65,0.75,0.95,-0.5,0.55,0.7,0.08,0.05
8,PE_only,0.009252,0.1,0.25,0.4,0.55,0.65,0.75,0.9,0.0,0.0,0.0,0.1,0.05
6,PB_only,0.00925,0.05,0.25,0.3,0.5,0.75,0.8,0.9,0.0,0.0,0.0,0.1,0.05
8,PE_FED,0.009247,0.15,0.3,0.45,0.6,0.65,0.85,0.9,-0.5,0.0,0.0,0.12,0.05
6,PB_only,0.009246,0.15,0.2,0.35,0.5,0.65,0.8,0.95,0.0,0.0,0.0,0.1,0.05
8,PE_PB,0.009244,0.2,0.25,0.3,0.7,0.7,0.85,0.95,0.0,0.6,0.0,0.1,0.03
8,PE_only,0.00924,0.05,0.15,0.3,0.5,0.75,0.8,0.9,0.0,0.0,0.0,0.1,0.03
8,PE_only,0.00924,0.05,0.15,0.3,0.5,0.65,0.8,0.9,0.0,0.0,0.0,0.12,0.03
8,PE_PB_FED,0.009239,0.05,0.25,0.45,0.5,0.75,0.8,0.95,-0.5,0.6,0.7,0.1,0.03
6,PE_PB,0.009237,0.05,0.25,0.3,0.7,0.7,0.85,0.95,0.0,0.65,0.0,0.12,0.05
6,PE_FED,0.009236,0.1,0.3,0.4,0.6,0.7,0.8,0.95,0.0,0.0,0.0,0.1,0.05
6,PB_only,0.009228,0.15,0.3,0.35,0.5,0.65,0.75,0.85,0.0,0.0,0.0,0.1,0.04
6,PE_only,0.009222,0.05,0.15,0.3,0.65,0.75,0.8,0.85,0.0,0.0,0.0,0.08,0.03
8,PE_FED,0.009221,0.2,0.3,0.35,0.55,0.75,0.8,0.9,-0.5,0.0,0.0,0.08,0.03
6,PE_only,0.00922,0.2,0.25,0.4,0.6,0.65,0.75,0.95,0.0,0.0,0.0,0.06,0.03
8,PE_PB,0.009215,0.15,0.2,0.45,0.65,0.7,0.75,0.95,0.0,0.55,0.0,0.06,0.04
8,PE_FED,0.009214,0.2,0.25,0.45,0.65,0.7,0.85,0.95,0.5,0.0,0.0,0.1,0.03
8,PE_FED,0.009212,0.1,0.25,0.35,0.5,0.75,0.85,0.95,0.5,0.0,0.0,0.1,0.03
8,PE_only,0.009208,0.15,0.3,0.4,0.5,0.65,0.8,0.95,0.0,0.0,0.0,0.1,0.05
8,PB_FED,0.009206,0.15,0.3,0.4,0.55,0.7,0.85,0.95,1.0,0.0,0.0,0.1,0.04
6,PE_only,0.009204,0.05,0.15,0.45,0.65,0.7,0.85,0.9,0.0,0.0,0.0,0.08,0.04
8,PB_FED,0.009204,0.05,0.2,0.4,0.5,0.65,0.85,0.95,1.0,0.0,0.0,0.06,0.05
8,PE_PB_FED,0.009202,0.2,0.25,0.3,0.55,0.75,0.85,0.95,0.0,0.5,0.75,0.1,0.03
8,PE_FED,0.009199,0.2,0.25,0.3,0.55,0.65,0.85,0.95,0.5,0.0,0.0,0.08,0.05
8,PE_FED,0.009197,0.05,0.2,0.35,0.65,0.7,0.8,0.9,0.5,0.0,0.0,0.1,0.04
6,PE_only,0.009196,0.1,0.2,0.4,0.6,0.7,0.85,0.95,0.0,0.0,0.0,0.08,0.05
8,PE_PB_FED,0.009195,0.05,0.25,0.3,0.5,0.65,0.75,0.9,0.0,0.65,0.7,0.08,0.05
8,PE_only,0.009194,0.1,0.15,0.3,0.55,0.65,0.75,0.85,0.0,0.0,0.0,0.1,0.03
8,PE_PB,0.009191,0.1,0.3,0.35,0.65,0.7,0.75,0.95,0.0,0.6,0.0,0.1,0.04
6,PE_FED,0.00919,0.05,0.3,0.35,0.6,0.7,0.8,0.95,0.0,0.0,0.0,0.12,0.03
6,PB_only,0.00919,0.05,0.15,0.4,0.5,0.75,0.8,0.95,0.0,0.0,0.0,0.1,0.05
8,PE_PB_FED,0.009188,0.1,0.15,0.3,0.5,0.7,0.75,0.9,0.5,0.65,0.8,0.12,0.05
8,PE_only,0.009185,0.15,0.25,0.4,0.5,0.7,0.85,0.95,0.0,0.0,0.0,0.1,0.05
6,PB_FED,0.00918,0.15,0.25,0.35,0.5,0.7,0.85,0.9,-0.5,0.0,0.0,0.1,0.05
6,PB_FED,0.00918,0.15,0.25,0.35,0.5,0.75,0.85,0.9,-0.5,0.0,0.0,0.08,0.05
6,PB_only,0.009178,0.15,0.2,0.35,0.5,0.75,0.85,0.95,0.0,0.0,0.0,0.12,0.03
8,PE_only,0.009178,0.05,0.25,0.35,0.6,0.7,0.75,0.85,0.0,0.0,0.0,0.12,0.04
8,PE_PB,0.009178,0.15,0.2,0.4,0.5,0.7,0.75,0.95,0.0,0.65,0.0,0.06,0.04
8,PB_FED,0.009171,0.1,0.25,0.35,0.55,0.75,0.85,0.9,1.0,0.0,0.0,0.1,0.04
8,PE_FED,0.00917,0.1,0.3,0.35,0.6,0.75,0.8,0.85,-0.5,0.0,0.0,0.12,0.04
8,PE_PB_FED,0.009169,0.15,0.2,0.45,0.6,0.65,0.75,0.9,0.0,0.5,0.75,0.06,0.03
8,PE_FED,0.009165,0.05,0.15,0.35,0.5,0.7,0.85,0.95,1.0,0.0,0.0,0.1,0.03
8,PE_PB,0.009162,0.1,0.2,0.4,0.6,0.7,0.8,0.95,0.0,0.55,0.0,0.08,0.04
8,PE_FED,0.009156,0.05,0.25,0.45,0.5,0.7,0.8,0.9,0.0,0.0,0.0,0.1,0.05
6,PE_only,0.009153,0.05,0.15,0.35,0.65,0.75,0.85,0.9,0.0,0.0,0.0,0.12,0.03
8,PE_PB,0.00915,0.1,0.15,0.3,0.6,0.65,0.85,0.95,0.0,0.55,0.0,0.08,0.05
8,PE_PB_FED,0.00915,0.1,0.2,0.3,0.7,0.65,0.75,0.9,0.5,0.65,0.75,0.12,0.05
6,PE_only,0.009147,0.15,0.3,0.35,0.7,0.75,0.8,0.85,0.0,0.0,0.0,0.06,0.05
6,PE_only,0.009147,0.05,0.2,0.4,0.6,0.7,0.85,0.95,0.0,0.0,0.0,0.1,0.04
8,PE_FED,0.009147,0.05,0.3,0.35,0.5,0.65,0.75,0.95,1.0,0.0,0.0,0.08,0.03
6,PE_FED,0.00914,0.05,0.25,0.45,0.6,0.75,0.8,0.95,0.0,0.0,0.0,0.06,0.05
8,PE_PB_FED,0.00914,0.15,0.2,0.35,0.7,0.65,0.85,0.9,0.0,0.6,0.7,0.06,0.05
8,PE_PB,0.009137,0.05,0.15,0.35,0.55,0.7,0.75,0.95,0.0,0.5,0.0,0.06,0.04
6,PE_only,0.009132,0.15,0.25,0.45,0.6,0.7,0.8,0.95,0.0,0.0,0.0,0.12,0.04
8,PE_PB_FED,0.009126,0.05,0.2,0.4,0.65,0.7,0.75,0.9,0.0,0.5,0.7,0.1,0.05
6,PE_FED,0.009123,0.1,0.15,0.3,0.55,0.7,0.85,0.95,-0.5,0.0,0.0,0.1,0.04
8,PE_FED,0.009123,0.05,0.2,0.45,0.5,0.7,0.85,0.95,0.5,0.0,0.0,0.06,0.04
6,PB_only,0.009119,0.05,0.25,0.35,0.5,0.65,0.8,0.85,0.0,0.0,0.0,0.12,0.04
8,PE_PB_FED,0.009117,0.2,0.25,0.3,0.65,0.65,0.8,0.95,-0.5,0.5,0.75,0.12,0.05
8,PE_FED,0.009116,0.15,0.2,0.35,0.5,0.65,0.8,0.9,-0.5,0.0,0.0,0.06,0.05
8,PE_PB_FED,0.009115,0.1,0.2,0.3,0.6,0.7,0.75,0.85,0.0,0.6,0.8,0.06,0.04
8,PE_PB_FED,0.009115,0.05,0.25,0.4,0.5,0.7,0.75,0.95,-0.5,0.55,0.7,0.1,0.04
8,PB_FED,0.009113,0.1,0.25,0.35,0.5,0.75,0.85,0.95,1.0,0.0,0.0,0.12,0.04
6,PE_only,0.009111,0.05,0.2,0.35,0.65,0.65,0.75,0.85,0.0,0.0,0.0,0.12,0.05
6,PE_PB,0.009111,0.1,0.25,0.35,0.7,0.75,0.85,0.95,0.0,0.65,0.0,0.08,0.05
6,PE_only,0.009108,0.15,0.25,0.4,0.7,0.7,0.8,0.85,0.0,0.0,0.0,0.12,0.03
8,PE_PB_FED,0.009107,0.15,0.25,0.4,0.6,0.7,0.75,0.85,0.0,0.65,0.8,0.1,0.05
8,PE_PB_FED,0.009105,0.15,0.3,0.45,0.5,0.75,0.85,0.95,0.0,0.65,0.7,0.1,0.05
8,PE_PB_FED,0.009102,0.1,0.3,0.35,0.65,0.65,0.85,0.95,0.0,0.5,0.75,0.08,0.05
6,PE_only,0.0091,0.1,0.25,0.45,0.7,0.7,0.8,0.85,0.0,0.0,0.0,0.08,0.05
8,PE_only,0.009097,0.1,0.15,0.35,0.55,0.7,0.75,0.85,0.0,0.0,0.0,0.12,0.04
8,PE_PB_FED,0.009096,0.1,0.15,0.35,0.5,0.75,0.8,0.9,0.0,0.55,0.7,0.12,0.04
6,PE_FED,0.009095,0.05,0.15,0.3,0.6,0.65,0.75,0.9,-0.5,0.0,0.0,0.12,0.04
8,PE_only,0.009091,0.1,0.25,0.45,0.55,0.65,0.75,0.9,0.0,0.0,0.0,0.12,0.03
6,PE_PB,0.00909,0.2,0.3,0.35,0.65,0.7,0.75,0.95,0.0,0.65,0.0,0.1,0.05
8,PE_only,0.009087,0.1,0.15,0.3,0.55,0.65,0.85,0.9,0.0,0.0,0.0,0.1,0.03
8,PE_PB_FED,0.009085,0.1,0.15,0.45,0.55,0.75,0.85,0.95,-0.5,0.5,0.75,0.12,0.03
8,PE_PB,0.009082,0.1,0.15,0.35,0.55,0.7,0.75,0.9,0.0,0.65,0.0,0.1,0.03
8,PE_FED,0.00908,0.15,0.25,0.3,0.5,0.7,0.75,0.85,0.0,0.0,0.0,0.06,0.04
6,PB_only,0.009078,0.2,0.3,0.35,0.55,0.7,0.85,0.9,0.0,0.0,0.0,0.12,0.04
6,PE_only,0.009074,0.1,0.25,0.3,0.6,0.7,0.85,0.95,0.0,0.0,0.0,0.08,0.04
6,PE_only,0.009074,0.1,0.25,0.3,0.6,0.7,0.85,0.95,0.0,0.0,0.0,0.1,0.04
8,PE_PB_FED,0.009065,0.1,0.25,0.45,0.65,0.7,0.75,0.95,0.5,0.55,0.75,0.12,0.05
6,PE_only,0.009057,0.1,0.25,0.45,0.6,0.65,0.75,0.95,0.0,0.0,0.0,0.12,0.03
6,PE_only,0.009057,0.15,0.25,0.35,0.7,0.65,0.8,0.85,0.0,0.0,0.0,0.12,0.03
8,PE_PB,0.009056,0.15,0.25,0.35,0.65,0.7,0.85,0.95,0.0,0.6,0.0,0.1,0.03
8,PE_PB,0.009052,0.05,0.2,0.3,0.6,0.65,0.75,0.95,0.0,0.5,0.0,0.08,0.03
8,PE_only,0.009049,0.1,0.15,0.3,0.5,0.75,0.8,0.9,0.0,0.0,0.0,0.08,0.03
8,PE_only,0.009046,0.05,0.15,0.3,0.55,0.7,0.75,0.85,0.0,0.0,0.0,0.1,0.03
8,PE_PB,0.009042,0.15,0.3,0.35,0.6,0.75,0.8,0.95,0.0,0.6,0.0,0.06,0.03
6,PE_PB,0.00904,0.1,0.3,0.45,0.65,0.75,0.8,0.95,0.0,0.65,0.0,0.08,0.05
8,PE_PB_FED,0.00904,0.2,0.25,0.4,0.5,0.7,0.8,0.95,-0.5,0.65,0.75,0.08,0.05
6,PE_only,0.009038,0.15,0.25,0.45,0.7,0.7,0.8,0.85,0.0,0.0,0.0,0.1,0.04
8,PE_only,0.009038,0.15,0.3,0.4,0.55,0.65,0.75,0.9,0.0,0.0,0.0,0.08,0.04
8,PE_only,0.009037,0.2,0.3,0.35,0.5,0.7,0.75,0.95,0.0,0.0,0.0,0.12,0.04
6,PB_only,0.00903,0.15,0.25,0.3,0.5,0.7,0.85,0.95,0.0,0.0,0.0,0.12,0.03
8,PE_PB_FED,0.00903,0.1,0.2,0.4,0.55,0.65,0.8,0.95,1.0,0.65,0.8,0.1,0.05
6,PB_only,0.009029,0.1,0.2,0.4,0.5,0.65,0.8,0.9,0.0,0.0,0.0,0.1,0.05
8,PE_FED,0.009025,0.05,0.3,0.45,0.55,0.65,0.8,0.9,-0.5,0.0,0.0,0.08,0.04
6,PE_only,0.009023,0.05,0.25,0.3,0.7,0.75,0.8,0.85,0.0,0.0,0.0,0.08,0.03
8,PE_only,0.009022,0.15,0.2,0.35,0.5,0.7,0.75,0.9,0.0,0.0,0.0,0.1,0.04
8,PE_only,0.009016,0.05,0.25,0.35,0.6,0.7,0.85,0.9,0.0,0.0,0.0,0.1,0.03
8,PE_only,0.009013,0.05,0.15,0.3,0.55,0.7,0.85,0.9,0.0,0.0,0.0,0.06,0.05
6,PE_only,0.009012,0.2,0.3,0.45,0.65,0.7,0.75,0.9,0.0,0.0,0.0,0.06,0.05
6,PE_only,0.009012,0.2,0.3,0.45,0.65,0.7,0.75,0.9,0.0,0.0,0.0,0.1,0.05
6,PB_only,0.009011,0.15,0.2,0.4,0.5,0.65,0.8,0.95,0.0,0.0,0.0,0.08,0.03
8,PE_PB,0.00901,0.1,0.15,0.4,0.5,0.7,0.8,0.95,0.0,0.6,0.0,0.06,0.04
6,PB_only,0.009007,0.05,0.2,0.35,0.5,0.7,0.85,0.95,0.0,0.0,0.0,0.08,0.03
8,PE_FED,0.009007,0.15,0.3,0.45,0.7,0.65,0.8,0.95,1.0,0.0,0.0,0.08,0.03
8,PE_only,0.009006,0.15,0.3,0.4,0.65,0.7,0.8,0.85,0.0,0.0,0.0,0.08,0.03
8,PE_FED,0.009006,0.2,0.25,0.35,0.5,0.7,0.75,0.9,-0.5,0.0,0.0,0.1,0.03
8,PE_only,0.009001,0.05,0.3,0.4,0.65,0.75,0.8,0.85,0.0,0.0,0.0,0.08,0.04
6,PE_FED,0.008999,0.05,0.15,0.35,0.55,0.75,0.85,0.95,0.0,0.0,0.0,0.08,0.03
6,PE_only,0.008997,0.2,0.25,0.45,0.65,0.7,0.8,0.9,0.0,0.0,0.0,0.06,0.05
6,PE_PB,0.008997,0.2,0.3,0.4,0.65,0.65,0.75,0.95,0.0,0.65,0.0,0.08,0.05
8,PE_only,0.008991,0.2,0.3,0.35,0.5,0.7,0.8,0.95,0.0,0.0,0.0,0.1,0.03
8,PE_FED,0.008991,0.05,0.15,0.35,0.5,0.65,0.8,0.9,0.5,0.0,0.0,0.12,0.04
6,PE_FED,0.008988,0.1,0.3,0.4,0.6,0.7,0.75,0.95,-0.5,0.0,0.0,0.08,0.05
8,PE_PB,0.008983,0.05,0.15,0.3,0.55,0.7,0.8,0.95,0.0,0.5,0.0,0.08,0.04
8,PE_FED,0.008981,0.1,0.25,0.3,0.6,0.65,0.75,0.9,0.5,0.0,0.0,0.08,0.05
6,PE_only,0.008979,0.05,0.2,0.4,0.65,0.65,0.75,0.85,0.0,0.0,0.0,0.1,0.04
8,PE_FED,0.008978,0.05,0.3,0.4,0.7,0.7,0.85,0.95,0.5,0.0,0.0,0.12,0.05
6,PB_only,0.008977,0.1,0.2,0.35,0.5,0.65,0.8,0.85,0.0,0.0,0.0,0.06,0.05
8,PE_PB_FED,0.008977,0.1,0.15,0.4,0.6,0.65,0.8,0.9,-0.5,0.55,0.75,0.08,0.04
6,PE_FED,0.008974,0.1,0.15,0.3,0.65,0.65,0.85,0.9,-0.5,0.0,0.0,0.12,0.04
6,PE_only,0.008972,0.15,0.2,0.4,0.6,0.75,0.85,0.95,0.0,0.0,0.0,0.06,0.03
6,PE_only,0.008969,0.15,0.3,0.35,0.7,0.65,0.75,0.85,0.0,0.0,0.0,0.06,0.05
6,PB_FED,0.008967,0.2,0.25,0.4,0.5,0.65,0.8,0.95,-0.5,0.0,0.0,0.06,0.04
8,PE_FED,0.008965,0.05,0.2,0.3,0.55,0.65,0.8,0.9,0.5,0.0,0.0,0.06,0.04
6,PE_only,0.008964,0.05,0.2,0.45,0.7,0.7,0.85,0.9,0.0,0.0,0.0,0.12,0.03
8,PE_FED,0.008963,0.2,0.25,0.4,0.55,0.7,0.75,0.95,1.0,0.0,0.0,0.08,0.03
6,PE_FED,0.00896,0.2,0.25,0.45,0.7,0.65,0.75,0.9,-0.5,0.0,0.0,0.12,0.03
6,PE_only,0.008957,0.1,0.2,0.45,0.7,0.75,0.8,0.85,0.0,0.0,0.0,0.06,0.03
8,PE_PB_FED,0.008956,0.05,0.25,0.3,0.6,0.7,0.75,0.95,1.0,0.5,0.8,0.1,0.03
8,PE_FED,0.008953,0.2,0.25,0.3,0.55,0.7,0.85,0.9,-0.5,0.0,0.0,0.08,0.04
6,PE_only,0.008952,0.1,0.2,0.45,0.7,0.65,0.85,0.9,0.0,0.0,0.0,0.08,0.05
8,PE_only,0.008951,0.05,0.15,0.3,0.55,0.65,0.8,0.85,0.0,0.0,0.0,0.1,0.04
8,PE_PB_FED,0.008951,0.05,0.25,0.45,0.7,0.65,0.75,0.85,0.0,0.65,0.75,0.08,0.03
8,PE_only,0.008944,0.1,0.2,0.3,0.5,0.65,0.75,0.9,0.0,0.0,0.0,0.1,0.03
8,PE_FED,0.008944,0.2,0.25,0.45,0.55,0.7,0.75,0.85,0.0,0.0,0.0,0.12,0.03
8,PE_FED,0.00894,0.15,0.3,0.35,0.6,0.65,0.85,0.95,0.5,0.0,0.0,0.08,0.05
8,PE_FED,0.008939,0.15,0.2,0.45,0.6,0.65,0.75,0.9,0.5,0.0,0.0,0.08,0.05
8,PE_PB_FED,0.008939,0.1,0.15,0.3,0.55,0.7,0.85,0.9,0.0,0.6,0.7,0.12,0.05
8,PB_FED,0.008939,0.1,0.15,0.45,0.5,0.7,0.85,0.9,1.0,0.0,0.0,0.1,0.04
6,PE_only,0.008938,0.15,0.3,0.35,0.6,0.65,0.8,0.95,0.0,0.0,0.0,0.12,0.04
8,PE_PB,0.008933,0.15,0.2,0.45,0.65,0.7,0.75,0.9,0.0,0.65,0.0,0.08,0.05
8,PE_PB,0.00893,0.05,0.15,0.4,0.55,0.65,0.75,0.95,0.0,0.5,0.0,0.1,0.04
8,PE_PB_FED,0.008926,0.05,0.15,0.3,0.55,0.7,0.85,0.95,1.0,0.65,0.7,0.12,0.03
6,PB_only,0.008924,0.05,0.25,0.3,0.5,0.7,0.8,0.95,0.0,0.0,0.0,0.08,0.05
8,PE_PB_FED,0.008914,0.15,0.3,0.45,0.65,0.65,0.85,0.95,0.0,0.5,0.7,0.12,0.03
8,PE_only,0.008911,0.05,0.3,0.4,0.5,0.75,0.8,0.95,0.0,0.0,0.0,0.1,0.05
6,PB_only,0.008908,0.1,0.3,0.4,0.5,0.7,0.75,0.85,0.0,0.0,0.0,0.08,0.03
8,PE_PB_FED,0.008908,0.05,0.3,0.45,0.6,0.75,0.85,0.95,-0.5,0.6,0.8,0.12,0.04
6,PB_only,0.008907,0.15,0.3,0.35,0.55,0.75,0.85,0.95,0.0,0.0,0.0,0.06,0.05
8,PB_only,0.008905,0.05,0.3,0.45,0.5,0.75,0.85,0.95,0.0,0.0,0.0,0.06,0.05
8,PB_only,0.008905,0.05,0.3,0.45,0.5,0.65,0.85,0.95,0.0,0.0,0.0,0.08,0.05
8,PE_only,0.008902,0.05,0.25,0.3,0.6,0.7,0.75,0.85,0.0,0.0,0.0,0.1,0.03
8,PE_PB_FED,0.008899,0.1,0.15,0.3,0.55,0.7,0.75,0.9,0.5,0.55,0.75,0.12,0.04
6,PE_only,0.008898,0.1,0.2,0.4,0.6,0.65,0.85,0.95,0.0,0.0,0.0,0.12,0.03
6,PE_only,0.008898,0.1,0.2,0.4,0.6,0.7,0.85,0.95,0.0,0.0,0.0,0.12,0.03
6,PE_FED,0.008895,0.1,0.25,0.4,0.6,0.65,0.85,0.95,0.0,0.0,0.0,0.12,0.03
6,PB_only,0.008895,0.1,0.15,0.4,0.5,0.65,0.8,0.95,0.0,0.0,0.0,0.08,0.04
8,PE_PB_FED,0.008895,0.1,0.2,0.4,0.55,0.65,0.75,0.9,0.5,0.65,0.75,0.1,0.03
6,PE_FED,0.008891,0.15,0.2,0.35,0.55,0.7,0.8,0.95,-0.5,0.0,0.0,0.12,0.03
6,PE_only,0.00889,0.15,0.3,0.4,0.6,0.65,0.75,0.95,0.0,0.0,0.0,0.08,0.03
6,PE_only,0.00889,0.15,0.3,0.4,0.6,0.65,0.75,0.95,0.0,0.0,0.0,0.12,0.03
8,PE_FED,0.00889,0.15,0.25,0.3,0.55,0.7,0.75,0.85,-0.5,0.0,0.0,0.12,0.03
8,PE_PB_FED,0.00889,0.05,0.3,0.35,0.55,0.7,0.75,0.9,0.0,0.6,0.8,0.06,0.03
8,PE_only,0.008884,0.1,0.15,0.3,0.55,0.75,0.85,0.9,0.0,0.0,0.0,0.12,0.05
6,PE_FED,0.008882,0.2,0.3,0.35,0.6,0.7,0.75,0.95,-0.5,0.0,0.0,0.1,0.03
6,PE_only,0.008879,0.1,0.2,0.3,0.65,0.75,0.8,0.85,0.0,0.0,0.0,0.12,0.04
8,PE_PB_FED,0.008875,0.1,0.15,0.35,0.65,0.7,0.75,0.85,-0.5,0.6,0.75,0.12,0.05
6,PB_FED,0.008874,0.05,0.3,0.35,0.55,0.75,0.8,0.85,-0.5,0.0,0.0,0.06,0.05
8,PE_PB,0.008872,0.15,0.3,0.35,0.6,0.65,0.85,0.95,0.0,0.65,0.0,0.12,0.04
6,PB_only,0.00887,0.2,0.25,0.35,0.5,0.65,0.8,0.9,0.0,0.0,0.0,0.06,0.04
6,PB_only,0.008867,0.1,0.3,0.45,0.55,0.65,0.8,0.9,0.0,0.0,0.0,0.12,0.05
8,PE_only,0.008867,0.1,0.3,0.45,0.65,0.65,0.75,0.85,0.0,0.0,0.0,0.08,0.03
8,PE_PB_FED,0.008858,0.15,0.25,0.35,0.7,0.65,0.85,0.95,0.5,0.6,0.7,0.12,0.04
6,PB_only,0.008857,0.15,0.2,0.3,0.5,0.7,0.85,0.95,0.0,0.0,0.0,0.1,0.05
8,PB_FED,0.008856,0.2,0.3,0.45,0.6,0.65,0.8,0.85,1.0,0.0,0.0,0.08,0.03
8,PE_PB,0.008854,0.2,0.25,0.3,0.7,0.7,0.8,0.9,0.0,0.65,0.0,0.12,0.04
6,PE_only,0.008849,0.05,0.25,0.3,0.6,0.65,0.85,0.95,0.0,0.0,0.0,0.12,0.04
8,PE_PB,0.008849,0.15,0.2,0.3,0.7,0.65,0.75,0.95,0.0,0.5,0.0,0.08,0.04
6,PB_only,0.008848,0.1,0.25,0.3,0.5,0.65,0.8,0.85,0.0,0.0,0.0,0.1,0.05
6,PE_only,0.008847,0.15,0.2,0.35,0.65,0.7,0.8,0.85,0.0,0.0,0.0,0.08,0.05
6,PE_only,0.008844,0.05,0.25,0.3,0.7,0.65,0.8,0.85,0.0,0.0,0.0,0.1,0.03
6,PE_FED,0.008844,0.1,0.2,0.3,0.65,0.65,0.8,0.9,0.0,0.0,0.0,0.1,0.04
6,PB_only,0.008842,0.1,0.3,0.35,0.5,0.65,0.85,0.9,0.0,0.0,0.0,0.08,0.03
8,PE_FED,0.008839,0.1,0.25,0.4,0.5,0.65,0.85,0.95,0.5,0.0,0.0,0.06,0.04
8,PE_PB,0.008838,0.1,0.3,0.4,0.65,0.7,0.8,0.95,0.0,0.6,0.0,0.1,0.04
8,PE_FED,0.008838,0.1,0.25,0.45,0.55,0.7,0.8,0.95,1.0,0.0,0.0,0.1,0.04
8,PE_PB_FED,0.008838,0.1,0.15,0.45,0.6,0.65,0.75,0.85,-0.5,0.65,0.7,0.12,0.03
6,PB_only,0.008837,0.1,0.25,0.45,0.5,0.7,0.75,0.95,0.0,0.0,0.0,0.1,0.05
8,PE_PB_FED,0.008834,0.05,0.15,0.35,0.65,0.65,0.8,0.9,-0.5,0.55,0.7,0.08,0.05
8,PE_PB,0.008833,0.05,0.15,0.3,0.65,0.65,0.75,0.85,0.0,0.65,0.0,0.06,0.03
8,PE_only,0.008832,0.05,0.3,0.45,0.65,0.65,0.85,0.9,0.0,0.0,0.0,0.12,0.03
6,PB_only,0.008831,0.15,0.25,0.45,0.5,0.65,0.75,0.95,0.0,0.0,0.0,0.08,0.05
6,PB_only,0.008829,0.15,0.25,0.45,0.5,0.7,0.75,0.9,0.0,0.0,0.0,0.08,0.05
6,PB_only,0.008828,0.15,0.25,0.4,0.5,0.7,0.8,0.9,0.0,0.0,0.0,0.12,0.04
8,PE_only,0.008827,0.1,0.15,0.3,0.55,0.65,0.8,0.85,0.0,0.0,0.0,0.08,0.04
6,PE_only,0.008824,0.15,0.25,0.45,0.7,0.7,0.85,0.9,0.0,0.0,0.0,0.12,0.03
8,PE_FED,0.008821,0.2,0.25,0.3,0.65,0.7,0.75,0.9,0.5,0.0,0.0,0.12,0.03
8,PE_only,0.00882,0.2,0.3,0.4,0.5,0.65,0.75,0.95,0.0,0.0,0.0,0.06,0.04
8,PE_FED,0.008819,0.15,0.25,0.45,0.55,0.7,0.8,0.85,0.0,0.0,0.0,0.1,0.03
6,PE_only,0.008818,0.15,0.3,0.35,0.7,0.7,0.85,0.9,0.0,0.0,0.0,0.1,0.05
6,PE_only,0.008812,0.1,0.3,0.35,0.6,0.65,0.8,0.95,0.0,0.0,0.0,0.06,0.04
8,PE_only,0.008811,0.1,0.15,0.35,0.5,0.75,0.8,0.9,0.0,0.0,0.0,0.06,0.04
6,PE_only,0.00881,0.05,0.2,0.3,0.65,0.65,0.8,0.85,0.0,0.0,0.0,0.1,0.05
8,PE_FED,0.00881,0.1,0.3,0.45,0.65,0.65,0.85,0.95,0.5,0.0,0.0,0.12,0.03
8,PE_PB_FED,0.00881,0.15,0.2,0.3,0.55,0.65,0.75,0.95,1.0,0.55,0.8,0.12,0.05
8,PE_only,0.008808,0.05,0.25,0.35,0.6,0.75,0.85,0.9,0.0,0.0,0.0,0.08,0.05
8,PE_only,0.008807,0.2,0.25,0.45,0.55,0.7,0.75,0.9,0.0,0.0,0.0,0.12,0.04
6,PE_FED,0.008805,0.2,0.3,0.35,0.65,0.75,0.85,0.95,0.0,0.0,0.0,0.08,0.03
8,PE_PB_FED,0.008805,0.15,0.2,0.4,0.55,0.65,0.85,0.95,0.5,0.6,0.75,0.1,0.04
6,PB_only,0.008799,0.2,0.3,0.4,0.55,0.65,0.8,0.95,0.0,0.0,0.0,0.08,0.05
8,PE_only,0.008795,0.2,0.25,0.45,0.65,0.7,0.8,0.85,0.0,0.0,0.0,0.12,0.03
6,PB_only,0.008793,0.05,0.2,0.35,0.5,0.65,0.85,0.9,0.0,0.0,0.0,0.12,0.04
6,PE_only,0.008792,0.05,0.25,0.45,0.7,0.75,0.8,0.85,0.0,0.0,0.0,0.1,0.05
8,PB_FED,0.008788,0.1,0.3,0.35,0.55,0.65,0.85,0.95,1.0,0.0,0.0,0.1,0.05
6,PE_FED,0.008786,0.05,0.25,0.4,0.6,0.7,0.85,0.95,0.0,0.0,0.0,0.12,0.05
6,PB_only,0.008786,0.05,0.15,0.35,0.5,0.75,0.85,0.95,0.0,0.0,0.0,0.12,0.05
8,PE_PB_FED,0.008776,0.05,0.25,0.35,0.65,0.75,0.8,0.95,0.5,0.55,0.7,0.08,0.05
8,PE_PB,0.008775,0.15,0.2,0.45,0.65,0.75,0.8,0.9,0.0,0.65,0.0,0.08,0.03
6,PE_PB,0.008767,0.05,0.2,0.4,0.7,0.65,0.75,0.9,0.0,0.65,0.0,0.12,0.03
8,PE_PB_FED,0.008763,0.1,0.2,0.45,0.5,0.75,0.8,0.95,1.0,0.65,0.7,0.1,0.04
6,PE_FED,0.008762,0.15,0.25,0.4,0.65,0.7,0.75,0.9,-0.5,0.0,0.0,0.12,0.03
8,PE_PB,0.008761,0.1,0.3,0.4,0.7,0.7,0.75,0.9,0.0,0.65,0.0,0.06,0.03
8,PE_PB_FED,0.008759,0.2,0.25,0.3,0.7,0.65,0.75,0.9,0.0,0.5,0.8,0.12,0.03
8,PE_FED,0.008757,0.1,0.25,0.35,0.5,0.65,0.8,0.95,1.0,0.0,0.0,0.1,0.04
8,PB_FED,0.008751,0.05,0.25,0.4,0.6,0.7,0.8,0.85,1.0,0.0,0.0,0.12,0.05
6,PB_only,0.00875,0.1,0.15,0.4,0.5,0.65,0.85,0.95,0.0,0.0,0.0,0.06,0.03
6,PB_only,0.008749,0.15,0.25,0.35,0.5,0.65,0.8,0.9,0.0,0.0,0.0,0.06,0.05
6,PE_PB,0.008742,0.15,0.2,0.3,0.7,0.7,0.8,0.9,0.0,0.65,0.0,0.06,0.03
6,PE_FED,0.008741,0.1,0.3,0.35,0.7,0.65,0.75,0.9,-0.5,0.0,0.0,0.06,0.05
6,PB_only,0.00874,0.05,0.2,0.35,0.5,0.75,0.85,0.9,0.0,0.0,0.0,0.1,0.04
8,PB_FED,0.008738,0.15,0.25,0.45,0.5,0.75,0.8,0.9,1.0,0.0,0.0,0.06,0.05
6,PE_only,0.008737,0.05,0.3,0.35,0.7,0.65,0.85,0.9,0.0,0.0,0.0,0.1,0.04
8,PE_FED,0.008735,0.05,0.2,0.4,0.55,0.7,0.8,0.85,-0.5,0.0,0.0,0.08,0.05
8,PE_FED,0.008726,0.15,0.25,0.4,0.5,0.65,0.85,0.95,0.5,0.0,0.0,0.12,0.04
6,PB_FED,0.008725,0.15,0.25,0.45,0.5,0.65,0.8,0.95,-0.5,0.0,0.0,0.06,0.04
6,PE_FED,0.008723,0.2,0.3,0.4,0.6,0.65,0.8,0.95,0.0,0.0,0.0,0.1,0.04
8,PE_PB_FED,0.008719,0.05,0.3,0.45,0.7,0.7,0.75,0.9,0.0,0.55,0.8,0.1,0.03
8,PE_FED,0.008718,0.1,0.25,0.4,0.55,0.75,0.8,0.95,1.0,0.0,0.0,0.1,0.05
8,PE_PB,0.00871,0.05,0.15,0.35,0.7,0.65,0.85,0.95,0.0,0.5,0.0,0.08,0.03
6,PE_PB,0.008705,0.15,0.2,0.4,0.65,0.7,0.75,0.9,0.0,0.65,0.0,0.08,0.04
8,PE_PB,0.008703,0.1,0.2,0.3,0.6,0.7,0.75,0.95,0.0,0.5,0.0,0.1,0.03
6,PE_FED,0.008702,0.05,0.15,0.4,0.65,0.7,0.8,0.9,-0.5,0.0,0.0,0.06,0.05
6,PE_FED,0.008702,0.05,0.2,0.3,0.6,0.7,0.75,0.9,0.0,0.0,0.0,0.06,0.04
8,PE_PB,0.008701,0.1,0.25,0.3,0.6,0.7,0.75,0.95,0.0,0.55,0.0,0.1,0.04
8,PE_PB,0.0087,0.1,0.15,0.4,0.7,0.75,0.8,0.85,0.0,0.65,0.0,0.08,0.04
8,PE_FED,0.008691,0.15,0.2,0.45,0.5,0.65,0.75,0.85,0.0,0.0,0.0,0.12,0.05
8,PE_only,0.00869,0.1,0.15,0.4,0.55,0.65,0.75,0.85,0.0,0.0,0.0,0.08,0.05
6,PE_PB,0.008688,0.15,0.2,0.3,0.7,0.65,0.8,0.9,0.0,0.65,0.0,0.08,0.03
8,PE_only,0.008685,0.1,0.2,0.4,0.5,0.7,0.75,0.9,0.0,0.0,0.0,0.06,0.04
8,PE_only,0.008684,0.2,0.25,0.3,0.5,0.75,0.85,0.95,0.0,0.0,0.0,0.06,0.05
6,PE_FED,0.008683,0.15,0.25,0.45,0.65,0.7,0.75,0.9,-0.5,0.0,0.0,0.1,0.04
8,PE_only,0.008681,0.2,0.25,0.3,0.5,0.7,0.85,0.95,0.0,0.0,0.0,0.12,0.03
8,PE_only,0.008681,0.2,0.25,0.3,0.5,0.75,0.85,0.95,0.0,0.0,0.0,0.1,0.03
8,PE_PB,0.008678,0.1,0.25,0.35,0.65,0.7,0.85,0.95,0.0,0.6,0.0,0.12,0.05
8,PE_FED,0.008676,0.05,0.3,0.4,0.55,0.7,0.85,0.9,0.0,0.0,0.0,0.08,0.03
6,PE_only,0.008672,0.05,0.15,0.4,0.65,0.7,0.8,0.85,0.0,0.0,0.0,0.08,0.03
6,PE_only,0.008668,0.2,0.3,0.4,0.65,0.7,0.8,0.9,0.0,0.0,0.0,0.08,0.05
6,PB_only,0.008668,0.15,0.2,0.45,0.5,0.65,0.8,0.9,0.0,0.0,0.0,0.1,0.04
8,PE_PB,0.008664,0.15,0.3,0.4,0.7,0.7,0.75,0.95,0.0,0.55,0.0,0.08,0.03
8,PE_only,0.008662,0.1,0.3,0.35,0.6,0.75,0.85,0.9,0.0,0.0,0.0,0.1,0.04
8,PE_PB,0.00866,0.05,0.15,0.4,0.65,0.65,0.8,0.9,0.0,0.6,0.0,0.1,0.03
8,PE_PB,0.008659,0.1,0.25,0.45,0.7,0.75,0.8,0.9,0.0,0.65,0.0,0.06,0.03
8,PE_PB_FED,0.008652,0.05,0.2,0.3,0.7,0.75,0.8,0.9,0.5,0.65,0.75,0.06,0.03
6,PE_only,0.008651,0.05,0.2,0.45,0.7,0.7,0.8,0.85,0.0,0.0,0.0,0.08,0.03
6,PE_PB_FED,0.008649,0.05,0.15,0.35,0.55,0.65,0.75,0.95,0.0,0.65,0.75,0.08,0.03
6,PB_only,0.008646,0.05,0.3,0.35,0.55,0.65,0.85,0.9,0.0,0.0,0.0,0.1,0.05
6,PE_only,0.008644,0.05,0.2,0.3,0.65,0.75,0.8,0.85,0.0,0.0,0.0,0.1,0.04
6,PB_FED,0.008644,0.15,0.2,0.35,0.7,0.65,0.75,0.95,0.5,0.0,0.0,0.06,0.05
6,PE_only,0.008642,0.1,0.3,0.35,0.6,0.75,0.8,0.95,0.0,0.0,0.0,0.06,0.05
6,PE_only,0.008642,0.1,0.3,0.4,0.6,0.75,0.8,0.95,0.0,0.0,0.0,0.06,0.04
6,PE_only,0.008639,0.05,0.25,0.4,0.7,0.65,0.75,0.85,0.0,0.0,0.0,0.12,0.03
8,PE_only,0.008639,0.1,0.25,0.35,0.6,0.7,0.75,0.85,0.0,0.0,0.0,0.08,0.03
8,PE_PB,0.008639,0.15,0.2,0.35,0.55,0.7,0.75,0.95,0.0,0.55,0.0,0.12,0.05
6,PB_only,0.008638,0.05,0.15,0.4,0.5,0.65,0.8,0.95,0.0,0.0,0.0,0.12,0.04
6,PE_only,0.008634,0.1,0.25,0.3,0.65,0.7,0.75,0.85,0.0,0.0,0.0,0.12,0.04
6,PE_only,0.008633,0.05,0.25,0.45,0.6,0.65,0.75,0.95,0.0,0.0,0.0,0.06,0.05
8,PE_PB_FED,0.008624,0.1,0.3,0.35,0.6,0.75,0.8,0.95,0.5,0.6,0.7,0.1,0.05
6,PE_only,0.008623,0.1,0.25,0.3,0.6,0.75,0.85,0.95,0.0,0.0,0.0,0.08,0.03
6,PE_only,0.008622,0.2,0.3,0.45,0.65,0.7,0.8,0.9,0.0,0.0,0.0,0.12,0.03
8,PE_PB,0.008618,0.05,0.15,0.35,0.55,0.7,0.8,0.95,0.0,0.5,0.0,0.1,0.04
6,PE_only,0.008615,0.05,0.25,0.4,0.7,0.65,0.85,0.9,0.0,0.0,0.0,0.06,0.05
8,PE_only,0.008615,0.1,0.3,0.45,0.65,0.7,0.75,0.85,0.0,0.0,0.0,0.08,0.03
6,PE_only,0.008609,0.15,0.3,0.35,0.7,0.65,0.8,0.85,0.0,0.0,0.0,0.06,0.04
6,PE_only,0.008608,0.15,0.25,0.4,0.65,0.65,0.75,0.85,0.0,0.0,0.0,0.08,0.04
6,PE_FED,0.008607,0.1,0.15,0.3,0.55,0.7,0.85,0.95,-0.5,0.0,0.0,0.1,0.03
8,PE_PB,0.008606,0.05,0.2,0.45,0.6,0.75,0.85,0.95,0.0,0.6,0.0,0.1,0.03
8,PE_only,0.008605,0.2,0.25,0.35,0.55,0.65,0.75,0.9,0.0,0.0,0.0,0.1,0.05
8,PE_FED,0.008605,0.2,0.25,0.3,0.55,0.65,0.75,0.85,-0.5,0.0,0.0,0.1,0.04
8,PE_PB,0.008602,0.2,0.25,0.35,0.7,0.75,0.8,0.9,0.0,0.65,0.0,0.1,0.04
8,PE_FED,0.008602,0.15,0.25,0.35,0.7,0.65,0.8,0.9,0.5,0.0,0.0,0.12,0.03
6,PE_only,0.008601,0.1,0.15,0.45,0.65,0.75,0.8,0.85,0.0,0.0,0.0,0.12,0.04
8,PE_only,0.0086,0.15,0.25,0.35,0.6,0.65,0.8,0.85,0.0,0.0,0.0,0.08,0.05
6,PE_only,0.008597,0.05,0.3,0.35,0.6,0.75,0.8,0.95,0.0,0.0,0.0,0.08,0.03
6,PB_only,0.008597,0.15,0.2,0.4,0.5,0.75,0.8,0.95,0.0,0.0,0.0,0.1,0.05
8,PE_only,0.008596,0.1,0.2,0.45,0.6,0.65,0.8,0.85,0.0,0.0,0.0,0.1,0.05
8,PE_only,0.008595,0.05,0.3,0.45,0.5,0.65,0.8,0.95,0.0,0.0,0.0,0.06,0.03
6,PE_FED,0.008594,0.1,0.25,0.35,0.65,0.7,0.75,0.9,0.0,0.0,0.0,0.06,0.04
6,PE_PB,0.008593,0.05,0.2,0.3,0.7,0.7,0.8,0.9,0.0,0.65,0.0,0.12,0.03
6,PB_FED,0.008593,0.15,0.3,0.45,0.5,0.75,0.8,0.85,0.0,0.0,0.0,0.08,0.04
6,PB_only,0.00859,0.1,0.15,0.45,0.5,0.7,0.8,0.9,0.0,0.0,0.0,0.1,0.05
8,PE_FED,0.008589,0.15,0.25,0.3,0.65,0.65,0.8,0.9,0.5,0.0,0.0,0.1,0.03
8,PE_only,0.008588,0.05,0.2,0.35,0.5,0.7,0.75,0.9,0.0,0.0,0.0,0.08,0.03
8,PE_FED,0.008587,0.05,0.2,0.45,0.55,0.65,0.85,0.9,-0.5,0.0,0.0,0.1,0.03
8,PE_PB_FED,0.008586,0.2,0.3,0.45,0.55,0.7,0.75,0.95,-0.5,0.6,0.8,0.08,0.05
8,PE_only,0.008584,0.15,0.25,0.45,0.5,0.7,0.85,0.95,0.0,0.0,0.0,0.06,0.04
8,PE_FED,0.008584,0.1,0.25,0.3,0.65,0.7,0.8,0.9,0.5,0.0,0.0,0.08,0.04
8,PE_PB_FED,0.008583,0.1,0.25,0.35,0.65,0.7,0.85,0.95,-0.5,0.5,0.75,0.12,0.03
8,PE_PB,0.008581,0.05,0.2,0.4,0.7,0.7,0.8,0.95,0.0,0.5,0.0,0.06,0.04
8,PE_FED,0.008581,0.15,0.2,0.4,0.55,0.7,0.8,0.85,-0.5,0.0,0.0,0.1,0.03
6,PB_only,0.008579,0.05,0.2,0.45,0.5,0.65,0.75,0.95,0.0,0.0,0.0,0.08,0.04
6,PE_only,0.008577,0.05,0.25,0.3,0.65,0.7,0.85,0.9,0.0,0.0,0.0,0.1,0.04
6,PE_only,0.008575,0.2,0.3,0.35,0.7,0.65,0.85,0.9,0.0,0.0,0.0,0.08,0.04
6,PB_only,0.008575,0.1,0.25,0.45,0.5,0.65,0.8,0.85,0.0,0.0,0.0,0.1,0.03
6,PE_PB,0.008573,0.05,0.15,0.45,0.7,0.75,0.8,0.9,0.0,0.65,0.0,0.08,0.03
8,PE_PB_FED,0.008573,0.15,0.25,0.45,0.65,0.7,0.8,0.9,0.0,0.55,0.75,0.08,0.03
6,PB_only,0.008571,0.2,0.3,0.4,0.55,0.7,0.85,0.9,0.0,0.0,0.0,0.06,0.04
6,PE_PB_FED,0.008566,0.05,0.2,0.4,0.7,0.7,0.8,0.95,-0.5,0.65,0.8,0.1,0.03
8,PE_PB_FED,0.008566,0.05,0.25,0.4,0.6,0.7,0.8,0.9,0.0,0.55,0.75,0.1,0.03
6,PB_FED,0.008563,0.2,0.25,0.35,0.5,0.7,0.8,0.85,-0.5,0.0,0.0,0.12,0.05
8,PE_PB,0.008561,0.1,0.15,0.35,0.7,0.7,0.75,0.9,0.0,0.55,0.0,0.1,0.03
6,PE_FED,0.00856,0.1,0.25,0.45,0.7,0.65,0.8,0.9,-0.5,0.0,0.0,0.1,0.05
8,PE_FED,0.008555,0.05,0.15,0.35,0.7,0.65,0.75,0.9,1.0,0.0,0.0,0.1,0.03
8,PE_only,0.008554,0.2,0.25,0.35,0.5,0.65,0.85,0.95,0.0,0.0,0.0,0.1,0.04
8,PE_FED,0.008554,0.1,0.2,0.45,0.55,0.7,0.85,0.9,-0.5,0.0,0.0,0.06,0.05
8,PE_PB_FED,0.00855,0.05,0.3,0.45,0.55,0.7,0.75,0.95,1.0,0.65,0.75,0.1,0.03
6,PB_FED,0.008544,0.1,0.3,0.4,0.5,0.7,0.85,0.95,0.0,0.0,0.0,0.06,0.04
8,PE_PB,0.008544,0.05,0.25,0.45,0.7,0.75,0.8,0.95,0.0,0.55,0.0,0.08,0.05
8,PE_PB_FED,0.008544,0.2,0.3,0.45,0.65,0.65,0.75,0.95,0.5,0.65,0.75,0.06,0.05
8,PE_PB,0.008543,0.1,0.15,0.45,0.7,0.65,0.8,0.9,0.0,0.6,0.0,0.08,0.03
6,PE_only,0.008542,0.15,0.3,0.45,0.7,0.7,0.75,0.85,0.0,0.0,0.0,0.1,0.04
6,PE_only,0.008541,0.15,0.2,0.3,0.65,0.75,0.8,0.85,0.0,0.0,0.0,0.12,0.03
8,PE_PB_FED,0.00854,0.2,0.25,0.4,0.55,0.7,0.85,0.95,0.0,0.5,0.7,0.1,0.04
8,PE_FED,0.008535,0.1,0.3,0.45,0.55,0.65,0.75,0.95,1.0,0.0,0.0,0.08,0.04
6,PE_only,0.008534,0.1,0.3,0.4,0.6,0.65,0.75,0.95,0.0,0.0,0.0,0.06,0.05
6,PE_FED,0.008534,0.15,0.2,0.3,0.5,0.75,0.8,0.95,0.0,0.0,0.0,0.06,0.05
6,PB_only,0.00853,0.05,0.3,0.35,0.5,0.7,0.75,0.95,0.0,0.0,0.0,0.1,0.05
8,PE_PB,0.00853,0.1,0.25,0.4,0.65,0.7,0.85,0.95,0.0,0.6,0.0,0.12,0.05
8,PE_PB,0.00853,0.1,0.2,0.45,0.55,0.7,0.75,0.95,0.0,0.55,0.0,0.12,0.03
6,PB_only,0.008528,0.15,0.2,0.45,0.5,0.65,0.8,0.85,0.0,0.0,0.0,0.12,0.04
8,PE_PB_FED,0.008526,0.05,0.25,0.3,0.55,0.75,0.8,0.95,1.0,0.65,0.75,0.1,0.04
6,PB_only,0.008524,0.2,0.3,0.4,0.5,0.65,0.75,0.9,0.0,0.0,0.0,0.1,0.04
8,PE_FED,0.008524,0.2,0.25,0.3,0.5,0.65,0.85,0.9,0.0,0.0,0.0,0.12,0.04
6,PE_only,0.00852,0.15,0.25,0.45,0.7,0.75,0.8,0.85,0.0,0.0,0.0,0.06,0.03
6,PE_only,0.008515,0.15,0.25,0.4,0.65,0.65,0.85,0.9,0.0,0.0,0.0,0.06,0.04
8,PE_FED,0.008515,0.2,0.3,0.45,0.6,0.7,0.85,0.9,-0.5,0.0,0.0,0.12,0.03
6,PB_FED,0.008507,0.15,0.2,0.3,0.7,0.7,0.75,0.95,0.5,0.0,0.0,0.1,0.04
8,PE_PB,0.008506,0.1,0.3,0.35,0.6,0.65,0.85,0.95,0.0,0.65,0.0,0.1,0.05
8,PE_PB,0.008504,0.05,0.2,0.35,0.65,0.65,0.85,0.95,0.0,0.55,0.0,0.06,0.03
6,PE_only,0.008501,0.1,0.15,0.35,0.6,0.65,0.75,0.9,0.0,0.0,0.0,0.08,0.04
6,PE_PB,0.008501,0.1,0.25,0.35,0.65,0.75,0.85,0.95,0.0,0.65,0.0,0.08,0.04
8,PE_PB_FED,0.008501,0.05,0.25,0.4,0.65,0.65,0.8,0.95,0.5,0.55,0.7,0.1,0.05
6,PB_FED,0.008498,0.2,0.3,0.35,0.5,0.65,0.85,0.9,0.0,0.0,0.0,0.06,0.05
8,PE_FED,0.008497,0.15,0.25,0.3,0.55,0.7,0.75,0.9,0.5,0.0,0.0,0.1,0.05
6,PE_PB_FED,0.008492,0.05,0.2,0.3,0.65,0.7,0.8,0.95,-0.5,0.65,0.7,0.06,0.03
8,PE_PB,0.008489,0.2,0.25,0.3,0.65,0.7,0.8,0.95,0.0,0.55,0.0,0.1,0.03
8,PE_only,0.008486,0.1,0.15,0.45,0.55,0.75,0.85,0.9,0.0,0.0,0.0,0.12,0.04
8,PE_PB_FED,0.008485,0.1,0.15,0.4,0.5,0.7,0.75,0.9,-0.5,0.6,0.8,0.12,0.03
8,PE_PB,0.008483,0.05,0.2,0.35,0.6,0.75,0.8,0.9,0.0,0.65,0.0,0.1,0.04
8,PE_FED,0.008483,0.2,0.3,0.35,0.55,0.65,0.85,0.9,0.0,0.0,0.0,0.12,0.03
8,PE_only,0.008482,0.1,0.25,0.3,0.55,0.7,0.8,0.9,0.0,0.0,0.0,0.06,0.05
8,PE_PB,0.008479,0.1,0.25,0.3,0.55,0.65,0.85,0.95,0.0,0.65,0.0,0.1,0.03
8,PE_PB_FED,0.008479,0.05,0.3,0.4,0.65,0.7,0.85,0.95,-0.5,0.55,0.75,0.06,0.04
8,PE_PB_FED,0.008476,0.05,0.15,0.35,0.55,0.7,0.75,0.9,-0.5,0.5,0.8,0.08,0.03
6,PE_only,0.008473,0.1,0.3,0.4,0.6,0.7,0.8,0.95,0.0,0.0,0.0,0.06,0.05
6,PE_only,0.00847,0.1,0.2,0.45,0.65,0.65,0.75,0.85,0.0,0.0,0.0,0.06,0.04
6,PB_FED,0.008466,0.1,0.2,0.3,0.6,0.65,0.75,0.95,0.5,0.0,0.0,0.12,0.03
8,PE_PB,0.008465,0.05,0.15,0.45,0.65,0.75,0.8,0.95,0.0,0.5,0.0,0.08,0.05
8,PE_PB_FED,0.008464,0.15,0.2,0.3,0.55,0.75,0.85,0.95,-0.5,0.5,0.75,0.06,0.04
6,PE_only,0.008463,0.15,0.3,0.4,0.7,0.65,0.8,0.85,0.0,0.0,0.0,0.1,0.04
6,PE_FED,0.008463,0.15,0.25,0.45,0.7,0.65,0.75,0.9,0.0,0.0,0.0,0.06,0.04
6,PE_only,0.00846,0.05,0.2,0.3,0.65,0.7,0.85,0.9,0.0,0.0,0.0,0.06,0.05
8,PE_PB_FED,0.00846,0.1,0.15,0.35,0.5,0.7,0.8,0.9,-0.5,0.65,0.7,0.06,0.04
6,PE_FED,0.008459,0.1,0.15,0.3,0.5,0.65,0.8,0.95,-0.5,0.0,0.0,0.1,0.03
8,PE_PB_FED,0.008459,0.15,0.25,0.3,0.6,0.7,0.75,0.9,0.5,0.65,0.7,0.08,0.04
6,PB_only,0.008456,0.15,0.3,0.45,0.55,0.65,0.8,0.85,0.0,0.0,0.0,0.06,0.05
8,PE_PB,0.008455,0.05,0.3,0.35,0.7,0.7,0.85,0.95,0.0,0.6,0.0,0.08,0.04
8,PE_FED,0.008453,0.15,0.25,0.45,0.6,0.7,0.8,0.95,1.0,0.0,0.0,0.1,0.05
8,PE_FED,0.008452,0.15,0.25,0.3,0.65,0.65,0.8,0.9,0.5,0.0,0.0,0.12,0.04
8,PE_only,0.00845,0.15,0.2,0.35,0.55,0.7,0.85,0.9,0.0,0.0,0.0,0.06,0.04
8,PE_FED,0.008449,0.1,0.15,0.45,0.55,0.7,0.8,0.9,0.5,0.0,0.0,0.08,0.05
8,PE_PB,0.008448,0.05,0.25,0.45,0.7,0.65,0.8,0.95,0.0,0.55,0.0,0.08,0.05
8,PE_FED,0.008444,0.2,0.3,0.45,0.6,0.75,0.8,0.85,0.0,0.0,0.0,0.1,0.03
6,PE_FED,0.008443,0.15,0.2,0.35,0.5,0.65,0.8,0.95,0.0,0.0,0.0,0.12,0.03
8,PE_FED,0.008442,0.05,0.2,0.3,0.5,0.65,0.85,0.9,-0.5,0.0,0.0,0.12,0.04
6,PB_only,0.008439,0.05,0.2,0.4,0.5,0.75,0.8,0.95,0.0,0.0,0.0,0.12,0.04
8,PB_FED,0.008439,0.1,0.3,0.4,0.6,0.65,0.85,0.9,1.0,0.0,0.0,0.12,0.04
6,PB_only,0.008428,0.1,0.3,0.4,0.55,0.75,0.85,0.95,0.0,0.0,0.0,0.12,0.04
8,PB_FED,0.008428,0.15,0.25,0.4,0.55,0.65,0.8,0.85,1.0,0.0,0.0,0.08,0.05
6,PB_only,0.008424,0.05,0.3,0.4,0.5,0.7,0.75,0.85,0.0,0.0,0.0,0.08,0.03
6,PB_FED,0.008419,0.05,0.15,0.4,0.7,0.7,0.75,0.9,0.5,0.0,0.0,0.06,0.03
8,PB_FED,0.008419,0.2,0.3,0.4,0.7,0.75,0.8,0.85,1.0,0.0,0.0,0.1,0.05
6,PE_FED,0.008414,0.15,0.25,0.4,0.65,0.7,0.75,0.9,0.0,0.0,0.0,0.12,0.04
6,PB_FED,0.008407,0.05,0.15,0.3,0.6,0.7,0.75,0.95,1.0,0.0,0.0,0.1,0.03
8,PE_FED,0.008407,0.1,0.2,0.35,0.5,0.65,0.8,0.85,0.0,0.0,0.0,0.06,0.03
6,PB_only,0.008405,0.05,0.25,0.4,0.5,0.65,0.8,0.85,0.0,0.0,0.0,0.12,0.04
8,PE_PB,0.008402,0.05,0.15,0.35,0.55,0.75,0.8,0.95,0.0,0.5,0.0,0.12,0.05
8,PE_PB,0.008401,0.15,0.2,0.45,0.7,0.75,0.85,0.9,0.0,0.65,0.0,0.06,0.04
8,PB_FED,0.0084,0.15,0.2,0.45,0.5,0.65,0.85,0.95,1.0,0.0,0.0,0.12,0.04
6,PE_only,0.008398,0.1,0.3,0.35,0.7,0.65,0.8,0.85,0.0,0.0,0.0,0.08,0.05
8,PE_only,0.008394,0.15,0.2,0.45,0.6,0.75,0.8,0.85,0.0,0.0,0.0,0.1,0.03
8,PE_FED,0.008392,0.2,0.25,0.4,0.65,0.75,0.8,0.95,1.0,0.0,0.0,0.06,0.03
6,PE_PB,0.008388,0.1,0.2,0.4,0.7,0.7,0.8,0.9,0.0,0.65,0.0,0.12,0.04
6,PB_only,0.008386,0.2,0.3,0.35,0.55,0.7,0.85,0.95,0.0,0.0,0.0,0.12,0.04
6,PE_only,0.008385,0.1,0.25,0.4,0.65,0.65,0.85,0.9,0.0,0.0,0.0,0.12,0.04
8,PE_PB_FED,0.008382,0.1,0.25,0.3,0.65,0.65,0.75,0.9,-0.5,0.55,0.8,0.06,0.03
6,PB_only,0.008378,0.05,0.3,0.35,0.55,0.65,0.85,0.95,0.0,0.0,0.0,0.08,0.05
8,PE_only,0.008378,0.05,0.2,0.3,0.5,0.7,0.75,0.9,0.0,0.0,0.0,0.06,0.05
6,PE_only,0.008372,0.1,0.2,0.45,0.6,0.75,0.85,0.95,0.0,0.0,0.0,0.06,0.05
6,PB_only,0.008371,0.05,0.2,0.4,0.5,0.65,0.8,0.95,0.0,0.0,0.0,0.08,0.05
6,PB_only,0.008368,0.1,0.15,0.45,0.5,0.7,0.8,0.95,0.0,0.0,0.0,0.06,0.04
6,PE_only,0.008367,0.2,0.3,0.35,0.6,0.7,0.75,0.95,0.0,0.0,0.0,0.12,0.03
6,PE_only,0.008366,0.2,0.25,0.35,0.7,0.65,0.8,0.85,0.0,0.0,0.0,0.06,0.03
6,PE_only,0.008364,0.1,0.25,0.35,0.65,0.7,0.75,0.85,0.0,0.0,0.0,0.08,0.04
6,PE_PB_FED,0.008362,0.1,0.25,0.35,0.7,0.7,0.75,0.95,0.0,0.65,0.8,0.06,0.03
8,PE_PB_FED,0.008355,0.2,0.3,0.35,0.55,0.65,0.75,0.9,0.0,0.6,0.7,0.06,0.04
8,PE_PB_FED,0.008354,0.1,0.3,0.4,0.65,0.7,0.75,0.95,1.0,0.65,0.8,0.1,0.04
6,PE_FED,0.008351,0.05,0.25,0.35,0.55,0.7,0.8,0.95,0.0,0.0,0.0,0.06,0.05
6,PB_only,0.008351,0.1,0.3,0.4,0.5,0.7,0.75,0.9,0.0,0.0,0.0,0.08,0.05
8,PE_PB,0.00835,0.1,0.3,0.4,0.7,0.65,0.75,0.95,0.0,0.55,0.0,0.1,0.03
6,PE_only,0.008348,0.05,0.25,0.35,0.6,0.7,0.85,0.95,0.0,0.0,0.0,0.12,0.05
8,PE_PB_FED,0.008338,0.1,0.25,0.45,0.65,0.65,0.85,0.9,-0.5,0.65,0.8,0.08,0.04
8,PE_PB,0.008336,0.05,0.15,0.45,0.6,0.65,0.85,0.95,0.0,0.55,0.0,0.06,0.04
8,PE_PB_FED,0.008334,0.15,0.3,0.4,0.6,0.7,0.8,0.9,-0.5,0.65,0.75,0.1,0.03
8,PE_only,0.008333,0.1,0.25,0.45,0.6,0.7,0.75,0.85,0.0,0.0,0.0,0.1,0.04
6,PE_only,0.008328,0.1,0.2,0.35,0.65,0.65,0.8,0.85,0.0,0.0,0.0,0.06,0.03
6,PB_only,0.008324,0.15,0.2,0.45,0.5,0.7,0.85,0.9,0.0,0.0,0.0,0.06,0.03
6,PB_only,0.008324,0.1,0.3,0.45,0.5,0.7,0.75,0.95,0.0,0.0,0.0,0.12,0.03
6,PB_only,0.008324,0.15,0.25,0.35,0.5,0.75,0.85,0.95,0.0,0.0,0.0,0.1,0.03
6,PE_only,0.008321,0.15,0.25,0.3,0.65,0.75,0.8,0.85,0.0,0.0,0.0,0.06,0.05
8,PB_FED,0.008319,0.05,0.15,0.4,0.5,0.65,0.8,0.85,1.0,0.0,0.0,0.08,0.05
6,PE_only,0.008318,0.2,0.3,0.45,0.7,0.75,0.85,0.9,0.0,0.0,0.0,0.08,0.04
6,PE_only,0.008318,0.1,0.15,0.45,0.65,0.7,0.85,0.9,0.0,0.0,0.0,0.12,0.03
8,PE_only,0.008317,0.15,0.2,0.4,0.5,0.7,0.75,0.9,0.0,0.0,0.0,0.12,0.03
8,PE_PB_FED,0.008314,0.1,0.25,0.3,0.6,0.7,0.85,0.9,0.0,0.6,0.75,0.1,0.04
8,PE_PB,0.008311,0.1,0.15,0.3,0.65,0.75,0.85,0.9,0.0,0.65,0.0,0.1,0.05
6,PB_FED,0.008307,0.15,0.2,0.4,0.7,0.65,0.75,0.9,0.5,0.0,0.0,0.12,0.03
8,PE_PB_FED,0.008307,0.15,0.25,0.35,0.55,0.7,0.85,0.95,-0.5,0.55,0.75,0.1,0.05
8,PE_FED,0.008303,0.2,0.25,0.3,0.55,0.65,0.75,0.85,-0.5,0.0,0.0,0.08,0.05
8,PE_FED,0.0083,0.2,0.3,0.35,0.55,0.75,0.8,0.9,-0.5,0.0,0.0,0.12,0.05
6,PE_FED,0.008294,0.1,0.2,0.3,0.7,0.7,0.8,0.85,-0.5,0.0,0.0,0.08,0.04
8,PE_PB_FED,0.008294,0.1,0.2,0.4,0.7,0.75,0.8,0.85,0.0,0.6,0.7,0.06,0.04
6,PE_FED,0.008293,0.15,0.3,0.35,0.65,0.7,0.75,0.9,-0.5,0.0,0.0,0.12,0.04
8,PE_FED,0.008291,0.2,0.3,0.45,0.6,0.65,0.75,0.85,-0.5,0.0,0.0,0.06,0.03
6,PB_FED,0.008288,0.05,0.15,0.3,0.55,0.65,0.75,0.95,0.5,0.0,0.0,0.06,0.03
6,PE_only,0.008285,0.05,0.25,0.45,0.7,0.7,0.85,0.9,0.0,0.0,0.0,0.08,0.03
8,PE_only,0.008275,0.1,0.2,0.45,0.55,0.65,0.8,0.9,0.0,0.0,0.0,0.1,0.05
8,PE_only,0.008275,0.1,0.2,0.45,0.55,0.75,0.8,0.9,0.0,0.0,0.0,0.12,0.05
8,PE_PB,0.008274,0.1,0.15,0.3,0.5,0.65,0.75,0.95,0.0,0.5,0.0,0.06,0.03
8,PE_FED,0.008274,0.2,0.25,0.35,0.6,0.75,0.8,0.95,1.0,0.0,0.0,0.12,0.03
8,PE_PB_FED,0.008269,0.1,0.3,0.4,0.55,0.7,0.8,0.95,0.5,0.6,0.8,0.06,0.04
6,PE_only,0.008265,0.05,0.3,0.4,0.7,0.65,0.75,0.85,0.0,0.0,0.0,0.06,0.05
6,PE_PB_FED,0.008261,0.15,0.2,0.4,0.7,0.7,0.8,0.95,0.0,0.65,0.7,0.1,0.05
8,PE_PB,0.00826,0.15,0.3,0.35,0.55,0.65,0.8,0.95,0.0,0.65,0.0,0.08,0.05
8,PE_PB,0.00826,0.1,0.25,0.4,0.6,0.65,0.75,0.95,0.0,0.55,0.0,0.1,0.04
6,PE_FED,0.008259,0.1,0.2,0.45,0.55,0.7,0.75,0.95,-0.5,0.0,0.0,0.1,0.03
8,PE_FED,0.008259,0.1,0.3,0.4,0.55,0.75,0.8,0.85,0.0,0.0,0.0,0.12,0.05
8,PE_PB,0.008258,0.1,0.3,0.45,0.65,0.75,0.8,0.95,0.0,0.6,0.0,0.06,0.04
8,PB_FED,0.008254,0.15,0.3,0.45,0.55,0.7,0.8,0.85,1.0,0.0,0.0,0.12,0.03
6,PE_only,0.008246,0.05,0.3,0.45,0.65,0.7,0.8,0.9,0.0,0.0,0.0,0.12,0.05
8,PE_only,0.008243,0.05,0.2,0.45,0.55,0.65,0.8,0.9,0.0,0.0,0.0,0.12,0.05
8,PE_only,0.00824,0.1,0.3,0.45,0.5,0.65,0.8,0.95,0.0,0.0,0.0,0.06,0.05
6,PB_FED,0.008234,0.2,0.3,0.45,0.5,0.75,0.8,0.85,0.0,0.0,0.0,0.1,0.04
8,PE_PB_FED,0.008233,0.1,0.2,0.4,0.7,0.7,0.75,0.9,-0.5,0.5,0.7,0.1,0.03
8,PE_PB_FED,0.008231,0.1,0.15,0.4,0.7,0.7,0.8,0.85,0.0,0.55,0.7,0.1,0.05
6,PB_only,0.008229,0.05,0.2,0.45,0.5,0.75,0.8,0.95,0.0,0.0,0.0,0.06,0.03
6,PE_only,0.008218,0.15,0.25,0.4,0.6,0.7,0.85,0.95,0.0,0.0,0.0,0.06,0.03
6,PB_FED,0.008218,0.05,0.15,0.35,0.65,0.65,0.75,0.95,0.5,0.0,0.0,0.12,0.04
8,PE_FED,0.008217,0.05,0.2,0.45,0.65,0.65,0.8,0.9,0.5,0.0,0.0,0.1,0.03
8,PE_PB,0.008216,0.1,0.25,0.35,0.6,0.65,0.75,0.95,0.0,0.55,0.0,0.1,0.05
8,PE_FED,0.008216,0.05,0.25,0.4,0.7,0.65,0.75,0.9,0.5,0.0,0.0,0.12,0.05
8,PB_FED,0.008214,0.2,0.25,0.4,0.55,0.65,0.85,0.9,1.0,0.0,0.0,0.06,0.04
8,PE_only,0.008213,0.05,0.25,0.45,0.6,0.65,0.75,0.85,0.0,0.0,0.0,0.06,0.05
8,PB_FED,0.008213,0.15,0.3,0.45,0.6,0.65,0.85,0.9,1.0,0.0,0.0,0.06,0.04
6,PE_FED,0.008209,0.15,0.3,0.4,0.7,0.7,0.75,0.9,0.0,0.0,0.0,0.1,0.04
8,PE_FED,0.008206,0.1,0.15,0.4,0.7,0.65,0.75,0.9,1.0,0.0,0.0,0.06,0.04
6,PE_FED,0.008202,0.05,0.2,0.4,0.55,0.65,0.85,0.95,0.0,0.0,0.0,0.1,0.04
6,PE_only,0.0082,0.15,0.3,0.45,0.6,0.7,0.75,0.95,0.0,0.0,0.0,0.1,0.03
6,PE_only,0.008199,0.05,0.15,0.3,0.55,0.65,0.8,0.95,0.0,0.0,0.0,0.06,0.05
6,PB_only,0.008193,0.05,0.25,0.4,0.5,0.75,0.85,0.9,0.0,0.0,0.0,0.08,0.03
8,PE_only,0.008191,0.2,0.25,0.4,0.6,0.7,0.85,0.9,0.0,0.0,0.0,0.12,0.03
8,PE_PB,0.008191,0.05,0.2,0.4,0.55,0.7,0.8,0.95,0.0,0.55,0.0,0.06,0.05
6,PE_only,0.008186,0.05,0.2,0.3,0.65,0.75,0.8,0.85,0.0,0.0,0.0,0.06,0.03
6,PE_FED,0.008184,0.05,0.15,0.35,0.5,0.7,0.75,0.95,-0.5,0.0,0.0,0.1,0.05
6,PE_only,0.008182,0.15,0.3,0.45,0.6,0.65,0.75,0.95,0.0,0.0,0.0,0.06,0.04
8,PE_FED,0.00818,0.15,0.25,0.3,0.6,0.75,0.8,0.9,0.5,0.0,0.0,0.12,0.04
8,PB_FED,0.00817,0.2,0.3,0.45,0.5,0.7,0.85,0.9,0.5,0.0,0.0,0.1,0.05
6,PE_PB,0.008169,0.2,0.25,0.4,0.7,0.75,0.85,0.95,0.0,0.65,0.0,0.06,0.05
6,PE_FED,0.008169,0.1,0.2,0.4,0.65,0.7,0.8,0.9,-0.5,0.0,0.0,0.1,0.05
8,PE_FED,0.008169,0.05,0.2,0.35,0.5,0.65,0.8,0.85,0.0,0.0,0.0,0.06,0.03
8,PE_PB,0.008166,0.05,0.15,0.4,0.55,0.75,0.85,0.95,0.0,0.55,0.0,0.08,0.03
6,PE_only,0.008161,0.05,0.3,0.4,0.7,0.7,0.85,0.9,0.0,0.0,0.0,0.1,0.05
6,PE_FED,0.00816,0.2,0.3,0.45,0.6,0.65,0.8,0.95,0.0,0.0,0.0,0.06,0.03
8,PE_PB,0.00816,0.1,0.25,0.35,0.6,0.75,0.85,0.95,0.0,0.6,0.0,0.08,0.03
6,PE_FED,0.008157,0.05,0.15,0.3,0.6,0.7,0.75,0.9,-0.5,0.0,0.0,0.12,0.05
8,PE_only,0.008153,0.05,0.25,0.4,0.6,0.7,0.8,0.85,0.0,0.0,0.0,0.12,0.05
6,PB_only,0.00815,0.1,0.25,0.35,0.5,0.7,0.8,0.85,0.0,0.0,0.0,0.06,0.05
6,PE_only,0.008142,0.1,0.2,0.4,0.65,0.7,0.85,0.9,0.0,0.0,0.0,0.08,0.03
6,PE_FED,0.008142,0.05,0.3,0.45,0.7,0.7,0.8,0.9,-0.5,0.0,0.0,0.1,0.04
6,PB_only,0.008141,0.1,0.25,0.3,0.5,0.7,0.85,0.95,0.0,0.0,0.0,0.08,0.04
6,PE_only,0.00814,0.1,0.15,0.45,0.65,0.65,0.85,0.9,0.0,0.0,0.0,0.06,0.03
8,PE_PB_FED,0.008137,0.15,0.25,0.3,0.65,0.65,0.75,0.95,1.0,0.55,0.75,0.08,0.05
8,PE_PB,0.008132,0.05,0.15,0.3,0.65,0.7,0.8,0.85,0.0,0.65,0.0,0.1,0.04
6,PE_only,0.00813,0.1,0.15,0.45,0.65,0.75,0.8,0.85,0.0,0.0,0.0,0.06,0.03
8,PE_PB_FED,0.00813,0.05,0.15,0.4,0.65,0.75,0.8,0.9,0.5,0.6,0.7,0.12,0.04
8,PE_FED,0.008128,0.1,0.15,0.35,0.65,0.7,0.75,0.9,1.0,0.0,0.0,0.06,0.03
8,PE_PB_FED,0.008122,0.1,0.2,0.35,0.6,0.7,0.75,0.85,-0.5,0.65,0.8,0.06,0.03
8,PE_only,0.00812,0.05,0.2,0.3,0.55,0.65,0.75,0.85,0.0,0.0,0.0,0.12,0.05
6,PE_only,0.008115,0.1,0.25,0.4,0.6,0.7,0.85,0.95,0.0,0.0,0.0,0.1,0.03
8,PE_only,0.008115,0.05,0.25,0.4,0.6,0.7,0.8,0.85,0.0,0.0,0.0,0.1,0.04
8,PE_FED,0.00811,0.15,0.3,0.45,0.55,0.75,0.8,0.95,1.0,0.0,0.0,0.06,0.03
6,PE_FED,0.008104,0.1,0.15,0.45,0.5,0.65,0.8,0.95,0.0,0.0,0.0,0.08,0.04
8,PE_PB_FED,0.008093,0.1,0.2,0.4,0.6,0.7,0.75,0.95,1.0,0.5,0.8,0.08,0.05
8,PE_PB_FED,0.008088,0.1,0.3,0.35,0.7,0.75,0.8,0.95,0.5,0.55,0.75,0.1,0.04
6,PB_FED,0.008087,0.15,0.25,0.45,0.5,0.75,0.85,0.95,-0.5,0.0,0.0,0.08,0.04
6,PE_FED,0.008086,0.1,0.25,0.35,0.55,0.65,0.75,0.95,-0.5,0.0,0.0,0.1,0.05
6,PE_PB_FED,0.008086,0.1,0.15,0.3,0.7,0.65,0.75,0.95,0.0,0.55,0.7,0.06,0.04
8,PE_FED,0.008086,0.1,0.3,0.4,0.5,0.75,0.8,0.95,1.0,0.0,0.0,0.08,0.03
8,PE_only,0.008084,0.2,0.25,0.35,0.6,0.7,0.85,0.9,0.0,0.0,0.0,0.08,0.05
8,PE_PB,0.008082,0.05,0.25,0.4,0.7,0.75,0.85,0.95,0.0,0.55,0.0,0.1,0.03
6,PB_FED,0.008077,0.05,0.15,0.45,0.65,0.65,0.75,0.9,0.5,0.0,0.0,0.1,0.04
6,PB_FED,0.008075,0.15,0.3,0.4,0.5,0.65,0.85,0.95,0.0,0.0,0.0,0.12,0.04
8,PE_FED,0.008069,0.05,0.2,0.3,0.5,0.65,0.75,0.85,-0.5,0.0,0.0,0.12,0.04
6,PB_only,0.008068,0.05,0.15,0.45,0.5,0.75,0.8,0.95,0.0,0.0,0.0,0.06,0.04
6,PE_only,0.008063,0.1,0.25,0.45,0.7,0.65,0.8,0.85,0.0,0.0,0.0,0.08,0.03
6,PB_only,0.008062,0.15,0.25,0.4,0.5,0.75,0.8,0.9,0.0,0.0,0.0,0.12,0.05
6,PB_FED,0.008062,0.2,0.25,0.4,0.5,0.75,0.85,0.9,-0.5,0.0,0.0,0.12,0.05
6,PB_only,0.008061,0.15,0.3,0.35,0.5,0.7,0.75,0.85,0.0,0.0,0.0,0.08,0.05
6,PE_PB,0.008059,0.05,0.25,0.4,0.65,0.7,0.85,0.95,0.0,0.65,0.0,0.1,0.05
8,PE_PB_FED,0.008059,0.05,0.2,0.35,0.7,0.7,0.8,0.95,1.0,0.5,0.7,0.12,0.05
6,PB_only,0.008058,0.15,0.25,0.35,0.5,0.75,0.85,0.9,0.0,0.0,0.0,0.08,0.04
6,PE_only,0.008057,0.15,0.25,0.35,0.65,0.7,0.8,0.85,0.0,0.0,0.0,0.12,0.05
8,PE_only,0.008057,0.1,0.25,0.35,0.6,0.75,0.8,0.85,0.0,0.0,0.0,0.06,0.03
6,PE_only,0.008049,0.05,0.3,0.35,0.7,0.65,0.8,0.85,0.0,0.0,0.0,0.12,0.04
6,PE_PB_FED,0.008048,0.1,0.25,0.3,0.65,0.65,0.8,0.95,0.0,0.65,0.7,0.08,0.03
6,PB_FED,0.008041,0.1,0.2,0.4,0.65,0.7,0.75,0.95,0.5,0.0,0.0,0.12,0.05
8,PE_PB,0.008037,0.15,0.2,0.4,0.65,0.65,0.75,0.95,0.0,0.5,0.0,0.08,0.04
6,PB_only,0.008032,0.05,0.15,0.4,0.5,0.75,0.85,0.95,0.0,0.0,0.0,0.06,0.05
8,PE_PB_FED,0.008028,0.15,0.3,0.35,0.7,0.65,0.8,0.85,0.0,0.65,0.8,0.08,0.04
6,PE_FED,0.008025,0.1,0.25,0.4,0.55,0.65,0.75,0.95,-0.5,0.0,0.0,0.08,0.04
8,PE_FED,0.008025,0.1,0.15,0.4,0.5,0.7,0.75,0.85,-0.5,0.0,0.0,0.12,0.03
6,PB_FED,0.008024,0.1,0.15,0.35,0.7,0.7,0.75,0.95,1.0,0.0,0.0,0.12,0.03
8,PE_FED,0.008022,0.05,0.2,0.4,0.7,0.7,0.85,0.95,1.0,0.0,0.0,0.12,0.03
6,PB_only,0.008021,0.1,0.2,0.45,0.5,0.65,0.8,0.95,0.0,0.0,0.0,0.12,0.03
8,PE_only,0.00802,0.15,0.25,0.4,0.55,0.65,0.8,0.9,0.0,0.0,0.0,0.12,0.05
8,PE_FED,0.00802,0.2,0.25,0.35,0.5,0.75,0.85,0.9,0.0,0.0,0.0,0.1,0.04
8,PE_PB_FED,0.00802,0.2,0.25,0.35,0.5,0.7,0.8,0.95,-0.5,0.6,0.75,0.06,0.05
6,PB_only,0.008019,0.05,0.25,0.3,0.5,0.75,0.85,0.9,0.0,0.0,0.0,0.12,0.05
8,PE_FED,0.008011,0.1,0.15,0.3,0.55,0.65,0.75,0.85,0.5,0.0,0.0,0.08,0.05
8,PE_PB,0.00801,0.05,0.15,0.45,0.7,0.7,0.8,0.85,0.0,0.65,0.0,0.1,0.05
8,PE_PB_FED,0.00801,0.2,0.3,0.35,0.65,0.65,0.85,0.95,0.0,0.5,0.8,0.08,0.05
8,PE_PB,0.008007,0.05,0.15,0.4,0.6,0.65,0.8,0.9,0.0,0.6,0.0,0.12,0.04
6,PE_only,0.008,0.15,0.2,0.45,0.65,0.65,0.8,0.85,0.0,0.0,0.0,0.1,0.05
6,PE_FED,0.00799,0.1,0.3,0.35,0.6,0.75,0.85,0.95,-0.5,0.0,0.0,0.12,0.04
6,PB_only,0.007989,0.15,0.3,0.35,0.5,0.65,0.75,0.85,0.0,0.0,0.0,0.12,0.05
8,PE_FED,0.007986,0.2,0.25,0.35,0.55,0.7,0.75,0.85,-0.5,0.0,0.0,0.1,0.05
6,PB_only,0.007985,0.1,0.3,0.35,0.5,0.65,0.75,0.85,0.0,0.0,0.0,0.08,0.05
6,PB_only,0.007982,0.05,0.3,0.45,0.55,0.65,0.8,0.95,0.0,0.0,0.0,0.12,0.05
8,PE_PB,0.007982,0.05,0.2,0.4,0.7,0.65,0.8,0.9,0.0,0.6,0.0,0.12,0.03
6,PE_FED,0.00798,0.1,0.3,0.4,0.7,0.7,0.85,0.9,-0.5,0.0,0.0,0.08,0.04
8,PE_only,0.007978,0.2,0.25,0.4,0.55,0.65,0.8,0.9,0.0,0.0,0.0,0.12,0.03
6,PB_FED,0.007977,0.05,0.3,0.35,0.5,0.7,0.85,0.9,0.0,0.0,0.0,0.08,0.05
8,PE_FED,0.007976,0.1,0.15,0.4,0.65,0.65,0.75,0.9,1.0,0.0,0.0,0.1,0.04
6,PE_PB_FED,0.007975,0.15,0.2,0.3,0.6,0.65,0.8,0.95,0.0,0.65,0.75,0.12,0.05
8,PE_PB_FED,0.007974,0.05,0.15,0.35,0.55,0.65,0.8,0.9,0.5,0.6,0.75,0.06,0.03
8,PE_PB,0.007972,0.05,0.15,0.4,0.5,0.7,0.8,0.95,0.0,0.55,0.0,0.06,0.05
8,PE_FED,0.007972,0.05,0.3,0.35,0.65,0.7,0.8,0.95,1.0,0.0,0.0,0.1,0.04
6,PE_only,0.007971,0.1,0.15,0.35,0.6,0.7,0.75,0.9,0.0,0.0,0.0,0.06,0.03
6,PE_PB,0.007969,0.05,0.15,0.3,0.7,0.75,0.8,0.95,0.0,0.6,0.0,0.1,0.04
6,PE_FED,0.007968,0.15,0.25,0.3,0.7,0.65,0.75,0.85,-0.5,0.0,0.0,0.12,0.05
6,PE_only,0.007962,0.1,0.15,0.4,0.55,0.7,0.75,0.95,0.0,0.0,0.0,0.12,0.03
8,PE_FED,0.007962,0.1,0.25,0.35,0.6,0.7,0.8,0.9,0.5,0.0,0.0,0.12,0.04
8,PE_PB,0.007961,0.05,0.25,0.45,0.7,0.7,0.75,0.95,0.0,0.5,0.0,0.08,0.03
8,PE_PB,0.007948,0.1,0.25,0.4,0.6,0.65,0.85,0.95,0.0,0.6,0.0,0.1,0.04
8,PE_PB,0.007946,0.15,0.3,0.45,0.6,0.75,0.85,0.95,0.0,0.65,0.0,0.06,0.05
6,PE_only,0.007945,0.1,0.3,0.4,0.7,0.65,0.85,0.9,0.0,0.0,0.0,0.1,0.05
8,PE_PB,0.007941,0.05,0.25,0.45,0.65,0.7,0.85,0.95,0.0,0.6,0.0,0.06,0.05
8,PE_PB_FED,0.007941,0.2,0.3,0.45,0.55,0.75,0.85,0.95,-0.5,0.65,0.75,0.06,0.04
8,PE_PB,0.00794,0.2,0.25,0.45,0.7,0.75,0.8,0.9,0.0,0.65,0.0,0.08,0.04
6,PE_FED,0.007938,0.05,0.25,0.45,0.6,0.75,0.85,0.95,0.0,0.0,0.0,0.1,0.05
8,PE_FED,0.007935,0.05,0.3,0.35,0.55,0.65,0.85,0.95,0.5,0.0,0.0,0.1,0.05
8,PE_FED,0.007932,0.05,0.15,0.35,0.55,0.7,0.75,0.9,1.0,0.0,0.0,0.12,0.03
8,PE_PB_FED,0.007931,0.15,0.2,0.3,0.55,0.7,0.8,0.85,0.0,0.65,0.7,0.12,0.03
6,PE_FED,0.007929,0.05,0.25,0.3,0.7,0.7,0.8,0.9,0.0,0.0,0.0,0.06,0.03
8,PE_only,0.007928,0.1,0.15,0.45,0.55,0.7,0.75,0.85,0.0,0.0,0.0,0.06,0.04
8,PE_only,0.007928,0.1,0.15,0.45,0.55,0.7,0.75,0.85,0.0,0.0,0.0,0.08,0.04
8,PE_FED,0.007928,0.15,0.25,0.3,0.55,0.65,0.8,0.9,0.5,0.0,0.0,0.1,0.03
6,PE_FED,0.007926,0.1,0.15,0.3,0.7,0.7,0.85,0.9,0.0,0.0,0.0,0.08,0.05
8,PE_PB_FED,0.007926,0.1,0.25,0.35,0.5,0.7,0.75,0.9,0.0,0.55,0.75,0.06,0.03
8,PE_FED,0.007925,0.2,0.25,0.3,0.5,0.7,0.75,0.85,0.0,0.0,0.0,0.1,0.04
8,PE_PB,0.007924,0.1,0.3,0.45,0.6,0.75,0.85,0.95,0.0,0.65,0.0,0.1,0.03
8,PE_only,0.00792,0.2,0.3,0.35,0.55,0.65,0.75,0.9,0.0,0.0,0.0,0.06,0.03
8,PE_PB_FED,0.007917,0.1,0.25,0.45,0.55,0.7,0.75,0.95,0.5,0.5,0.7,0.08,0.04
8,PE_PB_FED,0.007917,0.05,0.2,0.45,0.6,0.75,0.8,0.9,0.0,0.55,0.7,0.1,0.05
8,PE_PB_FED,0.007917,0.05,0.2,0.45,0.6,0.7,0.8,0.9,0.0,0.55,0.7,0.12,0.05
6,PB_FED,0.007913,0.05,0.15,0.4,0.6,0.65,0.75,0.95,0.5,0.0,0.0,0.08,0.05
6,PE_FED,0.007912,0.05,0.15,0.3,0.6,0.65,0.8,0.9,0.0,0.0,0.0,0.1,0.04
8,PE_PB,0.007911,0.05,0.2,0.35,0.6,0.7,0.85,0.95,0.0,0.55,0.0,0.12,0.03
8,PE_PB_FED,0.007907,0.05,0.3,0.45,0.6,0.65,0.75,0.9,0.0,0.55,0.7,0.12,0.04
6,PB_only,0.007906,0.2,0.25,0.4,0.5,0.7,0.85,0.9,0.0,0.0,0.0,0.1,0.03
8,PE_only,0.007906,0.05,0.2,0.3,0.5,0.75,0.8,0.9,0.0,0.0,0.0,0.08,0.04
8,PE_PB,0.007905,0.15,0.25,0.3,0.55,0.65,0.75,0.95,0.0,0.55,0.0,0.08,0.04
6,PE_PB_FED,0.007903,0.05,0.15,0.4,0.7,0.65,0.85,0.95,0.0,0.65,0.75,0.06,0.04
6,PB_only,0.007902,0.05,0.3,0.4,0.5,0.65,0.75,0.95,0.0,0.0,0.0,0.06,0.05
8,PE_PB,0.007902,0.15,0.2,0.35,0.55,0.65,0.75,0.95,0.0,0.5,0.0,0.06,0.03
6,PE_only,0.0079,0.15,0.25,0.4,0.65,0.7,0.8,0.85,0.0,0.0,0.0,0.1,0.05
8,PE_FED,0.007897,0.1,0.3,0.4,0.65,0.7,0.75,0.9,0.5,0.0,0.0,0.06,0.03
8,PE_PB,0.007895,0.1,0.25,0.35,0.7,0.65,0.85,0.95,0.0,0.55,0.0,0.1,0.03
8,PE_FED,0.007892,0.15,0.25,0.45,0.5,0.7,0.8,0.9,-0.5,0.0,0.0,0.08,0.04
8,PE_PB,0.007888,0.1,0.2,0.4,0.5,0.7,0.8,0.95,0.0,0.6,0.0,0.08,0.03
6,PE_PB,0.007887,0.05,0.15,0.4,0.65,0.65,0.8,0.9,0.0,0.65,0.0,0.06,0.05
6,PB_only,0.007884,0.05,0.3,0.4,0.55,0.7,0.85,0.95,0.0,0.0,0.0,0.1,0.04
8,PE_only,0.007882,0.1,0.2,0.35,0.5,0.7,0.75,0.9,0.0,0.0,0.0,0.1,0.05
6,PE_FED,0.00788,0.1,0.15,0.35,0.6,0.75,0.8,0.9,0.0,0.0,0.0,0.12,0.04
8,PE_FED,0.007877,0.05,0.2,0.45,0.6,0.75,0.8,0.9,0.5,0.0,0.0,0.08,0.04
8,PE_PB,0.007875,0.05,0.3,0.35,0.7,0.65,0.75,0.9,0.0,0.65,0.0,0.1,0.05
6,PB_FED,0.007873,0.1,0.15,0.3,0.65,0.65,0.8,0.9,0.5,0.0,0.0,0.08,0.04
6,PE_only,0.007869,0.1,0.15,0.35,0.55,0.65,0.8,0.95,0.0,0.0,0.0,0.1,0.05
6,PE_PB_FED,0.007869,0.1,0.2,0.4,0.65,0.7,0.75,0.95,0.0,0.6,0.8,0.06,0.04
6,PE_FED,0.007867,0.05,0.25,0.3,0.65,0.7,0.75,0.9,0.0,0.0,0.0,0.12,0.03
8,PE_PB,0.007867,0.2,0.3,0.4,0.6,0.7,0.8,0.95,0.0,0.6,0.0,0.06,0.03
8,PE_PB,0.007866,0.1,0.15,0.45,0.55,0.65,0.75,0.95,0.0,0.5,0.0,0.12,0.04
8,PE_PB,0.007866,0.1,0.15,0.45,0.55,0.65,0.75,0.95,0.0,0.5,0.0,0.06,0.04
6,PE_PB,0.007864,0.05,0.3,0.4,0.7,0.75,0.85,0.95,0.0,0.65,0.0,0.12,0.04
8,PE_PB_FED,0.007862,0.05,0.2,0.45,0.6,0.65,0.75,0.85,0.0,0.6,0.75,0.08,0.04
8,PE_PB_FED,0.007856,0.05,0.2,0.3,0.5,0.7,0.75,0.9,-0.5,0.65,0.75,0.08,0.05
8,PE_only,0.007854,0.05,0.15,0.35,0.5,0.65,0.8,0.9,0.0,0.0,0.0,0.06,0.05
8,PE_only,0.007854,0.1,0.3,0.35,0.6,0.65,0.75,0.85,0.0,0.0,0.0,0.1,0.05
8,PE_FED,0.007842,0.1,0.15,0.3,0.7,0.65,0.85,0.9,0.5,0.0,0.0,0.08,0.03
8,PE_FED,0.007841,0.1,0.15,0.35,0.5,0.65,0.8,0.85,-0.5,0.0,0.0,0.1,0.04
8,PE_PB,0.007839,0.05,0.2,0.4,0.5,0.7,0.75,0.95,0.0,0.6,0.0,0.12,0.05
8,PE_PB,0.007835,0.2,0.25,0.45,0.55,0.7,0.8,0.95,0.0,0.65,0.0,0.1,0.05
8,PE_PB_FED,0.007835,0.1,0.15,0.3,0.6,0.65,0.75,0.85,0.0,0.5,0.8,0.12,0.04
8,PE_PB_FED,0.00783,0.15,0.2,0.3,0.6,0.65,0.85,0.95,0.5,0.55,0.8,0.12,0.05
8,PE_only,0.007828,0.05,0.2,0.35,0.55,0.7,0.75,0.85,0.0,0.0,0.0,0.1,0.04
8,PE_only,0.007826,0.1,0.25,0.4,0.6,0.7,0.8,0.85,0.0,0.0,0.0,0.06,0.03
6,PB_only,0.007824,0.1,0.25,0.45,0.5,0.75,0.8,0.9,0.0,0.0,0.0,0.06,0.04
6,PE_only,0.007821,0.2,0.25,0.4,0.6,0.65,0.85,0.95,0.0,0.0,0.0,0.12,0.04
6,PE_only,0.007821,0.2,0.25,0.4,0.6,0.65,0.85,0.95,0.0,0.0,0.0,0.06,0.04
8,PE_only,0.007821,0.1,0.15,0.4,0.55,0.7,0.8,0.85,0.0,0.0,0.0,0.08,0.04
6,PE_only,0.007817,0.1,0.25,0.45,0.6,0.65,0.85,0.95,0.0,0.0,0.0,0.12,0.04
6,PB_only,0.007817,0.1,0.25,0.4,0.5,0.7,0.8,0.95,0.0,0.0,0.0,0.1,0.05
8,PE_PB_FED,0.007816,0.15,0.25,0.3,0.7,0.75,0.8,0.85,0.0,0.6,0.7,0.08,0.05
6,PE_PB,0.007806,0.1,0.25,0.3,0.65,0.7,0.75,0.9,0.0,0.65,0.0,0.1,0.03
6,PE_FED,0.007805,0.05,0.15,0.35,0.7,0.7,0.8,0.85,-0.5,0.0,0.0,0.06,0.03
6,PE_only,0.007803,0.2,0.3,0.4,0.7,0.65,0.8,0.85,0.0,0.0,0.0,0.08,0.04
8,PE_PB,0.007801,0.1,0.15,0.4,0.55,0.65,0.85,0.95,0.0,0.55,0.0,0.06,0.04
8,PE_PB_FED,0.0078,0.05,0.15,0.35,0.7,0.7,0.85,0.95,1.0,0.55,0.8,0.12,0.05
6,PE_FED,0.007798,0.1,0.2,0.3,0.55,0.7,0.85,0.95,-0.5,0.0,0.0,0.1,0.05
6,PE_FED,0.007798,0.1,0.2,0.3,0.55,0.7,0.85,0.95,-0.5,0.0,0.0,0.06,0.05
6,PB_only,0.007794,0.2,0.3,0.4,0.5,0.7,0.75,0.9,0.0,0.0,0.0,0.12,0.05
6,PE_only,0.007792,0.2,0.25,0.4,0.65,0.65,0.75,0.85,0.0,0.0,0.0,0.08,0.05
6,PB_only,0.007791,0.1,0.25,0.45,0.5,0.7,0.8,0.95,0.0,0.0,0.0,0.1,0.03
8,PE_PB,0.007791,0.1,0.25,0.4,0.5,0.7,0.75,0.95,0.0,0.65,0.0,0.1,0.04
6,PE_only,0.00779,0.1,0.15,0.4,0.55,0.65,0.75,0.95,0.0,0.0,0.0,0.12,0.05
6,PB_FED,0.00779,0.1,0.2,0.3,0.55,0.7,0.75,0.9,0.5,0.0,0.0,0.08,0.03
6,PE_FED,0.007789,0.05,0.15,0.45,0.65,0.75,0.8,0.9,-0.5,0.0,0.0,0.08,0.05
8,PE_only,0.007789,0.05,0.3,0.4,0.6,0.65,0.75,0.85,0.0,0.0,0.0,0.1,0.04
8,PE_PB_FED,0.007784,0.1,0.25,0.45,0.7,0.65,0.75,0.95,1.0,0.5,0.75,0.1,0.04
8,PB_FED,0.007781,0.1,0.25,0.45,0.55,0.7,0.85,0.9,1.0,0.0,0.0,0.06,0.05
8,PE_only,0.007779,0.1,0.15,0.35,0.55,0.7,0.8,0.85,0.0,0.0,0.0,0.12,0.03
6,PB_only,0.007773,0.05,0.25,0.3,0.5,0.65,0.85,0.95,0.0,0.0,0.0,0.12,0.05
8,PE_PB_FED,0.007772,0.05,0.25,0.35,0.6,0.65,0.8,0.95,1.0,0.6,0.75,0.1,0.05
6,PE_only,0.007771,0.05,0.25,0.3,0.65,0.75,0.8,0.85,0.0,0.0,0.0,0.1,0.04
6,PE_only,0.007771,0.05,0.25,0.3,0.65,0.7,0.8,0.85,0.0,0.0,0.0,0.1,0.04
6,PE_only,0.00777,0.05,0.15,0.3,0.6,0.65,0.8,0.9,0.0,0.0,0.0,0.12,0.04
6,PE_only,0.00777,0.05,0.15,0.4,0.55,0.7,0.8,0.95,0.0,0.0,0.0,0.08,0.03
8,PE_PB_FED,0.007768,0.1,0.3,0.35,0.65,0.75,0.85,0.95,0.5,0.65,0.8,0.08,0.05
8,PB_FED,0.007768,0.2,0.25,0.4,0.5,0.65,0.8,0.85,1.0,0.0,0.0,0.1,0.04
8,PE_only,0.007767,0.05,0.3,0.35,0.5,0.75,0.85,0.95,0.0,0.0,0.0,0.08,0.04
6,PE_only,0.007761,0.1,0.3,0.45,0.6,0.65,0.8,0.95,0.0,0.0,0.0,0.08,0.05
6,PE_only,0.007759,0.1,0.25,0.4,0.65,0.65,0.8,0.85,0.0,0.0,0.0,0.1,0.05
6,PE_only,0.007757,0.1,0.3,0.45,0.7,0.75,0.85,0.9,0.0,0.0,0.0,0.06,0.03
8,PE_only,0.007757,0.1,0.15,0.4,0.55,0.65,0.8,0.85,0.0,0.0,0.0,0.08,0.03
6,PE_only,0.007748,0.05,0.25,0.45,0.7,0.65,0.8,0.85,0.0,0.0,0.0,0.12,0.03
8,PE_PB_FED,0.007746,0.05,0.2,0.45,0.55,0.7,0.8,0.95,0.5,0.5,0.7,0.12,0.05
6,PB_FED,0.007741,0.1,0.2,0.4,0.7,0.65,0.75,0.85,0.5,0.0,0.0,0.12,0.03
8,PE_PB,0.007741,0.05,0.2,0.3,0.5,0.75,0.8,0.95,0.0,0.55,0.0,0.06,0.03
8,PE_PB,0.007739,0.15,0.2,0.4,0.55,0.65,0.75,0.95,0.0,0.5,0.0,0.12,0.03
6,PB_FED,0.007738,0.05,0.25,0.35,0.5,0.75,0.8,0.85,-0.5,0.0,0.0,0.06,0.05
8,PE_PB_FED,0.007737,0.05,0.15,0.45,0.65,0.7,0.75,0.9,-0.5,0.5,0.7,0.08,0.05
8,PE_PB,0.00773,0.15,0.2,0.35,0.65,0.7,0.8,0.95,0.0,0.5,0.0,0.1,0.04
8,PE_PB_FED,0.00773,0.2,0.25,0.3,0.6,0.65,0.85,0.9,0.0,0.65,0.75,0.06,0.03
8,PE_PB,0.007729,0.1,0.15,0.35,0.7,0.75,0.8,0.9,0.0,0.55,0.0,0.08,0.03
8,PE_only,0.007726,0.15,0.3,0.4,0.55,0.65,0.8,0.9,0.0,0.0,0.0,0.12,0.04
8,PE_PB,0.007726,0.2,0.3,0.4,0.65,0.65,0.8,0.95,0.0,0.6,0.0,0.12,0.05
8,PE_only,0.007723,0.2,0.3,0.45,0.5,0.7,0.8,0.95,0.0,0.0,0.0,0.1,0.04
6,PE_only,0.007717,0.15,0.25,0.45,0.65,0.75,0.85,0.9,0.0,0.0,0.0,0.1,0.04
6,PE_PB_FED,0.007714,0.1,0.15,0.4,0.65,0.65,0.85,0.95,0.0,0.65,0.8,0.08,0.03
8,PE_only,0.007709,0.2,0.25,0.45,0.6,0.7,0.75,0.85,0.0,0.0,0.0,0.12,0.04
6,PE_PB_FED,0.007708,0.1,0.2,0.4,0.6,0.65,0.75,0.95,0.0,0.6,0.75,0.1,0.03
6,PB_FED,0.007699,0.1,0.15,0.35,0.7,0.7,0.8,0.95,0.5,0.0,0.0,0.08,0.03
6,PE_only,0.007693,0.05,0.15,0.4,0.55,0.7,0.75,0.95,0.0,0.0,0.0,0.06,0.05
6,PE_only,0.007693,0.05,0.15,0.4,0.55,0.65,0.75,0.95,0.0,0.0,0.0,0.06,0.05
6,PE_FED,0.007691,0.2,0.25,0.3,0.55,0.65,0.75,0.95,-0.5,0.0,0.0,0.08,0.05
6,PB_only,0.00769,0.15,0.3,0.35,0.5,0.7,0.85,0.9,0.0,0.0,0.0,0.12,0.03
8,PE_only,0.007689,0.1,0.3,0.45,0.55,0.65,0.75,0.9,0.0,0.0,0.0,0.12,0.03
8,PE_PB,0.007688,0.15,0.2,0.3,0.6,0.65,0.8,0.9,0.0,0.65,0.0,0.1,0.05
8,PE_FED,0.007684,0.05,0.25,0.35,0.5,0.65,0.8,0.9,-0.5,0.0,0.0,0.12,0.05
8,PE_PB_FED,0.007677,0.15,0.3,0.35,0.7,0.65,0.8,0.95,0.5,0.55,0.8,0.1,0.05
8,PE_PB_FED,0.007674,0.05,0.25,0.35,0.6,0.65,0.85,0.95,-0.5,0.5,0.8,0.12,0.05
8,PE_PB_FED,0.00767,0.2,0.25,0.45,0.55,0.65,0.85,0.95,-0.5,0.6,0.7,0.06,0.05
6,PB_FED,0.007665,0.05,0.25,0.35,0.7,0.65,0.75,0.95,0.5,0.0,0.0,0.1,0.05
8,PE_PB,0.00766,0.2,0.3,0.4,0.55,0.65,0.75,0.95,0.0,0.65,0.0,0.06,0.04
8,PE_FED,0.007659,0.1,0.3,0.45,0.55,0.75,0.85,0.95,0.5,0.0,0.0,0.12,0.05
6,PE_only,0.007657,0.1,0.3,0.45,0.7,0.65,0.8,0.85,0.0,0.0,0.0,0.06,0.05
6,PE_PB_FED,0.007644,0.1,0.15,0.45,0.6,0.65,0.75,0.95,-0.5,0.65,0.8,0.1,0.04
6,PB_only,0.007644,0.05,0.15,0.45,0.5,0.65,0.8,0.85,0.0,0.0,0.0,0.06,0.05
8,PE_PB_FED,0.007643,0.15,0.3,0.4,0.7,0.65,0.85,0.95,-0.5,0.5,0.7,0.08,0.03
8,PE_PB,0.00764,0.2,0.25,0.3,0.6,0.65,0.75,0.9,0.0,0.65,0.0,0.08,0.04
8,PB_FED,0.007634,0.05,0.3,0.4,0.55,0.65,0.8,0.85,1.0,0.0,0.0,0.12,0.03
6,PB_only,0.00763,0.05,0.3,0.45,0.5,0.65,0.75,0.9,0.0,0.0,0.0,0.08,0.04
8,PE_PB,0.007628,0.15,0.25,0.3,0.7,0.75,0.8,0.95,0.0,0.5,0.0,0.06,0.04
6,PB_only,0.007623,0.05,0.15,0.45,0.5,0.75,0.85,0.9,0.0,0.0,0.0,0.12,0.04
6,PB_only,0.007623,0.05,0.15,0.45,0.5,0.7,0.85,0.9,0.0,0.0,0.0,0.12,0.04
6,PB_only,0.007622,0.15,0.3,0.45,0.55,0.75,0.85,0.95,0.0,0.0,0.0,0.08,0.05
6,PB_only,0.00762,0.1,0.2,0.4,0.5,0.7,0.85,0.95,0.0,0.0,0.0,0.1,0.04
6,PB_only,0.00762,0.1,0.2,0.4,0.5,0.75,0.85,0.95,0.0,0.0,0.0,0.12,0.04
8,PE_PB_FED,0.007613,0.1,0.2,0.4,0.55,0.7,0.8,0.9,-0.5,0.6,0.7,0.1,0.03
6,PE_PB,0.007612,0.05,0.15,0.3,0.65,0.7,0.8,0.95,0.0,0.6,0.0,0.06,0.04
6,PE_FED,0.0076,0.05,0.2,0.3,0.55,0.65,0.85,0.95,-0.5,0.0,0.0,0.12,0.05
6,PE_only,0.007595,0.1,0.25,0.4,0.65,0.75,0.8,0.85,0.0,0.0,0.0,0.08,0.04
8,PE_PB,0.007595,0.05,0.15,0.4,0.5,0.65,0.75,0.95,0.0,0.5,0.0,0.1,0.04
8,PE_PB_FED,0.007593,0.15,0.2,0.45,0.65,0.7,0.8,0.95,1.0,0.55,0.7,0.08,0.05
6,PE_only,0.007589,0.1,0.25,0.3,0.65,0.75,0.8,0.85,0.0,0.0,0.0,0.1,0.03
6,PE_FED,0.007589,0.05,0.3,0.4,0.55,0.7,0.75,0.95,0.0,0.0,0.0,0.12,0.03
6,PE_FED,0.007589,0.05,0.3,0.4,0.55,0.65,0.75,0.95,0.0,0.0,0.0,0.06,0.03
6,PE_FED,0.007588,0.05,0.25,0.35,0.7,0.7,0.8,0.9,0.0,0.0,0.0,0.1,0.03
6,PE_only,0.007586,0.05,0.2,0.45,0.65,0.65,0.75,0.85,0.0,0.0,0.0,0.12,0.03
8,PE_PB,0.007586,0.2,0.3,0.35,0.55,0.65,0.75,0.95,0.0,0.65,0.0,0.06,0.05
8,PE_PB_FED,0.007585,0.05,0.3,0.35,0.65,0.7,0.8,0.9,0.0,0.55,0.8,0.06,0.03
6,PE_only,0.007578,0.1,0.15,0.35,0.6,0.65,0.75,0.9,0.0,0.0,0.0,0.12,0.05
8,PE_PB,0.007568,0.1,0.25,0.45,0.65,0.7,0.8,0.95,0.0,0.55,0.0,0.06,0.05
8,PE_PB_FED,0.007567,0.1,0.15,0.35,0.6,0.65,0.75,0.9,0.5,0.5,0.75,0.08,0.04
8,PE_PB,0.007566,0.1,0.2,0.45,0.6,0.75,0.8,0.9,0.0,0.65,0.0,0.06,0.04
6,PE_only,0.007564,0.15,0.3,0.4,0.6,0.7,0.85,0.95,0.0,0.0,0.0,0.12,0.04
6,PE_FED,0.007563,0.1,0.25,0.45,0.65,0.75,0.8,0.9,-0.5,0.0,0.0,0.08,0.04
6,PE_only,0.007559,0.1,0.25,0.35,0.65,0.65,0.85,0.9,0.0,0.0,0.0,0.12,0.05
6,PE_only,0.007559,0.05,0.3,0.45,0.7,0.75,0.8,0.85,0.0,0.0,0.0,0.12,0.04
6,PE_only,0.007558,0.05,0.3,0.45,0.7,0.7,0.85,0.9,0.0,0.0,0.0,0.06,0.05
8,PE_PB_FED,0.007553,0.15,0.3,0.4,0.7,0.65,0.75,0.95,1.0,0.6,0.75,0.12,0.05
8,PE_only,0.00755,0.1,0.15,0.45,0.55,0.7,0.85,0.9,0.0,0.0,0.0,0.06,0.03
8,PE_PB_FED,0.007549,0.15,0.3,0.45,0.6,0.7,0.8,0.95,-0.5,0.5,0.7,0.08,0.04
8,PE_PB,0.007545,0.05,0.3,0.4,0.65,0.65,0.75,0.9,0.0,0.65,0.0,0.12,0.03
6,PE_FED,0.007542,0.1,0.25,0.35,0.7,0.7,0.75,0.85,-0.5,0.0,0.0,0.06,0.04
6,PB_only,0.007539,0.15,0.3,0.4,0.5,0.75,0.8,0.85,0.0,0.0,0.0,0.12,0.03
8,PE_PB,0.007537,0.1,0.2,0.35,0.6,0.75,0.85,0.95,0.0,0.55,0.0,0.08,0.04
6,PB_only,0.007533,0.2,0.3,0.35,0.5,0.75,0.8,0.85,0.0,0.0,0.0,0.1,0.03
6,PB_only,0.007532,0.15,0.2,0.4,0.5,0.75,0.85,0.95,0.0,0.0,0.0,0.1,0.04
6,PE_only,0.007531,0.2,0.25,0.3,0.65,0.7,0.8,0.85,0.0,0.0,0.0,0.06,0.05
6,PE_only,0.007527,0.1,0.2,0.35,0.6,0.65,0.75,0.9,0.0,0.0,0.0,0.08,0.04
6,PE_PB_FED,0.007524,0.1,0.15,0.45,0.6,0.65,0.75,0.95,0.0,0.6,0.8,0.08,0.05
6,PB_only,0.007524,0.05,0.25,0.4,0.5,0.75,0.8,0.95,0.0,0.0,0.0,0.06,0.04
8,PE_PB,0.007523,0.2,0.25,0.3,0.65,0.7,0.8,0.95,0.0,0.55,0.0,0.12,0.05
8,PB_FED,0.007523,0.05,0.3,0.45,0.7,0.7,0.85,0.9,1.0,0.0,0.0,0.08,0.05
8,PE_PB_FED,0.007521,0.05,0.3,0.35,0.7,0.65,0.85,0.9,0.0,0.6,0.7,0.06,0.04
6,PB_FED,0.007514,0.05,0.3,0.4,0.5,0.7,0.8,0.95,-0.5,0.0,0.0,0.08,0.05
6,PE_only,0.007513,0.15,0.25,0.35,0.65,0.75,0.85,0.9,0.0,0.0,0.0,0.08,0.05
8,PE_PB,0.007513,0.05,0.15,0.35,0.5,0.7,0.85,0.95,0.0,0.6,0.0,0.12,0.04
8,PE_PB_FED,0.007513,0.15,0.3,0.4,0.5,0.7,0.75,0.95,0.5,0.55,0.8,0.1,0.03
6,PE_PB_FED,0.007506,0.15,0.25,0.4,0.7,0.75,0.8,0.95,-0.5,0.65,0.8,0.06,0.04
6,PE_PB,0.007503,0.15,0.25,0.4,0.65,0.65,0.75,0.9,0.0,0.65,0.0,0.06,0.03
6,PE_only,0.007502,0.05,0.15,0.4,0.55,0.65,0.8,0.95,0.0,0.0,0.0,0.1,0.05
8,PE_only,0.007501,0.05,0.3,0.4,0.5,0.7,0.85,0.95,0.0,0.0,0.0,0.06,0.04
8,PE_PB,0.007495,0.05,0.15,0.3,0.5,0.75,0.8,0.95,0.0,0.5,0.0,0.12,0.04
8,PE_PB,0.007492,0.05,0.15,0.3,0.6,0.7,0.85,0.95,0.0,0.5,0.0,0.06,0.04
8,PE_PB,0.007491,0.15,0.25,0.35,0.7,0.65,0.85,0.95,0.0,0.55,0.0,0.12,0.05
6,PE_only,0.007489,0.2,0.3,0.45,0.6,0.75,0.8,0.95,0.0,0.0,0.0,0.06,0.03
8,PE_PB,0.007486,0.05,0.25,0.45,0.7,0.7,0.85,0.95,0.0,0.55,0.0,0.12,0.03
8,PE_PB_FED,0.007486,0.1,0.15,0.3,0.5,0.65,0.8,0.85,0.0,0.65,0.7,0.08,0.03
8,PE_only,0.007484,0.05,0.3,0.4,0.6,0.7,0.75,0.85,0.0,0.0,0.0,0.1,0.05
8,PE_PB,0.007475,0.1,0.3,0.35,0.65,0.7,0.85,0.95,0.0,0.6,0.0,0.08,0.03
8,PE_PB,0.007475,0.1,0.3,0.35,0.65,0.7,0.85,0.95,0.0,0.6,0.0,0.12,0.03
8,PE_only,0.007474,0.05,0.2,0.35,0.55,0.7,0.85,0.9,0.0,0.0,0.0,0.08,0.03
8,PE_only,0.00747,0.15,0.3,0.4,0.6,0.7,0.85,0.9,0.0,0.0,0.0,0.06,0.05
6,PB_only,0.007466,0.1,0.3,0.45,0.5,0.65,0.75,0.9,0.0,0.0,0.0,0.1,0.05
8,PE_only,0.007465,0.1,0.3,0.35,0.6,0.75,0.85,0.9,0.0,0.0,0.0,0.1,0.05
6,PE_only,0.007463,0.15,0.2,0.45,0.65,0.75,0.85,0.9,0.0,0.0,0.0,0.1,0.05
8,PE_PB_FED,0.007462,0.2,0.25,0.45,0.65,0.75,0.85,0.9,0.0,0.65,0.7,0.08,0.05
8,PE_only,0.007458,0.15,0.2,0.35,0.5,0.75,0.8,0.9,0.0,0.0,0.0,0.12,0.04
8,PE_FED,0.007458,0.15,0.25,0.35,0.55,0.7,0.8,0.9,0.5,0.0,0.0,0.12,0.04
8,PE_FED,0.007457,0.1,0.2,0.45,0.65,0.75,0.8,0.9,0.5,0.0,0.0,0.08,0.05
6,PE_PB_FED,0.007451,0.05,0.2,0.45,0.7,0.65,0.8,0.95,0.0,0.65,0.8,0.1,0.05
8,PE_only,0.007449,0.05,0.2,0.4,0.55,0.65,0.75,0.85,0.0,0.0,0.0,0.12,0.05
8,PE_PB,0.007449,0.2,0.25,0.3,0.7,0.7,0.8,0.95,0.0,0.5,0.0,0.12,0.03
6,PB_FED,0.007448,0.1,0.15,0.35,0.55,0.7,0.75,0.9,0.5,0.0,0.0,0.1,0.04
8,PE_PB,0.007448,0.05,0.25,0.45,0.65,0.7,0.8,0.9,0.0,0.65,0.0,0.1,0.03
8,PE_PB_FED,0.007442,0.05,0.25,0.4,0.6,0.65,0.75,0.9,0.5,0.65,0.7,0.06,0.03
8,PE_PB_FED,0.007439,0.15,0.25,0.4,0.65,0.7,0.8,0.95,1.0,0.6,0.7,0.1,0.05
6,PE_only,0.007416,0.15,0.2,0.45,0.65,0.75,0.8,0.85,0.0,0.0,0.0,0.1,0.03
6,PB_only,0.007416,0.05,0.25,0.45,0.5,0.75,0.8,0.9,0.0,0.0,0.0,0.12,0.04
6,PE_FED,0.007412,0.15,0.25,0.35,0.55,0.65,0.85,0.95,0.0,0.0,0.0,0.08,0.05
8,PE_only,0.007409,0.1,0.2,0.45,0.55,0.65,0.85,0.9,0.0,0.0,0.0,0.12,0.04
6,PE_FED,0.007407,0.1,0.2,0.35,0.55,0.75,0.85,0.95,-0.5,0.0,0.0,0.06,0.05
6,PB_FED,0.007405,0.05,0.25,0.35,0.7,0.65,0.75,0.9,0.5,0.0,0.0,0.08,0.04
6,PE_FED,0.007402,0.1,0.25,0.4,0.5,0.7,0.75,0.95,0.0,0.0,0.0,0.1,0.05
8,PE_only,0.0074,0.05,0.25,0.4,0.5,0.65,0.75,0.9,0.0,0.0,0.0,0.06,0.04
8,PE_FED,0.007399,0.1,0.15,0.35,0.5,0.7,0.75,0.9,1.0,0.0,0.0,0.06,0.03
8,PE_PB_FED,0.007393,0.15,0.25,0.4,0.7,0.65,0.8,0.85,0.0,0.6,0.7,0.08,0.03
8,PE_FED,0.007378,0.05,0.25,0.3,0.5,0.65,0.8,0.85,0.0,0.0,0.0,0.1,0.03
8,PE_only,0.007377,0.05,0.3,0.4,0.55,0.7,0.8,0.9,0.0,0.0,0.0,0.12,0.04
8,PE_PB,0.007372,0.05,0.15,0.45,0.55,0.7,0.85,0.95,0.0,0.55,0.0,0.06,0.03
6,PB_only,0.007371,0.1,0.15,0.45,0.5,0.75,0.85,0.9,0.0,0.0,0.0,0.1,0.05
8,PE_PB_FED,0.007363,0.1,0.2,0.3,0.55,0.7,0.75,0.9,-0.5,0.55,0.75,0.08,0.05
6,PE_PB_FED,0.007361,0.05,0.2,0.3,0.65,0.75,0.8,0.95,0.0,0.6,0.75,0.12,0.04
6,PE_FED,0.007356,0.1,0.25,0.4,0.7,0.65,0.75,0.85,-0.5,0.0,0.0,0.06,0.05
8,PE_only,0.007356,0.1,0.2,0.45,0.5,0.65,0.75,0.9,0.0,0.0,0.0,0.1,0.03
8,PE_only,0.007352,0.15,0.2,0.4,0.55,0.7,0.85,0.9,0.0,0.0,0.0,0.12,0.03
6,PB_only,0.007349,0.05,0.3,0.45,0.55,0.65,0.85,0.95,0.0,0.0,0.0,0.06,0.03
6,PE_FED,0.00734,0.05,0.2,0.4,0.65,0.7,0.8,0.9,0.0,0.0,0.0,0.06,0.03
8,PE_FED,0.007335,0.2,0.25,0.4,0.5,0.75,0.85,0.95,0.5,0.0,0.0,0.06,0.04
8,PE_PB_FED,0.007334,0.05,0.15,0.3,0.6,0.75,0.8,0.9,0.5,0.55,0.7,0.08,0.03
8,PE_PB_FED,0.007331,0.15,0.25,0.45,0.55,0.7,0.8,0.95,1.0,0.65,0.7,0.06,0.05
6,PE_PB_FED,0.00733,0.15,0.2,0.4,0.65,0.7,0.8,0.95,0.0,0.6,0.75,0.12,0.03
8,PE_FED,0.00733,0.2,0.3,0.4,0.55,0.65,0.8,0.85,0.0,0.0,0.0,0.08,0.03
6,PE_only,0.007326,0.1,0.2,0.3,0.55,0.7,0.75,0.95,0.0,0.0,0.0,0.06,0.05
6,PB_only,0.007326,0.15,0.25,0.35,0.5,0.75,0.85,0.95,0.0,0.0,0.0,0.1,0.04
8,PE_only,0.007325,0.2,0.25,0.45,0.5,0.75,0.85,0.95,0.0,0.0,0.0,0.08,0.03
6,PE_PB_FED,0.007324,0.1,0.15,0.3,0.5,0.7,0.75,0.95,0.0,0.65,0.7,0.08,0.05
6,PE_only,0.007323,0.1,0.25,0.35,0.65,0.75,0.8,0.85,0.0,0.0,0.0,0.1,0.03
6,PE_only,0.007321,0.05,0.2,0.35,0.6,0.65,0.75,0.9,0.0,0.0,0.0,0.08,0.04
8,PE_PB_FED,0.007321,0.05,0.2,0.3,0.7,0.65,0.8,0.85,0.0,0.55,0.8,0.08,0.05
6,PE_FED,0.007317,0.2,0.3,0.4,0.6,0.75,0.85,0.95,0.0,0.0,0.0,0.1,0.05
8,PE_FED,0.007317,0.15,0.3,0.45,0.65,0.7,0.75,0.9,0.5,0.0,0.0,0.1,0.03
8,PE_PB,0.007314,0.1,0.25,0.45,0.55,0.75,0.85,0.95,0.0,0.65,0.0,0.12,0.03
6,PE_only,0.007311,0.2,0.3,0.45,0.7,0.7,0.75,0.85,0.0,0.0,0.0,0.06,0.03
8,PE_FED,0.007311,0.2,0.3,0.35,0.55,0.65,0.85,0.9,-0.5,0.0,0.0,0.12,0.04
8,PE_FED,0.007311,0.1,0.2,0.45,0.7,0.7,0.85,0.95,1.0,0.0,0.0,0.08,0.05
8,PE_PB,0.00731,0.1,0.2,0.4,0.7,0.7,0.8,0.85,0.0,0.65,0.0,0.06,0.05
8,PE_PB_FED,0.00731,0.05,0.2,0.45,0.7,0.7,0.75,0.85,-0.5,0.6,0.8,0.12,0.04
8,PE_FED,0.007308,0.05,0.3,0.35,0.6,0.65,0.75,0.9,0.5,0.0,0.0,0.06,0.03
6,PE_PB_FED,0.007306,0.15,0.25,0.45,0.7,0.65,0.75,0.95,0.0,0.65,0.8,0.1,0.05
8,PE_PB_FED,0.007302,0.1,0.25,0.3,0.65,0.75,0.8,0.95,1.0,0.55,0.8,0.1,0.05
8,PE_PB_FED,0.0073,0.15,0.3,0.35,0.6,0.65,0.75,0.9,0.0,0.5,0.8,0.12,0.04
8,PE_only,0.007292,0.05,0.2,0.35,0.55,0.65,0.85,0.9,0.0,0.0,0.0,0.06,0.05
8,PE_PB,0.007292,0.2,0.3,0.45,0.55,0.65,0.8,0.95,0.0,0.65,0.0,0.08,0.03
8,PE_only,0.007291,0.15,0.2,0.35,0.5,0.7,0.8,0.9,0.0,0.0,0.0,0.12,0.03
8,PE_only,0.007287,0.1,0.2,0.35,0.55,0.7,0.75,0.85,0.0,0.0,0.0,0.08,0.03
8,PE_PB_FED,0.007286,0.1,0.15,0.4,0.7,0.7,0.85,0.9,-0.5,0.55,0.7,0.08,0.05
8,PE_only,0.00728,0.05,0.2,0.35,0.5,0.75,0.8,0.9,0.0,0.0,0.0,0.06,0.03
8,PE_only,0.00728,0.05,0.2,0.35,0.5,0.75,0.8,0.9,0.0,0.0,0.0,0.1,0.03
8,PE_FED,0.007273,0.05,0.3,0.45,0.55,0.7,0.85,0.95,0.5,0.0,0.0,0.1,0.03
8,PE_PB_FED,0.007273,0.05,0.25,0.35,0.5,0.75,0.85,0.95,-0.5,0.6,0.75,0.12,0.05
8,PE_PB,0.007268,0.2,0.3,0.4,0.7,0.7,0.75,0.9,0.0,0.65,0.0,0.12,0.05
8,PE_PB,0.007268,0.05,0.25,0.4,0.5,0.65,0.8,0.95,0.0,0.65,0.0,0.08,0.04
8,PE_FED,0.007263,0.05,0.25,0.4,0.5,0.65,0.75,0.9,0.5,0.0,0.0,0.08,0.04
6,PE_FED,0.007258,0.05,0.25,0.4,0.55,0.75,0.8,0.95,-0.5,0.0,0.0,0.1,0.04
8,PE_PB,0.007258,0.1,0.2,0.45,0.65,0.7,0.75,0.95,0.0,0.5,0.0,0.06,0.05
8,PE_FED,0.007256,0.1,0.2,0.45,0.5,0.65,0.8,0.85,0.0,0.0,0.0,0.1,0.03
8,PE_FED,0.007254,0.05,0.25,0.4,0.6,0.7,0.8,0.9,0.5,0.0,0.0,0.12,0.03
8,PE_PB,0.007253,0.15,0.2,0.4,0.6,0.65,0.8,0.9,0.0,0.65,0.0,0.1,0.05
8,PE_PB,0.007253,0.15,0.2,0.4,0.6,0.65,0.8,0.9,0.0,0.65,0.0,0.08,0.05
8,PE_PB_FED,0.007251,0.05,0.2,0.4,0.6,0.65,0.85,0.9,0.0,0.55,0.7,0.08,0.04
6,PE_only,0.007245,0.1,0.2,0.3,0.55,0.65,0.8,0.95,0.0,0.0,0.0,0.1,0.04
8,PE_PB,0.007245,0.05,0.25,0.45,0.6,0.75,0.8,0.95,0.0,0.55,0.0,0.12,0.05
6,PB_FED,0.007235,0.1,0.2,0.35,0.6,0.7,0.75,0.85,0.5,0.0,0.0,0.12,0.03
6,PE_only,0.007227,0.1,0.25,0.4,0.65,0.75,0.85,0.9,0.0,0.0,0.0,0.12,0.05
8,PE_PB_FED,0.007227,0.05,0.25,0.35,0.55,0.7,0.75,0.95,1.0,0.5,0.75,0.08,0.05
8,PE_only,0.007224,0.15,0.2,0.35,0.55,0.65,0.8,0.85,0.0,0.0,0.0,0.08,0.04
8,PE_PB_FED,0.007222,0.15,0.2,0.35,0.55,0.65,0.8,0.9,0.5,0.65,0.7,0.08,0.04
6,PB_only,0.007211,0.15,0.2,0.4,0.5,0.75,0.8,0.85,0.0,0.0,0.0,0.1,0.05
8,PE_PB,0.007211,0.05,0.3,0.45,0.7,0.65,0.8,0.9,0.0,0.65,0.0,0.06,0.04
6,PE_only,0.00721,0.05,0.15,0.4,0.6,0.7,0.75,0.9,0.0,0.0,0.0,0.08,0.05
8,PE_PB_FED,0.007204,0.1,0.2,0.35,0.7,0.65,0.8,0.85,-0.5,0.6,0.75,0.12,0.03
6,PE_only,0.007199,0.05,0.2,0.3,0.55,0.7,0.75,0.95,0.0,0.0,0.0,0.12,0.05
6,PE_only,0.007199,0.05,0.2,0.3,0.55,0.7,0.75,0.95,0.0,0.0,0.0,0.1,0.05
8,PE_PB,0.007199,0.1,0.25,0.3,0.7,0.7,0.75,0.85,0.0,0.65,0.0,0.1,0.05
8,PE_PB,0.007197,0.1,0.3,0.45,0.65,0.7,0.75,0.95,0.0,0.55,0.0,0.08,0.03
8,PB_FED,0.007194,0.05,0.3,0.45,0.55,0.7,0.85,0.95,1.0,0.0,0.0,0.1,0.04
8,PE_FED,0.007188,0.2,0.25,0.45,0.65,0.7,0.8,0.95,1.0,0.0,0.0,0.12,0.04
8,PE_PB,0.007187,0.05,0.25,0.3,0.5,0.7,0.75,0.95,0.0,0.6,0.0,0.12,0.04
8,PE_PB_FED,0.007186,0.15,0.25,0.4,0.6,0.65,0.8,0.95,1.0,0.6,0.7,0.06,0.05
8,PE_only,0.007179,0.1,0.15,0.45,0.55,0.65,0.8,0.85,0.0,0.0,0.0,0.12,0.04
8,PE_PB_FED,0.007172,0.1,0.2,0.3,0.65,0.7,0.85,0.9,-0.5,0.6,0.75,0.08,0.05
6,PB_only,0.007167,0.05,0.3,0.4,0.5,0.65,0.75,0.95,0.0,0.0,0.0,0.06,0.04
8,PB_FED,0.007167,0.15,0.25,0.4,0.5,0.75,0.85,0.9,1.0,0.0,0.0,0.08,0.04
8,PE_PB,0.007163,0.05,0.15,0.45,0.65,0.7,0.85,0.95,0.0,0.5,0.0,0.08,0.03
8,PE_PB,0.007163,0.05,0.15,0.45,0.65,0.75,0.85,0.95,0.0,0.5,0.0,0.12,0.03
6,PE_only,0.007161,0.05,0.3,0.35,0.65,0.65,0.75,0.85,0.0,0.0,0.0,0.1,0.05
6,PB_FED,0.007161,0.1,0.15,0.35,0.65,0.65,0.8,0.95,0.5,0.0,0.0,0.06,0.03
8,PE_only,0.00716,0.05,0.2,0.3,0.55,0.65,0.8,0.85,0.0,0.0,0.0,0.06,0.05
8,PE_only,0.007158,0.05,0.15,0.3,0.5,0.7,0.85,0.9,0.0,0.0,0.0,0.08,0.04
6,PE_only,0.007155,0.2,0.25,0.35,0.65,0.7,0.8,0.85,0.0,0.0,0.0,0.1,0.04
8,PE_only,0.007154,0.2,0.25,0.4,0.6,0.7,0.8,0.85,0.0,0.0,0.0,0.1,0.03
8,PE_only,0.007152,0.05,0.2,0.4,0.5,0.7,0.8,0.9,0.0,0.0,0.0,0.1,0.04
6,PE_PB,0.007146,0.1,0.15,0.35,0.65,0.65,0.8,0.95,0.0,0.6,0.0,0.1,0.05
8,PE_PB_FED,0.007145,0.15,0.3,0.4,0.7,0.65,0.85,0.95,-0.5,0.5,0.75,0.1,0.05
8,PE_PB_FED,0.007145,0.15,0.3,0.35,0.55,0.65,0.75,0.9,0.0,0.55,0.75,0.06,0.05
8,PE_PB_FED,0.007141,0.1,0.25,0.45,0.6,0.7,0.75,0.9,0.0,0.5,0.7,0.06,0.05
6,PB_FED,0.007136,0.05,0.25,0.45,0.5,0.7,0.85,0.9,-0.5,0.0,0.0,0.1,0.05
8,PE_only,0.007134,0.1,0.25,0.35,0.55,0.75,0.85,0.9,0.0,0.0,0.0,0.06,0.04
6,PE_only,0.007131,0.05,0.25,0.4,0.65,0.7,0.85,0.9,0.0,0.0,0.0,0.1,0.05
8,PE_FED,0.007129,0.05,0.25,0.3,0.5,0.75,0.8,0.85,0.0,0.0,0.0,0.08,0.03
8,PE_PB_FED,0.007127,0.15,0.2,0.45,0.65,0.7,0.8,0.9,0.5,0.65,0.75,0.08,0.03
6,PB_FED,0.007124,0.05,0.25,0.3,0.55,0.7,0.75,0.95,0.5,0.0,0.0,0.12,0.03
6,PB_FED,0.007122,0.1,0.15,0.45,0.7,0.7,0.75,0.85,0.5,0.0,0.0,0.06,0.04
6,PE_only,0.007121,0.2,0.25,0.3,0.65,0.7,0.85,0.9,0.0,0.0,0.0,0.1,0.05
6,PB_FED,0.007121,0.05,0.15,0.4,0.6,0.7,0.75,0.85,0.5,0.0,0.0,0.08,0.03
8,PE_PB_FED,0.007121,0.2,0.3,0.45,0.7,0.7,0.85,0.9,0.0,0.65,0.75,0.08,0.03
8,PE_only,0.00711,0.2,0.3,0.35,0.6,0.7,0.85,0.9,0.0,0.0,0.0,0.1,0.03
8,PE_PB,0.00711,0.1,0.15,0.3,0.7,0.7,0.75,0.85,0.0,0.6,0.0,0.1,0.03
6,PE_only,0.007107,0.15,0.25,0.3,0.6,0.7,0.75,0.9,0.0,0.0,0.0,0.1,0.04
8,PE_PB_FED,0.007102,0.05,0.15,0.45,0.55,0.7,0.85,0.95,1.0,0.6,0.8,0.12,0.05
8,PB_FED,0.007102,0.15,0.3,0.35,0.5,0.75,0.85,0.95,1.0,0.0,0.0,0.1,0.05
6,PE_PB,0.007101,0.05,0.15,0.3,0.7,0.65,0.75,0.85,0.0,0.65,0.0,0.12,0.03
6,PE_FED,0.007101,0.15,0.3,0.4,0.65,0.75,0.8,0.9,-0.5,0.0,0.0,0.12,0.04
6,PE_FED,0.007101,0.15,0.3,0.4,0.65,0.65,0.8,0.9,-0.5,0.0,0.0,0.1,0.04
8,PE_PB_FED,0.007089,0.05,0.25,0.3,0.55,0.65,0.8,0.9,-0.5,0.65,0.7,0.12,0.05
6,PB_only,0.007088,0.2,0.3,0.4,0.5,0.65,0.75,0.95,0.0,0.0,0.0,0.1,0.04
6,PE_PB,0.007085,0.1,0.25,0.3,0.65,0.7,0.8,0.9,0.0,0.65,0.0,0.08,0.03
6,PB_only,0.007085,0.15,0.3,0.45,0.5,0.75,0.8,0.9,0.0,0.0,0.0,0.12,0.03
8,PE_FED,0.007082,0.05,0.25,0.35,0.55,0.75,0.8,0.9,0.5,0.0,0.0,0.08,0.04
6,PE_only,0.007081,0.05,0.25,0.45,0.6,0.65,0.85,0.95,0.0,0.0,0.0,0.1,0.03
8,PE_PB_FED,0.007079,0.2,0.25,0.4,0.55,0.65,0.8,0.95,0.5,0.55,0.75,0.08,0.04
6,PE_FED,0.007076,0.05,0.2,0.45,0.55,0.75,0.85,0.95,0.0,0.0,0.0,0.08,0.05
8,PE_only,0.007076,0.05,0.25,0.45,0.55,0.75,0.8,0.9,0.0,0.0,0.0,0.08,0.05
8,PE_PB_FED,0.007071,0.15,0.25,0.35,0.6,0.75,0.85,0.9,0.0,0.6,0.8,0.1,0.03
8,PE_PB_FED,0.007068,0.2,0.25,0.4,0.5,0.65,0.75,0.95,0.5,0.55,0.75,0.06,0.05
6,PB_only,0.007067,0.05,0.3,0.45,0.5,0.65,0.75,0.95,0.0,0.0,0.0,0.12,0.03
8,PE_PB_FED,0.007061,0.1,0.3,0.35,0.65,0.65,0.8,0.85,0.0,0.65,0.75,0.08,0.03
8,PE_PB,0.007059,0.05,0.25,0.35,0.55,0.65,0.8,0.95,0.0,0.55,0.0,0.06,0.05
6,PE_PB,0.007055,0.1,0.15,0.35,0.6,0.65,0.75,0.95,0.0,0.6,0.0,0.1,0.03
6,PE_FED,0.007053,0.1,0.2,0.35,0.6,0.75,0.8,0.9,0.0,0.0,0.0,0.06,0.04
8,PE_PB_FED,0.007048,0.2,0.3,0.35,0.65,0.65,0.75,0.95,0.5,0.55,0.75,0.12,0.04
6,PE_FED,0.007045,0.1,0.2,0.45,0.7,0.75,0.8,0.85,-0.5,0.0,0.0,0.08,0.04
8,PE_only,0.007043,0.15,0.3,0.45,0.5,0.7,0.85,0.95,0.0,0.0,0.0,0.08,0.04
8,PE_PB_FED,0.007042,0.1,0.2,0.4,0.65,0.65,0.8,0.95,1.0,0.5,0.7,0.06,0.05
6,PE_only,0.007039,0.1,0.15,0.4,0.6,0.75,0.8,0.9,0.0,0.0,0.0,0.08,0.03
8,PE_FED,0.007038,0.1,0.3,0.35,0.5,0.7,0.8,0.9,-0.5,0.0,0.0,0.08,0.03
8,PE_PB_FED,0.007037,0.2,0.25,0.35,0.5,0.65,0.75,0.95,1.0,0.65,0.7,0.06,0.04
6,PE_only,0.007035,0.1,0.3,0.45,0.7,0.65,0.85,0.9,0.0,0.0,0.0,0.12,0.03
6,PE_FED,0.007035,0.1,0.15,0.4,0.6,0.75,0.8,0.9,-0.5,0.0,0.0,0.06,0.03
6,PE_FED,0.007034,0.1,0.2,0.3,0.6,0.7,0.8,0.9,-0.5,0.0,0.0,0.06,0.04
8,PE_FED,0.007033,0.15,0.25,0.35,0.5,0.7,0.8,0.85,0.0,0.0,0.0,0.08,0.03
8,PE_PB_FED,0.007032,0.05,0.25,0.3,0.55,0.65,0.8,0.9,0.0,0.5,0.75,0.12,0.04
8,PE_PB,0.007026,0.15,0.25,0.4,0.7,0.75,0.85,0.9,0.0,0.65,0.0,0.08,0.03
6,PE_FED,0.007025,0.05,0.25,0.4,0.7,0.65,0.85,0.9,-0.5,0.0,0.0,0.08,0.03
6,PE_FED,0.007016,0.05,0.25,0.4,0.7,0.65,0.75,0.85,-0.5,0.0,0.0,0.12,0.05
6,PE_PB_FED,0.007013,0.05,0.2,0.35,0.65,0.65,0.8,0.95,0.0,0.6,0.8,0.1,0.04
6,PE_FED,0.007012,0.2,0.3,0.4,0.6,0.7,0.85,0.95,0.0,0.0,0.0,0.1,0.03
6,PE_FED,0.007012,0.15,0.2,0.3,0.6,0.7,0.8,0.9,-0.5,0.0,0.0,0.08,0.04
8,PB_FED,0.007011,0.2,0.25,0.45,0.55,0.65,0.85,0.9,1.0,0.0,0.0,0.06,0.05
6,PE_only,0.007008,0.05,0.3,0.45,0.7,0.65,0.75,0.85,0.0,0.0,0.0,0.08,0.03
8,PE_PB,0.007008,0.05,0.2,0.3,0.55,0.65,0.85,0.95,0.0,0.55,0.0,0.1,0.04
8,PE_only,0.007006,0.05,0.2,0.4,0.55,0.7,0.75,0.85,0.0,0.0,0.0,0.06,0.03
6,PE_only,0.007001,0.2,0.25,0.3,0.65,0.65,0.85,0.9,0.0,0.0,0.0,0.06,0.03
8,PE_only,0.006999,0.1,0.3,0.45,0.6,0.65,0.75,0.85,0.0,0.0,0.0,0.06,0.05
8,PE_only,0.006999,0.1,0.3,0.45,0.6,0.7,0.75,0.85,0.0,0.0,0.0,0.08,0.05
6,PE_only,0.006998,0.05,0.3,0.45,0.7,0.65,0.85,0.9,0.0,0.0,0.0,0.12,0.05
8,PE_PB_FED,0.006996,0.05,0.2,0.4,0.65,0.65,0.8,0.9,-0.5,0.55,0.75,0.1,0.05
8,PE_PB,0.006993,0.1,0.15,0.3,0.6,0.65,0.85,0.9,0.0,0.65,0.0,0.08,0.05
8,PE_PB_FED,0.006993,0.15,0.3,0.45,0.5,0.65,0.75,0.95,0.5,0.55,0.7,0.12,0.03
8,PE_FED,0.00699,0.2,0.25,0.35,0.55,0.7,0.8,0.95,1.0,0.0,0.0,0.12,0.04
8,PE_PB_FED,0.00699,0.2,0.25,0.3,0.5,0.75,0.8,0.95,1.0,0.65,0.7,0.1,0.03
8,PE_FED,0.006988,0.15,0.2,0.35,0.65,0.7,0.85,0.95,1.0,0.0,0.0,0.08,0.04
6,PB_only,0.006983,0.1,0.2,0.4,0.5,0.65,0.85,0.95,0.0,0.0,0.0,0.12,0.04
8,PE_PB,0.006979,0.05,0.2,0.45,0.7,0.7,0.75,0.85,0.0,0.65,0.0,0.06,0.03
6,PE_only,0.006976,0.05,0.15,0.45,0.55,0.65,0.75,0.95,0.0,0.0,0.0,0.06,0.04
8,PE_PB_FED,0.006971,0.1,0.25,0.3,0.7,0.65,0.75,0.85,-0.5,0.6,0.7,0.12,0.05
6,PE_PB,0.006965,0.05,0.25,0.3,0.65,0.65,0.8,0.9,0.0,0.65,0.0,0.06,0.04
8,PE_only,0.006965,0.05,0.15,0.45,0.55,0.7,0.8,0.85,0.0,0.0,0.0,0.06,0.04
8,PE_only,0.006965,0.05,0.15,0.45,0.55,0.75,0.8,0.85,0.0,0.0,0.0,0.1,0.04
8,PE_PB,0.006959,0.05,0.15,0.45,0.55,0.65,0.75,0.9,0.0,0.6,0.0,0.12,0.03
6,PB_FED,0.006954,0.1,0.3,0.4,0.5,0.65,0.85,0.95,-0.5,0.0,0.0,0.12,0.05
8,PE_PB,0.006954,0.1,0.25,0.4,0.6,0.75,0.8,0.9,0.0,0.65,0.0,0.08,0.03
6,PE_PB_FED,0.006952,0.05,0.25,0.45,0.7,0.65,0.8,0.95,-0.5,0.65,0.7,0.08,0.03
6,PE_only,0.00695,0.1,0.15,0.3,0.6,0.7,0.8,0.9,0.0,0.0,0.0,0.1,0.05
8,PE_PB,0.00695,0.05,0.2,0.3,0.6,0.7,0.8,0.9,0.0,0.6,0.0,0.08,0.03
6,PB_only,0.006946,0.2,0.3,0.45,0.5,0.7,0.75,0.95,0.0,0.0,0.0,0.1,0.05
8,PE_only,0.006943,0.05,0.2,0.3,0.55,0.75,0.8,0.85,0.0,0.0,0.0,0.12,0.03
6,PB_only,0.006941,0.2,0.3,0.45,0.55,0.75,0.8,0.85,0.0,0.0,0.0,0.08,0.05
8,PE_PB,0.00694,0.2,0.25,0.35,0.7,0.65,0.85,0.95,0.0,0.55,0.0,0.06,0.03
6,PE_FED,0.006939,0.15,0.25,0.4,0.5,0.7,0.8,0.95,0.0,0.0,0.0,0.12,0.03
8,PE_PB_FED,0.006939,0.05,0.3,0.4,0.7,0.75,0.8,0.85,0.0,0.65,0.7,0.08,0.03
8,PE_PB,0.006938,0.05,0.2,0.3,0.65,0.65,0.8,0.85,0.0,0.65,0.0,0.08,0.04
6,PB_FED,0.006935,0.05,0.15,0.3,0.7,0.75,0.8,0.95,0.5,0.0,0.0,0.08,0.04
8,PE_PB,0.006929,0.05,0.3,0.4,0.65,0.65,0.8,0.95,0.0,0.55,0.0,0.08,0.04
8,PE_PB,0.006924,0.05,0.15,0.4,0.6,0.65,0.85,0.95,0.0,0.5,0.0,0.1,0.04
6,PE_PB_FED,0.006919,0.2,0.25,0.35,0.6,0.65,0.75,0.95,0.0,0.65,0.8,0.08,0.03
8,PE_only,0.006917,0.05,0.15,0.45,0.55,0.65,0.8,0.85,0.0,0.0,0.0,0.06,0.05
6,PE_only,0.006914,0.1,0.2,0.3,0.6,0.7,0.75,0.9,0.0,0.0,0.0,0.1,0.05
6,PB_only,0.006914,0.05,0.3,0.4,0.5,0.65,0.8,0.9,0.0,0.0,0.0,0.08,0.04
6,PB_only,0.006913,0.15,0.3,0.35,0.5,0.65,0.8,0.95,0.0,0.0,0.0,0.12,0.05
6,PE_FED,0.006911,0.1,0.15,0.35,0.6,0.75,0.8,0.9,0.0,0.0,0.0,0.08,0.05
8,PE_FED,0.006911,0.05,0.3,0.4,0.5,0.65,0.8,0.95,1.0,0.0,0.0,0.12,0.04
6,PE_PB,0.00691,0.1,0.15,0.4,0.6,0.7,0.75,0.95,0.0,0.6,0.0,0.06,0.03
8,PE_FED,0.006908,0.1,0.15,0.35,0.65,0.75,0.8,0.85,0.5,0.0,0.0,0.1,0.03
6,PE_only,0.006901,0.1,0.3,0.35,0.65,0.75,0.8,0.85,0.0,0.0,0.0,0.08,0.05
8,PE_PB_FED,0.006899,0.2,0.3,0.35,0.55,0.75,0.8,0.95,0.5,0.6,0.7,0.08,0.05
6,PE_only,0.006894,0.1,0.3,0.35,0.65,0.65,0.8,0.85,0.0,0.0,0.0,0.12,0.05
8,PE_PB,0.006891,0.2,0.25,0.3,0.5,0.7,0.75,0.95,0.0,0.65,0.0,0.06,0.05
8,PE_PB_FED,0.00689,0.05,0.25,0.35,0.65,0.7,0.75,0.9,-0.5,0.5,0.7,0.1,0.03
6,PB_only,0.006888,0.2,0.3,0.4,0.5,0.7,0.75,0.85,0.0,0.0,0.0,0.06,0.05
8,PE_PB,0.006886,0.1,0.2,0.3,0.7,0.65,0.85,0.95,0.0,0.5,0.0,0.12,0.04
6,PB_only,0.006884,0.1,0.25,0.4,0.5,0.75,0.85,0.9,0.0,0.0,0.0,0.12,0.05
6,PB_only,0.006884,0.1,0.25,0.4,0.5,0.7,0.85,0.9,0.0,0.0,0.0,0.12,0.05
8,PE_PB,0.006884,0.05,0.25,0.3,0.55,0.75,0.8,0.95,0.0,0.5,0.0,0.12,0.03
6,PE_FED,0.006882,0.2,0.25,0.35,0.6,0.7,0.75,0.9,0.0,0.0,0.0,0.1,0.04
6,PB_FED,0.006873,0.05,0.15,0.3,0.5,0.65,0.75,0.95,0.5,0.0,0.0,0.06,0.03
6,PE_only,0.00687,0.15,0.3,0.45,0.6,0.7,0.85,0.95,0.0,0.0,0.0,0.06,0.04
6,PE_only,0.00687,0.2,0.3,0.4,0.65,0.7,0.75,0.85,0.0,0.0,0.0,0.1,0.05
6,PE_PB,0.006869,0.05,0.2,0.45,0.65,0.75,0.8,0.9,0.0,0.65,0.0,0.1,0.04
8,PB_FED,0.006865,0.05,0.3,0.35,0.6,0.75,0.8,0.85,1.0,0.0,0.0,0.12,0.05
8,PE_PB_FED,0.00686,0.1,0.15,0.35,0.5,0.65,0.8,0.9,0.0,0.5,0.8,0.1,0.05
8,PE_only,0.006857,0.1,0.3,0.4,0.6,0.75,0.8,0.85,0.0,0.0,0.0,0.12,0.05
6,PE_only,0.006854,0.05,0.2,0.35,0.55,0.7,0.8,0.95,0.0,0.0,0.0,0.12,0.03
8,PB_FED,0.006853,0.1,0.3,0.4,0.5,0.75,0.85,0.95,1.0,0.0,0.0,0.08,0.04
8,PB_FED,0.006851,0.1,0.3,0.35,0.5,0.65,0.8,0.85,1.0,0.0,0.0,0.06,0.03
8,PE_PB,0.006847,0.1,0.2,0.4,0.65,0.65,0.75,0.85,0.0,0.65,0.0,0.08,0.03
6,PB_only,0.006844,0.2,0.25,0.4,0.5,0.65,0.85,0.9,0.0,0.0,0.0,0.06,0.04
8,PE_PB_FED,0.006844,0.15,0.25,0.3,0.5,0.65,0.75,0.9,0.5,0.65,0.7,0.1,0.03
8,PE_only,0.006843,0.15,0.2,0.35,0.55,0.65,0.8,0.85,0.0,0.0,0.0,0.1,0.05
6,PB_only,0.006841,0.05,0.3,0.45,0.5,0.65,0.85,0.9,0.0,0.0,0.0,0.12,0.03
8,PE_only,0.00684,0.05,0.25,0.3,0.55,0.7,0.75,0.85,0.0,0.0,0.0,0.08,0.05
8,PE_only,0.00684,0.05,0.2,0.35,0.55,0.7,0.8,0.85,0.0,0.0,0.0,0.08,0.04
8,PE_PB,0.006839,0.1,0.15,0.4,0.5,0.7,0.85,0.95,0.0,0.6,0.0,0.1,0.05
8,PE_PB_FED,0.006838,0.1,0.2,0.4,0.55,0.7,0.85,0.9,0.0,0.6,0.75,0.08,0.03
8,PE_only,0.006836,0.2,0.3,0.4,0.55,0.75,0.8,0.9,0.0,0.0,0.0,0.1,0.04
6,PE_only,0.006835,0.15,0.2,0.4,0.55,0.75,0.8,0.95,0.0,0.0,0.0,0.06,0.03
8,PE_only,0.006833,0.1,0.3,0.45,0.55,0.65,0.8,0.9,0.0,0.0,0.0,0.06,0.04
8,PE_FED,0.006833,0.05,0.25,0.35,0.7,0.75,0.85,0.95,1.0,0.0,0.0,0.08,0.03
6,PE_PB,0.00683,0.15,0.2,0.4,0.6,0.7,0.75,0.95,0.0,0.65,0.0,0.1,0.04
8,PE_PB,0.00683,0.1,0.2,0.45,0.7,0.65,0.85,0.9,0.0,0.65,0.0,0.06,0.05
6,PB_only,0.006828,0.05,0.15,0.45,0.5,0.7,0.85,0.95,0.0,0.0,0.0,0.12,0.05
8,PE_PB,0.006828,0.1,0.3,0.4,0.65,0.75,0.8,0.9,0.0,0.65,0.0,0.12,0.04
8,PE_only,0.006824,0.15,0.3,0.45,0.6,0.75,0.85,0.9,0.0,0.0,0.0,0.1,0.05
8,PE_PB,0.006822,0.1,0.2,0.3,0.65,0.7,0.75,0.9,0.0,0.55,0.0,0.08,0.04
8,PE_PB,0.00682,0.1,0.25,0.3,0.65,0.7,0.85,0.9,0.0,0.65,0.0,0.1,0.04
8,PE_FED,0.006816,0.05,0.15,0.4,0.55,0.7,0.85,0.9,0.5,0.0,0.0,0.1,0.04
8,PE_only,0.006815,0.05,0.2,0.35,0.55,0.65,0.8,0.85,0.0,0.0,0.0,0.12,0.03
6,PE_PB,0.006813,0.15,0.2,0.4,0.65,0.65,0.8,0.9,0.0,0.65,0.0,0.06,0.05
8,PE_only,0.006806,0.1,0.3,0.45,0.6,0.7,0.85,0.9,0.0,0.0,0.0,0.06,0.03
6,PB_FED,0.006805,0.1,0.25,0.45,0.65,0.65,0.75,0.95,0.5,0.0,0.0,0.12,0.05
8,PE_only,0.006781,0.15,0.3,0.45,0.5,0.75,0.85,0.95,0.0,0.0,0.0,0.06,0.03
8,PE_PB,0.006781,0.1,0.2,0.3,0.55,0.7,0.85,0.95,0.0,0.55,0.0,0.06,0.04
8,PE_PB,0.006781,0.1,0.2,0.3,0.55,0.75,0.85,0.95,0.0,0.55,0.0,0.12,0.04
6,PB_only,0.006778,0.15,0.25,0.45,0.5,0.7,0.8,0.95,0.0,0.0,0.0,0.12,0.05
8,PE_PB_FED,0.006771,0.2,0.25,0.3,0.65,0.75,0.8,0.9,0.0,0.5,0.8,0.1,0.04
8,PE_PB,0.00677,0.05,0.2,0.4,0.7,0.65,0.85,0.95,0.0,0.5,0.0,0.06,0.04
6,PB_FED,0.006769,0.1,0.2,0.3,0.65,0.75,0.8,0.9,0.5,0.0,0.0,0.12,0.04
8,PE_only,0.006765,0.2,0.3,0.45,0.6,0.65,0.75,0.85,0.0,0.0,0.0,0.08,0.04
8,PE_only,0.006765,0.15,0.25,0.3,0.55,0.75,0.85,0.9,0.0,0.0,0.0,0.06,0.03
6,PE_only,0.006761,0.2,0.3,0.35,0.6,0.7,0.85,0.95,0.0,0.0,0.0,0.08,0.05
8,PE_PB_FED,0.006758,0.1,0.3,0.45,0.65,0.75,0.8,0.95,0.5,0.5,0.75,0.06,0.03
6,PE_PB,0.006757,0.05,0.2,0.3,0.6,0.75,0.8,0.95,0.0,0.65,0.0,0.06,0.05
6,PE_FED,0.006754,0.05,0.25,0.4,0.7,0.7,0.8,0.85,-0.5,0.0,0.0,0.12,0.04
8,PE_FED,0.006754,0.2,0.3,0.45,0.65,0.7,0.75,0.95,1.0,0.0,0.0,0.08,0.05
8,PE_PB_FED,0.006754,0.15,0.25,0.35,0.65,0.7,0.8,0.95,1.0,0.55,0.8,0.12,0.05
8,PE_FED,0.006752,0.1,0.2,0.35,0.55,0.75,0.85,0.95,1.0,0.0,0.0,0.06,0.04
6,PE_only,0.006746,0.1,0.2,0.4,0.55,0.65,0.75,0.95,0.0,0.0,0.0,0.06,0.05
6,PE_only,0.006744,0.2,0.25,0.35,0.65,0.7,0.8,0.85,0.0,0.0,0.0,0.08,0.03
6,PE_only,0.006742,0.1,0.3,0.4,0.65,0.65,0.8,0.85,0.0,0.0,0.0,0.08,0.05
6,PE_only,0.006742,0.1,0.3,0.4,0.65,0.65,0.8,0.85,0.0,0.0,0.0,0.06,0.05
6,PE_PB,0.006741,0.1,0.2,0.35,0.6,0.75,0.8,0.95,0.0,0.65,0.0,0.12,0.04
8,PE_PB_FED,0.006739,0.2,0.3,0.45,0.6,0.65,0.8,0.95,0.5,0.6,0.8,0.08,0.04
6,PE_PB_FED,0.006737,0.05,0.15,0.4,0.6,0.75,0.85,0.95,0.0,0.65,0.75,0.08,0.03
6,PB_FED,0.006736,0.05,0.25,0.3,0.65,0.65,0.75,0.95,0.5,0.0,0.0,0.08,0.04
8,PE_PB_FED,0.006734,0.1,0.25,0.3,0.6,0.75,0.8,0.9,-0.5,0.55,0.8,0.08,0.03
8,PE_PB,0.006732,0.05,0.2,0.45,0.6,0.65,0.75,0.9,0.0,0.6,0.0,0.1,0.03
6,PB_FED,0.00673,0.05,0.2,0.3,0.55,0.65,0.75,0.85,0.5,0.0,0.0,0.1,0.03
6,PE_PB,0.006724,0.1,0.15,0.4,0.7,0.65,0.75,0.85,0.0,0.65,0.0,0.08,0.03
6,PE_only,0.00672,0.1,0.25,0.45,0.65,0.65,0.8,0.85,0.0,0.0,0.0,0.12,0.03
8,PE_only,0.006717,0.2,0.25,0.3,0.55,0.65,0.85,0.9,0.0,0.0,0.0,0.12,0.04
8,PE_only,0.006716,0.15,0.3,0.45,0.6,0.65,0.8,0.85,0.0,0.0,0.0,0.06,0.04
8,PE_PB,0.006712,0.2,0.3,0.45,0.6,0.65,0.8,0.95,0.0,0.6,0.0,0.08,0.04
8,PE_PB_FED,0.006709,0.2,0.25,0.4,0.5,0.65,0.8,0.95,1.0,0.65,0.75,0.1,0.03
8,PE_FED,0.006708,0.1,0.2,0.3,0.5,0.65,0.8,0.9,0.5,0.0,0.0,0.1,0.05
6,PE_FED,0.006707,0.1,0.25,0.4,0.7,0.75,0.85,0.9,0.0,0.0,0.0,0.06,0.04
6,PE_PB_FED,0.0067,0.1,0.15,0.45,0.6,0.7,0.75,0.95,0.0,0.55,0.75,0.1,0.03
6,PB_only,0.006697,0.1,0.25,0.45,0.5,0.7,0.85,0.95,0.0,0.0,0.0,0.06,0.03
8,PE_FED,0.006692,0.2,0.25,0.3,0.55,0.75,0.8,0.9,0.5,0.0,0.0,0.12,0.03
8,PE_only,0.006686,0.2,0.3,0.4,0.6,0.65,0.85,0.9,0.0,0.0,0.0,0.08,0.05
8,PE_FED,0.006684,0.05,0.15,0.3,0.6,0.7,0.8,0.85,0.5,0.0,0.0,0.08,0.03
6,PE_only,0.006683,0.15,0.2,0.4,0.55,0.7,0.8,0.95,0.0,0.0,0.0,0.1,0.04
8,PE_only,0.006683,0.1,0.3,0.35,0.6,0.7,0.8,0.85,0.0,0.0,0.0,0.1,0.03
6,PE_only,0.006681,0.05,0.15,0.3,0.5,0.7,0.75,0.95,0.0,0.0,0.0,0.06,0.05
6,PE_PB,0.006681,0.1,0.2,0.4,0.7,0.75,0.8,0.95,0.0,0.6,0.0,0.1,0.03
6,PE_PB,0.006681,0.1,0.2,0.4,0.7,0.75,0.8,0.95,0.0,0.6,0.0,0.12,0.03
6,PB_only,0.006681,0.2,0.25,0.35,0.5,0.75,0.85,0.95,0.0,0.0,0.0,0.08,0.04
8,PE_PB_FED,0.006676,0.1,0.15,0.35,0.6,0.7,0.85,0.95,1.0,0.55,0.75,0.08,0.04
6,PB_only,0.006662,0.2,0.3,0.4,0.5,0.65,0.8,0.85,0.0,0.0,0.0,0.12,0.04
8,PE_PB_FED,0.006662,0.05,0.15,0.35,0.7,0.65,0.75,0.85,0.5,0.65,0.75,0.12,0.04
8,PE_only,0.006661,0.1,0.3,0.35,0.55,0.65,0.8,0.9,0.0,0.0,0.0,0.12,0.05
8,PE_only,0.006659,0.15,0.2,0.35,0.55,0.75,0.8,0.85,0.0,0.0,0.0,0.08,0.03
8,PE_PB,0.006659,0.1,0.15,0.3,0.6,0.7,0.8,0.9,0.0,0.55,0.0,0.1,0.03
8,PE_PB,0.006657,0.15,0.25,0.35,0.65,0.7,0.8,0.95,0.0,0.5,0.0,0.12,0.04
8,PE_only,0.006652,0.05,0.3,0.45,0.5,0.75,0.85,0.95,0.0,0.0,0.0,0.06,0.04
6,PE_FED,0.006651,0.1,0.15,0.45,0.6,0.7,0.8,0.9,0.0,0.0,0.0,0.12,0.04
8,PE_FED,0.006648,0.1,0.25,0.4,0.5,0.7,0.75,0.9,0.5,0.0,0.0,0.08,0.05
6,PE_only,0.006647,0.05,0.15,0.3,0.5,0.65,0.8,0.95,0.0,0.0,0.0,0.08,0.03
6,PE_FED,0.006645,0.15,0.2,0.4,0.7,0.75,0.85,0.9,0.0,0.0,0.0,0.1,0.05
6,PE_PB,0.006644,0.2,0.25,0.4,0.65,0.7,0.75,0.9,0.0,0.65,0.0,0.1,0.03
8,PE_PB,0.006642,0.15,0.25,0.45,0.5,0.7,0.8,0.95,0.0,0.65,0.0,0.08,0.04
8,PE_PB,0.006635,0.05,0.25,0.4,0.65,0.65,0.85,0.95,0.0,0.55,0.0,0.1,0.05
8,PE_PB_FED,0.006634,0.1,0.25,0.45,0.65,0.65,0.8,0.85,-0.5,0.65,0.7,0.1,0.05
8,PE_FED,0.006632,0.05,0.3,0.4,0.5,0.7,0.8,0.95,1.0,0.0,0.0,0.08,0.05
6,PB_only,0.00663,0.15,0.2,0.45,0.5,0.7,0.85,0.9,0.0,0.0,0.0,0.12,0.05
8,PE_PB_FED,0.00663,0.2,0.25,0.3,0.6,0.65,0.75,0.95,1.0,0.5,0.75,0.08,0.03
6,PE_FED,0.006629,0.05,0.15,0.45,0.65,0.65,0.8,0.9,0.0,0.0,0.0,0.08,0.05
8,PE_PB,0.006627,0.1,0.25,0.45,0.55,0.7,0.75,0.95,0.0,0.55,0.0,0.1,0.05
8,PE_only,0.006626,0.05,0.2,0.45,0.55,0.7,0.75,0.85,0.0,0.0,0.0,0.06,0.05
8,PE_PB,0.006626,0.1,0.3,0.35,0.6,0.75,0.85,0.95,0.0,0.6,0.0,0.12,0.03
6,PE_FED,0.006622,0.1,0.2,0.4,0.7,0.65,0.75,0.85,0.0,0.0,0.0,0.08,0.05
8,PE_only,0.006622,0.1,0.25,0.3,0.55,0.7,0.85,0.9,0.0,0.0,0.0,0.06,0.03
6,PE_only,0.006617,0.05,0.15,0.45,0.55,0.65,0.8,0.95,0.0,0.0,0.0,0.08,0.05
6,PE_PB,0.006617,0.05,0.15,0.4,0.7,0.65,0.75,0.85,0.0,0.65,0.0,0.12,0.03
6,PE_PB,0.006616,0.1,0.2,0.4,0.6,0.65,0.8,0.95,0.0,0.65,0.0,0.1,0.04
6,PB_only,0.006616,0.2,0.25,0.45,0.5,0.65,0.8,0.95,0.0,0.0,0.0,0.1,0.03
8,PE_PB,0.006613,0.2,0.3,0.4,0.7,0.65,0.8,0.95,0.0,0.55,0.0,0.06,0.05
8,PE_only,0.006608,0.05,0.3,0.4,0.6,0.65,0.8,0.85,0.0,0.0,0.0,0.06,0.03
8,PE_FED,0.006602,0.1,0.2,0.45,0.5,0.65,0.8,0.9,0.5,0.0,0.0,0.06,0.03
6,PE_PB_FED,0.006599,0.15,0.2,0.4,0.55,0.65,0.75,0.95,0.0,0.6,0.7,0.1,0.04
8,PE_PB_FED,0.006599,0.1,0.25,0.35,0.6,0.65,0.8,0.9,0.5,0.65,0.75,0.1,0.03
8,PE_FED,0.006597,0.2,0.25,0.4,0.55,0.75,0.8,0.95,1.0,0.0,0.0,0.08,0.05
8,PE_PB,0.006594,0.1,0.15,0.45,0.6,0.7,0.75,0.9,0.0,0.55,0.0,0.12,0.04
8,PE_PB,0.006593,0.2,0.3,0.35,0.65,0.7,0.85,0.95,0.0,0.6,0.0,0.06,0.03
8,PE_PB_FED,0.006591,0.1,0.25,0.4,0.55,0.7,0.75,0.9,0.5,0.65,0.75,0.12,0.05
6,PE_FED,0.00659,0.05,0.15,0.35,0.65,0.65,0.75,0.85,-0.5,0.0,0.0,0.1,0.03
6,PE_only,0.006585,0.05,0.2,0.4,0.55,0.7,0.75,0.95,0.0,0.0,0.0,0.06,0.05
6,PB_FED,0.006581,0.15,0.2,0.45,0.7,0.65,0.75,0.95,0.5,0.0,0.0,0.08,0.04
8,PE_PB_FED,0.006581,0.1,0.2,0.35,0.65,0.65,0.8,0.9,-0.5,0.5,0.8,0.08,0.03
8,PE_PB_FED,0.006579,0.2,0.25,0.45,0.5,0.65,0.8,0.95,0.5,0.55,0.7,0.1,0.03
6,PE_only,0.006575,0.1,0.15,0.35,0.55,0.7,0.85,0.95,0.0,0.0,0.0,0.1,0.05
6,PE_only,0.006573,0.1,0.3,0.4,0.65,0.7,0.8,0.85,0.0,0.0,0.0,0.1,0.04
8,PE_PB,0.006572,0.2,0.25,0.3,0.7,0.65,0.75,0.95,0.0,0.5,0.0,0.1,0.05
8,PE_only,0.006569,0.15,0.25,0.35,0.55,0.65,0.75,0.85,0.0,0.0,0.0,0.06,0.03
6,PE_PB,0.006567,0.05,0.15,0.35,0.6,0.65,0.8,0.95,0.0,0.6,0.0,0.06,0.04
8,PE_only,0.006567,0.15,0.2,0.45,0.55,0.7,0.85,0.9,0.0,0.0,0.0,0.12,0.03
8,PE_PB,0.006565,0.1,0.15,0.3,0.7,0.7,0.8,0.85,0.0,0.6,0.0,0.08,0.05
6,PE_FED,0.006558,0.05,0.25,0.4,0.5,0.7,0.8,0.95,0.0,0.0,0.0,0.08,0.03
8,PE_FED,0.006556,0.05,0.2,0.3,0.5,0.7,0.85,0.95,1.0,0.0,0.0,0.1,0.04
8,PE_PB_FED,0.006555,0.05,0.25,0.45,0.55,0.75,0.85,0.95,0.5,0.6,0.7,0.1,0.04
8,PE_PB,0.006554,0.1,0.15,0.35,0.55,0.75,0.8,0.9,0.0,0.6,0.0,0.06,0.04
6,PE_PB,0.00655,0.15,0.3,0.35,0.65,0.65,0.75,0.9,0.0,0.65,0.0,0.06,0.03
8,PE_PB_FED,0.006547,0.1,0.2,0.35,0.5,0.75,0.85,0.95,0.5,0.55,0.8,0.06,0.05
8,PE_PB_FED,0.006547,0.2,0.25,0.4,0.6,0.75,0.85,0.95,-0.5,0.5,0.7,0.08,0.03
6,PE_only,0.006546,0.1,0.3,0.45,0.6,0.75,0.85,0.95,0.0,0.0,0.0,0.12,0.05
6,PE_only,0.006546,0.1,0.3,0.45,0.6,0.75,0.85,0.95,0.0,0.0,0.0,0.1,0.05
8,PE_PB_FED,0.006545,0.05,0.25,0.45,0.6,0.75,0.8,0.9,0.0,0.5,0.75,0.06,0.03
8,PE_PB_FED,0.006541,0.05,0.2,0.3,0.65,0.7,0.8,0.85,0.0,0.55,0.7,0.06,0.04
8,PE_PB_FED,0.006541,0.05,0.2,0.3,0.65,0.7,0.8,0.85,0.0,0.55,0.7,0.12,0.04
8,PE_only,0.006532,0.1,0.2,0.35,0.55,0.75,0.8,0.85,0.0,0.0,0.0,0.06,0.03
6,PE_FED,0.00653,0.2,0.25,0.3,0.5,0.65,0.8,0.95,0.0,0.0,0.0,0.12,0.04
8,PE_PB_FED,0.006528,0.15,0.3,0.4,0.5,0.7,0.75,0.95,1.0,0.6,0.7,0.1,0.05
6,PE_only,0.006527,0.2,0.3,0.35,0.6,0.7,0.85,0.95,0.0,0.0,0.0,0.12,0.03
8,PE_PB,0.006525,0.1,0.2,0.35,0.5,0.7,0.8,0.95,0.0,0.55,0.0,0.1,0.04
6,PB_only,0.006524,0.1,0.2,0.45,0.5,0.7,0.85,0.95,0.0,0.0,0.0,0.12,0.04
8,PE_PB_FED,0.006523,0.1,0.3,0.45,0.6,0.7,0.8,0.9,0.0,0.55,0.8,0.1,0.04
8,PE_FED,0.006514,0.1,0.2,0.45,0.5,0.75,0.8,0.9,0.5,0.0,0.0,0.12,0.04
8,PE_FED,0.006512,0.1,0.25,0.3,0.7,0.75,0.85,0.95,1.0,0.0,0.0,0.12,0.05
8,PE_PB,0.006511,0.05,0.3,0.35,0.7,0.65,0.85,0.95,0.0,0.55,0.0,0.06,0.03
8,PE_PB,0.006511,0.15,0.25,0.4,0.65,0.65,0.8,0.95,0.0,0.5,0.0,0.12,0.04
6,PE_FED,0.00651,0.1,0.3,0.35,0.5,0.7,0.75,0.95,0.0,0.0,0.0,0.06,0.03
8,PE_PB_FED,0.006503,0.15,0.25,0.4,0.6,0.7,0.85,0.95,0.5,0.55,0.75,0.06,0.03
6,PE_FED,0.006501,0.2,0.25,0.3,0.7,0.65,0.85,0.9,0.0,0.0,0.0,0.06,0.04
8,PE_PB,0.0065,0.15,0.25,0.3,0.5,0.75,0.8,0.95,0.0,0.6,0.0,0.08,0.04
8,PE_only,0.006498,0.05,0.15,0.45,0.5,0.75,0.8,0.9,0.0,0.0,0.0,0.1,0.05
6,PE_FED,0.006489,0.1,0.25,0.3,0.6,0.65,0.75,0.9,-0.5,0.0,0.0,0.06,0.05
8,PE_PB,0.006489,0.1,0.2,0.45,0.6,0.65,0.85,0.95,0.0,0.55,0.0,0.06,0.05
8,PE_PB,0.006486,0.05,0.25,0.45,0.65,0.7,0.8,0.9,0.0,0.65,0.0,0.06,0.05
6,PE_PB,0.006485,0.1,0.25,0.3,0.6,0.65,0.8,0.95,0.0,0.65,0.0,0.12,0.03
8,PE_PB_FED,0.006479,0.1,0.3,0.35,0.55,0.7,0.75,0.9,-0.5,0.6,0.8,0.1,0.04
6,PB_only,0.006468,0.05,0.3,0.35,0.5,0.7,0.8,0.95,0.0,0.0,0.0,0.06,0.05
6,PE_FED,0.006465,0.1,0.25,0.3,0.55,0.65,0.85,0.95,-0.5,0.0,0.0,0.08,0.03
6,PE_FED,0.00646,0.1,0.2,0.4,0.6,0.7,0.8,0.9,-0.5,0.0,0.0,0.06,0.04
8,PE_PB_FED,0.006457,0.1,0.2,0.4,0.5,0.75,0.85,0.95,-0.5,0.5,0.8,0.06,0.03
8,PE_PB_FED,0.006453,0.1,0.25,0.4,0.7,0.7,0.85,0.9,0.0,0.55,0.75,0.08,0.05
6,PE_PB,0.006449,0.05,0.2,0.35,0.6,0.7,0.8,0.95,0.0,0.65,0.0,0.12,0.05
8,PE_PB,0.006449,0.1,0.15,0.35,0.6,0.7,0.75,0.9,0.0,0.55,0.0,0.08,0.05
8,PE_PB_FED,0.006449,0.1,0.3,0.35,0.55,0.75,0.8,0.9,0.0,0.55,0.75,0.12,0.04
8,PE_PB,0.00644,0.15,0.2,0.45,0.5,0.7,0.8,0.95,0.0,0.6,0.0,0.08,0.05
8,PE_PB,0.006438,0.1,0.25,0.3,0.7,0.75,0.8,0.85,0.0,0.65,0.0,0.06,0.03
8,PE_FED,0.006436,0.15,0.3,0.4,0.65,0.75,0.8,0.9,0.5,0.0,0.0,0.12,0.03
8,PE_FED,0.006433,0.1,0.25,0.3,0.5,0.75,0.8,0.9,0.5,0.0,0.0,0.12,0.04
6,PB_FED,0.006432,0.15,0.2,0.3,0.7,0.65,0.8,0.95,0.5,0.0,0.0,0.08,0.05
6,PB_FED,0.006432,0.15,0.2,0.3,0.7,0.65,0.8,0.95,0.5,0.0,0.0,0.1,0.05
6,PE_PB,0.006429,0.15,0.2,0.4,0.6,0.65,0.8,0.95,0.0,0.65,0.0,0.12,0.05
6,PB_only,0.006429,0.15,0.3,0.45,0.5,0.7,0.8,0.95,0.0,0.0,0.0,0.1,0.03
6,PB_FED,0.006429,0.2,0.3,0.35,0.5,0.65,0.85,0.95,-0.5,0.0,0.0,0.12,0.04
8,PE_PB_FED,0.006422,0.05,0.25,0.45,0.7,0.7,0.75,0.9,0.5,0.6,0.8,0.1,0.03
8,PE_only,0.006421,0.15,0.25,0.4,0.55,0.65,0.75,0.85,0.0,0.0,0.0,0.08,0.05
8,PE_only,0.006418,0.2,0.3,0.35,0.6,0.65,0.8,0.85,0.0,0.0,0.0,0.1,0.03
8,PE_only,0.006417,0.15,0.2,0.45,0.55,0.7,0.75,0.85,0.0,0.0,0.0,0.12,0.03
8,PE_only,0.00641,0.1,0.15,0.45,0.5,0.7,0.8,0.9,0.0,0.0,0.0,0.06,0.05
8,PE_PB,0.00641,0.05,0.3,0.4,0.6,0.65,0.85,0.95,0.0,0.6,0.0,0.12,0.03
6,PE_PB_FED,0.006404,0.1,0.25,0.4,0.6,0.7,0.8,0.95,0.0,0.65,0.8,0.08,0.05
8,PE_PB,0.0064,0.05,0.3,0.45,0.65,0.65,0.85,0.95,0.0,0.6,0.0,0.12,0.05
6,PB_only,0.006395,0.1,0.3,0.35,0.5,0.65,0.8,0.95,0.0,0.0,0.0,0.08,0.04
8,PE_only,0.006394,0.05,0.3,0.45,0.6,0.7,0.85,0.9,0.0,0.0,0.0,0.12,0.05
6,PE_PB_FED,0.006392,0.05,0.15,0.3,0.6,0.65,0.75,0.95,-0.5,0.55,0.75,0.08,0.03
6,PE_only,0.00639,0.1,0.15,0.3,0.5,0.7,0.8,0.95,0.0,0.0,0.0,0.06,0.05
8,PE_FED,0.00639,0.15,0.2,0.45,0.5,0.75,0.8,0.9,0.5,0.0,0.0,0.12,0.04
8,PE_PB,0.006385,0.2,0.25,0.45,0.7,0.75,0.85,0.9,0.0,0.65,0.0,0.06,0.04
8,PE_PB,0.006385,0.05,0.15,0.3,0.6,0.7,0.85,0.9,0.0,0.6,0.0,0.06,0.04
6,PE_PB,0.00638,0.1,0.15,0.4,0.7,0.75,0.8,0.85,0.0,0.65,0.0,0.12,0.04
8,PE_PB,0.006378,0.05,0.2,0.3,0.65,0.75,0.85,0.95,0.0,0.5,0.0,0.08,0.05
6,PB_only,0.006375,0.05,0.25,0.4,0.5,0.75,0.85,0.95,0.0,0.0,0.0,0.1,0.04
6,PB_only,0.006375,0.05,0.3,0.4,0.5,0.7,0.8,0.85,0.0,0.0,0.0,0.08,0.03
8,PE_PB,0.006375,0.15,0.3,0.4,0.55,0.65,0.85,0.95,0.0,0.65,0.0,0.08,0.05
8,PE_PB,0.006373,0.1,0.2,0.45,0.5,0.65,0.8,0.95,0.0,0.6,0.0,0.06,0.05
8,PE_only,0.00637,0.15,0.25,0.3,0.55,0.7,0.85,0.9,0.0,0.0,0.0,0.12,0.05
8,PE_PB,0.006366,0.1,0.3,0.35,0.5,0.65,0.8,0.95,0.0,0.65,0.0,0.08,0.03
8,PE_FED,0.006365,0.1,0.25,0.3,0.5,0.7,0.75,0.85,-0.5,0.0,0.0,0.12,0.05
8,PE_PB,0.006363,0.1,0.2,0.3,0.7,0.65,0.75,0.9,0.0,0.55,0.0,0.08,0.05
6,PE_PB_FED,0.006358,0.15,0.2,0.35,0.7,0.7,0.8,0.95,-0.5,0.6,0.8,0.1,0.05
8,PE_PB_FED,0.006355,0.15,0.25,0.3,0.6,0.65,0.75,0.9,0.5,0.6,0.75,0.08,0.05
6,PE_only,0.006353,0.2,0.3,0.35,0.65,0.7,0.8,0.85,0.0,0.0,0.0,0.1,0.05
6,PE_PB_FED,0.006353,0.05,0.15,0.35,0.6,0.65,0.85,0.95,-0.5,0.65,0.8,0.12,0.03
8,PE_FED,0.006352,0.1,0.25,0.35,0.5,0.65,0.75,0.85,-0.5,0.0,0.0,0.08,0.04
8,PE_PB,0.006351,0.1,0.2,0.4,0.6,0.75,0.8,0.9,0.0,0.6,0.0,0.06,0.03
8,PE_only,0.006347,0.15,0.2,0.45,0.55,0.65,0.85,0.9,0.0,0.0,0.0,0.06,0.05
8,PE_PB_FED,0.006347,0.1,0.2,0.4,0.55,0.65,0.75,0.85,-0.5,0.65,0.7,0.08,0.03
8,PE_PB_FED,0.006346,0.1,0.2,0.3,0.55,0.65,0.85,0.9,-0.5,0.65,0.7,0.08,0.03
6,PB_only,0.006341,0.05,0.2,0.45,0.5,0.65,0.85,0.9,0.0,0.0,0.0,0.12,0.05
8,PE_PB_FED,0.006341,0.05,0.15,0.45,0.5,0.65,0.75,0.85,0.0,0.6,0.8,0.08,0.04
6,PE_only,0.006339,0.05,0.25,0.3,0.55,0.65,0.8,0.95,0.0,0.0,0.0,0.12,0.03
8,PE_only,0.006338,0.05,0.2,0.35,0.5,0.65,0.8,0.9,0.0,0.0,0.0,0.06,0.05
8,PE_PB,0.006333,0.05,0.25,0.3,0.65,0.7,0.8,0.9,0.0,0.6,0.0,0.06,0.04
8,PE_only,0.006331,0.15,0.2,0.45,0.5,0.75,0.8,0.9,0.0,0.0,0.0,0.06,0.04
8,PE_PB,0.006326,0.05,0.25,0.45,0.7,0.75,0.8,0.9,0.0,0.6,0.0,0.08,0.03
8,PE_PB_FED,0.006326,0.15,0.3,0.45,0.5,0.7,0.75,0.95,0.5,0.55,0.8,0.1,0.04
8,PE_FED,0.006324,0.15,0.2,0.3,0.55,0.65,0.75,0.85,0.5,0.0,0.0,0.06,0.04
8,PE_FED,0.006319,0.05,0.25,0.3,0.5,0.65,0.75,0.85,-0.5,0.0,0.0,0.1,0.05
6,PE_PB,0.006315,0.05,0.2,0.4,0.6,0.75,0.8,0.95,0.0,0.65,0.0,0.06,0.05
8,PE_PB_FED,0.006309,0.05,0.25,0.35,0.6,0.65,0.75,0.9,-0.5,0.5,0.8,0.1,0.03
6,PE_FED,0.006305,0.05,0.2,0.35,0.6,0.65,0.8,0.9,0.0,0.0,0.0,0.06,0.03
8,PE_PB_FED,0.006304,0.1,0.3,0.35,0.65,0.7,0.8,0.9,0.0,0.5,0.7,0.08,0.03
6,PE_FED,0.006301,0.2,0.25,0.35,0.7,0.75,0.85,0.9,0.0,0.0,0.0,0.1,0.04
8,PE_PB_FED,0.0063,0.15,0.3,0.35,0.5,0.65,0.75,0.9,0.0,0.6,0.7,0.06,0.05
6,PE_PB_FED,0.006298,0.05,0.25,0.35,0.55,0.7,0.75,0.95,0.0,0.65,0.8,0.08,0.03
8,PE_PB,0.006296,0.1,0.2,0.45,0.7,0.65,0.75,0.9,0.0,0.55,0.0,0.12,0.03
8,PE_PB,0.006296,0.05,0.2,0.4,0.7,0.75,0.8,0.9,0.0,0.55,0.0,0.08,0.04
6,PE_PB_FED,0.006294,0.1,0.2,0.3,0.7,0.7,0.8,0.95,0.0,0.55,0.7,0.1,0.05
8,PE_PB,0.006294,0.2,0.25,0.45,0.6,0.7,0.85,0.95,0.0,0.6,0.0,0.12,0.04
6,PB_only,0.006292,0.1,0.3,0.45,0.5,0.65,0.8,0.85,0.0,0.0,0.0,0.06,0.04
6,PE_PB,0.006291,0.15,0.2,0.4,0.7,0.75,0.8,0.95,0.0,0.6,0.0,0.06,0.04
6,PE_PB_FED,0.006277,0.05,0.15,0.4,0.7,0.7,0.75,0.9,-0.5,0.65,0.7,0.08,0.04
6,PB_FED,0.006267,0.05,0.25,0.4,0.7,0.7,0.75,0.95,0.5,0.0,0.0,0.12,0.04
8,PE_only,0.006267,0.1,0.2,0.35,0.5,0.7,0.8,0.9,0.0,0.0,0.0,0.1,0.05
8,PE_PB_FED,0.006266,0.15,0.3,0.4,0.55,0.65,0.8,0.9,0.0,0.55,0.75,0.12,0.04
6,PB_only,0.006264,0.05,0.25,0.45,0.5,0.7,0.85,0.95,0.0,0.0,0.0,0.06,0.03
6,PB_only,0.006257,0.2,0.25,0.4,0.5,0.65,0.85,0.9,0.0,0.0,0.0,0.08,0.05
6,PE_FED,0.006255,0.1,0.3,0.4,0.5,0.7,0.75,0.95,0.0,0.0,0.0,0.12,0.03
6,PE_only,0.006252,0.05,0.15,0.45,0.6,0.75,0.8,0.9,0.0,0.0,0.0,0.1,0.04
8,PE_PB,0.00625,0.2,0.25,0.45,0.7,0.7,0.75,0.9,0.0,0.6,0.0,0.12,0.03
8,PE_PB,0.00625,0.2,0.3,0.4,0.6,0.75,0.8,0.95,0.0,0.55,0.0,0.12,0.03
6,PE_FED,0.006247,0.05,0.25,0.4,0.65,0.75,0.8,0.9,0.0,0.0,0.0,0.1,0.03
6,PE_FED,0.006245,0.15,0.2,0.35,0.65,0.7,0.8,0.85,-0.5,0.0,0.0,0.12,0.05
6,PE_FED,0.006245,0.1,0.3,0.35,0.65,0.75,0.8,0.9,0.0,0.0,0.0,0.12,0.04
6,PE_FED,0.006244,0.05,0.3,0.35,0.55,0.7,0.75,0.95,-0.5,0.0,0.0,0.08,0.05
8,PE_FED,0.006243,0.05,0.15,0.45,0.5,0.7,0.8,0.85,-0.5,0.0,0.0,0.08,0.05
6,PE_PB,0.006242,0.05,0.2,0.35,0.7,0.65,0.8,0.95,0.0,0.6,0.0,0.1,0.04
6,PB_only,0.006241,0.1,0.3,0.45,0.5,0.75,0.8,0.85,0.0,0.0,0.0,0.06,0.04
8,PE_PB,0.006239,0.15,0.25,0.35,0.7,0.65,0.8,0.85,0.0,0.65,0.0,0.12,0.05
6,PE_only,0.006236,0.1,0.25,0.35,0.6,0.65,0.75,0.9,0.0,0.0,0.0,0.1,0.03
8,PE_PB,0.006234,0.05,0.15,0.45,0.6,0.7,0.85,0.95,0.0,0.5,0.0,0.1,0.04
8,PE_PB_FED,0.006234,0.2,0.25,0.45,0.65,0.7,0.8,0.9,0.0,0.55,0.7,0.1,0.05
6,PB_only,0.006233,0.2,0.3,0.45,0.5,0.65,0.75,0.95,0.0,0.0,0.0,0.12,0.04
6,PE_FED,0.00623,0.1,0.2,0.3,0.65,0.7,0.8,0.85,-0.5,0.0,0.0,0.06,0.04
6,PB_FED,0.006228,0.05,0.15,0.35,0.7,0.75,0.8,0.9,0.5,0.0,0.0,0.12,0.04
8,PE_PB_FED,0.006226,0.1,0.15,0.35,0.55,0.7,0.75,0.85,0.5,0.65,0.75,0.12,0.04
8,PE_FED,0.006225,0.15,0.3,0.35,0.5,0.7,0.75,0.9,0.5,0.0,0.0,0.1,0.04
6,PB_FED,0.006221,0.1,0.15,0.35,0.6,0.75,0.8,0.9,0.5,0.0,0.0,0.1,0.04
8,PE_PB_FED,0.006219,0.05,0.2,0.4,0.7,0.7,0.75,0.85,-0.5,0.55,0.8,0.06,0.05
8,PE_only,0.006215,0.1,0.2,0.45,0.55,0.65,0.85,0.9,0.0,0.0,0.0,0.12,0.05
6,PE_only,0.006214,0.05,0.15,0.4,0.6,0.65,0.8,0.9,0.0,0.0,0.0,0.1,0.05
6,PE_only,0.006214,0.05,0.15,0.4,0.6,0.65,0.8,0.9,0.0,0.0,0.0,0.08,0.05
8,PE_PB_FED,0.006214,0.1,0.15,0.3,0.7,0.7,0.75,0.85,-0.5,0.5,0.8,0.08,0.05
6,PE_FED,0.006209,0.2,0.25,0.35,0.7,0.65,0.85,0.9,0.0,0.0,0.0,0.1,0.04
8,PE_FED,0.006207,0.1,0.25,0.4,0.65,0.7,0.85,0.95,1.0,0.0,0.0,0.12,0.03
8,PE_PB,0.006206,0.2,0.25,0.3,0.7,0.65,0.8,0.9,0.0,0.6,0.0,0.1,0.03
6,PE_PB_FED,0.006205,0.1,0.15,0.4,0.65,0.65,0.75,0.95,-0.5,0.55,0.8,0.08,0.03
8,PE_PB,0.006203,0.2,0.25,0.35,0.6,0.65,0.8,0.9,0.0,0.65,0.0,0.08,0.03
6,PE_FED,0.006202,0.2,0.25,0.4,0.7,0.75,0.8,0.85,-0.5,0.0,0.0,0.1,0.03
8,PE_FED,0.006201,0.1,0.25,0.4,0.7,0.75,0.85,0.95,1.0,0.0,0.0,0.1,0.05
6,PE_only,0.006194,0.2,0.25,0.45,0.65,0.7,0.85,0.9,0.0,0.0,0.0,0.12,0.03
6,PB_FED,0.006193,0.1,0.15,0.4,0.6,0.65,0.8,0.9,0.5,0.0,0.0,0.1,0.03
8,PE_FED,0.006192,0.05,0.25,0.45,0.55,0.65,0.8,0.9,0.5,0.0,0.0,0.08,0.03
8,PE_PB_FED,0.00619,0.05,0.2,0.3,0.55,0.65,0.85,0.9,-0.5,0.65,0.8,0.08,0.05
6,PB_FED,0.006182,0.1,0.15,0.3,0.65,0.65,0.85,0.9,0.5,0.0,0.0,0.12,0.04
8,PE_PB,0.006182,0.1,0.25,0.45,0.6,0.75,0.8,0.95,0.0,0.5,0.0,0.12,0.03
8,PE_PB,0.00618,0.2,0.25,0.45,0.6,0.7,0.8,0.95,0.0,0.55,0.0,0.12,0.05
8,PE_PB,0.006174,0.1,0.15,0.3,0.55,0.65,0.85,0.9,0.0,0.65,0.0,0.12,0.04
6,PE_only,0.006171,0.15,0.2,0.45,0.6,0.65,0.75,0.9,0.0,0.0,0.0,0.06,0.03
6,PB_FED,0.006171,0.1,0.2,0.4,0.6,0.7,0.75,0.95,1.0,0.0,0.0,0.06,0.03
6,PB_FED,0.00617,0.05,0.15,0.35,0.6,0.65,0.75,0.85,0.5,0.0,0.0,0.1,0.05
8,PE_PB_FED,0.006168,0.1,0.25,0.3,0.7,0.7,0.8,0.85,0.0,0.55,0.8,0.1,0.04
8,PE_only,0.006165,0.15,0.2,0.45,0.5,0.75,0.8,0.9,0.0,0.0,0.0,0.06,0.03
8,PE_FED,0.006163,0.05,0.15,0.45,0.55,0.65,0.75,0.85,0.5,0.0,0.0,0.12,0.04
6,PE_FED,0.006156,0.05,0.15,0.45,0.6,0.65,0.8,0.9,-0.5,0.0,0.0,0.08,0.04
6,PB_only,0.006151,0.05,0.2,0.45,0.5,0.7,0.85,0.95,0.0,0.0,0.0,0.08,0.04
6,PE_PB_FED,0.00615,0.15,0.25,0.3,0.6,0.65,0.8,0.95,0.0,0.6,0.7,0.12,0.03
8,PE_FED,0.00615,0.05,0.15,0.4,0.65,0.75,0.8,0.9,1.0,0.0,0.0,0.12,0.03
8,PE_PB,0.006146,0.05,0.3,0.45,0.65,0.75,0.8,0.95,0.0,0.55,0.0,0.06,0.05
8,PE_only,0.006138,0.15,0.25,0.3,0.55,0.65,0.8,0.85,0.0,0.0,0.0,0.08,0.03
6,PE_only,0.006134,0.1,0.15,0.35,0.5,0.7,0.8,0.95,0.0,0.0,0.0,0.12,0.04
8,PE_PB,0.006134,0.1,0.3,0.45,0.65,0.65,0.8,0.95,0.0,0.55,0.0,0.08,0.05
6,PE_only,0.006128,0.05,0.15,0.4,0.5,0.65,0.75,0.95,0.0,0.0,0.0,0.06,0.03
8,PE_PB,0.006127,0.1,0.25,0.45,0.55,0.65,0.8,0.95,0.0,0.55,0.0,0.1,0.05
6,PE_PB,0.006125,0.1,0.25,0.3,0.6,0.7,0.75,0.95,0.0,0.65,0.0,0.1,0.05
8,PE_PB_FED,0.006114,0.1,0.3,0.45,0.7,0.65,0.8,0.95,0.5,0.5,0.8,0.1,0.05
8,PE_PB,0.006112,0.05,0.15,0.3,0.6,0.7,0.75,0.85,0.0,0.6,0.0,0.06,0.04
8,PE_PB,0.006109,0.1,0.25,0.45,0.65,0.75,0.85,0.95,0.0,0.55,0.0,0.12,0.04
8,PE_PB_FED,0.006109,0.05,0.25,0.3,0.6,0.7,0.8,0.85,-0.5,0.65,0.8,0.06,0.03
8,PE_only,0.006106,0.05,0.25,0.35,0.55,0.65,0.85,0.9,0.0,0.0,0.0,0.08,0.03
6,PB_FED,0.006103,0.1,0.25,0.4,0.7,0.65,0.75,0.95,0.5,0.0,0.0,0.12,0.04
8,PE_only,0.0061,0.15,0.25,0.3,0.55,0.7,0.8,0.85,0.0,0.0,0.0,0.06,0.04
8,PE_PB,0.0061,0.15,0.3,0.45,0.55,0.65,0.8,0.95,0.0,0.6,0.0,0.08,0.05
6,PE_FED,0.006093,0.05,0.15,0.4,0.5,0.7,0.85,0.95,-0.5,0.0,0.0,0.08,0.04
6,PB_only,0.006091,0.05,0.3,0.35,0.5,0.7,0.85,0.9,0.0,0.0,0.0,0.1,0.04
8,PE_FED,0.006089,0.15,0.25,0.35,0.5,0.7,0.8,0.9,0.5,0.0,0.0,0.08,0.03
8,PE_PB,0.006085,0.15,0.2,0.4,0.55,0.65,0.85,0.95,0.0,0.55,0.0,0.1,0.05
8,PE_PB_FED,0.006085,0.15,0.2,0.3,0.65,0.7,0.85,0.95,1.0,0.65,0.8,0.06,0.04
8,PE_FED,0.006079,0.1,0.2,0.35,0.55,0.7,0.75,0.85,0.5,0.0,0.0,0.1,0.04
8,PE_PB,0.006078,0.05,0.15,0.3,0.55,0.65,0.75,0.85,0.0,0.65,0.0,0.06,0.03
8,PE_PB,0.006078,0.05,0.2,0.45,0.55,0.7,0.8,0.95,0.0,0.5,0.0,0.1,0.05
6,PE_PB_FED,0.006077,0.05,0.25,0.35,0.6,0.65,0.8,0.95,-0.5,0.65,0.7,0.12,0.03
6,PB_only,0.006073,0.2,0.25,0.4,0.5,0.7,0.85,0.95,0.0,0.0,0.0,0.08,0.04
8,PE_FED,0.00607,0.1,0.15,0.35,0.65,0.7,0.8,0.9,1.0,0.0,0.0,0.1,0.03
8,PE_FED,0.00607,0.1,0.15,0.35,0.65,0.7,0.8,0.9,1.0,0.0,0.0,0.08,0.03
8,PE_PB_FED,0.006069,0.15,0.2,0.35,0.6,0.75,0.85,0.95,0.5,0.5,0.8,0.08,0.05
6,PE_only,0.006063,0.2,0.25,0.35,0.6,0.65,0.75,0.9,0.0,0.0,0.0,0.1,0.04
6,PE_PB,0.006063,0.05,0.2,0.4,0.7,0.75,0.8,0.95,0.0,0.6,0.0,0.06,0.05
8,PE_PB_FED,0.006061,0.1,0.2,0.4,0.55,0.7,0.8,0.85,0.0,0.6,0.75,0.06,0.04
8,PE_FED,0.006057,0.2,0.25,0.35,0.5,0.65,0.8,0.85,0.0,0.0,0.0,0.1,0.05
8,PE_PB,0.006053,0.05,0.15,0.45,0.65,0.75,0.8,0.9,0.0,0.55,0.0,0.12,0.04
6,PB_FED,0.006052,0.15,0.25,0.3,0.6,0.65,0.75,0.85,0.5,0.0,0.0,0.08,0.04
6,PE_only,0.006051,0.1,0.15,0.4,0.55,0.65,0.85,0.95,0.0,0.0,0.0,0.12,0.03
6,PB_FED,0.006051,0.1,0.2,0.3,0.6,0.65,0.8,0.9,0.5,0.0,0.0,0.06,0.04
6,PE_only,0.00605,0.15,0.25,0.4,0.55,0.75,0.8,0.95,0.0,0.0,0.0,0.08,0.03
6,PB_FED,0.00605,0.05,0.15,0.35,0.5,0.7,0.75,0.95,0.5,0.0,0.0,0.1,0.05
8,PE_PB_FED,0.006043,0.1,0.3,0.45,0.6,0.65,0.75,0.9,-0.5,0.6,0.75,0.08,0.05
8,PE_PB,0.00604,0.05,0.25,0.4,0.55,0.7,0.75,0.95,0.0,0.5,0.0,0.08,0.05
8,PE_only,0.006039,0.1,0.2,0.45,0.5,0.65,0.8,0.9,0.0,0.0,0.0,0.06,0.03
6,PE_FED,0.006038,0.1,0.25,0.3,0.55,0.7,0.75,0.9,0.0,0.0,0.0,0.06,0.04
8,PE_PB,0.006033,0.1,0.3,0.45,0.5,0.65,0.75,0.95,0.0,0.65,0.0,0.1,0.03
8,PE_PB_FED,0.006033,0.1,0.3,0.35,0.6,0.7,0.8,0.85,0.0,0.65,0.7,0.08,0.03
6,PE_PB,0.00603,0.05,0.2,0.3,0.7,0.7,0.75,0.85,0.0,0.65,0.0,0.08,0.05
6,PE_only,0.006028,0.05,0.3,0.4,0.65,0.75,0.85,0.9,0.0,0.0,0.0,0.1,0.03
8,PE_PB_FED,0.006026,0.1,0.2,0.45,0.5,0.65,0.85,0.9,0.0,0.65,0.75,0.12,0.04
6,PE_FED,0.006025,0.15,0.2,0.3,0.6,0.65,0.8,0.9,-0.5,0.0,0.0,0.1,0.05
8,PE_FED,0.006024,0.05,0.2,0.35,0.5,0.75,0.8,0.85,-0.5,0.0,0.0,0.12,0.04
8,PE_FED,0.006015,0.05,0.25,0.45,0.65,0.7,0.85,0.95,1.0,0.0,0.0,0.06,0.03
8,PE_PB_FED,0.006015,0.1,0.25,0.3,0.5,0.75,0.85,0.95,0.5,0.55,0.75,0.06,0.03
8,PE_FED,0.006009,0.1,0.3,0.4,0.55,0.65,0.8,0.85,-0.5,0.0,0.0,0.08,0.05
6,PB_FED,0.006008,0.05,0.2,0.3,0.65,0.75,0.8,0.9,0.5,0.0,0.0,0.1,0.05
8,PE_FED,0.006003,0.05,0.2,0.45,0.5,0.65,0.85,0.95,1.0,0.0,0.0,0.1,0.04
8,PE_only,0.005994,0.2,0.25,0.3,0.55,0.65,0.75,0.85,0.0,0.0,0.0,0.06,0.05
8,PE_PB,0.005994,0.05,0.25,0.45,0.5,0.7,0.75,0.95,0.0,0.6,0.0,0.12,0.04
8,PE_only,0.005989,0.1,0.2,0.4,0.5,0.75,0.8,0.9,0.0,0.0,0.0,0.12,0.05
8,PE_PB_FED,0.005984,0.05,0.25,0.3,0.5,0.7,0.75,0.9,-0.5,0.6,0.8,0.06,0.03
6,PE_FED,0.005981,0.15,0.2,0.35,0.55,0.65,0.75,0.9,0.0,0.0,0.0,0.1,0.05
8,PE_PB,0.00598,0.15,0.25,0.4,0.65,0.7,0.8,0.9,0.0,0.6,0.0,0.06,0.03
8,PE_only,0.005978,0.05,0.15,0.3,0.5,0.65,0.8,0.85,0.0,0.0,0.0,0.06,0.04
8,PE_PB_FED,0.005976,0.1,0.25,0.45,0.65,0.7,0.85,0.9,-0.5,0.6,0.8,0.1,0.04
8,PE_PB,0.00597,0.05,0.25,0.4,0.7,0.7,0.8,0.85,0.0,0.65,0.0,0.1,0.03
6,PE_only,0.005961,0.1,0.3,0.45,0.65,0.7,0.8,0.85,0.0,0.0,0.0,0.06,0.04
6,PE_only,0.005957,0.1,0.15,0.35,0.5,0.7,0.8,0.95,0.0,0.0,0.0,0.12,0.05
6,PE_only,0.005957,0.1,0.15,0.35,0.5,0.75,0.8,0.95,0.0,0.0,0.0,0.06,0.05
8,PE_PB_FED,0.005951,0.05,0.15,0.4,0.5,0.7,0.85,0.9,0.0,0.55,0.8,0.06,0.04
6,PE_FED,0.005949,0.05,0.25,0.35,0.5,0.65,0.75,0.95,-0.5,0.0,0.0,0.12,0.05
6,PE_only,0.005948,0.15,0.2,0.45,0.55,0.75,0.8,0.95,0.0,0.0,0.0,0.08,0.04
6,PE_only,0.005941,0.2,0.25,0.3,0.55,0.65,0.75,0.95,0.0,0.0,0.0,0.1,0.03
8,PE_PB,0.00594,0.1,0.25,0.3,0.5,0.7,0.75,0.95,0.0,0.55,0.0,0.1,0.05
8,PE_PB,0.005922,0.15,0.2,0.35,0.5,0.65,0.8,0.95,0.0,0.5,0.0,0.08,0.03
8,PE_FED,0.005913,0.2,0.3,0.4,0.5,0.7,0.8,0.9,-0.5,0.0,0.0,0.06,0.03
8,PB_FED,0.005903,0.2,0.3,0.4,0.5,0.65,0.8,0.85,1.0,0.0,0.0,0.06,0.03
6,PE_only,0.005899,0.2,0.25,0.4,0.6,0.65,0.75,0.9,0.0,0.0,0.0,0.08,0.04
8,PE_PB,0.005899,0.1,0.25,0.45,0.5,0.75,0.8,0.95,0.0,0.6,0.0,0.06,0.03
6,PE_PB,0.005897,0.15,0.25,0.4,0.65,0.75,0.8,0.9,0.0,0.65,0.0,0.12,0.05
6,PE_only,0.005896,0.15,0.2,0.3,0.6,0.7,0.8,0.9,0.0,0.0,0.0,0.12,0.05
8,PE_PB_FED,0.005896,0.2,0.3,0.35,0.55,0.65,0.75,0.95,1.0,0.55,0.8,0.08,0.03
6,PE_only,0.005891,0.2,0.3,0.4,0.65,0.75,0.85,0.9,0.0,0.0,0.0,0.08,0.03
8,PE_PB,0.00589,0.15,0.2,0.3,0.6,0.7,0.85,0.9,0.0,0.65,0.0,0.06,0.03
6,PB_only,0.005889,0.15,0.25,0.45,0.5,0.65,0.85,0.9,0.0,0.0,0.0,0.06,0.05
6,PB_only,0.005882,0.05,0.3,0.45,0.5,0.75,0.8,0.9,0.0,0.0,0.0,0.12,0.04
8,PE_PB,0.005879,0.2,0.25,0.35,0.7,0.7,0.75,0.85,0.0,0.65,0.0,0.06,0.03
8,PE_FED,0.005879,0.15,0.2,0.4,0.5,0.65,0.8,0.9,0.5,0.0,0.0,0.06,0.05
8,PE_PB,0.005877,0.05,0.2,0.45,0.65,0.65,0.75,0.9,0.0,0.55,0.0,0.06,0.04
6,PE_PB,0.005876,0.05,0.15,0.35,0.65,0.65,0.85,0.95,0.0,0.6,0.0,0.12,0.04
6,PE_FED,0.005874,0.1,0.25,0.3,0.5,0.7,0.85,0.95,0.0,0.0,0.0,0.12,0.05
8,PE_PB,0.005874,0.1,0.15,0.45,0.6,0.7,0.85,0.95,0.0,0.5,0.0,0.08,0.04
6,PE_PB,0.005869,0.1,0.15,0.3,0.7,0.7,0.75,0.95,0.0,0.55,0.0,0.08,0.03
6,PE_FED,0.005869,0.05,0.15,0.45,0.6,0.7,0.8,0.9,0.0,0.0,0.0,0.12,0.03
6,PE_PB_FED,0.005868,0.05,0.15,0.4,0.7,0.65,0.75,0.9,-0.5,0.65,0.8,0.1,0.03
8,PE_PB_FED,0.005868,0.15,0.3,0.35,0.5,0.65,0.75,0.95,0.5,0.5,0.7,0.06,0.04
8,PE_PB_FED,0.005868,0.1,0.15,0.3,0.55,0.7,0.8,0.85,-0.5,0.6,0.75,0.08,0.04
6,PE_PB,0.005862,0.05,0.25,0.45,0.65,0.65,0.8,0.9,0.0,0.65,0.0,0.12,0.03
8,PE_PB_FED,0.005856,0.1,0.25,0.35,0.6,0.75,0.8,0.85,-0.5,0.65,0.8,0.12,0.03
8,PE_PB,0.005854,0.1,0.2,0.3,0.7,0.7,0.75,0.9,0.0,0.5,0.0,0.08,0.03
8,PE_PB_FED,0.00585,0.15,0.25,0.45,0.7,0.75,0.85,0.9,0.0,0.55,0.8,0.12,0.05
8,PE_PB_FED,0.005848,0.15,0.3,0.4,0.65,0.7,0.8,0.95,0.5,0.5,0.7,0.08,0.05
8,PE_PB,0.005847,0.05,0.15,0.3,0.65,0.65,0.75,0.9,0.0,0.5,0.0,0.06,0.05
8,PE_PB_FED,0.005847,0.15,0.25,0.35,0.65,0.7,0.85,0.9,0.0,0.55,0.75,0.12,0.05
6,PB_only,0.005846,0.05,0.3,0.45,0.5,0.7,0.8,0.95,0.0,0.0,0.0,0.12,0.03
6,PE_FED,0.005844,0.1,0.2,0.45,0.7,0.75,0.85,0.9,0.0,0.0,0.0,0.1,0.05
6,PB_only,0.005836,0.15,0.25,0.45,0.5,0.7,0.85,0.9,0.0,0.0,0.0,0.1,0.05
8,PE_PB_FED,0.005835,0.05,0.25,0.3,0.65,0.65,0.85,0.9,-0.5,0.6,0.75,0.12,0.05
6,PB_FED,0.005834,0.1,0.25,0.4,0.6,0.65,0.75,0.9,0.5,0.0,0.0,0.08,0.04
8,PE_FED,0.005834,0.05,0.2,0.4,0.65,0.65,0.75,0.9,1.0,0.0,0.0,0.12,0.03
8,PE_PB,0.00583,0.05,0.2,0.3,0.6,0.65,0.8,0.9,0.0,0.6,0.0,0.12,0.05
8,PE_FED,0.005829,0.15,0.2,0.45,0.7,0.65,0.75,0.85,0.5,0.0,0.0,0.1,0.04
8,PE_PB,0.005824,0.15,0.3,0.35,0.7,0.7,0.75,0.85,0.0,0.65,0.0,0.1,0.05
6,PE_only,0.005814,0.15,0.25,0.35,0.6,0.75,0.8,0.9,0.0,0.0,0.0,0.06,0.04
6,PE_only,0.005814,0.05,0.25,0.35,0.55,0.75,0.8,0.95,0.0,0.0,0.0,0.12,0.04
8,PB_FED,0.00581,0.2,0.3,0.35,0.55,0.7,0.8,0.85,1.0,0.0,0.0,0.12,0.05
6,PE_PB_FED,0.0058,0.1,0.2,0.45,0.7,0.65,0.8,0.95,-0.5,0.6,0.8,0.08,0.04
6,PE_only,0.005797,0.1,0.25,0.45,0.6,0.65,0.75,0.9,0.0,0.0,0.0,0.08,0.04
6,PE_PB_FED,0.005791,0.2,0.25,0.35,0.6,0.65,0.8,0.95,0.0,0.65,0.7,0.08,0.04
6,PE_only,0.005789,0.1,0.25,0.3,0.6,0.75,0.8,0.9,0.0,0.0,0.0,0.1,0.03
8,PE_FED,0.005788,0.15,0.2,0.3,0.5,0.7,0.85,0.95,1.0,0.0,0.0,0.06,0.05
8,PE_FED,0.005784,0.05,0.2,0.35,0.6,0.7,0.85,0.9,0.5,0.0,0.0,0.06,0.04
8,PE_PB_FED,0.005781,0.05,0.2,0.45,0.55,0.75,0.85,0.95,1.0,0.65,0.7,0.1,0.03
8,PE_PB,0.005778,0.05,0.3,0.45,0.6,0.65,0.75,0.9,0.0,0.65,0.0,0.12,0.03
8,PE_only,0.005777,0.15,0.25,0.4,0.5,0.65,0.8,0.9,0.0,0.0,0.0,0.08,0.03
6,PB_FED,0.005769,0.1,0.2,0.3,0.7,0.7,0.8,0.9,0.5,0.0,0.0,0.08,0.05
6,PE_FED,0.005764,0.05,0.3,0.4,0.7,0.65,0.8,0.9,0.0,0.0,0.0,0.12,0.05
6,PB_only,0.005756,0.2,0.3,0.4,0.5,0.65,0.8,0.95,0.0,0.0,0.0,0.06,0.05
6,PB_only,0.005755,0.1,0.3,0.35,0.5,0.65,0.85,0.95,0.0,0.0,0.0,0.08,0.05
6,PE_FED,0.005753,0.2,0.3,0.45,0.7,0.65,0.8,0.9,0.0,0.0,0.0,0.06,0.03
8,PE_only,0.005752,0.1,0.15,0.4,0.5,0.7,0.75,0.85,0.0,0.0,0.0,0.06,0.05
8,PE_FED,0.005752,0.15,0.25,0.3,0.6,0.75,0.85,0.95,1.0,0.0,0.0,0.12,0.03
8,PE_PB_FED,0.005751,0.05,0.3,0.4,0.55,0.7,0.8,0.95,1.0,0.6,0.8,0.1,0.05
6,PE_only,0.00575,0.15,0.3,0.45,0.65,0.75,0.8,0.85,0.0,0.0,0.0,0.12,0.03
8,PE_only,0.005746,0.1,0.3,0.45,0.55,0.65,0.8,0.9,0.0,0.0,0.0,0.12,0.05
8,PE_PB,0.005743,0.15,0.2,0.4,0.5,0.7,0.75,0.95,0.0,0.5,0.0,0.12,0.04
6,PB_FED,0.005741,0.15,0.2,0.35,0.65,0.65,0.8,0.95,0.5,0.0,0.0,0.1,0.03
6,PE_FED,0.00574,0.1,0.15,0.4,0.65,0.65,0.75,0.85,0.0,0.0,0.0,0.1,0.03
8,PE_FED,0.005734,0.2,0.3,0.45,0.55,0.7,0.75,0.85,-0.5,0.0,0.0,0.1,0.05
8,PE_PB,0.005726,0.15,0.2,0.45,0.7,0.75,0.8,0.9,0.0,0.55,0.0,0.08,0.03
6,PE_FED,0.005722,0.05,0.25,0.35,0.65,0.7,0.75,0.85,-0.5,0.0,0.0,0.08,0.05
8,PE_PB,0.005721,0.05,0.15,0.3,0.65,0.75,0.8,0.85,0.0,0.6,0.0,0.06,0.05
8,PE_only,0.005718,0.05,0.2,0.45,0.55,0.75,0.8,0.85,0.0,0.0,0.0,0.08,0.04
8,PE_PB_FED,0.005718,0.05,0.2,0.3,0.7,0.7,0.8,0.85,0.0,0.5,0.7,0.12,0.05
6,PE_PB_FED,0.005717,0.15,0.3,0.35,0.6,0.75,0.8,0.95,0.0,0.65,0.7,0.1,0.03
8,PE_PB,0.005717,0.05,0.2,0.3,0.7,0.65,0.75,0.85,0.0,0.6,0.0,0.06,0.05
8,PE_PB_FED,0.005715,0.15,0.3,0.45,0.65,0.75,0.85,0.95,0.5,0.6,0.7,0.12,0.05
8,PE_FED,0.005709,0.05,0.3,0.4,0.5,0.65,0.85,0.9,0.0,0.0,0.0,0.08,0.03
8,PE_PB_FED,0.005702,0.2,0.3,0.35,0.55,0.65,0.85,0.95,-0.5,0.55,0.75,0.12,0.04
8,PE_FED,0.005701,0.2,0.25,0.3,0.6,0.65,0.8,0.9,0.5,0.0,0.0,0.1,0.05
6,PE_FED,0.005699,0.2,0.3,0.4,0.5,0.7,0.75,0.95,0.0,0.0,0.0,0.1,0.03
6,PE_PB_FED,0.005699,0.2,0.25,0.35,0.7,0.7,0.8,0.95,0.0,0.6,0.8,0.12,0.03
6,PB_only,0.005698,0.15,0.25,0.45,0.5,0.7,0.85,0.95,0.0,0.0,0.0,0.12,0.04
8,PE_PB_FED,0.005698,0.05,0.2,0.3,0.55,0.75,0.8,0.85,-0.5,0.65,0.75,0.06,0.04
8,PE_PB,0.005695,0.05,0.25,0.45,0.55,0.65,0.75,0.95,0.0,0.5,0.0,0.12,0.04
8,PE_PB_FED,0.005695,0.1,0.25,0.45,0.55,0.65,0.8,0.85,0.0,0.65,0.8,0.1,0.03
8,PE_PB_FED,0.005695,0.1,0.2,0.4,0.7,0.7,0.8,0.9,0.5,0.55,0.75,0.06,0.04
6,PE_only,0.005692,0.1,0.15,0.4,0.5,0.75,0.8,0.95,0.0,0.0,0.0,0.1,0.05
8,PE_PB_FED,0.005689,0.15,0.25,0.35,0.65,0.65,0.8,0.95,1.0,0.5,0.8,0.1,0.05
6,PE_PB,0.005686,0.1,0.3,0.35,0.65,0.7,0.8,0.9,0.0,0.65,0.0,0.08,0.03
8,PE_PB_FED,0.005685,0.1,0.15,0.45,0.65,0.65,0.75,0.85,0.5,0.65,0.8,0.08,0.05
6,PE_FED,0.005682,0.05,0.25,0.45,0.5,0.65,0.8,0.95,0.0,0.0,0.0,0.08,0.03
8,PE_FED,0.005682,0.1,0.25,0.3,0.65,0.65,0.85,0.9,0.5,0.0,0.0,0.1,0.04
8,PE_only,0.005679,0.15,0.2,0.3,0.5,0.65,0.85,0.9,0.0,0.0,0.0,0.12,0.04
6,PE_FED,0.00567,0.05,0.25,0.3,0.5,0.7,0.8,0.95,-0.5,0.0,0.0,0.1,0.05
8,PE_PB,0.00567,0.05,0.15,0.45,0.55,0.7,0.85,0.95,0.0,0.5,0.0,0.06,0.04
8,PE_PB_FED,0.005666,0.05,0.25,0.3,0.5,0.65,0.85,0.95,0.5,0.55,0.8,0.06,0.03
8,PE_PB,0.005664,0.1,0.15,0.45,0.6,0.7,0.85,0.95,0.0,0.5,0.0,0.1,0.05
8,PE_PB,0.005664,0.1,0.3,0.45,0.7,0.7,0.75,0.95,0.0,0.5,0.0,0.1,0.04
8,PE_PB_FED,0.005664,0.15,0.2,0.35,0.6,0.7,0.85,0.9,0.0,0.5,0.7,0.08,0.04
8,PE_FED,0.005662,0.05,0.2,0.4,0.6,0.7,0.75,0.85,0.5,0.0,0.0,0.08,0.04
6,PE_only,0.00566,0.2,0.25,0.3,0.55,0.65,0.75,0.95,0.0,0.0,0.0,0.1,0.05
8,PE_only,0.005657,0.2,0.3,0.45,0.6,0.7,0.8,0.85,0.0,0.0,0.0,0.06,0.05
8,PE_only,0.005654,0.2,0.3,0.45,0.6,0.75,0.8,0.85,0.0,0.0,0.0,0.1,0.04
6,PB_FED,0.005653,0.1,0.2,0.4,0.7,0.75,0.8,0.9,0.5,0.0,0.0,0.1,0.03
6,PE_PB,0.005649,0.15,0.2,0.3,0.65,0.7,0.75,0.85,0.0,0.65,0.0,0.08,0.04
6,PB_only,0.00564,0.1,0.3,0.45,0.5,0.7,0.8,0.9,0.0,0.0,0.0,0.06,0.05
6,PE_only,0.005638,0.15,0.25,0.4,0.6,0.7,0.8,0.9,0.0,0.0,0.0,0.12,0.04
6,PE_PB,0.005633,0.1,0.15,0.45,0.6,0.65,0.85,0.95,0.0,0.65,0.0,0.06,0.04
6,PE_FED,0.005632,0.15,0.25,0.35,0.65,0.75,0.85,0.9,0.0,0.0,0.0,0.08,0.04
6,PE_PB_FED,0.005629,0.1,0.3,0.4,0.6,0.65,0.8,0.95,0.0,0.65,0.7,0.12,0.03
8,PE_FED,0.005629,0.05,0.25,0.45,0.65,0.75,0.8,0.9,0.5,0.0,0.0,0.08,0.05
8,PE_FED,0.005628,0.1,0.15,0.3,0.6,0.7,0.8,0.9,1.0,0.0,0.0,0.06,0.04
8,PE_PB_FED,0.005622,0.05,0.15,0.45,0.7,0.75,0.8,0.9,0.5,0.5,0.8,0.08,0.04
6,PE_PB,0.00562,0.15,0.25,0.35,0.7,0.7,0.8,0.95,0.0,0.6,0.0,0.06,0.04
8,PE_PB,0.00562,0.1,0.3,0.45,0.6,0.75,0.85,0.95,0.0,0.6,0.0,0.1,0.05
8,PE_PB_FED,0.005618,0.2,0.25,0.45,0.7,0.75,0.8,0.85,0.0,0.6,0.7,0.08,0.05
6,PE_PB,0.005616,0.2,0.3,0.4,0.7,0.65,0.8,0.9,0.0,0.65,0.0,0.12,0.04
8,PE_PB,0.005613,0.2,0.25,0.3,0.55,0.65,0.75,0.9,0.0,0.65,0.0,0.06,0.03
6,PE_FED,0.005609,0.05,0.25,0.3,0.7,0.75,0.85,0.9,0.0,0.0,0.0,0.12,0.03
8,PE_PB,0.005609,0.1,0.2,0.3,0.5,0.75,0.85,0.95,0.0,0.6,0.0,0.1,0.05
6,PE_PB_FED,0.005608,0.2,0.3,0.35,0.7,0.75,0.8,0.95,0.0,0.65,0.8,0.12,0.04
8,PE_PB,0.005607,0.1,0.25,0.3,0.55,0.75,0.85,0.95,0.0,0.55,0.0,0.06,0.03
8,PE_only,0.005606,0.15,0.3,0.4,0.5,0.7,0.75,0.9,0.0,0.0,0.0,0.1,0.03
8,PE_PB,0.005605,0.2,0.25,0.35,0.65,0.65,0.85,0.95,0.0,0.55,0.0,0.06,0.05
8,PE_FED,0.005597,0.15,0.3,0.35,0.5,0.65,0.8,0.85,0.0,0.0,0.0,0.1,0.05
8,PE_FED,0.005596,0.15,0.3,0.35,0.5,0.75,0.8,0.85,0.0,0.0,0.0,0.12,0.04
6,PE_only,0.005595,0.15,0.2,0.35,0.6,0.7,0.8,0.9,0.0,0.0,0.0,0.08,0.05
8,PE_PB,0.005595,0.2,0.25,0.35,0.5,0.7,0.75,0.95,0.0,0.6,0.0,0.06,0.04
6,PB_FED,0.005593,0.05,0.2,0.35,0.65,0.65,0.8,0.95,0.5,0.0,0.0,0.08,0.05
8,PE_PB_FED,0.005591,0.15,0.2,0.4,0.5,0.65,0.75,0.85,0.0,0.6,0.75,0.08,0.04
6,PE_only,0.005589,0.05,0.3,0.45,0.65,0.75,0.8,0.85,0.0,0.0,0.0,0.06,0.04
6,PE_PB_FED,0.005588,0.1,0.2,0.3,0.7,0.65,0.75,0.9,-0.5,0.65,0.75,0.12,0.03
8,PE_FED,0.005584,0.1,0.15,0.45,0.6,0.65,0.8,0.9,1.0,0.0,0.0,0.08,0.03
8,PE_FED,0.005581,0.05,0.2,0.3,0.7,0.65,0.8,0.85,0.5,0.0,0.0,0.06,0.05
8,PE_PB,0.005578,0.15,0.3,0.45,0.7,0.7,0.75,0.95,0.0,0.5,0.0,0.1,0.05
6,PB_FED,0.005574,0.15,0.2,0.35,0.65,0.75,0.8,0.85,0.5,0.0,0.0,0.06,0.04
6,PE_PB_FED,0.005567,0.2,0.25,0.45,0.65,0.65,0.75,0.95,0.0,0.6,0.7,0.06,0.03
8,PE_PB,0.005565,0.15,0.2,0.45,0.65,0.7,0.8,0.85,0.0,0.65,0.0,0.1,0.04
8,PE_PB,0.005564,0.1,0.2,0.4,0.65,0.65,0.85,0.95,0.0,0.5,0.0,0.08,0.05
8,PE_PB_FED,0.005562,0.05,0.25,0.4,0.5,0.65,0.8,0.95,1.0,0.5,0.7,0.1,0.04
6,PE_PB,0.00556,0.15,0.2,0.4,0.6,0.65,0.8,0.95,0.0,0.6,0.0,0.08,0.03
6,PB_FED,0.00556,0.1,0.15,0.3,0.55,0.75,0.8,0.95,0.5,0.0,0.0,0.08,0.05
6,PB_only,0.005557,0.15,0.3,0.35,0.5,0.75,0.8,0.85,0.0,0.0,0.0,0.12,0.05
8,PE_FED,0.005556,0.15,0.25,0.35,0.7,0.7,0.85,0.9,0.5,0.0,0.0,0.1,0.04
8,PE_PB,0.005554,0.1,0.15,0.45,0.6,0.65,0.75,0.9,0.0,0.55,0.0,0.06,0.05
8,PE_PB,0.005554,0.1,0.3,0.45,0.5,0.65,0.8,0.95,0.0,0.65,0.0,0.12,0.03
8,PE_FED,0.005553,0.15,0.25,0.35,0.7,0.75,0.85,0.9,0.5,0.0,0.0,0.1,0.04
8,PE_PB,0.005552,0.05,0.25,0.3,0.55,0.65,0.75,0.9,0.0,0.6,0.0,0.12,0.04
8,PE_PB,0.005552,0.05,0.2,0.35,0.7,0.7,0.75,0.85,0.0,0.6,0.0,0.08,0.03
8,PE_PB,0.005546,0.05,0.25,0.3,0.7,0.75,0.8,0.9,0.0,0.55,0.0,0.08,0.04
8,PE_only,0.005541,0.15,0.2,0.3,0.5,0.75,0.85,0.9,0.0,0.0,0.0,0.06,0.04
8,PE_PB,0.005538,0.05,0.15,0.45,0.6,0.7,0.8,0.9,0.0,0.55,0.0,0.06,0.04
8,PE_FED,0.005535,0.15,0.2,0.45,0.65,0.7,0.75,0.85,0.5,0.0,0.0,0.12,0.05
6,PE_only,0.005531,0.2,0.25,0.35,0.55,0.65,0.75,0.95,0.0,0.0,0.0,0.12,0.04
8,PE_PB,0.005528,0.2,0.25,0.45,0.65,0.7,0.75,0.95,0.0,0.5,0.0,0.1,0.04
6,PE_PB,0.005525,0.15,0.2,0.3,0.6,0.7,0.8,0.95,0.0,0.6,0.0,0.12,0.04
8,PE_FED,0.005518,0.15,0.2,0.4,0.7,0.7,0.85,0.9,0.5,0.0,0.0,0.1,0.03
6,PE_FED,0.005514,0.1,0.3,0.35,0.7,0.65,0.75,0.85,-0.5,0.0,0.0,0.1,0.03
6,PB_FED,0.005508,0.05,0.3,0.45,0.5,0.75,0.85,0.95,-0.5,0.0,0.0,0.06,0.04
8,PE_PB_FED,0.005507,0.05,0.2,0.35,0.65,0.75,0.85,0.9,-0.5,0.55,0.7,0.1,0.03
8,PE_PB_FED,0.005504,0.2,0.25,0.45,0.5,0.7,0.8,0.95,0.5,0.55,0.75,0.12,0.05
6,PE_FED,0.005502,0.2,0.25,0.45,0.65,0.7,0.85,0.9,-0.5,0.0,0.0,0.1,0.04
8,PE_only,0.005502,0.1,0.2,0.3,0.5,0.7,0.85,0.9,0.0,0.0,0.0,0.12,0.04
8,PE_FED,0.005501,0.15,0.3,0.45,0.55,0.65,0.8,0.85,-0.5,0.0,0.0,0.08,0.05
8,PE_PB_FED,0.005498,0.1,0.25,0.3,0.65,0.7,0.8,0.9,-0.5,0.5,0.7,0.08,0.04
6,PE_FED,0.005497,0.05,0.25,0.3,0.6,0.65,0.8,0.9,0.0,0.0,0.0,0.06,0.03
6,PB_FED,0.005492,0.05,0.2,0.3,0.7,0.75,0.85,0.9,0.5,0.0,0.0,0.08,0.03
8,PE_PB_FED,0.005492,0.2,0.25,0.45,0.65,0.65,0.8,0.95,1.0,0.6,0.7,0.12,0.05
6,PE_only,0.005491,0.05,0.2,0.45,0.55,0.7,0.8,0.95,0.0,0.0,0.0,0.1,0.05
8,PE_FED,0.005491,0.05,0.25,0.45,0.65,0.65,0.85,0.95,1.0,0.0,0.0,0.12,0.05
6,PE_PB_FED,0.00549,0.05,0.15,0.45,0.65,0.75,0.85,0.95,0.0,0.6,0.8,0.1,0.05
8,PE_PB,0.005485,0.05,0.15,0.4,0.55,0.7,0.75,0.85,0.0,0.65,0.0,0.08,0.04
8,PE_FED,0.005485,0.15,0.2,0.3,0.65,0.65,0.8,0.85,0.5,0.0,0.0,0.06,0.04
8,PE_only,0.005482,0.2,0.25,0.4,0.55,0.7,0.75,0.85,0.0,0.0,0.0,0.06,0.05
8,PE_PB_FED,0.005481,0.1,0.15,0.3,0.55,0.7,0.8,0.85,0.0,0.5,0.7,0.1,0.04
8,PE_only,0.005474,0.15,0.25,0.35,0.55,0.75,0.8,0.85,0.0,0.0,0.0,0.06,0.03
8,PE_PB,0.005474,0.1,0.15,0.3,0.65,0.65,0.8,0.85,0.0,0.6,0.0,0.1,0.05
8,PE_PB,0.005473,0.05,0.2,0.4,0.65,0.65,0.8,0.9,0.0,0.55,0.0,0.12,0.03
6,PE_only,0.005471,0.1,0.15,0.45,0.55,0.7,0.85,0.95,0.0,0.0,0.0,0.1,0.05
6,PB_only,0.005468,0.05,0.3,0.4,0.5,0.7,0.8,0.85,0.0,0.0,0.0,0.06,0.05
8,PB_FED,0.005468,0.15,0.3,0.35,0.5,0.7,0.85,0.9,1.0,0.0,0.0,0.08,0.04
8,PE_PB,0.005463,0.2,0.25,0.4,0.65,0.75,0.85,0.95,0.0,0.55,0.0,0.12,0.05
8,PE_PB,0.005456,0.05,0.3,0.4,0.7,0.7,0.8,0.9,0.0,0.6,0.0,0.06,0.04
6,PE_PB,0.005449,0.1,0.2,0.3,0.6,0.65,0.85,0.95,0.0,0.65,0.0,0.08,0.03
8,PB_FED,0.005448,0.2,0.25,0.35,0.5,0.7,0.8,0.85,1.0,0.0,0.0,0.06,0.05
6,PE_FED,0.005446,0.05,0.15,0.3,0.65,0.7,0.8,0.85,0.0,0.0,0.0,0.1,0.04
8,PE_PB,0.005445,0.15,0.25,0.45,0.6,0.7,0.8,0.9,0.0,0.65,0.0,0.12,0.05
6,PE_FED,0.005443,0.2,0.3,0.45,0.65,0.7,0.8,0.9,-0.5,0.0,0.0,0.1,0.03
8,PE_PB,0.00544,0.05,0.2,0.3,0.55,0.65,0.8,0.9,0.0,0.6,0.0,0.08,0.04
6,PE_FED,0.005438,0.1,0.25,0.4,0.5,0.75,0.8,0.95,-0.5,0.0,0.0,0.06,0.04
8,PE_PB,0.00543,0.2,0.3,0.35,0.65,0.7,0.75,0.95,0.0,0.5,0.0,0.08,0.03
8,PE_PB_FED,0.005429,0.05,0.25,0.35,0.55,0.7,0.85,0.9,0.0,0.6,0.8,0.06,0.05
6,PB_FED,0.005424,0.15,0.2,0.45,0.65,0.7,0.8,0.9,0.5,0.0,0.0,0.08,0.03
6,PE_only,0.005416,0.1,0.15,0.3,0.6,0.7,0.75,0.85,0.0,0.0,0.0,0.08,0.05
8,PE_PB_FED,0.005415,0.05,0.25,0.45,0.6,0.65,0.75,0.85,0.0,0.55,0.7,0.12,0.04
6,PE_only,0.005412,0.15,0.2,0.4,0.6,0.75,0.8,0.9,0.0,0.0,0.0,0.12,0.05
8,PE_FED,0.00541,0.15,0.25,0.45,0.55,0.75,0.8,0.9,0.5,0.0,0.0,0.08,0.05
6,PE_PB,0.005409,0.05,0.3,0.45,0.7,0.65,0.8,0.9,0.0,0.65,0.0,0.1,0.03
8,PE_PB_FED,0.005408,0.1,0.2,0.45,0.5,0.7,0.8,0.9,0.0,0.55,0.7,0.1,0.05
6,PB_FED,0.005407,0.05,0.2,0.45,0.55,0.65,0.75,0.95,0.5,0.0,0.0,0.12,0.05
8,PE_PB_FED,0.005406,0.1,0.25,0.35,0.5,0.75,0.85,0.95,0.5,0.55,0.7,0.1,0.04
6,PE_FED,0.005403,0.05,0.15,0.3,0.6,0.7,0.75,0.85,0.0,0.0,0.0,0.08,0.04
8,PE_PB,0.005403,0.1,0.2,0.45,0.55,0.75,0.85,0.95,0.0,0.55,0.0,0.06,0.05
8,PE_PB_FED,0.005402,0.1,0.15,0.4,0.55,0.75,0.8,0.9,0.5,0.5,0.8,0.12,0.03
6,PB_FED,0.005398,0.1,0.2,0.3,0.55,0.7,0.8,0.9,0.5,0.0,0.0,0.12,0.03
8,PE_PB,0.005398,0.1,0.2,0.3,0.65,0.65,0.75,0.85,0.0,0.6,0.0,0.12,0.04
8,PE_PB_FED,0.005389,0.15,0.25,0.35,0.5,0.7,0.85,0.95,-0.5,0.5,0.8,0.1,0.03
8,PE_only,0.005382,0.2,0.25,0.45,0.5,0.65,0.75,0.9,0.0,0.0,0.0,0.06,0.03
8,PE_PB,0.005378,0.05,0.2,0.4,0.7,0.7,0.75,0.85,0.0,0.6,0.0,0.1,0.03
8,PE_PB_FED,0.005377,0.15,0.2,0.3,0.65,0.65,0.75,0.85,0.5,0.65,0.75,0.1,0.04
8,PE_PB,0.00537,0.05,0.2,0.45,0.65,0.7,0.8,0.9,0.0,0.6,0.0,0.06,0.05
6,PE_PB,0.005365,0.1,0.15,0.3,0.6,0.65,0.85,0.95,0.0,0.6,0.0,0.12,0.04
8,PE_PB,0.005365,0.1,0.2,0.35,0.5,0.65,0.75,0.9,0.0,0.65,0.0,0.08,0.03
8,PE_PB,0.005364,0.15,0.25,0.3,0.65,0.65,0.8,0.85,0.0,0.65,0.0,0.08,0.05
8,PE_PB_FED,0.005364,0.2,0.25,0.35,0.65,0.75,0.8,0.9,0.0,0.5,0.75,0.1,0.05
8,PE_PB_FED,0.005361,0.2,0.25,0.3,0.6,0.75,0.8,0.85,-0.5,0.65,0.8,0.08,0.05
8,PE_PB_FED,0.00535,0.15,0.2,0.4,0.7,0.65,0.85,0.95,1.0,0.6,0.8,0.12,0.05
8,PE_FED,0.005347,0.15,0.2,0.4,0.55,0.7,0.85,0.9,0.5,0.0,0.0,0.06,0.04
6,PE_only,0.005346,0.1,0.2,0.35,0.5,0.7,0.75,0.95,0.0,0.0,0.0,0.12,0.03
8,PE_PB,0.005343,0.1,0.3,0.4,0.7,0.65,0.75,0.85,0.0,0.65,0.0,0.1,0.03
8,PE_PB,0.005337,0.15,0.25,0.35,0.5,0.7,0.75,0.95,0.0,0.5,0.0,0.12,0.03
6,PE_only,0.005333,0.05,0.2,0.35,0.6,0.75,0.8,0.9,0.0,0.0,0.0,0.06,0.05
8,PE_PB_FED,0.005332,0.05,0.25,0.45,0.65,0.65,0.8,0.9,0.5,0.65,0.8,0.1,0.04
6,PE_only,0.005329,0.15,0.2,0.35,0.5,0.7,0.75,0.95,0.0,0.0,0.0,0.12,0.04
8,PE_PB,0.005328,0.1,0.2,0.3,0.6,0.65,0.75,0.9,0.0,0.55,0.0,0.08,0.05
6,PE_only,0.005325,0.1,0.25,0.45,0.6,0.65,0.75,0.9,0.0,0.0,0.0,0.06,0.03
6,PE_only,0.005324,0.15,0.25,0.45,0.55,0.65,0.75,0.95,0.0,0.0,0.0,0.1,0.05
6,PE_FED,0.005323,0.2,0.25,0.35,0.65,0.7,0.85,0.9,-0.5,0.0,0.0,0.08,0.05
8,PE_PB_FED,0.005309,0.15,0.2,0.4,0.55,0.65,0.85,0.9,-0.5,0.6,0.7,0.06,0.04
6,PE_PB,0.005307,0.05,0.3,0.4,0.7,0.75,0.8,0.9,0.0,0.65,0.0,0.1,0.05
8,PE_only,0.005302,0.1,0.15,0.35,0.5,0.75,0.85,0.9,0.0,0.0,0.0,0.08,0.05
8,PE_FED,0.005301,0.05,0.2,0.35,0.7,0.7,0.8,0.85,0.5,0.0,0.0,0.06,0.03
8,PE_PB_FED,0.005301,0.1,0.3,0.45,0.6,0.7,0.85,0.95,-0.5,0.5,0.75,0.1,0.04
8,PE_PB,0.005298,0.1,0.25,0.35,0.65,0.65,0.85,0.9,0.0,0.65,0.0,0.06,0.05
8,PE_FED,0.005298,0.05,0.2,0.45,0.55,0.65,0.75,0.9,1.0,0.0,0.0,0.06,0.03
8,PE_PB,0.005295,0.1,0.3,0.4,0.7,0.7,0.85,0.9,0.0,0.65,0.0,0.12,0.05
8,PE_PB,0.005289,0.15,0.2,0.35,0.6,0.7,0.85,0.95,0.0,0.5,0.0,0.08,0.04
8,PE_PB,0.005289,0.1,0.2,0.35,0.6,0.7,0.85,0.95,0.0,0.5,0.0,0.12,0.04
6,PB_only,0.005282,0.05,0.25,0.45,0.5,0.7,0.85,0.95,0.0,0.0,0.0,0.12,0.04
8,PE_PB,0.00528,0.1,0.25,0.35,0.6,0.75,0.8,0.9,0.0,0.6,0.0,0.06,0.03
6,PE_only,0.005274,0.05,0.3,0.35,0.6,0.65,0.75,0.9,0.0,0.0,0.0,0.06,0.04
8,PE_PB_FED,0.005273,0.15,0.2,0.35,0.7,0.65,0.75,0.85,0.5,0.65,0.75,0.08,0.03
6,PB_FED,0.005272,0.1,0.15,0.35,0.6,0.7,0.75,0.9,1.0,0.0,0.0,0.08,0.04
8,PE_PB_FED,0.005272,0.1,0.25,0.35,0.65,0.65,0.85,0.9,0.0,0.5,0.7,0.12,0.04
8,PE_PB,0.005271,0.05,0.3,0.35,0.65,0.65,0.8,0.95,0.0,0.5,0.0,0.1,0.04
8,PE_PB,0.005271,0.05,0.3,0.35,0.65,0.7,0.8,0.95,0.0,0.5,0.0,0.12,0.04
6,PE_only,0.00527,0.1,0.2,0.45,0.6,0.75,0.8,0.9,0.0,0.0,0.0,0.08,0.03
8,PE_PB_FED,0.00527,0.1,0.2,0.45,0.55,0.65,0.8,0.9,0.5,0.65,0.75,0.08,0.05
6,PE_FED,0.005269,0.1,0.3,0.45,0.7,0.7,0.8,0.85,-0.5,0.0,0.0,0.08,0.04
6,PE_only,0.005262,0.1,0.2,0.3,0.5,0.75,0.8,0.95,0.0,0.0,0.0,0.1,0.04
6,PE_FED,0.005261,0.1,0.25,0.3,0.6,0.65,0.8,0.9,0.0,0.0,0.0,0.06,0.05
6,PB_FED,0.005257,0.05,0.25,0.3,0.65,0.75,0.8,0.95,0.5,0.0,0.0,0.06,0.04
8,PE_only,0.005257,0.1,0.25,0.45,0.55,0.7,0.85,0.9,0.0,0.0,0.0,0.08,0.03
8,PE_PB,0.005257,0.15,0.3,0.4,0.7,0.65,0.8,0.85,0.0,0.65,0.0,0.06,0.04
6,PE_PB,0.005253,0.05,0.15,0.4,0.55,0.7,0.75,0.95,0.0,0.65,0.0,0.12,0.03
6,PE_FED,0.005252,0.2,0.25,0.3,0.65,0.75,0.85,0.9,0.0,0.0,0.0,0.12,0.04
8,PE_PB,0.005247,0.05,0.25,0.45,0.65,0.65,0.8,0.9,0.0,0.6,0.0,0.12,0.04
6,PE_FED,0.005246,0.05,0.25,0.4,0.6,0.75,0.8,0.9,-0.5,0.0,0.0,0.08,0.04
6,PE_only,0.005239,0.05,0.2,0.35,0.5,0.7,0.75,0.95,0.0,0.0,0.0,0.06,0.03
6,PE_PB,0.005237,0.1,0.15,0.35,0.65,0.75,0.85,0.9,0.0,0.65,0.0,0.06,0.03
6,PE_FED,0.005236,0.05,0.15,0.45,0.6,0.7,0.8,0.9,0.0,0.0,0.0,0.06,0.05
6,PB_FED,0.005235,0.1,0.2,0.3,0.65,0.7,0.8,0.85,0.5,0.0,0.0,0.12,0.05
6,PB_only,0.005221,0.1,0.3,0.4,0.5,0.7,0.85,0.95,0.0,0.0,0.0,0.08,0.04
8,PE_FED,0.005209,0.15,0.25,0.4,0.55,0.65,0.85,0.95,1.0,0.0,0.0,0.06,0.03
6,PE_PB,0.0052,0.1,0.2,0.3,0.7,0.65,0.85,0.95,0.0,0.6,0.0,0.12,0.03
6,PE_FED,0.0052,0.15,0.25,0.3,0.65,0.65,0.75,0.85,0.0,0.0,0.0,0.1,0.04
6,PB_FED,0.005179,0.1,0.25,0.3,0.55,0.7,0.75,0.85,0.5,0.0,0.0,0.06,0.04
8,PE_PB,0.005176,0.05,0.3,0.4,0.55,0.7,0.8,0.95,0.0,0.55,0.0,0.08,0.05
6,PE_PB,0.005168,0.05,0.15,0.3,0.7,0.65,0.8,0.95,0.0,0.55,0.0,0.08,0.05
6,PB_only,0.005165,0.2,0.3,0.45,0.5,0.75,0.8,0.9,0.0,0.0,0.0,0.06,0.05
8,PE_PB,0.005157,0.1,0.3,0.4,0.7,0.65,0.85,0.9,0.0,0.65,0.0,0.06,0.03
6,PE_PB,0.005153,0.1,0.2,0.4,0.6,0.7,0.85,0.95,0.0,0.65,0.0,0.08,0.04
8,PE_PB,0.00515,0.15,0.2,0.35,0.55,0.7,0.75,0.9,0.0,0.55,0.0,0.08,0.04
6,PE_FED,0.005145,0.05,0.2,0.35,0.7,0.65,0.8,0.85,0.0,0.0,0.0,0.06,0.03
6,PE_PB_FED,0.005145,0.1,0.25,0.3,0.55,0.7,0.75,0.95,0.0,0.55,0.75,0.06,0.03
6,PE_PB,0.005143,0.05,0.15,0.35,0.55,0.65,0.8,0.95,0.0,0.65,0.0,0.06,0.03
6,PE_FED,0.005142,0.05,0.25,0.4,0.6,0.7,0.8,0.9,0.0,0.0,0.0,0.08,0.04
8,PE_PB_FED,0.005142,0.05,0.2,0.4,0.55,0.75,0.8,0.85,-0.5,0.65,0.75,0.08,0.05
8,PE_PB,0.00514,0.2,0.25,0.45,0.65,0.75,0.85,0.95,0.0,0.55,0.0,0.08,0.04
8,PE_FED,0.005138,0.05,0.2,0.3,0.65,0.75,0.8,0.85,0.5,0.0,0.0,0.1,0.05
6,PE_PB_FED,0.005133,0.1,0.3,0.4,0.6,0.75,0.8,0.95,0.0,0.65,0.75,0.06,0.05
8,PE_PB,0.005132,0.2,0.25,0.45,0.55,0.65,0.8,0.95,0.0,0.55,0.0,0.06,0.05
8,PE_PB,0.005132,0.2,0.25,0.45,0.55,0.75,0.8,0.95,0.0,0.55,0.0,0.08,0.05
8,PE_PB,0.005121,0.1,0.3,0.35,0.65,0.65,0.85,0.95,0.0,0.55,0.0,0.08,0.05
8,PE_only,0.005116,0.05,0.2,0.45,0.5,0.65,0.8,0.9,0.0,0.0,0.0,0.06,0.05
6,PE_only,0.005114,0.05,0.25,0.45,0.55,0.7,0.75,0.95,0.0,0.0,0.0,0.12,0.04
6,PE_PB,0.005114,0.15,0.25,0.3,0.7,0.7,0.75,0.85,0.0,0.65,0.0,0.1,0.03
8,PE_only,0.005113,0.1,0.2,0.45,0.5,0.65,0.8,0.9,0.0,0.0,0.0,0.06,0.05
6,PB_FED,0.005108,0.1,0.2,0.35,0.6,0.75,0.8,0.85,0.5,0.0,0.0,0.06,0.04
6,PE_PB,0.005107,0.1,0.2,0.35,0.7,0.7,0.85,0.95,0.0,0.6,0.0,0.1,0.03
8,PE_FED,0.005105,0.05,0.2,0.4,0.7,0.65,0.85,0.9,0.5,0.0,0.0,0.06,0.03
8,PE_PB,0.005103,0.05,0.15,0.3,0.65,0.65,0.75,0.85,0.0,0.55,0.0,0.12,0.03
8,PE_PB,0.005098,0.2,0.3,0.35,0.65,0.75,0.8,0.9,0.0,0.65,0.0,0.08,0.05
6,PE_PB_FED,0.005094,0.15,0.25,0.35,0.6,0.65,0.75,0.95,-0.5,0.6,0.75,0.1,0.04
8,PE_PB,0.005093,0.15,0.3,0.4,0.5,0.75,0.8,0.95,0.0,0.6,0.0,0.1,0.03
6,PE_PB_FED,0.005091,0.1,0.25,0.45,0.65,0.75,0.85,0.95,0.0,0.65,0.7,0.12,0.05
8,PE_FED,0.005086,0.05,0.25,0.45,0.55,0.65,0.85,0.95,1.0,0.0,0.0,0.1,0.04
8,PE_PB,0.005081,0.05,0.15,0.4,0.7,0.7,0.75,0.85,0.0,0.55,0.0,0.1,0.05
6,PE_PB_FED,0.00508,0.05,0.25,0.3,0.7,0.7,0.75,0.95,-0.5,0.55,0.8,0.06,0.03
6,PE_only,0.005079,0.15,0.3,0.35,0.55,0.75,0.8,0.95,0.0,0.0,0.0,0.1,0.03
8,PE_FED,0.005073,0.1,0.3,0.35,0.7,0.75,0.85,0.95,1.0,0.0,0.0,0.08,0.04
8,PE_PB_FED,0.005073,0.05,0.25,0.35,0.6,0.7,0.85,0.95,1.0,0.65,0.75,0.12,0.03
6,PE_only,0.005071,0.1,0.25,0.3,0.6,0.7,0.8,0.9,0.0,0.0,0.0,0.12,0.05
6,PE_PB,0.005071,0.1,0.3,0.45,0.65,0.75,0.8,0.9,0.0,0.65,0.0,0.06,0.04
8,PE_PB,0.005068,0.05,0.2,0.35,0.6,0.75,0.8,0.85,0.0,0.65,0.0,0.1,0.04
6,PE_FED,0.005065,0.1,0.25,0.45,0.65,0.7,0.85,0.9,-0.5,0.0,0.0,0.08,0.05
8,PE_PB_FED,0.00505,0.2,0.25,0.3,0.5,0.7,0.75,0.9,-0.5,0.65,0.8,0.06,0.05
8,PE_PB_FED,0.005039,0.05,0.3,0.4,0.55,0.7,0.85,0.95,0.5,0.6,0.7,0.06,0.05
8,PE_PB_FED,0.005035,0.1,0.3,0.4,0.55,0.65,0.8,0.95,1.0,0.55,0.75,0.12,0.05
6,PE_PB_FED,0.005031,0.05,0.15,0.3,0.55,0.65,0.75,0.95,-0.5,0.55,0.8,0.12,0.05
6,PE_FED,0.00503,0.2,0.25,0.45,0.6,0.7,0.75,0.9,0.0,0.0,0.0,0.12,0.05
6,PE_only,0.005027,0.15,0.3,0.4,0.55,0.65,0.75,0.95,0.0,0.0,0.0,0.08,0.04
8,PE_only,0.005026,0.1,0.3,0.35,0.5,0.65,0.75,0.9,0.0,0.0,0.0,0.08,0.05
6,PB_only,0.005025,0.05,0.25,0.45,0.5,0.75,0.8,0.85,0.0,0.0,0.0,0.12,0.05
6,PE_FED,0.005023,0.15,0.3,0.35,0.55,0.65,0.85,0.95,-0.5,0.0,0.0,0.12,0.04
8,PE_PB,0.005023,0.1,0.15,0.35,0.7,0.7,0.75,0.85,0.0,0.55,0.0,0.06,0.03
8,PE_PB_FED,0.005022,0.15,0.3,0.35,0.65,0.65,0.8,0.9,0.5,0.65,0.8,0.08,0.04
6,PE_only,0.005013,0.1,0.25,0.3,0.55,0.75,0.85,0.95,0.0,0.0,0.0,0.06,0.04
6,PE_only,0.005013,0.1,0.25,0.3,0.55,0.75,0.85,0.95,0.0,0.0,0.0,0.12,0.04
6,PE_PB_FED,0.005013,0.05,0.2,0.4,0.7,0.75,0.85,0.95,-0.5,0.6,0.75,0.1,0.03
6,PE_only,0.005012,0.2,0.25,0.35,0.55,0.7,0.8,0.95,0.0,0.0,0.0,0.12,0.05
8,PE_FED,0.005012,0.05,0.3,0.4,0.5,0.65,0.8,0.85,0.0,0.0,0.0,0.1,0.04
6,PE_FED,0.005011,0.15,0.25,0.35,0.65,0.65,0.8,0.85,-0.5,0.0,0.0,0.12,0.03
8,PE_PB,0.005006,0.05,0.25,0.35,0.65,0.7,0.8,0.85,0.0,0.65,0.0,0.12,0.04
6,PE_PB,0.005005,0.2,0.25,0.3,0.7,0.65,0.75,0.95,0.0,0.6,0.0,0.12,0.04
8,PE_PB,0.005005,0.05,0.2,0.35,0.6,0.65,0.8,0.85,0.0,0.65,0.0,0.06,0.05
8,PE_only,0.005004,0.15,0.25,0.45,0.5,0.75,0.8,0.9,0.0,0.0,0.0,0.1,0.03
6,PE_only,0.005001,0.1,0.2,0.3,0.6,0.7,0.85,0.9,0.0,0.0,0.0,0.08,0.04
8,PE_only,0.004998,0.1,0.15,0.4,0.5,0.7,0.85,0.9,0.0,0.0,0.0,0.08,0.05
6,PE_FED,0.004985,0.05,0.3,0.4,0.7,0.75,0.8,0.85,-0.5,0.0,0.0,0.1,0.03
6,PE_only,0.00498,0.05,0.2,0.4,0.5,0.7,0.75,0.95,0.0,0.0,0.0,0.12,0.03
6,PB_FED,0.004977,0.05,0.25,0.4,0.65,0.7,0.8,0.95,0.5,0.0,0.0,0.08,0.03
8,PE_PB_FED,0.004977,0.1,0.25,0.3,0.5,0.65,0.75,0.9,0.5,0.6,0.7,0.06,0.05
8,PE_PB_FED,0.004977,0.05,0.25,0.35,0.65,0.75,0.85,0.95,1.0,0.6,0.75,0.1,0.03
6,PE_FED,0.004973,0.1,0.3,0.35,0.55,0.7,0.85,0.95,-0.5,0.0,0.0,0.12,0.04
6,PB_FED,0.004973,0.15,0.2,0.3,0.55,0.65,0.8,0.9,0.5,0.0,0.0,0.08,0.03
6,PE_only,0.004967,0.05,0.2,0.4,0.55,0.75,0.85,0.95,0.0,0.0,0.0,0.12,0.05
6,PE_PB_FED,0.004965,0.1,0.2,0.4,0.6,0.7,0.85,0.95,0.0,0.6,0.8,0.1,0.03
8,PE_FED,0.004965,0.05,0.25,0.3,0.7,0.65,0.75,0.9,1.0,0.0,0.0,0.06,0.04
8,PE_PB,0.004961,0.05,0.3,0.45,0.65,0.7,0.75,0.9,0.0,0.6,0.0,0.06,0.04
8,PE_PB,0.004959,0.05,0.3,0.35,0.6,0.7,0.75,0.9,0.0,0.6,0.0,0.1,0.04
8,PE_PB,0.004959,0.05,0.2,0.45,0.7,0.75,0.85,0.9,0.0,0.6,0.0,0.08,0.03
6,PB_FED,0.004957,0.1,0.2,0.45,0.55,0.7,0.75,0.9,0.5,0.0,0.0,0.1,0.05
8,PE_only,0.004953,0.1,0.25,0.45,0.55,0.7,0.85,0.9,0.0,0.0,0.0,0.06,0.05
6,PE_only,0.004952,0.05,0.25,0.45,0.55,0.7,0.75,0.95,0.0,0.0,0.0,0.1,0.05
6,PB_only,0.004952,0.2,0.3,0.35,0.5,0.75,0.8,0.85,0.0,0.0,0.0,0.06,0.05
8,PE_PB,0.004948,0.15,0.2,0.35,0.65,0.65,0.75,0.85,0.0,0.6,0.0,0.12,0.03
8,PE_PB_FED,0.004945,0.1,0.2,0.45,0.55,0.65,0.85,0.9,0.0,0.55,0.8,0.06,0.03
8,PE_PB,0.004939,0.1,0.3,0.4,0.7,0.75,0.8,0.85,0.0,0.65,0.0,0.08,0.04
6,PE_PB_FED,0.004938,0.15,0.3,0.45,0.65,0.7,0.8,0.95,-0.5,0.65,0.8,0.1,0.04
6,PB_FED,0.004938,0.1,0.25,0.35,0.6,0.65,0.8,0.9,0.5,0.0,0.0,0.1,0.03
8,PE_PB,0.004938,0.1,0.3,0.45,0.7,0.75,0.8,0.9,0.0,0.6,0.0,0.06,0.04
8,PE_PB,0.004938,0.05,0.25,0.3,0.7,0.7,0.75,0.85,0.0,0.6,0.0,0.12,0.04
8,PE_PB,0.004935,0.2,0.3,0.4,0.65,0.7,0.8,0.95,0.0,0.5,0.0,0.08,0.03
8,PE_PB,0.004929,0.05,0.25,0.4,0.5,0.7,0.8,0.95,0.0,0.55,0.0,0.1,0.05
8,PE_PB_FED,0.004926,0.2,0.25,0.4,0.6,0.75,0.8,0.85,-0.5,0.65,0.8,0.1,0.05
6,PE_only,0.004923,0.1,0.15,0.45,0.5,0.7,0.8,0.95,0.0,0.0,0.0,0.12,0.04
6,PE_PB_FED,0.004921,0.1,0.2,0.35,0.55,0.7,0.8,0.95,0.0,0.55,0.75,0.12,0.04
6,PB_only,0.004921,0.05,0.3,0.45,0.5,0.7,0.8,0.95,0.0,0.0,0.0,0.12,0.04
8,PE_PB,0.004918,0.2,0.25,0.45,0.7,0.65,0.85,0.9,0.0,0.65,0.0,0.08,0.05
6,PE_FED,0.004914,0.15,0.25,0.3,0.55,0.7,0.75,0.9,-0.5,0.0,0.0,0.06,0.04
8,PE_FED,0.0049,0.1,0.15,0.45,0.5,0.7,0.85,0.9,0.5,0.0,0.0,0.12,0.04
8,PE_PB,0.004899,0.1,0.2,0.4,0.7,0.65,0.8,0.9,0.0,0.55,0.0,0.08,0.05
6,PE_FED,0.004894,0.2,0.25,0.4,0.6,0.75,0.8,0.9,0.0,0.0,0.0,0.06,0.04
6,PE_PB_FED,0.004891,0.1,0.25,0.3,0.65,0.75,0.8,0.95,0.0,0.55,0.75,0.08,0.05
6,PB_FED,0.004889,0.15,0.25,0.3,0.65,0.65,0.85,0.9,0.5,0.0,0.0,0.1,0.03
8,PB_FED,0.004888,0.05,0.3,0.45,0.5,0.75,0.85,0.95,1.0,0.0,0.0,0.1,0.05
8,PE_FED,0.004887,0.15,0.2,0.45,0.55,0.7,0.75,0.85,0.5,0.0,0.0,0.08,0.05
6,PB_FED,0.004885,0.1,0.25,0.4,0.55,0.65,0.75,0.95,0.5,0.0,0.0,0.06,0.05
8,PE_PB,0.004885,0.05,0.2,0.4,0.6,0.7,0.8,0.85,0.0,0.65,0.0,0.12,0.04
6,PB_FED,0.004883,0.1,0.15,0.4,0.6,0.65,0.75,0.9,1.0,0.0,0.0,0.12,0.04
8,PE_PB,0.004883,0.15,0.25,0.4,0.7,0.65,0.8,0.9,0.0,0.55,0.0,0.08,0.04
8,PE_FED,0.004873,0.1,0.25,0.3,0.5,0.75,0.8,0.85,-0.5,0.0,0.0,0.1,0.03
8,PE_PB,0.004872,0.2,0.3,0.35,0.7,0.7,0.8,0.95,0.0,0.5,0.0,0.08,0.05
8,PE_only,0.004871,0.05,0.15,0.35,0.5,0.75,0.8,0.85,0.0,0.0,0.0,0.08,0.03
8,PE_FED,0.00487,0.05,0.2,0.45,0.6,0.65,0.75,0.85,0.5,0.0,0.0,0.06,0.05
8,PE_PB,0.004869,0.15,0.2,0.3,0.5,0.65,0.85,0.95,0.0,0.55,0.0,0.06,0.03
8,PE_PB,0.004863,0.1,0.2,0.4,0.55,0.7,0.75,0.9,0.0,0.55,0.0,0.06,0.03
6,PE_only,0.004862,0.05,0.2,0.3,0.6,0.65,0.85,0.9,0.0,0.0,0.0,0.1,0.04
6,PE_FED,0.004861,0.05,0.25,0.3,0.7,0.65,0.8,0.85,0.0,0.0,0.0,0.08,0.04
6,PE_only,0.004859,0.05,0.3,0.35,0.55,0.65,0.75,0.95,0.0,0.0,0.0,0.12,0.03
6,PE_only,0.004854,0.15,0.25,0.35,0.6,0.75,0.8,0.9,0.0,0.0,0.0,0.1,0.05
6,PB_only,0.004854,0.05,0.3,0.45,0.5,0.75,0.8,0.95,0.0,0.0,0.0,0.12,0.05
8,PE_PB_FED,0.004854,0.15,0.25,0.4,0.6,0.7,0.85,0.95,0.5,0.5,0.8,0.12,0.04
6,PE_FED,0.004852,0.15,0.3,0.35,0.55,0.75,0.85,0.95,-0.5,0.0,0.0,0.12,0.05
8,PE_PB,0.004852,0.2,0.25,0.45,0.5,0.75,0.8,0.95,0.0,0.6,0.0,0.1,0.03
6,PE_PB,0.00485,0.2,0.3,0.4,0.7,0.75,0.8,0.9,0.0,0.65,0.0,0.12,0.05
8,PE_PB_FED,0.00485,0.05,0.3,0.4,0.5,0.7,0.75,0.9,-0.5,0.65,0.7,0.12,0.03
6,PE_PB,0.004849,0.1,0.25,0.35,0.6,0.65,0.8,0.95,0.0,0.6,0.0,0.12,0.03
8,PE_only,0.004843,0.2,0.25,0.45,0.55,0.65,0.75,0.85,0.0,0.0,0.0,0.08,0.05
8,PE_PB_FED,0.004843,0.15,0.25,0.45,0.65,0.65,0.85,0.95,0.5,0.5,0.75,0.1,0.04
8,PE_PB,0.004841,0.1,0.3,0.45,0.5,0.7,0.75,0.95,0.0,0.6,0.0,0.1,0.03
8,PE_PB,0.004832,0.05,0.2,0.4,0.55,0.7,0.85,0.95,0.0,0.5,0.0,0.1,0.04
6,PE_only,0.004831,0.2,0.25,0.45,0.55,0.65,0.75,0.95,0.0,0.0,0.0,0.12,0.03
6,PB_FED,0.004826,0.05,0.2,0.4,0.7,0.65,0.75,0.9,1.0,0.0,0.0,0.06,0.03
8,PE_PB,0.004816,0.15,0.2,0.45,0.7,0.7,0.75,0.85,0.0,0.6,0.0,0.08,0.03
6,PE_PB,0.004815,0.05,0.15,0.35,0.65,0.7,0.75,0.95,0.0,0.55,0.0,0.08,0.05
6,PB_FED,0.004815,0.1,0.2,0.4,0.65,0.7,0.8,0.9,0.5,0.0,0.0,0.1,0.05
6,PE_only,0.004814,0.05,0.25,0.3,0.55,0.7,0.85,0.95,0.0,0.0,0.0,0.12,0.04
6,PE_PB,0.004813,0.05,0.2,0.4,0.7,0.75,0.85,0.95,0.0,0.6,0.0,0.06,0.05
6,PE_only,0.00481,0.1,0.3,0.35,0.55,0.75,0.8,0.95,0.0,0.0,0.0,0.1,0.04
6,PE_FED,0.004809,0.2,0.25,0.4,0.7,0.65,0.85,0.9,0.0,0.0,0.0,0.06,0.03
6,PB_FED,0.004807,0.1,0.25,0.3,0.6,0.75,0.8,0.9,0.5,0.0,0.0,0.06,0.04
8,PE_PB,0.004804,0.1,0.15,0.45,0.6,0.65,0.75,0.9,0.0,0.5,0.0,0.06,0.03
8,PE_PB_FED,0.004801,0.2,0.25,0.3,0.65,0.65,0.8,0.9,0.5,0.6,0.8,0.1,0.03
6,PE_FED,0.0048,0.1,0.15,0.4,0.55,0.75,0.8,0.9,0.0,0.0,0.0,0.08,0.05
8,PE_FED,0.0048,0.05,0.2,0.3,0.7,0.65,0.75,0.9,1.0,0.0,0.0,0.1,0.05
6,PE_only,0.004799,0.15,0.2,0.4,0.5,0.65,0.8,0.95,0.0,0.0,0.0,0.1,0.03
8,PE_FED,0.004798,0.1,0.25,0.4,0.6,0.65,0.75,0.85,0.5,0.0,0.0,0.08,0.04
8,PE_PB,0.004797,0.15,0.2,0.4,0.65,0.65,0.75,0.85,0.0,0.6,0.0,0.12,0.03
6,PE_FED,0.004785,0.1,0.15,0.4,0.5,0.7,0.75,0.9,0.0,0.0,0.0,0.06,0.05
8,PE_PB,0.004777,0.1,0.2,0.4,0.6,0.75,0.8,0.85,0.0,0.65,0.0,0.1,0.05
8,PE_PB,0.004771,0.2,0.3,0.35,0.7,0.75,0.8,0.9,0.0,0.6,0.0,0.06,0.04
8,PE_PB,0.004769,0.2,0.25,0.3,0.7,0.65,0.85,0.95,0.0,0.5,0.0,0.1,0.04
8,PE_PB,0.004767,0.1,0.15,0.45,0.7,0.65,0.85,0.9,0.0,0.55,0.0,0.12,0.04
8,PE_PB,0.004764,0.05,0.2,0.35,0.7,0.7,0.85,0.9,0.0,0.55,0.0,0.06,0.04
6,PE_FED,0.004758,0.05,0.3,0.4,0.5,0.75,0.8,0.95,0.0,0.0,0.0,0.08,0.05
8,PE_PB,0.004757,0.05,0.3,0.35,0.6,0.7,0.75,0.9,0.0,0.6,0.0,0.12,0.03
8,PE_PB,0.004757,0.15,0.25,0.3,0.7,0.7,0.75,0.85,0.0,0.6,0.0,0.1,0.05
8,PE_FED,0.004757,0.05,0.15,0.45,0.5,0.7,0.75,0.85,0.5,0.0,0.0,0.12,0.04
8,PE_PB,0.004756,0.05,0.15,0.3,0.55,0.7,0.85,0.9,0.0,0.6,0.0,0.12,0.04
8,PE_PB,0.00475,0.2,0.25,0.45,0.6,0.75,0.85,0.95,0.0,0.55,0.0,0.08,0.03
6,PE_only,0.004749,0.05,0.2,0.4,0.5,0.65,0.75,0.95,0.0,0.0,0.0,0.12,0.05
8,PE_PB,0.004748,0.1,0.2,0.3,0.7,0.65,0.8,0.9,0.0,0.5,0.0,0.06,0.03
8,PE_only,0.004746,0.15,0.3,0.45,0.55,0.65,0.75,0.85,0.0,0.0,0.0,0.12,0.04
6,PB_FED,0.004741,0.05,0.15,0.4,0.5,0.7,0.75,0.9,0.5,0.0,0.0,0.1,0.04
8,PE_PB,0.004739,0.2,0.25,0.35,0.5,0.65,0.75,0.95,0.0,0.55,0.0,0.12,0.04
8,PE_PB,0.004734,0.2,0.25,0.35,0.5,0.7,0.8,0.95,0.0,0.55,0.0,0.1,0.03
8,PE_PB,0.004731,0.1,0.2,0.3,0.5,0.7,0.85,0.95,0.0,0.55,0.0,0.1,0.04
8,PE_PB_FED,0.00473,0.1,0.2,0.4,0.5,0.65,0.85,0.95,1.0,0.6,0.75,0.1,0.03
8,PE_PB_FED,0.004728,0.1,0.2,0.3,0.7,0.65,0.85,0.9,0.5,0.65,0.7,0.12,0.03
6,PB_only,0.004716,0.05,0.3,0.45,0.5,0.7,0.85,0.95,0.0,0.0,0.0,0.08,0.03
8,PE_PB,0.004713,0.2,0.3,0.4,0.65,0.65,0.75,0.9,0.0,0.6,0.0,0.08,0.04
8,PE_PB,0.004708,0.1,0.15,0.3,0.65,0.7,0.75,0.85,0.0,0.55,0.0,0.1,0.04
8,PE_FED,0.004706,0.05,0.15,0.3,0.5,0.75,0.8,0.85,0.5,0.0,0.0,0.06,0.04
6,PB_FED,0.0047,0.1,0.15,0.4,0.65,0.75,0.8,0.85,0.5,0.0,0.0,0.08,0.05
6,PB_FED,0.0047,0.1,0.15,0.4,0.65,0.7,0.8,0.85,0.5,0.0,0.0,0.12,0.05
6,PE_FED,0.004699,0.05,0.2,0.4,0.5,0.7,0.85,0.95,-0.5,0.0,0.0,0.1,0.05
8,PE_PB_FED,0.004699,0.15,0.25,0.3,0.5,0.7,0.75,0.85,0.0,0.6,0.75,0.08,0.04
6,PE_PB_FED,0.004696,0.1,0.15,0.35,0.7,0.7,0.75,0.9,-0.5,0.6,0.7,0.12,0.04
6,PE_only,0.004694,0.05,0.25,0.45,0.55,0.7,0.8,0.95,0.0,0.0,0.0,0.12,0.05
8,PE_FED,0.004688,0.1,0.2,0.45,0.7,0.65,0.8,0.85,0.5,0.0,0.0,0.06,0.04
6,PE_PB_FED,0.004686,0.05,0.15,0.35,0.6,0.75,0.85,0.95,0.0,0.55,0.8,0.08,0.04
6,PE_PB,0.004685,0.1,0.15,0.35,0.55,0.7,0.8,0.95,0.0,0.65,0.0,0.12,0.05
8,PE_FED,0.004684,0.05,0.15,0.4,0.7,0.65,0.8,0.9,1.0,0.0,0.0,0.12,0.05
8,PE_FED,0.004683,0.1,0.25,0.3,0.7,0.7,0.8,0.85,0.5,0.0,0.0,0.08,0.04
8,PE_only,0.00468,0.1,0.2,0.35,0.5,0.65,0.75,0.85,0.0,0.0,0.0,0.08,0.05
8,PE_only,0.004679,0.2,0.3,0.4,0.5,0.7,0.75,0.9,0.0,0.0,0.0,0.06,0.03
6,PB_FED,0.004678,0.2,0.25,0.45,0.6,0.65,0.75,0.95,0.5,0.0,0.0,0.1,0.03
6,PE_only,0.004677,0.1,0.3,0.35,0.6,0.7,0.75,0.9,0.0,0.0,0.0,0.12,0.05
8,PE_FED,0.004677,0.15,0.2,0.4,0.6,0.7,0.85,0.9,0.5,0.0,0.0,0.12,0.03
6,PE_FED,0.004673,0.2,0.25,0.3,0.65,0.7,0.75,0.85,0.0,0.0,0.0,0.12,0.05
8,PE_only,0.004672,0.2,0.3,0.4,0.55,0.7,0.85,0.9,0.0,0.0,0.0,0.12,0.04
6,PE_only,0.004669,0.1,0.25,0.35,0.55,0.65,0.85,0.95,0.0,0.0,0.0,0.12,0.04
8,PE_PB,0.004668,0.1,0.3,0.45,0.6,0.65,0.8,0.95,0.0,0.5,0.0,0.12,0.03
6,PE_PB,0.004667,0.05,0.25,0.35,0.7,0.65,0.75,0.85,0.0,0.65,0.0,0.08,0.05
8,PE_PB_FED,0.004666,0.1,0.15,0.35,0.55,0.7,0.85,0.9,0.5,0.65,0.8,0.1,0.03
8,PE_only,0.004658,0.05,0.3,0.4,0.55,0.65,0.75,0.85,0.0,0.0,0.0,0.1,0.05
6,PE_only,0.004657,0.15,0.2,0.45,0.6,0.65,0.8,0.9,0.0,0.0,0.0,0.1,0.05
8,PE_PB_FED,0.004657,0.15,0.3,0.45,0.65,0.7,0.85,0.9,-0.5,0.6,0.7,0.06,0.04
6,PE_PB,0.004654,0.1,0.2,0.4,0.65,0.65,0.8,0.85,0.0,0.65,0.0,0.12,0.04
8,PE_PB,0.004645,0.15,0.3,0.35,0.55,0.7,0.75,0.95,0.0,0.5,0.0,0.1,0.04
8,PE_FED,0.00464,0.05,0.15,0.3,0.5,0.65,0.8,0.85,0.5,0.0,0.0,0.1,0.05
8,PE_FED,0.004638,0.15,0.25,0.3,0.7,0.7,0.85,0.9,0.5,0.0,0.0,0.08,0.05
6,PB_FED,0.004636,0.1,0.25,0.4,0.7,0.65,0.75,0.95,1.0,0.0,0.0,0.08,0.03
8,PE_FED,0.004629,0.1,0.2,0.45,0.7,0.65,0.8,0.85,0.5,0.0,0.0,0.06,0.05
8,PE_PB_FED,0.004629,0.1,0.15,0.35,0.7,0.75,0.8,0.85,0.5,0.6,0.8,0.12,0.05
6,PE_only,0.004622,0.15,0.2,0.3,0.6,0.7,0.75,0.85,0.0,0.0,0.0,0.12,0.04
6,PE_PB_FED,0.004621,0.1,0.15,0.35,0.7,0.65,0.75,0.9,-0.5,0.6,0.75,0.1,0.04
6,PB_only,0.00462,0.2,0.3,0.35,0.5,0.65,0.85,0.95,0.0,0.0,0.0,0.12,0.04
8,PE_PB,0.004619,0.1,0.2,0.3,0.6,0.65,0.85,0.9,0.0,0.6,0.0,0.1,0.04
6,PE_PB_FED,0.004618,0.15,0.3,0.45,0.55,0.65,0.75,0.95,0.0,0.65,0.8,0.1,0.03
6,PB_FED,0.004618,0.05,0.15,0.45,0.6,0.7,0.8,0.85,0.5,0.0,0.0,0.08,0.04
6,PE_only,0.004617,0.2,0.3,0.35,0.6,0.65,0.75,0.9,0.0,0.0,0.0,0.1,0.03
8,PE_PB_FED,0.004616,0.05,0.3,0.4,0.6,0.65,0.8,0.9,-0.5,0.55,0.7,0.06,0.03
6,PE_only,0.004615,0.1,0.3,0.35,0.6,0.65,0.8,0.9,0.0,0.0,0.0,0.12,0.04
6,PE_FED,0.004615,0.15,0.3,0.4,0.7,0.7,0.85,0.9,0.0,0.0,0.0,0.06,0.03
8,PE_PB_FED,0.004614,0.05,0.25,0.35,0.55,0.7,0.8,0.9,0.5,0.6,0.8,0.06,0.04
8,PE_PB_FED,0.004613,0.1,0.25,0.4,0.65,0.75,0.8,0.85,-0.5,0.6,0.75,0.1,0.03
8,PE_PB_FED,0.004605,0.1,0.25,0.4,0.6,0.65,0.75,0.85,0.0,0.5,0.7,0.08,0.03
6,PB_FED,0.004602,0.15,0.25,0.3,0.65,0.7,0.8,0.85,0.5,0.0,0.0,0.08,0.03
8,PE_PB_FED,0.0046,0.2,0.3,0.35,0.7,0.75,0.85,0.9,0.0,0.55,0.7,0.06,0.03
6,PB_FED,0.004593,0.15,0.25,0.35,0.55,0.65,0.75,0.85,0.5,0.0,0.0,0.12,0.03
6,PE_only,0.004587,0.1,0.25,0.45,0.6,0.7,0.8,0.9,0.0,0.0,0.0,0.08,0.03
6,PE_only,0.004585,0.15,0.25,0.3,0.5,0.65,0.75,0.95,0.0,0.0,0.0,0.08,0.05
8,PE_PB,0.004584,0.15,0.2,0.35,0.7,0.75,0.8,0.9,0.0,0.5,0.0,0.1,0.03
6,PE_PB,0.004583,0.15,0.25,0.35,0.7,0.7,0.8,0.85,0.0,0.65,0.0,0.08,0.04
8,PE_FED,0.004583,0.2,0.3,0.4,0.55,0.75,0.8,0.9,0.5,0.0,0.0,0.06,0.03
8,PE_FED,0.004582,0.05,0.2,0.35,0.6,0.65,0.85,0.9,0.5,0.0,0.0,0.12,0.03
8,PE_PB,0.004581,0.05,0.3,0.45,0.6,0.7,0.75,0.95,0.0,0.5,0.0,0.1,0.04
6,PE_FED,0.00458,0.1,0.25,0.35,0.65,0.75,0.85,0.9,0.0,0.0,0.0,0.06,0.03
8,PE_only,0.004575,0.2,0.25,0.45,0.55,0.7,0.85,0.9,0.0,0.0,0.0,0.1,0.03
6,PE_only,0.004573,0.2,0.25,0.45,0.55,0.65,0.8,0.95,0.0,0.0,0.0,0.12,0.03
6,PE_PB,0.004573,0.15,0.3,0.35,0.7,0.7,0.8,0.95,0.0,0.6,0.0,0.06,0.04
8,PE_PB_FED,0.004572,0.2,0.25,0.35,0.7,0.65,0.85,0.95,0.5,0.5,0.75,0.06,0.05
8,PE_PB,0.004571,0.1,0.3,0.4,0.5,0.7,0.75,0.95,0.0,0.55,0.0,0.12,0.03
6,PE_PB,0.004566,0.15,0.3,0.4,0.7,0.65,0.75,0.95,0.0,0.6,0.0,0.1,0.04
6,PE_only,0.004556,0.15,0.25,0.35,0.55,0.7,0.85,0.95,0.0,0.0,0.0,0.08,0.05
6,PE_PB_FED,0.004556,0.15,0.2,0.45,0.65,0.7,0.75,0.9,0.0,0.65,0.8,0.12,0.03
6,PE_PB_FED,0.004554,0.1,0.25,0.4,0.55,0.75,0.8,0.95,0.0,0.6,0.75,0.08,0.04
8,PE_PB,0.004548,0.05,0.25,0.45,0.65,0.65,0.8,0.85,0.0,0.65,0.0,0.06,0.04
6,PB_FED,0.004547,0.15,0.25,0.3,0.7,0.7,0.85,0.95,0.5,0.0,0.0,0.06,0.03
8,PE_PB_FED,0.004547,0.1,0.3,0.4,0.6,0.7,0.8,0.9,0.5,0.65,0.8,0.08,0.04
6,PE_only,0.004544,0.05,0.25,0.3,0.5,0.7,0.75,0.95,0.0,0.0,0.0,0.08,0.04
6,PB_FED,0.004543,0.05,0.2,0.45,0.65,0.7,0.8,0.85,0.5,0.0,0.0,0.1,0.04
6,PE_only,0.004542,0.1,0.2,0.45,0.55,0.65,0.85,0.95,0.0,0.0,0.0,0.08,0.04
6,PE_FED,0.004542,0.15,0.3,0.35,0.7,0.65,0.85,0.9,0.0,0.0,0.0,0.12,0.03
8,PE_FED,0.004542,0.1,0.25,0.45,0.7,0.65,0.75,0.85,0.5,0.0,0.0,0.06,0.05
6,PB_FED,0.00454,0.2,0.3,0.4,0.65,0.65,0.75,0.95,0.5,0.0,0.0,0.1,0.03
8,PE_PB_FED,0.004539,0.05,0.15,0.35,0.55,0.75,0.8,0.9,1.0,0.65,0.8,0.12,0.04
8,PE_PB_FED,0.004539,0.05,0.15,0.35,0.55,0.7,0.8,0.9,1.0,0.65,0.8,0.08,0.04
6,PB_FED,0.004538,0.05,0.3,0.35,0.7,0.7,0.75,0.9,0.5,0.0,0.0,0.12,0.05
6,PE_PB,0.004537,0.15,0.25,0.3,0.65,0.65,0.75,0.85,0.0,0.65,0.0,0.1,0.05
6,PE_PB,0.004537,0.1,0.2,0.45,0.7,0.75,0.8,0.85,0.0,0.65,0.0,0.08,0.05
6,PE_FED,0.004535,0.05,0.25,0.4,0.55,0.7,0.75,0.9,0.0,0.0,0.0,0.08,0.03
8,PE_PB,0.004532,0.1,0.2,0.45,0.6,0.7,0.85,0.95,0.0,0.5,0.0,0.06,0.04
6,PB_FED,0.004531,0.05,0.15,0.4,0.6,0.65,0.75,0.9,1.0,0.0,0.0,0.06,0.04
8,PE_PB_FED,0.00453,0.15,0.2,0.4,0.65,0.7,0.85,0.9,0.5,0.65,0.8,0.06,0.04
8,PE_PB,0.004525,0.1,0.25,0.3,0.5,0.7,0.75,0.9,0.0,0.65,0.0,0.1,0.04
8,PE_PB,0.004521,0.2,0.25,0.45,0.6,0.7,0.85,0.95,0.0,0.55,0.0,0.06,0.04
8,PE_PB_FED,0.004517,0.15,0.25,0.35,0.65,0.65,0.85,0.9,0.0,0.5,0.7,0.06,0.03
8,PE_PB_FED,0.004516,0.15,0.2,0.45,0.65,0.7,0.75,0.9,1.0,0.65,0.8,0.12,0.03
6,PB_only,0.004515,0.2,0.3,0.45,0.5,0.75,0.85,0.9,0.0,0.0,0.0,0.12,0.04
8,PE_FED,0.004514,0.1,0.2,0.3,0.7,0.7,0.8,0.9,1.0,0.0,0.0,0.1,0.03
8,PE_PB_FED,0.004509,0.05,0.25,0.4,0.55,0.75,0.85,0.95,0.5,0.5,0.8,0.1,0.04
8,PE_FED,0.004503,0.1,0.2,0.35,0.55,0.75,0.8,0.85,0.5,0.0,0.0,0.12,0.04
8,PE_PB_FED,0.004494,0.05,0.25,0.4,0.7,0.65,0.75,0.9,0.5,0.55,0.75,0.12,0.05
6,PE_only,0.004493,0.1,0.15,0.4,0.6,0.7,0.85,0.9,0.0,0.0,0.0,0.08,0.05
6,PE_FED,0.004493,0.1,0.15,0.4,0.55,0.65,0.8,0.9,-0.5,0.0,0.0,0.06,0.03
8,PE_FED,0.004491,0.1,0.2,0.45,0.65,0.65,0.85,0.9,0.5,0.0,0.0,0.12,0.03
8,PE_only,0.004488,0.05,0.2,0.3,0.5,0.65,0.85,0.9,0.0,0.0,0.0,0.06,0.05
8,PE_only,0.004487,0.05,0.25,0.45,0.55,0.7,0.8,0.85,0.0,0.0,0.0,0.06,0.05
6,PE_only,0.004486,0.1,0.2,0.4,0.6,0.7,0.85,0.9,0.0,0.0,0.0,0.06,0.04
8,PE_PB_FED,0.004485,0.15,0.25,0.4,0.6,0.65,0.85,0.9,-0.5,0.6,0.7,0.1,0.05
8,PE_PB,0.004481,0.1,0.3,0.35,0.6,0.65,0.85,0.95,0.0,0.55,0.0,0.1,0.05
8,PE_PB_FED,0.00448,0.1,0.2,0.35,0.5,0.65,0.75,0.85,-0.5,0.65,0.75,0.12,0.04
6,PE_PB_FED,0.004477,0.05,0.2,0.3,0.65,0.7,0.85,0.95,0.0,0.55,0.8,0.06,0.04
6,PE_FED,0.004476,0.05,0.15,0.35,0.5,0.7,0.75,0.9,-0.5,0.0,0.0,0.06,0.04
8,PE_PB,0.004476,0.2,0.25,0.4,0.65,0.65,0.85,0.9,0.0,0.65,0.0,0.08,0.03
6,PB_FED,0.004473,0.1,0.15,0.35,0.65,0.65,0.85,0.95,0.5,0.0,0.0,0.12,0.04
6,PB_FED,0.004469,0.1,0.15,0.45,0.65,0.7,0.8,0.95,1.0,0.0,0.0,0.12,0.03
8,PE_PB,0.004467,0.1,0.25,0.45,0.65,0.75,0.85,0.95,0.0,0.5,0.0,0.06,0.03
8,PE_PB,0.004466,0.2,0.3,0.35,0.6,0.7,0.8,0.95,0.0,0.5,0.0,0.12,0.03
6,PB_FED,0.004464,0.15,0.25,0.3,0.65,0.7,0.75,0.9,1.0,0.0,0.0,0.06,0.03
6,PE_PB,0.004456,0.1,0.2,0.45,0.6,0.75,0.85,0.95,0.0,0.65,0.0,0.06,0.04
8,PE_PB_FED,0.004449,0.1,0.3,0.35,0.5,0.7,0.8,0.9,0.0,0.55,0.7,0.12,0.04
8,PE_PB_FED,0.004448,0.05,0.3,0.45,0.65,0.7,0.85,0.9,0.0,0.55,0.8,0.12,0.04
6,PE_only,0.004445,0.1,0.3,0.4,0.6,0.75,0.8,0.9,0.0,0.0,0.0,0.08,0.04
6,PB_FED,0.004445,0.1,0.25,0.35,0.7,0.65,0.75,0.9,1.0,0.0,0.0,0.12,0.03
6,PB_FED,0.004438,0.05,0.25,0.45,0.55,0.7,0.75,0.9,0.5,0.0,0.0,0.06,0.03
6,PB_FED,0.004436,0.2,0.25,0.4,0.65,0.7,0.75,0.95,1.0,0.0,0.0,0.08,0.03
6,PE_FED,0.004415,0.05,0.15,0.45,0.7,0.7,0.8,0.85,0.0,0.0,0.0,0.1,0.03
6,PE_PB_FED,0.00441,0.15,0.25,0.35,0.65,0.65,0.8,0.95,0.0,0.55,0.8,0.12,0.05
6,PB_FED,0.004405,0.15,0.2,0.4,0.7,0.75,0.85,0.95,0.5,0.0,0.0,0.08,0.03
8,PE_PB,0.004405,0.1,0.3,0.4,0.7,0.65,0.75,0.9,0.0,0.55,0.0,0.12,0.04
8,PE_PB_FED,0.004403,0.15,0.25,0.3,0.7,0.65,0.85,0.9,0.5,0.65,0.75,0.12,0.04
8,PE_PB_FED,0.004402,0.05,0.15,0.45,0.5,0.7,0.8,0.85,0.0,0.6,0.7,0.08,0.04
8,PE_PB_FED,0.004401,0.2,0.25,0.45,0.55,0.7,0.85,0.95,0.5,0.55,0.7,0.06,0.03
6,PE_FED,0.004399,0.05,0.15,0.4,0.55,0.65,0.8,0.9,0.0,0.0,0.0,0.1,0.05
8,PE_PB,0.004393,0.05,0.2,0.3,0.5,0.75,0.8,0.9,0.0,0.65,0.0,0.08,0.03
6,PE_FED,0.004388,0.2,0.25,0.35,0.65,0.7,0.75,0.85,0.0,0.0,0.0,0.1,0.05
8,PE_only,0.004388,0.05,0.3,0.35,0.5,0.75,0.8,0.9,0.0,0.0,0.0,0.06,0.04
8,PE_PB,0.004388,0.1,0.3,0.35,0.7,0.65,0.8,0.9,0.0,0.6,0.0,0.08,0.05
8,PE_PB,0.004388,0.1,0.25,0.45,0.55,0.75,0.85,0.95,0.0,0.55,0.0,0.1,0.04
8,PE_FED,0.004388,0.05,0.2,0.35,0.6,0.65,0.8,0.85,0.5,0.0,0.0,0.12,0.05
6,PE_FED,0.004384,0.1,0.3,0.35,0.65,0.65,0.85,0.9,-0.5,0.0,0.0,0.12,0.03
6,PE_only,0.00438,0.15,0.3,0.45,0.55,0.7,0.75,0.95,0.0,0.0,0.0,0.08,0.04
6,PE_only,0.00438,0.15,0.3,0.45,0.55,0.7,0.75,0.95,0.0,0.0,0.0,0.06,0.04
8,PE_PB,0.00438,0.05,0.25,0.45,0.7,0.65,0.8,0.9,0.0,0.55,0.0,0.08,0.04
8,PE_PB_FED,0.004379,0.05,0.3,0.35,0.5,0.65,0.75,0.9,0.5,0.65,0.7,0.06,0.04
8,PE_PB_FED,0.004376,0.1,0.15,0.35,0.5,0.65,0.75,0.9,1.0,0.6,0.8,0.06,0.05
8,PE_PB_FED,0.004373,0.15,0.2,0.4,0.5,0.65,0.8,0.9,-0.5,0.55,0.8,0.08,0.03
6,PB_FED,0.004369,0.05,0.25,0.35,0.65,0.7,0.85,0.95,0.5,0.0,0.0,0.12,0.03
8,PE_PB,0.004369,0.2,0.3,0.35,0.55,0.75,0.8,0.95,0.0,0.55,0.0,0.06,0.05
8,PE_PB,0.004366,0.2,0.25,0.35,0.7,0.75,0.85,0.9,0.0,0.6,0.0,0.12,0.04
6,PE_PB,0.004364,0.1,0.15,0.45,0.55,0.65,0.75,0.95,0.0,0.65,0.0,0.1,0.04
6,PE_only,0.004362,0.15,0.25,0.4,0.55,0.65,0.85,0.95,0.0,0.0,0.0,0.1,0.05
6,PE_PB_FED,0.004361,0.05,0.25,0.35,0.55,0.7,0.8,0.95,0.0,0.6,0.8,0.06,0.04
8,PE_PB,0.004361,0.05,0.3,0.4,0.7,0.65,0.75,0.9,0.0,0.55,0.0,0.06,0.03
8,PE_PB_FED,0.004355,0.05,0.3,0.45,0.65,0.65,0.75,0.9,0.5,0.6,0.8,0.06,0.03
8,PE_only,0.004354,0.1,0.25,0.45,0.55,0.7,0.8,0.85,0.0,0.0,0.0,0.1,0.03
8,PE_only,0.004354,0.1,0.25,0.45,0.55,0.7,0.8,0.85,0.0,0.0,0.0,0.06,0.03
8,PE_only,0.004347,0.1,0.3,0.35,0.5,0.65,0.8,0.9,0.0,0.0,0.0,0.08,0.03
6,PB_FED,0.004345,0.1,0.25,0.45,0.7,0.7,0.8,0.9,0.5,0.0,0.0,0.08,0.03
8,PE_PB,0.004342,0.05,0.2,0.3,0.55,0.7,0.75,0.9,0.0,0.5,0.0,0.06,0.04
6,PE_FED,0.00434,0.15,0.3,0.4,0.7,0.7,0.75,0.85,0.0,0.0,0.0,0.08,0.04
6,PB_FED,0.004339,0.1,0.25,0.45,0.6,0.75,0.8,0.95,0.5,0.0,0.0,0.08,0.03
6,PB_FED,0.004339,0.2,0.25,0.3,0.65,0.7,0.8,0.95,0.5,0.0,0.0,0.08,0.04
8,PE_PB,0.004339,0.2,0.3,0.45,0.7,0.7,0.8,0.95,0.0,0.5,0.0,0.1,0.05
8,PE_only,0.004337,0.1,0.15,0.45,0.5,0.7,0.85,0.9,0.0,0.0,0.0,0.1,0.03
6,PB_FED,0.004336,0.1,0.2,0.3,0.55,0.75,0.85,0.95,0.5,0.0,0.0,0.06,0.03
6,PE_only,0.004335,0.15,0.3,0.4,0.6,0.75,0.8,0.9,0.0,0.0,0.0,0.1,0.03
8,PE_PB,0.004335,0.05,0.2,0.3,0.6,0.7,0.75,0.85,0.0,0.6,0.0,0.12,0.05
8,PE_PB_FED,0.004335,0.05,0.25,0.45,0.55,0.7,0.75,0.85,0.0,0.55,0.7,0.08,0.05
6,PE_PB,0.004329,0.05,0.25,0.4,0.7,0.65,0.85,0.9,0.0,0.65,0.0,0.1,0.04
8,PE_PB_FED,0.004328,0.15,0.3,0.45,0.65,0.75,0.8,0.95,1.0,0.5,0.7,0.1,0.05
8,PE_PB,0.004327,0.2,0.25,0.45,0.7,0.65,0.75,0.9,0.0,0.55,0.0,0.1,0.03
8,PE_FED,0.004326,0.05,0.2,0.3,0.5,0.65,0.85,0.9,0.5,0.0,0.0,0.1,0.04
8,PE_PB,0.004325,0.1,0.2,0.35,0.6,0.65,0.75,0.9,0.0,0.5,0.0,0.08,0.04
6,PE_PB,0.004322,0.15,0.3,0.4,0.7,0.7,0.8,0.95,0.0,0.6,0.0,0.12,0.05
8,PE_PB_FED,0.004322,0.1,0.2,0.3,0.5,0.65,0.8,0.9,0.5,0.55,0.8,0.06,0.04
6,PB_FED,0.00432,0.05,0.15,0.4,0.65,0.65,0.85,0.95,0.5,0.0,0.0,0.1,0.05
6,PB_FED,0.00432,0.1,0.15,0.45,0.7,0.7,0.75,0.9,1.0,0.0,0.0,0.08,0.05
8,PE_PB_FED,0.00432,0.05,0.25,0.45,0.5,0.65,0.8,0.9,-0.5,0.65,0.7,0.12,0.04
8,PE_PB,0.004317,0.2,0.25,0.3,0.65,0.65,0.8,0.85,0.0,0.65,0.0,0.06,0.05
8,PE_PB,0.004317,0.1,0.25,0.45,0.55,0.65,0.8,0.9,0.0,0.65,0.0,0.06,0.03
8,PE_PB_FED,0.004317,0.1,0.2,0.3,0.55,0.65,0.8,0.85,-0.5,0.6,0.7,0.06,0.03
8,PE_PB_FED,0.004316,0.05,0.15,0.4,0.6,0.65,0.8,0.85,0.5,0.65,0.75,0.1,0.04
6,PE_only,0.004312,0.05,0.2,0.45,0.55,0.7,0.85,0.95,0.0,0.0,0.0,0.1,0.04
8,PE_only,0.004312,0.2,0.3,0.35,0.55,0.65,0.75,0.85,0.0,0.0,0.0,0.08,0.03
6,PB_FED,0.004309,0.05,0.2,0.35,0.6,0.65,0.8,0.85,0.5,0.0,0.0,0.1,0.03
6,PE_only,0.004305,0.15,0.2,0.3,0.6,0.65,0.75,0.85,0.0,0.0,0.0,0.12,0.03
6,PE_FED,0.004303,0.15,0.25,0.45,0.5,0.7,0.85,0.95,0.0,0.0,0.0,0.1,0.05
8,PE_PB,0.004302,0.05,0.25,0.45,0.55,0.7,0.8,0.9,0.0,0.65,0.0,0.06,0.04
6,PE_FED,0.004298,0.1,0.3,0.4,0.65,0.65,0.85,0.9,0.0,0.0,0.0,0.08,0.04
8,PE_PB,0.004292,0.15,0.25,0.3,0.7,0.75,0.8,0.9,0.0,0.55,0.0,0.1,0.05
6,PB_FED,0.004289,0.1,0.2,0.4,0.55,0.7,0.8,0.95,0.5,0.0,0.0,0.12,0.03
8,PE_FED,0.004288,0.05,0.2,0.45,0.55,0.75,0.85,0.9,0.5,0.0,0.0,0.1,0.04
8,PE_PB,0.004285,0.1,0.3,0.45,0.65,0.65,0.8,0.95,0.0,0.5,0.0,0.08,0.05
6,PE_PB,0.004275,0.15,0.2,0.45,0.65,0.7,0.75,0.85,0.0,0.65,0.0,0.12,0.03
6,PE_only,0.004274,0.1,0.15,0.3,0.55,0.65,0.75,0.9,0.0,0.0,0.0,0.06,0.05
8,PE_PB_FED,0.004274,0.2,0.25,0.45,0.6,0.75,0.8,0.85,0.0,0.6,0.7,0.06,0.05
6,PE_only,0.00427,0.2,0.3,0.35,0.55,0.65,0.8,0.95,0.0,0.0,0.0,0.1,0.03
6,PE_only,0.00427,0.2,0.3,0.35,0.55,0.7,0.8,0.95,0.0,0.0,0.0,0.06,0.03
8,PE_PB,0.00427,0.05,0.25,0.45,0.6,0.65,0.85,0.9,0.0,0.65,0.0,0.06,0.04
8,PE_PB_FED,0.004269,0.1,0.25,0.35,0.65,0.75,0.85,0.95,1.0,0.6,0.75,0.12,0.05
6,PE_PB,0.004268,0.1,0.15,0.35,0.6,0.75,0.8,0.95,0.0,0.55,0.0,0.06,0.04
8,PE_only,0.004268,0.1,0.3,0.4,0.5,0.65,0.8,0.9,0.0,0.0,0.0,0.1,0.04
8,PE_only,0.004264,0.15,0.2,0.4,0.5,0.7,0.75,0.85,0.0,0.0,0.0,0.08,0.03
8,PE_PB_FED,0.004261,0.05,0.2,0.3,0.55,0.65,0.8,0.85,0.0,0.5,0.75,0.06,0.03
8,PE_PB,0.004259,0.1,0.15,0.45,0.65,0.65,0.8,0.85,0.0,0.6,0.0,0.06,0.05
8,PE_PB,0.004257,0.15,0.2,0.45,0.55,0.7,0.75,0.9,0.0,0.55,0.0,0.12,0.03
6,PE_FED,0.004255,0.05,0.3,0.45,0.55,0.65,0.85,0.95,0.0,0.0,0.0,0.06,0.03
8,PE_PB,0.004255,0.15,0.25,0.45,0.7,0.65,0.75,0.9,0.0,0.55,0.0,0.1,0.05
6,PE_PB,0.004253,0.05,0.15,0.45,0.7,0.7,0.75,0.95,0.0,0.55,0.0,0.08,0.04
6,PE_PB,0.004252,0.1,0.3,0.45,0.7,0.75,0.8,0.95,0.0,0.6,0.0,0.12,0.03
6,PE_PB_FED,0.004252,0.2,0.25,0.3,0.6,0.7,0.75,0.95,-0.5,0.6,0.8,0.1,0.05
8,PE_PB,0.004252,0.15,0.25,0.35,0.7,0.7,0.85,0.9,0.0,0.6,0.0,0.1,0.05
8,PE_FED,0.004251,0.05,0.25,0.4,0.6,0.65,0.75,0.85,0.5,0.0,0.0,0.08,0.04
8,PE_PB,0.00425,0.2,0.25,0.35,0.55,0.7,0.85,0.95,0.0,0.55,0.0,0.08,0.03
8,PE_PB,0.004246,0.1,0.25,0.35,0.65,0.65,0.8,0.9,0.0,0.55,0.0,0.06,0.03
6,PE_FED,0.00424,0.05,0.3,0.35,0.65,0.7,0.85,0.9,-0.5,0.0,0.0,0.1,0.05
8,PE_FED,0.00424,0.15,0.3,0.35,0.5,0.7,0.8,0.9,0.5,0.0,0.0,0.08,0.04
6,PB_FED,0.004239,0.05,0.15,0.3,0.5,0.75,0.8,0.85,0.5,0.0,0.0,0.1,0.03
8,PE_PB_FED,0.004239,0.05,0.15,0.45,0.6,0.65,0.85,0.9,-0.5,0.5,0.8,0.08,0.04
8,PE_PB_FED,0.004238,0.2,0.3,0.4,0.5,0.75,0.8,0.95,1.0,0.65,0.75,0.06,0.04
6,PE_PB_FED,0.004237,0.1,0.15,0.35,0.5,0.65,0.85,0.95,0.0,0.65,0.8,0.12,0.03
6,PB_FED,0.004236,0.05,0.15,0.35,0.7,0.75,0.85,0.9,0.5,0.0,0.0,0.08,0.05
8,PE_PB_FED,0.004236,0.2,0.25,0.4,0.5,0.7,0.75,0.9,-0.5,0.6,0.8,0.08,0.03
6,PE_PB_FED,0.004235,0.1,0.2,0.35,0.65,0.75,0.85,0.95,0.0,0.55,0.75,0.06,0.05
8,PE_only,0.004235,0.1,0.3,0.45,0.55,0.7,0.75,0.85,0.0,0.0,0.0,0.12,0.04
6,PE_only,0.004234,0.05,0.25,0.4,0.55,0.75,0.85,0.95,0.0,0.0,0.0,0.12,0.04
6,PE_PB_FED,0.004232,0.1,0.15,0.45,0.55,0.7,0.75,0.95,0.0,0.5,0.8,0.06,0.05
6,PE_FED,0.004225,0.1,0.2,0.35,0.6,0.7,0.85,0.9,0.0,0.0,0.0,0.08,0.03
8,PE_PB,0.004223,0.15,0.2,0.45,0.6,0.7,0.8,0.85,0.0,0.65,0.0,0.08,0.05
6,PE_PB,0.004221,0.1,0.2,0.3,0.65,0.7,0.8,0.95,0.0,0.55,0.0,0.06,0.03
6,PE_only,0.004217,0.15,0.3,0.45,0.55,0.65,0.75,0.95,0.0,0.0,0.0,0.1,0.05
8,PE_PB_FED,0.004217,0.2,0.25,0.45,0.6,0.75,0.8,0.9,0.5,0.65,0.7,0.1,0.04
8,PE_FED,0.004215,0.2,0.3,0.35,0.65,0.7,0.8,0.9,0.5,0.0,0.0,0.1,0.05
6,PE_only,0.004213,0.05,0.15,0.3,0.6,0.7,0.8,0.85,0.0,0.0,0.0,0.12,0.03
6,PE_FED,0.004211,0.1,0.25,0.45,0.65,0.7,0.8,0.85,-0.5,0.0,0.0,0.12,0.04
8,PE_PB,0.0042,0.05,0.15,0.35,0.55,0.7,0.75,0.85,0.0,0.6,0.0,0.1,0.05
8,PE_PB,0.004198,0.05,0.2,0.45,0.55,0.75,0.8,0.9,0.0,0.6,0.0,0.06,0.04
6,PE_FED,0.004197,0.15,0.2,0.45,0.5,0.65,0.85,0.95,-0.5,0.0,0.0,0.06,0.04
8,PE_PB,0.004195,0.05,0.25,0.4,0.7,0.7,0.75,0.85,0.0,0.6,0.0,0.06,0.03
6,PE_FED,0.004194,0.1,0.3,0.35,0.5,0.75,0.85,0.95,0.0,0.0,0.0,0.1,0.04
6,PE_PB_FED,0.004191,0.2,0.25,0.45,0.6,0.7,0.8,0.95,-0.5,0.65,0.7,0.08,0.05
6,PB_FED,0.00419,0.15,0.3,0.35,0.55,0.65,0.75,0.9,0.5,0.0,0.0,0.1,0.03
6,PE_only,0.004189,0.1,0.25,0.4,0.5,0.7,0.75,0.95,0.0,0.0,0.0,0.1,0.03
6,PE_FED,0.004188,0.2,0.3,0.35,0.55,0.65,0.85,0.95,-0.5,0.0,0.0,0.12,0.04
8,PE_only,0.004188,0.2,0.25,0.45,0.5,0.65,0.8,0.9,0.0,0.0,0.0,0.08,0.04
8,PE_only,0.004188,0.2,0.25,0.45,0.55,0.75,0.85,0.9,0.0,0.0,0.0,0.12,0.05
8,PE_PB,0.004186,0.15,0.3,0.45,0.55,0.7,0.8,0.95,0.0,0.5,0.0,0.08,0.03
6,PE_FED,0.004185,0.05,0.25,0.4,0.6,0.7,0.8,0.9,0.0,0.0,0.0,0.06,0.05
8,PE_PB,0.004185,0.05,0.3,0.45,0.65,0.65,0.85,0.9,0.0,0.65,0.0,0.1,0.04
8,PE_PB_FED,0.004171,0.1,0.15,0.45,0.5,0.65,0.85,0.9,0.0,0.55,0.8,0.06,0.05
6,PE_only,0.004169,0.05,0.15,0.35,0.5,0.7,0.85,0.95,0.0,0.0,0.0,0.12,0.03
6,PB_FED,0.004169,0.1,0.2,0.3,0.65,0.7,0.8,0.95,1.0,0.0,0.0,0.12,0.03
6,PE_only,0.004167,0.1,0.15,0.4,0.6,0.65,0.8,0.85,0.0,0.0,0.0,0.08,0.05
6,PE_FED,0.004162,0.15,0.3,0.35,0.7,0.65,0.8,0.85,0.0,0.0,0.0,0.12,0.05
6,PE_only,0.00416,0.15,0.25,0.35,0.5,0.65,0.8,0.95,0.0,0.0,0.0,0.12,0.03
8,PE_PB,0.00416,0.15,0.25,0.35,0.6,0.65,0.85,0.95,0.0,0.5,0.0,0.08,0.04
6,PE_PB_FED,0.004159,0.1,0.3,0.45,0.6,0.65,0.75,0.95,0.0,0.6,0.75,0.12,0.05
8,PE_FED,0.004158,0.1,0.3,0.4,0.5,0.75,0.8,0.9,0.5,0.0,0.0,0.06,0.03
8,PE_FED,0.004158,0.15,0.25,0.35,0.6,0.7,0.75,0.9,1.0,0.0,0.0,0.08,0.03
8,PE_FED,0.004157,0.15,0.25,0.35,0.7,0.75,0.8,0.85,0.5,0.0,0.0,0.06,0.05
6,PE_only,0.004154,0.15,0.25,0.3,0.5,0.7,0.8,0.95,0.0,0.0,0.0,0.08,0.05
8,PE_PB,0.004153,0.05,0.3,0.45,0.55,0.7,0.8,0.95,0.0,0.5,0.0,0.08,0.03
6,PB_FED,0.004147,0.15,0.2,0.35,0.65,0.75,0.85,0.95,0.5,0.0,0.0,0.08,0.04
6,PB_FED,0.004146,0.2,0.25,0.3,0.65,0.7,0.85,0.95,0.5,0.0,0.0,0.12,0.03
8,PE_FED,0.004142,0.2,0.25,0.35,0.7,0.7,0.85,0.95,1.0,0.0,0.0,0.1,0.05
6,PE_only,0.004141,0.1,0.2,0.35,0.6,0.65,0.75,0.85,0.0,0.0,0.0,0.1,0.05
6,PE_only,0.004141,0.1,0.2,0.35,0.6,0.65,0.75,0.85,0.0,0.0,0.0,0.08,0.05
6,PE_PB_FED,0.00414,0.2,0.3,0.45,0.65,0.65,0.75,0.95,0.0,0.6,0.75,0.1,0.04
6,PE_PB,0.004139,0.05,0.25,0.35,0.6,0.7,0.8,0.95,0.0,0.6,0.0,0.06,0.05
6,PB_FED,0.004134,0.15,0.2,0.3,0.5,0.65,0.75,0.85,0.5,0.0,0.0,0.12,0.04
6,PE_PB,0.00413,0.2,0.3,0.35,0.7,0.65,0.75,0.95,0.0,0.6,0.0,0.1,0.03
6,PE_FED,0.00413,0.05,0.15,0.45,0.55,0.65,0.8,0.9,0.0,0.0,0.0,0.1,0.03
8,PE_FED,0.004128,0.1,0.2,0.45,0.6,0.65,0.85,0.9,0.5,0.0,0.0,0.12,0.05
6,PE_FED,0.004127,0.05,0.15,0.45,0.65,0.7,0.8,0.85,0.0,0.0,0.0,0.06,0.05
6,PE_PB,0.004126,0.05,0.2,0.45,0.6,0.7,0.85,0.95,0.0,0.65,0.0,0.1,0.05
8,PE_PB_FED,0.004122,0.2,0.3,0.4,0.7,0.65,0.8,0.9,0.5,0.65,0.75,0.1,0.04
8,PE_PB,0.004119,0.2,0.3,0.4,0.6,0.7,0.75,0.95,0.0,0.5,0.0,0.12,0.04
8,PE_PB_FED,0.004119,0.15,0.25,0.45,0.5,0.7,0.75,0.9,-0.5,0.55,0.8,0.08,0.04
8,PE_PB,0.004117,0.2,0.25,0.4,0.65,0.7,0.75,0.9,0.0,0.55,0.0,0.08,0.03
6,PE_PB_FED,0.004112,0.05,0.2,0.45,0.6,0.65,0.75,0.95,-0.5,0.55,0.7,0.12,0.03
6,PE_PB,0.00411,0.1,0.25,0.4,0.6,0.65,0.85,0.95,0.0,0.65,0.0,0.1,0.03
6,PB_FED,0.004105,0.15,0.25,0.4,0.55,0.7,0.75,0.9,0.5,0.0,0.0,0.06,0.04
6,PE_FED,0.004102,0.05,0.25,0.45,0.65,0.7,0.8,0.85,-0.5,0.0,0.0,0.1,0.05
6,PE_only,0.004099,0.2,0.3,0.4,0.55,0.75,0.8,0.95,0.0,0.0,0.0,0.12,0.03
8,PE_PB,0.004099,0.1,0.15,0.3,0.55,0.65,0.8,0.9,0.0,0.5,0.0,0.08,0.03
8,PE_PB_FED,0.004099,0.05,0.3,0.4,0.7,0.7,0.75,0.9,0.5,0.55,0.7,0.06,0.03
8,PE_FED,0.004096,0.1,0.3,0.35,0.55,0.75,0.85,0.95,1.0,0.0,0.0,0.12,0.03
8,PE_PB,0.004095,0.1,0.2,0.35,0.5,0.7,0.75,0.9,0.0,0.6,0.0,0.06,0.03
6,PB_only,0.004092,0.05,0.3,0.4,0.5,0.65,0.85,0.95,0.0,0.0,0.0,0.08,0.04
6,PE_PB,0.004079,0.1,0.2,0.45,0.7,0.7,0.85,0.9,0.0,0.65,0.0,0.06,0.05
6,PE_FED,0.004077,0.05,0.25,0.45,0.6,0.65,0.8,0.9,0.0,0.0,0.0,0.06,0.03
8,PE_PB,0.004069,0.2,0.25,0.45,0.65,0.75,0.85,0.9,0.0,0.65,0.0,0.1,0.03
8,PE_only,0.004066,0.1,0.15,0.45,0.5,0.65,0.8,0.85,0.0,0.0,0.0,0.12,0.04
6,PE_PB_FED,0.004063,0.2,0.3,0.4,0.7,0.75,0.8,0.95,0.0,0.6,0.7,0.1,0.04
8,PE_PB_FED,0.004063,0.05,0.25,0.4,0.5,0.65,0.75,0.9,0.5,0.55,0.7,0.1,0.04
8,PE_PB,0.00406,0.05,0.25,0.4,0.5,0.65,0.85,0.95,0.0,0.6,0.0,0.06,0.03
8,PE_PB,0.004056,0.1,0.3,0.4,0.65,0.75,0.85,0.9,0.0,0.65,0.0,0.08,0.03
8,PE_PB,0.004053,0.1,0.2,0.35,0.7,0.65,0.75,0.85,0.0,0.55,0.0,0.1,0.04
8,PE_PB_FED,0.004051,0.05,0.25,0.4,0.7,0.75,0.8,0.85,-0.5,0.55,0.8,0.06,0.04
8,PE_PB,0.004048,0.05,0.25,0.4,0.5,0.7,0.75,0.9,0.0,0.65,0.0,0.06,0.04
8,PE_PB,0.004043,0.1,0.3,0.35,0.55,0.65,0.75,0.9,0.0,0.65,0.0,0.1,0.05
8,PE_only,0.004038,0.2,0.3,0.45,0.55,0.7,0.85,0.9,0.0,0.0,0.0,0.1,0.04
8,PE_FED,0.004037,0.15,0.25,0.45,0.6,0.65,0.75,0.85,0.5,0.0,0.0,0.06,0.05
6,PE_PB,0.004029,0.15,0.3,0.45,0.6,0.65,0.8,0.95,0.0,0.65,0.0,0.06,0.04
8,PE_PB,0.004029,0.15,0.3,0.4,0.55,0.65,0.75,0.9,0.0,0.65,0.0,0.1,0.05
8,PE_PB,0.004028,0.15,0.25,0.45,0.6,0.65,0.75,0.85,0.0,0.65,0.0,0.12,0.05
8,PE_PB,0.004026,0.05,0.25,0.35,0.5,0.7,0.8,0.95,0.0,0.5,0.0,0.1,0.05
8,PE_PB,0.004024,0.05,0.25,0.3,0.7,0.7,0.8,0.9,0.0,0.5,0.0,0.12,0.03
6,PE_PB_FED,0.00402,0.05,0.15,0.3,0.55,0.65,0.75,0.9,0.0,0.65,0.8,0.08,0.05
6,PE_only,0.004019,0.1,0.2,0.45,0.5,0.7,0.75,0.95,0.0,0.0,0.0,0.12,0.05
6,PE_PB,0.004017,0.05,0.3,0.35,0.65,0.7,0.75,0.95,0.0,0.6,0.0,0.12,0.04
6,PB_FED,0.004017,0.1,0.15,0.3,0.5,0.7,0.8,0.9,0.5,0.0,0.0,0.08,0.04
6,PE_FED,0.004014,0.15,0.25,0.4,0.5,0.7,0.85,0.95,-0.5,0.0,0.0,0.08,0.04
6,PE_FED,0.004014,0.15,0.3,0.4,0.7,0.7,0.8,0.85,0.0,0.0,0.0,0.1,0.05
8,PE_PB_FED,0.004014,0.2,0.3,0.35,0.55,0.65,0.75,0.85,0.0,0.6,0.7,0.1,0.03
6,PE_PB_FED,0.004013,0.05,0.2,0.4,0.5,0.65,0.75,0.95,0.0,0.55,0.75,0.06,0.05
6,PE_FED,0.004011,0.2,0.3,0.4,0.7,0.65,0.85,0.9,0.0,0.0,0.0,0.12,0.05
6,PE_PB,0.004008,0.1,0.15,0.45,0.6,0.65,0.85,0.95,0.0,0.6,0.0,0.12,0.05
8,PE_PB,0.004008,0.05,0.25,0.4,0.5,0.65,0.85,0.95,0.0,0.6,0.0,0.12,0.04
6,PB_FED,0.004006,0.1,0.25,0.3,0.65,0.65,0.85,0.95,0.5,0.0,0.0,0.06,0.05
6,PE_PB,0.004005,0.2,0.25,0.4,0.7,0.65,0.75,0.85,0.0,0.65,0.0,0.1,0.05
8,PE_PB_FED,0.004005,0.2,0.25,0.35,0.6,0.65,0.8,0.95,1.0,0.5,0.8,0.08,0.04
8,PE_PB,0.004,0.1,0.3,0.4,0.5,0.65,0.8,0.95,0.0,0.55,0.0,0.12,0.03
6,PE_only,0.003999,0.05,0.2,0.3,0.6,0.75,0.85,0.9,0.0,0.0,0.0,0.08,0.03
8,PE_PB,0.003998,0.1,0.25,0.35,0.5,0.65,0.75,0.9,0.0,0.65,0.0,0.12,0.03
6,PE_PB,0.003997,0.15,0.25,0.4,0.7,0.65,0.85,0.95,0.0,0.6,0.0,0.08,0.03
6,PE_PB_FED,0.003996,0.05,0.15,0.3,0.65,0.7,0.75,0.9,0.0,0.55,0.75,0.08,0.04
6,PE_PB,0.003986,0.15,0.25,0.3,0.65,0.75,0.85,0.9,0.0,0.65,0.0,0.08,0.04
6,PE_PB_FED,0.003985,0.15,0.3,0.4,0.6,0.65,0.75,0.95,0.0,0.55,0.7,0.08,0.03
6,PB_FED,0.003985,0.05,0.25,0.4,0.65,0.65,0.8,0.95,0.5,0.0,0.0,0.08,0.03
6,PE_PB_FED,0.00398,0.1,0.15,0.45,0.7,0.75,0.8,0.9,0.0,0.65,0.7,0.08,0.03
6,PE_only,0.003976,0.2,0.3,0.35,0.6,0.7,0.8,0.9,0.0,0.0,0.0,0.12,0.04
6,PE_PB_FED,0.003973,0.1,0.2,0.35,0.6,0.7,0.85,0.95,-0.5,0.6,0.7,0.12,0.05
8,PE_PB,0.003971,0.1,0.25,0.3,0.6,0.7,0.8,0.9,0.0,0.55,0.0,0.08,0.03
6,PE_only,0.00397,0.05,0.25,0.3,0.5,0.7,0.8,0.95,0.0,0.0,0.0,0.1,0.05
6,PE_FED,0.003968,0.15,0.2,0.45,0.65,0.65,0.8,0.85,0.0,0.0,0.0,0.1,0.05
8,PB_FED,0.003967,0.1,0.3,0.4,0.5,0.65,0.8,0.85,1.0,0.0,0.0,0.08,0.05
8,PE_PB_FED,0.003963,0.15,0.2,0.4,0.6,0.65,0.85,0.9,-0.5,0.55,0.7,0.06,0.05
8,PE_PB_FED,0.003963,0.15,0.2,0.35,0.55,0.65,0.8,0.9,-0.5,0.5,0.75,0.08,0.05
6,PE_FED,0.003962,0.1,0.25,0.35,0.65,0.75,0.8,0.85,0.0,0.0,0.0,0.06,0.05
8,PE_only,0.003962,0.05,0.3,0.4,0.5,0.75,0.8,0.9,0.0,0.0,0.0,0.12,0.03
8,PE_PB,0.00396,0.1,0.2,0.45,0.6,0.75,0.8,0.85,0.0,0.65,0.0,0.1,0.03
8,PE_PB,0.00396,0.1,0.15,0.4,0.65,0.7,0.75,0.85,0.0,0.55,0.0,0.12,0.03
8,PE_PB_FED,0.003958,0.1,0.2,0.4,0.55,0.65,0.75,0.85,-0.5,0.55,0.75,0.06,0.04
8,PE_PB_FED,0.003958,0.1,0.25,0.45,0.5,0.7,0.75,0.9,-0.5,0.6,0.8,0.06,0.05
6,PE_FED,0.003957,0.1,0.25,0.35,0.65,0.65,0.8,0.85,0.0,0.0,0.0,0.08,0.05
6,PE_PB_FED,0.003954,0.1,0.25,0.35,0.7,0.65,0.75,0.95,0.0,0.5,0.75,0.08,0.04
8,PE_PB,0.003951,0.1,0.25,0.45,0.5,0.65,0.8,0.95,0.0,0.5,0.0,0.12,0.03
6,PE_only,0.00395,0.1,0.2,0.4,0.6,0.7,0.75,0.85,0.0,0.0,0.0,0.12,0.05
6,PB_FED,0.00395,0.1,0.25,0.45,0.65,0.7,0.8,0.85,0.5,0.0,0.0,0.1,0.04
6,PE_PB,0.003948,0.1,0.2,0.35,0.7,0.7,0.75,0.95,0.0,0.55,0.0,0.08,0.05
6,PE_only,0.003947,0.05,0.2,0.35,0.6,0.7,0.75,0.85,0.0,0.0,0.0,0.12,0.05
8,PE_PB_FED,0.003947,0.1,0.15,0.3,0.7,0.65,0.85,0.9,0.5,0.55,0.75,0.1,0.03
6,PE_PB_FED,0.003941,0.05,0.25,0.4,0.55,0.7,0.8,0.95,-0.5,0.65,0.75,0.12,0.03
8,PE_PB,0.003939,0.1,0.15,0.45,0.6,0.65,0.8,0.85,0.0,0.6,0.0,0.06,0.04
8,PE_FED,0.003938,0.05,0.3,0.4,0.65,0.65,0.85,0.95,1.0,0.0,0.0,0.12,0.05
6,PE_PB_FED,0.003932,0.05,0.25,0.3,0.6,0.7,0.75,0.95,0.0,0.5,0.8,0.06,0.03
8,PE_PB,0.003932,0.2,0.3,0.45,0.55,0.65,0.8,0.95,0.0,0.55,0.0,0.06,0.04
6,PE_PB_FED,0.003929,0.1,0.15,0.45,0.6,0.7,0.85,0.95,0.0,0.55,0.75,0.06,0.04
6,PE_PB_FED,0.003929,0.1,0.2,0.35,0.6,0.7,0.8,0.95,-0.5,0.55,0.75,0.12,0.05
6,PB_FED,0.003929,0.05,0.25,0.4,0.5,0.7,0.75,0.95,0.5,0.0,0.0,0.08,0.03
8,PE_PB_FED,0.003927,0.05,0.15,0.3,0.7,0.65,0.75,0.85,0.5,0.5,0.7,0.08,0.03
6,PE_FED,0.003922,0.2,0.25,0.4,0.6,0.65,0.8,0.9,0.0,0.0,0.0,0.06,0.05
6,PB_FED,0.003922,0.05,0.3,0.4,0.7,0.7,0.75,0.85,0.5,0.0,0.0,0.12,0.03
6,PE_only,0.003913,0.05,0.3,0.45,0.6,0.65,0.75,0.9,0.0,0.0,0.0,0.06,0.03
6,PE_PB,0.003912,0.05,0.2,0.35,0.65,0.7,0.8,0.95,0.0,0.55,0.0,0.08,0.03
8,PE_PB_FED,0.003905,0.1,0.3,0.4,0.6,0.65,0.75,0.9,0.5,0.55,0.75,0.1,0.03
8,PE_PB,0.0039,0.1,0.25,0.4,0.55,0.7,0.8,0.9,0.0,0.65,0.0,0.12,0.05
6,PE_only,0.003897,0.1,0.25,0.4,0.5,0.7,0.8,0.95,0.0,0.0,0.0,0.1,0.03
8,PE_only,0.003893,0.05,0.25,0.35,0.5,0.65,0.85,0.9,0.0,0.0,0.0,0.1,0.04
6,PB_FED,0.003888,0.2,0.25,0.3,0.65,0.7,0.75,0.95,1.0,0.0,0.0,0.08,0.05
8,PE_PB_FED,0.003888,0.1,0.15,0.35,0.5,0.7,0.8,0.9,-0.5,0.5,0.8,0.12,0.05
6,PE_only,0.003886,0.05,0.3,0.45,0.55,0.7,0.75,0.95,0.0,0.0,0.0,0.12,0.04
8,PE_PB,0.003883,0.05,0.2,0.3,0.6,0.7,0.85,0.9,0.0,0.6,0.0,0.08,0.03
6,PE_PB_FED,0.00388,0.2,0.25,0.45,0.55,0.65,0.8,0.95,0.0,0.65,0.75,0.1,0.04
6,PE_only,0.003879,0.1,0.2,0.35,0.6,0.65,0.75,0.85,0.0,0.0,0.0,0.12,0.03
6,PB_FED,0.003875,0.1,0.3,0.35,0.7,0.65,0.8,0.95,0.5,0.0,0.0,0.06,0.05
6,PB_only,0.003868,0.05,0.3,0.45,0.5,0.7,0.85,0.9,0.0,0.0,0.0,0.1,0.05
6,PB_only,0.003868,0.05,0.3,0.45,0.5,0.75,0.85,0.9,0.0,0.0,0.0,0.08,0.05
6,PE_only,0.003863,0.1,0.15,0.3,0.55,0.65,0.8,0.9,0.0,0.0,0.0,0.12,0.03
8,PE_FED,0.003859,0.2,0.3,0.45,0.55,0.65,0.8,0.9,0.5,0.0,0.0,0.06,0.04
8,PE_PB_FED,0.003857,0.15,0.25,0.3,0.7,0.65,0.75,0.85,-0.5,0.5,0.75,0.06,0.03
6,PE_FED,0.003856,0.05,0.25,0.45,0.5,0.7,0.85,0.95,0.0,0.0,0.0,0.12,0.05
8,PE_PB_FED,0.003853,0.05,0.25,0.45,0.55,0.7,0.85,0.95,1.0,0.65,0.75,0.12,0.05
6,PE_PB_FED,0.003848,0.05,0.15,0.3,0.7,0.65,0.8,0.9,0.0,0.6,0.8,0.12,0.03
8,PE_PB,0.003843,0.05,0.25,0.4,0.55,0.65,0.75,0.9,0.0,0.55,0.0,0.12,0.04
8,PE_PB_FED,0.003843,0.05,0.15,0.3,0.5,0.65,0.8,0.85,-0.5,0.6,0.8,0.08,0.04
8,PE_FED,0.00384,0.15,0.3,0.4,0.7,0.65,0.85,0.9,0.5,0.0,0.0,0.06,0.04
6,PE_FED,0.003838,0.1,0.2,0.45,0.55,0.75,0.8,0.9,0.0,0.0,0.0,0.1,0.03
8,PE_PB,0.003834,0.05,0.25,0.45,0.6,0.65,0.75,0.85,0.0,0.65,0.0,0.06,0.05
6,PE_PB_FED,0.003831,0.05,0.15,0.45,0.55,0.7,0.8,0.95,0.0,0.5,0.8,0.1,0.03
6,PE_only,0.00383,0.15,0.25,0.3,0.6,0.7,0.75,0.85,0.0,0.0,0.0,0.1,0.04
8,PE_PB_FED,0.003829,0.05,0.25,0.3,0.7,0.7,0.75,0.9,1.0,0.6,0.75,0.1,0.04
6,PE_FED,0.003828,0.1,0.3,0.45,0.6,0.65,0.75,0.9,-0.5,0.0,0.0,0.12,0.05
6,PE_PB_FED,0.003827,0.05,0.2,0.4,0.55,0.75,0.85,0.95,0.0,0.6,0.7,0.06,0.04
6,PE_PB,0.003826,0.1,0.2,0.3,0.6,0.7,0.8,0.95,0.0,0.55,0.0,0.1,0.03
6,PE_only,0.003824,0.2,0.3,0.4,0.6,0.65,0.8,0.9,0.0,0.0,0.0,0.06,0.04
8,PE_PB_FED,0.003819,0.1,0.3,0.35,0.55,0.65,0.85,0.9,0.0,0.55,0.75,0.08,0.04
6,PE_only,0.003818,0.15,0.2,0.45,0.5,0.7,0.8,0.95,0.0,0.0,0.0,0.1,0.04
6,PE_only,0.003812,0.1,0.15,0.4,0.6,0.75,0.8,0.85,0.0,0.0,0.0,0.08,0.03
6,PE_PB_FED,0.00381,0.1,0.3,0.45,0.65,0.65,0.75,0.95,0.0,0.55,0.7,0.12,0.03
6,PE_FED,0.003807,0.2,0.3,0.35,0.55,0.7,0.75,0.9,0.0,0.0,0.0,0.08,0.04
6,PB_FED,0.003807,0.05,0.15,0.3,0.5,0.75,0.8,0.95,0.5,0.0,0.0,0.06,0.05
6,PE_only,0.003804,0.2,0.25,0.35,0.55,0.7,0.85,0.95,0.0,0.0,0.0,0.06,0.04
6,PE_PB_FED,0.003803,0.05,0.25,0.3,0.55,0.75,0.85,0.95,0.0,0.65,0.7,0.1,0.03
8,PE_only,0.003798,0.1,0.3,0.45,0.55,0.7,0.85,0.9,0.0,0.0,0.0,0.12,0.03
6,PE_PB,0.003797,0.05,0.15,0.3,0.7,0.75,0.8,0.9,0.0,0.6,0.0,0.1,0.04
8,PE_PB,0.003793,0.2,0.25,0.4,0.55,0.65,0.75,0.9,0.0,0.6,0.0,0.08,0.03
6,PE_PB_FED,0.003792,0.2,0.3,0.45,0.6,0.7,0.8,0.95,0.0,0.65,0.8,0.12,0.05
8,PE_PB_FED,0.003792,0.05,0.3,0.35,0.7,0.7,0.85,0.95,1.0,0.65,0.7,0.06,0.05
8,PE_only,0.003787,0.2,0.25,0.4,0.5,0.75,0.8,0.9,0.0,0.0,0.0,0.08,0.05
6,PE_only,0.003785,0.05,0.15,0.35,0.55,0.7,0.75,0.9,0.0,0.0,0.0,0.12,0.05
6,PB_FED,0.003784,0.1,0.15,0.45,0.7,0.65,0.8,0.95,1.0,0.0,0.0,0.06,0.03
8,PE_only,0.00378,0.05,0.15,0.45,0.5,0.7,0.8,0.85,0.0,0.0,0.0,0.08,0.04
6,PE_only,0.003775,0.15,0.25,0.4,0.5,0.7,0.8,0.95,0.0,0.0,0.0,0.1,0.04
6,PE_only,0.003772,0.2,0.3,0.35,0.6,0.7,0.8,0.9,0.0,0.0,0.0,0.12,0.03
8,PE_PB,0.003767,0.1,0.25,0.4,0.6,0.7,0.85,0.9,0.0,0.65,0.0,0.06,0.05
8,PE_PB,0.003757,0.15,0.3,0.35,0.7,0.65,0.85,0.9,0.0,0.6,0.0,0.08,0.04
6,PE_PB_FED,0.003748,0.15,0.2,0.3,0.7,0.7,0.75,0.95,-0.5,0.5,0.7,0.1,0.04
6,PE_only,0.003746,0.1,0.25,0.45,0.55,0.7,0.85,0.95,0.0,0.0,0.0,0.12,0.04
8,PE_FED,0.003742,0.2,0.25,0.3,0.5,0.65,0.8,0.9,0.5,0.0,0.0,0.06,0.05
6,PE_PB,0.003732,0.05,0.25,0.3,0.7,0.75,0.8,0.95,0.0,0.55,0.0,0.1,0.03
6,PB_FED,0.003732,0.2,0.25,0.4,0.6,0.65,0.75,0.95,0.5,0.0,0.0,0.12,0.04
8,PE_PB,0.003731,0.1,0.2,0.3,0.6,0.65,0.85,0.9,0.0,0.6,0.0,0.1,0.03
6,PE_PB,0.003726,0.1,0.2,0.35,0.6,0.65,0.75,0.95,0.0,0.55,0.0,0.06,0.03
8,PE_FED,0.003724,0.15,0.3,0.4,0.7,0.7,0.75,0.85,0.5,0.0,0.0,0.1,0.03
8,PE_PB_FED,0.003721,0.15,0.2,0.4,0.6,0.75,0.85,0.95,1.0,0.55,0.75,0.08,0.04
8,PE_FED,0.003717,0.15,0.25,0.4,0.65,0.65,0.85,0.9,0.5,0.0,0.0,0.08,0.05
8,PE_PB_FED,0.003717,0.05,0.25,0.45,0.65,0.65,0.75,0.9,1.0,0.65,0.8,0.06,0.03
8,PE_FED,0.003715,0.1,0.3,0.45,0.5,0.65,0.75,0.85,-0.5,0.0,0.0,0.12,0.04
6,PE_FED,0.003714,0.1,0.15,0.3,0.5,0.65,0.8,0.9,0.0,0.0,0.0,0.06,0.05
8,PE_FED,0.003712,0.2,0.25,0.4,0.65,0.65,0.75,0.85,0.5,0.0,0.0,0.1,0.05
6,PB_FED,0.003708,0.15,0.2,0.45,0.6,0.7,0.8,0.95,0.5,0.0,0.0,0.12,0.05
6,PE_FED,0.003706,0.05,0.25,0.3,0.6,0.65,0.75,0.85,-0.5,0.0,0.0,0.12,0.04
8,PE_PB,0.003705,0.1,0.25,0.45,0.7,0.65,0.75,0.85,0.0,0.6,0.0,0.08,0.03
6,PE_only,0.003704,0.1,0.2,0.3,0.6,0.7,0.8,0.85,0.0,0.0,0.0,0.12,0.04
6,PE_only,0.003704,0.1,0.25,0.4,0.6,0.7,0.85,0.9,0.0,0.0,0.0,0.1,0.04
6,PB_FED,0.0037,0.15,0.2,0.4,0.7,0.65,0.85,0.95,0.5,0.0,0.0,0.12,0.05
6,PE_PB,0.003699,0.1,0.15,0.4,0.6,0.65,0.8,0.9,0.0,0.65,0.0,0.12,0.03
6,PB_FED,0.003698,0.05,0.2,0.35,0.55,0.65,0.75,0.95,1.0,0.0,0.0,0.1,0.05
8,PE_PB_FED,0.003697,0.1,0.2,0.35,0.7,0.65,0.8,0.85,-0.5,0.5,0.7,0.06,0.03
6,PB_FED,0.003694,0.15,0.3,0.45,0.65,0.7,0.8,0.95,0.5,0.0,0.0,0.08,0.03
8,PE_FED,0.003694,0.1,0.2,0.45,0.55,0.7,0.75,0.9,1.0,0.0,0.0,0.08,0.05
6,PB_FED,0.003689,0.1,0.25,0.45,0.7,0.7,0.8,0.95,0.5,0.0,0.0,0.08,0.04
8,PE_PB_FED,0.003679,0.05,0.15,0.35,0.5,0.65,0.85,0.9,-0.5,0.6,0.7,0.1,0.05
6,PE_PB_FED,0.003678,0.05,0.2,0.35,0.6,0.7,0.85,0.95,0.0,0.55,0.75,0.12,0.04
6,PE_FED,0.003677,0.1,0.2,0.4,0.6,0.7,0.75,0.85,-0.5,0.0,0.0,0.06,0.03
6,PB_FED,0.003675,0.1,0.3,0.4,0.65,0.65,0.8,0.9,0.5,0.0,0.0,0.12,0.03
6,PB_FED,0.003674,0.15,0.25,0.3,0.65,0.7,0.8,0.85,0.5,0.0,0.0,0.12,0.05
6,PB_FED,0.003665,0.15,0.25,0.3,0.5,0.7,0.75,0.9,0.5,0.0,0.0,0.1,0.04
8,PE_PB_FED,0.003664,0.1,0.15,0.45,0.55,0.75,0.8,0.85,0.5,0.65,0.7,0.06,0.03
6,PB_FED,0.003663,0.1,0.25,0.45,0.7,0.7,0.8,0.9,0.5,0.0,0.0,0.06,0.04
6,PE_FED,0.003662,0.05,0.25,0.3,0.65,0.65,0.8,0.85,0.0,0.0,0.0,0.08,0.04
8,PE_FED,0.00366,0.05,0.25,0.4,0.55,0.65,0.85,0.9,0.5,0.0,0.0,0.12,0.04
8,PE_PB,0.003656,0.05,0.2,0.3,0.6,0.65,0.8,0.85,0.0,0.6,0.0,0.12,0.03
8,PE_FED,0.003656,0.1,0.25,0.35,0.6,0.75,0.85,0.9,0.5,0.0,0.0,0.1,0.03
6,PE_only,0.003653,0.1,0.25,0.35,0.6,0.65,0.75,0.85,0.0,0.0,0.0,0.12,0.04
8,PE_PB_FED,0.003652,0.05,0.3,0.45,0.65,0.7,0.75,0.85,-0.5,0.6,0.75,0.1,0.04
8,PE_PB_FED,0.003652,0.2,0.25,0.3,0.6,0.7,0.85,0.9,0.0,0.5,0.75,0.06,0.04
6,PE_PB,0.003651,0.05,0.15,0.4,0.55,0.75,0.8,0.95,0.0,0.6,0.0,0.12,0.05
8,PE_PB_FED,0.003651,0.05,0.2,0.35,0.65,0.65,0.75,0.85,0.5,0.6,0.8,0.12,0.03
6,PE_only,0.003647,0.1,0.15,0.45,0.6,0.7,0.85,0.9,0.0,0.0,0.0,0.1,0.05
6,PE_PB_FED,0.003647,0.2,0.25,0.3,0.6,0.65,0.8,0.95,0.0,0.55,0.8,0.1,0.04
8,PE_only,0.003642,0.1,0.25,0.4,0.5,0.65,0.85,0.9,0.0,0.0,0.0,0.06,0.04
8,PE_PB_FED,0.003641,0.1,0.25,0.45,0.5,0.65,0.85,0.95,1.0,0.65,0.8,0.06,0.04
6,PB_FED,0.00364,0.05,0.25,0.45,0.5,0.7,0.75,0.95,0.5,0.0,0.0,0.06,0.03
6,PE_PB,0.003634,0.15,0.2,0.3,0.65,0.75,0.8,0.95,0.0,0.55,0.0,0.08,0.04
6,PB_FED,0.003633,0.15,0.2,0.3,0.55,0.7,0.8,0.9,0.5,0.0,0.0,0.08,0.05
8,PE_PB,0.003627,0.1,0.25,0.45,0.6,0.7,0.75,0.85,0.0,0.65,0.0,0.12,0.03
8,PE_PB_FED,0.003625,0.1,0.15,0.35,0.55,0.65,0.8,0.85,0.5,0.6,0.7,0.12,0.03
8,PE_FED,0.003624,0.2,0.25,0.4,0.65,0.7,0.85,0.9,0.5,0.0,0.0,0.06,0.04
8,PE_FED,0.003622,0.2,0.25,0.45,0.65,0.65,0.85,0.95,1.0,0.0,0.0,0.12,0.04
8,PE_only,0.003621,0.1,0.2,0.45,0.5,0.65,0.75,0.85,0.0,0.0,0.0,0.12,0.03
8,PE_PB,0.003619,0.2,0.25,0.4,0.7,0.65,0.75,0.85,0.0,0.6,0.0,0.08,0.04
8,PE_FED,0.003618,0.1,0.2,0.45,0.55,0.7,0.8,0.85,0.5,0.0,0.0,0.1,0.03
6,PE_only,0.003616,0.15,0.2,0.4,0.55,0.7,0.75,0.9,0.0,0.0,0.0,0.1,0.04
6,PE_only,0.003616,0.15,0.2,0.4,0.55,0.7,0.75,0.9,0.0,0.0,0.0,0.08,0.04
6,PB_FED,0.003615,0.05,0.25,0.35,0.6,0.65,0.8,0.95,0.5,0.0,0.0,0.06,0.05
6,PE_FED,0.003613,0.2,0.25,0.3,0.6,0.7,0.85,0.9,-0.5,0.0,0.0,0.1,0.04
8,PE_only,0.003609,0.1,0.3,0.4,0.55,0.75,0.8,0.85,0.0,0.0,0.0,0.1,0.03
6,PE_FED,0.003608,0.1,0.3,0.35,0.7,0.65,0.8,0.85,0.0,0.0,0.0,0.08,0.03
6,PB_FED,0.003607,0.05,0.25,0.35,0.6,0.75,0.8,0.85,0.5,0.0,0.0,0.12,0.04
6,PE_PB,0.0036,0.1,0.3,0.35,0.7,0.75,0.85,0.9,0.0,0.65,0.0,0.12,0.04
8,PE_only,0.0036,0.2,0.3,0.4,0.55,0.65,0.85,0.9,0.0,0.0,0.0,0.1,0.05
6,PE_only,0.003599,0.05,0.25,0.45,0.6,0.75,0.8,0.9,0.0,0.0,0.0,0.08,0.05
8,PE_FED,0.003595,0.2,0.25,0.45,0.7,0.7,0.75,0.85,0.5,0.0,0.0,0.08,0.04
8,PE_PB,0.003594,0.05,0.25,0.4,0.55,0.7,0.8,0.9,0.0,0.6,0.0,0.12,0.04
8,PE_FED,0.003592,0.1,0.2,0.45,0.55,0.7,0.85,0.9,0.5,0.0,0.0,0.12,0.05
6,PE_PB,0.00359,0.05,0.15,0.4,0.55,0.7,0.75,0.95,0.0,0.55,0.0,0.08,0.03
6,PB_FED,0.003586,0.05,0.15,0.4,0.5,0.7,0.75,0.95,1.0,0.0,0.0,0.1,0.04
8,PE_PB_FED,0.003584,0.1,0.25,0.4,0.65,0.65,0.8,0.85,0.0,0.5,0.7,0.1,0.04
6,PE_PB,0.003581,0.05,0.15,0.4,0.6,0.75,0.8,0.9,0.0,0.65,0.0,0.06,0.03
8,PE_PB,0.003581,0.1,0.2,0.4,0.7,0.7,0.75,0.85,0.0,0.55,0.0,0.12,0.03
8,PE_PB,0.003579,0.1,0.15,0.45,0.6,0.65,0.8,0.9,0.0,0.5,0.0,0.08,0.03
8,PE_PB_FED,0.003574,0.1,0.15,0.3,0.55,0.75,0.85,0.9,-0.5,0.5,0.75,0.12,0.03
6,PB_FED,0.003573,0.15,0.25,0.35,0.7,0.7,0.8,0.85,0.5,0.0,0.0,0.1,0.03
8,PE_only,0.003573,0.05,0.3,0.45,0.55,0.75,0.85,0.9,0.0,0.0,0.0,0.06,0.03
8,PE_only,0.003573,0.05,0.3,0.45,0.55,0.7,0.85,0.9,0.0,0.0,0.0,0.1,0.03
6,PE_PB_FED,0.003566,0.05,0.25,0.4,0.55,0.65,0.8,0.95,-0.5,0.65,0.8,0.08,0.04
6,PE_only,0.003563,0.15,0.2,0.3,0.5,0.65,0.85,0.95,0.0,0.0,0.0,0.12,0.05
8,PE_PB_FED,0.003563,0.1,0.25,0.45,0.6,0.65,0.8,0.85,-0.5,0.6,0.8,0.1,0.04
6,PE_PB,0.003561,0.05,0.2,0.45,0.65,0.75,0.8,0.85,0.0,0.65,0.0,0.08,0.04
8,PE_PB,0.003561,0.05,0.25,0.35,0.55,0.65,0.85,0.95,0.0,0.5,0.0,0.08,0.05
8,PE_PB,0.003558,0.05,0.2,0.4,0.65,0.75,0.8,0.9,0.0,0.5,0.0,0.1,0.04
6,PE_PB,0.003557,0.1,0.15,0.45,0.55,0.65,0.75,0.95,0.0,0.6,0.0,0.06,0.04
6,PE_PB,0.003554,0.05,0.2,0.45,0.65,0.75,0.85,0.95,0.0,0.6,0.0,0.06,0.05
8,PE_PB,0.003551,0.2,0.3,0.35,0.6,0.65,0.85,0.95,0.0,0.55,0.0,0.06,0.05
8,PE_PB,0.003551,0.15,0.3,0.45,0.7,0.7,0.85,0.95,0.0,0.5,0.0,0.12,0.05
8,PE_only,0.00355,0.15,0.3,0.35,0.5,0.75,0.8,0.9,0.0,0.0,0.0,0.1,0.05
6,PE_PB_FED,0.003548,0.1,0.2,0.45,0.65,0.65,0.85,0.95,0.0,0.55,0.8,0.08,0.04
6,PE_PB,0.003545,0.15,0.2,0.35,0.6,0.75,0.85,0.95,0.0,0.6,0.0,0.12,0.05
8,PE_PB,0.003541,0.2,0.25,0.4,0.7,0.7,0.75,0.85,0.0,0.6,0.0,0.12,0.04
6,PE_FED,0.003538,0.1,0.3,0.4,0.65,0.65,0.75,0.85,0.0,0.0,0.0,0.12,0.05
6,PE_PB,0.003535,0.1,0.15,0.4,0.55,0.65,0.75,0.95,0.0,0.55,0.0,0.12,0.03
8,PE_PB,0.003533,0.05,0.2,0.3,0.55,0.65,0.8,0.85,0.0,0.65,0.0,0.12,0.03
6,PB_FED,0.003532,0.15,0.3,0.45,0.6,0.7,0.75,0.85,0.5,0.0,0.0,0.08,0.03
8,PE_PB_FED,0.003531,0.1,0.15,0.3,0.55,0.75,0.85,0.9,0.5,0.55,0.75,0.1,0.04
8,PB_FED,0.003526,0.2,0.3,0.45,0.5,0.75,0.85,0.9,1.0,0.0,0.0,0.06,0.04
6,PE_only,0.003525,0.15,0.3,0.35,0.55,0.75,0.85,0.95,0.0,0.0,0.0,0.06,0.04
6,PE_PB_FED,0.00352,0.2,0.25,0.4,0.6,0.75,0.85,0.95,-0.5,0.65,0.7,0.12,0.04
8,PE_PB_FED,0.00352,0.2,0.3,0.45,0.55,0.75,0.8,0.9,-0.5,0.65,0.7,0.06,0.05
6,PB_FED,0.003519,0.05,0.2,0.45,0.7,0.65,0.75,0.9,1.0,0.0,0.0,0.06,0.05
6,PB_FED,0.003518,0.1,0.15,0.4,0.55,0.65,0.8,0.85,0.5,0.0,0.0,0.08,0.03
6,PB_FED,0.003517,0.05,0.15,0.45,0.5,0.7,0.75,0.95,1.0,0.0,0.0,0.1,0.04
6,PE_PB_FED,0.003514,0.05,0.3,0.45,0.65,0.65,0.75,0.95,-0.5,0.6,0.7,0.06,0.03
8,PE_FED,0.003512,0.05,0.25,0.3,0.6,0.65,0.85,0.9,0.5,0.0,0.0,0.12,0.03
8,PE_only,0.003503,0.1,0.3,0.45,0.5,0.75,0.8,0.9,0.0,0.0,0.0,0.08,0.04
6,PE_only,0.003502,0.1,0.3,0.4,0.6,0.7,0.8,0.9,0.0,0.0,0.0,0.06,0.05
8,PE_PB_FED,0.0035,0.05,0.15,0.4,0.65,0.65,0.8,0.9,1.0,0.55,0.75,0.12,0.04
6,PB_FED,0.003492,0.15,0.25,0.45,0.55,0.7,0.75,0.9,0.5,0.0,0.0,0.1,0.05
6,PE_PB,0.003491,0.05,0.15,0.3,0.7,0.7,0.75,0.95,0.0,0.5,0.0,0.08,0.04
8,PE_PB,0.00349,0.15,0.2,0.3,0.7,0.75,0.8,0.85,0.0,0.55,0.0,0.1,0.03
6,PE_PB_FED,0.003489,0.2,0.25,0.35,0.55,0.65,0.75,0.95,0.0,0.55,0.75,0.12,0.05
6,PE_only,0.003482,0.05,0.25,0.45,0.55,0.75,0.85,0.95,0.0,0.0,0.0,0.08,0.04
6,PE_PB,0.00348,0.15,0.2,0.3,0.65,0.75,0.8,0.95,0.0,0.55,0.0,0.08,0.05
8,PE_only,0.00348,0.05,0.25,0.4,0.5,0.7,0.85,0.9,0.0,0.0,0.0,0.08,0.04
8,PE_only,0.003474,0.2,0.3,0.4,0.55,0.7,0.85,0.9,0.0,0.0,0.0,0.06,0.05
6,PE_only,0.003473,0.05,0.2,0.4,0.6,0.65,0.75,0.85,0.0,0.0,0.0,0.08,0.03
6,PE_PB_FED,0.003473,0.2,0.25,0.4,0.65,0.7,0.85,0.95,0.0,0.6,0.7,0.12,0.04
6,PE_only,0.003471,0.05,0.2,0.35,0.6,0.75,0.85,0.9,0.0,0.0,0.0,0.06,0.05
6,PB_FED,0.003465,0.15,0.2,0.45,0.65,0.65,0.85,0.95,0.5,0.0,0.0,0.12,0.03
6,PE_FED,0.003454,0.2,0.25,0.3,0.5,0.7,0.75,0.9,0.0,0.0,0.0,0.12,0.04
6,PE_PB_FED,0.003454,0.05,0.15,0.35,0.5,0.7,0.85,0.95,0.0,0.6,0.7,0.06,0.04
8,PE_PB_FED,0.003453,0.15,0.2,0.35,0.7,0.75,0.8,0.9,0.5,0.5,0.8,0.06,0.05
8,PE_FED,0.003451,0.2,0.25,0.4,0.6,0.7,0.75,0.85,0.5,0.0,0.0,0.08,0.05
6,PE_PB,0.00345,0.15,0.25,0.45,0.7,0.65,0.85,0.95,0.0,0.6,0.0,0.06,0.03
6,PE_FED,0.00345,0.05,0.2,0.45,0.65,0.7,0.8,0.85,0.0,0.0,0.0,0.06,0.05
6,PE_PB,0.003448,0.05,0.2,0.35,0.55,0.7,0.8,0.95,0.0,0.65,0.0,0.06,0.04
6,PE_FED,0.003447,0.15,0.25,0.4,0.55,0.75,0.8,0.9,0.0,0.0,0.0,0.06,0.03
8,PE_PB,0.003446,0.1,0.2,0.35,0.65,0.65,0.8,0.9,0.0,0.5,0.0,0.06,0.04
8,PE_FED,0.003444,0.05,0.25,0.45,0.5,0.75,0.8,0.85,-0.5,0.0,0.0,0.12,0.05
8,PE_PB,0.003443,0.1,0.25,0.45,0.7,0.75,0.85,0.9,0.0,0.6,0.0,0.06,0.05
8,PE_PB,0.003443,0.15,0.25,0.45,0.65,0.75,0.85,0.9,0.0,0.6,0.0,0.1,0.04
8,PE_FED,0.003442,0.2,0.25,0.35,0.5,0.75,0.8,0.9,0.5,0.0,0.0,0.08,0.05
6,PE_only,0.00344,0.05,0.25,0.4,0.6,0.7,0.85,0.9,0.0,0.0,0.0,0.08,0.04
8,PE_FED,0.003434,0.05,0.2,0.35,0.65,0.65,0.8,0.9,1.0,0.0,0.0,0.12,0.04
6,PB_FED,0.003433,0.15,0.2,0.3,0.5,0.75,0.8,0.95,0.5,0.0,0.0,0.06,0.03
6,PE_only,0.003431,0.05,0.2,0.35,0.6,0.7,0.85,0.9,0.0,0.0,0.0,0.06,0.05
8,PE_PB,0.003431,0.2,0.3,0.45,0.5,0.65,0.75,0.95,0.0,0.6,0.0,0.1,0.04
8,PE_PB,0.003428,0.2,0.25,0.4,0.7,0.65,0.75,0.85,0.0,0.6,0.0,0.08,0.03
8,PE_PB,0.003425,0.15,0.2,0.3,0.6,0.7,0.8,0.85,0.0,0.6,0.0,0.08,0.04
8,PE_PB,0.003422,0.2,0.3,0.4,0.6,0.7,0.85,0.95,0.0,0.55,0.0,0.12,0.05
8,PE_PB,0.003422,0.15,0.25,0.35,0.7,0.75,0.85,0.9,0.0,0.55,0.0,0.08,0.04
8,PE_PB_FED,0.003422,0.15,0.2,0.4,0.5,0.65,0.8,0.9,0.5,0.6,0.75,0.12,0.05
6,PE_only,0.003421,0.1,0.15,0.45,0.5,0.7,0.85,0.95,0.0,0.0,0.0,0.06,0.04
8,PE_FED,0.003413,0.15,0.25,0.45,0.5,0.65,0.75,0.9,1.0,0.0,0.0,0.12,0.03
6,PE_PB,0.003411,0.1,0.15,0.3,0.7,0.75,0.8,0.95,0.0,0.5,0.0,0.12,0.03
8,PE_PB,0.003408,0.15,0.25,0.45,0.7,0.65,0.8,0.85,0.0,0.6,0.0,0.1,0.04
6,PB_FED,0.003406,0.2,0.3,0.45,0.7,0.7,0.75,0.9,0.5,0.0,0.0,0.12,0.05
8,PE_FED,0.003402,0.1,0.2,0.35,0.65,0.65,0.8,0.9,1.0,0.0,0.0,0.06,0.04
8,PE_PB,0.003392,0.05,0.15,0.35,0.65,0.65,0.75,0.85,0.0,0.5,0.0,0.08,0.04
8,PE_PB_FED,0.003392,0.2,0.25,0.45,0.55,0.75,0.8,0.9,-0.5,0.55,0.7,0.12,0.03
6,PB_FED,0.003386,0.1,0.15,0.4,0.6,0.75,0.85,0.9,0.5,0.0,0.0,0.06,0.05
6,PB_FED,0.003383,0.1,0.25,0.4,0.6,0.75,0.8,0.95,0.5,0.0,0.0,0.1,0.04
6,PB_FED,0.00338,0.1,0.2,0.3,0.5,0.65,0.75,0.95,1.0,0.0,0.0,0.06,0.05
8,PE_PB_FED,0.003378,0.1,0.25,0.4,0.65,0.7,0.85,0.9,0.5,0.65,0.75,0.08,0.04
6,PE_PB_FED,0.003376,0.1,0.15,0.4,0.65,0.65,0.8,0.9,0.0,0.6,0.8,0.06,0.03
8,PE_PB,0.003376,0.05,0.3,0.4,0.55,0.7,0.8,0.9,0.0,0.65,0.0,0.12,0.03
6,PE_FED,0.003369,0.05,0.2,0.3,0.6,0.75,0.8,0.85,-0.5,0.0,0.0,0.08,0.04
6,PB_FED,0.003369,0.05,0.25,0.4,0.7,0.75,0.8,0.95,0.5,0.0,0.0,0.12,0.05
6,PB_FED,0.003368,0.1,0.15,0.45,0.6,0.7,0.85,0.9,0.5,0.0,0.0,0.12,0.04
6,PE_PB_FED,0.003367,0.05,0.3,0.45,0.65,0.7,0.85,0.95,0.0,0.65,0.75,0.12,0.05
6,PE_only,0.003363,0.05,0.25,0.4,0.5,0.7,0.8,0.95,0.0,0.0,0.0,0.06,0.05
6,PE_only,0.003363,0.2,0.25,0.35,0.5,0.7,0.75,0.95,0.0,0.0,0.0,0.12,0.05
8,PE_FED,0.003362,0.1,0.25,0.45,0.7,0.7,0.8,0.85,0.5,0.0,0.0,0.12,0.05
6,PE_PB_FED,0.003357,0.05,0.3,0.45,0.7,0.75,0.8,0.95,-0.5,0.6,0.8,0.06,0.04
8,PE_PB,0.003357,0.05,0.2,0.35,0.6,0.65,0.8,0.9,0.0,0.5,0.0,0.08,0.03
6,PB_FED,0.003356,0.05,0.15,0.45,0.55,0.7,0.75,0.9,1.0,0.0,0.0,0.08,0.04
8,PE_FED,0.003356,0.2,0.25,0.45,0.65,0.7,0.85,0.95,1.0,0.0,0.0,0.08,0.05
8,PE_PB,0.003354,0.1,0.15,0.3,0.55,0.75,0.85,0.9,0.0,0.6,0.0,0.08,0.05
8,PE_PB_FED,0.003354,0.1,0.15,0.3,0.5,0.7,0.75,0.85,0.5,0.55,0.7,0.1,0.03
6,PE_only,0.003352,0.05,0.15,0.3,0.5,0.65,0.75,0.9,0.0,0.0,0.0,0.06,0.04
8,PE_PB,0.00335,0.1,0.2,0.3,0.6,0.7,0.8,0.85,0.0,0.6,0.0,0.1,0.04
8,PE_FED,0.003347,0.05,0.25,0.35,0.65,0.65,0.8,0.85,0.5,0.0,0.0,0.08,0.04
8,PE_PB_FED,0.003343,0.05,0.25,0.3,0.7,0.7,0.85,0.9,-0.5,0.5,0.8,0.08,0.05
6,PE_only,0.00334,0.1,0.15,0.45,0.6,0.7,0.8,0.85,0.0,0.0,0.0,0.08,0.04
6,PE_PB_FED,0.003339,0.05,0.25,0.35,0.65,0.65,0.8,0.95,0.0,0.5,0.8,0.08,0.03
6,PE_FED,0.003338,0.15,0.3,0.4,0.65,0.7,0.8,0.85,-0.5,0.0,0.0,0.12,0.03
6,PE_FED,0.003336,0.05,0.15,0.4,0.6,0.75,0.8,0.85,-0.5,0.0,0.0,0.12,0.03
8,PE_only,0.003331,0.05,0.25,0.3,0.5,0.75,0.85,0.9,0.0,0.0,0.0,0.12,0.03
8,PE_PB,0.003331,0.2,0.25,0.45,0.5,0.7,0.8,0.95,0.0,0.55,0.0,0.1,0.04
6,PB_FED,0.00333,0.2,0.25,0.3,0.6,0.7,0.75,0.95,1.0,0.0,0.0,0.08,0.04
6,PE_only,0.003327,0.1,0.15,0.45,0.55,0.7,0.75,0.9,0.0,0.0,0.0,0.08,0.03
6,PE_PB,0.003326,0.1,0.2,0.4,0.65,0.65,0.8,0.95,0.0,0.55,0.0,0.06,0.04
8,PE_FED,0.003326,0.1,0.25,0.3,0.55,0.7,0.8,0.85,0.5,0.0,0.0,0.06,0.05
6,PB_FED,0.003325,0.05,0.2,0.4,0.65,0.65,0.85,0.95,0.5,0.0,0.0,0.12,0.05
6,PE_FED,0.003323,0.1,0.15,0.4,0.55,0.7,0.75,0.85,0.0,0.0,0.0,0.06,0.05
6,PE_FED,0.003321,0.2,0.25,0.45,0.65,0.75,0.8,0.85,-0.5,0.0,0.0,0.08,0.03
6,PE_PB,0.003312,0.1,0.3,0.35,0.7,0.75,0.8,0.85,0.0,0.65,0.0,0.12,0.05
6,PB_FED,0.00331,0.2,0.25,0.45,0.65,0.75,0.8,0.85,0.5,0.0,0.0,0.08,0.03
8,PE_PB,0.003298,0.2,0.25,0.3,0.55,0.65,0.75,0.9,0.0,0.6,0.0,0.08,0.05
6,PE_only,0.003295,0.15,0.25,0.45,0.5,0.7,0.75,0.95,0.0,0.0,0.0,0.08,0.05
6,PE_only,0.003293,0.2,0.25,0.4,0.55,0.7,0.85,0.95,0.0,0.0,0.0,0.1,0.03
6,PE_PB,0.003293,0.05,0.15,0.3,0.65,0.75,0.8,0.9,0.0,0.6,0.0,0.12,0.03
6,PB_FED,0.003291,0.2,0.3,0.4,0.7,0.7,0.75,0.85,0.5,0.0,0.0,0.1,0.04
8,PE_PB_FED,0.003289,0.15,0.25,0.4,0.7,0.75,0.8,0.9,0.5,0.5,0.7,0.1,0.04
8,PE_FED,0.003286,0.2,0.25,0.4,0.6,0.65,0.85,0.9,0.5,0.0,0.0,0.08,0.04
6,PB_FED,0.003285,0.05,0.15,0.4,0.55,0.75,0.85,0.9,0.5,0.0,0.0,0.08,0.03
8,PE_FED,0.003284,0.2,0.25,0.45,0.65,0.65,0.75,0.85,0.5,0.0,0.0,0.12,0.04
8,PE_only,0.00328,0.05,0.3,0.35,0.5,0.7,0.8,0.9,0.0,0.0,0.0,0.12,0.05
6,PB_FED,0.003279,0.05,0.15,0.45,0.55,0.75,0.8,0.85,0.5,0.0,0.0,0.1,0.04
6,PE_only,0.003278,0.05,0.2,0.3,0.5,0.65,0.85,0.95,0.0,0.0,0.0,0.1,0.03
8,PE_PB,0.003277,0.2,0.25,0.3,0.55,0.65,0.8,0.9,0.0,0.65,0.0,0.08,0.05
6,PB_FED,0.003275,0.05,0.15,0.45,0.6,0.75,0.8,0.95,1.0,0.0,0.0,0.12,0.03
6,PE_FED,0.003271,0.2,0.25,0.35,0.65,0.65,0.8,0.85,0.0,0.0,0.0,0.12,0.05
8,PE_PB,0.00327,0.05,0.2,0.4,0.7,0.65,0.8,0.85,0.0,0.55,0.0,0.08,0.03
6,PE_PB_FED,0.003265,0.15,0.2,0.35,0.5,0.75,0.8,0.95,-0.5,0.65,0.75,0.12,0.03
6,PE_only,0.003259,0.1,0.3,0.35,0.55,0.7,0.85,0.95,0.0,0.0,0.0,0.06,0.05
6,PE_only,0.003259,0.1,0.3,0.35,0.55,0.75,0.85,0.95,0.0,0.0,0.0,0.08,0.05
8,PB_FED,0.003259,0.2,0.3,0.4,0.5,0.65,0.8,0.85,1.0,0.0,0.0,0.1,0.05
6,PE_PB,0.003254,0.05,0.15,0.3,0.65,0.7,0.85,0.95,0.0,0.55,0.0,0.1,0.05
6,PE_PB,0.003248,0.2,0.25,0.45,0.6,0.7,0.8,0.95,0.0,0.6,0.0,0.1,0.03
8,PE_PB_FED,0.003248,0.1,0.15,0.35,0.7,0.75,0.85,0.9,0.5,0.55,0.8,0.08,0.05
6,PE_only,0.003241,0.2,0.25,0.45,0.6,0.65,0.8,0.9,0.0,0.0,0.0,0.12,0.05
6,PE_PB_FED,0.00324,0.2,0.25,0.35,0.6,0.7,0.8,0.95,0.0,0.55,0.75,0.1,0.05
8,PE_PB,0.003235,0.05,0.3,0.35,0.6,0.7,0.75,0.9,0.0,0.55,0.0,0.06,0.03
6,PE_PB,0.003228,0.1,0.25,0.4,0.65,0.7,0.8,0.85,0.0,0.65,0.0,0.06,0.03
6,PE_PB,0.003228,0.15,0.2,0.35,0.65,0.65,0.8,0.95,0.0,0.55,0.0,0.12,0.05
8,PE_PB,0.003215,0.1,0.25,0.35,0.7,0.7,0.8,0.9,0.0,0.5,0.0,0.1,0.04
8,PE_only,0.003206,0.15,0.2,0.4,0.5,0.7,0.8,0.85,0.0,0.0,0.0,0.12,0.03
6,PE_FED,0.003204,0.15,0.2,0.4,0.6,0.65,0.8,0.85,-0.5,0.0,0.0,0.06,0.05
6,PE_PB,0.003202,0.05,0.15,0.45,0.6,0.75,0.8,0.95,0.0,0.55,0.0,0.1,0.04
8,PE_PB_FED,0.003201,0.1,0.25,0.4,0.65,0.75,0.85,0.95,1.0,0.55,0.7,0.12,0.05
6,PE_FED,0.0032,0.05,0.15,0.35,0.55,0.7,0.75,0.85,0.0,0.0,0.0,0.08,0.04
8,PE_PB,0.0032,0.1,0.2,0.45,0.5,0.7,0.75,0.9,0.0,0.6,0.0,0.08,0.03
8,PE_PB_FED,0.0032,0.2,0.3,0.4,0.6,0.75,0.85,0.95,0.5,0.55,0.8,0.1,0.04
6,PB_FED,0.003199,0.15,0.3,0.35,0.65,0.65,0.75,0.95,1.0,0.0,0.0,0.08,0.03
8,PE_PB_FED,0.003199,0.1,0.25,0.45,0.6,0.65,0.85,0.9,-0.5,0.55,0.7,0.08,0.04
6,PE_only,0.003195,0.1,0.2,0.35,0.5,0.65,0.85,0.95,0.0,0.0,0.0,0.1,0.05
8,PE_FED,0.003195,0.15,0.2,0.45,0.5,0.65,0.85,0.9,0.5,0.0,0.0,0.08,0.04
6,PB_FED,0.003192,0.15,0.3,0.35,0.6,0.65,0.8,0.9,0.5,0.0,0.0,0.08,0.03
6,PB_FED,0.003188,0.2,0.25,0.35,0.55,0.7,0.75,0.85,0.5,0.0,0.0,0.08,0.04
8,PE_FED,0.003188,0.1,0.3,0.4,0.65,0.7,0.75,0.9,1.0,0.0,0.0,0.1,0.03
6,PE_PB,0.003174,0.05,0.2,0.4,0.6,0.65,0.75,0.95,0.0,0.55,0.0,0.12,0.04
8,PE_PB,0.003173,0.1,0.15,0.3,0.7,0.65,0.75,0.85,0.0,0.5,0.0,0.1,0.05
8,PE_PB,0.003169,0.05,0.25,0.35,0.5,0.75,0.85,0.95,0.0,0.55,0.0,0.12,0.04
8,PE_PB,0.003169,0.05,0.25,0.35,0.5,0.65,0.85,0.95,0.0,0.55,0.0,0.08,0.04
8,PE_only,0.003167,0.05,0.3,0.45,0.5,0.7,0.8,0.9,0.0,0.0,0.0,0.12,0.03
8,PE_only,0.003167,0.05,0.3,0.45,0.5,0.75,0.8,0.9,0.0,0.0,0.0,0.08,0.03
6,PE_PB,0.003162,0.05,0.25,0.4,0.65,0.7,0.8,0.85,0.0,0.65,0.0,0.12,0.05
8,PE_PB_FED,0.003159,0.2,0.25,0.45,0.65,0.7,0.8,0.85,-0.5,0.6,0.8,0.06,0.05
6,PE_FED,0.003157,0.05,0.25,0.35,0.6,0.7,0.75,0.85,-0.5,0.0,0.0,0.06,0.04
8,PE_PB_FED,0.003157,0.05,0.15,0.4,0.5,0.65,0.8,0.85,-0.5,0.6,0.8,0.1,0.04
6,PE_FED,0.003149,0.1,0.2,0.35,0.55,0.7,0.85,0.9,0.0,0.0,0.0,0.1,0.04
6,PE_only,0.003147,0.05,0.2,0.35,0.6,0.7,0.8,0.85,0.0,0.0,0.0,0.1,0.04
6,PE_PB,0.003142,0.05,0.2,0.3,0.55,0.7,0.75,0.95,0.0,0.6,0.0,0.1,0.05
6,PE_FED,0.00314,0.15,0.3,0.45,0.5,0.75,0.85,0.95,0.0,0.0,0.0,0.12,0.04
6,PE_FED,0.00314,0.15,0.3,0.45,0.5,0.65,0.85,0.95,0.0,0.0,0.0,0.06,0.04
6,PE_FED,0.003138,0.15,0.2,0.35,0.5,0.75,0.8,0.9,0.0,0.0,0.0,0.12,0.04
8,PE_only,0.003136,0.2,0.3,0.4,0.55,0.7,0.8,0.85,0.0,0.0,0.0,0.08,0.05
8,PE_only,0.003136,0.2,0.25,0.3,0.5,0.75,0.85,0.9,0.0,0.0,0.0,0.06,0.04
8,PE_FED,0.003135,0.1,0.2,0.35,0.6,0.75,0.8,0.9,1.0,0.0,0.0,0.06,0.04
8,PE_PB,0.003132,0.05,0.2,0.35,0.6,0.75,0.8,0.85,0.0,0.6,0.0,0.06,0.04
8,PE_PB,0.003131,0.05,0.3,0.4,0.65,0.7,0.8,0.85,0.0,0.65,0.0,0.12,0.03
6,PE_PB,0.003129,0.1,0.2,0.3,0.65,0.65,0.75,0.9,0.0,0.6,0.0,0.12,0.04
6,PB_FED,0.003129,0.05,0.25,0.3,0.55,0.65,0.75,0.95,1.0,0.0,0.0,0.08,0.03
6,PE_FED,0.003123,0.05,0.2,0.3,0.55,0.65,0.8,0.9,-0.5,0.0,0.0,0.12,0.05
6,PB_FED,0.003123,0.1,0.15,0.3,0.55,0.65,0.85,0.95,0.5,0.0,0.0,0.08,0.04
6,PB_FED,0.003122,0.05,0.2,0.4,0.7,0.75,0.85,0.95,0.5,0.0,0.0,0.1,0.04
6,PE_FED,0.003114,0.1,0.15,0.35,0.55,0.75,0.85,0.9,-0.5,0.0,0.0,0.06,0.04
8,PE_PB_FED,0.003114,0.05,0.25,0.4,0.6,0.75,0.85,0.9,0.0,0.5,0.8,0.1,0.05
6,PE_PB_FED,0.003112,0.05,0.3,0.45,0.65,0.7,0.8,0.95,-0.5,0.6,0.8,0.12,0.03
8,PE_only,0.00311,0.05,0.2,0.4,0.5,0.7,0.8,0.85,0.0,0.0,0.0,0.12,0.03
6,PE_PB_FED,0.003107,0.1,0.25,0.35,0.7,0.7,0.75,0.9,0.0,0.6,0.8,0.06,0.03
6,PB_only,0.003107,0.05,0.3,0.45,0.5,0.65,0.85,0.95,0.0,0.0,0.0,0.08,0.04
8,PE_PB,0.003105,0.2,0.3,0.45,0.7,0.7,0.8,0.9,0.0,0.6,0.0,0.12,0.05
8,PE_FED,0.003103,0.1,0.25,0.45,0.65,0.7,0.85,0.9,0.5,0.0,0.0,0.1,0.05
6,PB_FED,0.003101,0.15,0.2,0.45,0.65,0.65,0.85,0.9,0.5,0.0,0.0,0.06,0.04
6,PE_only,0.0031,0.1,0.25,0.35,0.6,0.75,0.85,0.9,0.0,0.0,0.0,0.12,0.03
6,PE_FED,0.003096,0.05,0.3,0.45,0.6,0.75,0.8,0.9,0.0,0.0,0.0,0.12,0.04
8,PE_FED,0.003094,0.05,0.25,0.35,0.65,0.65,0.75,0.9,1.0,0.0,0.0,0.08,0.05
8,PE_PB,0.003091,0.15,0.2,0.4,0.6,0.65,0.75,0.9,0.0,0.5,0.0,0.12,0.05
6,PB_FED,0.00309,0.1,0.3,0.35,0.65,0.7,0.85,0.9,0.5,0.0,0.0,0.1,0.03
8,PE_only,0.00309,0.1,0.2,0.4,0.5,0.7,0.8,0.85,0.0,0.0,0.0,0.06,0.03
6,PE_PB_FED,0.003087,0.05,0.15,0.3,0.65,0.65,0.75,0.9,0.0,0.55,0.7,0.1,0.05
8,PE_PB,0.003087,0.1,0.15,0.35,0.5,0.65,0.85,0.9,0.0,0.65,0.0,0.06,0.04
6,PE_PB,0.003086,0.05,0.15,0.35,0.65,0.7,0.85,0.95,0.0,0.55,0.0,0.1,0.04
8,PE_FED,0.003083,0.2,0.25,0.35,0.55,0.65,0.85,0.9,0.5,0.0,0.0,0.1,0.04
8,PE_PB_FED,0.003082,0.2,0.3,0.45,0.6,0.65,0.8,0.85,-0.5,0.65,0.8,0.12,0.03
8,PE_only,0.003081,0.1,0.2,0.45,0.5,0.7,0.85,0.9,0.0,0.0,0.0,0.06,0.03
8,PE_FED,0.00308,0.1,0.3,0.35,0.5,0.7,0.85,0.95,1.0,0.0,0.0,0.06,0.05
8,PE_only,0.003078,0.2,0.25,0.45,0.5,0.75,0.8,0.9,0.0,0.0,0.0,0.1,0.05
6,PE_only,0.003076,0.2,0.25,0.35,0.6,0.65,0.75,0.85,0.0,0.0,0.0,0.06,0.04
8,PE_PB_FED,0.003076,0.1,0.25,0.45,0.65,0.7,0.85,0.95,1.0,0.55,0.7,0.1,0.05
6,PE_PB_FED,0.003075,0.15,0.2,0.35,0.7,0.7,0.75,0.9,0.0,0.55,0.8,0.06,0.04
8,PE_PB_FED,0.003072,0.1,0.3,0.35,0.55,0.7,0.85,0.95,0.5,0.5,0.7,0.06,0.04
6,PE_PB,0.00307,0.1,0.3,0.4,0.7,0.7,0.85,0.95,0.0,0.6,0.0,0.08,0.03
8,PE_PB,0.003069,0.15,0.3,0.45,0.55,0.65,0.85,0.95,0.0,0.55,0.0,0.08,0.03
6,PE_FED,0.003068,0.05,0.2,0.35,0.5,0.65,0.75,0.9,-0.5,0.0,0.0,0.12,0.03
6,PE_PB_FED,0.003066,0.1,0.2,0.45,0.6,0.75,0.8,0.95,0.0,0.5,0.7,0.1,0.04
8,PE_PB,0.003061,0.1,0.15,0.4,0.5,0.65,0.75,0.85,0.0,0.65,0.0,0.1,0.03
6,PE_PB,0.003059,0.05,0.15,0.4,0.55,0.7,0.85,0.95,0.0,0.65,0.0,0.1,0.04
6,PB_FED,0.003059,0.2,0.25,0.3,0.6,0.75,0.85,0.9,0.5,0.0,0.0,0.08,0.03
6,PE_FED,0.003054,0.2,0.25,0.45,0.65,0.75,0.85,0.9,0.0,0.0,0.0,0.06,0.05
6,PB_FED,0.003053,0.05,0.15,0.45,0.6,0.65,0.8,0.85,0.5,0.0,0.0,0.1,0.05
6,PE_only,0.003052,0.1,0.3,0.35,0.55,0.65,0.85,0.95,0.0,0.0,0.0,0.1,0.03
8,PE_PB,0.003046,0.15,0.2,0.4,0.5,0.7,0.75,0.9,0.0,0.55,0.0,0.08,0.03
6,PE_FED,0.003041,0.2,0.25,0.3,0.6,0.65,0.75,0.85,0.0,0.0,0.0,0.08,0.03
8,PE_PB_FED,0.003041,0.2,0.3,0.4,0.65,0.75,0.85,0.9,0.0,0.55,0.8,0.1,0.05
8,PE_PB_FED,0.003041,0.15,0.25,0.3,0.5,0.75,0.8,0.9,0.5,0.55,0.8,0.08,0.03
6,PE_FED,0.00304,0.05,0.15,0.3,0.5,0.75,0.8,0.9,-0.5,0.0,0.0,0.08,0.03
6,PB_FED,0.003039,0.05,0.2,0.45,0.7,0.65,0.75,0.85,1.0,0.0,0.0,0.12,0.03
8,PE_PB,0.003039,0.1,0.3,0.35,0.65,0.65,0.85,0.95,0.0,0.5,0.0,0.08,0.05
6,PE_only,0.003024,0.05,0.25,0.3,0.55,0.7,0.75,0.9,0.0,0.0,0.0,0.06,0.04
6,PE_PB,0.003024,0.15,0.3,0.35,0.7,0.65,0.85,0.95,0.0,0.6,0.0,0.1,0.03
8,PE_FED,0.003024,0.15,0.3,0.35,0.65,0.65,0.75,0.9,1.0,0.0,0.0,0.06,0.03
6,PE_FED,0.003016,0.15,0.2,0.4,0.6,0.7,0.8,0.85,0.0,0.0,0.0,0.08,0.04
6,PE_only,0.003012,0.15,0.2,0.35,0.5,0.75,0.85,0.95,0.0,0.0,0.0,0.12,0.03
8,PE_PB,0.003008,0.1,0.2,0.4,0.6,0.65,0.85,0.9,0.0,0.6,0.0,0.08,0.05
6,PE_PB_FED,0.003007,0.1,0.15,0.45,0.7,0.65,0.75,0.9,0.0,0.55,0.8,0.08,0.03
8,PE_PB_FED,0.003007,0.1,0.25,0.35,0.5,0.7,0.85,0.95,1.0,0.6,0.8,0.12,0.05
8,PE_PB_FED,0.003007,0.05,0.2,0.4,0.6,0.7,0.75,0.9,1.0,0.5,0.7,0.06,0.03
8,PE_PB_FED,0.003006,0.1,0.25,0.35,0.7,0.7,0.8,0.85,0.5,0.65,0.7,0.08,0.03
8,PE_PB_FED,0.003006,0.05,0.2,0.35,0.6,0.65,0.85,0.95,1.0,0.5,0.8,0.06,0.05
8,PE_PB_FED,0.003001,0.15,0.3,0.45,0.5,0.75,0.8,0.9,-0.5,0.65,0.75,0.06,0.03
6,PE_only,0.002999,0.2,0.3,0.45,0.6,0.7,0.8,0.9,0.0,0.0,0.0,0.12,0.03
6,PE_only,0.002984,0.15,0.25,0.4,0.6,0.7,0.85,0.9,0.0,0.0,0.0,0.06,0.03
8,PE_FED,0.002975,0.05,0.3,0.35,0.65,0.7,0.75,0.85,0.5,0.0,0.0,0.12,0.05
6,PE_FED,0.002972,0.15,0.3,0.45,0.5,0.7,0.85,0.95,0.0,0.0,0.0,0.08,0.05
8,PE_PB,0.002968,0.05,0.2,0.4,0.55,0.65,0.8,0.85,0.0,0.65,0.0,0.1,0.03
6,PE_PB_FED,0.002967,0.2,0.3,0.35,0.6,0.65,0.85,0.95,0.0,0.65,0.7,0.08,0.03
8,PE_PB,0.002967,0.05,0.2,0.45,0.55,0.7,0.8,0.9,0.0,0.55,0.0,0.1,0.04
6,PE_only,0.002962,0.15,0.3,0.45,0.6,0.75,0.8,0.9,0.0,0.0,0.0,0.1,0.05
8,PE_PB,0.002954,0.2,0.25,0.4,0.6,0.75,0.85,0.95,0.0,0.5,0.0,0.08,0.04
8,PE_FED,0.002953,0.15,0.2,0.35,0.5,0.65,0.8,0.85,0.5,0.0,0.0,0.1,0.03
6,PE_FED,0.00295,0.1,0.25,0.3,0.6,0.65,0.8,0.85,-0.5,0.0,0.0,0.08,0.04
6,PE_FED,0.002939,0.1,0.25,0.35,0.6,0.65,0.85,0.9,0.0,0.0,0.0,0.06,0.03
6,PE_PB,0.002936,0.15,0.25,0.35,0.65,0.7,0.85,0.9,0.0,0.65,0.0,0.06,0.05
6,PE_only,0.002933,0.05,0.2,0.4,0.6,0.75,0.8,0.85,0.0,0.0,0.0,0.08,0.04
6,PE_only,0.002931,0.05,0.2,0.45,0.6,0.65,0.75,0.85,0.0,0.0,0.0,0.1,0.05
8,PE_PB_FED,0.002931,0.05,0.25,0.4,0.55,0.7,0.8,0.9,0.5,0.55,0.8,0.08,0.04
6,PE_PB_FED,0.002929,0.05,0.2,0.3,0.55,0.65,0.75,0.95,-0.5,0.5,0.7,0.06,0.03
8,PE_FED,0.002928,0.05,0.2,0.35,0.5,0.7,0.8,0.9,1.0,0.0,0.0,0.1,0.03
8,PE_PB_FED,0.002927,0.1,0.3,0.45,0.55,0.7,0.85,0.9,0.0,0.55,0.75,0.1,0.04
8,PE_PB_FED,0.002922,0.2,0.3,0.4,0.7,0.7,0.85,0.95,0.5,0.5,0.7,0.12,0.05
6,PE_only,0.002917,0.1,0.25,0.4,0.6,0.75,0.85,0.9,0.0,0.0,0.0,0.12,0.03
6,PE_PB,0.002917,0.05,0.2,0.45,0.7,0.75,0.8,0.95,0.0,0.55,0.0,0.1,0.04
8,PE_FED,0.002908,0.1,0.2,0.35,0.5,0.65,0.8,0.9,1.0,0.0,0.0,0.08,0.03
8,PE_PB_FED,0.002907,0.2,0.3,0.45,0.6,0.65,0.75,0.85,0.0,0.55,0.75,0.12,0.05
6,PB_FED,0.002906,0.15,0.25,0.35,0.65,0.7,0.85,0.9,0.5,0.0,0.0,0.08,0.04
8,PE_PB,0.002905,0.1,0.15,0.4,0.5,0.75,0.8,0.9,0.0,0.6,0.0,0.1,0.05
6,PE_PB_FED,0.002903,0.15,0.25,0.35,0.55,0.75,0.85,0.95,0.0,0.6,0.75,0.06,0.04
6,PB_FED,0.002901,0.15,0.2,0.4,0.65,0.75,0.85,0.9,0.5,0.0,0.0,0.08,0.05
6,PE_only,0.0029,0.15,0.2,0.3,0.55,0.75,0.8,0.9,0.0,0.0,0.0,0.12,0.04
6,PE_PB,0.002899,0.1,0.25,0.3,0.55,0.7,0.8,0.95,0.0,0.65,0.0,0.12,0.04
6,PB_FED,0.002899,0.05,0.15,0.3,0.65,0.7,0.85,0.95,1.0,0.0,0.0,0.12,0.03
8,PE_PB_FED,0.002898,0.15,0.3,0.35,0.6,0.75,0.85,0.9,0.0,0.5,0.7,0.1,0.04
8,PE_FED,0.002896,0.15,0.25,0.4,0.55,0.75,0.8,0.85,0.5,0.0,0.0,0.1,0.03
8,PE_PB,0.002895,0.1,0.2,0.45,0.65,0.7,0.8,0.85,0.0,0.6,0.0,0.1,0.03
8,PE_PB_FED,0.002894,0.15,0.2,0.3,0.5,0.7,0.8,0.9,0.5,0.55,0.75,0.08,0.05
6,PE_PB_FED,0.002893,0.05,0.2,0.3,0.5,0.75,0.8,0.95,-0.5,0.6,0.7,0.06,0.03
8,PE_PB_FED,0.002888,0.15,0.25,0.45,0.5,0.75,0.85,0.95,0.5,0.5,0.7,0.06,0.05
6,PE_PB,0.002887,0.1,0.3,0.4,0.7,0.7,0.85,0.9,0.0,0.65,0.0,0.1,0.03
6,PB_FED,0.002887,0.05,0.25,0.35,0.65,0.65,0.75,0.95,1.0,0.0,0.0,0.1,0.04
6,PE_only,0.002885,0.15,0.2,0.35,0.55,0.7,0.75,0.9,0.0,0.0,0.0,0.1,0.05
6,PE_PB,0.002883,0.05,0.15,0.4,0.55,0.75,0.85,0.95,0.0,0.65,0.0,0.12,0.03
8,PE_PB_FED,0.002881,0.05,0.25,0.4,0.65,0.7,0.8,0.85,-0.5,0.55,0.7,0.1,0.04
8,PE_PB_FED,0.002876,0.2,0.3,0.4,0.55,0.65,0.8,0.9,0.5,0.65,0.8,0.06,0.04
8,PE_PB,0.002875,0.2,0.3,0.35,0.65,0.75,0.8,0.85,0.0,0.65,0.0,0.12,0.04
8,PE_PB_FED,0.002873,0.2,0.25,0.4,0.7,0.65,0.8,0.85,0.0,0.5,0.75,0.12,0.05
6,PB_FED,0.002868,0.05,0.3,0.35,0.7,0.7,0.75,0.85,0.5,0.0,0.0,0.1,0.05
6,PB_FED,0.002868,0.1,0.25,0.35,0.7,0.65,0.85,0.95,0.5,0.0,0.0,0.06,0.04
8,PE_PB,0.002867,0.15,0.2,0.3,0.55,0.7,0.8,0.9,0.0,0.55,0.0,0.12,0.05
8,PE_PB,0.002854,0.05,0.2,0.4,0.5,0.65,0.85,0.95,0.0,0.5,0.0,0.1,0.05
6,PE_PB,0.002847,0.05,0.2,0.4,0.55,0.7,0.75,0.95,0.0,0.6,0.0,0.12,0.04
8,PE_PB,0.002846,0.1,0.2,0.35,0.6,0.65,0.8,0.9,0.0,0.5,0.0,0.08,0.04
8,PE_PB,0.002841,0.15,0.2,0.3,0.5,0.75,0.8,0.9,0.0,0.6,0.0,0.1,0.04
6,PE_PB_FED,0.002839,0.05,0.2,0.4,0.65,0.75,0.85,0.95,-0.5,0.55,0.8,0.1,0.04
6,PE_PB,0.002835,0.1,0.25,0.35,0.6,0.7,0.85,0.95,0.0,0.6,0.0,0.06,0.04
6,PE_FED,0.002829,0.15,0.25,0.3,0.6,0.75,0.8,0.85,-0.5,0.0,0.0,0.06,0.05
8,PE_only,0.002829,0.15,0.25,0.4,0.5,0.75,0.85,0.9,0.0,0.0,0.0,0.1,0.03
8,PE_FED,0.002818,0.05,0.25,0.4,0.6,0.75,0.85,0.9,0.5,0.0,0.0,0.1,0.03
6,PE_PB,0.002816,0.05,0.15,0.4,0.55,0.75,0.8,0.95,0.0,0.55,0.0,0.06,0.04
8,PE_PB,0.00281,0.05,0.15,0.45,0.65,0.65,0.85,0.9,0.0,0.55,0.0,0.12,0.05
6,PE_only,0.002808,0.1,0.2,0.45,0.55,0.7,0.75,0.9,0.0,0.0,0.0,0.12,0.04
6,PE_FED,0.002807,0.1,0.25,0.45,0.5,0.75,0.85,0.95,-0.5,0.0,0.0,0.06,0.03
6,PE_only,0.002806,0.1,0.3,0.35,0.5,0.7,0.8,0.95,0.0,0.0,0.0,0.1,0.03
6,PE_PB,0.002802,0.05,0.25,0.3,0.6,0.7,0.8,0.95,0.0,0.55,0.0,0.08,0.03
6,PE_PB,0.002796,0.1,0.15,0.35,0.55,0.7,0.8,0.95,0.0,0.55,0.0,0.12,0.05
6,PE_PB_FED,0.002793,0.05,0.15,0.45,0.55,0.75,0.85,0.95,0.0,0.55,0.7,0.1,0.03
6,PB_FED,0.002791,0.1,0.25,0.35,0.55,0.75,0.8,0.9,0.5,0.0,0.0,0.06,0.04
6,PE_only,0.002787,0.15,0.25,0.3,0.5,0.7,0.85,0.95,0.0,0.0,0.0,0.1,0.04
6,PB_FED,0.002787,0.1,0.25,0.3,0.55,0.7,0.75,0.9,1.0,0.0,0.0,0.08,0.03
6,PE_PB_FED,0.002779,0.05,0.25,0.35,0.7,0.7,0.75,0.95,-0.5,0.5,0.8,0.08,0.04
8,PE_PB,0.002777,0.1,0.25,0.3,0.65,0.75,0.8,0.85,0.0,0.6,0.0,0.1,0.03
8,PE_PB_FED,0.002777,0.1,0.25,0.35,0.55,0.75,0.85,0.9,0.0,0.5,0.7,0.1,0.05
6,PE_FED,0.002771,0.15,0.2,0.4,0.55,0.75,0.85,0.9,0.0,0.0,0.0,0.06,0.04
6,PE_PB_FED,0.002765,0.05,0.2,0.3,0.7,0.65,0.85,0.9,-0.5,0.65,0.75,0.06,0.04
6,PE_PB_FED,0.002765,0.15,0.2,0.4,0.55,0.7,0.8,0.95,0.0,0.5,0.75,0.12,0.05
6,PB_FED,0.002764,0.05,0.25,0.45,0.6,0.65,0.8,0.9,0.5,0.0,0.0,0.08,0.04
8,PE_PB,0.002764,0.05,0.2,0.4,0.65,0.65,0.75,0.85,0.0,0.55,0.0,0.08,0.05
8,PE_PB_FED,0.002764,0.1,0.2,0.4,0.65,0.7,0.75,0.9,1.0,0.6,0.7,0.1,0.05
6,PE_only,0.002762,0.1,0.2,0.4,0.5,0.75,0.85,0.95,0.0,0.0,0.0,0.06,0.03
6,PE_PB_FED,0.00276,0.15,0.25,0.35,0.6,0.7,0.75,0.9,0.0,0.65,0.8,0.08,0.05
6,PE_only,0.002759,0.2,0.25,0.35,0.6,0.7,0.75,0.85,0.0,0.0,0.0,0.06,0.05
8,PE_PB,0.002755,0.2,0.3,0.4,0.55,0.65,0.8,0.95,0.0,0.5,0.0,0.08,0.05
6,PE_only,0.002753,0.05,0.3,0.4,0.55,0.7,0.85,0.95,0.0,0.0,0.0,0.1,0.05
6,PE_FED,0.00275,0.1,0.15,0.35,0.5,0.65,0.8,0.9,-0.5,0.0,0.0,0.12,0.03
6,PE_FED,0.00275,0.2,0.3,0.45,0.65,0.75,0.8,0.85,-0.5,0.0,0.0,0.06,0.05
6,PB_FED,0.002744,0.15,0.2,0.45,0.7,0.65,0.75,0.85,1.0,0.0,0.0,0.12,0.04
6,PE_only,0.002743,0.05,0.15,0.45,0.6,0.75,0.8,0.85,0.0,0.0,0.0,0.06,0.03
6,PE_PB,0.002742,0.2,0.25,0.45,0.6,0.75,0.85,0.95,0.0,0.65,0.0,0.08,0.04
6,PE_PB,0.002741,0.05,0.3,0.35,0.6,0.75,0.85,0.95,0.0,0.65,0.0,0.08,0.03
6,PE_PB_FED,0.002741,0.1,0.15,0.4,0.55,0.65,0.75,0.9,-0.5,0.65,0.8,0.06,0.03
6,PE_PB_FED,0.00274,0.15,0.25,0.35,0.55,0.7,0.75,0.95,0.0,0.5,0.7,0.1,0.05
8,PE_PB_FED,0.002739,0.05,0.25,0.3,0.6,0.7,0.75,0.9,1.0,0.55,0.8,0.08,0.03
6,PB_FED,0.002737,0.1,0.2,0.35,0.5,0.65,0.75,0.95,1.0,0.0,0.0,0.12,0.05
8,PE_PB_FED,0.002732,0.2,0.25,0.3,0.6,0.7,0.8,0.9,0.5,0.55,0.8,0.06,0.04
6,PE_PB,0.002723,0.05,0.2,0.3,0.7,0.75,0.85,0.95,0.0,0.55,0.0,0.06,0.04
6,PE_PB,0.002719,0.05,0.25,0.35,0.6,0.7,0.75,0.95,0.0,0.55,0.0,0.1,0.03
6,PE_FED,0.002718,0.1,0.3,0.45,0.7,0.65,0.8,0.85,0.0,0.0,0.0,0.1,0.03
6,PE_only,0.002716,0.15,0.3,0.35,0.5,0.75,0.8,0.95,0.0,0.0,0.0,0.08,0.04
8,PE_PB,0.00271,0.05,0.25,0.3,0.7,0.65,0.75,0.85,0.0,0.55,0.0,0.06,0.05
8,PE_only,0.002702,0.2,0.25,0.4,0.5,0.65,0.85,0.9,0.0,0.0,0.0,0.12,0.04
8,PE_PB,0.002702,0.2,0.25,0.4,0.6,0.75,0.8,0.85,0.0,0.65,0.0,0.08,0.04
6,PB_FED,0.002701,0.15,0.25,0.4,0.7,0.65,0.85,0.9,0.5,0.0,0.0,0.12,0.04
8,PE_PB,0.002701,0.05,0.25,0.4,0.7,0.65,0.75,0.85,0.0,0.55,0.0,0.12,0.03
6,PE_only,0.002699,0.1,0.25,0.4,0.55,0.7,0.75,0.9,0.0,0.0,0.0,0.12,0.04
8,PE_PB_FED,0.002698,0.05,0.25,0.3,0.6,0.75,0.8,0.85,-0.5,0.55,0.75,0.06,0.03
6,PB_FED,0.00269,0.05,0.2,0.3,0.55,0.7,0.85,0.9,0.5,0.0,0.0,0.08,0.04
6,PE_PB_FED,0.002687,0.2,0.25,0.4,0.65,0.7,0.75,0.95,0.0,0.5,0.7,0.1,0.05
6,PE_PB_FED,0.002682,0.05,0.2,0.3,0.65,0.65,0.8,0.9,0.0,0.6,0.8,0.08,0.03
6,PB_FED,0.002676,0.1,0.25,0.4,0.65,0.7,0.8,0.85,0.5,0.0,0.0,0.08,0.05
6,PB_FED,0.002672,0.1,0.25,0.45,0.6,0.7,0.8,0.9,0.5,0.0,0.0,0.12,0.05
6,PB_FED,0.002672,0.15,0.25,0.3,0.65,0.7,0.8,0.95,1.0,0.0,0.0,0.08,0.03
6,PB_FED,0.002668,0.15,0.25,0.3,0.6,0.7,0.85,0.95,0.5,0.0,0.0,0.08,0.05
6,PE_PB_FED,0.002663,0.15,0.2,0.4,0.55,0.7,0.85,0.95,0.0,0.55,0.8,0.12,0.03
8,PE_PB_FED,0.002661,0.2,0.3,0.35,0.5,0.65,0.8,0.9,-0.5,0.65,0.8,0.12,0.03
6,PB_FED,0.00266,0.1,0.3,0.4,0.55,0.65,0.75,0.9,0.5,0.0,0.0,0.1,0.05
6,PE_only,0.002658,0.05,0.25,0.35,0.6,0.65,0.85,0.9,0.0,0.0,0.0,0.12,0.05
6,PE_FED,0.002657,0.15,0.25,0.45,0.6,0.7,0.75,0.85,-0.5,0.0,0.0,0.06,0.04
8,PE_PB,0.002657,0.1,0.25,0.4,0.5,0.65,0.85,0.95,0.0,0.55,0.0,0.08,0.05
8,PE_PB,0.002657,0.1,0.15,0.35,0.65,0.7,0.85,0.9,0.0,0.5,0.0,0.06,0.04
6,PB_FED,0.002653,0.15,0.3,0.4,0.65,0.7,0.8,0.95,0.5,0.0,0.0,0.08,0.04
6,PE_only,0.002647,0.05,0.25,0.3,0.6,0.7,0.8,0.85,0.0,0.0,0.0,0.06,0.04
6,PE_PB_FED,0.002646,0.2,0.3,0.35,0.6,0.65,0.8,0.95,0.0,0.55,0.7,0.08,0.03
8,PE_PB_FED,0.002644,0.05,0.25,0.4,0.7,0.65,0.85,0.9,-0.5,0.5,0.8,0.06,0.05
6,PE_PB,0.002642,0.1,0.25,0.45,0.65,0.7,0.8,0.85,0.0,0.65,0.0,0.08,0.03
6,PE_only,0.002635,0.15,0.25,0.45,0.6,0.65,0.75,0.85,0.0,0.0,0.0,0.08,0.05
6,PE_PB_FED,0.002629,0.05,0.15,0.45,0.65,0.75,0.8,0.9,0.0,0.65,0.7,0.1,0.05
8,PE_FED,0.002629,0.05,0.25,0.45,0.65,0.65,0.85,0.9,0.5,0.0,0.0,0.1,0.03
6,PE_PB,0.002627,0.05,0.3,0.4,0.7,0.65,0.85,0.95,0.0,0.6,0.0,0.08,0.03
8,PE_PB_FED,0.002626,0.1,0.2,0.3,0.7,0.7,0.8,0.9,1.0,0.6,0.75,0.06,0.04
6,PE_PB_FED,0.002619,0.05,0.15,0.3,0.55,0.75,0.85,0.95,0.0,0.5,0.75,0.06,0.04
8,PE_PB,0.002618,0.1,0.2,0.3,0.65,0.65,0.8,0.85,0.0,0.55,0.0,0.08,0.04
8,PE_FED,0.002614,0.05,0.3,0.4,0.5,0.65,0.8,0.85,-0.5,0.0,0.0,0.06,0.03
8,PE_FED,0.002611,0.15,0.25,0.4,0.55,0.75,0.8,0.85,0.5,0.0,0.0,0.06,0.05
6,PE_PB,0.002602,0.05,0.25,0.3,0.55,0.7,0.8,0.95,0.0,0.65,0.0,0.12,0.05
6,PE_PB_FED,0.0026,0.15,0.2,0.3,0.55,0.7,0.85,0.95,-0.5,0.6,0.75,0.1,0.05
6,PE_only,0.002597,0.05,0.25,0.3,0.5,0.7,0.85,0.95,0.0,0.0,0.0,0.12,0.04
8,PE_PB,0.002597,0.1,0.25,0.4,0.7,0.65,0.75,0.85,0.0,0.55,0.0,0.1,0.03
6,PE_PB,0.002596,0.15,0.25,0.35,0.55,0.7,0.8,0.95,0.0,0.65,0.0,0.1,0.04
6,PE_only,0.002594,0.05,0.2,0.4,0.6,0.75,0.8,0.85,0.0,0.0,0.0,0.12,0.03
6,PE_PB_FED,0.002593,0.1,0.15,0.3,0.7,0.65,0.75,0.9,0.0,0.5,0.75,0.06,0.04
8,PE_PB_FED,0.002589,0.15,0.25,0.35,0.7,0.65,0.8,0.85,-0.5,0.5,0.7,0.1,0.03
6,PE_only,0.002579,0.1,0.15,0.35,0.5,0.7,0.75,0.9,0.0,0.0,0.0,0.12,0.03
6,PE_PB,0.002577,0.05,0.15,0.4,0.6,0.65,0.75,0.9,0.0,0.6,0.0,0.06,0.05
8,PE_PB,0.002577,0.15,0.25,0.3,0.6,0.65,0.85,0.9,0.0,0.6,0.0,0.12,0.03
6,PE_FED,0.002574,0.1,0.25,0.45,0.6,0.65,0.75,0.85,-0.5,0.0,0.0,0.08,0.05
8,PE_PB,0.002572,0.1,0.15,0.35,0.5,0.65,0.75,0.9,0.0,0.5,0.0,0.12,0.05
6,PE_FED,0.00257,0.15,0.2,0.3,0.55,0.7,0.85,0.9,0.0,0.0,0.0,0.1,0.03
6,PE_FED,0.00257,0.15,0.2,0.3,0.55,0.75,0.85,0.9,0.0,0.0,0.0,0.06,0.03
6,PE_only,0.002568,0.1,0.25,0.3,0.6,0.7,0.8,0.85,0.0,0.0,0.0,0.06,0.03
6,PE_PB,0.002567,0.05,0.25,0.4,0.6,0.65,0.75,0.95,0.0,0.55,0.0,0.06,0.03
8,PE_PB,0.002566,0.1,0.25,0.4,0.7,0.7,0.85,0.9,0.0,0.55,0.0,0.1,0.03
6,PE_only,0.002565,0.05,0.2,0.3,0.55,0.7,0.8,0.9,0.0,0.0,0.0,0.12,0.03
6,PE_only,0.002565,0.05,0.2,0.3,0.55,0.75,0.8,0.9,0.0,0.0,0.0,0.08,0.03
6,PE_PB,0.002563,0.05,0.2,0.35,0.6,0.65,0.8,0.9,0.0,0.65,0.0,0.12,0.04
8,PE_only,0.002562,0.15,0.25,0.4,0.5,0.65,0.8,0.85,0.0,0.0,0.0,0.06,0.04
8,PE_PB_FED,0.002562,0.15,0.25,0.3,0.65,0.7,0.85,0.9,0.5,0.65,0.75,0.12,0.05
8,PE_only,0.00256,0.05,0.25,0.4,0.5,0.65,0.85,0.9,0.0,0.0,0.0,0.08,0.03
8,PE_only,0.002554,0.05,0.25,0.35,0.5,0.75,0.85,0.9,0.0,0.0,0.0,0.12,0.05
8,PE_PB,0.002551,0.15,0.25,0.35,0.55,0.7,0.75,0.9,0.0,0.5,0.0,0.1,0.04
8,PE_PB_FED,0.002551,0.15,0.25,0.3,0.55,0.7,0.8,0.9,0.5,0.5,0.7,0.08,0.04
6,PE_PB_FED,0.002549,0.2,0.25,0.45,0.6,0.75,0.8,0.95,0.0,0.55,0.8,0.08,0.05
8,PE_FED,0.002549,0.15,0.3,0.4,0.7,0.75,0.85,0.9,0.5,0.0,0.0,0.08,0.05
8,PE_PB,0.002546,0.1,0.2,0.35,0.6,0.75,0.85,0.9,0.0,0.55,0.0,0.1,0.04
6,PE_PB,0.002544,0.05,0.15,0.3,0.55,0.7,0.85,0.95,0.0,0.6,0.0,0.1,0.03
6,PE_PB,0.002544,0.1,0.15,0.3,0.55,0.75,0.85,0.95,0.0,0.6,0.0,0.06,0.03
6,PE_PB,0.002536,0.15,0.2,0.45,0.6,0.65,0.8,0.95,0.0,0.55,0.0,0.08,0.03
8,PE_PB_FED,0.002535,0.1,0.15,0.35,0.6,0.65,0.85,0.9,0.5,0.55,0.75,0.1,0.03
8,PE_PB,0.002534,0.05,0.15,0.45,0.65,0.65,0.75,0.85,0.0,0.5,0.0,0.08,0.04
8,PE_PB_FED,0.002533,0.1,0.2,0.45,0.6,0.7,0.8,0.9,1.0,0.65,0.8,0.1,0.03
8,PE_PB_FED,0.002526,0.2,0.25,0.45,0.5,0.65,0.75,0.9,0.5,0.55,0.75,0.08,0.04
6,PE_only,0.002524,0.15,0.3,0.4,0.5,0.75,0.8,0.95,0.0,0.0,0.0,0.1,0.04
8,PE_PB,0.002524,0.2,0.3,0.35,0.5,0.75,0.8,0.95,0.0,0.55,0.0,0.08,0.04
8,PE_only,0.002521,0.05,0.25,0.3,0.5,0.75,0.8,0.85,0.0,0.0,0.0,0.12,0.05
6,PE_PB_FED,0.00252,0.05,0.25,0.4,0.65,0.7,0.8,0.95,0.0,0.5,0.75,0.08,0.05
8,PE_FED,0.002519,0.05,0.3,0.4,0.55,0.65,0.75,0.9,1.0,0.0,0.0,0.12,0.03
6,PE_PB,0.002517,0.05,0.25,0.35,0.65,0.75,0.8,0.95,0.0,0.55,0.0,0.12,0.04
6,PE_PB_FED,0.002517,0.05,0.2,0.4,0.55,0.7,0.85,0.95,0.0,0.55,0.75,0.08,0.05
6,PE_only,0.002515,0.1,0.25,0.35,0.55,0.65,0.75,0.9,0.0,0.0,0.0,0.08,0.03
8,PE_PB,0.002511,0.2,0.3,0.45,0.55,0.75,0.8,0.95,0.0,0.5,0.0,0.12,0.04
8,PE_only,0.002507,0.1,0.25,0.45,0.5,0.65,0.75,0.85,0.0,0.0,0.0,0.1,0.03
8,PE_PB,0.002504,0.1,0.25,0.3,0.6,0.75,0.85,0.9,0.0,0.6,0.0,0.08,0.03
8,PE_PB_FED,0.002502,0.05,0.25,0.4,0.55,0.7,0.85,0.95,1.0,0.55,0.7,0.08,0.05
6,PE_PB_FED,0.002494,0.05,0.25,0.35,0.7,0.75,0.8,0.9,0.0,0.65,0.8,0.1,0.03
8,PE_only,0.002494,0.1,0.25,0.3,0.5,0.75,0.8,0.85,0.0,0.0,0.0,0.06,0.05
8,PE_PB_FED,0.002482,0.2,0.3,0.4,0.6,0.7,0.75,0.85,-0.5,0.6,0.8,0.08,0.03
6,PE_PB,0.002478,0.1,0.3,0.35,0.65,0.75,0.85,0.95,0.0,0.6,0.0,0.06,0.03
6,PE_PB_FED,0.002471,0.15,0.2,0.4,0.55,0.75,0.8,0.95,-0.5,0.55,0.8,0.12,0.05
6,PE_PB_FED,0.002467,0.1,0.25,0.4,0.6,0.65,0.75,0.9,0.0,0.6,0.75,0.12,0.04
6,PE_PB_FED,0.002463,0.05,0.15,0.4,0.7,0.75,0.85,0.95,-0.5,0.5,0.7,0.1,0.03
6,PE_FED,0.002462,0.1,0.3,0.35,0.5,0.7,0.75,0.9,0.0,0.0,0.0,0.06,0.04
8,PE_PB,0.002462,0.1,0.25,0.35,0.5,0.75,0.8,0.9,0.0,0.65,0.0,0.12,0.04
8,PE_only,0.00246,0.1,0.25,0.3,0.5,0.7,0.8,0.85,0.0,0.0,0.0,0.08,0.03
8,PE_PB,0.002458,0.2,0.3,0.45,0.55,0.65,0.75,0.9,0.0,0.65,0.0,0.1,0.05
6,PB_FED,0.002457,0.05,0.15,0.45,0.65,0.65,0.8,0.9,1.0,0.0,0.0,0.12,0.03
8,PE_PB,0.002454,0.1,0.15,0.4,0.55,0.7,0.85,0.9,0.0,0.55,0.0,0.06,0.04
8,PE_only,0.002453,0.1,0.2,0.45,0.5,0.7,0.8,0.85,0.0,0.0,0.0,0.08,0.04
8,PE_FED,0.002452,0.15,0.3,0.45,0.6,0.65,0.75,0.85,0.5,0.0,0.0,0.12,0.05
6,PE_PB,0.00245,0.15,0.25,0.3,0.55,0.7,0.75,0.95,0.0,0.6,0.0,0.06,0.04
8,PE_PB_FED,0.00245,0.2,0.3,0.4,0.6,0.7,0.85,0.95,0.5,0.5,0.8,0.12,0.03
8,PE_PB_FED,0.002449,0.2,0.25,0.3,0.6,0.75,0.85,0.9,0.0,0.5,0.8,0.08,0.05
6,PE_only,0.002447,0.05,0.25,0.45,0.6,0.65,0.75,0.85,0.0,0.0,0.0,0.08,0.04
6,PE_only,0.002446,0.05,0.2,0.45,0.6,0.7,0.75,0.85,0.0,0.0,0.0,0.1,0.03
6,PB_FED,0.002422,0.2,0.25,0.4,0.7,0.75,0.8,0.9,0.5,0.0,0.0,0.08,0.05
6,PE_only,0.002417,0.1,0.2,0.45,0.55,0.65,0.75,0.9,0.0,0.0,0.0,0.12,0.03
8,PE_only,0.002417,0.15,0.2,0.45,0.5,0.7,0.8,0.85,0.0,0.0,0.0,0.06,0.05
8,PE_only,0.002416,0.15,0.3,0.35,0.5,0.65,0.85,0.9,0.0,0.0,0.0,0.06,0.04
8,PE_only,0.002414,0.15,0.25,0.4,0.5,0.75,0.85,0.9,0.0,0.0,0.0,0.06,0.05
8,PE_PB_FED,0.002411,0.2,0.25,0.45,0.65,0.65,0.8,0.9,0.5,0.55,0.75,0.1,0.03
8,PE_PB,0.002409,0.1,0.3,0.45,0.7,0.7,0.75,0.9,0.0,0.5,0.0,0.06,0.04
8,PE_PB,0.002406,0.15,0.25,0.3,0.6,0.7,0.75,0.9,0.0,0.5,0.0,0.1,0.05
6,PE_PB_FED,0.002403,0.1,0.25,0.35,0.7,0.7,0.75,0.9,0.0,0.6,0.8,0.08,0.05
6,PE_PB,0.002398,0.1,0.15,0.4,0.7,0.65,0.8,0.9,0.0,0.6,0.0,0.08,0.05
8,PE_PB,0.002398,0.15,0.2,0.4,0.6,0.7,0.85,0.9,0.0,0.55,0.0,0.1,0.04
8,PE_PB,0.002398,0.1,0.25,0.4,0.65,0.65,0.8,0.9,0.0,0.5,0.0,0.08,0.03
6,PE_PB,0.002397,0.15,0.2,0.3,0.65,0.65,0.75,0.95,0.0,0.5,0.0,0.06,0.03
6,PB_FED,0.002396,0.15,0.2,0.35,0.55,0.65,0.8,0.95,0.5,0.0,0.0,0.06,0.04
6,PE_PB,0.002388,0.05,0.3,0.45,0.7,0.75,0.8,0.85,0.0,0.65,0.0,0.12,0.05
6,PE_PB_FED,0.002385,0.1,0.2,0.3,0.65,0.65,0.75,0.85,0.0,0.65,0.8,0.12,0.05
6,PE_only,0.00238,0.2,0.25,0.35,0.6,0.7,0.85,0.9,0.0,0.0,0.0,0.06,0.03
8,PE_PB,0.00238,0.05,0.25,0.4,0.65,0.75,0.8,0.9,0.0,0.5,0.0,0.12,0.04
6,PB_FED,0.002373,0.2,0.25,0.35,0.55,0.65,0.8,0.9,0.5,0.0,0.0,0.1,0.03
8,PE_only,0.002372,0.2,0.3,0.45,0.55,0.7,0.8,0.85,0.0,0.0,0.0,0.1,0.03
8,PE_PB,0.002371,0.1,0.3,0.4,0.7,0.7,0.8,0.85,0.0,0.6,0.0,0.1,0.04
6,PE_PB_FED,0.002361,0.15,0.2,0.35,0.6,0.65,0.85,0.95,-0.5,0.55,0.75,0.1,0.03
8,PE_PB_FED,0.002361,0.15,0.25,0.3,0.6,0.65,0.85,0.9,-0.5,0.5,0.7,0.08,0.04
6,PE_PB,0.002359,0.1,0.15,0.45,0.6,0.7,0.8,0.95,0.0,0.5,0.0,0.1,0.03
8,PE_PB_FED,0.002356,0.15,0.3,0.45,0.55,0.65,0.85,0.95,0.5,0.5,0.8,0.12,0.04
8,PE_PB,0.002353,0.05,0.25,0.4,0.5,0.75,0.8,0.9,0.0,0.65,0.0,0.06,0.03
6,PE_only,0.002351,0.15,0.2,0.4,0.55,0.65,0.8,0.9,0.0,0.0,0.0,0.1,0.04
6,PB_FED,0.00235,0.05,0.2,0.4,0.6,0.65,0.8,0.85,0.5,0.0,0.0,0.08,0.05
6,PE_only,0.002347,0.05,0.3,0.35,0.5,0.75,0.8,0.95,0.0,0.0,0.0,0.12,0.04
8,PE_PB,0.002347,0.15,0.25,0.45,0.65,0.75,0.8,0.9,0.0,0.55,0.0,0.1,0.05
6,PE_only,0.002344,0.15,0.25,0.3,0.55,0.65,0.75,0.9,0.0,0.0,0.0,0.08,0.05
6,PE_only,0.002344,0.2,0.3,0.35,0.55,0.7,0.85,0.95,0.0,0.0,0.0,0.1,0.03
6,PE_only,0.002344,0.15,0.25,0.3,0.55,0.65,0.75,0.9,0.0,0.0,0.0,0.06,0.05
8,PE_PB,0.002344,0.1,0.15,0.35,0.6,0.65,0.75,0.85,0.0,0.5,0.0,0.12,0.03
8,PE_PB,0.002344,0.2,0.25,0.4,0.65,0.65,0.75,0.85,0.0,0.6,0.0,0.06,0.05
6,PE_only,0.002339,0.2,0.3,0.4,0.55,0.7,0.85,0.95,0.0,0.0,0.0,0.1,0.05
8,PE_PB,0.002338,0.05,0.3,0.35,0.6,0.75,0.85,0.9,0.0,0.65,0.0,0.1,0.05
8,PE_PB_FED,0.002335,0.1,0.2,0.4,0.65,0.75,0.8,0.9,1.0,0.6,0.75,0.08,0.03
6,PE_only,0.002334,0.05,0.25,0.35,0.6,0.65,0.8,0.85,0.0,0.0,0.0,0.06,0.05
8,PE_PB_FED,0.002328,0.2,0.25,0.4,0.6,0.7,0.85,0.95,1.0,0.65,0.8,0.08,0.04
6,PB_FED,0.002325,0.15,0.25,0.4,0.65,0.75,0.8,0.85,0.5,0.0,0.0,0.1,0.05
8,PE_PB,0.002324,0.2,0.3,0.45,0.65,0.7,0.75,0.9,0.0,0.55,0.0,0.1,0.03
8,PE_PB,0.002321,0.05,0.25,0.4,0.55,0.7,0.75,0.85,0.0,0.65,0.0,0.12,0.03
6,PE_PB,0.002319,0.2,0.25,0.35,0.65,0.7,0.85,0.9,0.0,0.65,0.0,0.1,0.03
6,PB_FED,0.002319,0.1,0.2,0.35,0.5,0.65,0.75,0.9,1.0,0.0,0.0,0.1,0.03
8,PE_only,0.002319,0.2,0.25,0.3,0.5,0.65,0.85,0.9,0.0,0.0,0.0,0.12,0.03
6,PE_PB,0.002317,0.1,0.15,0.4,0.5,0.65,0.75,0.95,0.0,0.55,0.0,0.08,0.03
6,PE_PB_FED,0.002316,0.05,0.25,0.3,0.65,0.65,0.75,0.9,-0.5,0.6,0.75,0.08,0.04
6,PE_PB,0.002314,0.05,0.25,0.3,0.55,0.7,0.75,0.95,0.0,0.6,0.0,0.1,0.04
6,PE_PB,0.002311,0.05,0.15,0.45,0.55,0.75,0.85,0.95,0.0,0.65,0.0,0.06,0.04
6,PE_only,0.002309,0.05,0.25,0.3,0.6,0.7,0.8,0.85,0.0,0.0,0.0,0.1,0.03
6,PE_PB,0.002307,0.05,0.3,0.4,0.65,0.65,0.8,0.85,0.0,0.65,0.0,0.06,0.04
6,PE_FED,0.002306,0.05,0.25,0.45,0.55,0.7,0.75,0.9,-0.5,0.0,0.0,0.08,0.05
8,PE_PB_FED,0.002305,0.1,0.3,0.45,0.7,0.65,0.8,0.9,0.5,0.55,0.8,0.1,0.04
6,PE_PB,0.002304,0.05,0.25,0.35,0.55,0.65,0.8,0.95,0.0,0.65,0.0,0.08,0.05
8,PE_PB_FED,0.002304,0.15,0.25,0.35,0.55,0.7,0.8,0.85,0.0,0.5,0.7,0.12,0.05
6,PE_FED,0.002303,0.15,0.3,0.4,0.6,0.7,0.75,0.85,0.0,0.0,0.0,0.06,0.05
8,PE_PB,0.0023,0.15,0.2,0.3,0.65,0.75,0.8,0.85,0.0,0.55,0.0,0.08,0.03
8,PE_PB,0.002294,0.1,0.3,0.35,0.6,0.7,0.85,0.95,0.0,0.5,0.0,0.12,0.05
6,PE_only,0.002287,0.2,0.3,0.4,0.5,0.7,0.75,0.95,0.0,0.0,0.0,0.06,0.03
6,PE_PB,0.002287,0.05,0.15,0.45,0.65,0.75,0.8,0.95,0.0,0.5,0.0,0.08,0.03
8,PE_only,0.002287,0.05,0.25,0.4,0.5,0.7,0.85,0.9,0.0,0.0,0.0,0.06,0.05
8,PE_FED,0.002286,0.15,0.25,0.45,0.5,0.7,0.75,0.85,0.5,0.0,0.0,0.08,0.03
8,PE_PB,0.002285,0.1,0.3,0.45,0.7,0.7,0.75,0.85,0.0,0.6,0.0,0.12,0.03
8,PE_PB,0.002284,0.15,0.3,0.35,0.65,0.7,0.75,0.9,0.0,0.5,0.0,0.06,0.04
8,PE_FED,0.002283,0.2,0.3,0.4,0.6,0.75,0.85,0.95,1.0,0.0,0.0,0.12,0.03
6,PB_FED,0.002282,0.15,0.3,0.4,0.7,0.75,0.8,0.95,0.5,0.0,0.0,0.08,0.05
6,PE_only,0.002281,0.1,0.25,0.3,0.55,0.7,0.75,0.9,0.0,0.0,0.0,0.06,0.05
6,PE_only,0.002281,0.1,0.25,0.35,0.6,0.7,0.8,0.85,0.0,0.0,0.0,0.08,0.03
8,PE_PB,0.002281,0.2,0.25,0.3,0.5,0.7,0.75,0.9,0.0,0.65,0.0,0.08,0.05
8,PE_only,0.002279,0.15,0.3,0.35,0.5,0.75,0.85,0.9,0.0,0.0,0.0,0.1,0.04
6,PE_FED,0.002274,0.1,0.2,0.45,0.6,0.75,0.8,0.85,-0.5,0.0,0.0,0.08,0.04
6,PE_PB,0.002269,0.2,0.3,0.4,0.7,0.7,0.85,0.9,0.0,0.65,0.0,0.08,0.03
6,PE_PB_FED,0.002269,0.15,0.3,0.45,0.65,0.65,0.75,0.95,0.0,0.5,0.75,0.06,0.03
8,PE_PB,0.002264,0.05,0.2,0.3,0.65,0.7,0.8,0.85,0.0,0.55,0.0,0.12,0.05
6,PE_PB,0.002262,0.15,0.25,0.3,0.65,0.65,0.75,0.9,0.0,0.6,0.0,0.12,0.04
8,PE_PB,0.002262,0.2,0.25,0.3,0.6,0.65,0.85,0.9,0.0,0.6,0.0,0.1,0.04
8,PE_PB_FED,0.002262,0.05,0.2,0.3,0.55,0.7,0.85,0.9,-0.5,0.5,0.8,0.06,0.03
6,PE_only,0.002255,0.05,0.25,0.3,0.5,0.7,0.85,0.95,0.0,0.0,0.0,0.08,0.03
8,PE_PB_FED,0.002251,0.1,0.3,0.4,0.6,0.7,0.8,0.85,-0.5,0.6,0.75,0.12,0.03
8,PE_FED,0.002248,0.2,0.25,0.35,0.6,0.75,0.8,0.85,0.5,0.0,0.0,0.06,0.04
6,PE_PB,0.002247,0.15,0.2,0.4,0.7,0.7,0.85,0.95,0.0,0.55,0.0,0.08,0.04
6,PB_FED,0.002247,0.1,0.3,0.35,0.6,0.65,0.75,0.95,1.0,0.0,0.0,0.06,0.05
6,PE_PB_FED,0.002246,0.05,0.25,0.45,0.6,0.7,0.75,0.9,0.0,0.65,0.8,0.1,0.03
6,PE_only,0.002244,0.1,0.25,0.35,0.5,0.75,0.85,0.95,0.0,0.0,0.0,0.1,0.05
6,PE_only,0.002244,0.1,0.25,0.35,0.5,0.75,0.85,0.95,0.0,0.0,0.0,0.06,0.05
6,PE_PB,0.002244,0.15,0.2,0.3,0.55,0.65,0.75,0.95,0.0,0.55,0.0,0.1,0.05
6,PE_only,0.002242,0.2,0.25,0.45,0.6,0.65,0.75,0.85,0.0,0.0,0.0,0.1,0.04
6,PE_PB,0.002242,0.15,0.2,0.3,0.65,0.7,0.75,0.9,0.0,0.6,0.0,0.06,0.05
8,PE_PB,0.002242,0.15,0.2,0.4,0.55,0.65,0.8,0.9,0.0,0.5,0.0,0.12,0.03
8,PE_PB,0.002239,0.05,0.2,0.4,0.6,0.65,0.75,0.85,0.0,0.55,0.0,0.06,0.05
8,PE_PB_FED,0.002238,0.1,0.3,0.35,0.65,0.7,0.75,0.85,0.5,0.65,0.75,0.1,0.04
8,PE_PB_FED,0.002233,0.05,0.3,0.45,0.7,0.65,0.75,0.9,0.5,0.55,0.8,0.12,0.05
6,PE_PB_FED,0.002231,0.15,0.2,0.4,0.7,0.7,0.75,0.85,-0.5,0.65,0.75,0.1,0.05
8,PE_FED,0.002231,0.2,0.3,0.4,0.65,0.7,0.75,0.85,0.5,0.0,0.0,0.06,0.05
6,PE_PB_FED,0.002228,0.15,0.2,0.35,0.5,0.65,0.75,0.95,-0.5,0.55,0.75,0.12,0.05
8,PE_PB_FED,0.002228,0.1,0.15,0.4,0.6,0.75,0.8,0.85,0.5,0.55,0.75,0.1,0.03
6,PE_FED,0.002224,0.05,0.3,0.35,0.6,0.7,0.85,0.9,0.0,0.0,0.0,0.1,0.04
8,PE_FED,0.002215,0.15,0.3,0.35,0.5,0.65,0.75,0.9,1.0,0.0,0.0,0.06,0.03
6,PE_PB,0.002213,0.05,0.25,0.35,0.7,0.65,0.75,0.9,0.0,0.6,0.0,0.12,0.04
6,PB_FED,0.002211,0.15,0.2,0.3,0.55,0.65,0.75,0.85,1.0,0.0,0.0,0.12,0.03
6,PE_PB,0.00221,0.2,0.3,0.4,0.6,0.7,0.85,0.95,0.0,0.65,0.0,0.1,0.04
8,PE_PB,0.00221,0.05,0.15,0.4,0.65,0.75,0.85,0.9,0.0,0.5,0.0,0.1,0.03
6,PE_only,0.002209,0.15,0.25,0.4,0.6,0.7,0.8,0.85,0.0,0.0,0.0,0.08,0.03
8,PE_PB_FED,0.002206,0.1,0.2,0.3,0.7,0.7,0.75,0.85,0.5,0.5,0.8,0.06,0.05
8,PE_PB,0.002201,0.15,0.25,0.3,0.5,0.7,0.75,0.9,0.0,0.55,0.0,0.12,0.03
8,PE_FED,0.002197,0.1,0.3,0.4,0.5,0.65,0.75,0.9,1.0,0.0,0.0,0.08,0.04
6,PB_FED,0.002192,0.15,0.25,0.35,0.55,0.7,0.8,0.95,0.5,0.0,0.0,0.12,0.05
6,PE_only,0.002191,0.15,0.2,0.45,0.6,0.7,0.8,0.85,0.0,0.0,0.0,0.06,0.03
6,PE_FED,0.002191,0.05,0.15,0.4,0.55,0.65,0.75,0.85,-0.5,0.0,0.0,0.12,0.05
6,PE_only,0.00219,0.15,0.2,0.45,0.6,0.75,0.8,0.85,0.0,0.0,0.0,0.08,0.03
8,PE_PB,0.002185,0.2,0.25,0.35,0.6,0.7,0.75,0.9,0.0,0.5,0.0,0.06,0.04
8,PE_PB,0.002183,0.2,0.3,0.45,0.65,0.75,0.85,0.95,0.0,0.5,0.0,0.08,0.03
6,PB_FED,0.00218,0.1,0.25,0.4,0.7,0.65,0.75,0.85,1.0,0.0,0.0,0.08,0.03
6,PB_FED,0.002176,0.05,0.15,0.3,0.7,0.75,0.85,0.95,1.0,0.0,0.0,0.08,0.03
6,PE_only,0.002173,0.2,0.25,0.35,0.55,0.7,0.75,0.9,0.0,0.0,0.0,0.08,0.04
6,PE_only,0.002172,0.2,0.3,0.4,0.55,0.75,0.85,0.95,0.0,0.0,0.0,0.1,0.03
6,PE_FED,0.00217,0.05,0.2,0.3,0.55,0.65,0.85,0.9,0.0,0.0,0.0,0.1,0.05
6,PE_PB,0.002167,0.1,0.25,0.45,0.65,0.65,0.85,0.9,0.0,0.65,0.0,0.12,0.05
6,PE_PB_FED,0.002157,0.15,0.2,0.4,0.65,0.7,0.75,0.9,-0.5,0.6,0.7,0.12,0.05
6,PE_PB_FED,0.002157,0.1,0.2,0.4,0.7,0.7,0.8,0.9,-0.5,0.6,0.8,0.08,0.03
6,PB_FED,0.002157,0.15,0.2,0.4,0.6,0.7,0.8,0.95,1.0,0.0,0.0,0.12,0.03
6,PE_FED,0.002154,0.1,0.25,0.35,0.5,0.7,0.75,0.9,-0.5,0.0,0.0,0.12,0.03
8,PE_PB_FED,0.002153,0.15,0.3,0.45,0.7,0.75,0.8,0.85,-0.5,0.55,0.75,0.06,0.04
6,PE_PB_FED,0.00215,0.1,0.2,0.45,0.65,0.65,0.85,0.95,-0.5,0.55,0.7,0.06,0.05
6,PB_FED,0.00215,0.15,0.3,0.45,0.6,0.65,0.75,0.95,1.0,0.0,0.0,0.1,0.03
6,PE_only,0.002149,0.1,0.25,0.45,0.6,0.7,0.85,0.9,0.0,0.0,0.0,0.06,0.03
8,PE_only,0.002149,0.1,0.3,0.4,0.5,0.65,0.75,0.85,0.0,0.0,0.0,0.08,0.04
6,PB_FED,0.002147,0.15,0.25,0.45,0.55,0.75,0.8,0.9,0.5,0.0,0.0,0.08,0.03
8,PE_PB,0.002146,0.05,0.3,0.4,0.6,0.7,0.75,0.9,0.0,0.55,0.0,0.1,0.05
8,PE_PB,0.002146,0.1,0.25,0.35,0.6,0.65,0.8,0.85,0.0,0.6,0.0,0.12,0.04
8,PE_PB,0.002145,0.1,0.15,0.3,0.5,0.75,0.8,0.85,0.0,0.65,0.0,0.08,0.04
8,PE_PB,0.002145,0.05,0.3,0.35,0.55,0.7,0.8,0.9,0.0,0.6,0.0,0.06,0.03
8,PE_PB,0.002144,0.1,0.25,0.3,0.55,0.65,0.8,0.85,0.0,0.65,0.0,0.08,0.03
8,PE_PB_FED,0.002142,0.05,0.2,0.3,0.6,0.7,0.8,0.85,0.5,0.6,0.75,0.06,0.04
8,PE_PB,0.002138,0.1,0.15,0.3,0.6,0.75,0.85,0.9,0.0,0.5,0.0,0.12,0.04
6,PE_only,0.002137,0.2,0.3,0.35,0.6,0.75,0.85,0.9,0.0,0.0,0.0,0.1,0.04
8,PE_PB,0.002137,0.15,0.25,0.45,0.7,0.75,0.85,0.9,0.0,0.55,0.0,0.08,0.03
8,PE_PB,0.002135,0.1,0.3,0.4,0.65,0.65,0.75,0.85,0.0,0.6,0.0,0.08,0.03
6,PB_FED,0.002133,0.2,0.25,0.35,0.65,0.75,0.85,0.9,0.5,0.0,0.0,0.06,0.04
6,PE_only,0.002128,0.2,0.25,0.45,0.5,0.65,0.8,0.95,0.0,0.0,0.0,0.08,0.04
8,PE_PB,0.002121,0.2,0.3,0.45,0.6,0.7,0.85,0.9,0.0,0.65,0.0,0.06,0.04
8,PE_PB_FED,0.002114,0.2,0.25,0.45,0.7,0.65,0.75,0.9,0.5,0.5,0.8,0.1,0.05
6,PE_only,0.002107,0.15,0.25,0.35,0.5,0.65,0.85,0.95,0.0,0.0,0.0,0.1,0.03
6,PB_FED,0.002107,0.15,0.2,0.3,0.55,0.7,0.75,0.85,1.0,0.0,0.0,0.08,0.03
6,PB_FED,0.002106,0.15,0.25,0.4,0.7,0.75,0.8,0.85,0.5,0.0,0.0,0.08,0.05
8,PE_PB_FED,0.0021,0.2,0.25,0.35,0.7,0.65,0.75,0.85,-0.5,0.5,0.7,0.1,0.05
8,PE_PB,0.002097,0.05,0.25,0.45,0.6,0.7,0.75,0.85,0.0,0.6,0.0,0.06,0.04
8,PE_FED,0.002097,0.05,0.15,0.4,0.7,0.65,0.75,0.85,1.0,0.0,0.0,0.12,0.03
8,PE_PB_FED,0.002097,0.1,0.3,0.45,0.5,0.65,0.85,0.95,1.0,0.65,0.7,0.08,0.04
6,PE_PB_FED,0.002091,0.1,0.2,0.4,0.7,0.65,0.75,0.85,-0.5,0.65,0.8,0.1,0.05
6,PE_PB,0.00209,0.05,0.3,0.45,0.6,0.7,0.8,0.95,0.0,0.6,0.0,0.1,0.05
8,PE_PB_FED,0.002089,0.05,0.2,0.4,0.6,0.65,0.8,0.85,-0.5,0.5,0.75,0.06,0.04
6,PB_FED,0.002086,0.2,0.25,0.4,0.6,0.65,0.8,0.95,0.5,0.0,0.0,0.12,0.05
6,PE_PB_FED,0.002084,0.1,0.25,0.4,0.5,0.7,0.8,0.95,-0.5,0.65,0.75,0.12,0.03
6,PE_PB,0.002081,0.1,0.15,0.45,0.5,0.65,0.8,0.95,0.0,0.65,0.0,0.06,0.04
6,PE_PB,0.002081,0.1,0.15,0.45,0.5,0.65,0.8,0.95,0.0,0.65,0.0,0.1,0.04
6,PE_only,0.002079,0.15,0.3,0.45,0.6,0.75,0.85,0.9,0.0,0.0,0.0,0.06,0.04
6,PE_only,0.002079,0.15,0.3,0.45,0.6,0.75,0.85,0.9,0.0,0.0,0.0,0.12,0.04
6,PE_FED,0.002077,0.15,0.2,0.35,0.55,0.65,0.85,0.9,0.0,0.0,0.0,0.06,0.05
6,PE_PB,0.002076,0.15,0.25,0.45,0.6,0.7,0.85,0.95,0.0,0.6,0.0,0.12,0.03
6,PE_PB,0.002074,0.2,0.3,0.4,0.7,0.65,0.85,0.95,0.0,0.6,0.0,0.08,0.04
8,PE_PB,0.002073,0.05,0.25,0.45,0.65,0.75,0.8,0.9,0.0,0.5,0.0,0.12,0.03
8,PE_FED,0.00207,0.2,0.3,0.35,0.5,0.7,0.8,0.85,-0.5,0.0,0.0,0.12,0.05
6,PE_FED,0.002066,0.2,0.25,0.45,0.6,0.7,0.75,0.85,-0.5,0.0,0.0,0.12,0.04
6,PE_only,0.002064,0.15,0.3,0.4,0.6,0.65,0.75,0.85,0.0,0.0,0.0,0.12,0.03
6,PE_PB,0.002063,0.05,0.2,0.3,0.55,0.75,0.85,0.95,0.0,0.65,0.0,0.1,0.03
6,PE_PB,0.002063,0.05,0.2,0.3,0.55,0.7,0.85,0.95,0.0,0.65,0.0,0.12,0.03
6,PE_PB,0.002063,0.05,0.3,0.35,0.65,0.65,0.8,0.85,0.0,0.65,0.0,0.12,0.05
6,PE_FED,0.00206,0.1,0.15,0.35,0.55,0.75,0.85,0.9,-0.5,0.0,0.0,0.08,0.05
6,PE_PB_FED,0.002059,0.05,0.25,0.4,0.55,0.7,0.85,0.95,-0.5,0.65,0.75,0.1,0.04
6,PE_PB,0.002058,0.05,0.3,0.4,0.65,0.75,0.85,0.95,0.0,0.6,0.0,0.1,0.05
8,PE_PB,0.002057,0.15,0.3,0.35,0.7,0.7,0.85,0.9,0.0,0.55,0.0,0.06,0.04
8,PE_PB_FED,0.002054,0.1,0.3,0.45,0.7,0.75,0.8,0.85,0.0,0.5,0.7,0.12,0.05
8,PE_PB_FED,0.002047,0.05,0.25,0.4,0.5,0.7,0.8,0.9,-0.5,0.5,0.8,0.1,0.04
6,PE_PB,0.002043,0.05,0.25,0.4,0.7,0.7,0.75,0.9,0.0,0.6,0.0,0.08,0.03
8,PE_PB,0.002039,0.15,0.2,0.3,0.55,0.65,0.8,0.85,0.0,0.6,0.0,0.1,0.03
8,PE_PB,0.002039,0.15,0.3,0.45,0.7,0.7,0.8,0.85,0.0,0.6,0.0,0.08,0.04
6,PE_PB,0.002036,0.05,0.2,0.45,0.55,0.7,0.75,0.95,0.0,0.6,0.0,0.1,0.05
8,PE_PB,0.002031,0.15,0.2,0.3,0.6,0.7,0.8,0.9,0.0,0.5,0.0,0.08,0.05
8,PE_PB_FED,0.002027,0.1,0.3,0.45,0.5,0.7,0.75,0.9,0.5,0.6,0.75,0.06,0.05
6,PE_PB,0.002022,0.05,0.2,0.3,0.65,0.65,0.8,0.9,0.0,0.6,0.0,0.1,0.03
6,PE_FED,0.00202,0.05,0.3,0.4,0.65,0.7,0.8,0.85,0.0,0.0,0.0,0.08,0.05
6,PB_FED,0.002016,0.15,0.2,0.3,0.55,0.7,0.8,0.95,1.0,0.0,0.0,0.12,0.03
6,PE_only,0.002012,0.1,0.25,0.45,0.6,0.75,0.85,0.9,0.0,0.0,0.0,0.06,0.05
6,PB_FED,0.002012,0.15,0.2,0.4,0.5,0.65,0.75,0.95,1.0,0.0,0.0,0.1,0.05
6,PE_FED,0.002008,0.15,0.25,0.45,0.55,0.75,0.8,0.9,-0.5,0.0,0.0,0.12,0.04
8,PE_PB,0.002006,0.1,0.15,0.35,0.5,0.75,0.8,0.9,0.0,0.55,0.0,0.12,0.05
8,PE_PB_FED,0.002004,0.1,0.3,0.4,0.65,0.65,0.8,0.85,0.0,0.5,0.75,0.06,0.04
8,PE_only,0.002,0.15,0.25,0.4,0.5,0.7,0.8,0.85,0.0,0.0,0.0,0.1,0.05
6,PE_PB,0.001991,0.1,0.2,0.35,0.65,0.7,0.75,0.9,0.0,0.6,0.0,0.06,0.05
6,PE_PB,0.001981,0.15,0.25,0.3,0.55,0.7,0.8,0.95,0.0,0.6,0.0,0.12,0.04
6,PE_FED,0.001981,0.2,0.3,0.35,0.6,0.7,0.85,0.9,-0.5,0.0,0.0,0.1,0.04
6,PE_PB,0.001964,0.15,0.25,0.45,0.6,0.7,0.85,0.95,0.0,0.6,0.0,0.08,0.05
8,PE_PB,0.001964,0.05,0.25,0.35,0.55,0.65,0.8,0.85,0.0,0.65,0.0,0.08,0.04
6,PE_FED,0.001963,0.15,0.2,0.35,0.55,0.7,0.85,0.9,0.0,0.0,0.0,0.12,0.05
8,PE_only,0.001962,0.15,0.25,0.4,0.5,0.75,0.8,0.85,0.0,0.0,0.0,0.12,0.03
8,PE_PB,0.001961,0.15,0.25,0.3,0.6,0.65,0.75,0.85,0.0,0.55,0.0,0.08,0.04
6,PE_only,0.001949,0.15,0.2,0.45,0.5,0.75,0.85,0.95,0.0,0.0,0.0,0.08,0.03
6,PB_FED,0.001949,0.2,0.25,0.3,0.55,0.7,0.8,0.95,0.5,0.0,0.0,0.12,0.05
8,PE_PB,0.001948,0.05,0.3,0.4,0.55,0.65,0.8,0.9,0.0,0.6,0.0,0.1,0.04
6,PE_PB,0.001945,0.1,0.25,0.45,0.6,0.75,0.85,0.95,0.0,0.6,0.0,0.12,0.05
6,PE_PB_FED,0.001944,0.1,0.2,0.45,0.6,0.7,0.75,0.95,-0.5,0.5,0.7,0.08,0.05
8,PE_PB,0.001937,0.1,0.3,0.45,0.65,0.65,0.8,0.9,0.0,0.55,0.0,0.06,0.04
6,PE_FED,0.001936,0.1,0.25,0.45,0.55,0.75,0.8,0.9,0.0,0.0,0.0,0.06,0.05
8,PE_FED,0.001935,0.15,0.25,0.3,0.65,0.75,0.8,0.9,1.0,0.0,0.0,0.08,0.04
6,PE_PB_FED,0.001934,0.1,0.25,0.3,0.5,0.65,0.75,0.95,-0.5,0.55,0.75,0.1,0.03
6,PB_FED,0.00193,0.15,0.2,0.3,0.5,0.7,0.85,0.95,0.5,0.0,0.0,0.1,0.03
6,PE_PB,0.001926,0.05,0.2,0.3,0.6,0.65,0.8,0.9,0.0,0.65,0.0,0.06,0.05
6,PE_only,0.001923,0.05,0.3,0.35,0.6,0.7,0.75,0.85,0.0,0.0,0.0,0.1,0.05
6,PB_FED,0.001923,0.2,0.25,0.45,0.6,0.65,0.75,0.9,1.0,0.0,0.0,0.08,0.03
6,PE_PB,0.001921,0.05,0.25,0.3,0.7,0.7,0.75,0.95,0.0,0.5,0.0,0.1,0.03
8,PE_PB,0.001918,0.05,0.2,0.45,0.55,0.65,0.75,0.85,0.0,0.6,0.0,0.08,0.03
6,PE_PB_FED,0.001915,0.05,0.2,0.35,0.55,0.7,0.75,0.9,-0.5,0.65,0.8,0.1,0.04
6,PB_FED,0.001911,0.05,0.3,0.45,0.65,0.65,0.75,0.95,1.0,0.0,0.0,0.12,0.05
6,PB_FED,0.001911,0.1,0.2,0.3,0.7,0.7,0.8,0.9,1.0,0.0,0.0,0.1,0.03
6,PE_FED,0.00191,0.05,0.25,0.45,0.5,0.65,0.75,0.9,0.0,0.0,0.0,0.08,0.03
6,PE_PB,0.001909,0.05,0.15,0.4,0.5,0.65,0.75,0.95,0.0,0.55,0.0,0.1,0.05
6,PE_PB,0.001907,0.2,0.25,0.3,0.6,0.7,0.8,0.95,0.0,0.55,0.0,0.12,0.03
6,PE_PB,0.001904,0.15,0.2,0.45,0.6,0.65,0.8,0.9,0.0,0.65,0.0,0.06,0.04
8,PE_PB_FED,0.001898,0.05,0.25,0.4,0.6,0.7,0.75,0.85,0.5,0.6,0.75,0.08,0.03
6,PE_PB_FED,0.001896,0.1,0.25,0.3,0.55,0.7,0.75,0.9,0.0,0.6,0.7,0.06,0.03
6,PE_only,0.001895,0.1,0.2,0.45,0.5,0.65,0.85,0.95,0.0,0.0,0.0,0.06,0.03
8,PE_PB,0.001895,0.1,0.15,0.35,0.7,0.65,0.8,0.85,0.0,0.5,0.0,0.08,0.05
6,PE_FED,0.001893,0.15,0.25,0.45,0.55,0.7,0.8,0.9,0.0,0.0,0.0,0.12,0.05
6,PE_only,0.001892,0.15,0.25,0.4,0.5,0.75,0.85,0.95,0.0,0.0,0.0,0.08,0.03
6,PE_only,0.001892,0.2,0.3,0.45,0.55,0.65,0.85,0.95,0.0,0.0,0.0,0.1,0.04
6,PE_PB,0.001892,0.1,0.15,0.4,0.6,0.65,0.75,0.85,0.0,0.65,0.0,0.08,0.04
6,PE_PB,0.001886,0.1,0.25,0.45,0.6,0.7,0.75,0.9,0.0,0.65,0.0,0.1,0.03
6,PE_PB_FED,0.001879,0.05,0.2,0.35,0.5,0.7,0.8,0.95,-0.5,0.55,0.8,0.06,0.03
8,PE_FED,0.001878,0.1,0.3,0.45,0.7,0.7,0.8,0.85,0.5,0.0,0.0,0.1,0.04
6,PE_only,0.001875,0.15,0.3,0.45,0.6,0.65,0.75,0.85,0.0,0.0,0.0,0.08,0.04
6,PB_FED,0.001875,0.1,0.3,0.4,0.5,0.7,0.75,0.9,0.5,0.0,0.0,0.08,0.03
6,PE_only,0.001874,0.05,0.2,0.45,0.5,0.75,0.85,0.95,0.0,0.0,0.0,0.1,0.05
8,PE_FED,0.001874,0.1,0.2,0.35,0.65,0.75,0.8,0.9,1.0,0.0,0.0,0.08,0.05
6,PB_FED,0.001869,0.2,0.25,0.3,0.6,0.65,0.85,0.9,0.5,0.0,0.0,0.06,0.04
8,PE_PB_FED,0.001869,0.1,0.3,0.45,0.7,0.75,0.85,0.9,-0.5,0.5,0.7,0.1,0.04
8,PE_PB_FED,0.001866,0.15,0.25,0.4,0.5,0.75,0.85,0.9,0.0,0.55,0.7,0.1,0.05
6,PE_PB,0.001865,0.05,0.25,0.3,0.7,0.7,0.85,0.95,0.0,0.55,0.0,0.08,0.03
8,PE_PB,0.001863,0.05,0.2,0.45,0.65,0.7,0.8,0.9,0.0,0.5,0.0,0.06,0.05
6,PE_PB,0.00186,0.15,0.2,0.35,0.55,0.65,0.75,0.95,0.0,0.5,0.0,0.08,0.04
8,PE_FED,0.001859,0.2,0.3,0.35,0.55,0.7,0.75,0.85,0.5,0.0,0.0,0.12,0.04
6,PE_PB,0.001857,0.05,0.2,0.45,0.6,0.7,0.75,0.95,0.0,0.5,0.0,0.12,0.04
6,PB_FED,0.001856,0.2,0.25,0.3,0.65,0.65,0.85,0.95,0.5,0.0,0.0,0.06,0.04
8,PE_PB,0.001855,0.15,0.2,0.35,0.55,0.75,0.85,0.9,0.0,0.6,0.0,0.06,0.03
8,PE_PB,0.001848,0.05,0.2,0.4,0.6,0.7,0.8,0.9,0.0,0.5,0.0,0.06,0.05
6,PE_PB,0.001847,0.15,0.25,0.35,0.6,0.75,0.8,0.9,0.0,0.65,0.0,0.08,0.03
8,PE_PB_FED,0.001847,0.1,0.3,0.4,0.55,0.7,0.85,0.95,1.0,0.6,0.8,0.1,0.05
6,PE_only,0.001843,0.2,0.3,0.4,0.5,0.75,0.8,0.95,0.0,0.0,0.0,0.08,0.03
6,PE_FED,0.001841,0.05,0.25,0.4,0.6,0.7,0.8,0.85,-0.5,0.0,0.0,0.08,0.04
6,PE_FED,0.001841,0.05,0.3,0.35,0.6,0.65,0.75,0.85,-0.5,0.0,0.0,0.12,0.04
8,PE_FED,0.001837,0.05,0.3,0.4,0.7,0.7,0.8,0.85,0.5,0.0,0.0,0.12,0.04
6,PE_PB_FED,0.00183,0.05,0.3,0.45,0.6,0.7,0.8,0.95,-0.5,0.6,0.7,0.1,0.05
6,PE_only,0.001828,0.15,0.25,0.45,0.6,0.7,0.8,0.85,0.0,0.0,0.0,0.06,0.05
6,PB_FED,0.001828,0.05,0.3,0.45,0.6,0.75,0.8,0.9,0.5,0.0,0.0,0.08,0.03
8,PE_only,0.001827,0.1,0.3,0.35,0.5,0.65,0.75,0.85,0.0,0.0,0.0,0.06,0.05
8,PE_PB_FED,0.001826,0.05,0.25,0.35,0.65,0.65,0.8,0.85,0.5,0.65,0.8,0.1,0.05
6,PE_PB_FED,0.001825,0.05,0.25,0.3,0.65,0.75,0.8,0.95,-0.5,0.5,0.7,0.08,0.05
8,PE_PB_FED,0.001825,0.1,0.15,0.35,0.65,0.7,0.8,0.85,0.5,0.5,0.7,0.06,0.03
8,PE_PB,0.001823,0.2,0.25,0.3,0.65,0.75,0.8,0.85,0.0,0.6,0.0,0.12,0.03
8,PE_PB,0.001821,0.05,0.15,0.35,0.65,0.75,0.8,0.85,0.0,0.5,0.0,0.1,0.04
6,PE_PB_FED,0.001819,0.2,0.25,0.45,0.7,0.7,0.85,0.95,0.0,0.55,0.7,0.08,0.04
6,PE_only,0.001811,0.15,0.3,0.45,0.5,0.75,0.8,0.95,0.0,0.0,0.0,0.06,0.04
8,PE_PB,0.001809,0.05,0.3,0.45,0.6,0.75,0.85,0.9,0.0,0.65,0.0,0.08,0.03
8,PE_PB,0.001807,0.1,0.2,0.4,0.65,0.75,0.8,0.85,0.0,0.55,0.0,0.08,0.04
8,PE_PB,0.001806,0.05,0.15,0.45,0.6,0.65,0.75,0.85,0.0,0.5,0.0,0.06,0.03
8,PE_PB,0.001801,0.15,0.25,0.45,0.7,0.65,0.85,0.9,0.0,0.55,0.0,0.12,0.03
8,PE_PB,0.001797,0.05,0.2,0.4,0.6,0.75,0.85,0.9,0.0,0.55,0.0,0.12,0.03
6,PE_PB,0.001796,0.1,0.15,0.4,0.6,0.65,0.85,0.9,0.0,0.65,0.0,0.12,0.04
6,PB_FED,0.001795,0.1,0.3,0.35,0.6,0.65,0.75,0.9,1.0,0.0,0.0,0.12,0.03
6,PE_PB,0.001793,0.1,0.2,0.35,0.55,0.65,0.85,0.95,0.0,0.65,0.0,0.08,0.05
8,PE_PB,0.001784,0.1,0.15,0.35,0.5,0.75,0.85,0.9,0.0,0.65,0.0,0.06,0.05
6,PE_PB,0.001778,0.15,0.3,0.45,0.7,0.7,0.75,0.95,0.0,0.55,0.0,0.1,0.03
8,PE_only,0.001778,0.05,0.25,0.4,0.5,0.7,0.8,0.85,0.0,0.0,0.0,0.08,0.03
6,PB_FED,0.001776,0.15,0.2,0.35,0.65,0.75,0.8,0.9,1.0,0.0,0.0,0.06,0.03
8,PE_PB,0.001775,0.15,0.25,0.3,0.55,0.7,0.75,0.9,0.0,0.5,0.0,0.12,0.05
6,PE_PB,0.001774,0.1,0.2,0.35,0.55,0.65,0.75,0.95,0.0,0.5,0.0,0.06,0.05
6,PE_only,0.001771,0.2,0.25,0.3,0.5,0.7,0.85,0.95,0.0,0.0,0.0,0.12,0.04
6,PE_only,0.001767,0.1,0.3,0.35,0.6,0.65,0.85,0.9,0.0,0.0,0.0,0.08,0.05
6,PB_FED,0.001767,0.1,0.25,0.45,0.55,0.7,0.75,0.9,1.0,0.0,0.0,0.12,0.03
6,PE_PB,0.001765,0.1,0.25,0.3,0.5,0.7,0.75,0.95,0.0,0.65,0.0,0.06,0.03
6,PB_FED,0.001763,0.05,0.15,0.45,0.55,0.75,0.8,0.85,0.5,0.0,0.0,0.12,0.05
8,PE_PB_FED,0.001761,0.05,0.25,0.4,0.55,0.65,0.75,0.9,1.0,0.65,0.7,0.12,0.05
6,PB_FED,0.001759,0.05,0.15,0.3,0.55,0.7,0.8,0.95,1.0,0.0,0.0,0.12,0.05
6,PE_only,0.001757,0.1,0.15,0.35,0.55,0.65,0.85,0.9,0.0,0.0,0.0,0.06,0.04
6,PE_FED,0.001756,0.15,0.25,0.4,0.55,0.75,0.8,0.9,-0.5,0.0,0.0,0.06,0.05
6,PE_PB_FED,0.001756,0.1,0.15,0.3,0.7,0.75,0.8,0.85,0.0,0.65,0.7,0.12,0.03
6,PE_PB,0.001753,0.05,0.25,0.4,0.55,0.7,0.75,0.95,0.0,0.6,0.0,0.08,0.05
6,PE_PB_FED,0.001752,0.15,0.2,0.3,0.5,0.65,0.85,0.95,0.0,0.55,0.7,0.06,0.03
8,PE_PB,0.001751,0.05,0.2,0.3,0.5,0.7,0.75,0.9,0.0,0.5,0.0,0.08,0.05
8,PE_PB,0.001751,0.15,0.25,0.3,0.55,0.7,0.75,0.85,0.0,0.6,0.0,0.1,0.04
6,PE_PB,0.001749,0.15,0.25,0.4,0.65,0.7,0.75,0.9,0.0,0.6,0.0,0.08,0.03
8,PE_PB,0.001741,0.2,0.25,0.3,0.5,0.65,0.8,0.9,0.0,0.65,0.0,0.12,0.03
6,PE_PB_FED,0.00174,0.1,0.15,0.45,0.7,0.65,0.85,0.9,-0.5,0.65,0.7,0.1,0.05
6,PE_PB,0.001735,0.15,0.3,0.4,0.65,0.65,0.8,0.95,0.0,0.55,0.0,0.06,0.03
8,PE_PB,0.001731,0.1,0.25,0.45,0.55,0.7,0.8,0.9,0.0,0.55,0.0,0.12,0.03
6,PE_PB,0.00173,0.05,0.2,0.4,0.65,0.7,0.75,0.95,0.0,0.5,0.0,0.06,0.04
8,PE_PB,0.00173,0.05,0.25,0.4,0.6,0.75,0.8,0.9,0.0,0.5,0.0,0.08,0.04
6,PE_PB_FED,0.001729,0.1,0.15,0.4,0.6,0.65,0.75,0.9,-0.5,0.55,0.75,0.12,0.03
8,PE_PB_FED,0.001728,0.05,0.2,0.35,0.7,0.65,0.85,0.9,0.5,0.55,0.8,0.1,0.03
6,PE_only,0.001726,0.05,0.25,0.45,0.6,0.75,0.85,0.9,0.0,0.0,0.0,0.06,0.05
8,PE_FED,0.001726,0.2,0.3,0.4,0.6,0.65,0.85,0.9,0.5,0.0,0.0,0.1,0.04
8,PE_PB_FED,0.001723,0.05,0.2,0.45,0.5,0.7,0.85,0.9,0.0,0.5,0.75,0.08,0.03
8,PE_PB_FED,0.00172,0.05,0.3,0.45,0.55,0.75,0.8,0.9,0.5,0.65,0.8,0.06,0.05
8,PE_PB,0.001718,0.15,0.25,0.35,0.5,0.75,0.85,0.95,0.0,0.5,0.0,0.1,0.04
8,PE_PB,0.001717,0.05,0.25,0.3,0.55,0.65,0.8,0.9,0.0,0.5,0.0,0.08,0.03
6,PB_FED,0.001715,0.15,0.3,0.35,0.55,0.7,0.8,0.9,0.5,0.0,0.0,0.08,0.03
8,PE_PB_FED,0.001715,0.15,0.25,0.45,0.65,0.65,0.75,0.9,1.0,0.65,0.8,0.1,0.05
8,PE_PB,0.001707,0.1,0.3,0.35,0.7,0.65,0.75,0.9,0.0,0.5,0.0,0.08,0.05
8,PE_PB,0.001707,0.1,0.25,0.3,0.65,0.7,0.85,0.9,0.0,0.55,0.0,0.06,0.03
8,PE_PB,0.001707,0.1,0.25,0.3,0.65,0.75,0.85,0.9,0.0,0.55,0.0,0.06,0.03
8,PE_PB,0.001704,0.15,0.25,0.45,0.65,0.75,0.8,0.9,0.0,0.5,0.0,0.06,0.04
6,PE_PB,0.001702,0.05,0.2,0.3,0.5,0.65,0.8,0.95,0.0,0.65,0.0,0.06,0.05
8,PE_PB,0.001701,0.15,0.2,0.3,0.5,0.7,0.85,0.9,0.0,0.65,0.0,0.12,0.04
6,PB_FED,0.001694,0.1,0.3,0.35,0.6,0.7,0.75,0.9,1.0,0.0,0.0,0.06,0.03
8,PE_PB,0.001693,0.15,0.3,0.35,0.6,0.65,0.75,0.9,0.0,0.5,0.0,0.12,0.04
8,PE_PB,0.001691,0.1,0.2,0.45,0.5,0.75,0.8,0.9,0.0,0.6,0.0,0.06,0.03
8,PE_PB,0.001686,0.05,0.25,0.35,0.65,0.7,0.75,0.85,0.0,0.55,0.0,0.08,0.05
6,PE_only,0.001684,0.05,0.2,0.45,0.5,0.7,0.85,0.95,0.0,0.0,0.0,0.12,0.03
6,PE_PB,0.001683,0.2,0.25,0.4,0.65,0.7,0.75,0.95,0.0,0.55,0.0,0.06,0.05
6,PE_PB_FED,0.00168,0.05,0.3,0.4,0.5,0.65,0.8,0.95,0.0,0.65,0.7,0.06,0.04
6,PE_only,0.001679,0.1,0.15,0.3,0.55,0.7,0.75,0.85,0.0,0.0,0.0,0.06,0.04
8,PE_PB,0.001679,0.15,0.25,0.4,0.7,0.7,0.8,0.85,0.0,0.55,0.0,0.06,0.05
8,PE_PB,0.001679,0.05,0.3,0.45,0.65,0.7,0.75,0.9,0.0,0.5,0.0,0.12,0.03
8,PE_PB,0.001678,0.15,0.25,0.45,0.55,0.65,0.8,0.9,0.0,0.55,0.0,0.06,0.04
6,PE_PB,0.001676,0.1,0.15,0.3,0.7,0.75,0.85,0.9,0.0,0.6,0.0,0.08,0.04
6,PB_FED,0.001674,0.2,0.25,0.3,0.55,0.75,0.85,0.9,0.5,0.0,0.0,0.06,0.03
6,PE_PB,0.001672,0.05,0.15,0.35,0.5,0.75,0.8,0.95,0.0,0.55,0.0,0.06,0.04
6,PB_FED,0.001671,0.15,0.2,0.3,0.7,0.65,0.75,0.85,1.0,0.0,0.0,0.06,0.05
6,PE_PB,0.00167,0.1,0.2,0.3,0.6,0.65,0.8,0.95,0.0,0.5,0.0,0.06,0.04
8,PE_FED,0.001665,0.15,0.3,0.35,0.7,0.65,0.75,0.9,1.0,0.0,0.0,0.06,0.05
8,PE_PB_FED,0.001663,0.05,0.2,0.4,0.6,0.75,0.8,0.85,0.5,0.6,0.8,0.12,0.03
6,PE_only,0.001659,0.05,0.25,0.3,0.55,0.7,0.8,0.9,0.0,0.0,0.0,0.08,0.03
8,PE_PB,0.001657,0.2,0.25,0.45,0.65,0.75,0.85,0.9,0.0,0.6,0.0,0.08,0.03
8,PE_FED,0.001656,0.05,0.3,0.4,0.7,0.65,0.75,0.9,1.0,0.0,0.0,0.06,0.05
6,PE_PB,0.001652,0.1,0.15,0.3,0.7,0.65,0.75,0.85,0.0,0.6,0.0,0.08,0.03
6,PE_FED,0.001646,0.1,0.2,0.3,0.55,0.7,0.85,0.9,-0.5,0.0,0.0,0.08,0.03
6,PE_PB,0.001645,0.2,0.25,0.35,0.65,0.75,0.8,0.95,0.0,0.55,0.0,0.12,0.04
6,PE_only,0.001644,0.15,0.3,0.4,0.55,0.7,0.75,0.9,0.0,0.0,0.0,0.12,0.04
8,PE_PB_FED,0.001642,0.05,0.2,0.3,0.55,0.7,0.8,0.85,0.5,0.6,0.7,0.06,0.05
6,PE_FED,0.001641,0.05,0.2,0.45,0.55,0.7,0.8,0.9,-0.5,0.0,0.0,0.06,0.05
8,PE_PB,0.001641,0.2,0.25,0.4,0.55,0.75,0.85,0.9,0.0,0.65,0.0,0.08,0.04
8,PE_PB_FED,0.001641,0.05,0.2,0.3,0.5,0.75,0.8,0.85,-0.5,0.6,0.8,0.12,0.05
6,PE_PB,0.00164,0.05,0.15,0.35,0.7,0.7,0.85,0.9,0.0,0.6,0.0,0.08,0.04
6,PE_only,0.001633,0.2,0.3,0.4,0.5,0.65,0.8,0.95,0.0,0.0,0.0,0.06,0.04
8,PE_PB,0.001632,0.1,0.2,0.3,0.65,0.75,0.85,0.9,0.0,0.5,0.0,0.08,0.04
6,PE_PB_FED,0.00163,0.2,0.25,0.3,0.6,0.7,0.75,0.95,-0.5,0.5,0.8,0.06,0.03
8,PE_PB,0.001627,0.1,0.2,0.3,0.55,0.75,0.8,0.85,0.0,0.6,0.0,0.1,0.03
6,PE_FED,0.001626,0.2,0.3,0.35,0.6,0.65,0.75,0.85,-0.5,0.0,0.0,0.12,0.05
6,PE_only,0.001624,0.1,0.25,0.45,0.6,0.65,0.8,0.85,0.0,0.0,0.0,0.12,0.03
8,PE_PB,0.001624,0.15,0.2,0.35,0.55,0.65,0.75,0.85,0.0,0.55,0.0,0.06,0.03
8,PE_PB_FED,0.001624,0.05,0.15,0.4,0.5,0.75,0.85,0.9,0.5,0.6,0.75,0.08,0.03
6,PE_PB,0.001619,0.05,0.2,0.3,0.6,0.7,0.85,0.95,0.0,0.55,0.0,0.08,0.03
8,PE_PB,0.001619,0.1,0.25,0.45,0.5,0.75,0.8,0.9,0.0,0.65,0.0,0.1,0.04
6,PB_FED,0.001618,0.1,0.2,0.35,0.5,0.75,0.85,0.9,0.5,0.0,0.0,0.1,0.03
6,PE_only,0.001614,0.1,0.2,0.4,0.5,0.7,0.75,0.9,0.0,0.0,0.0,0.06,0.04
8,PE_PB,0.001611,0.05,0.15,0.35,0.55,0.7,0.8,0.85,0.0,0.55,0.0,0.1,0.05
6,PE_PB_FED,0.00161,0.1,0.3,0.35,0.7,0.7,0.75,0.95,-0.5,0.5,0.75,0.12,0.03
6,PE_PB,0.001607,0.05,0.2,0.45,0.55,0.75,0.8,0.95,0.0,0.6,0.0,0.1,0.05
6,PE_only,0.001604,0.1,0.3,0.4,0.6,0.7,0.75,0.85,0.0,0.0,0.0,0.08,0.03
6,PB_FED,0.001602,0.1,0.3,0.45,0.55,0.75,0.8,0.95,0.5,0.0,0.0,0.08,0.03
6,PE_PB_FED,0.001594,0.2,0.3,0.45,0.6,0.7,0.85,0.95,-0.5,0.65,0.75,0.12,0.04
8,PE_PB,0.001594,0.2,0.25,0.3,0.7,0.65,0.75,0.85,0.0,0.55,0.0,0.08,0.05
8,PE_FED,0.001594,0.05,0.25,0.35,0.5,0.75,0.8,0.9,1.0,0.0,0.0,0.06,0.03
6,PE_FED,0.001586,0.15,0.3,0.4,0.6,0.65,0.85,0.9,0.0,0.0,0.0,0.12,0.05
8,PE_PB,0.001579,0.15,0.2,0.3,0.55,0.7,0.75,0.85,0.0,0.55,0.0,0.06,0.03
6,PB_FED,0.001578,0.05,0.25,0.45,0.7,0.7,0.8,0.85,0.5,0.0,0.0,0.12,0.05
8,PE_PB,0.001574,0.15,0.3,0.45,0.55,0.75,0.85,0.95,0.0,0.5,0.0,0.1,0.03
6,PE_only,0.001573,0.2,0.3,0.45,0.55,0.65,0.85,0.95,0.0,0.0,0.0,0.06,0.03
6,PE_PB,0.001573,0.05,0.25,0.35,0.7,0.75,0.85,0.95,0.0,0.55,0.0,0.06,0.04
6,PE_only,0.001564,0.05,0.3,0.45,0.6,0.75,0.85,0.9,0.0,0.0,0.0,0.08,0.04
6,PB_FED,0.001563,0.05,0.15,0.4,0.6,0.75,0.8,0.95,1.0,0.0,0.0,0.06,0.05
8,PE_PB,0.001562,0.15,0.25,0.35,0.6,0.65,0.75,0.85,0.0,0.55,0.0,0.06,0.03
8,PE_FED,0.001562,0.15,0.25,0.35,0.5,0.65,0.8,0.85,0.5,0.0,0.0,0.1,0.03
6,PE_PB,0.001558,0.15,0.2,0.3,0.6,0.65,0.85,0.95,0.0,0.55,0.0,0.06,0.03
6,PB_FED,0.001558,0.15,0.25,0.45,0.5,0.7,0.75,0.9,0.5,0.0,0.0,0.08,0.05
8,PE_PB,0.001554,0.05,0.2,0.35,0.5,0.65,0.75,0.85,0.0,0.65,0.0,0.06,0.05
8,PE_PB_FED,0.001552,0.1,0.15,0.3,0.5,0.65,0.85,0.9,0.5,0.55,0.8,0.08,0.03
6,PE_FED,0.00155,0.1,0.2,0.4,0.55,0.65,0.75,0.85,-0.5,0.0,0.0,0.06,0.05
8,PE_PB,0.00155,0.15,0.2,0.4,0.65,0.65,0.75,0.85,0.0,0.5,0.0,0.06,0.03
8,PE_PB,0.001545,0.05,0.15,0.45,0.65,0.7,0.85,0.9,0.0,0.5,0.0,0.06,0.03
8,PE_PB_FED,0.001544,0.1,0.3,0.45,0.5,0.7,0.75,0.9,1.0,0.65,0.75,0.12,0.03
6,PE_only,0.001533,0.15,0.25,0.45,0.6,0.75,0.8,0.85,0.0,0.0,0.0,0.1,0.03
8,PE_PB_FED,0.001531,0.15,0.25,0.35,0.7,0.75,0.8,0.9,1.0,0.6,0.8,0.08,0.03
8,PE_PB,0.001529,0.1,0.3,0.35,0.6,0.75,0.85,0.9,0.0,0.6,0.0,0.1,0.04
8,PE_PB,0.001529,0.2,0.25,0.4,0.55,0.65,0.75,0.85,0.0,0.65,0.0,0.06,0.05
8,PE_PB,0.001522,0.1,0.25,0.4,0.6,0.75,0.8,0.9,0.0,0.5,0.0,0.06,0.04
8,PE_PB,0.001522,0.1,0.25,0.4,0.6,0.65,0.8,0.9,0.0,0.5,0.0,0.12,0.04
6,PB_FED,0.00152,0.1,0.25,0.4,0.55,0.65,0.8,0.9,0.5,0.0,0.0,0.06,0.05
8,PE_FED,0.00152,0.2,0.3,0.45,0.55,0.65,0.85,0.95,1.0,0.0,0.0,0.08,0.04
6,PE_PB,0.001518,0.15,0.2,0.3,0.5,0.7,0.8,0.95,0.0,0.6,0.0,0.12,0.03
6,PE_PB,0.001518,0.15,0.2,0.3,0.5,0.75,0.8,0.95,0.0,0.6,0.0,0.12,0.03
8,PE_FED,0.001516,0.15,0.3,0.45,0.65,0.65,0.8,0.85,0.5,0.0,0.0,0.06,0.03
8,PE_PB,0.001515,0.1,0.25,0.4,0.6,0.7,0.8,0.85,0.0,0.6,0.0,0.08,0.03
8,PE_PB,0.001512,0.15,0.25,0.35,0.55,0.65,0.75,0.9,0.0,0.5,0.0,0.12,0.05
8,PE_PB_FED,0.001511,0.1,0.3,0.4,0.7,0.75,0.85,0.95,1.0,0.5,0.8,0.12,0.04
6,PE_PB_FED,0.001506,0.2,0.3,0.45,0.55,0.65,0.75,0.95,-0.5,0.65,0.8,0.06,0.05
8,PE_PB,0.001506,0.05,0.3,0.45,0.55,0.7,0.85,0.95,0.0,0.5,0.0,0.06,0.03
6,PE_PB,0.001505,0.05,0.3,0.4,0.7,0.7,0.8,0.95,0.0,0.55,0.0,0.1,0.05
6,PE_PB_FED,0.001504,0.1,0.3,0.45,0.65,0.7,0.85,0.95,-0.5,0.6,0.7,0.1,0.05
6,PE_only,0.001499,0.15,0.2,0.45,0.55,0.75,0.8,0.9,0.0,0.0,0.0,0.1,0.03
8,PE_PB,0.001499,0.1,0.25,0.35,0.55,0.65,0.8,0.85,0.0,0.65,0.0,0.1,0.05
6,PE_PB,0.001492,0.05,0.15,0.45,0.6,0.75,0.85,0.95,0.0,0.55,0.0,0.06,0.04
8,PE_PB,0.001487,0.1,0.25,0.3,0.65,0.7,0.8,0.9,0.0,0.5,0.0,0.08,0.05
8,PE_PB,0.001484,0.15,0.2,0.3,0.55,0.75,0.85,0.9,0.0,0.55,0.0,0.06,0.04
6,PE_FED,0.001479,0.15,0.3,0.4,0.6,0.75,0.85,0.9,-0.5,0.0,0.0,0.1,0.05
6,PE_FED,0.001479,0.15,0.3,0.4,0.6,0.7,0.85,0.9,-0.5,0.0,0.0,0.12,0.05
6,PE_only,0.00147,0.05,0.25,0.35,0.55,0.75,0.8,0.9,0.0,0.0,0.0,0.12,0.04
8,PE_PB,0.001464,0.15,0.25,0.4,0.7,0.65,0.8,0.85,0.0,0.55,0.0,0.12,0.05
6,PE_PB_FED,0.001463,0.05,0.2,0.45,0.55,0.7,0.85,0.95,-0.5,0.6,0.75,0.12,0.03
8,PE_FED,0.001463,0.2,0.3,0.4,0.55,0.7,0.75,0.85,0.5,0.0,0.0,0.1,0.05
8,PE_PB,0.001453,0.1,0.25,0.45,0.6,0.75,0.85,0.9,0.0,0.6,0.0,0.06,0.03
6,PE_FED,0.001452,0.1,0.15,0.35,0.55,0.65,0.8,0.85,-0.5,0.0,0.0,0.08,0.03
6,PE_PB_FED,0.001451,0.05,0.15,0.3,0.7,0.65,0.75,0.85,-0.5,0.6,0.7,0.08,0.05
8,PE_only,0.00145,0.05,0.25,0.45,0.5,0.7,0.85,0.9,0.0,0.0,0.0,0.12,0.05
8,PE_PB_FED,0.00145,0.15,0.2,0.4,0.7,0.7,0.75,0.85,0.5,0.5,0.8,0.06,0.05
6,PB_FED,0.001445,0.1,0.15,0.45,0.5,0.75,0.85,0.9,0.5,0.0,0.0,0.1,0.03
6,PB_FED,0.001443,0.05,0.3,0.4,0.7,0.75,0.85,0.9,0.5,0.0,0.0,0.1,0.03
6,PE_only,0.001441,0.15,0.3,0.4,0.6,0.75,0.8,0.85,0.0,0.0,0.0,0.06,0.04
8,PE_PB,0.001438,0.1,0.2,0.3,0.6,0.65,0.8,0.85,0.0,0.55,0.0,0.08,0.05
8,PE_FED,0.001437,0.2,0.3,0.35,0.65,0.65,0.75,0.9,1.0,0.0,0.0,0.08,0.03
8,PE_only,0.00143,0.1,0.25,0.45,0.5,0.65,0.8,0.85,0.0,0.0,0.0,0.1,0.03
6,PE_PB,0.001426,0.05,0.3,0.4,0.65,0.65,0.85,0.9,0.0,0.65,0.0,0.08,0.03
6,PE_PB,0.001426,0.1,0.3,0.35,0.6,0.75,0.85,0.95,0.0,0.6,0.0,0.1,0.05
6,PE_PB_FED,0.001426,0.15,0.3,0.35,0.65,0.65,0.8,0.9,0.0,0.65,0.7,0.06,0.03
6,PE_only,0.001425,0.15,0.3,0.4,0.6,0.7,0.8,0.85,0.0,0.0,0.0,0.1,0.05
8,PE_PB,0.001423,0.15,0.25,0.4,0.55,0.75,0.8,0.85,0.0,0.65,0.0,0.1,0.03
6,PE_PB,0.001415,0.15,0.3,0.45,0.65,0.7,0.85,0.9,0.0,0.65,0.0,0.1,0.03
8,PE_FED,0.001413,0.15,0.3,0.35,0.65,0.7,0.75,0.9,1.0,0.0,0.0,0.1,0.05
8,PE_PB_FED,0.001404,0.05,0.3,0.4,0.5,0.65,0.85,0.95,1.0,0.6,0.7,0.06,0.04
6,PE_FED,0.001403,0.2,0.3,0.4,0.6,0.7,0.75,0.85,-0.5,0.0,0.0,0.12,0.04
6,PE_only,0.001402,0.1,0.15,0.3,0.55,0.65,0.75,0.85,0.0,0.0,0.0,0.1,0.03
8,PE_PB,0.001398,0.1,0.3,0.4,0.65,0.75,0.8,0.9,0.0,0.55,0.0,0.08,0.05
6,PB_FED,0.001396,0.2,0.3,0.45,0.7,0.7,0.8,0.85,0.5,0.0,0.0,0.06,0.04
8,PE_PB,0.001393,0.05,0.25,0.45,0.6,0.75,0.8,0.9,0.0,0.5,0.0,0.06,0.03
6,PE_PB_FED,0.001391,0.05,0.15,0.4,0.5,0.75,0.85,0.95,-0.5,0.6,0.7,0.1,0.05
6,PE_only,0.001388,0.15,0.3,0.45,0.6,0.65,0.75,0.85,0.0,0.0,0.0,0.06,0.03
6,PE_PB,0.001386,0.1,0.15,0.35,0.7,0.75,0.85,0.9,0.0,0.6,0.0,0.08,0.04
6,PE_only,0.001385,0.2,0.3,0.45,0.6,0.65,0.85,0.9,0.0,0.0,0.0,0.06,0.04
6,PE_only,0.001382,0.05,0.2,0.35,0.55,0.7,0.8,0.9,0.0,0.0,0.0,0.08,0.05
6,PE_only,0.001381,0.2,0.3,0.35,0.6,0.75,0.85,0.9,0.0,0.0,0.0,0.06,0.03
6,PE_PB,0.00138,0.15,0.2,0.35,0.5,0.65,0.8,0.95,0.0,0.65,0.0,0.06,0.05
6,PB_FED,0.001379,0.1,0.25,0.3,0.65,0.75,0.8,0.95,1.0,0.0,0.0,0.1,0.04
6,PE_PB,0.001378,0.05,0.3,0.35,0.6,0.7,0.75,0.95,0.0,0.55,0.0,0.06,0.03
6,PB_FED,0.001377,0.05,0.25,0.4,0.55,0.75,0.8,0.85,0.5,0.0,0.0,0.12,0.04
6,PE_PB,0.001369,0.15,0.25,0.35,0.6,0.65,0.75,0.95,0.0,0.5,0.0,0.08,0.05
8,PE_PB,0.001368,0.05,0.2,0.35,0.55,0.7,0.85,0.9,0.0,0.55,0.0,0.1,0.04
6,PE_PB_FED,0.001367,0.2,0.3,0.45,0.7,0.65,0.85,0.95,-0.5,0.6,0.7,0.1,0.04
6,PE_PB_FED,0.001367,0.05,0.2,0.45,0.65,0.7,0.75,0.9,-0.5,0.6,0.7,0.12,0.05
8,PE_PB,0.001365,0.1,0.3,0.35,0.55,0.65,0.75,0.85,0.0,0.65,0.0,0.1,0.03
6,PE_only,0.001359,0.05,0.3,0.45,0.5,0.7,0.8,0.95,0.0,0.0,0.0,0.06,0.04
8,PE_PB_FED,0.001357,0.2,0.3,0.4,0.55,0.7,0.85,0.95,0.5,0.5,0.7,0.12,0.05
6,PE_PB,0.001355,0.15,0.2,0.3,0.6,0.75,0.8,0.95,0.0,0.5,0.0,0.1,0.05
8,PE_PB_FED,0.001349,0.05,0.15,0.35,0.7,0.7,0.75,0.85,1.0,0.65,0.7,0.06,0.05
6,PE_PB_FED,0.001345,0.15,0.2,0.45,0.5,0.7,0.85,0.95,0.0,0.6,0.8,0.1,0.03
8,PE_PB_FED,0.001343,0.1,0.25,0.35,0.7,0.75,0.8,0.9,1.0,0.6,0.8,0.08,0.04
8,PE_PB,0.001342,0.05,0.2,0.4,0.7,0.75,0.8,0.85,0.0,0.5,0.0,0.06,0.04
6,PE_PB_FED,0.001335,0.15,0.2,0.35,0.5,0.65,0.8,0.95,-0.5,0.55,0.7,0.12,0.04
6,PB_FED,0.001335,0.05,0.15,0.45,0.65,0.65,0.75,0.85,1.0,0.0,0.0,0.12,0.05
6,PE_PB_FED,0.00133,0.1,0.15,0.35,0.7,0.7,0.75,0.9,0.0,0.5,0.8,0.06,0.05
8,PE_PB_FED,0.001329,0.1,0.25,0.45,0.6,0.7,0.75,0.9,1.0,0.6,0.7,0.06,0.05
8,PE_PB,0.001326,0.15,0.2,0.4,0.55,0.75,0.8,0.85,0.0,0.6,0.0,0.1,0.04
8,PE_FED,0.001325,0.05,0.2,0.45,0.5,0.7,0.8,0.85,0.5,0.0,0.0,0.1,0.04
8,PE_PB,0.001324,0.1,0.3,0.45,0.65,0.65,0.75,0.85,0.0,0.6,0.0,0.08,0.05
8,PE_FED,0.001323,0.1,0.3,0.35,0.55,0.65,0.8,0.85,0.5,0.0,0.0,0.06,0.04
6,PE_PB,0.001322,0.05,0.2,0.35,0.6,0.65,0.85,0.95,0.0,0.55,0.0,0.08,0.03
6,PB_FED,0.001318,0.1,0.15,0.4,0.65,0.7,0.8,0.9,1.0,0.0,0.0,0.1,0.05
8,PE_PB,0.001314,0.15,0.25,0.35,0.5,0.7,0.8,0.9,0.0,0.6,0.0,0.06,0.03
6,PE_PB,0.001313,0.05,0.2,0.3,0.7,0.7,0.75,0.9,0.0,0.55,0.0,0.06,0.03
6,PE_PB,0.001313,0.05,0.2,0.3,0.7,0.7,0.75,0.9,0.0,0.55,0.0,0.08,0.03
6,PB_FED,0.001312,0.1,0.3,0.45,0.65,0.7,0.85,0.95,0.5,0.0,0.0,0.08,0.04
6,PE_only,0.00131,0.15,0.2,0.4,0.5,0.65,0.75,0.9,0.0,0.0,0.0,0.12,0.03
8,PE_PB_FED,0.00131,0.1,0.15,0.3,0.5,0.7,0.85,0.9,-0.5,0.5,0.8,0.06,0.05
6,PB_FED,0.001306,0.15,0.3,0.45,0.55,0.7,0.8,0.95,0.5,0.0,0.0,0.12,0.03
8,PE_PB_FED,0.001305,0.1,0.25,0.35,0.55,0.75,0.8,0.9,1.0,0.65,0.8,0.1,0.03
6,PE_FED,0.001304,0.1,0.3,0.45,0.65,0.7,0.8,0.85,0.0,0.0,0.0,0.08,0.03
6,PE_PB,0.001303,0.15,0.2,0.4,0.5,0.7,0.75,0.95,0.0,0.6,0.0,0.12,0.04
8,PE_PB,0.0013,0.15,0.2,0.35,0.55,0.65,0.85,0.9,0.0,0.55,0.0,0.08,0.04
8,PE_PB_FED,0.0013,0.1,0.3,0.45,0.55,0.7,0.8,0.85,0.0,0.55,0.75,0.06,0.03
8,PE_PB,0.001294,0.15,0.3,0.45,0.55,0.75,0.85,0.95,0.0,0.5,0.0,0.06,0.04
6,PE_FED,0.001288,0.05,0.3,0.45,0.6,0.7,0.85,0.9,-0.5,0.0,0.0,0.08,0.04
8,PE_PB,0.001286,0.1,0.25,0.3,0.6,0.65,0.75,0.85,0.0,0.55,0.0,0.1,0.05
6,PE_PB_FED,0.001284,0.1,0.3,0.45,0.7,0.65,0.85,0.95,0.0,0.55,0.7,0.08,0.05
8,PE_PB,0.001283,0.1,0.25,0.35,0.7,0.75,0.85,0.9,0.0,0.5,0.0,0.08,0.04
6,PE_PB_FED,0.001282,0.15,0.2,0.35,0.7,0.7,0.8,0.85,-0.5,0.65,0.75,0.08,0.05
8,PE_FED,0.001282,0.05,0.3,0.35,0.6,0.75,0.85,0.9,0.5,0.0,0.0,0.08,0.03
6,PE_PB_FED,0.001281,0.15,0.3,0.4,0.55,0.7,0.75,0.95,-0.5,0.55,0.75,0.08,0.03
8,PE_PB,0.00128,0.15,0.25,0.45,0.5,0.75,0.85,0.95,0.0,0.5,0.0,0.06,0.03
8,PE_PB_FED,0.001279,0.15,0.2,0.45,0.55,0.65,0.75,0.85,0.5,0.55,0.75,0.06,0.03
6,PE_PB,0.001274,0.15,0.25,0.4,0.6,0.7,0.75,0.95,0.0,0.5,0.0,0.06,0.05
6,PE_FED,0.001274,0.05,0.15,0.3,0.5,0.65,0.85,0.9,0.0,0.0,0.0,0.12,0.05
6,PB_FED,0.001265,0.2,0.3,0.4,0.55,0.65,0.75,0.95,0.5,0.0,0.0,0.08,0.04
6,PB_FED,0.00126,0.1,0.15,0.3,0.55,0.75,0.85,0.95,1.0,0.0,0.0,0.1,0.03
8,PE_FED,0.001258,0.15,0.3,0.35,0.5,0.65,0.75,0.85,0.5,0.0,0.0,0.08,0.05
6,PE_only,0.001257,0.1,0.2,0.4,0.5,0.65,0.75,0.9,0.0,0.0,0.0,0.12,0.03
6,PB_FED,0.001254,0.05,0.25,0.3,0.5,0.7,0.8,0.95,0.5,0.0,0.0,0.12,0.05
8,PE_FED,0.001253,0.2,0.3,0.45,0.55,0.7,0.85,0.95,1.0,0.0,0.0,0.12,0.05
8,PE_FED,0.001252,0.2,0.3,0.45,0.5,0.75,0.8,0.85,-0.5,0.0,0.0,0.08,0.04
8,PE_PB_FED,0.001252,0.05,0.3,0.35,0.55,0.75,0.85,0.9,0.0,0.5,0.7,0.06,0.03
6,PB_FED,0.001251,0.05,0.2,0.45,0.6,0.65,0.75,0.85,1.0,0.0,0.0,0.12,0.04
6,PB_FED,0.001249,0.2,0.25,0.45,0.7,0.75,0.85,0.95,0.5,0.0,0.0,0.12,0.04
8,PE_PB,0.001244,0.1,0.2,0.4,0.55,0.7,0.8,0.85,0.0,0.6,0.0,0.1,0.04
6,PE_PB,0.001243,0.05,0.15,0.4,0.7,0.65,0.85,0.9,0.0,0.6,0.0,0.12,0.04
6,PE_PB,0.001242,0.15,0.2,0.35,0.5,0.7,0.75,0.95,0.0,0.55,0.0,0.12,0.03
6,PE_PB,0.001242,0.15,0.2,0.35,0.5,0.65,0.75,0.95,0.0,0.55,0.0,0.1,0.03
6,PE_PB_FED,0.001242,0.05,0.2,0.35,0.7,0.75,0.8,0.9,-0.5,0.6,0.8,0.1,0.05
6,PE_FED,0.00124,0.05,0.2,0.3,0.5,0.65,0.85,0.9,0.0,0.0,0.0,0.08,0.04
8,PE_PB,0.001238,0.15,0.25,0.35,0.55,0.75,0.8,0.9,0.0,0.5,0.0,0.1,0.03
8,PE_PB_FED,0.001238,0.15,0.25,0.3,0.5,0.7,0.85,0.9,0.0,0.5,0.8,0.08,0.05
6,PE_PB,0.001237,0.1,0.15,0.3,0.6,0.65,0.85,0.9,0.0,0.65,0.0,0.12,0.05
8,PE_PB_FED,0.001234,0.05,0.3,0.45,0.6,0.7,0.8,0.9,-0.5,0.5,0.75,0.06,0.05
8,PE_PB_FED,0.001229,0.2,0.3,0.35,0.5,0.65,0.8,0.9,0.0,0.5,0.7,0.12,0.05
8,PE_FED,0.001219,0.2,0.3,0.35,0.6,0.7,0.75,0.9,1.0,0.0,0.0,0.1,0.03
8,PE_PB,0.001215,0.05,0.25,0.35,0.5,0.7,0.8,0.9,0.0,0.6,0.0,0.08,0.04
6,PE_PB_FED,0.001212,0.1,0.15,0.45,0.65,0.7,0.85,0.95,-0.5,0.5,0.75,0.12,0.04
6,PE_PB_FED,0.001211,0.15,0.25,0.45,0.5,0.7,0.75,0.95,0.0,0.5,0.8,0.06,0.05
6,PE_PB_FED,0.001211,0.05,0.2,0.3,0.65,0.75,0.85,0.9,-0.5,0.65,0.8,0.12,0.03
6,PE_PB,0.00121,0.15,0.25,0.3,0.55,0.7,0.85,0.95,0.0,0.65,0.0,0.08,0.04
6,PE_FED,0.00121,0.1,0.15,0.45,0.55,0.65,0.8,0.85,0.0,0.0,0.0,0.06,0.04
6,PE_PB,0.001204,0.1,0.2,0.3,0.55,0.7,0.85,0.95,0.0,0.6,0.0,0.06,0.03
6,PE_FED,0.001203,0.1,0.2,0.35,0.55,0.65,0.85,0.9,-0.5,0.0,0.0,0.06,0.03
6,PE_PB_FED,0.0012,0.15,0.3,0.45,0.7,0.7,0.85,0.95,0.0,0.55,0.75,0.08,0.05
6,PE_only,0.001197,0.05,0.3,0.4,0.55,0.7,0.75,0.9,0.0,0.0,0.0,0.1,0.04
6,PE_FED,0.001194,0.2,0.25,0.35,0.6,0.7,0.8,0.85,0.0,0.0,0.0,0.06,0.03
6,PE_FED,0.00119,0.2,0.25,0.35,0.6,0.75,0.8,0.85,0.0,0.0,0.0,0.1,0.03
6,PB_FED,0.001187,0.1,0.2,0.3,0.7,0.7,0.85,0.95,1.0,0.0,0.0,0.08,0.03
6,PE_PB_FED,0.001186,0.05,0.25,0.4,0.55,0.7,0.75,0.9,0.0,0.6,0.8,0.1,0.04
6,PB_FED,0.001184,0.1,0.2,0.4,0.5,0.65,0.8,0.95,0.5,0.0,0.0,0.12,0.05
8,PE_PB_FED,0.001181,0.1,0.25,0.3,0.6,0.75,0.8,0.9,1.0,0.6,0.75,0.12,0.03
8,PE_PB_FED,0.001181,0.15,0.3,0.45,0.5,0.7,0.75,0.9,0.5,0.5,0.75,0.1,0.03
6,PE_PB,0.001176,0.15,0.2,0.3,0.55,0.7,0.85,0.95,0.0,0.6,0.0,0.1,0.04
6,PE_only,0.001175,0.2,0.25,0.3,0.55,0.7,0.8,0.9,0.0,0.0,0.0,0.08,0.04
6,PB_FED,0.001171,0.1,0.15,0.35,0.7,0.7,0.8,0.9,1.0,0.0,0.0,0.12,0.05
8,PE_FED,0.001171,0.1,0.15,0.4,0.6,0.65,0.75,0.85,1.0,0.0,0.0,0.12,0.05
6,PE_PB_FED,0.001169,0.15,0.2,0.3,0.55,0.7,0.8,0.9,0.0,0.65,0.8,0.08,0.05
6,PE_PB,0.001168,0.15,0.2,0.4,0.7,0.7,0.8,0.95,0.0,0.5,0.0,0.08,0.05
6,PE_PB,0.001167,0.2,0.25,0.45,0.6,0.7,0.85,0.95,0.0,0.6,0.0,0.1,0.04
6,PB_FED,0.00116,0.15,0.3,0.45,0.5,0.7,0.75,0.95,0.5,0.0,0.0,0.12,0.04
6,PE_PB_FED,0.001159,0.1,0.3,0.35,0.65,0.7,0.8,0.9,-0.5,0.65,0.8,0.06,0.04
6,PB_FED,0.001157,0.05,0.3,0.4,0.6,0.7,0.8,0.85,0.5,0.0,0.0,0.1,0.04
6,PB_FED,0.00115,0.15,0.2,0.4,0.55,0.7,0.85,0.95,0.5,0.0,0.0,0.06,0.04
6,PE_PB_FED,0.001142,0.1,0.2,0.35,0.55,0.75,0.8,0.9,0.0,0.6,0.7,0.1,0.04
8,PE_PB,0.001141,0.2,0.25,0.45,0.5,0.75,0.85,0.95,0.0,0.55,0.0,0.1,0.04
6,PE_PB,0.001131,0.1,0.2,0.45,0.65,0.7,0.75,0.95,0.0,0.5,0.0,0.08,0.04
6,PB_FED,0.00113,0.1,0.25,0.45,0.6,0.75,0.8,0.95,1.0,0.0,0.0,0.06,0.03
6,PB_FED,0.001128,0.1,0.2,0.3,0.5,0.75,0.85,0.95,0.5,0.0,0.0,0.06,0.05
6,PE_PB_FED,0.001124,0.05,0.3,0.4,0.7,0.7,0.8,0.9,0.0,0.65,0.75,0.12,0.03
6,PB_FED,0.001122,0.05,0.15,0.45,0.55,0.65,0.8,0.95,1.0,0.0,0.0,0.12,0.03
6,PE_only,0.001119,0.05,0.3,0.35,0.6,0.7,0.8,0.85,0.0,0.0,0.0,0.08,0.04
6,PE_PB,0.001115,0.2,0.25,0.35,0.6,0.65,0.75,0.9,0.0,0.65,0.0,0.08,0.05
6,PE_PB,0.001113,0.1,0.2,0.3,0.55,0.75,0.8,0.95,0.0,0.5,0.0,0.06,0.04
6,PB_FED,0.001113,0.05,0.3,0.4,0.6,0.7,0.85,0.95,0.5,0.0,0.0,0.12,0.03
8,PE_PB_FED,0.001112,0.05,0.25,0.35,0.55,0.7,0.85,0.9,0.5,0.65,0.8,0.12,0.03
6,PE_PB_FED,0.00111,0.15,0.3,0.4,0.6,0.75,0.8,0.95,-0.5,0.55,0.8,0.06,0.05
6,PB_FED,0.001101,0.1,0.15,0.3,0.55,0.65,0.75,0.85,1.0,0.0,0.0,0.06,0.05
6,PE_PB,0.001098,0.05,0.25,0.3,0.65,0.7,0.8,0.9,0.0,0.6,0.0,0.06,0.03
6,PE_PB,0.001097,0.1,0.15,0.3,0.65,0.65,0.75,0.85,0.0,0.6,0.0,0.12,0.05
8,PE_PB,0.001096,0.05,0.15,0.45,0.55,0.65,0.8,0.85,0.0,0.55,0.0,0.1,0.03
6,PE_only,0.001095,0.05,0.2,0.4,0.5,0.65,0.75,0.9,0.0,0.0,0.0,0.12,0.03
6,PB_FED,0.001095,0.05,0.25,0.35,0.5,0.65,0.75,0.95,1.0,0.0,0.0,0.1,0.03
6,PB_FED,0.001089,0.15,0.3,0.35,0.5,0.7,0.75,0.9,0.5,0.0,0.0,0.06,0.05
8,PE_PB,0.001083,0.2,0.25,0.45,0.65,0.65,0.75,0.9,0.0,0.5,0.0,0.1,0.05
8,PE_only,0.001082,0.15,0.3,0.45,0.5,0.65,0.75,0.85,0.0,0.0,0.0,0.06,0.05
8,PE_PB,0.001081,0.1,0.2,0.4,0.7,0.75,0.8,0.85,0.0,0.5,0.0,0.06,0.03
6,PE_only,0.00108,0.05,0.15,0.3,0.55,0.7,0.75,0.85,0.0,0.0,0.0,0.08,0.03
6,PE_PB,0.001075,0.15,0.3,0.35,0.6,0.7,0.75,0.95,0.0,0.55,0.0,0.12,0.05
6,PE_PB_FED,0.001072,0.1,0.25,0.4,0.6,0.65,0.75,0.9,0.0,0.55,0.75,0.08,0.03
8,PE_PB,0.001072,0.05,0.3,0.35,0.5,0.7,0.75,0.9,0.0,0.6,0.0,0.08,0.03
6,PE_PB,0.001071,0.2,0.3,0.45,0.65,0.7,0.85,0.95,0.0,0.6,0.0,0.12,0.03
8,PE_PB,0.00107,0.05,0.3,0.35,0.5,0.7,0.85,0.95,0.0,0.55,0.0,0.08,0.05
6,PE_PB,0.001063,0.15,0.25,0.35,0.55,0.7,0.75,0.95,0.0,0.55,0.0,0.12,0.05
8,PE_PB,0.001061,0.1,0.15,0.45,0.5,0.65,0.75,0.85,0.0,0.6,0.0,0.08,0.03
6,PE_only,0.00106,0.2,0.25,0.4,0.55,0.7,0.75,0.9,0.0,0.0,0.0,0.06,0.05
6,PE_only,0.001055,0.1,0.25,0.3,0.55,0.7,0.8,0.9,0.0,0.0,0.0,0.06,0.05
6,PB_FED,0.001055,0.05,0.2,0.4,0.55,0.7,0.8,0.85,0.5,0.0,0.0,0.06,0.05
6,PE_PB,0.001053,0.1,0.15,0.3,0.6,0.7,0.8,0.85,0.0,0.65,0.0,0.1,0.05
8,PE_PB,0.001051,0.05,0.3,0.45,0.55,0.75,0.85,0.95,0.0,0.5,0.0,0.08,0.05
6,PE_PB_FED,0.001049,0.1,0.15,0.4,0.55,0.65,0.75,0.9,0.0,0.5,0.8,0.06,0.03
6,PB_FED,0.001049,0.05,0.3,0.35,0.7,0.75,0.85,0.95,0.5,0.0,0.0,0.1,0.05
6,PB_FED,0.001042,0.05,0.15,0.45,0.5,0.65,0.8,0.85,0.5,0.0,0.0,0.1,0.03
8,PE_PB_FED,0.001039,0.05,0.2,0.35,0.65,0.75,0.85,0.9,0.5,0.55,0.8,0.06,0.03
8,PE_only,0.001038,0.1,0.25,0.45,0.5,0.75,0.8,0.85,0.0,0.0,0.0,0.1,0.03
8,PE_PB_FED,0.001037,0.2,0.25,0.35,0.55,0.75,0.8,0.9,0.5,0.5,0.7,0.06,0.04
8,PE_PB,0.001031,0.05,0.15,0.3,0.5,0.75,0.85,0.9,0.0,0.6,0.0,0.06,0.05
8,PE_PB_FED,0.001026,0.15,0.25,0.4,0.5,0.7,0.8,0.85,-0.5,0.65,0.75,0.12,0.03
8,PE_PB,0.001025,0.1,0.25,0.4,0.55,0.65,0.8,0.9,0.0,0.5,0.0,0.12,0.03
6,PE_PB_FED,0.001021,0.1,0.15,0.4,0.7,0.65,0.75,0.85,-0.5,0.6,0.75,0.12,0.03
6,PE_PB,0.001018,0.15,0.25,0.35,0.5,0.75,0.8,0.95,0.0,0.65,0.0,0.08,0.03
6,PB_FED,0.001018,0.1,0.15,0.45,0.55,0.65,0.8,0.9,1.0,0.0,0.0,0.1,0.03
8,PE_PB,0.001018,0.2,0.3,0.4,0.5,0.7,0.8,0.95,0.0,0.5,0.0,0.1,0.05
6,PE_PB,0.001014,0.1,0.3,0.45,0.65,0.7,0.8,0.95,0.0,0.55,0.0,0.06,0.03
8,PE_PB_FED,0.001014,0.1,0.3,0.35,0.55,0.65,0.85,0.95,1.0,0.55,0.8,0.12,0.05
6,PE_PB,0.001011,0.2,0.3,0.45,0.65,0.65,0.8,0.85,0.0,0.65,0.0,0.08,0.05
8,PE_PB,0.001007,0.1,0.2,0.45,0.6,0.7,0.8,0.9,0.0,0.5,0.0,0.06,0.05
6,PE_PB,0.001003,0.15,0.2,0.4,0.6,0.65,0.8,0.95,0.0,0.5,0.0,0.12,0.05
8,PE_PB,0.001001,0.05,0.3,0.35,0.65,0.65,0.8,0.85,0.0,0.6,0.0,0.1,0.05
6,PE_PB,0.001,0.2,0.3,0.45,0.65,0.75,0.8,0.85,0.0,0.65,0.0,0.08,0.05
6,PE_PB_FED,0.001,0.05,0.2,0.45,0.6,0.75,0.8,0.9,0.0,0.65,0.75,0.12,0.05
6,PE_PB,0.000999,0.05,0.25,0.4,0.6,0.7,0.8,0.95,0.0,0.5,0.0,0.12,0.03
6,PE_FED,0.000999,0.2,0.3,0.4,0.6,0.7,0.85,0.9,-0.5,0.0,0.0,0.08,0.03
8,PE_PB,0.000993,0.2,0.3,0.45,0.55,0.65,0.8,0.9,0.0,0.65,0.0,0.1,0.05
6,PE_PB_FED,0.000987,0.15,0.3,0.4,0.5,0.75,0.8,0.95,0.0,0.55,0.7,0.06,0.03
6,PE_only,0.000982,0.05,0.25,0.45,0.5,0.7,0.85,0.95,0.0,0.0,0.0,0.12,0.05
6,PE_PB,0.00098,0.15,0.2,0.45,0.6,0.75,0.8,0.9,0.0,0.65,0.0,0.12,0.05
6,PE_only,0.000978,0.05,0.15,0.3,0.5,0.7,0.8,0.9,0.0,0.0,0.0,0.06,0.05
6,PE_PB,0.000974,0.05,0.2,0.4,0.6,0.65,0.85,0.95,0.0,0.55,0.0,0.12,0.05
6,PB_FED,0.000974,0.2,0.3,0.35,0.65,0.65,0.85,0.9,0.5,0.0,0.0,0.08,0.04
8,PE_FED,0.000958,0.1,0.3,0.4,0.55,0.65,0.8,0.85,0.5,0.0,0.0,0.08,0.05
8,PE_PB,0.000957,0.1,0.25,0.45,0.55,0.65,0.85,0.9,0.0,0.65,0.0,0.08,0.05
8,PE_PB_FED,0.000957,0.1,0.3,0.4,0.5,0.7,0.75,0.85,-0.5,0.65,0.7,0.08,0.04
8,PE_PB_FED,0.000954,0.1,0.3,0.35,0.65,0.7,0.75,0.9,1.0,0.65,0.7,0.1,0.05
6,PE_only,0.000951,0.05,0.3,0.4,0.6,0.65,0.8,0.85,0.0,0.0,0.0,0.06,0.05
6,PE_only,0.000951,0.05,0.3,0.4,0.6,0.75,0.8,0.85,0.0,0.0,0.0,0.08,0.05
8,PE_PB,0.000947,0.05,0.25,0.45,0.5,0.75,0.85,0.95,0.0,0.5,0.0,0.1,0.05
6,PE_only,0.000937,0.15,0.2,0.35,0.5,0.7,0.75,0.9,0.0,0.0,0.0,0.08,0.05
6,PE_FED,0.000937,0.2,0.3,0.35,0.6,0.7,0.85,0.9,-0.5,0.0,0.0,0.08,0.05
6,PE_PB,0.000928,0.05,0.15,0.35,0.7,0.75,0.85,0.95,0.0,0.5,0.0,0.12,0.05
8,PE_PB_FED,0.000924,0.1,0.2,0.35,0.6,0.75,0.8,0.85,0.5,0.55,0.7,0.06,0.03
6,PE_only,0.000922,0.05,0.15,0.35,0.55,0.65,0.75,0.85,0.0,0.0,0.0,0.12,0.03
6,PB_FED,0.000918,0.1,0.25,0.45,0.65,0.65,0.8,0.95,1.0,0.0,0.0,0.1,0.03
6,PE_PB_FED,0.000916,0.1,0.25,0.3,0.7,0.7,0.85,0.95,-0.5,0.5,0.8,0.08,0.03
6,PE_PB,0.000915,0.05,0.25,0.45,0.65,0.65,0.75,0.9,0.0,0.6,0.0,0.06,0.03
6,PB_FED,0.000911,0.1,0.3,0.35,0.6,0.75,0.85,0.9,0.5,0.0,0.0,0.06,0.04
6,PE_FED,0.000904,0.2,0.3,0.35,0.5,0.65,0.75,0.9,0.0,0.0,0.0,0.12,0.05
8,PE_PB,0.000902,0.1,0.25,0.45,0.65,0.7,0.75,0.85,0.0,0.55,0.0,0.1,0.03
8,PE_PB,0.0009,0.1,0.25,0.45,0.6,0.65,0.8,0.85,0.0,0.6,0.0,0.06,0.05
6,PE_PB,0.000897,0.1,0.15,0.35,0.7,0.75,0.85,0.95,0.0,0.5,0.0,0.06,0.04
6,PE_only,0.000893,0.1,0.3,0.35,0.5,0.65,0.85,0.95,0.0,0.0,0.0,0.12,0.05
8,PE_PB_FED,0.000891,0.05,0.15,0.45,0.55,0.7,0.8,0.85,0.5,0.55,0.8,0.08,0.03
6,PE_PB_FED,0.00089,0.05,0.15,0.4,0.7,0.65,0.75,0.85,-0.5,0.6,0.75,0.06,0.03
6,PE_FED,0.000879,0.1,0.15,0.35,0.5,0.7,0.85,0.9,-0.5,0.0,0.0,0.12,0.04
8,PE_PB_FED,0.000874,0.05,0.3,0.35,0.7,0.7,0.8,0.85,-0.5,0.5,0.8,0.08,0.05
6,PE_PB,0.000868,0.15,0.2,0.45,0.65,0.7,0.85,0.95,0.0,0.55,0.0,0.12,0.04
8,PE_PB,0.000867,0.2,0.3,0.45,0.6,0.7,0.8,0.85,0.0,0.65,0.0,0.06,0.04
8,PE_PB_FED,0.000867,0.05,0.25,0.45,0.5,0.65,0.85,0.9,-0.5,0.65,0.8,0.08,0.03
8,PE_only,0.00086,0.15,0.3,0.4,0.5,0.65,0.8,0.85,0.0,0.0,0.0,0.08,0.03
8,PE_FED,0.000859,0.05,0.3,0.4,0.6,0.65,0.8,0.85,0.5,0.0,0.0,0.06,0.04
6,PE_only,0.000856,0.1,0.2,0.3,0.55,0.7,0.85,0.9,0.0,0.0,0.0,0.1,0.04
8,PE_PB,0.000854,0.1,0.2,0.45,0.6,0.65,0.8,0.85,0.0,0.55,0.0,0.1,0.03
8,PE_PB_FED,0.000853,0.15,0.25,0.35,0.5,0.65,0.75,0.85,-0.5,0.55,0.75,0.1,0.03
8,PE_PB,0.00085,0.2,0.3,0.4,0.7,0.7,0.8,0.9,0.0,0.5,0.0,0.06,0.04
6,PB_FED,0.000849,0.2,0.3,0.35,0.5,0.65,0.75,0.9,0.5,0.0,0.0,0.12,0.04
6,PB_FED,0.000841,0.05,0.15,0.45,0.6,0.7,0.85,0.95,1.0,0.0,0.0,0.12,0.03
6,PE_PB,0.000839,0.1,0.15,0.35,0.65,0.75,0.8,0.9,0.0,0.55,0.0,0.12,0.03
8,PE_PB_FED,0.000837,0.05,0.15,0.45,0.5,0.7,0.8,0.85,0.5,0.6,0.75,0.1,0.03
6,PE_only,0.000835,0.05,0.25,0.3,0.55,0.7,0.8,0.9,0.0,0.0,0.0,0.1,0.05
8,PE_FED,0.000835,0.15,0.3,0.4,0.7,0.7,0.8,0.9,1.0,0.0,0.0,0.12,0.04
6,PE_only,0.000834,0.2,0.3,0.35,0.6,0.65,0.8,0.85,0.0,0.0,0.0,0.1,0.05
8,PE_PB,0.000832,0.15,0.25,0.45,0.55,0.7,0.8,0.85,0.0,0.65,0.0,0.12,0.05
8,PE_PB_FED,0.000828,0.05,0.15,0.4,0.65,0.7,0.75,0.85,1.0,0.65,0.8,0.1,0.05
8,PE_FED,0.000827,0.05,0.3,0.45,0.65,0.7,0.85,0.9,0.5,0.0,0.0,0.06,0.05
6,PB_FED,0.000826,0.05,0.15,0.4,0.7,0.65,0.85,0.95,1.0,0.0,0.0,0.12,0.03
6,PE_PB,0.000824,0.05,0.25,0.35,0.65,0.7,0.8,0.9,0.0,0.6,0.0,0.06,0.03
8,PE_PB,0.000822,0.1,0.25,0.4,0.55,0.65,0.8,0.9,0.0,0.5,0.0,0.12,0.04
6,PE_PB,0.000818,0.1,0.25,0.45,0.7,0.75,0.85,0.95,0.0,0.55,0.0,0.08,0.03
6,PE_FED,0.000815,0.05,0.2,0.35,0.5,0.65,0.75,0.85,0.0,0.0,0.0,0.1,0.04
8,PE_PB,0.000815,0.2,0.25,0.4,0.6,0.75,0.8,0.9,0.0,0.5,0.0,0.08,0.03
6,PE_only,0.000812,0.2,0.3,0.45,0.5,0.7,0.8,0.95,0.0,0.0,0.0,0.06,0.05
6,PB_FED,0.000811,0.2,0.3,0.35,0.65,0.7,0.75,0.9,1.0,0.0,0.0,0.06,0.04
6,PB_FED,0.000808,0.15,0.2,0.45,0.6,0.75,0.8,0.95,1.0,0.0,0.0,0.08,0.04
6,PE_only,0.0008,0.05,0.25,0.45,0.5,0.65,0.85,0.95,0.0,0.0,0.0,0.1,0.03
6,PE_PB,0.000799,0.1,0.2,0.35,0.5,0.7,0.8,0.95,0.0,0.55,0.0,0.08,0.03
8,PE_PB_FED,0.000799,0.05,0.25,0.45,0.65,0.75,0.8,0.85,-0.5,0.5,0.75,0.12,0.04
6,PE_PB,0.000798,0.1,0.3,0.45,0.65,0.65,0.75,0.95,0.0,0.55,0.0,0.06,0.04
6,PB_FED,0.000791,0.1,0.3,0.4,0.55,0.65,0.75,0.85,0.5,0.0,0.0,0.1,0.05
6,PE_PB,0.000789,0.15,0.25,0.3,0.7,0.75,0.8,0.95,0.0,0.5,0.0,0.08,0.05
8,PE_PB_FED,0.000787,0.05,0.15,0.4,0.5,0.7,0.8,0.85,-0.5,0.5,0.75,0.12,0.04
6,PE_only,0.000776,0.2,0.25,0.35,0.55,0.75,0.8,0.9,0.0,0.0,0.0,0.08,0.03
8,PE_PB_FED,0.000772,0.15,0.2,0.3,0.6,0.75,0.8,0.85,0.5,0.55,0.8,0.12,0.04
6,PE_only,0.000771,0.15,0.25,0.45,0.55,0.75,0.8,0.9,0.0,0.0,0.0,0.12,0.03
8,PE_only,0.000769,0.2,0.3,0.45,0.5,0.65,0.75,0.85,0.0,0.0,0.0,0.06,0.04
6,PE_only,0.000762,0.1,0.15,0.35,0.55,0.65,0.85,0.9,0.0,0.0,0.0,0.06,0.03
6,PB_FED,0.000762,0.1,0.3,0.45,0.7,0.75,0.8,0.85,0.5,0.0,0.0,0.12,0.05
6,PE_PB,0.000756,0.05,0.15,0.3,0.6,0.65,0.75,0.85,0.0,0.6,0.0,0.06,0.03
6,PE_PB_FED,0.000753,0.05,0.2,0.3,0.7,0.7,0.75,0.9,0.0,0.5,0.8,0.08,0.05
8,PE_PB,0.000753,0.05,0.25,0.45,0.65,0.75,0.8,0.9,0.0,0.5,0.0,0.12,0.05
6,PE_PB,0.000752,0.1,0.25,0.3,0.5,0.7,0.75,0.95,0.0,0.6,0.0,0.12,0.04
8,PE_PB_FED,0.000749,0.2,0.25,0.3,0.55,0.7,0.8,0.85,0.5,0.65,0.7,0.12,0.03
8,PE_PB,0.000743,0.1,0.15,0.45,0.5,0.65,0.75,0.85,0.0,0.6,0.0,0.1,0.05
6,PE_FED,0.000741,0.1,0.15,0.35,0.7,0.7,0.75,0.95,0.5,0.0,0.0,0.1,0.03
8,PE_FED,0.000735,0.1,0.15,0.45,0.5,0.7,0.75,0.85,1.0,0.0,0.0,0.06,0.03
6,PE_only,0.000734,0.15,0.2,0.3,0.5,0.7,0.8,0.9,0.0,0.0,0.0,0.1,0.04
6,PE_PB,0.000726,0.05,0.15,0.3,0.7,0.65,0.8,0.85,0.0,0.6,0.0,0.08,0.05
6,PE_PB,0.000726,0.15,0.25,0.4,0.55,0.7,0.75,0.95,0.0,0.5,0.0,0.08,0.05
6,PE_PB,0.000724,0.15,0.2,0.35,0.6,0.65,0.85,0.9,0.0,0.65,0.0,0.08,0.04
6,PB_FED,0.000721,0.1,0.2,0.4,0.65,0.75,0.85,0.95,1.0,0.0,0.0,0.1,0.03
8,PE_FED,0.00072,0.05,0.15,0.45,0.55,0.65,0.85,0.9,1.0,0.0,0.0,0.06,0.04
8,PE_PB,0.000718,0.1,0.2,0.3,0.55,0.65,0.8,0.85,0.0,0.55,0.0,0.1,0.03
6,PE_only,0.000712,0.15,0.2,0.3,0.55,0.7,0.75,0.85,0.0,0.0,0.0,0.08,0.04
6,PE_PB_FED,0.000705,0.05,0.25,0.35,0.7,0.75,0.85,0.9,-0.5,0.65,0.8,0.08,0.05
6,PE_PB_FED,0.000703,0.05,0.25,0.4,0.7,0.7,0.85,0.9,-0.5,0.65,0.75,0.08,0.03
6,PE_PB,0.000699,0.15,0.25,0.45,0.55,0.7,0.75,0.95,0.0,0.55,0.0,0.1,0.03
6,PE_PB,0.000693,0.05,0.25,0.4,0.65,0.65,0.8,0.9,0.0,0.6,0.0,0.06,0.03
8,PE_PB,0.000693,0.2,0.25,0.35,0.6,0.75,0.8,0.9,0.0,0.5,0.0,0.08,0.04
6,PE_only,0.000692,0.1,0.3,0.4,0.5,0.75,0.85,0.95,0.0,0.0,0.0,0.12,0.05
8,PE_PB_FED,0.000692,0.05,0.2,0.3,0.6,0.75,0.8,0.85,0.5,0.55,0.7,0.1,0.04
6,PE_PB,0.000691,0.1,0.2,0.3,0.6,0.75,0.8,0.9,0.0,0.6,0.0,0.08,0.05
8,PE_only,0.00069,0.1,0.3,0.35,0.5,0.7,0.8,0.85,0.0,0.0,0.0,0.08,0.04
8,PE_PB_FED,0.00069,0.05,0.25,0.3,0.7,0.75,0.85,0.9,0.5,0.5,0.7,0.08,0.04
6,PE_only,0.000684,0.15,0.2,0.45,0.55,0.7,0.8,0.9,0.0,0.0,0.0,0.06,0.05
6,PE_PB,0.00068,0.1,0.15,0.3,0.5,0.75,0.85,0.95,0.0,0.6,0.0,0.08,0.03
8,PE_PB,0.000674,0.05,0.15,0.3,0.55,0.65,0.85,0.9,0.0,0.5,0.0,0.08,0.05
6,PE_PB_FED,0.000672,0.15,0.3,0.45,0.55,0.65,0.85,0.95,0.0,0.6,0.75,0.08,0.05
8,PE_PB_FED,0.000672,0.05,0.3,0.35,0.65,0.65,0.85,0.9,-0.5,0.5,0.75,0.06,0.03
8,PE_PB,0.000671,0.05,0.3,0.35,0.6,0.65,0.75,0.9,0.0,0.5,0.0,0.1,0.05
6,PE_PB_FED,0.00067,0.05,0.2,0.35,0.6,0.7,0.75,0.9,0.0,0.5,0.8,0.06,0.04
8,PE_PB_FED,0.000664,0.1,0.25,0.45,0.6,0.75,0.85,0.9,-0.5,0.5,0.7,0.1,0.03
6,PE_PB,0.000663,0.05,0.25,0.4,0.55,0.75,0.85,0.95,0.0,0.65,0.0,0.06,0.04
6,PE_PB_FED,0.000661,0.1,0.2,0.4,0.65,0.75,0.85,0.9,0.0,0.6,0.8,0.1,0.04
8,PE_FED,0.000659,0.15,0.3,0.45,0.55,0.7,0.85,0.9,0.5,0.0,0.0,0.08,0.03
8,PE_PB_FED,0.000659,0.15,0.3,0.35,0.65,0.7,0.85,0.9,0.5,0.65,0.8,0.1,0.05
8,PE_PB,0.000655,0.2,0.25,0.35,0.6,0.65,0.8,0.85,0.0,0.6,0.0,0.06,0.05
6,PE_PB,0.000651,0.1,0.3,0.45,0.65,0.7,0.75,0.95,0.0,0.55,0.0,0.06,0.05
8,PE_PB,0.000647,0.05,0.25,0.45,0.7,0.7,0.75,0.85,0.0,0.5,0.0,0.08,0.04
6,PE_FED,0.000646,0.2,0.25,0.3,0.55,0.65,0.75,0.85,-0.5,0.0,0.0,0.08,0.04
6,PE_PB,0.000639,0.1,0.15,0.35,0.65,0.75,0.85,0.9,0.0,0.6,0.0,0.08,0.03
8,PE_PB,0.000639,0.2,0.3,0.45,0.55,0.7,0.85,0.95,0.0,0.5,0.0,0.06,0.03
8,PE_FED,0.000639,0.15,0.3,0.35,0.6,0.65,0.8,0.9,1.0,0.0,0.0,0.12,0.03
8,PE_PB_FED,0.000636,0.1,0.25,0.35,0.55,0.65,0.8,0.85,0.5,0.6,0.8,0.06,0.03
6,PE_only,0.000633,0.15,0.2,0.3,0.5,0.7,0.8,0.9,0.0,0.0,0.0,0.08,0.03
8,PE_PB,0.000633,0.15,0.2,0.45,0.55,0.7,0.75,0.85,0.0,0.55,0.0,0.08,0.04
8,PE_PB_FED,0.000633,0.2,0.3,0.4,0.55,0.75,0.8,0.9,0.5,0.6,0.8,0.12,0.05
6,PE_PB_FED,0.000631,0.15,0.25,0.35,0.6,0.65,0.75,0.9,-0.5,0.6,0.7,0.12,0.05
6,PB_FED,0.00063,0.05,0.15,0.3,0.7,0.75,0.85,0.95,1.0,0.0,0.0,0.08,0.04
6,PB_FED,0.000629,0.1,0.3,0.35,0.6,0.65,0.85,0.9,0.5,0.0,0.0,0.06,0.05
8,PE_PB_FED,0.000629,0.1,0.3,0.4,0.6,0.65,0.75,0.85,-0.5,0.5,0.75,0.12,0.04
6,PE_PB,0.000623,0.1,0.25,0.3,0.5,0.65,0.8,0.95,0.0,0.6,0.0,0.1,0.03
6,PE_PB,0.000622,0.15,0.25,0.3,0.6,0.7,0.85,0.95,0.0,0.55,0.0,0.06,0.03
6,PE_only,0.000619,0.1,0.3,0.45,0.6,0.65,0.8,0.85,0.0,0.0,0.0,0.12,0.05
6,PE_PB,0.000616,0.15,0.2,0.45,0.5,0.7,0.8,0.95,0.0,0.65,0.0,0.08,0.05
6,PB_FED,0.000613,0.1,0.15,0.3,0.5,0.7,0.8,0.9,1.0,0.0,0.0,0.06,0.03
8,PE_PB,0.000613,0.15,0.25,0.45,0.55,0.75,0.8,0.9,0.0,0.55,0.0,0.12,0.05
8,PE_FED,0.000609,0.15,0.25,0.45,0.5,0.7,0.8,0.9,1.0,0.0,0.0,0.12,0.04
6,PE_only,0.000608,0.15,0.2,0.35,0.55,0.65,0.75,0.85,0.0,0.0,0.0,0.06,0.04
6,PE_PB,0.000607,0.1,0.15,0.4,0.6,0.65,0.75,0.85,0.0,0.6,0.0,0.1,0.04
8,PE_PB,0.000605,0.05,0.25,0.3,0.5,0.65,0.8,0.9,0.0,0.55,0.0,0.06,0.04
6,PE_FED,0.000603,0.05,0.2,0.35,0.5,0.7,0.75,0.85,0.0,0.0,0.0,0.08,0.05
6,PB_FED,0.000603,0.05,0.25,0.35,0.5,0.7,0.8,0.9,0.5,0.0,0.0,0.1,0.04
6,PE_only,0.000601,0.1,0.15,0.4,0.55,0.7,0.85,0.9,0.0,0.0,0.0,0.12,0.03
6,PE_FED,0.0006,0.2,0.25,0.4,0.5,0.7,0.75,0.9,-0.5,0.0,0.0,0.12,0.05
6,PE_only,0.000597,0.1,0.15,0.35,0.55,0.7,0.85,0.9,0.0,0.0,0.0,0.12,0.05
6,PB_FED,0.000597,0.05,0.3,0.35,0.7,0.75,0.85,0.9,0.5,0.0,0.0,0.06,0.05
6,PE_only,0.000596,0.15,0.25,0.4,0.55,0.7,0.8,0.9,0.0,0.0,0.0,0.12,0.05
8,PE_PB,0.000594,0.15,0.2,0.45,0.5,0.65,0.85,0.9,0.0,0.65,0.0,0.12,0.04
8,PE_PB,0.000591,0.15,0.2,0.35,0.5,0.65,0.8,0.9,0.0,0.5,0.0,0.08,0.03
6,PE_PB_FED,0.000588,0.05,0.3,0.45,0.65,0.7,0.75,0.95,-0.5,0.5,0.7,0.08,0.03
8,PE_PB,0.000588,0.2,0.3,0.4,0.55,0.75,0.85,0.95,0.0,0.5,0.0,0.06,0.05
6,PE_only,0.000587,0.15,0.3,0.35,0.55,0.75,0.8,0.9,0.0,0.0,0.0,0.08,0.04
6,PE_PB,0.000587,0.15,0.2,0.4,0.55,0.7,0.8,0.95,0.0,0.5,0.0,0.1,0.04
6,PE_PB_FED,0.000587,0.1,0.15,0.35,0.6,0.75,0.85,0.9,-0.5,0.65,0.7,0.06,0.05
6,PE_FED,0.000581,0.15,0.2,0.45,0.5,0.7,0.8,0.9,-0.5,0.0,0.0,0.1,0.03
6,PE_PB,0.000579,0.05,0.25,0.4,0.6,0.7,0.8,0.9,0.0,0.65,0.0,0.08,0.05
6,PE_PB_FED,0.000578,0.15,0.25,0.45,0.65,0.7,0.8,0.9,0.0,0.6,0.7,0.06,0.04
6,PB_FED,0.000571,0.05,0.3,0.4,0.65,0.65,0.8,0.85,0.5,0.0,0.0,0.1,0.05
6,PE_only,0.000566,0.05,0.2,0.45,0.5,0.7,0.75,0.9,0.0,0.0,0.0,0.08,0.04
8,PE_PB_FED,0.000566,0.15,0.3,0.45,0.7,0.65,0.85,0.9,0.5,0.65,0.75,0.08,0.05
6,PB_FED,0.000565,0.05,0.25,0.4,0.7,0.65,0.8,0.95,1.0,0.0,0.0,0.06,0.03
8,PE_PB_FED,0.000565,0.2,0.25,0.4,0.7,0.65,0.85,0.9,0.5,0.6,0.7,0.1,0.03
6,PE_FED,0.000563,0.05,0.3,0.35,0.5,0.7,0.75,0.9,-0.5,0.0,0.0,0.1,0.04
6,PE_PB,0.00056,0.1,0.2,0.3,0.7,0.7,0.8,0.9,0.0,0.55,0.0,0.08,0.03
6,PE_PB,0.00056,0.1,0.2,0.3,0.7,0.7,0.8,0.9,0.0,0.55,0.0,0.06,0.03
8,PE_PB_FED,0.00056,0.15,0.25,0.45,0.55,0.65,0.75,0.85,-0.5,0.5,0.75,0.1,0.05
8,PE_PB,0.000557,0.1,0.2,0.45,0.6,0.75,0.85,0.9,0.0,0.55,0.0,0.06,0.05
8,PE_PB_FED,0.000555,0.05,0.15,0.3,0.5,0.65,0.75,0.85,1.0,0.65,0.8,0.06,0.03
6,PE_PB,0.000554,0.15,0.25,0.3,0.6,0.75,0.85,0.95,0.0,0.55,0.0,0.08,0.04
6,PE_PB,0.000552,0.05,0.25,0.3,0.6,0.7,0.8,0.9,0.0,0.6,0.0,0.12,0.04
6,PE_PB,0.000549,0.05,0.15,0.3,0.6,0.7,0.75,0.85,0.0,0.6,0.0,0.08,0.05
6,PE_PB,0.000546,0.05,0.25,0.45,0.55,0.7,0.75,0.95,0.0,0.55,0.0,0.1,0.03
8,PE_PB,0.000545,0.1,0.15,0.4,0.5,0.75,0.8,0.9,0.0,0.5,0.0,0.1,0.05
6,PE_PB,0.000542,0.2,0.3,0.35,0.6,0.75,0.85,0.95,0.0,0.6,0.0,0.08,0.05
8,PE_PB,0.00054,0.15,0.3,0.35,0.6,0.75,0.85,0.9,0.0,0.6,0.0,0.1,0.05
6,PE_PB,0.000536,0.05,0.25,0.45,0.7,0.65,0.8,0.9,0.0,0.6,0.0,0.06,0.04
6,PB_FED,0.00053,0.2,0.25,0.45,0.6,0.7,0.75,0.9,1.0,0.0,0.0,0.1,0.05
6,PE_PB,0.000528,0.1,0.15,0.4,0.7,0.7,0.8,0.85,0.0,0.6,0.0,0.1,0.05
6,PE_PB_FED,0.000521,0.15,0.2,0.35,0.6,0.65,0.85,0.9,-0.5,0.65,0.7,0.08,0.04
8,PE_PB_FED,0.000519,0.15,0.2,0.3,0.65,0.65,0.85,0.9,0.5,0.5,0.7,0.1,0.03
6,PE_PB,0.000512,0.2,0.25,0.4,0.7,0.65,0.8,0.9,0.0,0.6,0.0,0.08,0.03
6,PB_FED,0.000512,0.1,0.25,0.3,0.7,0.75,0.8,0.95,1.0,0.0,0.0,0.12,0.05
6,PE_PB,0.000509,0.05,0.15,0.3,0.55,0.65,0.75,0.9,0.0,0.6,0.0,0.08,0.05
6,PB_FED,0.000509,0.05,0.25,0.45,0.55,0.7,0.75,0.9,1.0,0.0,0.0,0.06,0.04
8,PE_PB,0.000506,0.15,0.2,0.3,0.5,0.75,0.8,0.85,0.0,0.65,0.0,0.06,0.03
6,PE_FED,0.000504,0.1,0.15,0.3,0.7,0.75,0.8,0.95,0.5,0.0,0.0,0.08,0.04
8,PE_PB,0.000501,0.2,0.25,0.35,0.55,0.75,0.8,0.85,0.0,0.65,0.0,0.08,0.05
8,PE_PB_FED,0.000499,0.15,0.3,0.45,0.5,0.7,0.75,0.85,-0.5,0.65,0.8,0.06,0.04
6,PE_PB,0.000489,0.1,0.2,0.45,0.65,0.75,0.8,0.95,0.0,0.5,0.0,0.1,0.05
8,PE_PB_FED,0.000484,0.2,0.3,0.4,0.65,0.7,0.8,0.9,0.5,0.5,0.8,0.12,0.03
6,PE_PB_FED,0.000479,0.1,0.15,0.45,0.6,0.7,0.75,0.85,-0.5,0.65,0.8,0.08,0.05
6,PB_FED,0.000478,0.15,0.3,0.35,0.55,0.75,0.8,0.9,0.5,0.0,0.0,0.08,0.05
8,PE_only,0.000476,0.15,0.3,0.4,0.5,0.7,0.8,0.85,0.0,0.0,0.0,0.06,0.05
6,PE_PB,0.000475,0.15,0.3,0.35,0.7,0.75,0.85,0.95,0.0,0.55,0.0,0.12,0.04
8,PE_PB_FED,0.000473,0.05,0.2,0.45,0.55,0.75,0.8,0.9,1.0,0.5,0.7,0.1,0.03
6,PE_PB_FED,0.000472,0.15,0.2,0.35,0.65,0.75,0.8,0.85,0.0,0.65,0.75,0.1,0.05
6,PE_FED,0.000471,0.1,0.3,0.35,0.5,0.65,0.8,0.9,0.0,0.0,0.0,0.1,0.03
8,PE_PB_FED,0.000471,0.15,0.25,0.35,0.55,0.65,0.75,0.85,0.5,0.55,0.75,0.06,0.05
6,PE_PB,0.000468,0.2,0.25,0.4,0.55,0.65,0.8,0.95,0.0,0.6,0.0,0.1,0.05
6,PE_PB,0.000463,0.1,0.2,0.3,0.5,0.7,0.8,0.95,0.0,0.55,0.0,0.06,0.05
8,PE_PB,0.000463,0.15,0.2,0.3,0.5,0.65,0.75,0.85,0.0,0.6,0.0,0.08,0.05
6,PE_PB,0.000455,0.05,0.15,0.45,0.7,0.65,0.75,0.85,0.0,0.6,0.0,0.1,0.03
8,PE_PB_FED,0.000451,0.05,0.15,0.45,0.6,0.7,0.8,0.85,0.5,0.5,0.75,0.06,0.03
8,PE_FED,0.000449,0.15,0.3,0.45,0.6,0.7,0.8,0.9,1.0,0.0,0.0,0.06,0.03
6,PB_FED,0.000447,0.05,0.15,0.45,0.7,0.65,0.85,0.9,1.0,0.0,0.0,0.08,0.03
8,PE_PB,0.000444,0.15,0.25,0.3,0.55,0.7,0.75,0.85,0.0,0.55,0.0,0.1,0.04
8,PE_PB_FED,0.000442,0.15,0.25,0.45,0.55,0.75,0.8,0.9,0.5,0.5,0.75,0.12,0.05
6,PE_PB,0.00044,0.1,0.15,0.4,0.65,0.7,0.85,0.95,0.0,0.5,0.0,0.06,0.03
6,PE_PB_FED,0.000435,0.1,0.15,0.4,0.7,0.75,0.8,0.9,-0.5,0.55,0.8,0.1,0.05
8,PE_PB,0.000435,0.1,0.3,0.45,0.65,0.7,0.8,0.9,0.0,0.5,0.0,0.08,0.03
6,PE_PB_FED,0.000434,0.15,0.2,0.4,0.65,0.7,0.75,0.9,-0.5,0.55,0.7,0.1,0.05
8,PE_PB,0.000424,0.05,0.2,0.3,0.6,0.65,0.8,0.85,0.0,0.5,0.0,0.1,0.03
6,PE_PB,0.000421,0.15,0.25,0.35,0.6,0.75,0.8,0.95,0.0,0.5,0.0,0.06,0.04
6,PB_FED,0.000421,0.2,0.25,0.3,0.55,0.7,0.8,0.85,0.5,0.0,0.0,0.08,0.05
8,PE_PB,0.00042,0.1,0.2,0.45,0.55,0.75,0.8,0.85,0.0,0.6,0.0,0.08,0.05
6,PE_PB_FED,0.000419,0.15,0.2,0.35,0.7,0.7,0.75,0.9,0.0,0.5,0.75,0.08,0.05
6,PE_PB,0.000417,0.15,0.2,0.3,0.6,0.65,0.75,0.9,0.0,0.55,0.0,0.12,0.04
8,PE_PB,0.00041,0.15,0.2,0.45,0.55,0.65,0.75,0.85,0.0,0.55,0.0,0.08,0.05
8,PE_only,0.000405,0.2,0.3,0.45,0.5,0.7,0.85,0.9,0.0,0.0,0.0,0.1,0.04
8,PE_PB_FED,0.000402,0.1,0.3,0.35,0.6,0.65,0.85,0.9,-0.5,0.5,0.7,0.12,0.04
6,PE_PB,0.000401,0.05,0.15,0.3,0.7,0.65,0.75,0.9,0.0,0.5,0.0,0.1,0.04
6,PE_PB,0.000401,0.05,0.15,0.3,0.7,0.65,0.75,0.9,0.0,0.5,0.0,0.08,0.04
8,PE_only,0.0004,0.05,0.3,0.35,0.5,0.65,0.8,0.85,0.0,0.0,0.0,0.1,0.05
6,PE_PB,0.000397,0.15,0.3,0.4,0.55,0.65,0.8,0.95,0.0,0.6,0.0,0.1,0.04
6,PE_only,0.00039,0.2,0.25,0.3,0.5,0.7,0.75,0.9,0.0,0.0,0.0,0.1,0.04
8,PE_FED,0.00039,0.05,0.3,0.45,0.6,0.65,0.85,0.9,0.5,0.0,0.0,0.12,0.03
8,PE_PB,0.000389,0.1,0.25,0.3,0.6,0.75,0.85,0.9,0.0,0.55,0.0,0.08,0.05
8,PE_PB,0.000387,0.1,0.15,0.35,0.5,0.7,0.85,0.9,0.0,0.55,0.0,0.12,0.04
8,PE_only,0.000386,0.2,0.3,0.45,0.5,0.7,0.75,0.85,0.0,0.0,0.0,0.06,0.04
8,PE_PB,0.000385,0.15,0.25,0.45,0.6,0.7,0.75,0.85,0.0,0.55,0.0,0.06,0.05
6,PB_FED,0.000384,0.1,0.2,0.3,0.7,0.65,0.85,0.95,1.0,0.0,0.0,0.08,0.05
6,PE_PB,0.000378,0.15,0.25,0.35,0.6,0.75,0.85,0.95,0.0,0.55,0.0,0.08,0.03
8,PE_PB_FED,0.000376,0.05,0.25,0.35,0.7,0.75,0.8,0.9,1.0,0.65,0.75,0.06,0.05
6,PE_PB_FED,0.000375,0.05,0.15,0.45,0.5,0.7,0.8,0.95,-0.5,0.5,0.8,0.06,0.05
8,PE_PB_FED,0.000371,0.2,0.25,0.3,0.55,0.65,0.85,0.9,-0.5,0.5,0.7,0.08,0.04
6,PE_PB_FED,0.000365,0.05,0.25,0.45,0.55,0.75,0.85,0.95,-0.5,0.6,0.7,0.12,0.05
8,PE_PB,0.000365,0.1,0.3,0.45,0.65,0.7,0.8,0.85,0.0,0.6,0.0,0.12,0.03
6,PB_FED,0.000362,0.15,0.3,0.4,0.7,0.7,0.85,0.9,0.5,0.0,0.0,0.08,0.05
6,PB_FED,0.000358,0.05,0.3,0.45,0.65,0.65,0.8,0.85,0.5,0.0,0.0,0.08,0.05
6,PB_FED,0.000357,0.15,0.2,0.45,0.55,0.7,0.75,0.85,1.0,0.0,0.0,0.12,0.04
6,PE_only,0.000356,0.05,0.2,0.35,0.55,0.75,0.85,0.9,0.0,0.0,0.0,0.1,0.04
6,PE_PB,0.000355,0.05,0.15,0.4,0.55,0.65,0.8,0.9,0.0,0.65,0.0,0.06,0.03
6,PE_only,0.000353,0.1,0.3,0.35,0.55,0.75,0.8,0.9,0.0,0.0,0.0,0.12,0.03
6,PB_FED,0.000353,0.2,0.3,0.45,0.5,0.65,0.75,0.95,0.5,0.0,0.0,0.1,0.03
6,PB_FED,0.000352,0.05,0.3,0.35,0.6,0.7,0.85,0.9,0.5,0.0,0.0,0.1,0.04
6,PE_PB,0.00035,0.05,0.25,0.35,0.65,0.75,0.8,0.95,0.0,0.5,0.0,0.06,0.05
8,PE_PB,0.000349,0.1,0.25,0.45,0.7,0.7,0.75,0.85,0.0,0.5,0.0,0.12,0.03
6,PB_FED,0.000341,0.1,0.15,0.45,0.5,0.7,0.75,0.85,1.0,0.0,0.0,0.12,0.04
8,PE_PB,0.000339,0.05,0.25,0.3,0.55,0.75,0.8,0.85,0.0,0.6,0.0,0.12,0.05
8,PE_FED,0.000331,0.2,0.25,0.35,0.6,0.7,0.8,0.9,1.0,0.0,0.0,0.1,0.03
6,PE_PB_FED,0.00033,0.05,0.15,0.3,0.7,0.7,0.75,0.85,0.0,0.55,0.8,0.06,0.03
6,PE_PB,0.000329,0.1,0.2,0.3,0.65,0.65,0.75,0.85,0.0,0.6,0.0,0.1,0.04
6,PE_PB_FED,0.000325,0.15,0.2,0.4,0.6,0.7,0.75,0.85,-0.5,0.65,0.75,0.06,0.04
6,PE_PB,0.00032,0.2,0.25,0.45,0.6,0.7,0.8,0.9,0.0,0.65,0.0,0.1,0.03
8,PE_PB,0.00032,0.05,0.3,0.4,0.6,0.65,0.8,0.85,0.0,0.6,0.0,0.12,0.03
6,PE_PB,0.000318,0.05,0.15,0.45,0.7,0.65,0.75,0.85,0.0,0.6,0.0,0.1,0.05
6,PB_FED,0.000316,0.05,0.15,0.35,0.65,0.65,0.85,0.95,1.0,0.0,0.0,0.1,0.05
8,PE_PB_FED,0.000316,0.15,0.25,0.4,0.6,0.75,0.8,0.85,-0.5,0.5,0.8,0.06,0.05
6,PE_PB,0.000314,0.1,0.25,0.35,0.65,0.7,0.8,0.95,0.0,0.5,0.0,0.08,0.05
8,PE_FED,0.000313,0.1,0.3,0.4,0.6,0.75,0.8,0.9,1.0,0.0,0.0,0.1,0.04
6,PE_PB,0.000311,0.05,0.15,0.4,0.65,0.65,0.85,0.95,0.0,0.5,0.0,0.06,0.05
8,PE_FED,0.000311,0.05,0.3,0.4,0.55,0.7,0.8,0.85,0.5,0.0,0.0,0.08,0.05
6,PB_FED,0.00031,0.05,0.25,0.35,0.5,0.7,0.85,0.95,0.5,0.0,0.0,0.12,0.03
8,PE_PB,0.000298,0.1,0.2,0.4,0.5,0.65,0.75,0.85,0.0,0.6,0.0,0.06,0.03
8,PE_PB,0.000295,0.15,0.2,0.4,0.55,0.65,0.8,0.85,0.0,0.55,0.0,0.1,0.04
6,PB_FED,0.000293,0.15,0.25,0.35,0.55,0.75,0.85,0.9,0.5,0.0,0.0,0.08,0.05
6,PE_PB_FED,0.000292,0.15,0.3,0.4,0.6,0.65,0.75,0.9,0.0,0.6,0.7,0.1,0.05
6,PB_FED,0.00029,0.15,0.3,0.35,0.55,0.7,0.8,0.85,0.5,0.0,0.0,0.12,0.03
8,PE_PB,0.000287,0.1,0.15,0.45,0.6,0.65,0.8,0.85,0.0,0.5,0.0,0.08,0.04
6,PE_PB,0.000286,0.1,0.15,0.35,0.65,0.75,0.85,0.95,0.0,0.5,0.0,0.08,0.05
6,PB_FED,0.000286,0.15,0.25,0.45,0.6,0.7,0.75,0.85,1.0,0.0,0.0,0.06,0.04
8,PE_PB,0.000285,0.05,0.25,0.45,0.65,0.75,0.85,0.9,0.0,0.55,0.0,0.1,0.05
6,PE_PB,0.000283,0.05,0.3,0.45,0.6,0.75,0.8,0.95,0.0,0.55,0.0,0.12,0.03
8,PE_only,0.000281,0.2,0.25,0.45,0.5,0.75,0.8,0.85,0.0,0.0,0.0,0.1,0.05
6,PE_only,0.000277,0.15,0.2,0.35,0.5,0.75,0.8,0.9,0.0,0.0,0.0,0.06,0.03
6,PE_FED,0.000273,0.1,0.2,0.35,0.55,0.75,0.8,0.85,-0.5,0.0,0.0,0.12,0.03
8,PE_PB,0.000273,0.05,0.3,0.35,0.55,0.75,0.85,0.9,0.0,0.65,0.0,0.12,0.03
6,PE_PB_FED,0.000272,0.05,0.3,0.4,0.5,0.65,0.75,0.95,-0.5,0.6,0.75,0.06,0.03
6,PE_FED,0.000271,0.1,0.2,0.35,0.5,0.7,0.85,0.9,0.0,0.0,0.0,0.06,0.03
6,PB_FED,0.000267,0.2,0.3,0.35,0.7,0.7,0.85,0.9,0.5,0.0,0.0,0.12,0.05
6,PE_only,0.000262,0.05,0.15,0.45,0.5,0.7,0.8,0.9,0.0,0.0,0.0,0.12,0.04
6,PE_only,0.000261,0.2,0.25,0.45,0.5,0.65,0.85,0.95,0.0,0.0,0.0,0.1,0.03
6,PE_FED,0.00026,0.1,0.2,0.45,0.55,0.7,0.8,0.85,0.0,0.0,0.0,0.1,0.04
6,PE_PB_FED,0.000259,0.05,0.15,0.3,0.6,0.7,0.75,0.85,-0.5,0.6,0.7,0.06,0.05
8,PE_FED,0.000252,0.2,0.3,0.35,0.5,0.7,0.75,0.85,0.5,0.0,0.0,0.06,0.04
6,PE_PB,0.000248,0.05,0.15,0.35,0.6,0.7,0.8,0.9,0.0,0.55,0.0,0.06,0.04
6,PE_only,0.000246,0.05,0.3,0.45,0.6,0.75,0.8,0.85,0.0,0.0,0.0,0.08,0.04
8,PE_FED,0.000245,0.05,0.3,0.45,0.6,0.7,0.8,0.85,0.5,0.0,0.0,0.06,0.04
6,PB_FED,0.000244,0.05,0.15,0.35,0.5,0.65,0.8,0.95,1.0,0.0,0.0,0.06,0.03
8,PE_PB,0.00024,0.1,0.2,0.4,0.55,0.65,0.8,0.85,0.0,0.55,0.0,0.06,0.04
6,PE_only,0.000238,0.05,0.15,0.35,0.55,0.75,0.8,0.85,0.0,0.0,0.0,0.08,0.04
6,PB_FED,0.000237,0.05,0.2,0.45,0.6,0.75,0.8,0.9,1.0,0.0,0.0,0.12,0.03
6,PE_PB,0.000235,0.1,0.2,0.35,0.7,0.65,0.8,0.9,0.0,0.55,0.0,0.08,0.03
8,PE_PB,0.000231,0.15,0.2,0.35,0.65,0.75,0.8,0.85,0.0,0.5,0.0,0.06,0.03
6,PB_FED,0.000229,0.05,0.3,0.35,0.55,0.75,0.85,0.9,0.5,0.0,0.0,0.08,0.03
8,PE_PB,0.000225,0.15,0.25,0.35,0.55,0.7,0.8,0.85,0.0,0.6,0.0,0.08,0.04
8,PE_PB_FED,0.000224,0.2,0.25,0.3,0.55,0.65,0.85,0.95,1.0,0.5,0.8,0.08,0.03
6,PE_PB_FED,0.000223,0.05,0.2,0.35,0.6,0.7,0.75,0.85,-0.5,0.65,0.7,0.08,0.04
6,PE_PB,0.000219,0.1,0.3,0.4,0.55,0.65,0.8,0.95,0.0,0.6,0.0,0.1,0.05
8,PE_PB,0.000219,0.15,0.25,0.3,0.55,0.7,0.75,0.85,0.0,0.55,0.0,0.12,0.05
6,PE_PB,0.000213,0.15,0.2,0.4,0.7,0.65,0.75,0.85,0.0,0.6,0.0,0.06,0.03
6,PB_FED,0.000212,0.05,0.15,0.4,0.5,0.65,0.75,0.85,1.0,0.0,0.0,0.08,0.04
8,PE_PB,0.000212,0.05,0.3,0.35,0.6,0.65,0.8,0.9,0.0,0.5,0.0,0.08,0.04
6,PE_PB,0.000209,0.1,0.3,0.4,0.7,0.75,0.85,0.95,0.0,0.55,0.0,0.1,0.05
6,PB_FED,0.000201,0.05,0.25,0.3,0.6,0.75,0.8,0.95,1.0,0.0,0.0,0.08,0.04
8,PE_only,0.000201,0.2,0.3,0.45,0.5,0.65,0.75,0.85,0.0,0.0,0.0,0.12,0.05
8,PE_PB_FED,0.000201,0.05,0.3,0.35,0.5,0.7,0.8,0.9,-0.5,0.55,0.8,0.06,0.05
8,PE_PB_FED,0.000194,0.05,0.25,0.3,0.65,0.7,0.8,0.9,1.0,0.55,0.8,0.08,0.04
6,PE_PB,0.000193,0.15,0.25,0.45,0.6,0.65,0.8,0.9,0.0,0.65,0.0,0.06,0.05
6,PE_PB_FED,0.000193,0.05,0.2,0.45,0.65,0.65,0.85,0.95,-0.5,0.5,0.75,0.12,0.05
6,PB_FED,0.000192,0.05,0.15,0.45,0.5,0.7,0.85,0.95,0.5,0.0,0.0,0.12,0.04
6,PB_FED,0.000185,0.15,0.25,0.4,0.6,0.7,0.75,0.85,1.0,0.0,0.0,0.08,0.04
6,PB_FED,0.00018,0.05,0.15,0.35,0.55,0.7,0.75,0.85,1.0,0.0,0.0,0.1,0.05
8,PE_PB_FED,0.00018,0.15,0.2,0.3,0.55,0.7,0.8,0.9,1.0,0.65,0.8,0.1,0.05
8,PE_PB_FED,0.000179,0.2,0.3,0.4,0.7,0.7,0.85,0.9,0.5,0.65,0.8,0.1,0.03
8,PE_PB_FED,0.000179,0.15,0.3,0.4,0.5,0.75,0.8,0.9,-0.5,0.55,0.75,0.06,0.05
6,PE_PB,0.000171,0.15,0.2,0.45,0.55,0.65,0.85,0.95,0.0,0.6,0.0,0.1,0.04
8,PE_PB_FED,0.000159,0.15,0.3,0.35,0.5,0.65,0.8,0.85,0.0,0.55,0.75,0.08,0.04
6,PB_FED,0.000152,0.05,0.3,0.35,0.5,0.7,0.8,0.95,0.5,0.0,0.0,0.08,0.03
8,PE_PB,0.000148,0.1,0.25,0.35,0.55,0.75,0.85,0.9,0.0,0.6,0.0,0.08,0.05
8,PE_PB_FED,0.000142,0.15,0.3,0.35,0.6,0.75,0.8,0.85,0.5,0.65,0.75,0.06,0.05
8,PE_PB,0.000141,0.2,0.25,0.4,0.6,0.7,0.75,0.85,0.0,0.55,0.0,0.06,0.04
6,PE_PB,0.000137,0.05,0.25,0.4,0.6,0.7,0.85,0.95,0.0,0.55,0.0,0.1,0.04
8,PE_PB_FED,0.000135,0.15,0.3,0.35,0.6,0.7,0.75,0.9,1.0,0.5,0.7,0.1,0.03
6,PE_only,0.000124,0.05,0.25,0.4,0.5,0.65,0.75,0.9,0.0,0.0,0.0,0.08,0.03
8,PE_PB_FED,0.000123,0.1,0.3,0.35,0.5,0.7,0.85,0.95,1.0,0.5,0.75,0.1,0.03
6,PE_PB,0.000121,0.15,0.3,0.35,0.55,0.65,0.75,0.95,0.0,0.5,0.0,0.1,0.03
6,PB_FED,0.000121,0.15,0.25,0.3,0.5,0.65,0.8,0.95,0.5,0.0,0.0,0.12,0.04
6,PE_PB_FED,0.00012,0.05,0.25,0.45,0.7,0.75,0.85,0.95,-0.5,0.5,0.8,0.12,0.03
6,PE_PB_FED,0.000119,0.15,0.3,0.4,0.55,0.65,0.75,0.9,0.0,0.6,0.75,0.08,0.03
8,PE_PB_FED,0.000114,0.1,0.15,0.45,0.6,0.75,0.8,0.85,0.5,0.5,0.75,0.12,0.05
6,PE_only,0.000113,0.05,0.15,0.45,0.5,0.65,0.8,0.9,0.0,0.0,0.0,0.1,0.03
6,PE_only,0.000109,0.05,0.2,0.35,0.5,0.75,0.8,0.9,0.0,0.0,0.0,0.06,0.03
8,PE_only,9.6e-05,0.2,0.3,0.35,0.5,0.7,0.85,0.9,0.0,0.0,0.0,0.1,0.05
6,PE_PB_FED,9.4e-05,0.05,0.25,0.3,0.55,0.65,0.75,0.9,-0.5,0.6,0.8,0.08,0.03
8,PE_FED,9.2e-05,0.2,0.3,0.45,0.6,0.75,0.85,0.9,0.5,0.0,0.0,0.12,0.03
6,PE_PB_FED,8.8e-05,0.15,0.2,0.3,0.65,0.65,0.85,0.9,0.0,0.6,0.75,0.06,0.03
6,PE_only,8.6e-05,0.2,0.3,0.45,0.6,0.75,0.8,0.85,0.0,0.0,0.0,0.12,0.05
6,PE_PB,8.5e-05,0.1,0.2,0.3,0.55,0.7,0.75,0.9,0.0,0.6,0.0,0.08,0.04
8,PE_FED,7.8e-05,0.05,0.25,0.35,0.55,0.65,0.8,0.9,1.0,0.0,0.0,0.1,0.05
8,PE_PB_FED,7.5e-05,0.15,0.2,0.45,0.65,0.65,0.85,0.9,0.5,0.55,0.7,0.12,0.05
8,PE_PB,6.2e-05,0.2,0.3,0.45,0.65,0.7,0.8,0.9,0.0,0.55,0.0,0.12,0.05
6,PE_PB,5.2e-05,0.05,0.3,0.35,0.6,0.65,0.75,0.9,0.0,0.6,0.0,0.1,0.04
6,PB_FED,4.8e-05,0.05,0.2,0.35,0.7,0.75,0.85,0.95,1.0,0.0,0.0,0.1,0.03
6,PB_FED,4.8e-05,0.05,0.2,0.35,0.7,0.75,0.85,0.95,1.0,0.0,0.0,0.12,0.03
8,PE_FED,4.6e-05,0.1,0.15,0.35,0.7,0.75,0.8,0.85,1.0,0.0,0.0,0.12,0.05
8,PE_PB,4.4e-05,0.05,0.25,0.35,0.55,0.7,0.8,0.85,0.0,0.6,0.0,0.12,0.03
6,PE_only,4.2e-05,0.1,0.2,0.4,0.5,0.65,0.8,0.9,0.0,0.0,0.0,0.08,0.03
6,PE_PB_FED,4.2e-05,0.05,0.2,0.3,0.6,0.7,0.75,0.9,0.0,0.5,0.8,0.12,0.05
6,PE_FED,4e-05,0.15,0.2,0.3,0.5,0.65,0.75,0.85,-0.5,0.0,0.0,0.08,0.05
8,PE_PB,3.9e-05,0.05,0.2,0.4,0.55,0.7,0.75,0.85,0.0,0.5,0.0,0.1,0.04
6,PE_PB_FED,3.6e-05,0.05,0.3,0.35,0.55,0.75,0.85,0.95,0.0,0.55,0.75,0.08,0.04
6,PE_PB,3.2e-05,0.05,0.3,0.35,0.55,0.7,0.75,0.95,0.0,0.5,0.0,0.06,0.03
6,PE_FED,2.6e-05,0.05,0.3,0.35,0.5,0.65,0.8,0.9,0.0,0.0,0.0,0.08,0.04
8,PE_PB,2.1e-05,0.1,0.15,0.35,0.55,0.7,0.8,0.85,0.0,0.5,0.0,0.08,0.03
6,PE_FED,1.8e-05,0.1,0.15,0.4,0.7,0.7,0.75,0.95,0.5,0.0,0.0,0.1,0.05
6,PE_PB,1.5e-05,0.2,0.25,0.35,0.6,0.7,0.8,0.9,0.0,0.65,0.0,0.1,0.05
8,PE_PB_FED,1.5e-05,0.2,0.3,0.4,0.55,0.65,0.75,0.85,0.5,0.65,0.7,0.12,0.05
8,PE_PB,5e-06,0.05,0.25,0.35,0.6,0.75,0.8,0.85,0.0,0.55,0.0,0.08,0.05
8,PE_PB_FED,-2e-06,0.05,0.3,0.45,0.55,0.7,0.8,0.9,0.5,0.5,0.7,0.1,0.03
8,PE_PB_FED,-2e-06,0.15,0.2,0.3,0.6,0.65,0.85,0.9,0.5,0.5,0.75,0.12,0.03
6,PE_PB,-3e-06,0.1,0.25,0.3,0.65,0.65,0.75,0.9,0.0,0.55,0.0,0.12,0.04
8,PE_PB,-6e-06,0.1,0.25,0.4,0.55,0.75,0.85,0.9,0.0,0.6,0.0,0.08,0.05
6,PE_PB,-7e-06,0.15,0.2,0.3,0.55,0.75,0.85,0.95,0.0,0.55,0.0,0.08,0.03
8,PE_PB,-7e-06,0.15,0.2,0.3,0.5,0.65,0.75,0.85,0.0,0.55,0.0,0.12,0.03
6,PB_FED,-9e-06,0.05,0.3,0.35,0.55,0.65,0.75,0.9,1.0,0.0,0.0,0.12,0.03
6,PE_PB,-1.2e-05,0.05,0.2,0.3,0.65,0.7,0.75,0.85,0.0,0.6,0.0,0.06,0.04
6,PE_PB,-1.2e-05,0.05,0.2,0.3,0.65,0.7,0.75,0.85,0.0,0.6,0.0,0.1,0.04
6,PE_PB,-1.5e-05,0.2,0.25,0.4,0.65,0.65,0.85,0.95,0.0,0.55,0.0,0.1,0.03
8,PE_PB,-1.9e-05,0.1,0.2,0.35,0.5,0.7,0.8,0.85,0.0,0.65,0.0,0.12,0.05
6,PE_only,-2.3e-05,0.1,0.15,0.45,0.55,0.65,0.75,0.85,0.0,0.0,0.0,0.08,0.03
6,PE_PB,-2.5e-05,0.1,0.25,0.45,0.65,0.75,0.85,0.95,0.0,0.55,0.0,0.1,0.05
6,PE_only,-2.6e-05,0.05,0.3,0.4,0.55,0.75,0.8,0.9,0.0,0.0,0.0,0.06,0.04
8,PE_PB_FED,-2.8e-05,0.05,0.15,0.45,0.55,0.65,0.85,0.9,0.5,0.5,0.8,0.1,0.03
6,PE_PB_FED,-3.1e-05,0.2,0.3,0.45,0.55,0.75,0.85,0.95,0.0,0.6,0.7,0.08,0.03
6,PE_PB_FED,-4.6e-05,0.2,0.25,0.4,0.55,0.7,0.75,0.9,-0.5,0.65,0.8,0.12,0.04
8,PE_PB_FED,-4.9e-05,0.2,0.25,0.3,0.55,0.7,0.75,0.85,0.5,0.55,0.8,0.08,0.03
6,PE_only,-5e-05,0.1,0.3,0.45,0.55,0.7,0.75,0.9,0.0,0.0,0.0,0.08,0.05
6,PE_only,-5.3e-05,0.05,0.15,0.35,0.55,0.75,0.8,0.85,0.0,0.0,0.0,0.12,0.03
6,PE_only,-5.3e-05,0.05,0.15,0.35,0.55,0.75,0.8,0.85,0.0,0.0,0.0,0.08,0.03
6,PE_only,-5.4e-05,0.1,0.2,0.4,0.55,0.65,0.75,0.85,0.0,0.0,0.0,0.12,0.05
8,PE_PB,-5.7e-05,0.05,0.3,0.45,0.5,0.65,0.8,0.9,0.0,0.65,0.0,0.1,0.04
6,PE_PB_FED,-6.3e-05,0.2,0.3,0.45,0.5,0.65,0.75,0.95,-0.5,0.65,0.75,0.12,0.03
6,PE_only,-6.8e-05,0.2,0.3,0.35,0.5,0.65,0.85,0.95,0.0,0.0,0.0,0.06,0.03
6,PE_PB_FED,-8.1e-05,0.1,0.15,0.35,0.6,0.65,0.75,0.85,0.0,0.55,0.75,0.08,0.04
6,PE_PB_FED,-8.2e-05,0.15,0.2,0.35,0.55,0.7,0.8,0.9,0.0,0.55,0.8,0.08,0.03
8,PE_PB,-9.6e-05,0.1,0.25,0.35,0.7,0.65,0.85,0.9,0.0,0.5,0.0,0.1,0.05
8,PE_PB,-9.8e-05,0.1,0.2,0.4,0.55,0.75,0.8,0.85,0.0,0.55,0.0,0.12,0.04
6,PE_only,-0.0001,0.05,0.15,0.4,0.55,0.75,0.8,0.85,0.0,0.0,0.0,0.1,0.05
8,PE_PB,-0.000111,0.15,0.3,0.45,0.55,0.65,0.8,0.85,0.0,0.65,0.0,0.06,0.04
6,PB_FED,-0.000124,0.15,0.2,0.35,0.7,0.65,0.85,0.9,1.0,0.0,0.0,0.12,0.03
6,PE_PB,-0.000128,0.2,0.25,0.45,0.7,0.65,0.85,0.95,0.0,0.55,0.0,0.08,0.03
6,PB_FED,-0.000131,0.15,0.2,0.4,0.65,0.75,0.8,0.9,1.0,0.0,0.0,0.12,0.05
8,PE_PB,-0.000135,0.05,0.25,0.4,0.55,0.7,0.8,0.85,0.0,0.6,0.0,0.08,0.05
6,PE_only,-0.000138,0.15,0.2,0.35,0.55,0.75,0.85,0.9,0.0,0.0,0.0,0.08,0.03
8,PE_FED,-0.000153,0.05,0.3,0.45,0.55,0.7,0.85,0.9,0.5,0.0,0.0,0.1,0.05
8,PE_FED,-0.000156,0.1,0.2,0.3,0.7,0.7,0.75,0.85,1.0,0.0,0.0,0.12,0.05
6,PE_PB,-0.000158,0.05,0.15,0.4,0.55,0.65,0.85,0.95,0.0,0.5,0.0,0.08,0.03
6,PE_PB,-0.000164,0.05,0.2,0.4,0.7,0.7,0.85,0.95,0.0,0.5,0.0,0.06,0.04
8,PE_PB,-0.000165,0.15,0.25,0.35,0.7,0.75,0.8,0.85,0.0,0.5,0.0,0.12,0.05
6,PE_PB_FED,-0.000166,0.2,0.25,0.45,0.6,0.65,0.85,0.95,-0.5,0.55,0.7,0.12,0.04
8,PE_PB_FED,-0.000171,0.05,0.3,0.35,0.6,0.65,0.8,0.85,0.5,0.65,0.75,0.06,0.03
6,PE_only,-0.000172,0.05,0.3,0.4,0.55,0.65,0.8,0.9,0.0,0.0,0.0,0.08,0.03
8,PE_PB,-0.000172,0.2,0.25,0.4,0.55,0.65,0.8,0.9,0.0,0.5,0.0,0.08,0.04
6,PE_PB,-0.000175,0.1,0.2,0.35,0.55,0.75,0.85,0.95,0.0,0.55,0.0,0.06,0.03
6,PE_FED,-0.000178,0.05,0.25,0.3,0.5,0.65,0.75,0.85,0.0,0.0,0.0,0.06,0.04
8,PE_PB,-0.000178,0.1,0.15,0.4,0.55,0.75,0.8,0.85,0.0,0.5,0.0,0.1,0.03
8,PE_FED,-0.000183,0.2,0.25,0.4,0.5,0.75,0.8,0.85,0.5,0.0,0.0,0.08,0.04
6,PB_FED,-0.000186,0.05,0.15,0.45,0.65,0.7,0.85,0.95,1.0,0.0,0.0,0.08,0.05
6,PE_FED,-0.000189,0.1,0.25,0.3,0.55,0.75,0.8,0.85,-0.5,0.0,0.0,0.08,0.05
8,PE_PB_FED,-0.000191,0.05,0.15,0.35,0.5,0.65,0.75,0.85,1.0,0.6,0.8,0.1,0.03
6,PE_FED,-0.000192,0.05,0.15,0.45,0.55,0.75,0.8,0.85,-0.5,0.0,0.0,0.08,0.03
6,PE_PB_FED,-0.000192,0.05,0.2,0.3,0.65,0.75,0.85,0.9,0.0,0.6,0.8,0.06,0.05
6,PE_PB,-0.000194,0.05,0.15,0.45,0.6,0.7,0.75,0.9,0.0,0.5,0.0,0.12,0.04
8,PE_PB,-0.000197,0.2,0.25,0.3,0.65,0.75,0.8,0.85,0.0,0.55,0.0,0.1,0.05
8,PE_FED,-0.0002,0.1,0.2,0.45,0.7,0.7,0.75,0.85,1.0,0.0,0.0,0.06,0.03
6,PE_PB,-0.000204,0.2,0.25,0.45,0.7,0.75,0.85,0.95,0.0,0.55,0.0,0.12,0.05
8,PE_PB,-0.000206,0.2,0.25,0.45,0.55,0.75,0.8,0.85,0.0,0.65,0.0,0.12,0.03
6,PE_PB,-0.000213,0.15,0.3,0.45,0.7,0.65,0.8,0.9,0.0,0.6,0.0,0.08,0.03
6,PE_only,-0.000216,0.05,0.25,0.3,0.55,0.75,0.85,0.9,0.0,0.0,0.0,0.08,0.04
8,PE_PB_FED,-0.000225,0.2,0.3,0.4,0.55,0.65,0.8,0.85,0.0,0.5,0.8,0.1,0.04
6,PE_PB_FED,-0.000226,0.2,0.3,0.4,0.6,0.7,0.8,0.9,0.0,0.65,0.75,0.06,0.04
6,PE_only,-0.000228,0.05,0.25,0.35,0.5,0.65,0.75,0.9,0.0,0.0,0.0,0.06,0.05
8,PE_PB,-0.000229,0.1,0.3,0.4,0.65,0.75,0.85,0.9,0.0,0.55,0.0,0.12,0.03
8,PE_PB,-0.000231,0.15,0.3,0.4,0.7,0.75,0.85,0.9,0.0,0.5,0.0,0.06,0.04
6,PE_PB,-0.000235,0.05,0.25,0.4,0.65,0.75,0.8,0.9,0.0,0.6,0.0,0.08,0.05
6,PE_PB_FED,-0.000236,0.05,0.15,0.45,0.65,0.65,0.75,0.85,-0.5,0.6,0.75,0.1,0.05
6,PE_PB_FED,-0.000238,0.05,0.25,0.3,0.7,0.65,0.8,0.9,-0.5,0.55,0.75,0.1,0.04
6,PB_FED,-0.000239,0.15,0.3,0.4,0.7,0.7,0.75,0.85,1.0,0.0,0.0,0.12,0.03
6,PE_PB,-0.00024,0.1,0.2,0.35,0.6,0.7,0.8,0.85,0.0,0.65,0.0,0.06,0.04
6,PE_only,-0.000243,0.05,0.3,0.45,0.5,0.7,0.85,0.95,0.0,0.0,0.0,0.1,0.04
8,PE_FED,-0.000246,0.2,0.3,0.4,0.7,0.75,0.8,0.9,1.0,0.0,0.0,0.08,0.03
8,PE_PB_FED,-0.000249,0.15,0.3,0.45,0.55,0.65,0.75,0.85,0.5,0.6,0.75,0.06,0.03
8,PE_PB,-0.00025,0.2,0.3,0.4,0.5,0.65,0.8,0.9,0.0,0.65,0.0,0.06,0.04
6,PE_PB,-0.000253,0.2,0.25,0.35,0.7,0.7,0.8,0.9,0.0,0.6,0.0,0.1,0.05
6,PE_PB_FED,-0.000255,0.05,0.25,0.4,0.55,0.7,0.85,0.95,-0.5,0.55,0.75,0.1,0.05
6,PE_PB,-0.000258,0.1,0.2,0.35,0.7,0.65,0.8,0.85,0.0,0.6,0.0,0.12,0.04
6,PE_PB,-0.000263,0.15,0.25,0.4,0.55,0.65,0.85,0.95,0.0,0.6,0.0,0.08,0.05
6,PE_PB_FED,-0.000267,0.15,0.2,0.35,0.6,0.75,0.85,0.9,-0.5,0.65,0.8,0.1,0.03
6,PE_PB_FED,-0.000269,0.05,0.15,0.35,0.7,0.65,0.75,0.85,-0.5,0.55,0.7,0.12,0.04
6,PE_FED,-0.000279,0.1,0.15,0.35,0.55,0.75,0.8,0.95,0.5,0.0,0.0,0.1,0.03
6,PE_PB,-0.000281,0.15,0.25,0.4,0.55,0.7,0.8,0.95,0.0,0.5,0.0,0.1,0.04
6,PE_PB_FED,-0.000288,0.15,0.25,0.35,0.65,0.65,0.75,0.85,0.0,0.6,0.8,0.12,0.04
6,PB_FED,-0.00029,0.15,0.25,0.45,0.7,0.65,0.8,0.95,1.0,0.0,0.0,0.1,0.04
6,PE_PB,-0.000294,0.05,0.2,0.3,0.65,0.75,0.85,0.95,0.0,0.5,0.0,0.12,0.04
6,PE_PB,-0.000295,0.05,0.25,0.4,0.55,0.75,0.8,0.95,0.0,0.5,0.0,0.06,0.05
8,PE_FED,-0.000296,0.1,0.15,0.45,0.65,0.7,0.8,0.85,1.0,0.0,0.0,0.06,0.03
6,PE_FED,-0.000304,0.05,0.15,0.45,0.5,0.7,0.75,0.85,0.0,0.0,0.0,0.08,0.03
8,PE_PB_FED,-0.000314,0.15,0.2,0.3,0.5,0.65,0.8,0.85,0.5,0.55,0.75,0.12,0.03
6,PE_PB,-0.000315,0.1,0.25,0.3,0.7,0.75,0.85,0.9,0.0,0.6,0.0,0.08,0.03
8,PE_PB_FED,-0.000316,0.2,0.3,0.4,0.55,0.7,0.85,0.9,-0.5,0.55,0.7,0.06,0.04
6,PE_only,-0.000326,0.2,0.3,0.35,0.55,0.75,0.8,0.9,0.0,0.0,0.0,0.06,0.03
6,PE_FED,-0.000326,0.1,0.15,0.3,0.5,0.7,0.8,0.85,-0.5,0.0,0.0,0.1,0.05
8,PE_FED,-0.000327,0.1,0.2,0.35,0.7,0.7,0.75,0.85,1.0,0.0,0.0,0.1,0.05
6,PB_FED,-0.000329,0.1,0.25,0.3,0.6,0.75,0.8,0.9,1.0,0.0,0.0,0.06,0.04
8,PE_PB,-0.000329,0.05,0.2,0.3,0.5,0.65,0.75,0.85,0.0,0.55,0.0,0.1,0.05
8,PE_PB_FED,-0.000329,0.15,0.25,0.4,0.5,0.7,0.85,0.9,0.5,0.65,0.75,0.06,0.05
8,PE_FED,-0.00033,0.15,0.3,0.45,0.55,0.7,0.8,0.9,1.0,0.0,0.0,0.06,0.04
6,PE_PB,-0.000332,0.1,0.2,0.35,0.5,0.65,0.85,0.95,0.0,0.65,0.0,0.1,0.05
6,PE_PB_FED,-0.000332,0.05,0.15,0.4,0.65,0.65,0.75,0.85,0.0,0.55,0.8,0.12,0.05
6,PB_FED,-0.000332,0.05,0.25,0.4,0.5,0.7,0.8,0.95,0.5,0.0,0.0,0.08,0.05
6,PE_PB_FED,-0.000333,0.05,0.3,0.35,0.6,0.65,0.75,0.9,-0.5,0.6,0.75,0.06,0.04
8,PE_PB_FED,-0.000335,0.15,0.3,0.35,0.55,0.75,0.8,0.85,0.5,0.65,0.8,0.08,0.05
6,PE_PB,-0.000353,0.05,0.15,0.3,0.6,0.7,0.8,0.85,0.0,0.6,0.0,0.1,0.03
6,PE_PB,-0.000353,0.2,0.25,0.4,0.7,0.75,0.8,0.9,0.0,0.6,0.0,0.06,0.05
6,PE_PB,-0.000353,0.1,0.3,0.4,0.65,0.75,0.85,0.95,0.0,0.55,0.0,0.12,0.03
6,PE_PB,-0.000357,0.05,0.15,0.4,0.5,0.65,0.75,0.9,0.0,0.65,0.0,0.06,0.03
8,PE_PB_FED,-0.000359,0.15,0.3,0.35,0.55,0.7,0.8,0.9,1.0,0.65,0.8,0.08,0.03
8,PE_PB,-0.00036,0.05,0.3,0.4,0.7,0.65,0.75,0.85,0.0,0.5,0.0,0.06,0.03
8,PE_FED,-0.000363,0.05,0.2,0.3,0.7,0.7,0.75,0.85,1.0,0.0,0.0,0.06,0.04
8,PE_PB_FED,-0.000364,0.1,0.3,0.4,0.5,0.7,0.75,0.85,-0.5,0.6,0.8,0.12,0.04
6,PE_PB,-0.000366,0.1,0.25,0.4,0.6,0.7,0.75,0.85,0.0,0.65,0.0,0.1,0.04
6,PB_FED,-0.000371,0.15,0.25,0.45,0.7,0.7,0.8,0.9,1.0,0.0,0.0,0.12,0.03
6,PE_PB,-0.000373,0.1,0.2,0.3,0.6,0.7,0.75,0.9,0.0,0.5,0.0,0.1,0.03
8,PE_PB_FED,-0.000378,0.05,0.15,0.35,0.55,0.65,0.75,0.85,1.0,0.6,0.75,0.1,0.04
6,PE_PB,-0.000379,0.2,0.25,0.4,0.6,0.7,0.75,0.9,0.0,0.6,0.0,0.12,0.05
6,PE_PB_FED,-0.000379,0.1,0.15,0.3,0.5,0.75,0.85,0.95,-0.5,0.5,0.75,0.08,0.03
6,PE_FED,-0.000381,0.1,0.2,0.4,0.5,0.65,0.85,0.9,-0.5,0.0,0.0,0.12,0.04
6,PE_PB,-0.000384,0.05,0.2,0.45,0.65,0.65,0.75,0.9,0.0,0.55,0.0,0.12,0.04
8,PE_PB,-0.000384,0.1,0.25,0.45,0.55,0.65,0.8,0.85,0.0,0.6,0.0,0.08,0.03
6,PB_FED,-0.000388,0.1,0.2,0.4,0.5,0.7,0.8,0.95,1.0,0.0,0.0,0.1,0.03
6,PE_PB,-0.00039,0.05,0.3,0.35,0.65,0.65,0.75,0.95,0.0,0.5,0.0,0.06,0.04
8,PE_PB,-0.000391,0.1,0.2,0.45,0.5,0.75,0.85,0.9,0.0,0.65,0.0,0.08,0.03
6,PE_PB_FED,-0.000394,0.1,0.2,0.45,0.6,0.75,0.85,0.9,0.0,0.65,0.75,0.1,0.03
6,PE_only,-0.000395,0.1,0.25,0.3,0.55,0.7,0.75,0.85,0.0,0.0,0.0,0.12,0.05
6,PB_FED,-0.000397,0.1,0.15,0.45,0.7,0.7,0.8,0.85,1.0,0.0,0.0,0.1,0.03
8,PE_PB,-0.000397,0.2,0.25,0.35,0.6,0.75,0.8,0.9,0.0,0.5,0.0,0.08,0.05
6,PE_PB,-0.000399,0.15,0.3,0.4,0.55,0.75,0.85,0.95,0.0,0.65,0.0,0.1,0.04
6,PE_PB,-0.0004,0.15,0.3,0.35,0.7,0.7,0.8,0.9,0.0,0.6,0.0,0.08,0.05
6,PE_only,-0.000401,0.05,0.3,0.45,0.5,0.7,0.85,0.95,0.0,0.0,0.0,0.08,0.05
6,PE_PB,-0.00041,0.15,0.3,0.45,0.6,0.7,0.75,0.95,0.0,0.5,0.0,0.1,0.05
8,PE_PB_FED,-0.00041,0.05,0.25,0.3,0.6,0.75,0.8,0.85,0.5,0.55,0.8,0.06,0.03
6,PE_PB,-0.000412,0.1,0.2,0.4,0.7,0.7,0.8,0.85,0.0,0.6,0.0,0.12,0.04
6,PE_FED,-0.000417,0.05,0.3,0.45,0.6,0.75,0.8,0.85,-0.5,0.0,0.0,0.1,0.04
8,PE_PB,-0.000419,0.15,0.25,0.45,0.7,0.75,0.8,0.85,0.0,0.5,0.0,0.12,0.04
6,PE_PB,-0.00042,0.2,0.25,0.3,0.65,0.65,0.8,0.95,0.0,0.5,0.0,0.06,0.05
6,PE_PB_FED,-0.000421,0.05,0.15,0.45,0.55,0.65,0.75,0.85,0.0,0.65,0.8,0.1,0.05
6,PE_FED,-0.000423,0.15,0.3,0.35,0.5,0.7,0.8,0.9,0.0,0.0,0.0,0.1,0.05
6,PE_PB,-0.000442,0.1,0.15,0.45,0.5,0.65,0.85,0.95,0.0,0.6,0.0,0.12,0.04
8,PE_PB,-0.000444,0.1,0.2,0.45,0.5,0.75,0.8,0.9,0.0,0.5,0.0,0.12,0.04
6,PB_FED,-0.000445,0.1,0.15,0.45,0.5,0.75,0.8,0.95,1.0,0.0,0.0,0.06,0.04
8,PE_FED,-0.000447,0.1,0.3,0.4,0.5,0.7,0.85,0.9,0.5,0.0,0.0,0.08,0.03
8,PE_PB,-0.00045,0.15,0.2,0.3,0.6,0.75,0.85,0.9,0.0,0.5,0.0,0.12,0.05
8,PE_PB_FED,-0.000455,0.15,0.25,0.4,0.5,0.7,0.75,0.85,-0.5,0.5,0.8,0.06,0.04
6,PE_PB,-0.00046,0.1,0.15,0.35,0.6,0.75,0.8,0.85,0.0,0.6,0.0,0.12,0.04
6,PB_FED,-0.000461,0.15,0.3,0.45,0.55,0.7,0.85,0.9,0.5,0.0,0.0,0.12,0.03
8,PE_PB_FED,-0.000465,0.05,0.3,0.35,0.65,0.65,0.75,0.9,1.0,0.55,0.75,0.1,0.05
6,PE_only,-0.000466,0.15,0.25,0.4,0.55,0.75,0.85,0.9,0.0,0.0,0.0,0.12,0.04
6,PE_FED,-0.000468,0.05,0.3,0.45,0.6,0.75,0.8,0.85,0.0,0.0,0.0,0.1,0.05
6,PE_PB,-0.000472,0.2,0.3,0.4,0.7,0.65,0.75,0.9,0.0,0.6,0.0,0.12,0.05
6,PE_PB,-0.000478,0.1,0.2,0.3,0.6,0.75,0.8,0.9,0.0,0.55,0.0,0.06,0.03
6,PB_FED,-0.00048,0.1,0.15,0.3,0.65,0.65,0.8,0.85,1.0,0.0,0.0,0.08,0.05
6,PE_PB_FED,-0.000481,0.1,0.25,0.35,0.65,0.65,0.8,0.85,-0.5,0.65,0.75,0.1,0.03
6,PE_FED,-0.000482,0.05,0.15,0.3,0.5,0.7,0.8,0.85,-0.5,0.0,0.0,0.1,0.05
6,PB_FED,-0.000484,0.05,0.2,0.3,0.55,0.75,0.85,0.95,1.0,0.0,0.0,0.08,0.03
6,PE_FED,-0.000487,0.05,0.15,0.3,0.5,0.75,0.8,0.85,-0.5,0.0,0.0,0.12,0.05
6,PE_PB,-0.00049,0.05,0.15,0.4,0.6,0.65,0.75,0.9,0.0,0.5,0.0,0.12,0.05
8,PE_PB_FED,-0.000491,0.15,0.25,0.45,0.55,0.7,0.8,0.85,0.5,0.6,0.8,0.12,0.04
6,PE_PB_FED,-0.000492,0.1,0.2,0.35,0.55,0.7,0.75,0.9,0.0,0.5,0.8,0.12,0.05
6,PE_only,-0.000493,0.2,0.3,0.4,0.55,0.7,0.8,0.9,0.0,0.0,0.0,0.1,0.03
8,PE_PB,-0.000493,0.15,0.25,0.3,0.55,0.65,0.8,0.85,0.0,0.55,0.0,0.12,0.04
6,PE_PB,-0.000498,0.15,0.2,0.3,0.65,0.75,0.8,0.85,0.0,0.6,0.0,0.06,0.03
6,PE_PB_FED,-0.000498,0.15,0.2,0.3,0.65,0.65,0.75,0.85,0.0,0.55,0.7,0.1,0.05
8,PE_PB,-0.000499,0.1,0.25,0.45,0.65,0.7,0.75,0.85,0.0,0.5,0.0,0.06,0.03
6,PB_FED,-0.000501,0.15,0.2,0.3,0.7,0.75,0.8,0.85,1.0,0.0,0.0,0.12,0.04
8,PE_PB,-0.000502,0.2,0.3,0.45,0.5,0.7,0.75,0.9,0.0,0.6,0.0,0.12,0.03
8,PE_PB,-0.000507,0.2,0.3,0.4,0.55,0.65,0.85,0.9,0.0,0.65,0.0,0.08,0.03
6,PE_PB_FED,-0.000511,0.1,0.15,0.35,0.7,0.75,0.8,0.9,-0.5,0.5,0.75,0.12,0.04
6,PB_FED,-0.000514,0.15,0.2,0.4,0.65,0.65,0.85,0.95,1.0,0.0,0.0,0.08,0.03
6,PB_FED,-0.000515,0.15,0.3,0.4,0.55,0.65,0.75,0.9,1.0,0.0,0.0,0.1,0.04
8,PE_FED,-0.000518,0.05,0.15,0.35,0.5,0.7,0.85,0.9,1.0,0.0,0.0,0.12,0.03
6,PE_only,-0.000519,0.1,0.15,0.45,0.5,0.7,0.8,0.9,0.0,0.0,0.0,0.12,0.05
6,PB_FED,-0.000522,0.1,0.2,0.4,0.55,0.7,0.8,0.95,1.0,0.0,0.0,0.1,0.05
6,PE_PB,-0.000525,0.05,0.2,0.3,0.6,0.75,0.85,0.9,0.0,0.6,0.0,0.06,0.04
8,PE_PB_FED,-0.000526,0.05,0.15,0.45,0.5,0.65,0.8,0.85,0.5,0.55,0.7,0.06,0.05
6,PE_PB,-0.000531,0.1,0.2,0.3,0.6,0.7,0.85,0.95,0.0,0.5,0.0,0.12,0.04
8,PE_PB_FED,-0.000533,0.2,0.3,0.4,0.5,0.7,0.85,0.95,1.0,0.6,0.8,0.1,0.04
8,PE_PB_FED,-0.000535,0.15,0.25,0.45,0.55,0.75,0.8,0.9,1.0,0.55,0.75,0.12,0.03
6,PE_PB_FED,-0.000539,0.15,0.3,0.35,0.55,0.7,0.75,0.95,-0.5,0.5,0.75,0.06,0.04
8,PE_FED,-0.00054,0.15,0.3,0.35,0.5,0.75,0.8,0.85,0.5,0.0,0.0,0.1,0.05
8,PE_PB,-0.000543,0.05,0.3,0.45,0.6,0.7,0.8,0.85,0.0,0.6,0.0,0.12,0.04
8,PE_PB,-0.000545,0.15,0.2,0.35,0.6,0.7,0.8,0.85,0.0,0.5,0.0,0.06,0.04
6,PE_PB,-0.000548,0.15,0.25,0.4,0.7,0.65,0.75,0.85,0.0,0.6,0.0,0.1,0.03
8,PE_PB_FED,-0.000549,0.15,0.3,0.45,0.6,0.75,0.85,0.9,0.5,0.6,0.8,0.1,0.04
8,PE_PB,-0.000551,0.2,0.25,0.4,0.5,0.65,0.75,0.85,0.0,0.65,0.0,0.08,0.04
6,PE_PB_FED,-0.000554,0.1,0.3,0.45,0.5,0.75,0.8,0.95,0.0,0.5,0.7,0.12,0.03
6,PE_FED,-0.000559,0.1,0.15,0.45,0.6,0.7,0.75,0.95,0.5,0.0,0.0,0.12,0.03
6,PE_PB,-0.000564,0.15,0.3,0.35,0.55,0.7,0.8,0.95,0.0,0.55,0.0,0.1,0.04
6,PE_only,-0.000577,0.05,0.3,0.45,0.5,0.75,0.85,0.95,0.0,0.0,0.0,0.06,0.03
6,PE_PB_FED,-0.000579,0.2,0.25,0.45,0.65,0.65,0.75,0.85,0.0,0.65,0.7,0.12,0.05
6,PE_PB,-0.000582,0.05,0.3,0.35,0.55,0.65,0.85,0.95,0.0,0.65,0.0,0.1,0.04
6,PE_PB,-0.000588,0.15,0.25,0.3,0.6,0.75,0.85,0.9,0.0,0.65,0.0,0.06,0.03
6,PE_PB,-0.00059,0.1,0.2,0.45,0.7,0.75,0.85,0.95,0.0,0.5,0.0,0.08,0.03
6,PE_PB,-0.000591,0.05,0.15,0.4,0.5,0.7,0.85,0.95,0.0,0.55,0.0,0.06,0.03
6,PE_PB,-0.000596,0.1,0.3,0.45,0.55,0.7,0.75,0.95,0.0,0.55,0.0,0.1,0.03
6,PE_PB,-0.0006,0.05,0.2,0.4,0.55,0.7,0.75,0.9,0.0,0.6,0.0,0.06,0.03
6,PE_PB,-0.000609,0.1,0.15,0.4,0.6,0.7,0.75,0.9,0.0,0.5,0.0,0.08,0.05
6,PE_PB,-0.00061,0.1,0.2,0.4,0.65,0.65,0.85,0.95,0.0,0.5,0.0,0.06,0.03
6,PE_PB,-0.000611,0.1,0.15,0.45,0.55,0.7,0.75,0.9,0.0,0.6,0.0,0.08,0.05
6,PB_FED,-0.000618,0.05,0.25,0.35,0.7,0.7,0.8,0.95,1.0,0.0,0.0,0.12,0.05
6,PB_FED,-0.000624,0.15,0.2,0.4,0.55,0.7,0.8,0.9,1.0,0.0,0.0,0.08,0.03
8,PE_PB_FED,-0.000626,0.15,0.25,0.45,0.65,0.7,0.8,0.9,1.0,0.55,0.7,0.08,0.04
8,PE_PB,-0.000628,0.1,0.2,0.3,0.6,0.65,0.8,0.85,0.0,0.5,0.0,0.06,0.05
8,PE_PB_FED,-0.000629,0.15,0.3,0.45,0.5,0.65,0.75,0.9,1.0,0.5,0.7,0.12,0.03
6,PE_only,-0.00063,0.1,0.25,0.35,0.5,0.7,0.8,0.9,0.0,0.0,0.0,0.1,0.03
6,PE_only,-0.000632,0.2,0.3,0.45,0.5,0.65,0.85,0.95,0.0,0.0,0.0,0.1,0.04
6,PE_PB,-0.000632,0.05,0.25,0.45,0.6,0.75,0.85,0.95,0.0,0.55,0.0,0.12,0.04
8,PE_PB,-0.000632,0.2,0.3,0.35,0.6,0.75,0.8,0.85,0.0,0.6,0.0,0.12,0.03
6,PE_PB_FED,-0.000633,0.15,0.2,0.35,0.6,0.75,0.8,0.9,-0.5,0.55,0.7,0.08,0.04
6,PE_PB,-0.000635,0.05,0.2,0.4,0.65,0.65,0.8,0.9,0.0,0.55,0.0,0.12,0.04
6,PE_PB,-0.000636,0.15,0.25,0.45,0.7,0.65,0.75,0.9,0.0,0.55,0.0,0.1,0.04
6,PE_FED,-0.000637,0.05,0.2,0.45,0.5,0.7,0.75,0.85,0.0,0.0,0.0,0.08,0.05
8,PE_PB,-0.000639,0.1,0.25,0.35,0.65,0.65,0.8,0.85,0.0,0.5,0.0,0.1,0.04
8,PE_PB,-0.000641,0.1,0.15,0.35,0.5,0.65,0.85,0.9,0.0,0.55,0.0,0.08,0.05
8,PE_PB_FED,-0.000641,0.05,0.2,0.4,0.6,0.65,0.85,0.9,0.5,0.5,0.8,0.12,0.03
6,PE_PB,-0.000643,0.15,0.25,0.3,0.6,0.7,0.85,0.9,0.0,0.65,0.0,0.1,0.03
6,PB_FED,-0.000647,0.1,0.25,0.35,0.5,0.7,0.85,0.95,0.5,0.0,0.0,0.12,0.04
8,PE_PB,-0.000651,0.05,0.2,0.3,0.5,0.7,0.85,0.9,0.0,0.55,0.0,0.1,0.04
6,PE_PB,-0.000652,0.2,0.25,0.3,0.65,0.65,0.8,0.9,0.0,0.6,0.0,0.1,0.05
6,PE_only,-0.000653,0.05,0.15,0.45,0.55,0.65,0.8,0.85,0.0,0.0,0.0,0.08,0.04
8,PE_FED,-0.000655,0.2,0.25,0.45,0.55,0.65,0.8,0.9,1.0,0.0,0.0,0.12,0.04
6,PE_FED,-0.000658,0.05,0.15,0.35,0.5,0.65,0.8,0.85,-0.5,0.0,0.0,0.12,0.04
6,PE_FED,-0.000662,0.15,0.3,0.4,0.55,0.75,0.85,0.9,-0.5,0.0,0.0,0.06,0.04
6,PE_only,-0.000663,0.05,0.2,0.3,0.55,0.7,0.8,0.85,0.0,0.0,0.0,0.1,0.05
6,PE_PB,-0.000675,0.1,0.2,0.3,0.6,0.65,0.75,0.85,0.0,0.6,0.0,0.06,0.05
6,PE_FED,-0.000676,0.2,0.25,0.35,0.55,0.75,0.8,0.85,0.0,0.0,0.0,0.12,0.04
6,PE_PB,-0.000677,0.1,0.25,0.45,0.55,0.65,0.85,0.95,0.0,0.6,0.0,0.12,0.04
6,PE_only,-0.000678,0.05,0.2,0.4,0.55,0.7,0.85,0.9,0.0,0.0,0.0,0.08,0.03
8,PE_PB,-0.000678,0.15,0.2,0.45,0.55,0.75,0.8,0.85,0.0,0.55,0.0,0.1,0.04
6,PE_only,-0.00068,0.05,0.15,0.45,0.5,0.65,0.8,0.9,0.0,0.0,0.0,0.08,0.05
6,PE_only,-0.00068,0.05,0.15,0.45,0.5,0.75,0.8,0.9,0.0,0.0,0.0,0.06,0.05
8,PE_PB,-0.000686,0.15,0.2,0.45,0.5,0.7,0.85,0.9,0.0,0.65,0.0,0.08,0.05
8,PE_FED,-0.000686,0.2,0.3,0.35,0.65,0.65,0.8,0.9,1.0,0.0,0.0,0.06,0.03
8,PE_PB,-0.000688,0.05,0.2,0.3,0.5,0.65,0.85,0.9,0.0,0.6,0.0,0.1,0.05
6,PE_PB,-0.00069,0.2,0.3,0.35,0.55,0.65,0.75,0.95,0.0,0.5,0.0,0.06,0.03
6,PE_FED,-0.000693,0.1,0.25,0.3,0.5,0.65,0.85,0.9,0.0,0.0,0.0,0.1,0.03
6,PB_FED,-0.000693,0.15,0.25,0.4,0.65,0.75,0.85,0.95,1.0,0.0,0.0,0.08,0.03
6,PB_FED,-0.000695,0.15,0.25,0.4,0.6,0.7,0.8,0.9,1.0,0.0,0.0,0.08,0.03
8,PE_FED,-0.000697,0.15,0.2,0.35,0.65,0.7,0.75,0.85,1.0,0.0,0.0,0.1,0.03
6,PB_FED,-0.0007,0.1,0.25,0.45,0.5,0.7,0.8,0.9,0.5,0.0,0.0,0.12,0.05
8,PE_FED,-0.000703,0.15,0.3,0.4,0.5,0.7,0.8,0.9,1.0,0.0,0.0,0.08,0.04
6,PE_PB,-0.000704,0.15,0.2,0.35,0.7,0.65,0.8,0.85,0.0,0.6,0.0,0.12,0.05
8,PE_FED,-0.000709,0.05,0.2,0.4,0.6,0.65,0.75,0.85,1.0,0.0,0.0,0.08,0.03
6,PE_only,-0.00071,0.15,0.25,0.3,0.55,0.7,0.85,0.9,0.0,0.0,0.0,0.06,0.03
8,PE_PB,-0.000715,0.2,0.25,0.45,0.65,0.75,0.85,0.9,0.0,0.55,0.0,0.1,0.05
8,PE_PB,-0.000724,0.1,0.3,0.4,0.65,0.75,0.85,0.9,0.0,0.55,0.0,0.06,0.05
6,PB_FED,-0.000728,0.15,0.25,0.4,0.65,0.75,0.8,0.9,1.0,0.0,0.0,0.08,0.04
6,PB_FED,-0.000731,0.2,0.25,0.3,0.6,0.7,0.8,0.9,1.0,0.0,0.0,0.12,0.03
8,PE_PB,-0.000733,0.1,0.15,0.35,0.5,0.75,0.8,0.85,0.0,0.55,0.0,0.08,0.04
8,PE_PB_FED,-0.000735,0.15,0.3,0.4,0.6,0.75,0.8,0.9,1.0,0.6,0.75,0.08,0.03
8,PE_FED,-0.000743,0.2,0.3,0.35,0.7,0.65,0.8,0.9,1.0,0.0,0.0,0.06,0.04
6,PB_FED,-0.00075,0.2,0.3,0.4,0.55,0.65,0.75,0.9,1.0,0.0,0.0,0.12,0.03
8,PE_PB_FED,-0.00075,0.2,0.25,0.35,0.65,0.75,0.8,0.9,1.0,0.6,0.8,0.08,0.03
8,PE_FED,-0.000751,0.05,0.15,0.4,0.6,0.65,0.8,0.85,1.0,0.0,0.0,0.08,0.05
8,PE_PB,-0.000757,0.2,0.25,0.45,0.5,0.65,0.75,0.9,0.0,0.5,0.0,0.06,0.03
6,PE_PB,-0.000761,0.1,0.2,0.4,0.55,0.65,0.8,0.9,0.0,0.65,0.0,0.08,0.04
8,PE_PB,-0.000762,0.1,0.25,0.45,0.6,0.65,0.75,0.85,0.0,0.5,0.0,0.1,0.03
8,PE_PB_FED,-0.000762,0.2,0.25,0.4,0.7,0.65,0.75,0.85,0.5,0.5,0.7,0.12,0.04
8,PE_PB,-0.000769,0.05,0.2,0.45,0.6,0.65,0.85,0.9,0.0,0.5,0.0,0.06,0.03
8,PE_FED,-0.000769,0.1,0.15,0.4,0.5,0.75,0.85,0.9,1.0,0.0,0.0,0.08,0.03
6,PE_FED,-0.000779,0.1,0.2,0.35,0.5,0.7,0.8,0.85,0.0,0.0,0.0,0.1,0.03
6,PB_FED,-0.00078,0.1,0.3,0.45,0.5,0.7,0.75,0.95,1.0,0.0,0.0,0.06,0.05
8,PE_PB,-0.000781,0.05,0.25,0.45,0.6,0.75,0.8,0.85,0.0,0.55,0.0,0.06,0.05
6,PE_PB_FED,-0.000783,0.2,0.25,0.45,0.6,0.65,0.8,0.9,0.0,0.6,0.8,0.1,0.04
6,PE_PB,-0.000786,0.05,0.25,0.45,0.55,0.75,0.8,0.95,0.0,0.5,0.0,0.1,0.05
6,PE_only,-0.000787,0.05,0.3,0.35,0.55,0.7,0.8,0.9,0.0,0.0,0.0,0.12,0.05
8,PE_only,-0.000787,0.2,0.3,0.45,0.5,0.75,0.85,0.9,0.0,0.0,0.0,0.1,0.05
6,PE_PB,-0.000788,0.1,0.25,0.3,0.65,0.7,0.75,0.85,0.0,0.6,0.0,0.06,0.04
6,PE_PB_FED,-0.000791,0.2,0.25,0.45,0.6,0.65,0.85,0.95,0.0,0.5,0.75,0.08,0.03
6,PE_FED,-0.000793,0.05,0.25,0.35,0.5,0.7,0.75,0.85,0.0,0.0,0.0,0.12,0.05
8,PE_PB_FED,-0.000796,0.1,0.25,0.35,0.7,0.75,0.8,0.85,0.5,0.5,0.7,0.08,0.05
6,PE_PB_FED,-0.000805,0.05,0.2,0.4,0.6,0.65,0.8,0.85,0.0,0.65,0.7,0.1,0.03
6,PE_PB_FED,-0.00081,0.1,0.25,0.45,0.65,0.65,0.8,0.9,-0.5,0.6,0.8,0.06,0.05
8,PE_PB,-0.000817,0.05,0.3,0.4,0.65,0.65,0.85,0.9,0.0,0.55,0.0,0.06,0.05
8,PE_PB,-0.000821,0.2,0.25,0.3,0.55,0.65,0.8,0.85,0.0,0.6,0.0,0.12,0.05
8,PE_PB_FED,-0.000821,0.2,0.25,0.35,0.7,0.65,0.75,0.85,0.5,0.5,0.7,0.1,0.05
8,PE_PB_FED,-0.000825,0.2,0.3,0.35,0.55,0.7,0.75,0.85,0.5,0.6,0.8,0.12,0.04
6,PE_PB,-0.000828,0.1,0.3,0.4,0.5,0.75,0.8,0.95,0.0,0.65,0.0,0.1,0.04
6,PE_FED,-0.000828,0.05,0.2,0.3,0.5,0.7,0.85,0.9,-0.5,0.0,0.0,0.12,0.03
8,PE_FED,-0.000828,0.05,0.15,0.45,0.65,0.7,0.8,0.85,1.0,0.0,0.0,0.12,0.04
6,PB_FED,-0.000829,0.2,0.25,0.35,0.5,0.7,0.8,0.85,0.5,0.0,0.0,0.1,0.04
6,PE_PB,-0.000832,0.1,0.2,0.4,0.6,0.7,0.75,0.9,0.0,0.55,0.0,0.12,0.05
8,PE_PB,-0.000832,0.1,0.3,0.4,0.5,0.7,0.75,0.9,0.0,0.55,0.0,0.12,0.05
6,PE_PB,-0.000837,0.1,0.2,0.3,0.55,0.7,0.75,0.9,0.0,0.55,0.0,0.08,0.04
6,PE_PB,-0.000838,0.05,0.2,0.4,0.6,0.7,0.85,0.95,0.0,0.5,0.0,0.08,0.04
6,PE_PB_FED,-0.000846,0.05,0.15,0.35,0.7,0.7,0.75,0.95,0.5,0.65,0.75,0.1,0.03
6,PE_FED,-0.000848,0.2,0.25,0.35,0.55,0.75,0.8,0.85,0.0,0.0,0.0,0.1,0.03
6,PB_FED,-0.000849,0.2,0.25,0.4,0.5,0.65,0.75,0.9,1.0,0.0,0.0,0.12,0.03
6,PE_PB,-0.000852,0.1,0.15,0.4,0.7,0.65,0.85,0.9,0.0,0.55,0.0,0.06,0.04
6,PE_PB,-0.000856,0.15,0.2,0.35,0.6,0.7,0.75,0.85,0.0,0.6,0.0,0.06,0.03
8,PE_PB_FED,-0.000858,0.2,0.25,0.4,0.5,0.7,0.8,0.85,0.0,0.5,0.75,0.12,0.05
8,PE_PB,-0.00086,0.15,0.2,0.35,0.5,0.65,0.8,0.85,0.0,0.6,0.0,0.06,0.03
6,PE_PB,-0.000861,0.05,0.15,0.3,0.55,0.7,0.8,0.9,0.0,0.6,0.0,0.08,0.05
8,PE_PB,-0.000863,0.05,0.3,0.4,0.5,0.7,0.75,0.9,0.0,0.55,0.0,0.08,0.05
8,PE_PB,-0.000865,0.15,0.25,0.4,0.6,0.75,0.85,0.9,0.0,0.5,0.0,0.12,0.04
8,PE_PB,-0.000871,0.15,0.3,0.45,0.55,0.7,0.75,0.85,0.0,0.6,0.0,0.1,0.05
6,PE_PB,-0.000874,0.05,0.3,0.35,0.55,0.65,0.8,0.95,0.0,0.55,0.0,0.08,0.05
6,PE_PB_FED,-0.000875,0.15,0.25,0.4,0.55,0.7,0.75,0.9,-0.5,0.6,0.75,0.06,0.05
6,PE_PB,-0.000887,0.15,0.25,0.4,0.6,0.7,0.75,0.9,0.0,0.55,0.0,0.08,0.04
6,PE_FED,-0.000891,0.15,0.25,0.45,0.55,0.7,0.8,0.85,0.0,0.0,0.0,0.08,0.04
6,PE_PB,-0.000895,0.1,0.25,0.35,0.7,0.65,0.85,0.95,0.0,0.5,0.0,0.08,0.03
6,PE_PB,-0.000895,0.15,0.2,0.4,0.6,0.7,0.85,0.9,0.0,0.6,0.0,0.1,0.04
8,PE_PB,-0.000897,0.05,0.25,0.3,0.5,0.75,0.85,0.9,0.0,0.65,0.0,0.1,0.05
6,PE_only,-0.000898,0.15,0.25,0.45,0.5,0.7,0.75,0.9,0.0,0.0,0.0,0.12,0.05
6,PE_PB,-0.000905,0.15,0.2,0.4,0.65,0.65,0.85,0.95,0.0,0.5,0.0,0.08,0.04
6,PE_PB_FED,-0.000905,0.1,0.2,0.35,0.6,0.7,0.75,0.85,-0.5,0.6,0.7,0.08,0.04
6,PE_PB,-0.000906,0.1,0.2,0.4,0.6,0.65,0.85,0.95,0.0,0.5,0.0,0.1,0.04
8,PE_PB,-0.000913,0.05,0.3,0.4,0.65,0.75,0.8,0.85,0.0,0.55,0.0,0.08,0.04
6,PB_FED,-0.000916,0.15,0.25,0.4,0.55,0.65,0.75,0.85,1.0,0.0,0.0,0.06,0.04
8,PE_PB,-0.000916,0.15,0.25,0.3,0.55,0.7,0.75,0.85,0.0,0.5,0.0,0.12,0.03
6,PE_PB,-0.00092,0.05,0.25,0.35,0.5,0.75,0.8,0.95,0.0,0.55,0.0,0.1,0.05
6,PE_FED,-0.000923,0.15,0.3,0.35,0.5,0.7,0.8,0.9,-0.5,0.0,0.0,0.06,0.03
6,PE_only,-0.000926,0.1,0.2,0.4,0.55,0.7,0.8,0.85,0.0,0.0,0.0,0.08,0.04
6,PE_PB_FED,-0.000927,0.2,0.3,0.4,0.6,0.65,0.75,0.9,-0.5,0.6,0.8,0.08,0.04
6,PE_PB,-0.000928,0.1,0.15,0.3,0.55,0.65,0.8,0.9,0.0,0.55,0.0,0.06,0.04
6,PE_PB,-0.00093,0.2,0.3,0.35,0.55,0.75,0.8,0.95,0.0,0.55,0.0,0.12,0.03
6,PE_PB,-0.00093,0.2,0.3,0.35,0.55,0.7,0.8,0.95,0.0,0.55,0.0,0.06,0.03
6,PE_FED,-0.000934,0.05,0.25,0.4,0.5,0.7,0.85,0.9,0.0,0.0,0.0,0.08,0.04
6,PE_PB,-0.000936,0.2,0.25,0.3,0.5,0.75,0.8,0.95,0.0,0.6,0.0,0.12,0.04
8,PE_FED,-0.000937,0.1,0.2,0.45,0.65,0.65,0.75,0.85,1.0,0.0,0.0,0.06,0.05
6,PE_PB,-0.000939,0.1,0.2,0.35,0.6,0.65,0.75,0.85,0.0,0.6,0.0,0.12,0.05
6,PE_FED,-0.000939,0.1,0.15,0.45,0.5,0.7,0.75,0.85,-0.5,0.0,0.0,0.1,0.03
6,PE_FED,-0.000941,0.1,0.15,0.45,0.5,0.65,0.8,0.85,0.0,0.0,0.0,0.12,0.03
6,PE_only,-0.000945,0.2,0.25,0.3,0.55,0.7,0.75,0.85,0.0,0.0,0.0,0.1,0.04
6,PE_FED,-0.000949,0.1,0.25,0.45,0.55,0.7,0.85,0.9,-0.5,0.0,0.0,0.06,0.05
6,PE_FED,-0.000949,0.05,0.15,0.35,0.55,0.7,0.75,0.95,0.5,0.0,0.0,0.1,0.04
8,PE_PB,-0.000964,0.1,0.2,0.45,0.6,0.65,0.85,0.9,0.0,0.5,0.0,0.1,0.03
6,PE_PB,-0.000972,0.15,0.3,0.35,0.6,0.75,0.85,0.95,0.0,0.55,0.0,0.1,0.04
8,PE_PB,-0.000973,0.05,0.3,0.4,0.65,0.65,0.75,0.85,0.0,0.5,0.0,0.08,0.04
8,PE_PB,-0.00098,0.15,0.3,0.4,0.7,0.65,0.85,0.9,0.0,0.5,0.0,0.12,0.03
6,PE_PB,-0.000983,0.15,0.25,0.4,0.7,0.65,0.85,0.9,0.0,0.6,0.0,0.08,0.03
6,PB_FED,-0.000984,0.15,0.25,0.45,0.5,0.7,0.8,0.85,0.5,0.0,0.0,0.12,0.04
8,PE_FED,-0.00099,0.15,0.2,0.45,0.7,0.7,0.85,0.9,1.0,0.0,0.0,0.12,0.04
6,PE_PB_FED,-0.000993,0.1,0.15,0.4,0.65,0.7,0.75,0.95,0.5,0.6,0.8,0.1,0.03
6,PE_only,-0.000996,0.05,0.2,0.4,0.5,0.75,0.8,0.9,0.0,0.0,0.0,0.08,0.05
8,PE_PB,-0.000998,0.15,0.3,0.35,0.7,0.65,0.8,0.85,0.0,0.5,0.0,0.06,0.03
6,PE_PB_FED,-0.001,0.15,0.25,0.3,0.5,0.75,0.85,0.95,0.0,0.5,0.75,0.08,0.04
6,PE_only,-0.001002,0.05,0.25,0.3,0.55,0.7,0.85,0.9,0.0,0.0,0.0,0.12,0.03
6,PE_PB,-0.001002,0.15,0.2,0.35,0.6,0.75,0.8,0.9,0.0,0.55,0.0,0.06,0.04
8,PE_PB_FED,-0.001009,0.05,0.3,0.4,0.7,0.65,0.8,0.9,1.0,0.5,0.75,0.08,0.03
6,PB_FED,-0.001015,0.1,0.15,0.4,0.55,0.65,0.85,0.95,1.0,0.0,0.0,0.06,0.03
6,PE_PB,-0.001019,0.2,0.25,0.45,0.6,0.75,0.8,0.9,0.0,0.6,0.0,0.08,0.03
6,PE_PB_FED,-0.001022,0.15,0.25,0.4,0.65,0.7,0.8,0.9,-0.5,0.55,0.8,0.12,0.03
8,PE_PB,-0.001022,0.2,0.25,0.4,0.6,0.75,0.8,0.85,0.0,0.55,0.0,0.08,0.03
8,PE_PB,-0.001022,0.2,0.25,0.4,0.6,0.75,0.8,0.85,0.0,0.55,0.0,0.1,0.03
6,PE_PB,-0.00103,0.15,0.25,0.4,0.65,0.65,0.75,0.85,0.0,0.6,0.0,0.1,0.03
6,PE_PB_FED,-0.001032,0.15,0.2,0.4,0.6,0.65,0.75,0.85,-0.5,0.6,0.75,0.12,0.03
6,PE_PB,-0.001034,0.05,0.3,0.35,0.6,0.65,0.8,0.9,0.0,0.6,0.0,0.1,0.04
8,PE_PB,-0.001034,0.15,0.3,0.45,0.6,0.7,0.75,0.85,0.0,0.55,0.0,0.08,0.05
6,PE_PB,-0.001042,0.1,0.25,0.3,0.65,0.7,0.8,0.9,0.0,0.55,0.0,0.06,0.04
8,PE_FED,-0.001049,0.2,0.3,0.4,0.6,0.7,0.8,0.9,1.0,0.0,0.0,0.06,0.03
6,PE_PB,-0.001055,0.1,0.2,0.4,0.6,0.75,0.8,0.9,0.0,0.55,0.0,0.1,0.04
6,PB_FED,-0.001056,0.05,0.2,0.3,0.7,0.7,0.8,0.85,1.0,0.0,0.0,0.1,0.03
8,PE_PB_FED,-0.001059,0.05,0.15,0.4,0.55,0.7,0.75,0.85,1.0,0.55,0.75,0.08,0.05
6,PE_PB_FED,-0.001061,0.1,0.25,0.35,0.6,0.7,0.75,0.85,0.0,0.6,0.8,0.08,0.04
6,PE_PB,-0.001062,0.15,0.25,0.4,0.6,0.65,0.85,0.9,0.0,0.65,0.0,0.12,0.03
8,PE_FED,-0.001062,0.1,0.3,0.45,0.5,0.75,0.85,0.9,0.5,0.0,0.0,0.1,0.03
6,PE_PB_FED,-0.001063,0.2,0.25,0.45,0.65,0.7,0.8,0.9,0.0,0.6,0.8,0.08,0.05
8,PE_PB,-0.001068,0.05,0.3,0.45,0.6,0.65,0.85,0.9,0.0,0.55,0.0,0.06,0.04
6,PE_PB,-0.001075,0.05,0.3,0.45,0.65,0.7,0.75,0.95,0.0,0.5,0.0,0.12,0.05
6,PE_only,-0.001077,0.2,0.25,0.35,0.55,0.65,0.85,0.9,0.0,0.0,0.0,0.12,0.04
6,PE_PB,-0.001081,0.05,0.2,0.45,0.65,0.65,0.85,0.95,0.0,0.5,0.0,0.12,0.03
6,PE_PB,-0.001086,0.05,0.15,0.3,0.65,0.7,0.8,0.9,0.0,0.5,0.0,0.1,0.04
6,PE_PB,-0.001089,0.15,0.2,0.3,0.5,0.65,0.75,0.9,0.0,0.65,0.0,0.06,0.03
6,PE_only,-0.001092,0.2,0.25,0.3,0.55,0.65,0.75,0.85,0.0,0.0,0.0,0.06,0.03
6,PE_PB_FED,-0.001092,0.15,0.2,0.3,0.65,0.65,0.8,0.85,-0.5,0.6,0.75,0.12,0.03
8,PE_FED,-0.001107,0.05,0.3,0.4,0.65,0.75,0.8,0.9,1.0,0.0,0.0,0.08,0.05
6,PE_only,-0.001114,0.15,0.25,0.45,0.55,0.75,0.85,0.9,0.0,0.0,0.0,0.06,0.04
6,PE_FED,-0.001117,0.05,0.2,0.3,0.5,0.7,0.85,0.9,-0.5,0.0,0.0,0.08,0.05
6,PE_PB,-0.001119,0.2,0.3,0.4,0.5,0.65,0.75,0.95,0.0,0.65,0.0,0.1,0.04
8,PE_PB_FED,-0.00112,0.05,0.2,0.35,0.65,0.7,0.75,0.85,1.0,0.65,0.75,0.1,0.03
6,PE_PB,-0.001122,0.15,0.25,0.3,0.65,0.7,0.85,0.95,0.0,0.5,0.0,0.12,0.03
6,PE_PB_FED,-0.001132,0.15,0.2,0.4,0.6,0.7,0.85,0.9,-0.5,0.6,0.7,0.06,0.04
6,PE_only,-0.00114,0.2,0.25,0.3,0.5,0.7,0.8,0.9,0.0,0.0,0.0,0.08,0.04
6,PE_PB,-0.001142,0.15,0.2,0.4,0.6,0.75,0.8,0.9,0.0,0.55,0.0,0.06,0.04
6,PB_FED,-0.001143,0.05,0.2,0.4,0.5,0.7,0.85,0.9,0.5,0.0,0.0,0.12,0.05
6,PE_PB,-0.001149,0.05,0.15,0.3,0.65,0.7,0.75,0.85,0.0,0.55,0.0,0.06,0.03
8,PE_PB,-0.001151,0.1,0.15,0.4,0.5,0.7,0.8,0.85,0.0,0.55,0.0,0.1,0.05
6,PB_FED,-0.001152,0.2,0.25,0.45,0.7,0.65,0.8,0.9,1.0,0.0,0.0,0.12,0.04
8,PE_PB,-0.001152,0.1,0.15,0.45,0.55,0.7,0.8,0.85,0.0,0.5,0.0,0.1,0.05
6,PE_PB,-0.001154,0.15,0.2,0.45,0.6,0.65,0.75,0.85,0.0,0.6,0.0,0.1,0.04
8,PE_PB_FED,-0.001154,0.15,0.25,0.4,0.5,0.75,0.8,0.85,0.5,0.6,0.8,0.1,0.03
6,PE_only,-0.001156,0.15,0.25,0.45,0.55,0.7,0.85,0.9,0.0,0.0,0.0,0.1,0.04
6,PE_PB_FED,-0.001158,0.2,0.3,0.35,0.65,0.7,0.85,0.95,0.0,0.5,0.75,0.06,0.05
8,PE_PB,-0.00116,0.1,0.3,0.45,0.5,0.75,0.8,0.9,0.0,0.6,0.0,0.12,0.03
6,PE_PB,-0.001167,0.05,0.15,0.3,0.5,0.7,0.75,0.9,0.0,0.6,0.0,0.12,0.05
6,PE_PB_FED,-0.001169,0.1,0.3,0.4,0.7,0.65,0.85,0.95,-0.5,0.5,0.8,0.06,0.03
8,PE_FED,-0.001169,0.1,0.3,0.45,0.5,0.7,0.85,0.9,0.5,0.0,0.0,0.1,0.05
6,PE_PB,-0.001182,0.15,0.2,0.3,0.55,0.75,0.85,0.95,0.0,0.5,0.0,0.1,0.03
8,PE_PB_FED,-0.001184,0.1,0.15,0.35,0.5,0.7,0.75,0.85,1.0,0.55,0.7,0.06,0.03
6,PE_PB,-0.001187,0.15,0.2,0.45,0.5,0.7,0.85,0.95,0.0,0.65,0.0,0.12,0.05
6,PE_FED,-0.001188,0.2,0.3,0.45,0.5,0.7,0.8,0.9,0.0,0.0,0.0,0.06,0.03
6,PE_PB,-0.001193,0.1,0.15,0.4,0.55,0.7,0.75,0.9,0.0,0.5,0.0,0.06,0.05
6,PE_FED,-0.001193,0.1,0.3,0.4,0.5,0.7,0.8,0.9,-0.5,0.0,0.0,0.12,0.03
8,PE_PB,-0.001193,0.05,0.2,0.35,0.5,0.75,0.8,0.85,0.0,0.6,0.0,0.1,0.03
8,PE_FED,-0.001194,0.05,0.2,0.3,0.6,0.75,0.85,0.9,1.0,0.0,0.0,0.12,0.04
6,PE_only,-0.001195,0.1,0.25,0.45,0.55,0.75,0.85,0.9,0.0,0.0,0.0,0.08,0.04
6,PE_only,-0.001199,0.1,0.15,0.3,0.5,0.75,0.85,0.9,0.0,0.0,0.0,0.12,0.05
6,PE_PB,-0.001209,0.1,0.15,0.35,0.7,0.65,0.8,0.9,0.0,0.5,0.0,0.12,0.04
6,PE_PB,-0.001209,0.15,0.2,0.35,0.55,0.65,0.75,0.9,0.0,0.55,0.0,0.12,0.03
6,PE_PB_FED,-0.001216,0.1,0.25,0.3,0.5,0.65,0.85,0.95,-0.5,0.55,0.8,0.06,0.03
8,PE_PB,-0.001216,0.05,0.3,0.4,0.7,0.65,0.8,0.85,0.0,0.5,0.0,0.12,0.03
6,PE_PB_FED,-0.00122,0.05,0.25,0.35,0.5,0.7,0.85,0.95,0.0,0.5,0.8,0.12,0.04
6,PB_FED,-0.001223,0.15,0.25,0.3,0.65,0.7,0.85,0.95,1.0,0.0,0.0,0.12,0.04
6,PE_only,-0.001224,0.05,0.25,0.35,0.55,0.7,0.75,0.85,0.0,0.0,0.0,0.06,0.03
6,PE_PB,-0.001233,0.1,0.15,0.35,0.55,0.7,0.8,0.9,0.0,0.55,0.0,0.1,0.04
6,PB_FED,-0.001237,0.1,0.15,0.35,0.6,0.7,0.85,0.9,1.0,0.0,0.0,0.12,0.04
6,PB_FED,-0.001241,0.2,0.3,0.35,0.65,0.65,0.8,0.95,1.0,0.0,0.0,0.12,0.03
6,PE_PB_FED,-0.001252,0.05,0.3,0.45,0.6,0.75,0.85,0.95,-0.5,0.55,0.7,0.06,0.05
6,PE_FED,-0.001253,0.1,0.15,0.45,0.5,0.65,0.85,0.9,-0.5,0.0,0.0,0.12,0.05
6,PB_FED,-0.001255,0.1,0.2,0.45,0.55,0.65,0.8,0.95,1.0,0.0,0.0,0.08,0.04
8,PE_PB_FED,-0.001258,0.15,0.3,0.35,0.55,0.7,0.75,0.85,0.5,0.55,0.8,0.12,0.05
6,PE_PB,-0.001259,0.1,0.2,0.4,0.55,0.65,0.75,0.9,0.0,0.55,0.0,0.12,0.04
6,PE_only,-0.00126,0.05,0.15,0.3,0.5,0.75,0.85,0.9,0.0,0.0,0.0,0.08,0.05
6,PE_only,-0.001267,0.05,0.25,0.3,0.55,0.75,0.85,0.9,0.0,0.0,0.0,0.1,0.05
8,PE_PB,-0.00127,0.1,0.3,0.4,0.55,0.65,0.75,0.85,0.0,0.55,0.0,0.08,0.04
8,PE_PB,-0.001276,0.05,0.25,0.4,0.55,0.7,0.75,0.85,0.0,0.5,0.0,0.12,0.03
8,PE_FED,-0.001286,0.15,0.2,0.45,0.65,0.7,0.75,0.85,1.0,0.0,0.0,0.12,0.05
6,PE_PB,-0.001287,0.15,0.25,0.35,0.7,0.75,0.8,0.85,0.0,0.6,0.0,0.1,0.05
6,PE_PB,-0.001288,0.1,0.2,0.45,0.6,0.65,0.75,0.9,0.0,0.5,0.0,0.06,0.03
6,PE_PB,-0.001288,0.15,0.25,0.35,0.5,0.65,0.85,0.95,0.0,0.65,0.0,0.08,0.03
6,PE_PB,-0.001291,0.2,0.25,0.4,0.5,0.7,0.8,0.95,0.0,0.6,0.0,0.08,0.04
6,PE_PB_FED,-0.001297,0.1,0.15,0.45,0.55,0.7,0.8,0.9,0.0,0.5,0.75,0.06,0.03
6,PE_PB,-0.001303,0.2,0.25,0.4,0.6,0.65,0.75,0.85,0.0,0.65,0.0,0.08,0.05
6,PB_FED,-0.001309,0.2,0.3,0.45,0.55,0.65,0.75,0.95,1.0,0.0,0.0,0.12,0.04
8,PE_PB,-0.001313,0.1,0.15,0.3,0.5,0.75,0.85,0.9,0.0,0.5,0.0,0.12,0.03
6,PE_PB_FED,-0.001317,0.2,0.25,0.35,0.6,0.7,0.85,0.9,-0.5,0.65,0.75,0.08,0.04
6,PE_only,-0.001321,0.2,0.25,0.4,0.55,0.75,0.85,0.9,0.0,0.0,0.0,0.12,0.04
6,PE_PB_FED,-0.001322,0.15,0.3,0.4,0.65,0.7,0.85,0.9,0.0,0.65,0.75,0.12,0.03
8,PE_PB_FED,-0.001324,0.1,0.3,0.4,0.7,0.7,0.85,0.9,0.5,0.5,0.7,0.06,0.04
8,PE_PB_FED,-0.001324,0.05,0.3,0.45,0.5,0.7,0.8,0.85,0.0,0.55,0.75,0.06,0.04
6,PE_only,-0.001326,0.1,0.3,0.45,0.5,0.7,0.75,0.9,0.0,0.0,0.0,0.06,0.04
8,PE_PB_FED,-0.001326,0.2,0.25,0.3,0.65,0.7,0.8,0.9,1.0,0.55,0.75,0.12,0.03
6,PE_PB,-0.001328,0.2,0.3,0.4,0.7,0.7,0.8,0.9,0.0,0.6,0.0,0.06,0.05
6,PE_PB_FED,-0.001328,0.05,0.15,0.3,0.55,0.65,0.8,0.9,-0.5,0.55,0.8,0.12,0.05
6,PB_FED,-0.001331,0.1,0.25,0.45,0.6,0.75,0.8,0.9,1.0,0.0,0.0,0.08,0.04
8,PE_PB,-0.001334,0.1,0.3,0.35,0.55,0.65,0.85,0.9,0.0,0.6,0.0,0.08,0.05
6,PE_PB_FED,-0.001338,0.15,0.25,0.4,0.5,0.65,0.85,0.95,0.0,0.5,0.75,0.06,0.03
6,PE_PB,-0.001339,0.15,0.2,0.35,0.55,0.7,0.75,0.9,0.0,0.5,0.0,0.1,0.03
6,PE_PB_FED,-0.001346,0.05,0.25,0.45,0.7,0.7,0.75,0.9,-0.5,0.5,0.75,0.08,0.04
6,PE_PB,-0.001347,0.15,0.25,0.35,0.65,0.75,0.85,0.9,0.0,0.6,0.0,0.12,0.03
6,PE_only,-0.001348,0.1,0.25,0.3,0.55,0.7,0.8,0.85,0.0,0.0,0.0,0.06,0.05
8,PE_PB_FED,-0.001348,0.05,0.25,0.45,0.5,0.75,0.8,0.9,1.0,0.55,0.75,0.08,0.04
6,PE_PB,-0.00135,0.1,0.2,0.45,0.55,0.65,0.8,0.9,0.0,0.65,0.0,0.12,0.03
6,PE_FED,-0.001356,0.1,0.15,0.35,0.65,0.75,0.85,0.95,0.5,0.0,0.0,0.08,0.04
6,PB_FED,-0.001356,0.15,0.3,0.4,0.65,0.75,0.8,0.9,1.0,0.0,0.0,0.12,0.03
6,PE_PB_FED,-0.001374,0.05,0.2,0.45,0.65,0.75,0.85,0.9,0.0,0.6,0.8,0.06,0.05
6,PE_only,-0.001379,0.15,0.2,0.3,0.5,0.65,0.85,0.9,0.0,0.0,0.0,0.06,0.04
6,PE_PB_FED,-0.00138,0.2,0.25,0.4,0.6,0.65,0.8,0.9,0.0,0.55,0.7,0.06,0.03
6,PE_only,-0.001391,0.15,0.3,0.35,0.55,0.65,0.85,0.9,0.0,0.0,0.0,0.12,0.04
6,PE_PB_FED,-0.001395,0.15,0.2,0.45,0.55,0.75,0.8,0.9,-0.5,0.6,0.75,0.06,0.04
8,PE_PB,-0.001398,0.05,0.2,0.35,0.55,0.7,0.8,0.85,0.0,0.5,0.0,0.12,0.05
6,PB_FED,-0.001402,0.05,0.25,0.3,0.6,0.7,0.8,0.9,1.0,0.0,0.0,0.08,0.05
6,PE_PB,-0.001404,0.15,0.2,0.3,0.6,0.7,0.8,0.85,0.0,0.6,0.0,0.08,0.04
6,PE_PB,-0.001406,0.1,0.2,0.3,0.5,0.7,0.85,0.95,0.0,0.55,0.0,0.08,0.03
6,PB_FED,-0.001406,0.05,0.25,0.45,0.5,0.65,0.8,0.95,0.5,0.0,0.0,0.1,0.04
6,PB_FED,-0.00141,0.1,0.2,0.4,0.7,0.75,0.85,0.9,1.0,0.0,0.0,0.1,0.03
8,PE_PB,-0.001411,0.15,0.3,0.4,0.7,0.75,0.85,0.9,0.0,0.5,0.0,0.08,0.05
6,PE_PB,-0.001413,0.05,0.25,0.4,0.55,0.7,0.75,0.9,0.0,0.6,0.0,0.1,0.04
8,PE_FED,-0.001413,0.05,0.15,0.45,0.55,0.7,0.8,0.85,1.0,0.0,0.0,0.08,0.04
8,PE_FED,-0.001419,0.05,0.3,0.4,0.5,0.75,0.8,0.85,0.5,0.0,0.0,0.1,0.05
6,PE_PB,-0.001421,0.05,0.25,0.35,0.5,0.75,0.85,0.95,0.0,0.65,0.0,0.1,0.03
8,PE_PB,-0.00143,0.1,0.25,0.4,0.5,0.75,0.8,0.85,0.0,0.65,0.0,0.1,0.04
6,PE_PB,-0.001431,0.1,0.25,0.35,0.65,0.75,0.85,0.95,0.0,0.5,0.0,0.12,0.04
6,PE_PB,-0.001431,0.1,0.25,0.35,0.65,0.7,0.85,0.95,0.0,0.5,0.0,0.08,0.04
6,PE_FED,-0.001432,0.1,0.25,0.45,0.5,0.7,0.75,0.85,0.0,0.0,0.0,0.06,0.05
6,PE_FED,-0.001432,0.1,0.25,0.45,0.5,0.7,0.75,0.85,0.0,0.0,0.0,0.08,0.05
6,PB_FED,-0.001435,0.1,0.3,0.4,0.5,0.75,0.8,0.9,0.5,0.0,0.0,0.1,0.04
8,PE_FED,-0.001436,0.1,0.25,0.3,0.7,0.7,0.85,0.9,1.0,0.0,0.0,0.06,0.04
6,PE_PB_FED,-0.001439,0.1,0.2,0.45,0.5,0.7,0.75,0.9,-0.5,0.6,0.7,0.1,0.04
8,PE_FED,-0.00144,0.1,0.15,0.4,0.55,0.7,0.8,0.85,1.0,0.0,0.0,0.12,0.04
8,PE_PB_FED,-0.001444,0.05,0.25,0.45,0.5,0.75,0.85,0.9,-0.5,0.55,0.8,0.1,0.03
6,PE_PB_FED,-0.001448,0.15,0.2,0.45,0.5,0.7,0.85,0.95,-0.5,0.55,0.75,0.08,0.05
6,PE_FED,-0.001449,0.1,0.15,0.45,0.5,0.65,0.75,0.95,0.5,0.0,0.0,0.1,0.03
6,PE_only,-0.00145,0.05,0.15,0.4,0.5,0.7,0.75,0.85,0.0,0.0,0.0,0.1,0.03
8,PE_PB_FED,-0.001451,0.05,0.3,0.4,0.5,0.7,0.8,0.9,1.0,0.65,0.75,0.06,0.04
6,PB_FED,-0.001452,0.1,0.3,0.45,0.5,0.65,0.75,0.85,0.5,0.0,0.0,0.12,0.05
6,PB_FED,-0.001452,0.2,0.25,0.45,0.7,0.75,0.8,0.95,1.0,0.0,0.0,0.12,0.05
8,PE_FED,-0.001456,0.1,0.2,0.45,0.55,0.65,0.75,0.85,1.0,0.0,0.0,0.08,0.05
8,PE_PB,-0.001466,0.1,0.15,0.45,0.5,0.7,0.75,0.85,0.0,0.5,0.0,0.06,0.05
8,PE_PB,-0.001475,0.05,0.3,0.45,0.7,0.65,0.75,0.85,0.0,0.5,0.0,0.12,0.05
8,PE_PB_FED,-0.001475,0.15,0.25,0.4,0.55,0.7,0.8,0.85,0.5,0.55,0.8,0.06,0.04
6,PE_FED,-0.00148,0.1,0.15,0.35,0.7,0.7,0.85,0.95,0.5,0.0,0.0,0.08,0.04
6,PB_FED,-0.00148,0.05,0.25,0.4,0.5,0.7,0.75,0.9,1.0,0.0,0.0,0.12,0.05
6,PE_PB_FED,-0.001483,0.1,0.3,0.35,0.55,0.7,0.75,0.9,-0.5,0.65,0.75,0.1,0.05
8,PE_PB_FED,-0.001484,0.2,0.3,0.45,0.7,0.7,0.8,0.85,0.5,0.6,0.75,0.06,0.03
6,PE_PB,-0.001486,0.1,0.3,0.45,0.65,0.65,0.8,0.95,0.0,0.5,0.0,0.1,0.05
6,PE_FED,-0.001486,0.1,0.2,0.3,0.7,0.75,0.8,0.95,0.5,0.0,0.0,0.12,0.04
6,PE_PB,-0.001498,0.1,0.15,0.35,0.5,0.75,0.8,0.95,0.0,0.5,0.0,0.12,0.03
6,PE_only,-0.0015,0.15,0.25,0.4,0.55,0.75,0.85,0.9,0.0,0.0,0.0,0.12,0.05
6,PB_FED,-0.001501,0.05,0.2,0.45,0.5,0.7,0.85,0.9,0.5,0.0,0.0,0.08,0.05
6,PE_PB_FED,-0.001505,0.1,0.2,0.35,0.5,0.7,0.75,0.9,-0.5,0.6,0.7,0.1,0.05
6,PE_only,-0.001506,0.2,0.25,0.35,0.5,0.75,0.8,0.9,0.0,0.0,0.0,0.1,0.03
6,PE_PB,-0.001509,0.05,0.25,0.35,0.5,0.7,0.85,0.95,0.0,0.65,0.0,0.1,0.05
8,PE_PB_FED,-0.001512,0.15,0.3,0.4,0.6,0.75,0.8,0.9,1.0,0.55,0.7,0.06,0.03
6,PE_FED,-0.001515,0.1,0.25,0.3,0.5,0.7,0.8,0.85,0.0,0.0,0.0,0.12,0.04
6,PE_PB,-0.001524,0.1,0.25,0.45,0.7,0.7,0.8,0.85,0.0,0.6,0.0,0.06,0.03
6,PE_PB_FED,-0.00153,0.1,0.25,0.35,0.65,0.7,0.8,0.9,0.0,0.5,0.8,0.08,0.03
6,PE_PB,-0.001532,0.05,0.25,0.35,0.65,0.7,0.85,0.95,0.0,0.5,0.0,0.12,0.05
6,PE_PB,-0.001536,0.1,0.15,0.35,0.7,0.65,0.8,0.85,0.0,0.55,0.0,0.12,0.03
6,PB_FED,-0.001536,0.15,0.3,0.45,0.55,0.7,0.85,0.95,0.5,0.0,0.0,0.12,0.05
6,PE_only,-0.001538,0.2,0.25,0.4,0.55,0.65,0.75,0.85,0.0,0.0,0.0,0.1,0.05
6,PE_PB_FED,-0.001542,0.05,0.2,0.35,0.5,0.65,0.75,0.9,-0.5,0.55,0.8,0.08,0.03
6,PB_FED,-0.001544,0.15,0.25,0.35,0.5,0.75,0.8,0.85,0.5,0.0,0.0,0.12,0.05
6,PE_PB,-0.001555,0.05,0.25,0.4,0.65,0.7,0.8,0.9,0.0,0.55,0.0,0.08,0.04
8,PE_PB,-0.001558,0.15,0.3,0.4,0.55,0.65,0.8,0.85,0.0,0.6,0.0,0.06,0.05
6,PB_FED,-0.001564,0.05,0.2,0.35,0.7,0.7,0.85,0.9,1.0,0.0,0.0,0.06,0.03
8,PE_PB,-0.001565,0.2,0.25,0.4,0.65,0.65,0.85,0.9,0.0,0.5,0.0,0.12,0.03
6,PE_PB_FED,-0.001573,0.15,0.3,0.35,0.5,0.7,0.75,0.9,0.0,0.65,0.7,0.08,0.05
6,PE_PB,-0.001577,0.2,0.3,0.45,0.65,0.65,0.75,0.95,0.0,0.5,0.0,0.06,0.04
6,PE_FED,-0.001578,0.15,0.25,0.4,0.5,0.75,0.85,0.9,0.0,0.0,0.0,0.12,0.05
6,PE_PB_FED,-0.001578,0.15,0.2,0.35,0.65,0.75,0.8,0.85,-0.5,0.6,0.75,0.08,0.03
8,PE_PB_FED,-0.001578,0.2,0.3,0.35,0.65,0.7,0.75,0.9,1.0,0.6,0.7,0.1,0.05
6,PB_FED,-0.001579,0.05,0.15,0.35,0.55,0.65,0.85,0.95,1.0,0.0,0.0,0.1,0.05
6,PB_FED,-0.001579,0.2,0.3,0.4,0.55,0.7,0.75,0.9,1.0,0.0,0.0,0.1,0.04
6,PE_only,-0.001583,0.1,0.15,0.4,0.5,0.75,0.85,0.9,0.0,0.0,0.0,0.06,0.03
6,PE_PB,-0.001583,0.1,0.2,0.35,0.6,0.7,0.75,0.9,0.0,0.5,0.0,0.1,0.05
6,PB_FED,-0.001587,0.1,0.15,0.35,0.5,0.7,0.8,0.9,1.0,0.0,0.0,0.1,0.05
8,PE_PB,-0.001587,0.15,0.25,0.45,0.5,0.75,0.85,0.9,0.0,0.65,0.0,0.12,0.03
6,PE_PB_FED,-0.001589,0.1,0.2,0.3,0.7,0.75,0.8,0.85,0.0,0.55,0.8,0.1,0.03
6,PE_only,-0.001596,0.1,0.2,0.3,0.5,0.7,0.75,0.85,0.0,0.0,0.0,0.06,0.05
6,PE_PB,-0.001597,0.15,0.3,0.35,0.55,0.7,0.75,0.9,0.0,0.65,0.0,0.1,0.03
6,PE_PB_FED,-0.001606,0.1,0.15,0.4,0.6,0.75,0.8,0.95,0.5,0.65,0.7,0.1,0.05
8,PE_FED,-0.001608,0.05,0.15,0.4,0.5,0.75,0.8,0.85,1.0,0.0,0.0,0.1,0.05
6,PE_only,-0.001614,0.15,0.3,0.35,0.55,0.7,0.75,0.85,0.0,0.0,0.0,0.1,0.04
6,PE_only,-0.001624,0.05,0.15,0.35,0.5,0.65,0.8,0.85,0.0,0.0,0.0,0.08,0.04
6,PE_PB_FED,-0.00163,0.05,0.15,0.45,0.6,0.65,0.85,0.9,0.0,0.55,0.8,0.08,0.04
8,PE_PB,-0.001633,0.1,0.25,0.45,0.5,0.65,0.8,0.9,0.0,0.5,0.0,0.06,0.04
8,PE_PB_FED,-0.001637,0.05,0.2,0.45,0.5,0.65,0.8,0.9,1.0,0.55,0.75,0.12,0.05
6,PB_FED,-0.001645,0.05,0.3,0.35,0.5,0.65,0.8,0.9,0.5,0.0,0.0,0.08,0.05
6,PE_PB_FED,-0.001646,0.05,0.25,0.35,0.6,0.7,0.75,0.85,0.0,0.6,0.75,0.12,0.03
6,PB_FED,-0.001647,0.1,0.25,0.35,0.65,0.65,0.85,0.9,1.0,0.0,0.0,0.1,0.03
6,PE_FED,-0.001652,0.2,0.3,0.35,0.5,0.65,0.8,0.9,-0.5,0.0,0.0,0.12,0.04
8,PE_PB,-0.001652,0.2,0.25,0.35,0.6,0.65,0.75,0.85,0.0,0.5,0.0,0.06,0.05
6,PE_PB,-0.001661,0.15,0.2,0.35,0.6,0.7,0.75,0.9,0.0,0.5,0.0,0.1,0.05
8,PE_PB_FED,-0.001665,0.05,0.25,0.45,0.6,0.75,0.85,0.9,0.5,0.55,0.7,0.06,0.03
6,PE_PB_FED,-0.001668,0.1,0.2,0.3,0.65,0.65,0.75,0.85,-0.5,0.55,0.7,0.1,0.05
6,PE_PB,-0.001673,0.05,0.2,0.4,0.5,0.7,0.75,0.9,0.0,0.65,0.0,0.08,0.03
6,PE_only,-0.001676,0.15,0.25,0.4,0.5,0.75,0.8,0.9,0.0,0.0,0.0,0.06,0.05
6,PE_only,-0.001676,0.15,0.25,0.4,0.55,0.7,0.8,0.85,0.0,0.0,0.0,0.1,0.04
6,PB_FED,-0.001676,0.1,0.25,0.35,0.65,0.75,0.85,0.95,1.0,0.0,0.0,0.06,0.04
6,PE_PB,-0.001683,0.05,0.3,0.45,0.6,0.65,0.8,0.9,0.0,0.6,0.0,0.08,0.03
6,PE_PB,-0.001686,0.15,0.3,0.4,0.5,0.75,0.8,0.95,0.0,0.6,0.0,0.08,0.05
6,PE_PB,-0.001687,0.15,0.3,0.35,0.7,0.7,0.75,0.9,0.0,0.55,0.0,0.1,0.05
6,PE_PB,-0.001687,0.15,0.3,0.35,0.7,0.7,0.75,0.9,0.0,0.55,0.0,0.08,0.05
6,PE_PB_FED,-0.001691,0.1,0.2,0.45,0.7,0.7,0.85,0.9,0.0,0.55,0.75,0.08,0.03
6,PE_PB,-0.001692,0.2,0.25,0.4,0.7,0.75,0.85,0.95,0.0,0.5,0.0,0.1,0.03
6,PE_PB_FED,-0.001695,0.2,0.25,0.45,0.55,0.65,0.8,0.9,0.0,0.6,0.8,0.06,0.03
6,PE_PB,-0.0017,0.1,0.15,0.45,0.5,0.7,0.75,0.95,0.0,0.5,0.0,0.06,0.04
6,PE_PB_FED,-0.001702,0.1,0.25,0.3,0.6,0.75,0.8,0.85,-0.5,0.65,0.7,0.06,0.03
6,PE_only,-0.001704,0.2,0.25,0.45,0.5,0.65,0.75,0.9,0.0,0.0,0.0,0.08,0.05
6,PE_PB_FED,-0.001713,0.05,0.25,0.35,0.5,0.75,0.8,0.9,0.0,0.65,0.7,0.08,0.04
8,PE_PB,-0.001714,0.2,0.25,0.45,0.55,0.65,0.8,0.9,0.0,0.5,0.0,0.12,0.05
6,PE_only,-0.001723,0.05,0.15,0.3,0.5,0.75,0.8,0.85,0.0,0.0,0.0,0.12,0.03
6,PE_PB_FED,-0.001728,0.05,0.15,0.4,0.6,0.75,0.85,0.9,-0.5,0.55,0.8,0.12,0.04
6,PE_PB_FED,-0.001733,0.2,0.25,0.3,0.65,0.75,0.85,0.9,0.0,0.6,0.75,0.1,0.03
8,PE_PB_FED,-0.001736,0.15,0.25,0.45,0.5,0.75,0.8,0.9,1.0,0.55,0.8,0.12,0.04
6,PE_only,-0.001737,0.1,0.3,0.4,0.55,0.75,0.85,0.9,0.0,0.0,0.0,0.1,0.04
8,PE_PB_FED,-0.001737,0.05,0.3,0.45,0.7,0.7,0.75,0.85,0.5,0.5,0.7,0.1,0.04
8,PE_PB,-0.00174,0.15,0.3,0.45,0.55,0.65,0.75,0.85,0.0,0.55,0.0,0.08,0.03
8,PE_PB,-0.001742,0.15,0.3,0.4,0.55,0.75,0.8,0.9,0.0,0.5,0.0,0.1,0.05
6,PE_only,-0.001746,0.15,0.3,0.35,0.55,0.65,0.75,0.85,0.0,0.0,0.0,0.06,0.05
6,PE_PB,-0.001752,0.2,0.3,0.4,0.6,0.65,0.8,0.95,0.0,0.5,0.0,0.12,0.04
8,PE_FED,-0.001754,0.05,0.15,0.45,0.5,0.7,0.8,0.85,1.0,0.0,0.0,0.06,0.05
6,PE_PB_FED,-0.001757,0.15,0.3,0.4,0.55,0.75,0.8,0.9,0.0,0.6,0.7,0.12,0.04
8,PE_FED,-0.001764,0.15,0.2,0.35,0.55,0.65,0.75,0.85,1.0,0.0,0.0,0.08,0.04
6,PE_PB,-0.001765,0.05,0.15,0.45,0.6,0.7,0.8,0.9,0.0,0.55,0.0,0.12,0.05
6,PB_FED,-0.001765,0.1,0.25,0.3,0.7,0.65,0.85,0.95,1.0,0.0,0.0,0.08,0.04
8,PE_PB_FED,-0.001765,0.05,0.15,0.45,0.6,0.7,0.8,0.85,1.0,0.65,0.7,0.06,0.05
6,PE_PB,-0.001768,0.15,0.25,0.4,0.65,0.75,0.85,0.95,0.0,0.5,0.0,0.1,0.05
6,PE_PB,-0.001768,0.05,0.3,0.45,0.5,0.65,0.75,0.95,0.0,0.6,0.0,0.08,0.04
6,PE_only,-0.001769,0.15,0.3,0.35,0.5,0.65,0.8,0.9,0.0,0.0,0.0,0.08,0.04
6,PE_PB,-0.00177,0.1,0.15,0.45,0.7,0.75,0.8,0.9,0.0,0.5,0.0,0.06,0.04
8,PE_PB,-0.001771,0.1,0.2,0.45,0.55,0.65,0.8,0.85,0.0,0.5,0.0,0.1,0.04
8,PE_PB,-0.001776,0.1,0.3,0.45,0.6,0.65,0.8,0.85,0.0,0.55,0.0,0.1,0.03
6,PE_PB_FED,-0.001778,0.1,0.15,0.4,0.5,0.7,0.75,0.95,0.5,0.65,0.75,0.06,0.04
6,PE_only,-0.00178,0.1,0.2,0.3,0.5,0.7,0.75,0.85,0.0,0.0,0.0,0.12,0.03
6,PB_FED,-0.001786,0.1,0.3,0.4,0.55,0.7,0.75,0.85,1.0,0.0,0.0,0.1,0.03
6,PE_FED,-0.001797,0.15,0.2,0.35,0.5,0.75,0.8,0.85,-0.5,0.0,0.0,0.08,0.04
6,PE_PB,-0.0018,0.2,0.3,0.35,0.65,0.65,0.8,0.95,0.0,0.5,0.0,0.1,0.05
6,PE_only,-0.001802,0.2,0.25,0.35,0.55,0.75,0.85,0.9,0.0,0.0,0.0,0.1,0.03
6,PB_FED,-0.001806,0.05,0.15,0.4,0.5,0.65,0.8,0.95,1.0,0.0,0.0,0.06,0.04
6,PE_only,-0.001816,0.1,0.15,0.45,0.5,0.7,0.75,0.85,0.0,0.0,0.0,0.12,0.04
6,PE_FED,-0.001825,0.1,0.2,0.35,0.7,0.65,0.8,0.95,0.5,0.0,0.0,0.08,0.04
8,PE_PB_FED,-0.001829,0.15,0.25,0.4,0.65,0.7,0.85,0.9,0.5,0.5,0.7,0.08,0.05
6,PE_FED,-0.001832,0.05,0.2,0.35,0.7,0.65,0.75,0.95,0.5,0.0,0.0,0.1,0.03
6,PE_PB_FED,-0.001833,0.1,0.15,0.4,0.5,0.75,0.8,0.9,-0.5,0.65,0.75,0.08,0.05
6,PB_FED,-0.001834,0.15,0.25,0.3,0.55,0.7,0.75,0.85,1.0,0.0,0.0,0.12,0.05
8,PE_FED,-0.001846,0.1,0.2,0.4,0.7,0.75,0.8,0.85,1.0,0.0,0.0,0.08,0.03
6,PE_PB,-0.001849,0.15,0.2,0.4,0.55,0.75,0.85,0.95,0.0,0.5,0.0,0.08,0.05
6,PE_PB,-0.001853,0.1,0.25,0.35,0.6,0.65,0.8,0.9,0.0,0.55,0.0,0.08,0.04
6,PE_PB,-0.001856,0.1,0.15,0.3,0.7,0.65,0.8,0.9,0.0,0.5,0.0,0.08,0.05
8,PE_FED,-0.001862,0.15,0.25,0.3,0.7,0.75,0.85,0.9,1.0,0.0,0.0,0.1,0.04
6,PE_FED,-0.001867,0.1,0.3,0.45,0.55,0.65,0.75,0.85,-0.5,0.0,0.0,0.1,0.03
8,PE_FED,-0.001873,0.2,0.3,0.4,0.55,0.75,0.8,0.9,1.0,0.0,0.0,0.1,0.04
8,PE_PB_FED,-0.001876,0.1,0.15,0.45,0.5,0.7,0.85,0.9,1.0,0.65,0.8,0.06,0.03
6,PE_PB_FED,-0.001877,0.05,0.15,0.3,0.5,0.75,0.85,0.9,0.0,0.6,0.8,0.12,0.04
6,PE_PB_FED,-0.001883,0.05,0.3,0.4,0.5,0.7,0.8,0.95,-0.5,0.55,0.8,0.1,0.05
6,PE_only,-0.001886,0.15,0.2,0.35,0.5,0.65,0.75,0.85,0.0,0.0,0.0,0.1,0.05
6,PE_PB_FED,-0.001893,0.05,0.25,0.35,0.5,0.7,0.75,0.9,0.0,0.55,0.8,0.1,0.05
6,PE_only,-0.001897,0.1,0.2,0.45,0.55,0.7,0.8,0.85,0.0,0.0,0.0,0.08,0.03
6,PE_PB,-0.001901,0.05,0.2,0.45,0.55,0.7,0.75,0.9,0.0,0.5,0.0,0.08,0.03
6,PE_PB_FED,-0.001904,0.1,0.25,0.45,0.6,0.7,0.75,0.85,0.0,0.6,0.8,0.06,0.05
6,PE_PB,-0.001909,0.15,0.2,0.45,0.65,0.7,0.75,0.9,0.0,0.5,0.0,0.12,0.03
6,PE_only,-0.001917,0.15,0.25,0.4,0.55,0.75,0.8,0.85,0.0,0.0,0.0,0.06,0.03
6,PE_only,-0.001917,0.15,0.25,0.4,0.55,0.75,0.8,0.85,0.0,0.0,0.0,0.12,0.03
6,PE_PB_FED,-0.001921,0.15,0.25,0.4,0.55,0.75,0.8,0.9,-0.5,0.65,0.8,0.1,0.05
6,PE_PB_FED,-0.00193,0.1,0.3,0.4,0.65,0.65,0.75,0.85,0.0,0.6,0.75,0.1,0.05
6,PE_only,-0.001931,0.15,0.25,0.45,0.55,0.65,0.85,0.9,0.0,0.0,0.0,0.08,0.03
6,PE_PB,-0.001933,0.2,0.25,0.3,0.7,0.7,0.8,0.85,0.0,0.6,0.0,0.12,0.05
6,PE_PB,-0.001935,0.05,0.2,0.45,0.5,0.7,0.85,0.95,0.0,0.6,0.0,0.1,0.04
6,PE_only,-0.001937,0.05,0.15,0.45,0.5,0.7,0.85,0.9,0.0,0.0,0.0,0.1,0.04
6,PE_PB,-0.001938,0.15,0.3,0.45,0.55,0.65,0.85,0.95,0.0,0.6,0.0,0.08,0.03
6,PE_PB_FED,-0.001945,0.1,0.25,0.35,0.65,0.75,0.8,0.85,0.0,0.6,0.75,0.06,0.04
8,PE_PB,-0.001948,0.2,0.3,0.35,0.55,0.65,0.85,0.9,0.0,0.6,0.0,0.08,0.03
8,PE_PB,-0.001951,0.1,0.3,0.45,0.65,0.7,0.75,0.85,0.0,0.5,0.0,0.1,0.03
6,PE_only,-0.001952,0.1,0.15,0.45,0.5,0.65,0.75,0.85,0.0,0.0,0.0,0.06,0.03
8,PE_FED,-0.001953,0.05,0.2,0.45,0.55,0.75,0.85,0.9,1.0,0.0,0.0,0.1,0.04
8,PE_FED,-0.001959,0.05,0.2,0.4,0.7,0.7,0.85,0.9,1.0,0.0,0.0,0.06,0.05
6,PE_PB,-0.00196,0.15,0.25,0.45,0.65,0.65,0.8,0.85,0.0,0.6,0.0,0.08,0.03
6,PE_PB_FED,-0.001963,0.1,0.3,0.45,0.5,0.7,0.85,0.95,0.0,0.55,0.8,0.1,0.03
6,PE_PB_FED,-0.001965,0.05,0.3,0.4,0.65,0.7,0.85,0.9,-0.5,0.65,0.8,0.1,0.05
6,PE_PB,-0.001967,0.1,0.2,0.35,0.5,0.7,0.75,0.9,0.0,0.6,0.0,0.12,0.04
6,PE_PB,-0.001978,0.05,0.25,0.35,0.6,0.75,0.8,0.9,0.0,0.55,0.0,0.06,0.04
6,PE_PB,-0.001989,0.05,0.2,0.45,0.5,0.65,0.85,0.95,0.0,0.6,0.0,0.1,0.03
6,PE_FED,-0.001992,0.05,0.2,0.35,0.5,0.65,0.8,0.85,-0.5,0.0,0.0,0.06,0.03
6,PE_PB,-0.002003,0.15,0.3,0.45,0.6,0.65,0.85,0.9,0.0,0.65,0.0,0.08,0.04
6,PE_PB,-0.002004,0.15,0.25,0.4,0.6,0.7,0.85,0.95,0.0,0.5,0.0,0.08,0.05
6,PE_only,-0.002008,0.1,0.15,0.45,0.5,0.65,0.75,0.85,0.0,0.0,0.0,0.1,0.05
6,PE_PB,-0.002012,0.15,0.2,0.4,0.6,0.65,0.8,0.85,0.0,0.6,0.0,0.08,0.05
8,PE_PB_FED,-0.002012,0.2,0.3,0.45,0.5,0.7,0.85,0.9,-0.5,0.65,0.75,0.1,0.05
8,PE_FED,-0.002017,0.15,0.25,0.4,0.7,0.65,0.85,0.9,1.0,0.0,0.0,0.08,0.04
6,PE_PB,-0.002018,0.1,0.15,0.3,0.55,0.7,0.85,0.9,0.0,0.65,0.0,0.1,0.03
6,PE_FED,-0.002018,0.2,0.3,0.35,0.55,0.65,0.85,0.9,-0.5,0.0,0.0,0.08,0.03
6,PB_FED,-0.002018,0.05,0.2,0.3,0.55,0.75,0.85,0.95,1.0,0.0,0.0,0.1,0.04
6,PE_PB,-0.002021,0.15,0.25,0.45,0.65,0.65,0.8,0.9,0.0,0.55,0.0,0.08,0.03
6,PE_PB,-0.002022,0.1,0.2,0.4,0.5,0.7,0.85,0.95,0.0,0.55,0.0,0.06,0.05
6,PE_PB,-0.002023,0.15,0.25,0.35,0.5,0.7,0.85,0.95,0.0,0.6,0.0,0.06,0.04
6,PE_only,-0.002029,0.15,0.3,0.35,0.55,0.7,0.75,0.85,0.0,0.0,0.0,0.06,0.03
6,PE_FED,-0.002031,0.2,0.25,0.45,0.5,0.65,0.75,0.85,0.0,0.0,0.0,0.06,0.03
6,PE_PB,-0.002037,0.1,0.2,0.3,0.65,0.65,0.75,0.85,0.0,0.55,0.0,0.06,0.03
6,PE_PB_FED,-0.00204,0.05,0.2,0.35,0.6,0.7,0.85,0.9,-0.5,0.6,0.7,0.06,0.05
6,PB_FED,-0.002041,0.15,0.25,0.45,0.65,0.65,0.8,0.85,1.0,0.0,0.0,0.08,0.04
6,PB_FED,-0.002043,0.2,0.25,0.4,0.7,0.65,0.8,0.9,1.0,0.0,0.0,0.06,0.05
6,PB_FED,-0.002043,0.15,0.2,0.3,0.5,0.75,0.85,0.95,1.0,0.0,0.0,0.12,0.03
6,PE_PB,-0.002044,0.1,0.2,0.45,0.5,0.65,0.75,0.9,0.0,0.65,0.0,0.06,0.04
6,PE_FED,-0.002044,0.1,0.15,0.35,0.6,0.65,0.85,0.95,0.5,0.0,0.0,0.08,0.04
6,PE_PB,-0.002047,0.1,0.15,0.35,0.65,0.65,0.85,0.9,0.0,0.55,0.0,0.06,0.03
8,PE_PB,-0.002048,0.2,0.25,0.3,0.5,0.75,0.8,0.85,0.0,0.65,0.0,0.12,0.03
6,PE_PB_FED,-0.002049,0.15,0.3,0.4,0.6,0.65,0.75,0.9,0.0,0.5,0.8,0.06,0.04
6,PE_only,-0.00205,0.2,0.25,0.3,0.55,0.7,0.8,0.85,0.0,0.0,0.0,0.08,0.04
6,PE_only,-0.00205,0.2,0.25,0.3,0.55,0.7,0.8,0.85,0.0,0.0,0.0,0.1,0.04
6,PE_PB_FED,-0.002052,0.2,0.3,0.4,0.65,0.7,0.8,0.9,0.0,0.55,0.8,0.1,0.03
6,PE_only,-0.002058,0.1,0.15,0.4,0.5,0.7,0.8,0.85,0.0,0.0,0.0,0.12,0.04
6,PE_PB,-0.002058,0.1,0.3,0.4,0.65,0.65,0.75,0.85,0.0,0.6,0.0,0.12,0.04
6,PE_PB,-0.002065,0.15,0.3,0.45,0.5,0.7,0.8,0.95,0.0,0.6,0.0,0.06,0.04
8,PE_PB,-0.002069,0.15,0.3,0.45,0.65,0.65,0.75,0.85,0.0,0.5,0.0,0.06,0.05
8,PE_PB_FED,-0.002072,0.2,0.3,0.4,0.65,0.7,0.8,0.85,0.5,0.6,0.7,0.12,0.05
6,PE_FED,-0.002073,0.15,0.3,0.45,0.55,0.75,0.8,0.85,0.0,0.0,0.0,0.12,0.05
6,PE_PB,-0.002077,0.05,0.2,0.4,0.5,0.7,0.85,0.95,0.0,0.55,0.0,0.1,0.05
6,PE_PB,-0.002077,0.05,0.2,0.4,0.5,0.7,0.85,0.95,0.0,0.55,0.0,0.12,0.05
8,PE_PB_FED,-0.002085,0.1,0.15,0.3,0.65,0.65,0.8,0.85,1.0,0.6,0.8,0.06,0.04
6,PE_PB,-0.002086,0.1,0.2,0.3,0.65,0.75,0.85,0.9,0.0,0.55,0.0,0.1,0.04
6,PE_PB,-0.002094,0.15,0.25,0.45,0.6,0.65,0.75,0.85,0.0,0.6,0.0,0.08,0.03
8,PE_PB,-0.002101,0.05,0.2,0.45,0.5,0.7,0.8,0.85,0.0,0.6,0.0,0.1,0.04
6,PE_PB_FED,-0.002103,0.2,0.25,0.35,0.5,0.75,0.8,0.95,-0.5,0.5,0.75,0.08,0.05
6,PE_FED,-0.002116,0.15,0.25,0.3,0.7,0.65,0.75,0.95,0.5,0.0,0.0,0.1,0.03
6,PE_PB_FED,-0.002122,0.15,0.2,0.45,0.7,0.7,0.75,0.85,-0.5,0.55,0.8,0.12,0.05
6,PE_PB,-0.00213,0.05,0.2,0.35,0.65,0.7,0.75,0.9,0.0,0.5,0.0,0.08,0.05
6,PE_PB,-0.002132,0.05,0.2,0.4,0.6,0.7,0.8,0.85,0.0,0.6,0.0,0.06,0.05
6,PE_PB,-0.002133,0.2,0.25,0.4,0.65,0.65,0.75,0.9,0.0,0.55,0.0,0.08,0.05
8,PE_PB,-0.00214,0.2,0.3,0.4,0.55,0.65,0.8,0.85,0.0,0.6,0.0,0.1,0.03
6,PE_PB,-0.002144,0.05,0.25,0.45,0.55,0.65,0.75,0.9,0.0,0.6,0.0,0.06,0.03
6,PE_PB,-0.00215,0.2,0.25,0.4,0.65,0.75,0.8,0.9,0.0,0.55,0.0,0.1,0.03
6,PE_only,-0.002151,0.05,0.2,0.4,0.5,0.7,0.75,0.85,0.0,0.0,0.0,0.1,0.04
8,PE_PB_FED,-0.002154,0.15,0.25,0.4,0.5,0.75,0.85,0.9,-0.5,0.5,0.75,0.06,0.05
6,PE_PB_FED,-0.002158,0.1,0.15,0.4,0.7,0.7,0.75,0.95,0.5,0.55,0.8,0.06,0.04
6,PB_FED,-0.002161,0.1,0.25,0.45,0.6,0.75,0.8,0.85,1.0,0.0,0.0,0.1,0.03
6,PE_PB_FED,-0.002165,0.15,0.2,0.3,0.65,0.7,0.8,0.85,0.0,0.55,0.75,0.08,0.05
6,PE_PB_FED,-0.00217,0.05,0.3,0.35,0.6,0.7,0.75,0.9,0.0,0.5,0.8,0.12,0.03
8,PE_PB,-0.002185,0.1,0.3,0.45,0.55,0.7,0.75,0.85,0.0,0.55,0.0,0.08,0.04
6,PB_FED,-0.002189,0.15,0.3,0.4,0.5,0.75,0.8,0.85,0.5,0.0,0.0,0.12,0.04
6,PE_PB,-0.002193,0.05,0.2,0.3,0.6,0.75,0.8,0.9,0.0,0.5,0.0,0.1,0.04
6,PE_only,-0.002199,0.2,0.3,0.4,0.5,0.7,0.75,0.9,0.0,0.0,0.0,0.08,0.05
6,PE_only,-0.002199,0.2,0.3,0.4,0.5,0.7,0.75,0.9,0.0,0.0,0.0,0.06,0.05
6,PE_PB,-0.002201,0.15,0.2,0.45,0.55,0.65,0.85,0.95,0.0,0.5,0.0,0.1,0.04
6,PB_FED,-0.002201,0.05,0.2,0.3,0.7,0.7,0.85,0.9,1.0,0.0,0.0,0.12,0.04
8,PE_FED,-0.002204,0.15,0.3,0.4,0.5,0.75,0.8,0.9,1.0,0.0,0.0,0.08,0.05
6,PE_PB,-0.002205,0.05,0.2,0.35,0.7,0.65,0.75,0.85,0.0,0.55,0.0,0.06,0.05
6,PE_only,-0.002207,0.2,0.3,0.35,0.55,0.65,0.85,0.9,0.0,0.0,0.0,0.06,0.04
6,PE_PB,-0.002222,0.1,0.15,0.45,0.5,0.7,0.8,0.95,0.0,0.5,0.0,0.12,0.03
6,PE_PB,-0.002222,0.1,0.15,0.45,0.5,0.7,0.8,0.95,0.0,0.5,0.0,0.06,0.03
6,PB_FED,-0.002222,0.05,0.25,0.4,0.5,0.75,0.8,0.85,0.5,0.0,0.0,0.12,0.05
8,PE_PB_FED,-0.002224,0.2,0.3,0.4,0.5,0.7,0.75,0.85,0.5,0.6,0.75,0.06,0.03
6,PE_PB,-0.002225,0.1,0.25,0.4,0.65,0.7,0.75,0.9,0.0,0.5,0.0,0.06,0.03
6,PE_PB,-0.002227,0.2,0.3,0.35,0.55,0.65,0.85,0.95,0.0,0.6,0.0,0.12,0.04
8,PE_PB_FED,-0.002229,0.1,0.3,0.4,0.55,0.7,0.75,0.85,0.5,0.5,0.7,0.1,0.04
6,PE_PB,-0.00223,0.2,0.3,0.45,0.55,0.75,0.8,0.95,0.0,0.5,0.0,0.1,0.03
6,PE_PB,-0.002233,0.15,0.25,0.4,0.55,0.65,0.75,0.9,0.0,0.55,0.0,0.06,0.04
6,PE_only,-0.002234,0.1,0.3,0.45,0.5,0.7,0.75,0.9,0.0,0.0,0.0,0.12,0.05
6,PE_only,-0.002236,0.1,0.15,0.4,0.5,0.65,0.8,0.85,0.0,0.0,0.0,0.08,0.05
6,PE_FED,-0.002239,0.05,0.3,0.45,0.5,0.65,0.8,0.9,-0.5,0.0,0.0,0.08,0.04
6,PE_only,-0.002248,0.2,0.25,0.4,0.55,0.65,0.8,0.85,0.0,0.0,0.0,0.06,0.04
6,PE_FED,-0.002256,0.1,0.25,0.35,0.65,0.65,0.75,0.95,0.5,0.0,0.0,0.06,0.03
6,PE_PB_FED,-0.002257,0.15,0.2,0.4,0.7,0.75,0.8,0.85,0.0,0.55,0.7,0.06,0.05
6,PE_PB,-0.002258,0.2,0.25,0.4,0.7,0.75,0.8,0.85,0.0,0.6,0.0,0.06,0.05
6,PE_FED,-0.002261,0.15,0.3,0.45,0.55,0.65,0.85,0.9,-0.5,0.0,0.0,0.08,0.05
6,PE_PB,-0.002281,0.15,0.25,0.3,0.5,0.65,0.75,0.95,0.0,0.5,0.0,0.06,0.03
8,PE_PB,-0.002283,0.05,0.25,0.4,0.55,0.7,0.85,0.9,0.0,0.5,0.0,0.06,0.03
8,PE_PB_FED,-0.002285,0.1,0.15,0.35,0.7,0.65,0.8,0.85,1.0,0.55,0.75,0.08,0.05
6,PB_FED,-0.002289,0.15,0.25,0.45,0.5,0.7,0.85,0.95,0.5,0.0,0.0,0.1,0.05
6,PE_PB,-0.002301,0.1,0.2,0.3,0.65,0.7,0.8,0.9,0.0,0.5,0.0,0.08,0.04
8,PE_PB_FED,-0.002306,0.2,0.25,0.35,0.5,0.7,0.8,0.85,-0.5,0.55,0.75,0.12,0.03
6,PE_PB_FED,-0.002313,0.05,0.2,0.35,0.7,0.65,0.75,0.85,0.0,0.5,0.75,0.1,0.05
6,PE_PB_FED,-0.002314,0.05,0.2,0.35,0.6,0.65,0.8,0.85,-0.5,0.6,0.75,0.06,0.03
8,PE_FED,-0.002316,0.05,0.25,0.4,0.65,0.7,0.75,0.85,1.0,0.0,0.0,0.06,0.04
6,PB_FED,-0.002317,0.05,0.3,0.35,0.7,0.7,0.8,0.95,1.0,0.0,0.0,0.06,0.05
6,PE_PB,-0.002319,0.1,0.3,0.4,0.7,0.7,0.85,0.95,0.0,0.5,0.0,0.1,0.05
6,PE_PB,-0.002319,0.05,0.25,0.35,0.65,0.75,0.8,0.9,0.0,0.55,0.0,0.12,0.05
6,PE_PB,-0.00232,0.1,0.2,0.3,0.55,0.65,0.75,0.85,0.0,0.65,0.0,0.08,0.03
6,PE_PB,-0.002322,0.1,0.2,0.3,0.7,0.7,0.85,0.9,0.0,0.55,0.0,0.08,0.05
8,PE_FED,-0.002323,0.1,0.2,0.45,0.6,0.7,0.85,0.9,1.0,0.0,0.0,0.06,0.03
6,PE_PB,-0.002327,0.2,0.25,0.45,0.7,0.65,0.75,0.9,0.0,0.55,0.0,0.12,0.05
8,PE_FED,-0.00233,0.1,0.2,0.4,0.7,0.75,0.8,0.85,1.0,0.0,0.0,0.12,0.05
6,PE_PB,-0.002339,0.05,0.25,0.45,0.65,0.7,0.85,0.9,0.0,0.6,0.0,0.06,0.03
6,PE_PB,-0.00234,0.15,0.2,0.45,0.55,0.7,0.85,0.95,0.0,0.5,0.0,0.1,0.05
6,PE_PB,-0.002343,0.1,0.15,0.45,0.5,0.7,0.8,0.9,0.0,0.65,0.0,0.08,0.04
6,PE_PB,-0.002346,0.2,0.25,0.3,0.6,0.65,0.85,0.9,0.0,0.6,0.0,0.06,0.04
6,PE_FED,-0.002349,0.1,0.2,0.3,0.55,0.7,0.75,0.95,0.5,0.0,0.0,0.12,0.04
6,PE_FED,-0.002352,0.2,0.25,0.4,0.5,0.65,0.85,0.9,-0.5,0.0,0.0,0.08,0.04
6,PE_FED,-0.002352,0.05,0.25,0.35,0.5,0.75,0.85,0.9,-0.5,0.0,0.0,0.06,0.03
6,PE_PB,-0.002353,0.05,0.25,0.4,0.55,0.7,0.75,0.9,0.0,0.5,0.0,0.08,0.04
6,PB_FED,-0.002356,0.05,0.15,0.4,0.7,0.75,0.85,0.9,1.0,0.0,0.0,0.06,0.05
8,PE_PB_FED,-0.00236,0.1,0.2,0.45,0.55,0.65,0.75,0.85,1.0,0.6,0.8,0.08,0.03
6,PE_only,-0.002364,0.2,0.25,0.45,0.5,0.65,0.8,0.9,0.0,0.0,0.0,0.08,0.03
8,PE_PB_FED,-0.002366,0.2,0.3,0.45,0.6,0.65,0.85,0.9,-0.5,0.5,0.7,0.08,0.05
6,PE_PB,-0.002372,0.05,0.25,0.45,0.6,0.65,0.85,0.95,0.0,0.5,0.0,0.08,0.05
6,PE_PB_FED,-0.002373,0.2,0.25,0.35,0.6,0.75,0.8,0.85,0.0,0.65,0.7,0.1,0.04
6,PE_PB_FED,-0.002379,0.2,0.3,0.4,0.6,0.7,0.8,0.9,-0.5,0.6,0.7,0.1,0.03
6,PE_PB,-0.002384,0.15,0.25,0.4,0.65,0.65,0.8,0.9,0.0,0.55,0.0,0.06,0.05
8,PE_PB_FED,-0.002386,0.1,0.3,0.45,0.65,0.7,0.85,0.9,0.5,0.55,0.75,0.06,0.03
6,PE_FED,-0.002388,0.05,0.25,0.35,0.5,0.7,0.8,0.85,0.0,0.0,0.0,0.12,0.05
6,PE_only,-0.002389,0.15,0.25,0.45,0.5,0.7,0.8,0.9,0.0,0.0,0.0,0.06,0.05
6,PE_FED,-0.002393,0.05,0.15,0.35,0.7,0.75,0.85,0.95,0.5,0.0,0.0,0.08,0.03
8,PE_PB,-0.002401,0.15,0.3,0.45,0.65,0.75,0.85,0.9,0.0,0.5,0.0,0.12,0.03
6,PB_FED,-0.002402,0.15,0.25,0.3,0.5,0.7,0.8,0.95,1.0,0.0,0.0,0.08,0.04
6,PE_PB,-0.002409,0.2,0.3,0.4,0.55,0.75,0.8,0.95,0.0,0.5,0.0,0.12,0.04
6,PE_only,-0.002414,0.15,0.25,0.45,0.55,0.7,0.8,0.85,0.0,0.0,0.0,0.1,0.05
6,PE_only,-0.002414,0.15,0.25,0.45,0.55,0.65,0.8,0.85,0.0,0.0,0.0,0.08,0.05
8,PE_PB,-0.002417,0.05,0.25,0.45,0.6,0.7,0.85,0.9,0.0,0.5,0.0,0.06,0.05
8,PE_PB,-0.002419,0.05,0.3,0.45,0.55,0.7,0.8,0.85,0.0,0.6,0.0,0.06,0.05
6,PE_only,-0.00242,0.1,0.3,0.45,0.55,0.7,0.85,0.9,0.0,0.0,0.0,0.1,0.04
8,PE_PB,-0.002422,0.05,0.25,0.45,0.6,0.65,0.85,0.9,0.0,0.5,0.0,0.12,0.05
6,PE_PB_FED,-0.002424,0.15,0.2,0.35,0.65,0.75,0.8,0.85,0.0,0.55,0.8,0.12,0.03
8,PE_PB_FED,-0.002425,0.15,0.3,0.45,0.5,0.75,0.8,0.9,1.0,0.55,0.8,0.08,0.03
6,PB_FED,-0.002427,0.2,0.25,0.45,0.6,0.7,0.8,0.9,1.0,0.0,0.0,0.1,0.04
8,PE_PB_FED,-0.002428,0.2,0.3,0.45,0.65,0.7,0.85,0.9,0.5,0.6,0.75,0.1,0.05
6,PE_PB_FED,-0.00243,0.15,0.3,0.4,0.5,0.7,0.75,0.9,0.0,0.6,0.7,0.12,0.05
8,PE_PB,-0.002432,0.1,0.3,0.45,0.5,0.7,0.75,0.9,0.0,0.5,0.0,0.08,0.05
6,PE_PB,-0.002436,0.15,0.25,0.45,0.6,0.7,0.75,0.85,0.0,0.6,0.0,0.08,0.05
6,PE_PB_FED,-0.002437,0.15,0.3,0.35,0.6,0.7,0.75,0.9,-0.5,0.55,0.7,0.06,0.05
8,PE_PB,-0.002442,0.1,0.2,0.45,0.55,0.7,0.8,0.85,0.0,0.5,0.0,0.1,0.05
6,PE_PB,-0.002443,0.2,0.3,0.35,0.55,0.65,0.75,0.9,0.0,0.65,0.0,0.12,0.03
6,PE_PB_FED,-0.002444,0.05,0.15,0.35,0.5,0.65,0.75,0.85,0.0,0.55,0.8,0.1,0.04
6,PE_PB,-0.002448,0.05,0.25,0.35,0.7,0.75,0.85,0.9,0.0,0.55,0.0,0.06,0.04
6,PE_PB,-0.002449,0.1,0.25,0.4,0.55,0.75,0.8,0.9,0.0,0.6,0.0,0.12,0.03
6,PE_PB,-0.002456,0.15,0.2,0.35,0.65,0.7,0.8,0.9,0.0,0.5,0.0,0.1,0.03
6,PE_only,-0.002465,0.05,0.3,0.4,0.5,0.65,0.8,0.9,0.0,0.0,0.0,0.1,0.03
6,PE_FED,-0.00247,0.1,0.25,0.45,0.5,0.65,0.75,0.85,-0.5,0.0,0.0,0.1,0.05
6,PE_PB,-0.002472,0.05,0.3,0.35,0.65,0.7,0.75,0.85,0.0,0.6,0.0,0.1,0.04
6,PE_PB,-0.002478,0.2,0.25,0.35,0.6,0.7,0.75,0.9,0.0,0.5,0.0,0.1,0.04
6,PE_PB,-0.002479,0.05,0.25,0.35,0.6,0.7,0.75,0.9,0.0,0.5,0.0,0.12,0.05
6,PE_PB,-0.00248,0.15,0.2,0.35,0.55,0.75,0.8,0.9,0.0,0.6,0.0,0.06,0.05
6,PE_PB,-0.002491,0.15,0.25,0.3,0.6,0.7,0.8,0.85,0.0,0.6,0.0,0.08,0.05
6,PE_PB_FED,-0.002495,0.15,0.2,0.3,0.65,0.75,0.85,0.9,0.0,0.5,0.75,0.06,0.04
8,PE_PB,-0.002508,0.05,0.3,0.35,0.5,0.65,0.75,0.85,0.0,0.6,0.0,0.1,0.03
6,PE_PB,-0.002509,0.1,0.15,0.4,0.65,0.75,0.8,0.85,0.0,0.55,0.0,0.08,0.03
6,PB_FED,-0.002514,0.2,0.3,0.35,0.5,0.7,0.8,0.85,0.5,0.0,0.0,0.12,0.03
6,PB_FED,-0.002515,0.05,0.3,0.4,0.7,0.65,0.8,0.9,1.0,0.0,0.0,0.12,0.04
8,PE_PB_FED,-0.002516,0.15,0.3,0.45,0.5,0.7,0.8,0.85,-0.5,0.6,0.8,0.06,0.03
8,PE_PB,-0.002527,0.15,0.25,0.35,0.5,0.7,0.85,0.9,0.0,0.55,0.0,0.1,0.04
8,PE_PB_FED,-0.002539,0.2,0.3,0.45,0.6,0.65,0.8,0.85,0.5,0.6,0.75,0.08,0.03
8,PE_PB_FED,-0.00254,0.1,0.25,0.45,0.55,0.65,0.85,0.9,0.5,0.5,0.7,0.1,0.03
8,PE_PB,-0.002546,0.05,0.25,0.4,0.55,0.7,0.8,0.85,0.0,0.5,0.0,0.08,0.03
6,PE_PB,-0.002547,0.15,0.2,0.3,0.5,0.7,0.8,0.9,0.0,0.65,0.0,0.08,0.04
6,PE_PB,-0.002549,0.2,0.3,0.4,0.55,0.65,0.75,0.9,0.0,0.65,0.0,0.08,0.03
6,PE_PB,-0.002561,0.15,0.2,0.3,0.55,0.75,0.85,0.9,0.0,0.65,0.0,0.06,0.04
6,PB_FED,-0.002563,0.05,0.15,0.4,0.6,0.65,0.85,0.9,1.0,0.0,0.0,0.06,0.05
6,PE_PB_FED,-0.002569,0.05,0.2,0.35,0.65,0.75,0.8,0.85,0.0,0.55,0.8,0.12,0.03
6,PB_FED,-0.002573,0.15,0.25,0.4,0.6,0.65,0.85,0.95,1.0,0.0,0.0,0.06,0.03
6,PB_FED,-0.002582,0.2,0.25,0.35,0.5,0.75,0.85,0.9,0.5,0.0,0.0,0.08,0.05
6,PE_PB,-0.002584,0.15,0.3,0.35,0.55,0.65,0.85,0.95,0.0,0.55,0.0,0.06,0.04
6,PE_only,-0.002587,0.05,0.25,0.3,0.5,0.65,0.75,0.85,0.0,0.0,0.0,0.06,0.03
6,PE_only,-0.00259,0.1,0.3,0.35,0.55,0.75,0.85,0.9,0.0,0.0,0.0,0.06,0.05
6,PE_PB,-0.002596,0.15,0.25,0.3,0.6,0.65,0.8,0.9,0.0,0.55,0.0,0.08,0.05
6,PE_PB,-0.002606,0.05,0.2,0.3,0.7,0.7,0.8,0.85,0.0,0.55,0.0,0.08,0.05
8,PE_PB,-0.002609,0.2,0.3,0.45,0.7,0.7,0.8,0.85,0.0,0.5,0.0,0.06,0.04
6,PE_only,-0.002615,0.1,0.2,0.3,0.5,0.7,0.8,0.85,0.0,0.0,0.0,0.1,0.04
6,PE_FED,-0.002615,0.05,0.15,0.4,0.65,0.7,0.8,0.95,1.0,0.0,0.0,0.12,0.03
6,PE_PB,-0.002619,0.15,0.3,0.45,0.7,0.75,0.85,0.95,0.0,0.5,0.0,0.1,0.04
6,PB_FED,-0.002628,0.2,0.25,0.35,0.7,0.65,0.8,0.85,1.0,0.0,0.0,0.12,0.03
8,PE_PB,-0.00263,0.05,0.3,0.4,0.55,0.65,0.8,0.85,0.0,0.55,0.0,0.12,0.03
6,PE_PB_FED,-0.002631,0.2,0.25,0.4,0.7,0.75,0.8,0.85,0.0,0.6,0.7,0.12,0.04
8,PE_FED,-0.002633,0.1,0.25,0.45,0.5,0.65,0.75,0.85,1.0,0.0,0.0,0.12,0.03
6,PE_FED,-0.002639,0.2,0.3,0.4,0.5,0.75,0.85,0.9,0.0,0.0,0.0,0.06,0.04
8,PE_PB_FED,-0.002644,0.15,0.3,0.45,0.55,0.75,0.8,0.9,1.0,0.65,0.7,0.12,0.05
6,PE_PB_FED,-0.002645,0.1,0.3,0.35,0.5,0.65,0.8,0.95,-0.5,0.5,0.7,0.12,0.04
6,PE_only,-0.002648,0.15,0.3,0.45,0.5,0.75,0.8,0.9,0.0,0.0,0.0,0.08,0.04
8,PE_PB_FED,-0.002649,0.2,0.3,0.35,0.6,0.75,0.85,0.9,0.5,0.55,0.7,0.08,0.04
6,PE_PB,-0.002659,0.05,0.3,0.35,0.6,0.75,0.8,0.85,0.0,0.65,0.0,0.06,0.04
6,PE_PB,-0.002662,0.2,0.3,0.45,0.5,0.7,0.75,0.95,0.0,0.55,0.0,0.12,0.03
6,PB_FED,-0.00267,0.2,0.3,0.35,0.65,0.7,0.85,0.95,1.0,0.0,0.0,0.12,0.03
8,PE_PB,-0.00268,0.2,0.3,0.4,0.55,0.65,0.75,0.85,0.0,0.55,0.0,0.06,0.05
6,PE_PB,-0.002681,0.05,0.15,0.3,0.7,0.75,0.85,0.9,0.0,0.5,0.0,0.08,0.04
6,PE_PB_FED,-0.002681,0.15,0.3,0.45,0.7,0.75,0.85,0.9,0.0,0.6,0.8,0.12,0.03
8,PE_PB,-0.002681,0.2,0.3,0.35,0.55,0.75,0.85,0.9,0.0,0.55,0.0,0.1,0.04
6,PE_PB_FED,-0.002689,0.15,0.25,0.4,0.6,0.7,0.75,0.85,0.0,0.55,0.7,0.06,0.05
8,PE_PB,-0.002694,0.1,0.3,0.4,0.5,0.75,0.8,0.9,0.0,0.55,0.0,0.06,0.05
6,PE_PB,-0.002695,0.05,0.15,0.45,0.55,0.7,0.75,0.85,0.0,0.65,0.0,0.08,0.03
8,PE_PB,-0.002695,0.1,0.3,0.4,0.65,0.7,0.8,0.85,0.0,0.5,0.0,0.1,0.04
8,PE_PB,-0.002695,0.1,0.3,0.4,0.65,0.75,0.8,0.85,0.0,0.5,0.0,0.08,0.04
8,PE_PB_FED,-0.0027,0.2,0.3,0.4,0.55,0.65,0.8,0.9,1.0,0.65,0.8,0.1,0.04
8,PE_PB,-0.002704,0.2,0.25,0.35,0.6,0.75,0.8,0.85,0.0,0.5,0.0,0.12,0.04
6,PE_PB_FED,-0.002705,0.1,0.25,0.45,0.6,0.7,0.8,0.85,-0.5,0.65,0.7,0.12,0.03
6,PE_only,-0.002707,0.15,0.3,0.4,0.55,0.7,0.85,0.9,0.0,0.0,0.0,0.06,0.05
8,PE_PB_FED,-0.002707,0.15,0.3,0.35,0.65,0.75,0.8,0.85,0.5,0.5,0.7,0.1,0.03
6,PE_FED,-0.002709,0.1,0.2,0.4,0.6,0.65,0.8,0.95,0.5,0.0,0.0,0.06,0.03
6,PE_PB,-0.00271,0.05,0.3,0.4,0.65,0.65,0.8,0.9,0.0,0.55,0.0,0.1,0.03
6,PE_PB,-0.00271,0.05,0.3,0.4,0.65,0.7,0.8,0.9,0.0,0.55,0.0,0.12,0.03
8,PE_PB_FED,-0.002713,0.1,0.25,0.45,0.5,0.65,0.85,0.9,0.5,0.55,0.7,0.08,0.03
6,PB_FED,-0.002714,0.15,0.2,0.45,0.7,0.65,0.8,0.85,1.0,0.0,0.0,0.06,0.05
6,PE_PB_FED,-0.002716,0.05,0.3,0.35,0.5,0.65,0.85,0.95,-0.5,0.6,0.75,0.06,0.03
6,PE_PB,-0.002718,0.15,0.2,0.35,0.65,0.75,0.8,0.9,0.0,0.5,0.0,0.08,0.04
8,PE_FED,-0.002724,0.15,0.2,0.4,0.65,0.75,0.8,0.85,1.0,0.0,0.0,0.06,0.03
6,PB_FED,-0.002726,0.15,0.25,0.45,0.7,0.75,0.8,0.85,1.0,0.0,0.0,0.06,0.04
6,PE_only,-0.002728,0.05,0.2,0.45,0.5,0.65,0.75,0.85,0.0,0.0,0.0,0.1,0.04
6,PE_PB,-0.002728,0.2,0.25,0.4,0.6,0.7,0.8,0.9,0.0,0.55,0.0,0.12,0.03
6,PE_PB,-0.002731,0.15,0.2,0.45,0.5,0.7,0.75,0.9,0.0,0.6,0.0,0.1,0.04
6,PE_only,-0.002739,0.1,0.25,0.35,0.5,0.65,0.75,0.85,0.0,0.0,0.0,0.12,0.03
6,PE_PB_FED,-0.002741,0.15,0.3,0.35,0.7,0.65,0.75,0.85,0.0,0.55,0.7,0.06,0.03
6,PB_FED,-0.002747,0.1,0.25,0.45,0.5,0.65,0.8,0.95,1.0,0.0,0.0,0.08,0.03
6,PB_FED,-0.00275,0.15,0.3,0.35,0.6,0.7,0.75,0.85,1.0,0.0,0.0,0.06,0.05
8,PE_PB_FED,-0.002752,0.15,0.2,0.35,0.6,0.7,0.75,0.85,1.0,0.6,0.7,0.1,0.05
6,PE_only,-0.002758,0.1,0.3,0.45,0.5,0.7,0.8,0.9,0.0,0.0,0.0,0.1,0.04
6,PE_PB,-0.00276,0.2,0.25,0.4,0.6,0.7,0.75,0.85,0.0,0.6,0.0,0.06,0.05
6,PB_FED,-0.002761,0.1,0.3,0.45,0.65,0.7,0.8,0.9,1.0,0.0,0.0,0.08,0.05
6,PE_only,-0.002762,0.15,0.2,0.45,0.5,0.65,0.75,0.85,0.0,0.0,0.0,0.08,0.03
6,PE_PB,-0.002763,0.05,0.3,0.35,0.55,0.7,0.75,0.9,0.0,0.6,0.0,0.12,0.03
8,PE_PB,-0.002774,0.05,0.3,0.4,0.5,0.65,0.85,0.9,0.0,0.65,0.0,0.12,0.03
6,PE_PB,-0.002776,0.15,0.2,0.4,0.6,0.7,0.8,0.9,0.0,0.5,0.0,0.1,0.04
6,PB_FED,-0.002777,0.05,0.2,0.35,0.55,0.7,0.8,0.85,1.0,0.0,0.0,0.08,0.04
6,PE_PB_FED,-0.002778,0.05,0.3,0.45,0.6,0.65,0.75,0.9,0.0,0.5,0.8,0.12,0.04
8,PE_PB_FED,-0.00279,0.05,0.15,0.3,0.5,0.7,0.8,0.85,1.0,0.6,0.75,0.06,0.05
8,PE_PB,-0.002795,0.1,0.15,0.45,0.5,0.7,0.8,0.85,0.0,0.5,0.0,0.06,0.03
6,PE_PB,-0.002797,0.1,0.2,0.35,0.6,0.65,0.75,0.85,0.0,0.55,0.0,0.06,0.03
8,PE_FED,-0.002799,0.05,0.25,0.3,0.65,0.7,0.85,0.9,1.0,0.0,0.0,0.1,0.03
6,PE_only,-0.0028,0.15,0.3,0.4,0.55,0.65,0.8,0.85,0.0,0.0,0.0,0.12,0.03
6,PE_only,-0.002801,0.1,0.3,0.35,0.5,0.65,0.8,0.9,0.0,0.0,0.0,0.06,0.05
6,PE_only,-0.002801,0.1,0.3,0.35,0.5,0.7,0.8,0.9,0.0,0.0,0.0,0.12,0.05
6,PE_PB,-0.002802,0.1,0.25,0.45,0.55,0.65,0.85,0.95,0.0,0.5,0.0,0.12,0.03
6,PE_PB,-0.002805,0.2,0.25,0.45,0.6,0.75,0.8,0.85,0.0,0.65,0.0,0.08,0.03
6,PE_only,-0.002806,0.1,0.3,0.4,0.55,0.7,0.85,0.9,0.0,0.0,0.0,0.1,0.05
8,PE_PB,-0.002806,0.2,0.25,0.4,0.5,0.7,0.85,0.9,0.0,0.6,0.0,0.1,0.04
6,PE_FED,-0.002808,0.05,0.2,0.45,0.65,0.65,0.75,0.95,0.5,0.0,0.0,0.06,0.03
6,PE_PB,-0.002813,0.05,0.25,0.45,0.55,0.65,0.85,0.95,0.0,0.5,0.0,0.08,0.03
6,PE_PB_FED,-0.002813,0.2,0.25,0.35,0.55,0.65,0.75,0.85,0.0,0.6,0.7,0.08,0.03
6,PE_PB,-0.002814,0.15,0.2,0.45,0.7,0.7,0.75,0.85,0.0,0.55,0.0,0.08,0.03
6,PE_PB_FED,-0.002815,0.2,0.25,0.35,0.55,0.65,0.75,0.9,-0.5,0.55,0.7,0.1,0.05
6,PE_PB,-0.002821,0.05,0.15,0.35,0.55,0.75,0.8,0.85,0.0,0.65,0.0,0.12,0.03
8,PE_FED,-0.002821,0.2,0.3,0.4,0.65,0.75,0.8,0.9,1.0,0.0,0.0,0.06,0.05
6,PE_PB,-0.002827,0.2,0.25,0.3,0.55,0.65,0.75,0.9,0.0,0.55,0.0,0.06,0.03
6,PE_only,-0.002831,0.15,0.2,0.3,0.5,0.7,0.8,0.85,0.0,0.0,0.0,0.1,0.03
8,PE_FED,-0.002835,0.05,0.25,0.4,0.55,0.65,0.75,0.85,1.0,0.0,0.0,0.12,0.04
8,PE_PB_FED,-0.002836,0.1,0.3,0.35,0.55,0.65,0.85,0.9,0.5,0.55,0.8,0.06,0.05
6,PE_only,-0.002838,0.2,0.3,0.45,0.5,0.65,0.75,0.9,0.0,0.0,0.0,0.06,0.05
6,PB_FED,-0.002838,0.2,0.25,0.4,0.5,0.65,0.75,0.85,1.0,0.0,0.0,0.12,0.03
8,PE_PB,-0.002841,0.15,0.3,0.45,0.5,0.65,0.75,0.85,0.0,0.6,0.0,0.12,0.04
6,PE_only,-0.002842,0.15,0.2,0.3,0.5,0.7,0.8,0.85,0.0,0.0,0.0,0.1,0.05
8,PE_PB_FED,-0.002846,0.2,0.25,0.45,0.55,0.65,0.8,0.9,1.0,0.5,0.75,0.12,0.03
6,PE_only,-0.002847,0.15,0.3,0.4,0.55,0.7,0.8,0.85,0.0,0.0,0.0,0.08,0.04
6,PE_PB,-0.002847,0.05,0.15,0.35,0.6,0.75,0.8,0.85,0.0,0.55,0.0,0.08,0.04
6,PE_only,-0.002849,0.1,0.3,0.45,0.5,0.7,0.8,0.9,0.0,0.0,0.0,0.12,0.03
6,PE_only,-0.002849,0.1,0.3,0.45,0.5,0.7,0.8,0.9,0.0,0.0,0.0,0.06,0.03
6,PE_only,-0.00285,0.15,0.3,0.4,0.55,0.75,0.8,0.85,0.0,0.0,0.0,0.06,0.04
8,PE_PB,-0.00285,0.2,0.3,0.4,0.5,0.7,0.85,0.9,0.0,0.65,0.0,0.12,0.04
8,PE_PB,-0.002851,0.15,0.25,0.3,0.5,0.65,0.85,0.9,0.0,0.55,0.0,0.1,0.03
6,PE_FED,-0.002866,0.1,0.15,0.4,0.55,0.75,0.8,0.95,1.0,0.0,0.0,0.1,0.03
6,PE_PB,-0.002869,0.2,0.25,0.4,0.65,0.75,0.8,0.85,0.0,0.6,0.0,0.1,0.04
6,PE_PB,-0.002871,0.05,0.25,0.4,0.6,0.75,0.8,0.85,0.0,0.6,0.0,0.06,0.04
6,PE_PB,-0.002873,0.15,0.25,0.45,0.55,0.65,0.85,0.95,0.0,0.5,0.0,0.08,0.03
6,PB_FED,-0.002873,0.15,0.3,0.35,0.7,0.65,0.85,0.9,1.0,0.0,0.0,0.06,0.03
6,PE_only,-0.002874,0.1,0.2,0.35,0.5,0.7,0.85,0.9,0.0,0.0,0.0,0.08,0.05
6,PE_PB,-0.002877,0.1,0.15,0.45,0.5,0.7,0.8,0.95,0.0,0.5,0.0,0.1,0.05
6,PB_FED,-0.002884,0.15,0.25,0.45,0.6,0.65,0.85,0.9,1.0,0.0,0.0,0.06,0.03
6,PE_only,-0.002886,0.2,0.25,0.45,0.55,0.65,0.85,0.9,0.0,0.0,0.0,0.12,0.05
6,PB_FED,-0.002887,0.15,0.3,0.45,0.6,0.75,0.8,0.9,1.0,0.0,0.0,0.08,0.04
6,PE_PB_FED,-0.002897,0.05,0.15,0.3,0.55,0.65,0.8,0.95,0.5,0.55,0.7,0.08,0.03
6,PE_PB_FED,-0.002902,0.2,0.25,0.4,0.5,0.65,0.75,0.9,0.0,0.5,0.8,0.06,0.04
6,PE_PB,-0.002909,0.1,0.25,0.35,0.7,0.7,0.75,0.85,0.0,0.55,0.0,0.08,0.05
8,PE_PB,-0.002912,0.05,0.25,0.3,0.5,0.7,0.85,0.9,0.0,0.55,0.0,0.12,0.03
6,PE_only,-0.002919,0.15,0.2,0.4,0.5,0.65,0.8,0.85,0.0,0.0,0.0,0.1,0.04
6,PE_FED,-0.002926,0.15,0.3,0.35,0.5,0.7,0.85,0.9,-0.5,0.0,0.0,0.1,0.04
6,PB_FED,-0.002927,0.1,0.3,0.4,0.5,0.7,0.85,0.95,0.5,0.0,0.0,0.12,0.04
6,PE_PB_FED,-0.002934,0.15,0.25,0.35,0.65,0.75,0.8,0.9,0.0,0.5,0.8,0.1,0.05
6,PE_PB_FED,-0.002938,0.2,0.3,0.4,0.6,0.7,0.75,0.85,-0.5,0.65,0.75,0.06,0.05
6,PB_FED,-0.002939,0.1,0.25,0.4,0.6,0.75,0.85,0.95,1.0,0.0,0.0,0.06,0.04
6,PE_PB,-0.00294,0.2,0.25,0.45,0.55,0.75,0.85,0.95,0.0,0.55,0.0,0.12,0.03
6,PE_FED,-0.00294,0.1,0.2,0.45,0.6,0.7,0.75,0.95,0.5,0.0,0.0,0.1,0.03
6,PB_FED,-0.002943,0.05,0.25,0.45,0.65,0.7,0.8,0.85,1.0,0.0,0.0,0.12,0.03
6,PE_only,-0.002948,0.15,0.3,0.4,0.55,0.7,0.8,0.85,0.0,0.0,0.0,0.1,0.05
6,PE_PB,-0.002951,0.2,0.25,0.35,0.55,0.65,0.75,0.9,0.0,0.6,0.0,0.06,0.05
8,PE_PB,-0.002956,0.15,0.3,0.45,0.65,0.7,0.8,0.85,0.0,0.5,0.0,0.1,0.03
6,PB_FED,-0.002962,0.15,0.25,0.45,0.6,0.7,0.8,0.85,1.0,0.0,0.0,0.1,0.04
6,PE_PB_FED,-0.002963,0.05,0.2,0.3,0.55,0.7,0.8,0.85,-0.5,0.65,0.8,0.1,0.03
6,PE_PB,-0.002967,0.1,0.2,0.4,0.55,0.7,0.85,0.9,0.0,0.65,0.0,0.1,0.04
6,PE_PB,-0.002977,0.05,0.3,0.35,0.5,0.7,0.85,0.95,0.0,0.65,0.0,0.06,0.05
8,PE_PB,-0.002984,0.2,0.3,0.4,0.65,0.65,0.8,0.85,0.0,0.5,0.0,0.06,0.03
6,PE_FED,-0.002985,0.1,0.3,0.35,0.5,0.7,0.75,0.85,-0.5,0.0,0.0,0.1,0.04
6,PE_PB_FED,-0.002986,0.15,0.2,0.4,0.55,0.7,0.8,0.9,-0.5,0.55,0.7,0.12,0.05
6,PE_PB_FED,-0.002991,0.2,0.3,0.35,0.7,0.7,0.75,0.9,-0.5,0.5,0.75,0.08,0.04
6,PE_only,-0.002995,0.1,0.3,0.4,0.5,0.7,0.8,0.9,0.0,0.0,0.0,0.08,0.05
8,PE_PB,-0.002997,0.15,0.3,0.4,0.6,0.65,0.85,0.9,0.0,0.5,0.0,0.08,0.03
6,PE_FED,-0.003006,0.1,0.15,0.45,0.55,0.65,0.8,0.95,1.0,0.0,0.0,0.12,0.03
8,PE_PB,-0.003008,0.05,0.3,0.45,0.5,0.7,0.8,0.9,0.0,0.5,0.0,0.1,0.03
6,PE_PB_FED,-0.003016,0.15,0.2,0.4,0.7,0.7,0.85,0.9,0.0,0.5,0.7,0.08,0.03
8,PE_PB_FED,-0.003023,0.15,0.3,0.35,0.5,0.75,0.8,0.85,0.5,0.6,0.75,0.06,0.04
6,PB_FED,-0.003027,0.1,0.2,0.4,0.55,0.65,0.8,0.85,1.0,0.0,0.0,0.08,0.03
6,PE_PB,-0.003034,0.05,0.3,0.35,0.55,0.65,0.8,0.9,0.0,0.65,0.0,0.06,0.03
6,PE_PB,-0.003039,0.05,0.3,0.4,0.65,0.75,0.85,0.95,0.0,0.5,0.0,0.08,0.05
8,PE_PB,-0.003048,0.1,0.3,0.4,0.55,0.7,0.85,0.9,0.0,0.55,0.0,0.12,0.05
6,PE_only,-0.00305,0.15,0.2,0.45,0.5,0.7,0.75,0.85,0.0,0.0,0.0,0.08,0.03
6,PE_FED,-0.003054,0.1,0.2,0.35,0.6,0.75,0.8,0.95,0.5,0.0,0.0,0.1,0.05
6,PE_PB_FED,-0.003057,0.2,0.25,0.3,0.65,0.7,0.8,0.85,-0.5,0.6,0.75,0.06,0.03
6,PE_only,-0.003059,0.2,0.3,0.45,0.55,0.7,0.75,0.85,0.0,0.0,0.0,0.1,0.04
6,PE_PB_FED,-0.00306,0.1,0.15,0.4,0.55,0.75,0.8,0.85,-0.5,0.6,0.7,0.06,0.03
6,PE_PB,-0.003062,0.1,0.15,0.45,0.55,0.7,0.75,0.85,0.0,0.6,0.0,0.1,0.04
6,PE_PB,-0.003062,0.05,0.25,0.35,0.55,0.65,0.75,0.9,0.0,0.55,0.0,0.1,0.05
6,PE_only,-0.003064,0.15,0.2,0.4,0.5,0.75,0.85,0.9,0.0,0.0,0.0,0.08,0.05
6,PE_PB,-0.003066,0.05,0.15,0.4,0.55,0.75,0.8,0.9,0.0,0.5,0.0,0.08,0.05
6,PE_PB,-0.003091,0.1,0.3,0.4,0.6,0.7,0.8,0.9,0.0,0.55,0.0,0.06,0.03
6,PE_PB_FED,-0.003102,0.1,0.2,0.3,0.5,0.65,0.8,0.85,0.0,0.65,0.75,0.06,0.04
6,PE_only,-0.00312,0.05,0.3,0.35,0.55,0.75,0.8,0.85,0.0,0.0,0.0,0.08,0.04
6,PE_FED,-0.003121,0.1,0.15,0.35,0.65,0.75,0.8,0.95,1.0,0.0,0.0,0.08,0.05
6,PE_FED,-0.003121,0.1,0.15,0.35,0.65,0.7,0.8,0.95,1.0,0.0,0.0,0.08,0.05
6,PE_PB,-0.003124,0.15,0.2,0.3,0.55,0.65,0.8,0.9,0.0,0.5,0.0,0.12,0.04
6,PB_FED,-0.003127,0.2,0.25,0.3,0.6,0.7,0.85,0.9,1.0,0.0,0.0,0.08,0.03
8,PE_PB_FED,-0.003132,0.1,0.25,0.3,0.55,0.7,0.75,0.85,1.0,0.6,0.75,0.06,0.03
6,PE_PB,-0.003134,0.15,0.3,0.35,0.6,0.65,0.8,0.9,0.0,0.55,0.0,0.08,0.04
6,PE_PB,-0.003135,0.15,0.2,0.4,0.65,0.75,0.85,0.9,0.0,0.55,0.0,0.08,0.03
6,PE_PB,-0.00314,0.05,0.15,0.3,0.65,0.65,0.75,0.85,0.0,0.5,0.0,0.08,0.05
6,PE_only,-0.003144,0.05,0.2,0.4,0.5,0.65,0.8,0.85,0.0,0.0,0.0,0.08,0.04
6,PE_PB_FED,-0.003145,0.05,0.25,0.35,0.5,0.7,0.8,0.9,-0.5,0.65,0.75,0.12,0.03
6,PE_FED,-0.00315,0.1,0.15,0.45,0.6,0.7,0.85,0.95,0.5,0.0,0.0,0.06,0.05
6,PE_PB_FED,-0.003151,0.05,0.15,0.3,0.7,0.7,0.8,0.85,-0.5,0.5,0.7,0.12,0.04
6,PE_PB,-0.003154,0.05,0.15,0.3,0.55,0.7,0.75,0.85,0.0,0.55,0.0,0.1,0.05
6,PB_FED,-0.003156,0.1,0.2,0.3,0.5,0.65,0.85,0.9,1.0,0.0,0.0,0.06,0.03
8,PE_PB_FED,-0.003157,0.15,0.2,0.45,0.7,0.7,0.85,0.9,1.0,0.6,0.75,0.06,0.03
6,PE_PB_FED,-0.003158,0.05,0.15,0.4,0.65,0.7,0.75,0.95,0.5,0.55,0.7,0.06,0.05
6,PE_PB,-0.00316,0.1,0.25,0.3,0.5,0.65,0.8,0.95,0.0,0.5,0.0,0.1,0.03
8,PE_FED,-0.00316,0.05,0.25,0.35,0.5,0.7,0.75,0.85,1.0,0.0,0.0,0.06,0.04
6,PE_PB,-0.003163,0.2,0.3,0.35,0.5,0.75,0.8,0.95,0.0,0.55,0.0,0.08,0.05
6,PB_FED,-0.003164,0.05,0.3,0.45,0.55,0.65,0.75,0.85,1.0,0.0,0.0,0.06,0.04
8,PE_FED,-0.003171,0.1,0.2,0.3,0.6,0.65,0.8,0.85,1.0,0.0,0.0,0.08,0.04
6,PE_only,-0.003178,0.1,0.2,0.35,0.5,0.65,0.8,0.85,0.0,0.0,0.0,0.06,0.05
6,PE_only,-0.00318,0.1,0.15,0.45,0.5,0.7,0.8,0.85,0.0,0.0,0.0,0.08,0.03
6,PE_PB,-0.003182,0.05,0.3,0.45,0.6,0.7,0.85,0.9,0.0,0.65,0.0,0.12,0.03
6,PE_PB,-0.003185,0.05,0.25,0.35,0.6,0.75,0.8,0.9,0.0,0.5,0.0,0.06,0.03
6,PE_PB_FED,-0.003189,0.2,0.3,0.45,0.5,0.75,0.85,0.95,-0.5,0.65,0.8,0.12,0.03
8,PE_PB_FED,-0.003191,0.2,0.3,0.4,0.5,0.75,0.8,0.85,-0.5,0.6,0.8,0.1,0.05
8,PE_FED,-0.003194,0.05,0.25,0.4,0.7,0.65,0.85,0.9,1.0,0.0,0.0,0.06,0.05
6,PE_PB,-0.003195,0.1,0.2,0.3,0.55,0.75,0.85,0.9,0.0,0.65,0.0,0.06,0.03
6,PE_only,-0.003198,0.1,0.2,0.35,0.5,0.75,0.8,0.85,0.0,0.0,0.0,0.06,0.03
6,PE_PB_FED,-0.003203,0.05,0.15,0.35,0.6,0.7,0.85,0.9,0.0,0.5,0.8,0.06,0.03
6,PE_PB,-0.003214,0.05,0.25,0.45,0.65,0.7,0.8,0.9,0.0,0.55,0.0,0.1,0.05
6,PE_PB,-0.00322,0.2,0.25,0.4,0.5,0.7,0.85,0.95,0.0,0.6,0.0,0.08,0.04
8,PE_PB,-0.003222,0.05,0.25,0.4,0.5,0.65,0.75,0.85,0.0,0.5,0.0,0.06,0.05
6,PB_FED,-0.003224,0.1,0.15,0.3,0.5,0.7,0.85,0.9,1.0,0.0,0.0,0.12,0.04
6,PE_only,-0.003243,0.1,0.25,0.3,0.5,0.65,0.8,0.85,0.0,0.0,0.0,0.08,0.04
8,PE_PB,-0.003243,0.2,0.3,0.35,0.5,0.7,0.8,0.9,0.0,0.5,0.0,0.08,0.03
8,PE_PB,-0.003248,0.15,0.2,0.45,0.5,0.75,0.85,0.9,0.0,0.5,0.0,0.12,0.04
8,PE_FED,-0.003248,0.15,0.2,0.35,0.5,0.7,0.85,0.9,1.0,0.0,0.0,0.06,0.03
6,PE_FED,-0.003249,0.05,0.3,0.4,0.5,0.75,0.85,0.9,0.0,0.0,0.0,0.06,0.03
6,PE_FED,-0.00326,0.1,0.25,0.3,0.55,0.7,0.75,0.95,0.5,0.0,0.0,0.06,0.03
6,PE_PB,-0.003274,0.1,0.25,0.3,0.7,0.7,0.8,0.85,0.0,0.55,0.0,0.06,0.03
6,PE_PB,-0.003274,0.1,0.2,0.4,0.65,0.65,0.85,0.9,0.0,0.55,0.0,0.08,0.03
6,PE_PB_FED,-0.003274,0.05,0.15,0.45,0.65,0.75,0.8,0.95,1.0,0.65,0.75,0.1,0.03
8,PE_PB,-0.003276,0.2,0.3,0.45,0.5,0.7,0.75,0.9,0.0,0.5,0.0,0.12,0.05
6,PE_PB,-0.003282,0.05,0.25,0.4,0.65,0.65,0.8,0.9,0.0,0.5,0.0,0.06,0.03
6,PE_FED,-0.003284,0.1,0.25,0.4,0.65,0.65,0.8,0.95,0.5,0.0,0.0,0.1,0.04
6,PE_FED,-0.003294,0.15,0.25,0.35,0.7,0.75,0.8,0.95,0.5,0.0,0.0,0.12,0.04
6,PB_FED,-0.003294,0.05,0.25,0.35,0.55,0.65,0.8,0.9,1.0,0.0,0.0,0.1,0.05
6,PB_FED,-0.003304,0.2,0.25,0.4,0.65,0.7,0.8,0.85,1.0,0.0,0.0,0.08,0.04
6,PE_PB,-0.003307,0.05,0.3,0.45,0.55,0.65,0.75,0.9,0.0,0.6,0.0,0.1,0.04
6,PE_PB,-0.00331,0.05,0.15,0.45,0.65,0.7,0.8,0.85,0.0,0.55,0.0,0.1,0.04
8,PE_PB_FED,-0.003314,0.2,0.3,0.4,0.55,0.75,0.8,0.9,1.0,0.6,0.8,0.12,0.04
6,PE_PB,-0.003315,0.15,0.25,0.3,0.5,0.65,0.75,0.9,0.0,0.55,0.0,0.08,0.04
6,PB_FED,-0.003316,0.1,0.15,0.4,0.5,0.7,0.85,0.95,1.0,0.0,0.0,0.1,0.05
6,PE_only,-0.003318,0.05,0.3,0.4,0.5,0.75,0.8,0.9,0.0,0.0,0.0,0.08,0.05
6,PE_PB,-0.00332,0.05,0.15,0.3,0.55,0.7,0.8,0.85,0.0,0.6,0.0,0.08,0.05
6,PE_PB,-0.003321,0.1,0.15,0.4,0.55,0.65,0.75,0.85,0.0,0.5,0.0,0.08,0.03
6,PE_FED,-0.003321,0.05,0.15,0.45,0.5,0.7,0.75,0.95,1.0,0.0,0.0,0.1,0.04
6,PE_PB,-0.003348,0.05,0.3,0.35,0.6,0.65,0.8,0.9,0.0,0.55,0.0,0.12,0.04
6,PE_PB,-0.00335,0.05,0.2,0.35,0.55,0.65,0.75,0.85,0.0,0.6,0.0,0.06,0.04
6,PE_PB_FED,-0.00335,0.05,0.3,0.45,0.5,0.7,0.8,0.95,-0.5,0.5,0.7,0.08,0.04
6,PE_PB,-0.003354,0.05,0.25,0.4,0.5,0.7,0.75,0.9,0.0,0.6,0.0,0.12,0.03
6,PB_FED,-0.003355,0.1,0.3,0.45,0.55,0.7,0.8,0.95,1.0,0.0,0.0,0.06,0.05
6,PE_only,-0.003358,0.05,0.3,0.35,0.55,0.75,0.8,0.85,0.0,0.0,0.0,0.1,0.03
6,PE_PB,-0.003363,0.15,0.3,0.45,0.6,0.65,0.75,0.9,0.0,0.5,0.0,0.08,0.03
6,PE_PB,-0.003372,0.2,0.25,0.35,0.55,0.75,0.85,0.95,0.0,0.5,0.0,0.12,0.04
6,PE_FED,-0.003375,0.05,0.15,0.3,0.6,0.75,0.8,0.95,1.0,0.0,0.0,0.08,0.04
6,PB_FED,-0.003375,0.05,0.2,0.45,0.55,0.7,0.85,0.9,1.0,0.0,0.0,0.06,0.03
6,PE_PB,-0.003378,0.1,0.15,0.3,0.5,0.75,0.8,0.9,0.0,0.55,0.0,0.08,0.05
6,PE_only,-0.003382,0.05,0.2,0.45,0.5,0.7,0.75,0.85,0.0,0.0,0.0,0.12,0.03
6,PE_only,-0.003392,0.05,0.3,0.4,0.55,0.75,0.8,0.85,0.0,0.0,0.0,0.08,0.05
6,PE_only,-0.003397,0.15,0.25,0.3,0.5,0.65,0.8,0.85,0.0,0.0,0.0,0.12,0.03
6,PE_PB_FED,-0.003397,0.1,0.2,0.3,0.65,0.65,0.75,0.95,0.5,0.55,0.7,0.12,0.05
6,PE_PB,-0.003402,0.15,0.25,0.4,0.7,0.65,0.85,0.9,0.0,0.55,0.0,0.06,0.03
8,PE_FED,-0.003402,0.1,0.2,0.35,0.5,0.7,0.8,0.85,1.0,0.0,0.0,0.1,0.03
6,PE_only,-0.003407,0.1,0.2,0.4,0.5,0.65,0.8,0.85,0.0,0.0,0.0,0.1,0.05
6,PE_PB,-0.003413,0.15,0.2,0.3,0.65,0.7,0.8,0.9,0.0,0.5,0.0,0.1,0.05
6,PE_PB,-0.003419,0.05,0.15,0.45,0.55,0.7,0.85,0.9,0.0,0.6,0.0,0.08,0.04
6,PE_PB,-0.003425,0.2,0.3,0.45,0.65,0.65,0.75,0.85,0.0,0.6,0.0,0.12,0.03
6,PE_PB_FED,-0.003425,0.1,0.2,0.35,0.5,0.65,0.75,0.85,0.0,0.55,0.75,0.08,0.05
6,PE_PB,-0.003429,0.05,0.2,0.35,0.6,0.65,0.8,0.9,0.0,0.5,0.0,0.12,0.05
6,PE_PB,-0.00343,0.1,0.15,0.3,0.5,0.75,0.85,0.9,0.0,0.65,0.0,0.12,0.04
8,PE_PB,-0.003435,0.05,0.2,0.4,0.5,0.65,0.85,0.9,0.0,0.5,0.0,0.1,0.05
8,PE_PB,-0.003439,0.1,0.25,0.4,0.5,0.65,0.8,0.85,0.0,0.55,0.0,0.12,0.04
6,PE_PB_FED,-0.003443,0.15,0.25,0.45,0.55,0.7,0.8,0.9,0.0,0.5,0.7,0.12,0.03
6,PE_FED,-0.003448,0.1,0.15,0.4,0.7,0.65,0.75,0.9,0.5,0.0,0.0,0.08,0.04
6,PE_PB_FED,-0.00346,0.05,0.15,0.4,0.5,0.7,0.8,0.9,-0.5,0.55,0.75,0.12,0.05
6,PE_PB,-0.003461,0.15,0.2,0.35,0.5,0.75,0.8,0.9,0.0,0.6,0.0,0.12,0.03
6,PE_FED,-0.003466,0.05,0.3,0.4,0.5,0.7,0.85,0.9,0.0,0.0,0.0,0.08,0.05
8,PE_FED,-0.003474,0.1,0.25,0.35,0.7,0.75,0.8,0.85,1.0,0.0,0.0,0.08,0.05
6,PB_FED,-0.003487,0.05,0.3,0.4,0.55,0.65,0.8,0.95,1.0,0.0,0.0,0.08,0.03
6,PE_FED,-0.003494,0.05,0.25,0.45,0.5,0.7,0.8,0.85,0.0,0.0,0.0,0.08,0.05
8,PE_PB,-0.003497,0.2,0.3,0.45,0.65,0.65,0.8,0.85,0.0,0.5,0.0,0.12,0.04
6,PE_PB,-0.003505,0.05,0.25,0.45,0.5,0.7,0.75,0.95,0.0,0.5,0.0,0.06,0.04
6,PE_PB,-0.003508,0.15,0.25,0.45,0.7,0.7,0.8,0.9,0.0,0.5,0.0,0.08,0.04
8,PE_PB_FED,-0.003509,0.1,0.2,0.3,0.65,0.65,0.8,0.85,1.0,0.65,0.8,0.1,0.05
6,PE_PB,-0.00351,0.1,0.3,0.4,0.65,0.65,0.75,0.9,0.0,0.5,0.0,0.06,0.04
6,PE_PB_FED,-0.003516,0.1,0.25,0.4,0.55,0.7,0.75,0.85,0.0,0.55,0.7,0.08,0.05
6,PE_PB_FED,-0.003523,0.1,0.2,0.4,0.55,0.65,0.75,0.85,-0.5,0.55,0.8,0.1,0.04
8,PE_PB_FED,-0.003525,0.15,0.25,0.4,0.7,0.65,0.85,0.9,1.0,0.65,0.75,0.1,0.03
6,PE_PB_FED,-0.003527,0.05,0.2,0.35,0.5,0.65,0.85,0.9,0.0,0.65,0.8,0.08,0.05
6,PE_FED,-0.003535,0.05,0.15,0.4,0.55,0.75,0.85,0.95,0.5,0.0,0.0,0.06,0.04
6,PE_PB,-0.003537,0.2,0.3,0.45,0.6,0.65,0.8,0.85,0.0,0.65,0.0,0.06,0.03
6,PE_PB_FED,-0.003538,0.05,0.3,0.45,0.7,0.7,0.8,0.9,0.0,0.5,0.8,0.1,0.04
6,PE_PB,-0.003542,0.05,0.25,0.35,0.7,0.75,0.8,0.85,0.0,0.55,0.0,0.08,0.04
6,PE_PB,-0.003551,0.05,0.2,0.3,0.55,0.75,0.85,0.9,0.0,0.6,0.0,0.1,0.04
8,PE_PB,-0.003552,0.15,0.25,0.35,0.5,0.65,0.85,0.9,0.0,0.55,0.0,0.12,0.05
8,PE_FED,-0.003555,0.15,0.3,0.45,0.7,0.65,0.85,0.9,1.0,0.0,0.0,0.12,0.04
6,PE_PB_FED,-0.00356,0.05,0.2,0.4,0.6,0.7,0.8,0.95,0.5,0.65,0.8,0.1,0.03
6,PE_only,-0.003561,0.1,0.25,0.3,0.5,0.7,0.8,0.85,0.0,0.0,0.0,0.12,0.04
6,PE_FED,-0.003567,0.1,0.3,0.4,0.5,0.75,0.8,0.85,0.0,0.0,0.0,0.08,0.04
8,PE_PB,-0.003574,0.2,0.3,0.4,0.5,0.7,0.85,0.9,0.0,0.65,0.0,0.06,0.03
6,PE_PB_FED,-0.003582,0.2,0.25,0.4,0.55,0.7,0.75,0.9,-0.5,0.5,0.8,0.06,0.04
8,PE_PB_FED,-0.003584,0.2,0.3,0.45,0.55,0.65,0.8,0.85,-0.5,0.5,0.8,0.06,0.05
6,PE_PB_FED,-0.003585,0.05,0.15,0.45,0.55,0.7,0.75,0.85,0.0,0.5,0.75,0.08,0.04
6,PE_PB_FED,-0.003586,0.1,0.25,0.4,0.55,0.7,0.75,0.85,-0.5,0.6,0.8,0.1,0.04
8,PE_PB_FED,-0.003586,0.1,0.2,0.45,0.7,0.75,0.85,0.9,1.0,0.55,0.8,0.06,0.03
8,PE_FED,-0.003589,0.1,0.25,0.35,0.55,0.65,0.85,0.9,1.0,0.0,0.0,0.12,0.03
8,PE_PB_FED,-0.003591,0.05,0.25,0.3,0.55,0.65,0.75,0.85,1.0,0.6,0.8,0.08,0.05
6,PE_FED,-0.003594,0.05,0.15,0.3,0.6,0.65,0.8,0.95,1.0,0.0,0.0,0.1,0.05
6,PE_only,-0.003597,0.05,0.2,0.4,0.5,0.75,0.8,0.85,0.0,0.0,0.0,0.08,0.05
6,PE_PB,-0.003598,0.15,0.25,0.45,0.5,0.7,0.75,0.9,0.0,0.6,0.0,0.08,0.04
6,PE_PB_FED,-0.003604,0.15,0.3,0.4,0.5,0.7,0.8,0.9,0.0,0.6,0.75,0.06,0.03
8,PE_FED,-0.003606,0.05,0.2,0.35,0.5,0.65,0.85,0.9,1.0,0.0,0.0,0.06,0.05
6,PB_FED,-0.003613,0.05,0.3,0.35,0.7,0.65,0.8,0.85,1.0,0.0,0.0,0.12,0.04
6,PB_FED,-0.003613,0.05,0.3,0.35,0.7,0.65,0.8,0.85,1.0,0.0,0.0,0.08,0.04
6,PE_FED,-0.003615,0.05,0.2,0.35,0.55,0.7,0.75,0.95,0.5,0.0,0.0,0.1,0.04
6,PE_PB,-0.003616,0.15,0.2,0.35,0.55,0.65,0.8,0.85,0.0,0.65,0.0,0.1,0.03
8,PE_FED,-0.003617,0.15,0.3,0.45,0.7,0.7,0.85,0.9,1.0,0.0,0.0,0.1,0.04
8,PE_FED,-0.003618,0.2,0.25,0.45,0.65,0.7,0.75,0.85,1.0,0.0,0.0,0.12,0.03
6,PE_PB,-0.003627,0.05,0.3,0.45,0.55,0.65,0.85,0.95,0.0,0.55,0.0,0.1,0.04
6,PE_PB,-0.003629,0.05,0.2,0.45,0.55,0.65,0.8,0.9,0.0,0.5,0.0,0.06,0.03
6,PE_PB,-0.003656,0.05,0.15,0.35,0.55,0.65,0.8,0.85,0.0,0.6,0.0,0.08,0.05
6,PE_only,-0.003671,0.1,0.3,0.35,0.5,0.65,0.75,0.85,0.0,0.0,0.0,0.08,0.04
6,PE_PB_FED,-0.003674,0.15,0.25,0.3,0.65,0.75,0.8,0.95,0.5,0.65,0.8,0.12,0.03
6,PE_PB,-0.003681,0.2,0.3,0.35,0.6,0.75,0.85,0.9,0.0,0.6,0.0,0.08,0.04
8,PE_PB,-0.003692,0.2,0.25,0.45,0.5,0.7,0.75,0.85,0.0,0.55,0.0,0.08,0.04
6,PB_FED,-0.003695,0.2,0.25,0.35,0.6,0.75,0.8,0.85,1.0,0.0,0.0,0.06,0.04
6,PE_PB,-0.003698,0.1,0.25,0.45,0.65,0.75,0.8,0.9,0.0,0.5,0.0,0.08,0.03
6,PE_only,-0.003702,0.1,0.3,0.45,0.5,0.65,0.8,0.9,0.0,0.0,0.0,0.1,0.05
8,PE_PB_FED,-0.003703,0.05,0.2,0.3,0.6,0.75,0.85,0.9,1.0,0.65,0.75,0.1,0.05
6,PE_only,-0.003704,0.1,0.25,0.35,0.5,0.65,0.85,0.9,0.0,0.0,0.0,0.06,0.05
6,PE_PB,-0.003707,0.2,0.3,0.4,0.65,0.75,0.8,0.85,0.0,0.6,0.0,0.06,0.03
8,PE_PB,-0.003707,0.15,0.3,0.35,0.5,0.65,0.75,0.85,0.0,0.55,0.0,0.08,0.05
6,PB_FED,-0.003724,0.2,0.25,0.35,0.6,0.75,0.85,0.9,1.0,0.0,0.0,0.08,0.03
8,PE_FED,-0.003727,0.15,0.2,0.35,0.5,0.7,0.8,0.85,1.0,0.0,0.0,0.1,0.03
8,PE_FED,-0.003736,0.05,0.2,0.4,0.55,0.75,0.8,0.85,1.0,0.0,0.0,0.08,0.04
6,PE_PB_FED,-0.003737,0.2,0.25,0.3,0.5,0.65,0.8,0.9,-0.5,0.65,0.75,0.08,0.04
6,PE_PB,-0.003739,0.15,0.2,0.4,0.5,0.65,0.8,0.9,0.0,0.6,0.0,0.06,0.04
6,PB_FED,-0.00374,0.15,0.3,0.4,0.65,0.7,0.8,0.85,1.0,0.0,0.0,0.08,0.04
6,PE_PB,-0.003744,0.15,0.2,0.3,0.6,0.7,0.8,0.85,0.0,0.55,0.0,0.06,0.04
6,PE_PB,-0.003744,0.1,0.2,0.3,0.6,0.75,0.8,0.85,0.0,0.55,0.0,0.08,0.03
6,PE_only,-0.003753,0.1,0.2,0.45,0.5,0.65,0.8,0.85,0.0,0.0,0.0,0.1,0.04
6,PE_PB,-0.003755,0.1,0.25,0.45,0.5,0.75,0.85,0.95,0.0,0.55,0.0,0.06,0.05
6,PE_PB,-0.003765,0.15,0.3,0.45,0.6,0.65,0.8,0.9,0.0,0.55,0.0,0.08,0.03
8,PE_PB_FED,-0.003774,0.2,0.3,0.35,0.5,0.65,0.8,0.9,1.0,0.6,0.75,0.12,0.04
6,PB_FED,-0.003782,0.1,0.25,0.35,0.55,0.7,0.85,0.9,1.0,0.0,0.0,0.06,0.03
6,PE_PB_FED,-0.003785,0.15,0.3,0.4,0.55,0.75,0.85,0.9,0.0,0.65,0.75,0.06,0.03
8,PE_PB,-0.003789,0.1,0.2,0.4,0.5,0.7,0.85,0.9,0.0,0.5,0.0,0.08,0.05
6,PE_PB,-0.003796,0.05,0.25,0.3,0.5,0.75,0.8,0.95,0.0,0.5,0.0,0.08,0.05
6,PE_PB,-0.003804,0.1,0.3,0.35,0.7,0.65,0.85,0.9,0.0,0.55,0.0,0.1,0.04
6,PE_PB_FED,-0.003804,0.2,0.25,0.4,0.6,0.75,0.8,0.85,0.0,0.6,0.8,0.08,0.05
6,PE_only,-0.003807,0.2,0.25,0.4,0.5,0.7,0.75,0.85,0.0,0.0,0.0,0.08,0.05
6,PE_PB_FED,-0.003808,0.1,0.25,0.35,0.55,0.65,0.8,0.85,0.0,0.6,0.7,0.1,0.05
6,PE_PB,-0.003817,0.1,0.3,0.4,0.5,0.65,0.75,0.9,0.0,0.65,0.0,0.1,0.03
6,PE_PB_FED,-0.003818,0.15,0.2,0.4,0.55,0.7,0.8,0.95,0.5,0.65,0.8,0.08,0.03
6,PE_PB_FED,-0.003822,0.05,0.15,0.3,0.65,0.75,0.8,0.95,1.0,0.55,0.7,0.06,0.03
6,PE_PB,-0.003824,0.05,0.15,0.4,0.55,0.7,0.8,0.85,0.0,0.6,0.0,0.06,0.05
6,PB_FED,-0.003825,0.15,0.3,0.35,0.55,0.65,0.8,0.95,1.0,0.0,0.0,0.1,0.04
6,PE_only,-0.00383,0.2,0.3,0.4,0.55,0.7,0.8,0.85,0.0,0.0,0.0,0.08,0.03
6,PE_PB_FED,-0.00383,0.05,0.25,0.45,0.7,0.7,0.8,0.9,-0.5,0.5,0.75,0.08,0.05
6,PE_PB,-0.003831,0.2,0.25,0.45,0.5,0.65,0.75,0.95,0.0,0.5,0.0,0.1,0.03
6,PE_PB_FED,-0.003833,0.2,0.25,0.35,0.55,0.75,0.8,0.85,0.0,0.65,0.7,0.08,0.05
6,PE_FED,-0.00384,0.1,0.3,0.35,0.65,0.7,0.8,0.95,0.5,0.0,0.0,0.08,0.03
6,PE_FED,-0.003846,0.1,0.15,0.3,0.65,0.7,0.75,0.9,0.5,0.0,0.0,0.06,0.05
6,PE_only,-0.003859,0.15,0.25,0.35,0.5,0.7,0.8,0.85,0.0,0.0,0.0,0.12,0.04
8,PE_FED,-0.003869,0.05,0.3,0.35,0.6,0.7,0.75,0.85,1.0,0.0,0.0,0.12,0.05
6,PE_PB_FED,-0.00387,0.1,0.2,0.45,0.7,0.7,0.75,0.85,-0.5,0.5,0.7,0.08,0.03
6,PE_PB,-0.003876,0.05,0.3,0.4,0.6,0.65,0.8,0.85,0.0,0.6,0.0,0.08,0.04
6,PE_PB,-0.003881,0.1,0.2,0.4,0.55,0.65,0.85,0.9,0.0,0.65,0.0,0.12,0.05
6,PE_PB_FED,-0.003882,0.1,0.25,0.3,0.6,0.7,0.75,0.85,0.0,0.5,0.75,0.1,0.04
8,PE_PB_FED,-0.003882,0.1,0.2,0.35,0.5,0.65,0.85,0.9,1.0,0.6,0.7,0.1,0.04
6,PE_PB,-0.003884,0.05,0.25,0.3,0.65,0.65,0.8,0.85,0.0,0.55,0.0,0.06,0.03
6,PE_PB,-0.003889,0.15,0.2,0.45,0.55,0.65,0.75,0.85,0.0,0.6,0.0,0.06,0.04
6,PE_only,-0.00389,0.15,0.2,0.45,0.5,0.7,0.85,0.9,0.0,0.0,0.0,0.1,0.05
6,PE_PB,-0.003892,0.1,0.15,0.35,0.5,0.7,0.85,0.95,0.0,0.5,0.0,0.12,0.04
6,PE_PB_FED,-0.003892,0.15,0.25,0.45,0.7,0.7,0.75,0.85,0.0,0.5,0.8,0.1,0.04
6,PE_PB,-0.003893,0.15,0.2,0.35,0.55,0.7,0.8,0.85,0.0,0.65,0.0,0.1,0.03
8,PE_FED,-0.003894,0.1,0.25,0.45,0.65,0.7,0.85,0.9,1.0,0.0,0.0,0.06,0.05
6,PE_FED,-0.00391,0.2,0.25,0.3,0.7,0.65,0.8,0.95,0.5,0.0,0.0,0.1,0.03
6,PE_PB_FED,-0.003914,0.1,0.2,0.3,0.65,0.7,0.8,0.95,0.5,0.55,0.75,0.12,0.05
6,PE_PB,-0.003916,0.05,0.15,0.45,0.6,0.7,0.8,0.85,0.0,0.55,0.0,0.12,0.04
8,PE_PB_FED,-0.003923,0.2,0.25,0.4,0.55,0.7,0.85,0.9,0.5,0.5,0.8,0.08,0.05
6,PE_PB_FED,-0.003927,0.05,0.2,0.4,0.55,0.65,0.8,0.95,0.5,0.65,0.8,0.06,0.03
6,PE_PB_FED,-0.003933,0.05,0.2,0.45,0.7,0.75,0.85,0.9,0.0,0.5,0.75,0.1,0.05
6,PB_FED,-0.003935,0.15,0.3,0.4,0.5,0.75,0.85,0.9,0.5,0.0,0.0,0.12,0.05
6,PB_FED,-0.003935,0.05,0.2,0.4,0.5,0.65,0.8,0.9,1.0,0.0,0.0,0.12,0.05
6,PE_PB,-0.003943,0.1,0.25,0.35,0.5,0.75,0.8,0.95,0.0,0.5,0.0,0.12,0.04
8,PE_PB_FED,-0.003944,0.1,0.25,0.45,0.7,0.7,0.85,0.9,1.0,0.6,0.7,0.12,0.03
8,PE_PB_FED,-0.003947,0.05,0.15,0.4,0.6,0.65,0.85,0.9,1.0,0.5,0.75,0.1,0.05
6,PE_PB,-0.003951,0.1,0.15,0.3,0.5,0.7,0.75,0.85,0.0,0.6,0.0,0.06,0.03
6,PE_PB_FED,-0.003959,0.1,0.15,0.3,0.5,0.75,0.8,0.85,0.0,0.55,0.7,0.1,0.03
6,PE_PB_FED,-0.003967,0.15,0.2,0.3,0.55,0.65,0.8,0.95,0.5,0.65,0.75,0.08,0.05
6,PE_PB_FED,-0.003974,0.1,0.2,0.45,0.7,0.75,0.8,0.95,0.5,0.6,0.7,0.12,0.04
6,PE_PB,-0.003993,0.1,0.25,0.45,0.55,0.65,0.75,0.85,0.0,0.65,0.0,0.1,0.04
6,PB_FED,-0.004014,0.15,0.25,0.35,0.5,0.65,0.8,0.95,1.0,0.0,0.0,0.06,0.04
6,PE_PB_FED,-0.004015,0.05,0.15,0.4,0.5,0.7,0.8,0.85,0.0,0.6,0.75,0.1,0.04
6,PE_PB_FED,-0.004016,0.15,0.2,0.45,0.65,0.65,0.75,0.95,0.5,0.6,0.8,0.08,0.03
6,PB_FED,-0.004025,0.1,0.25,0.3,0.6,0.65,0.8,0.85,1.0,0.0,0.0,0.12,0.05
6,PB_FED,-0.004027,0.2,0.25,0.45,0.6,0.7,0.8,0.85,1.0,0.0,0.0,0.12,0.04
6,PE_only,-0.004036,0.05,0.3,0.45,0.55,0.65,0.8,0.85,0.0,0.0,0.0,0.1,0.05
6,PE_only,-0.004036,0.05,0.3,0.45,0.55,0.7,0.8,0.85,0.0,0.0,0.0,0.06,0.05
6,PB_FED,-0.00404,0.15,0.25,0.3,0.5,0.65,0.8,0.9,1.0,0.0,0.0,0.12,0.05
6,PE_only,-0.004042,0.05,0.3,0.45,0.55,0.75,0.8,0.85,0.0,0.0,0.0,0.1,0.05
8,PE_FED,-0.004043,0.15,0.25,0.35,0.7,0.7,0.8,0.85,1.0,0.0,0.0,0.1,0.04
6,PE_PB_FED,-0.004052,0.05,0.3,0.4,0.5,0.65,0.8,0.9,0.0,0.6,0.7,0.1,0.03
8,PE_PB_FED,-0.004054,0.05,0.25,0.45,0.65,0.7,0.85,0.9,1.0,0.65,0.75,0.1,0.03
6,PE_PB_FED,-0.004057,0.2,0.25,0.3,0.65,0.7,0.75,0.85,0.0,0.5,0.8,0.12,0.04
6,PE_PB_FED,-0.004065,0.05,0.2,0.35,0.7,0.75,0.8,0.95,0.5,0.6,0.7,0.12,0.04
8,PE_PB,-0.004072,0.2,0.3,0.35,0.6,0.7,0.8,0.85,0.0,0.5,0.0,0.06,0.03
8,PE_FED,-0.004072,0.1,0.25,0.3,0.5,0.75,0.85,0.9,1.0,0.0,0.0,0.12,0.03
6,PE_PB_FED,-0.004076,0.05,0.3,0.45,0.55,0.65,0.85,0.95,-0.5,0.5,0.8,0.08,0.05
6,PE_PB,-0.004095,0.1,0.15,0.4,0.7,0.65,0.8,0.85,0.0,0.5,0.0,0.1,0.03
6,PE_PB,-0.004096,0.05,0.25,0.4,0.5,0.75,0.8,0.9,0.0,0.65,0.0,0.08,0.04
6,PE_FED,-0.004096,0.2,0.3,0.4,0.5,0.65,0.8,0.85,0.0,0.0,0.0,0.1,0.04
8,PE_PB,-0.004097,0.2,0.25,0.4,0.5,0.7,0.75,0.85,0.0,0.5,0.0,0.08,0.04
6,PE_PB_FED,-0.004102,0.15,0.2,0.45,0.5,0.7,0.85,0.9,0.0,0.6,0.75,0.1,0.04
8,PE_PB_FED,-0.004105,0.1,0.25,0.3,0.7,0.65,0.8,0.85,1.0,0.6,0.75,0.08,0.03
6,PE_PB_FED,-0.004107,0.05,0.15,0.35,0.55,0.7,0.8,0.95,1.0,0.6,0.75,0.1,0.03
8,PE_PB_FED,-0.004109,0.1,0.15,0.35,0.65,0.75,0.8,0.85,1.0,0.5,0.8,0.06,0.04
6,PE_FED,-0.004112,0.1,0.25,0.35,0.6,0.75,0.8,0.95,0.5,0.0,0.0,0.1,0.04
6,PE_FED,-0.004122,0.05,0.15,0.45,0.6,0.7,0.8,0.95,1.0,0.0,0.0,0.12,0.05
6,PE_PB_FED,-0.004131,0.05,0.25,0.4,0.7,0.7,0.85,0.9,-0.5,0.5,0.8,0.06,0.04
6,PE_FED,-0.004134,0.1,0.15,0.45,0.65,0.65,0.75,0.9,0.5,0.0,0.0,0.06,0.04
6,PB_FED,-0.004137,0.05,0.3,0.45,0.5,0.7,0.8,0.95,1.0,0.0,0.0,0.08,0.03
6,PE_PB,-0.004139,0.05,0.3,0.4,0.55,0.65,0.8,0.9,0.0,0.65,0.0,0.08,0.05
8,PE_PB_FED,-0.004141,0.1,0.3,0.35,0.55,0.7,0.75,0.85,1.0,0.65,0.75,0.12,0.03
6,PE_PB_FED,-0.004146,0.2,0.3,0.35,0.5,0.65,0.85,0.95,-0.5,0.55,0.8,0.06,0.04
6,PE_PB,-0.004149,0.2,0.3,0.45,0.5,0.65,0.85,0.95,0.0,0.65,0.0,0.12,0.04
6,PE_PB_FED,-0.004149,0.1,0.2,0.45,0.5,0.65,0.8,0.9,-0.5,0.55,0.8,0.08,0.04
6,PE_FED,-0.004151,0.1,0.15,0.45,0.5,0.75,0.8,0.95,1.0,0.0,0.0,0.1,0.05
6,PE_FED,-0.004152,0.05,0.3,0.35,0.5,0.65,0.85,0.9,-0.5,0.0,0.0,0.1,0.03
8,PE_PB_FED,-0.004155,0.1,0.2,0.4,0.6,0.65,0.75,0.85,1.0,0.5,0.8,0.12,0.05
6,PE_PB,-0.004159,0.2,0.25,0.4,0.55,0.7,0.75,0.9,0.0,0.5,0.0,0.12,0.05
8,PE_PB,-0.004164,0.2,0.3,0.35,0.6,0.7,0.8,0.85,0.0,0.5,0.0,0.1,0.04
8,PE_PB,-0.004164,0.2,0.3,0.35,0.6,0.75,0.8,0.85,0.0,0.5,0.0,0.12,0.04
6,PE_PB,-0.00417,0.1,0.2,0.35,0.7,0.7,0.85,0.9,0.0,0.5,0.0,0.08,0.04
6,PE_PB,-0.004176,0.15,0.3,0.45,0.6,0.7,0.85,0.9,0.0,0.6,0.0,0.12,0.03
6,PE_only,-0.004179,0.2,0.3,0.45,0.55,0.75,0.8,0.85,0.0,0.0,0.0,0.12,0.04
6,PE_FED,-0.004182,0.15,0.2,0.45,0.6,0.7,0.8,0.95,0.5,0.0,0.0,0.08,0.05
6,PB_FED,-0.004195,0.15,0.3,0.45,0.55,0.7,0.85,0.95,1.0,0.0,0.0,0.12,0.03
8,PE_FED,-0.004202,0.05,0.2,0.35,0.5,0.7,0.8,0.85,1.0,0.0,0.0,0.08,0.04
6,PE_PB,-0.004204,0.15,0.3,0.35,0.5,0.65,0.85,0.95,0.0,0.55,0.0,0.1,0.03
8,PE_PB,-0.004215,0.05,0.3,0.35,0.5,0.65,0.75,0.85,0.0,0.5,0.0,0.06,0.03
6,PE_only,-0.004216,0.1,0.2,0.45,0.5,0.65,0.8,0.85,0.0,0.0,0.0,0.12,0.05
6,PE_PB,-0.004218,0.15,0.3,0.4,0.7,0.7,0.8,0.9,0.0,0.5,0.0,0.06,0.04
6,PE_PB,-0.004219,0.05,0.3,0.45,0.6,0.65,0.8,0.9,0.0,0.55,0.0,0.06,0.04
6,PE_PB,-0.004225,0.15,0.25,0.4,0.6,0.65,0.75,0.85,0.0,0.55,0.0,0.1,0.05
6,PE_PB_FED,-0.004226,0.1,0.15,0.3,0.6,0.7,0.75,0.95,1.0,0.55,0.7,0.08,0.05
6,PE_PB,-0.004229,0.1,0.2,0.45,0.55,0.7,0.75,0.85,0.0,0.6,0.0,0.08,0.04
6,PE_PB,-0.004232,0.05,0.2,0.4,0.55,0.75,0.8,0.85,0.0,0.65,0.0,0.1,0.05
6,PE_PB,-0.004233,0.05,0.2,0.35,0.55,0.65,0.75,0.85,0.0,0.5,0.0,0.08,0.03
6,PE_FED,-0.004238,0.1,0.3,0.4,0.65,0.7,0.75,0.95,0.5,0.0,0.0,0.06,0.05
6,PE_PB,-0.004239,0.05,0.3,0.4,0.6,0.65,0.85,0.9,0.0,0.6,0.0,0.12,0.05
6,PE_PB,-0.004239,0.1,0.2,0.4,0.7,0.75,0.85,0.9,0.0,0.5,0.0,0.06,0.04
8,PE_PB_FED,-0.004239,0.1,0.2,0.35,0.6,0.75,0.8,0.85,1.0,0.65,0.75,0.12,0.04
6,PE_PB,-0.004242,0.05,0.15,0.3,0.5,0.7,0.85,0.9,0.0,0.65,0.0,0.12,0.03
6,PE_PB_FED,-0.004244,0.1,0.15,0.3,0.5,0.65,0.8,0.95,1.0,0.65,0.75,0.12,0.05
8,PE_FED,-0.004254,0.05,0.3,0.4,0.5,0.65,0.75,0.85,1.0,0.0,0.0,0.1,0.03
6,PE_FED,-0.004259,0.1,0.2,0.45,0.55,0.65,0.8,0.95,0.5,0.0,0.0,0.12,0.05
6,PE_PB,-0.004261,0.2,0.3,0.4,0.65,0.65,0.75,0.9,0.0,0.5,0.0,0.06,0.04
8,PE_PB_FED,-0.004263,0.1,0.25,0.35,0.7,0.65,0.8,0.85,1.0,0.6,0.8,0.1,0.03
6,PB_FED,-0.004268,0.1,0.3,0.4,0.55,0.75,0.85,0.95,1.0,0.0,0.0,0.08,0.03
6,PB_FED,-0.004268,0.05,0.3,0.35,0.65,0.7,0.85,0.95,1.0,0.0,0.0,0.12,0.05
8,PE_PB_FED,-0.004268,0.05,0.3,0.45,0.55,0.75,0.85,0.9,0.5,0.55,0.7,0.12,0.05
6,PB_FED,-0.004272,0.1,0.3,0.4,0.7,0.7,0.85,0.9,1.0,0.0,0.0,0.1,0.03
6,PE_PB_FED,-0.004275,0.1,0.2,0.35,0.6,0.7,0.75,0.85,-0.5,0.5,0.75,0.12,0.04
6,PE_PB,-0.004284,0.1,0.15,0.3,0.55,0.75,0.8,0.85,0.0,0.55,0.0,0.06,0.03
8,PE_PB,-0.00429,0.15,0.3,0.4,0.5,0.7,0.8,0.85,0.0,0.6,0.0,0.12,0.04
8,PE_FED,-0.004302,0.05,0.2,0.4,0.5,0.75,0.8,0.85,1.0,0.0,0.0,0.12,0.04
6,PE_PB,-0.004306,0.15,0.2,0.45,0.55,0.7,0.85,0.9,0.0,0.65,0.0,0.12,0.03
6,PE_PB,-0.004306,0.05,0.25,0.45,0.55,0.75,0.8,0.9,0.0,0.55,0.0,0.1,0.03
6,PE_PB_FED,-0.004329,0.05,0.3,0.35,0.55,0.65,0.75,0.85,-0.5,0.65,0.75,0.12,0.04
6,PE_PB,-0.004338,0.15,0.2,0.45,0.55,0.7,0.75,0.85,0.0,0.6,0.0,0.12,0.03
6,PE_PB_FED,-0.004341,0.15,0.2,0.45,0.5,0.7,0.75,0.9,-0.5,0.5,0.75,0.1,0.05
6,PB_FED,-0.004346,0.2,0.25,0.35,0.5,0.7,0.8,0.95,1.0,0.0,0.0,0.12,0.05
6,PE_FED,-0.004348,0.05,0.25,0.4,0.65,0.7,0.8,0.95,0.5,0.0,0.0,0.12,0.05
6,PE_PB_FED,-0.004356,0.15,0.2,0.4,0.5,0.75,0.85,0.9,-0.5,0.65,0.75,0.1,0.04
6,PE_PB,-0.004362,0.1,0.2,0.45,0.65,0.75,0.8,0.85,0.0,0.55,0.0,0.12,0.03
6,PE_only,-0.00437,0.05,0.25,0.4,0.5,0.7,0.8,0.85,0.0,0.0,0.0,0.12,0.04
6,PE_PB_FED,-0.004371,0.15,0.25,0.45,0.5,0.65,0.75,0.9,-0.5,0.5,0.7,0.1,0.03
6,PE_only,-0.004372,0.1,0.3,0.4,0.5,0.7,0.75,0.85,0.0,0.0,0.0,0.06,0.05
6,PE_PB_FED,-0.004374,0.1,0.15,0.4,0.7,0.75,0.85,0.95,0.5,0.55,0.8,0.08,0.03
8,PE_PB_FED,-0.004376,0.1,0.25,0.4,0.6,0.7,0.85,0.9,1.0,0.65,0.8,0.08,0.03
6,PE_PB,-0.004378,0.1,0.15,0.35,0.5,0.65,0.75,0.9,0.0,0.5,0.0,0.08,0.03
8,PE_PB_FED,-0.004381,0.1,0.2,0.3,0.65,0.7,0.85,0.9,1.0,0.5,0.7,0.08,0.04
8,PE_FED,-0.004389,0.15,0.3,0.4,0.55,0.7,0.75,0.85,1.0,0.0,0.0,0.1,0.04
6,PE_FED,-0.00439,0.15,0.3,0.4,0.5,0.65,0.8,0.85,-0.5,0.0,0.0,0.06,0.04
6,PB_FED,-0.004396,0.1,0.2,0.3,0.5,0.65,0.85,0.95,1.0,0.0,0.0,0.06,0.04
6,PE_PB,-0.004399,0.2,0.3,0.35,0.6,0.65,0.85,0.9,0.0,0.6,0.0,0.1,0.03
8,PE_FED,-0.004403,0.1,0.3,0.4,0.65,0.65,0.85,0.9,1.0,0.0,0.0,0.08,0.03
6,PE_PB_FED,-0.004404,0.2,0.25,0.3,0.65,0.75,0.85,0.9,0.0,0.5,0.7,0.08,0.04
6,PE_PB,-0.004406,0.15,0.2,0.45,0.55,0.7,0.75,0.85,0.0,0.6,0.0,0.12,0.05
6,PE_PB,-0.004407,0.2,0.3,0.35,0.55,0.65,0.75,0.9,0.0,0.5,0.0,0.12,0.04
6,PE_only,-0.004411,0.2,0.25,0.3,0.5,0.75,0.85,0.9,0.0,0.0,0.0,0.1,0.05
6,PE_PB,-0.004413,0.05,0.15,0.45,0.5,0.7,0.85,0.95,0.0,0.5,0.0,0.06,0.03
8,PE_PB,-0.004413,0.2,0.25,0.4,0.5,0.65,0.85,0.9,0.0,0.55,0.0,0.12,0.03
8,PE_FED,-0.004425,0.1,0.25,0.45,0.6,0.75,0.85,0.9,1.0,0.0,0.0,0.06,0.05
6,PE_PB,-0.004428,0.05,0.15,0.3,0.55,0.65,0.8,0.85,0.0,0.55,0.0,0.12,0.05
6,PE_PB_FED,-0.00443,0.05,0.3,0.45,0.65,0.7,0.85,0.9,-0.5,0.6,0.7,0.06,0.05
6,PE_PB,-0.004432,0.05,0.15,0.45,0.65,0.65,0.85,0.9,0.0,0.5,0.0,0.08,0.04
6,PB_FED,-0.004435,0.05,0.25,0.35,0.65,0.65,0.8,0.85,1.0,0.0,0.0,0.08,0.05
8,PE_PB_FED,-0.004435,0.1,0.2,0.45,0.7,0.7,0.85,0.9,1.0,0.5,0.75,0.06,0.03
8,PE_PB,-0.004439,0.15,0.25,0.45,0.5,0.75,0.85,0.9,0.0,0.5,0.0,0.12,0.04
6,PE_FED,-0.004445,0.15,0.25,0.3,0.55,0.75,0.8,0.95,0.5,0.0,0.0,0.1,0.04
6,PE_PB_FED,-0.00445,0.15,0.2,0.35,0.65,0.7,0.85,0.9,-0.5,0.5,0.8,0.06,0.03
6,PE_PB_FED,-0.004458,0.15,0.25,0.35,0.7,0.75,0.8,0.95,0.5,0.65,0.7,0.1,0.04
6,PB_FED,-0.004462,0.1,0.3,0.45,0.6,0.65,0.85,0.9,1.0,0.0,0.0,0.12,0.03
8,PE_PB_FED,-0.004477,0.1,0.3,0.45,0.65,0.65,0.75,0.85,1.0,0.65,0.8,0.12,0.04
6,PE_PB,-0.004481,0.05,0.15,0.45,0.55,0.75,0.8,0.85,0.0,0.6,0.0,0.08,0.03
6,PE_FED,-0.00449,0.05,0.2,0.35,0.65,0.7,0.85,0.95,0.5,0.0,0.0,0.1,0.03
6,PE_PB_FED,-0.00449,0.15,0.2,0.45,0.55,0.65,0.75,0.85,-0.5,0.55,0.75,0.1,0.05
6,PE_PB,-0.004491,0.1,0.25,0.45,0.5,0.7,0.8,0.9,0.0,0.65,0.0,0.12,0.04
6,PB_FED,-0.004491,0.1,0.25,0.4,0.7,0.7,0.85,0.9,1.0,0.0,0.0,0.08,0.05
6,PE_PB_FED,-0.004494,0.1,0.25,0.3,0.65,0.75,0.85,0.9,0.0,0.5,0.8,0.08,0.05
6,PE_PB_FED,-0.004511,0.1,0.2,0.3,0.65,0.65,0.8,0.85,-0.5,0.5,0.75,0.12,0.03
6,PE_PB_FED,-0.004517,0.1,0.15,0.35,0.5,0.7,0.75,0.95,0.5,0.5,0.8,0.08,0.04
6,PE_PB_FED,-0.00452,0.2,0.3,0.45,0.55,0.7,0.85,0.95,-0.5,0.5,0.75,0.12,0.03
6,PE_PB,-0.004521,0.2,0.25,0.3,0.7,0.75,0.8,0.9,0.0,0.5,0.0,0.1,0.05
6,PE_PB,-0.004536,0.05,0.2,0.3,0.55,0.65,0.75,0.85,0.0,0.5,0.0,0.12,0.05
6,PE_FED,-0.004548,0.15,0.3,0.35,0.65,0.75,0.8,0.95,0.5,0.0,0.0,0.12,0.04
6,PB_FED,-0.00455,0.2,0.3,0.4,0.5,0.75,0.8,0.85,0.5,0.0,0.0,0.1,0.05
6,PE_PB_FED,-0.004551,0.15,0.25,0.3,0.55,0.7,0.75,0.85,0.0,0.5,0.7,0.06,0.03
8,PE_PB_FED,-0.004555,0.05,0.25,0.45,0.6,0.75,0.85,0.9,1.0,0.6,0.75,0.06,0.04
6,PE_only,-0.004566,0.05,0.25,0.4,0.5,0.7,0.8,0.85,0.0,0.0,0.0,0.12,0.03
6,PE_PB,-0.004569,0.05,0.2,0.45,0.55,0.65,0.8,0.85,0.0,0.65,0.0,0.12,0.03
8,PE_FED,-0.004571,0.15,0.2,0.45,0.5,0.65,0.8,0.85,1.0,0.0,0.0,0.1,0.05
6,PE_PB,-0.004583,0.1,0.15,0.45,0.55,0.65,0.75,0.85,0.0,0.55,0.0,0.1,0.05
6,PE_PB,-0.004585,0.05,0.25,0.35,0.65,0.7,0.8,0.85,0.0,0.55,0.0,0.08,0.05
6,PE_PB_FED,-0.004585,0.15,0.3,0.4,0.5,0.65,0.75,0.85,0.0,0.65,0.75,0.1,0.04
8,PE_PB_FED,-0.004602,0.2,0.3,0.35,0.5,0.7,0.8,0.9,1.0,0.5,0.75,0.1,0.03
6,PE_PB,-0.004605,0.1,0.2,0.35,0.7,0.75,0.85,0.9,0.0,0.5,0.0,0.1,0.03
6,PE_PB,-0.004606,0.1,0.2,0.3,0.5,0.7,0.75,0.85,0.0,0.65,0.0,0.1,0.05
6,PE_PB_FED,-0.004612,0.05,0.15,0.35,0.5,0.75,0.8,0.85,0.0,0.55,0.8,0.08,0.04
6,PE_PB_FED,-0.004613,0.05,0.15,0.4,0.7,0.75,0.8,0.95,1.0,0.5,0.7,0.1,0.03
6,PE_PB,-0.004622,0.05,0.3,0.45,0.55,0.65,0.85,0.95,0.0,0.5,0.0,0.12,0.05
6,PE_PB,-0.004626,0.2,0.25,0.4,0.7,0.7,0.8,0.85,0.0,0.55,0.0,0.1,0.05
8,PE_PB,-0.004631,0.15,0.3,0.4,0.5,0.7,0.75,0.85,0.0,0.5,0.0,0.08,0.03
6,PE_PB_FED,-0.004637,0.05,0.25,0.4,0.65,0.7,0.75,0.95,0.5,0.6,0.7,0.12,0.03
6,PE_PB_FED,-0.004637,0.05,0.2,0.3,0.55,0.7,0.8,0.95,0.5,0.55,0.75,0.06,0.03
8,PE_PB_FED,-0.004638,0.05,0.25,0.3,0.6,0.65,0.85,0.9,1.0,0.6,0.8,0.12,0.03
8,PE_PB,-0.004645,0.2,0.3,0.45,0.6,0.7,0.8,0.85,0.0,0.5,0.0,0.12,0.03
6,PE_only,-0.004668,0.15,0.3,0.35,0.5,0.75,0.85,0.9,0.0,0.0,0.0,0.06,0.03
6,PE_PB,-0.004671,0.15,0.3,0.35,0.65,0.7,0.75,0.85,0.0,0.55,0.0,0.08,0.05
8,PE_FED,-0.004677,0.15,0.3,0.35,0.55,0.65,0.85,0.9,1.0,0.0,0.0,0.08,0.04
6,PE_PB_FED,-0.004681,0.1,0.25,0.4,0.7,0.65,0.8,0.85,0.0,0.5,0.7,0.12,0.03
6,PE_PB,-0.004686,0.15,0.25,0.35,0.55,0.7,0.8,0.85,0.0,0.65,0.0,0.06,0.04
6,PE_PB,-0.004695,0.1,0.15,0.45,0.6,0.75,0.85,0.9,0.0,0.5,0.0,0.06,0.04
6,PE_PB_FED,-0.004695,0.2,0.3,0.4,0.7,0.7,0.8,0.9,-0.5,0.5,0.8,0.12,0.04
6,PE_PB,-0.004698,0.1,0.25,0.4,0.7,0.65,0.75,0.85,0.0,0.5,0.0,0.1,0.03
6,PE_PB_FED,-0.004707,0.15,0.3,0.4,0.55,0.75,0.85,0.9,0.0,0.6,0.8,0.1,0.03
6,PE_PB,-0.004708,0.1,0.15,0.3,0.65,0.75,0.8,0.85,0.0,0.5,0.0,0.12,0.05
6,PE_FED,-0.004713,0.05,0.2,0.4,0.7,0.65,0.85,0.95,0.5,0.0,0.0,0.06,0.05
6,PE_PB,-0.004715,0.05,0.15,0.45,0.55,0.65,0.85,0.9,0.0,0.55,0.0,0.12,0.04
8,PE_PB_FED,-0.004719,0.15,0.25,0.4,0.6,0.65,0.75,0.85,1.0,0.55,0.7,0.1,0.05
8,PE_FED,-0.004723,0.1,0.25,0.45,0.55,0.75,0.85,0.9,1.0,0.0,0.0,0.12,0.05
6,PE_PB,-0.004725,0.05,0.2,0.3,0.5,0.7,0.8,0.9,0.0,0.55,0.0,0.08,0.05
6,PB_FED,-0.004732,0.1,0.25,0.45,0.6,0.75,0.85,0.9,1.0,0.0,0.0,0.12,0.05
6,PB_FED,-0.004732,0.1,0.25,0.45,0.6,0.65,0.85,0.9,1.0,0.0,0.0,0.1,0.05
8,PE_PB_FED,-0.004743,0.2,0.3,0.35,0.5,0.75,0.8,0.85,-0.5,0.5,0.7,0.06,0.03
6,PB_FED,-0.00475,0.05,0.25,0.35,0.7,0.75,0.85,0.9,1.0,0.0,0.0,0.06,0.05
6,PE_PB,-0.004751,0.05,0.25,0.3,0.55,0.65,0.8,0.85,0.0,0.65,0.0,0.12,0.05
6,PE_PB,-0.004756,0.15,0.2,0.3,0.55,0.7,0.85,0.9,0.0,0.55,0.0,0.08,0.04
6,PE_PB_FED,-0.004756,0.05,0.2,0.45,0.55,0.65,0.85,0.9,-0.5,0.55,0.7,0.1,0.04
6,PE_PB,-0.004768,0.05,0.3,0.4,0.7,0.65,0.85,0.9,0.0,0.55,0.0,0.08,0.03
6,PE_only,-0.00478,0.2,0.25,0.35,0.5,0.7,0.8,0.85,0.0,0.0,0.0,0.12,0.04
6,PE_PB_FED,-0.004799,0.05,0.25,0.4,0.65,0.65,0.85,0.9,0.0,0.5,0.7,0.06,0.03
6,PE_only,-0.004804,0.2,0.25,0.4,0.5,0.65,0.8,0.85,0.0,0.0,0.0,0.1,0.03
8,PE_PB_FED,-0.004804,0.15,0.2,0.3,0.6,0.7,0.85,0.9,1.0,0.55,0.8,0.1,0.03
6,PE_PB_FED,-0.004805,0.1,0.25,0.35,0.55,0.7,0.75,0.85,-0.5,0.55,0.7,0.06,0.05
6,PE_PB,-0.004809,0.15,0.2,0.3,0.5,0.65,0.75,0.85,0.0,0.6,0.0,0.06,0.04
6,PE_PB_FED,-0.004816,0.2,0.25,0.4,0.5,0.65,0.75,0.85,0.0,0.6,0.8,0.12,0.03
6,PE_PB_FED,-0.004822,0.15,0.25,0.3,0.6,0.65,0.75,0.85,-0.5,0.5,0.75,0.12,0.03
6,PE_PB_FED,-0.004824,0.1,0.3,0.35,0.6,0.65,0.75,0.95,0.5,0.65,0.8,0.06,0.04
6,PE_PB,-0.004835,0.15,0.2,0.45,0.7,0.7,0.75,0.85,0.0,0.5,0.0,0.08,0.05
6,PE_PB,-0.004839,0.1,0.25,0.4,0.55,0.75,0.8,0.85,0.0,0.65,0.0,0.12,0.04
6,PE_PB,-0.004842,0.1,0.25,0.3,0.7,0.65,0.85,0.9,0.0,0.5,0.0,0.1,0.04
6,PE_PB,-0.004846,0.1,0.2,0.3,0.6,0.65,0.85,0.9,0.0,0.5,0.0,0.12,0.04
8,PE_PB_FED,-0.004851,0.1,0.3,0.45,0.5,0.7,0.85,0.9,0.5,0.5,0.75,0.1,0.04
6,PE_FED,-0.004853,0.05,0.2,0.45,0.6,0.65,0.8,0.95,0.5,0.0,0.0,0.06,0.05
6,PE_FED,-0.004858,0.05,0.25,0.4,0.6,0.7,0.8,0.95,0.5,0.0,0.0,0.06,0.03
6,PE_only,-0.004859,0.15,0.3,0.4,0.5,0.75,0.85,0.9,0.0,0.0,0.0,0.06,0.03
6,PE_PB,-0.004865,0.2,0.3,0.35,0.55,0.65,0.85,0.95,0.0,0.5,0.0,0.08,0.05
8,PE_PB,-0.004869,0.15,0.3,0.35,0.5,0.7,0.85,0.9,0.0,0.55,0.0,0.08,0.03
6,PE_PB,-0.004874,0.15,0.3,0.45,0.7,0.7,0.85,0.9,0.0,0.55,0.0,0.08,0.03
6,PE_PB_FED,-0.004876,0.1,0.2,0.35,0.65,0.65,0.8,0.95,0.5,0.5,0.75,0.08,0.03
6,PE_PB_FED,-0.004881,0.1,0.15,0.3,0.65,0.7,0.75,0.9,0.5,0.65,0.7,0.12,0.05
6,PE_PB_FED,-0.004884,0.1,0.3,0.35,0.6,0.7,0.8,0.85,-0.5,0.6,0.75,0.12,0.03
6,PE_only,-0.004888,0.1,0.3,0.45,0.5,0.7,0.75,0.85,0.0,0.0,0.0,0.08,0.04
6,PE_PB,-0.004899,0.05,0.25,0.35,0.55,0.65,0.85,0.9,0.0,0.65,0.0,0.08,0.05
6,PE_only,-0.004903,0.05,0.3,0.45,0.5,0.65,0.75,0.85,0.0,0.0,0.0,0.12,0.04
6,PB_FED,-0.004903,0.05,0.3,0.35,0.6,0.75,0.8,0.85,1.0,0.0,0.0,0.06,0.04
6,PB_FED,-0.004911,0.1,0.25,0.3,0.5,0.65,0.8,0.85,1.0,0.0,0.0,0.1,0.03
6,PE_PB_FED,-0.004913,0.1,0.15,0.3,0.55,0.7,0.85,0.95,0.5,0.55,0.8,0.08,0.05
6,PE_PB_FED,-0.004917,0.15,0.3,0.45,0.5,0.7,0.75,0.9,-0.5,0.6,0.8,0.1,0.05
8,PE_PB,-0.00493,0.15,0.25,0.35,0.5,0.65,0.8,0.85,0.0,0.5,0.0,0.08,0.05
6,PE_PB_FED,-0.004947,0.15,0.2,0.35,0.7,0.65,0.8,0.85,-0.5,0.5,0.8,0.12,0.05
6,PE_PB_FED,-0.00496,0.1,0.2,0.35,0.5,0.65,0.85,0.9,-0.5,0.65,0.75,0.12,0.05
6,PB_FED,-0.004962,0.05,0.2,0.3,0.5,0.75,0.85,0.9,1.0,0.0,0.0,0.06,0.04
6,PE_PB,-0.004978,0.2,0.3,0.45,0.5,0.75,0.85,0.95,0.0,0.6,0.0,0.08,0.04
6,PE_only,-0.004979,0.15,0.3,0.4,0.5,0.65,0.85,0.9,0.0,0.0,0.0,0.1,0.03
6,PE_PB,-0.004979,0.15,0.25,0.3,0.55,0.65,0.8,0.9,0.0,0.5,0.0,0.12,0.05
6,PE_only,-0.00498,0.2,0.25,0.35,0.5,0.65,0.8,0.85,0.0,0.0,0.0,0.12,0.05
6,PE_PB,-0.004984,0.1,0.15,0.4,0.55,0.75,0.85,0.9,0.0,0.5,0.0,0.1,0.04
6,PE_PB,-0.004994,0.1,0.2,0.4,0.5,0.65,0.85,0.95,0.0,0.5,0.0,0.1,0.04
6,PE_PB,-0.004994,0.1,0.2,0.4,0.5,0.7,0.85,0.95,0.0,0.5,0.0,0.1,0.04
6,PE_only,-0.005005,0.15,0.3,0.4,0.5,0.65,0.8,0.85,0.0,0.0,0.0,0.06,0.04
6,PE_PB_FED,-0.005006,0.1,0.2,0.3,0.65,0.75,0.8,0.85,-0.5,0.5,0.75,0.1,0.05
6,PE_PB,-0.005013,0.1,0.2,0.35,0.5,0.75,0.85,0.95,0.0,0.5,0.0,0.08,0.05
6,PE_PB_FED,-0.005028,0.05,0.2,0.45,0.5,0.65,0.85,0.9,-0.5,0.65,0.75,0.06,0.04
6,PE_PB,-0.005029,0.1,0.25,0.35,0.7,0.7,0.75,0.85,0.0,0.5,0.0,0.1,0.05
6,PE_only,-0.005045,0.15,0.3,0.45,0.5,0.7,0.75,0.85,0.0,0.0,0.0,0.06,0.03
6,PE_PB_FED,-0.005047,0.1,0.2,0.4,0.5,0.65,0.75,0.95,0.5,0.55,0.7,0.1,0.05
8,PE_PB_FED,-0.005047,0.05,0.25,0.3,0.6,0.75,0.8,0.85,1.0,0.65,0.7,0.06,0.05
8,PE_PB_FED,-0.005055,0.05,0.2,0.4,0.55,0.65,0.8,0.85,1.0,0.6,0.7,0.1,0.05
6,PE_PB_FED,-0.005056,0.05,0.3,0.45,0.65,0.7,0.85,0.9,0.0,0.55,0.7,0.06,0.03
6,PE_PB_FED,-0.005063,0.1,0.25,0.45,0.5,0.7,0.8,0.9,-0.5,0.55,0.8,0.06,0.03
6,PE_PB_FED,-0.005074,0.15,0.3,0.45,0.55,0.65,0.8,0.85,0.0,0.65,0.75,0.06,0.05
8,PE_PB,-0.00508,0.1,0.3,0.45,0.5,0.7,0.85,0.9,0.0,0.6,0.0,0.1,0.05
6,PE_PB,-0.005086,0.15,0.3,0.4,0.5,0.65,0.8,0.9,0.0,0.65,0.0,0.1,0.03
6,PE_PB_FED,-0.005088,0.1,0.25,0.35,0.6,0.75,0.85,0.9,0.0,0.5,0.7,0.1,0.03
8,PE_FED,-0.005091,0.15,0.25,0.45,0.6,0.75,0.8,0.85,1.0,0.0,0.0,0.1,0.04
6,PE_PB,-0.005095,0.1,0.3,0.4,0.7,0.7,0.8,0.9,0.0,0.5,0.0,0.08,0.05
6,PE_PB,-0.0051,0.2,0.25,0.3,0.6,0.7,0.8,0.9,0.0,0.5,0.0,0.06,0.05
8,PE_FED,-0.005108,0.2,0.3,0.45,0.6,0.7,0.75,0.85,1.0,0.0,0.0,0.06,0.03
8,PE_FED,-0.00511,0.05,0.3,0.45,0.7,0.75,0.85,0.9,1.0,0.0,0.0,0.06,0.05
6,PE_PB_FED,-0.005111,0.05,0.3,0.35,0.7,0.7,0.8,0.85,-0.5,0.55,0.75,0.06,0.03
6,PE_PB_FED,-0.005112,0.05,0.2,0.4,0.5,0.7,0.75,0.95,0.5,0.6,0.75,0.06,0.04
6,PE_PB,-0.005115,0.15,0.25,0.4,0.5,0.65,0.8,0.9,0.0,0.55,0.0,0.1,0.03
6,PE_PB,-0.005118,0.1,0.25,0.3,0.55,0.7,0.75,0.85,0.0,0.55,0.0,0.1,0.04
6,PE_PB,-0.005121,0.05,0.25,0.4,0.6,0.65,0.75,0.85,0.0,0.5,0.0,0.08,0.05
6,PE_PB_FED,-0.005123,0.1,0.3,0.45,0.6,0.65,0.85,0.9,-0.5,0.6,0.75,0.1,0.05
8,PE_FED,-0.005124,0.15,0.25,0.4,0.55,0.65,0.8,0.85,1.0,0.0,0.0,0.06,0.05
8,PE_PB_FED,-0.005125,0.05,0.2,0.45,0.65,0.75,0.85,0.9,1.0,0.55,0.8,0.12,0.05
6,PE_PB,-0.005127,0.05,0.3,0.4,0.55,0.65,0.75,0.85,0.0,0.65,0.0,0.1,0.03
6,PE_PB,-0.00514,0.15,0.25,0.45,0.55,0.65,0.85,0.9,0.0,0.65,0.0,0.12,0.03
6,PE_PB_FED,-0.005143,0.05,0.15,0.35,0.55,0.65,0.85,0.9,-0.5,0.5,0.7,0.12,0.03
6,PE_FED,-0.00515,0.1,0.2,0.35,0.55,0.75,0.85,0.95,0.5,0.0,0.0,0.1,0.03
6,PE_PB_FED,-0.005155,0.1,0.25,0.4,0.55,0.7,0.85,0.9,-0.5,0.55,0.75,0.12,0.04
6,PE_PB_FED,-0.005157,0.1,0.2,0.35,0.5,0.7,0.75,0.85,-0.5,0.55,0.75,0.08,0.03
6,PE_PB,-0.005171,0.05,0.3,0.35,0.6,0.65,0.75,0.85,0.0,0.55,0.0,0.08,0.03
6,PE_FED,-0.005189,0.1,0.2,0.3,0.65,0.65,0.75,0.95,1.0,0.0,0.0,0.12,0.05
6,PE_FED,-0.005193,0.2,0.3,0.35,0.65,0.65,0.75,0.95,0.5,0.0,0.0,0.1,0.03
6,PE_PB_FED,-0.005194,0.05,0.15,0.3,0.5,0.7,0.75,0.85,-0.5,0.5,0.75,0.1,0.05
6,PE_FED,-0.005199,0.05,0.25,0.35,0.5,0.7,0.75,0.95,0.5,0.0,0.0,0.1,0.03
6,PB_FED,-0.005203,0.2,0.25,0.35,0.5,0.75,0.85,0.95,1.0,0.0,0.0,0.1,0.03
6,PE_only,-0.005218,0.05,0.3,0.35,0.5,0.65,0.85,0.9,0.0,0.0,0.0,0.1,0.03
8,PE_PB,-0.005219,0.05,0.3,0.45,0.5,0.7,0.8,0.85,0.0,0.6,0.0,0.1,0.03
8,PE_FED,-0.00523,0.1,0.25,0.45,0.5,0.7,0.85,0.9,1.0,0.0,0.0,0.08,0.05
6,PE_PB_FED,-0.005231,0.1,0.3,0.35,0.55,0.75,0.8,0.95,0.5,0.65,0.75,0.06,0.03
8,PE_FED,-0.005236,0.15,0.25,0.45,0.55,0.7,0.8,0.85,1.0,0.0,0.0,0.1,0.05
6,PE_PB,-0.005237,0.1,0.2,0.4,0.7,0.75,0.85,0.9,0.0,0.5,0.0,0.08,0.05
6,PE_PB,-0.005237,0.15,0.25,0.45,0.55,0.75,0.8,0.9,0.0,0.55,0.0,0.12,0.05
6,PE_only,-0.005244,0.05,0.3,0.45,0.5,0.65,0.75,0.85,0.0,0.0,0.0,0.12,0.03
6,PE_PB_FED,-0.005244,0.15,0.2,0.45,0.5,0.7,0.75,0.85,-0.5,0.6,0.7,0.08,0.03
6,PE_PB,-0.005247,0.15,0.3,0.45,0.7,0.75,0.85,0.9,0.0,0.55,0.0,0.12,0.05
6,PE_PB,-0.005254,0.15,0.3,0.45,0.5,0.65,0.75,0.95,0.0,0.5,0.0,0.06,0.05
6,PE_PB,-0.005262,0.05,0.25,0.45,0.6,0.7,0.75,0.85,0.0,0.5,0.0,0.1,0.04
6,PB_FED,-0.005269,0.2,0.3,0.4,0.7,0.65,0.85,0.95,1.0,0.0,0.0,0.12,0.04
6,PE_PB,-0.00527,0.05,0.3,0.35,0.55,0.65,0.75,0.85,0.0,0.65,0.0,0.06,0.05
6,PB_FED,-0.00527,0.1,0.25,0.3,0.55,0.65,0.8,0.85,1.0,0.0,0.0,0.08,0.05
8,PE_FED,-0.005276,0.15,0.3,0.45,0.6,0.7,0.85,0.9,1.0,0.0,0.0,0.06,0.03
6,PE_FED,-0.005279,0.05,0.3,0.4,0.5,0.7,0.8,0.85,-0.5,0.0,0.0,0.06,0.03
6,PE_PB_FED,-0.005283,0.05,0.3,0.45,0.55,0.7,0.8,0.9,-0.5,0.55,0.7,0.12,0.03
8,PE_FED,-0.005289,0.2,0.3,0.45,0.7,0.65,0.75,0.85,1.0,0.0,0.0,0.1,0.04
6,PE_PB,-0.005291,0.05,0.25,0.45,0.5,0.65,0.8,0.9,0.0,0.6,0.0,0.12,0.03
6,PE_FED,-0.005299,0.1,0.2,0.35,0.65,0.7,0.75,0.9,0.5,0.0,0.0,0.06,0.04
6,PE_PB,-0.005303,0.2,0.25,0.3,0.6,0.75,0.85,0.9,0.0,0.55,0.0,0.12,0.03
8,PE_FED,-0.005303,0.05,0.3,0.35,0.65,0.65,0.85,0.9,1.0,0.0,0.0,0.08,0.05
8,PE_FED,-0.005303,0.05,0.3,0.35,0.65,0.65,0.85,0.9,1.0,0.0,0.0,0.12,0.05
6,PE_FED,-0.005305,0.1,0.2,0.4,0.55,0.75,0.85,0.95,0.5,0.0,0.0,0.06,0.04
6,PE_PB,-0.005307,0.2,0.3,0.35,0.5,0.65,0.75,0.9,0.0,0.65,0.0,0.1,0.05
8,PE_PB_FED,-0.005321,0.15,0.2,0.35,0.5,0.75,0.8,0.85,1.0,0.65,0.7,0.1,0.05
6,PE_PB_FED,-0.005325,0.05,0.15,0.4,0.7,0.7,0.75,0.9,0.5,0.65,0.8,0.06,0.04
6,PE_PB_FED,-0.005325,0.1,0.3,0.4,0.6,0.7,0.75,0.85,-0.5,0.55,0.7,0.1,0.03
6,PE_PB,-0.005333,0.2,0.25,0.45,0.7,0.65,0.8,0.9,0.0,0.5,0.0,0.06,0.05
6,PE_FED,-0.005333,0.15,0.25,0.4,0.7,0.75,0.85,0.95,0.5,0.0,0.0,0.12,0.05
8,PE_PB_FED,-0.005335,0.05,0.25,0.35,0.7,0.7,0.85,0.9,1.0,0.55,0.8,0.12,0.05
8,PE_PB,-0.005338,0.2,0.3,0.35,0.5,0.7,0.85,0.9,0.0,0.6,0.0,0.08,0.05
6,PE_FED,-0.005343,0.1,0.15,0.3,0.7,0.7,0.85,0.95,1.0,0.0,0.0,0.06,0.03
6,PE_PB,-0.00535,0.05,0.2,0.3,0.65,0.7,0.8,0.85,0.0,0.5,0.0,0.08,0.04
8,PE_PB_FED,-0.005351,0.1,0.2,0.35,0.65,0.7,0.8,0.85,1.0,0.55,0.75,0.08,0.04
8,PE_FED,-0.005353,0.15,0.3,0.45,0.65,0.7,0.8,0.85,1.0,0.0,0.0,0.12,0.03
6,PE_PB,-0.005357,0.1,0.2,0.3,0.5,0.65,0.75,0.85,0.0,0.55,0.0,0.06,0.04
6,PE_PB,-0.00536,0.15,0.2,0.3,0.5,0.7,0.75,0.85,0.0,0.6,0.0,0.06,0.05
6,PE_PB,-0.005372,0.2,0.3,0.4,0.7,0.65,0.8,0.85,0.0,0.55,0.0,0.06,0.03
6,PE_PB,-0.005387,0.1,0.25,0.45,0.55,0.7,0.8,0.85,0.0,0.65,0.0,0.12,0.04
6,PE_PB_FED,-0.005398,0.05,0.2,0.3,0.5,0.65,0.85,0.9,-0.5,0.55,0.75,0.08,0.04
6,PE_PB,-0.005402,0.1,0.2,0.45,0.5,0.65,0.85,0.95,0.0,0.5,0.0,0.06,0.03
6,PB_FED,-0.005402,0.1,0.25,0.35,0.5,0.75,0.85,0.9,1.0,0.0,0.0,0.1,0.03
6,PE_PB,-0.005406,0.15,0.3,0.35,0.6,0.7,0.85,0.9,0.0,0.55,0.0,0.08,0.04
6,PE_FED,-0.005406,0.05,0.2,0.45,0.65,0.7,0.85,0.95,0.5,0.0,0.0,0.12,0.05
6,PE_FED,-0.005406,0.15,0.3,0.45,0.65,0.75,0.8,0.95,0.5,0.0,0.0,0.08,0.05
6,PE_FED,-0.005408,0.1,0.2,0.3,0.6,0.75,0.8,0.95,1.0,0.0,0.0,0.06,0.03
6,PE_FED,-0.005408,0.1,0.2,0.3,0.6,0.75,0.8,0.95,1.0,0.0,0.0,0.1,0.03
6,PE_PB,-0.005414,0.2,0.3,0.4,0.7,0.7,0.8,0.85,0.0,0.55,0.0,0.12,0.04
6,PE_only,-0.005419,0.05,0.3,0.35,0.5,0.65,0.8,0.85,0.0,0.0,0.0,0.06,0.03
6,PE_PB_FED,-0.005429,0.2,0.25,0.3,0.7,0.7,0.8,0.95,0.5,0.65,0.8,0.12,0.04
6,PB_FED,-0.005442,0.2,0.3,0.35,0.55,0.75,0.8,0.9,1.0,0.0,0.0,0.12,0.05
6,PE_PB,-0.005447,0.05,0.25,0.45,0.7,0.7,0.85,0.9,0.0,0.5,0.0,0.12,0.04
6,PE_PB,-0.005448,0.15,0.3,0.35,0.65,0.7,0.8,0.85,0.0,0.55,0.0,0.08,0.04
6,PE_PB_FED,-0.005448,0.15,0.25,0.35,0.55,0.7,0.85,0.9,0.0,0.5,0.7,0.1,0.04
6,PB_FED,-0.00545,0.2,0.25,0.4,0.55,0.75,0.85,0.9,1.0,0.0,0.0,0.08,0.03
6,PE_PB,-0.005462,0.1,0.25,0.45,0.6,0.65,0.8,0.85,0.0,0.55,0.0,0.08,0.04
6,PE_PB_FED,-0.00547,0.15,0.25,0.4,0.7,0.7,0.8,0.95,0.5,0.6,0.8,0.06,0.05
6,PE_PB_FED,-0.005474,0.1,0.15,0.4,0.5,0.7,0.85,0.9,0.0,0.5,0.75,0.08,0.05
8,PE_PB_FED,-0.005477,0.15,0.3,0.4,0.7,0.75,0.85,0.9,1.0,0.6,0.75,0.12,0.03
8,PE_PB_FED,-0.005477,0.1,0.25,0.45,0.65,0.75,0.85,0.9,1.0,0.6,0.8,0.1,0.05
8,PE_PB_FED,-0.00548,0.05,0.2,0.45,0.65,0.75,0.8,0.85,1.0,0.55,0.75,0.12,0.04
8,PE_FED,-0.005482,0.2,0.3,0.4,0.65,0.65,0.75,0.85,1.0,0.0,0.0,0.1,0.04
6,PE_PB,-0.005488,0.1,0.3,0.45,0.55,0.7,0.75,0.85,0.0,0.65,0.0,0.08,0.04
6,PE_PB,-0.005488,0.1,0.2,0.45,0.65,0.65,0.85,0.9,0.0,0.5,0.0,0.12,0.04
8,PE_FED,-0.005493,0.15,0.25,0.4,0.5,0.75,0.85,0.9,1.0,0.0,0.0,0.1,0.05
6,PE_PB,-0.005506,0.15,0.2,0.35,0.7,0.7,0.8,0.85,0.0,0.5,0.0,0.08,0.05
8,PE_PB_FED,-0.005508,0.2,0.3,0.35,0.55,0.75,0.8,0.9,1.0,0.55,0.8,0.08,0.05
6,PE_PB_FED,-0.005517,0.15,0.2,0.35,0.5,0.75,0.8,0.95,0.5,0.6,0.8,0.12,0.04
6,PE_PB,-0.005528,0.2,0.25,0.35,0.55,0.7,0.75,0.85,0.0,0.6,0.0,0.12,0.05
6,PE_PB_FED,-0.005531,0.1,0.15,0.35,0.55,0.7,0.75,0.9,0.5,0.6,0.8,0.1,0.04
6,PE_PB_FED,-0.005541,0.05,0.25,0.35,0.7,0.7,0.75,0.95,0.5,0.55,0.75,0.06,0.05
6,PE_PB,-0.005544,0.1,0.15,0.4,0.55,0.65,0.8,0.85,0.0,0.5,0.0,0.08,0.03
6,PB_FED,-0.005544,0.1,0.3,0.35,0.5,0.75,0.8,0.9,1.0,0.0,0.0,0.08,0.04
6,PE_FED,-0.005546,0.1,0.15,0.35,0.55,0.7,0.8,0.9,0.5,0.0,0.0,0.06,0.03
6,PE_PB,-0.005557,0.05,0.2,0.35,0.7,0.65,0.8,0.85,0.0,0.5,0.0,0.06,0.05
6,PE_PB_FED,-0.00556,0.2,0.25,0.4,0.7,0.65,0.8,0.85,0.0,0.5,0.8,0.1,0.04
6,PE_PB,-0.005568,0.1,0.15,0.35,0.5,0.7,0.85,0.9,0.0,0.6,0.0,0.06,0.05
6,PE_FED,-0.005573,0.1,0.25,0.45,0.5,0.75,0.8,0.95,0.5,0.0,0.0,0.08,0.03
8,PE_PB_FED,-0.005575,0.15,0.2,0.4,0.55,0.75,0.8,0.85,1.0,0.55,0.75,0.1,0.03
6,PE_PB,-0.005584,0.15,0.25,0.3,0.55,0.65,0.75,0.85,0.0,0.5,0.0,0.06,0.05
6,PE_FED,-0.005584,0.1,0.15,0.4,0.6,0.75,0.8,0.9,0.5,0.0,0.0,0.12,0.04
8,PE_PB_FED,-0.005586,0.15,0.25,0.3,0.7,0.65,0.85,0.9,1.0,0.5,0.7,0.08,0.03
6,PE_FED,-0.005587,0.1,0.15,0.45,0.7,0.7,0.8,0.9,0.5,0.0,0.0,0.06,0.03
6,PB_FED,-0.005588,0.2,0.25,0.45,0.7,0.7,0.85,0.9,1.0,0.0,0.0,0.06,0.05
8,PE_FED,-0.005591,0.1,0.3,0.35,0.55,0.7,0.8,0.85,1.0,0.0,0.0,0.06,0.03
6,PE_FED,-0.005593,0.1,0.25,0.4,0.5,0.75,0.8,0.95,0.5,0.0,0.0,0.08,0.05
6,PE_FED,-0.005593,0.15,0.25,0.45,0.5,0.65,0.75,0.95,0.5,0.0,0.0,0.1,0.04
6,PE_FED,-0.0056,0.05,0.3,0.45,0.65,0.65,0.8,0.95,0.5,0.0,0.0,0.08,0.03
6,PE_PB_FED,-0.005602,0.05,0.3,0.35,0.5,0.75,0.8,0.9,-0.5,0.6,0.8,0.06,0.03
6,PE_PB_FED,-0.005602,0.15,0.3,0.45,0.55,0.7,0.75,0.85,-0.5,0.6,0.8,0.12,0.04
6,PE_FED,-0.005604,0.1,0.2,0.45,0.65,0.7,0.75,0.95,1.0,0.0,0.0,0.12,0.05
6,PE_FED,-0.005604,0.1,0.2,0.45,0.65,0.7,0.75,0.95,1.0,0.0,0.0,0.08,0.05
6,PE_PB_FED,-0.005613,0.05,0.25,0.45,0.7,0.7,0.75,0.95,0.5,0.55,0.7,0.06,0.03
6,PE_FED,-0.005626,0.1,0.25,0.3,0.6,0.7,0.85,0.95,0.5,0.0,0.0,0.06,0.03
6,PE_PB_FED,-0.005632,0.15,0.25,0.4,0.7,0.7,0.75,0.95,0.5,0.55,0.7,0.12,0.04
8,PE_FED,-0.005633,0.2,0.25,0.3,0.65,0.7,0.85,0.9,1.0,0.0,0.0,0.12,0.05
8,PE_PB_FED,-0.005634,0.2,0.25,0.3,0.65,0.65,0.85,0.9,1.0,0.6,0.8,0.06,0.04
6,PE_PB,-0.005643,0.1,0.25,0.4,0.55,0.7,0.75,0.85,0.0,0.55,0.0,0.06,0.03
6,PE_PB_FED,-0.005644,0.1,0.2,0.35,0.5,0.75,0.8,0.9,-0.5,0.5,0.8,0.06,0.05
8,PE_PB_FED,-0.005647,0.15,0.2,0.4,0.65,0.75,0.8,0.85,1.0,0.55,0.75,0.12,0.05
6,PE_FED,-0.005648,0.1,0.2,0.45,0.6,0.7,0.85,0.95,0.5,0.0,0.0,0.08,0.05
6,PE_FED,-0.005652,0.05,0.15,0.45,0.6,0.65,0.75,0.9,0.5,0.0,0.0,0.06,0.04
6,PE_PB,-0.005656,0.1,0.2,0.35,0.5,0.65,0.75,0.85,0.0,0.6,0.0,0.12,0.05
6,PE_FED,-0.005659,0.15,0.2,0.4,0.7,0.75,0.8,0.95,1.0,0.0,0.0,0.1,0.03
6,PE_PB_FED,-0.005659,0.1,0.15,0.35,0.7,0.65,0.75,0.9,0.5,0.55,0.7,0.08,0.04
6,PE_PB,-0.00566,0.15,0.2,0.3,0.65,0.75,0.85,0.9,0.0,0.5,0.0,0.12,0.05
6,PE_PB,-0.005662,0.2,0.3,0.45,0.65,0.75,0.8,0.9,0.0,0.5,0.0,0.1,0.03
6,PE_FED,-0.00567,0.1,0.2,0.4,0.65,0.7,0.75,0.9,0.5,0.0,0.0,0.12,0.03
6,PE_FED,-0.005676,0.15,0.25,0.45,0.7,0.75,0.85,0.95,0.5,0.0,0.0,0.12,0.04
6,PE_PB_FED,-0.005678,0.15,0.3,0.4,0.6,0.7,0.8,0.85,0.0,0.55,0.7,0.1,0.04
6,PE_FED,-0.005679,0.1,0.3,0.45,0.55,0.7,0.75,0.95,0.5,0.0,0.0,0.12,0.03
8,PE_PB,-0.005681,0.1,0.3,0.45,0.5,0.65,0.85,0.9,0.0,0.55,0.0,0.1,0.03
6,PE_PB,-0.005686,0.1,0.3,0.35,0.6,0.75,0.8,0.9,0.0,0.5,0.0,0.08,0.05
6,PB_FED,-0.005688,0.2,0.3,0.35,0.5,0.7,0.8,0.9,1.0,0.0,0.0,0.06,0.03
8,PE_FED,-0.005693,0.15,0.25,0.4,0.5,0.75,0.8,0.85,1.0,0.0,0.0,0.12,0.05
6,PE_PB,-0.005696,0.05,0.3,0.35,0.65,0.7,0.85,0.9,0.0,0.55,0.0,0.08,0.05
6,PE_PB,-0.005696,0.05,0.2,0.35,0.5,0.65,0.75,0.85,0.0,0.55,0.0,0.1,0.04
6,PE_PB_FED,-0.005697,0.15,0.2,0.3,0.5,0.75,0.85,0.9,-0.5,0.6,0.75,0.12,0.05
6,PE_FED,-0.005721,0.1,0.15,0.45,0.6,0.7,0.75,0.9,0.5,0.0,0.0,0.08,0.05
8,PE_PB_FED,-0.005722,0.1,0.2,0.4,0.7,0.65,0.8,0.85,1.0,0.5,0.7,0.08,0.04
6,PE_PB,-0.005731,0.05,0.15,0.35,0.55,0.75,0.85,0.9,0.0,0.5,0.0,0.1,0.05
6,PE_PB_FED,-0.005732,0.05,0.15,0.35,0.55,0.75,0.8,0.95,1.0,0.55,0.8,0.1,0.04
6,PE_PB_FED,-0.005732,0.15,0.2,0.3,0.55,0.75,0.85,0.95,0.5,0.65,0.75,0.08,0.04
6,PE_only,-0.005739,0.05,0.3,0.35,0.5,0.75,0.8,0.85,0.0,0.0,0.0,0.08,0.05
6,PE_PB_FED,-0.005745,0.1,0.2,0.45,0.6,0.7,0.8,0.95,0.5,0.5,0.7,0.08,0.03
6,PE_FED,-0.005754,0.15,0.25,0.45,0.5,0.7,0.75,0.95,0.5,0.0,0.0,0.06,0.05
6,PE_PB_FED,-0.005758,0.15,0.3,0.35,0.55,0.65,0.8,0.85,-0.5,0.65,0.75,0.06,0.05
6,PE_PB_FED,-0.005759,0.1,0.2,0.3,0.6,0.65,0.8,0.95,0.5,0.5,0.75,0.08,0.05
6,PE_PB,-0.005764,0.1,0.25,0.45,0.65,0.7,0.75,0.85,0.0,0.5,0.0,0.1,0.03
8,PE_PB_FED,-0.005765,0.05,0.2,0.35,0.65,0.7,0.85,0.9,1.0,0.5,0.8,0.12,0.05
6,PE_PB,-0.005775,0.2,0.3,0.35,0.5,0.65,0.75,0.9,0.0,0.55,0.0,0.06,0.04
6,PE_PB_FED,-0.005779,0.15,0.2,0.3,0.6,0.75,0.8,0.85,-0.5,0.5,0.7,0.06,0.04
8,PE_PB_FED,-0.005779,0.1,0.25,0.3,0.7,0.65,0.8,0.85,1.0,0.55,0.75,0.08,0.04
6,PE_PB_FED,-0.00578,0.05,0.25,0.45,0.55,0.65,0.8,0.85,-0.5,0.6,0.8,0.08,0.03
6,PE_only,-0.005783,0.05,0.3,0.4,0.5,0.7,0.8,0.85,0.0,0.0,0.0,0.08,0.04
6,PE_FED,-0.005791,0.15,0.2,0.45,0.55,0.7,0.75,0.95,1.0,0.0,0.0,0.08,0.03
6,PE_PB_FED,-0.005792,0.15,0.25,0.3,0.55,0.7,0.8,0.95,0.5,0.6,0.8,0.12,0.05
6,PE_PB,-0.005804,0.1,0.2,0.4,0.5,0.7,0.75,0.85,0.0,0.6,0.0,0.1,0.05
6,PE_PB,-0.005816,0.2,0.25,0.45,0.6,0.65,0.8,0.9,0.0,0.5,0.0,0.12,0.05
6,PE_PB_FED,-0.005818,0.15,0.2,0.3,0.6,0.7,0.75,0.95,1.0,0.6,0.7,0.08,0.03
8,PE_PB_FED,-0.005827,0.15,0.3,0.35,0.65,0.7,0.75,0.85,1.0,0.55,0.75,0.06,0.04
6,PE_FED,-0.005838,0.05,0.15,0.3,0.7,0.75,0.85,0.95,1.0,0.0,0.0,0.12,0.05
6,PE_only,-0.005851,0.2,0.3,0.35,0.5,0.65,0.85,0.9,0.0,0.0,0.0,0.12,0.05
6,PB_FED,-0.005851,0.1,0.2,0.45,0.5,0.65,0.85,0.9,1.0,0.0,0.0,0.12,0.04
6,PB_FED,-0.005855,0.1,0.3,0.45,0.55,0.75,0.85,0.9,1.0,0.0,0.0,0.1,0.03
6,PE_PB_FED,-0.005867,0.05,0.2,0.3,0.55,0.65,0.85,0.9,-0.5,0.5,0.7,0.12,0.03
6,PE_PB_FED,-0.005872,0.1,0.3,0.4,0.7,0.7,0.8,0.95,0.5,0.55,0.8,0.08,0.03
6,PE_PB,-0.00589,0.15,0.2,0.4,0.65,0.7,0.8,0.85,0.0,0.5,0.0,0.08,0.04
6,PE_only,-0.005892,0.15,0.3,0.45,0.5,0.75,0.85,0.9,0.0,0.0,0.0,0.1,0.05
8,PE_PB_FED,-0.005911,0.2,0.3,0.35,0.5,0.65,0.8,0.85,0.5,0.5,0.8,0.12,0.03
6,PE_FED,-0.005914,0.1,0.2,0.35,0.55,0.65,0.75,0.95,1.0,0.0,0.0,0.08,0.05
6,PE_only,-0.00593,0.05,0.3,0.4,0.5,0.7,0.8,0.85,0.0,0.0,0.0,0.08,0.05
6,PE_PB_FED,-0.005939,0.2,0.3,0.35,0.55,0.7,0.75,0.85,-0.5,0.6,0.8,0.08,0.05
6,PE_FED,-0.00594,0.15,0.2,0.45,0.6,0.7,0.85,0.95,0.5,0.0,0.0,0.1,0.05
6,PE_only,-0.005941,0.1,0.3,0.45,0.5,0.65,0.85,0.9,0.0,0.0,0.0,0.1,0.05
6,PE_PB,-0.005945,0.1,0.2,0.4,0.55,0.65,0.85,0.9,0.0,0.55,0.0,0.1,0.05
6,PE_PB,-0.00595,0.2,0.25,0.35,0.6,0.75,0.85,0.9,0.0,0.55,0.0,0.08,0.05
6,PE_PB_FED,-0.005961,0.2,0.25,0.3,0.5,0.7,0.85,0.9,-0.5,0.65,0.75,0.1,0.04
8,PE_PB,-0.005961,0.15,0.3,0.45,0.5,0.65,0.85,0.9,0.0,0.5,0.0,0.1,0.04
6,PE_FED,-0.005969,0.1,0.15,0.4,0.5,0.7,0.75,0.9,0.5,0.0,0.0,0.06,0.05
6,PE_PB_FED,-0.005969,0.1,0.2,0.3,0.65,0.7,0.75,0.95,1.0,0.55,0.7,0.1,0.05
6,PE_PB_FED,-0.005973,0.1,0.25,0.3,0.7,0.7,0.75,0.95,1.0,0.6,0.7,0.06,0.04
8,PE_FED,-0.005973,0.15,0.3,0.4,0.5,0.65,0.85,0.9,1.0,0.0,0.0,0.06,0.03
6,PE_PB_FED,-0.005975,0.05,0.2,0.45,0.55,0.65,0.8,0.85,0.0,0.5,0.8,0.06,0.04
6,PE_PB_FED,-0.005979,0.05,0.25,0.45,0.7,0.75,0.8,0.85,-0.5,0.5,0.8,0.12,0.04
6,PE_PB_FED,-0.005983,0.1,0.2,0.4,0.6,0.7,0.75,0.95,1.0,0.6,0.7,0.08,0.05
6,PE_PB,-0.005996,0.1,0.2,0.45,0.5,0.65,0.75,0.9,0.0,0.5,0.0,0.08,0.04
6,PE_PB_FED,-0.005996,0.05,0.3,0.35,0.5,0.7,0.75,0.85,0.0,0.6,0.75,0.08,0.03
6,PE_PB,-0.006006,0.15,0.25,0.3,0.7,0.75,0.8,0.85,0.0,0.5,0.0,0.12,0.05
6,PE_PB,-0.006006,0.15,0.2,0.4,0.5,0.65,0.8,0.85,0.0,0.65,0.0,0.1,0.03
6,PE_PB_FED,-0.00602,0.1,0.3,0.45,0.5,0.65,0.75,0.85,0.0,0.6,0.8,0.08,0.03
6,PE_FED,-0.006039,0.05,0.25,0.45,0.6,0.7,0.8,0.95,0.5,0.0,0.0,0.08,0.05
6,PE_PB,-0.006043,0.2,0.3,0.45,0.55,0.75,0.8,0.9,0.0,0.6,0.0,0.06,0.05
6,PE_only,-0.006047,0.1,0.3,0.45,0.5,0.7,0.85,0.9,0.0,0.0,0.0,0.12,0.05
8,PE_PB_FED,-0.006047,0.05,0.25,0.3,0.7,0.7,0.85,0.9,1.0,0.5,0.8,0.12,0.05
6,PE_PB,-0.006049,0.15,0.2,0.45,0.5,0.65,0.75,0.9,0.0,0.5,0.0,0.08,0.04
6,PE_PB,-0.006051,0.1,0.2,0.4,0.55,0.65,0.85,0.9,0.0,0.5,0.0,0.08,0.04
6,PE_FED,-0.006055,0.05,0.25,0.4,0.65,0.75,0.85,0.95,0.5,0.0,0.0,0.08,0.05
6,PE_PB,-0.006057,0.15,0.25,0.45,0.55,0.7,0.75,0.85,0.0,0.5,0.0,0.12,0.03
8,PE_FED,-0.006057,0.2,0.3,0.35,0.6,0.65,0.85,0.9,1.0,0.0,0.0,0.12,0.04
6,PE_FED,-0.006058,0.05,0.25,0.45,0.5,0.65,0.75,0.95,0.5,0.0,0.0,0.06,0.03
6,PE_PB_FED,-0.00606,0.2,0.25,0.35,0.55,0.75,0.8,0.85,-0.5,0.6,0.8,0.08,0.05
8,PE_PB_FED,-0.006073,0.05,0.3,0.35,0.7,0.65,0.85,0.9,1.0,0.55,0.8,0.1,0.03
6,PE_PB,-0.006088,0.15,0.25,0.4,0.55,0.7,0.85,0.9,0.0,0.55,0.0,0.1,0.04
6,PE_PB,-0.006089,0.15,0.25,0.35,0.5,0.65,0.75,0.85,0.0,0.6,0.0,0.12,0.03
6,PE_PB,-0.006095,0.05,0.15,0.45,0.55,0.7,0.85,0.9,0.0,0.5,0.0,0.1,0.03
6,PB_FED,-0.006106,0.2,0.3,0.35,0.65,0.65,0.85,0.9,1.0,0.0,0.0,0.06,0.05
6,PB_FED,-0.006106,0.1,0.25,0.4,0.5,0.65,0.8,0.85,1.0,0.0,0.0,0.08,0.03
6,PE_PB,-0.006112,0.1,0.15,0.35,0.5,0.75,0.8,0.9,0.0,0.5,0.0,0.08,0.03
6,PE_PB,-0.006118,0.05,0.3,0.35,0.5,0.7,0.8,0.9,0.0,0.6,0.0,0.12,0.04
6,PE_PB,-0.006119,0.1,0.3,0.4,0.6,0.7,0.75,0.85,0.0,0.5,0.0,0.12,0.03
6,PE_FED,-0.006119,0.2,0.25,0.3,0.6,0.65,0.8,0.95,0.5,0.0,0.0,0.08,0.05
6,PE_PB,-0.006129,0.1,0.2,0.4,0.6,0.7,0.8,0.85,0.0,0.5,0.0,0.08,0.04
6,PE_PB_FED,-0.006144,0.15,0.25,0.35,0.55,0.7,0.8,0.95,0.5,0.55,0.75,0.12,0.03
6,PE_PB,-0.006147,0.2,0.3,0.4,0.5,0.65,0.75,0.9,0.0,0.6,0.0,0.08,0.05
6,PE_FED,-0.006158,0.1,0.3,0.4,0.7,0.75,0.85,0.95,0.5,0.0,0.0,0.1,0.04
6,PE_PB,-0.006162,0.05,0.2,0.4,0.6,0.75,0.8,0.85,0.0,0.5,0.0,0.08,0.04
6,PE_FED,-0.006167,0.1,0.2,0.4,0.5,0.75,0.8,0.95,1.0,0.0,0.0,0.12,0.03
8,PE_PB,-0.006167,0.2,0.25,0.4,0.5,0.65,0.8,0.85,0.0,0.5,0.0,0.06,0.05
8,PE_PB_FED,-0.00618,0.1,0.3,0.4,0.65,0.75,0.85,0.9,1.0,0.65,0.75,0.08,0.05
6,PE_only,-0.006181,0.15,0.3,0.45,0.5,0.65,0.8,0.85,0.0,0.0,0.0,0.1,0.05
6,PB_FED,-0.006183,0.15,0.25,0.4,0.55,0.7,0.85,0.9,1.0,0.0,0.0,0.12,0.05
6,PE_FED,-0.006184,0.15,0.2,0.35,0.6,0.65,0.8,0.95,1.0,0.0,0.0,0.06,0.03
6,PE_PB,-0.006187,0.1,0.3,0.4,0.55,0.7,0.8,0.85,0.0,0.65,0.0,0.12,0.03
6,PE_PB,-0.006198,0.15,0.3,0.45,0.7,0.65,0.75,0.85,0.0,0.5,0.0,0.08,0.03
8,PE_PB_FED,-0.006199,0.2,0.25,0.3,0.5,0.65,0.75,0.85,1.0,0.6,0.7,0.06,0.05
6,PE_PB_FED,-0.006207,0.05,0.25,0.45,0.55,0.65,0.75,0.95,0.5,0.6,0.8,0.08,0.04
6,PE_PB,-0.006208,0.05,0.25,0.35,0.65,0.65,0.8,0.85,0.0,0.5,0.0,0.06,0.04
6,PE_PB_FED,-0.006211,0.15,0.2,0.3,0.5,0.75,0.85,0.9,-0.5,0.55,0.8,0.1,0.03
6,PE_FED,-0.006219,0.2,0.3,0.45,0.65,0.65,0.8,0.95,0.5,0.0,0.0,0.12,0.03
6,PE_FED,-0.006221,0.1,0.3,0.4,0.55,0.7,0.8,0.95,0.5,0.0,0.0,0.1,0.05
6,PE_PB,-0.006223,0.1,0.2,0.3,0.55,0.65,0.85,0.9,0.0,0.5,0.0,0.06,0.03
6,PE_FED,-0.006224,0.1,0.15,0.3,0.55,0.65,0.85,0.95,1.0,0.0,0.0,0.12,0.04
6,PE_PB_FED,-0.006233,0.15,0.2,0.35,0.55,0.7,0.85,0.95,0.5,0.65,0.75,0.06,0.05
6,PE_FED,-0.006242,0.15,0.2,0.35,0.55,0.7,0.75,0.95,1.0,0.0,0.0,0.1,0.04
8,PE_PB_FED,-0.006243,0.1,0.3,0.45,0.55,0.75,0.85,0.9,1.0,0.65,0.7,0.1,0.03
6,PE_PB,-0.006247,0.05,0.25,0.3,0.65,0.75,0.8,0.85,0.0,0.5,0.0,0.1,0.04
6,PE_FED,-0.00625,0.15,0.2,0.4,0.6,0.75,0.8,0.95,1.0,0.0,0.0,0.12,0.03
6,PE_PB_FED,-0.00626,0.1,0.2,0.45,0.5,0.7,0.8,0.85,-0.5,0.65,0.8,0.08,0.05
8,PE_PB_FED,-0.006271,0.2,0.25,0.35,0.6,0.7,0.85,0.9,1.0,0.65,0.8,0.06,0.03
6,PE_PB_FED,-0.00628,0.1,0.15,0.4,0.6,0.75,0.8,0.9,0.5,0.65,0.7,0.08,0.04
6,PE_only,-0.006294,0.05,0.3,0.45,0.5,0.65,0.85,0.9,0.0,0.0,0.0,0.12,0.05
6,PE_FED,-0.006301,0.1,0.15,0.3,0.55,0.75,0.8,0.9,0.5,0.0,0.0,0.06,0.05
6,PE_PB_FED,-0.006303,0.15,0.2,0.45,0.55,0.7,0.8,0.85,0.0,0.5,0.7,0.1,0.05
6,PE_PB_FED,-0.006305,0.05,0.2,0.45,0.55,0.65,0.75,0.95,0.5,0.5,0.8,0.1,0.03
8,PE_PB,-0.00631,0.15,0.3,0.4,0.5,0.7,0.8,0.85,0.0,0.5,0.0,0.1,0.03
6,PE_FED,-0.006337,0.1,0.2,0.35,0.6,0.65,0.75,0.9,0.5,0.0,0.0,0.12,0.04
6,PE_PB,-0.006354,0.15,0.25,0.3,0.5,0.65,0.75,0.85,0.0,0.55,0.0,0.06,0.04
6,PE_PB,-0.006354,0.2,0.25,0.4,0.55,0.7,0.75,0.85,0.0,0.55,0.0,0.1,0.04
6,PE_PB_FED,-0.006354,0.15,0.3,0.4,0.6,0.75,0.8,0.95,0.5,0.65,0.8,0.12,0.04
6,PE_PB,-0.006357,0.2,0.25,0.45,0.5,0.7,0.8,0.9,0.0,0.65,0.0,0.12,0.05
6,PE_PB,-0.006367,0.15,0.3,0.45,0.7,0.7,0.75,0.85,0.0,0.5,0.0,0.12,0.03
6,PE_FED,-0.006368,0.15,0.25,0.45,0.65,0.65,0.75,0.95,1.0,0.0,0.0,0.08,0.03
6,PE_PB,-0.006369,0.2,0.3,0.45,0.5,0.7,0.8,0.95,0.0,0.5,0.0,0.06,0.03
8,PE_FED,-0.006369,0.2,0.3,0.35,0.55,0.65,0.85,0.9,1.0,0.0,0.0,0.12,0.04
6,PE_FED,-0.006373,0.15,0.3,0.35,0.65,0.65,0.85,0.95,0.5,0.0,0.0,0.12,0.03
6,PE_PB,-0.006377,0.15,0.3,0.35,0.6,0.65,0.85,0.9,0.0,0.55,0.0,0.08,0.05
8,PE_PB_FED,-0.006378,0.2,0.25,0.3,0.7,0.7,0.85,0.9,1.0,0.55,0.75,0.08,0.03
6,PE_PB_FED,-0.006384,0.05,0.25,0.3,0.6,0.65,0.85,0.9,-0.5,0.5,0.8,0.08,0.05
6,PE_PB_FED,-0.006392,0.1,0.15,0.4,0.6,0.65,0.8,0.95,1.0,0.5,0.75,0.1,0.05
6,PE_PB,-0.006393,0.2,0.25,0.45,0.55,0.65,0.8,0.85,0.0,0.65,0.0,0.12,0.05
6,PE_PB,-0.006397,0.05,0.25,0.45,0.7,0.75,0.8,0.85,0.0,0.5,0.0,0.06,0.04
6,PE_PB_FED,-0.006406,0.05,0.25,0.3,0.6,0.65,0.8,0.85,-0.5,0.5,0.8,0.12,0.04
6,PE_PB,-0.006411,0.1,0.2,0.4,0.5,0.65,0.8,0.85,0.0,0.65,0.0,0.1,0.05
6,PE_FED,-0.006412,0.1,0.2,0.3,0.55,0.7,0.8,0.95,1.0,0.0,0.0,0.1,0.04
6,PE_PB_FED,-0.006426,0.05,0.2,0.45,0.55,0.7,0.8,0.95,0.5,0.55,0.7,0.12,0.04
6,PE_PB_FED,-0.006428,0.05,0.2,0.35,0.5,0.7,0.8,0.95,0.5,0.55,0.75,0.06,0.05
6,PE_PB_FED,-0.00644,0.15,0.2,0.3,0.5,0.7,0.75,0.85,-0.5,0.5,0.8,0.08,0.05
6,PE_PB,-0.006443,0.05,0.3,0.35,0.6,0.65,0.75,0.85,0.0,0.5,0.0,0.12,0.05
6,PE_PB,-0.006444,0.1,0.25,0.45,0.55,0.65,0.8,0.85,0.0,0.6,0.0,0.08,0.05
6,PE_PB_FED,-0.00646,0.05,0.2,0.4,0.5,0.7,0.75,0.95,1.0,0.55,0.75,0.1,0.03
6,PB_FED,-0.006462,0.05,0.25,0.35,0.55,0.65,0.8,0.85,1.0,0.0,0.0,0.12,0.05
6,PE_PB,-0.006465,0.05,0.15,0.45,0.55,0.75,0.85,0.9,0.0,0.5,0.0,0.1,0.05
6,PB_FED,-0.006468,0.2,0.3,0.35,0.55,0.75,0.8,0.85,1.0,0.0,0.0,0.1,0.04
8,PE_PB_FED,-0.006471,0.1,0.25,0.35,0.55,0.65,0.85,0.9,1.0,0.5,0.8,0.12,0.04
6,PE_FED,-0.006475,0.2,0.25,0.35,0.7,0.65,0.85,0.95,0.5,0.0,0.0,0.12,0.03
6,PE_FED,-0.006478,0.1,0.15,0.45,0.55,0.7,0.8,0.9,0.5,0.0,0.0,0.1,0.03
8,PE_FED,-0.006481,0.2,0.25,0.3,0.5,0.75,0.8,0.85,1.0,0.0,0.0,0.08,0.03
6,PE_FED,-0.006482,0.15,0.25,0.3,0.65,0.65,0.75,0.9,0.5,0.0,0.0,0.06,0.04
6,PE_PB_FED,-0.006483,0.1,0.25,0.45,0.65,0.65,0.85,0.95,0.5,0.65,0.7,0.12,0.05
6,PE_PB,-0.006487,0.2,0.3,0.45,0.5,0.7,0.75,0.9,0.0,0.55,0.0,0.06,0.04
6,PE_PB,-0.006493,0.2,0.3,0.45,0.5,0.65,0.75,0.9,0.0,0.55,0.0,0.06,0.03
6,PE_FED,-0.006495,0.15,0.25,0.3,0.7,0.7,0.75,0.95,1.0,0.0,0.0,0.06,0.04
8,PE_PB_FED,-0.006498,0.05,0.3,0.45,0.5,0.75,0.85,0.9,0.5,0.5,0.7,0.08,0.05
6,PE_PB_FED,-0.0065,0.05,0.3,0.35,0.7,0.7,0.8,0.95,0.5,0.6,0.75,0.06,0.04
6,PE_PB,-0.006507,0.1,0.25,0.4,0.55,0.65,0.8,0.85,0.0,0.55,0.0,0.08,0.03
6,PE_PB_FED,-0.006515,0.2,0.25,0.3,0.5,0.7,0.75,0.95,0.5,0.65,0.8,0.06,0.05
8,PE_FED,-0.006518,0.15,0.3,0.45,0.5,0.75,0.8,0.85,1.0,0.0,0.0,0.06,0.03
6,PE_PB_FED,-0.00652,0.05,0.2,0.4,0.65,0.75,0.8,0.95,1.0,0.65,0.8,0.12,0.05
8,PE_FED,-0.00652,0.15,0.3,0.45,0.55,0.75,0.85,0.9,1.0,0.0,0.0,0.06,0.05
6,PE_PB_FED,-0.006532,0.05,0.25,0.4,0.5,0.65,0.75,0.95,0.5,0.55,0.8,0.12,0.03
6,PB_FED,-0.006554,0.2,0.3,0.45,0.7,0.75,0.85,0.9,1.0,0.0,0.0,0.1,0.04
8,PE_PB_FED,-0.006561,0.2,0.3,0.45,0.6,0.7,0.75,0.85,1.0,0.65,0.75,0.1,0.04
6,PE_FED,-0.006568,0.05,0.25,0.45,0.65,0.75,0.85,0.95,0.5,0.0,0.0,0.12,0.03
6,PE_PB_FED,-0.00657,0.15,0.2,0.45,0.7,0.65,0.85,0.95,0.5,0.6,0.75,0.1,0.03
8,PE_PB_FED,-0.006579,0.1,0.3,0.45,0.6,0.75,0.85,0.9,1.0,0.6,0.7,0.1,0.03
6,PE_PB_FED,-0.006581,0.05,0.15,0.35,0.55,0.75,0.8,0.95,1.0,0.5,0.8,0.06,0.04
6,PE_PB,-0.006592,0.1,0.2,0.45,0.5,0.75,0.85,0.9,0.0,0.65,0.0,0.1,0.03
6,PE_PB_FED,-0.006599,0.1,0.2,0.35,0.7,0.7,0.8,0.95,1.0,0.55,0.7,0.1,0.04
6,PE_FED,-0.006602,0.1,0.15,0.4,0.5,0.65,0.8,0.9,0.5,0.0,0.0,0.1,0.04
8,PE_FED,-0.006608,0.2,0.25,0.3,0.55,0.75,0.8,0.85,1.0,0.0,0.0,0.08,0.05
6,PE_FED,-0.006609,0.05,0.2,0.45,0.55,0.7,0.8,0.95,1.0,0.0,0.0,0.12,0.03
6,PE_PB,-0.00661,0.2,0.3,0.45,0.55,0.65,0.8,0.9,0.0,0.5,0.0,0.08,0.03
6,PE_PB,-0.006612,0.05,0.3,0.45,0.65,0.65,0.85,0.9,0.0,0.55,0.0,0.08,0.05
6,PE_PB,-0.006632,0.15,0.3,0.45,0.7,0.7,0.85,0.9,0.0,0.5,0.0,0.12,0.04
6,PE_FED,-0.006639,0.15,0.2,0.4,0.65,0.65,0.8,0.95,1.0,0.0,0.0,0.08,0.04
6,PE_FED,-0.006639,0.1,0.2,0.35,0.6,0.7,0.8,0.95,1.0,0.0,0.0,0.1,0.05
6,PE_FED,-0.00664,0.05,0.3,0.35,0.6,0.65,0.8,0.95,0.5,0.0,0.0,0.08,0.05
6,PB_FED,-0.006642,0.15,0.3,0.45,0.5,0.75,0.8,0.9,1.0,0.0,0.0,0.12,0.05
6,PB_FED,-0.006652,0.1,0.3,0.4,0.5,0.75,0.8,0.9,1.0,0.0,0.0,0.12,0.05
6,PE_PB,-0.006656,0.2,0.25,0.35,0.5,0.65,0.85,0.95,0.0,0.5,0.0,0.1,0.03
6,PE_PB,-0.006664,0.05,0.2,0.4,0.55,0.65,0.8,0.85,0.0,0.5,0.0,0.12,0.04
6,PE_PB,-0.006669,0.05,0.25,0.3,0.6,0.7,0.8,0.85,0.0,0.5,0.0,0.08,0.04
6,PE_PB_FED,-0.006676,0.05,0.25,0.45,0.5,0.7,0.75,0.95,1.0,0.65,0.8,0.1,0.03
6,PE_PB_FED,-0.006677,0.1,0.2,0.3,0.5,0.7,0.75,0.95,1.0,0.55,0.8,0.1,0.05
6,PE_PB,-0.006683,0.1,0.3,0.35,0.55,0.65,0.85,0.9,0.0,0.6,0.0,0.1,0.03
8,PE_FED,-0.006691,0.15,0.3,0.4,0.55,0.75,0.8,0.85,1.0,0.0,0.0,0.1,0.04
6,PE_PB,-0.006702,0.2,0.3,0.35,0.6,0.7,0.75,0.85,0.0,0.5,0.0,0.1,0.03
6,PE_PB_FED,-0.006702,0.1,0.3,0.35,0.6,0.65,0.75,0.85,-0.5,0.5,0.75,0.1,0.04
8,PE_PB,-0.006714,0.15,0.3,0.4,0.5,0.75,0.8,0.85,0.0,0.5,0.0,0.1,0.05
6,PE_PB_FED,-0.006715,0.1,0.3,0.35,0.7,0.75,0.8,0.95,1.0,0.65,0.75,0.06,0.03
6,PE_PB_FED,-0.00672,0.15,0.3,0.4,0.55,0.7,0.8,0.85,-0.5,0.6,0.75,0.08,0.04
8,PE_PB_FED,-0.006722,0.1,0.2,0.4,0.6,0.65,0.8,0.85,1.0,0.5,0.75,0.12,0.04
6,PE_PB_FED,-0.006734,0.1,0.3,0.4,0.65,0.65,0.8,0.95,0.5,0.55,0.8,0.08,0.04
6,PE_PB_FED,-0.006734,0.1,0.15,0.3,0.5,0.65,0.8,0.9,0.5,0.65,0.8,0.1,0.04
6,PE_PB,-0.006735,0.15,0.25,0.45,0.5,0.75,0.85,0.95,0.0,0.5,0.0,0.08,0.05
6,PE_PB,-0.006736,0.1,0.25,0.45,0.65,0.65,0.8,0.85,0.0,0.5,0.0,0.1,0.04
6,PE_PB_FED,-0.006737,0.05,0.2,0.35,0.7,0.65,0.8,0.95,1.0,0.6,0.75,0.06,0.05
6,PE_PB,-0.006752,0.05,0.25,0.4,0.55,0.75,0.85,0.9,0.0,0.55,0.0,0.1,0.03
6,PE_PB,-0.006754,0.1,0.25,0.45,0.65,0.65,0.85,0.9,0.0,0.5,0.0,0.12,0.03
6,PE_PB,-0.006757,0.05,0.15,0.45,0.55,0.75,0.8,0.85,0.0,0.5,0.0,0.06,0.05
6,PE_PB,-0.00677,0.15,0.25,0.3,0.6,0.75,0.8,0.85,0.0,0.5,0.0,0.08,0.04
6,PE_FED,-0.006778,0.15,0.2,0.45,0.7,0.75,0.8,0.95,1.0,0.0,0.0,0.1,0.05
6,PE_FED,-0.006779,0.1,0.3,0.35,0.65,0.65,0.75,0.95,1.0,0.0,0.0,0.08,0.03
6,PE_FED,-0.006787,0.1,0.25,0.3,0.55,0.7,0.8,0.95,1.0,0.0,0.0,0.08,0.03
6,PE_PB,-0.006795,0.05,0.3,0.4,0.6,0.65,0.8,0.85,0.0,0.55,0.0,0.12,0.05
6,PE_PB_FED,-0.006803,0.1,0.2,0.4,0.5,0.65,0.8,0.85,0.0,0.5,0.7,0.1,0.05
6,PE_PB,-0.006805,0.1,0.25,0.3,0.5,0.65,0.85,0.9,0.0,0.65,0.0,0.06,0.05
6,PE_FED,-0.006808,0.05,0.15,0.35,0.6,0.65,0.85,0.95,1.0,0.0,0.0,0.08,0.05
6,PE_FED,-0.00681,0.2,0.25,0.4,0.7,0.75,0.85,0.95,0.5,0.0,0.0,0.06,0.05
6,PE_FED,-0.006811,0.1,0.3,0.4,0.5,0.7,0.8,0.95,0.5,0.0,0.0,0.1,0.04
6,PE_PB_FED,-0.006822,0.2,0.3,0.35,0.7,0.65,0.8,0.95,0.5,0.65,0.7,0.12,0.04
6,PE_FED,-0.006842,0.05,0.25,0.35,0.6,0.65,0.85,0.95,0.5,0.0,0.0,0.12,0.04
6,PE_PB_FED,-0.006858,0.05,0.2,0.35,0.5,0.65,0.8,0.85,0.0,0.5,0.8,0.08,0.05
6,PE_PB,-0.006863,0.05,0.15,0.3,0.5,0.65,0.8,0.9,0.0,0.5,0.0,0.06,0.05
6,PE_PB,-0.006875,0.2,0.3,0.45,0.65,0.75,0.8,0.9,0.0,0.5,0.0,0.08,0.05
6,PE_FED,-0.006875,0.1,0.25,0.45,0.6,0.7,0.75,0.95,1.0,0.0,0.0,0.06,0.04
6,PE_PB,-0.006883,0.05,0.2,0.3,0.55,0.7,0.8,0.85,0.0,0.5,0.0,0.12,0.05
6,PE_FED,-0.006883,0.15,0.25,0.4,0.65,0.7,0.75,0.95,1.0,0.0,0.0,0.12,0.04
6,PB_FED,-0.006886,0.15,0.3,0.35,0.55,0.75,0.85,0.9,1.0,0.0,0.0,0.06,0.04
6,PE_PB_FED,-0.006888,0.05,0.15,0.3,0.6,0.75,0.8,0.9,0.5,0.6,0.75,0.08,0.03
8,PE_PB_FED,-0.006888,0.1,0.3,0.45,0.6,0.65,0.8,0.85,1.0,0.65,0.75,0.1,0.05
8,PE_PB_FED,-0.006894,0.1,0.25,0.45,0.6,0.75,0.8,0.85,1.0,0.5,0.7,0.1,0.03
6,PE_PB,-0.006898,0.2,0.25,0.3,0.5,0.75,0.85,0.9,0.0,0.65,0.0,0.08,0.04
6,PE_PB,-0.006898,0.2,0.25,0.3,0.5,0.75,0.85,0.9,0.0,0.65,0.0,0.1,0.04
6,PB_FED,-0.006913,0.05,0.25,0.45,0.55,0.7,0.8,0.85,1.0,0.0,0.0,0.08,0.05
6,PE_PB_FED,-0.006919,0.15,0.25,0.3,0.55,0.75,0.85,0.95,0.5,0.65,0.7,0.08,0.04
6,PE_FED,-0.006929,0.05,0.15,0.45,0.55,0.7,0.75,0.9,0.5,0.0,0.0,0.12,0.05
6,PE_PB,-0.00693,0.15,0.25,0.35,0.55,0.7,0.85,0.9,0.0,0.55,0.0,0.12,0.05
6,PE_FED,-0.00693,0.1,0.3,0.45,0.5,0.65,0.8,0.95,0.5,0.0,0.0,0.06,0.03
6,PE_PB_FED,-0.006931,0.05,0.25,0.35,0.55,0.7,0.8,0.95,0.5,0.55,0.8,0.08,0.05
8,PE_FED,-0.006937,0.2,0.25,0.35,0.55,0.65,0.8,0.85,1.0,0.0,0.0,0.06,0.04
6,PE_PB_FED,-0.006939,0.1,0.15,0.35,0.6,0.7,0.85,0.95,1.0,0.65,0.75,0.06,0.04
6,PE_PB_FED,-0.006939,0.1,0.15,0.35,0.6,0.65,0.85,0.95,1.0,0.65,0.7,0.1,0.04
6,PE_PB_FED,-0.006944,0.15,0.2,0.35,0.5,0.65,0.75,0.95,1.0,0.55,0.75,0.1,0.03
6,PE_PB_FED,-0.006952,0.1,0.25,0.45,0.6,0.7,0.8,0.95,1.0,0.6,0.8,0.06,0.03
6,PE_PB_FED,-0.006957,0.05,0.15,0.35,0.6,0.65,0.8,0.9,0.5,0.65,0.7,0.1,0.04
6,PE_PB_FED,-0.006961,0.2,0.3,0.35,0.6,0.65,0.8,0.9,-0.5,0.5,0.75,0.06,0.05
6,PE_FED,-0.006964,0.15,0.2,0.45,0.65,0.75,0.8,0.95,1.0,0.0,0.0,0.12,0.05
6,PE_PB_FED,-0.006964,0.05,0.25,0.4,0.7,0.65,0.75,0.95,0.5,0.5,0.75,0.1,0.05
6,PE_PB_FED,-0.00697,0.05,0.2,0.35,0.5,0.65,0.75,0.95,1.0,0.5,0.75,0.06,0.03
6,PE_FED,-0.006972,0.15,0.2,0.3,0.55,0.75,0.8,0.95,1.0,0.0,0.0,0.12,0.04
6,PE_FED,-0.006983,0.05,0.25,0.45,0.55,0.7,0.75,0.95,1.0,0.0,0.0,0.12,0.03
6,PE_PB,-0.006986,0.1,0.2,0.4,0.5,0.75,0.8,0.85,0.0,0.6,0.0,0.12,0.04
6,PE_PB,-0.007008,0.05,0.25,0.35,0.55,0.7,0.8,0.85,0.0,0.55,0.0,0.08,0.05
6,PE_FED,-0.007022,0.05,0.15,0.45,0.6,0.75,0.8,0.9,0.5,0.0,0.0,0.1,0.03
6,PE_FED,-0.007022,0.1,0.25,0.3,0.5,0.65,0.8,0.95,1.0,0.0,0.0,0.06,0.03
6,PE_PB,-0.007027,0.1,0.25,0.3,0.6,0.7,0.8,0.85,0.0,0.5,0.0,0.08,0.05
6,PE_PB_FED,-0.007035,0.1,0.2,0.45,0.5,0.65,0.8,0.85,-0.5,0.6,0.75,0.12,0.05
6,PE_PB,-0.00704,0.2,0.3,0.4,0.5,0.75,0.8,0.9,0.0,0.65,0.0,0.12,0.05
6,PE_PB,-0.007052,0.1,0.2,0.45,0.6,0.75,0.8,0.85,0.0,0.5,0.0,0.12,0.05
6,PE_FED,-0.007078,0.1,0.2,0.35,0.5,0.75,0.8,0.95,1.0,0.0,0.0,0.12,0.05
6,PE_FED,-0.007079,0.15,0.25,0.4,0.65,0.65,0.75,0.95,1.0,0.0,0.0,0.12,0.05
6,PE_PB,-0.007083,0.1,0.3,0.45,0.6,0.75,0.8,0.85,0.0,0.55,0.0,0.06,0.03
6,PE_PB_FED,-0.007086,0.05,0.15,0.4,0.7,0.75,0.85,0.95,1.0,0.6,0.75,0.08,0.03
6,PE_PB_FED,-0.007093,0.05,0.25,0.3,0.65,0.7,0.8,0.95,1.0,0.65,0.7,0.06,0.04
6,PE_FED,-0.007096,0.2,0.25,0.45,0.6,0.75,0.8,0.95,0.5,0.0,0.0,0.08,0.05
6,PE_PB,-0.007097,0.1,0.3,0.45,0.55,0.65,0.75,0.85,0.0,0.5,0.0,0.1,0.03
6,PE_FED,-0.007101,0.1,0.25,0.45,0.55,0.75,0.85,0.95,0.5,0.0,0.0,0.12,0.04
6,PE_PB_FED,-0.007107,0.15,0.3,0.4,0.5,0.7,0.85,0.9,0.0,0.6,0.7,0.08,0.05
6,PE_PB_FED,-0.007122,0.05,0.25,0.4,0.5,0.65,0.85,0.9,-0.5,0.55,0.8,0.1,0.04
6,PE_PB_FED,-0.007125,0.1,0.2,0.35,0.7,0.75,0.85,0.95,0.5,0.5,0.7,0.06,0.03
8,PE_PB_FED,-0.007129,0.15,0.25,0.35,0.5,0.7,0.8,0.85,1.0,0.6,0.75,0.12,0.05
8,PE_PB_FED,-0.007131,0.05,0.3,0.45,0.65,0.7,0.85,0.9,1.0,0.5,0.8,0.1,0.04
6,PE_PB,-0.007148,0.1,0.2,0.3,0.5,0.75,0.8,0.85,0.0,0.55,0.0,0.12,0.04
6,PB_FED,-0.00716,0.2,0.25,0.45,0.55,0.75,0.85,0.9,1.0,0.0,0.0,0.1,0.05
6,PE_PB,-0.007161,0.15,0.25,0.3,0.6,0.75,0.8,0.85,0.0,0.5,0.0,0.08,0.05
6,PE_PB,-0.007167,0.1,0.25,0.3,0.55,0.65,0.85,0.9,0.0,0.5,0.0,0.08,0.03
6,PE_FED,-0.007182,0.1,0.25,0.45,0.5,0.7,0.75,0.95,1.0,0.0,0.0,0.06,0.04
6,PE_PB,-0.007186,0.1,0.25,0.45,0.5,0.7,0.75,0.85,0.0,0.6,0.0,0.08,0.03
6,PE_PB_FED,-0.007186,0.05,0.25,0.4,0.6,0.7,0.85,0.95,0.5,0.65,0.7,0.1,0.04
6,PE_PB,-0.007189,0.1,0.3,0.35,0.55,0.65,0.75,0.85,0.0,0.5,0.0,0.1,0.05
6,PE_PB_FED,-0.007189,0.1,0.15,0.4,0.5,0.75,0.8,0.9,0.5,0.65,0.7,0.08,0.03
6,PB_FED,-0.007189,0.15,0.3,0.35,0.5,0.7,0.85,0.9,1.0,0.0,0.0,0.08,0.03
6,PE_PB_FED,-0.007217,0.15,0.2,0.4,0.5,0.75,0.8,0.85,-0.5,0.55,0.75,0.1,0.04
6,PB_FED,-0.007221,0.2,0.25,0.45,0.5,0.65,0.8,0.85,1.0,0.0,0.0,0.08,0.04
6,PE_PB,-0.007227,0.1,0.25,0.3,0.5,0.65,0.8,0.85,0.0,0.6,0.0,0.06,0.03
8,PE_PB_FED,-0.007241,0.15,0.3,0.4,0.55,0.65,0.75,0.85,1.0,0.5,0.7,0.06,0.04
8,PE_FED,-0.007255,0.05,0.3,0.35,0.5,0.7,0.8,0.85,1.0,0.0,0.0,0.1,0.04
6,PE_PB,-0.007269,0.15,0.25,0.35,0.5,0.65,0.8,0.85,0.0,0.65,0.0,0.12,0.05
6,PB_FED,-0.007274,0.2,0.25,0.4,0.55,0.7,0.85,0.9,1.0,0.0,0.0,0.12,0.05
6,PE_PB,-0.007278,0.15,0.2,0.4,0.55,0.7,0.85,0.9,0.0,0.5,0.0,0.08,0.05
6,PE_PB_FED,-0.007287,0.1,0.3,0.45,0.55,0.75,0.85,0.9,0.0,0.5,0.8,0.06,0.04
6,PE_PB,-0.007288,0.1,0.15,0.35,0.5,0.75,0.8,0.9,0.0,0.5,0.0,0.08,0.05
6,PE_PB,-0.007312,0.1,0.25,0.45,0.5,0.7,0.75,0.85,0.0,0.6,0.0,0.06,0.05
6,PE_FED,-0.007323,0.05,0.25,0.3,0.55,0.65,0.8,0.95,1.0,0.0,0.0,0.12,0.03
6,PE_FED,-0.007337,0.15,0.25,0.4,0.6,0.75,0.8,0.95,1.0,0.0,0.0,0.12,0.03
6,PE_PB_FED,-0.007372,0.15,0.3,0.45,0.65,0.7,0.75,0.95,1.0,0.65,0.8,0.1,0.03
8,PE_PB_FED,-0.007395,0.2,0.25,0.3,0.55,0.65,0.85,0.9,1.0,0.55,0.75,0.08,0.04
6,PE_PB,-0.007401,0.05,0.2,0.4,0.5,0.65,0.8,0.85,0.0,0.55,0.0,0.12,0.03
6,PE_PB,-0.007413,0.05,0.2,0.4,0.5,0.65,0.8,0.9,0.0,0.5,0.0,0.06,0.04
6,PE_FED,-0.007419,0.05,0.25,0.35,0.55,0.7,0.85,0.95,0.5,0.0,0.0,0.12,0.05
8,PE_FED,-0.007426,0.2,0.25,0.4,0.5,0.7,0.8,0.85,1.0,0.0,0.0,0.1,0.05
6,PE_PB_FED,-0.007443,0.1,0.25,0.3,0.6,0.65,0.8,0.95,1.0,0.6,0.7,0.08,0.04
8,PE_PB_FED,-0.007445,0.1,0.3,0.45,0.6,0.7,0.85,0.9,1.0,0.6,0.7,0.06,0.05
6,PE_FED,-0.007458,0.05,0.25,0.35,0.7,0.7,0.75,0.9,0.5,0.0,0.0,0.06,0.03
6,PE_PB,-0.007481,0.15,0.25,0.35,0.55,0.75,0.85,0.9,0.0,0.5,0.0,0.08,0.03
8,PE_PB_FED,-0.007493,0.05,0.3,0.4,0.55,0.7,0.8,0.85,1.0,0.65,0.7,0.12,0.04
6,PE_PB_FED,-0.007497,0.15,0.3,0.4,0.7,0.65,0.8,0.95,0.5,0.55,0.75,0.08,0.05
6,PE_PB,-0.007523,0.2,0.3,0.45,0.5,0.75,0.8,0.9,0.0,0.65,0.0,0.08,0.05
6,PE_FED,-0.007528,0.05,0.25,0.4,0.55,0.75,0.85,0.95,0.5,0.0,0.0,0.08,0.04
6,PE_PB,-0.00753,0.05,0.3,0.45,0.5,0.65,0.8,0.9,0.0,0.55,0.0,0.12,0.04
8,PE_FED,-0.007532,0.2,0.25,0.45,0.5,0.75,0.8,0.85,1.0,0.0,0.0,0.08,0.05
6,PE_PB,-0.007539,0.15,0.3,0.35,0.5,0.65,0.85,0.95,0.0,0.5,0.0,0.06,0.03
6,PE_FED,-0.007552,0.1,0.25,0.3,0.65,0.75,0.8,0.9,0.5,0.0,0.0,0.06,0.04
8,PE_PB_FED,-0.007591,0.15,0.3,0.4,0.6,0.7,0.85,0.9,1.0,0.55,0.7,0.08,0.03
8,PE_PB,-0.007594,0.2,0.3,0.4,0.5,0.65,0.85,0.9,0.0,0.5,0.0,0.12,0.05
6,PE_PB_FED,-0.007595,0.15,0.3,0.45,0.5,0.65,0.85,0.9,0.0,0.6,0.8,0.1,0.05
6,PE_PB,-0.007599,0.1,0.3,0.45,0.55,0.75,0.85,0.9,0.0,0.6,0.0,0.1,0.05
6,PE_FED,-0.007607,0.05,0.3,0.45,0.7,0.7,0.85,0.95,0.5,0.0,0.0,0.1,0.04
6,PE_FED,-0.00761,0.2,0.3,0.35,0.6,0.7,0.8,0.95,0.5,0.0,0.0,0.06,0.05
6,PE_FED,-0.007614,0.15,0.3,0.4,0.6,0.7,0.75,0.95,1.0,0.0,0.0,0.08,0.03
6,PE_PB_FED,-0.007615,0.15,0.3,0.4,0.55,0.65,0.8,0.95,0.5,0.6,0.7,0.06,0.05
6,PE_FED,-0.007617,0.15,0.25,0.4,0.5,0.75,0.85,0.95,0.5,0.0,0.0,0.12,0.04
6,PE_PB_FED,-0.007622,0.15,0.2,0.35,0.7,0.65,0.8,0.95,1.0,0.5,0.8,0.08,0.03
8,PE_PB_FED,-0.007624,0.1,0.2,0.45,0.5,0.7,0.8,0.85,1.0,0.5,0.7,0.06,0.05
6,PE_PB,-0.00763,0.2,0.25,0.3,0.5,0.7,0.75,0.85,0.0,0.55,0.0,0.12,0.04
6,PE_FED,-0.007652,0.1,0.2,0.4,0.5,0.7,0.75,0.9,0.5,0.0,0.0,0.08,0.03
6,PE_PB_FED,-0.007661,0.15,0.25,0.4,0.7,0.7,0.8,0.95,1.0,0.65,0.75,0.08,0.04
6,PE_FED,-0.007688,0.1,0.3,0.35,0.55,0.7,0.85,0.95,0.5,0.0,0.0,0.06,0.04
6,PE_PB,-0.007711,0.2,0.25,0.35,0.65,0.65,0.8,0.85,0.0,0.5,0.0,0.08,0.05
6,PE_PB,-0.007712,0.2,0.25,0.4,0.5,0.65,0.75,0.85,0.0,0.55,0.0,0.06,0.03
6,PE_PB_FED,-0.007712,0.15,0.25,0.35,0.7,0.7,0.8,0.95,1.0,0.55,0.8,0.12,0.03
6,PE_PB_FED,-0.007729,0.1,0.3,0.4,0.7,0.65,0.85,0.95,0.5,0.6,0.75,0.06,0.05
6,PE_PB_FED,-0.007743,0.05,0.25,0.45,0.5,0.7,0.85,0.9,-0.5,0.6,0.75,0.08,0.03
8,PE_FED,-0.007757,0.2,0.3,0.45,0.65,0.75,0.8,0.85,1.0,0.0,0.0,0.06,0.04
6,PE_PB_FED,-0.007777,0.1,0.3,0.4,0.55,0.65,0.75,0.85,-0.5,0.5,0.8,0.1,0.04
6,PE_PB_FED,-0.007783,0.2,0.25,0.45,0.5,0.7,0.75,0.85,-0.5,0.55,0.75,0.06,0.03
6,PE_PB,-0.007787,0.1,0.25,0.3,0.5,0.75,0.8,0.9,0.0,0.5,0.0,0.08,0.03
6,PE_FED,-0.007799,0.05,0.25,0.4,0.7,0.75,0.8,0.95,1.0,0.0,0.0,0.12,0.05
6,PE_PB_FED,-0.007801,0.15,0.2,0.45,0.65,0.7,0.8,0.95,1.0,0.5,0.75,0.12,0.03
6,PE_PB_FED,-0.007806,0.2,0.25,0.4,0.5,0.65,0.8,0.85,0.0,0.55,0.7,0.06,0.05
6,PE_PB,-0.007812,0.1,0.25,0.45,0.5,0.65,0.85,0.9,0.0,0.65,0.0,0.12,0.05
6,PE_PB_FED,-0.007823,0.05,0.25,0.45,0.5,0.7,0.85,0.9,-0.5,0.55,0.75,0.1,0.04
6,PE_PB,-0.007828,0.15,0.3,0.45,0.7,0.65,0.85,0.9,0.0,0.5,0.0,0.06,0.05
8,PE_PB_FED,-0.007834,0.1,0.25,0.3,0.55,0.65,0.85,0.9,1.0,0.5,0.7,0.1,0.05
6,PE_PB,-0.007837,0.05,0.25,0.4,0.5,0.65,0.8,0.85,0.0,0.6,0.0,0.08,0.03
6,PE_PB,-0.007842,0.2,0.25,0.45,0.6,0.75,0.85,0.9,0.0,0.5,0.0,0.1,0.03
6,PE_PB_FED,-0.007851,0.1,0.25,0.45,0.6,0.75,0.8,0.95,1.0,0.6,0.75,0.12,0.04
6,PE_PB_FED,-0.007866,0.1,0.15,0.3,0.65,0.65,0.85,0.9,0.5,0.65,0.7,0.12,0.04
6,PE_FED,-0.007872,0.2,0.3,0.35,0.65,0.75,0.85,0.95,0.5,0.0,0.0,0.12,0.03
6,PE_PB_FED,-0.007909,0.2,0.3,0.4,0.6,0.65,0.75,0.95,0.5,0.55,0.8,0.12,0.03
6,PE_FED,-0.007911,0.05,0.25,0.3,0.6,0.65,0.8,0.95,1.0,0.0,0.0,0.06,0.04
6,PE_PB_FED,-0.007917,0.2,0.25,0.4,0.7,0.7,0.8,0.95,0.5,0.5,0.7,0.08,0.03
6,PE_PB,-0.007926,0.1,0.15,0.4,0.5,0.7,0.75,0.85,0.0,0.5,0.0,0.12,0.04
6,PE_FED,-0.007934,0.15,0.2,0.35,0.6,0.75,0.8,0.9,0.5,0.0,0.0,0.08,0.03
6,PB_FED,-0.007937,0.15,0.25,0.4,0.5,0.7,0.85,0.9,1.0,0.0,0.0,0.08,0.05
6,PE_PB_FED,-0.00794,0.1,0.3,0.4,0.65,0.65,0.8,0.85,-0.5,0.5,0.75,0.06,0.05
6,PE_FED,-0.007958,0.05,0.3,0.35,0.7,0.65,0.75,0.95,1.0,0.0,0.0,0.06,0.04
6,PE_PB_FED,-0.007959,0.2,0.3,0.35,0.55,0.75,0.8,0.95,0.5,0.6,0.8,0.08,0.03
6,PE_PB,-0.007962,0.05,0.25,0.4,0.55,0.7,0.8,0.85,0.0,0.5,0.0,0.08,0.04
6,PE_FED,-0.007963,0.15,0.3,0.4,0.7,0.65,0.75,0.95,1.0,0.0,0.0,0.08,0.05
6,PE_FED,-0.007969,0.05,0.25,0.3,0.7,0.65,0.75,0.9,0.5,0.0,0.0,0.1,0.05
6,PB_FED,-0.007969,0.2,0.25,0.3,0.5,0.65,0.85,0.9,1.0,0.0,0.0,0.1,0.05
8,PE_PB_FED,-0.007974,0.1,0.3,0.35,0.65,0.65,0.8,0.85,1.0,0.55,0.7,0.12,0.04
6,PE_PB_FED,-0.007979,0.2,0.25,0.4,0.6,0.65,0.8,0.95,0.5,0.55,0.7,0.06,0.05
6,PE_PB_FED,-0.007992,0.2,0.25,0.45,0.5,0.65,0.8,0.85,0.0,0.55,0.7,0.08,0.04
8,PE_PB_FED,-0.007997,0.2,0.25,0.3,0.65,0.7,0.85,0.9,1.0,0.5,0.8,0.06,0.03
6,PE_PB,-0.008007,0.05,0.3,0.45,0.55,0.65,0.8,0.85,0.0,0.6,0.0,0.12,0.05
6,PE_PB_FED,-0.008019,0.2,0.3,0.45,0.55,0.75,0.8,0.85,-0.5,0.6,0.7,0.12,0.04
6,PE_PB,-0.008029,0.05,0.25,0.45,0.5,0.65,0.85,0.9,0.0,0.65,0.0,0.08,0.05
6,PE_PB,-0.008031,0.15,0.25,0.3,0.55,0.75,0.8,0.85,0.0,0.5,0.0,0.1,0.05
6,PE_PB_FED,-0.008035,0.1,0.25,0.3,0.55,0.7,0.75,0.9,0.5,0.6,0.7,0.1,0.04
6,PE_PB_FED,-0.008064,0.05,0.3,0.35,0.65,0.7,0.85,0.95,0.5,0.65,0.7,0.12,0.05
8,PE_PB_FED,-0.008066,0.15,0.25,0.35,0.5,0.7,0.8,0.85,1.0,0.5,0.75,0.12,0.03
6,PE_PB_FED,-0.008068,0.05,0.2,0.4,0.6,0.65,0.75,0.9,0.5,0.6,0.7,0.1,0.04
6,PE_FED,-0.008073,0.15,0.25,0.35,0.6,0.65,0.8,0.95,1.0,0.0,0.0,0.12,0.04
6,PE_PB_FED,-0.008074,0.15,0.25,0.35,0.5,0.75,0.85,0.95,0.5,0.65,0.8,0.12,0.04
6,PE_PB_FED,-0.008079,0.2,0.25,0.45,0.5,0.7,0.75,0.95,0.5,0.6,0.75,0.06,0.05
6,PE_PB_FED,-0.008079,0.2,0.25,0.45,0.5,0.65,0.75,0.95,0.5,0.6,0.75,0.1,0.05
8,PE_PB_FED,-0.008079,0.2,0.3,0.45,0.55,0.75,0.85,0.9,1.0,0.65,0.8,0.08,0.03
6,PE_PB_FED,-0.008081,0.05,0.2,0.45,0.5,0.7,0.8,0.95,1.0,0.6,0.7,0.08,0.05
6,PE_PB,-0.008092,0.1,0.3,0.35,0.5,0.65,0.75,0.85,0.0,0.55,0.0,0.06,0.03
6,PE_PB,-0.008093,0.2,0.3,0.45,0.5,0.7,0.8,0.9,0.0,0.55,0.0,0.1,0.04
6,PB_FED,-0.008096,0.05,0.3,0.4,0.55,0.7,0.85,0.9,1.0,0.0,0.0,0.1,0.04
6,PE_FED,-0.008097,0.1,0.3,0.45,0.6,0.7,0.8,0.95,1.0,0.0,0.0,0.1,0.03
6,PE_PB_FED,-0.008105,0.2,0.3,0.45,0.6,0.7,0.75,0.85,-0.5,0.5,0.7,0.08,0.03
6,PE_PB_FED,-0.008108,0.05,0.15,0.4,0.5,0.65,0.75,0.9,0.5,0.55,0.75,0.08,0.04
6,PE_PB,-0.008114,0.2,0.25,0.35,0.5,0.65,0.85,0.9,0.0,0.65,0.0,0.12,0.05
6,PE_FED,-0.008122,0.1,0.15,0.4,0.7,0.7,0.75,0.85,0.5,0.0,0.0,0.1,0.03
6,PE_PB_FED,-0.008156,0.2,0.25,0.35,0.7,0.7,0.75,0.95,0.5,0.5,0.75,0.12,0.05
6,PE_PB,-0.008161,0.1,0.25,0.4,0.5,0.7,0.8,0.85,0.0,0.6,0.0,0.06,0.05
6,PE_PB,-0.008162,0.05,0.15,0.4,0.5,0.7,0.75,0.85,0.0,0.5,0.0,0.12,0.05
6,PE_FED,-0.008173,0.1,0.15,0.3,0.55,0.7,0.75,0.85,0.5,0.0,0.0,0.06,0.04
6,PE_PB,-0.008177,0.15,0.25,0.4,0.5,0.65,0.8,0.85,0.0,0.6,0.0,0.1,0.05
8,PE_PB,-0.008182,0.2,0.3,0.45,0.5,0.75,0.85,0.9,0.0,0.5,0.0,0.12,0.05
6,PE_PB,-0.00819,0.05,0.25,0.35,0.55,0.75,0.8,0.85,0.0,0.5,0.0,0.06,0.05
6,PE_PB,-0.008195,0.2,0.3,0.4,0.65,0.7,0.85,0.9,0.0,0.5,0.0,0.1,0.03
6,PE_FED,-0.008201,0.2,0.25,0.3,0.55,0.75,0.85,0.95,0.5,0.0,0.0,0.1,0.04
6,PE_PB_FED,-0.008203,0.05,0.3,0.4,0.5,0.7,0.85,0.9,-0.5,0.6,0.8,0.1,0.04
6,PE_FED,-0.008207,0.1,0.25,0.4,0.55,0.65,0.75,0.9,0.5,0.0,0.0,0.06,0.03
6,PE_PB_FED,-0.008225,0.15,0.25,0.35,0.5,0.65,0.85,0.95,0.5,0.65,0.75,0.06,0.05
6,PE_PB,-0.008232,0.05,0.3,0.35,0.65,0.65,0.8,0.85,0.0,0.5,0.0,0.1,0.05
6,PE_FED,-0.008248,0.2,0.3,0.45,0.7,0.65,0.85,0.95,0.5,0.0,0.0,0.06,0.04
6,PE_FED,-0.008269,0.05,0.3,0.35,0.65,0.65,0.75,0.95,1.0,0.0,0.0,0.06,0.05
6,PE_PB,-0.008279,0.2,0.25,0.4,0.5,0.7,0.75,0.85,0.0,0.55,0.0,0.08,0.05
6,PE_FED,-0.008301,0.1,0.25,0.45,0.6,0.7,0.75,0.9,0.5,0.0,0.0,0.12,0.04
6,PE_FED,-0.008332,0.15,0.25,0.4,0.7,0.65,0.8,0.9,0.5,0.0,0.0,0.1,0.04
6,PE_FED,-0.008335,0.1,0.15,0.4,0.55,0.65,0.75,0.9,1.0,0.0,0.0,0.08,0.03
6,PE_PB,-0.008345,0.2,0.3,0.35,0.7,0.65,0.8,0.85,0.0,0.5,0.0,0.12,0.05
6,PE_PB_FED,-0.00835,0.15,0.2,0.35,0.6,0.65,0.75,0.95,1.0,0.5,0.8,0.12,0.04
6,PE_PB,-0.008359,0.1,0.3,0.45,0.65,0.75,0.85,0.9,0.0,0.5,0.0,0.06,0.05
6,PE_FED,-0.008359,0.05,0.15,0.45,0.7,0.7,0.75,0.9,1.0,0.0,0.0,0.12,0.04
6,PE_PB,-0.008361,0.1,0.3,0.4,0.6,0.75,0.8,0.85,0.0,0.5,0.0,0.12,0.03
6,PE_FED,-0.008369,0.2,0.3,0.45,0.7,0.7,0.85,0.95,0.5,0.0,0.0,0.12,0.05
6,PE_FED,-0.008371,0.05,0.25,0.3,0.5,0.7,0.8,0.95,1.0,0.0,0.0,0.06,0.04
6,PE_FED,-0.0084,0.05,0.15,0.3,0.6,0.75,0.85,0.9,0.5,0.0,0.0,0.12,0.04
6,PE_PB_FED,-0.008402,0.1,0.25,0.3,0.5,0.65,0.85,0.95,0.5,0.55,0.7,0.08,0.04
6,PE_PB_FED,-0.008406,0.15,0.2,0.35,0.7,0.7,0.85,0.95,0.5,0.5,0.8,0.06,0.04
6,PE_PB_FED,-0.008408,0.1,0.3,0.45,0.5,0.75,0.85,0.9,-0.5,0.6,0.75,0.12,0.04
6,PE_FED,-0.00841,0.15,0.25,0.4,0.65,0.65,0.8,0.9,0.5,0.0,0.0,0.06,0.04
6,PE_PB_FED,-0.00841,0.05,0.3,0.45,0.65,0.75,0.8,0.85,-0.5,0.5,0.8,0.06,0.04
8,PE_PB_FED,-0.008427,0.2,0.25,0.45,0.55,0.7,0.85,0.9,1.0,0.6,0.8,0.08,0.05
6,PE_PB_FED,-0.00843,0.1,0.3,0.35,0.6,0.7,0.8,0.85,-0.5,0.5,0.8,0.12,0.03
6,PE_PB_FED,-0.008435,0.15,0.25,0.35,0.6,0.7,0.75,0.95,1.0,0.55,0.8,0.12,0.04
6,PE_PB,-0.008464,0.05,0.25,0.4,0.5,0.7,0.8,0.9,0.0,0.5,0.0,0.12,0.04
6,PE_PB,-0.008476,0.2,0.3,0.45,0.55,0.7,0.8,0.85,0.0,0.6,0.0,0.08,0.05
8,PE_PB_FED,-0.008478,0.2,0.25,0.4,0.65,0.75,0.8,0.85,1.0,0.55,0.8,0.1,0.05
6,PE_PB,-0.008487,0.05,0.2,0.45,0.5,0.7,0.8,0.85,0.0,0.55,0.0,0.1,0.04
6,PE_PB,-0.008491,0.05,0.2,0.4,0.5,0.65,0.75,0.85,0.0,0.5,0.0,0.1,0.04
6,PE_PB,-0.008493,0.15,0.3,0.35,0.6,0.65,0.85,0.9,0.0,0.5,0.0,0.08,0.05
6,PE_FED,-0.008493,0.1,0.15,0.4,0.5,0.65,0.75,0.9,1.0,0.0,0.0,0.08,0.03
6,PE_FED,-0.008497,0.1,0.2,0.45,0.7,0.65,0.8,0.9,0.5,0.0,0.0,0.08,0.05
6,PE_FED,-0.008512,0.15,0.3,0.45,0.6,0.75,0.8,0.95,1.0,0.0,0.0,0.1,0.03
8,PE_PB_FED,-0.008513,0.1,0.3,0.45,0.5,0.7,0.8,0.85,1.0,0.6,0.8,0.08,0.05
6,PE_FED,-0.008516,0.15,0.2,0.35,0.55,0.75,0.8,0.9,0.5,0.0,0.0,0.06,0.04
6,PE_PB_FED,-0.008532,0.05,0.2,0.45,0.5,0.7,0.85,0.95,0.5,0.6,0.8,0.1,0.03
6,PE_PB_FED,-0.008535,0.1,0.15,0.35,0.6,0.65,0.75,0.9,0.5,0.5,0.75,0.12,0.05
6,PE_FED,-0.008537,0.05,0.25,0.35,0.7,0.7,0.8,0.9,0.5,0.0,0.0,0.08,0.03
6,PE_FED,-0.00854,0.1,0.2,0.45,0.65,0.75,0.8,0.9,0.5,0.0,0.0,0.06,0.05
6,PE_PB,-0.00855,0.1,0.25,0.45,0.5,0.7,0.85,0.9,0.0,0.55,0.0,0.06,0.04
6,PE_PB_FED,-0.008555,0.2,0.25,0.3,0.5,0.65,0.75,0.95,0.5,0.5,0.8,0.12,0.03
6,PE_PB,-0.008581,0.05,0.3,0.4,0.55,0.65,0.85,0.9,0.0,0.5,0.0,0.06,0.04
6,PE_PB_FED,-0.008589,0.05,0.3,0.4,0.7,0.65,0.8,0.95,1.0,0.65,0.7,0.06,0.05
6,PE_PB_FED,-0.00861,0.15,0.3,0.45,0.5,0.65,0.8,0.85,-0.5,0.65,0.7,0.08,0.04
6,PE_PB,-0.008616,0.1,0.3,0.4,0.5,0.75,0.85,0.9,0.0,0.65,0.0,0.1,0.05
6,PB_FED,-0.008619,0.2,0.3,0.35,0.55,0.75,0.8,0.85,1.0,0.0,0.0,0.12,0.05
8,PE_PB_FED,-0.008622,0.05,0.3,0.4,0.5,0.75,0.85,0.9,1.0,0.55,0.8,0.12,0.03
6,PE_PB_FED,-0.008623,0.1,0.2,0.45,0.55,0.7,0.75,0.9,0.5,0.55,0.8,0.06,0.03
6,PE_FED,-0.008628,0.05,0.15,0.35,0.7,0.7,0.75,0.85,0.5,0.0,0.0,0.06,0.03
6,PE_FED,-0.008653,0.2,0.3,0.35,0.5,0.65,0.8,0.95,0.5,0.0,0.0,0.08,0.04
6,PE_PB_FED,-0.008653,0.05,0.2,0.3,0.55,0.65,0.85,0.95,0.5,0.5,0.8,0.12,0.03
6,PE_FED,-0.008678,0.15,0.3,0.45,0.5,0.65,0.75,0.95,1.0,0.0,0.0,0.06,0.04
6,PE_FED,-0.008696,0.05,0.15,0.45,0.6,0.7,0.75,0.9,1.0,0.0,0.0,0.1,0.03
6,PE_PB_FED,-0.008705,0.05,0.3,0.35,0.65,0.75,0.8,0.95,1.0,0.65,0.7,0.12,0.05
6,PE_FED,-0.008709,0.05,0.3,0.4,0.6,0.65,0.75,0.95,1.0,0.0,0.0,0.06,0.05
6,PE_FED,-0.008725,0.15,0.3,0.45,0.65,0.65,0.75,0.9,0.5,0.0,0.0,0.08,0.03
6,PE_PB,-0.008734,0.2,0.3,0.35,0.5,0.7,0.75,0.9,0.0,0.5,0.0,0.06,0.04
6,PE_PB,-0.008742,0.2,0.3,0.35,0.6,0.65,0.85,0.9,0.0,0.5,0.0,0.12,0.03
6,PE_PB_FED,-0.008745,0.2,0.25,0.45,0.65,0.75,0.8,0.95,1.0,0.65,0.75,0.12,0.03
6,PE_FED,-0.008746,0.15,0.3,0.4,0.7,0.75,0.8,0.95,1.0,0.0,0.0,0.06,0.05
6,PE_PB,-0.008753,0.05,0.2,0.45,0.5,0.65,0.8,0.85,0.0,0.55,0.0,0.12,0.05
6,PE_FED,-0.008774,0.2,0.25,0.35,0.6,0.65,0.75,0.95,1.0,0.0,0.0,0.1,0.03
6,PE_PB,-0.008775,0.05,0.3,0.45,0.65,0.65,0.8,0.85,0.0,0.5,0.0,0.1,0.05
8,PE_PB_FED,-0.008787,0.2,0.3,0.4,0.55,0.65,0.75,0.85,1.0,0.5,0.7,0.12,0.04
8,PE_PB_FED,-0.008787,0.15,0.3,0.4,0.55,0.7,0.85,0.9,1.0,0.5,0.8,0.06,0.03
8,PE_PB_FED,-0.008793,0.2,0.25,0.3,0.6,0.7,0.8,0.85,1.0,0.55,0.75,0.06,0.04
6,PE_PB_FED,-0.008795,0.2,0.25,0.3,0.65,0.65,0.8,0.95,1.0,0.6,0.8,0.06,0.03
6,PE_PB_FED,-0.008819,0.15,0.25,0.4,0.6,0.7,0.85,0.95,0.5,0.55,0.7,0.06,0.05
6,PE_FED,-0.00883,0.15,0.3,0.35,0.5,0.7,0.85,0.95,0.5,0.0,0.0,0.12,0.03
6,PE_FED,-0.008851,0.1,0.2,0.45,0.55,0.75,0.8,0.9,0.5,0.0,0.0,0.08,0.03
6,PE_PB_FED,-0.008871,0.05,0.15,0.45,0.5,0.65,0.8,0.9,0.5,0.65,0.75,0.1,0.03
6,PE_PB_FED,-0.008883,0.1,0.15,0.45,0.55,0.7,0.85,0.95,1.0,0.55,0.7,0.06,0.04
6,PE_PB_FED,-0.008888,0.2,0.3,0.45,0.5,0.75,0.8,0.9,-0.5,0.5,0.8,0.06,0.04
6,PE_PB,-0.008895,0.2,0.3,0.4,0.5,0.65,0.75,0.85,0.0,0.6,0.0,0.06,0.05
6,PE_PB_FED,-0.008903,0.05,0.25,0.4,0.55,0.7,0.75,0.95,1.0,0.5,0.8,0.12,0.05
6,PE_PB_FED,-0.008915,0.15,0.3,0.4,0.5,0.75,0.8,0.95,1.0,0.65,0.7,0.1,0.03
8,PE_PB_FED,-0.008942,0.2,0.3,0.45,0.7,0.65,0.85,0.9,1.0,0.55,0.75,0.08,0.05
6,PE_PB,-0.008943,0.2,0.3,0.4,0.55,0.75,0.8,0.85,0.0,0.55,0.0,0.1,0.03
6,PE_PB_FED,-0.008947,0.2,0.25,0.4,0.6,0.7,0.85,0.95,0.5,0.6,0.75,0.12,0.03
6,PE_PB_FED,-0.008951,0.2,0.25,0.45,0.65,0.7,0.75,0.95,1.0,0.55,0.7,0.08,0.03
6,PE_PB_FED,-0.008953,0.15,0.25,0.45,0.5,0.75,0.85,0.9,-0.5,0.5,0.75,0.08,0.04
6,PE_FED,-0.008956,0.05,0.25,0.35,0.55,0.65,0.75,0.9,0.5,0.0,0.0,0.06,0.03
6,PE_PB,-0.008986,0.2,0.3,0.4,0.65,0.7,0.8,0.85,0.0,0.5,0.0,0.1,0.05
6,PE_FED,-0.008986,0.2,0.25,0.4,0.55,0.65,0.75,0.95,1.0,0.0,0.0,0.06,0.03
6,PE_FED,-0.008988,0.05,0.3,0.45,0.5,0.65,0.75,0.95,1.0,0.0,0.0,0.1,0.04
6,PE_PB_FED,-0.009001,0.15,0.25,0.45,0.65,0.65,0.75,0.95,1.0,0.5,0.7,0.1,0.05
6,PE_PB_FED,-0.009007,0.05,0.3,0.45,0.55,0.65,0.8,0.95,1.0,0.6,0.8,0.06,0.03
6,PE_PB_FED,-0.009008,0.1,0.3,0.4,0.5,0.7,0.8,0.95,0.5,0.5,0.8,0.12,0.03
6,PE_PB_FED,-0.00901,0.15,0.3,0.35,0.7,0.7,0.75,0.95,1.0,0.55,0.75,0.06,0.05
6,PE_PB_FED,-0.009041,0.1,0.3,0.4,0.55,0.65,0.8,0.95,1.0,0.6,0.8,0.1,0.04
6,PE_FED,-0.00908,0.1,0.15,0.3,0.55,0.7,0.85,0.9,0.5,0.0,0.0,0.12,0.05
6,PE_PB_FED,-0.009084,0.2,0.25,0.3,0.7,0.7,0.8,0.95,1.0,0.65,0.8,0.1,0.04
6,PE_PB,-0.009089,0.15,0.3,0.4,0.5,0.7,0.85,0.9,0.0,0.6,0.0,0.12,0.03
6,PE_FED,-0.009094,0.2,0.25,0.45,0.55,0.7,0.75,0.95,1.0,0.0,0.0,0.1,0.03
6,PE_FED,-0.009095,0.2,0.25,0.35,0.5,0.7,0.75,0.95,1.0,0.0,0.0,0.08,0.03
6,PE_PB,-0.009114,0.2,0.25,0.4,0.5,0.7,0.85,0.9,0.0,0.6,0.0,0.1,0.05
6,PE_FED,-0.009128,0.15,0.2,0.45,0.55,0.65,0.8,0.9,0.5,0.0,0.0,0.08,0.03
6,PE_PB_FED,-0.009142,0.05,0.2,0.35,0.65,0.75,0.85,0.95,1.0,0.65,0.7,0.08,0.03
6,PE_FED,-0.009148,0.1,0.2,0.35,0.65,0.7,0.85,0.95,1.0,0.0,0.0,0.06,0.05
6,PE_PB,-0.009208,0.2,0.3,0.35,0.5,0.65,0.85,0.9,0.0,0.6,0.0,0.08,0.04
6,PE_PB_FED,-0.009212,0.05,0.15,0.3,0.55,0.7,0.75,0.9,0.5,0.5,0.75,0.1,0.05
6,PE_PB_FED,-0.009213,0.1,0.15,0.4,0.6,0.75,0.8,0.9,0.5,0.5,0.8,0.08,0.04
6,PE_PB_FED,-0.009257,0.15,0.3,0.4,0.65,0.7,0.75,0.95,1.0,0.55,0.75,0.12,0.05
6,PE_PB_FED,-0.009262,0.05,0.25,0.4,0.5,0.7,0.85,0.95,0.5,0.6,0.8,0.08,0.05
6,PE_PB_FED,-0.009279,0.05,0.15,0.45,0.7,0.75,0.8,0.9,0.5,0.5,0.7,0.12,0.03
6,PE_PB,-0.009291,0.2,0.3,0.35,0.5,0.75,0.8,0.85,0.0,0.65,0.0,0.06,0.03
6,PE_FED,-0.009315,0.15,0.25,0.4,0.6,0.75,0.8,0.9,0.5,0.0,0.0,0.08,0.03
6,PE_PB_FED,-0.009328,0.1,0.25,0.35,0.7,0.65,0.8,0.9,0.5,0.65,0.75,0.06,0.05
6,PE_FED,-0.009334,0.1,0.15,0.4,0.6,0.7,0.85,0.9,0.5,0.0,0.0,0.12,0.05
6,PE_PB_FED,-0.009345,0.05,0.15,0.45,0.55,0.65,0.8,0.9,0.5,0.55,0.7,0.08,0.03
6,PE_PB_FED,-0.009346,0.05,0.25,0.45,0.5,0.75,0.8,0.95,0.5,0.5,0.8,0.12,0.04
6,PE_PB_FED,-0.009363,0.05,0.15,0.45,0.65,0.65,0.85,0.95,1.0,0.5,0.7,0.06,0.05
6,PE_PB_FED,-0.00937,0.1,0.2,0.4,0.65,0.7,0.85,0.95,1.0,0.6,0.8,0.12,0.04
6,PE_PB,-0.009372,0.05,0.2,0.45,0.5,0.7,0.75,0.85,0.0,0.5,0.0,0.08,0.04
6,PE_PB_FED,-0.009379,0.1,0.3,0.45,0.5,0.75,0.85,0.9,-0.5,0.6,0.8,0.1,0.05
8,PE_PB_FED,-0.009392,0.1,0.3,0.45,0.5,0.65,0.8,0.85,1.0,0.55,0.8,0.12,0.05
6,PE_PB_FED,-0.0094,0.15,0.2,0.3,0.6,0.65,0.8,0.95,1.0,0.5,0.75,0.1,0.05
6,PE_PB,-0.009403,0.1,0.2,0.3,0.5,0.75,0.85,0.9,0.0,0.5,0.0,0.1,0.04
6,PE_PB_FED,-0.009405,0.2,0.3,0.35,0.5,0.7,0.8,0.95,0.5,0.55,0.8,0.08,0.03
6,PE_PB_FED,-0.009421,0.15,0.25,0.35,0.5,0.7,0.8,0.85,-0.5,0.5,0.75,0.08,0.04
6,PE_PB_FED,-0.009425,0.1,0.3,0.35,0.6,0.7,0.8,0.95,1.0,0.55,0.7,0.12,0.04
6,PE_PB_FED,-0.009438,0.1,0.3,0.45,0.55,0.65,0.85,0.9,-0.5,0.5,0.75,0.06,0.03
6,PE_PB_FED,-0.009447,0.05,0.15,0.45,0.6,0.7,0.75,0.9,1.0,0.65,0.8,0.1,0.04
6,PE_PB,-0.009448,0.05,0.3,0.4,0.5,0.7,0.85,0.9,0.0,0.6,0.0,0.12,0.03
6,PE_PB,-0.00946,0.05,0.3,0.45,0.5,0.7,0.8,0.85,0.0,0.65,0.0,0.08,0.03
6,PE_PB_FED,-0.009469,0.1,0.25,0.35,0.7,0.65,0.85,0.95,1.0,0.65,0.8,0.06,0.03
6,PB_FED,-0.009491,0.1,0.3,0.45,0.5,0.7,0.85,0.9,1.0,0.0,0.0,0.06,0.05
6,PE_FED,-0.009511,0.15,0.2,0.4,0.65,0.65,0.85,0.95,1.0,0.0,0.0,0.06,0.03
6,PE_PB_FED,-0.009539,0.2,0.3,0.45,0.65,0.75,0.85,0.95,0.5,0.65,0.8,0.06,0.04
6,PE_PB,-0.009542,0.05,0.25,0.4,0.5,0.65,0.75,0.85,0.0,0.5,0.0,0.08,0.04
6,PE_PB_FED,-0.009543,0.1,0.15,0.3,0.7,0.7,0.75,0.85,0.5,0.55,0.75,0.08,0.05
6,PE_FED,-0.009565,0.1,0.15,0.45,0.55,0.7,0.75,0.85,0.5,0.0,0.0,0.1,0.05
6,PE_PB,-0.009593,0.15,0.25,0.45,0.5,0.7,0.8,0.85,0.0,0.55,0.0,0.06,0.05
6,PE_FED,-0.009608,0.1,0.2,0.35,0.65,0.7,0.75,0.85,0.5,0.0,0.0,0.08,0.03
6,PE_FED,-0.009611,0.2,0.25,0.35,0.55,0.65,0.75,0.95,1.0,0.0,0.0,0.06,0.04
6,PE_PB_FED,-0.009614,0.05,0.2,0.3,0.5,0.65,0.85,0.95,0.5,0.5,0.7,0.06,0.04
6,PE_FED,-0.00964,0.15,0.2,0.35,0.65,0.75,0.85,0.9,0.5,0.0,0.0,0.12,0.04
6,PE_PB,-0.009643,0.05,0.3,0.4,0.5,0.65,0.85,0.9,0.0,0.6,0.0,0.06,0.05
6,PE_PB_FED,-0.009647,0.1,0.2,0.4,0.5,0.65,0.85,0.95,1.0,0.65,0.7,0.06,0.03
6,PE_FED,-0.00965,0.1,0.2,0.45,0.6,0.65,0.85,0.95,1.0,0.0,0.0,0.08,0.04
6,PE_FED,-0.00965,0.1,0.2,0.45,0.6,0.75,0.85,0.95,1.0,0.0,0.0,0.12,0.04
6,PE_FED,-0.009661,0.2,0.25,0.35,0.6,0.65,0.75,0.9,0.5,0.0,0.0,0.06,0.04
6,PE_FED,-0.009669,0.05,0.3,0.4,0.6,0.65,0.8,0.95,1.0,0.0,0.0,0.06,0.05
8,PE_PB_FED,-0.009674,0.2,0.3,0.35,0.65,0.7,0.8,0.85,1.0,0.55,0.7,0.12,0.05
6,PE_FED,-0.009685,0.05,0.3,0.45,0.55,0.65,0.85,0.95,0.5,0.0,0.0,0.12,0.05
6,PE_PB_FED,-0.009693,0.1,0.15,0.35,0.65,0.65,0.75,0.9,1.0,0.65,0.8,0.08,0.05
6,PE_FED,-0.009698,0.1,0.15,0.45,0.6,0.7,0.75,0.9,1.0,0.0,0.0,0.1,0.05
6,PE_PB_FED,-0.009711,0.05,0.2,0.4,0.7,0.65,0.85,0.95,1.0,0.6,0.75,0.08,0.04
6,PE_PB_FED,-0.009716,0.05,0.15,0.4,0.55,0.7,0.75,0.9,1.0,0.6,0.75,0.08,0.03
6,PE_PB_FED,-0.009717,0.2,0.3,0.35,0.55,0.75,0.85,0.9,-0.5,0.5,0.7,0.08,0.03
6,PE_PB_FED,-0.009741,0.1,0.15,0.4,0.65,0.7,0.75,0.9,1.0,0.65,0.75,0.1,0.05
6,PE_PB_FED,-0.009742,0.2,0.3,0.45,0.55,0.75,0.85,0.9,-0.5,0.5,0.8,0.06,0.04
6,PE_PB_FED,-0.009772,0.05,0.3,0.4,0.5,0.75,0.8,0.95,1.0,0.55,0.75,0.1,0.03
6,PE_FED,-0.009787,0.05,0.15,0.3,0.6,0.7,0.8,0.85,0.5,0.0,0.0,0.08,0.04
6,PE_PB_FED,-0.009792,0.1,0.25,0.45,0.65,0.75,0.8,0.9,0.5,0.6,0.75,0.06,0.04
6,PE_PB_FED,-0.009861,0.05,0.3,0.35,0.55,0.75,0.8,0.95,0.5,0.5,0.75,0.1,0.05
6,PB_FED,-0.009862,0.05,0.3,0.45,0.5,0.75,0.85,0.9,1.0,0.0,0.0,0.08,0.04
6,PE_PB,-0.009874,0.2,0.25,0.4,0.5,0.7,0.8,0.85,0.0,0.55,0.0,0.08,0.05
6,PE_PB_FED,-0.009888,0.1,0.2,0.35,0.5,0.75,0.8,0.9,0.5,0.65,0.7,0.08,0.05
6,PE_PB_FED,-0.009906,0.1,0.2,0.4,0.6,0.75,0.85,0.95,1.0,0.6,0.75,0.06,0.04
6,PE_PB,-0.009913,0.2,0.25,0.4,0.5,0.75,0.8,0.85,0.0,0.55,0.0,0.1,0.05
6,PE_FED,-0.009914,0.15,0.2,0.35,0.6,0.75,0.85,0.95,1.0,0.0,0.0,0.08,0.03
6,PE_FED,-0.00992,0.1,0.15,0.3,0.5,0.7,0.8,0.85,0.5,0.0,0.0,0.06,0.03
6,PE_FED,-0.009925,0.15,0.25,0.45,0.65,0.65,0.8,0.9,0.5,0.0,0.0,0.06,0.05
6,PE_FED,-0.009928,0.15,0.2,0.35,0.65,0.65,0.75,0.85,0.5,0.0,0.0,0.12,0.05
6,PE_PB,-0.009938,0.15,0.3,0.45,0.5,0.7,0.85,0.9,0.0,0.6,0.0,0.12,0.05
6,PE_FED,-0.009948,0.1,0.2,0.3,0.65,0.65,0.85,0.9,0.5,0.0,0.0,0.1,0.05
6,PE_PB_FED,-0.009956,0.05,0.2,0.3,0.6,0.65,0.8,0.9,0.5,0.6,0.75,0.08,0.05
6,PE_PB_FED,-0.009984,0.05,0.2,0.35,0.6,0.75,0.85,0.95,1.0,0.65,0.8,0.06,0.05
6,PE_FED,-0.009985,0.05,0.2,0.4,0.6,0.75,0.85,0.95,1.0,0.0,0.0,0.12,0.03
6,PE_FED,-0.00999,0.2,0.25,0.4,0.7,0.7,0.8,0.95,1.0,0.0,0.0,0.08,0.05
6,PE_FED,-0.010001,0.05,0.15,0.3,0.6,0.75,0.8,0.9,1.0,0.0,0.0,0.1,0.03
6,PE_FED,-0.010035,0.15,0.25,0.3,0.6,0.65,0.8,0.9,0.5,0.0,0.0,0.1,0.05
6,PE_FED,-0.010041,0.05,0.2,0.3,0.7,0.7,0.75,0.85,0.5,0.0,0.0,0.06,0.04
6,PB_FED,-0.01005,0.15,0.3,0.45,0.5,0.65,0.8,0.85,1.0,0.0,0.0,0.06,0.05
6,PE_PB_FED,-0.010061,0.05,0.15,0.45,0.5,0.75,0.8,0.9,0.5,0.65,0.8,0.12,0.05
6,PE_PB_FED,-0.010066,0.2,0.25,0.45,0.5,0.65,0.85,0.95,0.5,0.65,0.7,0.06,0.03
6,PE_FED,-0.010067,0.05,0.15,0.45,0.6,0.65,0.75,0.85,0.5,0.0,0.0,0.1,0.04
6,PB_FED,-0.01008,0.2,0.3,0.4,0.5,0.65,0.85,0.9,1.0,0.0,0.0,0.1,0.04
6,PE_FED,-0.010081,0.05,0.2,0.3,0.7,0.7,0.75,0.85,0.5,0.0,0.0,0.08,0.03
6,PE_FED,-0.010092,0.2,0.3,0.4,0.65,0.7,0.75,0.95,1.0,0.0,0.0,0.1,0.04
6,PE_PB_FED,-0.010108,0.15,0.3,0.35,0.55,0.7,0.85,0.95,0.5,0.55,0.75,0.12,0.03
6,PE_PB_FED,-0.010113,0.1,0.15,0.3,0.65,0.65,0.8,0.9,1.0,0.65,0.8,0.06,0.04
6,PE_FED,-0.010125,0.05,0.2,0.45,0.6,0.7,0.85,0.95,1.0,0.0,0.0,0.12,0.03
8,PE_PB_FED,-0.010126,0.05,0.3,0.35,0.5,0.7,0.8,0.85,1.0,0.5,0.75,0.12,0.05
6,PE_PB_FED,-0.010134,0.1,0.2,0.4,0.65,0.65,0.85,0.9,0.5,0.65,0.8,0.12,0.04
6,PE_PB_FED,-0.010134,0.1,0.15,0.4,0.6,0.65,0.75,0.9,1.0,0.65,0.8,0.06,0.05
6,PE_FED,-0.01015,0.2,0.3,0.4,0.65,0.65,0.8,0.95,1.0,0.0,0.0,0.08,0.03
6,PE_PB_FED,-0.010164,0.15,0.3,0.45,0.55,0.75,0.8,0.85,-0.5,0.5,0.7,0.06,0.04
6,PE_PB,-0.010171,0.05,0.2,0.3,0.5,0.7,0.8,0.85,0.0,0.5,0.0,0.08,0.04
6,PE_FED,-0.010177,0.1,0.25,0.45,0.55,0.7,0.8,0.9,0.5,0.0,0.0,0.1,0.04
6,PE_FED,-0.010188,0.2,0.25,0.4,0.65,0.75,0.8,0.95,1.0,0.0,0.0,0.08,0.05
6,PE_FED,-0.010202,0.15,0.2,0.3,0.55,0.65,0.85,0.95,1.0,0.0,0.0,0.1,0.05
6,PE_FED,-0.010212,0.05,0.2,0.35,0.55,0.75,0.85,0.95,1.0,0.0,0.0,0.12,0.04
6,PE_FED,-0.010224,0.05,0.2,0.4,0.55,0.7,0.85,0.95,1.0,0.0,0.0,0.08,0.03
6,PE_FED,-0.010229,0.2,0.3,0.35,0.65,0.7,0.75,0.95,1.0,0.0,0.0,0.08,0.05
6,PB_FED,-0.010229,0.05,0.3,0.4,0.5,0.7,0.85,0.9,1.0,0.0,0.0,0.1,0.05
6,PE_FED,-0.010235,0.1,0.25,0.45,0.65,0.7,0.85,0.95,1.0,0.0,0.0,0.08,0.03
6,PE_FED,-0.010244,0.05,0.15,0.35,0.6,0.75,0.8,0.85,0.5,0.0,0.0,0.06,0.05
6,PE_FED,-0.010255,0.15,0.2,0.4,0.6,0.75,0.85,0.95,1.0,0.0,0.0,0.12,0.05
6,PE_FED,-0.010258,0.15,0.2,0.3,0.7,0.7,0.85,0.9,0.5,0.0,0.0,0.12,0.05
6,PE_PB,-0.010276,0.05,0.3,0.4,0.5,0.65,0.8,0.9,0.0,0.5,0.0,0.12,0.04
6,PE_PB_FED,-0.010279,0.1,0.2,0.35,0.55,0.65,0.85,0.95,1.0,0.6,0.8,0.08,0.05
6,PE_FED,-0.010296,0.05,0.15,0.45,0.55,0.7,0.75,0.9,1.0,0.0,0.0,0.08,0.05
6,PE_FED,-0.010303,0.1,0.2,0.3,0.65,0.65,0.8,0.85,0.5,0.0,0.0,0.06,0.05
6,PE_PB_FED,-0.010304,0.1,0.15,0.4,0.65,0.7,0.8,0.9,1.0,0.6,0.75,0.12,0.03
8,PE_PB_FED,-0.010309,0.05,0.3,0.4,0.5,0.7,0.85,0.9,1.0,0.5,0.75,0.1,0.05
6,PE_PB,-0.010317,0.2,0.3,0.45,0.5,0.65,0.8,0.85,0.0,0.6,0.0,0.06,0.04
6,PE_PB_FED,-0.010339,0.15,0.25,0.3,0.5,0.7,0.75,0.9,0.5,0.55,0.8,0.06,0.04
6,PE_FED,-0.010341,0.1,0.15,0.35,0.5,0.75,0.8,0.85,0.5,0.0,0.0,0.1,0.03
6,PE_PB_FED,-0.010349,0.1,0.3,0.35,0.55,0.65,0.75,0.9,0.5,0.55,0.7,0.1,0.03
6,PE_FED,-0.010352,0.15,0.2,0.45,0.55,0.65,0.8,0.9,0.5,0.0,0.0,0.1,0.05
6,PE_PB_FED,-0.010368,0.05,0.2,0.35,0.6,0.75,0.85,0.95,1.0,0.6,0.75,0.08,0.04
6,PE_FED,-0.010374,0.15,0.2,0.35,0.7,0.7,0.85,0.9,0.5,0.0,0.0,0.08,0.03
6,PE_FED,-0.010378,0.2,0.25,0.3,0.6,0.65,0.8,0.95,1.0,0.0,0.0,0.1,0.05
6,PE_PB,-0.010379,0.05,0.3,0.45,0.5,0.7,0.8,0.85,0.0,0.6,0.0,0.12,0.05
6,PE_FED,-0.01038,0.1,0.25,0.35,0.7,0.75,0.85,0.9,0.5,0.0,0.0,0.06,0.04
6,PE_PB_FED,-0.010406,0.1,0.15,0.3,0.65,0.7,0.85,0.9,0.5,0.55,0.75,0.08,0.03
6,PE_FED,-0.010411,0.15,0.2,0.35,0.5,0.65,0.85,0.95,1.0,0.0,0.0,0.12,0.03
6,PE_PB_FED,-0.010423,0.2,0.3,0.4,0.65,0.7,0.75,0.95,1.0,0.5,0.7,0.08,0.03
6,PE_FED,-0.010429,0.2,0.3,0.45,0.55,0.65,0.85,0.95,0.5,0.0,0.0,0.12,0.04
6,PE_FED,-0.010438,0.15,0.25,0.45,0.55,0.65,0.8,0.9,0.5,0.0,0.0,0.1,0.04
6,PE_FED,-0.010441,0.15,0.3,0.35,0.65,0.7,0.8,0.9,0.5,0.0,0.0,0.06,0.05
6,PE_PB_FED,-0.010445,0.15,0.25,0.3,0.7,0.75,0.85,0.95,1.0,0.65,0.75,0.1,0.04
6,PE_PB_FED,-0.010485,0.2,0.3,0.4,0.65,0.7,0.8,0.95,1.0,0.65,0.75,0.12,0.04
6,PE_PB_FED,-0.010493,0.1,0.2,0.45,0.65,0.7,0.8,0.9,0.5,0.55,0.75,0.1,0.05
6,PE_PB_FED,-0.010513,0.2,0.3,0.35,0.5,0.7,0.75,0.95,1.0,0.55,0.8,0.08,0.03
6,PE_FED,-0.010539,0.2,0.3,0.35,0.6,0.7,0.8,0.95,1.0,0.0,0.0,0.12,0.03
6,PE_FED,-0.010566,0.15,0.25,0.4,0.6,0.75,0.8,0.9,0.5,0.0,0.0,0.08,0.05
6,PE_PB_FED,-0.010567,0.2,0.3,0.45,0.7,0.7,0.85,0.95,0.5,0.55,0.7,0.06,0.03
6,PE_PB_FED,-0.010581,0.05,0.15,0.4,0.65,0.7,0.8,0.9,0.5,0.5,0.7,0.06,0.05
6,PE_PB_FED,-0.010603,0.1,0.25,0.4,0.6,0.65,0.85,0.95,1.0,0.65,0.7,0.1,0.05
6,PB_FED,-0.010606,0.2,0.3,0.35,0.5,0.7,0.8,0.85,1.0,0.0,0.0,0.08,0.05
6,PE_FED,-0.010636,0.1,0.2,0.4,0.7,0.7,0.75,0.9,1.0,0.0,0.0,0.08,0.03
6,PE_FED,-0.010637,0.2,0.3,0.35,0.65,0.75,0.8,0.9,0.5,0.0,0.0,0.08,0.03
6,PE_PB_FED,-0.010637,0.05,0.2,0.4,0.6,0.75,0.85,0.95,1.0,0.6,0.7,0.12,0.05
6,PE_FED,-0.010647,0.05,0.15,0.45,0.55,0.7,0.8,0.9,1.0,0.0,0.0,0.08,0.03
6,PE_PB,-0.010692,0.1,0.15,0.45,0.5,0.75,0.8,0.85,0.0,0.5,0.0,0.1,0.05
6,PE_FED,-0.010698,0.15,0.2,0.45,0.65,0.65,0.75,0.85,0.5,0.0,0.0,0.1,0.05
6,PE_FED,-0.010706,0.2,0.3,0.45,0.6,0.65,0.8,0.95,1.0,0.0,0.0,0.12,0.03
6,PE_PB_FED,-0.010709,0.2,0.25,0.3,0.7,0.7,0.8,0.9,0.5,0.6,0.8,0.12,0.04
6,PE_FED,-0.01071,0.2,0.25,0.35,0.5,0.65,0.75,0.9,0.5,0.0,0.0,0.12,0.03
6,PE_PB_FED,-0.010711,0.1,0.2,0.45,0.7,0.7,0.75,0.85,0.5,0.65,0.7,0.1,0.04
6,PE_PB_FED,-0.010749,0.15,0.25,0.3,0.7,0.65,0.85,0.95,1.0,0.6,0.8,0.1,0.03
6,PE_FED,-0.010758,0.2,0.3,0.45,0.6,0.65,0.75,0.95,1.0,0.0,0.0,0.12,0.05
6,PE_PB_FED,-0.010765,0.1,0.15,0.45,0.65,0.7,0.85,0.9,0.5,0.6,0.8,0.08,0.03
6,PE_FED,-0.010767,0.2,0.3,0.35,0.55,0.65,0.8,0.95,1.0,0.0,0.0,0.06,0.03
6,PE_PB,-0.010785,0.1,0.2,0.4,0.5,0.75,0.85,0.9,0.0,0.5,0.0,0.12,0.05
6,PE_FED,-0.010809,0.1,0.25,0.35,0.6,0.7,0.85,0.95,1.0,0.0,0.0,0.12,0.05
6,PE_PB_FED,-0.010814,0.15,0.25,0.45,0.7,0.65,0.75,0.9,0.5,0.5,0.7,0.12,0.03
6,PE_PB_FED,-0.010818,0.05,0.3,0.35,0.55,0.65,0.75,0.9,0.5,0.6,0.8,0.12,0.04
6,PE_FED,-0.010827,0.15,0.25,0.35,0.7,0.65,0.75,0.85,0.5,0.0,0.0,0.12,0.03
6,PE_FED,-0.010847,0.1,0.2,0.35,0.7,0.65,0.75,0.9,1.0,0.0,0.0,0.12,0.04
6,PE_PB_FED,-0.010867,0.1,0.15,0.3,0.55,0.65,0.8,0.85,0.5,0.6,0.75,0.1,0.05
6,PE_PB_FED,-0.010869,0.05,0.3,0.35,0.7,0.75,0.8,0.9,0.5,0.6,0.8,0.12,0.03
6,PE_PB_FED,-0.010878,0.05,0.3,0.4,0.65,0.75,0.85,0.95,0.5,0.5,0.75,0.12,0.03
6,PE_PB_FED,-0.010895,0.05,0.2,0.45,0.55,0.75,0.8,0.9,0.5,0.55,0.75,0.06,0.03
6,PE_PB_FED,-0.010896,0.1,0.2,0.3,0.5,0.65,0.8,0.9,0.5,0.55,0.8,0.06,0.05
8,PE_PB_FED,-0.010915,0.2,0.25,0.4,0.5,0.75,0.85,0.9,1.0,0.5,0.75,0.08,0.05
6,PE_PB_FED,-0.010919,0.2,0.25,0.4,0.55,0.65,0.8,0.95,1.0,0.6,0.8,0.12,0.05
6,PE_PB_FED,-0.010932,0.2,0.3,0.45,0.65,0.75,0.85,0.95,0.5,0.55,0.7,0.12,0.03
6,PE_PB_FED,-0.010941,0.05,0.25,0.35,0.55,0.7,0.8,0.9,0.5,0.6,0.8,0.1,0.04
6,PE_FED,-0.011028,0.15,0.2,0.4,0.65,0.7,0.8,0.85,0.5,0.0,0.0,0.1,0.03
6,PE_PB_FED,-0.011038,0.15,0.3,0.45,0.55,0.65,0.8,0.95,1.0,0.55,0.8,0.12,0.05
6,PE_FED,-0.011055,0.05,0.15,0.35,0.5,0.65,0.85,0.9,0.5,0.0,0.0,0.08,0.03
6,PE_PB_FED,-0.011062,0.2,0.25,0.35,0.55,0.65,0.8,0.95,1.0,0.5,0.75,0.1,0.03
6,PE_PB_FED,-0.011071,0.05,0.2,0.4,0.7,0.65,0.75,0.85,0.5,0.65,0.8,0.1,0.03
6,PE_PB_FED,-0.011095,0.1,0.15,0.4,0.55,0.75,0.85,0.9,0.5,0.6,0.8,0.12,0.03
6,PE_FED,-0.011122,0.1,0.3,0.4,0.7,0.65,0.85,0.95,1.0,0.0,0.0,0.12,0.04
6,PE_PB_FED,-0.011142,0.15,0.2,0.3,0.7,0.7,0.85,0.9,0.5,0.65,0.8,0.08,0.03
6,PE_PB_FED,-0.011186,0.2,0.25,0.3,0.55,0.7,0.75,0.9,0.5,0.6,0.75,0.06,0.05
6,PE_FED,-0.011192,0.05,0.25,0.3,0.55,0.7,0.85,0.95,1.0,0.0,0.0,0.08,0.04
6,PE_FED,-0.011198,0.05,0.2,0.45,0.7,0.65,0.75,0.85,0.5,0.0,0.0,0.08,0.03
6,PE_FED,-0.011201,0.1,0.25,0.45,0.55,0.65,0.8,0.9,0.5,0.0,0.0,0.08,0.05
6,PE_PB_FED,-0.011222,0.1,0.15,0.4,0.7,0.75,0.8,0.85,0.5,0.55,0.8,0.06,0.05
6,PE_PB_FED,-0.011259,0.2,0.3,0.4,0.6,0.65,0.75,0.95,1.0,0.55,0.7,0.1,0.05
6,PE_PB_FED,-0.011265,0.05,0.15,0.3,0.65,0.7,0.8,0.85,0.5,0.55,0.7,0.1,0.03
6,PE_PB_FED,-0.011267,0.15,0.2,0.4,0.55,0.75,0.85,0.95,1.0,0.6,0.8,0.08,0.04
6,PE_PB_FED,-0.011285,0.05,0.15,0.45,0.7,0.65,0.75,0.85,0.5,0.55,0.8,0.12,0.03
6,PE_PB_FED,-0.011308,0.2,0.3,0.45,0.6,0.7,0.75,0.95,1.0,0.55,0.7,0.12,0.05
6,PE_PB_FED,-0.01131,0.2,0.3,0.45,0.55,0.65,0.8,0.95,1.0,0.65,0.7,0.12,0.04
6,PE_FED,-0.011326,0.1,0.2,0.3,0.5,0.7,0.75,0.85,0.5,0.0,0.0,0.08,0.03
6,PE_FED,-0.011343,0.1,0.25,0.45,0.5,0.75,0.85,0.95,1.0,0.0,0.0,0.06,0.04
8,PE_PB_FED,-0.011364,0.2,0.3,0.4,0.55,0.7,0.8,0.85,1.0,0.5,0.8,0.12,0.04
6,PE_PB_FED,-0.011375,0.05,0.2,0.35,0.55,0.65,0.8,0.9,0.5,0.5,0.75,0.06,0.03
6,PE_FED,-0.011382,0.05,0.25,0.35,0.6,0.65,0.85,0.95,1.0,0.0,0.0,0.12,0.05
6,PE_PB_FED,-0.011384,0.15,0.3,0.4,0.6,0.65,0.85,0.95,0.5,0.5,0.7,0.1,0.03
6,PE_PB_FED,-0.011414,0.2,0.25,0.4,0.5,0.65,0.75,0.9,0.5,0.6,0.7,0.1,0.04
6,PE_PB_FED,-0.011431,0.1,0.3,0.45,0.65,0.65,0.8,0.9,0.5,0.55,0.8,0.08,0.03
6,PE_FED,-0.011447,0.1,0.2,0.45,0.65,0.75,0.8,0.85,0.5,0.0,0.0,0.06,0.04
6,PE_PB_FED,-0.011454,0.05,0.2,0.4,0.65,0.75,0.85,0.95,1.0,0.5,0.7,0.08,0.04
6,PE_PB_FED,-0.011455,0.2,0.3,0.45,0.65,0.7,0.75,0.95,1.0,0.5,0.8,0.08,0.05
6,PE_FED,-0.011472,0.1,0.25,0.3,0.65,0.65,0.8,0.85,0.5,0.0,0.0,0.08,0.04
6,PE_PB,-0.011475,0.15,0.2,0.45,0.5,0.75,0.85,0.9,0.0,0.5,0.0,0.12,0.05
6,PE_FED,-0.011491,0.05,0.2,0.3,0.55,0.75,0.85,0.9,0.5,0.0,0.0,0.06,0.04
6,PE_FED,-0.011509,0.15,0.2,0.45,0.7,0.7,0.75,0.9,1.0,0.0,0.0,0.08,0.04
6,PE_PB_FED,-0.011533,0.1,0.3,0.45,0.5,0.75,0.85,0.9,-0.5,0.5,0.75,0.08,0.05
6,PE_PB_FED,-0.011554,0.05,0.15,0.45,0.5,0.75,0.8,0.9,0.5,0.5,0.8,0.12,0.04
6,PE_FED,-0.011598,0.15,0.25,0.3,0.65,0.75,0.8,0.85,0.5,0.0,0.0,0.1,0.03
6,PE_FED,-0.011599,0.15,0.3,0.35,0.6,0.75,0.8,0.9,0.5,0.0,0.0,0.08,0.05
6,PE_FED,-0.011605,0.05,0.25,0.35,0.7,0.7,0.75,0.85,0.5,0.0,0.0,0.12,0.05
6,PE_FED,-0.011608,0.15,0.25,0.3,0.5,0.7,0.85,0.95,1.0,0.0,0.0,0.12,0.05
6,PE_FED,-0.011634,0.1,0.3,0.45,0.65,0.75,0.85,0.95,1.0,0.0,0.0,0.12,0.05
6,PE_PB_FED,-0.01164,0.15,0.25,0.3,0.55,0.75,0.85,0.95,1.0,0.65,0.7,0.06,0.05
6,PE_FED,-0.011655,0.05,0.15,0.35,0.65,0.75,0.8,0.9,1.0,0.0,0.0,0.12,0.05
6,PE_PB_FED,-0.011674,0.15,0.3,0.35,0.7,0.75,0.85,0.95,1.0,0.65,0.75,0.1,0.04
6,PE_PB_FED,-0.011686,0.2,0.25,0.4,0.65,0.75,0.8,0.9,0.5,0.55,0.7,0.12,0.03
6,PE_PB_FED,-0.011688,0.05,0.2,0.3,0.55,0.75,0.85,0.95,1.0,0.5,0.8,0.12,0.03
6,PE_PB_FED,-0.011688,0.05,0.2,0.3,0.55,0.7,0.85,0.95,1.0,0.5,0.7,0.08,0.03
6,PE_FED,-0.011693,0.15,0.25,0.4,0.5,0.75,0.85,0.95,1.0,0.0,0.0,0.1,0.04
6,PE_FED,-0.011697,0.05,0.25,0.4,0.55,0.7,0.8,0.9,0.5,0.0,0.0,0.06,0.05
6,PE_PB_FED,-0.011699,0.1,0.25,0.3,0.55,0.65,0.85,0.9,0.5,0.65,0.8,0.06,0.04
6,PE_FED,-0.011726,0.2,0.25,0.3,0.7,0.65,0.85,0.9,0.5,0.0,0.0,0.1,0.04
6,PE_FED,-0.011729,0.1,0.2,0.35,0.5,0.65,0.75,0.85,0.5,0.0,0.0,0.06,0.04
6,PE_PB,-0.011733,0.15,0.25,0.3,0.5,0.65,0.8,0.85,0.0,0.5,0.0,0.06,0.05
6,PE_PB_FED,-0.01176,0.2,0.3,0.35,0.6,0.7,0.8,0.95,1.0,0.5,0.75,0.1,0.03
6,PE_FED,-0.011783,0.15,0.25,0.35,0.65,0.65,0.85,0.9,0.5,0.0,0.0,0.12,0.05
6,PE_PB_FED,-0.011816,0.05,0.2,0.35,0.55,0.7,0.8,0.9,0.5,0.5,0.75,0.08,0.04
6,PE_FED,-0.01182,0.05,0.2,0.4,0.65,0.7,0.8,0.85,0.5,0.0,0.0,0.06,0.05
6,PE_PB_FED,-0.011832,0.15,0.2,0.35,0.55,0.7,0.85,0.9,0.5,0.65,0.7,0.06,0.04
6,PE_PB_FED,-0.011838,0.1,0.2,0.35,0.65,0.7,0.8,0.85,0.5,0.6,0.8,0.06,0.04
6,PE_FED,-0.011843,0.05,0.25,0.3,0.7,0.65,0.85,0.9,0.5,0.0,0.0,0.12,0.03
6,PE_PB_FED,-0.011849,0.15,0.2,0.3,0.55,0.65,0.85,0.95,1.0,0.55,0.8,0.1,0.04
6,PE_PB_FED,-0.011868,0.05,0.2,0.3,0.6,0.65,0.75,0.9,1.0,0.6,0.7,0.12,0.04
6,PE_PB_FED,-0.011891,0.2,0.3,0.4,0.55,0.7,0.8,0.95,1.0,0.6,0.8,0.06,0.05
6,PE_FED,-0.011894,0.15,0.2,0.35,0.6,0.7,0.85,0.9,0.5,0.0,0.0,0.06,0.05
6,PE_PB_FED,-0.011902,0.15,0.25,0.3,0.6,0.7,0.85,0.95,1.0,0.6,0.7,0.12,0.05
6,PE_FED,-0.011942,0.15,0.2,0.4,0.6,0.7,0.75,0.9,1.0,0.0,0.0,0.12,0.04
6,PE_FED,-0.011953,0.1,0.25,0.45,0.5,0.7,0.8,0.9,0.5,0.0,0.0,0.1,0.05
6,PE_FED,-0.011958,0.1,0.2,0.3,0.55,0.75,0.8,0.85,0.5,0.0,0.0,0.08,0.05
6,PE_PB_FED,-0.011978,0.05,0.25,0.45,0.65,0.65,0.85,0.95,1.0,0.55,0.8,0.08,0.05
6,PE_PB_FED,-0.011989,0.1,0.15,0.35,0.6,0.7,0.85,0.9,0.5,0.5,0.8,0.12,0.04
6,PE_FED,-0.011993,0.05,0.25,0.4,0.5,0.65,0.85,0.95,1.0,0.0,0.0,0.1,0.05
6,PE_FED,-0.012026,0.1,0.3,0.4,0.6,0.75,0.85,0.95,1.0,0.0,0.0,0.06,0.05
6,PE_FED,-0.01204,0.05,0.3,0.4,0.65,0.65,0.85,0.95,1.0,0.0,0.0,0.06,0.04
6,PE_PB,-0.012067,0.2,0.25,0.3,0.5,0.75,0.8,0.85,0.0,0.5,0.0,0.1,0.03
6,PE_FED,-0.012094,0.15,0.25,0.35,0.6,0.65,0.75,0.85,0.5,0.0,0.0,0.1,0.04
6,PE_PB_FED,-0.012097,0.05,0.15,0.35,0.6,0.7,0.8,0.85,0.5,0.55,0.75,0.1,0.03
6,PE_PB_FED,-0.012123,0.1,0.15,0.3,0.5,0.7,0.75,0.85,0.5,0.5,0.7,0.12,0.03
6,PE_FED,-0.012126,0.05,0.25,0.3,0.7,0.65,0.75,0.9,1.0,0.0,0.0,0.08,0.03
6,PE_FED,-0.012128,0.15,0.25,0.4,0.65,0.7,0.8,0.85,0.5,0.0,0.0,0.1,0.03
6,PE_PB_FED,-0.012144,0.2,0.25,0.4,0.55,0.7,0.8,0.95,1.0,0.5,0.8,0.08,0.04
6,PE_PB_FED,-0.012159,0.1,0.25,0.45,0.55,0.65,0.85,0.95,1.0,0.55,0.8,0.1,0.04
6,PE_FED,-0.012185,0.05,0.3,0.45,0.65,0.75,0.85,0.95,1.0,0.0,0.0,0.06,0.04
6,PE_PB_FED,-0.012191,0.05,0.2,0.4,0.7,0.65,0.75,0.9,1.0,0.55,0.7,0.12,0.04
6,PE_FED,-0.012194,0.15,0.25,0.4,0.7,0.7,0.8,0.85,0.5,0.0,0.0,0.06,0.05
6,PE_FED,-0.012219,0.2,0.25,0.3,0.65,0.65,0.75,0.85,0.5,0.0,0.0,0.08,0.04
6,PE_PB_FED,-0.012228,0.15,0.3,0.4,0.7,0.7,0.85,0.95,1.0,0.6,0.75,0.1,0.04
6,PE_PB_FED,-0.012232,0.15,0.2,0.45,0.6,0.7,0.75,0.9,1.0,0.65,0.8,0.12,0.04
6,PE_PB_FED,-0.012234,0.1,0.25,0.45,0.7,0.75,0.85,0.9,0.5,0.6,0.75,0.1,0.04
6,PE_FED,-0.01224,0.15,0.2,0.35,0.55,0.65,0.85,0.9,0.5,0.0,0.0,0.08,0.05
6,PE_FED,-0.012263,0.1,0.25,0.4,0.6,0.7,0.75,0.9,1.0,0.0,0.0,0.06,0.03
6,PE_FED,-0.012271,0.05,0.2,0.45,0.7,0.75,0.8,0.85,0.5,0.0,0.0,0.06,0.04
6,PE_PB_FED,-0.012272,0.1,0.25,0.4,0.55,0.7,0.85,0.95,1.0,0.55,0.8,0.12,0.05
6,PE_FED,-0.012284,0.05,0.25,0.45,0.7,0.65,0.75,0.85,0.5,0.0,0.0,0.08,0.03
6,PE_FED,-0.012286,0.1,0.25,0.45,0.7,0.65,0.8,0.85,0.5,0.0,0.0,0.12,0.03
6,PE_FED,-0.012288,0.1,0.15,0.45,0.5,0.7,0.8,0.9,1.0,0.0,0.0,0.06,0.05
6,PE_FED,-0.012288,0.1,0.15,0.45,0.5,0.75,0.8,0.9,1.0,0.0,0.0,0.06,0.05
6,PE_PB_FED,-0.012304,0.1,0.25,0.35,0.65,0.65,0.8,0.9,0.5,0.5,0.7,0.08,0.05
6,PE_PB_FED,-0.012344,0.05,0.2,0.4,0.55,0.65,0.75,0.9,1.0,0.6,0.75,0.12,0.04
6,PE_PB_FED,-0.012346,0.2,0.25,0.45,0.5,0.65,0.75,0.9,0.5,0.55,0.75,0.1,0.03
6,PE_PB_FED,-0.012392,0.1,0.25,0.35,0.5,0.65,0.75,0.9,1.0,0.65,0.7,0.12,0.04
6,PE_PB_FED,-0.012413,0.05,0.3,0.4,0.65,0.65,0.8,0.9,0.5,0.55,0.8,0.1,0.04
6,PE_FED,-0.012424,0.15,0.3,0.4,0.55,0.65,0.85,0.95,1.0,0.0,0.0,0.08,0.03
6,PE_PB_FED,-0.012447,0.15,0.25,0.3,0.5,0.7,0.85,0.95,1.0,0.6,0.75,0.06,0.05
6,PE_PB_FED,-0.01245,0.1,0.25,0.4,0.65,0.75,0.8,0.9,0.5,0.5,0.7,0.08,0.05
6,PE_FED,-0.012456,0.05,0.25,0.45,0.65,0.7,0.75,0.85,0.5,0.0,0.0,0.06,0.04
6,PE_PB_FED,-0.012463,0.1,0.2,0.45,0.5,0.65,0.85,0.95,1.0,0.5,0.8,0.1,0.05
6,PE_PB_FED,-0.012475,0.05,0.25,0.3,0.6,0.7,0.75,0.9,1.0,0.65,0.8,0.08,0.04
6,PE_PB_FED,-0.012504,0.05,0.15,0.45,0.5,0.65,0.8,0.9,1.0,0.55,0.7,0.1,0.03
6,PE_PB_FED,-0.012518,0.15,0.25,0.45,0.7,0.7,0.75,0.85,0.5,0.65,0.8,0.1,0.04
6,PE_PB,-0.012549,0.15,0.25,0.45,0.5,0.7,0.8,0.85,0.0,0.5,0.0,0.08,0.05
6,PE_PB_FED,-0.012559,0.1,0.2,0.35,0.65,0.7,0.85,0.9,0.5,0.55,0.75,0.12,0.05
6,PE_FED,-0.012574,0.05,0.2,0.3,0.55,0.7,0.85,0.9,0.5,0.0,0.0,0.12,0.05
6,PE_FED,-0.012582,0.1,0.2,0.45,0.5,0.65,0.75,0.85,0.5,0.0,0.0,0.08,0.04
6,PE_PB,-0.012611,0.2,0.25,0.45,0.5,0.7,0.85,0.9,0.0,0.5,0.0,0.06,0.03
6,PE_PB,-0.012629,0.15,0.3,0.4,0.5,0.75,0.85,0.9,0.0,0.5,0.0,0.06,0.04
6,PE_FED,-0.012645,0.05,0.2,0.4,0.6,0.7,0.85,0.9,0.5,0.0,0.0,0.08,0.03
6,PE_FED,-0.012646,0.05,0.15,0.4,0.5,0.75,0.8,0.9,1.0,0.0,0.0,0.1,0.05
6,PE_PB_FED,-0.01265,0.2,0.3,0.4,0.7,0.65,0.75,0.9,0.5,0.55,0.75,0.06,0.05
6,PE_FED,-0.012676,0.05,0.2,0.35,0.5,0.7,0.75,0.85,0.5,0.0,0.0,0.12,0.03
6,PE_PB_FED,-0.012686,0.1,0.2,0.35,0.55,0.75,0.85,0.9,0.5,0.6,0.75,0.12,0.05
6,PE_FED,-0.012698,0.15,0.25,0.4,0.55,0.75,0.85,0.9,0.5,0.0,0.0,0.12,0.04
6,PE_PB_FED,-0.012728,0.1,0.25,0.35,0.6,0.65,0.85,0.95,1.0,0.5,0.8,0.08,0.04
6,PE_FED,-0.012753,0.2,0.25,0.45,0.7,0.75,0.85,0.95,1.0,0.0,0.0,0.06,0.03
6,PE_PB_FED,-0.012759,0.1,0.2,0.35,0.65,0.7,0.8,0.85,0.5,0.55,0.8,0.12,0.05
6,PE_PB_FED,-0.012811,0.1,0.3,0.4,0.5,0.75,0.85,0.95,1.0,0.6,0.8,0.12,0.05
6,PE_FED,-0.01284,0.1,0.2,0.35,0.6,0.65,0.8,0.9,1.0,0.0,0.0,0.12,0.03
6,PE_FED,-0.01285,0.05,0.2,0.45,0.7,0.65,0.75,0.9,1.0,0.0,0.0,0.08,0.05
6,PE_FED,-0.012872,0.05,0.25,0.3,0.6,0.65,0.75,0.9,1.0,0.0,0.0,0.06,0.04
6,PE_FED,-0.012875,0.2,0.25,0.3,0.7,0.7,0.85,0.9,0.5,0.0,0.0,0.06,0.05
6,PE_PB_FED,-0.012877,0.05,0.25,0.3,0.6,0.7,0.85,0.95,1.0,0.5,0.8,0.1,0.04
6,PE_PB_FED,-0.012899,0.1,0.2,0.35,0.6,0.7,0.8,0.9,1.0,0.6,0.7,0.08,0.03
6,PE_PB_FED,-0.012907,0.15,0.25,0.3,0.7,0.7,0.85,0.9,0.5,0.55,0.8,0.12,0.04
6,PE_FED,-0.012912,0.2,0.25,0.35,0.7,0.7,0.85,0.95,1.0,0.0,0.0,0.06,0.05
6,PE_FED,-0.012917,0.15,0.2,0.45,0.65,0.65,0.75,0.9,1.0,0.0,0.0,0.06,0.05
6,PE_FED,-0.01292,0.1,0.3,0.4,0.65,0.65,0.75,0.9,1.0,0.0,0.0,0.12,0.03
6,PE_FED,-0.01292,0.1,0.3,0.4,0.65,0.65,0.75,0.9,1.0,0.0,0.0,0.1,0.03
6,PE_PB_FED,-0.012928,0.05,0.25,0.3,0.6,0.7,0.75,0.9,1.0,0.6,0.8,0.06,0.04
6,PE_FED,-0.012947,0.2,0.3,0.45,0.6,0.7,0.8,0.9,0.5,0.0,0.0,0.12,0.04
6,PE_FED,-0.012957,0.1,0.2,0.45,0.6,0.65,0.8,0.9,1.0,0.0,0.0,0.06,0.03
6,PE_FED,-0.012962,0.2,0.25,0.35,0.65,0.75,0.85,0.95,1.0,0.0,0.0,0.08,0.04
6,PE_PB_FED,-0.012968,0.05,0.2,0.4,0.55,0.7,0.75,0.9,1.0,0.55,0.7,0.06,0.04
6,PE_PB_FED,-0.012978,0.05,0.3,0.4,0.55,0.75,0.8,0.9,0.5,0.55,0.7,0.1,0.03
6,PE_PB_FED,-0.013,0.1,0.3,0.4,0.7,0.65,0.75,0.9,1.0,0.6,0.8,0.1,0.04
6,PE_PB_FED,-0.013019,0.1,0.25,0.3,0.6,0.7,0.8,0.85,0.5,0.6,0.75,0.1,0.04
6,PE_FED,-0.013031,0.05,0.2,0.4,0.65,0.75,0.8,0.9,1.0,0.0,0.0,0.1,0.03
6,PE_PB_FED,-0.013045,0.05,0.2,0.35,0.6,0.65,0.8,0.9,1.0,0.65,0.8,0.08,0.03
6,PE_FED,-0.013062,0.1,0.2,0.45,0.65,0.65,0.8,0.9,1.0,0.0,0.0,0.06,0.04
6,PE_FED,-0.01307,0.2,0.25,0.4,0.7,0.75,0.85,0.9,0.5,0.0,0.0,0.08,0.03
6,PE_FED,-0.013078,0.15,0.2,0.3,0.7,0.7,0.8,0.9,1.0,0.0,0.0,0.06,0.04
6,PE_PB,-0.013081,0.15,0.3,0.4,0.5,0.7,0.85,0.9,0.0,0.5,0.0,0.08,0.03
6,PE_PB_FED,-0.013089,0.15,0.25,0.3,0.7,0.65,0.85,0.9,0.5,0.6,0.75,0.06,0.05
6,PE_FED,-0.013106,0.1,0.2,0.3,0.5,0.65,0.8,0.9,1.0,0.0,0.0,0.06,0.03
6,PE_PB_FED,-0.013113,0.1,0.25,0.35,0.6,0.7,0.85,0.9,0.5,0.6,0.75,0.1,0.03
6,PE_FED,-0.013135,0.15,0.2,0.45,0.55,0.65,0.8,0.85,0.5,0.0,0.0,0.08,0.03
6,PE_FED,-0.013167,0.1,0.3,0.35,0.6,0.65,0.75,0.85,0.5,0.0,0.0,0.1,0.04
6,PE_PB_FED,-0.013187,0.05,0.2,0.35,0.7,0.7,0.8,0.85,0.5,0.55,0.7,0.1,0.04
6,PE_PB_FED,-0.013196,0.1,0.2,0.4,0.55,0.75,0.8,0.9,1.0,0.6,0.75,0.12,0.03
6,PE_PB_FED,-0.013203,0.05,0.15,0.45,0.6,0.65,0.8,0.85,0.5,0.55,0.7,0.12,0.04
6,PE_FED,-0.013237,0.1,0.3,0.35,0.6,0.7,0.75,0.85,0.5,0.0,0.0,0.08,0.05
6,PE_PB_FED,-0.013242,0.05,0.3,0.45,0.65,0.7,0.75,0.9,1.0,0.65,0.8,0.06,0.03
6,PE_FED,-0.013274,0.05,0.3,0.45,0.5,0.75,0.85,0.95,1.0,0.0,0.0,0.12,0.04
6,PE_FED,-0.01328,0.1,0.25,0.35,0.7,0.75,0.8,0.9,1.0,0.0,0.0,0.12,0.03
6,PE_PB_FED,-0.013288,0.1,0.2,0.35,0.7,0.75,0.8,0.9,1.0,0.5,0.8,0.12,0.03
6,PE_PB_FED,-0.013291,0.15,0.2,0.3,0.6,0.75,0.8,0.9,1.0,0.65,0.8,0.1,0.03
6,PE_FED,-0.013308,0.15,0.25,0.35,0.55,0.7,0.85,0.9,0.5,0.0,0.0,0.06,0.03
6,PE_PB_FED,-0.013316,0.05,0.15,0.45,0.6,0.65,0.8,0.9,1.0,0.6,0.75,0.06,0.05
6,PE_PB_FED,-0.013321,0.2,0.25,0.35,0.6,0.75,0.8,0.9,0.5,0.55,0.7,0.06,0.05
6,PE_FED,-0.013332,0.15,0.25,0.4,0.5,0.65,0.75,0.85,0.5,0.0,0.0,0.06,0.03
6,PE_FED,-0.013346,0.1,0.25,0.4,0.7,0.65,0.8,0.9,1.0,0.0,0.0,0.08,0.03
6,PE_PB_FED,-0.013363,0.15,0.2,0.45,0.6,0.65,0.8,0.85,0.5,0.65,0.75,0.12,0.05
6,PE_PB_FED,-0.013364,0.1,0.25,0.3,0.5,0.65,0.75,0.9,1.0,0.55,0.8,0.08,0.04
6,PE_PB_FED,-0.01337,0.05,0.25,0.45,0.7,0.65,0.8,0.9,0.5,0.5,0.75,0.12,0.05
6,PE_PB_FED,-0.013386,0.15,0.25,0.35,0.65,0.75,0.85,0.95,1.0,0.5,0.75,0.12,0.05
6,PE_FED,-0.013387,0.2,0.25,0.35,0.7,0.75,0.8,0.85,0.5,0.0,0.0,0.1,0.05
6,PE_PB_FED,-0.013436,0.1,0.15,0.35,0.7,0.65,0.8,0.9,1.0,0.5,0.8,0.12,0.05
6,PE_FED,-0.013448,0.2,0.25,0.3,0.6,0.75,0.85,0.95,1.0,0.0,0.0,0.08,0.05
6,PE_FED,-0.013477,0.05,0.2,0.45,0.6,0.7,0.8,0.85,0.5,0.0,0.0,0.08,0.03
6,PE_PB_FED,-0.013477,0.05,0.3,0.35,0.5,0.75,0.85,0.95,1.0,0.6,0.75,0.12,0.05
6,PE_PB_FED,-0.013479,0.2,0.25,0.3,0.55,0.7,0.8,0.9,0.5,0.55,0.8,0.1,0.05
6,PE_PB_FED,-0.01348,0.1,0.2,0.45,0.6,0.7,0.85,0.9,0.5,0.55,0.8,0.06,0.03
6,PE_PB_FED,-0.013482,0.2,0.25,0.4,0.65,0.75,0.8,0.9,0.5,0.5,0.8,0.1,0.04
6,PE_PB_FED,-0.013517,0.2,0.3,0.35,0.6,0.7,0.75,0.9,0.5,0.5,0.8,0.12,0.04
6,PE_PB,-0.013528,0.15,0.3,0.45,0.5,0.75,0.85,0.9,0.0,0.5,0.0,0.1,0.03
6,PE_FED,-0.01353,0.2,0.25,0.45,0.7,0.65,0.85,0.9,0.5,0.0,0.0,0.1,0.03
6,PE_PB_FED,-0.013533,0.05,0.15,0.45,0.65,0.75,0.8,0.85,0.5,0.5,0.8,0.1,0.03
6,PE_PB_FED,-0.013534,0.05,0.15,0.45,0.5,0.7,0.85,0.9,0.5,0.6,0.75,0.06,0.03
6,PE_FED,-0.013543,0.15,0.25,0.4,0.6,0.65,0.8,0.85,0.5,0.0,0.0,0.12,0.05
6,PE_PB_FED,-0.013558,0.05,0.3,0.4,0.5,0.65,0.85,0.95,1.0,0.6,0.8,0.1,0.05
6,PE_FED,-0.013559,0.15,0.3,0.45,0.65,0.65,0.85,0.9,0.5,0.0,0.0,0.06,0.03
6,PE_FED,-0.013559,0.15,0.3,0.45,0.65,0.65,0.85,0.9,0.5,0.0,0.0,0.1,0.03
6,PE_PB_FED,-0.013563,0.05,0.25,0.4,0.5,0.65,0.75,0.9,1.0,0.6,0.7,0.12,0.04
6,PE_PB_FED,-0.013578,0.05,0.2,0.45,0.6,0.75,0.8,0.85,0.5,0.65,0.8,0.12,0.05
6,PE_FED,-0.013593,0.15,0.3,0.4,0.65,0.75,0.8,0.85,0.5,0.0,0.0,0.1,0.05
6,PE_PB_FED,-0.013617,0.15,0.25,0.4,0.65,0.75,0.85,0.9,0.5,0.6,0.7,0.1,0.03
6,PE_PB_FED,-0.013619,0.1,0.2,0.4,0.5,0.75,0.8,0.85,0.5,0.6,0.8,0.06,0.03
6,PE_PB_FED,-0.013643,0.05,0.3,0.4,0.7,0.65,0.75,0.85,0.5,0.65,0.8,0.08,0.05
6,PE_FED,-0.013652,0.05,0.2,0.35,0.5,0.65,0.85,0.9,0.5,0.0,0.0,0.08,0.03
6,PE_PB_FED,-0.013662,0.15,0.2,0.45,0.5,0.7,0.75,0.85,0.5,0.6,0.7,0.06,0.03
6,PE_FED,-0.013677,0.1,0.3,0.4,0.55,0.65,0.85,0.9,0.5,0.0,0.0,0.1,0.04
6,PE_PB_FED,-0.013678,0.05,0.25,0.4,0.7,0.75,0.8,0.85,0.5,0.6,0.7,0.1,0.03
6,PE_FED,-0.013684,0.1,0.15,0.45,0.65,0.75,0.85,0.9,1.0,0.0,0.0,0.08,0.04
6,PE_PB_FED,-0.013692,0.05,0.15,0.4,0.7,0.75,0.8,0.9,1.0,0.5,0.7,0.08,0.05
6,PE_PB,-0.013701,0.1,0.3,0.4,0.5,0.65,0.8,0.85,0.0,0.5,0.0,0.1,0.05
6,PE_PB,-0.013703,0.1,0.3,0.45,0.5,0.7,0.8,0.85,0.0,0.5,0.0,0.1,0.03
6,PE_PB_FED,-0.013733,0.05,0.25,0.35,0.65,0.7,0.8,0.85,0.5,0.6,0.75,0.06,0.03
6,PE_PB,-0.013747,0.15,0.3,0.45,0.5,0.75,0.8,0.85,0.0,0.5,0.0,0.12,0.03
6,PE_FED,-0.01377,0.15,0.25,0.35,0.7,0.7,0.8,0.9,1.0,0.0,0.0,0.06,0.03
6,PE_FED,-0.013793,0.2,0.3,0.4,0.5,0.75,0.8,0.9,0.5,0.0,0.0,0.08,0.04
6,PE_FED,-0.013842,0.05,0.3,0.4,0.7,0.7,0.85,0.9,0.5,0.0,0.0,0.1,0.05
6,PE_PB_FED,-0.013846,0.05,0.2,0.3,0.6,0.65,0.85,0.9,0.5,0.5,0.7,0.1,0.04
6,PE_PB_FED,-0.013868,0.05,0.15,0.35,0.55,0.65,0.8,0.85,0.5,0.5,0.75,0.12,0.03
6,PE_PB_FED,-0.013871,0.05,0.3,0.4,0.6,0.75,0.8,0.9,0.5,0.55,0.8,0.12,0.05
6,PE_FED,-0.013882,0.1,0.2,0.45,0.5,0.65,0.8,0.85,0.5,0.0,0.0,0.12,0.04
6,PE_FED,-0.013901,0.1,0.25,0.3,0.5,0.7,0.8,0.85,0.5,0.0,0.0,0.08,0.04
6,PE_PB_FED,-0.013905,0.05,0.2,0.35,0.55,0.75,0.8,0.9,1.0,0.65,0.7,0.12,0.04
6,PE_FED,-0.01393,0.15,0.25,0.45,0.5,0.7,0.75,0.85,0.5,0.0,0.0,0.06,0.04
6,PE_PB_FED,-0.013932,0.1,0.2,0.45,0.55,0.7,0.8,0.85,0.5,0.55,0.75,0.06,0.03
6,PE_PB_FED,-0.013973,0.15,0.25,0.4,0.55,0.7,0.85,0.9,0.5,0.65,0.8,0.1,0.03
6,PE_FED,-0.013992,0.2,0.25,0.45,0.65,0.65,0.85,0.9,0.5,0.0,0.0,0.12,0.05
6,PE_PB_FED,-0.014007,0.05,0.25,0.4,0.6,0.7,0.75,0.9,1.0,0.65,0.8,0.08,0.05
6,PE_FED,-0.014034,0.15,0.25,0.3,0.5,0.75,0.85,0.9,0.5,0.0,0.0,0.1,0.05
6,PE_FED,-0.014041,0.15,0.25,0.45,0.6,0.65,0.8,0.85,0.5,0.0,0.0,0.06,0.05
6,PE_PB_FED,-0.014052,0.2,0.25,0.35,0.7,0.7,0.85,0.95,1.0,0.5,0.75,0.12,0.03
6,PE_PB_FED,-0.014066,0.15,0.3,0.35,0.55,0.7,0.75,0.85,0.5,0.65,0.7,0.08,0.04
6,PE_FED,-0.014087,0.15,0.25,0.45,0.65,0.75,0.8,0.9,1.0,0.0,0.0,0.12,0.03
6,PE_FED,-0.014102,0.1,0.15,0.45,0.7,0.75,0.85,0.9,1.0,0.0,0.0,0.08,0.03
6,PE_PB_FED,-0.014118,0.1,0.25,0.35,0.5,0.7,0.75,0.9,1.0,0.6,0.75,0.08,0.05
6,PE_PB,-0.014176,0.2,0.3,0.45,0.5,0.75,0.85,0.9,0.0,0.5,0.0,0.12,0.03
6,PE_PB_FED,-0.014187,0.2,0.25,0.4,0.55,0.65,0.75,0.85,0.5,0.65,0.8,0.08,0.04
6,PE_PB_FED,-0.014204,0.05,0.15,0.4,0.55,0.7,0.8,0.9,1.0,0.55,0.75,0.12,0.05
6,PE_PB,-0.014205,0.1,0.3,0.45,0.5,0.75,0.8,0.85,0.0,0.5,0.0,0.06,0.05
6,PE_FED,-0.014215,0.05,0.3,0.35,0.6,0.65,0.75,0.85,0.5,0.0,0.0,0.06,0.03
6,PE_FED,-0.014217,0.2,0.25,0.3,0.7,0.65,0.75,0.9,1.0,0.0,0.0,0.1,0.03
6,PE_PB_FED,-0.01423,0.1,0.2,0.35,0.65,0.7,0.8,0.85,0.5,0.5,0.7,0.1,0.05
6,PE_FED,-0.014237,0.05,0.2,0.35,0.55,0.65,0.8,0.9,1.0,0.0,0.0,0.06,0.04
6,PE_FED,-0.014242,0.2,0.25,0.45,0.65,0.7,0.8,0.85,0.5,0.0,0.0,0.08,0.04
6,PE_PB_FED,-0.014245,0.1,0.25,0.45,0.6,0.7,0.8,0.85,0.5,0.6,0.7,0.06,0.05
6,PE_PB_FED,-0.014258,0.1,0.3,0.45,0.65,0.7,0.75,0.85,0.5,0.55,0.75,0.06,0.03
6,PE_PB_FED,-0.014281,0.15,0.25,0.3,0.55,0.65,0.85,0.9,0.5,0.6,0.8,0.1,0.05
6,PE_PB_FED,-0.014301,0.1,0.2,0.35,0.5,0.65,0.75,0.85,0.5,0.5,0.7,0.12,0.04
6,PE_PB_FED,-0.014314,0.1,0.25,0.4,0.6,0.7,0.8,0.85,0.5,0.55,0.8,0.12,0.04
6,PE_FED,-0.014315,0.1,0.25,0.45,0.55,0.7,0.8,0.9,1.0,0.0,0.0,0.06,0.03
6,PE_PB_FED,-0.014315,0.05,0.25,0.35,0.5,0.7,0.75,0.9,1.0,0.65,0.75,0.1,0.05
6,PE_PB_FED,-0.01434,0.15,0.3,0.35,0.7,0.75,0.85,0.9,0.5,0.6,0.8,0.08,0.03
6,PE_PB_FED,-0.014397,0.15,0.25,0.35,0.6,0.65,0.75,0.9,1.0,0.5,0.8,0.12,0.03
6,PE_FED,-0.014398,0.1,0.2,0.45,0.65,0.65,0.8,0.9,1.0,0.0,0.0,0.06,0.05
6,PE_FED,-0.014441,0.05,0.15,0.4,0.7,0.7,0.85,0.9,1.0,0.0,0.0,0.08,0.03
6,PE_FED,-0.014443,0.15,0.2,0.35,0.5,0.65,0.8,0.9,1.0,0.0,0.0,0.06,0.04
6,PE_FED,-0.014496,0.1,0.25,0.4,0.5,0.7,0.8,0.85,0.5,0.0,0.0,0.08,0.04
6,PE_FED,-0.014514,0.05,0.2,0.35,0.5,0.75,0.8,0.9,1.0,0.0,0.0,0.12,0.04
6,PE_PB_FED,-0.014516,0.05,0.3,0.35,0.55,0.65,0.85,0.9,0.5,0.65,0.7,0.08,0.04
6,PE_PB_FED,-0.014524,0.1,0.15,0.3,0.6,0.65,0.75,0.85,1.0,0.65,0.75,0.1,0.05
6,PE_FED,-0.014529,0.2,0.25,0.3,0.7,0.65,0.75,0.9,1.0,0.0,0.0,0.1,0.04
6,PE_FED,-0.014531,0.15,0.3,0.35,0.5,0.7,0.75,0.85,0.5,0.0,0.0,0.08,0.04
6,PE_PB_FED,-0.014542,0.05,0.3,0.35,0.55,0.75,0.8,0.9,0.5,0.5,0.7,0.12,0.04
6,PE_FED,-0.014566,0.1,0.25,0.4,0.6,0.65,0.8,0.9,1.0,0.0,0.0,0.12,0.04
6,PE_PB_FED,-0.014574,0.1,0.2,0.45,0.6,0.7,0.8,0.85,0.5,0.5,0.7,0.1,0.03
6,PE_PB_FED,-0.014595,0.2,0.25,0.45,0.6,0.75,0.85,0.95,1.0,0.55,0.75,0.1,0.04
6,PE_PB_FED,-0.014601,0.15,0.25,0.35,0.55,0.65,0.75,0.9,1.0,0.5,0.8,0.1,0.03
6,PE_PB_FED,-0.014605,0.15,0.3,0.4,0.55,0.7,0.8,0.9,0.5,0.5,0.7,0.08,0.04
6,PE_PB_FED,-0.014613,0.1,0.3,0.35,0.55,0.75,0.8,0.9,0.5,0.5,0.8,0.12,0.05
6,PE_FED,-0.014674,0.2,0.3,0.4,0.7,0.75,0.8,0.85,0.5,0.0,0.0,0.12,0.04
6,PE_PB_FED,-0.014676,0.15,0.3,0.45,0.6,0.65,0.75,0.9,1.0,0.6,0.8,0.06,0.04
6,PE_PB_FED,-0.014678,0.15,0.25,0.35,0.7,0.65,0.85,0.9,0.5,0.5,0.75,0.1,0.04
6,PE_FED,-0.01469,0.1,0.15,0.35,0.5,0.65,0.75,0.85,1.0,0.0,0.0,0.12,0.05
6,PE_FED,-0.014725,0.1,0.3,0.4,0.55,0.65,0.85,0.9,0.5,0.0,0.0,0.1,0.05
6,PE_FED,-0.014783,0.15,0.25,0.45,0.55,0.75,0.8,0.9,1.0,0.0,0.0,0.12,0.03
6,PE_PB_FED,-0.014795,0.2,0.25,0.3,0.6,0.65,0.85,0.95,1.0,0.5,0.7,0.08,0.03
6,PE_PB_FED,-0.014808,0.2,0.25,0.45,0.5,0.75,0.85,0.95,1.0,0.55,0.8,0.1,0.03
6,PE_FED,-0.014821,0.1,0.25,0.45,0.5,0.65,0.8,0.85,0.5,0.0,0.0,0.08,0.03
6,PE_FED,-0.014828,0.15,0.3,0.4,0.55,0.75,0.85,0.9,0.5,0.0,0.0,0.06,0.03
6,PE_PB_FED,-0.014841,0.1,0.3,0.45,0.5,0.7,0.75,0.85,0.5,0.65,0.7,0.08,0.04
6,PE_FED,-0.014858,0.2,0.25,0.4,0.65,0.65,0.75,0.9,1.0,0.0,0.0,0.06,0.04
6,PE_FED,-0.01486,0.05,0.25,0.45,0.5,0.65,0.75,0.9,1.0,0.0,0.0,0.06,0.05
6,PE_PB_FED,-0.014861,0.1,0.2,0.35,0.5,0.75,0.8,0.9,1.0,0.65,0.8,0.1,0.05
6,PE_PB_FED,-0.014862,0.05,0.25,0.4,0.65,0.65,0.8,0.85,0.5,0.55,0.75,0.06,0.04
6,PE_PB_FED,-0.01488,0.2,0.3,0.45,0.7,0.75,0.85,0.95,1.0,0.55,0.75,0.12,0.05
6,PE_PB_FED,-0.014916,0.05,0.2,0.4,0.5,0.7,0.8,0.85,0.5,0.6,0.8,0.12,0.04
6,PE_PB_FED,-0.014923,0.05,0.25,0.3,0.5,0.65,0.75,0.85,0.5,0.55,0.7,0.12,0.05
6,PE_PB_FED,-0.014932,0.15,0.2,0.3,0.5,0.65,0.8,0.85,0.5,0.55,0.75,0.1,0.04
6,PE_PB_FED,-0.014947,0.05,0.3,0.45,0.65,0.75,0.8,0.9,1.0,0.65,0.8,0.12,0.03
6,PE_FED,-0.014968,0.2,0.3,0.4,0.5,0.7,0.85,0.95,1.0,0.0,0.0,0.1,0.03
6,PE_PB_FED,-0.014976,0.05,0.15,0.35,0.65,0.7,0.75,0.85,1.0,0.65,0.8,0.06,0.04
6,PE_PB_FED,-0.014984,0.1,0.25,0.3,0.5,0.75,0.85,0.9,0.5,0.55,0.75,0.1,0.03
6,PE_FED,-0.014985,0.1,0.3,0.45,0.5,0.65,0.75,0.85,0.5,0.0,0.0,0.1,0.03
6,PE_FED,-0.014987,0.1,0.15,0.45,0.65,0.7,0.8,0.85,1.0,0.0,0.0,0.12,0.03
6,PE_PB_FED,-0.014995,0.1,0.25,0.45,0.55,0.65,0.85,0.9,0.5,0.55,0.8,0.12,0.03
6,PE_FED,-0.015009,0.05,0.25,0.45,0.55,0.75,0.85,0.9,0.5,0.0,0.0,0.06,0.05
6,PE_PB_FED,-0.015017,0.15,0.25,0.35,0.5,0.65,0.8,0.9,1.0,0.65,0.7,0.06,0.03
6,PE_PB_FED,-0.015034,0.2,0.25,0.45,0.6,0.7,0.85,0.9,0.5,0.6,0.7,0.08,0.04
6,PE_PB_FED,-0.015046,0.05,0.25,0.3,0.5,0.65,0.85,0.9,0.5,0.55,0.8,0.06,0.04
6,PE_FED,-0.015054,0.05,0.3,0.4,0.7,0.65,0.75,0.9,1.0,0.0,0.0,0.06,0.05
6,PE_FED,-0.015061,0.1,0.3,0.35,0.6,0.7,0.8,0.9,1.0,0.0,0.0,0.08,0.03
6,PE_PB_FED,-0.015069,0.15,0.3,0.35,0.7,0.65,0.85,0.9,0.5,0.55,0.75,0.08,0.03
6,PE_FED,-0.015099,0.2,0.25,0.4,0.55,0.7,0.75,0.9,1.0,0.0,0.0,0.08,0.03
6,PE_PB_FED,-0.0151,0.2,0.3,0.35,0.6,0.65,0.85,0.95,1.0,0.55,0.8,0.12,0.03
6,PE_PB_FED,-0.015107,0.1,0.25,0.35,0.55,0.65,0.85,0.9,0.5,0.5,0.75,0.06,0.04
6,PE_FED,-0.015112,0.1,0.3,0.45,0.6,0.65,0.8,0.85,0.5,0.0,0.0,0.1,0.05
6,PE_PB_FED,-0.015114,0.05,0.3,0.45,0.7,0.75,0.8,0.9,1.0,0.6,0.75,0.1,0.03
6,PE_FED,-0.01515,0.2,0.3,0.4,0.6,0.7,0.75,0.85,0.5,0.0,0.0,0.12,0.03
6,PE_PB_FED,-0.015182,0.15,0.3,0.45,0.55,0.7,0.85,0.95,1.0,0.5,0.8,0.06,0.04
6,PE_PB_FED,-0.015194,0.2,0.3,0.4,0.55,0.65,0.75,0.85,0.5,0.65,0.75,0.1,0.03
6,PE_FED,-0.015221,0.2,0.25,0.3,0.55,0.7,0.75,0.9,1.0,0.0,0.0,0.1,0.04
6,PE_FED,-0.015225,0.2,0.3,0.45,0.65,0.7,0.85,0.9,0.5,0.0,0.0,0.1,0.05
6,PE_PB_FED,-0.015225,0.15,0.2,0.35,0.5,0.7,0.85,0.9,0.5,0.55,0.8,0.08,0.05
6,PE_PB_FED,-0.015242,0.1,0.25,0.3,0.55,0.7,0.8,0.9,1.0,0.5,0.7,0.12,0.03
6,PE_PB_FED,-0.015259,0.2,0.25,0.45,0.5,0.65,0.75,0.85,0.5,0.65,0.8,0.12,0.03
6,PE_PB_FED,-0.015272,0.15,0.3,0.35,0.5,0.65,0.8,0.9,0.5,0.5,0.8,0.08,0.04
6,PE_PB_FED,-0.015332,0.15,0.3,0.45,0.5,0.75,0.8,0.9,0.5,0.55,0.8,0.08,0.05
6,PE_FED,-0.015357,0.2,0.3,0.4,0.6,0.65,0.75,0.85,0.5,0.0,0.0,0.12,0.05
6,PE_FED,-0.015378,0.05,0.15,0.45,0.5,0.7,0.75,0.85,1.0,0.0,0.0,0.06,0.04
6,PE_PB_FED,-0.015383,0.2,0.25,0.3,0.55,0.75,0.85,0.9,0.5,0.6,0.8,0.1,0.03
6,PE_PB_FED,-0.01539,0.1,0.15,0.3,0.55,0.65,0.75,0.85,1.0,0.55,0.7,0.12,0.03
6,PE_PB_FED,-0.015402,0.05,0.25,0.3,0.6,0.75,0.8,0.9,1.0,0.5,0.75,0.06,0.03
6,PE_FED,-0.01544,0.05,0.3,0.35,0.6,0.7,0.8,0.85,0.5,0.0,0.0,0.12,0.04
6,PE_PB_FED,-0.015443,0.05,0.15,0.4,0.7,0.65,0.85,0.9,1.0,0.6,0.75,0.06,0.03
6,PE_FED,-0.015454,0.05,0.3,0.35,0.6,0.75,0.8,0.85,0.5,0.0,0.0,0.06,0.04
6,PE_FED,-0.015465,0.05,0.25,0.4,0.55,0.7,0.8,0.9,1.0,0.0,0.0,0.06,0.04
6,PE_FED,-0.015472,0.05,0.3,0.45,0.65,0.75,0.8,0.9,1.0,0.0,0.0,0.08,0.03
6,PE_FED,-0.015521,0.05,0.3,0.35,0.55,0.65,0.85,0.9,0.5,0.0,0.0,0.06,0.03
6,PE_FED,-0.015582,0.05,0.25,0.4,0.5,0.75,0.8,0.85,0.5,0.0,0.0,0.1,0.04
6,PE_PB_FED,-0.015656,0.2,0.25,0.35,0.7,0.65,0.75,0.85,0.5,0.5,0.8,0.06,0.04
6,PE_PB_FED,-0.015699,0.1,0.3,0.45,0.55,0.7,0.85,0.9,0.5,0.6,0.8,0.06,0.03
6,PE_PB_FED,-0.0157,0.15,0.2,0.45,0.55,0.75,0.8,0.9,1.0,0.55,0.7,0.1,0.04
6,PE_FED,-0.015707,0.05,0.3,0.4,0.5,0.7,0.75,0.85,0.5,0.0,0.0,0.08,0.04
6,PE_PB_FED,-0.015709,0.2,0.3,0.35,0.5,0.65,0.85,0.95,1.0,0.55,0.8,0.12,0.03
6,PE_PB_FED,-0.015723,0.15,0.25,0.35,0.7,0.65,0.85,0.9,0.5,0.5,0.7,0.08,0.05
6,PE_FED,-0.015729,0.15,0.3,0.4,0.5,0.75,0.85,0.9,0.5,0.0,0.0,0.06,0.03
6,PE_FED,-0.015732,0.2,0.3,0.45,0.7,0.7,0.75,0.9,1.0,0.0,0.0,0.06,0.04
6,PE_FED,-0.015737,0.1,0.15,0.3,0.6,0.75,0.8,0.85,1.0,0.0,0.0,0.12,0.05
6,PE_PB_FED,-0.015753,0.1,0.3,0.4,0.7,0.75,0.85,0.9,0.5,0.5,0.75,0.06,0.03
6,PE_FED,-0.015761,0.1,0.3,0.45,0.6,0.7,0.8,0.9,1.0,0.0,0.0,0.12,0.04
6,PE_PB_FED,-0.015765,0.05,0.15,0.4,0.6,0.7,0.75,0.85,1.0,0.6,0.8,0.06,0.05
6,PE_PB_FED,-0.015784,0.15,0.2,0.3,0.5,0.7,0.8,0.9,1.0,0.65,0.8,0.1,0.05
6,PE_FED,-0.015885,0.15,0.25,0.35,0.65,0.75,0.8,0.9,1.0,0.0,0.0,0.06,0.05
6,PE_PB_FED,-0.015991,0.2,0.25,0.45,0.7,0.7,0.75,0.85,0.5,0.5,0.75,0.1,0.04
6,PE_PB_FED,-0.015995,0.15,0.25,0.35,0.65,0.65,0.8,0.9,1.0,0.65,0.75,0.1,0.05
6,PE_FED,-0.016013,0.05,0.2,0.45,0.5,0.7,0.8,0.9,1.0,0.0,0.0,0.06,0.05
6,PE_PB_FED,-0.016047,0.15,0.2,0.4,0.6,0.65,0.8,0.9,1.0,0.5,0.8,0.06,0.04
6,PE_FED,-0.016058,0.2,0.25,0.3,0.5,0.7,0.8,0.85,0.5,0.0,0.0,0.12,0.04
6,PE_FED,-0.016068,0.2,0.25,0.45,0.7,0.65,0.75,0.9,1.0,0.0,0.0,0.06,0.05
6,PE_FED,-0.016075,0.05,0.15,0.3,0.6,0.65,0.8,0.85,1.0,0.0,0.0,0.06,0.05
6,PE_PB_FED,-0.016081,0.15,0.3,0.4,0.5,0.75,0.8,0.9,1.0,0.65,0.75,0.12,0.03
6,PE_PB_FED,-0.016094,0.2,0.3,0.45,0.7,0.7,0.85,0.9,0.5,0.55,0.7,0.06,0.04
6,PE_PB_FED,-0.016094,0.2,0.25,0.3,0.5,0.7,0.8,0.85,0.5,0.65,0.8,0.06,0.05
6,PE_PB_FED,-0.016108,0.15,0.3,0.35,0.65,0.65,0.8,0.9,1.0,0.6,0.7,0.06,0.04
6,PE_FED,-0.016154,0.05,0.25,0.45,0.65,0.7,0.8,0.9,1.0,0.0,0.0,0.06,0.05
6,PE_PB_FED,-0.016229,0.15,0.3,0.45,0.65,0.75,0.8,0.9,1.0,0.6,0.7,0.08,0.04
6,PE_FED,-0.016245,0.05,0.3,0.4,0.55,0.75,0.8,0.85,0.5,0.0,0.0,0.08,0.05
6,PE_PB_FED,-0.016252,0.1,0.25,0.4,0.55,0.7,0.8,0.85,0.5,0.5,0.8,0.12,0.04
6,PE_PB_FED,-0.016296,0.05,0.15,0.3,0.65,0.65,0.85,0.9,1.0,0.5,0.8,0.1,0.04
6,PE_PB_FED,-0.016307,0.1,0.25,0.3,0.5,0.7,0.8,0.9,1.0,0.5,0.7,0.06,0.04
6,PE_PB_FED,-0.016353,0.15,0.3,0.45,0.55,0.65,0.85,0.9,0.5,0.6,0.75,0.12,0.03
6,PE_PB_FED,-0.01641,0.05,0.15,0.45,0.65,0.65,0.85,0.9,1.0,0.55,0.7,0.12,0.03
6,PE_FED,-0.016411,0.2,0.3,0.4,0.55,0.7,0.75,0.9,1.0,0.0,0.0,0.06,0.04
6,PE_PB_FED,-0.016446,0.05,0.3,0.45,0.65,0.65,0.8,0.85,0.5,0.55,0.8,0.08,0.03
6,PE_FED,-0.01646,0.2,0.25,0.3,0.6,0.65,0.8,0.9,1.0,0.0,0.0,0.1,0.03
6,PE_PB_FED,-0.016475,0.05,0.3,0.45,0.5,0.75,0.8,0.9,1.0,0.6,0.7,0.08,0.03
6,PE_FED,-0.016512,0.2,0.25,0.4,0.6,0.65,0.75,0.9,1.0,0.0,0.0,0.08,0.05
6,PE_PB_FED,-0.016569,0.05,0.3,0.4,0.5,0.7,0.8,0.9,1.0,0.65,0.8,0.08,0.04
6,PE_PB_FED,-0.01658,0.15,0.25,0.4,0.5,0.7,0.8,0.85,0.5,0.55,0.75,0.06,0.04
6,PE_FED,-0.016651,0.05,0.15,0.3,0.5,0.7,0.8,0.85,1.0,0.0,0.0,0.06,0.05
6,PE_FED,-0.016652,0.1,0.2,0.4,0.65,0.7,0.85,0.9,1.0,0.0,0.0,0.08,0.04
6,PE_FED,-0.01666,0.15,0.3,0.4,0.5,0.65,0.8,0.9,1.0,0.0,0.0,0.1,0.04
6,PE_PB_FED,-0.016663,0.2,0.3,0.45,0.6,0.7,0.75,0.85,0.5,0.55,0.8,0.1,0.04
6,PE_PB_FED,-0.01668,0.05,0.15,0.45,0.5,0.65,0.75,0.85,1.0,0.5,0.8,0.12,0.03
6,PE_PB_FED,-0.016689,0.05,0.15,0.45,0.65,0.65,0.8,0.85,1.0,0.65,0.7,0.1,0.04
6,PE_FED,-0.016715,0.2,0.3,0.4,0.55,0.75,0.8,0.85,0.5,0.0,0.0,0.12,0.03
6,PE_PB_FED,-0.016716,0.2,0.25,0.45,0.65,0.65,0.75,0.9,1.0,0.55,0.7,0.08,0.05
6,PE_FED,-0.016746,0.05,0.15,0.4,0.55,0.75,0.8,0.85,1.0,0.0,0.0,0.08,0.05
6,PE_PB_FED,-0.016772,0.1,0.3,0.35,0.7,0.75,0.8,0.9,1.0,0.55,0.7,0.08,0.05
6,PE_PB_FED,-0.016777,0.05,0.3,0.45,0.6,0.75,0.8,0.85,0.5,0.6,0.75,0.12,0.05
6,PE_PB_FED,-0.016782,0.1,0.2,0.3,0.65,0.65,0.75,0.85,1.0,0.55,0.8,0.12,0.03
6,PE_PB_FED,-0.016833,0.2,0.3,0.35,0.6,0.65,0.75,0.9,1.0,0.5,0.8,0.06,0.03
6,PE_FED,-0.016835,0.2,0.25,0.4,0.65,0.75,0.8,0.9,1.0,0.0,0.0,0.12,0.04
6,PE_FED,-0.016877,0.2,0.3,0.35,0.7,0.7,0.75,0.9,1.0,0.0,0.0,0.1,0.05
6,PE_PB_FED,-0.016881,0.05,0.3,0.45,0.55,0.7,0.8,0.85,0.5,0.6,0.7,0.1,0.03
6,PE_PB_FED,-0.016933,0.15,0.3,0.4,0.5,0.65,0.75,0.9,1.0,0.55,0.7,0.12,0.05
6,PE_PB_FED,-0.01695,0.1,0.25,0.3,0.5,0.75,0.8,0.9,1.0,0.55,0.75,0.08,0.05
6,PE_FED,-0.016955,0.15,0.3,0.4,0.65,0.75,0.8,0.9,1.0,0.0,0.0,0.08,0.05
6,PE_PB_FED,-0.016978,0.15,0.25,0.45,0.5,0.75,0.8,0.9,1.0,0.55,0.75,0.12,0.04
6,PE_PB_FED,-0.017003,0.2,0.3,0.35,0.7,0.7,0.8,0.9,1.0,0.65,0.7,0.08,0.04
6,PE_PB_FED,-0.017004,0.05,0.25,0.45,0.5,0.75,0.8,0.85,0.5,0.55,0.75,0.12,0.03
6,PE_PB_FED,-0.017036,0.05,0.15,0.45,0.6,0.65,0.85,0.9,1.0,0.6,0.7,0.06,0.05
6,PE_FED,-0.01704,0.1,0.2,0.35,0.6,0.65,0.85,0.9,1.0,0.0,0.0,0.06,0.04
6,PE_PB_FED,-0.01705,0.05,0.2,0.35,0.6,0.7,0.75,0.85,1.0,0.65,0.75,0.12,0.03
6,PE_FED,-0.017059,0.2,0.25,0.45,0.5,0.7,0.8,0.85,0.5,0.0,0.0,0.1,0.04
6,PE_FED,-0.017074,0.05,0.15,0.35,0.5,0.65,0.8,0.85,1.0,0.0,0.0,0.08,0.04
6,PE_PB_FED,-0.017105,0.1,0.3,0.4,0.65,0.65,0.8,0.9,1.0,0.55,0.75,0.08,0.05
6,PE_FED,-0.017131,0.1,0.2,0.45,0.65,0.65,0.75,0.85,1.0,0.0,0.0,0.08,0.04
6,PE_PB_FED,-0.017158,0.15,0.25,0.35,0.55,0.75,0.85,0.9,0.5,0.5,0.7,0.06,0.05
6,PE_FED,-0.017177,0.15,0.2,0.3,0.7,0.7,0.75,0.85,1.0,0.0,0.0,0.08,0.04
6,PE_PB_FED,-0.017186,0.15,0.2,0.3,0.7,0.7,0.75,0.85,1.0,0.65,0.8,0.06,0.05
6,PE_PB_FED,-0.017222,0.05,0.2,0.35,0.5,0.7,0.8,0.9,1.0,0.5,0.7,0.06,0.05
6,PE_PB_FED,-0.017222,0.05,0.15,0.4,0.65,0.75,0.85,0.9,1.0,0.55,0.8,0.08,0.05
6,PE_FED,-0.017278,0.05,0.3,0.4,0.65,0.7,0.8,0.9,1.0,0.0,0.0,0.1,0.05
6,PE_PB_FED,-0.017287,0.05,0.25,0.45,0.5,0.7,0.8,0.85,0.5,0.55,0.7,0.12,0.04
6,PE_FED,-0.017356,0.05,0.3,0.45,0.5,0.7,0.85,0.9,0.5,0.0,0.0,0.1,0.05
6,PE_FED,-0.017399,0.05,0.3,0.45,0.5,0.75,0.8,0.85,0.5,0.0,0.0,0.12,0.03
6,PE_PB_FED,-0.017411,0.1,0.25,0.3,0.55,0.7,0.75,0.85,1.0,0.65,0.75,0.08,0.03
6,PE_PB_FED,-0.017414,0.2,0.25,0.4,0.5,0.65,0.8,0.85,0.5,0.55,0.75,0.08,0.03
6,PE_PB_FED,-0.017436,0.05,0.15,0.35,0.5,0.7,0.75,0.85,1.0,0.5,0.75,0.12,0.04
6,PE_PB_FED,-0.017507,0.05,0.15,0.4,0.6,0.7,0.8,0.85,1.0,0.55,0.8,0.1,0.03
6,PE_PB_FED,-0.017511,0.05,0.25,0.35,0.7,0.65,0.75,0.85,1.0,0.65,0.8,0.1,0.03
6,PE_FED,-0.017517,0.05,0.2,0.45,0.7,0.65,0.75,0.85,1.0,0.0,0.0,0.08,0.05
6,PE_FED,-0.017597,0.15,0.2,0.45,0.55,0.65,0.75,0.85,1.0,0.0,0.0,0.08,0.03
6,PE_PB_FED,-0.017622,0.05,0.2,0.45,0.65,0.7,0.85,0.9,1.0,0.6,0.75,0.12,0.04
6,PE_FED,-0.017635,0.05,0.2,0.35,0.6,0.65,0.85,0.9,1.0,0.0,0.0,0.08,0.04
6,PE_FED,-0.017638,0.15,0.2,0.45,0.65,0.65,0.75,0.85,1.0,0.0,0.0,0.06,0.04
6,PE_FED,-0.017643,0.2,0.25,0.45,0.55,0.7,0.8,0.9,1.0,0.0,0.0,0.12,0.04
6,PE_FED,-0.017644,0.05,0.2,0.35,0.65,0.7,0.75,0.85,1.0,0.0,0.0,0.08,0.04
6,PE_FED,-0.017647,0.15,0.2,0.4,0.65,0.65,0.85,0.9,1.0,0.0,0.0,0.1,0.03
6,PE_FED,-0.01768,0.05,0.2,0.3,0.6,0.7,0.75,0.85,1.0,0.0,0.0,0.08,0.05
6,PE_PB_FED,-0.017754,0.05,0.3,0.35,0.6,0.7,0.8,0.9,1.0,0.6,0.7,0.06,0.05
6,PE_PB_FED,-0.017773,0.1,0.25,0.45,0.5,0.7,0.8,0.9,1.0,0.5,0.7,0.06,0.05
6,PE_FED,-0.017823,0.2,0.3,0.4,0.65,0.7,0.8,0.9,1.0,0.0,0.0,0.06,0.04
6,PE_FED,-0.017864,0.1,0.2,0.4,0.5,0.7,0.75,0.85,1.0,0.0,0.0,0.1,0.04
6,PE_FED,-0.017872,0.05,0.3,0.45,0.6,0.75,0.8,0.9,1.0,0.0,0.0,0.12,0.05
6,PE_PB_FED,-0.017873,0.1,0.3,0.35,0.55,0.7,0.8,0.85,0.5,0.5,0.75,0.06,0.05
6,PE_PB_FED,-0.017916,0.2,0.25,0.4,0.7,0.65,0.8,0.9,1.0,0.6,0.8,0.12,0.05
6,PE_FED,-0.017918,0.05,0.2,0.45,0.65,0.75,0.85,0.9,1.0,0.0,0.0,0.08,0.03
6,PE_FED,-0.017924,0.05,0.2,0.35,0.6,0.65,0.75,0.85,1.0,0.0,0.0,0.12,0.05
6,PE_PB_FED,-0.01796,0.2,0.3,0.35,0.7,0.7,0.75,0.9,1.0,0.5,0.7,0.08,0.05
6,PE_PB_FED,-0.018011,0.15,0.25,0.4,0.65,0.65,0.75,0.85,1.0,0.65,0.8,0.06,0.03
6,PE_FED,-0.018013,0.2,0.25,0.45,0.7,0.75,0.8,0.9,1.0,0.0,0.0,0.1,0.05
6,PE_FED,-0.01802,0.1,0.25,0.35,0.7,0.65,0.85,0.9,1.0,0.0,0.0,0.06,0.03
6,PE_FED,-0.018044,0.15,0.25,0.4,0.7,0.7,0.85,0.9,1.0,0.0,0.0,0.12,0.04
6,PE_PB_FED,-0.01808,0.1,0.25,0.45,0.65,0.7,0.75,0.85,1.0,0.6,0.8,0.06,0.05
6,PE_FED,-0.018176,0.15,0.2,0.3,0.55,0.65,0.85,0.9,1.0,0.0,0.0,0.06,0.03
6,PE_PB_FED,-0.018202,0.05,0.25,0.35,0.5,0.75,0.8,0.85,0.5,0.5,0.7,0.08,0.05
6,PE_PB_FED,-0.018208,0.15,0.3,0.45,0.5,0.7,0.75,0.85,0.5,0.5,0.7,0.06,0.04
6,PE_FED,-0.018217,0.15,0.2,0.45,0.55,0.65,0.75,0.85,1.0,0.0,0.0,0.12,0.04
6,PE_PB_FED,-0.018222,0.2,0.3,0.35,0.55,0.65,0.8,0.85,0.5,0.55,0.8,0.08,0.05
6,PE_PB_FED,-0.018255,0.1,0.2,0.4,0.6,0.75,0.85,0.9,1.0,0.55,0.8,0.08,0.04
6,PE_FED,-0.018271,0.1,0.2,0.35,0.7,0.75,0.8,0.85,1.0,0.0,0.0,0.06,0.05
6,PE_FED,-0.018286,0.1,0.25,0.35,0.65,0.7,0.85,0.9,1.0,0.0,0.0,0.12,0.03
6,PE_PB_FED,-0.018289,0.15,0.2,0.35,0.55,0.65,0.75,0.85,1.0,0.65,0.8,0.08,0.04
6,PE_FED,-0.018305,0.15,0.2,0.4,0.5,0.65,0.75,0.85,1.0,0.0,0.0,0.08,0.05
6,PE_FED,-0.01832,0.15,0.2,0.4,0.5,0.75,0.85,0.9,1.0,0.0,0.0,0.06,0.04
6,PE_FED,-0.018333,0.1,0.25,0.4,0.6,0.75,0.85,0.9,1.0,0.0,0.0,0.1,0.04
6,PE_PB_FED,-0.018404,0.1,0.3,0.35,0.65,0.65,0.75,0.85,1.0,0.6,0.8,0.1,0.03
6,PE_PB_FED,-0.018443,0.1,0.25,0.35,0.6,0.75,0.85,0.9,1.0,0.65,0.7,0.06,0.03
6,PE_FED,-0.018447,0.1,0.25,0.35,0.6,0.7,0.75,0.85,1.0,0.0,0.0,0.12,0.05
6,PE_FED,-0.018468,0.05,0.2,0.35,0.5,0.7,0.75,0.85,1.0,0.0,0.0,0.1,0.04
6,PE_FED,-0.018503,0.05,0.2,0.35,0.55,0.65,0.85,0.9,1.0,0.0,0.0,0.12,0.03
6,PE_FED,-0.018522,0.05,0.2,0.4,0.5,0.65,0.75,0.85,1.0,0.0,0.0,0.12,0.04
6,PE_PB_FED,-0.018537,0.05,0.25,0.4,0.6,0.65,0.75,0.85,1.0,0.6,0.75,0.1,0.03
6,PE_PB_FED,-0.01854,0.05,0.2,0.4,0.7,0.75,0.85,0.9,1.0,0.6,0.8,0.06,0.05
6,PE_FED,-0.01855,0.15,0.2,0.3,0.5,0.7,0.85,0.9,1.0,0.0,0.0,0.06,0.03
6,PE_PB_FED,-0.018595,0.1,0.3,0.45,0.65,0.7,0.85,0.9,1.0,0.65,0.7,0.1,0.04
6,PE_PB_FED,-0.018631,0.1,0.2,0.35,0.65,0.75,0.8,0.85,1.0,0.6,0.7,0.06,0.05
6,PE_PB_FED,-0.018639,0.05,0.25,0.45,0.7,0.7,0.75,0.85,1.0,0.6,0.7,0.12,0.04
6,PE_FED,-0.018653,0.2,0.3,0.45,0.55,0.7,0.8,0.9,1.0,0.0,0.0,0.1,0.04
6,PE_PB_FED,-0.018663,0.15,0.25,0.35,0.7,0.7,0.85,0.9,1.0,0.6,0.8,0.06,0.04
6,PE_FED,-0.018762,0.1,0.25,0.4,0.55,0.65,0.75,0.85,1.0,0.0,0.0,0.08,0.04
6,PE_PB_FED,-0.018817,0.15,0.2,0.45,0.7,0.75,0.8,0.85,1.0,0.6,0.7,0.12,0.03
6,PE_PB_FED,-0.018835,0.1,0.2,0.4,0.65,0.65,0.85,0.9,1.0,0.55,0.8,0.1,0.05
6,PE_PB_FED,-0.018973,0.2,0.3,0.35,0.5,0.7,0.85,0.9,0.5,0.55,0.75,0.06,0.05
6,PE_FED,-0.019026,0.1,0.3,0.4,0.6,0.7,0.75,0.85,1.0,0.0,0.0,0.08,0.03
6,PE_FED,-0.019027,0.1,0.2,0.35,0.5,0.7,0.85,0.9,1.0,0.0,0.0,0.08,0.05
6,PE_PB_FED,-0.01903,0.1,0.2,0.3,0.6,0.65,0.8,0.85,1.0,0.6,0.8,0.08,0.04
6,PE_PB_FED,-0.019057,0.05,0.25,0.4,0.7,0.7,0.75,0.85,1.0,0.55,0.7,0.06,0.05
6,PE_FED,-0.019071,0.05,0.2,0.3,0.55,0.75,0.85,0.9,1.0,0.0,0.0,0.06,0.05
6,PE_PB_FED,-0.01909,0.05,0.25,0.3,0.65,0.75,0.85,0.9,1.0,0.65,0.8,0.08,0.05
6,PE_PB_FED,-0.019111,0.05,0.2,0.3,0.65,0.65,0.8,0.85,1.0,0.6,0.75,0.12,0.04
6,PE_PB_FED,-0.019132,0.05,0.25,0.35,0.5,0.65,0.85,0.9,1.0,0.65,0.75,0.12,0.04
6,PE_PB_FED,-0.019159,0.1,0.25,0.4,0.5,0.7,0.85,0.9,1.0,0.6,0.7,0.1,0.04
6,PE_PB_FED,-0.019187,0.05,0.2,0.4,0.6,0.65,0.75,0.85,1.0,0.5,0.7,0.08,0.05
6,PE_PB_FED,-0.019265,0.2,0.3,0.4,0.5,0.75,0.8,0.9,1.0,0.5,0.7,0.12,0.03
6,PE_FED,-0.019266,0.15,0.25,0.45,0.55,0.65,0.75,0.85,1.0,0.0,0.0,0.1,0.04
6,PE_FED,-0.019303,0.05,0.25,0.3,0.5,0.75,0.85,0.9,1.0,0.0,0.0,0.1,0.04
6,PE_FED,-0.019357,0.1,0.25,0.3,0.65,0.7,0.8,0.85,1.0,0.0,0.0,0.06,0.05
6,PE_FED,-0.019383,0.15,0.25,0.35,0.5,0.7,0.75,0.85,1.0,0.0,0.0,0.08,0.04
6,PE_FED,-0.01939,0.05,0.25,0.3,0.5,0.7,0.75,0.85,1.0,0.0,0.0,0.12,0.04
6,PE_PB_FED,-0.019404,0.05,0.2,0.45,0.6,0.7,0.8,0.85,1.0,0.65,0.8,0.06,0.05
6,PE_FED,-0.019414,0.05,0.25,0.4,0.7,0.7,0.8,0.85,1.0,0.0,0.0,0.12,0.03
6,PE_FED,-0.019425,0.1,0.25,0.4,0.7,0.75,0.8,0.85,1.0,0.0,0.0,0.12,0.05
6,PE_PB_FED,-0.019443,0.05,0.2,0.4,0.5,0.7,0.85,0.9,1.0,0.65,0.7,0.12,0.05
6,PE_FED,-0.019444,0.05,0.3,0.45,0.65,0.7,0.75,0.85,1.0,0.0,0.0,0.06,0.03
6,PE_FED,-0.019451,0.1,0.25,0.4,0.7,0.7,0.8,0.85,1.0,0.0,0.0,0.06,0.04
6,PE_FED,-0.019457,0.05,0.25,0.35,0.6,0.75,0.85,0.9,1.0,0.0,0.0,0.1,0.03
6,PE_PB_FED,-0.019458,0.15,0.25,0.35,0.6,0.65,0.75,0.85,1.0,0.6,0.7,0.12,0.05
6,PE_PB_FED,-0.019483,0.1,0.3,0.4,0.6,0.65,0.85,0.9,1.0,0.65,0.8,0.12,0.03
6,PE_PB_FED,-0.019491,0.05,0.3,0.45,0.5,0.75,0.8,0.9,1.0,0.5,0.7,0.08,0.05
6,PE_FED,-0.01956,0.15,0.25,0.45,0.65,0.65,0.85,0.9,1.0,0.0,0.0,0.12,0.05
6,PE_FED,-0.019634,0.15,0.3,0.45,0.7,0.7,0.85,0.9,1.0,0.0,0.0,0.08,0.03
6,PE_FED,-0.019645,0.15,0.2,0.45,0.6,0.7,0.8,0.85,1.0,0.0,0.0,0.06,0.05
6,PE_FED,-0.019672,0.05,0.2,0.45,0.5,0.65,0.8,0.85,1.0,0.0,0.0,0.08,0.03
6,PE_FED,-0.019703,0.05,0.25,0.4,0.65,0.7,0.85,0.9,1.0,0.0,0.0,0.08,0.05
6,PE_PB_FED,-0.019715,0.05,0.25,0.3,0.7,0.75,0.8,0.85,1.0,0.55,0.7,0.08,0.03
6,PE_FED,-0.019716,0.1,0.2,0.4,0.5,0.75,0.8,0.85,1.0,0.0,0.0,0.1,0.04
6,PE_FED,-0.019748,0.1,0.2,0.45,0.5,0.7,0.8,0.85,1.0,0.0,0.0,0.06,0.04
6,PE_FED,-0.019775,0.1,0.25,0.45,0.65,0.65,0.8,0.85,1.0,0.0,0.0,0.12,0.04
6,PE_FED,-0.01985,0.15,0.25,0.35,0.7,0.65,0.8,0.85,1.0,0.0,0.0,0.1,0.05
6,PE_FED,-0.019868,0.2,0.3,0.35,0.55,0.65,0.8,0.9,1.0,0.0,0.0,0.08,0.05
6,PE_FED,-0.019932,0.15,0.3,0.4,0.6,0.7,0.85,0.9,1.0,0.0,0.0,0.08,0.04
6,PE_FED,-0.019963,0.15,0.25,0.4,0.7,0.75,0.8,0.85,1.0,0.0,0.0,0.1,0.04
6,PE_FED,-0.01999,0.1,0.3,0.4,0.6,0.7,0.85,0.9,1.0,0.0,0.0,0.12,0.03
6,PE_PB_FED,-0.020055,0.15,0.25,0.3,0.55,0.75,0.85,0.9,1.0,0.6,0.7,0.12,0.03
6,PE_PB_FED,-0.020102,0.15,0.2,0.35,0.65,0.7,0.8,0.85,1.0,0.5,0.75,0.1,0.03
6,PE_FED,-0.020142,0.05,0.25,0.4,0.7,0.7,0.8,0.85,1.0,0.0,0.0,0.06,0.04
6,PE_FED,-0.020149,0.1,0.3,0.35,0.65,0.75,0.85,0.9,1.0,0.0,0.0,0.08,0.05
6,PE_FED,-0.020187,0.15,0.25,0.4,0.55,0.7,0.8,0.85,1.0,0.0,0.0,0.12,0.03
6,PE_PB_FED,-0.020212,0.15,0.3,0.35,0.7,0.65,0.75,0.85,1.0,0.5,0.8,0.12,0.03
6,PE_FED,-0.020222,0.05,0.3,0.35,0.6,0.7,0.85,0.9,1.0,0.0,0.0,0.06,0.04
6,PE_PB_FED,-0.020231,0.05,0.25,0.35,0.65,0.65,0.8,0.85,1.0,0.6,0.75,0.1,0.05
6,PE_FED,-0.020346,0.15,0.3,0.35,0.7,0.75,0.85,0.9,1.0,0.0,0.0,0.06,0.05
6,PE_FED,-0.02047,0.05,0.25,0.4,0.55,0.75,0.8,0.85,1.0,0.0,0.0,0.1,0.03
6,PE_FED,-0.020494,0.2,0.25,0.3,0.7,0.65,0.75,0.85,1.0,0.0,0.0,0.12,0.04
6,PE_FED,-0.020506,0.05,0.25,0.3,0.5,0.65,0.85,0.9,1.0,0.0,0.0,0.08,0.05
6,PE_FED,-0.020515,0.1,0.3,0.4,0.7,0.65,0.8,0.85,1.0,0.0,0.0,0.1,0.05
6,PE_PB_FED,-0.020529,0.1,0.25,0.4,0.55,0.65,0.8,0.85,1.0,0.6,0.7,0.08,0.05
6,PE_PB_FED,-0.020535,0.15,0.25,0.3,0.6,0.7,0.8,0.85,1.0,0.65,0.7,0.12,0.05
6,PE_PB_FED,-0.020539,0.15,0.25,0.4,0.65,0.7,0.8,0.85,1.0,0.55,0.8,0.1,0.03
6,PE_FED,-0.020662,0.05,0.3,0.35,0.7,0.75,0.85,0.9,1.0,0.0,0.0,0.1,0.05
6,PE_FED,-0.020695,0.15,0.25,0.35,0.6,0.75,0.8,0.85,1.0,0.0,0.0,0.08,0.04
6,PE_PB_FED,-0.020748,0.05,0.3,0.4,0.7,0.75,0.85,0.9,1.0,0.5,0.75,0.1,0.04
6,PE_PB_FED,-0.020776,0.05,0.25,0.35,0.55,0.65,0.8,0.85,1.0,0.65,0.8,0.12,0.04
6,PE_PB_FED,-0.020831,0.15,0.2,0.45,0.5,0.75,0.8,0.85,1.0,0.55,0.7,0.1,0.03
6,PE_FED,-0.020915,0.15,0.3,0.4,0.7,0.7,0.8,0.85,1.0,0.0,0.0,0.08,0.05
6,PE_PB_FED,-0.020918,0.2,0.3,0.45,0.5,0.65,0.8,0.9,1.0,0.55,0.75,0.06,0.05
6,PE_FED,-0.020975,0.05,0.25,0.45,0.6,0.7,0.8,0.85,1.0,0.0,0.0,0.12,0.04
6,PE_PB_FED,-0.021096,0.2,0.3,0.35,0.65,0.75,0.85,0.9,1.0,0.65,0.7,0.12,0.04
6,PE_PB_FED,-0.021176,0.1,0.3,0.45,0.7,0.65,0.8,0.85,1.0,0.55,0.7,0.06,0.05
6,PE_FED,-0.021181,0.05,0.25,0.4,0.55,0.7,0.8,0.85,1.0,0.0,0.0,0.1,0.04
6,PE_FED,-0.02121,0.1,0.3,0.35,0.5,0.75,0.8,0.85,1.0,0.0,0.0,0.12,0.03
6,PE_PB_FED,-0.021215,0.1,0.3,0.45,0.55,0.7,0.8,0.85,1.0,0.65,0.75,0.1,0.04
6,PE_FED,-0.021332,0.1,0.3,0.35,0.6,0.75,0.8,0.85,1.0,0.0,0.0,0.08,0.05
6,PE_PB_FED,-0.021384,0.15,0.2,0.4,0.6,0.65,0.85,0.9,1.0,0.5,0.7,0.12,0.05
6,PE_FED,-0.02139,0.15,0.3,0.4,0.55,0.65,0.85,0.9,1.0,0.0,0.0,0.1,0.05
6,PE_PB_FED,-0.02141,0.1,0.3,0.35,0.65,0.75,0.8,0.85,1.0,0.55,0.75,0.12,0.05
6,PE_FED,-0.021443,0.2,0.25,0.3,0.65,0.75,0.8,0.85,1.0,0.0,0.0,0.08,0.03
6,PE_FED,-0.021449,0.2,0.25,0.35,0.6,0.7,0.85,0.9,1.0,0.0,0.0,0.08,0.03
6,PE_PB_FED,-0.021472,0.05,0.3,0.4,0.7,0.75,0.85,0.9,1.0,0.55,0.7,0.12,0.05
6,PE_FED,-0.02154,0.1,0.3,0.35,0.55,0.65,0.8,0.85,1.0,0.0,0.0,0.12,0.05
6,PE_FED,-0.021565,0.2,0.3,0.4,0.7,0.65,0.75,0.85,1.0,0.0,0.0,0.08,0.05
6,PE_FED,-0.02164,0.05,0.3,0.45,0.6,0.75,0.85,0.9,1.0,0.0,0.0,0.08,0.05
6,PE_PB_FED,-0.021642,0.05,0.25,0.4,0.5,0.75,0.8,0.85,1.0,0.6,0.7,0.06,0.05
6,PE_PB_FED,-0.021647,0.2,0.3,0.35,0.7,0.7,0.75,0.85,1.0,0.5,0.75,0.1,0.03
6,PE_PB_FED,-0.02165,0.2,0.25,0.45,0.5,0.7,0.75,0.85,1.0,0.6,0.75,0.12,0.04
6,PE_FED,-0.021705,0.2,0.25,0.35,0.65,0.65,0.85,0.9,1.0,0.0,0.0,0.06,0.05
6,PE_PB_FED,-0.021742,0.15,0.25,0.4,0.5,0.65,0.85,0.9,1.0,0.5,0.7,0.06,0.04
6,PE_PB_FED,-0.021757,0.15,0.3,0.45,0.7,0.65,0.85,0.9,1.0,0.55,0.75,0.08,0.05
6,PE_PB_FED,-0.021795,0.2,0.25,0.35,0.65,0.65,0.75,0.85,1.0,0.5,0.8,0.1,0.04
6,PE_FED,-0.02184,0.05,0.3,0.45,0.55,0.65,0.85,0.9,1.0,0.0,0.0,0.1,0.05
6,PE_FED,-0.021924,0.2,0.25,0.3,0.6,0.65,0.8,0.85,1.0,0.0,0.0,0.08,0.03
6,PE_PB_FED,-0.021999,0.1,0.3,0.4,0.65,0.65,0.8,0.85,1.0,0.5,0.75,0.12,0.04
6,PE_FED,-0.022231,0.2,0.3,0.45,0.6,0.7,0.85,0.9,1.0,0.0,0.0,0.08,0.04
6,PE_FED,-0.022331,0.2,0.3,0.35,0.55,0.65,0.75,0.85,1.0,0.0,0.0,0.06,0.05
6,PE_FED,-0.022352,0.15,0.3,0.35,0.5,0.7,0.8,0.85,1.0,0.0,0.0,0.08,0.04
6,PE_FED,-0.022359,0.2,0.3,0.35,0.7,0.75,0.8,0.85,1.0,0.0,0.0,0.08,0.03
6,PE_FED,-0.022369,0.2,0.25,0.35,0.55,0.7,0.8,0.85,1.0,0.0,0.0,0.08,0.03
6,PE_PB_FED,-0.022418,0.2,0.25,0.3,0.65,0.65,0.8,0.85,1.0,0.5,0.7,0.08,0.03
6,PE_PB_FED,-0.022422,0.2,0.3,0.45,0.55,0.65,0.75,0.85,1.0,0.6,0.75,0.06,0.04
6,PE_PB_FED,-0.022605,0.05,0.3,0.45,0.65,0.65,0.8,0.85,1.0,0.5,0.75,0.12,0.05
6,PE_FED,-0.022628,0.2,0.25,0.35,0.55,0.75,0.85,0.9,1.0,0.0,0.0,0.1,0.05
6,PE_PB_FED,-0.022639,0.2,0.25,0.4,0.55,0.7,0.85,0.9,1.0,0.55,0.8,0.06,0.03
6,PE_PB_FED,-0.022664,0.15,0.3,0.45,0.5,0.7,0.85,0.9,1.0,0.6,0.75,0.1,0.05
6,PE_FED,-0.022708,0.2,0.3,0.45,0.5,0.7,0.75,0.85,1.0,0.0,0.0,0.08,0.05
6,PE_FED,-0.022712,0.2,0.3,0.4,0.5,0.65,0.85,0.9,1.0,0.0,0.0,0.12,0.04
6,PE_PB_FED,-0.022713,0.2,0.25,0.45,0.6,0.65,0.8,0.85,1.0,0.55,0.8,0.12,0.03
6,PE_PB_FED,-0.022776,0.2,0.3,0.35,0.65,0.65,0.75,0.85,1.0,0.5,0.75,0.12,0.05
6,PE_PB_FED,-0.02287,0.2,0.25,0.3,0.5,0.65,0.8,0.85,1.0,0.65,0.75,0.12,0.04
6,PE_PB_FED,-0.023168,0.05,0.3,0.4,0.5,0.7,0.85,0.9,1.0,0.55,0.7,0.06,0.05
6,PE_PB_FED,-0.023489,0.2,0.3,0.35,0.55,0.65,0.75,0.85,1.0,0.5,0.7,0.06,0.04
6,PE_FED,-0.023884,0.2,0.3,0.35,0.6,0.65,0.8,0.85,1.0,0.0,0.0,0.08,0.05
6,PE_FED,-0.023884,0.2,0.3,0.35,0.6,0.65,0.8,0.85,1.0,0.0,0.0,0.06,0.05
6,PE_PB_FED,-0.023919,0.2,0.25,0.4,0.55,0.7,0.8,0.85,1.0,0.55,0.75,0.12,0.04
6,PE_FED,-0.024587,0.2,0.3,0.4,0.5,0.7,0.8,0.85,1.0,0.0,0.0,0.08,0.05
6,PE_PB_FED,-0.024604,0.2,0.3,0.4,0.5,0.7,0.8,0.85,1.0,0.6,0.75,0.12,0.04
